2025-11-16 08:11:53,956 - NPM_HUT_Analyzer - INFO - Recupero metadata per '@storybook/components'...
2025-11-16 08:11:54,309 - NPM_HUT_Analyzer - INFO - Trovate 2158 versioni. Inizio download in 'temp_hut/@storybook_components'...
2025-11-16 09:27:05,896 - UnicodeAnalyzer - INFO - Analizzando 2158 versioni per '*.js' in '@storybook_components'.
2025-11-16 09:27:05,896 - UnicodeAnalyzer - INFO - -> Analizzando versione 0.0.0-pr-22236-sha-107ce09c (1/2158)...
2025-11-16 09:27:05,897 - UnicodeAnalyzer - INFO - Filtrati 1 file (es. in /dist, /test).
2025-11-16 09:27:05,961 - UnicodeAnalyzer - INFO - -> Analizzando versione 0.0.0-pr-22285-sha-21557c1b (2/2158)...
2025-11-16 09:27:05,963 - UnicodeAnalyzer - INFO - Filtrati 1 file (es. in /dist, /test).
2025-11-16 09:27:05,963 - UnicodeAnalyzer - INFO - -> Analizzando versione 0.0.0-pr-22285-sha-87d007dc (3/2158)...
2025-11-16 09:27:05,964 - UnicodeAnalyzer - INFO - Filtrati 1 file (es. in /dist, /test).
2025-11-16 09:27:05,965 - UnicodeAnalyzer - INFO - -> Analizzando versione 0.0.0-pr-22285-sha-d07bfc52 (4/2158)...
2025-11-16 09:27:05,966 - UnicodeAnalyzer - INFO - Filtrati 2 file (es. in /dist, /test).
2025-11-16 09:27:06,028 - UnicodeAnalyzer - INFO - -> Analizzando versione 0.0.0-pr-22285-sha-d5e7fdba (5/2158)...
2025-11-16 09:27:06,029 - UnicodeAnalyzer - INFO - Filtrati 1 file (es. in /dist, /test).
2025-11-16 09:27:06,030 - UnicodeAnalyzer - INFO - -> Analizzando versione 0.0.0-pr-22285-sha-d60d546d (6/2158)...
2025-11-16 09:27:06,031 - UnicodeAnalyzer - INFO - Filtrati 1 file (es. in /dist, /test).
2025-11-16 09:27:06,031 - UnicodeAnalyzer - INFO - -> Analizzando versione 0.0.0-pr-22285-sha-dd857017 (7/2158)...
2025-11-16 09:27:06,033 - UnicodeAnalyzer - INFO - Filtrati 1 file (es. in /dist, /test).
2025-11-16 09:27:06,033 - UnicodeAnalyzer - INFO - -> Analizzando versione 0.0.0-pr-22285-sha-f910dccb (8/2158)...
2025-11-16 09:27:06,034 - UnicodeAnalyzer - INFO - Filtrati 1 file (es. in /dist, /test).
2025-11-16 09:27:06,035 - UnicodeAnalyzer - INFO - -> Analizzando versione 0.0.0-pr-22499-sha-edffc853 (9/2158)...
2025-11-16 09:27:06,036 - UnicodeAnalyzer - INFO - Filtrati 1 file (es. in /dist, /test).
2025-11-16 09:27:06,103 - UnicodeAnalyzer - INFO - -> Analizzando versione 0.0.0-pr-22545-sha-1caa0752 (10/2158)...
2025-11-16 09:27:06,104 - UnicodeAnalyzer - INFO - Filtrati 1 file (es. in /dist, /test).
2025-11-16 09:27:06,105 - UnicodeAnalyzer - INFO - -> Analizzando versione 0.0.0-pr-23435-sha-7496d4ba (11/2158)...
2025-11-16 09:27:06,106 - UnicodeAnalyzer - INFO - Filtrati 2 file (es. in /dist, /test).
2025-11-16 09:27:06,173 - UnicodeAnalyzer - INFO - -> Analizzando versione 0.0.0-pr-23435-sha-bd98198e (12/2158)...
2025-11-16 09:27:06,174 - UnicodeAnalyzer - INFO - Filtrati 2 file (es. in /dist, /test).
2025-11-16 09:27:06,241 - UnicodeAnalyzer - INFO - -> Analizzando versione 0.0.0-pr-23479-sha-bcda497a (13/2158)...
2025-11-16 09:27:06,242 - UnicodeAnalyzer - INFO - Filtrati 2 file (es. in /dist, /test).
2025-11-16 09:27:06,311 - UnicodeAnalyzer - INFO - -> Analizzando versione 0.0.0-pr-23609-sha-f47ef339 (14/2158)...
2025-11-16 09:27:06,313 - UnicodeAnalyzer - INFO - Filtrati 2 file (es. in /dist, /test).
2025-11-16 09:27:06,378 - UnicodeAnalyzer - INFO - -> Analizzando versione 0.0.0-pr-23611-sha-0c8cd76e (15/2158)...
2025-11-16 09:27:06,380 - UnicodeAnalyzer - INFO - Filtrati 2 file (es. in /dist, /test).
2025-11-16 09:27:06,448 - UnicodeAnalyzer - INFO - -> Analizzando versione 0.0.0-pr-23611-sha-3be4580c (16/2158)...
2025-11-16 09:27:06,450 - UnicodeAnalyzer - INFO - Filtrati 2 file (es. in /dist, /test).
2025-11-16 09:27:06,516 - UnicodeAnalyzer - INFO - -> Analizzando versione 0.0.0-pr-23611-sha-82d2a4fa (17/2158)...
2025-11-16 09:27:06,518 - UnicodeAnalyzer - INFO - Filtrati 2 file (es. in /dist, /test).
2025-11-16 09:27:06,585 - UnicodeAnalyzer - INFO - -> Analizzando versione 0.0.0-pr-23611-sha-99ac2482 (18/2158)...
2025-11-16 09:27:06,586 - UnicodeAnalyzer - INFO - Filtrati 2 file (es. in /dist, /test).
2025-11-16 09:27:06,664 - UnicodeAnalyzer - INFO - -> Analizzando versione 0.0.0-pr-23611-sha-cb880262 (19/2158)...
2025-11-16 09:27:06,666 - UnicodeAnalyzer - INFO - Filtrati 2 file (es. in /dist, /test).
2025-11-16 09:27:06,732 - UnicodeAnalyzer - INFO - -> Analizzando versione 0.0.0-pr-23611-sha-d83da132 (20/2158)...
2025-11-16 09:27:06,734 - UnicodeAnalyzer - INFO - Filtrati 2 file (es. in /dist, /test).
2025-11-16 09:27:06,796 - UnicodeAnalyzer - INFO - -> Analizzando versione 0.0.0-pr-23626-sha-0d5a537f (21/2158)...
2025-11-16 09:27:06,798 - UnicodeAnalyzer - INFO - Filtrati 2 file (es. in /dist, /test).
2025-11-16 09:27:06,864 - UnicodeAnalyzer - INFO - -> Analizzando versione 0.0.0-pr-23626-sha-e84041f2 (22/2158)...
2025-11-16 09:27:06,866 - UnicodeAnalyzer - INFO - Filtrati 2 file (es. in /dist, /test).
2025-11-16 09:27:06,933 - UnicodeAnalyzer - INFO - -> Analizzando versione 0.0.0-pr-23691-sha-8f3fbd86 (23/2158)...
2025-11-16 09:27:06,934 - UnicodeAnalyzer - INFO - Filtrati 2 file (es. in /dist, /test).
2025-11-16 09:27:06,995 - UnicodeAnalyzer - INFO - -> Analizzando versione 0.0.0-pr-23697-sha-615db423 (24/2158)...
2025-11-16 09:27:06,996 - UnicodeAnalyzer - INFO - Filtrati 2 file (es. in /dist, /test).
2025-11-16 09:27:07,062 - UnicodeAnalyzer - INFO - -> Analizzando versione 0.0.0-pr-23724-sha-117cb2b3 (25/2158)...
2025-11-16 09:27:07,064 - UnicodeAnalyzer - INFO - Filtrati 2 file (es. in /dist, /test).
2025-11-16 09:27:07,130 - UnicodeAnalyzer - INFO - -> Analizzando versione 0.0.0-pr-23724-sha-4dae46aa (26/2158)...
2025-11-16 09:27:07,132 - UnicodeAnalyzer - INFO - Filtrati 2 file (es. in /dist, /test).
2025-11-16 09:27:07,192 - UnicodeAnalyzer - INFO - -> Analizzando versione 0.0.0-pr-23778-sha-b8dbbd21 (27/2158)...
2025-11-16 09:27:07,194 - UnicodeAnalyzer - INFO - Filtrati 1 file (es. in /dist, /test).
2025-11-16 09:27:07,259 - UnicodeAnalyzer - INFO - -> Analizzando versione 0.0.0-pr-23778-sha-fa3b4d8f (28/2158)...
2025-11-16 09:27:07,260 - UnicodeAnalyzer - INFO - Filtrati 1 file (es. in /dist, /test).
2025-11-16 09:27:07,327 - UnicodeAnalyzer - INFO - -> Analizzando versione 0.0.0-pr-23811-sha-d3c4b6e3 (29/2158)...
2025-11-16 09:27:07,329 - UnicodeAnalyzer - INFO - Filtrati 1 file (es. in /dist, /test).
2025-11-16 09:27:07,399 - UnicodeAnalyzer - INFO - -> Analizzando versione 0.0.0-pr-23825-sha-7875282b (30/2158)...
2025-11-16 09:27:07,400 - UnicodeAnalyzer - INFO - Filtrati 2 file (es. in /dist, /test).
2025-11-16 09:27:07,469 - UnicodeAnalyzer - INFO - -> Analizzando versione 0.0.0-pr-23853-sha-93b33e06 (31/2158)...
2025-11-16 09:27:07,470 - UnicodeAnalyzer - INFO - Filtrati 2 file (es. in /dist, /test).
2025-11-16 09:27:07,537 - UnicodeAnalyzer - INFO - -> Analizzando versione 0.0.0-pr-23882-sha-6c4dd3dd (32/2158)...
2025-11-16 09:27:07,538 - UnicodeAnalyzer - INFO - Filtrati 2 file (es. in /dist, /test).
2025-11-16 09:27:07,599 - UnicodeAnalyzer - INFO - -> Analizzando versione 0.0.0-pr-23888-sha-032c0a61 (33/2158)...
2025-11-16 09:27:07,601 - UnicodeAnalyzer - INFO - Filtrati 1 file (es. in /dist, /test).
2025-11-16 09:27:07,667 - UnicodeAnalyzer - INFO - -> Analizzando versione 0.0.0-pr-23888-sha-2b9981a9 (34/2158)...
2025-11-16 09:27:07,668 - UnicodeAnalyzer - INFO - Filtrati 1 file (es. in /dist, /test).
2025-11-16 09:27:07,736 - UnicodeAnalyzer - INFO - -> Analizzando versione 0.0.0-pr-23888-sha-39ed28da (35/2158)...
2025-11-16 09:27:07,737 - UnicodeAnalyzer - INFO - Filtrati 1 file (es. in /dist, /test).
2025-11-16 09:27:07,804 - UnicodeAnalyzer - INFO - -> Analizzando versione 0.0.0-pr-23888-sha-6ee27f2b (36/2158)...
2025-11-16 09:27:07,806 - UnicodeAnalyzer - INFO - Filtrati 1 file (es. in /dist, /test).
2025-11-16 09:27:07,874 - UnicodeAnalyzer - INFO - -> Analizzando versione 0.0.0-pr-23888-sha-8657c59a (37/2158)...
2025-11-16 09:27:07,875 - UnicodeAnalyzer - INFO - Filtrati 1 file (es. in /dist, /test).
2025-11-16 09:27:07,941 - UnicodeAnalyzer - INFO - -> Analizzando versione 0.0.0-pr-23888-sha-a5cdd319 (38/2158)...
2025-11-16 09:27:07,943 - UnicodeAnalyzer - INFO - Filtrati 1 file (es. in /dist, /test).
2025-11-16 09:27:08,003 - UnicodeAnalyzer - INFO - -> Analizzando versione 0.0.0-pr-23888-sha-db9bb66b (39/2158)...
2025-11-16 09:27:08,005 - UnicodeAnalyzer - INFO - Filtrati 1 file (es. in /dist, /test).
2025-11-16 09:27:08,073 - UnicodeAnalyzer - INFO - -> Analizzando versione 0.0.0-pr-23897-sha-78c2d886 (40/2158)...
2025-11-16 09:27:08,074 - UnicodeAnalyzer - INFO - Filtrati 2 file (es. in /dist, /test).
2025-11-16 09:27:08,142 - UnicodeAnalyzer - INFO - -> Analizzando versione 0.0.0-pr-23913-sha-45573ae9 (41/2158)...
2025-11-16 09:27:08,144 - UnicodeAnalyzer - INFO - Filtrati 1 file (es. in /dist, /test).
2025-11-16 09:27:08,211 - UnicodeAnalyzer - INFO - -> Analizzando versione 0.0.0-pr-23913-sha-f5776796 (42/2158)...
2025-11-16 09:27:08,212 - UnicodeAnalyzer - INFO - Filtrati 2 file (es. in /dist, /test).
2025-11-16 09:27:08,288 - UnicodeAnalyzer - INFO - -> Analizzando versione 0.0.0-pr-23941-sha-8f1ed079 (43/2158)...
2025-11-16 09:27:08,289 - UnicodeAnalyzer - INFO - Filtrati 1 file (es. in /dist, /test).
2025-11-16 09:27:08,355 - UnicodeAnalyzer - INFO - -> Analizzando versione 0.0.0-pr-24007-sha-c31c498a (44/2158)...
2025-11-16 09:27:08,357 - UnicodeAnalyzer - INFO - Filtrati 1 file (es. in /dist, /test).
2025-11-16 09:27:08,425 - UnicodeAnalyzer - INFO - -> Analizzando versione 0.0.0-pr-24031-sha-553789e8 (45/2158)...
2025-11-16 09:27:08,427 - UnicodeAnalyzer - INFO - Filtrati 1 file (es. in /dist, /test).
2025-11-16 09:27:08,494 - UnicodeAnalyzer - INFO - -> Analizzando versione 0.0.0-pr-24038-sha-abd016e1 (46/2158)...
2025-11-16 09:27:08,496 - UnicodeAnalyzer - INFO - Filtrati 1 file (es. in /dist, /test).
2025-11-16 09:27:08,564 - UnicodeAnalyzer - INFO - -> Analizzando versione 0.0.0-pr-24038-sha-e7e31321 (47/2158)...
2025-11-16 09:27:08,565 - UnicodeAnalyzer - INFO - Filtrati 1 file (es. in /dist, /test).
2025-11-16 09:27:08,635 - UnicodeAnalyzer - INFO - -> Analizzando versione 0.0.0-pr-24110-sha-9e9d8374 (48/2158)...
2025-11-16 09:27:08,637 - UnicodeAnalyzer - INFO - Filtrati 1 file (es. in /dist, /test).
2025-11-16 09:27:08,704 - UnicodeAnalyzer - INFO - -> Analizzando versione 0.0.0-pr-24165-sha-acaa9f93 (49/2158)...
2025-11-16 09:27:08,705 - UnicodeAnalyzer - INFO - Filtrati 1 file (es. in /dist, /test).
2025-11-16 09:27:08,772 - UnicodeAnalyzer - INFO - -> Analizzando versione 0.0.0-pr-24225-sha-4257f39c (50/2158)...
2025-11-16 09:27:08,774 - UnicodeAnalyzer - INFO - Filtrati 1 file (es. in /dist, /test).
2025-11-16 09:27:08,843 - UnicodeAnalyzer - INFO - -> Analizzando versione 0.0.0-pr-24225-sha-5ffd56a7 (51/2158)...
2025-11-16 09:27:08,845 - UnicodeAnalyzer - INFO - Filtrati 1 file (es. in /dist, /test).
2025-11-16 09:27:08,904 - UnicodeAnalyzer - INFO - -> Analizzando versione 0.0.0-pr-24225-sha-97ddc35a (52/2158)...
2025-11-16 09:27:08,906 - UnicodeAnalyzer - INFO - Filtrati 1 file (es. in /dist, /test).
2025-11-16 09:27:08,974 - UnicodeAnalyzer - INFO - -> Analizzando versione 0.0.0-pr-24225-sha-d42b137f (53/2158)...
2025-11-16 09:27:08,975 - UnicodeAnalyzer - INFO - Filtrati 1 file (es. in /dist, /test).
2025-11-16 09:27:09,043 - UnicodeAnalyzer - INFO - -> Analizzando versione 0.0.0-pr-24225-sha-fa4f5fec (54/2158)...
2025-11-16 09:27:09,045 - UnicodeAnalyzer - INFO - Filtrati 1 file (es. in /dist, /test).
2025-11-16 09:27:09,113 - UnicodeAnalyzer - INFO - -> Analizzando versione 0.0.0-pr-24251-sha-8604570b (55/2158)...
2025-11-16 09:27:09,114 - UnicodeAnalyzer - INFO - Filtrati 1 file (es. in /dist, /test).
2025-11-16 09:27:09,190 - UnicodeAnalyzer - INFO - -> Analizzando versione 0.0.0-pr-24251-sha-bccb9ebf (56/2158)...
2025-11-16 09:27:09,191 - UnicodeAnalyzer - INFO - Filtrati 1 file (es. in /dist, /test).
2025-11-16 09:27:09,257 - UnicodeAnalyzer - INFO - -> Analizzando versione 0.0.0-pr-24271-sha-4a56eddc (57/2158)...
2025-11-16 09:27:09,259 - UnicodeAnalyzer - INFO - Filtrati 1 file (es. in /dist, /test).
2025-11-16 09:27:09,329 - UnicodeAnalyzer - INFO - -> Analizzando versione 0.0.0-pr-24271-sha-79e96fb3 (58/2158)...
2025-11-16 09:27:09,330 - UnicodeAnalyzer - INFO - Filtrati 1 file (es. in /dist, /test).
2025-11-16 09:27:09,391 - UnicodeAnalyzer - INFO - -> Analizzando versione 0.0.0-pr-24271-sha-b8f97f09 (59/2158)...
2025-11-16 09:27:09,393 - UnicodeAnalyzer - INFO - Filtrati 1 file (es. in /dist, /test).
2025-11-16 09:27:09,459 - UnicodeAnalyzer - INFO - -> Analizzando versione 0.0.0-pr-24271-sha-f6cb6ac2 (60/2158)...
2025-11-16 09:27:09,460 - UnicodeAnalyzer - INFO - Filtrati 1 file (es. in /dist, /test).
2025-11-16 09:27:09,528 - UnicodeAnalyzer - INFO - -> Analizzando versione 0.0.0-pr-24271-sha-fc247b9e (61/2158)...
2025-11-16 09:27:09,529 - UnicodeAnalyzer - INFO - Filtrati 1 file (es. in /dist, /test).
2025-11-16 09:27:09,591 - UnicodeAnalyzer - INFO - -> Analizzando versione 0.0.0-pr-24281-sha-534a6350 (62/2158)...
2025-11-16 09:27:09,593 - UnicodeAnalyzer - INFO - Filtrati 1 file (es. in /dist, /test).
2025-11-16 09:27:09,658 - UnicodeAnalyzer - INFO - -> Analizzando versione 0.0.0-pr-24281-sha-930b9750 (63/2158)...
2025-11-16 09:27:09,660 - UnicodeAnalyzer - INFO - Filtrati 1 file (es. in /dist, /test).
2025-11-16 09:27:09,727 - UnicodeAnalyzer - INFO - -> Analizzando versione 0.0.0-pr-24291-sha-4df967a3 (64/2158)...
2025-11-16 09:27:09,729 - UnicodeAnalyzer - INFO - Filtrati 1 file (es. in /dist, /test).
2025-11-16 09:27:09,796 - UnicodeAnalyzer - INFO - -> Analizzando versione 0.0.0-pr-24389-sha-88c59837 (65/2158)...
2025-11-16 09:27:09,798 - UnicodeAnalyzer - INFO - Filtrati 1 file (es. in /dist, /test).
2025-11-16 09:27:09,867 - UnicodeAnalyzer - INFO - -> Analizzando versione 0.0.0-pr-24392-sha-2b9981a9 (66/2158)...
2025-11-16 09:27:09,869 - UnicodeAnalyzer - INFO - Filtrati 1 file (es. in /dist, /test).
2025-11-16 09:27:09,937 - UnicodeAnalyzer - INFO - -> Analizzando versione 0.0.0-pr-24392-sha-bcf87ea5 (67/2158)...
2025-11-16 09:27:09,938 - UnicodeAnalyzer - INFO - Filtrati 1 file (es. in /dist, /test).
2025-11-16 09:27:10,005 - UnicodeAnalyzer - INFO - -> Analizzando versione 0.0.0-pr-24392-sha-d8435144 (68/2158)...
2025-11-16 09:27:10,007 - UnicodeAnalyzer - INFO - Filtrati 1 file (es. in /dist, /test).
2025-11-16 09:27:10,077 - UnicodeAnalyzer - INFO - -> Analizzando versione 0.0.0-pr-24395-sha-2aacb587 (69/2158)...
2025-11-16 09:27:10,078 - UnicodeAnalyzer - INFO - Filtrati 1 file (es. in /dist, /test).
2025-11-16 09:27:10,142 - UnicodeAnalyzer - INFO - -> Analizzando versione 0.0.0-pr-24396-sha-51edf4aa (70/2158)...
2025-11-16 09:27:10,144 - UnicodeAnalyzer - INFO - Filtrati 1 file (es. in /dist, /test).
2025-11-16 09:27:10,207 - UnicodeAnalyzer - INFO - -> Analizzando versione 0.0.0-pr-24434-sha-0d375607 (71/2158)...
2025-11-16 09:27:10,209 - UnicodeAnalyzer - INFO - Filtrati 1 file (es. in /dist, /test).
2025-11-16 09:27:10,277 - UnicodeAnalyzer - INFO - -> Analizzando versione 0.0.0-pr-24437-sha-55d6b8d8 (72/2158)...
2025-11-16 09:27:10,278 - UnicodeAnalyzer - INFO - Filtrati 1 file (es. in /dist, /test).
2025-11-16 09:27:10,345 - UnicodeAnalyzer - INFO - -> Analizzando versione 0.0.0-pr-24447-sha-0e9b8a79 (73/2158)...
2025-11-16 09:27:10,347 - UnicodeAnalyzer - INFO - Filtrati 1 file (es. in /dist, /test).
2025-11-16 09:27:10,415 - UnicodeAnalyzer - INFO - -> Analizzando versione 0.0.0-pr-24447-sha-191688a0 (74/2158)...
2025-11-16 09:27:10,416 - UnicodeAnalyzer - INFO - Filtrati 1 file (es. in /dist, /test).
2025-11-16 09:27:10,483 - UnicodeAnalyzer - INFO - -> Analizzando versione 0.0.0-pr-24447-sha-3011241c (75/2158)...
2025-11-16 09:27:10,485 - UnicodeAnalyzer - INFO - Filtrati 1 file (es. in /dist, /test).
2025-11-16 09:27:10,552 - UnicodeAnalyzer - INFO - -> Analizzando versione 0.0.0-pr-24447-sha-48644e16 (76/2158)...
2025-11-16 09:27:10,554 - UnicodeAnalyzer - INFO - Filtrati 1 file (es. in /dist, /test).
2025-11-16 09:27:10,620 - UnicodeAnalyzer - INFO - -> Analizzando versione 0.0.0-pr-24447-sha-52cbbfc2 (77/2158)...
2025-11-16 09:27:10,622 - UnicodeAnalyzer - INFO - Filtrati 1 file (es. in /dist, /test).
2025-11-16 09:27:10,689 - UnicodeAnalyzer - INFO - -> Analizzando versione 0.0.0-pr-24447-sha-7ac01473 (78/2158)...
2025-11-16 09:27:10,690 - UnicodeAnalyzer - INFO - Filtrati 1 file (es. in /dist, /test).
2025-11-16 09:27:10,757 - UnicodeAnalyzer - INFO - -> Analizzando versione 0.0.0-pr-24447-sha-7f15dc25 (79/2158)...
2025-11-16 09:27:10,759 - UnicodeAnalyzer - INFO - Filtrati 1 file (es. in /dist, /test).
2025-11-16 09:27:10,826 - UnicodeAnalyzer - INFO - -> Analizzando versione 0.0.0-pr-24447-sha-830916e6 (80/2158)...
2025-11-16 09:27:10,828 - UnicodeAnalyzer - INFO - Filtrati 1 file (es. in /dist, /test).
2025-11-16 09:27:10,899 - UnicodeAnalyzer - INFO - -> Analizzando versione 0.0.0-pr-24447-sha-83c43462 (81/2158)...
2025-11-16 09:27:10,901 - UnicodeAnalyzer - INFO - Filtrati 1 file (es. in /dist, /test).
2025-11-16 09:27:10,973 - UnicodeAnalyzer - INFO - -> Analizzando versione 0.0.0-pr-24447-sha-8406fc11 (82/2158)...
2025-11-16 09:27:10,975 - UnicodeAnalyzer - INFO - Filtrati 1 file (es. in /dist, /test).
2025-11-16 09:27:11,046 - UnicodeAnalyzer - INFO - -> Analizzando versione 0.0.0-pr-24447-sha-8889347a (83/2158)...
2025-11-16 09:27:11,047 - UnicodeAnalyzer - INFO - Filtrati 1 file (es. in /dist, /test).
2025-11-16 09:27:11,109 - UnicodeAnalyzer - INFO - -> Analizzando versione 0.0.0-pr-24447-sha-9ac58a2d (84/2158)...
2025-11-16 09:27:11,111 - UnicodeAnalyzer - INFO - Filtrati 1 file (es. in /dist, /test).
2025-11-16 09:27:11,178 - UnicodeAnalyzer - INFO - -> Analizzando versione 0.0.0-pr-24447-sha-b18bd92d (85/2158)...
2025-11-16 09:27:11,179 - UnicodeAnalyzer - INFO - Filtrati 1 file (es. in /dist, /test).
2025-11-16 09:27:11,244 - UnicodeAnalyzer - INFO - -> Analizzando versione 0.0.0-pr-24447-sha-c98bddd2 (86/2158)...
2025-11-16 09:27:11,246 - UnicodeAnalyzer - INFO - Filtrati 1 file (es. in /dist, /test).
2025-11-16 09:27:11,307 - UnicodeAnalyzer - INFO - -> Analizzando versione 0.0.0-pr-24447-sha-d63baba1 (87/2158)...
2025-11-16 09:27:11,309 - UnicodeAnalyzer - INFO - Filtrati 1 file (es. in /dist, /test).
2025-11-16 09:27:11,376 - UnicodeAnalyzer - INFO - -> Analizzando versione 0.0.0-pr-24447-sha-da48fb11 (88/2158)...
2025-11-16 09:27:11,378 - UnicodeAnalyzer - INFO - Filtrati 1 file (es. in /dist, /test).
2025-11-16 09:27:11,445 - UnicodeAnalyzer - INFO - -> Analizzando versione 0.0.0-pr-24447-sha-dc0980d9 (89/2158)...
2025-11-16 09:27:11,446 - UnicodeAnalyzer - INFO - Filtrati 1 file (es. in /dist, /test).
2025-11-16 09:27:11,513 - UnicodeAnalyzer - INFO - -> Analizzando versione 0.0.0-pr-24504-sha-5d9e47a4 (90/2158)...
2025-11-16 09:27:11,515 - UnicodeAnalyzer - INFO - Filtrati 1 file (es. in /dist, /test).
2025-11-16 09:27:11,582 - UnicodeAnalyzer - INFO - -> Analizzando versione 0.0.0-pr-24504-sha-9e0d3224 (91/2158)...
2025-11-16 09:27:11,583 - UnicodeAnalyzer - INFO - Filtrati 1 file (es. in /dist, /test).
2025-11-16 09:27:11,650 - UnicodeAnalyzer - INFO - -> Analizzando versione 0.0.0-pr-24565-sha-2d556c14 (92/2158)...
2025-11-16 09:27:11,652 - UnicodeAnalyzer - INFO - Filtrati 1 file (es. in /dist, /test).
2025-11-16 09:27:11,719 - UnicodeAnalyzer - INFO - -> Analizzando versione 0.0.0-pr-24575-sha-3de4e9e0 (93/2158)...
2025-11-16 09:27:11,720 - UnicodeAnalyzer - INFO - Filtrati 1 file (es. in /dist, /test).
2025-11-16 09:27:11,787 - UnicodeAnalyzer - INFO - -> Analizzando versione 0.0.0-pr-24575-sha-94eee1ff (94/2158)...
2025-11-16 09:27:11,789 - UnicodeAnalyzer - INFO - Filtrati 1 file (es. in /dist, /test).
2025-11-16 09:27:11,856 - UnicodeAnalyzer - INFO - -> Analizzando versione 0.0.0-pr-24596-sha-031534ff (95/2158)...
2025-11-16 09:27:11,858 - UnicodeAnalyzer - INFO - Filtrati 1 file (es. in /dist, /test).
2025-11-16 09:27:11,928 - UnicodeAnalyzer - INFO - -> Analizzando versione 0.0.0-pr-24604-sha-a206c3eb (96/2158)...
2025-11-16 09:27:11,929 - UnicodeAnalyzer - INFO - Filtrati 1 file (es. in /dist, /test).
2025-11-16 09:27:11,997 - UnicodeAnalyzer - INFO - -> Analizzando versione 0.0.0-pr-24676-sha-1388c64f (97/2158)...
2025-11-16 09:27:11,998 - UnicodeAnalyzer - INFO - Filtrati 1 file (es. in /dist, /test).
2025-11-16 09:27:12,068 - UnicodeAnalyzer - INFO - -> Analizzando versione 0.0.0-pr-24676-sha-214a6f84 (98/2158)...
2025-11-16 09:27:12,070 - UnicodeAnalyzer - INFO - Filtrati 1 file (es. in /dist, /test).
2025-11-16 09:27:12,137 - UnicodeAnalyzer - INFO - -> Analizzando versione 0.0.0-pr-24676-sha-7d703fa3 (99/2158)...
2025-11-16 09:27:12,138 - UnicodeAnalyzer - INFO - Filtrati 1 file (es. in /dist, /test).
2025-11-16 09:27:12,206 - UnicodeAnalyzer - INFO - -> Analizzando versione 0.0.0-pr-24676-sha-c841f892 (100/2158)...
2025-11-16 09:27:12,208 - UnicodeAnalyzer - INFO - Filtrati 1 file (es. in /dist, /test).
2025-11-16 09:27:12,274 - UnicodeAnalyzer - INFO - -> Analizzando versione 0.0.0-pr-24698-sha-758c0de1 (101/2158)...
2025-11-16 09:27:12,276 - UnicodeAnalyzer - INFO - Filtrati 1 file (es. in /dist, /test).
2025-11-16 09:27:12,343 - UnicodeAnalyzer - INFO - -> Analizzando versione 0.0.0-pr-24728-sha-30e1599c (102/2158)...
2025-11-16 09:27:12,345 - UnicodeAnalyzer - INFO - Filtrati 1 file (es. in /dist, /test).
2025-11-16 09:27:12,412 - UnicodeAnalyzer - INFO - -> Analizzando versione 0.0.0-pr-24740-sha-c34bd874 (103/2158)...
2025-11-16 09:27:12,414 - UnicodeAnalyzer - INFO - Filtrati 1 file (es. in /dist, /test).
2025-11-16 09:27:12,481 - UnicodeAnalyzer - INFO - -> Analizzando versione 0.0.0-pr-24741-sha-397c2cab (104/2158)...
2025-11-16 09:27:12,483 - UnicodeAnalyzer - INFO - Filtrati 1 file (es. in /dist, /test).
2025-11-16 09:27:12,549 - UnicodeAnalyzer - INFO - -> Analizzando versione 0.0.0-pr-24741-sha-ea66c9c8 (105/2158)...
2025-11-16 09:27:12,551 - UnicodeAnalyzer - INFO - Filtrati 1 file (es. in /dist, /test).
2025-11-16 09:27:12,618 - UnicodeAnalyzer - INFO - -> Analizzando versione 0.0.0-pr-24782-sha-bb0e7d7c (106/2158)...
2025-11-16 09:27:12,620 - UnicodeAnalyzer - INFO - Filtrati 1 file (es. in /dist, /test).
2025-11-16 09:27:12,687 - UnicodeAnalyzer - INFO - -> Analizzando versione 0.0.0-pr-24798-sha-f16de2fb (107/2158)...
2025-11-16 09:27:12,689 - UnicodeAnalyzer - INFO - Filtrati 1 file (es. in /dist, /test).
2025-11-16 09:27:12,758 - UnicodeAnalyzer - INFO - -> Analizzando versione 0.0.0-pr-24819-sha-347fb4f6 (108/2158)...
2025-11-16 09:27:12,760 - UnicodeAnalyzer - INFO - Filtrati 1 file (es. in /dist, /test).
2025-11-16 09:27:12,827 - UnicodeAnalyzer - INFO - -> Analizzando versione 0.0.0-pr-24820-sha-2ada0f90 (109/2158)...
2025-11-16 09:27:12,829 - UnicodeAnalyzer - INFO - Filtrati 1 file (es. in /dist, /test).
2025-11-16 09:27:12,897 - UnicodeAnalyzer - INFO - -> Analizzando versione 0.0.0-pr-24820-sha-5859dece (110/2158)...
2025-11-16 09:27:12,899 - UnicodeAnalyzer - INFO - Filtrati 1 file (es. in /dist, /test).
2025-11-16 09:27:12,966 - UnicodeAnalyzer - INFO - -> Analizzando versione 0.0.0-pr-24820-sha-5a288064 (111/2158)...
2025-11-16 09:27:12,967 - UnicodeAnalyzer - INFO - Filtrati 1 file (es. in /dist, /test).
2025-11-16 09:27:13,034 - UnicodeAnalyzer - INFO - -> Analizzando versione 0.0.0-pr-24844-sha-520c653e (112/2158)...
2025-11-16 09:27:13,036 - UnicodeAnalyzer - INFO - Filtrati 1 file (es. in /dist, /test).
2025-11-16 09:27:13,103 - UnicodeAnalyzer - INFO - -> Analizzando versione 0.0.0-pr-24844-sha-d241a3e8 (113/2158)...
2025-11-16 09:27:13,105 - UnicodeAnalyzer - INFO - Filtrati 1 file (es. in /dist, /test).
2025-11-16 09:27:13,173 - UnicodeAnalyzer - INFO - -> Analizzando versione 0.0.0-pr-24881-sha-6ea23655 (114/2158)...
2025-11-16 09:27:13,175 - UnicodeAnalyzer - INFO - Filtrati 1 file (es. in /dist, /test).
2025-11-16 09:27:13,239 - UnicodeAnalyzer - INFO - -> Analizzando versione 0.0.0-pr-24881-sha-d0979bc9 (115/2158)...
2025-11-16 09:27:13,241 - UnicodeAnalyzer - INFO - Filtrati 1 file (es. in /dist, /test).
2025-11-16 09:27:13,303 - UnicodeAnalyzer - INFO - -> Analizzando versione 0.0.0-pr-24889-sha-7abeedf4 (116/2158)...
2025-11-16 09:27:13,305 - UnicodeAnalyzer - INFO - Filtrati 1 file (es. in /dist, /test).
2025-11-16 09:27:13,372 - UnicodeAnalyzer - INFO - -> Analizzando versione 0.0.0-pr-24948-sha-038ec6fd (117/2158)...
2025-11-16 09:27:13,373 - UnicodeAnalyzer - INFO - Filtrati 1 file (es. in /dist, /test).
2025-11-16 09:27:13,440 - UnicodeAnalyzer - INFO - -> Analizzando versione 0.0.0-pr-24948-sha-12960c76 (118/2158)...
2025-11-16 09:27:13,442 - UnicodeAnalyzer - INFO - Filtrati 1 file (es. in /dist, /test).
2025-11-16 09:27:13,509 - UnicodeAnalyzer - INFO - -> Analizzando versione 0.0.0-pr-24948-sha-9cde885a (119/2158)...
2025-11-16 09:27:13,511 - UnicodeAnalyzer - INFO - Filtrati 1 file (es. in /dist, /test).
2025-11-16 09:27:13,579 - UnicodeAnalyzer - INFO - -> Analizzando versione 0.0.0-pr-24956-sha-878677ed (120/2158)...
2025-11-16 09:27:13,580 - UnicodeAnalyzer - INFO - Filtrati 1 file (es. in /dist, /test).
2025-11-16 09:27:13,645 - UnicodeAnalyzer - INFO - -> Analizzando versione 0.0.0-pr-24959-sha-01ff0210 (121/2158)...
2025-11-16 09:27:13,647 - UnicodeAnalyzer - INFO - Filtrati 1 file (es. in /dist, /test).
2025-11-16 09:27:13,710 - UnicodeAnalyzer - INFO - -> Analizzando versione 0.0.0-pr-24973-sha-64de488b (122/2158)...
2025-11-16 09:27:13,712 - UnicodeAnalyzer - INFO - Filtrati 1 file (es. in /dist, /test).
2025-11-16 09:27:13,783 - UnicodeAnalyzer - INFO - -> Analizzando versione 0.0.0-pr-24975-sha-7ac48cba (123/2158)...
2025-11-16 09:27:13,784 - UnicodeAnalyzer - INFO - Filtrati 1 file (es. in /dist, /test).
2025-11-16 09:27:13,853 - UnicodeAnalyzer - INFO - -> Analizzando versione 0.0.0-pr-24997-sha-135e638f (124/2158)...
2025-11-16 09:27:13,855 - UnicodeAnalyzer - INFO - Filtrati 1 file (es. in /dist, /test).
2025-11-16 09:27:13,926 - UnicodeAnalyzer - INFO - -> Analizzando versione 0.0.0-pr-24997-sha-392f1b57 (125/2158)...
2025-11-16 09:27:13,927 - UnicodeAnalyzer - INFO - Filtrati 1 file (es. in /dist, /test).
2025-11-16 09:27:13,993 - UnicodeAnalyzer - INFO - -> Analizzando versione 0.0.0-pr-24997-sha-4ed6f992 (126/2158)...
2025-11-16 09:27:13,994 - UnicodeAnalyzer - INFO - Filtrati 1 file (es. in /dist, /test).
2025-11-16 09:27:14,063 - UnicodeAnalyzer - INFO - -> Analizzando versione 0.0.0-pr-24997-sha-6379ff8d (127/2158)...
2025-11-16 09:27:14,065 - UnicodeAnalyzer - INFO - Filtrati 1 file (es. in /dist, /test).
2025-11-16 09:27:14,131 - UnicodeAnalyzer - INFO - -> Analizzando versione 0.0.0-pr-24997-sha-972ed44e (128/2158)...
2025-11-16 09:27:14,132 - UnicodeAnalyzer - INFO - Filtrati 1 file (es. in /dist, /test).
2025-11-16 09:27:14,194 - UnicodeAnalyzer - INFO - -> Analizzando versione 0.0.0-pr-24997-sha-c414978b (129/2158)...
2025-11-16 09:27:14,196 - UnicodeAnalyzer - INFO - Filtrati 1 file (es. in /dist, /test).
2025-11-16 09:27:14,261 - UnicodeAnalyzer - INFO - -> Analizzando versione 0.0.0-pr-24997-sha-ed9cb676 (130/2158)...
2025-11-16 09:27:14,263 - UnicodeAnalyzer - INFO - Filtrati 1 file (es. in /dist, /test).
2025-11-16 09:27:14,330 - UnicodeAnalyzer - INFO - -> Analizzando versione 0.0.0-pr-24997-sha-f3766dc1 (131/2158)...
2025-11-16 09:27:14,331 - UnicodeAnalyzer - INFO - Filtrati 1 file (es. in /dist, /test).
2025-11-16 09:27:14,394 - UnicodeAnalyzer - INFO - -> Analizzando versione 0.0.0-pr-25004-sha-c5268c93 (132/2158)...
2025-11-16 09:27:14,396 - UnicodeAnalyzer - INFO - Filtrati 1 file (es. in /dist, /test).
2025-11-16 09:27:14,462 - UnicodeAnalyzer - INFO - -> Analizzando versione 0.0.0-pr-25031-sha-f8489ef6 (133/2158)...
2025-11-16 09:27:14,464 - UnicodeAnalyzer - INFO - Filtrati 1 file (es. in /dist, /test).
2025-11-16 09:27:14,531 - UnicodeAnalyzer - INFO - -> Analizzando versione 0.0.0-pr-25045-sha-cc9ccee0 (134/2158)...
2025-11-16 09:27:14,532 - UnicodeAnalyzer - INFO - Filtrati 1 file (es. in /dist, /test).
2025-11-16 09:27:14,599 - UnicodeAnalyzer - INFO - -> Analizzando versione 0.0.0-pr-25077-sha-830be219 (135/2158)...
2025-11-16 09:27:14,601 - UnicodeAnalyzer - INFO - Filtrati 1 file (es. in /dist, /test).
2025-11-16 09:27:14,670 - UnicodeAnalyzer - INFO - -> Analizzando versione 0.0.0-pr-25079-sha-65111396 (136/2158)...
2025-11-16 09:27:14,671 - UnicodeAnalyzer - INFO - Filtrati 1 file (es. in /dist, /test).
2025-11-16 09:27:14,737 - UnicodeAnalyzer - INFO - -> Analizzando versione 0.0.0-pr-25086-sha-b3010f16 (137/2158)...
2025-11-16 09:27:14,739 - UnicodeAnalyzer - INFO - Filtrati 1 file (es. in /dist, /test).
2025-11-16 09:27:14,806 - UnicodeAnalyzer - INFO - -> Analizzando versione 0.0.0-pr-25086-sha-fa16f873 (138/2158)...
2025-11-16 09:27:14,808 - UnicodeAnalyzer - INFO - Filtrati 1 file (es. in /dist, /test).
2025-11-16 09:27:14,875 - UnicodeAnalyzer - INFO - -> Analizzando versione 0.0.0-pr-25238-sha-829df7a0 (139/2158)...
2025-11-16 09:27:14,876 - UnicodeAnalyzer - INFO - Filtrati 1 file (es. in /dist, /test).
2025-11-16 09:27:14,877 - UnicodeAnalyzer - INFO - -> Analizzando versione 0.0.0-pr-25244-sha-bd2cf8e0 (140/2158)...
2025-11-16 09:27:14,878 - UnicodeAnalyzer - INFO - Filtrati 1 file (es. in /dist, /test).
2025-11-16 09:27:14,945 - UnicodeAnalyzer - INFO - -> Analizzando versione 0.0.0-pr-25254-sha-63c0cc3b (141/2158)...
2025-11-16 09:27:14,946 - UnicodeAnalyzer - INFO - Filtrati 1 file (es. in /dist, /test).
2025-11-16 09:27:15,013 - UnicodeAnalyzer - INFO - -> Analizzando versione 0.0.0-pr-25254-sha-a6f30dbc (142/2158)...
2025-11-16 09:27:15,015 - UnicodeAnalyzer - INFO - Filtrati 1 file (es. in /dist, /test).
2025-11-16 09:27:15,082 - UnicodeAnalyzer - INFO - -> Analizzando versione 0.0.0-pr-25254-sha-f2fdcdf1 (143/2158)...
2025-11-16 09:27:15,084 - UnicodeAnalyzer - INFO - Filtrati 1 file (es. in /dist, /test).
2025-11-16 09:27:15,151 - UnicodeAnalyzer - INFO - -> Analizzando versione 0.0.0-pr-25303-sha-3dcf056f (144/2158)...
2025-11-16 09:27:15,153 - UnicodeAnalyzer - INFO - Filtrati 1 file (es. in /dist, /test).
2025-11-16 09:27:15,153 - UnicodeAnalyzer - INFO - -> Analizzando versione 0.0.0-pr-25303-sha-7c4e18ec (145/2158)...
2025-11-16 09:27:15,154 - UnicodeAnalyzer - INFO - Filtrati 1 file (es. in /dist, /test).
2025-11-16 09:27:15,155 - UnicodeAnalyzer - INFO - -> Analizzando versione 0.0.0-pr-25303-sha-f3c003d0 (146/2158)...
2025-11-16 09:27:15,156 - UnicodeAnalyzer - INFO - Filtrati 1 file (es. in /dist, /test).
2025-11-16 09:27:15,157 - UnicodeAnalyzer - INFO - -> Analizzando versione 0.0.0-pr-25311-sha-2ae4efa4 (147/2158)...
2025-11-16 09:27:15,158 - UnicodeAnalyzer - INFO - Filtrati 1 file (es. in /dist, /test).
2025-11-16 09:27:15,158 - UnicodeAnalyzer - INFO - -> Analizzando versione 0.0.0-pr-25328-sha-5fe992e9 (148/2158)...
2025-11-16 09:27:15,159 - UnicodeAnalyzer - INFO - Filtrati 1 file (es. in /dist, /test).
2025-11-16 09:27:15,160 - UnicodeAnalyzer - INFO - -> Analizzando versione 0.0.0-pr-25328-sha-685b825e (149/2158)...
2025-11-16 09:27:15,161 - UnicodeAnalyzer - INFO - Filtrati 1 file (es. in /dist, /test).
2025-11-16 09:27:15,161 - UnicodeAnalyzer - INFO - -> Analizzando versione 0.0.0-pr-25328-sha-bf8289f2 (150/2158)...
2025-11-16 09:27:15,163 - UnicodeAnalyzer - INFO - Filtrati 1 file (es. in /dist, /test).
2025-11-16 09:27:15,163 - UnicodeAnalyzer - INFO - -> Analizzando versione 0.0.0-pr-25328-sha-e894c0b3 (151/2158)...
2025-11-16 09:27:15,164 - UnicodeAnalyzer - INFO - Filtrati 1 file (es. in /dist, /test).
2025-11-16 09:27:15,165 - UnicodeAnalyzer - INFO - -> Analizzando versione 0.0.0-pr-25329-sha-028652d7 (152/2158)...
2025-11-16 09:27:15,166 - UnicodeAnalyzer - INFO - Filtrati 1 file (es. in /dist, /test).
2025-11-16 09:27:15,166 - UnicodeAnalyzer - INFO - -> Analizzando versione 0.0.0-pr-25379-sha-d343aef0 (153/2158)...
2025-11-16 09:27:15,168 - UnicodeAnalyzer - INFO - Filtrati 1 file (es. in /dist, /test).
2025-11-16 09:27:15,168 - UnicodeAnalyzer - INFO - -> Analizzando versione 0.0.0-pr-25474-sha-c0c8ae28 (154/2158)...
2025-11-16 09:27:15,169 - UnicodeAnalyzer - INFO - Filtrati 1 file (es. in /dist, /test).
2025-11-16 09:27:15,170 - UnicodeAnalyzer - INFO - -> Analizzando versione 0.0.0-pr-25540-sha-c0037961 (155/2158)...
2025-11-16 09:27:15,171 - UnicodeAnalyzer - INFO - Filtrati 1 file (es. in /dist, /test).
2025-11-16 09:27:15,171 - UnicodeAnalyzer - INFO - -> Analizzando versione 0.0.0-pr-25567-sha-604112e1 (156/2158)...
2025-11-16 09:27:15,173 - UnicodeAnalyzer - INFO - Filtrati 1 file (es. in /dist, /test).
2025-11-16 09:27:15,173 - UnicodeAnalyzer - INFO - -> Analizzando versione 0.0.0-pr-25575-sha-8fad0180 (157/2158)...
2025-11-16 09:27:15,174 - UnicodeAnalyzer - INFO - Filtrati 1 file (es. in /dist, /test).
2025-11-16 09:27:15,242 - UnicodeAnalyzer - INFO - -> Analizzando versione 0.0.0-pr-25591-sha-337ab526 (158/2158)...
2025-11-16 09:27:15,243 - UnicodeAnalyzer - INFO - Filtrati 1 file (es. in /dist, /test).
2025-11-16 09:27:15,244 - UnicodeAnalyzer - INFO - -> Analizzando versione 0.0.0-pr-25596-sha-579fbffd (159/2158)...
2025-11-16 09:27:15,245 - UnicodeAnalyzer - INFO - Filtrati 1 file (es. in /dist, /test).
2025-11-16 09:27:15,245 - UnicodeAnalyzer - INFO - -> Analizzando versione 0.0.0-pr-25642-sha-bb79636f (160/2158)...
2025-11-16 09:27:15,246 - UnicodeAnalyzer - INFO - Filtrati 1 file (es. in /dist, /test).
2025-11-16 09:27:15,247 - UnicodeAnalyzer - INFO - -> Analizzando versione 0.0.0-pr-25664-sha-00f9feb2 (161/2158)...
2025-11-16 09:27:15,248 - UnicodeAnalyzer - INFO - Filtrati 1 file (es. in /dist, /test).
2025-11-16 09:27:15,248 - UnicodeAnalyzer - INFO - -> Analizzando versione 0.0.0-pr-25664-sha-900501bb (162/2158)...
2025-11-16 09:27:15,249 - UnicodeAnalyzer - INFO - Filtrati 1 file (es. in /dist, /test).
2025-11-16 09:27:15,250 - UnicodeAnalyzer - INFO - -> Analizzando versione 0.0.0-pr-25678-sha-560d4141 (163/2158)...
2025-11-16 09:27:15,251 - UnicodeAnalyzer - INFO - Filtrati 1 file (es. in /dist, /test).
2025-11-16 09:27:15,251 - UnicodeAnalyzer - INFO - -> Analizzando versione 0.0.0-pr-25678-sha-c0f17d75 (164/2158)...
2025-11-16 09:27:15,252 - UnicodeAnalyzer - INFO - Filtrati 1 file (es. in /dist, /test).
2025-11-16 09:27:15,253 - UnicodeAnalyzer - INFO - -> Analizzando versione 0.0.0-pr-25713-sha-6d618302 (165/2158)...
2025-11-16 09:27:15,254 - UnicodeAnalyzer - INFO - Filtrati 1 file (es. in /dist, /test).
2025-11-16 09:27:15,254 - UnicodeAnalyzer - INFO - -> Analizzando versione 0.0.0-pr-25713-sha-ffc35e8c (166/2158)...
2025-11-16 09:27:15,255 - UnicodeAnalyzer - INFO - Filtrati 1 file (es. in /dist, /test).
2025-11-16 09:27:15,256 - UnicodeAnalyzer - INFO - -> Analizzando versione 0.0.0-pr-25752-sha-424630b7 (167/2158)...
2025-11-16 09:27:15,257 - UnicodeAnalyzer - INFO - Filtrati 1 file (es. in /dist, /test).
2025-11-16 09:27:15,257 - UnicodeAnalyzer - INFO - -> Analizzando versione 0.0.0-pr-25752-sha-b5efbfe0 (168/2158)...
2025-11-16 09:27:15,258 - UnicodeAnalyzer - INFO - Filtrati 1 file (es. in /dist, /test).
2025-11-16 09:27:15,259 - UnicodeAnalyzer - INFO - -> Analizzando versione 0.0.0-pr-25787-sha-ce3d85aa (169/2158)...
2025-11-16 09:27:15,260 - UnicodeAnalyzer - INFO - Filtrati 1 file (es. in /dist, /test).
2025-11-16 09:27:15,260 - UnicodeAnalyzer - INFO - -> Analizzando versione 0.0.0-pr-25791-sha-731531eb (170/2158)...
2025-11-16 09:27:15,262 - UnicodeAnalyzer - INFO - Filtrati 1 file (es. in /dist, /test).
2025-11-16 09:27:15,262 - UnicodeAnalyzer - INFO - -> Analizzando versione 0.0.0-pr-25825-sha-bbd3f181 (171/2158)...
2025-11-16 09:27:15,263 - UnicodeAnalyzer - INFO - Filtrati 1 file (es. in /dist, /test).
2025-11-16 09:27:15,263 - UnicodeAnalyzer - INFO - -> Analizzando versione 0.0.0-pr-25827-sha-620cb807 (172/2158)...
2025-11-16 09:27:15,265 - UnicodeAnalyzer - INFO - Filtrati 1 file (es. in /dist, /test).
2025-11-16 09:27:15,332 - UnicodeAnalyzer - INFO - -> Analizzando versione 0.0.0-pr-25851-sha-9cfc856f (173/2158)...
2025-11-16 09:27:15,333 - UnicodeAnalyzer - INFO - Filtrati 1 file (es. in /dist, /test).
2025-11-16 09:27:15,334 - UnicodeAnalyzer - INFO - -> Analizzando versione 0.0.0-pr-25889-sha-0e66ecf5 (174/2158)...
2025-11-16 09:27:15,335 - UnicodeAnalyzer - INFO - Filtrati 1 file (es. in /dist, /test).
2025-11-16 09:27:15,335 - UnicodeAnalyzer - INFO - -> Analizzando versione 0.0.0-pr-25889-sha-1ae9e0b6 (175/2158)...
2025-11-16 09:27:15,337 - UnicodeAnalyzer - INFO - Filtrati 1 file (es. in /dist, /test).
2025-11-16 09:27:15,337 - UnicodeAnalyzer - INFO - -> Analizzando versione 0.0.0-pr-25889-sha-d1a3f51c (176/2158)...
2025-11-16 09:27:15,338 - UnicodeAnalyzer - INFO - Filtrati 1 file (es. in /dist, /test).
2025-11-16 09:27:15,338 - UnicodeAnalyzer - INFO - -> Analizzando versione 0.0.0-pr-25925-sha-38205a1c (177/2158)...
2025-11-16 09:27:15,340 - UnicodeAnalyzer - INFO - Filtrati 1 file (es. in /dist, /test).
2025-11-16 09:27:15,340 - UnicodeAnalyzer - INFO - -> Analizzando versione 0.0.0-pr-25934-sha-a4d40871 (178/2158)...
2025-11-16 09:27:15,341 - UnicodeAnalyzer - INFO - Filtrati 1 file (es. in /dist, /test).
2025-11-16 09:27:15,342 - UnicodeAnalyzer - INFO - -> Analizzando versione 0.0.0-pr-25958-sha-570b3ba2 (179/2158)...
2025-11-16 09:27:15,343 - UnicodeAnalyzer - INFO - Filtrati 1 file (es. in /dist, /test).
2025-11-16 09:27:15,343 - UnicodeAnalyzer - INFO - -> Analizzando versione 0.0.0-pr-26000-sha-a16f2ba7 (180/2158)...
2025-11-16 09:27:15,344 - UnicodeAnalyzer - INFO - Filtrati 1 file (es. in /dist, /test).
2025-11-16 09:27:15,345 - UnicodeAnalyzer - INFO - -> Analizzando versione 0.0.0-pr-26000-sha-e0e439e7 (181/2158)...
2025-11-16 09:27:15,346 - UnicodeAnalyzer - INFO - Filtrati 1 file (es. in /dist, /test).
2025-11-16 09:27:15,346 - UnicodeAnalyzer - INFO - -> Analizzando versione 0.0.0-pr-26024-sha-87bf8f0d (182/2158)...
2025-11-16 09:27:15,347 - UnicodeAnalyzer - INFO - Filtrati 1 file (es. in /dist, /test).
2025-11-16 09:27:15,348 - UnicodeAnalyzer - INFO - -> Analizzando versione 0.0.0-pr-26024-sha-c64041e4 (183/2158)...
2025-11-16 09:27:15,349 - UnicodeAnalyzer - INFO - Filtrati 1 file (es. in /dist, /test).
2025-11-16 09:27:15,349 - UnicodeAnalyzer - INFO - -> Analizzando versione 0.0.0-pr-26025-sha-9ddb0c81 (184/2158)...
2025-11-16 09:27:15,350 - UnicodeAnalyzer - INFO - Filtrati 1 file (es. in /dist, /test).
2025-11-16 09:27:15,351 - UnicodeAnalyzer - INFO - -> Analizzando versione 0.0.0-pr-26033-sha-152d96d1 (185/2158)...
2025-11-16 09:27:15,352 - UnicodeAnalyzer - INFO - Filtrati 1 file (es. in /dist, /test).
2025-11-16 09:27:15,352 - UnicodeAnalyzer - INFO - -> Analizzando versione 0.0.0-pr-26033-sha-fe0448b1 (186/2158)...
2025-11-16 09:27:15,354 - UnicodeAnalyzer - INFO - Filtrati 1 file (es. in /dist, /test).
2025-11-16 09:27:15,354 - UnicodeAnalyzer - INFO - -> Analizzando versione 0.0.0-pr-26035-sha-a321a58d (187/2158)...
2025-11-16 09:27:15,355 - UnicodeAnalyzer - INFO - Filtrati 1 file (es. in /dist, /test).
2025-11-16 09:27:15,355 - UnicodeAnalyzer - INFO - -> Analizzando versione 0.0.0-pr-26049-sha-b8adcad0 (188/2158)...
2025-11-16 09:27:15,357 - UnicodeAnalyzer - INFO - Filtrati 1 file (es. in /dist, /test).
2025-11-16 09:27:15,357 - UnicodeAnalyzer - INFO - -> Analizzando versione 0.0.0-pr-26055-sha-bcc55126 (189/2158)...
2025-11-16 09:27:15,358 - UnicodeAnalyzer - INFO - Filtrati 1 file (es. in /dist, /test).
2025-11-16 09:27:15,358 - UnicodeAnalyzer - INFO - -> Analizzando versione 0.0.0-pr-26067-sha-1d9e1147 (190/2158)...
2025-11-16 09:27:15,360 - UnicodeAnalyzer - INFO - Filtrati 1 file (es. in /dist, /test).
2025-11-16 09:27:15,360 - UnicodeAnalyzer - INFO - -> Analizzando versione 0.0.0-pr-26067-sha-847cb0b0 (191/2158)...
2025-11-16 09:27:15,361 - UnicodeAnalyzer - INFO - Filtrati 1 file (es. in /dist, /test).
2025-11-16 09:27:15,362 - UnicodeAnalyzer - INFO - -> Analizzando versione 0.0.0-pr-26077-sha-aea7ea3d (192/2158)...
2025-11-16 09:27:15,363 - UnicodeAnalyzer - INFO - Filtrati 1 file (es. in /dist, /test).
2025-11-16 09:27:15,363 - UnicodeAnalyzer - INFO - -> Analizzando versione 0.0.0-pr-26100-sha-c827d17a (193/2158)...
2025-11-16 09:27:15,364 - UnicodeAnalyzer - INFO - Filtrati 1 file (es. in /dist, /test).
2025-11-16 09:27:15,365 - UnicodeAnalyzer - INFO - -> Analizzando versione 0.0.0-pr-26142-sha-d413d537 (194/2158)...
2025-11-16 09:27:15,366 - UnicodeAnalyzer - INFO - Filtrati 1 file (es. in /dist, /test).
2025-11-16 09:27:15,366 - UnicodeAnalyzer - INFO - -> Analizzando versione 0.0.0-pr-26142-sha-e8dfde81 (195/2158)...
2025-11-16 09:27:15,367 - UnicodeAnalyzer - INFO - Filtrati 1 file (es. in /dist, /test).
2025-11-16 09:27:15,368 - UnicodeAnalyzer - INFO - -> Analizzando versione 0.0.0-pr-26145-sha-32b8346f (196/2158)...
2025-11-16 09:27:15,369 - UnicodeAnalyzer - INFO - Filtrati 1 file (es. in /dist, /test).
2025-11-16 09:27:15,369 - UnicodeAnalyzer - INFO - -> Analizzando versione 0.0.0-pr-26164-sha-8cb78c9f (197/2158)...
2025-11-16 09:27:15,370 - UnicodeAnalyzer - INFO - Filtrati 1 file (es. in /dist, /test).
2025-11-16 09:27:15,371 - UnicodeAnalyzer - INFO - -> Analizzando versione 0.0.0-pr-26176-sha-e072ee44 (198/2158)...
2025-11-16 09:27:15,372 - UnicodeAnalyzer - INFO - Filtrati 1 file (es. in /dist, /test).
2025-11-16 09:27:15,372 - UnicodeAnalyzer - INFO - -> Analizzando versione 0.0.0-pr-26188-sha-2d5f1f55 (199/2158)...
2025-11-16 09:27:15,374 - UnicodeAnalyzer - INFO - Filtrati 1 file (es. in /dist, /test).
2025-11-16 09:27:15,374 - UnicodeAnalyzer - INFO - -> Analizzando versione 0.0.0-pr-26188-sha-982be2de (200/2158)...
2025-11-16 09:27:15,375 - UnicodeAnalyzer - INFO - Filtrati 1 file (es. in /dist, /test).
2025-11-16 09:27:15,375 - UnicodeAnalyzer - INFO - -> Analizzando versione 0.0.0-pr-26188-sha-f37524b8 (201/2158)...
2025-11-16 09:27:15,377 - UnicodeAnalyzer - INFO - Filtrati 1 file (es. in /dist, /test).
2025-11-16 09:27:15,377 - UnicodeAnalyzer - INFO - -> Analizzando versione 0.0.0-pr-26201-sha-690050fb (202/2158)...
2025-11-16 09:27:15,378 - UnicodeAnalyzer - INFO - Filtrati 1 file (es. in /dist, /test).
2025-11-16 09:27:15,378 - UnicodeAnalyzer - INFO - -> Analizzando versione 0.0.0-pr-26210-sha-0190219a (203/2158)...
2025-11-16 09:27:15,380 - UnicodeAnalyzer - INFO - Filtrati 1 file (es. in /dist, /test).
2025-11-16 09:27:15,380 - UnicodeAnalyzer - INFO - -> Analizzando versione 0.0.0-pr-26219-sha-460e98af (204/2158)...
2025-11-16 09:27:15,381 - UnicodeAnalyzer - INFO - Filtrati 1 file (es. in /dist, /test).
2025-11-16 09:27:15,382 - UnicodeAnalyzer - INFO - -> Analizzando versione 0.0.0-pr-26219-sha-4865e2ff (205/2158)...
2025-11-16 09:27:15,383 - UnicodeAnalyzer - INFO - Filtrati 1 file (es. in /dist, /test).
2025-11-16 09:27:15,383 - UnicodeAnalyzer - INFO - -> Analizzando versione 0.0.0-pr-26219-sha-d52adbb1 (206/2158)...
2025-11-16 09:27:15,384 - UnicodeAnalyzer - INFO - Filtrati 1 file (es. in /dist, /test).
2025-11-16 09:27:15,385 - UnicodeAnalyzer - INFO - -> Analizzando versione 0.0.0-pr-26219-sha-d5781350 (207/2158)...
2025-11-16 09:27:15,386 - UnicodeAnalyzer - INFO - Filtrati 1 file (es. in /dist, /test).
2025-11-16 09:27:15,386 - UnicodeAnalyzer - INFO - -> Analizzando versione 0.0.0-pr-26228-sha-c671ac97 (208/2158)...
2025-11-16 09:27:15,387 - UnicodeAnalyzer - INFO - Filtrati 1 file (es. in /dist, /test).
2025-11-16 09:27:15,388 - UnicodeAnalyzer - INFO - -> Analizzando versione 0.0.0-pr-26243-sha-393e9350 (209/2158)...
2025-11-16 09:27:15,389 - UnicodeAnalyzer - INFO - Filtrati 1 file (es. in /dist, /test).
2025-11-16 09:27:15,389 - UnicodeAnalyzer - INFO - -> Analizzando versione 0.0.0-pr-26243-sha-c7b1761e (210/2158)...
2025-11-16 09:27:15,390 - UnicodeAnalyzer - INFO - -> Analizzando versione 0.0.0-pr-26262-sha-4d24ee07 (211/2158)...
2025-11-16 09:27:15,391 - UnicodeAnalyzer - INFO - Filtrati 1 file (es. in /dist, /test).
2025-11-16 09:27:15,391 - UnicodeAnalyzer - INFO - -> Analizzando versione 0.0.0-pr-26262-sha-bb8590c9 (212/2158)...
2025-11-16 09:27:15,392 - UnicodeAnalyzer - INFO - Filtrati 1 file (es. in /dist, /test).
2025-11-16 09:27:15,393 - UnicodeAnalyzer - INFO - -> Analizzando versione 0.0.0-pr-26282-sha-c3335f7d (213/2158)...
2025-11-16 09:27:15,394 - UnicodeAnalyzer - INFO - Filtrati 1 file (es. in /dist, /test).
2025-11-16 09:27:15,394 - UnicodeAnalyzer - INFO - -> Analizzando versione 0.0.0-pr-26304-sha-8cbb06d9 (214/2158)...
2025-11-16 09:27:15,395 - UnicodeAnalyzer - INFO - Filtrati 1 file (es. in /dist, /test).
2025-11-16 09:27:15,396 - UnicodeAnalyzer - INFO - -> Analizzando versione 0.0.0-pr-26308-sha-1b9b8c88 (215/2158)...
2025-11-16 09:27:15,397 - UnicodeAnalyzer - INFO - Filtrati 1 file (es. in /dist, /test).
2025-11-16 09:27:15,397 - UnicodeAnalyzer - INFO - -> Analizzando versione 0.0.0-pr-26317-sha-fcd8bf2c (216/2158)...
2025-11-16 09:27:15,398 - UnicodeAnalyzer - INFO - Filtrati 1 file (es. in /dist, /test).
2025-11-16 09:27:15,399 - UnicodeAnalyzer - INFO - -> Analizzando versione 0.0.0-pr-26362-sha-ec71ddb7 (217/2158)...
2025-11-16 09:27:15,400 - UnicodeAnalyzer - INFO - Filtrati 1 file (es. in /dist, /test).
2025-11-16 09:27:15,400 - UnicodeAnalyzer - INFO - -> Analizzando versione 0.0.0-pr-26387-sha-0dbe3e46 (218/2158)...
2025-11-16 09:27:15,402 - UnicodeAnalyzer - INFO - Filtrati 1 file (es. in /dist, /test).
2025-11-16 09:27:15,402 - UnicodeAnalyzer - INFO - -> Analizzando versione 0.0.0-pr-26413-sha-81812663 (219/2158)...
2025-11-16 09:27:15,403 - UnicodeAnalyzer - INFO - Filtrati 1 file (es. in /dist, /test).
2025-11-16 09:27:15,403 - UnicodeAnalyzer - INFO - -> Analizzando versione 0.0.0-pr-26500-sha-4eef9b4c (220/2158)...
2025-11-16 09:27:15,405 - UnicodeAnalyzer - INFO - Filtrati 1 file (es. in /dist, /test).
2025-11-16 09:27:15,405 - UnicodeAnalyzer - INFO - -> Analizzando versione 0.0.0-pr-26527-sha-db4e08ae (221/2158)...
2025-11-16 09:27:15,406 - UnicodeAnalyzer - INFO - Filtrati 1 file (es. in /dist, /test).
2025-11-16 09:27:15,406 - UnicodeAnalyzer - INFO - -> Analizzando versione 0.0.0-pr-26557-sha-7290a2c2 (222/2158)...
2025-11-16 09:27:15,408 - UnicodeAnalyzer - INFO - Filtrati 1 file (es. in /dist, /test).
2025-11-16 09:27:15,408 - UnicodeAnalyzer - INFO - -> Analizzando versione 0.0.0-pr-26654-sha-49d01553 (223/2158)...
2025-11-16 09:27:15,408 - UnicodeAnalyzer - INFO - -> Analizzando versione 0.0.0-pr-26688-sha-494cdb01 (224/2158)...
2025-11-16 09:27:15,409 - UnicodeAnalyzer - INFO - Filtrati 1 file (es. in /dist, /test).
2025-11-16 09:27:15,410 - UnicodeAnalyzer - INFO - -> Analizzando versione 0.0.0-pr-26688-sha-553a642b (225/2158)...
2025-11-16 09:27:15,411 - UnicodeAnalyzer - INFO - Filtrati 1 file (es. in /dist, /test).
2025-11-16 09:27:15,411 - UnicodeAnalyzer - INFO - -> Analizzando versione 0.0.0-pr-26688-sha-5f6b1107 (226/2158)...
2025-11-16 09:27:15,413 - UnicodeAnalyzer - INFO - Filtrati 1 file (es. in /dist, /test).
2025-11-16 09:27:15,413 - UnicodeAnalyzer - INFO - -> Analizzando versione 0.0.0-pr-26688-sha-d43fe28e (227/2158)...
2025-11-16 09:27:15,414 - UnicodeAnalyzer - INFO - Filtrati 1 file (es. in /dist, /test).
2025-11-16 09:27:15,414 - UnicodeAnalyzer - INFO - -> Analizzando versione 0.0.0-pr-26696-sha-63254fdd (228/2158)...
2025-11-16 09:27:15,416 - UnicodeAnalyzer - INFO - Filtrati 1 file (es. in /dist, /test).
2025-11-16 09:27:15,416 - UnicodeAnalyzer - INFO - -> Analizzando versione 0.0.0-pr-26721-sha-65e66987 (229/2158)...
2025-11-16 09:27:15,417 - UnicodeAnalyzer - INFO - Filtrati 1 file (es. in /dist, /test).
2025-11-16 09:27:15,417 - UnicodeAnalyzer - INFO - -> Analizzando versione 0.0.0-pr-26750-sha-e1401088 (230/2158)...
2025-11-16 09:27:15,419 - UnicodeAnalyzer - INFO - Filtrati 1 file (es. in /dist, /test).
2025-11-16 09:27:15,419 - UnicodeAnalyzer - INFO - -> Analizzando versione 0.0.0-pr-26764-sha-e9d28dba (231/2158)...
2025-11-16 09:27:15,419 - UnicodeAnalyzer - INFO - -> Analizzando versione 0.0.0-pr-26773-sha-d494a465 (232/2158)...
2025-11-16 09:27:15,420 - UnicodeAnalyzer - INFO - Filtrati 1 file (es. in /dist, /test).
2025-11-16 09:27:15,421 - UnicodeAnalyzer - INFO - -> Analizzando versione 0.0.0-pr-26815-sha-3a4c4ac8 (233/2158)...
2025-11-16 09:27:15,422 - UnicodeAnalyzer - INFO - Filtrati 1 file (es. in /dist, /test).
2025-11-16 09:27:15,422 - UnicodeAnalyzer - INFO - -> Analizzando versione 0.0.0-pr-26815-sha-5b526683 (234/2158)...
2025-11-16 09:27:15,424 - UnicodeAnalyzer - INFO - Filtrati 1 file (es. in /dist, /test).
2025-11-16 09:27:15,424 - UnicodeAnalyzer - INFO - -> Analizzando versione 0.0.0-pr-26815-sha-7374e125 (235/2158)...
2025-11-16 09:27:15,425 - UnicodeAnalyzer - INFO - Filtrati 1 file (es. in /dist, /test).
2025-11-16 09:27:15,425 - UnicodeAnalyzer - INFO - -> Analizzando versione 0.0.0-pr-26821-sha-9e7cde97 (236/2158)...
2025-11-16 09:27:15,427 - UnicodeAnalyzer - INFO - Filtrati 1 file (es. in /dist, /test).
2025-11-16 09:27:15,427 - UnicodeAnalyzer - INFO - -> Analizzando versione 0.0.0-pr-26827-sha-1298227d (237/2158)...
2025-11-16 09:27:15,428 - UnicodeAnalyzer - INFO - Filtrati 1 file (es. in /dist, /test).
2025-11-16 09:27:15,428 - UnicodeAnalyzer - INFO - -> Analizzando versione 0.0.0-pr-26827-sha-2e5a457b (238/2158)...
2025-11-16 09:27:15,430 - UnicodeAnalyzer - INFO - Filtrati 1 file (es. in /dist, /test).
2025-11-16 09:27:15,430 - UnicodeAnalyzer - INFO - -> Analizzando versione 0.0.0-pr-26827-sha-8d21fb2c (239/2158)...
2025-11-16 09:27:15,431 - UnicodeAnalyzer - INFO - Filtrati 1 file (es. in /dist, /test).
2025-11-16 09:27:15,432 - UnicodeAnalyzer - INFO - -> Analizzando versione 0.0.0-pr-26827-sha-907fb3aa (240/2158)...
2025-11-16 09:27:15,433 - UnicodeAnalyzer - INFO - Filtrati 1 file (es. in /dist, /test).
2025-11-16 09:27:15,433 - UnicodeAnalyzer - INFO - -> Analizzando versione 0.0.0-pr-26827-sha-9b2b60fc (241/2158)...
2025-11-16 09:27:15,434 - UnicodeAnalyzer - INFO - Filtrati 1 file (es. in /dist, /test).
2025-11-16 09:27:15,435 - UnicodeAnalyzer - INFO - -> Analizzando versione 0.0.0-pr-26827-sha-b1063c83 (242/2158)...
2025-11-16 09:27:15,436 - UnicodeAnalyzer - INFO - Filtrati 1 file (es. in /dist, /test).
2025-11-16 09:27:15,436 - UnicodeAnalyzer - INFO - -> Analizzando versione 0.0.0-pr-26827-sha-bc129cb2 (243/2158)...
2025-11-16 09:27:15,437 - UnicodeAnalyzer - INFO - Filtrati 1 file (es. in /dist, /test).
2025-11-16 09:27:15,438 - UnicodeAnalyzer - INFO - -> Analizzando versione 0.0.0-pr-26827-sha-e9f42642 (244/2158)...
2025-11-16 09:27:15,439 - UnicodeAnalyzer - INFO - Filtrati 1 file (es. in /dist, /test).
2025-11-16 09:27:15,439 - UnicodeAnalyzer - INFO - -> Analizzando versione 0.0.0-pr-26837-sha-6fdb569c (245/2158)...
2025-11-16 09:27:15,440 - UnicodeAnalyzer - INFO - Filtrati 1 file (es. in /dist, /test).
2025-11-16 09:27:15,441 - UnicodeAnalyzer - INFO - -> Analizzando versione 0.0.0-pr-26853-sha-30de294c (246/2158)...
2025-11-16 09:27:15,442 - UnicodeAnalyzer - INFO - Filtrati 1 file (es. in /dist, /test).
2025-11-16 09:27:15,442 - UnicodeAnalyzer - INFO - -> Analizzando versione 0.0.0-pr-26853-sha-310aaf5a (247/2158)...
2025-11-16 09:27:15,444 - UnicodeAnalyzer - INFO - Filtrati 1 file (es. in /dist, /test).
2025-11-16 09:27:15,444 - UnicodeAnalyzer - INFO - -> Analizzando versione 0.0.0-pr-26853-sha-8b6bbbfe (248/2158)...
2025-11-16 09:27:15,445 - UnicodeAnalyzer - INFO - Filtrati 1 file (es. in /dist, /test).
2025-11-16 09:27:15,445 - UnicodeAnalyzer - INFO - -> Analizzando versione 0.0.0-pr-26853-sha-8dbd04c4 (249/2158)...
2025-11-16 09:27:15,447 - UnicodeAnalyzer - INFO - Filtrati 1 file (es. in /dist, /test).
2025-11-16 09:27:15,447 - UnicodeAnalyzer - INFO - -> Analizzando versione 0.0.0-pr-26853-sha-b51db447 (250/2158)...
2025-11-16 09:27:15,448 - UnicodeAnalyzer - INFO - Filtrati 1 file (es. in /dist, /test).
2025-11-16 09:27:15,448 - UnicodeAnalyzer - INFO - -> Analizzando versione 0.0.0-pr-26875-sha-1378113c (251/2158)...
2025-11-16 09:27:15,450 - UnicodeAnalyzer - INFO - Filtrati 1 file (es. in /dist, /test).
2025-11-16 09:27:15,450 - UnicodeAnalyzer - INFO - -> Analizzando versione 0.0.0-pr-26875-sha-3cf98467 (252/2158)...
2025-11-16 09:27:15,451 - UnicodeAnalyzer - INFO - Filtrati 1 file (es. in /dist, /test).
2025-11-16 09:27:15,452 - UnicodeAnalyzer - INFO - -> Analizzando versione 0.0.0-pr-26875-sha-9077f9e9 (253/2158)...
2025-11-16 09:27:15,453 - UnicodeAnalyzer - INFO - Filtrati 1 file (es. in /dist, /test).
2025-11-16 09:27:15,453 - UnicodeAnalyzer - INFO - -> Analizzando versione 0.0.0-pr-26884-sha-09b7a3da (254/2158)...
2025-11-16 09:27:15,454 - UnicodeAnalyzer - INFO - Filtrati 1 file (es. in /dist, /test).
2025-11-16 09:27:15,455 - UnicodeAnalyzer - INFO - -> Analizzando versione 0.0.0-pr-26884-sha-1ec720b9 (255/2158)...
2025-11-16 09:27:15,456 - UnicodeAnalyzer - INFO - Filtrati 1 file (es. in /dist, /test).
2025-11-16 09:27:15,456 - UnicodeAnalyzer - INFO - -> Analizzando versione 0.0.0-pr-26886-sha-3e6e7e2b (256/2158)...
2025-11-16 09:27:15,457 - UnicodeAnalyzer - INFO - Filtrati 1 file (es. in /dist, /test).
2025-11-16 09:27:15,458 - UnicodeAnalyzer - INFO - -> Analizzando versione 0.0.0-pr-26886-sha-640213e0 (257/2158)...
2025-11-16 09:27:15,459 - UnicodeAnalyzer - INFO - Filtrati 1 file (es. in /dist, /test).
2025-11-16 09:27:15,459 - UnicodeAnalyzer - INFO - -> Analizzando versione 0.0.0-pr-26886-sha-76a14be0 (258/2158)...
2025-11-16 09:27:15,460 - UnicodeAnalyzer - INFO - Filtrati 1 file (es. in /dist, /test).
2025-11-16 09:27:15,461 - UnicodeAnalyzer - INFO - -> Analizzando versione 0.0.0-pr-26886-sha-b094da7b (259/2158)...
2025-11-16 09:27:15,462 - UnicodeAnalyzer - INFO - Filtrati 1 file (es. in /dist, /test).
2025-11-16 09:27:15,462 - UnicodeAnalyzer - INFO - -> Analizzando versione 0.0.0-pr-26923-sha-300a6ba8 (260/2158)...
2025-11-16 09:27:15,463 - UnicodeAnalyzer - INFO - Filtrati 1 file (es. in /dist, /test).
2025-11-16 09:27:15,531 - UnicodeAnalyzer - INFO - -> Analizzando versione 0.0.0-pr-27008-sha-307d4fb3 (261/2158)...
2025-11-16 09:27:15,533 - UnicodeAnalyzer - INFO - Filtrati 1 file (es. in /dist, /test).
2025-11-16 09:27:15,533 - UnicodeAnalyzer - INFO - -> Analizzando versione 0.0.0-pr-27039-sha-248e1a1b (262/2158)...
2025-11-16 09:27:15,533 - UnicodeAnalyzer - INFO - -> Analizzando versione 0.0.0-pr-27039-sha-3c144552 (263/2158)...
2025-11-16 09:27:15,533 - UnicodeAnalyzer - INFO - -> Analizzando versione 0.0.0-pr-27039-sha-65814b9a (264/2158)...
2025-11-16 09:27:15,534 - UnicodeAnalyzer - INFO - -> Analizzando versione 0.0.0-pr-27039-sha-9bd21423 (265/2158)...
2025-11-16 09:27:15,535 - UnicodeAnalyzer - INFO - Filtrati 1 file (es. in /dist, /test).
2025-11-16 09:27:15,535 - UnicodeAnalyzer - INFO - -> Analizzando versione 0.0.0-pr-27039-sha-a8fe2125 (266/2158)...
2025-11-16 09:27:15,536 - UnicodeAnalyzer - INFO - -> Analizzando versione 0.0.0-pr-27039-sha-b18a4164 (267/2158)...
2025-11-16 09:27:15,536 - UnicodeAnalyzer - INFO - -> Analizzando versione 0.0.0-pr-27039-sha-c071d1be (268/2158)...
2025-11-16 09:27:15,536 - UnicodeAnalyzer - INFO - -> Analizzando versione 0.0.0-pr-27039-sha-c5b7b6ce (269/2158)...
2025-11-16 09:27:15,536 - UnicodeAnalyzer - INFO - -> Analizzando versione 0.0.0-pr-27039-sha-dca9edef (270/2158)...
2025-11-16 09:27:15,536 - UnicodeAnalyzer - INFO - -> Analizzando versione 0.0.0-pr-27039-sha-f879c505 (271/2158)...
2025-11-16 09:27:15,538 - UnicodeAnalyzer - INFO - Filtrati 1 file (es. in /dist, /test).
2025-11-16 09:27:15,538 - UnicodeAnalyzer - INFO - -> Analizzando versione 0.0.0-pr-27039-sha-fbc11962 (272/2158)...
2025-11-16 09:27:15,538 - UnicodeAnalyzer - INFO - -> Analizzando versione 0.0.0-pr-27070-sha-e0acab3b (273/2158)...
2025-11-16 09:27:15,539 - UnicodeAnalyzer - INFO - Filtrati 1 file (es. in /dist, /test).
2025-11-16 09:27:15,540 - UnicodeAnalyzer - INFO - -> Analizzando versione 0.0.0-pr-27107-sha-ce5fc536 (274/2158)...
2025-11-16 09:27:15,541 - UnicodeAnalyzer - INFO - Filtrati 1 file (es. in /dist, /test).
2025-11-16 09:27:15,541 - UnicodeAnalyzer - INFO - -> Analizzando versione 0.0.0-pr-27108-sha-2470133a (275/2158)...
2025-11-16 09:27:15,543 - UnicodeAnalyzer - INFO - Filtrati 1 file (es. in /dist, /test).
2025-11-16 09:27:15,543 - UnicodeAnalyzer - INFO - -> Analizzando versione 0.0.0-pr-27171-sha-0200052e (276/2158)...
2025-11-16 09:27:15,544 - UnicodeAnalyzer - INFO - Filtrati 1 file (es. in /dist, /test).
2025-11-16 09:27:15,544 - UnicodeAnalyzer - INFO - -> Analizzando versione 0.0.0-pr-27171-sha-04378b75 (277/2158)...
2025-11-16 09:27:15,546 - UnicodeAnalyzer - INFO - Filtrati 1 file (es. in /dist, /test).
2025-11-16 09:27:15,546 - UnicodeAnalyzer - INFO - -> Analizzando versione 0.0.0-pr-27171-sha-0f74c006 (278/2158)...
2025-11-16 09:27:15,547 - UnicodeAnalyzer - INFO - Filtrati 1 file (es. in /dist, /test).
2025-11-16 09:27:15,548 - UnicodeAnalyzer - INFO - -> Analizzando versione 0.0.0-pr-27171-sha-780ef97f (279/2158)...
2025-11-16 09:27:15,549 - UnicodeAnalyzer - INFO - Filtrati 1 file (es. in /dist, /test).
2025-11-16 09:27:15,549 - UnicodeAnalyzer - INFO - -> Analizzando versione 0.0.0-pr-27171-sha-a9f1e1db (280/2158)...
2025-11-16 09:27:15,550 - UnicodeAnalyzer - INFO - Filtrati 1 file (es. in /dist, /test).
2025-11-16 09:27:15,551 - UnicodeAnalyzer - INFO - -> Analizzando versione 0.0.0-pr-27171-sha-f81ba26a (281/2158)...
2025-11-16 09:27:15,552 - UnicodeAnalyzer - INFO - Filtrati 1 file (es. in /dist, /test).
2025-11-16 09:27:15,552 - UnicodeAnalyzer - INFO - -> Analizzando versione 0.0.0-pr-27202-sha-9b58ef19 (282/2158)...
2025-11-16 09:27:15,553 - UnicodeAnalyzer - INFO - Filtrati 1 file (es. in /dist, /test).
2025-11-16 09:27:15,554 - UnicodeAnalyzer - INFO - -> Analizzando versione 0.0.0-pr-27359-sha-2d459478 (283/2158)...
2025-11-16 09:27:15,555 - UnicodeAnalyzer - INFO - Filtrati 1 file (es. in /dist, /test).
2025-11-16 09:27:15,555 - UnicodeAnalyzer - INFO - -> Analizzando versione 0.0.0-pr-27361-sha-2255ede9 (284/2158)...
2025-11-16 09:27:15,556 - UnicodeAnalyzer - INFO - Filtrati 1 file (es. in /dist, /test).
2025-11-16 09:27:15,557 - UnicodeAnalyzer - INFO - -> Analizzando versione 0.0.0-pr-27418-sha-ab9c6633 (285/2158)...
2025-11-16 09:27:15,558 - UnicodeAnalyzer - INFO - Filtrati 1 file (es. in /dist, /test).
2025-11-16 09:27:15,558 - UnicodeAnalyzer - INFO - -> Analizzando versione 0.0.0-pr-27423-sha-1f1adcc7 (286/2158)...
2025-11-16 09:27:15,559 - UnicodeAnalyzer - INFO - Filtrati 1 file (es. in /dist, /test).
2025-11-16 09:27:15,560 - UnicodeAnalyzer - INFO - -> Analizzando versione 0.0.0-pr-27423-sha-a431b1dc (287/2158)...
2025-11-16 09:27:15,561 - UnicodeAnalyzer - INFO - Filtrati 1 file (es. in /dist, /test).
2025-11-16 09:27:15,561 - UnicodeAnalyzer - INFO - -> Analizzando versione 0.0.0-pr-27522-sha-4e7fd5c5 (288/2158)...
2025-11-16 09:27:15,563 - UnicodeAnalyzer - INFO - Filtrati 1 file (es. in /dist, /test).
2025-11-16 09:27:15,563 - UnicodeAnalyzer - INFO - -> Analizzando versione 0.0.0-pr-27522-sha-b32386a1 (289/2158)...
2025-11-16 09:27:15,564 - UnicodeAnalyzer - INFO - Filtrati 1 file (es. in /dist, /test).
2025-11-16 09:27:15,564 - UnicodeAnalyzer - INFO - -> Analizzando versione 0.0.0-pr-27529-sha-07e8bc7b (290/2158)...
2025-11-16 09:27:15,566 - UnicodeAnalyzer - INFO - Filtrati 1 file (es. in /dist, /test).
2025-11-16 09:27:15,566 - UnicodeAnalyzer - INFO - -> Analizzando versione 0.0.0-pr-28144-sha-88097b55 (291/2158)...
2025-11-16 09:27:15,567 - UnicodeAnalyzer - INFO - Filtrati 1 file (es. in /dist, /test).
2025-11-16 09:27:15,568 - UnicodeAnalyzer - INFO - -> Analizzando versione 0.0.0-pr-28247-sha-834d31db (292/2158)...
2025-11-16 09:27:15,569 - UnicodeAnalyzer - INFO - Filtrati 1 file (es. in /dist, /test).
2025-11-16 09:27:15,569 - UnicodeAnalyzer - INFO - -> Analizzando versione 0.0.0-pr-28255-sha-9d564a0d (293/2158)...
2025-11-16 09:27:15,570 - UnicodeAnalyzer - INFO - Filtrati 1 file (es. in /dist, /test).
2025-11-16 09:27:15,571 - UnicodeAnalyzer - INFO - -> Analizzando versione 0.0.0-pr-28255-sha-b988fb35 (294/2158)...
2025-11-16 09:27:15,572 - UnicodeAnalyzer - INFO - Filtrati 1 file (es. in /dist, /test).
2025-11-16 09:27:15,572 - UnicodeAnalyzer - INFO - -> Analizzando versione 0.0.0-pr-28288-sha-00631c78 (295/2158)...
2025-11-16 09:27:15,572 - UnicodeAnalyzer - INFO - -> Analizzando versione 0.0.0-pr-28288-sha-0190663b (296/2158)...
2025-11-16 09:27:15,573 - UnicodeAnalyzer - INFO - -> Analizzando versione 0.0.0-pr-28288-sha-18b220e4 (297/2158)...
2025-11-16 09:27:15,573 - UnicodeAnalyzer - INFO - -> Analizzando versione 0.0.0-pr-28288-sha-44851e1f (298/2158)...
2025-11-16 09:27:15,573 - UnicodeAnalyzer - INFO - -> Analizzando versione 0.0.0-pr-28288-sha-868da8f7 (299/2158)...
2025-11-16 09:27:15,573 - UnicodeAnalyzer - INFO - -> Analizzando versione 0.0.0-pr-28288-sha-a1dffdc0 (300/2158)...
2025-11-16 09:27:15,574 - UnicodeAnalyzer - INFO - -> Analizzando versione 0.0.0-pr-28288-sha-f4b255c5 (301/2158)...
2025-11-16 09:27:15,574 - UnicodeAnalyzer - INFO - -> Analizzando versione 0.0.0-pr-28310-sha-4e2aa1c7 (302/2158)...
2025-11-16 09:27:15,574 - UnicodeAnalyzer - INFO - -> Analizzando versione 0.0.0-pr-28318-sha-24019b5c (303/2158)...
2025-11-16 09:27:15,575 - UnicodeAnalyzer - INFO - Filtrati 1 file (es. in /dist, /test).
2025-11-16 09:27:15,576 - UnicodeAnalyzer - INFO - -> Analizzando versione 0.0.0-pr-28319-sha-5c2d5dd4 (304/2158)...
2025-11-16 09:27:15,576 - UnicodeAnalyzer - INFO - -> Analizzando versione 0.0.0-pr-28319-sha-b5e94723 (305/2158)...
2025-11-16 09:27:15,576 - UnicodeAnalyzer - INFO - -> Analizzando versione 0.0.0-pr-28385-sha-61d0ddf0 (306/2158)...
2025-11-16 09:27:15,576 - UnicodeAnalyzer - INFO - -> Analizzando versione 0.0.0-pr-28385-sha-9aab3bd7 (307/2158)...
2025-11-16 09:27:15,577 - UnicodeAnalyzer - INFO - Filtrati 1 file (es. in /dist, /test).
2025-11-16 09:27:15,578 - UnicodeAnalyzer - INFO - -> Analizzando versione 0.0.0-pr-28410-sha-1e4b8fe0 (308/2158)...
2025-11-16 09:27:15,578 - UnicodeAnalyzer - INFO - -> Analizzando versione 0.0.0-pr-28415-sha-49a96170 (309/2158)...
2025-11-16 09:27:15,578 - UnicodeAnalyzer - INFO - -> Analizzando versione 0.0.0-pr-28415-sha-98c4ca6f (310/2158)...
2025-11-16 09:27:15,579 - UnicodeAnalyzer - INFO - -> Analizzando versione 0.0.0-pr-28418-sha-1934512b (311/2158)...
2025-11-16 09:27:15,579 - UnicodeAnalyzer - INFO - -> Analizzando versione 0.0.0-pr-28455-sha-92218b55 (312/2158)...
2025-11-16 09:27:15,579 - UnicodeAnalyzer - INFO - -> Analizzando versione 0.0.0-pr-28460-sha-b938a95e (313/2158)...
2025-11-16 09:27:15,579 - UnicodeAnalyzer - INFO - -> Analizzando versione 0.0.0-pr-28471-sha-0136d9a2 (314/2158)...
2025-11-16 09:27:15,579 - UnicodeAnalyzer - INFO - -> Analizzando versione 0.0.0-pr-28471-sha-3051a5b2 (315/2158)...
2025-11-16 09:27:15,580 - UnicodeAnalyzer - INFO - -> Analizzando versione 0.0.0-pr-28481-sha-0c1a3b1c (316/2158)...
2025-11-16 09:27:15,580 - UnicodeAnalyzer - INFO - -> Analizzando versione 0.0.0-pr-28481-sha-85821163 (317/2158)...
2025-11-16 09:27:15,580 - UnicodeAnalyzer - INFO - -> Analizzando versione 0.0.0-pr-28483-sha-98ec3d9e (318/2158)...
2025-11-16 09:27:15,580 - UnicodeAnalyzer - INFO - -> Analizzando versione 0.0.0-pr-28483-sha-b6e8d097 (319/2158)...
2025-11-16 09:27:15,581 - UnicodeAnalyzer - INFO - -> Analizzando versione 0.0.0-pr-28483-sha-c6902abe (320/2158)...
2025-11-16 09:27:15,581 - UnicodeAnalyzer - INFO - -> Analizzando versione 0.0.0-pr-28483-sha-d7c2f6b8 (321/2158)...
2025-11-16 09:27:15,581 - UnicodeAnalyzer - INFO - -> Analizzando versione 0.0.0-pr-28492-sha-08d3f4f1 (322/2158)...
2025-11-16 09:27:15,581 - UnicodeAnalyzer - INFO - -> Analizzando versione 0.0.0-pr-28492-sha-789c232a (323/2158)...
2025-11-16 09:27:15,582 - UnicodeAnalyzer - INFO - -> Analizzando versione 0.0.0-pr-28519-sha-34a61f2f (324/2158)...
2025-11-16 09:27:15,582 - UnicodeAnalyzer - INFO - -> Analizzando versione 0.0.0-pr-28519-sha-435dfc14 (325/2158)...
2025-11-16 09:27:15,582 - UnicodeAnalyzer - INFO - -> Analizzando versione 0.0.0-pr-28519-sha-55a2fd41 (326/2158)...
2025-11-16 09:27:15,582 - UnicodeAnalyzer - INFO - -> Analizzando versione 0.0.0-pr-28519-sha-8fbf6907 (327/2158)...
2025-11-16 09:27:15,582 - UnicodeAnalyzer - INFO - -> Analizzando versione 0.0.0-pr-28519-sha-9507c102 (328/2158)...
2025-11-16 09:27:15,583 - UnicodeAnalyzer - INFO - -> Analizzando versione 0.0.0-pr-28519-sha-bb99ab9c (329/2158)...
2025-11-16 09:27:15,583 - UnicodeAnalyzer - INFO - -> Analizzando versione 0.0.0-pr-28519-sha-bcd8b77c (330/2158)...
2025-11-16 09:27:15,583 - UnicodeAnalyzer - INFO - -> Analizzando versione 0.0.0-pr-28519-sha-c31b2497 (331/2158)...
2025-11-16 09:27:15,583 - UnicodeAnalyzer - INFO - -> Analizzando versione 0.0.0-pr-28519-sha-d0855031 (332/2158)...
2025-11-16 09:27:15,584 - UnicodeAnalyzer - INFO - -> Analizzando versione 0.0.0-pr-28519-sha-d9144630 (333/2158)...
2025-11-16 09:27:15,584 - UnicodeAnalyzer - INFO - -> Analizzando versione 0.0.0-pr-28519-sha-dc715316 (334/2158)...
2025-11-16 09:27:15,584 - UnicodeAnalyzer - INFO - -> Analizzando versione 0.0.0-pr-28552-sha-231a9ce2 (335/2158)...
2025-11-16 09:27:15,584 - UnicodeAnalyzer - INFO - -> Analizzando versione 0.0.0-pr-28552-sha-be84deb3 (336/2158)...
2025-11-16 09:27:15,585 - UnicodeAnalyzer - INFO - -> Analizzando versione 0.0.0-pr-28564-sha-ee053642 (337/2158)...
2025-11-16 09:27:15,585 - UnicodeAnalyzer - INFO - -> Analizzando versione 0.0.0-pr-28571-sha-b97df212 (338/2158)...
2025-11-16 09:27:15,585 - UnicodeAnalyzer - INFO - -> Analizzando versione 0.0.0-pr-28579-sha-08603e88 (339/2158)...
2025-11-16 09:27:15,585 - UnicodeAnalyzer - INFO - -> Analizzando versione 0.0.0-pr-28579-sha-24215f08 (340/2158)...
2025-11-16 09:27:15,586 - UnicodeAnalyzer - INFO - -> Analizzando versione 0.0.0-pr-28581-sha-1dc31136 (341/2158)...
2025-11-16 09:27:15,586 - UnicodeAnalyzer - INFO - -> Analizzando versione 0.0.0-pr-28585-sha-af48f0d6 (342/2158)...
2025-11-16 09:27:15,586 - UnicodeAnalyzer - INFO - -> Analizzando versione 0.0.0-pr-28607-sha-54ec63fe (343/2158)...
2025-11-16 09:27:15,586 - UnicodeAnalyzer - INFO - -> Analizzando versione 0.0.0-pr-28607-sha-b9bf7d39 (344/2158)...
2025-11-16 09:27:15,586 - UnicodeAnalyzer - INFO - -> Analizzando versione 0.0.0-pr-28609-sha-1103d7ff (345/2158)...
2025-11-16 09:27:15,587 - UnicodeAnalyzer - INFO - -> Analizzando versione 0.0.0-pr-28693-sha-ed560db4 (346/2158)...
2025-11-16 09:27:15,587 - UnicodeAnalyzer - INFO - -> Analizzando versione 0.0.0-pr-28694-sha-b28ec221 (347/2158)...
2025-11-16 09:27:15,587 - UnicodeAnalyzer - INFO - -> Analizzando versione 0.0.0-pr-28699-sha-3cca421e (348/2158)...
2025-11-16 09:27:15,587 - UnicodeAnalyzer - INFO - -> Analizzando versione 0.0.0-pr-28700-sha-917b9cbd (349/2158)...
2025-11-16 09:27:15,588 - UnicodeAnalyzer - INFO - -> Analizzando versione 0.0.0-pr-28730-sha-19917266 (350/2158)...
2025-11-16 09:27:15,588 - UnicodeAnalyzer - INFO - -> Analizzando versione 0.0.0-pr-28730-sha-8f30c5c8 (351/2158)...
2025-11-16 09:27:15,588 - UnicodeAnalyzer - INFO - -> Analizzando versione 0.0.0-pr-28730-sha-c76facfe (352/2158)...
2025-11-16 09:27:15,588 - UnicodeAnalyzer - INFO - -> Analizzando versione 0.0.0-pr-28752-sha-a65743e5 (353/2158)...
2025-11-16 09:27:15,589 - UnicodeAnalyzer - INFO - -> Analizzando versione 0.0.0-pr-28756-sha-b7d9207d (354/2158)...
2025-11-16 09:27:15,589 - UnicodeAnalyzer - INFO - -> Analizzando versione 0.0.0-pr-28756-sha-d271575c (355/2158)...
2025-11-16 09:27:15,589 - UnicodeAnalyzer - INFO - -> Analizzando versione 0.0.0-pr-28761-sha-b7b04012 (356/2158)...
2025-11-16 09:27:15,589 - UnicodeAnalyzer - INFO - -> Analizzando versione 0.0.0-pr-28768-sha-2e4b1992 (357/2158)...
2025-11-16 09:27:15,589 - UnicodeAnalyzer - INFO - -> Analizzando versione 0.0.0-pr-28768-sha-416cd00d (358/2158)...
2025-11-16 09:27:15,590 - UnicodeAnalyzer - INFO - -> Analizzando versione 0.0.0-pr-28768-sha-4bf04455 (359/2158)...
2025-11-16 09:27:15,590 - UnicodeAnalyzer - INFO - -> Analizzando versione 0.0.0-pr-28768-sha-6d4caba0 (360/2158)...
2025-11-16 09:27:15,590 - UnicodeAnalyzer - INFO - -> Analizzando versione 0.0.0-pr-28768-sha-81281ec6 (361/2158)...
2025-11-16 09:27:15,590 - UnicodeAnalyzer - INFO - -> Analizzando versione 0.0.0-pr-28768-sha-87c6223c (362/2158)...
2025-11-16 09:27:15,591 - UnicodeAnalyzer - INFO - -> Analizzando versione 0.0.0-pr-28768-sha-89e4a1ff (363/2158)...
2025-11-16 09:27:15,591 - UnicodeAnalyzer - INFO - -> Analizzando versione 0.0.0-pr-28768-sha-9b4d61ce (364/2158)...
2025-11-16 09:27:15,591 - UnicodeAnalyzer - INFO - -> Analizzando versione 0.0.0-pr-28768-sha-be894e9d (365/2158)...
2025-11-16 09:27:15,591 - UnicodeAnalyzer - INFO - -> Analizzando versione 0.0.0-pr-28768-sha-f4bf860e (366/2158)...
2025-11-16 09:27:15,592 - UnicodeAnalyzer - INFO - -> Analizzando versione 0.0.0-pr-28797-sha-2c38805d (367/2158)...
2025-11-16 09:27:15,592 - UnicodeAnalyzer - INFO - -> Analizzando versione 0.0.0-pr-28797-sha-e221ee7e (368/2158)...
2025-11-16 09:27:15,592 - UnicodeAnalyzer - INFO - -> Analizzando versione 0.0.0-pr-28800-sha-2528064a (369/2158)...
2025-11-16 09:27:15,592 - UnicodeAnalyzer - INFO - -> Analizzando versione 0.0.0-pr-28882-sha-2310d8df (370/2158)...
2025-11-16 09:27:15,592 - UnicodeAnalyzer - INFO - -> Analizzando versione 0.0.0-pr-28882-sha-2e6a0c80 (371/2158)...
2025-11-16 09:27:15,593 - UnicodeAnalyzer - INFO - -> Analizzando versione 0.0.0-pr-28882-sha-441ae2cd (372/2158)...
2025-11-16 09:27:15,593 - UnicodeAnalyzer - INFO - -> Analizzando versione 0.0.0-pr-28882-sha-90fe4bc9 (373/2158)...
2025-11-16 09:27:15,593 - UnicodeAnalyzer - INFO - -> Analizzando versione 0.0.0-pr-28882-sha-a04fe375 (374/2158)...
2025-11-16 09:27:15,593 - UnicodeAnalyzer - INFO - -> Analizzando versione 0.0.0-pr-28882-sha-e607100a (375/2158)...
2025-11-16 09:27:15,594 - UnicodeAnalyzer - INFO - -> Analizzando versione 0.0.0-pr-28916-sha-7e83d7e4 (376/2158)...
2025-11-16 09:27:15,594 - UnicodeAnalyzer - INFO - -> Analizzando versione 0.0.0-pr-28920-sha-0a35a32c (377/2158)...
2025-11-16 09:27:15,594 - UnicodeAnalyzer - INFO - -> Analizzando versione 0.0.0-pr-28920-sha-480f404a (378/2158)...
2025-11-16 09:27:15,594 - UnicodeAnalyzer - INFO - -> Analizzando versione 0.0.0-pr-28920-sha-cd8f1f27 (379/2158)...
2025-11-16 09:27:15,595 - UnicodeAnalyzer - INFO - -> Analizzando versione 0.0.0-pr-28920-sha-f1031cb2 (380/2158)...
2025-11-16 09:27:15,595 - UnicodeAnalyzer - INFO - -> Analizzando versione 0.0.0-pr-28920-sha-f4db6c03 (381/2158)...
2025-11-16 09:27:15,595 - UnicodeAnalyzer - INFO - -> Analizzando versione 0.0.0-pr-28975-sha-896e3f06 (382/2158)...
2025-11-16 09:27:15,595 - UnicodeAnalyzer - INFO - -> Analizzando versione 0.0.0-pr-28975-sha-d3d6fd2e (383/2158)...
2025-11-16 09:27:15,595 - UnicodeAnalyzer - INFO - -> Analizzando versione 0.0.0-pr-28978-sha-d1099143 (384/2158)...
2025-11-16 09:27:15,596 - UnicodeAnalyzer - INFO - -> Analizzando versione 0.0.0-pr-28980-sha-5147e88f (385/2158)...
2025-11-16 09:27:15,596 - UnicodeAnalyzer - INFO - -> Analizzando versione 0.0.0-pr-28984-sha-29839935 (386/2158)...
2025-11-16 09:27:15,596 - UnicodeAnalyzer - INFO - -> Analizzando versione 0.0.0-pr-28993-sha-5e4d9ae9 (387/2158)...
2025-11-16 09:27:15,596 - UnicodeAnalyzer - INFO - -> Analizzando versione 0.0.0-pr-29012-sha-dea51a74 (388/2158)...
2025-11-16 09:27:15,597 - UnicodeAnalyzer - INFO - -> Analizzando versione 0.0.0-pr-29012-sha-f9454736 (389/2158)...
2025-11-16 09:27:15,597 - UnicodeAnalyzer - INFO - -> Analizzando versione 0.0.0-pr-29014-sha-a0ccf5b8 (390/2158)...
2025-11-16 09:27:15,597 - UnicodeAnalyzer - INFO - -> Analizzando versione 0.0.0-pr-29036-sha-7d2e30bf (391/2158)...
2025-11-16 09:27:15,597 - UnicodeAnalyzer - INFO - -> Analizzando versione 0.0.0-pr-29036-sha-b6b6c248 (392/2158)...
2025-11-16 09:27:15,598 - UnicodeAnalyzer - INFO - -> Analizzando versione 0.0.0-pr-29044-sha-67f91ec6 (393/2158)...
2025-11-16 09:27:15,598 - UnicodeAnalyzer - INFO - -> Analizzando versione 0.0.0-pr-29044-sha-ad08bfc3 (394/2158)...
2025-11-16 09:27:15,598 - UnicodeAnalyzer - INFO - -> Analizzando versione 0.0.0-pr-29133-sha-2f4658bd (395/2158)...
2025-11-16 09:27:15,598 - UnicodeAnalyzer - INFO - -> Analizzando versione 0.0.0-pr-29134-sha-a3d75f58 (396/2158)...
2025-11-16 09:27:15,598 - UnicodeAnalyzer - INFO - -> Analizzando versione 0.0.0-pr-29152-sha-0d238e2d (397/2158)...
2025-11-16 09:27:15,599 - UnicodeAnalyzer - INFO - -> Analizzando versione 0.0.0-pr-29157-sha-6bbffdff (398/2158)...
2025-11-16 09:27:15,599 - UnicodeAnalyzer - INFO - -> Analizzando versione 0.0.0-pr-29157-sha-987feb44 (399/2158)...
2025-11-16 09:27:15,599 - UnicodeAnalyzer - INFO - -> Analizzando versione 0.0.0-pr-29184-sha-d5ba8e56 (400/2158)...
2025-11-16 09:27:15,599 - UnicodeAnalyzer - INFO - -> Analizzando versione 0.0.0-pr-29223-sha-d3f5ad98 (401/2158)...
2025-11-16 09:27:15,600 - UnicodeAnalyzer - INFO - -> Analizzando versione 0.0.0-pr-29230-sha-6c3a0bb1 (402/2158)...
2025-11-16 09:27:15,600 - UnicodeAnalyzer - INFO - -> Analizzando versione 0.0.0-pr-29230-sha-baa53b14 (403/2158)...
2025-11-16 09:27:15,600 - UnicodeAnalyzer - INFO - -> Analizzando versione 0.0.0-pr-29230-sha-ffef33ce (404/2158)...
2025-11-16 09:27:15,600 - UnicodeAnalyzer - INFO - -> Analizzando versione 0.0.0-pr-29241-sha-1ad5dc04 (405/2158)...
2025-11-16 09:27:15,601 - UnicodeAnalyzer - INFO - -> Analizzando versione 0.0.0-pr-29241-sha-2ecb9573 (406/2158)...
2025-11-16 09:27:15,601 - UnicodeAnalyzer - INFO - -> Analizzando versione 0.0.0-pr-29241-sha-4da1ec12 (407/2158)...
2025-11-16 09:27:15,601 - UnicodeAnalyzer - INFO - -> Analizzando versione 0.0.0-pr-29241-sha-6b6537be (408/2158)...
2025-11-16 09:27:15,601 - UnicodeAnalyzer - INFO - -> Analizzando versione 0.0.0-pr-29241-sha-6ff1a8b2 (409/2158)...
2025-11-16 09:27:15,601 - UnicodeAnalyzer - INFO - -> Analizzando versione 0.0.0-pr-29241-sha-786ddd72 (410/2158)...
2025-11-16 09:27:15,602 - UnicodeAnalyzer - INFO - -> Analizzando versione 0.0.0-pr-29241-sha-95704996 (411/2158)...
2025-11-16 09:27:15,602 - UnicodeAnalyzer - INFO - -> Analizzando versione 0.0.0-pr-29241-sha-c875a271 (412/2158)...
2025-11-16 09:27:15,602 - UnicodeAnalyzer - INFO - -> Analizzando versione 0.0.0-pr-29241-sha-d29f0c6b (413/2158)...
2025-11-16 09:27:15,602 - UnicodeAnalyzer - INFO - -> Analizzando versione 0.0.0-pr-29241-sha-f30996d6 (414/2158)...
2025-11-16 09:27:15,603 - UnicodeAnalyzer - INFO - -> Analizzando versione 0.0.0-pr-29254-sha-27a5decc (415/2158)...
2025-11-16 09:27:15,603 - UnicodeAnalyzer - INFO - -> Analizzando versione 0.0.0-pr-29256-sha-cd1d83f5 (416/2158)...
2025-11-16 09:27:15,603 - UnicodeAnalyzer - INFO - -> Analizzando versione 0.0.0-pr-29267-sha-1523974d (417/2158)...
2025-11-16 09:27:15,603 - UnicodeAnalyzer - INFO - -> Analizzando versione 0.0.0-pr-29267-sha-d499768c (418/2158)...
2025-11-16 09:27:15,604 - UnicodeAnalyzer - INFO - -> Analizzando versione 0.0.0-pr-29301-sha-991d41fc (419/2158)...
2025-11-16 09:27:15,604 - UnicodeAnalyzer - INFO - -> Analizzando versione 0.0.0-pr-29302-sha-21f4ff11 (420/2158)...
2025-11-16 09:27:15,604 - UnicodeAnalyzer - INFO - -> Analizzando versione 0.0.0-pr-29311-sha-c4d3ed03 (421/2158)...
2025-11-16 09:27:15,604 - UnicodeAnalyzer - INFO - -> Analizzando versione 0.0.0-pr-29333-sha-c7603f3d (422/2158)...
2025-11-16 09:27:15,604 - UnicodeAnalyzer - INFO - -> Analizzando versione 0.0.0-pr-29353-sha-3b7a5f8f (423/2158)...
2025-11-16 09:27:15,605 - UnicodeAnalyzer - INFO - -> Analizzando versione 0.0.0-pr-29353-sha-c7d17a36 (424/2158)...
2025-11-16 09:27:15,605 - UnicodeAnalyzer - INFO - -> Analizzando versione 0.0.0-pr-29382-sha-f608e224 (425/2158)...
2025-11-16 09:27:15,605 - UnicodeAnalyzer - INFO - -> Analizzando versione 0.0.0-pr-29424-sha-612c2fbc (426/2158)...
2025-11-16 09:27:15,605 - UnicodeAnalyzer - INFO - -> Analizzando versione 0.0.0-pr-29434-sha-c02fe507 (427/2158)...
2025-11-16 09:27:15,606 - UnicodeAnalyzer - INFO - -> Analizzando versione 0.0.0-pr-29476-sha-18b82d85 (428/2158)...
2025-11-16 09:27:15,606 - UnicodeAnalyzer - INFO - -> Analizzando versione 0.0.0-pr-29479-sha-9aac063c (429/2158)...
2025-11-16 09:27:15,606 - UnicodeAnalyzer - INFO - -> Analizzando versione 0.0.0-pr-29482-sha-5d433a45 (430/2158)...
2025-11-16 09:27:15,606 - UnicodeAnalyzer - INFO - -> Analizzando versione 0.0.0-pr-29510-sha-059f75bd (431/2158)...
2025-11-16 09:27:15,607 - UnicodeAnalyzer - INFO - -> Analizzando versione 0.0.0-pr-29520-sha-627893bc (432/2158)...
2025-11-16 09:27:15,607 - UnicodeAnalyzer - INFO - -> Analizzando versione 0.0.0-pr-29520-sha-80319502 (433/2158)...
2025-11-16 09:27:15,607 - UnicodeAnalyzer - INFO - -> Analizzando versione 0.0.0-pr-29520-sha-c92aa93a (434/2158)...
2025-11-16 09:27:15,607 - UnicodeAnalyzer - INFO - -> Analizzando versione 0.0.0-pr-29544-sha-fd7f82f1 (435/2158)...
2025-11-16 09:27:15,607 - UnicodeAnalyzer - INFO - -> Analizzando versione 0.0.0-pr-29627-sha-69905647 (436/2158)...
2025-11-16 09:27:15,608 - UnicodeAnalyzer - INFO - -> Analizzando versione 0.0.0-pr-29639-sha-4154c3cb (437/2158)...
2025-11-16 09:27:15,608 - UnicodeAnalyzer - INFO - -> Analizzando versione 0.0.0-pr-29640-sha-3521df0d (438/2158)...
2025-11-16 09:27:15,608 - UnicodeAnalyzer - INFO - -> Analizzando versione 0.0.0-pr-29640-sha-e762e5df (439/2158)...
2025-11-16 09:27:15,608 - UnicodeAnalyzer - INFO - -> Analizzando versione 0.0.0-pr-29643-sha-0437d77f (440/2158)...
2025-11-16 09:27:15,609 - UnicodeAnalyzer - INFO - -> Analizzando versione 0.0.0-pr-29643-sha-1abb89dc (441/2158)...
2025-11-16 09:27:15,609 - UnicodeAnalyzer - INFO - -> Analizzando versione 0.0.0-pr-29643-sha-32a95d9e (442/2158)...
2025-11-16 09:27:15,609 - UnicodeAnalyzer - INFO - -> Analizzando versione 0.0.0-pr-29643-sha-45c9a76c (443/2158)...
2025-11-16 09:27:15,609 - UnicodeAnalyzer - INFO - -> Analizzando versione 0.0.0-pr-29643-sha-7f596df3 (444/2158)...
2025-11-16 09:27:15,610 - UnicodeAnalyzer - INFO - -> Analizzando versione 0.0.0-pr-29643-sha-82899600 (445/2158)...
2025-11-16 09:27:15,610 - UnicodeAnalyzer - INFO - -> Analizzando versione 0.0.0-pr-29643-sha-8ee5ed6e (446/2158)...
2025-11-16 09:27:15,610 - UnicodeAnalyzer - INFO - -> Analizzando versione 0.0.0-pr-29643-sha-91c07f18 (447/2158)...
2025-11-16 09:27:15,610 - UnicodeAnalyzer - INFO - -> Analizzando versione 0.0.0-pr-29643-sha-9a3ec6dc (448/2158)...
2025-11-16 09:27:15,611 - UnicodeAnalyzer - INFO - -> Analizzando versione 0.0.0-pr-29643-sha-9cd7e771 (449/2158)...
2025-11-16 09:27:15,611 - UnicodeAnalyzer - INFO - -> Analizzando versione 0.0.0-pr-29643-sha-aa40afae (450/2158)...
2025-11-16 09:27:15,611 - UnicodeAnalyzer - INFO - -> Analizzando versione 0.0.0-pr-29643-sha-c0d50cca (451/2158)...
2025-11-16 09:27:15,611 - UnicodeAnalyzer - INFO - -> Analizzando versione 0.0.0-pr-29643-sha-d0cc243e (452/2158)...
2025-11-16 09:27:15,612 - UnicodeAnalyzer - INFO - -> Analizzando versione 0.0.0-pr-29643-sha-dd3f1df2 (453/2158)...
2025-11-16 09:27:15,612 - UnicodeAnalyzer - INFO - -> Analizzando versione 0.0.0-pr-29643-sha-de6b1f23 (454/2158)...
2025-11-16 09:27:15,612 - UnicodeAnalyzer - INFO - -> Analizzando versione 0.0.0-pr-29643-sha-ed794c84 (455/2158)...
2025-11-16 09:27:15,612 - UnicodeAnalyzer - INFO - -> Analizzando versione 0.0.0-pr-29654-sha-2a02e134 (456/2158)...
2025-11-16 09:27:15,613 - UnicodeAnalyzer - INFO - -> Analizzando versione 0.0.0-pr-29654-sha-83a1f24f (457/2158)...
2025-11-16 09:27:15,613 - UnicodeAnalyzer - INFO - -> Analizzando versione 0.0.0-pr-29659-sha-1f47b682 (458/2158)...
2025-11-16 09:27:15,613 - UnicodeAnalyzer - INFO - -> Analizzando versione 0.0.0-pr-29661-sha-2eebee12 (459/2158)...
2025-11-16 09:27:15,613 - UnicodeAnalyzer - INFO - -> Analizzando versione 0.0.0-pr-29676-sha-13e54a02 (460/2158)...
2025-11-16 09:27:15,613 - UnicodeAnalyzer - INFO - -> Analizzando versione 0.0.0-pr-29679-sha-7def7127 (461/2158)...
2025-11-16 09:27:15,614 - UnicodeAnalyzer - INFO - -> Analizzando versione 0.0.0-pr-29687-sha-bf73c124 (462/2158)...
2025-11-16 09:27:15,614 - UnicodeAnalyzer - INFO - -> Analizzando versione 0.0.0-pr-29687-sha-d977033a (463/2158)...
2025-11-16 09:27:15,614 - UnicodeAnalyzer - INFO - -> Analizzando versione 0.0.0-pr-29736-sha-1cc488e7 (464/2158)...
2025-11-16 09:27:15,614 - UnicodeAnalyzer - INFO - -> Analizzando versione 0.0.0-pr-29754-sha-834368b9 (465/2158)...
2025-11-16 09:27:15,615 - UnicodeAnalyzer - INFO - -> Analizzando versione 0.0.0-pr-29756-sha-18442450 (466/2158)...
2025-11-16 09:27:15,615 - UnicodeAnalyzer - INFO - -> Analizzando versione 0.0.0-pr-29756-sha-24626315 (467/2158)...
2025-11-16 09:27:15,615 - UnicodeAnalyzer - INFO - -> Analizzando versione 0.0.0-pr-29802-sha-ecb67932 (468/2158)...
2025-11-16 09:27:15,615 - UnicodeAnalyzer - INFO - -> Analizzando versione 0.0.0-pr-29824-sha-bac7061d (469/2158)...
2025-11-16 09:27:15,616 - UnicodeAnalyzer - INFO - -> Analizzando versione 0.0.0-pr-29952-sha-41e4fd31 (470/2158)...
2025-11-16 09:27:15,616 - UnicodeAnalyzer - INFO - -> Analizzando versione 0.0.0-pr-29953-sha-bbfabab3 (471/2158)...
2025-11-16 09:27:15,616 - UnicodeAnalyzer - INFO - -> Analizzando versione 0.0.0-pr-29996-sha-871eec73 (472/2158)...
2025-11-16 09:27:15,616 - UnicodeAnalyzer - INFO - -> Analizzando versione 0.0.0-pr-30004-sha-11628b25 (473/2158)...
2025-11-16 09:27:15,616 - UnicodeAnalyzer - INFO - -> Analizzando versione 0.0.0-pr-30004-sha-3fbd9480 (474/2158)...
2025-11-16 09:27:15,617 - UnicodeAnalyzer - INFO - -> Analizzando versione 0.0.0-pr-30004-sha-dc094300 (475/2158)...
2025-11-16 09:27:15,617 - UnicodeAnalyzer - INFO - -> Analizzando versione 0.0.0-pr-30005-sha-ba51dda0 (476/2158)...
2025-11-16 09:27:15,617 - UnicodeAnalyzer - INFO - -> Analizzando versione 0.0.0-pr-30021-sha-b1cc74da (477/2158)...
2025-11-16 09:27:15,617 - UnicodeAnalyzer - INFO - -> Analizzando versione 0.0.0-pr-30031-sha-5acb6e15 (478/2158)...
2025-11-16 09:27:15,618 - UnicodeAnalyzer - INFO - -> Analizzando versione 0.0.0-pr-30037-sha-13e3869b (479/2158)...
2025-11-16 09:27:15,618 - UnicodeAnalyzer - INFO - -> Analizzando versione 0.0.0-pr-30037-sha-26535162 (480/2158)...
2025-11-16 09:27:15,618 - UnicodeAnalyzer - INFO - -> Analizzando versione 0.0.0-pr-30037-sha-45971d9d (481/2158)...
2025-11-16 09:27:15,618 - UnicodeAnalyzer - INFO - -> Analizzando versione 0.0.0-pr-30037-sha-4bf0f029 (482/2158)...
2025-11-16 09:27:15,619 - UnicodeAnalyzer - INFO - -> Analizzando versione 0.0.0-pr-30037-sha-95e24299 (483/2158)...
2025-11-16 09:27:15,619 - UnicodeAnalyzer - INFO - -> Analizzando versione 0.0.0-pr-30037-sha-b4a1714b (484/2158)...
2025-11-16 09:27:15,619 - UnicodeAnalyzer - INFO - -> Analizzando versione 0.0.0-pr-30044-sha-f88023ad (485/2158)...
2025-11-16 09:27:15,619 - UnicodeAnalyzer - INFO - -> Analizzando versione 0.0.0-pr-30047-sha-10ab439e (486/2158)...
2025-11-16 09:27:15,619 - UnicodeAnalyzer - INFO - -> Analizzando versione 0.0.0-pr-30054-sha-fb986dc5 (487/2158)...
2025-11-16 09:27:15,620 - UnicodeAnalyzer - INFO - -> Analizzando versione 0.0.0-pr-30055-sha-75c4665d (488/2158)...
2025-11-16 09:27:15,620 - UnicodeAnalyzer - INFO - -> Analizzando versione 0.0.0-pr-30070-sha-0b45cb37 (489/2158)...
2025-11-16 09:27:15,620 - UnicodeAnalyzer - INFO - -> Analizzando versione 0.0.0-pr-30070-sha-11e0729d (490/2158)...
2025-11-16 09:27:15,620 - UnicodeAnalyzer - INFO - -> Analizzando versione 0.0.0-pr-30071-sha-26d114f9 (491/2158)...
2025-11-16 09:27:15,621 - UnicodeAnalyzer - INFO - -> Analizzando versione 0.0.0-pr-30077-sha-3cded02f (492/2158)...
2025-11-16 09:27:15,621 - UnicodeAnalyzer - INFO - -> Analizzando versione 0.0.0-pr-30105-sha-a2609294 (493/2158)...
2025-11-16 09:27:15,621 - UnicodeAnalyzer - INFO - -> Analizzando versione 0.0.0-pr-30117-sha-7ec361e1 (494/2158)...
2025-11-16 09:27:15,621 - UnicodeAnalyzer - INFO - -> Analizzando versione 0.0.0-pr-30127-sha-cb69dbf6 (495/2158)...
2025-11-16 09:27:15,622 - UnicodeAnalyzer - INFO - -> Analizzando versione 0.0.0-pr-30127-sha-f52a7f9c (496/2158)...
2025-11-16 09:27:15,622 - UnicodeAnalyzer - INFO - -> Analizzando versione 0.0.0-pr-30134-sha-dcd49108 (497/2158)...
2025-11-16 09:27:15,622 - UnicodeAnalyzer - INFO - -> Analizzando versione 0.0.0-pr-30135-sha-0f78a4ff (498/2158)...
2025-11-16 09:27:15,622 - UnicodeAnalyzer - INFO - -> Analizzando versione 0.0.0-pr-30162-sha-335c760f (499/2158)...
2025-11-16 09:27:15,622 - UnicodeAnalyzer - INFO - -> Analizzando versione 0.0.0-pr-30162-sha-3ff5a62d (500/2158)...
2025-11-16 09:27:15,623 - UnicodeAnalyzer - INFO - -> Analizzando versione 0.0.0-pr-30162-sha-4283a92c (501/2158)...
2025-11-16 09:27:15,623 - UnicodeAnalyzer - INFO - -> Analizzando versione 0.0.0-pr-30162-sha-b0d96bc5 (502/2158)...
2025-11-16 09:27:15,623 - UnicodeAnalyzer - INFO - -> Analizzando versione 0.0.0-pr-30162-sha-c43aa097 (503/2158)...
2025-11-16 09:27:15,623 - UnicodeAnalyzer - INFO - -> Analizzando versione 0.0.0-pr-30162-sha-e7b81bcf (504/2158)...
2025-11-16 09:27:15,624 - UnicodeAnalyzer - INFO - -> Analizzando versione 0.0.0-pr-30162-sha-fc2610f4 (505/2158)...
2025-11-16 09:27:15,624 - UnicodeAnalyzer - INFO - -> Analizzando versione 0.0.0-pr-30181-sha-2fdb0bfe (506/2158)...
2025-11-16 09:27:15,624 - UnicodeAnalyzer - INFO - -> Analizzando versione 0.0.0-pr-30181-sha-dba7ad37 (507/2158)...
2025-11-16 09:27:15,624 - UnicodeAnalyzer - INFO - -> Analizzando versione 0.0.0-pr-30188-sha-30f73684 (508/2158)...
2025-11-16 09:27:15,625 - UnicodeAnalyzer - INFO - -> Analizzando versione 0.0.0-pr-30188-sha-7794b8ec (509/2158)...
2025-11-16 09:27:15,625 - UnicodeAnalyzer - INFO - -> Analizzando versione 0.0.0-pr-30197-sha-3753cde1 (510/2158)...
2025-11-16 09:27:15,625 - UnicodeAnalyzer - INFO - -> Analizzando versione 0.0.0-pr-30197-sha-3a606792 (511/2158)...
2025-11-16 09:27:15,625 - UnicodeAnalyzer - INFO - -> Analizzando versione 0.0.0-pr-30197-sha-7b4f8199 (512/2158)...
2025-11-16 09:27:15,625 - UnicodeAnalyzer - INFO - -> Analizzando versione 0.0.0-pr-30197-sha-7e96e461 (513/2158)...
2025-11-16 09:27:15,626 - UnicodeAnalyzer - INFO - -> Analizzando versione 0.0.0-pr-30197-sha-861625a8 (514/2158)...
2025-11-16 09:27:15,626 - UnicodeAnalyzer - INFO - -> Analizzando versione 0.0.0-pr-30197-sha-8babc1dd (515/2158)...
2025-11-16 09:27:15,626 - UnicodeAnalyzer - INFO - -> Analizzando versione 0.0.0-pr-30197-sha-99c86eb2 (516/2158)...
2025-11-16 09:27:15,626 - UnicodeAnalyzer - INFO - -> Analizzando versione 0.0.0-pr-30197-sha-a3d613d5 (517/2158)...
2025-11-16 09:27:15,627 - UnicodeAnalyzer - INFO - -> Analizzando versione 0.0.0-pr-30197-sha-de13df08 (518/2158)...
2025-11-16 09:27:15,627 - UnicodeAnalyzer - INFO - -> Analizzando versione 0.0.0-pr-30202-sha-0063c5e6 (519/2158)...
2025-11-16 09:27:15,627 - UnicodeAnalyzer - INFO - -> Analizzando versione 0.0.0-pr-30202-sha-078ba9c5 (520/2158)...
2025-11-16 09:27:15,627 - UnicodeAnalyzer - INFO - -> Analizzando versione 0.0.0-pr-30202-sha-1dd4f35d (521/2158)...
2025-11-16 09:27:15,628 - UnicodeAnalyzer - INFO - -> Analizzando versione 0.0.0-pr-30202-sha-35656f03 (522/2158)...
2025-11-16 09:27:15,628 - UnicodeAnalyzer - INFO - -> Analizzando versione 0.0.0-pr-30202-sha-4958640a (523/2158)...
2025-11-16 09:27:15,628 - UnicodeAnalyzer - INFO - -> Analizzando versione 0.0.0-pr-30202-sha-78a2d725 (524/2158)...
2025-11-16 09:27:15,628 - UnicodeAnalyzer - INFO - -> Analizzando versione 0.0.0-pr-30202-sha-8c13344f (525/2158)...
2025-11-16 09:27:15,628 - UnicodeAnalyzer - INFO - -> Analizzando versione 0.0.0-pr-30202-sha-958e81ef (526/2158)...
2025-11-16 09:27:15,629 - UnicodeAnalyzer - INFO - -> Analizzando versione 0.0.0-pr-30202-sha-985843b3 (527/2158)...
2025-11-16 09:27:15,629 - UnicodeAnalyzer - INFO - -> Analizzando versione 0.0.0-pr-30202-sha-a2a9f276 (528/2158)...
2025-11-16 09:27:15,629 - UnicodeAnalyzer - INFO - -> Analizzando versione 0.0.0-pr-30202-sha-f7878745 (529/2158)...
2025-11-16 09:27:15,629 - UnicodeAnalyzer - INFO - -> Analizzando versione 0.0.0-pr-30214-sha-be91380a (530/2158)...
2025-11-16 09:27:15,630 - UnicodeAnalyzer - INFO - -> Analizzando versione 0.0.0-pr-30216-sha-fd79fd61 (531/2158)...
2025-11-16 09:27:15,630 - UnicodeAnalyzer - INFO - -> Analizzando versione 0.0.0-pr-30265-sha-4af18ebe (532/2158)...
2025-11-16 09:27:15,630 - UnicodeAnalyzer - INFO - -> Analizzando versione 0.0.0-pr-30305-sha-c7104654 (533/2158)...
2025-11-16 09:27:15,630 - UnicodeAnalyzer - INFO - -> Analizzando versione 0.0.0-pr-30309-sha-678fb8fb (534/2158)...
2025-11-16 09:27:15,631 - UnicodeAnalyzer - INFO - -> Analizzando versione 0.0.0-pr-30309-sha-d2c3d566 (535/2158)...
2025-11-16 09:27:15,631 - UnicodeAnalyzer - INFO - -> Analizzando versione 0.0.0-pr-30371-sha-07dc4675 (536/2158)...
2025-11-16 09:27:15,631 - UnicodeAnalyzer - INFO - -> Analizzando versione 0.0.0-pr-30371-sha-ebe7f62f (537/2158)...
2025-11-16 09:27:15,631 - UnicodeAnalyzer - INFO - -> Analizzando versione 0.0.0-pr-30422-sha-3b8c2a95 (538/2158)...
2025-11-16 09:27:15,632 - UnicodeAnalyzer - INFO - -> Analizzando versione 0.0.0-pr-30442-sha-6e0c6f13 (539/2158)...
2025-11-16 09:27:15,632 - UnicodeAnalyzer - INFO - -> Analizzando versione 0.0.0-pr-30457-sha-ca5962ea (540/2158)...
2025-11-16 09:27:15,632 - UnicodeAnalyzer - INFO - -> Analizzando versione 0.0.0-pr-30457-sha-dfac046c (541/2158)...
2025-11-16 09:27:15,632 - UnicodeAnalyzer - INFO - -> Analizzando versione 0.0.0-pr-30457-sha-e6b0c6dc (542/2158)...
2025-11-16 09:27:15,632 - UnicodeAnalyzer - INFO - -> Analizzando versione 0.0.0-pr-30516-sha-086477d9 (543/2158)...
2025-11-16 09:27:15,633 - UnicodeAnalyzer - INFO - -> Analizzando versione 0.0.0-pr-30516-sha-0cd4ee4f (544/2158)...
2025-11-16 09:27:15,633 - UnicodeAnalyzer - INFO - -> Analizzando versione 0.0.0-pr-30534-sha-79a2a1e9 (545/2158)...
2025-11-16 09:27:15,633 - UnicodeAnalyzer - INFO - -> Analizzando versione 0.0.0-pr-30534-sha-aad85260 (546/2158)...
2025-11-16 09:27:15,633 - UnicodeAnalyzer - INFO - -> Analizzando versione 0.0.0-pr-30534-sha-e6f5d6b7 (547/2158)...
2025-11-16 09:27:15,634 - UnicodeAnalyzer - INFO - -> Analizzando versione 0.0.0-pr-30562-sha-f0b573b7 (548/2158)...
2025-11-16 09:27:15,634 - UnicodeAnalyzer - INFO - -> Analizzando versione 0.0.0-pr-30563-sha-6397c214 (549/2158)...
2025-11-16 09:27:15,634 - UnicodeAnalyzer - INFO - -> Analizzando versione 0.0.0-pr-30567-sha-4b84ac24 (550/2158)...
2025-11-16 09:27:15,634 - UnicodeAnalyzer - INFO - -> Analizzando versione 0.0.0-pr-30567-sha-597faff8 (551/2158)...
2025-11-16 09:27:15,635 - UnicodeAnalyzer - INFO - -> Analizzando versione 0.0.0-pr-30567-sha-cd9d89ab (552/2158)...
2025-11-16 09:27:15,635 - UnicodeAnalyzer - INFO - -> Analizzando versione 0.0.0-pr-30567-sha-dc7a53af (553/2158)...
2025-11-16 09:27:15,635 - UnicodeAnalyzer - INFO - -> Analizzando versione 0.0.0-pr-30567-sha-f5452a43 (554/2158)...
2025-11-16 09:27:15,635 - UnicodeAnalyzer - INFO - -> Analizzando versione 0.0.0-pr-30600-sha-1dd6fce2 (555/2158)...
2025-11-16 09:27:15,636 - UnicodeAnalyzer - INFO - -> Analizzando versione 0.0.0-pr-30600-sha-4c65bea0 (556/2158)...
2025-11-16 09:27:15,636 - UnicodeAnalyzer - INFO - -> Analizzando versione 0.0.0-pr-30601-sha-07fbadc3 (557/2158)...
2025-11-16 09:27:15,636 - UnicodeAnalyzer - INFO - -> Analizzando versione 0.0.0-pr-30601-sha-ec299491 (558/2158)...
2025-11-16 09:27:15,636 - UnicodeAnalyzer - INFO - -> Analizzando versione 0.0.0-pr-30605-sha-3a6ed43c (559/2158)...
2025-11-16 09:27:15,636 - UnicodeAnalyzer - INFO - -> Analizzando versione 0.0.0-pr-30636-sha-c6ea358f (560/2158)...
2025-11-16 09:27:15,637 - UnicodeAnalyzer - INFO - -> Analizzando versione 0.0.0-pr-30638-sha-e89b3763 (561/2158)...
2025-11-16 09:27:15,637 - UnicodeAnalyzer - INFO - -> Analizzando versione 0.0.0-pr-30643-sha-a749cf8f (562/2158)...
2025-11-16 09:27:15,637 - UnicodeAnalyzer - INFO - -> Analizzando versione 0.0.0-pr-30643-sha-b11ab119 (563/2158)...
2025-11-16 09:27:15,637 - UnicodeAnalyzer - INFO - -> Analizzando versione 0.0.0-pr-30711-sha-c594b56f (564/2158)...
2025-11-16 09:27:15,638 - UnicodeAnalyzer - INFO - -> Analizzando versione 0.0.0-pr-31494-sha-c99bda03 (565/2158)...
2025-11-16 09:27:15,638 - UnicodeAnalyzer - INFO - -> Analizzando versione 3.1.3 (566/2158)...
2025-11-16 09:27:15,638 - UnicodeAnalyzer - INFO - Filtrati 2 file (es. in /dist, /test).
2025-11-16 09:27:15,706 - UnicodeAnalyzer - INFO - -> Analizzando versione 3.1.5 (567/2158)...
2025-11-16 09:27:15,707 - UnicodeAnalyzer - INFO - Filtrati 2 file (es. in /dist, /test).
2025-11-16 09:27:15,773 - UnicodeAnalyzer - INFO - -> Analizzando versione 3.2.10 (568/2158)...
2025-11-16 09:27:15,774 - UnicodeAnalyzer - INFO - Filtrati 4 file (es. in /dist, /test).
2025-11-16 09:27:15,842 - UnicodeAnalyzer - INFO - -> Analizzando versione 3.2.12 (569/2158)...
2025-11-16 09:27:15,843 - UnicodeAnalyzer - INFO - Filtrati 4 file (es. in /dist, /test).
2025-11-16 09:27:15,910 - UnicodeAnalyzer - INFO - -> Analizzando versione 3.2.13 (570/2158)...
2025-11-16 09:27:15,911 - UnicodeAnalyzer - INFO - Filtrati 4 file (es. in /dist, /test).
2025-11-16 09:27:15,980 - UnicodeAnalyzer - INFO - -> Analizzando versione 3.2.14 (571/2158)...
2025-11-16 09:27:15,981 - UnicodeAnalyzer - INFO - Filtrati 4 file (es. in /dist, /test).
2025-11-16 09:27:16,050 - UnicodeAnalyzer - INFO - -> Analizzando versione 3.2.15 (572/2158)...
2025-11-16 09:27:16,050 - UnicodeAnalyzer - INFO - Filtrati 4 file (es. in /dist, /test).
2025-11-16 09:27:16,120 - UnicodeAnalyzer - INFO - -> Analizzando versione 3.2.16 (573/2158)...
2025-11-16 09:27:16,121 - UnicodeAnalyzer - INFO - Filtrati 4 file (es. in /dist, /test).
2025-11-16 09:27:16,189 - UnicodeAnalyzer - INFO - -> Analizzando versione 3.2.17 (574/2158)...
2025-11-16 09:27:16,189 - UnicodeAnalyzer - INFO - Filtrati 4 file (es. in /dist, /test).
2025-11-16 09:27:16,257 - UnicodeAnalyzer - INFO - -> Analizzando versione 3.2.18 (575/2158)...
2025-11-16 09:27:16,258 - UnicodeAnalyzer - INFO - Filtrati 4 file (es. in /dist, /test).
2025-11-16 09:27:16,329 - UnicodeAnalyzer - INFO - -> Analizzando versione 3.2.19 (576/2158)...
2025-11-16 09:27:16,329 - UnicodeAnalyzer - INFO - Filtrati 4 file (es. in /dist, /test).
2025-11-16 09:27:16,397 - UnicodeAnalyzer - INFO - -> Analizzando versione 3.2.6 (577/2158)...
2025-11-16 09:27:16,398 - UnicodeAnalyzer - INFO - Filtrati 4 file (es. in /dist, /test).
2025-11-16 09:27:16,466 - UnicodeAnalyzer - INFO - -> Analizzando versione 3.2.6-alpha.0 (578/2158)...
2025-11-16 09:27:16,467 - UnicodeAnalyzer - INFO - Filtrati 4 file (es. in /dist, /test).
2025-11-16 09:27:16,534 - UnicodeAnalyzer - INFO - -> Analizzando versione 3.2.7 (579/2158)...
2025-11-16 09:27:16,535 - UnicodeAnalyzer - INFO - Filtrati 4 file (es. in /dist, /test).
2025-11-16 09:27:16,602 - UnicodeAnalyzer - INFO - -> Analizzando versione 3.3.0 (580/2158)...
2025-11-16 09:27:16,604 - UnicodeAnalyzer - INFO - Filtrati 7 file (es. in /dist, /test).
2025-11-16 09:27:16,673 - UnicodeAnalyzer - INFO - -> Analizzando versione 3.3.0-alpha.0 (581/2158)...
2025-11-16 09:27:16,674 - UnicodeAnalyzer - INFO - Filtrati 7 file (es. in /dist, /test).
2025-11-16 09:27:16,746 - UnicodeAnalyzer - INFO - -> Analizzando versione 3.3.0-alpha.2 (582/2158)...
2025-11-16 09:27:16,747 - UnicodeAnalyzer - INFO - Filtrati 7 file (es. in /dist, /test).
2025-11-16 09:27:16,817 - UnicodeAnalyzer - INFO - -> Analizzando versione 3.3.0-alpha.3 (583/2158)...
2025-11-16 09:27:16,818 - UnicodeAnalyzer - INFO - Filtrati 7 file (es. in /dist, /test).
2025-11-16 09:27:16,887 - UnicodeAnalyzer - INFO - -> Analizzando versione 3.3.0-alpha.4 (584/2158)...
2025-11-16 09:27:16,888 - UnicodeAnalyzer - INFO - Filtrati 7 file (es. in /dist, /test).
2025-11-16 09:27:16,960 - UnicodeAnalyzer - INFO - -> Analizzando versione 3.3.0-alpha.6 (585/2158)...
2025-11-16 09:27:16,961 - UnicodeAnalyzer - INFO - Filtrati 7 file (es. in /dist, /test).
2025-11-16 09:27:17,031 - UnicodeAnalyzer - INFO - -> Analizzando versione 3.3.0-rc.0 (586/2158)...
2025-11-16 09:27:17,031 - UnicodeAnalyzer - INFO - Filtrati 7 file (es. in /dist, /test).
2025-11-16 09:27:17,103 - UnicodeAnalyzer - INFO - -> Analizzando versione 3.3.0-rc.1 (587/2158)...
2025-11-16 09:27:17,104 - UnicodeAnalyzer - INFO - Filtrati 7 file (es. in /dist, /test).
2025-11-16 09:27:17,175 - UnicodeAnalyzer - INFO - -> Analizzando versione 3.3.1 (588/2158)...
2025-11-16 09:27:17,176 - UnicodeAnalyzer - INFO - Filtrati 7 file (es. in /dist, /test).
2025-11-16 09:27:17,246 - UnicodeAnalyzer - INFO - -> Analizzando versione 3.3.10 (589/2158)...
2025-11-16 09:27:17,247 - UnicodeAnalyzer - INFO - Filtrati 7 file (es. in /dist, /test).
2025-11-16 09:27:17,316 - UnicodeAnalyzer - INFO - -> Analizzando versione 3.3.11 (590/2158)...
2025-11-16 09:27:17,317 - UnicodeAnalyzer - INFO - Filtrati 7 file (es. in /dist, /test).
2025-11-16 09:27:17,386 - UnicodeAnalyzer - INFO - -> Analizzando versione 3.3.12 (591/2158)...
2025-11-16 09:27:17,387 - UnicodeAnalyzer - INFO - Filtrati 7 file (es. in /dist, /test).
2025-11-16 09:27:17,459 - UnicodeAnalyzer - INFO - -> Analizzando versione 3.3.13 (592/2158)...
2025-11-16 09:27:17,460 - UnicodeAnalyzer - INFO - Filtrati 7 file (es. in /dist, /test).
2025-11-16 09:27:17,531 - UnicodeAnalyzer - INFO - -> Analizzando versione 3.3.14 (593/2158)...
2025-11-16 09:27:17,532 - UnicodeAnalyzer - INFO - Filtrati 7 file (es. in /dist, /test).
2025-11-16 09:27:17,600 - UnicodeAnalyzer - INFO - -> Analizzando versione 3.3.15 (594/2158)...
2025-11-16 09:27:17,601 - UnicodeAnalyzer - INFO - Filtrati 7 file (es. in /dist, /test).
2025-11-16 09:27:17,671 - UnicodeAnalyzer - INFO - -> Analizzando versione 3.3.2 (595/2158)...
2025-11-16 09:27:17,672 - UnicodeAnalyzer - INFO - Filtrati 7 file (es. in /dist, /test).
2025-11-16 09:27:17,742 - UnicodeAnalyzer - INFO - -> Analizzando versione 3.3.3 (596/2158)...
2025-11-16 09:27:17,743 - UnicodeAnalyzer - INFO - Filtrati 7 file (es. in /dist, /test).
2025-11-16 09:27:17,815 - UnicodeAnalyzer - INFO - -> Analizzando versione 3.3.4 (597/2158)...
2025-11-16 09:27:17,816 - UnicodeAnalyzer - INFO - Filtrati 7 file (es. in /dist, /test).
2025-11-16 09:27:17,886 - UnicodeAnalyzer - INFO - -> Analizzando versione 3.3.5 (598/2158)...
2025-11-16 09:27:17,887 - UnicodeAnalyzer - INFO - Filtrati 7 file (es. in /dist, /test).
2025-11-16 09:27:17,957 - UnicodeAnalyzer - INFO - -> Analizzando versione 3.3.6 (599/2158)...
2025-11-16 09:27:17,958 - UnicodeAnalyzer - INFO - Filtrati 7 file (es. in /dist, /test).
2025-11-16 09:27:18,028 - UnicodeAnalyzer - INFO - -> Analizzando versione 3.3.7 (600/2158)...
2025-11-16 09:27:18,029 - UnicodeAnalyzer - INFO - Filtrati 7 file (es. in /dist, /test).
2025-11-16 09:27:18,098 - UnicodeAnalyzer - INFO - -> Analizzando versione 3.3.8 (601/2158)...
2025-11-16 09:27:18,099 - UnicodeAnalyzer - INFO - Filtrati 7 file (es. in /dist, /test).
2025-11-16 09:27:18,169 - UnicodeAnalyzer - INFO - -> Analizzando versione 3.3.9 (602/2158)...
2025-11-16 09:27:18,170 - UnicodeAnalyzer - INFO - Filtrati 7 file (es. in /dist, /test).
2025-11-16 09:27:18,239 - UnicodeAnalyzer - INFO - -> Analizzando versione 3.4.0 (603/2158)...
2025-11-16 09:27:18,240 - UnicodeAnalyzer - INFO - Filtrati 8 file (es. in /dist, /test).
2025-11-16 09:27:18,311 - UnicodeAnalyzer - INFO - -> Analizzando versione 3.4.0-alpha.0 (604/2158)...
2025-11-16 09:27:18,312 - UnicodeAnalyzer - INFO - Filtrati 7 file (es. in /dist, /test).
2025-11-16 09:27:18,381 - UnicodeAnalyzer - INFO - -> Analizzando versione 3.4.0-alpha.1 (605/2158)...
2025-11-16 09:27:18,382 - UnicodeAnalyzer - INFO - Filtrati 7 file (es. in /dist, /test).
2025-11-16 09:27:18,451 - UnicodeAnalyzer - INFO - -> Analizzando versione 3.4.0-alpha.2 (606/2158)...
2025-11-16 09:27:18,452 - UnicodeAnalyzer - INFO - Filtrati 7 file (es. in /dist, /test).
2025-11-16 09:27:18,521 - UnicodeAnalyzer - INFO - -> Analizzando versione 3.4.0-alpha.3 (607/2158)...
2025-11-16 09:27:18,522 - UnicodeAnalyzer - INFO - Filtrati 7 file (es. in /dist, /test).
2025-11-16 09:27:18,594 - UnicodeAnalyzer - INFO - -> Analizzando versione 3.4.0-alpha.4 (608/2158)...
2025-11-16 09:27:18,595 - UnicodeAnalyzer - INFO - Filtrati 7 file (es. in /dist, /test).
2025-11-16 09:27:18,664 - UnicodeAnalyzer - INFO - -> Analizzando versione 3.4.0-alpha.5 (609/2158)...
2025-11-16 09:27:18,664 - UnicodeAnalyzer - INFO - Filtrati 7 file (es. in /dist, /test).
2025-11-16 09:27:18,742 - UnicodeAnalyzer - INFO - -> Analizzando versione 3.4.0-alpha.6 (610/2158)...
2025-11-16 09:27:18,743 - UnicodeAnalyzer - INFO - Filtrati 7 file (es. in /dist, /test).
2025-11-16 09:27:18,812 - UnicodeAnalyzer - INFO - -> Analizzando versione 3.4.0-alpha.7 (611/2158)...
2025-11-16 09:27:18,813 - UnicodeAnalyzer - INFO - Filtrati 7 file (es. in /dist, /test).
2025-11-16 09:27:18,885 - UnicodeAnalyzer - INFO - -> Analizzando versione 3.4.0-alpha.8 (612/2158)...
2025-11-16 09:27:18,886 - UnicodeAnalyzer - INFO - Filtrati 7 file (es. in /dist, /test).
2025-11-16 09:27:18,956 - UnicodeAnalyzer - INFO - -> Analizzando versione 3.4.0-alpha.9 (613/2158)...
2025-11-16 09:27:18,957 - UnicodeAnalyzer - INFO - Filtrati 8 file (es. in /dist, /test).
2025-11-16 09:27:19,028 - UnicodeAnalyzer - INFO - -> Analizzando versione 3.4.0-rc.0 (614/2158)...
2025-11-16 09:27:19,029 - UnicodeAnalyzer - INFO - Filtrati 8 file (es. in /dist, /test).
2025-11-16 09:27:19,099 - UnicodeAnalyzer - INFO - -> Analizzando versione 3.4.0-rc.1 (615/2158)...
2025-11-16 09:27:19,100 - UnicodeAnalyzer - INFO - Filtrati 8 file (es. in /dist, /test).
2025-11-16 09:27:19,170 - UnicodeAnalyzer - INFO - -> Analizzando versione 3.4.0-rc.2 (616/2158)...
2025-11-16 09:27:19,171 - UnicodeAnalyzer - INFO - Filtrati 8 file (es. in /dist, /test).
2025-11-16 09:27:19,241 - UnicodeAnalyzer - INFO - -> Analizzando versione 3.4.0-rc.3 (617/2158)...
2025-11-16 09:27:19,242 - UnicodeAnalyzer - INFO - Filtrati 8 file (es. in /dist, /test).
2025-11-16 09:27:19,312 - UnicodeAnalyzer - INFO - -> Analizzando versione 3.4.0-rc.4 (618/2158)...
2025-11-16 09:27:19,313 - UnicodeAnalyzer - INFO - Filtrati 8 file (es. in /dist, /test).
2025-11-16 09:27:19,387 - UnicodeAnalyzer - INFO - -> Analizzando versione 3.4.1 (619/2158)...
2025-11-16 09:27:19,388 - UnicodeAnalyzer - INFO - Filtrati 8 file (es. in /dist, /test).
2025-11-16 09:27:19,459 - UnicodeAnalyzer - INFO - -> Analizzando versione 3.4.10 (620/2158)...
2025-11-16 09:27:19,460 - UnicodeAnalyzer - INFO - Filtrati 8 file (es. in /dist, /test).
2025-11-16 09:27:19,537 - UnicodeAnalyzer - INFO - -> Analizzando versione 3.4.11 (621/2158)...
2025-11-16 09:27:19,539 - UnicodeAnalyzer - INFO - Filtrati 8 file (es. in /dist, /test).
2025-11-16 09:27:19,609 - UnicodeAnalyzer - INFO - -> Analizzando versione 3.4.12 (622/2158)...
2025-11-16 09:27:19,610 - UnicodeAnalyzer - INFO - Filtrati 8 file (es. in /dist, /test).
2025-11-16 09:27:19,681 - UnicodeAnalyzer - INFO - -> Analizzando versione 3.4.2 (623/2158)...
2025-11-16 09:27:19,682 - UnicodeAnalyzer - INFO - Filtrati 8 file (es. in /dist, /test).
2025-11-16 09:27:19,755 - UnicodeAnalyzer - INFO - -> Analizzando versione 3.4.3 (624/2158)...
2025-11-16 09:27:19,756 - UnicodeAnalyzer - INFO - Filtrati 8 file (es. in /dist, /test).
2025-11-16 09:27:19,826 - UnicodeAnalyzer - INFO - -> Analizzando versione 3.4.4 (625/2158)...
2025-11-16 09:27:19,827 - UnicodeAnalyzer - INFO - Filtrati 8 file (es. in /dist, /test).
2025-11-16 09:27:19,898 - UnicodeAnalyzer - INFO - -> Analizzando versione 3.4.5 (626/2158)...
2025-11-16 09:27:19,899 - UnicodeAnalyzer - INFO - Filtrati 8 file (es. in /dist, /test).
2025-11-16 09:27:19,970 - UnicodeAnalyzer - INFO - -> Analizzando versione 3.4.6 (627/2158)...
2025-11-16 09:27:19,971 - UnicodeAnalyzer - INFO - Filtrati 8 file (es. in /dist, /test).
2025-11-16 09:27:20,044 - UnicodeAnalyzer - INFO - -> Analizzando versione 3.4.7 (628/2158)...
2025-11-16 09:27:20,045 - UnicodeAnalyzer - INFO - Filtrati 8 file (es. in /dist, /test).
2025-11-16 09:27:20,115 - UnicodeAnalyzer - INFO - -> Analizzando versione 3.4.8 (629/2158)...
2025-11-16 09:27:20,117 - UnicodeAnalyzer - INFO - Filtrati 8 file (es. in /dist, /test).
2025-11-16 09:27:20,186 - UnicodeAnalyzer - INFO - -> Analizzando versione 4.0.0 (630/2158)...
2025-11-16 09:27:20,189 - UnicodeAnalyzer - INFO - Filtrati 32 file (es. in /dist, /test).
2025-11-16 09:27:20,265 - UnicodeAnalyzer - INFO - -> Analizzando versione 4.0.0-alpha.0 (631/2158)...
2025-11-16 09:27:20,266 - UnicodeAnalyzer - INFO - Filtrati 8 file (es. in /dist, /test).
2025-11-16 09:27:20,339 - UnicodeAnalyzer - INFO - -> Analizzando versione 4.0.0-alpha.1 (632/2158)...
2025-11-16 09:27:20,340 - UnicodeAnalyzer - INFO - Filtrati 8 file (es. in /dist, /test).
2025-11-16 09:27:20,410 - UnicodeAnalyzer - INFO - -> Analizzando versione 4.0.0-alpha.10 (633/2158)...
2025-11-16 09:27:20,412 - UnicodeAnalyzer - INFO - Filtrati 16 file (es. in /dist, /test).
2025-11-16 09:27:20,487 - UnicodeAnalyzer - INFO - -> Analizzando versione 4.0.0-alpha.11 (634/2158)...
2025-11-16 09:27:20,490 - UnicodeAnalyzer - INFO - Filtrati 19 file (es. in /dist, /test).
2025-11-16 09:27:20,564 - UnicodeAnalyzer - INFO - -> Analizzando versione 4.0.0-alpha.12 (635/2158)...
2025-11-16 09:27:20,567 - UnicodeAnalyzer - INFO - Filtrati 19 file (es. in /dist, /test).
2025-11-16 09:27:20,642 - UnicodeAnalyzer - INFO - -> Analizzando versione 4.0.0-alpha.13 (636/2158)...
2025-11-16 09:27:20,644 - UnicodeAnalyzer - INFO - Filtrati 19 file (es. in /dist, /test).
2025-11-16 09:27:20,722 - UnicodeAnalyzer - INFO - -> Analizzando versione 4.0.0-alpha.14 (637/2158)...
2025-11-16 09:27:20,725 - UnicodeAnalyzer - INFO - Filtrati 19 file (es. in /dist, /test).
2025-11-16 09:27:20,802 - UnicodeAnalyzer - INFO - -> Analizzando versione 4.0.0-alpha.15 (638/2158)...
2025-11-16 09:27:20,804 - UnicodeAnalyzer - INFO - Filtrati 18 file (es. in /dist, /test).
2025-11-16 09:27:20,887 - UnicodeAnalyzer - INFO - -> Analizzando versione 4.0.0-alpha.16 (639/2158)...
2025-11-16 09:27:20,890 - UnicodeAnalyzer - INFO - Filtrati 20 file (es. in /dist, /test).
2025-11-16 09:27:20,966 - UnicodeAnalyzer - INFO - -> Analizzando versione 4.0.0-alpha.17 (640/2158)...
2025-11-16 09:27:20,969 - UnicodeAnalyzer - INFO - Filtrati 32 file (es. in /dist, /test).
2025-11-16 09:27:21,045 - UnicodeAnalyzer - INFO - -> Analizzando versione 4.0.0-alpha.18 (641/2158)...
2025-11-16 09:27:21,048 - UnicodeAnalyzer - INFO - Filtrati 32 file (es. in /dist, /test).
2025-11-16 09:27:21,123 - UnicodeAnalyzer - INFO - -> Analizzando versione 4.0.0-alpha.2 (642/2158)...
2025-11-16 09:27:21,124 - UnicodeAnalyzer - INFO - Filtrati 8 file (es. in /dist, /test).
2025-11-16 09:27:21,195 - UnicodeAnalyzer - INFO - -> Analizzando versione 4.0.0-alpha.20 (643/2158)...
2025-11-16 09:27:21,198 - UnicodeAnalyzer - INFO - Filtrati 32 file (es. in /dist, /test).
2025-11-16 09:27:21,279 - UnicodeAnalyzer - INFO - -> Analizzando versione 4.0.0-alpha.21 (644/2158)...
2025-11-16 09:27:21,282 - UnicodeAnalyzer - INFO - Filtrati 32 file (es. in /dist, /test).
2025-11-16 09:27:21,357 - UnicodeAnalyzer - INFO - -> Analizzando versione 4.0.0-alpha.22 (645/2158)...
2025-11-16 09:27:21,360 - UnicodeAnalyzer - INFO - Filtrati 32 file (es. in /dist, /test).
2025-11-16 09:27:21,439 - UnicodeAnalyzer - INFO - -> Analizzando versione 4.0.0-alpha.23 (646/2158)...
2025-11-16 09:27:21,443 - UnicodeAnalyzer - INFO - Filtrati 32 file (es. in /dist, /test).
2025-11-16 09:27:21,517 - UnicodeAnalyzer - INFO - -> Analizzando versione 4.0.0-alpha.24 (647/2158)...
2025-11-16 09:27:21,520 - UnicodeAnalyzer - INFO - Filtrati 32 file (es. in /dist, /test).
2025-11-16 09:27:21,596 - UnicodeAnalyzer - INFO - -> Analizzando versione 4.0.0-alpha.25 (648/2158)...
2025-11-16 09:27:21,599 - UnicodeAnalyzer - INFO - Filtrati 32 file (es. in /dist, /test).
2025-11-16 09:27:21,676 - UnicodeAnalyzer - INFO - -> Analizzando versione 4.0.0-alpha.3 (649/2158)...
2025-11-16 09:27:21,677 - UnicodeAnalyzer - INFO - Filtrati 8 file (es. in /dist, /test).
2025-11-16 09:27:21,747 - UnicodeAnalyzer - INFO - -> Analizzando versione 4.0.0-alpha.4 (650/2158)...
2025-11-16 09:27:21,748 - UnicodeAnalyzer - INFO - Filtrati 8 file (es. in /dist, /test).
2025-11-16 09:27:21,819 - UnicodeAnalyzer - INFO - -> Analizzando versione 4.0.0-alpha.5 (651/2158)...
2025-11-16 09:27:21,821 - UnicodeAnalyzer - INFO - Filtrati 8 file (es. in /dist, /test).
2025-11-16 09:27:21,891 - UnicodeAnalyzer - INFO - -> Analizzando versione 4.0.0-alpha.6 (652/2158)...
2025-11-16 09:27:21,892 - UnicodeAnalyzer - INFO - Filtrati 8 file (es. in /dist, /test).
2025-11-16 09:27:21,962 - UnicodeAnalyzer - INFO - -> Analizzando versione 4.0.0-alpha.7 (653/2158)...
2025-11-16 09:27:21,963 - UnicodeAnalyzer - INFO - Filtrati 8 file (es. in /dist, /test).
2025-11-16 09:27:22,034 - UnicodeAnalyzer - INFO - -> Analizzando versione 4.0.0-alpha.8 (654/2158)...
2025-11-16 09:27:22,036 - UnicodeAnalyzer - INFO - Filtrati 16 file (es. in /dist, /test).
2025-11-16 09:27:22,109 - UnicodeAnalyzer - INFO - -> Analizzando versione 4.0.0-alpha.9 (655/2158)...
2025-11-16 09:27:22,111 - UnicodeAnalyzer - INFO - Filtrati 16 file (es. in /dist, /test).
2025-11-16 09:27:22,191 - UnicodeAnalyzer - INFO - -> Analizzando versione 4.0.0-rc.0 (656/2158)...
2025-11-16 09:27:22,194 - UnicodeAnalyzer - INFO - Filtrati 32 file (es. in /dist, /test).
2025-11-16 09:27:22,269 - UnicodeAnalyzer - INFO - -> Analizzando versione 4.0.0-rc.1 (657/2158)...
2025-11-16 09:27:22,272 - UnicodeAnalyzer - INFO - Filtrati 32 file (es. in /dist, /test).
2025-11-16 09:27:22,348 - UnicodeAnalyzer - INFO - -> Analizzando versione 4.0.0-rc.2 (658/2158)...
2025-11-16 09:27:22,351 - UnicodeAnalyzer - INFO - Filtrati 32 file (es. in /dist, /test).
2025-11-16 09:27:22,429 - UnicodeAnalyzer - INFO - -> Analizzando versione 4.0.0-rc.3 (659/2158)...
2025-11-16 09:27:22,432 - UnicodeAnalyzer - INFO - Filtrati 32 file (es. in /dist, /test).
2025-11-16 09:27:22,507 - UnicodeAnalyzer - INFO - -> Analizzando versione 4.0.0-rc.4 (660/2158)...
2025-11-16 09:27:22,510 - UnicodeAnalyzer - INFO - Filtrati 32 file (es. in /dist, /test).
2025-11-16 09:27:22,585 - UnicodeAnalyzer - INFO - -> Analizzando versione 4.0.0-rc.5 (661/2158)...
2025-11-16 09:27:22,588 - UnicodeAnalyzer - INFO - Filtrati 32 file (es. in /dist, /test).
2025-11-16 09:27:22,663 - UnicodeAnalyzer - INFO - -> Analizzando versione 4.0.0-rc.6 (662/2158)...
2025-11-16 09:27:22,666 - UnicodeAnalyzer - INFO - Filtrati 32 file (es. in /dist, /test).
2025-11-16 09:27:22,743 - UnicodeAnalyzer - INFO - -> Analizzando versione 4.0.1 (663/2158)...
2025-11-16 09:27:22,746 - UnicodeAnalyzer - INFO - Filtrati 32 file (es. in /dist, /test).
2025-11-16 09:27:22,822 - UnicodeAnalyzer - INFO - -> Analizzando versione 4.0.10 (664/2158)...
2025-11-16 09:27:22,826 - UnicodeAnalyzer - INFO - Filtrati 32 file (es. in /dist, /test).
2025-11-16 09:27:22,900 - UnicodeAnalyzer - INFO - -> Analizzando versione 4.0.11 (665/2158)...
2025-11-16 09:27:22,903 - UnicodeAnalyzer - INFO - Filtrati 32 file (es. in /dist, /test).
2025-11-16 09:27:22,979 - UnicodeAnalyzer - INFO - -> Analizzando versione 4.0.12 (666/2158)...
2025-11-16 09:27:22,982 - UnicodeAnalyzer - INFO - Filtrati 32 file (es. in /dist, /test).
2025-11-16 09:27:23,062 - UnicodeAnalyzer - INFO - -> Analizzando versione 4.0.2 (667/2158)...
2025-11-16 09:27:23,065 - UnicodeAnalyzer - INFO - Filtrati 32 file (es. in /dist, /test).
2025-11-16 09:27:23,144 - UnicodeAnalyzer - INFO - -> Analizzando versione 4.0.3 (668/2158)...
2025-11-16 09:27:23,148 - UnicodeAnalyzer - INFO - Filtrati 32 file (es. in /dist, /test).
2025-11-16 09:27:23,222 - UnicodeAnalyzer - INFO - -> Analizzando versione 4.0.4 (669/2158)...
2025-11-16 09:27:23,225 - UnicodeAnalyzer - INFO - Filtrati 32 file (es. in /dist, /test).
2025-11-16 09:27:23,301 - UnicodeAnalyzer - INFO - -> Analizzando versione 4.0.6 (670/2158)...
2025-11-16 09:27:23,304 - UnicodeAnalyzer - INFO - Filtrati 32 file (es. in /dist, /test).
2025-11-16 09:27:23,379 - UnicodeAnalyzer - INFO - -> Analizzando versione 4.0.7 (671/2158)...
2025-11-16 09:27:23,383 - UnicodeAnalyzer - INFO - Filtrati 32 file (es. in /dist, /test).
2025-11-16 09:27:23,459 - UnicodeAnalyzer - INFO - -> Analizzando versione 4.0.8 (672/2158)...
2025-11-16 09:27:23,462 - UnicodeAnalyzer - INFO - Filtrati 32 file (es. in /dist, /test).
2025-11-16 09:27:23,538 - UnicodeAnalyzer - INFO - -> Analizzando versione 4.0.9 (673/2158)...
2025-11-16 09:27:23,541 - UnicodeAnalyzer - INFO - Filtrati 32 file (es. in /dist, /test).
2025-11-16 09:27:23,618 - UnicodeAnalyzer - INFO - -> Analizzando versione 4.1.0 (674/2158)...
2025-11-16 09:27:23,621 - UnicodeAnalyzer - INFO - Filtrati 32 file (es. in /dist, /test).
2025-11-16 09:27:23,697 - UnicodeAnalyzer - INFO - -> Analizzando versione 4.1.0-alpha.1 (675/2158)...
2025-11-16 09:27:23,700 - UnicodeAnalyzer - INFO - Filtrati 32 file (es. in /dist, /test).
2025-11-16 09:27:23,775 - UnicodeAnalyzer - INFO - -> Analizzando versione 4.1.0-alpha.10 (676/2158)...
2025-11-16 09:27:23,778 - UnicodeAnalyzer - INFO - Filtrati 32 file (es. in /dist, /test).
2025-11-16 09:27:23,854 - UnicodeAnalyzer - INFO - -> Analizzando versione 4.1.0-alpha.11 (677/2158)...
2025-11-16 09:27:23,857 - UnicodeAnalyzer - INFO - Filtrati 32 file (es. in /dist, /test).
2025-11-16 09:27:23,932 - UnicodeAnalyzer - INFO - -> Analizzando versione 4.1.0-alpha.12 (678/2158)...
2025-11-16 09:27:23,935 - UnicodeAnalyzer - INFO - Filtrati 32 file (es. in /dist, /test).
2025-11-16 09:27:24,011 - UnicodeAnalyzer - INFO - -> Analizzando versione 4.1.0-alpha.13 (679/2158)...
2025-11-16 09:27:24,014 - UnicodeAnalyzer - INFO - Filtrati 32 file (es. in /dist, /test).
2025-11-16 09:27:24,089 - UnicodeAnalyzer - INFO - -> Analizzando versione 4.1.0-alpha.2 (680/2158)...
2025-11-16 09:27:24,092 - UnicodeAnalyzer - INFO - Filtrati 32 file (es. in /dist, /test).
2025-11-16 09:27:24,168 - UnicodeAnalyzer - INFO - -> Analizzando versione 4.1.0-alpha.3 (681/2158)...
2025-11-16 09:27:24,171 - UnicodeAnalyzer - INFO - Filtrati 32 file (es. in /dist, /test).
2025-11-16 09:27:24,251 - UnicodeAnalyzer - INFO - -> Analizzando versione 4.1.0-alpha.4 (682/2158)...
2025-11-16 09:27:24,254 - UnicodeAnalyzer - INFO - Filtrati 32 file (es. in /dist, /test).
2025-11-16 09:27:24,331 - UnicodeAnalyzer - INFO - -> Analizzando versione 4.1.0-alpha.5 (683/2158)...
2025-11-16 09:27:24,334 - UnicodeAnalyzer - INFO - Filtrati 32 file (es. in /dist, /test).
2025-11-16 09:27:24,410 - UnicodeAnalyzer - INFO - -> Analizzando versione 4.1.0-alpha.6 (684/2158)...
2025-11-16 09:27:24,413 - UnicodeAnalyzer - INFO - Filtrati 32 file (es. in /dist, /test).
2025-11-16 09:27:24,489 - UnicodeAnalyzer - INFO - -> Analizzando versione 4.1.0-alpha.7 (685/2158)...
2025-11-16 09:27:24,492 - UnicodeAnalyzer - INFO - Filtrati 32 file (es. in /dist, /test).
2025-11-16 09:27:24,568 - UnicodeAnalyzer - INFO - -> Analizzando versione 4.1.0-alpha.8 (686/2158)...
2025-11-16 09:27:24,571 - UnicodeAnalyzer - INFO - Filtrati 32 file (es. in /dist, /test).
2025-11-16 09:27:24,646 - UnicodeAnalyzer - INFO - -> Analizzando versione 4.1.0-alpha.9 (687/2158)...
2025-11-16 09:27:24,650 - UnicodeAnalyzer - INFO - Filtrati 32 file (es. in /dist, /test).
2025-11-16 09:27:24,724 - UnicodeAnalyzer - INFO - -> Analizzando versione 4.1.1 (688/2158)...
2025-11-16 09:27:24,728 - UnicodeAnalyzer - INFO - Filtrati 32 file (es. in /dist, /test).
2025-11-16 09:27:24,804 - UnicodeAnalyzer - INFO - -> Analizzando versione 4.1.10 (689/2158)...
2025-11-16 09:27:24,808 - UnicodeAnalyzer - INFO - Filtrati 32 file (es. in /dist, /test).
2025-11-16 09:27:24,885 - UnicodeAnalyzer - INFO - -> Analizzando versione 4.1.11 (690/2158)...
2025-11-16 09:27:24,888 - UnicodeAnalyzer - INFO - Filtrati 32 file (es. in /dist, /test).
2025-11-16 09:27:24,964 - UnicodeAnalyzer - INFO - -> Analizzando versione 4.1.12 (691/2158)...
2025-11-16 09:27:24,967 - UnicodeAnalyzer - INFO - Filtrati 32 file (es. in /dist, /test).
2025-11-16 09:27:25,044 - UnicodeAnalyzer - INFO - -> Analizzando versione 4.1.13 (692/2158)...
2025-11-16 09:27:25,048 - UnicodeAnalyzer - INFO - Filtrati 32 file (es. in /dist, /test).
2025-11-16 09:27:25,127 - UnicodeAnalyzer - INFO - -> Analizzando versione 4.1.14 (693/2158)...
2025-11-16 09:27:25,130 - UnicodeAnalyzer - INFO - Filtrati 32 file (es. in /dist, /test).
2025-11-16 09:27:25,205 - UnicodeAnalyzer - INFO - -> Analizzando versione 4.1.15 (694/2158)...
2025-11-16 09:27:25,209 - UnicodeAnalyzer - INFO - Filtrati 32 file (es. in /dist, /test).
2025-11-16 09:27:25,289 - UnicodeAnalyzer - INFO - -> Analizzando versione 4.1.16 (695/2158)...
2025-11-16 09:27:25,292 - UnicodeAnalyzer - INFO - Filtrati 32 file (es. in /dist, /test).
2025-11-16 09:27:25,371 - UnicodeAnalyzer - INFO - -> Analizzando versione 4.1.17 (696/2158)...
2025-11-16 09:27:25,374 - UnicodeAnalyzer - INFO - Filtrati 32 file (es. in /dist, /test).
2025-11-16 09:27:25,449 - UnicodeAnalyzer - INFO - -> Analizzando versione 4.1.18 (697/2158)...
2025-11-16 09:27:25,453 - UnicodeAnalyzer - INFO - Filtrati 32 file (es. in /dist, /test).
2025-11-16 09:27:25,528 - UnicodeAnalyzer - INFO - -> Analizzando versione 4.1.2 (698/2158)...
2025-11-16 09:27:25,532 - UnicodeAnalyzer - INFO - Filtrati 32 file (es. in /dist, /test).
2025-11-16 09:27:25,607 - UnicodeAnalyzer - INFO - -> Analizzando versione 4.1.3 (699/2158)...
2025-11-16 09:27:25,610 - UnicodeAnalyzer - INFO - Filtrati 32 file (es. in /dist, /test).
2025-11-16 09:27:25,687 - UnicodeAnalyzer - INFO - -> Analizzando versione 4.1.4 (700/2158)...
2025-11-16 09:27:25,690 - UnicodeAnalyzer - INFO - Filtrati 32 file (es. in /dist, /test).
2025-11-16 09:27:25,765 - UnicodeAnalyzer - INFO - -> Analizzando versione 4.1.5 (701/2158)...
2025-11-16 09:27:25,768 - UnicodeAnalyzer - INFO - Filtrati 32 file (es. in /dist, /test).
2025-11-16 09:27:25,846 - UnicodeAnalyzer - INFO - -> Analizzando versione 4.1.5-react-debug.0 (702/2158)...
2025-11-16 09:27:25,850 - UnicodeAnalyzer - INFO - Filtrati 32 file (es. in /dist, /test).
2025-11-16 09:27:25,924 - UnicodeAnalyzer - INFO - -> Analizzando versione 4.1.5-react-debug.1 (703/2158)...
2025-11-16 09:27:25,927 - UnicodeAnalyzer - INFO - Filtrati 32 file (es. in /dist, /test).
2025-11-16 09:27:26,004 - UnicodeAnalyzer - INFO - -> Analizzando versione 4.1.6 (704/2158)...
2025-11-16 09:27:26,007 - UnicodeAnalyzer - INFO - Filtrati 32 file (es. in /dist, /test).
2025-11-16 09:27:26,086 - UnicodeAnalyzer - INFO - -> Analizzando versione 4.1.7 (705/2158)...
2025-11-16 09:27:26,089 - UnicodeAnalyzer - INFO - Filtrati 32 file (es. in /dist, /test).
2025-11-16 09:27:26,166 - UnicodeAnalyzer - INFO - -> Analizzando versione 4.1.8 (706/2158)...
2025-11-16 09:27:26,169 - UnicodeAnalyzer - INFO - Filtrati 32 file (es. in /dist, /test).
2025-11-16 09:27:26,245 - UnicodeAnalyzer - INFO - -> Analizzando versione 4.1.9 (707/2158)...
2025-11-16 09:27:26,248 - UnicodeAnalyzer - INFO - Filtrati 32 file (es. in /dist, /test).
2025-11-16 09:27:26,325 - UnicodeAnalyzer - INFO - -> Analizzando versione 4.2.0-alpha.1 (708/2158)...
2025-11-16 09:27:26,329 - UnicodeAnalyzer - INFO - Filtrati 32 file (es. in /dist, /test).
2025-11-16 09:27:26,405 - UnicodeAnalyzer - INFO - -> Analizzando versione 4.2.0-alpha.10 (709/2158)...
2025-11-16 09:27:26,408 - UnicodeAnalyzer - INFO - Filtrati 32 file (es. in /dist, /test).
2025-11-16 09:27:26,484 - UnicodeAnalyzer - INFO - -> Analizzando versione 4.2.0-alpha.11 (710/2158)...
2025-11-16 09:27:26,487 - UnicodeAnalyzer - INFO - Filtrati 32 file (es. in /dist, /test).
2025-11-16 09:27:26,563 - UnicodeAnalyzer - INFO - -> Analizzando versione 4.2.0-alpha.2 (711/2158)...
2025-11-16 09:27:26,566 - UnicodeAnalyzer - INFO - Filtrati 32 file (es. in /dist, /test).
2025-11-16 09:27:26,642 - UnicodeAnalyzer - INFO - -> Analizzando versione 4.2.0-alpha.3 (712/2158)...
2025-11-16 09:27:26,645 - UnicodeAnalyzer - INFO - Filtrati 32 file (es. in /dist, /test).
2025-11-16 09:27:26,721 - UnicodeAnalyzer - INFO - -> Analizzando versione 4.2.0-alpha.4 (713/2158)...
2025-11-16 09:27:26,724 - UnicodeAnalyzer - INFO - Filtrati 32 file (es. in /dist, /test).
2025-11-16 09:27:26,800 - UnicodeAnalyzer - INFO - -> Analizzando versione 4.2.0-alpha.5 (714/2158)...
2025-11-16 09:27:26,803 - UnicodeAnalyzer - INFO - Filtrati 32 file (es. in /dist, /test).
2025-11-16 09:27:26,885 - UnicodeAnalyzer - INFO - -> Analizzando versione 4.2.0-alpha.6 (715/2158)...
2025-11-16 09:27:26,889 - UnicodeAnalyzer - INFO - Filtrati 32 file (es. in /dist, /test).
2025-11-16 09:27:26,966 - UnicodeAnalyzer - INFO - -> Analizzando versione 4.2.0-alpha.7 (716/2158)...
2025-11-16 09:27:26,970 - UnicodeAnalyzer - INFO - Filtrati 32 file (es. in /dist, /test).
2025-11-16 09:27:27,048 - UnicodeAnalyzer - INFO - -> Analizzando versione 4.2.0-alpha.8 (717/2158)...
2025-11-16 09:27:27,051 - UnicodeAnalyzer - INFO - Filtrati 32 file (es. in /dist, /test).
2025-11-16 09:27:27,127 - UnicodeAnalyzer - INFO - -> Analizzando versione 4.2.0-alpha.9 (718/2158)...
2025-11-16 09:27:27,130 - UnicodeAnalyzer - INFO - Filtrati 32 file (es. in /dist, /test).
2025-11-16 09:27:27,207 - UnicodeAnalyzer - INFO - -> Analizzando versione 4.2.0-cra-debug.0 (719/2158)...
2025-11-16 09:27:27,210 - UnicodeAnalyzer - INFO - Filtrati 32 file (es. in /dist, /test).
2025-11-16 09:27:27,285 - UnicodeAnalyzer - INFO - -> Analizzando versione 5.0.0 (720/2158)...
2025-11-16 09:27:27,290 - UnicodeAnalyzer - INFO - Filtrati 49 file (es. in /dist, /test).
2025-11-16 09:27:27,372 - UnicodeAnalyzer - INFO - -> Analizzando versione 5.0.0-alpha.0 (721/2158)...
2025-11-16 09:27:27,379 - UnicodeAnalyzer - INFO - Filtrati 68 file (es. in /dist, /test).
2025-11-16 09:27:27,462 - UnicodeAnalyzer - INFO - -> Analizzando versione 5.0.0-alpha.1 (722/2158)...
2025-11-16 09:27:27,468 - UnicodeAnalyzer - INFO - Filtrati 68 file (es. in /dist, /test).
2025-11-16 09:27:27,548 - UnicodeAnalyzer - INFO - -> Analizzando versione 5.0.0-alpha.10 (723/2158)...
2025-11-16 09:27:27,554 - UnicodeAnalyzer - INFO - Filtrati 65 file (es. in /dist, /test).
2025-11-16 09:27:27,635 - UnicodeAnalyzer - INFO - -> Analizzando versione 5.0.0-alpha.11 (724/2158)...
2025-11-16 09:27:27,640 - UnicodeAnalyzer - INFO - Filtrati 56 file (es. in /dist, /test).
2025-11-16 09:27:27,725 - UnicodeAnalyzer - INFO - -> Analizzando versione 5.0.0-alpha.2 (725/2158)...
2025-11-16 09:27:27,732 - UnicodeAnalyzer - INFO - Filtrati 66 file (es. in /dist, /test).
2025-11-16 09:27:27,811 - UnicodeAnalyzer - INFO - -> Analizzando versione 5.0.0-alpha.3 (726/2158)...
2025-11-16 09:27:27,818 - UnicodeAnalyzer - INFO - Filtrati 66 file (es. in /dist, /test).
2025-11-16 09:27:27,900 - UnicodeAnalyzer - INFO - -> Analizzando versione 5.0.0-alpha.4 (727/2158)...
2025-11-16 09:27:27,906 - UnicodeAnalyzer - INFO - Filtrati 66 file (es. in /dist, /test).
2025-11-16 09:27:27,987 - UnicodeAnalyzer - INFO - -> Analizzando versione 5.0.0-alpha.5 (728/2158)...
2025-11-16 09:27:27,993 - UnicodeAnalyzer - INFO - Filtrati 66 file (es. in /dist, /test).
2025-11-16 09:27:28,078 - UnicodeAnalyzer - INFO - -> Analizzando versione 5.0.0-alpha.6 (729/2158)...
2025-11-16 09:27:28,084 - UnicodeAnalyzer - INFO - Filtrati 65 file (es. in /dist, /test).
2025-11-16 09:27:28,165 - UnicodeAnalyzer - INFO - -> Analizzando versione 5.0.0-alpha.7 (730/2158)...
2025-11-16 09:27:28,171 - UnicodeAnalyzer - INFO - Filtrati 65 file (es. in /dist, /test).
2025-11-16 09:27:28,253 - UnicodeAnalyzer - INFO - -> Analizzando versione 5.0.0-alpha.8 (731/2158)...
2025-11-16 09:27:28,259 - UnicodeAnalyzer - INFO - Filtrati 65 file (es. in /dist, /test).
2025-11-16 09:27:28,338 - UnicodeAnalyzer - INFO - -> Analizzando versione 5.0.0-alpha.9 (732/2158)...
2025-11-16 09:27:28,345 - UnicodeAnalyzer - INFO - Filtrati 65 file (es. in /dist, /test).
2025-11-16 09:27:28,425 - UnicodeAnalyzer - INFO - -> Analizzando versione 5.0.0-beta.1 (733/2158)...
2025-11-16 09:27:28,431 - UnicodeAnalyzer - INFO - Filtrati 57 file (es. in /dist, /test).
2025-11-16 09:27:28,514 - UnicodeAnalyzer - INFO - -> Analizzando versione 5.0.0-beta.2 (734/2158)...
2025-11-16 09:27:28,520 - UnicodeAnalyzer - INFO - Filtrati 49 file (es. in /dist, /test).
2025-11-16 09:27:28,600 - UnicodeAnalyzer - INFO - -> Analizzando versione 5.0.0-beta.3 (735/2158)...
2025-11-16 09:27:28,605 - UnicodeAnalyzer - INFO - Filtrati 49 file (es. in /dist, /test).
2025-11-16 09:27:28,686 - UnicodeAnalyzer - INFO - -> Analizzando versione 5.0.0-beta.4 (736/2158)...
2025-11-16 09:27:28,692 - UnicodeAnalyzer - INFO - Filtrati 49 file (es. in /dist, /test).
2025-11-16 09:27:28,781 - UnicodeAnalyzer - INFO - -> Analizzando versione 5.0.0-debug.0 (737/2158)...
2025-11-16 09:27:28,788 - UnicodeAnalyzer - INFO - Filtrati 68 file (es. in /dist, /test).
2025-11-16 09:27:28,867 - UnicodeAnalyzer - INFO - -> Analizzando versione 5.0.0-debug.1 (738/2158)...
2025-11-16 09:27:28,874 - UnicodeAnalyzer - INFO - Filtrati 68 file (es. in /dist, /test).
2025-11-16 09:27:28,957 - UnicodeAnalyzer - INFO - -> Analizzando versione 5.0.0-debug.2 (739/2158)...
2025-11-16 09:27:28,963 - UnicodeAnalyzer - INFO - Filtrati 68 file (es. in /dist, /test).
2025-11-16 09:27:29,044 - UnicodeAnalyzer - INFO - -> Analizzando versione 5.0.0-debug.3 (740/2158)...
2025-11-16 09:27:29,051 - UnicodeAnalyzer - INFO - Filtrati 68 file (es. in /dist, /test).
2025-11-16 09:27:29,130 - UnicodeAnalyzer - INFO - -> Analizzando versione 5.0.0-rc.0 (741/2158)...
2025-11-16 09:27:29,135 - UnicodeAnalyzer - INFO - Filtrati 49 file (es. in /dist, /test).
2025-11-16 09:27:29,218 - UnicodeAnalyzer - INFO - -> Analizzando versione 5.0.0-rc.1 (742/2158)...
2025-11-16 09:27:29,224 - UnicodeAnalyzer - INFO - Filtrati 49 file (es. in /dist, /test).
2025-11-16 09:27:29,304 - UnicodeAnalyzer - INFO - -> Analizzando versione 5.0.0-rc.10 (743/2158)...
2025-11-16 09:27:29,310 - UnicodeAnalyzer - INFO - Filtrati 49 file (es. in /dist, /test).
2025-11-16 09:27:29,393 - UnicodeAnalyzer - INFO - -> Analizzando versione 5.0.0-rc.11 (744/2158)...
2025-11-16 09:27:29,398 - UnicodeAnalyzer - INFO - Filtrati 49 file (es. in /dist, /test).
2025-11-16 09:27:29,481 - UnicodeAnalyzer - INFO - -> Analizzando versione 5.0.0-rc.2 (745/2158)...
2025-11-16 09:27:29,486 - UnicodeAnalyzer - INFO - Filtrati 49 file (es. in /dist, /test).
2025-11-16 09:27:29,567 - UnicodeAnalyzer - INFO - -> Analizzando versione 5.0.0-rc.3 (746/2158)...
2025-11-16 09:27:29,572 - UnicodeAnalyzer - INFO - Filtrati 49 file (es. in /dist, /test).
2025-11-16 09:27:29,658 - UnicodeAnalyzer - INFO - -> Analizzando versione 5.0.0-rc.4 (747/2158)...
2025-11-16 09:27:29,663 - UnicodeAnalyzer - INFO - Filtrati 49 file (es. in /dist, /test).
2025-11-16 09:27:29,744 - UnicodeAnalyzer - INFO - -> Analizzando versione 5.0.0-rc.5 (748/2158)...
2025-11-16 09:27:29,749 - UnicodeAnalyzer - INFO - Filtrati 49 file (es. in /dist, /test).
2025-11-16 09:27:29,831 - UnicodeAnalyzer - INFO - -> Analizzando versione 5.0.0-rc.6 (749/2158)...
2025-11-16 09:27:29,836 - UnicodeAnalyzer - INFO - Filtrati 49 file (es. in /dist, /test).
2025-11-16 09:27:29,916 - UnicodeAnalyzer - INFO - -> Analizzando versione 5.0.0-rc.7 (750/2158)...
2025-11-16 09:27:29,921 - UnicodeAnalyzer - INFO - Filtrati 49 file (es. in /dist, /test).
2025-11-16 09:27:30,002 - UnicodeAnalyzer - INFO - -> Analizzando versione 5.0.0-rc.8 (751/2158)...
2025-11-16 09:27:30,007 - UnicodeAnalyzer - INFO - Filtrati 49 file (es. in /dist, /test).
2025-11-16 09:27:30,088 - UnicodeAnalyzer - INFO - -> Analizzando versione 5.0.0-rc.9 (752/2158)...
2025-11-16 09:27:30,092 - UnicodeAnalyzer - INFO - Filtrati 49 file (es. in /dist, /test).
2025-11-16 09:27:30,173 - UnicodeAnalyzer - INFO - -> Analizzando versione 5.0.1 (753/2158)...
2025-11-16 09:27:30,177 - UnicodeAnalyzer - INFO - Filtrati 49 file (es. in /dist, /test).
2025-11-16 09:27:30,260 - UnicodeAnalyzer - INFO - -> Analizzando versione 5.0.10 (754/2158)...
2025-11-16 09:27:30,265 - UnicodeAnalyzer - INFO - Filtrati 49 file (es. in /dist, /test).
2025-11-16 09:27:30,346 - UnicodeAnalyzer - INFO - -> Analizzando versione 5.0.11 (755/2158)...
2025-11-16 09:27:30,351 - UnicodeAnalyzer - INFO - Filtrati 49 file (es. in /dist, /test).
2025-11-16 09:27:30,434 - UnicodeAnalyzer - INFO - -> Analizzando versione 5.0.2 (756/2158)...
2025-11-16 09:27:30,439 - UnicodeAnalyzer - INFO - Filtrati 49 file (es. in /dist, /test).
2025-11-16 09:27:30,522 - UnicodeAnalyzer - INFO - -> Analizzando versione 5.0.3 (757/2158)...
2025-11-16 09:27:30,527 - UnicodeAnalyzer - INFO - Filtrati 49 file (es. in /dist, /test).
2025-11-16 09:27:30,608 - UnicodeAnalyzer - INFO - -> Analizzando versione 5.0.4 (758/2158)...
2025-11-16 09:27:30,613 - UnicodeAnalyzer - INFO - Filtrati 49 file (es. in /dist, /test).
2025-11-16 09:27:30,693 - UnicodeAnalyzer - INFO - -> Analizzando versione 5.0.5 (759/2158)...
2025-11-16 09:27:30,698 - UnicodeAnalyzer - INFO - Filtrati 49 file (es. in /dist, /test).
2025-11-16 09:27:30,781 - UnicodeAnalyzer - INFO - -> Analizzando versione 5.0.6 (760/2158)...
2025-11-16 09:27:30,786 - UnicodeAnalyzer - INFO - Filtrati 49 file (es. in /dist, /test).
2025-11-16 09:27:30,867 - UnicodeAnalyzer - INFO - -> Analizzando versione 5.0.7 (761/2158)...
2025-11-16 09:27:30,872 - UnicodeAnalyzer - INFO - Filtrati 49 file (es. in /dist, /test).
2025-11-16 09:27:30,952 - UnicodeAnalyzer - INFO - -> Analizzando versione 5.0.8 (762/2158)...
2025-11-16 09:27:30,957 - UnicodeAnalyzer - INFO - Filtrati 49 file (es. in /dist, /test).
2025-11-16 09:27:31,042 - UnicodeAnalyzer - INFO - -> Analizzando versione 5.0.9 (763/2158)...
2025-11-16 09:27:31,047 - UnicodeAnalyzer - INFO - Filtrati 49 file (es. in /dist, /test).
2025-11-16 09:27:31,128 - UnicodeAnalyzer - INFO - -> Analizzando versione 5.1.0-alpha.0 (764/2158)...
2025-11-16 09:27:31,133 - UnicodeAnalyzer - INFO - Filtrati 52 file (es. in /dist, /test).
2025-11-16 09:27:31,215 - UnicodeAnalyzer - INFO - -> Analizzando versione 5.1.0-alpha.1 (765/2158)...
2025-11-16 09:27:31,220 - UnicodeAnalyzer - INFO - Filtrati 52 file (es. in /dist, /test).
2025-11-16 09:27:31,306 - UnicodeAnalyzer - INFO - -> Analizzando versione 5.1.0-alpha.10 (766/2158)...
2025-11-16 09:27:31,311 - UnicodeAnalyzer - INFO - Filtrati 52 file (es. in /dist, /test).
2025-11-16 09:27:31,393 - UnicodeAnalyzer - INFO - -> Analizzando versione 5.1.0-alpha.11 (767/2158)...
2025-11-16 09:27:31,398 - UnicodeAnalyzer - INFO - Filtrati 52 file (es. in /dist, /test).
2025-11-16 09:27:31,482 - UnicodeAnalyzer - INFO - -> Analizzando versione 5.1.0-alpha.12 (768/2158)...
2025-11-16 09:27:31,487 - UnicodeAnalyzer - INFO - Filtrati 52 file (es. in /dist, /test).
2025-11-16 09:27:31,570 - UnicodeAnalyzer - INFO - -> Analizzando versione 5.1.0-alpha.13 (769/2158)...
2025-11-16 09:27:31,575 - UnicodeAnalyzer - INFO - Filtrati 52 file (es. in /dist, /test).
2025-11-16 09:27:31,656 - UnicodeAnalyzer - INFO - -> Analizzando versione 5.1.0-alpha.14 (770/2158)...
2025-11-16 09:27:31,661 - UnicodeAnalyzer - INFO - Filtrati 52 file (es. in /dist, /test).
2025-11-16 09:27:31,743 - UnicodeAnalyzer - INFO - -> Analizzando versione 5.1.0-alpha.15 (771/2158)...
2025-11-16 09:27:31,748 - UnicodeAnalyzer - INFO - Filtrati 52 file (es. in /dist, /test).
2025-11-16 09:27:31,831 - UnicodeAnalyzer - INFO - -> Analizzando versione 5.1.0-alpha.16 (772/2158)...
2025-11-16 09:27:31,836 - UnicodeAnalyzer - INFO - Filtrati 52 file (es. in /dist, /test).
2025-11-16 09:27:31,918 - UnicodeAnalyzer - INFO - -> Analizzando versione 5.1.0-alpha.17 (773/2158)...
2025-11-16 09:27:31,923 - UnicodeAnalyzer - INFO - Filtrati 52 file (es. in /dist, /test).
2025-11-16 09:27:32,005 - UnicodeAnalyzer - INFO - -> Analizzando versione 5.1.0-alpha.18 (774/2158)...
2025-11-16 09:27:32,010 - UnicodeAnalyzer - INFO - Filtrati 52 file (es. in /dist, /test).
2025-11-16 09:27:32,092 - UnicodeAnalyzer - INFO - -> Analizzando versione 5.1.0-alpha.19 (775/2158)...
2025-11-16 09:27:32,097 - UnicodeAnalyzer - INFO - Filtrati 52 file (es. in /dist, /test).
2025-11-16 09:27:32,186 - UnicodeAnalyzer - INFO - -> Analizzando versione 5.1.0-alpha.2 (776/2158)...
2025-11-16 09:27:32,191 - UnicodeAnalyzer - INFO - Filtrati 52 file (es. in /dist, /test).
2025-11-16 09:27:32,276 - UnicodeAnalyzer - INFO - -> Analizzando versione 5.1.0-alpha.20 (777/2158)...
2025-11-16 09:27:32,281 - UnicodeAnalyzer - INFO - Filtrati 52 file (es. in /dist, /test).
2025-11-16 09:27:32,364 - UnicodeAnalyzer - INFO - -> Analizzando versione 5.1.0-alpha.21 (778/2158)...
2025-11-16 09:27:32,369 - UnicodeAnalyzer - INFO - Filtrati 52 file (es. in /dist, /test).
2025-11-16 09:27:32,449 - UnicodeAnalyzer - INFO - -> Analizzando versione 5.1.0-alpha.22 (779/2158)...
2025-11-16 09:27:32,455 - UnicodeAnalyzer - INFO - Filtrati 52 file (es. in /dist, /test).
2025-11-16 09:27:32,542 - UnicodeAnalyzer - INFO - -> Analizzando versione 5.1.0-alpha.23 (780/2158)...
2025-11-16 09:27:32,547 - UnicodeAnalyzer - INFO - Filtrati 52 file (es. in /dist, /test).
2025-11-16 09:27:32,629 - UnicodeAnalyzer - INFO - -> Analizzando versione 5.1.0-alpha.24 (781/2158)...
2025-11-16 09:27:32,633 - UnicodeAnalyzer - INFO - Filtrati 52 file (es. in /dist, /test).
2025-11-16 09:27:32,633 - UnicodeAnalyzer - INFO - -> Analizzando versione 5.1.0-alpha.25 (782/2158)...
2025-11-16 09:27:32,637 - UnicodeAnalyzer - INFO - Filtrati 52 file (es. in /dist, /test).
2025-11-16 09:27:32,637 - UnicodeAnalyzer - INFO - -> Analizzando versione 5.1.0-alpha.26 (783/2158)...
2025-11-16 09:27:32,641 - UnicodeAnalyzer - INFO - Filtrati 52 file (es. in /dist, /test).
2025-11-16 09:27:32,641 - UnicodeAnalyzer - INFO - -> Analizzando versione 5.1.0-alpha.27 (784/2158)...
2025-11-16 09:27:32,645 - UnicodeAnalyzer - INFO - Filtrati 52 file (es. in /dist, /test).
2025-11-16 09:27:32,645 - UnicodeAnalyzer - INFO - -> Analizzando versione 5.1.0-alpha.28 (785/2158)...
2025-11-16 09:27:32,648 - UnicodeAnalyzer - INFO - Filtrati 52 file (es. in /dist, /test).
2025-11-16 09:27:32,648 - UnicodeAnalyzer - INFO - -> Analizzando versione 5.1.0-alpha.29 (786/2158)...
2025-11-16 09:27:32,652 - UnicodeAnalyzer - INFO - Filtrati 52 file (es. in /dist, /test).
2025-11-16 09:27:32,652 - UnicodeAnalyzer - INFO - -> Analizzando versione 5.1.0-alpha.3 (787/2158)...
2025-11-16 09:27:32,657 - UnicodeAnalyzer - INFO - Filtrati 52 file (es. in /dist, /test).
2025-11-16 09:27:32,740 - UnicodeAnalyzer - INFO - -> Analizzando versione 5.1.0-alpha.30 (788/2158)...
2025-11-16 09:27:32,744 - UnicodeAnalyzer - INFO - Filtrati 52 file (es. in /dist, /test).
2025-11-16 09:27:32,744 - UnicodeAnalyzer - INFO - -> Analizzando versione 5.1.0-alpha.31 (789/2158)...
2025-11-16 09:27:32,747 - UnicodeAnalyzer - INFO - Filtrati 52 file (es. in /dist, /test).
2025-11-16 09:27:32,747 - UnicodeAnalyzer - INFO - -> Analizzando versione 5.1.0-alpha.32 (790/2158)...
2025-11-16 09:27:32,751 - UnicodeAnalyzer - INFO - Filtrati 52 file (es. in /dist, /test).
2025-11-16 09:27:32,751 - UnicodeAnalyzer - INFO - -> Analizzando versione 5.1.0-alpha.33 (791/2158)...
2025-11-16 09:27:32,755 - UnicodeAnalyzer - INFO - Filtrati 52 file (es. in /dist, /test).
2025-11-16 09:27:32,755 - UnicodeAnalyzer - INFO - -> Analizzando versione 5.1.0-alpha.34 (792/2158)...
2025-11-16 09:27:32,758 - UnicodeAnalyzer - INFO - Filtrati 52 file (es. in /dist, /test).
2025-11-16 09:27:32,759 - UnicodeAnalyzer - INFO - -> Analizzando versione 5.1.0-alpha.35 (793/2158)...
2025-11-16 09:27:32,762 - UnicodeAnalyzer - INFO - Filtrati 52 file (es. in /dist, /test).
2025-11-16 09:27:32,762 - UnicodeAnalyzer - INFO - -> Analizzando versione 5.1.0-alpha.36 (794/2158)...
2025-11-16 09:27:32,766 - UnicodeAnalyzer - INFO - Filtrati 52 file (es. in /dist, /test).
2025-11-16 09:27:32,766 - UnicodeAnalyzer - INFO - -> Analizzando versione 5.1.0-alpha.37 (795/2158)...
2025-11-16 09:27:32,770 - UnicodeAnalyzer - INFO - Filtrati 52 file (es. in /dist, /test).
2025-11-16 09:27:32,770 - UnicodeAnalyzer - INFO - -> Analizzando versione 5.1.0-alpha.38 (796/2158)...
2025-11-16 09:27:32,773 - UnicodeAnalyzer - INFO - Filtrati 52 file (es. in /dist, /test).
2025-11-16 09:27:32,773 - UnicodeAnalyzer - INFO - -> Analizzando versione 5.1.0-alpha.39 (797/2158)...
2025-11-16 09:27:32,777 - UnicodeAnalyzer - INFO - Filtrati 52 file (es. in /dist, /test).
2025-11-16 09:27:32,777 - UnicodeAnalyzer - INFO - -> Analizzando versione 5.1.0-alpha.4 (798/2158)...
2025-11-16 09:27:32,782 - UnicodeAnalyzer - INFO - Filtrati 52 file (es. in /dist, /test).
2025-11-16 09:27:32,867 - UnicodeAnalyzer - INFO - -> Analizzando versione 5.1.0-alpha.40 (799/2158)...
2025-11-16 09:27:32,871 - UnicodeAnalyzer - INFO - Filtrati 52 file (es. in /dist, /test).
2025-11-16 09:27:32,871 - UnicodeAnalyzer - INFO - -> Analizzando versione 5.1.0-alpha.5 (800/2158)...
2025-11-16 09:27:32,876 - UnicodeAnalyzer - INFO - Filtrati 52 file (es. in /dist, /test).
2025-11-16 09:27:32,956 - UnicodeAnalyzer - INFO - -> Analizzando versione 5.1.0-alpha.6 (801/2158)...
2025-11-16 09:27:32,961 - UnicodeAnalyzer - INFO - Filtrati 52 file (es. in /dist, /test).
2025-11-16 09:27:33,047 - UnicodeAnalyzer - INFO - -> Analizzando versione 5.1.0-alpha.7 (802/2158)...
2025-11-16 09:27:33,052 - UnicodeAnalyzer - INFO - Filtrati 52 file (es. in /dist, /test).
2025-11-16 09:27:33,135 - UnicodeAnalyzer - INFO - -> Analizzando versione 5.1.0-alpha.8 (803/2158)...
2025-11-16 09:27:33,140 - UnicodeAnalyzer - INFO - Filtrati 52 file (es. in /dist, /test).
2025-11-16 09:27:33,222 - UnicodeAnalyzer - INFO - -> Analizzando versione 5.1.0-alpha.9 (804/2158)...
2025-11-16 09:27:33,227 - UnicodeAnalyzer - INFO - Filtrati 52 file (es. in /dist, /test).
2025-11-16 09:27:33,308 - UnicodeAnalyzer - INFO - -> Analizzando versione 5.1.0-beta.0 (805/2158)...
2025-11-16 09:27:33,312 - UnicodeAnalyzer - INFO - Filtrati 52 file (es. in /dist, /test).
2025-11-16 09:27:33,312 - UnicodeAnalyzer - INFO - -> Analizzando versione 5.1.0-beta.1 (806/2158)...
2025-11-16 09:27:33,316 - UnicodeAnalyzer - INFO - Filtrati 52 file (es. in /dist, /test).
2025-11-16 09:27:33,316 - UnicodeAnalyzer - INFO - -> Analizzando versione 5.1.0-rc.0 (807/2158)...
2025-11-16 09:27:33,320 - UnicodeAnalyzer - INFO - Filtrati 53 file (es. in /dist, /test).
2025-11-16 09:27:33,320 - UnicodeAnalyzer - INFO - -> Analizzando versione 5.1.0-rc.1 (808/2158)...
2025-11-16 09:27:33,324 - UnicodeAnalyzer - INFO - Filtrati 53 file (es. in /dist, /test).
2025-11-16 09:27:33,324 - UnicodeAnalyzer - INFO - -> Analizzando versione 5.1.0-rc.2 (809/2158)...
2025-11-16 09:27:33,328 - UnicodeAnalyzer - INFO - Filtrati 53 file (es. in /dist, /test).
2025-11-16 09:27:33,328 - UnicodeAnalyzer - INFO - -> Analizzando versione 5.1.0-rc.3 (810/2158)...
2025-11-16 09:27:33,332 - UnicodeAnalyzer - INFO - Filtrati 53 file (es. in /dist, /test).
2025-11-16 09:27:33,332 - UnicodeAnalyzer - INFO - -> Analizzando versione 5.1.0-rc.4 (811/2158)...
2025-11-16 09:27:33,336 - UnicodeAnalyzer - INFO - Filtrati 53 file (es. in /dist, /test).
2025-11-16 09:27:33,336 - UnicodeAnalyzer - INFO - -> Analizzando versione 5.1.0-rc.5 (812/2158)...
2025-11-16 09:27:33,340 - UnicodeAnalyzer - INFO - Filtrati 53 file (es. in /dist, /test).
2025-11-16 09:27:33,340 - UnicodeAnalyzer - INFO - -> Analizzando versione 5.1.1 (813/2158)...
2025-11-16 09:27:33,344 - UnicodeAnalyzer - INFO - Filtrati 53 file (es. in /dist, /test).
2025-11-16 09:27:33,344 - UnicodeAnalyzer - INFO - -> Analizzando versione 5.1.10 (814/2158)...
2025-11-16 09:27:33,347 - UnicodeAnalyzer - INFO - Filtrati 52 file (es. in /dist, /test).
2025-11-16 09:27:33,347 - UnicodeAnalyzer - INFO - -> Analizzando versione 5.1.11 (815/2158)...
2025-11-16 09:27:33,351 - UnicodeAnalyzer - INFO - Filtrati 52 file (es. in /dist, /test).
2025-11-16 09:27:33,351 - UnicodeAnalyzer - INFO - -> Analizzando versione 5.1.3 (816/2158)...
2025-11-16 09:27:33,354 - UnicodeAnalyzer - INFO - Filtrati 53 file (es. in /dist, /test).
2025-11-16 09:27:33,355 - UnicodeAnalyzer - INFO - -> Analizzando versione 5.1.4 (817/2158)...
2025-11-16 09:27:33,358 - UnicodeAnalyzer - INFO - Filtrati 53 file (es. in /dist, /test).
2025-11-16 09:27:33,359 - UnicodeAnalyzer - INFO - -> Analizzando versione 5.1.5 (818/2158)...
2025-11-16 09:27:33,362 - UnicodeAnalyzer - INFO - Filtrati 53 file (es. in /dist, /test).
2025-11-16 09:27:33,362 - UnicodeAnalyzer - INFO - -> Analizzando versione 5.1.6 (819/2158)...
2025-11-16 09:27:33,366 - UnicodeAnalyzer - INFO - Filtrati 53 file (es. in /dist, /test).
2025-11-16 09:27:33,366 - UnicodeAnalyzer - INFO - -> Analizzando versione 5.1.7 (820/2158)...
2025-11-16 09:27:33,370 - UnicodeAnalyzer - INFO - Filtrati 53 file (es. in /dist, /test).
2025-11-16 09:27:33,370 - UnicodeAnalyzer - INFO - -> Analizzando versione 5.1.8 (821/2158)...
2025-11-16 09:27:33,374 - UnicodeAnalyzer - INFO - Filtrati 53 file (es. in /dist, /test).
2025-11-16 09:27:33,374 - UnicodeAnalyzer - INFO - -> Analizzando versione 5.1.9 (822/2158)...
2025-11-16 09:27:33,378 - UnicodeAnalyzer - INFO - Filtrati 53 file (es. in /dist, /test).
2025-11-16 09:27:33,378 - UnicodeAnalyzer - INFO - -> Analizzando versione 5.2.0 (823/2158)...
2025-11-16 09:27:33,382 - UnicodeAnalyzer - INFO - Filtrati 84 file (es. in /dist, /test).
2025-11-16 09:27:33,450 - UnicodeAnalyzer - INFO - -> Analizzando versione 5.2.0-alpha.0 (824/2158)...
2025-11-16 09:27:33,455 - UnicodeAnalyzer - INFO - Filtrati 72 file (es. in /dist, /test).
2025-11-16 09:27:33,525 - UnicodeAnalyzer - INFO - -> Analizzando versione 5.2.0-alpha.1 (825/2158)...
2025-11-16 09:27:33,530 - UnicodeAnalyzer - INFO - Filtrati 73 file (es. in /dist, /test).
2025-11-16 09:27:33,601 - UnicodeAnalyzer - INFO - -> Analizzando versione 5.2.0-alpha.10 (826/2158)...
2025-11-16 09:27:33,606 - UnicodeAnalyzer - INFO - Filtrati 78 file (es. in /dist, /test).
2025-11-16 09:27:33,606 - UnicodeAnalyzer - INFO - -> Analizzando versione 5.2.0-alpha.11 (827/2158)...
2025-11-16 09:27:33,611 - UnicodeAnalyzer - INFO - Filtrati 79 file (es. in /dist, /test).
2025-11-16 09:27:33,611 - UnicodeAnalyzer - INFO - -> Analizzando versione 5.2.0-alpha.12 (828/2158)...
2025-11-16 09:27:33,616 - UnicodeAnalyzer - INFO - Filtrati 79 file (es. in /dist, /test).
2025-11-16 09:27:33,616 - UnicodeAnalyzer - INFO - -> Analizzando versione 5.2.0-alpha.13 (829/2158)...
2025-11-16 09:27:33,620 - UnicodeAnalyzer - INFO - Filtrati 79 file (es. in /dist, /test).
2025-11-16 09:27:33,621 - UnicodeAnalyzer - INFO - -> Analizzando versione 5.2.0-alpha.14 (830/2158)...
2025-11-16 09:27:33,625 - UnicodeAnalyzer - INFO - Filtrati 79 file (es. in /dist, /test).
2025-11-16 09:27:33,626 - UnicodeAnalyzer - INFO - -> Analizzando versione 5.2.0-alpha.15 (831/2158)...
2025-11-16 09:27:33,630 - UnicodeAnalyzer - INFO - Filtrati 79 file (es. in /dist, /test).
2025-11-16 09:27:33,630 - UnicodeAnalyzer - INFO - -> Analizzando versione 5.2.0-alpha.16 (832/2158)...
2025-11-16 09:27:33,635 - UnicodeAnalyzer - INFO - Filtrati 79 file (es. in /dist, /test).
2025-11-16 09:27:33,635 - UnicodeAnalyzer - INFO - -> Analizzando versione 5.2.0-alpha.17 (833/2158)...
2025-11-16 09:27:33,640 - UnicodeAnalyzer - INFO - Filtrati 79 file (es. in /dist, /test).
2025-11-16 09:27:33,640 - UnicodeAnalyzer - INFO - -> Analizzando versione 5.2.0-alpha.18 (834/2158)...
2025-11-16 09:27:33,645 - UnicodeAnalyzer - INFO - Filtrati 79 file (es. in /dist, /test).
2025-11-16 09:27:33,645 - UnicodeAnalyzer - INFO - -> Analizzando versione 5.2.0-alpha.19 (835/2158)...
2025-11-16 09:27:33,649 - UnicodeAnalyzer - INFO - Filtrati 79 file (es. in /dist, /test).
2025-11-16 09:27:33,650 - UnicodeAnalyzer - INFO - -> Analizzando versione 5.2.0-alpha.2 (836/2158)...
2025-11-16 09:27:33,654 - UnicodeAnalyzer - INFO - Filtrati 73 file (es. in /dist, /test).
2025-11-16 09:27:33,725 - UnicodeAnalyzer - INFO - -> Analizzando versione 5.2.0-alpha.20 (837/2158)...
2025-11-16 09:27:33,730 - UnicodeAnalyzer - INFO - Filtrati 79 file (es. in /dist, /test).
2025-11-16 09:27:33,730 - UnicodeAnalyzer - INFO - -> Analizzando versione 5.2.0-alpha.21 (838/2158)...
2025-11-16 09:27:33,735 - UnicodeAnalyzer - INFO - Filtrati 79 file (es. in /dist, /test).
2025-11-16 09:27:33,735 - UnicodeAnalyzer - INFO - -> Analizzando versione 5.2.0-alpha.22 (839/2158)...
2025-11-16 09:27:33,740 - UnicodeAnalyzer - INFO - Filtrati 79 file (es. in /dist, /test).
2025-11-16 09:27:33,740 - UnicodeAnalyzer - INFO - -> Analizzando versione 5.2.0-alpha.23 (840/2158)...
2025-11-16 09:27:33,745 - UnicodeAnalyzer - INFO - Filtrati 80 file (es. in /dist, /test).
2025-11-16 09:27:33,745 - UnicodeAnalyzer - INFO - -> Analizzando versione 5.2.0-alpha.24 (841/2158)...
2025-11-16 09:27:33,750 - UnicodeAnalyzer - INFO - Filtrati 80 file (es. in /dist, /test).
2025-11-16 09:27:33,750 - UnicodeAnalyzer - INFO - -> Analizzando versione 5.2.0-alpha.25 (842/2158)...
2025-11-16 09:27:33,754 - UnicodeAnalyzer - INFO - Filtrati 80 file (es. in /dist, /test).
2025-11-16 09:27:33,755 - UnicodeAnalyzer - INFO - -> Analizzando versione 5.2.0-alpha.26 (843/2158)...
2025-11-16 09:27:33,759 - UnicodeAnalyzer - INFO - Filtrati 80 file (es. in /dist, /test).
2025-11-16 09:27:33,760 - UnicodeAnalyzer - INFO - -> Analizzando versione 5.2.0-alpha.27 (844/2158)...
2025-11-16 09:27:33,764 - UnicodeAnalyzer - INFO - Filtrati 80 file (es. in /dist, /test).
2025-11-16 09:27:33,764 - UnicodeAnalyzer - INFO - -> Analizzando versione 5.2.0-alpha.28 (845/2158)...
2025-11-16 09:27:33,769 - UnicodeAnalyzer - INFO - Filtrati 80 file (es. in /dist, /test).
2025-11-16 09:27:33,769 - UnicodeAnalyzer - INFO - -> Analizzando versione 5.2.0-alpha.29 (846/2158)...
2025-11-16 09:27:33,774 - UnicodeAnalyzer - INFO - Filtrati 80 file (es. in /dist, /test).
2025-11-16 09:27:33,774 - UnicodeAnalyzer - INFO - -> Analizzando versione 5.2.0-alpha.3 (847/2158)...
2025-11-16 09:27:33,779 - UnicodeAnalyzer - INFO - Filtrati 73 file (es. in /dist, /test).
2025-11-16 09:27:33,853 - UnicodeAnalyzer - INFO - -> Analizzando versione 5.2.0-alpha.30 (848/2158)...
2025-11-16 09:27:33,858 - UnicodeAnalyzer - INFO - Filtrati 80 file (es. in /dist, /test).
2025-11-16 09:27:33,858 - UnicodeAnalyzer - INFO - -> Analizzando versione 5.2.0-alpha.31 (849/2158)...
2025-11-16 09:27:33,863 - UnicodeAnalyzer - INFO - Filtrati 80 file (es. in /dist, /test).
2025-11-16 09:27:33,863 - UnicodeAnalyzer - INFO - -> Analizzando versione 5.2.0-alpha.32 (850/2158)...
2025-11-16 09:27:33,868 - UnicodeAnalyzer - INFO - Filtrati 80 file (es. in /dist, /test).
2025-11-16 09:27:33,868 - UnicodeAnalyzer - INFO - -> Analizzando versione 5.2.0-alpha.33 (851/2158)...
2025-11-16 09:27:33,873 - UnicodeAnalyzer - INFO - Filtrati 80 file (es. in /dist, /test).
2025-11-16 09:27:33,873 - UnicodeAnalyzer - INFO - -> Analizzando versione 5.2.0-alpha.34 (852/2158)...
2025-11-16 09:27:33,878 - UnicodeAnalyzer - INFO - Filtrati 80 file (es. in /dist, /test).
2025-11-16 09:27:33,878 - UnicodeAnalyzer - INFO - -> Analizzando versione 5.2.0-alpha.35 (853/2158)...
2025-11-16 09:27:33,883 - UnicodeAnalyzer - INFO - Filtrati 80 file (es. in /dist, /test).
2025-11-16 09:27:33,883 - UnicodeAnalyzer - INFO - -> Analizzando versione 5.2.0-alpha.36 (854/2158)...
2025-11-16 09:27:33,886 - UnicodeAnalyzer - INFO - Filtrati 80 file (es. in /dist, /test).
2025-11-16 09:27:33,887 - UnicodeAnalyzer - INFO - -> Analizzando versione 5.2.0-alpha.37 (855/2158)...
2025-11-16 09:27:33,890 - UnicodeAnalyzer - INFO - Filtrati 80 file (es. in /dist, /test).
2025-11-16 09:27:33,891 - UnicodeAnalyzer - INFO - -> Analizzando versione 5.2.0-alpha.38 (856/2158)...
2025-11-16 09:27:33,895 - UnicodeAnalyzer - INFO - Filtrati 80 file (es. in /dist, /test).
2025-11-16 09:27:33,895 - UnicodeAnalyzer - INFO - -> Analizzando versione 5.2.0-alpha.39 (857/2158)...
2025-11-16 09:27:33,899 - UnicodeAnalyzer - INFO - Filtrati 79 file (es. in /dist, /test).
2025-11-16 09:27:33,899 - UnicodeAnalyzer - INFO - -> Analizzando versione 5.2.0-alpha.4 (858/2158)...
2025-11-16 09:27:33,903 - UnicodeAnalyzer - INFO - Filtrati 67 file (es. in /dist, /test).
2025-11-16 09:27:33,903 - UnicodeAnalyzer - INFO - -> Analizzando versione 5.2.0-alpha.40 (859/2158)...
2025-11-16 09:27:33,907 - UnicodeAnalyzer - INFO - Filtrati 79 file (es. in /dist, /test).
2025-11-16 09:27:33,907 - UnicodeAnalyzer - INFO - -> Analizzando versione 5.2.0-alpha.41 (860/2158)...
2025-11-16 09:27:33,911 - UnicodeAnalyzer - INFO - Filtrati 79 file (es. in /dist, /test).
2025-11-16 09:27:33,911 - UnicodeAnalyzer - INFO - -> Analizzando versione 5.2.0-alpha.42 (861/2158)...
2025-11-16 09:27:33,915 - UnicodeAnalyzer - INFO - Filtrati 79 file (es. in /dist, /test).
2025-11-16 09:27:33,915 - UnicodeAnalyzer - INFO - -> Analizzando versione 5.2.0-alpha.43 (862/2158)...
2025-11-16 09:27:33,919 - UnicodeAnalyzer - INFO - Filtrati 79 file (es. in /dist, /test).
2025-11-16 09:27:33,919 - UnicodeAnalyzer - INFO - -> Analizzando versione 5.2.0-alpha.44 (863/2158)...
2025-11-16 09:27:33,923 - UnicodeAnalyzer - INFO - Filtrati 79 file (es. in /dist, /test).
2025-11-16 09:27:33,923 - UnicodeAnalyzer - INFO - -> Analizzando versione 5.2.0-alpha.5 (864/2158)...
2025-11-16 09:27:33,927 - UnicodeAnalyzer - INFO - Filtrati 69 file (es. in /dist, /test).
2025-11-16 09:27:33,927 - UnicodeAnalyzer - INFO - -> Analizzando versione 5.2.0-alpha.6 (865/2158)...
2025-11-16 09:27:33,931 - UnicodeAnalyzer - INFO - Filtrati 78 file (es. in /dist, /test).
2025-11-16 09:27:33,932 - UnicodeAnalyzer - INFO - -> Analizzando versione 5.2.0-alpha.7 (866/2158)...
2025-11-16 09:27:33,936 - UnicodeAnalyzer - INFO - Filtrati 78 file (es. in /dist, /test).
2025-11-16 09:27:33,936 - UnicodeAnalyzer - INFO - -> Analizzando versione 5.2.0-alpha.8 (867/2158)...
2025-11-16 09:27:33,941 - UnicodeAnalyzer - INFO - Filtrati 78 file (es. in /dist, /test).
2025-11-16 09:27:33,941 - UnicodeAnalyzer - INFO - -> Analizzando versione 5.2.0-alpha.9 (868/2158)...
2025-11-16 09:27:33,945 - UnicodeAnalyzer - INFO - Filtrati 78 file (es. in /dist, /test).
2025-11-16 09:27:33,945 - UnicodeAnalyzer - INFO - -> Analizzando versione 5.2.0-beta.0 (869/2158)...
2025-11-16 09:27:33,949 - UnicodeAnalyzer - INFO - Filtrati 79 file (es. in /dist, /test).
2025-11-16 09:27:33,949 - UnicodeAnalyzer - INFO - -> Analizzando versione 5.2.0-beta.1 (870/2158)...
2025-11-16 09:27:33,953 - UnicodeAnalyzer - INFO - Filtrati 79 file (es. in /dist, /test).
2025-11-16 09:27:33,953 - UnicodeAnalyzer - INFO - -> Analizzando versione 5.2.0-beta.10 (871/2158)...
2025-11-16 09:27:33,957 - UnicodeAnalyzer - INFO - Filtrati 79 file (es. in /dist, /test).
2025-11-16 09:27:33,957 - UnicodeAnalyzer - INFO - -> Analizzando versione 5.2.0-beta.12 (872/2158)...
2025-11-16 09:27:33,961 - UnicodeAnalyzer - INFO - Filtrati 79 file (es. in /dist, /test).
2025-11-16 09:27:33,961 - UnicodeAnalyzer - INFO - -> Analizzando versione 5.2.0-beta.13 (873/2158)...
2025-11-16 09:27:33,965 - UnicodeAnalyzer - INFO - Filtrati 79 file (es. in /dist, /test).
2025-11-16 09:27:33,965 - UnicodeAnalyzer - INFO - -> Analizzando versione 5.2.0-beta.14 (874/2158)...
2025-11-16 09:27:33,969 - UnicodeAnalyzer - INFO - Filtrati 79 file (es. in /dist, /test).
2025-11-16 09:27:33,969 - UnicodeAnalyzer - INFO - -> Analizzando versione 5.2.0-beta.15 (875/2158)...
2025-11-16 09:27:33,973 - UnicodeAnalyzer - INFO - Filtrati 79 file (es. in /dist, /test).
2025-11-16 09:27:33,973 - UnicodeAnalyzer - INFO - -> Analizzando versione 5.2.0-beta.16 (876/2158)...
2025-11-16 09:27:33,977 - UnicodeAnalyzer - INFO - Filtrati 79 file (es. in /dist, /test).
2025-11-16 09:27:33,977 - UnicodeAnalyzer - INFO - -> Analizzando versione 5.2.0-beta.17 (877/2158)...
2025-11-16 09:27:33,981 - UnicodeAnalyzer - INFO - Filtrati 79 file (es. in /dist, /test).
2025-11-16 09:27:33,981 - UnicodeAnalyzer - INFO - -> Analizzando versione 5.2.0-beta.18 (878/2158)...
2025-11-16 09:27:33,985 - UnicodeAnalyzer - INFO - Filtrati 79 file (es. in /dist, /test).
2025-11-16 09:27:33,985 - UnicodeAnalyzer - INFO - -> Analizzando versione 5.2.0-beta.19 (879/2158)...
2025-11-16 09:27:33,989 - UnicodeAnalyzer - INFO - Filtrati 79 file (es. in /dist, /test).
2025-11-16 09:27:33,989 - UnicodeAnalyzer - INFO - -> Analizzando versione 5.2.0-beta.2 (880/2158)...
2025-11-16 09:27:33,993 - UnicodeAnalyzer - INFO - Filtrati 79 file (es. in /dist, /test).
2025-11-16 09:27:33,993 - UnicodeAnalyzer - INFO - -> Analizzando versione 5.2.0-beta.20 (881/2158)...
2025-11-16 09:27:33,997 - UnicodeAnalyzer - INFO - Filtrati 79 file (es. in /dist, /test).
2025-11-16 09:27:33,997 - UnicodeAnalyzer - INFO - -> Analizzando versione 5.2.0-beta.21 (882/2158)...
2025-11-16 09:27:34,001 - UnicodeAnalyzer - INFO - Filtrati 79 file (es. in /dist, /test).
2025-11-16 09:27:34,001 - UnicodeAnalyzer - INFO - -> Analizzando versione 5.2.0-beta.22 (883/2158)...
2025-11-16 09:27:34,005 - UnicodeAnalyzer - INFO - Filtrati 79 file (es. in /dist, /test).
2025-11-16 09:27:34,005 - UnicodeAnalyzer - INFO - -> Analizzando versione 5.2.0-beta.23 (884/2158)...
2025-11-16 09:27:34,009 - UnicodeAnalyzer - INFO - Filtrati 79 file (es. in /dist, /test).
2025-11-16 09:27:34,009 - UnicodeAnalyzer - INFO - -> Analizzando versione 5.2.0-beta.24 (885/2158)...
2025-11-16 09:27:34,013 - UnicodeAnalyzer - INFO - Filtrati 79 file (es. in /dist, /test).
2025-11-16 09:27:34,013 - UnicodeAnalyzer - INFO - -> Analizzando versione 5.2.0-beta.25 (886/2158)...
2025-11-16 09:27:34,017 - UnicodeAnalyzer - INFO - Filtrati 79 file (es. in /dist, /test).
2025-11-16 09:27:34,017 - UnicodeAnalyzer - INFO - -> Analizzando versione 5.2.0-beta.26 (887/2158)...
2025-11-16 09:27:34,021 - UnicodeAnalyzer - INFO - Filtrati 79 file (es. in /dist, /test).
2025-11-16 09:27:34,021 - UnicodeAnalyzer - INFO - -> Analizzando versione 5.2.0-beta.27 (888/2158)...
2025-11-16 09:27:34,025 - UnicodeAnalyzer - INFO - Filtrati 79 file (es. in /dist, /test).
2025-11-16 09:27:34,025 - UnicodeAnalyzer - INFO - -> Analizzando versione 5.2.0-beta.28 (889/2158)...
2025-11-16 09:27:34,029 - UnicodeAnalyzer - INFO - Filtrati 79 file (es. in /dist, /test).
2025-11-16 09:27:34,029 - UnicodeAnalyzer - INFO - -> Analizzando versione 5.2.0-beta.29 (890/2158)...
2025-11-16 09:27:34,032 - UnicodeAnalyzer - INFO - Filtrati 79 file (es. in /dist, /test).
2025-11-16 09:27:34,033 - UnicodeAnalyzer - INFO - -> Analizzando versione 5.2.0-beta.3 (891/2158)...
2025-11-16 09:27:34,036 - UnicodeAnalyzer - INFO - Filtrati 79 file (es. in /dist, /test).
2025-11-16 09:27:34,037 - UnicodeAnalyzer - INFO - -> Analizzando versione 5.2.0-beta.30 (892/2158)...
2025-11-16 09:27:34,040 - UnicodeAnalyzer - INFO - Filtrati 79 file (es. in /dist, /test).
2025-11-16 09:27:34,041 - UnicodeAnalyzer - INFO - -> Analizzando versione 5.2.0-beta.31 (893/2158)...
2025-11-16 09:27:34,045 - UnicodeAnalyzer - INFO - Filtrati 84 file (es. in /dist, /test).
2025-11-16 09:27:34,113 - UnicodeAnalyzer - INFO - -> Analizzando versione 5.2.0-beta.32 (894/2158)...
2025-11-16 09:27:34,117 - UnicodeAnalyzer - INFO - Filtrati 84 file (es. in /dist, /test).
2025-11-16 09:27:34,183 - UnicodeAnalyzer - INFO - -> Analizzando versione 5.2.0-beta.33 (895/2158)...
2025-11-16 09:27:34,187 - UnicodeAnalyzer - INFO - Filtrati 84 file (es. in /dist, /test).
2025-11-16 09:27:34,254 - UnicodeAnalyzer - INFO - -> Analizzando versione 5.2.0-beta.36 (896/2158)...
2025-11-16 09:27:34,258 - UnicodeAnalyzer - INFO - Filtrati 84 file (es. in /dist, /test).
2025-11-16 09:27:34,325 - UnicodeAnalyzer - INFO - -> Analizzando versione 5.2.0-beta.37 (897/2158)...
2025-11-16 09:27:34,329 - UnicodeAnalyzer - INFO - Filtrati 84 file (es. in /dist, /test).
2025-11-16 09:27:34,396 - UnicodeAnalyzer - INFO - -> Analizzando versione 5.2.0-beta.38 (898/2158)...
2025-11-16 09:27:34,400 - UnicodeAnalyzer - INFO - Filtrati 84 file (es. in /dist, /test).
2025-11-16 09:27:34,467 - UnicodeAnalyzer - INFO - -> Analizzando versione 5.2.0-beta.39 (899/2158)...
2025-11-16 09:27:34,472 - UnicodeAnalyzer - INFO - Filtrati 84 file (es. in /dist, /test).
2025-11-16 09:27:34,537 - UnicodeAnalyzer - INFO - -> Analizzando versione 5.2.0-beta.4 (900/2158)...
2025-11-16 09:27:34,541 - UnicodeAnalyzer - INFO - Filtrati 79 file (es. in /dist, /test).
2025-11-16 09:27:34,542 - UnicodeAnalyzer - INFO - -> Analizzando versione 5.2.0-beta.40 (901/2158)...
2025-11-16 09:27:34,545 - UnicodeAnalyzer - INFO - Filtrati 84 file (es. in /dist, /test).
2025-11-16 09:27:34,606 - UnicodeAnalyzer - INFO - -> Analizzando versione 5.2.0-beta.41 (902/2158)...
2025-11-16 09:27:34,610 - UnicodeAnalyzer - INFO - Filtrati 84 file (es. in /dist, /test).
2025-11-16 09:27:34,677 - UnicodeAnalyzer - INFO - -> Analizzando versione 5.2.0-beta.42 (903/2158)...
2025-11-16 09:27:34,681 - UnicodeAnalyzer - INFO - Filtrati 84 file (es. in /dist, /test).
2025-11-16 09:27:34,745 - UnicodeAnalyzer - INFO - -> Analizzando versione 5.2.0-beta.43 (904/2158)...
2025-11-16 09:27:34,749 - UnicodeAnalyzer - INFO - Filtrati 84 file (es. in /dist, /test).
2025-11-16 09:27:34,813 - UnicodeAnalyzer - INFO - -> Analizzando versione 5.2.0-beta.45 (905/2158)...
2025-11-16 09:27:34,817 - UnicodeAnalyzer - INFO - Filtrati 84 file (es. in /dist, /test).
2025-11-16 09:27:34,884 - UnicodeAnalyzer - INFO - -> Analizzando versione 5.2.0-beta.46 (906/2158)...
2025-11-16 09:27:34,888 - UnicodeAnalyzer - INFO - Filtrati 84 file (es. in /dist, /test).
2025-11-16 09:27:34,957 - UnicodeAnalyzer - INFO - -> Analizzando versione 5.2.0-beta.47 (907/2158)...
2025-11-16 09:27:34,961 - UnicodeAnalyzer - INFO - Filtrati 84 file (es. in /dist, /test).
2025-11-16 09:27:35,029 - UnicodeAnalyzer - INFO - -> Analizzando versione 5.2.0-beta.48 (908/2158)...
2025-11-16 09:27:35,032 - UnicodeAnalyzer - INFO - Filtrati 84 file (es. in /dist, /test).
2025-11-16 09:27:35,093 - UnicodeAnalyzer - INFO - -> Analizzando versione 5.2.0-beta.5 (909/2158)...
2025-11-16 09:27:35,097 - UnicodeAnalyzer - INFO - Filtrati 79 file (es. in /dist, /test).
2025-11-16 09:27:35,097 - UnicodeAnalyzer - INFO - -> Analizzando versione 5.2.0-beta.6 (910/2158)...
2025-11-16 09:27:35,100 - UnicodeAnalyzer - INFO - Filtrati 79 file (es. in /dist, /test).
2025-11-16 09:27:35,100 - UnicodeAnalyzer - INFO - -> Analizzando versione 5.2.0-beta.7 (911/2158)...
2025-11-16 09:27:35,104 - UnicodeAnalyzer - INFO - Filtrati 79 file (es. in /dist, /test).
2025-11-16 09:27:35,104 - UnicodeAnalyzer - INFO - -> Analizzando versione 5.2.0-beta.8 (912/2158)...
2025-11-16 09:27:35,107 - UnicodeAnalyzer - INFO - Filtrati 79 file (es. in /dist, /test).
2025-11-16 09:27:35,108 - UnicodeAnalyzer - INFO - -> Analizzando versione 5.2.0-beta.9 (913/2158)...
2025-11-16 09:27:35,112 - UnicodeAnalyzer - INFO - Filtrati 79 file (es. in /dist, /test).
2025-11-16 09:27:35,112 - UnicodeAnalyzer - INFO - -> Analizzando versione 5.2.0-rc.0 (914/2158)...
2025-11-16 09:27:35,116 - UnicodeAnalyzer - INFO - Filtrati 84 file (es. in /dist, /test).
2025-11-16 09:27:35,183 - UnicodeAnalyzer - INFO - -> Analizzando versione 5.2.0-rc.1 (915/2158)...
2025-11-16 09:27:35,187 - UnicodeAnalyzer - INFO - Filtrati 84 file (es. in /dist, /test).
2025-11-16 09:27:35,254 - UnicodeAnalyzer - INFO - -> Analizzando versione 5.2.0-rc.10 (916/2158)...
2025-11-16 09:27:35,258 - UnicodeAnalyzer - INFO - Filtrati 84 file (es. in /dist, /test).
2025-11-16 09:27:35,326 - UnicodeAnalyzer - INFO - -> Analizzando versione 5.2.0-rc.11 (917/2158)...
2025-11-16 09:27:35,331 - UnicodeAnalyzer - INFO - Filtrati 84 file (es. in /dist, /test).
2025-11-16 09:27:35,397 - UnicodeAnalyzer - INFO - -> Analizzando versione 5.2.0-rc.2 (918/2158)...
2025-11-16 09:27:35,402 - UnicodeAnalyzer - INFO - Filtrati 84 file (es. in /dist, /test).
2025-11-16 09:27:35,469 - UnicodeAnalyzer - INFO - -> Analizzando versione 5.2.0-rc.3 (919/2158)...
2025-11-16 09:27:35,473 - UnicodeAnalyzer - INFO - Filtrati 84 file (es. in /dist, /test).
2025-11-16 09:27:35,543 - UnicodeAnalyzer - INFO - -> Analizzando versione 5.2.0-rc.4 (920/2158)...
2025-11-16 09:27:35,547 - UnicodeAnalyzer - INFO - Filtrati 84 file (es. in /dist, /test).
2025-11-16 09:27:35,622 - UnicodeAnalyzer - INFO - -> Analizzando versione 5.2.0-rc.5 (921/2158)...
2025-11-16 09:27:35,626 - UnicodeAnalyzer - INFO - Filtrati 84 file (es. in /dist, /test).
2025-11-16 09:27:35,692 - UnicodeAnalyzer - INFO - -> Analizzando versione 5.2.0-rc.6 (922/2158)...
2025-11-16 09:27:35,696 - UnicodeAnalyzer - INFO - Filtrati 84 file (es. in /dist, /test).
2025-11-16 09:27:35,766 - UnicodeAnalyzer - INFO - -> Analizzando versione 5.2.0-rc.8 (923/2158)...
2025-11-16 09:27:35,770 - UnicodeAnalyzer - INFO - Filtrati 84 file (es. in /dist, /test).
2025-11-16 09:27:35,837 - UnicodeAnalyzer - INFO - -> Analizzando versione 5.2.0-rc.9 (924/2158)...
2025-11-16 09:27:35,841 - UnicodeAnalyzer - INFO - Filtrati 84 file (es. in /dist, /test).
2025-11-16 09:27:35,908 - UnicodeAnalyzer - INFO - -> Analizzando versione 5.2.1 (925/2158)...
2025-11-16 09:27:35,913 - UnicodeAnalyzer - INFO - Filtrati 84 file (es. in /dist, /test).
2025-11-16 09:27:35,980 - UnicodeAnalyzer - INFO - -> Analizzando versione 5.2.2 (926/2158)...
2025-11-16 09:27:35,983 - UnicodeAnalyzer - INFO - Filtrati 84 file (es. in /dist, /test).
2025-11-16 09:27:35,984 - UnicodeAnalyzer - INFO - -> Analizzando versione 5.2.3 (927/2158)...
2025-11-16 09:27:35,987 - UnicodeAnalyzer - INFO - Filtrati 84 file (es. in /dist, /test).
2025-11-16 09:27:35,987 - UnicodeAnalyzer - INFO - -> Analizzando versione 5.2.4 (928/2158)...
2025-11-16 09:27:35,990 - UnicodeAnalyzer - INFO - Filtrati 84 file (es. in /dist, /test).
2025-11-16 09:27:35,990 - UnicodeAnalyzer - INFO - -> Analizzando versione 5.2.5 (929/2158)...
2025-11-16 09:27:35,993 - UnicodeAnalyzer - INFO - Filtrati 84 file (es. in /dist, /test).
2025-11-16 09:27:35,993 - UnicodeAnalyzer - INFO - -> Analizzando versione 5.2.6 (930/2158)...
2025-11-16 09:27:35,996 - UnicodeAnalyzer - INFO - Filtrati 84 file (es. in /dist, /test).
2025-11-16 09:27:35,997 - UnicodeAnalyzer - INFO - -> Analizzando versione 5.2.7 (931/2158)...
2025-11-16 09:27:36,000 - UnicodeAnalyzer - INFO - Filtrati 84 file (es. in /dist, /test).
2025-11-16 09:27:36,000 - UnicodeAnalyzer - INFO - -> Analizzando versione 5.2.8 (932/2158)...
2025-11-16 09:27:36,003 - UnicodeAnalyzer - INFO - Filtrati 84 file (es. in /dist, /test).
2025-11-16 09:27:36,003 - UnicodeAnalyzer - INFO - -> Analizzando versione 5.3.0 (933/2158)...
2025-11-16 09:27:36,006 - UnicodeAnalyzer - INFO - Filtrati 88 file (es. in /dist, /test).
2025-11-16 09:27:36,006 - UnicodeAnalyzer - INFO - -> Analizzando versione 5.3.0-alpha.0 (934/2158)...
2025-11-16 09:27:36,010 - UnicodeAnalyzer - INFO - Filtrati 84 file (es. in /dist, /test).
2025-11-16 09:27:36,078 - UnicodeAnalyzer - INFO - -> Analizzando versione 5.3.0-alpha.1 (935/2158)...
2025-11-16 09:27:36,081 - UnicodeAnalyzer - INFO - Filtrati 84 file (es. in /dist, /test).
2025-11-16 09:27:36,082 - UnicodeAnalyzer - INFO - -> Analizzando versione 5.3.0-alpha.10 (936/2158)...
2025-11-16 09:27:36,085 - UnicodeAnalyzer - INFO - Filtrati 84 file (es. in /dist, /test).
2025-11-16 09:27:36,085 - UnicodeAnalyzer - INFO - -> Analizzando versione 5.3.0-alpha.11 (937/2158)...
2025-11-16 09:27:36,088 - UnicodeAnalyzer - INFO - Filtrati 84 file (es. in /dist, /test).
2025-11-16 09:27:36,088 - UnicodeAnalyzer - INFO - -> Analizzando versione 5.3.0-alpha.12 (938/2158)...
2025-11-16 09:27:36,091 - UnicodeAnalyzer - INFO - Filtrati 84 file (es. in /dist, /test).
2025-11-16 09:27:36,091 - UnicodeAnalyzer - INFO - -> Analizzando versione 5.3.0-alpha.13 (939/2158)...
2025-11-16 09:27:36,094 - UnicodeAnalyzer - INFO - Filtrati 84 file (es. in /dist, /test).
2025-11-16 09:27:36,095 - UnicodeAnalyzer - INFO - -> Analizzando versione 5.3.0-alpha.15 (940/2158)...
2025-11-16 09:27:36,098 - UnicodeAnalyzer - INFO - Filtrati 84 file (es. in /dist, /test).
2025-11-16 09:27:36,098 - UnicodeAnalyzer - INFO - -> Analizzando versione 5.3.0-alpha.17 (941/2158)...
2025-11-16 09:27:36,101 - UnicodeAnalyzer - INFO - Filtrati 84 file (es. in /dist, /test).
2025-11-16 09:27:36,101 - UnicodeAnalyzer - INFO - -> Analizzando versione 5.3.0-alpha.18 (942/2158)...
2025-11-16 09:27:36,104 - UnicodeAnalyzer - INFO - Filtrati 84 file (es. in /dist, /test).
2025-11-16 09:27:36,104 - UnicodeAnalyzer - INFO - -> Analizzando versione 5.3.0-alpha.19 (943/2158)...
2025-11-16 09:27:36,107 - UnicodeAnalyzer - INFO - Filtrati 84 file (es. in /dist, /test).
2025-11-16 09:27:36,108 - UnicodeAnalyzer - INFO - -> Analizzando versione 5.3.0-alpha.2 (944/2158)...
2025-11-16 09:27:36,111 - UnicodeAnalyzer - INFO - Filtrati 84 file (es. in /dist, /test).
2025-11-16 09:27:36,111 - UnicodeAnalyzer - INFO - -> Analizzando versione 5.3.0-alpha.20 (945/2158)...
2025-11-16 09:27:36,114 - UnicodeAnalyzer - INFO - Filtrati 84 file (es. in /dist, /test).
2025-11-16 09:27:36,114 - UnicodeAnalyzer - INFO - -> Analizzando versione 5.3.0-alpha.21 (946/2158)...
2025-11-16 09:27:36,117 - UnicodeAnalyzer - INFO - Filtrati 84 file (es. in /dist, /test).
2025-11-16 09:27:36,117 - UnicodeAnalyzer - INFO - -> Analizzando versione 5.3.0-alpha.22 (947/2158)...
2025-11-16 09:27:36,120 - UnicodeAnalyzer - INFO - Filtrati 84 file (es. in /dist, /test).
2025-11-16 09:27:36,121 - UnicodeAnalyzer - INFO - -> Analizzando versione 5.3.0-alpha.23 (948/2158)...
2025-11-16 09:27:36,124 - UnicodeAnalyzer - INFO - Filtrati 84 file (es. in /dist, /test).
2025-11-16 09:27:36,124 - UnicodeAnalyzer - INFO - -> Analizzando versione 5.3.0-alpha.24 (949/2158)...
2025-11-16 09:27:36,127 - UnicodeAnalyzer - INFO - Filtrati 84 file (es. in /dist, /test).
2025-11-16 09:27:36,127 - UnicodeAnalyzer - INFO - -> Analizzando versione 5.3.0-alpha.25 (950/2158)...
2025-11-16 09:27:36,130 - UnicodeAnalyzer - INFO - Filtrati 84 file (es. in /dist, /test).
2025-11-16 09:27:36,130 - UnicodeAnalyzer - INFO - -> Analizzando versione 5.3.0-alpha.26 (951/2158)...
2025-11-16 09:27:36,133 - UnicodeAnalyzer - INFO - Filtrati 84 file (es. in /dist, /test).
2025-11-16 09:27:36,134 - UnicodeAnalyzer - INFO - -> Analizzando versione 5.3.0-alpha.27 (952/2158)...
2025-11-16 09:27:36,137 - UnicodeAnalyzer - INFO - Filtrati 84 file (es. in /dist, /test).
2025-11-16 09:27:36,137 - UnicodeAnalyzer - INFO - -> Analizzando versione 5.3.0-alpha.28 (953/2158)...
2025-11-16 09:27:36,140 - UnicodeAnalyzer - INFO - Filtrati 86 file (es. in /dist, /test).
2025-11-16 09:27:36,140 - UnicodeAnalyzer - INFO - -> Analizzando versione 5.3.0-alpha.29 (954/2158)...
2025-11-16 09:27:36,143 - UnicodeAnalyzer - INFO - Filtrati 86 file (es. in /dist, /test).
2025-11-16 09:27:36,144 - UnicodeAnalyzer - INFO - -> Analizzando versione 5.3.0-alpha.3 (955/2158)...
2025-11-16 09:27:36,147 - UnicodeAnalyzer - INFO - Filtrati 84 file (es. in /dist, /test).
2025-11-16 09:27:36,147 - UnicodeAnalyzer - INFO - -> Analizzando versione 5.3.0-alpha.30 (956/2158)...
2025-11-16 09:27:36,150 - UnicodeAnalyzer - INFO - Filtrati 86 file (es. in /dist, /test).
2025-11-16 09:27:36,150 - UnicodeAnalyzer - INFO - -> Analizzando versione 5.3.0-alpha.31 (957/2158)...
2025-11-16 09:27:36,153 - UnicodeAnalyzer - INFO - Filtrati 86 file (es. in /dist, /test).
2025-11-16 09:27:36,153 - UnicodeAnalyzer - INFO - -> Analizzando versione 5.3.0-alpha.32 (958/2158)...
2025-11-16 09:27:36,157 - UnicodeAnalyzer - INFO - Filtrati 86 file (es. in /dist, /test).
2025-11-16 09:27:36,157 - UnicodeAnalyzer - INFO - -> Analizzando versione 5.3.0-alpha.33 (959/2158)...
2025-11-16 09:27:36,160 - UnicodeAnalyzer - INFO - Filtrati 86 file (es. in /dist, /test).
2025-11-16 09:27:36,160 - UnicodeAnalyzer - INFO - -> Analizzando versione 5.3.0-alpha.34 (960/2158)...
2025-11-16 09:27:36,163 - UnicodeAnalyzer - INFO - Filtrati 86 file (es. in /dist, /test).
2025-11-16 09:27:36,163 - UnicodeAnalyzer - INFO - -> Analizzando versione 5.3.0-alpha.35 (961/2158)...
2025-11-16 09:27:36,166 - UnicodeAnalyzer - INFO - Filtrati 86 file (es. in /dist, /test).
2025-11-16 09:27:36,167 - UnicodeAnalyzer - INFO - -> Analizzando versione 5.3.0-alpha.36 (962/2158)...
2025-11-16 09:27:36,170 - UnicodeAnalyzer - INFO - Filtrati 86 file (es. in /dist, /test).
2025-11-16 09:27:36,170 - UnicodeAnalyzer - INFO - -> Analizzando versione 5.3.0-alpha.37 (963/2158)...
2025-11-16 09:27:36,173 - UnicodeAnalyzer - INFO - Filtrati 86 file (es. in /dist, /test).
2025-11-16 09:27:36,173 - UnicodeAnalyzer - INFO - -> Analizzando versione 5.3.0-alpha.38 (964/2158)...
2025-11-16 09:27:36,176 - UnicodeAnalyzer - INFO - Filtrati 86 file (es. in /dist, /test).
2025-11-16 09:27:36,177 - UnicodeAnalyzer - INFO - -> Analizzando versione 5.3.0-alpha.39 (965/2158)...
2025-11-16 09:27:36,180 - UnicodeAnalyzer - INFO - Filtrati 86 file (es. in /dist, /test).
2025-11-16 09:27:36,180 - UnicodeAnalyzer - INFO - -> Analizzando versione 5.3.0-alpha.4 (966/2158)...
2025-11-16 09:27:36,183 - UnicodeAnalyzer - INFO - Filtrati 84 file (es. in /dist, /test).
2025-11-16 09:27:36,183 - UnicodeAnalyzer - INFO - -> Analizzando versione 5.3.0-alpha.40 (967/2158)...
2025-11-16 09:27:36,186 - UnicodeAnalyzer - INFO - Filtrati 86 file (es. in /dist, /test).
2025-11-16 09:27:36,186 - UnicodeAnalyzer - INFO - -> Analizzando versione 5.3.0-alpha.41 (968/2158)...
2025-11-16 09:27:36,190 - UnicodeAnalyzer - INFO - Filtrati 86 file (es. in /dist, /test).
2025-11-16 09:27:36,190 - UnicodeAnalyzer - INFO - -> Analizzando versione 5.3.0-alpha.42 (969/2158)...
2025-11-16 09:27:36,193 - UnicodeAnalyzer - INFO - Filtrati 86 file (es. in /dist, /test).
2025-11-16 09:27:36,193 - UnicodeAnalyzer - INFO - -> Analizzando versione 5.3.0-alpha.43 (970/2158)...
2025-11-16 09:27:36,196 - UnicodeAnalyzer - INFO - Filtrati 86 file (es. in /dist, /test).
2025-11-16 09:27:36,196 - UnicodeAnalyzer - INFO - -> Analizzando versione 5.3.0-alpha.44 (971/2158)...
2025-11-16 09:27:36,199 - UnicodeAnalyzer - INFO - Filtrati 86 file (es. in /dist, /test).
2025-11-16 09:27:36,200 - UnicodeAnalyzer - INFO - -> Analizzando versione 5.3.0-alpha.45 (972/2158)...
2025-11-16 09:27:36,203 - UnicodeAnalyzer - INFO - Filtrati 88 file (es. in /dist, /test).
2025-11-16 09:27:36,203 - UnicodeAnalyzer - INFO - -> Analizzando versione 5.3.0-alpha.46 (973/2158)...
2025-11-16 09:27:36,206 - UnicodeAnalyzer - INFO - Filtrati 88 file (es. in /dist, /test).
2025-11-16 09:27:36,206 - UnicodeAnalyzer - INFO - -> Analizzando versione 5.3.0-alpha.47 (974/2158)...
2025-11-16 09:27:36,210 - UnicodeAnalyzer - INFO - Filtrati 88 file (es. in /dist, /test).
2025-11-16 09:27:36,210 - UnicodeAnalyzer - INFO - -> Analizzando versione 5.3.0-alpha.5 (975/2158)...
2025-11-16 09:27:36,213 - UnicodeAnalyzer - INFO - Filtrati 84 file (es. in /dist, /test).
2025-11-16 09:27:36,213 - UnicodeAnalyzer - INFO - -> Analizzando versione 5.3.0-alpha.6 (976/2158)...
2025-11-16 09:27:36,216 - UnicodeAnalyzer - INFO - Filtrati 84 file (es. in /dist, /test).
2025-11-16 09:27:36,216 - UnicodeAnalyzer - INFO - -> Analizzando versione 5.3.0-alpha.7 (977/2158)...
2025-11-16 09:27:36,219 - UnicodeAnalyzer - INFO - Filtrati 84 file (es. in /dist, /test).
2025-11-16 09:27:36,219 - UnicodeAnalyzer - INFO - -> Analizzando versione 5.3.0-alpha.8 (978/2158)...
2025-11-16 09:27:36,222 - UnicodeAnalyzer - INFO - Filtrati 84 file (es. in /dist, /test).
2025-11-16 09:27:36,223 - UnicodeAnalyzer - INFO - -> Analizzando versione 5.3.0-alpha.9 (979/2158)...
2025-11-16 09:27:36,226 - UnicodeAnalyzer - INFO - Filtrati 84 file (es. in /dist, /test).
2025-11-16 09:27:36,226 - UnicodeAnalyzer - INFO - -> Analizzando versione 5.3.0-beta.0 (980/2158)...
2025-11-16 09:27:36,229 - UnicodeAnalyzer - INFO - Filtrati 88 file (es. in /dist, /test).
2025-11-16 09:27:36,229 - UnicodeAnalyzer - INFO - -> Analizzando versione 5.3.0-beta.1 (981/2158)...
2025-11-16 09:27:36,232 - UnicodeAnalyzer - INFO - Filtrati 88 file (es. in /dist, /test).
2025-11-16 09:27:36,233 - UnicodeAnalyzer - INFO - -> Analizzando versione 5.3.0-beta.10 (982/2158)...
2025-11-16 09:27:36,236 - UnicodeAnalyzer - INFO - Filtrati 88 file (es. in /dist, /test).
2025-11-16 09:27:36,236 - UnicodeAnalyzer - INFO - -> Analizzando versione 5.3.0-beta.11 (983/2158)...
2025-11-16 09:27:36,239 - UnicodeAnalyzer - INFO - Filtrati 88 file (es. in /dist, /test).
2025-11-16 09:27:36,239 - UnicodeAnalyzer - INFO - -> Analizzando versione 5.3.0-beta.12 (984/2158)...
2025-11-16 09:27:36,242 - UnicodeAnalyzer - INFO - Filtrati 88 file (es. in /dist, /test).
2025-11-16 09:27:36,243 - UnicodeAnalyzer - INFO - -> Analizzando versione 5.3.0-beta.13 (985/2158)...
2025-11-16 09:27:36,246 - UnicodeAnalyzer - INFO - Filtrati 88 file (es. in /dist, /test).
2025-11-16 09:27:36,246 - UnicodeAnalyzer - INFO - -> Analizzando versione 5.3.0-beta.14 (986/2158)...
2025-11-16 09:27:36,249 - UnicodeAnalyzer - INFO - Filtrati 88 file (es. in /dist, /test).
2025-11-16 09:27:36,249 - UnicodeAnalyzer - INFO - -> Analizzando versione 5.3.0-beta.15 (987/2158)...
2025-11-16 09:27:36,253 - UnicodeAnalyzer - INFO - Filtrati 88 file (es. in /dist, /test).
2025-11-16 09:27:36,253 - UnicodeAnalyzer - INFO - -> Analizzando versione 5.3.0-beta.16 (988/2158)...
2025-11-16 09:27:36,256 - UnicodeAnalyzer - INFO - Filtrati 88 file (es. in /dist, /test).
2025-11-16 09:27:36,256 - UnicodeAnalyzer - INFO - -> Analizzando versione 5.3.0-beta.17 (989/2158)...
2025-11-16 09:27:36,259 - UnicodeAnalyzer - INFO - Filtrati 88 file (es. in /dist, /test).
2025-11-16 09:27:36,259 - UnicodeAnalyzer - INFO - -> Analizzando versione 5.3.0-beta.18 (990/2158)...
2025-11-16 09:27:36,263 - UnicodeAnalyzer - INFO - Filtrati 88 file (es. in /dist, /test).
2025-11-16 09:27:36,263 - UnicodeAnalyzer - INFO - -> Analizzando versione 5.3.0-beta.19 (991/2158)...
2025-11-16 09:27:36,266 - UnicodeAnalyzer - INFO - Filtrati 88 file (es. in /dist, /test).
2025-11-16 09:27:36,266 - UnicodeAnalyzer - INFO - -> Analizzando versione 5.3.0-beta.2 (992/2158)...
2025-11-16 09:27:36,269 - UnicodeAnalyzer - INFO - Filtrati 88 file (es. in /dist, /test).
2025-11-16 09:27:36,269 - UnicodeAnalyzer - INFO - -> Analizzando versione 5.3.0-beta.20 (993/2158)...
2025-11-16 09:27:36,273 - UnicodeAnalyzer - INFO - Filtrati 88 file (es. in /dist, /test).
2025-11-16 09:27:36,273 - UnicodeAnalyzer - INFO - -> Analizzando versione 5.3.0-beta.21 (994/2158)...
2025-11-16 09:27:36,276 - UnicodeAnalyzer - INFO - Filtrati 88 file (es. in /dist, /test).
2025-11-16 09:27:36,276 - UnicodeAnalyzer - INFO - -> Analizzando versione 5.3.0-beta.22 (995/2158)...
2025-11-16 09:27:36,279 - UnicodeAnalyzer - INFO - Filtrati 88 file (es. in /dist, /test).
2025-11-16 09:27:36,279 - UnicodeAnalyzer - INFO - -> Analizzando versione 5.3.0-beta.23 (996/2158)...
2025-11-16 09:27:36,283 - UnicodeAnalyzer - INFO - Filtrati 88 file (es. in /dist, /test).
2025-11-16 09:27:36,283 - UnicodeAnalyzer - INFO - -> Analizzando versione 5.3.0-beta.25 (997/2158)...
2025-11-16 09:27:36,286 - UnicodeAnalyzer - INFO - Filtrati 88 file (es. in /dist, /test).
2025-11-16 09:27:36,286 - UnicodeAnalyzer - INFO - -> Analizzando versione 5.3.0-beta.26 (998/2158)...
2025-11-16 09:27:36,289 - UnicodeAnalyzer - INFO - Filtrati 88 file (es. in /dist, /test).
2025-11-16 09:27:36,289 - UnicodeAnalyzer - INFO - -> Analizzando versione 5.3.0-beta.27 (999/2158)...
2025-11-16 09:27:36,293 - UnicodeAnalyzer - INFO - Filtrati 88 file (es. in /dist, /test).
2025-11-16 09:27:36,293 - UnicodeAnalyzer - INFO - -> Analizzando versione 5.3.0-beta.28 (1000/2158)...
2025-11-16 09:27:36,296 - UnicodeAnalyzer - INFO - Filtrati 88 file (es. in /dist, /test).
2025-11-16 09:27:36,296 - UnicodeAnalyzer - INFO - -> Analizzando versione 5.3.0-beta.29 (1001/2158)...
2025-11-16 09:27:36,299 - UnicodeAnalyzer - INFO - Filtrati 88 file (es. in /dist, /test).
2025-11-16 09:27:36,300 - UnicodeAnalyzer - INFO - -> Analizzando versione 5.3.0-beta.3 (1002/2158)...
2025-11-16 09:27:36,303 - UnicodeAnalyzer - INFO - Filtrati 88 file (es. in /dist, /test).
2025-11-16 09:27:36,303 - UnicodeAnalyzer - INFO - -> Analizzando versione 5.3.0-beta.30 (1003/2158)...
2025-11-16 09:27:36,306 - UnicodeAnalyzer - INFO - Filtrati 88 file (es. in /dist, /test).
2025-11-16 09:27:36,306 - UnicodeAnalyzer - INFO - -> Analizzando versione 5.3.0-beta.31 (1004/2158)...
2025-11-16 09:27:36,309 - UnicodeAnalyzer - INFO - Filtrati 88 file (es. in /dist, /test).
2025-11-16 09:27:36,310 - UnicodeAnalyzer - INFO - -> Analizzando versione 5.3.0-beta.6 (1005/2158)...
2025-11-16 09:27:36,313 - UnicodeAnalyzer - INFO - Filtrati 88 file (es. in /dist, /test).
2025-11-16 09:27:36,313 - UnicodeAnalyzer - INFO - -> Analizzando versione 5.3.0-beta.8 (1006/2158)...
2025-11-16 09:27:36,316 - UnicodeAnalyzer - INFO - Filtrati 88 file (es. in /dist, /test).
2025-11-16 09:27:36,316 - UnicodeAnalyzer - INFO - -> Analizzando versione 5.3.0-beta.9 (1007/2158)...
2025-11-16 09:27:36,320 - UnicodeAnalyzer - INFO - Filtrati 88 file (es. in /dist, /test).
2025-11-16 09:27:36,320 - UnicodeAnalyzer - INFO - -> Analizzando versione 5.3.0-rc.0 (1008/2158)...
2025-11-16 09:27:36,323 - UnicodeAnalyzer - INFO - Filtrati 88 file (es. in /dist, /test).
2025-11-16 09:27:36,323 - UnicodeAnalyzer - INFO - -> Analizzando versione 5.3.0-rc.1 (1009/2158)...
2025-11-16 09:27:36,326 - UnicodeAnalyzer - INFO - Filtrati 88 file (es. in /dist, /test).
2025-11-16 09:27:36,326 - UnicodeAnalyzer - INFO - -> Analizzando versione 5.3.0-rc.10 (1010/2158)...
2025-11-16 09:27:36,330 - UnicodeAnalyzer - INFO - Filtrati 88 file (es. in /dist, /test).
2025-11-16 09:27:36,330 - UnicodeAnalyzer - INFO - -> Analizzando versione 5.3.0-rc.11 (1011/2158)...
2025-11-16 09:27:36,333 - UnicodeAnalyzer - INFO - Filtrati 88 file (es. in /dist, /test).
2025-11-16 09:27:36,333 - UnicodeAnalyzer - INFO - -> Analizzando versione 5.3.0-rc.12 (1012/2158)...
2025-11-16 09:27:36,336 - UnicodeAnalyzer - INFO - Filtrati 88 file (es. in /dist, /test).
2025-11-16 09:27:36,336 - UnicodeAnalyzer - INFO - -> Analizzando versione 5.3.0-rc.13 (1013/2158)...
2025-11-16 09:27:36,340 - UnicodeAnalyzer - INFO - Filtrati 88 file (es. in /dist, /test).
2025-11-16 09:27:36,340 - UnicodeAnalyzer - INFO - -> Analizzando versione 5.3.0-rc.14 (1014/2158)...
2025-11-16 09:27:36,343 - UnicodeAnalyzer - INFO - Filtrati 88 file (es. in /dist, /test).
2025-11-16 09:27:36,343 - UnicodeAnalyzer - INFO - -> Analizzando versione 5.3.0-rc.2 (1015/2158)...
2025-11-16 09:27:36,346 - UnicodeAnalyzer - INFO - Filtrati 88 file (es. in /dist, /test).
2025-11-16 09:27:36,346 - UnicodeAnalyzer - INFO - -> Analizzando versione 5.3.0-rc.3 (1016/2158)...
2025-11-16 09:27:36,350 - UnicodeAnalyzer - INFO - Filtrati 88 file (es. in /dist, /test).
2025-11-16 09:27:36,350 - UnicodeAnalyzer - INFO - -> Analizzando versione 5.3.0-rc.4 (1017/2158)...
2025-11-16 09:27:36,353 - UnicodeAnalyzer - INFO - Filtrati 88 file (es. in /dist, /test).
2025-11-16 09:27:36,353 - UnicodeAnalyzer - INFO - -> Analizzando versione 5.3.0-rc.5 (1018/2158)...
2025-11-16 09:27:36,356 - UnicodeAnalyzer - INFO - Filtrati 88 file (es. in /dist, /test).
2025-11-16 09:27:36,356 - UnicodeAnalyzer - INFO - -> Analizzando versione 5.3.0-rc.6 (1019/2158)...
2025-11-16 09:27:36,360 - UnicodeAnalyzer - INFO - Filtrati 88 file (es. in /dist, /test).
2025-11-16 09:27:36,360 - UnicodeAnalyzer - INFO - -> Analizzando versione 5.3.0-rc.7 (1020/2158)...
2025-11-16 09:27:36,363 - UnicodeAnalyzer - INFO - Filtrati 88 file (es. in /dist, /test).
2025-11-16 09:27:36,363 - UnicodeAnalyzer - INFO - -> Analizzando versione 5.3.0-rc.8 (1021/2158)...
2025-11-16 09:27:36,366 - UnicodeAnalyzer - INFO - Filtrati 88 file (es. in /dist, /test).
2025-11-16 09:27:36,366 - UnicodeAnalyzer - INFO - -> Analizzando versione 5.3.0-rc.9 (1022/2158)...
2025-11-16 09:27:36,370 - UnicodeAnalyzer - INFO - Filtrati 88 file (es. in /dist, /test).
2025-11-16 09:27:36,370 - UnicodeAnalyzer - INFO - -> Analizzando versione 5.3.1 (1023/2158)...
2025-11-16 09:27:36,373 - UnicodeAnalyzer - INFO - Filtrati 88 file (es. in /dist, /test).
2025-11-16 09:27:36,373 - UnicodeAnalyzer - INFO - -> Analizzando versione 5.3.10 (1024/2158)...
2025-11-16 09:27:36,376 - UnicodeAnalyzer - INFO - Filtrati 88 file (es. in /dist, /test).
2025-11-16 09:27:36,376 - UnicodeAnalyzer - INFO - -> Analizzando versione 5.3.11 (1025/2158)...
2025-11-16 09:27:36,380 - UnicodeAnalyzer - INFO - Filtrati 88 file (es. in /dist, /test).
2025-11-16 09:27:36,380 - UnicodeAnalyzer - INFO - -> Analizzando versione 5.3.12 (1026/2158)...
2025-11-16 09:27:36,383 - UnicodeAnalyzer - INFO - Filtrati 88 file (es. in /dist, /test).
2025-11-16 09:27:36,383 - UnicodeAnalyzer - INFO - -> Analizzando versione 5.3.13 (1027/2158)...
2025-11-16 09:27:36,386 - UnicodeAnalyzer - INFO - Filtrati 88 file (es. in /dist, /test).
2025-11-16 09:27:36,386 - UnicodeAnalyzer - INFO - -> Analizzando versione 5.3.14 (1028/2158)...
2025-11-16 09:27:36,390 - UnicodeAnalyzer - INFO - Filtrati 88 file (es. in /dist, /test).
2025-11-16 09:27:36,390 - UnicodeAnalyzer - INFO - -> Analizzando versione 5.3.15 (1029/2158)...
2025-11-16 09:27:36,394 - UnicodeAnalyzer - INFO - Filtrati 88 file (es. in /dist, /test).
2025-11-16 09:27:36,395 - UnicodeAnalyzer - INFO - -> Analizzando versione 5.3.17 (1030/2158)...
2025-11-16 09:27:36,399 - UnicodeAnalyzer - INFO - Filtrati 88 file (es. in /dist, /test).
2025-11-16 09:27:36,399 - UnicodeAnalyzer - INFO - -> Analizzando versione 5.3.18 (1031/2158)...
2025-11-16 09:27:36,403 - UnicodeAnalyzer - INFO - Filtrati 88 file (es. in /dist, /test).
2025-11-16 09:27:36,403 - UnicodeAnalyzer - INFO - -> Analizzando versione 5.3.19 (1032/2158)...
2025-11-16 09:27:36,407 - UnicodeAnalyzer - INFO - Filtrati 88 file (es. in /dist, /test).
2025-11-16 09:27:36,407 - UnicodeAnalyzer - INFO - -> Analizzando versione 5.3.2 (1033/2158)...
2025-11-16 09:27:36,410 - UnicodeAnalyzer - INFO - Filtrati 88 file (es. in /dist, /test).
2025-11-16 09:27:36,410 - UnicodeAnalyzer - INFO - -> Analizzando versione 5.3.20 (1034/2158)...
2025-11-16 09:27:36,414 - UnicodeAnalyzer - INFO - Filtrati 88 file (es. in /dist, /test).
2025-11-16 09:27:36,415 - UnicodeAnalyzer - INFO - -> Analizzando versione 5.3.21 (1035/2158)...
2025-11-16 09:27:36,419 - UnicodeAnalyzer - INFO - Filtrati 88 file (es. in /dist, /test).
2025-11-16 09:27:36,419 - UnicodeAnalyzer - INFO - -> Analizzando versione 5.3.22 (1036/2158)...
2025-11-16 09:27:36,423 - UnicodeAnalyzer - INFO - Filtrati 88 file (es. in /dist, /test).
2025-11-16 09:27:36,423 - UnicodeAnalyzer - INFO - -> Analizzando versione 5.3.3 (1037/2158)...
2025-11-16 09:27:36,426 - UnicodeAnalyzer - INFO - Filtrati 88 file (es. in /dist, /test).
2025-11-16 09:27:36,426 - UnicodeAnalyzer - INFO - -> Analizzando versione 5.3.4 (1038/2158)...
2025-11-16 09:27:36,429 - UnicodeAnalyzer - INFO - Filtrati 88 file (es. in /dist, /test).
2025-11-16 09:27:36,430 - UnicodeAnalyzer - INFO - -> Analizzando versione 5.3.5 (1039/2158)...
2025-11-16 09:27:36,433 - UnicodeAnalyzer - INFO - Filtrati 88 file (es. in /dist, /test).
2025-11-16 09:27:36,433 - UnicodeAnalyzer - INFO - -> Analizzando versione 5.3.6 (1040/2158)...
2025-11-16 09:27:36,436 - UnicodeAnalyzer - INFO - Filtrati 88 file (es. in /dist, /test).
2025-11-16 09:27:36,436 - UnicodeAnalyzer - INFO - -> Analizzando versione 5.3.7 (1041/2158)...
2025-11-16 09:27:36,439 - UnicodeAnalyzer - INFO - Filtrati 88 file (es. in /dist, /test).
2025-11-16 09:27:36,440 - UnicodeAnalyzer - INFO - -> Analizzando versione 5.3.8 (1042/2158)...
2025-11-16 09:27:36,443 - UnicodeAnalyzer - INFO - Filtrati 88 file (es. in /dist, /test).
2025-11-16 09:27:36,443 - UnicodeAnalyzer - INFO - -> Analizzando versione 5.3.9 (1043/2158)...
2025-11-16 09:27:36,446 - UnicodeAnalyzer - INFO - Filtrati 88 file (es. in /dist, /test).
2025-11-16 09:27:36,446 - UnicodeAnalyzer - INFO - -> Analizzando versione 6.0.0 (1044/2158)...
2025-11-16 09:27:36,452 - UnicodeAnalyzer - INFO - Filtrati 123 file (es. in /dist, /test).
2025-11-16 09:27:36,452 - UnicodeAnalyzer - INFO - -> Analizzando versione 6.0.0-alpha.0 (1045/2158)...
2025-11-16 09:27:36,455 - UnicodeAnalyzer - INFO - Filtrati 91 file (es. in /dist, /test).
2025-11-16 09:27:36,456 - UnicodeAnalyzer - INFO - -> Analizzando versione 6.0.0-alpha.1 (1046/2158)...
2025-11-16 09:27:36,459 - UnicodeAnalyzer - INFO - Filtrati 91 file (es. in /dist, /test).
2025-11-16 09:27:36,459 - UnicodeAnalyzer - INFO - -> Analizzando versione 6.0.0-alpha.10 (1047/2158)...
2025-11-16 09:27:36,462 - UnicodeAnalyzer - INFO - Filtrati 91 file (es. in /dist, /test).
2025-11-16 09:27:36,462 - UnicodeAnalyzer - INFO - -> Analizzando versione 6.0.0-alpha.11 (1048/2158)...
2025-11-16 09:27:36,466 - UnicodeAnalyzer - INFO - Filtrati 91 file (es. in /dist, /test).
2025-11-16 09:27:36,466 - UnicodeAnalyzer - INFO - -> Analizzando versione 6.0.0-alpha.12 (1049/2158)...
2025-11-16 09:27:36,469 - UnicodeAnalyzer - INFO - Filtrati 91 file (es. in /dist, /test).
2025-11-16 09:27:36,469 - UnicodeAnalyzer - INFO - -> Analizzando versione 6.0.0-alpha.13 (1050/2158)...
2025-11-16 09:27:36,473 - UnicodeAnalyzer - INFO - Filtrati 91 file (es. in /dist, /test).
2025-11-16 09:27:36,473 - UnicodeAnalyzer - INFO - -> Analizzando versione 6.0.0-alpha.14 (1051/2158)...
2025-11-16 09:27:36,477 - UnicodeAnalyzer - INFO - Filtrati 91 file (es. in /dist, /test).
2025-11-16 09:27:36,477 - UnicodeAnalyzer - INFO - -> Analizzando versione 6.0.0-alpha.15 (1052/2158)...
2025-11-16 09:27:36,482 - UnicodeAnalyzer - INFO - Filtrati 91 file (es. in /dist, /test).
2025-11-16 09:27:36,482 - UnicodeAnalyzer - INFO - -> Analizzando versione 6.0.0-alpha.17 (1053/2158)...
2025-11-16 09:27:36,486 - UnicodeAnalyzer - INFO - Filtrati 91 file (es. in /dist, /test).
2025-11-16 09:27:36,486 - UnicodeAnalyzer - INFO - -> Analizzando versione 6.0.0-alpha.18 (1054/2158)...
2025-11-16 09:27:36,491 - UnicodeAnalyzer - INFO - Filtrati 91 file (es. in /dist, /test).
2025-11-16 09:27:36,491 - UnicodeAnalyzer - INFO - -> Analizzando versione 6.0.0-alpha.19 (1055/2158)...
2025-11-16 09:27:36,495 - UnicodeAnalyzer - INFO - Filtrati 91 file (es. in /dist, /test).
2025-11-16 09:27:36,495 - UnicodeAnalyzer - INFO - -> Analizzando versione 6.0.0-alpha.2 (1056/2158)...
2025-11-16 09:27:36,499 - UnicodeAnalyzer - INFO - Filtrati 91 file (es. in /dist, /test).
2025-11-16 09:27:36,499 - UnicodeAnalyzer - INFO - -> Analizzando versione 6.0.0-alpha.20 (1057/2158)...
2025-11-16 09:27:36,503 - UnicodeAnalyzer - INFO - Filtrati 91 file (es. in /dist, /test).
2025-11-16 09:27:36,503 - UnicodeAnalyzer - INFO - -> Analizzando versione 6.0.0-alpha.21 (1058/2158)...
2025-11-16 09:27:36,507 - UnicodeAnalyzer - INFO - Filtrati 91 file (es. in /dist, /test).
2025-11-16 09:27:36,508 - UnicodeAnalyzer - INFO - -> Analizzando versione 6.0.0-alpha.22 (1059/2158)...
2025-11-16 09:27:36,512 - UnicodeAnalyzer - INFO - Filtrati 92 file (es. in /dist, /test).
2025-11-16 09:27:36,512 - UnicodeAnalyzer - INFO - -> Analizzando versione 6.0.0-alpha.24 (1060/2158)...
2025-11-16 09:27:36,517 - UnicodeAnalyzer - INFO - Filtrati 92 file (es. in /dist, /test).
2025-11-16 09:27:36,517 - UnicodeAnalyzer - INFO - -> Analizzando versione 6.0.0-alpha.25 (1061/2158)...
2025-11-16 09:27:36,521 - UnicodeAnalyzer - INFO - Filtrati 92 file (es. in /dist, /test).
2025-11-16 09:27:36,521 - UnicodeAnalyzer - INFO - -> Analizzando versione 6.0.0-alpha.26 (1062/2158)...
2025-11-16 09:27:36,526 - UnicodeAnalyzer - INFO - Filtrati 92 file (es. in /dist, /test).
2025-11-16 09:27:36,526 - UnicodeAnalyzer - INFO - -> Analizzando versione 6.0.0-alpha.27 (1063/2158)...
2025-11-16 09:27:36,530 - UnicodeAnalyzer - INFO - Filtrati 92 file (es. in /dist, /test).
2025-11-16 09:27:36,530 - UnicodeAnalyzer - INFO - -> Analizzando versione 6.0.0-alpha.28 (1064/2158)...
2025-11-16 09:27:36,535 - UnicodeAnalyzer - INFO - Filtrati 92 file (es. in /dist, /test).
2025-11-16 09:27:36,535 - UnicodeAnalyzer - INFO - -> Analizzando versione 6.0.0-alpha.29 (1065/2158)...
2025-11-16 09:27:36,539 - UnicodeAnalyzer - INFO - Filtrati 92 file (es. in /dist, /test).
2025-11-16 09:27:36,540 - UnicodeAnalyzer - INFO - -> Analizzando versione 6.0.0-alpha.3 (1066/2158)...
2025-11-16 09:27:36,543 - UnicodeAnalyzer - INFO - Filtrati 91 file (es. in /dist, /test).
2025-11-16 09:27:36,543 - UnicodeAnalyzer - INFO - -> Analizzando versione 6.0.0-alpha.30 (1067/2158)...
2025-11-16 09:27:36,547 - UnicodeAnalyzer - INFO - Filtrati 92 file (es. in /dist, /test).
2025-11-16 09:27:36,548 - UnicodeAnalyzer - INFO - -> Analizzando versione 6.0.0-alpha.31 (1068/2158)...
2025-11-16 09:27:36,552 - UnicodeAnalyzer - INFO - Filtrati 92 file (es. in /dist, /test).
2025-11-16 09:27:36,552 - UnicodeAnalyzer - INFO - -> Analizzando versione 6.0.0-alpha.32 (1069/2158)...
2025-11-16 09:27:36,557 - UnicodeAnalyzer - INFO - Filtrati 92 file (es. in /dist, /test).
2025-11-16 09:27:36,557 - UnicodeAnalyzer - INFO - -> Analizzando versione 6.0.0-alpha.33 (1070/2158)...
2025-11-16 09:27:36,561 - UnicodeAnalyzer - INFO - Filtrati 92 file (es. in /dist, /test).
2025-11-16 09:27:36,561 - UnicodeAnalyzer - INFO - -> Analizzando versione 6.0.0-alpha.34 (1071/2158)...
2025-11-16 09:27:36,567 - UnicodeAnalyzer - INFO - Filtrati 129 file (es. in /dist, /test).
2025-11-16 09:27:36,567 - UnicodeAnalyzer - INFO - -> Analizzando versione 6.0.0-alpha.35 (1072/2158)...
2025-11-16 09:27:36,573 - UnicodeAnalyzer - INFO - Filtrati 129 file (es. in /dist, /test).
2025-11-16 09:27:36,573 - UnicodeAnalyzer - INFO - -> Analizzando versione 6.0.0-alpha.36 (1073/2158)...
2025-11-16 09:27:36,579 - UnicodeAnalyzer - INFO - Filtrati 129 file (es. in /dist, /test).
2025-11-16 09:27:36,579 - UnicodeAnalyzer - INFO - -> Analizzando versione 6.0.0-alpha.37 (1074/2158)...
2025-11-16 09:27:36,584 - UnicodeAnalyzer - INFO - Filtrati 129 file (es. in /dist, /test).
2025-11-16 09:27:36,585 - UnicodeAnalyzer - INFO - -> Analizzando versione 6.0.0-alpha.39 (1075/2158)...
2025-11-16 09:27:36,590 - UnicodeAnalyzer - INFO - Filtrati 129 file (es. in /dist, /test).
2025-11-16 09:27:36,590 - UnicodeAnalyzer - INFO - -> Analizzando versione 6.0.0-alpha.4 (1076/2158)...
2025-11-16 09:27:36,594 - UnicodeAnalyzer - INFO - Filtrati 91 file (es. in /dist, /test).
2025-11-16 09:27:36,594 - UnicodeAnalyzer - INFO - -> Analizzando versione 6.0.0-alpha.40 (1077/2158)...
2025-11-16 09:27:36,599 - UnicodeAnalyzer - INFO - Filtrati 129 file (es. in /dist, /test).
2025-11-16 09:27:36,600 - UnicodeAnalyzer - INFO - -> Analizzando versione 6.0.0-alpha.41 (1078/2158)...
2025-11-16 09:27:36,605 - UnicodeAnalyzer - INFO - Filtrati 129 file (es. in /dist, /test).
2025-11-16 09:27:36,605 - UnicodeAnalyzer - INFO - -> Analizzando versione 6.0.0-alpha.42 (1079/2158)...
2025-11-16 09:27:36,611 - UnicodeAnalyzer - INFO - Filtrati 129 file (es. in /dist, /test).
2025-11-16 09:27:36,611 - UnicodeAnalyzer - INFO - -> Analizzando versione 6.0.0-alpha.43 (1080/2158)...
2025-11-16 09:27:36,617 - UnicodeAnalyzer - INFO - Filtrati 129 file (es. in /dist, /test).
2025-11-16 09:27:36,617 - UnicodeAnalyzer - INFO - -> Analizzando versione 6.0.0-alpha.44 (1081/2158)...
2025-11-16 09:27:36,623 - UnicodeAnalyzer - INFO - Filtrati 129 file (es. in /dist, /test).
2025-11-16 09:27:36,623 - UnicodeAnalyzer - INFO - -> Analizzando versione 6.0.0-alpha.45 (1082/2158)...
2025-11-16 09:27:36,628 - UnicodeAnalyzer - INFO - Filtrati 129 file (es. in /dist, /test).
2025-11-16 09:27:36,629 - UnicodeAnalyzer - INFO - -> Analizzando versione 6.0.0-alpha.46 (1083/2158)...
2025-11-16 09:27:36,634 - UnicodeAnalyzer - INFO - Filtrati 129 file (es. in /dist, /test).
2025-11-16 09:27:36,634 - UnicodeAnalyzer - INFO - -> Analizzando versione 6.0.0-alpha.5 (1084/2158)...
2025-11-16 09:27:36,638 - UnicodeAnalyzer - INFO - Filtrati 91 file (es. in /dist, /test).
2025-11-16 09:27:36,638 - UnicodeAnalyzer - INFO - -> Analizzando versione 6.0.0-alpha.6 (1085/2158)...
2025-11-16 09:27:36,641 - UnicodeAnalyzer - INFO - Filtrati 91 file (es. in /dist, /test).
2025-11-16 09:27:36,641 - UnicodeAnalyzer - INFO - -> Analizzando versione 6.0.0-alpha.7 (1086/2158)...
2025-11-16 09:27:36,645 - UnicodeAnalyzer - INFO - Filtrati 91 file (es. in /dist, /test).
2025-11-16 09:27:36,645 - UnicodeAnalyzer - INFO - -> Analizzando versione 6.0.0-alpha.8 (1087/2158)...
2025-11-16 09:27:36,648 - UnicodeAnalyzer - INFO - Filtrati 91 file (es. in /dist, /test).
2025-11-16 09:27:36,648 - UnicodeAnalyzer - INFO - -> Analizzando versione 6.0.0-alpha.9 (1088/2158)...
2025-11-16 09:27:36,652 - UnicodeAnalyzer - INFO - Filtrati 91 file (es. in /dist, /test).
2025-11-16 09:27:36,652 - UnicodeAnalyzer - INFO - -> Analizzando versione 6.0.0-beta.0 (1089/2158)...
2025-11-16 09:27:36,658 - UnicodeAnalyzer - INFO - Filtrati 129 file (es. in /dist, /test).
2025-11-16 09:27:36,658 - UnicodeAnalyzer - INFO - -> Analizzando versione 6.0.0-beta.1 (1090/2158)...
2025-11-16 09:27:36,663 - UnicodeAnalyzer - INFO - Filtrati 129 file (es. in /dist, /test).
2025-11-16 09:27:36,664 - UnicodeAnalyzer - INFO - -> Analizzando versione 6.0.0-beta.11 (1091/2158)...
2025-11-16 09:27:36,669 - UnicodeAnalyzer - INFO - Filtrati 130 file (es. in /dist, /test).
2025-11-16 09:27:36,670 - UnicodeAnalyzer - INFO - -> Analizzando versione 6.0.0-beta.12 (1092/2158)...
2025-11-16 09:27:36,675 - UnicodeAnalyzer - INFO - Filtrati 130 file (es. in /dist, /test).
2025-11-16 09:27:36,675 - UnicodeAnalyzer - INFO - -> Analizzando versione 6.0.0-beta.13 (1093/2158)...
2025-11-16 09:27:36,681 - UnicodeAnalyzer - INFO - Filtrati 130 file (es. in /dist, /test).
2025-11-16 09:27:36,681 - UnicodeAnalyzer - INFO - -> Analizzando versione 6.0.0-beta.14 (1094/2158)...
2025-11-16 09:27:36,687 - UnicodeAnalyzer - INFO - Filtrati 130 file (es. in /dist, /test).
2025-11-16 09:27:36,687 - UnicodeAnalyzer - INFO - -> Analizzando versione 6.0.0-beta.15 (1095/2158)...
2025-11-16 09:27:36,692 - UnicodeAnalyzer - INFO - Filtrati 130 file (es. in /dist, /test).
2025-11-16 09:27:36,693 - UnicodeAnalyzer - INFO - -> Analizzando versione 6.0.0-beta.16 (1096/2158)...
2025-11-16 09:27:36,698 - UnicodeAnalyzer - INFO - Filtrati 130 file (es. in /dist, /test).
2025-11-16 09:27:36,698 - UnicodeAnalyzer - INFO - -> Analizzando versione 6.0.0-beta.17 (1097/2158)...
2025-11-16 09:27:36,704 - UnicodeAnalyzer - INFO - Filtrati 130 file (es. in /dist, /test).
2025-11-16 09:27:36,704 - UnicodeAnalyzer - INFO - -> Analizzando versione 6.0.0-beta.18 (1098/2158)...
2025-11-16 09:27:36,710 - UnicodeAnalyzer - INFO - Filtrati 130 file (es. in /dist, /test).
2025-11-16 09:27:36,710 - UnicodeAnalyzer - INFO - -> Analizzando versione 6.0.0-beta.19 (1099/2158)...
2025-11-16 09:27:36,716 - UnicodeAnalyzer - INFO - Filtrati 130 file (es. in /dist, /test).
2025-11-16 09:27:36,716 - UnicodeAnalyzer - INFO - -> Analizzando versione 6.0.0-beta.2 (1100/2158)...
2025-11-16 09:27:36,722 - UnicodeAnalyzer - INFO - Filtrati 129 file (es. in /dist, /test).
2025-11-16 09:27:36,722 - UnicodeAnalyzer - INFO - -> Analizzando versione 6.0.0-beta.20 (1101/2158)...
2025-11-16 09:27:36,727 - UnicodeAnalyzer - INFO - Filtrati 130 file (es. in /dist, /test).
2025-11-16 09:27:36,728 - UnicodeAnalyzer - INFO - -> Analizzando versione 6.0.0-beta.21 (1102/2158)...
2025-11-16 09:27:36,733 - UnicodeAnalyzer - INFO - Filtrati 131 file (es. in /dist, /test).
2025-11-16 09:27:36,733 - UnicodeAnalyzer - INFO - -> Analizzando versione 6.0.0-beta.22 (1103/2158)...
2025-11-16 09:27:36,739 - UnicodeAnalyzer - INFO - Filtrati 131 file (es. in /dist, /test).
2025-11-16 09:27:36,739 - UnicodeAnalyzer - INFO - -> Analizzando versione 6.0.0-beta.23 (1104/2158)...
2025-11-16 09:27:36,745 - UnicodeAnalyzer - INFO - Filtrati 131 file (es. in /dist, /test).
2025-11-16 09:27:36,745 - UnicodeAnalyzer - INFO - -> Analizzando versione 6.0.0-beta.24 (1105/2158)...
2025-11-16 09:27:36,750 - UnicodeAnalyzer - INFO - Filtrati 122 file (es. in /dist, /test).
2025-11-16 09:27:36,751 - UnicodeAnalyzer - INFO - -> Analizzando versione 6.0.0-beta.25 (1106/2158)...
2025-11-16 09:27:36,756 - UnicodeAnalyzer - INFO - Filtrati 122 file (es. in /dist, /test).
2025-11-16 09:27:36,756 - UnicodeAnalyzer - INFO - -> Analizzando versione 6.0.0-beta.26 (1107/2158)...
2025-11-16 09:27:36,761 - UnicodeAnalyzer - INFO - Filtrati 122 file (es. in /dist, /test).
2025-11-16 09:27:36,762 - UnicodeAnalyzer - INFO - -> Analizzando versione 6.0.0-beta.27 (1108/2158)...
2025-11-16 09:27:36,767 - UnicodeAnalyzer - INFO - Filtrati 122 file (es. in /dist, /test).
2025-11-16 09:27:36,767 - UnicodeAnalyzer - INFO - -> Analizzando versione 6.0.0-beta.28 (1109/2158)...
2025-11-16 09:27:36,772 - UnicodeAnalyzer - INFO - Filtrati 122 file (es. in /dist, /test).
2025-11-16 09:27:36,773 - UnicodeAnalyzer - INFO - -> Analizzando versione 6.0.0-beta.29 (1110/2158)...
2025-11-16 09:27:36,778 - UnicodeAnalyzer - INFO - Filtrati 122 file (es. in /dist, /test).
2025-11-16 09:27:36,778 - UnicodeAnalyzer - INFO - -> Analizzando versione 6.0.0-beta.3 (1111/2158)...
2025-11-16 09:27:36,784 - UnicodeAnalyzer - INFO - Filtrati 129 file (es. in /dist, /test).
2025-11-16 09:27:36,784 - UnicodeAnalyzer - INFO - -> Analizzando versione 6.0.0-beta.30 (1112/2158)...
2025-11-16 09:27:36,789 - UnicodeAnalyzer - INFO - Filtrati 122 file (es. in /dist, /test).
2025-11-16 09:27:36,789 - UnicodeAnalyzer - INFO - -> Analizzando versione 6.0.0-beta.31 (1113/2158)...
2025-11-16 09:27:36,795 - UnicodeAnalyzer - INFO - Filtrati 122 file (es. in /dist, /test).
2025-11-16 09:27:36,795 - UnicodeAnalyzer - INFO - -> Analizzando versione 6.0.0-beta.32 (1114/2158)...
2025-11-16 09:27:36,800 - UnicodeAnalyzer - INFO - Filtrati 122 file (es. in /dist, /test).
2025-11-16 09:27:36,800 - UnicodeAnalyzer - INFO - -> Analizzando versione 6.0.0-beta.33 (1115/2158)...
2025-11-16 09:27:36,806 - UnicodeAnalyzer - INFO - Filtrati 122 file (es. in /dist, /test).
2025-11-16 09:27:36,806 - UnicodeAnalyzer - INFO - -> Analizzando versione 6.0.0-beta.34 (1116/2158)...
2025-11-16 09:27:36,811 - UnicodeAnalyzer - INFO - Filtrati 123 file (es. in /dist, /test).
2025-11-16 09:27:36,811 - UnicodeAnalyzer - INFO - -> Analizzando versione 6.0.0-beta.35 (1117/2158)...
2025-11-16 09:27:36,817 - UnicodeAnalyzer - INFO - Filtrati 123 file (es. in /dist, /test).
2025-11-16 09:27:36,817 - UnicodeAnalyzer - INFO - -> Analizzando versione 6.0.0-beta.36 (1118/2158)...
2025-11-16 09:27:36,822 - UnicodeAnalyzer - INFO - Filtrati 123 file (es. in /dist, /test).
2025-11-16 09:27:36,822 - UnicodeAnalyzer - INFO - -> Analizzando versione 6.0.0-beta.37 (1119/2158)...
2025-11-16 09:27:36,828 - UnicodeAnalyzer - INFO - Filtrati 123 file (es. in /dist, /test).
2025-11-16 09:27:36,828 - UnicodeAnalyzer - INFO - -> Analizzando versione 6.0.0-beta.38 (1120/2158)...
2025-11-16 09:27:36,833 - UnicodeAnalyzer - INFO - Filtrati 123 file (es. in /dist, /test).
2025-11-16 09:27:36,833 - UnicodeAnalyzer - INFO - -> Analizzando versione 6.0.0-beta.39 (1121/2158)...
2025-11-16 09:27:36,839 - UnicodeAnalyzer - INFO - Filtrati 123 file (es. in /dist, /test).
2025-11-16 09:27:36,839 - UnicodeAnalyzer - INFO - -> Analizzando versione 6.0.0-beta.4 (1122/2158)...
2025-11-16 09:27:36,845 - UnicodeAnalyzer - INFO - Filtrati 129 file (es. in /dist, /test).
2025-11-16 09:27:36,845 - UnicodeAnalyzer - INFO - -> Analizzando versione 6.0.0-beta.40 (1123/2158)...
2025-11-16 09:27:36,850 - UnicodeAnalyzer - INFO - Filtrati 123 file (es. in /dist, /test).
2025-11-16 09:27:36,850 - UnicodeAnalyzer - INFO - -> Analizzando versione 6.0.0-beta.41 (1124/2158)...
2025-11-16 09:27:36,856 - UnicodeAnalyzer - INFO - Filtrati 123 file (es. in /dist, /test).
2025-11-16 09:27:36,856 - UnicodeAnalyzer - INFO - -> Analizzando versione 6.0.0-beta.42 (1125/2158)...
2025-11-16 09:27:36,861 - UnicodeAnalyzer - INFO - Filtrati 123 file (es. in /dist, /test).
2025-11-16 09:27:36,861 - UnicodeAnalyzer - INFO - -> Analizzando versione 6.0.0-beta.43 (1126/2158)...
2025-11-16 09:27:36,867 - UnicodeAnalyzer - INFO - Filtrati 123 file (es. in /dist, /test).
2025-11-16 09:27:36,867 - UnicodeAnalyzer - INFO - -> Analizzando versione 6.0.0-beta.44 (1127/2158)...
2025-11-16 09:27:36,872 - UnicodeAnalyzer - INFO - Filtrati 123 file (es. in /dist, /test).
2025-11-16 09:27:36,872 - UnicodeAnalyzer - INFO - -> Analizzando versione 6.0.0-beta.45 (1128/2158)...
2025-11-16 09:27:36,877 - UnicodeAnalyzer - INFO - Filtrati 123 file (es. in /dist, /test).
2025-11-16 09:27:36,878 - UnicodeAnalyzer - INFO - -> Analizzando versione 6.0.0-beta.46 (1129/2158)...
2025-11-16 09:27:36,883 - UnicodeAnalyzer - INFO - Filtrati 123 file (es. in /dist, /test).
2025-11-16 09:27:36,883 - UnicodeAnalyzer - INFO - -> Analizzando versione 6.0.0-beta.5 (1130/2158)...
2025-11-16 09:27:36,889 - UnicodeAnalyzer - INFO - Filtrati 129 file (es. in /dist, /test).
2025-11-16 09:27:36,889 - UnicodeAnalyzer - INFO - -> Analizzando versione 6.0.0-beta.6 (1131/2158)...
2025-11-16 09:27:36,895 - UnicodeAnalyzer - INFO - Filtrati 129 file (es. in /dist, /test).
2025-11-16 09:27:36,895 - UnicodeAnalyzer - INFO - -> Analizzando versione 6.0.0-beta.7 (1132/2158)...
2025-11-16 09:27:36,900 - UnicodeAnalyzer - INFO - Filtrati 129 file (es. in /dist, /test).
2025-11-16 09:27:36,901 - UnicodeAnalyzer - INFO - -> Analizzando versione 6.0.0-beta.8 (1133/2158)...
2025-11-16 09:27:36,906 - UnicodeAnalyzer - INFO - Filtrati 129 file (es. in /dist, /test).
2025-11-16 09:27:36,906 - UnicodeAnalyzer - INFO - -> Analizzando versione 6.0.0-beta.9 (1134/2158)...
2025-11-16 09:27:36,912 - UnicodeAnalyzer - INFO - Filtrati 130 file (es. in /dist, /test).
2025-11-16 09:27:36,912 - UnicodeAnalyzer - INFO - -> Analizzando versione 6.0.0-rc.0 (1135/2158)...
2025-11-16 09:27:36,917 - UnicodeAnalyzer - INFO - Filtrati 123 file (es. in /dist, /test).
2025-11-16 09:27:36,918 - UnicodeAnalyzer - INFO - -> Analizzando versione 6.0.0-rc.1 (1136/2158)...
2025-11-16 09:27:36,923 - UnicodeAnalyzer - INFO - Filtrati 123 file (es. in /dist, /test).
2025-11-16 09:27:36,923 - UnicodeAnalyzer - INFO - -> Analizzando versione 6.0.0-rc.10 (1137/2158)...
2025-11-16 09:27:36,928 - UnicodeAnalyzer - INFO - Filtrati 123 file (es. in /dist, /test).
2025-11-16 09:27:36,929 - UnicodeAnalyzer - INFO - -> Analizzando versione 6.0.0-rc.11 (1138/2158)...
2025-11-16 09:27:36,934 - UnicodeAnalyzer - INFO - Filtrati 123 file (es. in /dist, /test).
2025-11-16 09:27:36,934 - UnicodeAnalyzer - INFO - -> Analizzando versione 6.0.0-rc.12 (1139/2158)...
2025-11-16 09:27:36,939 - UnicodeAnalyzer - INFO - Filtrati 123 file (es. in /dist, /test).
2025-11-16 09:27:36,940 - UnicodeAnalyzer - INFO - -> Analizzando versione 6.0.0-rc.13 (1140/2158)...
2025-11-16 09:27:36,945 - UnicodeAnalyzer - INFO - Filtrati 123 file (es. in /dist, /test).
2025-11-16 09:27:36,945 - UnicodeAnalyzer - INFO - -> Analizzando versione 6.0.0-rc.14 (1141/2158)...
2025-11-16 09:27:36,950 - UnicodeAnalyzer - INFO - Filtrati 123 file (es. in /dist, /test).
2025-11-16 09:27:36,951 - UnicodeAnalyzer - INFO - -> Analizzando versione 6.0.0-rc.15 (1142/2158)...
2025-11-16 09:27:36,956 - UnicodeAnalyzer - INFO - Filtrati 123 file (es. in /dist, /test).
2025-11-16 09:27:36,956 - UnicodeAnalyzer - INFO - -> Analizzando versione 6.0.0-rc.16 (1143/2158)...
2025-11-16 09:27:36,961 - UnicodeAnalyzer - INFO - Filtrati 123 file (es. in /dist, /test).
2025-11-16 09:27:36,962 - UnicodeAnalyzer - INFO - -> Analizzando versione 6.0.0-rc.18 (1144/2158)...
2025-11-16 09:27:36,967 - UnicodeAnalyzer - INFO - Filtrati 123 file (es. in /dist, /test).
2025-11-16 09:27:36,967 - UnicodeAnalyzer - INFO - -> Analizzando versione 6.0.0-rc.19 (1145/2158)...
2025-11-16 09:27:36,972 - UnicodeAnalyzer - INFO - Filtrati 123 file (es. in /dist, /test).
2025-11-16 09:27:36,973 - UnicodeAnalyzer - INFO - -> Analizzando versione 6.0.0-rc.2 (1146/2158)...
2025-11-16 09:27:36,978 - UnicodeAnalyzer - INFO - Filtrati 123 file (es. in /dist, /test).
2025-11-16 09:27:36,978 - UnicodeAnalyzer - INFO - -> Analizzando versione 6.0.0-rc.20 (1147/2158)...
2025-11-16 09:27:36,983 - UnicodeAnalyzer - INFO - Filtrati 123 file (es. in /dist, /test).
2025-11-16 09:27:36,984 - UnicodeAnalyzer - INFO - -> Analizzando versione 6.0.0-rc.21 (1148/2158)...
2025-11-16 09:27:36,989 - UnicodeAnalyzer - INFO - Filtrati 123 file (es. in /dist, /test).
2025-11-16 09:27:36,989 - UnicodeAnalyzer - INFO - -> Analizzando versione 6.0.0-rc.22 (1149/2158)...
2025-11-16 09:27:36,994 - UnicodeAnalyzer - INFO - Filtrati 123 file (es. in /dist, /test).
2025-11-16 09:27:36,995 - UnicodeAnalyzer - INFO - -> Analizzando versione 6.0.0-rc.23 (1150/2158)...
2025-11-16 09:27:37,000 - UnicodeAnalyzer - INFO - Filtrati 123 file (es. in /dist, /test).
2025-11-16 09:27:37,000 - UnicodeAnalyzer - INFO - -> Analizzando versione 6.0.0-rc.24 (1151/2158)...
2025-11-16 09:27:37,005 - UnicodeAnalyzer - INFO - Filtrati 123 file (es. in /dist, /test).
2025-11-16 09:27:37,006 - UnicodeAnalyzer - INFO - -> Analizzando versione 6.0.0-rc.25 (1152/2158)...
2025-11-16 09:27:37,011 - UnicodeAnalyzer - INFO - Filtrati 123 file (es. in /dist, /test).
2025-11-16 09:27:37,011 - UnicodeAnalyzer - INFO - -> Analizzando versione 6.0.0-rc.26 (1153/2158)...
2025-11-16 09:27:37,016 - UnicodeAnalyzer - INFO - Filtrati 123 file (es. in /dist, /test).
2025-11-16 09:27:37,017 - UnicodeAnalyzer - INFO - -> Analizzando versione 6.0.0-rc.27 (1154/2158)...
2025-11-16 09:27:37,022 - UnicodeAnalyzer - INFO - Filtrati 123 file (es. in /dist, /test).
2025-11-16 09:27:37,022 - UnicodeAnalyzer - INFO - -> Analizzando versione 6.0.0-rc.28 (1155/2158)...
2025-11-16 09:27:37,027 - UnicodeAnalyzer - INFO - Filtrati 123 file (es. in /dist, /test).
2025-11-16 09:27:37,028 - UnicodeAnalyzer - INFO - -> Analizzando versione 6.0.0-rc.29 (1156/2158)...
2025-11-16 09:27:37,033 - UnicodeAnalyzer - INFO - Filtrati 123 file (es. in /dist, /test).
2025-11-16 09:27:37,033 - UnicodeAnalyzer - INFO - -> Analizzando versione 6.0.0-rc.3 (1157/2158)...
2025-11-16 09:27:37,038 - UnicodeAnalyzer - INFO - Filtrati 123 file (es. in /dist, /test).
2025-11-16 09:27:37,039 - UnicodeAnalyzer - INFO - -> Analizzando versione 6.0.0-rc.30 (1158/2158)...
2025-11-16 09:27:37,044 - UnicodeAnalyzer - INFO - Filtrati 123 file (es. in /dist, /test).
2025-11-16 09:27:37,044 - UnicodeAnalyzer - INFO - -> Analizzando versione 6.0.0-rc.5 (1159/2158)...
2025-11-16 09:27:37,052 - UnicodeAnalyzer - INFO - Filtrati 123 file (es. in /dist, /test).
2025-11-16 09:27:37,052 - UnicodeAnalyzer - INFO - -> Analizzando versione 6.0.0-rc.8 (1160/2158)...
2025-11-16 09:27:37,057 - UnicodeAnalyzer - INFO - Filtrati 123 file (es. in /dist, /test).
2025-11-16 09:27:37,057 - UnicodeAnalyzer - INFO - -> Analizzando versione 6.0.0-rc.9 (1161/2158)...
2025-11-16 09:27:37,063 - UnicodeAnalyzer - INFO - Filtrati 123 file (es. in /dist, /test).
2025-11-16 09:27:37,063 - UnicodeAnalyzer - INFO - -> Analizzando versione 6.0.1 (1162/2158)...
2025-11-16 09:27:37,068 - UnicodeAnalyzer - INFO - Filtrati 123 file (es. in /dist, /test).
2025-11-16 09:27:37,068 - UnicodeAnalyzer - INFO - -> Analizzando versione 6.0.10 (1163/2158)...
2025-11-16 09:27:37,074 - UnicodeAnalyzer - INFO - Filtrati 123 file (es. in /dist, /test).
2025-11-16 09:27:37,074 - UnicodeAnalyzer - INFO - -> Analizzando versione 6.0.11 (1164/2158)...
2025-11-16 09:27:37,079 - UnicodeAnalyzer - INFO - Filtrati 123 file (es. in /dist, /test).
2025-11-16 09:27:37,079 - UnicodeAnalyzer - INFO - -> Analizzando versione 6.0.12 (1165/2158)...
2025-11-16 09:27:37,085 - UnicodeAnalyzer - INFO - Filtrati 123 file (es. in /dist, /test).
2025-11-16 09:27:37,085 - UnicodeAnalyzer - INFO - -> Analizzando versione 6.0.13 (1166/2158)...
2025-11-16 09:27:37,090 - UnicodeAnalyzer - INFO - Filtrati 123 file (es. in /dist, /test).
2025-11-16 09:27:37,090 - UnicodeAnalyzer - INFO - -> Analizzando versione 6.0.14 (1167/2158)...
2025-11-16 09:27:37,095 - UnicodeAnalyzer - INFO - Filtrati 123 file (es. in /dist, /test).
2025-11-16 09:27:37,096 - UnicodeAnalyzer - INFO - -> Analizzando versione 6.0.15 (1168/2158)...
2025-11-16 09:27:37,101 - UnicodeAnalyzer - INFO - Filtrati 123 file (es. in /dist, /test).
2025-11-16 09:27:37,101 - UnicodeAnalyzer - INFO - -> Analizzando versione 6.0.16 (1169/2158)...
2025-11-16 09:27:37,106 - UnicodeAnalyzer - INFO - Filtrati 123 file (es. in /dist, /test).
2025-11-16 09:27:37,107 - UnicodeAnalyzer - INFO - -> Analizzando versione 6.0.17 (1170/2158)...
2025-11-16 09:27:37,112 - UnicodeAnalyzer - INFO - Filtrati 123 file (es. in /dist, /test).
2025-11-16 09:27:37,112 - UnicodeAnalyzer - INFO - -> Analizzando versione 6.0.18 (1171/2158)...
2025-11-16 09:27:37,117 - UnicodeAnalyzer - INFO - Filtrati 123 file (es. in /dist, /test).
2025-11-16 09:27:37,118 - UnicodeAnalyzer - INFO - -> Analizzando versione 6.0.19 (1172/2158)...
2025-11-16 09:27:37,123 - UnicodeAnalyzer - INFO - Filtrati 123 file (es. in /dist, /test).
2025-11-16 09:27:37,123 - UnicodeAnalyzer - INFO - -> Analizzando versione 6.0.2 (1173/2158)...
2025-11-16 09:27:37,128 - UnicodeAnalyzer - INFO - Filtrati 123 file (es. in /dist, /test).
2025-11-16 09:27:37,129 - UnicodeAnalyzer - INFO - -> Analizzando versione 6.0.20 (1174/2158)...
2025-11-16 09:27:37,134 - UnicodeAnalyzer - INFO - Filtrati 123 file (es. in /dist, /test).
2025-11-16 09:27:37,134 - UnicodeAnalyzer - INFO - -> Analizzando versione 6.0.21 (1175/2158)...
2025-11-16 09:27:37,139 - UnicodeAnalyzer - INFO - Filtrati 123 file (es. in /dist, /test).
2025-11-16 09:27:37,139 - UnicodeAnalyzer - INFO - -> Analizzando versione 6.0.22 (1176/2158)...
2025-11-16 09:27:37,145 - UnicodeAnalyzer - INFO - Filtrati 123 file (es. in /dist, /test).
2025-11-16 09:27:37,145 - UnicodeAnalyzer - INFO - -> Analizzando versione 6.0.23 (1177/2158)...
2025-11-16 09:27:37,150 - UnicodeAnalyzer - INFO - Filtrati 123 file (es. in /dist, /test).
2025-11-16 09:27:37,150 - UnicodeAnalyzer - INFO - -> Analizzando versione 6.0.24 (1178/2158)...
2025-11-16 09:27:37,156 - UnicodeAnalyzer - INFO - Filtrati 123 file (es. in /dist, /test).
2025-11-16 09:27:37,156 - UnicodeAnalyzer - INFO - -> Analizzando versione 6.0.25 (1179/2158)...
2025-11-16 09:27:37,161 - UnicodeAnalyzer - INFO - Filtrati 123 file (es. in /dist, /test).
2025-11-16 09:27:37,161 - UnicodeAnalyzer - INFO - -> Analizzando versione 6.0.26 (1180/2158)...
2025-11-16 09:27:37,167 - UnicodeAnalyzer - INFO - Filtrati 123 file (es. in /dist, /test).
2025-11-16 09:27:37,167 - UnicodeAnalyzer - INFO - -> Analizzando versione 6.0.27 (1181/2158)...
2025-11-16 09:27:37,172 - UnicodeAnalyzer - INFO - Filtrati 123 file (es. in /dist, /test).
2025-11-16 09:27:37,172 - UnicodeAnalyzer - INFO - -> Analizzando versione 6.0.28 (1182/2158)...
2025-11-16 09:27:37,178 - UnicodeAnalyzer - INFO - Filtrati 123 file (es. in /dist, /test).
2025-11-16 09:27:37,178 - UnicodeAnalyzer - INFO - -> Analizzando versione 6.0.28-alpha.0 (1183/2158)...
2025-11-16 09:27:37,183 - UnicodeAnalyzer - INFO - Filtrati 123 file (es. in /dist, /test).
2025-11-16 09:27:37,183 - UnicodeAnalyzer - INFO - -> Analizzando versione 6.0.28-alpha.1 (1184/2158)...
2025-11-16 09:27:37,189 - UnicodeAnalyzer - INFO - Filtrati 123 file (es. in /dist, /test).
2025-11-16 09:27:37,189 - UnicodeAnalyzer - INFO - -> Analizzando versione 6.0.28-alpha.2 (1185/2158)...
2025-11-16 09:27:37,194 - UnicodeAnalyzer - INFO - Filtrati 123 file (es. in /dist, /test).
2025-11-16 09:27:37,194 - UnicodeAnalyzer - INFO - -> Analizzando versione 6.0.28-alpha.3 (1186/2158)...
2025-11-16 09:27:37,200 - UnicodeAnalyzer - INFO - Filtrati 123 file (es. in /dist, /test).
2025-11-16 09:27:37,200 - UnicodeAnalyzer - INFO - -> Analizzando versione 6.0.3 (1187/2158)...
2025-11-16 09:27:37,205 - UnicodeAnalyzer - INFO - Filtrati 123 file (es. in /dist, /test).
2025-11-16 09:27:37,205 - UnicodeAnalyzer - INFO - -> Analizzando versione 6.0.4 (1188/2158)...
2025-11-16 09:27:37,211 - UnicodeAnalyzer - INFO - Filtrati 123 file (es. in /dist, /test).
2025-11-16 09:27:37,211 - UnicodeAnalyzer - INFO - -> Analizzando versione 6.0.5 (1189/2158)...
2025-11-16 09:27:37,216 - UnicodeAnalyzer - INFO - Filtrati 123 file (es. in /dist, /test).
2025-11-16 09:27:37,216 - UnicodeAnalyzer - INFO - -> Analizzando versione 6.0.6 (1190/2158)...
2025-11-16 09:27:37,222 - UnicodeAnalyzer - INFO - Filtrati 123 file (es. in /dist, /test).
2025-11-16 09:27:37,222 - UnicodeAnalyzer - INFO - -> Analizzando versione 6.0.7 (1191/2158)...
2025-11-16 09:27:37,227 - UnicodeAnalyzer - INFO - Filtrati 123 file (es. in /dist, /test).
2025-11-16 09:27:37,227 - UnicodeAnalyzer - INFO - -> Analizzando versione 6.0.9 (1192/2158)...
2025-11-16 09:27:37,233 - UnicodeAnalyzer - INFO - Filtrati 123 file (es. in /dist, /test).
2025-11-16 09:27:37,233 - UnicodeAnalyzer - INFO - -> Analizzando versione 6.1.0 (1193/2158)...
2025-11-16 09:27:37,238 - UnicodeAnalyzer - INFO - Filtrati 127 file (es. in /dist, /test).
2025-11-16 09:27:37,238 - UnicodeAnalyzer - INFO - -> Analizzando versione 6.1.0-alpha.0 (1194/2158)...
2025-11-16 09:27:37,244 - UnicodeAnalyzer - INFO - Filtrati 123 file (es. in /dist, /test).
2025-11-16 09:27:37,244 - UnicodeAnalyzer - INFO - -> Analizzando versione 6.1.0-alpha.1 (1195/2158)...
2025-11-16 09:27:37,249 - UnicodeAnalyzer - INFO - Filtrati 123 file (es. in /dist, /test).
2025-11-16 09:27:37,250 - UnicodeAnalyzer - INFO - -> Analizzando versione 6.1.0-alpha.10 (1196/2158)...
2025-11-16 09:27:37,255 - UnicodeAnalyzer - INFO - Filtrati 123 file (es. in /dist, /test).
2025-11-16 09:27:37,255 - UnicodeAnalyzer - INFO - -> Analizzando versione 6.1.0-alpha.11 (1197/2158)...
2025-11-16 09:27:37,261 - UnicodeAnalyzer - INFO - Filtrati 123 file (es. in /dist, /test).
2025-11-16 09:27:37,261 - UnicodeAnalyzer - INFO - -> Analizzando versione 6.1.0-alpha.12 (1198/2158)...
2025-11-16 09:27:37,266 - UnicodeAnalyzer - INFO - Filtrati 123 file (es. in /dist, /test).
2025-11-16 09:27:37,266 - UnicodeAnalyzer - INFO - -> Analizzando versione 6.1.0-alpha.14 (1199/2158)...
2025-11-16 09:27:37,272 - UnicodeAnalyzer - INFO - Filtrati 123 file (es. in /dist, /test).
2025-11-16 09:27:37,272 - UnicodeAnalyzer - INFO - -> Analizzando versione 6.1.0-alpha.15 (1200/2158)...
2025-11-16 09:27:37,277 - UnicodeAnalyzer - INFO - Filtrati 123 file (es. in /dist, /test).
2025-11-16 09:27:37,277 - UnicodeAnalyzer - INFO - -> Analizzando versione 6.1.0-alpha.16 (1201/2158)...
2025-11-16 09:27:37,283 - UnicodeAnalyzer - INFO - Filtrati 123 file (es. in /dist, /test).
2025-11-16 09:27:37,283 - UnicodeAnalyzer - INFO - -> Analizzando versione 6.1.0-alpha.17 (1202/2158)...
2025-11-16 09:27:37,288 - UnicodeAnalyzer - INFO - Filtrati 123 file (es. in /dist, /test).
2025-11-16 09:27:37,288 - UnicodeAnalyzer - INFO - -> Analizzando versione 6.1.0-alpha.18 (1203/2158)...
2025-11-16 09:27:37,294 - UnicodeAnalyzer - INFO - Filtrati 123 file (es. in /dist, /test).
2025-11-16 09:27:37,294 - UnicodeAnalyzer - INFO - -> Analizzando versione 6.1.0-alpha.19 (1204/2158)...
2025-11-16 09:27:37,299 - UnicodeAnalyzer - INFO - Filtrati 123 file (es. in /dist, /test).
2025-11-16 09:27:37,299 - UnicodeAnalyzer - INFO - -> Analizzando versione 6.1.0-alpha.20 (1205/2158)...
2025-11-16 09:27:37,305 - UnicodeAnalyzer - INFO - Filtrati 123 file (es. in /dist, /test).
2025-11-16 09:27:37,305 - UnicodeAnalyzer - INFO - -> Analizzando versione 6.1.0-alpha.21 (1206/2158)...
2025-11-16 09:27:37,310 - UnicodeAnalyzer - INFO - Filtrati 123 file (es. in /dist, /test).
2025-11-16 09:27:37,311 - UnicodeAnalyzer - INFO - -> Analizzando versione 6.1.0-alpha.22 (1207/2158)...
2025-11-16 09:27:37,316 - UnicodeAnalyzer - INFO - Filtrati 123 file (es. in /dist, /test).
2025-11-16 09:27:37,316 - UnicodeAnalyzer - INFO - -> Analizzando versione 6.1.0-alpha.23 (1208/2158)...
2025-11-16 09:27:37,321 - UnicodeAnalyzer - INFO - Filtrati 123 file (es. in /dist, /test).
2025-11-16 09:27:37,322 - UnicodeAnalyzer - INFO - -> Analizzando versione 6.1.0-alpha.24 (1209/2158)...
2025-11-16 09:27:37,327 - UnicodeAnalyzer - INFO - Filtrati 123 file (es. in /dist, /test).
2025-11-16 09:27:37,327 - UnicodeAnalyzer - INFO - -> Analizzando versione 6.1.0-alpha.25 (1210/2158)...
2025-11-16 09:27:37,333 - UnicodeAnalyzer - INFO - Filtrati 123 file (es. in /dist, /test).
2025-11-16 09:27:37,333 - UnicodeAnalyzer - INFO - -> Analizzando versione 6.1.0-alpha.26 (1211/2158)...
2025-11-16 09:27:37,338 - UnicodeAnalyzer - INFO - Filtrati 123 file (es. in /dist, /test).
2025-11-16 09:27:37,338 - UnicodeAnalyzer - INFO - -> Analizzando versione 6.1.0-alpha.27 (1212/2158)...
2025-11-16 09:27:37,344 - UnicodeAnalyzer - INFO - Filtrati 123 file (es. in /dist, /test).
2025-11-16 09:27:37,344 - UnicodeAnalyzer - INFO - -> Analizzando versione 6.1.0-alpha.28 (1213/2158)...
2025-11-16 09:27:37,349 - UnicodeAnalyzer - INFO - Filtrati 123 file (es. in /dist, /test).
2025-11-16 09:27:37,349 - UnicodeAnalyzer - INFO - -> Analizzando versione 6.1.0-alpha.29 (1214/2158)...
2025-11-16 09:27:37,355 - UnicodeAnalyzer - INFO - Filtrati 123 file (es. in /dist, /test).
2025-11-16 09:27:37,355 - UnicodeAnalyzer - INFO - -> Analizzando versione 6.1.0-alpha.3 (1215/2158)...
2025-11-16 09:27:37,360 - UnicodeAnalyzer - INFO - Filtrati 123 file (es. in /dist, /test).
2025-11-16 09:27:37,360 - UnicodeAnalyzer - INFO - -> Analizzando versione 6.1.0-alpha.30 (1216/2158)...
2025-11-16 09:27:37,366 - UnicodeAnalyzer - INFO - Filtrati 123 file (es. in /dist, /test).
2025-11-16 09:27:37,366 - UnicodeAnalyzer - INFO - -> Analizzando versione 6.1.0-alpha.31 (1217/2158)...
2025-11-16 09:27:37,371 - UnicodeAnalyzer - INFO - Filtrati 123 file (es. in /dist, /test).
2025-11-16 09:27:37,372 - UnicodeAnalyzer - INFO - -> Analizzando versione 6.1.0-alpha.32 (1218/2158)...
2025-11-16 09:27:37,377 - UnicodeAnalyzer - INFO - Filtrati 123 file (es. in /dist, /test).
2025-11-16 09:27:37,377 - UnicodeAnalyzer - INFO - -> Analizzando versione 6.1.0-alpha.33 (1219/2158)...
2025-11-16 09:27:37,382 - UnicodeAnalyzer - INFO - Filtrati 123 file (es. in /dist, /test).
2025-11-16 09:27:37,383 - UnicodeAnalyzer - INFO - -> Analizzando versione 6.1.0-alpha.34 (1220/2158)...
2025-11-16 09:27:37,388 - UnicodeAnalyzer - INFO - Filtrati 123 file (es. in /dist, /test).
2025-11-16 09:27:37,388 - UnicodeAnalyzer - INFO - -> Analizzando versione 6.1.0-alpha.35 (1221/2158)...
2025-11-16 09:27:37,394 - UnicodeAnalyzer - INFO - Filtrati 123 file (es. in /dist, /test).
2025-11-16 09:27:37,394 - UnicodeAnalyzer - INFO - -> Analizzando versione 6.1.0-alpha.4 (1222/2158)...
2025-11-16 09:27:37,399 - UnicodeAnalyzer - INFO - Filtrati 123 file (es. in /dist, /test).
2025-11-16 09:27:37,399 - UnicodeAnalyzer - INFO - -> Analizzando versione 6.1.0-alpha.6 (1223/2158)...
2025-11-16 09:27:37,405 - UnicodeAnalyzer - INFO - Filtrati 123 file (es. in /dist, /test).
2025-11-16 09:27:37,405 - UnicodeAnalyzer - INFO - -> Analizzando versione 6.1.0-alpha.7 (1224/2158)...
2025-11-16 09:27:37,410 - UnicodeAnalyzer - INFO - Filtrati 123 file (es. in /dist, /test).
2025-11-16 09:27:37,410 - UnicodeAnalyzer - INFO - -> Analizzando versione 6.1.0-alpha.8 (1225/2158)...
2025-11-16 09:27:37,416 - UnicodeAnalyzer - INFO - Filtrati 123 file (es. in /dist, /test).
2025-11-16 09:27:37,416 - UnicodeAnalyzer - INFO - -> Analizzando versione 6.1.0-alpha.9 (1226/2158)...
2025-11-16 09:27:37,421 - UnicodeAnalyzer - INFO - Filtrati 123 file (es. in /dist, /test).
2025-11-16 09:27:37,421 - UnicodeAnalyzer - INFO - -> Analizzando versione 6.1.0-beta.0 (1227/2158)...
2025-11-16 09:27:37,427 - UnicodeAnalyzer - INFO - Filtrati 123 file (es. in /dist, /test).
2025-11-16 09:27:37,427 - UnicodeAnalyzer - INFO - -> Analizzando versione 6.1.0-beta.1 (1228/2158)...
2025-11-16 09:27:37,432 - UnicodeAnalyzer - INFO - Filtrati 123 file (es. in /dist, /test).
2025-11-16 09:27:37,432 - UnicodeAnalyzer - INFO - -> Analizzando versione 6.1.0-beta.2 (1229/2158)...
2025-11-16 09:27:37,438 - UnicodeAnalyzer - INFO - Filtrati 123 file (es. in /dist, /test).
2025-11-16 09:27:37,438 - UnicodeAnalyzer - INFO - -> Analizzando versione 6.1.0-beta.3 (1230/2158)...
2025-11-16 09:27:37,443 - UnicodeAnalyzer - INFO - Filtrati 123 file (es. in /dist, /test).
2025-11-16 09:27:37,443 - UnicodeAnalyzer - INFO - -> Analizzando versione 6.1.0-beta.4 (1231/2158)...
2025-11-16 09:27:37,449 - UnicodeAnalyzer - INFO - Filtrati 123 file (es. in /dist, /test).
2025-11-16 09:27:37,449 - UnicodeAnalyzer - INFO - -> Analizzando versione 6.1.0-beta.5 (1232/2158)...
2025-11-16 09:27:37,454 - UnicodeAnalyzer - INFO - Filtrati 123 file (es. in /dist, /test).
2025-11-16 09:27:37,454 - UnicodeAnalyzer - INFO - -> Analizzando versione 6.1.0-beta.6 (1233/2158)...
2025-11-16 09:27:37,460 - UnicodeAnalyzer - INFO - Filtrati 123 file (es. in /dist, /test).
2025-11-16 09:27:37,460 - UnicodeAnalyzer - INFO - -> Analizzando versione 6.1.0-beta.7 (1234/2158)...
2025-11-16 09:27:37,466 - UnicodeAnalyzer - INFO - Filtrati 123 file (es. in /dist, /test).
2025-11-16 09:27:37,466 - UnicodeAnalyzer - INFO - -> Analizzando versione 6.1.0-rc.0 (1235/2158)...
2025-11-16 09:27:37,471 - UnicodeAnalyzer - INFO - Filtrati 123 file (es. in /dist, /test).
2025-11-16 09:27:37,471 - UnicodeAnalyzer - INFO - -> Analizzando versione 6.1.0-rc.1 (1236/2158)...
2025-11-16 09:27:37,477 - UnicodeAnalyzer - INFO - Filtrati 123 file (es. in /dist, /test).
2025-11-16 09:27:37,477 - UnicodeAnalyzer - INFO - -> Analizzando versione 6.1.0-rc.2 (1237/2158)...
2025-11-16 09:27:37,482 - UnicodeAnalyzer - INFO - Filtrati 123 file (es. in /dist, /test).
2025-11-16 09:27:37,482 - UnicodeAnalyzer - INFO - -> Analizzando versione 6.1.0-rc.3 (1238/2158)...
2025-11-16 09:27:37,488 - UnicodeAnalyzer - INFO - Filtrati 123 file (es. in /dist, /test).
2025-11-16 09:27:37,488 - UnicodeAnalyzer - INFO - -> Analizzando versione 6.1.0-rc.4 (1239/2158)...
2025-11-16 09:27:37,493 - UnicodeAnalyzer - INFO - Filtrati 123 file (es. in /dist, /test).
2025-11-16 09:27:37,493 - UnicodeAnalyzer - INFO - -> Analizzando versione 6.1.0-rc.5 (1240/2158)...
2025-11-16 09:27:37,499 - UnicodeAnalyzer - INFO - Filtrati 123 file (es. in /dist, /test).
2025-11-16 09:27:37,499 - UnicodeAnalyzer - INFO - -> Analizzando versione 6.1.0-rc.6 (1241/2158)...
2025-11-16 09:27:37,504 - UnicodeAnalyzer - INFO - Filtrati 127 file (es. in /dist, /test).
2025-11-16 09:27:37,505 - UnicodeAnalyzer - INFO - -> Analizzando versione 6.1.1 (1242/2158)...
2025-11-16 09:27:37,510 - UnicodeAnalyzer - INFO - Filtrati 127 file (es. in /dist, /test).
2025-11-16 09:27:37,510 - UnicodeAnalyzer - INFO - -> Analizzando versione 6.1.10 (1243/2158)...
2025-11-16 09:27:37,516 - UnicodeAnalyzer - INFO - Filtrati 127 file (es. in /dist, /test).
2025-11-16 09:27:37,516 - UnicodeAnalyzer - INFO - -> Analizzando versione 6.1.11 (1244/2158)...
2025-11-16 09:27:37,522 - UnicodeAnalyzer - INFO - Filtrati 127 file (es. in /dist, /test).
2025-11-16 09:27:37,522 - UnicodeAnalyzer - INFO - -> Analizzando versione 6.1.12 (1245/2158)...
2025-11-16 09:27:37,528 - UnicodeAnalyzer - INFO - Filtrati 127 file (es. in /dist, /test).
2025-11-16 09:27:37,528 - UnicodeAnalyzer - INFO - -> Analizzando versione 6.1.14 (1246/2158)...
2025-11-16 09:27:37,533 - UnicodeAnalyzer - INFO - Filtrati 127 file (es. in /dist, /test).
2025-11-16 09:27:37,534 - UnicodeAnalyzer - INFO - -> Analizzando versione 6.1.15 (1247/2158)...
2025-11-16 09:27:37,539 - UnicodeAnalyzer - INFO - Filtrati 127 file (es. in /dist, /test).
2025-11-16 09:27:37,539 - UnicodeAnalyzer - INFO - -> Analizzando versione 6.1.16 (1248/2158)...
2025-11-16 09:27:37,545 - UnicodeAnalyzer - INFO - Filtrati 127 file (es. in /dist, /test).
2025-11-16 09:27:37,545 - UnicodeAnalyzer - INFO - -> Analizzando versione 6.1.17 (1249/2158)...
2025-11-16 09:27:37,550 - UnicodeAnalyzer - INFO - Filtrati 127 file (es. in /dist, /test).
2025-11-16 09:27:37,551 - UnicodeAnalyzer - INFO - -> Analizzando versione 6.1.18 (1250/2158)...
2025-11-16 09:27:37,556 - UnicodeAnalyzer - INFO - Filtrati 127 file (es. in /dist, /test).
2025-11-16 09:27:37,556 - UnicodeAnalyzer - INFO - -> Analizzando versione 6.1.19 (1251/2158)...
2025-11-16 09:27:37,562 - UnicodeAnalyzer - INFO - Filtrati 127 file (es. in /dist, /test).
2025-11-16 09:27:37,562 - UnicodeAnalyzer - INFO - -> Analizzando versione 6.1.2 (1252/2158)...
2025-11-16 09:27:37,567 - UnicodeAnalyzer - INFO - Filtrati 127 file (es. in /dist, /test).
2025-11-16 09:27:37,568 - UnicodeAnalyzer - INFO - -> Analizzando versione 6.1.20 (1253/2158)...
2025-11-16 09:27:37,573 - UnicodeAnalyzer - INFO - Filtrati 127 file (es. in /dist, /test).
2025-11-16 09:27:37,573 - UnicodeAnalyzer - INFO - -> Analizzando versione 6.1.21 (1254/2158)...
2025-11-16 09:27:37,579 - UnicodeAnalyzer - INFO - Filtrati 127 file (es. in /dist, /test).
2025-11-16 09:27:37,579 - UnicodeAnalyzer - INFO - -> Analizzando versione 6.1.3 (1255/2158)...
2025-11-16 09:27:37,584 - UnicodeAnalyzer - INFO - Filtrati 127 file (es. in /dist, /test).
2025-11-16 09:27:37,585 - UnicodeAnalyzer - INFO - -> Analizzando versione 6.1.4 (1256/2158)...
2025-11-16 09:27:37,590 - UnicodeAnalyzer - INFO - Filtrati 127 file (es. in /dist, /test).
2025-11-16 09:27:37,590 - UnicodeAnalyzer - INFO - -> Analizzando versione 6.1.5 (1257/2158)...
2025-11-16 09:27:37,596 - UnicodeAnalyzer - INFO - Filtrati 127 file (es. in /dist, /test).
2025-11-16 09:27:37,596 - UnicodeAnalyzer - INFO - -> Analizzando versione 6.1.6 (1258/2158)...
2025-11-16 09:27:37,601 - UnicodeAnalyzer - INFO - Filtrati 127 file (es. in /dist, /test).
2025-11-16 09:27:37,602 - UnicodeAnalyzer - INFO - -> Analizzando versione 6.1.7 (1259/2158)...
2025-11-16 09:27:37,607 - UnicodeAnalyzer - INFO - Filtrati 127 file (es. in /dist, /test).
2025-11-16 09:27:37,607 - UnicodeAnalyzer - INFO - -> Analizzando versione 6.1.8 (1260/2158)...
2025-11-16 09:27:37,613 - UnicodeAnalyzer - INFO - Filtrati 127 file (es. in /dist, /test).
2025-11-16 09:27:37,613 - UnicodeAnalyzer - INFO - -> Analizzando versione 6.1.9 (1261/2158)...
2025-11-16 09:27:37,618 - UnicodeAnalyzer - INFO - Filtrati 127 file (es. in /dist, /test).
2025-11-16 09:27:37,618 - UnicodeAnalyzer - INFO - -> Analizzando versione 6.2.0 (1262/2158)...
2025-11-16 09:27:37,632 - UnicodeAnalyzer - INFO - Filtrati 290 file (es. in /dist, /test).
2025-11-16 09:27:37,632 - UnicodeAnalyzer - INFO - -> Analizzando versione 6.2.0-alpha.0 (1263/2158)...
2025-11-16 09:27:37,637 - UnicodeAnalyzer - INFO - Filtrati 127 file (es. in /dist, /test).
2025-11-16 09:27:37,637 - UnicodeAnalyzer - INFO - -> Analizzando versione 6.2.0-alpha.1 (1264/2158)...
2025-11-16 09:27:37,643 - UnicodeAnalyzer - INFO - Filtrati 127 file (es. in /dist, /test).
2025-11-16 09:27:37,643 - UnicodeAnalyzer - INFO - -> Analizzando versione 6.2.0-alpha.10 (1265/2158)...
2025-11-16 09:27:37,655 - UnicodeAnalyzer - INFO - Filtrati 260 file (es. in /dist, /test).
2025-11-16 09:27:37,655 - UnicodeAnalyzer - INFO - -> Analizzando versione 6.2.0-alpha.11 (1266/2158)...
2025-11-16 09:27:37,667 - UnicodeAnalyzer - INFO - Filtrati 260 file (es. in /dist, /test).
2025-11-16 09:27:37,667 - UnicodeAnalyzer - INFO - -> Analizzando versione 6.2.0-alpha.12 (1267/2158)...
2025-11-16 09:27:37,679 - UnicodeAnalyzer - INFO - Filtrati 260 file (es. in /dist, /test).
2025-11-16 09:27:37,679 - UnicodeAnalyzer - INFO - -> Analizzando versione 6.2.0-alpha.13 (1268/2158)...
2025-11-16 09:27:37,691 - UnicodeAnalyzer - INFO - Filtrati 260 file (es. in /dist, /test).
2025-11-16 09:27:37,691 - UnicodeAnalyzer - INFO - -> Analizzando versione 6.2.0-alpha.14 (1269/2158)...
2025-11-16 09:27:37,703 - UnicodeAnalyzer - INFO - Filtrati 260 file (es. in /dist, /test).
2025-11-16 09:27:37,703 - UnicodeAnalyzer - INFO - -> Analizzando versione 6.2.0-alpha.15 (1270/2158)...
2025-11-16 09:27:37,715 - UnicodeAnalyzer - INFO - Filtrati 260 file (es. in /dist, /test).
2025-11-16 09:27:37,715 - UnicodeAnalyzer - INFO - -> Analizzando versione 6.2.0-alpha.16 (1271/2158)...
2025-11-16 09:27:37,727 - UnicodeAnalyzer - INFO - Filtrati 260 file (es. in /dist, /test).
2025-11-16 09:27:37,727 - UnicodeAnalyzer - INFO - -> Analizzando versione 6.2.0-alpha.17 (1272/2158)...
2025-11-16 09:27:37,739 - UnicodeAnalyzer - INFO - Filtrati 260 file (es. in /dist, /test).
2025-11-16 09:27:37,739 - UnicodeAnalyzer - INFO - -> Analizzando versione 6.2.0-alpha.18 (1273/2158)...
2025-11-16 09:27:37,751 - UnicodeAnalyzer - INFO - Filtrati 260 file (es. in /dist, /test).
2025-11-16 09:27:37,751 - UnicodeAnalyzer - INFO - -> Analizzando versione 6.2.0-alpha.19 (1274/2158)...
2025-11-16 09:27:37,763 - UnicodeAnalyzer - INFO - Filtrati 260 file (es. in /dist, /test).
2025-11-16 09:27:37,763 - UnicodeAnalyzer - INFO - -> Analizzando versione 6.2.0-alpha.2 (1275/2158)...
2025-11-16 09:27:37,768 - UnicodeAnalyzer - INFO - Filtrati 127 file (es. in /dist, /test).
2025-11-16 09:27:37,768 - UnicodeAnalyzer - INFO - -> Analizzando versione 6.2.0-alpha.20 (1276/2158)...
2025-11-16 09:27:37,780 - UnicodeAnalyzer - INFO - Filtrati 260 file (es. in /dist, /test).
2025-11-16 09:27:37,780 - UnicodeAnalyzer - INFO - -> Analizzando versione 6.2.0-alpha.21 (1277/2158)...
2025-11-16 09:27:37,792 - UnicodeAnalyzer - INFO - Filtrati 260 file (es. in /dist, /test).
2025-11-16 09:27:37,792 - UnicodeAnalyzer - INFO - -> Analizzando versione 6.2.0-alpha.22 (1278/2158)...
2025-11-16 09:27:37,804 - UnicodeAnalyzer - INFO - Filtrati 260 file (es. in /dist, /test).
2025-11-16 09:27:37,804 - UnicodeAnalyzer - INFO - -> Analizzando versione 6.2.0-alpha.23 (1279/2158)...
2025-11-16 09:27:37,816 - UnicodeAnalyzer - INFO - Filtrati 260 file (es. in /dist, /test).
2025-11-16 09:27:37,816 - UnicodeAnalyzer - INFO - -> Analizzando versione 6.2.0-alpha.24 (1280/2158)...
2025-11-16 09:27:37,828 - UnicodeAnalyzer - INFO - Filtrati 260 file (es. in /dist, /test).
2025-11-16 09:27:37,828 - UnicodeAnalyzer - INFO - -> Analizzando versione 6.2.0-alpha.25 (1281/2158)...
2025-11-16 09:27:37,840 - UnicodeAnalyzer - INFO - Filtrati 260 file (es. in /dist, /test).
2025-11-16 09:27:37,840 - UnicodeAnalyzer - INFO - -> Analizzando versione 6.2.0-alpha.26 (1282/2158)...
2025-11-16 09:27:37,852 - UnicodeAnalyzer - INFO - Filtrati 262 file (es. in /dist, /test).
2025-11-16 09:27:37,852 - UnicodeAnalyzer - INFO - -> Analizzando versione 6.2.0-alpha.27 (1283/2158)...
2025-11-16 09:27:37,864 - UnicodeAnalyzer - INFO - Filtrati 262 file (es. in /dist, /test).
2025-11-16 09:27:37,864 - UnicodeAnalyzer - INFO - -> Analizzando versione 6.2.0-alpha.28 (1284/2158)...
2025-11-16 09:27:37,876 - UnicodeAnalyzer - INFO - Filtrati 262 file (es. in /dist, /test).
2025-11-16 09:27:37,876 - UnicodeAnalyzer - INFO - -> Analizzando versione 6.2.0-alpha.29 (1285/2158)...
2025-11-16 09:27:37,888 - UnicodeAnalyzer - INFO - Filtrati 262 file (es. in /dist, /test).
2025-11-16 09:27:37,888 - UnicodeAnalyzer - INFO - -> Analizzando versione 6.2.0-alpha.3 (1286/2158)...
2025-11-16 09:27:37,894 - UnicodeAnalyzer - INFO - Filtrati 127 file (es. in /dist, /test).
2025-11-16 09:27:37,894 - UnicodeAnalyzer - INFO - -> Analizzando versione 6.2.0-alpha.30 (1287/2158)...
2025-11-16 09:27:37,906 - UnicodeAnalyzer - INFO - Filtrati 262 file (es. in /dist, /test).
2025-11-16 09:27:37,906 - UnicodeAnalyzer - INFO - -> Analizzando versione 6.2.0-alpha.31 (1288/2158)...
2025-11-16 09:27:37,918 - UnicodeAnalyzer - INFO - Filtrati 262 file (es. in /dist, /test).
2025-11-16 09:27:37,918 - UnicodeAnalyzer - INFO - -> Analizzando versione 6.2.0-alpha.32 (1289/2158)...
2025-11-16 09:27:37,930 - UnicodeAnalyzer - INFO - Filtrati 262 file (es. in /dist, /test).
2025-11-16 09:27:37,930 - UnicodeAnalyzer - INFO - -> Analizzando versione 6.2.0-alpha.33 (1290/2158)...
2025-11-16 09:27:37,942 - UnicodeAnalyzer - INFO - Filtrati 262 file (es. in /dist, /test).
2025-11-16 09:27:37,942 - UnicodeAnalyzer - INFO - -> Analizzando versione 6.2.0-alpha.34 (1291/2158)...
2025-11-16 09:27:37,954 - UnicodeAnalyzer - INFO - Filtrati 262 file (es. in /dist, /test).
2025-11-16 09:27:37,954 - UnicodeAnalyzer - INFO - -> Analizzando versione 6.2.0-alpha.35 (1292/2158)...
2025-11-16 09:27:37,966 - UnicodeAnalyzer - INFO - Filtrati 262 file (es. in /dist, /test).
2025-11-16 09:27:37,966 - UnicodeAnalyzer - INFO - -> Analizzando versione 6.2.0-alpha.4 (1293/2158)...
2025-11-16 09:27:37,971 - UnicodeAnalyzer - INFO - Filtrati 127 file (es. in /dist, /test).
2025-11-16 09:27:37,972 - UnicodeAnalyzer - INFO - -> Analizzando versione 6.2.0-alpha.5 (1294/2158)...
2025-11-16 09:27:37,977 - UnicodeAnalyzer - INFO - Filtrati 127 file (es. in /dist, /test).
2025-11-16 09:27:37,977 - UnicodeAnalyzer - INFO - -> Analizzando versione 6.2.0-alpha.6 (1295/2158)...
2025-11-16 09:27:37,983 - UnicodeAnalyzer - INFO - Filtrati 128 file (es. in /dist, /test).
2025-11-16 09:27:37,983 - UnicodeAnalyzer - INFO - -> Analizzando versione 6.2.0-alpha.7 (1296/2158)...
2025-11-16 09:27:37,995 - UnicodeAnalyzer - INFO - Filtrati 260 file (es. in /dist, /test).
2025-11-16 09:27:37,995 - UnicodeAnalyzer - INFO - -> Analizzando versione 6.2.0-alpha.8 (1297/2158)...
2025-11-16 09:27:38,007 - UnicodeAnalyzer - INFO - Filtrati 260 file (es. in /dist, /test).
2025-11-16 09:27:38,007 - UnicodeAnalyzer - INFO - -> Analizzando versione 6.2.0-alpha.9 (1298/2158)...
2025-11-16 09:27:38,019 - UnicodeAnalyzer - INFO - Filtrati 260 file (es. in /dist, /test).
2025-11-16 09:27:38,019 - UnicodeAnalyzer - INFO - -> Analizzando versione 6.2.0-beta.0 (1299/2158)...
2025-11-16 09:27:38,031 - UnicodeAnalyzer - INFO - Filtrati 262 file (es. in /dist, /test).
2025-11-16 09:27:38,031 - UnicodeAnalyzer - INFO - -> Analizzando versione 6.2.0-beta.1 (1300/2158)...
2025-11-16 09:27:38,043 - UnicodeAnalyzer - INFO - Filtrati 262 file (es. in /dist, /test).
2025-11-16 09:27:38,043 - UnicodeAnalyzer - INFO - -> Analizzando versione 6.2.0-beta.10 (1301/2158)...
2025-11-16 09:27:38,056 - UnicodeAnalyzer - INFO - Filtrati 288 file (es. in /dist, /test).
2025-11-16 09:27:38,056 - UnicodeAnalyzer - INFO - -> Analizzando versione 6.2.0-beta.11 (1302/2158)...
2025-11-16 09:27:38,069 - UnicodeAnalyzer - INFO - Filtrati 288 file (es. in /dist, /test).
2025-11-16 09:27:38,069 - UnicodeAnalyzer - INFO - -> Analizzando versione 6.2.0-beta.12 (1303/2158)...
2025-11-16 09:27:38,083 - UnicodeAnalyzer - INFO - Filtrati 288 file (es. in /dist, /test).
2025-11-16 09:27:38,083 - UnicodeAnalyzer - INFO - -> Analizzando versione 6.2.0-beta.13 (1304/2158)...
2025-11-16 09:27:38,096 - UnicodeAnalyzer - INFO - Filtrati 288 file (es. in /dist, /test).
2025-11-16 09:27:38,096 - UnicodeAnalyzer - INFO - -> Analizzando versione 6.2.0-beta.14 (1305/2158)...
2025-11-16 09:27:38,109 - UnicodeAnalyzer - INFO - Filtrati 288 file (es. in /dist, /test).
2025-11-16 09:27:38,109 - UnicodeAnalyzer - INFO - -> Analizzando versione 6.2.0-beta.15 (1306/2158)...
2025-11-16 09:27:38,123 - UnicodeAnalyzer - INFO - Filtrati 288 file (es. in /dist, /test).
2025-11-16 09:27:38,123 - UnicodeAnalyzer - INFO - -> Analizzando versione 6.2.0-beta.2 (1307/2158)...
2025-11-16 09:27:38,136 - UnicodeAnalyzer - INFO - Filtrati 288 file (es. in /dist, /test).
2025-11-16 09:27:38,136 - UnicodeAnalyzer - INFO - -> Analizzando versione 6.2.0-beta.3 (1308/2158)...
2025-11-16 09:27:38,149 - UnicodeAnalyzer - INFO - Filtrati 288 file (es. in /dist, /test).
2025-11-16 09:27:38,149 - UnicodeAnalyzer - INFO - -> Analizzando versione 6.2.0-beta.4 (1309/2158)...
2025-11-16 09:27:38,162 - UnicodeAnalyzer - INFO - Filtrati 288 file (es. in /dist, /test).
2025-11-16 09:27:38,163 - UnicodeAnalyzer - INFO - -> Analizzando versione 6.2.0-beta.5 (1310/2158)...
2025-11-16 09:27:38,176 - UnicodeAnalyzer - INFO - Filtrati 288 file (es. in /dist, /test).
2025-11-16 09:27:38,176 - UnicodeAnalyzer - INFO - -> Analizzando versione 6.2.0-beta.6 (1311/2158)...
2025-11-16 09:27:38,189 - UnicodeAnalyzer - INFO - Filtrati 288 file (es. in /dist, /test).
2025-11-16 09:27:38,189 - UnicodeAnalyzer - INFO - -> Analizzando versione 6.2.0-beta.7 (1312/2158)...
2025-11-16 09:27:38,202 - UnicodeAnalyzer - INFO - Filtrati 288 file (es. in /dist, /test).
2025-11-16 09:27:38,202 - UnicodeAnalyzer - INFO - -> Analizzando versione 6.2.0-beta.8 (1313/2158)...
2025-11-16 09:27:38,215 - UnicodeAnalyzer - INFO - Filtrati 288 file (es. in /dist, /test).
2025-11-16 09:27:38,216 - UnicodeAnalyzer - INFO - -> Analizzando versione 6.2.0-beta.9 (1314/2158)...
2025-11-16 09:27:38,229 - UnicodeAnalyzer - INFO - Filtrati 288 file (es. in /dist, /test).
2025-11-16 09:27:38,229 - UnicodeAnalyzer - INFO - -> Analizzando versione 6.2.0-rc.0 (1315/2158)...
2025-11-16 09:27:38,242 - UnicodeAnalyzer - INFO - Filtrati 288 file (es. in /dist, /test).
2025-11-16 09:27:38,242 - UnicodeAnalyzer - INFO - -> Analizzando versione 6.2.0-rc.1 (1316/2158)...
2025-11-16 09:27:38,255 - UnicodeAnalyzer - INFO - Filtrati 288 file (es. in /dist, /test).
2025-11-16 09:27:38,255 - UnicodeAnalyzer - INFO - -> Analizzando versione 6.2.0-rc.10 (1317/2158)...
2025-11-16 09:27:38,268 - UnicodeAnalyzer - INFO - Filtrati 288 file (es. in /dist, /test).
2025-11-16 09:27:38,268 - UnicodeAnalyzer - INFO - -> Analizzando versione 6.2.0-rc.11 (1318/2158)...
2025-11-16 09:27:38,281 - UnicodeAnalyzer - INFO - Filtrati 290 file (es. in /dist, /test).
2025-11-16 09:27:38,282 - UnicodeAnalyzer - INFO - -> Analizzando versione 6.2.0-rc.12 (1319/2158)...
2025-11-16 09:27:38,295 - UnicodeAnalyzer - INFO - Filtrati 290 file (es. in /dist, /test).
2025-11-16 09:27:38,295 - UnicodeAnalyzer - INFO - -> Analizzando versione 6.2.0-rc.13 (1320/2158)...
2025-11-16 09:27:38,308 - UnicodeAnalyzer - INFO - Filtrati 290 file (es. in /dist, /test).
2025-11-16 09:27:38,308 - UnicodeAnalyzer - INFO - -> Analizzando versione 6.2.0-rc.2 (1321/2158)...
2025-11-16 09:27:38,322 - UnicodeAnalyzer - INFO - Filtrati 288 file (es. in /dist, /test).
2025-11-16 09:27:38,322 - UnicodeAnalyzer - INFO - -> Analizzando versione 6.2.0-rc.3 (1322/2158)...
2025-11-16 09:27:38,335 - UnicodeAnalyzer - INFO - Filtrati 288 file (es. in /dist, /test).
2025-11-16 09:27:38,335 - UnicodeAnalyzer - INFO - -> Analizzando versione 6.2.0-rc.4 (1323/2158)...
2025-11-16 09:27:38,348 - UnicodeAnalyzer - INFO - Filtrati 288 file (es. in /dist, /test).
2025-11-16 09:27:38,348 - UnicodeAnalyzer - INFO - -> Analizzando versione 6.2.0-rc.5 (1324/2158)...
2025-11-16 09:27:38,361 - UnicodeAnalyzer - INFO - Filtrati 288 file (es. in /dist, /test).
2025-11-16 09:27:38,361 - UnicodeAnalyzer - INFO - -> Analizzando versione 6.2.0-rc.6 (1325/2158)...
2025-11-16 09:27:38,374 - UnicodeAnalyzer - INFO - Filtrati 288 file (es. in /dist, /test).
2025-11-16 09:27:38,374 - UnicodeAnalyzer - INFO - -> Analizzando versione 6.2.0-rc.7 (1326/2158)...
2025-11-16 09:27:38,387 - UnicodeAnalyzer - INFO - Filtrati 288 file (es. in /dist, /test).
2025-11-16 09:27:38,387 - UnicodeAnalyzer - INFO - -> Analizzando versione 6.2.0-rc.8 (1327/2158)...
2025-11-16 09:27:38,400 - UnicodeAnalyzer - INFO - Filtrati 288 file (es. in /dist, /test).
2025-11-16 09:27:38,400 - UnicodeAnalyzer - INFO - -> Analizzando versione 6.2.0-rc.9 (1328/2158)...
2025-11-16 09:27:38,413 - UnicodeAnalyzer - INFO - Filtrati 288 file (es. in /dist, /test).
2025-11-16 09:27:38,413 - UnicodeAnalyzer - INFO - -> Analizzando versione 6.2.1 (1329/2158)...
2025-11-16 09:27:38,426 - UnicodeAnalyzer - INFO - Filtrati 290 file (es. in /dist, /test).
2025-11-16 09:27:38,426 - UnicodeAnalyzer - INFO - -> Analizzando versione 6.2.2 (1330/2158)...
2025-11-16 09:27:38,439 - UnicodeAnalyzer - INFO - Filtrati 290 file (es. in /dist, /test).
2025-11-16 09:27:38,440 - UnicodeAnalyzer - INFO - -> Analizzando versione 6.2.3 (1331/2158)...
2025-11-16 09:27:38,453 - UnicodeAnalyzer - INFO - Filtrati 290 file (es. in /dist, /test).
2025-11-16 09:27:38,453 - UnicodeAnalyzer - INFO - -> Analizzando versione 6.2.4 (1332/2158)...
2025-11-16 09:27:38,466 - UnicodeAnalyzer - INFO - Filtrati 290 file (es. in /dist, /test).
2025-11-16 09:27:38,466 - UnicodeAnalyzer - INFO - -> Analizzando versione 6.2.5 (1333/2158)...
2025-11-16 09:27:38,479 - UnicodeAnalyzer - INFO - Filtrati 290 file (es. in /dist, /test).
2025-11-16 09:27:38,479 - UnicodeAnalyzer - INFO - -> Analizzando versione 6.2.6 (1334/2158)...
2025-11-16 09:27:38,492 - UnicodeAnalyzer - INFO - Filtrati 290 file (es. in /dist, /test).
2025-11-16 09:27:38,492 - UnicodeAnalyzer - INFO - -> Analizzando versione 6.2.7 (1335/2158)...
2025-11-16 09:27:38,505 - UnicodeAnalyzer - INFO - Filtrati 290 file (es. in /dist, /test).
2025-11-16 09:27:38,506 - UnicodeAnalyzer - INFO - -> Analizzando versione 6.2.8 (1336/2158)...
2025-11-16 09:27:38,518 - UnicodeAnalyzer - INFO - Filtrati 290 file (es. in /dist, /test).
2025-11-16 09:27:38,519 - UnicodeAnalyzer - INFO - -> Analizzando versione 6.2.9 (1337/2158)...
2025-11-16 09:27:38,532 - UnicodeAnalyzer - INFO - Filtrati 290 file (es. in /dist, /test).
2025-11-16 09:27:38,532 - UnicodeAnalyzer - INFO - -> Analizzando versione 6.3.0 (1338/2158)...
2025-11-16 09:27:38,550 - UnicodeAnalyzer - INFO - Filtrati 438 file (es. in /dist, /test).
2025-11-16 09:27:38,551 - UnicodeAnalyzer - INFO - -> Analizzando versione 6.3.0-alpha.0 (1339/2158)...
2025-11-16 09:27:38,564 - UnicodeAnalyzer - INFO - Filtrati 290 file (es. in /dist, /test).
2025-11-16 09:27:38,564 - UnicodeAnalyzer - INFO - -> Analizzando versione 6.3.0-alpha.1 (1340/2158)...
2025-11-16 09:27:38,577 - UnicodeAnalyzer - INFO - Filtrati 290 file (es. in /dist, /test).
2025-11-16 09:27:38,577 - UnicodeAnalyzer - INFO - -> Analizzando versione 6.3.0-alpha.10 (1341/2158)...
2025-11-16 09:27:38,590 - UnicodeAnalyzer - INFO - Filtrati 290 file (es. in /dist, /test).
2025-11-16 09:27:38,591 - UnicodeAnalyzer - INFO - -> Analizzando versione 6.3.0-alpha.11 (1342/2158)...
2025-11-16 09:27:38,604 - UnicodeAnalyzer - INFO - Filtrati 290 file (es. in /dist, /test).
2025-11-16 09:27:38,604 - UnicodeAnalyzer - INFO - -> Analizzando versione 6.3.0-alpha.12 (1343/2158)...
2025-11-16 09:27:38,617 - UnicodeAnalyzer - INFO - Filtrati 290 file (es. in /dist, /test).
2025-11-16 09:27:38,617 - UnicodeAnalyzer - INFO - -> Analizzando versione 6.3.0-alpha.13 (1344/2158)...
2025-11-16 09:27:38,630 - UnicodeAnalyzer - INFO - Filtrati 290 file (es. in /dist, /test).
2025-11-16 09:27:38,630 - UnicodeAnalyzer - INFO - -> Analizzando versione 6.3.0-alpha.14 (1345/2158)...
2025-11-16 09:27:38,643 - UnicodeAnalyzer - INFO - Filtrati 290 file (es. in /dist, /test).
2025-11-16 09:27:38,643 - UnicodeAnalyzer - INFO - -> Analizzando versione 6.3.0-alpha.15 (1346/2158)...
2025-11-16 09:27:38,656 - UnicodeAnalyzer - INFO - Filtrati 290 file (es. in /dist, /test).
2025-11-16 09:27:38,657 - UnicodeAnalyzer - INFO - -> Analizzando versione 6.3.0-alpha.16 (1347/2158)...
2025-11-16 09:27:38,669 - UnicodeAnalyzer - INFO - Filtrati 290 file (es. in /dist, /test).
2025-11-16 09:27:38,670 - UnicodeAnalyzer - INFO - -> Analizzando versione 6.3.0-alpha.17 (1348/2158)...
2025-11-16 09:27:38,683 - UnicodeAnalyzer - INFO - Filtrati 290 file (es. in /dist, /test).
2025-11-16 09:27:38,683 - UnicodeAnalyzer - INFO - -> Analizzando versione 6.3.0-alpha.18 (1349/2158)...
2025-11-16 09:27:38,696 - UnicodeAnalyzer - INFO - Filtrati 290 file (es. in /dist, /test).
2025-11-16 09:27:38,696 - UnicodeAnalyzer - INFO - -> Analizzando versione 6.3.0-alpha.19 (1350/2158)...
2025-11-16 09:27:38,709 - UnicodeAnalyzer - INFO - Filtrati 290 file (es. in /dist, /test).
2025-11-16 09:27:38,709 - UnicodeAnalyzer - INFO - -> Analizzando versione 6.3.0-alpha.2 (1351/2158)...
2025-11-16 09:27:38,723 - UnicodeAnalyzer - INFO - Filtrati 290 file (es. in /dist, /test).
2025-11-16 09:27:38,723 - UnicodeAnalyzer - INFO - -> Analizzando versione 6.3.0-alpha.20 (1352/2158)...
2025-11-16 09:27:38,736 - UnicodeAnalyzer - INFO - Filtrati 290 file (es. in /dist, /test).
2025-11-16 09:27:38,736 - UnicodeAnalyzer - INFO - -> Analizzando versione 6.3.0-alpha.21 (1353/2158)...
2025-11-16 09:27:38,749 - UnicodeAnalyzer - INFO - Filtrati 290 file (es. in /dist, /test).
2025-11-16 09:27:38,750 - UnicodeAnalyzer - INFO - -> Analizzando versione 6.3.0-alpha.22 (1354/2158)...
2025-11-16 09:27:38,763 - UnicodeAnalyzer - INFO - Filtrati 290 file (es. in /dist, /test).
2025-11-16 09:27:38,763 - UnicodeAnalyzer - INFO - -> Analizzando versione 6.3.0-alpha.23 (1355/2158)...
2025-11-16 09:27:38,776 - UnicodeAnalyzer - INFO - Filtrati 290 file (es. in /dist, /test).
2025-11-16 09:27:38,776 - UnicodeAnalyzer - INFO - -> Analizzando versione 6.3.0-alpha.24 (1356/2158)...
2025-11-16 09:27:38,789 - UnicodeAnalyzer - INFO - Filtrati 290 file (es. in /dist, /test).
2025-11-16 09:27:38,790 - UnicodeAnalyzer - INFO - -> Analizzando versione 6.3.0-alpha.25 (1357/2158)...
2025-11-16 09:27:38,803 - UnicodeAnalyzer - INFO - Filtrati 290 file (es. in /dist, /test).
2025-11-16 09:27:38,803 - UnicodeAnalyzer - INFO - -> Analizzando versione 6.3.0-alpha.26 (1358/2158)...
2025-11-16 09:27:38,816 - UnicodeAnalyzer - INFO - Filtrati 290 file (es. in /dist, /test).
2025-11-16 09:27:38,816 - UnicodeAnalyzer - INFO - -> Analizzando versione 6.3.0-alpha.27 (1359/2158)...
2025-11-16 09:27:38,829 - UnicodeAnalyzer - INFO - Filtrati 290 file (es. in /dist, /test).
2025-11-16 09:27:38,829 - UnicodeAnalyzer - INFO - -> Analizzando versione 6.3.0-alpha.28 (1360/2158)...
2025-11-16 09:27:38,842 - UnicodeAnalyzer - INFO - Filtrati 290 file (es. in /dist, /test).
2025-11-16 09:27:38,843 - UnicodeAnalyzer - INFO - -> Analizzando versione 6.3.0-alpha.29 (1361/2158)...
2025-11-16 09:27:38,861 - UnicodeAnalyzer - INFO - Filtrati 435 file (es. in /dist, /test).
2025-11-16 09:27:38,861 - UnicodeAnalyzer - INFO - -> Analizzando versione 6.3.0-alpha.3 (1362/2158)...
2025-11-16 09:27:38,874 - UnicodeAnalyzer - INFO - Filtrati 290 file (es. in /dist, /test).
2025-11-16 09:27:38,875 - UnicodeAnalyzer - INFO - -> Analizzando versione 6.3.0-alpha.30 (1363/2158)...
2025-11-16 09:27:38,893 - UnicodeAnalyzer - INFO - Filtrati 435 file (es. in /dist, /test).
2025-11-16 09:27:38,893 - UnicodeAnalyzer - INFO - -> Analizzando versione 6.3.0-alpha.31 (1364/2158)...
2025-11-16 09:27:38,912 - UnicodeAnalyzer - INFO - Filtrati 435 file (es. in /dist, /test).
2025-11-16 09:27:38,912 - UnicodeAnalyzer - INFO - -> Analizzando versione 6.3.0-alpha.33 (1365/2158)...
2025-11-16 09:27:38,931 - UnicodeAnalyzer - INFO - Filtrati 435 file (es. in /dist, /test).
2025-11-16 09:27:38,931 - UnicodeAnalyzer - INFO - -> Analizzando versione 6.3.0-alpha.34 (1366/2158)...
2025-11-16 09:27:38,949 - UnicodeAnalyzer - INFO - Filtrati 435 file (es. in /dist, /test).
2025-11-16 09:27:38,949 - UnicodeAnalyzer - INFO - -> Analizzando versione 6.3.0-alpha.35 (1367/2158)...
2025-11-16 09:27:38,967 - UnicodeAnalyzer - INFO - Filtrati 435 file (es. in /dist, /test).
2025-11-16 09:27:38,968 - UnicodeAnalyzer - INFO - -> Analizzando versione 6.3.0-alpha.36 (1368/2158)...
2025-11-16 09:27:38,986 - UnicodeAnalyzer - INFO - Filtrati 438 file (es. in /dist, /test).
2025-11-16 09:27:38,986 - UnicodeAnalyzer - INFO - -> Analizzando versione 6.3.0-alpha.37 (1369/2158)...
2025-11-16 09:27:39,004 - UnicodeAnalyzer - INFO - Filtrati 438 file (es. in /dist, /test).
2025-11-16 09:27:39,005 - UnicodeAnalyzer - INFO - -> Analizzando versione 6.3.0-alpha.38 (1370/2158)...
2025-11-16 09:27:39,023 - UnicodeAnalyzer - INFO - Filtrati 438 file (es. in /dist, /test).
2025-11-16 09:27:39,023 - UnicodeAnalyzer - INFO - -> Analizzando versione 6.3.0-alpha.39 (1371/2158)...
2025-11-16 09:27:39,041 - UnicodeAnalyzer - INFO - Filtrati 438 file (es. in /dist, /test).
2025-11-16 09:27:39,041 - UnicodeAnalyzer - INFO - -> Analizzando versione 6.3.0-alpha.4 (1372/2158)...
2025-11-16 09:27:39,054 - UnicodeAnalyzer - INFO - Filtrati 290 file (es. in /dist, /test).
2025-11-16 09:27:39,055 - UnicodeAnalyzer - INFO - -> Analizzando versione 6.3.0-alpha.41 (1373/2158)...
2025-11-16 09:27:39,073 - UnicodeAnalyzer - INFO - Filtrati 438 file (es. in /dist, /test).
2025-11-16 09:27:39,073 - UnicodeAnalyzer - INFO - -> Analizzando versione 6.3.0-alpha.42 (1374/2158)...
2025-11-16 09:27:39,092 - UnicodeAnalyzer - INFO - Filtrati 438 file (es. in /dist, /test).
2025-11-16 09:27:39,092 - UnicodeAnalyzer - INFO - -> Analizzando versione 6.3.0-alpha.43 (1375/2158)...
2025-11-16 09:27:39,111 - UnicodeAnalyzer - INFO - Filtrati 438 file (es. in /dist, /test).
2025-11-16 09:27:39,111 - UnicodeAnalyzer - INFO - -> Analizzando versione 6.3.0-alpha.44 (1376/2158)...
2025-11-16 09:27:39,126 - UnicodeAnalyzer - INFO - Filtrati 438 file (es. in /dist, /test).
2025-11-16 09:27:39,126 - UnicodeAnalyzer - INFO - -> Analizzando versione 6.3.0-alpha.45 (1377/2158)...
2025-11-16 09:27:39,141 - UnicodeAnalyzer - INFO - Filtrati 438 file (es. in /dist, /test).
2025-11-16 09:27:39,142 - UnicodeAnalyzer - INFO - -> Analizzando versione 6.3.0-alpha.5 (1378/2158)...
2025-11-16 09:27:39,152 - UnicodeAnalyzer - INFO - Filtrati 290 file (es. in /dist, /test).
2025-11-16 09:27:39,152 - UnicodeAnalyzer - INFO - -> Analizzando versione 6.3.0-alpha.6 (1379/2158)...
2025-11-16 09:27:39,163 - UnicodeAnalyzer - INFO - Filtrati 290 file (es. in /dist, /test).
2025-11-16 09:27:39,163 - UnicodeAnalyzer - INFO - -> Analizzando versione 6.3.0-alpha.7 (1380/2158)...
2025-11-16 09:27:39,174 - UnicodeAnalyzer - INFO - Filtrati 290 file (es. in /dist, /test).
2025-11-16 09:27:39,174 - UnicodeAnalyzer - INFO - -> Analizzando versione 6.3.0-alpha.8 (1381/2158)...
2025-11-16 09:27:39,185 - UnicodeAnalyzer - INFO - Filtrati 290 file (es. in /dist, /test).
2025-11-16 09:27:39,185 - UnicodeAnalyzer - INFO - -> Analizzando versione 6.3.0-alpha.9 (1382/2158)...
2025-11-16 09:27:39,195 - UnicodeAnalyzer - INFO - Filtrati 290 file (es. in /dist, /test).
2025-11-16 09:27:39,195 - UnicodeAnalyzer - INFO - -> Analizzando versione 6.3.0-beta.0 (1383/2158)...
2025-11-16 09:27:39,210 - UnicodeAnalyzer - INFO - Filtrati 438 file (es. in /dist, /test).
2025-11-16 09:27:39,210 - UnicodeAnalyzer - INFO - -> Analizzando versione 6.3.0-beta.1 (1384/2158)...
2025-11-16 09:27:39,229 - UnicodeAnalyzer - INFO - Filtrati 438 file (es. in /dist, /test).
2025-11-16 09:27:39,229 - UnicodeAnalyzer - INFO - -> Analizzando versione 6.3.0-beta.10 (1385/2158)...
2025-11-16 09:27:39,248 - UnicodeAnalyzer - INFO - Filtrati 438 file (es. in /dist, /test).
2025-11-16 09:27:39,248 - UnicodeAnalyzer - INFO - -> Analizzando versione 6.3.0-beta.11 (1386/2158)...
2025-11-16 09:27:39,267 - UnicodeAnalyzer - INFO - Filtrati 438 file (es. in /dist, /test).
2025-11-16 09:27:39,267 - UnicodeAnalyzer - INFO - -> Analizzando versione 6.3.0-beta.12 (1387/2158)...
2025-11-16 09:27:39,286 - UnicodeAnalyzer - INFO - Filtrati 438 file (es. in /dist, /test).
2025-11-16 09:27:39,286 - UnicodeAnalyzer - INFO - -> Analizzando versione 6.3.0-beta.13 (1388/2158)...
2025-11-16 09:27:39,305 - UnicodeAnalyzer - INFO - Filtrati 438 file (es. in /dist, /test).
2025-11-16 09:27:39,305 - UnicodeAnalyzer - INFO - -> Analizzando versione 6.3.0-beta.14 (1389/2158)...
2025-11-16 09:27:39,323 - UnicodeAnalyzer - INFO - Filtrati 438 file (es. in /dist, /test).
2025-11-16 09:27:39,324 - UnicodeAnalyzer - INFO - -> Analizzando versione 6.3.0-beta.15 (1390/2158)...
2025-11-16 09:27:39,342 - UnicodeAnalyzer - INFO - Filtrati 438 file (es. in /dist, /test).
2025-11-16 09:27:39,342 - UnicodeAnalyzer - INFO - -> Analizzando versione 6.3.0-beta.16 (1391/2158)...
2025-11-16 09:27:39,360 - UnicodeAnalyzer - INFO - Filtrati 438 file (es. in /dist, /test).
2025-11-16 09:27:39,361 - UnicodeAnalyzer - INFO - -> Analizzando versione 6.3.0-beta.17 (1392/2158)...
2025-11-16 09:27:39,379 - UnicodeAnalyzer - INFO - Filtrati 438 file (es. in /dist, /test).
2025-11-16 09:27:39,379 - UnicodeAnalyzer - INFO - -> Analizzando versione 6.3.0-beta.18 (1393/2158)...
2025-11-16 09:27:39,398 - UnicodeAnalyzer - INFO - Filtrati 438 file (es. in /dist, /test).
2025-11-16 09:27:39,398 - UnicodeAnalyzer - INFO - -> Analizzando versione 6.3.0-beta.2 (1394/2158)...
2025-11-16 09:27:39,416 - UnicodeAnalyzer - INFO - Filtrati 438 file (es. in /dist, /test).
2025-11-16 09:27:39,416 - UnicodeAnalyzer - INFO - -> Analizzando versione 6.3.0-beta.3 (1395/2158)...
2025-11-16 09:27:39,435 - UnicodeAnalyzer - INFO - Filtrati 438 file (es. in /dist, /test).
2025-11-16 09:27:39,435 - UnicodeAnalyzer - INFO - -> Analizzando versione 6.3.0-beta.4 (1396/2158)...
2025-11-16 09:27:39,454 - UnicodeAnalyzer - INFO - Filtrati 438 file (es. in /dist, /test).
2025-11-16 09:27:39,454 - UnicodeAnalyzer - INFO - -> Analizzando versione 6.3.0-beta.5 (1397/2158)...
2025-11-16 09:27:39,472 - UnicodeAnalyzer - INFO - Filtrati 438 file (es. in /dist, /test).
2025-11-16 09:27:39,472 - UnicodeAnalyzer - INFO - -> Analizzando versione 6.3.0-beta.6 (1398/2158)...
2025-11-16 09:27:39,491 - UnicodeAnalyzer - INFO - Filtrati 438 file (es. in /dist, /test).
2025-11-16 09:27:39,491 - UnicodeAnalyzer - INFO - -> Analizzando versione 6.3.0-beta.7 (1399/2158)...
2025-11-16 09:27:39,509 - UnicodeAnalyzer - INFO - Filtrati 438 file (es. in /dist, /test).
2025-11-16 09:27:39,510 - UnicodeAnalyzer - INFO - -> Analizzando versione 6.3.0-beta.8 (1400/2158)...
2025-11-16 09:27:39,528 - UnicodeAnalyzer - INFO - Filtrati 438 file (es. in /dist, /test).
2025-11-16 09:27:39,528 - UnicodeAnalyzer - INFO - -> Analizzando versione 6.3.0-beta.9 (1401/2158)...
2025-11-16 09:27:39,547 - UnicodeAnalyzer - INFO - Filtrati 438 file (es. in /dist, /test).
2025-11-16 09:27:39,547 - UnicodeAnalyzer - INFO - -> Analizzando versione 6.3.0-rc.0 (1402/2158)...
2025-11-16 09:27:39,566 - UnicodeAnalyzer - INFO - Filtrati 438 file (es. in /dist, /test).
2025-11-16 09:27:39,566 - UnicodeAnalyzer - INFO - -> Analizzando versione 6.3.0-rc.1 (1403/2158)...
2025-11-16 09:27:39,585 - UnicodeAnalyzer - INFO - Filtrati 438 file (es. in /dist, /test).
2025-11-16 09:27:39,585 - UnicodeAnalyzer - INFO - -> Analizzando versione 6.3.0-rc.10 (1404/2158)...
2025-11-16 09:27:39,603 - UnicodeAnalyzer - INFO - Filtrati 438 file (es. in /dist, /test).
2025-11-16 09:27:39,604 - UnicodeAnalyzer - INFO - -> Analizzando versione 6.3.0-rc.11 (1405/2158)...
2025-11-16 09:27:39,622 - UnicodeAnalyzer - INFO - Filtrati 438 file (es. in /dist, /test).
2025-11-16 09:27:39,623 - UnicodeAnalyzer - INFO - -> Analizzando versione 6.3.0-rc.12 (1406/2158)...
2025-11-16 09:27:39,641 - UnicodeAnalyzer - INFO - Filtrati 438 file (es. in /dist, /test).
2025-11-16 09:27:39,641 - UnicodeAnalyzer - INFO - -> Analizzando versione 6.3.0-rc.2 (1407/2158)...
2025-11-16 09:27:39,660 - UnicodeAnalyzer - INFO - Filtrati 438 file (es. in /dist, /test).
2025-11-16 09:27:39,660 - UnicodeAnalyzer - INFO - -> Analizzando versione 6.3.0-rc.3 (1408/2158)...
2025-11-16 09:27:39,679 - UnicodeAnalyzer - INFO - Filtrati 438 file (es. in /dist, /test).
2025-11-16 09:27:39,679 - UnicodeAnalyzer - INFO - -> Analizzando versione 6.3.0-rc.4 (1409/2158)...
2025-11-16 09:27:39,698 - UnicodeAnalyzer - INFO - Filtrati 438 file (es. in /dist, /test).
2025-11-16 09:27:39,698 - UnicodeAnalyzer - INFO - -> Analizzando versione 6.3.0-rc.5 (1410/2158)...
2025-11-16 09:27:39,716 - UnicodeAnalyzer - INFO - Filtrati 438 file (es. in /dist, /test).
2025-11-16 09:27:39,717 - UnicodeAnalyzer - INFO - -> Analizzando versione 6.3.0-rc.6 (1411/2158)...
2025-11-16 09:27:39,735 - UnicodeAnalyzer - INFO - Filtrati 438 file (es. in /dist, /test).
2025-11-16 09:27:39,735 - UnicodeAnalyzer - INFO - -> Analizzando versione 6.3.0-rc.7 (1412/2158)...
2025-11-16 09:27:39,754 - UnicodeAnalyzer - INFO - Filtrati 438 file (es. in /dist, /test).
2025-11-16 09:27:39,754 - UnicodeAnalyzer - INFO - -> Analizzando versione 6.3.0-rc.8 (1413/2158)...
2025-11-16 09:27:39,773 - UnicodeAnalyzer - INFO - Filtrati 438 file (es. in /dist, /test).
2025-11-16 09:27:39,773 - UnicodeAnalyzer - INFO - -> Analizzando versione 6.3.0-rc.9 (1414/2158)...
2025-11-16 09:27:39,791 - UnicodeAnalyzer - INFO - Filtrati 438 file (es. in /dist, /test).
2025-11-16 09:27:39,792 - UnicodeAnalyzer - INFO - -> Analizzando versione 6.3.1 (1415/2158)...
2025-11-16 09:27:39,810 - UnicodeAnalyzer - INFO - Filtrati 438 file (es. in /dist, /test).
2025-11-16 09:27:39,810 - UnicodeAnalyzer - INFO - -> Analizzando versione 6.3.10 (1416/2158)...
2025-11-16 09:27:39,829 - UnicodeAnalyzer - INFO - Filtrati 438 file (es. in /dist, /test).
2025-11-16 09:27:39,829 - UnicodeAnalyzer - INFO - -> Analizzando versione 6.3.11 (1417/2158)...
2025-11-16 09:27:39,847 - UnicodeAnalyzer - INFO - Filtrati 438 file (es. in /dist, /test).
2025-11-16 09:27:39,848 - UnicodeAnalyzer - INFO - -> Analizzando versione 6.3.12 (1418/2158)...
2025-11-16 09:27:39,866 - UnicodeAnalyzer - INFO - Filtrati 438 file (es. in /dist, /test).
2025-11-16 09:27:39,866 - UnicodeAnalyzer - INFO - -> Analizzando versione 6.3.13 (1419/2158)...
2025-11-16 09:27:39,885 - UnicodeAnalyzer - INFO - Filtrati 438 file (es. in /dist, /test).
2025-11-16 09:27:39,885 - UnicodeAnalyzer - INFO - -> Analizzando versione 6.3.2 (1420/2158)...
2025-11-16 09:27:39,904 - UnicodeAnalyzer - INFO - Filtrati 438 file (es. in /dist, /test).
2025-11-16 09:27:39,904 - UnicodeAnalyzer - INFO - -> Analizzando versione 6.3.3 (1421/2158)...
2025-11-16 09:27:39,922 - UnicodeAnalyzer - INFO - Filtrati 438 file (es. in /dist, /test).
2025-11-16 09:27:39,922 - UnicodeAnalyzer - INFO - -> Analizzando versione 6.3.4 (1422/2158)...
2025-11-16 09:27:39,941 - UnicodeAnalyzer - INFO - Filtrati 438 file (es. in /dist, /test).
2025-11-16 09:27:39,941 - UnicodeAnalyzer - INFO - -> Analizzando versione 6.3.5 (1423/2158)...
2025-11-16 09:27:39,960 - UnicodeAnalyzer - INFO - Filtrati 438 file (es. in /dist, /test).
2025-11-16 09:27:39,961 - UnicodeAnalyzer - INFO - -> Analizzando versione 6.3.6 (1424/2158)...
2025-11-16 09:27:39,980 - UnicodeAnalyzer - INFO - Filtrati 438 file (es. in /dist, /test).
2025-11-16 09:27:39,980 - UnicodeAnalyzer - INFO - -> Analizzando versione 6.3.7 (1425/2158)...
2025-11-16 09:27:39,999 - UnicodeAnalyzer - INFO - Filtrati 438 file (es. in /dist, /test).
2025-11-16 09:27:39,999 - UnicodeAnalyzer - INFO - -> Analizzando versione 6.3.8 (1426/2158)...
2025-11-16 09:27:40,018 - UnicodeAnalyzer - INFO - Filtrati 438 file (es. in /dist, /test).
2025-11-16 09:27:40,018 - UnicodeAnalyzer - INFO - -> Analizzando versione 6.3.9 (1427/2158)...
2025-11-16 09:27:40,037 - UnicodeAnalyzer - INFO - Filtrati 438 file (es. in /dist, /test).
2025-11-16 09:27:40,037 - UnicodeAnalyzer - INFO - -> Analizzando versione 6.4.0 (1428/2158)...
2025-11-16 09:27:40,055 - UnicodeAnalyzer - INFO - Filtrati 432 file (es. in /dist, /test).
2025-11-16 09:27:40,056 - UnicodeAnalyzer - INFO - -> Analizzando versione 6.4.0-alpha.0 (1429/2158)...
2025-11-16 09:27:40,074 - UnicodeAnalyzer - INFO - Filtrati 438 file (es. in /dist, /test).
2025-11-16 09:27:40,074 - UnicodeAnalyzer - INFO - -> Analizzando versione 6.4.0-alpha.1 (1430/2158)...
2025-11-16 09:27:40,093 - UnicodeAnalyzer - INFO - Filtrati 438 file (es. in /dist, /test).
2025-11-16 09:27:40,093 - UnicodeAnalyzer - INFO - -> Analizzando versione 6.4.0-alpha.10 (1431/2158)...
2025-11-16 09:27:40,112 - UnicodeAnalyzer - INFO - Filtrati 438 file (es. in /dist, /test).
2025-11-16 09:27:40,112 - UnicodeAnalyzer - INFO - -> Analizzando versione 6.4.0-alpha.11 (1432/2158)...
2025-11-16 09:27:40,131 - UnicodeAnalyzer - INFO - Filtrati 438 file (es. in /dist, /test).
2025-11-16 09:27:40,131 - UnicodeAnalyzer - INFO - -> Analizzando versione 6.4.0-alpha.12 (1433/2158)...
2025-11-16 09:27:40,150 - UnicodeAnalyzer - INFO - Filtrati 438 file (es. in /dist, /test).
2025-11-16 09:27:40,150 - UnicodeAnalyzer - INFO - -> Analizzando versione 6.4.0-alpha.13 (1434/2158)...
2025-11-16 09:27:40,169 - UnicodeAnalyzer - INFO - Filtrati 438 file (es. in /dist, /test).
2025-11-16 09:27:40,169 - UnicodeAnalyzer - INFO - -> Analizzando versione 6.4.0-alpha.14 (1435/2158)...
2025-11-16 09:27:40,188 - UnicodeAnalyzer - INFO - Filtrati 438 file (es. in /dist, /test).
2025-11-16 09:27:40,188 - UnicodeAnalyzer - INFO - -> Analizzando versione 6.4.0-alpha.15 (1436/2158)...
2025-11-16 09:27:40,207 - UnicodeAnalyzer - INFO - Filtrati 438 file (es. in /dist, /test).
2025-11-16 09:27:40,207 - UnicodeAnalyzer - INFO - -> Analizzando versione 6.4.0-alpha.16 (1437/2158)...
2025-11-16 09:27:40,226 - UnicodeAnalyzer - INFO - Filtrati 438 file (es. in /dist, /test).
2025-11-16 09:27:40,226 - UnicodeAnalyzer - INFO - -> Analizzando versione 6.4.0-alpha.17 (1438/2158)...
2025-11-16 09:27:40,245 - UnicodeAnalyzer - INFO - Filtrati 438 file (es. in /dist, /test).
2025-11-16 09:27:40,245 - UnicodeAnalyzer - INFO - -> Analizzando versione 6.4.0-alpha.18 (1439/2158)...
2025-11-16 09:27:40,263 - UnicodeAnalyzer - INFO - Filtrati 438 file (es. in /dist, /test).
2025-11-16 09:27:40,264 - UnicodeAnalyzer - INFO - -> Analizzando versione 6.4.0-alpha.19 (1440/2158)...
2025-11-16 09:27:40,282 - UnicodeAnalyzer - INFO - Filtrati 438 file (es. in /dist, /test).
2025-11-16 09:27:40,283 - UnicodeAnalyzer - INFO - -> Analizzando versione 6.4.0-alpha.2 (1441/2158)...
2025-11-16 09:27:40,301 - UnicodeAnalyzer - INFO - Filtrati 438 file (es. in /dist, /test).
2025-11-16 09:27:40,302 - UnicodeAnalyzer - INFO - -> Analizzando versione 6.4.0-alpha.20 (1442/2158)...
2025-11-16 09:27:40,320 - UnicodeAnalyzer - INFO - Filtrati 438 file (es. in /dist, /test).
2025-11-16 09:27:40,321 - UnicodeAnalyzer - INFO - -> Analizzando versione 6.4.0-alpha.21 (1443/2158)...
2025-11-16 09:27:40,339 - UnicodeAnalyzer - INFO - Filtrati 438 file (es. in /dist, /test).
2025-11-16 09:27:40,339 - UnicodeAnalyzer - INFO - -> Analizzando versione 6.4.0-alpha.22 (1444/2158)...
2025-11-16 09:27:40,358 - UnicodeAnalyzer - INFO - Filtrati 438 file (es. in /dist, /test).
2025-11-16 09:27:40,358 - UnicodeAnalyzer - INFO - -> Analizzando versione 6.4.0-alpha.23 (1445/2158)...
2025-11-16 09:27:40,377 - UnicodeAnalyzer - INFO - Filtrati 438 file (es. in /dist, /test).
2025-11-16 09:27:40,377 - UnicodeAnalyzer - INFO - -> Analizzando versione 6.4.0-alpha.24 (1446/2158)...
2025-11-16 09:27:40,396 - UnicodeAnalyzer - INFO - Filtrati 438 file (es. in /dist, /test).
2025-11-16 09:27:40,396 - UnicodeAnalyzer - INFO - -> Analizzando versione 6.4.0-alpha.25 (1447/2158)...
2025-11-16 09:27:40,415 - UnicodeAnalyzer - INFO - Filtrati 438 file (es. in /dist, /test).
2025-11-16 09:27:40,415 - UnicodeAnalyzer - INFO - -> Analizzando versione 6.4.0-alpha.26 (1448/2158)...
2025-11-16 09:27:40,434 - UnicodeAnalyzer - INFO - Filtrati 432 file (es. in /dist, /test).
2025-11-16 09:27:40,434 - UnicodeAnalyzer - INFO - -> Analizzando versione 6.4.0-alpha.27 (1449/2158)...
2025-11-16 09:27:40,453 - UnicodeAnalyzer - INFO - Filtrati 432 file (es. in /dist, /test).
2025-11-16 09:27:40,525 - UnicodeAnalyzer - INFO - -> Analizzando versione 6.4.0-alpha.28 (1450/2158)...
2025-11-16 09:27:40,544 - UnicodeAnalyzer - INFO - Filtrati 432 file (es. in /dist, /test).
2025-11-16 09:27:40,544 - UnicodeAnalyzer - INFO - -> Analizzando versione 6.4.0-alpha.29 (1451/2158)...
2025-11-16 09:27:40,563 - UnicodeAnalyzer - INFO - Filtrati 432 file (es. in /dist, /test).
2025-11-16 09:27:40,563 - UnicodeAnalyzer - INFO - -> Analizzando versione 6.4.0-alpha.3 (1452/2158)...
2025-11-16 09:27:40,581 - UnicodeAnalyzer - INFO - Filtrati 438 file (es. in /dist, /test).
2025-11-16 09:27:40,581 - UnicodeAnalyzer - INFO - -> Analizzando versione 6.4.0-alpha.30 (1453/2158)...
2025-11-16 09:27:40,600 - UnicodeAnalyzer - INFO - Filtrati 432 file (es. in /dist, /test).
2025-11-16 09:27:40,600 - UnicodeAnalyzer - INFO - -> Analizzando versione 6.4.0-alpha.31 (1454/2158)...
2025-11-16 09:27:40,618 - UnicodeAnalyzer - INFO - Filtrati 432 file (es. in /dist, /test).
2025-11-16 09:27:40,618 - UnicodeAnalyzer - INFO - -> Analizzando versione 6.4.0-alpha.32 (1455/2158)...
2025-11-16 09:27:40,637 - UnicodeAnalyzer - INFO - Filtrati 432 file (es. in /dist, /test).
2025-11-16 09:27:40,637 - UnicodeAnalyzer - INFO - -> Analizzando versione 6.4.0-alpha.33 (1456/2158)...
2025-11-16 09:27:40,655 - UnicodeAnalyzer - INFO - Filtrati 432 file (es. in /dist, /test).
2025-11-16 09:27:40,655 - UnicodeAnalyzer - INFO - -> Analizzando versione 6.4.0-alpha.34 (1457/2158)...
2025-11-16 09:27:40,673 - UnicodeAnalyzer - INFO - Filtrati 432 file (es. in /dist, /test).
2025-11-16 09:27:40,673 - UnicodeAnalyzer - INFO - -> Analizzando versione 6.4.0-alpha.35 (1458/2158)...
2025-11-16 09:27:40,692 - UnicodeAnalyzer - INFO - Filtrati 432 file (es. in /dist, /test).
2025-11-16 09:27:40,692 - UnicodeAnalyzer - INFO - -> Analizzando versione 6.4.0-alpha.36 (1459/2158)...
2025-11-16 09:27:40,710 - UnicodeAnalyzer - INFO - Filtrati 432 file (es. in /dist, /test).
2025-11-16 09:27:40,710 - UnicodeAnalyzer - INFO - -> Analizzando versione 6.4.0-alpha.37 (1460/2158)...
2025-11-16 09:27:40,728 - UnicodeAnalyzer - INFO - Filtrati 432 file (es. in /dist, /test).
2025-11-16 09:27:40,728 - UnicodeAnalyzer - INFO - -> Analizzando versione 6.4.0-alpha.38 (1461/2158)...
2025-11-16 09:27:40,746 - UnicodeAnalyzer - INFO - Filtrati 432 file (es. in /dist, /test).
2025-11-16 09:27:40,746 - UnicodeAnalyzer - INFO - -> Analizzando versione 6.4.0-alpha.39 (1462/2158)...
2025-11-16 09:27:40,764 - UnicodeAnalyzer - INFO - Filtrati 432 file (es. in /dist, /test).
2025-11-16 09:27:40,764 - UnicodeAnalyzer - INFO - -> Analizzando versione 6.4.0-alpha.4 (1463/2158)...
2025-11-16 09:27:40,782 - UnicodeAnalyzer - INFO - Filtrati 438 file (es. in /dist, /test).
2025-11-16 09:27:40,782 - UnicodeAnalyzer - INFO - -> Analizzando versione 6.4.0-alpha.40 (1464/2158)...
2025-11-16 09:27:40,800 - UnicodeAnalyzer - INFO - Filtrati 432 file (es. in /dist, /test).
2025-11-16 09:27:40,801 - UnicodeAnalyzer - INFO - -> Analizzando versione 6.4.0-alpha.41 (1465/2158)...
2025-11-16 09:27:40,817 - UnicodeAnalyzer - INFO - Filtrati 432 file (es. in /dist, /test).
2025-11-16 09:27:40,817 - UnicodeAnalyzer - INFO - -> Analizzando versione 6.4.0-alpha.5 (1466/2158)...
2025-11-16 09:27:40,833 - UnicodeAnalyzer - INFO - Filtrati 438 file (es. in /dist, /test).
2025-11-16 09:27:40,834 - UnicodeAnalyzer - INFO - -> Analizzando versione 6.4.0-alpha.6 (1467/2158)...
2025-11-16 09:27:40,848 - UnicodeAnalyzer - INFO - Filtrati 438 file (es. in /dist, /test).
2025-11-16 09:27:40,849 - UnicodeAnalyzer - INFO - -> Analizzando versione 6.4.0-alpha.7 (1468/2158)...
2025-11-16 09:27:40,866 - UnicodeAnalyzer - INFO - Filtrati 438 file (es. in /dist, /test).
2025-11-16 09:27:40,866 - UnicodeAnalyzer - INFO - -> Analizzando versione 6.4.0-alpha.8 (1469/2158)...
2025-11-16 09:27:40,883 - UnicodeAnalyzer - INFO - Filtrati 438 file (es. in /dist, /test).
2025-11-16 09:27:40,883 - UnicodeAnalyzer - INFO - -> Analizzando versione 6.4.0-alpha.9 (1470/2158)...
2025-11-16 09:27:40,898 - UnicodeAnalyzer - INFO - Filtrati 438 file (es. in /dist, /test).
2025-11-16 09:27:40,899 - UnicodeAnalyzer - INFO - -> Analizzando versione 6.4.0-beta.0 (1471/2158)...
2025-11-16 09:27:40,914 - UnicodeAnalyzer - INFO - Filtrati 432 file (es. in /dist, /test).
2025-11-16 09:27:40,915 - UnicodeAnalyzer - INFO - -> Analizzando versione 6.4.0-beta.1 (1472/2158)...
2025-11-16 09:27:40,933 - UnicodeAnalyzer - INFO - Filtrati 432 file (es. in /dist, /test).
2025-11-16 09:27:40,933 - UnicodeAnalyzer - INFO - -> Analizzando versione 6.4.0-beta.10 (1473/2158)...
2025-11-16 09:27:40,951 - UnicodeAnalyzer - INFO - Filtrati 432 file (es. in /dist, /test).
2025-11-16 09:27:40,952 - UnicodeAnalyzer - INFO - -> Analizzando versione 6.4.0-beta.11 (1474/2158)...
2025-11-16 09:27:40,970 - UnicodeAnalyzer - INFO - Filtrati 432 file (es. in /dist, /test).
2025-11-16 09:27:40,970 - UnicodeAnalyzer - INFO - -> Analizzando versione 6.4.0-beta.12 (1475/2158)...
2025-11-16 09:27:40,988 - UnicodeAnalyzer - INFO - Filtrati 432 file (es. in /dist, /test).
2025-11-16 09:27:40,989 - UnicodeAnalyzer - INFO - -> Analizzando versione 6.4.0-beta.13 (1476/2158)...
2025-11-16 09:27:41,007 - UnicodeAnalyzer - INFO - Filtrati 432 file (es. in /dist, /test).
2025-11-16 09:27:41,007 - UnicodeAnalyzer - INFO - -> Analizzando versione 6.4.0-beta.14 (1477/2158)...
2025-11-16 09:27:41,026 - UnicodeAnalyzer - INFO - Filtrati 432 file (es. in /dist, /test).
2025-11-16 09:27:41,026 - UnicodeAnalyzer - INFO - -> Analizzando versione 6.4.0-beta.15 (1478/2158)...
2025-11-16 09:27:41,045 - UnicodeAnalyzer - INFO - Filtrati 432 file (es. in /dist, /test).
2025-11-16 09:27:41,045 - UnicodeAnalyzer - INFO - -> Analizzando versione 6.4.0-beta.16 (1479/2158)...
2025-11-16 09:27:41,063 - UnicodeAnalyzer - INFO - Filtrati 432 file (es. in /dist, /test).
2025-11-16 09:27:41,063 - UnicodeAnalyzer - INFO - -> Analizzando versione 6.4.0-beta.17 (1480/2158)...
2025-11-16 09:27:41,082 - UnicodeAnalyzer - INFO - Filtrati 429 file (es. in /dist, /test).
2025-11-16 09:27:41,082 - UnicodeAnalyzer - INFO - -> Analizzando versione 6.4.0-beta.18 (1481/2158)...
2025-11-16 09:27:41,100 - UnicodeAnalyzer - INFO - Filtrati 429 file (es. in /dist, /test).
2025-11-16 09:27:41,101 - UnicodeAnalyzer - INFO - -> Analizzando versione 6.4.0-beta.19 (1482/2158)...
2025-11-16 09:27:41,119 - UnicodeAnalyzer - INFO - Filtrati 429 file (es. in /dist, /test).
2025-11-16 09:27:41,119 - UnicodeAnalyzer - INFO - -> Analizzando versione 6.4.0-beta.2 (1483/2158)...
2025-11-16 09:27:41,138 - UnicodeAnalyzer - INFO - Filtrati 432 file (es. in /dist, /test).
2025-11-16 09:27:41,138 - UnicodeAnalyzer - INFO - -> Analizzando versione 6.4.0-beta.20 (1484/2158)...
2025-11-16 09:27:41,156 - UnicodeAnalyzer - INFO - Filtrati 429 file (es. in /dist, /test).
2025-11-16 09:27:41,157 - UnicodeAnalyzer - INFO - -> Analizzando versione 6.4.0-beta.21 (1485/2158)...
2025-11-16 09:27:41,175 - UnicodeAnalyzer - INFO - Filtrati 429 file (es. in /dist, /test).
2025-11-16 09:27:41,175 - UnicodeAnalyzer - INFO - -> Analizzando versione 6.4.0-beta.22 (1486/2158)...
2025-11-16 09:27:41,194 - UnicodeAnalyzer - INFO - Filtrati 429 file (es. in /dist, /test).
2025-11-16 09:27:41,194 - UnicodeAnalyzer - INFO - -> Analizzando versione 6.4.0-beta.23 (1487/2158)...
2025-11-16 09:27:41,213 - UnicodeAnalyzer - INFO - Filtrati 432 file (es. in /dist, /test).
2025-11-16 09:27:41,213 - UnicodeAnalyzer - INFO - -> Analizzando versione 6.4.0-beta.24 (1488/2158)...
2025-11-16 09:27:41,213 - UnicodeAnalyzer - INFO - -> Analizzando versione 6.4.0-beta.25 (1489/2158)...
2025-11-16 09:27:41,232 - UnicodeAnalyzer - INFO - Filtrati 432 file (es. in /dist, /test).
2025-11-16 09:27:41,232 - UnicodeAnalyzer - INFO - -> Analizzando versione 6.4.0-beta.26 (1490/2158)...
2025-11-16 09:27:41,250 - UnicodeAnalyzer - INFO - Filtrati 432 file (es. in /dist, /test).
2025-11-16 09:27:41,250 - UnicodeAnalyzer - INFO - -> Analizzando versione 6.4.0-beta.27 (1491/2158)...
2025-11-16 09:27:41,269 - UnicodeAnalyzer - INFO - Filtrati 432 file (es. in /dist, /test).
2025-11-16 09:27:41,269 - UnicodeAnalyzer - INFO - -> Analizzando versione 6.4.0-beta.28 (1492/2158)...
2025-11-16 09:27:41,288 - UnicodeAnalyzer - INFO - Filtrati 432 file (es. in /dist, /test).
2025-11-16 09:27:41,288 - UnicodeAnalyzer - INFO - -> Analizzando versione 6.4.0-beta.29 (1493/2158)...
2025-11-16 09:27:41,306 - UnicodeAnalyzer - INFO - Filtrati 432 file (es. in /dist, /test).
2025-11-16 09:27:41,307 - UnicodeAnalyzer - INFO - -> Analizzando versione 6.4.0-beta.3 (1494/2158)...
2025-11-16 09:27:41,325 - UnicodeAnalyzer - INFO - Filtrati 432 file (es. in /dist, /test).
2025-11-16 09:27:41,325 - UnicodeAnalyzer - INFO - -> Analizzando versione 6.4.0-beta.30 (1495/2158)...
2025-11-16 09:27:41,344 - UnicodeAnalyzer - INFO - Filtrati 432 file (es. in /dist, /test).
2025-11-16 09:27:41,344 - UnicodeAnalyzer - INFO - -> Analizzando versione 6.4.0-beta.31 (1496/2158)...
2025-11-16 09:27:41,363 - UnicodeAnalyzer - INFO - Filtrati 432 file (es. in /dist, /test).
2025-11-16 09:27:41,363 - UnicodeAnalyzer - INFO - -> Analizzando versione 6.4.0-beta.32 (1497/2158)...
2025-11-16 09:27:41,381 - UnicodeAnalyzer - INFO - Filtrati 432 file (es. in /dist, /test).
2025-11-16 09:27:41,382 - UnicodeAnalyzer - INFO - -> Analizzando versione 6.4.0-beta.33 (1498/2158)...
2025-11-16 09:27:41,400 - UnicodeAnalyzer - INFO - Filtrati 432 file (es. in /dist, /test).
2025-11-16 09:27:41,400 - UnicodeAnalyzer - INFO - -> Analizzando versione 6.4.0-beta.4 (1499/2158)...
2025-11-16 09:27:41,419 - UnicodeAnalyzer - INFO - Filtrati 432 file (es. in /dist, /test).
2025-11-16 09:27:41,419 - UnicodeAnalyzer - INFO - -> Analizzando versione 6.4.0-beta.5 (1500/2158)...
2025-11-16 09:27:41,437 - UnicodeAnalyzer - INFO - Filtrati 432 file (es. in /dist, /test).
2025-11-16 09:27:41,437 - UnicodeAnalyzer - INFO - -> Analizzando versione 6.4.0-beta.6 (1501/2158)...
2025-11-16 09:27:41,456 - UnicodeAnalyzer - INFO - Filtrati 432 file (es. in /dist, /test).
2025-11-16 09:27:41,456 - UnicodeAnalyzer - INFO - -> Analizzando versione 6.4.0-beta.7 (1502/2158)...
2025-11-16 09:27:41,474 - UnicodeAnalyzer - INFO - Filtrati 432 file (es. in /dist, /test).
2025-11-16 09:27:41,474 - UnicodeAnalyzer - INFO - -> Analizzando versione 6.4.0-beta.8 (1503/2158)...
2025-11-16 09:27:41,493 - UnicodeAnalyzer - INFO - Filtrati 432 file (es. in /dist, /test).
2025-11-16 09:27:41,493 - UnicodeAnalyzer - INFO - -> Analizzando versione 6.4.0-beta.9 (1504/2158)...
2025-11-16 09:27:41,511 - UnicodeAnalyzer - INFO - Filtrati 432 file (es. in /dist, /test).
2025-11-16 09:27:41,511 - UnicodeAnalyzer - INFO - -> Analizzando versione 6.4.0-rc.0 (1505/2158)...
2025-11-16 09:27:41,530 - UnicodeAnalyzer - INFO - Filtrati 432 file (es. in /dist, /test).
2025-11-16 09:27:41,530 - UnicodeAnalyzer - INFO - -> Analizzando versione 6.4.0-rc.1 (1506/2158)...
2025-11-16 09:27:41,548 - UnicodeAnalyzer - INFO - Filtrati 432 file (es. in /dist, /test).
2025-11-16 09:27:41,548 - UnicodeAnalyzer - INFO - -> Analizzando versione 6.4.0-rc.10 (1507/2158)...
2025-11-16 09:27:41,566 - UnicodeAnalyzer - INFO - Filtrati 432 file (es. in /dist, /test).
2025-11-16 09:27:41,567 - UnicodeAnalyzer - INFO - -> Analizzando versione 6.4.0-rc.11 (1508/2158)...
2025-11-16 09:27:41,585 - UnicodeAnalyzer - INFO - Filtrati 432 file (es. in /dist, /test).
2025-11-16 09:27:41,585 - UnicodeAnalyzer - INFO - -> Analizzando versione 6.4.0-rc.2 (1509/2158)...
2025-11-16 09:27:41,603 - UnicodeAnalyzer - INFO - Filtrati 432 file (es. in /dist, /test).
2025-11-16 09:27:41,604 - UnicodeAnalyzer - INFO - -> Analizzando versione 6.4.0-rc.3 (1510/2158)...
2025-11-16 09:27:41,622 - UnicodeAnalyzer - INFO - Filtrati 432 file (es. in /dist, /test).
2025-11-16 09:27:41,622 - UnicodeAnalyzer - INFO - -> Analizzando versione 6.4.0-rc.4 (1511/2158)...
2025-11-16 09:27:41,641 - UnicodeAnalyzer - INFO - Filtrati 432 file (es. in /dist, /test).
2025-11-16 09:27:41,641 - UnicodeAnalyzer - INFO - -> Analizzando versione 6.4.0-rc.5 (1512/2158)...
2025-11-16 09:27:41,659 - UnicodeAnalyzer - INFO - Filtrati 432 file (es. in /dist, /test).
2025-11-16 09:27:41,659 - UnicodeAnalyzer - INFO - -> Analizzando versione 6.4.0-rc.6 (1513/2158)...
2025-11-16 09:27:41,678 - UnicodeAnalyzer - INFO - Filtrati 432 file (es. in /dist, /test).
2025-11-16 09:27:41,678 - UnicodeAnalyzer - INFO - -> Analizzando versione 6.4.0-rc.7 (1514/2158)...
2025-11-16 09:27:41,697 - UnicodeAnalyzer - INFO - Filtrati 432 file (es. in /dist, /test).
2025-11-16 09:27:41,697 - UnicodeAnalyzer - INFO - -> Analizzando versione 6.4.0-rc.8 (1515/2158)...
2025-11-16 09:27:41,716 - UnicodeAnalyzer - INFO - Filtrati 432 file (es. in /dist, /test).
2025-11-16 09:27:41,716 - UnicodeAnalyzer - INFO - -> Analizzando versione 6.4.0-rc.9 (1516/2158)...
2025-11-16 09:27:41,735 - UnicodeAnalyzer - INFO - Filtrati 432 file (es. in /dist, /test).
2025-11-16 09:27:41,735 - UnicodeAnalyzer - INFO - -> Analizzando versione 6.4.1 (1517/2158)...
2025-11-16 09:27:41,753 - UnicodeAnalyzer - INFO - Filtrati 432 file (es. in /dist, /test).
2025-11-16 09:27:41,753 - UnicodeAnalyzer - INFO - -> Analizzando versione 6.4.10 (1518/2158)...
2025-11-16 09:27:41,772 - UnicodeAnalyzer - INFO - Filtrati 432 file (es. in /dist, /test).
2025-11-16 09:27:41,772 - UnicodeAnalyzer - INFO - -> Analizzando versione 6.4.12 (1519/2158)...
2025-11-16 09:27:41,791 - UnicodeAnalyzer - INFO - Filtrati 432 file (es. in /dist, /test).
2025-11-16 09:27:41,791 - UnicodeAnalyzer - INFO - -> Analizzando versione 6.4.13 (1520/2158)...
2025-11-16 09:27:41,809 - UnicodeAnalyzer - INFO - Filtrati 432 file (es. in /dist, /test).
2025-11-16 09:27:41,809 - UnicodeAnalyzer - INFO - -> Analizzando versione 6.4.14 (1521/2158)...
2025-11-16 09:27:41,828 - UnicodeAnalyzer - INFO - Filtrati 432 file (es. in /dist, /test).
2025-11-16 09:27:41,828 - UnicodeAnalyzer - INFO - -> Analizzando versione 6.4.15 (1522/2158)...
2025-11-16 09:27:41,846 - UnicodeAnalyzer - INFO - Filtrati 432 file (es. in /dist, /test).
2025-11-16 09:27:41,847 - UnicodeAnalyzer - INFO - -> Analizzando versione 6.4.16 (1523/2158)...
2025-11-16 09:27:41,865 - UnicodeAnalyzer - INFO - Filtrati 432 file (es. in /dist, /test).
2025-11-16 09:27:41,865 - UnicodeAnalyzer - INFO - -> Analizzando versione 6.4.17 (1524/2158)...
2025-11-16 09:27:41,884 - UnicodeAnalyzer - INFO - Filtrati 432 file (es. in /dist, /test).
2025-11-16 09:27:41,884 - UnicodeAnalyzer - INFO - -> Analizzando versione 6.4.18 (1525/2158)...
2025-11-16 09:27:41,903 - UnicodeAnalyzer - INFO - Filtrati 432 file (es. in /dist, /test).
2025-11-16 09:27:41,903 - UnicodeAnalyzer - INFO - -> Analizzando versione 6.4.19 (1526/2158)...
2025-11-16 09:27:41,921 - UnicodeAnalyzer - INFO - Filtrati 432 file (es. in /dist, /test).
2025-11-16 09:27:41,921 - UnicodeAnalyzer - INFO - -> Analizzando versione 6.4.2 (1527/2158)...
2025-11-16 09:27:41,939 - UnicodeAnalyzer - INFO - Filtrati 432 file (es. in /dist, /test).
2025-11-16 09:27:41,940 - UnicodeAnalyzer - INFO - -> Analizzando versione 6.4.20 (1528/2158)...
2025-11-16 09:27:41,957 - UnicodeAnalyzer - INFO - Filtrati 432 file (es. in /dist, /test).
2025-11-16 09:27:41,958 - UnicodeAnalyzer - INFO - -> Analizzando versione 6.4.21 (1529/2158)...
2025-11-16 09:27:41,976 - UnicodeAnalyzer - INFO - Filtrati 432 file (es. in /dist, /test).
2025-11-16 09:27:41,976 - UnicodeAnalyzer - INFO - -> Analizzando versione 6.4.22 (1530/2158)...
2025-11-16 09:27:41,994 - UnicodeAnalyzer - INFO - Filtrati 432 file (es. in /dist, /test).
2025-11-16 09:27:41,994 - UnicodeAnalyzer - INFO - -> Analizzando versione 6.4.3 (1531/2158)...
2025-11-16 09:27:42,012 - UnicodeAnalyzer - INFO - Filtrati 432 file (es. in /dist, /test).
2025-11-16 09:27:42,013 - UnicodeAnalyzer - INFO - -> Analizzando versione 6.4.4 (1532/2158)...
2025-11-16 09:27:42,030 - UnicodeAnalyzer - INFO - Filtrati 432 file (es. in /dist, /test).
2025-11-16 09:27:42,031 - UnicodeAnalyzer - INFO - -> Analizzando versione 6.4.5 (1533/2158)...
2025-11-16 09:27:42,049 - UnicodeAnalyzer - INFO - Filtrati 432 file (es. in /dist, /test).
2025-11-16 09:27:42,049 - UnicodeAnalyzer - INFO - -> Analizzando versione 6.4.7 (1534/2158)...
2025-11-16 09:27:42,067 - UnicodeAnalyzer - INFO - Filtrati 432 file (es. in /dist, /test).
2025-11-16 09:27:42,067 - UnicodeAnalyzer - INFO - -> Analizzando versione 6.4.8 (1535/2158)...
2025-11-16 09:27:42,085 - UnicodeAnalyzer - INFO - Filtrati 432 file (es. in /dist, /test).
2025-11-16 09:27:42,085 - UnicodeAnalyzer - INFO - -> Analizzando versione 6.4.9 (1536/2158)...
2025-11-16 09:27:42,103 - UnicodeAnalyzer - INFO - Filtrati 432 file (es. in /dist, /test).
2025-11-16 09:27:42,104 - UnicodeAnalyzer - INFO - -> Analizzando versione 6.5.0 (1537/2158)...
2025-11-16 09:27:42,105 - UnicodeAnalyzer - INFO - Filtrati 24 file (es. in /dist, /test).
2025-11-16 09:27:42,105 - UnicodeAnalyzer - INFO - -> Analizzando versione 6.5.0-alpha.1 (1538/2158)...
2025-11-16 09:27:42,123 - UnicodeAnalyzer - INFO - Filtrati 432 file (es. in /dist, /test).
2025-11-16 09:27:42,123 - UnicodeAnalyzer - INFO - -> Analizzando versione 6.5.0-alpha.10 (1539/2158)...
2025-11-16 09:27:42,141 - UnicodeAnalyzer - INFO - Filtrati 432 file (es. in /dist, /test).
2025-11-16 09:27:42,142 - UnicodeAnalyzer - INFO - -> Analizzando versione 6.5.0-alpha.11 (1540/2158)...
2025-11-16 09:27:42,160 - UnicodeAnalyzer - INFO - Filtrati 432 file (es. in /dist, /test).
2025-11-16 09:27:42,160 - UnicodeAnalyzer - INFO - -> Analizzando versione 6.5.0-alpha.12 (1541/2158)...
2025-11-16 09:27:42,178 - UnicodeAnalyzer - INFO - Filtrati 432 file (es. in /dist, /test).
2025-11-16 09:27:42,178 - UnicodeAnalyzer - INFO - -> Analizzando versione 6.5.0-alpha.13 (1542/2158)...
2025-11-16 09:27:42,199 - UnicodeAnalyzer - INFO - Filtrati 435 file (es. in /dist, /test).
2025-11-16 09:27:42,199 - UnicodeAnalyzer - INFO - -> Analizzando versione 6.5.0-alpha.14 (1543/2158)...
2025-11-16 09:27:42,217 - UnicodeAnalyzer - INFO - Filtrati 435 file (es. in /dist, /test).
2025-11-16 09:27:42,218 - UnicodeAnalyzer - INFO - -> Analizzando versione 6.5.0-alpha.15 (1544/2158)...
2025-11-16 09:27:42,236 - UnicodeAnalyzer - INFO - Filtrati 435 file (es. in /dist, /test).
2025-11-16 09:27:42,237 - UnicodeAnalyzer - INFO - -> Analizzando versione 6.5.0-alpha.16 (1545/2158)...
2025-11-16 09:27:42,255 - UnicodeAnalyzer - INFO - Filtrati 435 file (es. in /dist, /test).
2025-11-16 09:27:42,255 - UnicodeAnalyzer - INFO - -> Analizzando versione 6.5.0-alpha.17 (1546/2158)...
2025-11-16 09:27:42,273 - UnicodeAnalyzer - INFO - Filtrati 435 file (es. in /dist, /test).
2025-11-16 09:27:42,274 - UnicodeAnalyzer - INFO - -> Analizzando versione 6.5.0-alpha.18 (1547/2158)...
2025-11-16 09:27:42,292 - UnicodeAnalyzer - INFO - Filtrati 435 file (es. in /dist, /test).
2025-11-16 09:27:42,292 - UnicodeAnalyzer - INFO - -> Analizzando versione 6.5.0-alpha.19 (1548/2158)...
2025-11-16 09:27:42,311 - UnicodeAnalyzer - INFO - Filtrati 435 file (es. in /dist, /test).
2025-11-16 09:27:42,311 - UnicodeAnalyzer - INFO - -> Analizzando versione 6.5.0-alpha.2 (1549/2158)...
2025-11-16 09:27:42,329 - UnicodeAnalyzer - INFO - Filtrati 432 file (es. in /dist, /test).
2025-11-16 09:27:42,329 - UnicodeAnalyzer - INFO - -> Analizzando versione 6.5.0-alpha.20 (1550/2158)...
2025-11-16 09:27:42,348 - UnicodeAnalyzer - INFO - Filtrati 435 file (es. in /dist, /test).
2025-11-16 09:27:42,348 - UnicodeAnalyzer - INFO - -> Analizzando versione 6.5.0-alpha.21 (1551/2158)...
2025-11-16 09:27:42,367 - UnicodeAnalyzer - INFO - Filtrati 435 file (es. in /dist, /test).
2025-11-16 09:27:42,367 - UnicodeAnalyzer - INFO - -> Analizzando versione 6.5.0-alpha.22 (1552/2158)...
2025-11-16 09:27:42,385 - UnicodeAnalyzer - INFO - Filtrati 435 file (es. in /dist, /test).
2025-11-16 09:27:42,386 - UnicodeAnalyzer - INFO - -> Analizzando versione 6.5.0-alpha.23 (1553/2158)...
2025-11-16 09:27:42,404 - UnicodeAnalyzer - INFO - Filtrati 432 file (es. in /dist, /test).
2025-11-16 09:27:42,404 - UnicodeAnalyzer - INFO - -> Analizzando versione 6.5.0-alpha.24 (1554/2158)...
2025-11-16 09:27:42,422 - UnicodeAnalyzer - INFO - Filtrati 432 file (es. in /dist, /test).
2025-11-16 09:27:42,423 - UnicodeAnalyzer - INFO - -> Analizzando versione 6.5.0-alpha.25 (1555/2158)...
2025-11-16 09:27:42,441 - UnicodeAnalyzer - INFO - Filtrati 432 file (es. in /dist, /test).
2025-11-16 09:27:42,441 - UnicodeAnalyzer - INFO - -> Analizzando versione 6.5.0-alpha.26 (1556/2158)...
2025-11-16 09:27:42,460 - UnicodeAnalyzer - INFO - Filtrati 432 file (es. in /dist, /test).
2025-11-16 09:27:42,460 - UnicodeAnalyzer - INFO - -> Analizzando versione 6.5.0-alpha.27 (1557/2158)...
2025-11-16 09:27:42,478 - UnicodeAnalyzer - INFO - Filtrati 432 file (es. in /dist, /test).
2025-11-16 09:27:42,479 - UnicodeAnalyzer - INFO - -> Analizzando versione 6.5.0-alpha.28 (1558/2158)...
2025-11-16 09:27:42,497 - UnicodeAnalyzer - INFO - Filtrati 435 file (es. in /dist, /test).
2025-11-16 09:27:42,497 - UnicodeAnalyzer - INFO - -> Analizzando versione 6.5.0-alpha.29 (1559/2158)...
2025-11-16 09:27:42,515 - UnicodeAnalyzer - INFO - Filtrati 432 file (es. in /dist, /test).
2025-11-16 09:27:42,516 - UnicodeAnalyzer - INFO - -> Analizzando versione 6.5.0-alpha.3 (1560/2158)...
2025-11-16 09:27:42,534 - UnicodeAnalyzer - INFO - Filtrati 432 file (es. in /dist, /test).
2025-11-16 09:27:42,534 - UnicodeAnalyzer - INFO - -> Analizzando versione 6.5.0-alpha.30 (1561/2158)...
2025-11-16 09:27:42,555 - UnicodeAnalyzer - INFO - Filtrati 492 file (es. in /dist, /test).
2025-11-16 09:27:42,555 - UnicodeAnalyzer - INFO - -> Analizzando versione 6.5.0-alpha.31 (1562/2158)...
2025-11-16 09:27:42,576 - UnicodeAnalyzer - INFO - Filtrati 492 file (es. in /dist, /test).
2025-11-16 09:27:42,576 - UnicodeAnalyzer - INFO - -> Analizzando versione 6.5.0-alpha.32 (1563/2158)...
2025-11-16 09:27:42,597 - UnicodeAnalyzer - INFO - Filtrati 492 file (es. in /dist, /test).
2025-11-16 09:27:42,597 - UnicodeAnalyzer - INFO - -> Analizzando versione 6.5.0-alpha.33 (1564/2158)...
2025-11-16 09:27:42,618 - UnicodeAnalyzer - INFO - Filtrati 492 file (es. in /dist, /test).
2025-11-16 09:27:42,618 - UnicodeAnalyzer - INFO - -> Analizzando versione 6.5.0-alpha.34 (1565/2158)...
2025-11-16 09:27:42,639 - UnicodeAnalyzer - INFO - Filtrati 492 file (es. in /dist, /test).
2025-11-16 09:27:42,639 - UnicodeAnalyzer - INFO - -> Analizzando versione 6.5.0-alpha.35 (1566/2158)...
2025-11-16 09:27:42,660 - UnicodeAnalyzer - INFO - Filtrati 492 file (es. in /dist, /test).
2025-11-16 09:27:42,660 - UnicodeAnalyzer - INFO - -> Analizzando versione 6.5.0-alpha.36 (1567/2158)...
2025-11-16 09:27:42,661 - UnicodeAnalyzer - INFO - Filtrati 21 file (es. in /dist, /test).
2025-11-16 09:27:42,661 - UnicodeAnalyzer - INFO - -> Analizzando versione 6.5.0-alpha.38 (1568/2158)...
2025-11-16 09:27:42,663 - UnicodeAnalyzer - INFO - Filtrati 21 file (es. in /dist, /test).
2025-11-16 09:27:42,663 - UnicodeAnalyzer - INFO - -> Analizzando versione 6.5.0-alpha.39 (1569/2158)...
2025-11-16 09:27:42,664 - UnicodeAnalyzer - INFO - Filtrati 21 file (es. in /dist, /test).
2025-11-16 09:27:42,664 - UnicodeAnalyzer - INFO - -> Analizzando versione 6.5.0-alpha.4 (1570/2158)...
2025-11-16 09:27:42,682 - UnicodeAnalyzer - INFO - Filtrati 432 file (es. in /dist, /test).
2025-11-16 09:27:42,682 - UnicodeAnalyzer - INFO - -> Analizzando versione 6.5.0-alpha.40 (1571/2158)...
2025-11-16 09:27:42,684 - UnicodeAnalyzer - INFO - Filtrati 21 file (es. in /dist, /test).
2025-11-16 09:27:42,684 - UnicodeAnalyzer - INFO - -> Analizzando versione 6.5.0-alpha.41 (1572/2158)...
2025-11-16 09:27:42,685 - UnicodeAnalyzer - INFO - Filtrati 21 file (es. in /dist, /test).
2025-11-16 09:27:42,685 - UnicodeAnalyzer - INFO - -> Analizzando versione 6.5.0-alpha.42 (1573/2158)...
2025-11-16 09:27:42,686 - UnicodeAnalyzer - INFO - Filtrati 21 file (es. in /dist, /test).
2025-11-16 09:27:42,686 - UnicodeAnalyzer - INFO - -> Analizzando versione 6.5.0-alpha.43 (1574/2158)...
2025-11-16 09:27:42,687 - UnicodeAnalyzer - INFO - Filtrati 21 file (es. in /dist, /test).
2025-11-16 09:27:42,688 - UnicodeAnalyzer - INFO - -> Analizzando versione 6.5.0-alpha.44 (1575/2158)...
2025-11-16 09:27:42,689 - UnicodeAnalyzer - INFO - Filtrati 21 file (es. in /dist, /test).
2025-11-16 09:27:42,689 - UnicodeAnalyzer - INFO - -> Analizzando versione 6.5.0-alpha.45 (1576/2158)...
2025-11-16 09:27:42,690 - UnicodeAnalyzer - INFO - Filtrati 21 file (es. in /dist, /test).
2025-11-16 09:27:42,690 - UnicodeAnalyzer - INFO - -> Analizzando versione 6.5.0-alpha.46 (1577/2158)...
2025-11-16 09:27:42,691 - UnicodeAnalyzer - INFO - Filtrati 21 file (es. in /dist, /test).
2025-11-16 09:27:42,691 - UnicodeAnalyzer - INFO - -> Analizzando versione 6.5.0-alpha.47 (1578/2158)...
2025-11-16 09:27:42,692 - UnicodeAnalyzer - INFO - Filtrati 21 file (es. in /dist, /test).
2025-11-16 09:27:42,692 - UnicodeAnalyzer - INFO - -> Analizzando versione 6.5.0-alpha.48 (1579/2158)...
2025-11-16 09:27:42,693 - UnicodeAnalyzer - INFO - Filtrati 21 file (es. in /dist, /test).
2025-11-16 09:27:42,693 - UnicodeAnalyzer - INFO - -> Analizzando versione 6.5.0-alpha.49 (1580/2158)...
2025-11-16 09:27:42,695 - UnicodeAnalyzer - INFO - Filtrati 21 file (es. in /dist, /test).
2025-11-16 09:27:42,695 - UnicodeAnalyzer - INFO - -> Analizzando versione 6.5.0-alpha.5 (1581/2158)...
2025-11-16 09:27:42,713 - UnicodeAnalyzer - INFO - Filtrati 432 file (es. in /dist, /test).
2025-11-16 09:27:42,713 - UnicodeAnalyzer - INFO - -> Analizzando versione 6.5.0-alpha.50 (1582/2158)...
2025-11-16 09:27:42,714 - UnicodeAnalyzer - INFO - Filtrati 21 file (es. in /dist, /test).
2025-11-16 09:27:42,714 - UnicodeAnalyzer - INFO - -> Analizzando versione 6.5.0-alpha.51 (1583/2158)...
2025-11-16 09:27:42,716 - UnicodeAnalyzer - INFO - Filtrati 24 file (es. in /dist, /test).
2025-11-16 09:27:42,716 - UnicodeAnalyzer - INFO - -> Analizzando versione 6.5.0-alpha.52 (1584/2158)...
2025-11-16 09:27:42,717 - UnicodeAnalyzer - INFO - Filtrati 24 file (es. in /dist, /test).
2025-11-16 09:27:42,717 - UnicodeAnalyzer - INFO - -> Analizzando versione 6.5.0-alpha.53 (1585/2158)...
2025-11-16 09:27:42,718 - UnicodeAnalyzer - INFO - Filtrati 24 file (es. in /dist, /test).
2025-11-16 09:27:42,718 - UnicodeAnalyzer - INFO - -> Analizzando versione 6.5.0-alpha.54 (1586/2158)...
2025-11-16 09:27:42,719 - UnicodeAnalyzer - INFO - Filtrati 24 file (es. in /dist, /test).
2025-11-16 09:27:42,719 - UnicodeAnalyzer - INFO - -> Analizzando versione 6.5.0-alpha.55 (1587/2158)...
2025-11-16 09:27:42,721 - UnicodeAnalyzer - INFO - Filtrati 24 file (es. in /dist, /test).
2025-11-16 09:27:42,721 - UnicodeAnalyzer - INFO - -> Analizzando versione 6.5.0-alpha.56 (1588/2158)...
2025-11-16 09:27:42,722 - UnicodeAnalyzer - INFO - Filtrati 24 file (es. in /dist, /test).
2025-11-16 09:27:42,722 - UnicodeAnalyzer - INFO - -> Analizzando versione 6.5.0-alpha.57 (1589/2158)...
2025-11-16 09:27:42,723 - UnicodeAnalyzer - INFO - Filtrati 24 file (es. in /dist, /test).
2025-11-16 09:27:42,723 - UnicodeAnalyzer - INFO - -> Analizzando versione 6.5.0-alpha.58 (1590/2158)...
2025-11-16 09:27:42,724 - UnicodeAnalyzer - INFO - Filtrati 24 file (es. in /dist, /test).
2025-11-16 09:27:42,724 - UnicodeAnalyzer - INFO - -> Analizzando versione 6.5.0-alpha.59 (1591/2158)...
2025-11-16 09:27:42,726 - UnicodeAnalyzer - INFO - Filtrati 24 file (es. in /dist, /test).
2025-11-16 09:27:42,726 - UnicodeAnalyzer - INFO - -> Analizzando versione 6.5.0-alpha.6 (1592/2158)...
2025-11-16 09:27:42,744 - UnicodeAnalyzer - INFO - Filtrati 432 file (es. in /dist, /test).
2025-11-16 09:27:42,744 - UnicodeAnalyzer - INFO - -> Analizzando versione 6.5.0-alpha.60 (1593/2158)...
2025-11-16 09:27:42,745 - UnicodeAnalyzer - INFO - Filtrati 24 file (es. in /dist, /test).
2025-11-16 09:27:42,746 - UnicodeAnalyzer - INFO - -> Analizzando versione 6.5.0-alpha.61 (1594/2158)...
2025-11-16 09:27:42,747 - UnicodeAnalyzer - INFO - Filtrati 24 file (es. in /dist, /test).
2025-11-16 09:27:42,747 - UnicodeAnalyzer - INFO - -> Analizzando versione 6.5.0-alpha.62 (1595/2158)...
2025-11-16 09:27:42,748 - UnicodeAnalyzer - INFO - Filtrati 24 file (es. in /dist, /test).
2025-11-16 09:27:42,748 - UnicodeAnalyzer - INFO - -> Analizzando versione 6.5.0-alpha.63 (1596/2158)...
2025-11-16 09:27:42,749 - UnicodeAnalyzer - INFO - Filtrati 24 file (es. in /dist, /test).
2025-11-16 09:27:42,749 - UnicodeAnalyzer - INFO - -> Analizzando versione 6.5.0-alpha.64 (1597/2158)...
2025-11-16 09:27:42,751 - UnicodeAnalyzer - INFO - Filtrati 24 file (es. in /dist, /test).
2025-11-16 09:27:42,751 - UnicodeAnalyzer - INFO - -> Analizzando versione 6.5.0-alpha.7 (1598/2158)...
2025-11-16 09:27:42,769 - UnicodeAnalyzer - INFO - Filtrati 432 file (es. in /dist, /test).
2025-11-16 09:27:42,770 - UnicodeAnalyzer - INFO - -> Analizzando versione 6.5.0-alpha.9 (1599/2158)...
2025-11-16 09:27:42,788 - UnicodeAnalyzer - INFO - Filtrati 432 file (es. in /dist, /test).
2025-11-16 09:27:42,788 - UnicodeAnalyzer - INFO - -> Analizzando versione 6.5.0-beta.0 (1600/2158)...
2025-11-16 09:27:42,789 - UnicodeAnalyzer - INFO - Filtrati 24 file (es. in /dist, /test).
2025-11-16 09:27:42,789 - UnicodeAnalyzer - INFO - -> Analizzando versione 6.5.0-beta.1 (1601/2158)...
2025-11-16 09:27:42,791 - UnicodeAnalyzer - INFO - Filtrati 24 file (es. in /dist, /test).
2025-11-16 09:27:42,791 - UnicodeAnalyzer - INFO - -> Analizzando versione 6.5.0-beta.2 (1602/2158)...
2025-11-16 09:27:42,792 - UnicodeAnalyzer - INFO - Filtrati 24 file (es. in /dist, /test).
2025-11-16 09:27:42,792 - UnicodeAnalyzer - INFO - -> Analizzando versione 6.5.0-beta.3 (1603/2158)...
2025-11-16 09:27:42,793 - UnicodeAnalyzer - INFO - Filtrati 24 file (es. in /dist, /test).
2025-11-16 09:27:42,793 - UnicodeAnalyzer - INFO - -> Analizzando versione 6.5.0-beta.4 (1604/2158)...
2025-11-16 09:27:42,794 - UnicodeAnalyzer - INFO - Filtrati 24 file (es. in /dist, /test).
2025-11-16 09:27:42,795 - UnicodeAnalyzer - INFO - -> Analizzando versione 6.5.0-beta.5 (1605/2158)...
2025-11-16 09:27:42,796 - UnicodeAnalyzer - INFO - Filtrati 24 file (es. in /dist, /test).
2025-11-16 09:27:42,796 - UnicodeAnalyzer - INFO - -> Analizzando versione 6.5.0-beta.6 (1606/2158)...
2025-11-16 09:27:42,797 - UnicodeAnalyzer - INFO - Filtrati 24 file (es. in /dist, /test).
2025-11-16 09:27:42,797 - UnicodeAnalyzer - INFO - -> Analizzando versione 6.5.0-beta.7 (1607/2158)...
2025-11-16 09:27:42,798 - UnicodeAnalyzer - INFO - Filtrati 24 file (es. in /dist, /test).
2025-11-16 09:27:42,798 - UnicodeAnalyzer - INFO - -> Analizzando versione 6.5.0-beta.8 (1608/2158)...
2025-11-16 09:27:42,799 - UnicodeAnalyzer - INFO - Filtrati 24 file (es. in /dist, /test).
2025-11-16 09:27:42,800 - UnicodeAnalyzer - INFO - -> Analizzando versione 6.5.0-rc.0 (1609/2158)...
2025-11-16 09:27:42,801 - UnicodeAnalyzer - INFO - Filtrati 24 file (es. in /dist, /test).
2025-11-16 09:27:42,801 - UnicodeAnalyzer - INFO - -> Analizzando versione 6.5.0-rc.1 (1610/2158)...
2025-11-16 09:27:42,802 - UnicodeAnalyzer - INFO - Filtrati 24 file (es. in /dist, /test).
2025-11-16 09:27:42,802 - UnicodeAnalyzer - INFO - -> Analizzando versione 6.5.10 (1611/2158)...
2025-11-16 09:27:42,803 - UnicodeAnalyzer - INFO - Filtrati 24 file (es. in /dist, /test).
2025-11-16 09:27:42,803 - UnicodeAnalyzer - INFO - -> Analizzando versione 6.5.10-alpha.0 (1612/2158)...
2025-11-16 09:27:42,805 - UnicodeAnalyzer - INFO - Filtrati 24 file (es. in /dist, /test).
2025-11-16 09:27:42,805 - UnicodeAnalyzer - INFO - -> Analizzando versione 6.5.10-alpha.1 (1613/2158)...
2025-11-16 09:27:42,806 - UnicodeAnalyzer - INFO - Filtrati 24 file (es. in /dist, /test).
2025-11-16 09:27:42,806 - UnicodeAnalyzer - INFO - -> Analizzando versione 6.5.11 (1614/2158)...
2025-11-16 09:27:42,807 - UnicodeAnalyzer - INFO - Filtrati 24 file (es. in /dist, /test).
2025-11-16 09:27:42,807 - UnicodeAnalyzer - INFO - -> Analizzando versione 6.5.11-alpha.0 (1615/2158)...
2025-11-16 09:27:42,808 - UnicodeAnalyzer - INFO - Filtrati 24 file (es. in /dist, /test).
2025-11-16 09:27:42,808 - UnicodeAnalyzer - INFO - -> Analizzando versione 6.5.11-alpha.1 (1616/2158)...
2025-11-16 09:27:42,810 - UnicodeAnalyzer - INFO - Filtrati 24 file (es. in /dist, /test).
2025-11-16 09:27:42,810 - UnicodeAnalyzer - INFO - -> Analizzando versione 6.5.11-alpha.2 (1617/2158)...
2025-11-16 09:27:42,811 - UnicodeAnalyzer - INFO - Filtrati 24 file (es. in /dist, /test).
2025-11-16 09:27:42,811 - UnicodeAnalyzer - INFO - -> Analizzando versione 6.5.12 (1618/2158)...
2025-11-16 09:27:42,812 - UnicodeAnalyzer - INFO - Filtrati 24 file (es. in /dist, /test).
2025-11-16 09:27:42,812 - UnicodeAnalyzer - INFO - -> Analizzando versione 6.5.13 (1619/2158)...
2025-11-16 09:27:42,813 - UnicodeAnalyzer - INFO - Filtrati 24 file (es. in /dist, /test).
2025-11-16 09:27:42,813 - UnicodeAnalyzer - INFO - -> Analizzando versione 6.5.13-alpha.0 (1620/2158)...
2025-11-16 09:27:42,815 - UnicodeAnalyzer - INFO - Filtrati 24 file (es. in /dist, /test).
2025-11-16 09:27:42,815 - UnicodeAnalyzer - INFO - -> Analizzando versione 6.5.13-alpha.1 (1621/2158)...
2025-11-16 09:27:42,816 - UnicodeAnalyzer - INFO - Filtrati 24 file (es. in /dist, /test).
2025-11-16 09:27:42,816 - UnicodeAnalyzer - INFO - -> Analizzando versione 6.5.14 (1622/2158)...
2025-11-16 09:27:42,817 - UnicodeAnalyzer - INFO - Filtrati 24 file (es. in /dist, /test).
2025-11-16 09:27:42,817 - UnicodeAnalyzer - INFO - -> Analizzando versione 6.5.14-alpha.0 (1623/2158)...
2025-11-16 09:27:42,818 - UnicodeAnalyzer - INFO - Filtrati 24 file (es. in /dist, /test).
2025-11-16 09:27:42,819 - UnicodeAnalyzer - INFO - -> Analizzando versione 6.5.14-alpha.1 (1624/2158)...
2025-11-16 09:27:42,820 - UnicodeAnalyzer - INFO - Filtrati 24 file (es. in /dist, /test).
2025-11-16 09:27:42,820 - UnicodeAnalyzer - INFO - -> Analizzando versione 6.5.14-alpha.2 (1625/2158)...
2025-11-16 09:27:42,821 - UnicodeAnalyzer - INFO - Filtrati 24 file (es. in /dist, /test).
2025-11-16 09:27:42,821 - UnicodeAnalyzer - INFO - -> Analizzando versione 6.5.15 (1626/2158)...
2025-11-16 09:27:42,822 - UnicodeAnalyzer - INFO - Filtrati 24 file (es. in /dist, /test).
2025-11-16 09:27:42,822 - UnicodeAnalyzer - INFO - -> Analizzando versione 6.5.15-alpha.0 (1627/2158)...
2025-11-16 09:27:42,824 - UnicodeAnalyzer - INFO - Filtrati 24 file (es. in /dist, /test).
2025-11-16 09:27:42,824 - UnicodeAnalyzer - INFO - -> Analizzando versione 6.5.15-alpha.1 (1628/2158)...
2025-11-16 09:27:42,825 - UnicodeAnalyzer - INFO - Filtrati 24 file (es. in /dist, /test).
2025-11-16 09:27:42,825 - UnicodeAnalyzer - INFO - -> Analizzando versione 6.5.16 (1629/2158)...
2025-11-16 09:27:42,826 - UnicodeAnalyzer - INFO - Filtrati 24 file (es. in /dist, /test).
2025-11-16 09:27:42,826 - UnicodeAnalyzer - INFO - -> Analizzando versione 6.5.16-alpha.0 (1630/2158)...
2025-11-16 09:27:42,827 - UnicodeAnalyzer - INFO - Filtrati 24 file (es. in /dist, /test).
2025-11-16 09:27:42,827 - UnicodeAnalyzer - INFO - -> Analizzando versione 6.5.17-alpha.0 (1631/2158)...
2025-11-16 09:27:42,829 - UnicodeAnalyzer - INFO - Filtrati 24 file (es. in /dist, /test).
2025-11-16 09:27:42,829 - UnicodeAnalyzer - INFO - -> Analizzando versione 6.5.2 (1632/2158)...
2025-11-16 09:27:42,830 - UnicodeAnalyzer - INFO - Filtrati 24 file (es. in /dist, /test).
2025-11-16 09:27:42,830 - UnicodeAnalyzer - INFO - -> Analizzando versione 6.5.3 (1633/2158)...
2025-11-16 09:27:42,831 - UnicodeAnalyzer - INFO - Filtrati 24 file (es. in /dist, /test).
2025-11-16 09:27:42,831 - UnicodeAnalyzer - INFO - -> Analizzando versione 6.5.4 (1634/2158)...
2025-11-16 09:27:42,832 - UnicodeAnalyzer - INFO - Filtrati 24 file (es. in /dist, /test).
2025-11-16 09:27:42,833 - UnicodeAnalyzer - INFO - -> Analizzando versione 6.5.4-alpha.0 (1635/2158)...
2025-11-16 09:27:42,834 - UnicodeAnalyzer - INFO - Filtrati 24 file (es. in /dist, /test).
2025-11-16 09:27:42,834 - UnicodeAnalyzer - INFO - -> Analizzando versione 6.5.5 (1636/2158)...
2025-11-16 09:27:42,835 - UnicodeAnalyzer - INFO - Filtrati 24 file (es. in /dist, /test).
2025-11-16 09:27:42,835 - UnicodeAnalyzer - INFO - -> Analizzando versione 6.5.5-alpha.0 (1637/2158)...
2025-11-16 09:27:42,836 - UnicodeAnalyzer - INFO - Filtrati 24 file (es. in /dist, /test).
2025-11-16 09:27:42,836 - UnicodeAnalyzer - INFO - -> Analizzando versione 6.5.5-alpha.2 (1638/2158)...
2025-11-16 09:27:42,837 - UnicodeAnalyzer - INFO - Filtrati 24 file (es. in /dist, /test).
2025-11-16 09:27:42,838 - UnicodeAnalyzer - INFO - -> Analizzando versione 6.5.5-alpha.3 (1639/2158)...
2025-11-16 09:27:42,839 - UnicodeAnalyzer - INFO - Filtrati 24 file (es. in /dist, /test).
2025-11-16 09:27:42,839 - UnicodeAnalyzer - INFO - -> Analizzando versione 6.5.6 (1640/2158)...
2025-11-16 09:27:42,840 - UnicodeAnalyzer - INFO - Filtrati 24 file (es. in /dist, /test).
2025-11-16 09:27:42,840 - UnicodeAnalyzer - INFO - -> Analizzando versione 6.5.6-alpha.0 (1641/2158)...
2025-11-16 09:27:42,841 - UnicodeAnalyzer - INFO - Filtrati 24 file (es. in /dist, /test).
2025-11-16 09:27:42,841 - UnicodeAnalyzer - INFO - -> Analizzando versione 6.5.7 (1642/2158)...
2025-11-16 09:27:42,842 - UnicodeAnalyzer - INFO - Filtrati 24 file (es. in /dist, /test).
2025-11-16 09:27:42,843 - UnicodeAnalyzer - INFO - -> Analizzando versione 6.5.7-alpha.0 (1643/2158)...
2025-11-16 09:27:42,844 - UnicodeAnalyzer - INFO - Filtrati 24 file (es. in /dist, /test).
2025-11-16 09:27:42,844 - UnicodeAnalyzer - INFO - -> Analizzando versione 6.5.8 (1644/2158)...
2025-11-16 09:27:42,845 - UnicodeAnalyzer - INFO - Filtrati 24 file (es. in /dist, /test).
2025-11-16 09:27:42,845 - UnicodeAnalyzer - INFO - -> Analizzando versione 6.5.8-alpha.0 (1645/2158)...
2025-11-16 09:27:42,846 - UnicodeAnalyzer - INFO - Filtrati 24 file (es. in /dist, /test).
2025-11-16 09:27:42,846 - UnicodeAnalyzer - INFO - -> Analizzando versione 6.5.9 (1646/2158)...
2025-11-16 09:27:42,848 - UnicodeAnalyzer - INFO - Filtrati 24 file (es. in /dist, /test).
2025-11-16 09:27:42,848 - UnicodeAnalyzer - INFO - -> Analizzando versione 6.5.9-alpha.0 (1647/2158)...
2025-11-16 09:27:42,849 - UnicodeAnalyzer - INFO - Filtrati 24 file (es. in /dist, /test).
2025-11-16 09:27:42,849 - UnicodeAnalyzer - INFO - -> Analizzando versione 6.5.9-alpha.1 (1648/2158)...
2025-11-16 09:27:42,850 - UnicodeAnalyzer - INFO - Filtrati 24 file (es. in /dist, /test).
2025-11-16 09:27:42,850 - UnicodeAnalyzer - INFO - -> Analizzando versione 6.5.9-alpha.2 (1649/2158)...
2025-11-16 09:27:42,851 - UnicodeAnalyzer - INFO - Filtrati 24 file (es. in /dist, /test).
2025-11-16 09:27:42,852 - UnicodeAnalyzer - INFO - -> Analizzando versione 7.0.0 (1650/2158)...
2025-11-16 09:27:42,853 - UnicodeAnalyzer - INFO - Filtrati 1 file (es. in /dist, /test).
2025-11-16 09:27:42,853 - UnicodeAnalyzer - INFO - -> Analizzando versione 7.0.0-alpha.0 (1651/2158)...
2025-11-16 09:27:42,853 - UnicodeAnalyzer - INFO - Filtrati 2 file (es. in /dist, /test).
2025-11-16 09:27:42,853 - UnicodeAnalyzer - INFO - -> Analizzando versione 7.0.0-alpha.1 (1652/2158)...
2025-11-16 09:27:42,854 - UnicodeAnalyzer - INFO - Filtrati 2 file (es. in /dist, /test).
2025-11-16 09:27:42,854 - UnicodeAnalyzer - INFO - -> Analizzando versione 7.0.0-alpha.10 (1653/2158)...
2025-11-16 09:27:42,854 - UnicodeAnalyzer - INFO - Filtrati 2 file (es. in /dist, /test).
2025-11-16 09:27:42,854 - UnicodeAnalyzer - INFO - -> Analizzando versione 7.0.0-alpha.11 (1654/2158)...
2025-11-16 09:27:42,854 - UnicodeAnalyzer - INFO - Filtrati 2 file (es. in /dist, /test).
2025-11-16 09:27:42,854 - UnicodeAnalyzer - INFO - -> Analizzando versione 7.0.0-alpha.12 (1655/2158)...
2025-11-16 09:27:42,855 - UnicodeAnalyzer - INFO - Filtrati 2 file (es. in /dist, /test).
2025-11-16 09:27:42,855 - UnicodeAnalyzer - INFO - -> Analizzando versione 7.0.0-alpha.13 (1656/2158)...
2025-11-16 09:27:42,855 - UnicodeAnalyzer - INFO - Filtrati 2 file (es. in /dist, /test).
2025-11-16 09:27:42,855 - UnicodeAnalyzer - INFO - -> Analizzando versione 7.0.0-alpha.16 (1657/2158)...
2025-11-16 09:27:42,855 - UnicodeAnalyzer - INFO - Filtrati 2 file (es. in /dist, /test).
2025-11-16 09:27:42,856 - UnicodeAnalyzer - INFO - -> Analizzando versione 7.0.0-alpha.17 (1658/2158)...
2025-11-16 09:27:42,856 - UnicodeAnalyzer - INFO - Filtrati 2 file (es. in /dist, /test).
2025-11-16 09:27:42,856 - UnicodeAnalyzer - INFO - -> Analizzando versione 7.0.0-alpha.18 (1659/2158)...
2025-11-16 09:27:42,856 - UnicodeAnalyzer - INFO - Filtrati 2 file (es. in /dist, /test).
2025-11-16 09:27:42,856 - UnicodeAnalyzer - INFO - -> Analizzando versione 7.0.0-alpha.19 (1660/2158)...
2025-11-16 09:27:42,857 - UnicodeAnalyzer - INFO - Filtrati 2 file (es. in /dist, /test).
2025-11-16 09:27:42,857 - UnicodeAnalyzer - INFO - -> Analizzando versione 7.0.0-alpha.2 (1661/2158)...
2025-11-16 09:27:42,857 - UnicodeAnalyzer - INFO - Filtrati 2 file (es. in /dist, /test).
2025-11-16 09:27:42,857 - UnicodeAnalyzer - INFO - -> Analizzando versione 7.0.0-alpha.20 (1662/2158)...
2025-11-16 09:27:42,857 - UnicodeAnalyzer - INFO - Filtrati 2 file (es. in /dist, /test).
2025-11-16 09:27:42,857 - UnicodeAnalyzer - INFO - -> Analizzando versione 7.0.0-alpha.21 (1663/2158)...
2025-11-16 09:27:42,858 - UnicodeAnalyzer - INFO - Filtrati 2 file (es. in /dist, /test).
2025-11-16 09:27:42,858 - UnicodeAnalyzer - INFO - -> Analizzando versione 7.0.0-alpha.22 (1664/2158)...
2025-11-16 09:27:42,858 - UnicodeAnalyzer - INFO - Filtrati 2 file (es. in /dist, /test).
2025-11-16 09:27:42,858 - UnicodeAnalyzer - INFO - -> Analizzando versione 7.0.0-alpha.23 (1665/2158)...
2025-11-16 09:27:42,858 - UnicodeAnalyzer - INFO - Filtrati 2 file (es. in /dist, /test).
2025-11-16 09:27:42,858 - UnicodeAnalyzer - INFO - -> Analizzando versione 7.0.0-alpha.24 (1666/2158)...
2025-11-16 09:27:42,860 - UnicodeAnalyzer - INFO - Filtrati 2 file (es. in /dist, /test).
2025-11-16 09:27:42,860 - UnicodeAnalyzer - INFO - -> Analizzando versione 7.0.0-alpha.25 (1667/2158)...
2025-11-16 09:27:42,861 - UnicodeAnalyzer - INFO - Filtrati 2 file (es. in /dist, /test).
2025-11-16 09:27:42,861 - UnicodeAnalyzer - INFO - -> Analizzando versione 7.0.0-alpha.26 (1668/2158)...
2025-11-16 09:27:42,862 - UnicodeAnalyzer - INFO - Filtrati 2 file (es. in /dist, /test).
2025-11-16 09:27:42,862 - UnicodeAnalyzer - INFO - -> Analizzando versione 7.0.0-alpha.27 (1669/2158)...
2025-11-16 09:27:42,864 - UnicodeAnalyzer - INFO - Filtrati 2 file (es. in /dist, /test).
2025-11-16 09:27:42,864 - UnicodeAnalyzer - INFO - -> Analizzando versione 7.0.0-alpha.28 (1670/2158)...
2025-11-16 09:27:42,865 - UnicodeAnalyzer - INFO - Filtrati 2 file (es. in /dist, /test).
2025-11-16 09:27:42,865 - UnicodeAnalyzer - INFO - -> Analizzando versione 7.0.0-alpha.29 (1671/2158)...
2025-11-16 09:27:42,866 - UnicodeAnalyzer - INFO - Filtrati 2 file (es. in /dist, /test).
2025-11-16 09:27:42,866 - UnicodeAnalyzer - INFO - -> Analizzando versione 7.0.0-alpha.3 (1672/2158)...
2025-11-16 09:27:42,867 - UnicodeAnalyzer - INFO - Filtrati 2 file (es. in /dist, /test).
2025-11-16 09:27:42,867 - UnicodeAnalyzer - INFO - -> Analizzando versione 7.0.0-alpha.30 (1673/2158)...
2025-11-16 09:27:42,868 - UnicodeAnalyzer - INFO - Filtrati 2 file (es. in /dist, /test).
2025-11-16 09:27:42,868 - UnicodeAnalyzer - INFO - -> Analizzando versione 7.0.0-alpha.31 (1674/2158)...
2025-11-16 09:27:42,869 - UnicodeAnalyzer - INFO - Filtrati 2 file (es. in /dist, /test).
2025-11-16 09:27:42,869 - UnicodeAnalyzer - INFO - -> Analizzando versione 7.0.0-alpha.33 (1675/2158)...
2025-11-16 09:27:42,870 - UnicodeAnalyzer - INFO - Filtrati 2 file (es. in /dist, /test).
2025-11-16 09:27:42,871 - UnicodeAnalyzer - INFO - -> Analizzando versione 7.0.0-alpha.34 (1676/2158)...
2025-11-16 09:27:42,872 - UnicodeAnalyzer - INFO - Filtrati 2 file (es. in /dist, /test).
2025-11-16 09:27:42,872 - UnicodeAnalyzer - INFO - -> Analizzando versione 7.0.0-alpha.35 (1677/2158)...
2025-11-16 09:27:42,873 - UnicodeAnalyzer - INFO - Filtrati 2 file (es. in /dist, /test).
2025-11-16 09:27:42,873 - UnicodeAnalyzer - INFO - -> Analizzando versione 7.0.0-alpha.37 (1678/2158)...
2025-11-16 09:27:42,874 - UnicodeAnalyzer - INFO - Filtrati 2 file (es. in /dist, /test).
2025-11-16 09:27:42,874 - UnicodeAnalyzer - INFO - -> Analizzando versione 7.0.0-alpha.38 (1679/2158)...
2025-11-16 09:27:42,876 - UnicodeAnalyzer - INFO - Filtrati 1 file (es. in /dist, /test).
2025-11-16 09:27:42,876 - UnicodeAnalyzer - INFO - -> Analizzando versione 7.0.0-alpha.39 (1680/2158)...
2025-11-16 09:27:42,877 - UnicodeAnalyzer - INFO - Filtrati 1 file (es. in /dist, /test).
2025-11-16 09:27:42,877 - UnicodeAnalyzer - INFO - -> Analizzando versione 7.0.0-alpha.4 (1681/2158)...
2025-11-16 09:27:42,877 - UnicodeAnalyzer - INFO - Filtrati 2 file (es. in /dist, /test).
2025-11-16 09:27:42,877 - UnicodeAnalyzer - INFO - -> Analizzando versione 7.0.0-alpha.40 (1682/2158)...
2025-11-16 09:27:42,878 - UnicodeAnalyzer - INFO - Filtrati 1 file (es. in /dist, /test).
2025-11-16 09:27:42,878 - UnicodeAnalyzer - INFO - -> Analizzando versione 7.0.0-alpha.41 (1683/2158)...
2025-11-16 09:27:42,880 - UnicodeAnalyzer - INFO - Filtrati 1 file (es. in /dist, /test).
2025-11-16 09:27:42,880 - UnicodeAnalyzer - INFO - -> Analizzando versione 7.0.0-alpha.42 (1684/2158)...
2025-11-16 09:27:42,881 - UnicodeAnalyzer - INFO - Filtrati 1 file (es. in /dist, /test).
2025-11-16 09:27:42,881 - UnicodeAnalyzer - INFO - -> Analizzando versione 7.0.0-alpha.43 (1685/2158)...
2025-11-16 09:27:42,882 - UnicodeAnalyzer - INFO - Filtrati 1 file (es. in /dist, /test).
2025-11-16 09:27:42,882 - UnicodeAnalyzer - INFO - -> Analizzando versione 7.0.0-alpha.44 (1686/2158)...
2025-11-16 09:27:42,883 - UnicodeAnalyzer - INFO - Filtrati 1 file (es. in /dist, /test).
2025-11-16 09:27:42,883 - UnicodeAnalyzer - INFO - -> Analizzando versione 7.0.0-alpha.45 (1687/2158)...
2025-11-16 09:27:42,884 - UnicodeAnalyzer - INFO - Filtrati 1 file (es. in /dist, /test).
2025-11-16 09:27:42,884 - UnicodeAnalyzer - INFO - -> Analizzando versione 7.0.0-alpha.46 (1688/2158)...
2025-11-16 09:27:42,885 - UnicodeAnalyzer - INFO - Filtrati 1 file (es. in /dist, /test).
2025-11-16 09:27:42,885 - UnicodeAnalyzer - INFO - -> Analizzando versione 7.0.0-alpha.47 (1689/2158)...
2025-11-16 09:27:42,887 - UnicodeAnalyzer - INFO - Filtrati 1 file (es. in /dist, /test).
2025-11-16 09:27:42,887 - UnicodeAnalyzer - INFO - -> Analizzando versione 7.0.0-alpha.48 (1690/2158)...
2025-11-16 09:27:42,888 - UnicodeAnalyzer - INFO - Filtrati 1 file (es. in /dist, /test).
2025-11-16 09:27:42,888 - UnicodeAnalyzer - INFO - -> Analizzando versione 7.0.0-alpha.49 (1691/2158)...
2025-11-16 09:27:42,889 - UnicodeAnalyzer - INFO - Filtrati 1 file (es. in /dist, /test).
2025-11-16 09:27:42,889 - UnicodeAnalyzer - INFO - -> Analizzando versione 7.0.0-alpha.5 (1692/2158)...
2025-11-16 09:27:42,889 - UnicodeAnalyzer - INFO - Filtrati 2 file (es. in /dist, /test).
2025-11-16 09:27:42,889 - UnicodeAnalyzer - INFO - -> Analizzando versione 7.0.0-alpha.50 (1693/2158)...
2025-11-16 09:27:42,890 - UnicodeAnalyzer - INFO - Filtrati 1 file (es. in /dist, /test).
2025-11-16 09:27:42,891 - UnicodeAnalyzer - INFO - -> Analizzando versione 7.0.0-alpha.51 (1694/2158)...
2025-11-16 09:27:42,892 - UnicodeAnalyzer - INFO - Filtrati 1 file (es. in /dist, /test).
2025-11-16 09:27:42,892 - UnicodeAnalyzer - INFO - -> Analizzando versione 7.0.0-alpha.52 (1695/2158)...
2025-11-16 09:27:42,893 - UnicodeAnalyzer - INFO - Filtrati 1 file (es. in /dist, /test).
2025-11-16 09:27:42,893 - UnicodeAnalyzer - INFO - -> Analizzando versione 7.0.0-alpha.53 (1696/2158)...
2025-11-16 09:27:42,894 - UnicodeAnalyzer - INFO - Filtrati 1 file (es. in /dist, /test).
2025-11-16 09:27:42,894 - UnicodeAnalyzer - INFO - -> Analizzando versione 7.0.0-alpha.54 (1697/2158)...
2025-11-16 09:27:42,896 - UnicodeAnalyzer - INFO - Filtrati 1 file (es. in /dist, /test).
2025-11-16 09:27:42,896 - UnicodeAnalyzer - INFO - -> Analizzando versione 7.0.0-alpha.55 (1698/2158)...
2025-11-16 09:27:42,897 - UnicodeAnalyzer - INFO - Filtrati 1 file (es. in /dist, /test).
2025-11-16 09:27:42,897 - UnicodeAnalyzer - INFO - -> Analizzando versione 7.0.0-alpha.56 (1699/2158)...
2025-11-16 09:27:42,898 - UnicodeAnalyzer - INFO - Filtrati 1 file (es. in /dist, /test).
2025-11-16 09:27:42,898 - UnicodeAnalyzer - INFO - -> Analizzando versione 7.0.0-alpha.57 (1700/2158)...
2025-11-16 09:27:42,899 - UnicodeAnalyzer - INFO - Filtrati 1 file (es. in /dist, /test).
2025-11-16 09:27:42,900 - UnicodeAnalyzer - INFO - -> Analizzando versione 7.0.0-alpha.58 (1701/2158)...
2025-11-16 09:27:42,901 - UnicodeAnalyzer - INFO - Filtrati 1 file (es. in /dist, /test).
2025-11-16 09:27:42,901 - UnicodeAnalyzer - INFO - -> Analizzando versione 7.0.0-alpha.59 (1702/2158)...
2025-11-16 09:27:42,902 - UnicodeAnalyzer - INFO - Filtrati 1 file (es. in /dist, /test).
2025-11-16 09:27:42,902 - UnicodeAnalyzer - INFO - -> Analizzando versione 7.0.0-alpha.6 (1703/2158)...
2025-11-16 09:27:42,902 - UnicodeAnalyzer - INFO - Filtrati 2 file (es. in /dist, /test).
2025-11-16 09:27:42,902 - UnicodeAnalyzer - INFO - -> Analizzando versione 7.0.0-alpha.60 (1704/2158)...
2025-11-16 09:27:42,904 - UnicodeAnalyzer - INFO - Filtrati 1 file (es. in /dist, /test).
2025-11-16 09:27:42,904 - UnicodeAnalyzer - INFO - -> Analizzando versione 7.0.0-alpha.61 (1705/2158)...
2025-11-16 09:27:42,905 - UnicodeAnalyzer - INFO - Filtrati 1 file (es. in /dist, /test).
2025-11-16 09:27:42,905 - UnicodeAnalyzer - INFO - -> Analizzando versione 7.0.0-alpha.62 (1706/2158)...
2025-11-16 09:27:42,906 - UnicodeAnalyzer - INFO - Filtrati 1 file (es. in /dist, /test).
2025-11-16 09:27:42,906 - UnicodeAnalyzer - INFO - -> Analizzando versione 7.0.0-alpha.7 (1707/2158)...
2025-11-16 09:27:42,907 - UnicodeAnalyzer - INFO - Filtrati 2 file (es. in /dist, /test).
2025-11-16 09:27:42,907 - UnicodeAnalyzer - INFO - -> Analizzando versione 7.0.0-alpha.8 (1708/2158)...
2025-11-16 09:27:42,907 - UnicodeAnalyzer - INFO - Filtrati 2 file (es. in /dist, /test).
2025-11-16 09:27:42,907 - UnicodeAnalyzer - INFO - -> Analizzando versione 7.0.0-beta.0 (1709/2158)...
2025-11-16 09:27:42,908 - UnicodeAnalyzer - INFO - Filtrati 1 file (es. in /dist, /test).
2025-11-16 09:27:42,908 - UnicodeAnalyzer - INFO - -> Analizzando versione 7.0.0-beta.1 (1710/2158)...
2025-11-16 09:27:42,909 - UnicodeAnalyzer - INFO - Filtrati 1 file (es. in /dist, /test).
2025-11-16 09:27:42,910 - UnicodeAnalyzer - INFO - -> Analizzando versione 7.0.0-beta.10 (1711/2158)...
2025-11-16 09:27:42,911 - UnicodeAnalyzer - INFO - Filtrati 1 file (es. in /dist, /test).
2025-11-16 09:27:42,911 - UnicodeAnalyzer - INFO - -> Analizzando versione 7.0.0-beta.11 (1712/2158)...
2025-11-16 09:27:42,912 - UnicodeAnalyzer - INFO - Filtrati 1 file (es. in /dist, /test).
2025-11-16 09:27:42,912 - UnicodeAnalyzer - INFO - -> Analizzando versione 7.0.0-beta.12 (1713/2158)...
2025-11-16 09:27:42,913 - UnicodeAnalyzer - INFO - Filtrati 1 file (es. in /dist, /test).
2025-11-16 09:27:42,913 - UnicodeAnalyzer - INFO - -> Analizzando versione 7.0.0-beta.13 (1714/2158)...
2025-11-16 09:27:42,915 - UnicodeAnalyzer - INFO - Filtrati 1 file (es. in /dist, /test).
2025-11-16 09:27:42,915 - UnicodeAnalyzer - INFO - -> Analizzando versione 7.0.0-beta.14 (1715/2158)...
2025-11-16 09:27:42,916 - UnicodeAnalyzer - INFO - Filtrati 1 file (es. in /dist, /test).
2025-11-16 09:27:42,916 - UnicodeAnalyzer - INFO - -> Analizzando versione 7.0.0-beta.15 (1716/2158)...
2025-11-16 09:27:42,917 - UnicodeAnalyzer - INFO - Filtrati 1 file (es. in /dist, /test).
2025-11-16 09:27:42,917 - UnicodeAnalyzer - INFO - -> Analizzando versione 7.0.0-beta.16 (1717/2158)...
2025-11-16 09:27:42,918 - UnicodeAnalyzer - INFO - Filtrati 1 file (es. in /dist, /test).
2025-11-16 09:27:42,918 - UnicodeAnalyzer - INFO - -> Analizzando versione 7.0.0-beta.17 (1718/2158)...
2025-11-16 09:27:42,920 - UnicodeAnalyzer - INFO - Filtrati 1 file (es. in /dist, /test).
2025-11-16 09:27:42,920 - UnicodeAnalyzer - INFO - -> Analizzando versione 7.0.0-beta.18 (1719/2158)...
2025-11-16 09:27:42,921 - UnicodeAnalyzer - INFO - Filtrati 1 file (es. in /dist, /test).
2025-11-16 09:27:42,921 - UnicodeAnalyzer - INFO - -> Analizzando versione 7.0.0-beta.19 (1720/2158)...
2025-11-16 09:27:42,922 - UnicodeAnalyzer - INFO - Filtrati 1 file (es. in /dist, /test).
2025-11-16 09:27:42,922 - UnicodeAnalyzer - INFO - -> Analizzando versione 7.0.0-beta.2 (1721/2158)...
2025-11-16 09:27:42,923 - UnicodeAnalyzer - INFO - Filtrati 1 file (es. in /dist, /test).
2025-11-16 09:27:42,924 - UnicodeAnalyzer - INFO - -> Analizzando versione 7.0.0-beta.20 (1722/2158)...
2025-11-16 09:27:42,925 - UnicodeAnalyzer - INFO - Filtrati 1 file (es. in /dist, /test).
2025-11-16 09:27:42,925 - UnicodeAnalyzer - INFO - -> Analizzando versione 7.0.0-beta.21 (1723/2158)...
2025-11-16 09:27:42,926 - UnicodeAnalyzer - INFO - Filtrati 1 file (es. in /dist, /test).
2025-11-16 09:27:42,926 - UnicodeAnalyzer - INFO - -> Analizzando versione 7.0.0-beta.23 (1724/2158)...
2025-11-16 09:27:42,927 - UnicodeAnalyzer - INFO - Filtrati 1 file (es. in /dist, /test).
2025-11-16 09:27:42,927 - UnicodeAnalyzer - INFO - -> Analizzando versione 7.0.0-beta.24 (1725/2158)...
2025-11-16 09:27:42,929 - UnicodeAnalyzer - INFO - Filtrati 1 file (es. in /dist, /test).
2025-11-16 09:27:42,929 - UnicodeAnalyzer - INFO - -> Analizzando versione 7.0.0-beta.25 (1726/2158)...
2025-11-16 09:27:42,930 - UnicodeAnalyzer - INFO - Filtrati 1 file (es. in /dist, /test).
2025-11-16 09:27:42,930 - UnicodeAnalyzer - INFO - -> Analizzando versione 7.0.0-beta.26 (1727/2158)...
2025-11-16 09:27:42,931 - UnicodeAnalyzer - INFO - Filtrati 1 file (es. in /dist, /test).
2025-11-16 09:27:42,931 - UnicodeAnalyzer - INFO - -> Analizzando versione 7.0.0-beta.27 (1728/2158)...
2025-11-16 09:27:42,932 - UnicodeAnalyzer - INFO - Filtrati 1 file (es. in /dist, /test).
2025-11-16 09:27:42,932 - UnicodeAnalyzer - INFO - -> Analizzando versione 7.0.0-beta.28 (1729/2158)...
2025-11-16 09:27:42,934 - UnicodeAnalyzer - INFO - Filtrati 1 file (es. in /dist, /test).
2025-11-16 09:27:42,934 - UnicodeAnalyzer - INFO - -> Analizzando versione 7.0.0-beta.29 (1730/2158)...
2025-11-16 09:27:42,935 - UnicodeAnalyzer - INFO - Filtrati 1 file (es. in /dist, /test).
2025-11-16 09:27:42,935 - UnicodeAnalyzer - INFO - -> Analizzando versione 7.0.0-beta.3 (1731/2158)...
2025-11-16 09:27:42,936 - UnicodeAnalyzer - INFO - Filtrati 1 file (es. in /dist, /test).
2025-11-16 09:27:42,936 - UnicodeAnalyzer - INFO - -> Analizzando versione 7.0.0-beta.30 (1732/2158)...
2025-11-16 09:27:42,937 - UnicodeAnalyzer - INFO - Filtrati 1 file (es. in /dist, /test).
2025-11-16 09:27:42,938 - UnicodeAnalyzer - INFO - -> Analizzando versione 7.0.0-beta.31 (1733/2158)...
2025-11-16 09:27:42,939 - UnicodeAnalyzer - INFO - Filtrati 1 file (es. in /dist, /test).
2025-11-16 09:27:42,939 - UnicodeAnalyzer - INFO - -> Analizzando versione 7.0.0-beta.32 (1734/2158)...
2025-11-16 09:27:42,940 - UnicodeAnalyzer - INFO - Filtrati 1 file (es. in /dist, /test).
2025-11-16 09:27:42,940 - UnicodeAnalyzer - INFO - -> Analizzando versione 7.0.0-beta.33 (1735/2158)...
2025-11-16 09:27:42,941 - UnicodeAnalyzer - INFO - Filtrati 1 file (es. in /dist, /test).
2025-11-16 09:27:42,941 - UnicodeAnalyzer - INFO - -> Analizzando versione 7.0.0-beta.34 (1736/2158)...
2025-11-16 09:27:42,942 - UnicodeAnalyzer - INFO - Filtrati 1 file (es. in /dist, /test).
2025-11-16 09:27:42,943 - UnicodeAnalyzer - INFO - -> Analizzando versione 7.0.0-beta.35 (1737/2158)...
2025-11-16 09:27:42,944 - UnicodeAnalyzer - INFO - Filtrati 1 file (es. in /dist, /test).
2025-11-16 09:27:42,944 - UnicodeAnalyzer - INFO - -> Analizzando versione 7.0.0-beta.36 (1738/2158)...
2025-11-16 09:27:42,945 - UnicodeAnalyzer - INFO - Filtrati 1 file (es. in /dist, /test).
2025-11-16 09:27:42,945 - UnicodeAnalyzer - INFO - -> Analizzando versione 7.0.0-beta.38 (1739/2158)...
2025-11-16 09:27:42,946 - UnicodeAnalyzer - INFO - Filtrati 1 file (es. in /dist, /test).
2025-11-16 09:27:42,946 - UnicodeAnalyzer - INFO - -> Analizzando versione 7.0.0-beta.39 (1740/2158)...
2025-11-16 09:27:42,948 - UnicodeAnalyzer - INFO - Filtrati 1 file (es. in /dist, /test).
2025-11-16 09:27:42,948 - UnicodeAnalyzer - INFO - -> Analizzando versione 7.0.0-beta.4 (1741/2158)...
2025-11-16 09:27:42,949 - UnicodeAnalyzer - INFO - Filtrati 1 file (es. in /dist, /test).
2025-11-16 09:27:42,949 - UnicodeAnalyzer - INFO - -> Analizzando versione 7.0.0-beta.40 (1742/2158)...
2025-11-16 09:27:42,950 - UnicodeAnalyzer - INFO - Filtrati 1 file (es. in /dist, /test).
2025-11-16 09:27:42,950 - UnicodeAnalyzer - INFO - -> Analizzando versione 7.0.0-beta.41 (1743/2158)...
2025-11-16 09:27:42,951 - UnicodeAnalyzer - INFO - Filtrati 1 file (es. in /dist, /test).
2025-11-16 09:27:42,952 - UnicodeAnalyzer - INFO - -> Analizzando versione 7.0.0-beta.42 (1744/2158)...
2025-11-16 09:27:42,953 - UnicodeAnalyzer - INFO - Filtrati 1 file (es. in /dist, /test).
2025-11-16 09:27:42,953 - UnicodeAnalyzer - INFO - -> Analizzando versione 7.0.0-beta.43 (1745/2158)...
2025-11-16 09:27:42,954 - UnicodeAnalyzer - INFO - Filtrati 1 file (es. in /dist, /test).
2025-11-16 09:27:42,954 - UnicodeAnalyzer - INFO - -> Analizzando versione 7.0.0-beta.44 (1746/2158)...
2025-11-16 09:27:42,955 - UnicodeAnalyzer - INFO - Filtrati 1 file (es. in /dist, /test).
2025-11-16 09:27:42,955 - UnicodeAnalyzer - INFO - -> Analizzando versione 7.0.0-beta.45 (1747/2158)...
2025-11-16 09:27:42,956 - UnicodeAnalyzer - INFO - Filtrati 1 file (es. in /dist, /test).
2025-11-16 09:27:42,957 - UnicodeAnalyzer - INFO - -> Analizzando versione 7.0.0-beta.46 (1748/2158)...
2025-11-16 09:27:42,958 - UnicodeAnalyzer - INFO - Filtrati 1 file (es. in /dist, /test).
2025-11-16 09:27:42,958 - UnicodeAnalyzer - INFO - -> Analizzando versione 7.0.0-beta.47 (1749/2158)...
2025-11-16 09:27:42,959 - UnicodeAnalyzer - INFO - Filtrati 1 file (es. in /dist, /test).
2025-11-16 09:27:42,959 - UnicodeAnalyzer - INFO - -> Analizzando versione 7.0.0-beta.48 (1750/2158)...
2025-11-16 09:27:42,960 - UnicodeAnalyzer - INFO - Filtrati 1 file (es. in /dist, /test).
2025-11-16 09:27:42,960 - UnicodeAnalyzer - INFO - -> Analizzando versione 7.0.0-beta.49 (1751/2158)...
2025-11-16 09:27:42,962 - UnicodeAnalyzer - INFO - Filtrati 1 file (es. in /dist, /test).
2025-11-16 09:27:42,962 - UnicodeAnalyzer - INFO - -> Analizzando versione 7.0.0-beta.5 (1752/2158)...
2025-11-16 09:27:42,963 - UnicodeAnalyzer - INFO - Filtrati 1 file (es. in /dist, /test).
2025-11-16 09:27:42,963 - UnicodeAnalyzer - INFO - -> Analizzando versione 7.0.0-beta.50 (1753/2158)...
2025-11-16 09:27:42,964 - UnicodeAnalyzer - INFO - Filtrati 1 file (es. in /dist, /test).
2025-11-16 09:27:42,964 - UnicodeAnalyzer - INFO - -> Analizzando versione 7.0.0-beta.51 (1754/2158)...
2025-11-16 09:27:42,965 - UnicodeAnalyzer - INFO - Filtrati 1 file (es. in /dist, /test).
2025-11-16 09:27:42,965 - UnicodeAnalyzer - INFO - -> Analizzando versione 7.0.0-beta.52 (1755/2158)...
2025-11-16 09:27:42,967 - UnicodeAnalyzer - INFO - Filtrati 1 file (es. in /dist, /test).
2025-11-16 09:27:42,967 - UnicodeAnalyzer - INFO - -> Analizzando versione 7.0.0-beta.53 (1756/2158)...
2025-11-16 09:27:42,968 - UnicodeAnalyzer - INFO - Filtrati 1 file (es. in /dist, /test).
2025-11-16 09:27:42,968 - UnicodeAnalyzer - INFO - -> Analizzando versione 7.0.0-beta.54 (1757/2158)...
2025-11-16 09:27:42,969 - UnicodeAnalyzer - INFO - Filtrati 1 file (es. in /dist, /test).
2025-11-16 09:27:42,969 - UnicodeAnalyzer - INFO - -> Analizzando versione 7.0.0-beta.55 (1758/2158)...
2025-11-16 09:27:42,970 - UnicodeAnalyzer - INFO - Filtrati 1 file (es. in /dist, /test).
2025-11-16 09:27:42,971 - UnicodeAnalyzer - INFO - -> Analizzando versione 7.0.0-beta.56 (1759/2158)...
2025-11-16 09:27:42,972 - UnicodeAnalyzer - INFO - Filtrati 1 file (es. in /dist, /test).
2025-11-16 09:27:42,972 - UnicodeAnalyzer - INFO - -> Analizzando versione 7.0.0-beta.57 (1760/2158)...
2025-11-16 09:27:42,973 - UnicodeAnalyzer - INFO - Filtrati 1 file (es. in /dist, /test).
2025-11-16 09:27:42,973 - UnicodeAnalyzer - INFO - -> Analizzando versione 7.0.0-beta.58 (1761/2158)...
2025-11-16 09:27:42,974 - UnicodeAnalyzer - INFO - Filtrati 1 file (es. in /dist, /test).
2025-11-16 09:27:42,974 - UnicodeAnalyzer - INFO - -> Analizzando versione 7.0.0-beta.59 (1762/2158)...
2025-11-16 09:27:42,976 - UnicodeAnalyzer - INFO - Filtrati 1 file (es. in /dist, /test).
2025-11-16 09:27:42,976 - UnicodeAnalyzer - INFO - -> Analizzando versione 7.0.0-beta.6 (1763/2158)...
2025-11-16 09:27:42,977 - UnicodeAnalyzer - INFO - Filtrati 1 file (es. in /dist, /test).
2025-11-16 09:27:42,977 - UnicodeAnalyzer - INFO - -> Analizzando versione 7.0.0-beta.60 (1764/2158)...
2025-11-16 09:27:42,978 - UnicodeAnalyzer - INFO - Filtrati 1 file (es. in /dist, /test).
2025-11-16 09:27:42,978 - UnicodeAnalyzer - INFO - -> Analizzando versione 7.0.0-beta.61 (1765/2158)...
2025-11-16 09:27:42,979 - UnicodeAnalyzer - INFO - Filtrati 1 file (es. in /dist, /test).
2025-11-16 09:27:42,979 - UnicodeAnalyzer - INFO - -> Analizzando versione 7.0.0-beta.62 (1766/2158)...
2025-11-16 09:27:42,981 - UnicodeAnalyzer - INFO - Filtrati 1 file (es. in /dist, /test).
2025-11-16 09:27:42,981 - UnicodeAnalyzer - INFO - -> Analizzando versione 7.0.0-beta.63 (1767/2158)...
2025-11-16 09:27:42,982 - UnicodeAnalyzer - INFO - Filtrati 1 file (es. in /dist, /test).
2025-11-16 09:27:42,982 - UnicodeAnalyzer - INFO - -> Analizzando versione 7.0.0-beta.64 (1768/2158)...
2025-11-16 09:27:42,983 - UnicodeAnalyzer - INFO - Filtrati 1 file (es. in /dist, /test).
2025-11-16 09:27:42,983 - UnicodeAnalyzer - INFO - -> Analizzando versione 7.0.0-beta.7 (1769/2158)...
2025-11-16 09:27:42,984 - UnicodeAnalyzer - INFO - Filtrati 1 file (es. in /dist, /test).
2025-11-16 09:27:42,985 - UnicodeAnalyzer - INFO - -> Analizzando versione 7.0.0-beta.8 (1770/2158)...
2025-11-16 09:27:42,986 - UnicodeAnalyzer - INFO - Filtrati 1 file (es. in /dist, /test).
2025-11-16 09:27:42,986 - UnicodeAnalyzer - INFO - -> Analizzando versione 7.0.0-beta.9 (1771/2158)...
2025-11-16 09:27:42,987 - UnicodeAnalyzer - INFO - Filtrati 1 file (es. in /dist, /test).
2025-11-16 09:27:42,987 - UnicodeAnalyzer - INFO - -> Analizzando versione 7.0.0-rc.0 (1772/2158)...
2025-11-16 09:27:42,988 - UnicodeAnalyzer - INFO - Filtrati 1 file (es. in /dist, /test).
2025-11-16 09:27:42,988 - UnicodeAnalyzer - INFO - -> Analizzando versione 7.0.0-rc.1 (1773/2158)...
2025-11-16 09:27:42,990 - UnicodeAnalyzer - INFO - Filtrati 1 file (es. in /dist, /test).
2025-11-16 09:27:42,990 - UnicodeAnalyzer - INFO - -> Analizzando versione 7.0.0-rc.10 (1774/2158)...
2025-11-16 09:27:42,991 - UnicodeAnalyzer - INFO - Filtrati 1 file (es. in /dist, /test).
2025-11-16 09:27:42,991 - UnicodeAnalyzer - INFO - -> Analizzando versione 7.0.0-rc.11 (1775/2158)...
2025-11-16 09:27:42,992 - UnicodeAnalyzer - INFO - Filtrati 1 file (es. in /dist, /test).
2025-11-16 09:27:42,992 - UnicodeAnalyzer - INFO - -> Analizzando versione 7.0.0-rc.2 (1776/2158)...
2025-11-16 09:27:42,993 - UnicodeAnalyzer - INFO - Filtrati 1 file (es. in /dist, /test).
2025-11-16 09:27:42,993 - UnicodeAnalyzer - INFO - -> Analizzando versione 7.0.0-rc.3 (1777/2158)...
2025-11-16 09:27:42,995 - UnicodeAnalyzer - INFO - Filtrati 1 file (es. in /dist, /test).
2025-11-16 09:27:42,995 - UnicodeAnalyzer - INFO - -> Analizzando versione 7.0.0-rc.4 (1778/2158)...
2025-11-16 09:27:42,996 - UnicodeAnalyzer - INFO - Filtrati 1 file (es. in /dist, /test).
2025-11-16 09:27:42,996 - UnicodeAnalyzer - INFO - -> Analizzando versione 7.0.0-rc.5 (1779/2158)...
2025-11-16 09:27:42,997 - UnicodeAnalyzer - INFO - Filtrati 1 file (es. in /dist, /test).
2025-11-16 09:27:42,997 - UnicodeAnalyzer - INFO - -> Analizzando versione 7.0.0-rc.6 (1780/2158)...
2025-11-16 09:27:42,998 - UnicodeAnalyzer - INFO - Filtrati 1 file (es. in /dist, /test).
2025-11-16 09:27:42,999 - UnicodeAnalyzer - INFO - -> Analizzando versione 7.0.0-rc.7 (1781/2158)...
2025-11-16 09:27:43,000 - UnicodeAnalyzer - INFO - Filtrati 1 file (es. in /dist, /test).
2025-11-16 09:27:43,000 - UnicodeAnalyzer - INFO - -> Analizzando versione 7.0.0-rc.8 (1782/2158)...
2025-11-16 09:27:43,001 - UnicodeAnalyzer - INFO - Filtrati 1 file (es. in /dist, /test).
2025-11-16 09:27:43,001 - UnicodeAnalyzer - INFO - -> Analizzando versione 7.0.0-rc.9 (1783/2158)...
2025-11-16 09:27:43,002 - UnicodeAnalyzer - INFO - Filtrati 1 file (es. in /dist, /test).
2025-11-16 09:27:43,002 - UnicodeAnalyzer - INFO - -> Analizzando versione 7.0.1 (1784/2158)...
2025-11-16 09:27:43,004 - UnicodeAnalyzer - INFO - Filtrati 1 file (es. in /dist, /test).
2025-11-16 09:27:43,004 - UnicodeAnalyzer - INFO - -> Analizzando versione 7.0.10 (1785/2158)...
2025-11-16 09:27:43,005 - UnicodeAnalyzer - INFO - Filtrati 1 file (es. in /dist, /test).
2025-11-16 09:27:43,005 - UnicodeAnalyzer - INFO - -> Analizzando versione 7.0.11 (1786/2158)...
2025-11-16 09:27:43,006 - UnicodeAnalyzer - INFO - Filtrati 1 file (es. in /dist, /test).
2025-11-16 09:27:43,006 - UnicodeAnalyzer - INFO - -> Analizzando versione 7.0.12 (1787/2158)...
2025-11-16 09:27:43,007 - UnicodeAnalyzer - INFO - Filtrati 1 file (es. in /dist, /test).
2025-11-16 09:27:43,007 - UnicodeAnalyzer - INFO - -> Analizzando versione 7.0.13 (1788/2158)...
2025-11-16 09:27:43,009 - UnicodeAnalyzer - INFO - Filtrati 1 file (es. in /dist, /test).
2025-11-16 09:27:43,009 - UnicodeAnalyzer - INFO - -> Analizzando versione 7.0.14 (1789/2158)...
2025-11-16 09:27:43,010 - UnicodeAnalyzer - INFO - Filtrati 1 file (es. in /dist, /test).
2025-11-16 09:27:43,010 - UnicodeAnalyzer - INFO - -> Analizzando versione 7.0.15 (1790/2158)...
2025-11-16 09:27:43,011 - UnicodeAnalyzer - INFO - Filtrati 1 file (es. in /dist, /test).
2025-11-16 09:27:43,011 - UnicodeAnalyzer - INFO - -> Analizzando versione 7.0.16 (1791/2158)...
2025-11-16 09:27:43,012 - UnicodeAnalyzer - INFO - Filtrati 1 file (es. in /dist, /test).
2025-11-16 09:27:43,013 - UnicodeAnalyzer - INFO - -> Analizzando versione 7.0.17 (1792/2158)...
2025-11-16 09:27:43,014 - UnicodeAnalyzer - INFO - Filtrati 1 file (es. in /dist, /test).
2025-11-16 09:27:43,014 - UnicodeAnalyzer - INFO - -> Analizzando versione 7.0.18 (1793/2158)...
2025-11-16 09:27:43,015 - UnicodeAnalyzer - INFO - Filtrati 1 file (es. in /dist, /test).
2025-11-16 09:27:43,015 - UnicodeAnalyzer - INFO - -> Analizzando versione 7.0.19 (1794/2158)...
2025-11-16 09:27:43,016 - UnicodeAnalyzer - INFO - Filtrati 1 file (es. in /dist, /test).
2025-11-16 09:27:43,016 - UnicodeAnalyzer - INFO - -> Analizzando versione 7.0.2 (1795/2158)...
2025-11-16 09:27:43,018 - UnicodeAnalyzer - INFO - Filtrati 1 file (es. in /dist, /test).
2025-11-16 09:27:43,018 - UnicodeAnalyzer - INFO - -> Analizzando versione 7.0.20 (1796/2158)...
2025-11-16 09:27:43,019 - UnicodeAnalyzer - INFO - Filtrati 1 file (es. in /dist, /test).
2025-11-16 09:27:43,019 - UnicodeAnalyzer - INFO - -> Analizzando versione 7.0.21 (1797/2158)...
2025-11-16 09:27:43,020 - UnicodeAnalyzer - INFO - Filtrati 1 file (es. in /dist, /test).
2025-11-16 09:27:43,088 - UnicodeAnalyzer - INFO - -> Analizzando versione 7.0.22 (1798/2158)...
2025-11-16 09:27:43,089 - UnicodeAnalyzer - INFO - Filtrati 1 file (es. in /dist, /test).
2025-11-16 09:27:43,156 - UnicodeAnalyzer - INFO - -> Analizzando versione 7.0.23 (1799/2158)...
2025-11-16 09:27:43,157 - UnicodeAnalyzer - INFO - Filtrati 1 file (es. in /dist, /test).
2025-11-16 09:27:43,224 - UnicodeAnalyzer - INFO - -> Analizzando versione 7.0.24 (1800/2158)...
2025-11-16 09:27:43,225 - UnicodeAnalyzer - INFO - Filtrati 1 file (es. in /dist, /test).
2025-11-16 09:27:43,292 - UnicodeAnalyzer - INFO - -> Analizzando versione 7.0.25 (1801/2158)...
2025-11-16 09:27:43,294 - UnicodeAnalyzer - INFO - Filtrati 1 file (es. in /dist, /test).
2025-11-16 09:27:43,361 - UnicodeAnalyzer - INFO - -> Analizzando versione 7.0.26 (1802/2158)...
2025-11-16 09:27:43,363 - UnicodeAnalyzer - INFO - Filtrati 1 file (es. in /dist, /test).
2025-11-16 09:27:43,430 - UnicodeAnalyzer - INFO - -> Analizzando versione 7.0.27 (1803/2158)...
2025-11-16 09:27:43,432 - UnicodeAnalyzer - INFO - Filtrati 1 file (es. in /dist, /test).
2025-11-16 09:27:43,499 - UnicodeAnalyzer - INFO - -> Analizzando versione 7.0.3 (1804/2158)...
2025-11-16 09:27:43,501 - UnicodeAnalyzer - INFO - Filtrati 1 file (es. in /dist, /test).
2025-11-16 09:27:43,501 - UnicodeAnalyzer - INFO - -> Analizzando versione 7.0.4 (1805/2158)...
2025-11-16 09:27:43,502 - UnicodeAnalyzer - INFO - Filtrati 1 file (es. in /dist, /test).
2025-11-16 09:27:43,502 - UnicodeAnalyzer - INFO - -> Analizzando versione 7.0.5 (1806/2158)...
2025-11-16 09:27:43,503 - UnicodeAnalyzer - INFO - Filtrati 1 file (es. in /dist, /test).
2025-11-16 09:27:43,503 - UnicodeAnalyzer - INFO - -> Analizzando versione 7.0.6 (1807/2158)...
2025-11-16 09:27:43,505 - UnicodeAnalyzer - INFO - Filtrati 1 file (es. in /dist, /test).
2025-11-16 09:27:43,505 - UnicodeAnalyzer - INFO - -> Analizzando versione 7.0.7 (1808/2158)...
2025-11-16 09:27:43,506 - UnicodeAnalyzer - INFO - Filtrati 1 file (es. in /dist, /test).
2025-11-16 09:27:43,506 - UnicodeAnalyzer - INFO - -> Analizzando versione 7.0.8 (1809/2158)...
2025-11-16 09:27:43,507 - UnicodeAnalyzer - INFO - Filtrati 1 file (es. in /dist, /test).
2025-11-16 09:27:43,507 - UnicodeAnalyzer - INFO - -> Analizzando versione 7.0.9 (1810/2158)...
2025-11-16 09:27:43,509 - UnicodeAnalyzer - INFO - Filtrati 1 file (es. in /dist, /test).
2025-11-16 09:27:43,509 - UnicodeAnalyzer - INFO - -> Analizzando versione 7.1.0 (1811/2158)...
2025-11-16 09:27:43,510 - UnicodeAnalyzer - INFO - Filtrati 1 file (es. in /dist, /test).
2025-11-16 09:27:43,577 - UnicodeAnalyzer - INFO - -> Analizzando versione 7.1.0-alpha.0 (1812/2158)...
2025-11-16 09:27:43,579 - UnicodeAnalyzer - INFO - Filtrati 1 file (es. in /dist, /test).
2025-11-16 09:27:43,579 - UnicodeAnalyzer - INFO - -> Analizzando versione 7.1.0-alpha.1 (1813/2158)...
2025-11-16 09:27:43,580 - UnicodeAnalyzer - INFO - Filtrati 1 file (es. in /dist, /test).
2025-11-16 09:27:43,580 - UnicodeAnalyzer - INFO - -> Analizzando versione 7.1.0-alpha.10 (1814/2158)...
2025-11-16 09:27:43,581 - UnicodeAnalyzer - INFO - Filtrati 1 file (es. in /dist, /test).
2025-11-16 09:27:43,582 - UnicodeAnalyzer - INFO - -> Analizzando versione 7.1.0-alpha.11 (1815/2158)...
2025-11-16 09:27:43,583 - UnicodeAnalyzer - INFO - Filtrati 1 file (es. in /dist, /test).
2025-11-16 09:27:43,583 - UnicodeAnalyzer - INFO - -> Analizzando versione 7.1.0-alpha.12 (1816/2158)...
2025-11-16 09:27:43,584 - UnicodeAnalyzer - INFO - Filtrati 1 file (es. in /dist, /test).
2025-11-16 09:27:43,584 - UnicodeAnalyzer - INFO - -> Analizzando versione 7.1.0-alpha.13 (1817/2158)...
2025-11-16 09:27:43,585 - UnicodeAnalyzer - INFO - Filtrati 1 file (es. in /dist, /test).
2025-11-16 09:27:43,585 - UnicodeAnalyzer - INFO - -> Analizzando versione 7.1.0-alpha.14 (1818/2158)...
2025-11-16 09:27:43,587 - UnicodeAnalyzer - INFO - Filtrati 1 file (es. in /dist, /test).
2025-11-16 09:27:43,587 - UnicodeAnalyzer - INFO - -> Analizzando versione 7.1.0-alpha.15 (1819/2158)...
2025-11-16 09:27:43,588 - UnicodeAnalyzer - INFO - Filtrati 1 file (es. in /dist, /test).
2025-11-16 09:27:43,588 - UnicodeAnalyzer - INFO - -> Analizzando versione 7.1.0-alpha.16 (1820/2158)...
2025-11-16 09:27:43,589 - UnicodeAnalyzer - INFO - Filtrati 1 file (es. in /dist, /test).
2025-11-16 09:27:43,589 - UnicodeAnalyzer - INFO - -> Analizzando versione 7.1.0-alpha.17 (1821/2158)...
2025-11-16 09:27:43,590 - UnicodeAnalyzer - INFO - Filtrati 1 file (es. in /dist, /test).
2025-11-16 09:27:43,591 - UnicodeAnalyzer - INFO - -> Analizzando versione 7.1.0-alpha.18 (1822/2158)...
2025-11-16 09:27:43,592 - UnicodeAnalyzer - INFO - Filtrati 1 file (es. in /dist, /test).
2025-11-16 09:27:43,592 - UnicodeAnalyzer - INFO - -> Analizzando versione 7.1.0-alpha.19 (1823/2158)...
2025-11-16 09:27:43,593 - UnicodeAnalyzer - INFO - Filtrati 1 file (es. in /dist, /test).
2025-11-16 09:27:43,593 - UnicodeAnalyzer - INFO - -> Analizzando versione 7.1.0-alpha.2 (1824/2158)...
2025-11-16 09:27:43,594 - UnicodeAnalyzer - INFO - Filtrati 1 file (es. in /dist, /test).
2025-11-16 09:27:43,594 - UnicodeAnalyzer - INFO - -> Analizzando versione 7.1.0-alpha.20 (1825/2158)...
2025-11-16 09:27:43,596 - UnicodeAnalyzer - INFO - Filtrati 1 file (es. in /dist, /test).
2025-11-16 09:27:43,596 - UnicodeAnalyzer - INFO - -> Analizzando versione 7.1.0-alpha.21 (1826/2158)...
2025-11-16 09:27:43,597 - UnicodeAnalyzer - INFO - Filtrati 1 file (es. in /dist, /test).
2025-11-16 09:27:43,597 - UnicodeAnalyzer - INFO - -> Analizzando versione 7.1.0-alpha.22 (1827/2158)...
2025-11-16 09:27:43,598 - UnicodeAnalyzer - INFO - Filtrati 1 file (es. in /dist, /test).
2025-11-16 09:27:43,598 - UnicodeAnalyzer - INFO - -> Analizzando versione 7.1.0-alpha.23 (1828/2158)...
2025-11-16 09:27:43,599 - UnicodeAnalyzer - INFO - Filtrati 1 file (es. in /dist, /test).
2025-11-16 09:27:43,599 - UnicodeAnalyzer - INFO - -> Analizzando versione 7.1.0-alpha.24 (1829/2158)...
2025-11-16 09:27:43,601 - UnicodeAnalyzer - INFO - Filtrati 1 file (es. in /dist, /test).
2025-11-16 09:27:43,601 - UnicodeAnalyzer - INFO - -> Analizzando versione 7.1.0-alpha.25 (1830/2158)...
2025-11-16 09:27:43,602 - UnicodeAnalyzer - INFO - Filtrati 1 file (es. in /dist, /test).
2025-11-16 09:27:43,602 - UnicodeAnalyzer - INFO - -> Analizzando versione 7.1.0-alpha.26 (1831/2158)...
2025-11-16 09:27:43,603 - UnicodeAnalyzer - INFO - Filtrati 1 file (es. in /dist, /test).
2025-11-16 09:27:43,603 - UnicodeAnalyzer - INFO - -> Analizzando versione 7.1.0-alpha.27 (1832/2158)...
2025-11-16 09:27:43,605 - UnicodeAnalyzer - INFO - Filtrati 1 file (es. in /dist, /test).
2025-11-16 09:27:43,605 - UnicodeAnalyzer - INFO - -> Analizzando versione 7.1.0-alpha.28 (1833/2158)...
2025-11-16 09:27:43,606 - UnicodeAnalyzer - INFO - Filtrati 1 file (es. in /dist, /test).
2025-11-16 09:27:43,606 - UnicodeAnalyzer - INFO - -> Analizzando versione 7.1.0-alpha.29 (1834/2158)...
2025-11-16 09:27:43,607 - UnicodeAnalyzer - INFO - Filtrati 1 file (es. in /dist, /test).
2025-11-16 09:27:43,607 - UnicodeAnalyzer - INFO - -> Analizzando versione 7.1.0-alpha.3 (1835/2158)...
2025-11-16 09:27:43,608 - UnicodeAnalyzer - INFO - Filtrati 1 file (es. in /dist, /test).
2025-11-16 09:27:43,608 - UnicodeAnalyzer - INFO - -> Analizzando versione 7.1.0-alpha.30 (1836/2158)...
2025-11-16 09:27:43,610 - UnicodeAnalyzer - INFO - Filtrati 1 file (es. in /dist, /test).
2025-11-16 09:27:43,677 - UnicodeAnalyzer - INFO - -> Analizzando versione 7.1.0-alpha.31 (1837/2158)...
2025-11-16 09:27:43,679 - UnicodeAnalyzer - INFO - Filtrati 1 file (es. in /dist, /test).
2025-11-16 09:27:43,744 - UnicodeAnalyzer - INFO - -> Analizzando versione 7.1.0-alpha.32 (1838/2158)...
2025-11-16 09:27:43,746 - UnicodeAnalyzer - INFO - Filtrati 1 file (es. in /dist, /test).
2025-11-16 09:27:43,807 - UnicodeAnalyzer - INFO - -> Analizzando versione 7.1.0-alpha.33 (1839/2158)...
2025-11-16 09:27:43,809 - UnicodeAnalyzer - INFO - Filtrati 1 file (es. in /dist, /test).
2025-11-16 09:27:43,877 - UnicodeAnalyzer - INFO - -> Analizzando versione 7.1.0-alpha.34 (1840/2158)...
2025-11-16 09:27:43,878 - UnicodeAnalyzer - INFO - Filtrati 1 file (es. in /dist, /test).
2025-11-16 09:27:43,944 - UnicodeAnalyzer - INFO - -> Analizzando versione 7.1.0-alpha.35 (1841/2158)...
2025-11-16 09:27:43,946 - UnicodeAnalyzer - INFO - Filtrati 1 file (es. in /dist, /test).
2025-11-16 09:27:44,013 - UnicodeAnalyzer - INFO - -> Analizzando versione 7.1.0-alpha.36 (1842/2158)...
2025-11-16 09:27:44,014 - UnicodeAnalyzer - INFO - Filtrati 1 file (es. in /dist, /test).
2025-11-16 09:27:44,082 - UnicodeAnalyzer - INFO - -> Analizzando versione 7.1.0-alpha.37 (1843/2158)...
2025-11-16 09:27:44,083 - UnicodeAnalyzer - INFO - Filtrati 1 file (es. in /dist, /test).
2025-11-16 09:27:44,150 - UnicodeAnalyzer - INFO - -> Analizzando versione 7.1.0-alpha.38 (1844/2158)...
2025-11-16 09:27:44,151 - UnicodeAnalyzer - INFO - Filtrati 1 file (es. in /dist, /test).
2025-11-16 09:27:44,218 - UnicodeAnalyzer - INFO - -> Analizzando versione 7.1.0-alpha.39 (1845/2158)...
2025-11-16 09:27:44,220 - UnicodeAnalyzer - INFO - Filtrati 1 file (es. in /dist, /test).
2025-11-16 09:27:44,286 - UnicodeAnalyzer - INFO - -> Analizzando versione 7.1.0-alpha.4 (1846/2158)...
2025-11-16 09:27:44,288 - UnicodeAnalyzer - INFO - Filtrati 1 file (es. in /dist, /test).
2025-11-16 09:27:44,288 - UnicodeAnalyzer - INFO - -> Analizzando versione 7.1.0-alpha.40 (1847/2158)...
2025-11-16 09:27:44,290 - UnicodeAnalyzer - INFO - Filtrati 1 file (es. in /dist, /test).
2025-11-16 09:27:44,358 - UnicodeAnalyzer - INFO - -> Analizzando versione 7.1.0-alpha.41 (1848/2158)...
2025-11-16 09:27:44,360 - UnicodeAnalyzer - INFO - Filtrati 1 file (es. in /dist, /test).
2025-11-16 09:27:44,430 - UnicodeAnalyzer - INFO - -> Analizzando versione 7.1.0-alpha.42 (1849/2158)...
2025-11-16 09:27:44,431 - UnicodeAnalyzer - INFO - Filtrati 1 file (es. in /dist, /test).
2025-11-16 09:27:44,499 - UnicodeAnalyzer - INFO - -> Analizzando versione 7.1.0-alpha.43 (1850/2158)...
2025-11-16 09:27:44,500 - UnicodeAnalyzer - INFO - Filtrati 1 file (es. in /dist, /test).
2025-11-16 09:27:44,570 - UnicodeAnalyzer - INFO - -> Analizzando versione 7.1.0-alpha.44 (1851/2158)...
2025-11-16 09:27:44,572 - UnicodeAnalyzer - INFO - Filtrati 1 file (es. in /dist, /test).
2025-11-16 09:27:44,641 - UnicodeAnalyzer - INFO - -> Analizzando versione 7.1.0-alpha.5 (1852/2158)...
2025-11-16 09:27:44,643 - UnicodeAnalyzer - INFO - Filtrati 1 file (es. in /dist, /test).
2025-11-16 09:27:44,643 - UnicodeAnalyzer - INFO - -> Analizzando versione 7.1.0-alpha.6 (1853/2158)...
2025-11-16 09:27:44,644 - UnicodeAnalyzer - INFO - Filtrati 1 file (es. in /dist, /test).
2025-11-16 09:27:44,644 - UnicodeAnalyzer - INFO - -> Analizzando versione 7.1.0-alpha.7 (1854/2158)...
2025-11-16 09:27:44,645 - UnicodeAnalyzer - INFO - Filtrati 1 file (es. in /dist, /test).
2025-11-16 09:27:44,646 - UnicodeAnalyzer - INFO - -> Analizzando versione 7.1.0-alpha.8 (1855/2158)...
2025-11-16 09:27:44,647 - UnicodeAnalyzer - INFO - Filtrati 1 file (es. in /dist, /test).
2025-11-16 09:27:44,647 - UnicodeAnalyzer - INFO - -> Analizzando versione 7.1.0-alpha.9 (1856/2158)...
2025-11-16 09:27:44,648 - UnicodeAnalyzer - INFO - Filtrati 1 file (es. in /dist, /test).
2025-11-16 09:27:44,648 - UnicodeAnalyzer - INFO - -> Analizzando versione 7.1.0-beta.0 (1857/2158)...
2025-11-16 09:27:44,650 - UnicodeAnalyzer - INFO - Filtrati 1 file (es. in /dist, /test).
2025-11-16 09:27:44,716 - UnicodeAnalyzer - INFO - -> Analizzando versione 7.1.0-beta.1 (1858/2158)...
2025-11-16 09:27:44,717 - UnicodeAnalyzer - INFO - Filtrati 1 file (es. in /dist, /test).
2025-11-16 09:27:44,784 - UnicodeAnalyzer - INFO - -> Analizzando versione 7.1.0-beta.2 (1859/2158)...
2025-11-16 09:27:44,785 - UnicodeAnalyzer - INFO - Filtrati 1 file (es. in /dist, /test).
2025-11-16 09:27:44,852 - UnicodeAnalyzer - INFO - -> Analizzando versione 7.1.0-beta.3 (1860/2158)...
2025-11-16 09:27:44,854 - UnicodeAnalyzer - INFO - Filtrati 1 file (es. in /dist, /test).
2025-11-16 09:27:44,921 - UnicodeAnalyzer - INFO - -> Analizzando versione 7.1.0-rc.0 (1861/2158)...
2025-11-16 09:27:44,922 - UnicodeAnalyzer - INFO - Filtrati 1 file (es. in /dist, /test).
2025-11-16 09:27:44,989 - UnicodeAnalyzer - INFO - -> Analizzando versione 7.1.0-rc.1 (1862/2158)...
2025-11-16 09:27:44,990 - UnicodeAnalyzer - INFO - Filtrati 1 file (es. in /dist, /test).
2025-11-16 09:27:45,058 - UnicodeAnalyzer - INFO - -> Analizzando versione 7.1.0-rc.2 (1863/2158)...
2025-11-16 09:27:45,060 - UnicodeAnalyzer - INFO - Filtrati 1 file (es. in /dist, /test).
2025-11-16 09:27:45,127 - UnicodeAnalyzer - INFO - -> Analizzando versione 7.1.1 (1864/2158)...
2025-11-16 09:27:45,129 - UnicodeAnalyzer - INFO - Filtrati 1 file (es. in /dist, /test).
2025-11-16 09:27:45,196 - UnicodeAnalyzer - INFO - -> Analizzando versione 7.1.1-canary-23508-1690059187-2dbf6e38.0 (1865/2158)...
2025-11-16 09:27:45,197 - UnicodeAnalyzer - INFO - Filtrati 1 file (es. in /dist, /test).
2025-11-16 09:27:45,268 - UnicodeAnalyzer - INFO - -> Analizzando versione 7.1.1-pr-22631-1689802540-351503cb.0 (1866/2158)...
2025-11-16 09:27:45,270 - UnicodeAnalyzer - INFO - Filtrati 2 file (es. in /dist, /test).
2025-11-16 09:27:45,336 - UnicodeAnalyzer - INFO - -> Analizzando versione 7.1.1-pr-23508-1689802571-5ec8c1c3.0 (1867/2158)...
2025-11-16 09:27:45,337 - UnicodeAnalyzer - INFO - Filtrati 1 file (es. in /dist, /test).
2025-11-16 09:27:45,406 - UnicodeAnalyzer - INFO - -> Analizzando versione 7.1.1-pr-23508-838046e-1689759443.0 (1868/2158)...
2025-11-16 09:27:45,407 - UnicodeAnalyzer - INFO - Filtrati 1 file (es. in /dist, /test).
2025-11-16 09:27:45,474 - UnicodeAnalyzer - INFO - -> Analizzando versione 7.2.0 (1869/2158)...
2025-11-16 09:27:45,476 - UnicodeAnalyzer - INFO - Filtrati 2 file (es. in /dist, /test).
2025-11-16 09:27:45,548 - UnicodeAnalyzer - INFO - -> Analizzando versione 7.2.0-alpha.0 (1870/2158)...
2025-11-16 09:27:45,549 - UnicodeAnalyzer - INFO - Filtrati 2 file (es. in /dist, /test).
2025-11-16 09:27:45,614 - UnicodeAnalyzer - INFO - -> Analizzando versione 7.2.0-canary-22285-1690280355-e7cab9e3.0 (1871/2158)...
2025-11-16 09:27:45,616 - UnicodeAnalyzer - INFO - Filtrati 2 file (es. in /dist, /test).
2025-11-16 09:27:45,684 - UnicodeAnalyzer - INFO - -> Analizzando versione 7.2.0-canary-22285-1690306636-035010c9.0 (1872/2158)...
2025-11-16 09:27:45,685 - UnicodeAnalyzer - INFO - Filtrati 2 file (es. in /dist, /test).
2025-11-16 09:27:45,752 - UnicodeAnalyzer - INFO - -> Analizzando versione 7.2.0-canary-22285-1690367272-d07bfc52.0 (1873/2158)...
2025-11-16 09:27:45,754 - UnicodeAnalyzer - INFO - Filtrati 2 file (es. in /dist, /test).
2025-11-16 09:27:45,821 - UnicodeAnalyzer - INFO - -> Analizzando versione 7.2.0-canary-23572-1690275421-726e1551.0 (1874/2158)...
2025-11-16 09:27:45,823 - UnicodeAnalyzer - INFO - Filtrati 2 file (es. in /dist, /test).
2025-11-16 09:27:45,890 - UnicodeAnalyzer - INFO - -> Analizzando versione 7.2.0-canary-23593-1690276507-975d4e05.0 (1875/2158)...
2025-11-16 09:27:45,892 - UnicodeAnalyzer - INFO - Filtrati 2 file (es. in /dist, /test).
2025-11-16 09:27:45,959 - UnicodeAnalyzer - INFO - -> Analizzando versione 7.2.0-rc.0 (1876/2158)...
2025-11-16 09:27:45,961 - UnicodeAnalyzer - INFO - Filtrati 2 file (es. in /dist, /test).
2025-11-16 09:27:46,027 - UnicodeAnalyzer - INFO - -> Analizzando versione 7.2.1 (1877/2158)...
2025-11-16 09:27:46,029 - UnicodeAnalyzer - INFO - Filtrati 2 file (es. in /dist, /test).
2025-11-16 09:27:46,096 - UnicodeAnalyzer - INFO - -> Analizzando versione 7.2.2 (1878/2158)...
2025-11-16 09:27:46,097 - UnicodeAnalyzer - INFO - Filtrati 2 file (es. in /dist, /test).
2025-11-16 09:27:46,167 - UnicodeAnalyzer - INFO - -> Analizzando versione 7.2.2-alpha.0 (1879/2158)...
2025-11-16 09:27:46,168 - UnicodeAnalyzer - INFO - Filtrati 2 file (es. in /dist, /test).
2025-11-16 09:27:46,236 - UnicodeAnalyzer - INFO - -> Analizzando versione 7.2.2-alpha.1 (1880/2158)...
2025-11-16 09:27:46,237 - UnicodeAnalyzer - INFO - Filtrati 2 file (es. in /dist, /test).
2025-11-16 09:27:46,298 - UnicodeAnalyzer - INFO - -> Analizzando versione 7.2.3 (1881/2158)...
2025-11-16 09:27:46,299 - UnicodeAnalyzer - INFO - Filtrati 2 file (es. in /dist, /test).
2025-11-16 09:27:46,365 - UnicodeAnalyzer - INFO - -> Analizzando versione 7.3.0 (1882/2158)...
2025-11-16 09:27:46,367 - UnicodeAnalyzer - INFO - Filtrati 2 file (es. in /dist, /test).
2025-11-16 09:27:46,435 - UnicodeAnalyzer - INFO - -> Analizzando versione 7.3.0-alpha.0 (1883/2158)...
2025-11-16 09:27:46,436 - UnicodeAnalyzer - INFO - Filtrati 2 file (es. in /dist, /test).
2025-11-16 09:27:46,503 - UnicodeAnalyzer - INFO - -> Analizzando versione 7.3.1 (1884/2158)...
2025-11-16 09:27:46,505 - UnicodeAnalyzer - INFO - Filtrati 2 file (es. in /dist, /test).
2025-11-16 09:27:46,572 - UnicodeAnalyzer - INFO - -> Analizzando versione 7.3.2 (1885/2158)...
2025-11-16 09:27:46,573 - UnicodeAnalyzer - INFO - Filtrati 2 file (es. in /dist, /test).
2025-11-16 09:27:46,640 - UnicodeAnalyzer - INFO - -> Analizzando versione 7.4.0 (1886/2158)...
2025-11-16 09:27:46,641 - UnicodeAnalyzer - INFO - Filtrati 1 file (es. in /dist, /test).
2025-11-16 09:27:46,709 - UnicodeAnalyzer - INFO - -> Analizzando versione 7.4.0-alpha.0 (1887/2158)...
2025-11-16 09:27:46,711 - UnicodeAnalyzer - INFO - Filtrati 2 file (es. in /dist, /test).
2025-11-16 09:27:46,778 - UnicodeAnalyzer - INFO - -> Analizzando versione 7.4.0-alpha.1 (1888/2158)...
2025-11-16 09:27:46,779 - UnicodeAnalyzer - INFO - Filtrati 1 file (es. in /dist, /test).
2025-11-16 09:27:46,844 - UnicodeAnalyzer - INFO - -> Analizzando versione 7.4.0-alpha.2 (1889/2158)...
2025-11-16 09:27:46,845 - UnicodeAnalyzer - INFO - Filtrati 1 file (es. in /dist, /test).
2025-11-16 09:27:46,906 - UnicodeAnalyzer - INFO - -> Analizzando versione 7.4.1 (1890/2158)...
2025-11-16 09:27:46,908 - UnicodeAnalyzer - INFO - Filtrati 1 file (es. in /dist, /test).
2025-11-16 09:27:46,976 - UnicodeAnalyzer - INFO - -> Analizzando versione 7.4.2 (1891/2158)...
2025-11-16 09:27:46,978 - UnicodeAnalyzer - INFO - Filtrati 1 file (es. in /dist, /test).
2025-11-16 09:27:47,049 - UnicodeAnalyzer - INFO - -> Analizzando versione 7.4.3 (1892/2158)...
2025-11-16 09:27:47,050 - UnicodeAnalyzer - INFO - Filtrati 1 file (es. in /dist, /test).
2025-11-16 09:27:47,111 - UnicodeAnalyzer - INFO - -> Analizzando versione 7.4.4 (1893/2158)...
2025-11-16 09:27:47,112 - UnicodeAnalyzer - INFO - Filtrati 1 file (es. in /dist, /test).
2025-11-16 09:27:47,179 - UnicodeAnalyzer - INFO - -> Analizzando versione 7.4.5 (1894/2158)...
2025-11-16 09:27:47,180 - UnicodeAnalyzer - INFO - Filtrati 1 file (es. in /dist, /test).
2025-11-16 09:27:47,247 - UnicodeAnalyzer - INFO - -> Analizzando versione 7.4.6 (1895/2158)...
2025-11-16 09:27:47,248 - UnicodeAnalyzer - INFO - Filtrati 1 file (es. in /dist, /test).
2025-11-16 09:27:47,315 - UnicodeAnalyzer - INFO - -> Analizzando versione 7.5.0 (1896/2158)...
2025-11-16 09:27:47,317 - UnicodeAnalyzer - INFO - Filtrati 1 file (es. in /dist, /test).
2025-11-16 09:27:47,377 - UnicodeAnalyzer - INFO - -> Analizzando versione 7.5.0-alpha.0 (1897/2158)...
2025-11-16 09:27:47,379 - UnicodeAnalyzer - INFO - Filtrati 1 file (es. in /dist, /test).
2025-11-16 09:27:47,442 - UnicodeAnalyzer - INFO - -> Analizzando versione 7.5.0-alpha.1 (1898/2158)...
2025-11-16 09:27:47,444 - UnicodeAnalyzer - INFO - Filtrati 1 file (es. in /dist, /test).
2025-11-16 09:27:47,511 - UnicodeAnalyzer - INFO - -> Analizzando versione 7.5.0-alpha.2 (1899/2158)...
2025-11-16 09:27:47,512 - UnicodeAnalyzer - INFO - Filtrati 1 file (es. in /dist, /test).
2025-11-16 09:27:47,579 - UnicodeAnalyzer - INFO - -> Analizzando versione 7.5.0-alpha.3 (1900/2158)...
2025-11-16 09:27:47,581 - UnicodeAnalyzer - INFO - Filtrati 1 file (es. in /dist, /test).
2025-11-16 09:27:47,648 - UnicodeAnalyzer - INFO - -> Analizzando versione 7.5.0-alpha.4 (1901/2158)...
2025-11-16 09:27:47,650 - UnicodeAnalyzer - INFO - Filtrati 1 file (es. in /dist, /test).
2025-11-16 09:27:47,717 - UnicodeAnalyzer - INFO - -> Analizzando versione 7.5.0-alpha.5 (1902/2158)...
2025-11-16 09:27:47,719 - UnicodeAnalyzer - INFO - Filtrati 1 file (es. in /dist, /test).
2025-11-16 09:27:47,793 - UnicodeAnalyzer - INFO - -> Analizzando versione 7.5.0-alpha.6 (1903/2158)...
2025-11-16 09:27:47,795 - UnicodeAnalyzer - INFO - Filtrati 1 file (es. in /dist, /test).
2025-11-16 09:27:47,861 - UnicodeAnalyzer - INFO - -> Analizzando versione 7.5.0-alpha.7 (1904/2158)...
2025-11-16 09:27:47,862 - UnicodeAnalyzer - INFO - Filtrati 1 file (es. in /dist, /test).
2025-11-16 09:27:47,932 - UnicodeAnalyzer - INFO - -> Analizzando versione 7.5.1 (1905/2158)...
2025-11-16 09:27:47,933 - UnicodeAnalyzer - INFO - Filtrati 1 file (es. in /dist, /test).
2025-11-16 09:27:47,994 - UnicodeAnalyzer - INFO - -> Analizzando versione 7.5.2 (1906/2158)...
2025-11-16 09:27:47,996 - UnicodeAnalyzer - INFO - Filtrati 1 file (es. in /dist, /test).
2025-11-16 09:27:48,062 - UnicodeAnalyzer - INFO - -> Analizzando versione 7.5.3 (1907/2158)...
2025-11-16 09:27:48,063 - UnicodeAnalyzer - INFO - Filtrati 1 file (es. in /dist, /test).
2025-11-16 09:27:48,130 - UnicodeAnalyzer - INFO - -> Analizzando versione 7.6.0 (1908/2158)...
2025-11-16 09:27:48,132 - UnicodeAnalyzer - INFO - Filtrati 1 file (es. in /dist, /test).
2025-11-16 09:27:48,191 - UnicodeAnalyzer - INFO - -> Analizzando versione 7.6.0-alpha.0 (1909/2158)...
2025-11-16 09:27:48,193 - UnicodeAnalyzer - INFO - Filtrati 1 file (es. in /dist, /test).
2025-11-16 09:27:48,257 - UnicodeAnalyzer - INFO - -> Analizzando versione 7.6.0-alpha.1 (1910/2158)...
2025-11-16 09:27:48,259 - UnicodeAnalyzer - INFO - Filtrati 1 file (es. in /dist, /test).
2025-11-16 09:27:48,325 - UnicodeAnalyzer - INFO - -> Analizzando versione 7.6.0-alpha.2 (1911/2158)...
2025-11-16 09:27:48,327 - UnicodeAnalyzer - INFO - Filtrati 1 file (es. in /dist, /test).
2025-11-16 09:27:48,388 - UnicodeAnalyzer - INFO - -> Analizzando versione 7.6.0-alpha.3 (1912/2158)...
2025-11-16 09:27:48,389 - UnicodeAnalyzer - INFO - Filtrati 1 file (es. in /dist, /test).
2025-11-16 09:27:48,454 - UnicodeAnalyzer - INFO - -> Analizzando versione 7.6.0-alpha.4 (1913/2158)...
2025-11-16 09:27:48,456 - UnicodeAnalyzer - INFO - Filtrati 1 file (es. in /dist, /test).
2025-11-16 09:27:48,524 - UnicodeAnalyzer - INFO - -> Analizzando versione 7.6.0-alpha.5 (1914/2158)...
2025-11-16 09:27:48,525 - UnicodeAnalyzer - INFO - Filtrati 1 file (es. in /dist, /test).
2025-11-16 09:27:48,586 - UnicodeAnalyzer - INFO - -> Analizzando versione 7.6.0-alpha.6 (1915/2158)...
2025-11-16 09:27:48,587 - UnicodeAnalyzer - INFO - Filtrati 1 file (es. in /dist, /test).
2025-11-16 09:27:48,651 - UnicodeAnalyzer - INFO - -> Analizzando versione 7.6.0-alpha.7 (1916/2158)...
2025-11-16 09:27:48,653 - UnicodeAnalyzer - INFO - Filtrati 1 file (es. in /dist, /test).
2025-11-16 09:27:48,720 - UnicodeAnalyzer - INFO - -> Analizzando versione 7.6.0-beta.0 (1917/2158)...
2025-11-16 09:27:48,721 - UnicodeAnalyzer - INFO - Filtrati 1 file (es. in /dist, /test).
2025-11-16 09:27:48,788 - UnicodeAnalyzer - INFO - -> Analizzando versione 7.6.0-beta.1 (1918/2158)...
2025-11-16 09:27:48,789 - UnicodeAnalyzer - INFO - Filtrati 1 file (es. in /dist, /test).
2025-11-16 09:27:48,856 - UnicodeAnalyzer - INFO - -> Analizzando versione 7.6.0-beta.2 (1919/2158)...
2025-11-16 09:27:48,858 - UnicodeAnalyzer - INFO - Filtrati 1 file (es. in /dist, /test).
2025-11-16 09:27:48,925 - UnicodeAnalyzer - INFO - -> Analizzando versione 7.6.1 (1920/2158)...
2025-11-16 09:27:48,926 - UnicodeAnalyzer - INFO - Filtrati 1 file (es. in /dist, /test).
2025-11-16 09:27:48,993 - UnicodeAnalyzer - INFO - -> Analizzando versione 7.6.10 (1921/2158)...
2025-11-16 09:27:48,994 - UnicodeAnalyzer - INFO - Filtrati 1 file (es. in /dist, /test).
2025-11-16 09:27:49,062 - UnicodeAnalyzer - INFO - -> Analizzando versione 7.6.11 (1922/2158)...
2025-11-16 09:27:49,063 - UnicodeAnalyzer - INFO - Filtrati 1 file (es. in /dist, /test).
2025-11-16 09:27:49,131 - UnicodeAnalyzer - INFO - -> Analizzando versione 7.6.12 (1923/2158)...
2025-11-16 09:27:49,132 - UnicodeAnalyzer - INFO - Filtrati 1 file (es. in /dist, /test).
2025-11-16 09:27:49,192 - UnicodeAnalyzer - INFO - -> Analizzando versione 7.6.13 (1924/2158)...
2025-11-16 09:27:49,193 - UnicodeAnalyzer - INFO - Filtrati 1 file (es. in /dist, /test).
2025-11-16 09:27:49,259 - UnicodeAnalyzer - INFO - -> Analizzando versione 7.6.14 (1925/2158)...
2025-11-16 09:27:49,260 - UnicodeAnalyzer - INFO - Filtrati 1 file (es. in /dist, /test).
2025-11-16 09:27:49,327 - UnicodeAnalyzer - INFO - -> Analizzando versione 7.6.15 (1926/2158)...
2025-11-16 09:27:49,328 - UnicodeAnalyzer - INFO - Filtrati 1 file (es. in /dist, /test).
2025-11-16 09:27:49,389 - UnicodeAnalyzer - INFO - -> Analizzando versione 7.6.16 (1927/2158)...
2025-11-16 09:27:49,391 - UnicodeAnalyzer - INFO - Filtrati 1 file (es. in /dist, /test).
2025-11-16 09:27:49,455 - UnicodeAnalyzer - INFO - -> Analizzando versione 7.6.17 (1928/2158)...
2025-11-16 09:27:49,456 - UnicodeAnalyzer - INFO - Filtrati 1 file (es. in /dist, /test).
2025-11-16 09:27:49,523 - UnicodeAnalyzer - INFO - -> Analizzando versione 7.6.18 (1929/2158)...
2025-11-16 09:27:49,524 - UnicodeAnalyzer - INFO - Filtrati 1 file (es. in /dist, /test).
2025-11-16 09:27:49,584 - UnicodeAnalyzer - INFO - -> Analizzando versione 7.6.19 (1930/2158)...
2025-11-16 09:27:49,586 - UnicodeAnalyzer - INFO - Filtrati 1 file (es. in /dist, /test).
2025-11-16 09:27:49,647 - UnicodeAnalyzer - INFO - -> Analizzando versione 7.6.2 (1931/2158)...
2025-11-16 09:27:49,648 - UnicodeAnalyzer - INFO - Filtrati 1 file (es. in /dist, /test).
2025-11-16 09:27:49,708 - UnicodeAnalyzer - INFO - -> Analizzando versione 7.6.20 (1932/2158)...
2025-11-16 09:27:49,710 - UnicodeAnalyzer - INFO - Filtrati 1 file (es. in /dist, /test).
2025-11-16 09:27:49,777 - UnicodeAnalyzer - INFO - -> Analizzando versione 7.6.3 (1933/2158)...
2025-11-16 09:27:49,778 - UnicodeAnalyzer - INFO - Filtrati 1 file (es. in /dist, /test).
2025-11-16 09:27:49,843 - UnicodeAnalyzer - INFO - -> Analizzando versione 7.6.4 (1934/2158)...
2025-11-16 09:27:49,844 - UnicodeAnalyzer - INFO - Filtrati 1 file (es. in /dist, /test).
2025-11-16 09:27:49,905 - UnicodeAnalyzer - INFO - -> Analizzando versione 7.6.5 (1935/2158)...
2025-11-16 09:27:49,907 - UnicodeAnalyzer - INFO - Filtrati 1 file (es. in /dist, /test).
2025-11-16 09:27:49,973 - UnicodeAnalyzer - INFO - -> Analizzando versione 7.6.6 (1936/2158)...
2025-11-16 09:27:49,975 - UnicodeAnalyzer - INFO - Filtrati 1 file (es. in /dist, /test).
2025-11-16 09:27:50,040 - UnicodeAnalyzer - INFO - -> Analizzando versione 7.6.7 (1937/2158)...
2025-11-16 09:27:50,041 - UnicodeAnalyzer - INFO - Filtrati 1 file (es. in /dist, /test).
2025-11-16 09:27:50,103 - UnicodeAnalyzer - INFO - -> Analizzando versione 7.6.8 (1938/2158)...
2025-11-16 09:27:50,104 - UnicodeAnalyzer - INFO - Filtrati 1 file (es. in /dist, /test).
2025-11-16 09:27:50,171 - UnicodeAnalyzer - INFO - -> Analizzando versione 7.6.9 (1939/2158)...
2025-11-16 09:27:50,172 - UnicodeAnalyzer - INFO - Filtrati 1 file (es. in /dist, /test).
2025-11-16 09:27:50,237 - UnicodeAnalyzer - INFO - -> Analizzando versione 8.0.0 (1940/2158)...
2025-11-16 09:27:50,239 - UnicodeAnalyzer - INFO - Filtrati 1 file (es. in /dist, /test).
2025-11-16 09:27:50,239 - UnicodeAnalyzer - INFO - -> Analizzando versione 8.0.0-alpha.0 (1941/2158)...
2025-11-16 09:27:50,240 - UnicodeAnalyzer - INFO - Filtrati 1 file (es. in /dist, /test).
2025-11-16 09:27:50,304 - UnicodeAnalyzer - INFO - -> Analizzando versione 8.0.0-alpha.1 (1942/2158)...
2025-11-16 09:27:50,305 - UnicodeAnalyzer - INFO - Filtrati 1 file (es. in /dist, /test).
2025-11-16 09:27:50,372 - UnicodeAnalyzer - INFO - -> Analizzando versione 8.0.0-alpha.10 (1943/2158)...
2025-11-16 09:27:50,374 - UnicodeAnalyzer - INFO - Filtrati 1 file (es. in /dist, /test).
2025-11-16 09:27:50,374 - UnicodeAnalyzer - INFO - -> Analizzando versione 8.0.0-alpha.11 (1944/2158)...
2025-11-16 09:27:50,375 - UnicodeAnalyzer - INFO - Filtrati 1 file (es. in /dist, /test).
2025-11-16 09:27:50,376 - UnicodeAnalyzer - INFO - -> Analizzando versione 8.0.0-alpha.12 (1945/2158)...
2025-11-16 09:27:50,377 - UnicodeAnalyzer - INFO - Filtrati 1 file (es. in /dist, /test).
2025-11-16 09:27:50,377 - UnicodeAnalyzer - INFO - -> Analizzando versione 8.0.0-alpha.13 (1946/2158)...
2025-11-16 09:27:50,378 - UnicodeAnalyzer - INFO - Filtrati 1 file (es. in /dist, /test).
2025-11-16 09:27:50,379 - UnicodeAnalyzer - INFO - -> Analizzando versione 8.0.0-alpha.14 (1947/2158)...
2025-11-16 09:27:50,380 - UnicodeAnalyzer - INFO - Filtrati 1 file (es. in /dist, /test).
2025-11-16 09:27:50,380 - UnicodeAnalyzer - INFO - -> Analizzando versione 8.0.0-alpha.15 (1948/2158)...
2025-11-16 09:27:50,381 - UnicodeAnalyzer - INFO - Filtrati 1 file (es. in /dist, /test).
2025-11-16 09:27:50,382 - UnicodeAnalyzer - INFO - -> Analizzando versione 8.0.0-alpha.16 (1949/2158)...
2025-11-16 09:27:50,383 - UnicodeAnalyzer - INFO - Filtrati 1 file (es. in /dist, /test).
2025-11-16 09:27:50,383 - UnicodeAnalyzer - INFO - -> Analizzando versione 8.0.0-alpha.17 (1950/2158)...
2025-11-16 09:27:50,385 - UnicodeAnalyzer - INFO - Filtrati 1 file (es. in /dist, /test).
2025-11-16 09:27:50,385 - UnicodeAnalyzer - INFO - -> Analizzando versione 8.0.0-alpha.2 (1951/2158)...
2025-11-16 09:27:50,386 - UnicodeAnalyzer - INFO - Filtrati 1 file (es. in /dist, /test).
2025-11-16 09:27:50,457 - UnicodeAnalyzer - INFO - -> Analizzando versione 8.0.0-alpha.3 (1952/2158)...
2025-11-16 09:27:50,458 - UnicodeAnalyzer - INFO - Filtrati 1 file (es. in /dist, /test).
2025-11-16 09:27:50,526 - UnicodeAnalyzer - INFO - -> Analizzando versione 8.0.0-alpha.4 (1953/2158)...
2025-11-16 09:27:50,527 - UnicodeAnalyzer - INFO - Filtrati 1 file (es. in /dist, /test).
2025-11-16 09:27:50,588 - UnicodeAnalyzer - INFO - -> Analizzando versione 8.0.0-alpha.5 (1954/2158)...
2025-11-16 09:27:50,590 - UnicodeAnalyzer - INFO - Filtrati 1 file (es. in /dist, /test).
2025-11-16 09:27:50,590 - UnicodeAnalyzer - INFO - -> Analizzando versione 8.0.0-alpha.6 (1955/2158)...
2025-11-16 09:27:50,591 - UnicodeAnalyzer - INFO - Filtrati 1 file (es. in /dist, /test).
2025-11-16 09:27:50,592 - UnicodeAnalyzer - INFO - -> Analizzando versione 8.0.0-alpha.7 (1956/2158)...
2025-11-16 09:27:50,593 - UnicodeAnalyzer - INFO - Filtrati 1 file (es. in /dist, /test).
2025-11-16 09:27:50,593 - UnicodeAnalyzer - INFO - -> Analizzando versione 8.0.0-alpha.8 (1957/2158)...
2025-11-16 09:27:50,594 - UnicodeAnalyzer - INFO - Filtrati 1 file (es. in /dist, /test).
2025-11-16 09:27:50,595 - UnicodeAnalyzer - INFO - -> Analizzando versione 8.0.0-alpha.9 (1958/2158)...
2025-11-16 09:27:50,596 - UnicodeAnalyzer - INFO - Filtrati 1 file (es. in /dist, /test).
2025-11-16 09:27:50,596 - UnicodeAnalyzer - INFO - -> Analizzando versione 8.0.0-beta.0 (1959/2158)...
2025-11-16 09:27:50,597 - UnicodeAnalyzer - INFO - Filtrati 1 file (es. in /dist, /test).
2025-11-16 09:27:50,598 - UnicodeAnalyzer - INFO - -> Analizzando versione 8.0.0-beta.1 (1960/2158)...
2025-11-16 09:27:50,599 - UnicodeAnalyzer - INFO - Filtrati 1 file (es. in /dist, /test).
2025-11-16 09:27:50,599 - UnicodeAnalyzer - INFO - -> Analizzando versione 8.0.0-beta.2 (1961/2158)...
2025-11-16 09:27:50,600 - UnicodeAnalyzer - INFO - Filtrati 1 file (es. in /dist, /test).
2025-11-16 09:27:50,600 - UnicodeAnalyzer - INFO - -> Analizzando versione 8.0.0-beta.3 (1962/2158)...
2025-11-16 09:27:50,602 - UnicodeAnalyzer - INFO - Filtrati 1 file (es. in /dist, /test).
2025-11-16 09:27:50,602 - UnicodeAnalyzer - INFO - -> Analizzando versione 8.0.0-beta.4 (1963/2158)...
2025-11-16 09:27:50,603 - UnicodeAnalyzer - INFO - Filtrati 1 file (es. in /dist, /test).
2025-11-16 09:27:50,603 - UnicodeAnalyzer - INFO - -> Analizzando versione 8.0.0-beta.5 (1964/2158)...
2025-11-16 09:27:50,604 - UnicodeAnalyzer - INFO - Filtrati 1 file (es. in /dist, /test).
2025-11-16 09:27:50,605 - UnicodeAnalyzer - INFO - -> Analizzando versione 8.0.0-beta.6 (1965/2158)...
2025-11-16 09:27:50,606 - UnicodeAnalyzer - INFO - Filtrati 1 file (es. in /dist, /test).
2025-11-16 09:27:50,606 - UnicodeAnalyzer - INFO - -> Analizzando versione 8.0.0-rc.0 (1966/2158)...
2025-11-16 09:27:50,607 - UnicodeAnalyzer - INFO - Filtrati 1 file (es. in /dist, /test).
2025-11-16 09:27:50,608 - UnicodeAnalyzer - INFO - -> Analizzando versione 8.0.0-rc.1 (1967/2158)...
2025-11-16 09:27:50,609 - UnicodeAnalyzer - INFO - Filtrati 1 file (es. in /dist, /test).
2025-11-16 09:27:50,609 - UnicodeAnalyzer - INFO - -> Analizzando versione 8.0.0-rc.2 (1968/2158)...
2025-11-16 09:27:50,610 - UnicodeAnalyzer - INFO - Filtrati 1 file (es. in /dist, /test).
2025-11-16 09:27:50,611 - UnicodeAnalyzer - INFO - -> Analizzando versione 8.0.0-rc.3 (1969/2158)...
2025-11-16 09:27:50,612 - UnicodeAnalyzer - INFO - Filtrati 1 file (es. in /dist, /test).
2025-11-16 09:27:50,612 - UnicodeAnalyzer - INFO - -> Analizzando versione 8.0.0-rc.4 (1970/2158)...
2025-11-16 09:27:50,614 - UnicodeAnalyzer - INFO - Filtrati 1 file (es. in /dist, /test).
2025-11-16 09:27:50,614 - UnicodeAnalyzer - INFO - -> Analizzando versione 8.0.0-rc.5 (1971/2158)...
2025-11-16 09:27:50,615 - UnicodeAnalyzer - INFO - Filtrati 1 file (es. in /dist, /test).
2025-11-16 09:27:50,615 - UnicodeAnalyzer - INFO - -> Analizzando versione 8.0.1 (1972/2158)...
2025-11-16 09:27:50,617 - UnicodeAnalyzer - INFO - Filtrati 1 file (es. in /dist, /test).
2025-11-16 09:27:50,617 - UnicodeAnalyzer - INFO - -> Analizzando versione 8.0.10 (1973/2158)...
2025-11-16 09:27:50,619 - UnicodeAnalyzer - INFO - Filtrati 1 file (es. in /dist, /test).
2025-11-16 09:27:50,619 - UnicodeAnalyzer - INFO - -> Analizzando versione 8.0.2 (1974/2158)...
2025-11-16 09:27:50,621 - UnicodeAnalyzer - INFO - Filtrati 1 file (es. in /dist, /test).
2025-11-16 09:27:50,621 - UnicodeAnalyzer - INFO - -> Analizzando versione 8.0.3 (1975/2158)...
2025-11-16 09:27:50,622 - UnicodeAnalyzer - INFO - Filtrati 1 file (es. in /dist, /test).
2025-11-16 09:27:50,623 - UnicodeAnalyzer - INFO - -> Analizzando versione 8.0.4 (1976/2158)...
2025-11-16 09:27:50,624 - UnicodeAnalyzer - INFO - Filtrati 1 file (es. in /dist, /test).
2025-11-16 09:27:50,624 - UnicodeAnalyzer - INFO - -> Analizzando versione 8.0.5 (1977/2158)...
2025-11-16 09:27:50,625 - UnicodeAnalyzer - INFO - Filtrati 1 file (es. in /dist, /test).
2025-11-16 09:27:50,626 - UnicodeAnalyzer - INFO - -> Analizzando versione 8.0.6 (1978/2158)...
2025-11-16 09:27:50,627 - UnicodeAnalyzer - INFO - Filtrati 1 file (es. in /dist, /test).
2025-11-16 09:27:50,627 - UnicodeAnalyzer - INFO - -> Analizzando versione 8.0.7 (1979/2158)...
2025-11-16 09:27:50,628 - UnicodeAnalyzer - INFO - Filtrati 1 file (es. in /dist, /test).
2025-11-16 09:27:50,629 - UnicodeAnalyzer - INFO - -> Analizzando versione 8.0.8 (1980/2158)...
2025-11-16 09:27:50,630 - UnicodeAnalyzer - INFO - Filtrati 1 file (es. in /dist, /test).
2025-11-16 09:27:50,630 - UnicodeAnalyzer - INFO - -> Analizzando versione 8.0.9 (1981/2158)...
2025-11-16 09:27:50,631 - UnicodeAnalyzer - INFO - Filtrati 1 file (es. in /dist, /test).
2025-11-16 09:27:50,632 - UnicodeAnalyzer - INFO - -> Analizzando versione 8.1.0 (1982/2158)...
2025-11-16 09:27:50,633 - UnicodeAnalyzer - INFO - Filtrati 1 file (es. in /dist, /test).
2025-11-16 09:27:50,633 - UnicodeAnalyzer - INFO - -> Analizzando versione 8.1.0-alpha.0 (1983/2158)...
2025-11-16 09:27:50,634 - UnicodeAnalyzer - INFO - Filtrati 1 file (es. in /dist, /test).
2025-11-16 09:27:50,635 - UnicodeAnalyzer - INFO - -> Analizzando versione 8.1.0-alpha.1 (1984/2158)...
2025-11-16 09:27:50,636 - UnicodeAnalyzer - INFO - Filtrati 1 file (es. in /dist, /test).
2025-11-16 09:27:50,636 - UnicodeAnalyzer - INFO - -> Analizzando versione 8.1.0-alpha.2 (1985/2158)...
2025-11-16 09:27:50,637 - UnicodeAnalyzer - INFO - Filtrati 1 file (es. in /dist, /test).
2025-11-16 09:27:50,638 - UnicodeAnalyzer - INFO - -> Analizzando versione 8.1.0-alpha.3 (1986/2158)...
2025-11-16 09:27:50,639 - UnicodeAnalyzer - INFO - Filtrati 1 file (es. in /dist, /test).
2025-11-16 09:27:50,639 - UnicodeAnalyzer - INFO - -> Analizzando versione 8.1.0-alpha.4 (1987/2158)...
2025-11-16 09:27:50,640 - UnicodeAnalyzer - INFO - Filtrati 1 file (es. in /dist, /test).
2025-11-16 09:27:50,641 - UnicodeAnalyzer - INFO - -> Analizzando versione 8.1.0-alpha.5 (1988/2158)...
2025-11-16 09:27:50,642 - UnicodeAnalyzer - INFO - Filtrati 1 file (es. in /dist, /test).
2025-11-16 09:27:50,642 - UnicodeAnalyzer - INFO - -> Analizzando versione 8.1.0-alpha.6 (1989/2158)...
2025-11-16 09:27:50,643 - UnicodeAnalyzer - INFO - Filtrati 1 file (es. in /dist, /test).
2025-11-16 09:27:50,644 - UnicodeAnalyzer - INFO - -> Analizzando versione 8.1.0-alpha.7 (1990/2158)...
2025-11-16 09:27:50,645 - UnicodeAnalyzer - INFO - Filtrati 1 file (es. in /dist, /test).
2025-11-16 09:27:50,645 - UnicodeAnalyzer - INFO - -> Analizzando versione 8.1.0-alpha.8 (1991/2158)...
2025-11-16 09:27:50,646 - UnicodeAnalyzer - INFO - Filtrati 1 file (es. in /dist, /test).
2025-11-16 09:27:50,647 - UnicodeAnalyzer - INFO - -> Analizzando versione 8.1.0-beta.0 (1992/2158)...
2025-11-16 09:27:50,648 - UnicodeAnalyzer - INFO - Filtrati 1 file (es. in /dist, /test).
2025-11-16 09:27:50,648 - UnicodeAnalyzer - INFO - -> Analizzando versione 8.1.0-beta.1 (1993/2158)...
2025-11-16 09:27:50,649 - UnicodeAnalyzer - INFO - Filtrati 1 file (es. in /dist, /test).
2025-11-16 09:27:50,650 - UnicodeAnalyzer - INFO - -> Analizzando versione 8.1.1 (1994/2158)...
2025-11-16 09:27:50,652 - UnicodeAnalyzer - INFO - Filtrati 1 file (es. in /dist, /test).
2025-11-16 09:27:50,652 - UnicodeAnalyzer - INFO - -> Analizzando versione 8.1.10 (1995/2158)...
2025-11-16 09:27:50,654 - UnicodeAnalyzer - INFO - Filtrati 1 file (es. in /dist, /test).
2025-11-16 09:27:50,654 - UnicodeAnalyzer - INFO - -> Analizzando versione 8.1.11 (1996/2158)...
2025-11-16 09:27:50,655 - UnicodeAnalyzer - INFO - Filtrati 1 file (es. in /dist, /test).
2025-11-16 09:27:50,655 - UnicodeAnalyzer - INFO - -> Analizzando versione 8.1.2 (1997/2158)...
2025-11-16 09:27:50,657 - UnicodeAnalyzer - INFO - Filtrati 1 file (es. in /dist, /test).
2025-11-16 09:27:50,657 - UnicodeAnalyzer - INFO - -> Analizzando versione 8.1.3 (1998/2158)...
2025-11-16 09:27:50,658 - UnicodeAnalyzer - INFO - Filtrati 1 file (es. in /dist, /test).
2025-11-16 09:27:50,658 - UnicodeAnalyzer - INFO - -> Analizzando versione 8.1.4 (1999/2158)...
2025-11-16 09:27:50,660 - UnicodeAnalyzer - INFO - Filtrati 1 file (es. in /dist, /test).
2025-11-16 09:27:50,660 - UnicodeAnalyzer - INFO - -> Analizzando versione 8.1.5 (2000/2158)...
2025-11-16 09:27:50,661 - UnicodeAnalyzer - INFO - Filtrati 1 file (es. in /dist, /test).
2025-11-16 09:27:50,661 - UnicodeAnalyzer - INFO - -> Analizzando versione 8.1.6 (2001/2158)...
2025-11-16 09:27:50,663 - UnicodeAnalyzer - INFO - Filtrati 1 file (es. in /dist, /test).
2025-11-16 09:27:50,663 - UnicodeAnalyzer - INFO - -> Analizzando versione 8.1.7 (2002/2158)...
2025-11-16 09:27:50,664 - UnicodeAnalyzer - INFO - Filtrati 1 file (es. in /dist, /test).
2025-11-16 09:27:50,664 - UnicodeAnalyzer - INFO - -> Analizzando versione 8.1.8 (2003/2158)...
2025-11-16 09:27:50,666 - UnicodeAnalyzer - INFO - Filtrati 1 file (es. in /dist, /test).
2025-11-16 09:27:50,666 - UnicodeAnalyzer - INFO - -> Analizzando versione 8.1.9 (2004/2158)...
2025-11-16 09:27:50,667 - UnicodeAnalyzer - INFO - Filtrati 1 file (es. in /dist, /test).
2025-11-16 09:27:50,667 - UnicodeAnalyzer - INFO - -> Analizzando versione 8.2.0 (2005/2158)...
2025-11-16 09:27:50,668 - UnicodeAnalyzer - INFO - -> Analizzando versione 8.2.0-alpha.0 (2006/2158)...
2025-11-16 09:27:50,669 - UnicodeAnalyzer - INFO - Filtrati 1 file (es. in /dist, /test).
2025-11-16 09:27:50,669 - UnicodeAnalyzer - INFO - -> Analizzando versione 8.2.0-alpha.1 (2007/2158)...
2025-11-16 09:27:50,670 - UnicodeAnalyzer - INFO - Filtrati 1 file (es. in /dist, /test).
2025-11-16 09:27:50,671 - UnicodeAnalyzer - INFO - -> Analizzando versione 8.2.0-alpha.10 (2008/2158)...
2025-11-16 09:27:50,672 - UnicodeAnalyzer - INFO - Filtrati 1 file (es. in /dist, /test).
2025-11-16 09:27:50,672 - UnicodeAnalyzer - INFO - -> Analizzando versione 8.2.0-alpha.2 (2009/2158)...
2025-11-16 09:27:50,673 - UnicodeAnalyzer - INFO - Filtrati 1 file (es. in /dist, /test).
2025-11-16 09:27:50,674 - UnicodeAnalyzer - INFO - -> Analizzando versione 8.2.0-alpha.3 (2010/2158)...
2025-11-16 09:27:50,675 - UnicodeAnalyzer - INFO - Filtrati 1 file (es. in /dist, /test).
2025-11-16 09:27:50,675 - UnicodeAnalyzer - INFO - -> Analizzando versione 8.2.0-alpha.4 (2011/2158)...
2025-11-16 09:27:50,676 - UnicodeAnalyzer - INFO - Filtrati 1 file (es. in /dist, /test).
2025-11-16 09:27:50,677 - UnicodeAnalyzer - INFO - -> Analizzando versione 8.2.0-alpha.5 (2012/2158)...
2025-11-16 09:27:50,678 - UnicodeAnalyzer - INFO - Filtrati 1 file (es. in /dist, /test).
2025-11-16 09:27:50,678 - UnicodeAnalyzer - INFO - -> Analizzando versione 8.2.0-alpha.6 (2013/2158)...
2025-11-16 09:27:50,679 - UnicodeAnalyzer - INFO - Filtrati 1 file (es. in /dist, /test).
2025-11-16 09:27:50,680 - UnicodeAnalyzer - INFO - -> Analizzando versione 8.2.0-alpha.7 (2014/2158)...
2025-11-16 09:27:50,681 - UnicodeAnalyzer - INFO - Filtrati 1 file (es. in /dist, /test).
2025-11-16 09:27:50,681 - UnicodeAnalyzer - INFO - -> Analizzando versione 8.2.0-alpha.8 (2015/2158)...
2025-11-16 09:27:50,682 - UnicodeAnalyzer - INFO - Filtrati 1 file (es. in /dist, /test).
2025-11-16 09:27:50,683 - UnicodeAnalyzer - INFO - -> Analizzando versione 8.2.0-alpha.9 (2016/2158)...
2025-11-16 09:27:50,685 - UnicodeAnalyzer - INFO - Filtrati 1 file (es. in /dist, /test).
2025-11-16 09:27:50,685 - UnicodeAnalyzer - INFO - -> Analizzando versione 8.2.0-beta.0 (2017/2158)...
2025-11-16 09:27:50,686 - UnicodeAnalyzer - INFO - -> Analizzando versione 8.2.0-beta.1 (2018/2158)...
2025-11-16 09:27:50,686 - UnicodeAnalyzer - INFO - -> Analizzando versione 8.2.0-beta.2 (2019/2158)...
2025-11-16 09:27:50,686 - UnicodeAnalyzer - INFO - -> Analizzando versione 8.2.0-beta.3 (2020/2158)...
2025-11-16 09:27:50,686 - UnicodeAnalyzer - INFO - -> Analizzando versione 8.2.1 (2021/2158)...
2025-11-16 09:27:50,686 - UnicodeAnalyzer - INFO - -> Analizzando versione 8.2.10 (2022/2158)...
2025-11-16 09:27:50,687 - UnicodeAnalyzer - INFO - -> Analizzando versione 8.2.2 (2023/2158)...
2025-11-16 09:27:50,687 - UnicodeAnalyzer - INFO - -> Analizzando versione 8.2.3 (2024/2158)...
2025-11-16 09:27:50,687 - UnicodeAnalyzer - INFO - -> Analizzando versione 8.2.4 (2025/2158)...
2025-11-16 09:27:50,687 - UnicodeAnalyzer - INFO - -> Analizzando versione 8.2.5 (2026/2158)...
2025-11-16 09:27:50,688 - UnicodeAnalyzer - INFO - -> Analizzando versione 8.2.6 (2027/2158)...
2025-11-16 09:27:50,688 - UnicodeAnalyzer - INFO - -> Analizzando versione 8.2.7 (2028/2158)...
2025-11-16 09:27:50,688 - UnicodeAnalyzer - INFO - -> Analizzando versione 8.2.8 (2029/2158)...
2025-11-16 09:27:50,688 - UnicodeAnalyzer - INFO - -> Analizzando versione 8.2.9 (2030/2158)...
2025-11-16 09:27:50,688 - UnicodeAnalyzer - INFO - -> Analizzando versione 8.3.0 (2031/2158)...
2025-11-16 09:27:50,689 - UnicodeAnalyzer - INFO - -> Analizzando versione 8.3.0-alpha.0 (2032/2158)...
2025-11-16 09:27:50,689 - UnicodeAnalyzer - INFO - -> Analizzando versione 8.3.0-alpha.1 (2033/2158)...
2025-11-16 09:27:50,689 - UnicodeAnalyzer - INFO - -> Analizzando versione 8.3.0-alpha.10 (2034/2158)...
2025-11-16 09:27:50,689 - UnicodeAnalyzer - INFO - -> Analizzando versione 8.3.0-alpha.11 (2035/2158)...
2025-11-16 09:27:50,690 - UnicodeAnalyzer - INFO - -> Analizzando versione 8.3.0-alpha.2 (2036/2158)...
2025-11-16 09:27:50,690 - UnicodeAnalyzer - INFO - -> Analizzando versione 8.3.0-alpha.3 (2037/2158)...
2025-11-16 09:27:50,690 - UnicodeAnalyzer - INFO - -> Analizzando versione 8.3.0-alpha.4 (2038/2158)...
2025-11-16 09:27:50,690 - UnicodeAnalyzer - INFO - -> Analizzando versione 8.3.0-alpha.5 (2039/2158)...
2025-11-16 09:27:50,690 - UnicodeAnalyzer - INFO - -> Analizzando versione 8.3.0-alpha.6 (2040/2158)...
2025-11-16 09:27:50,691 - UnicodeAnalyzer - INFO - -> Analizzando versione 8.3.0-alpha.7 (2041/2158)...
2025-11-16 09:27:50,691 - UnicodeAnalyzer - INFO - -> Analizzando versione 8.3.0-alpha.8 (2042/2158)...
2025-11-16 09:27:50,691 - UnicodeAnalyzer - INFO - -> Analizzando versione 8.3.0-alpha.9 (2043/2158)...
2025-11-16 09:27:50,691 - UnicodeAnalyzer - INFO - -> Analizzando versione 8.3.0-beta.0 (2044/2158)...
2025-11-16 09:27:50,692 - UnicodeAnalyzer - INFO - -> Analizzando versione 8.3.0-beta.1 (2045/2158)...
2025-11-16 09:27:50,692 - UnicodeAnalyzer - INFO - -> Analizzando versione 8.3.0-beta.2 (2046/2158)...
2025-11-16 09:27:50,692 - UnicodeAnalyzer - INFO - -> Analizzando versione 8.3.0-beta.3 (2047/2158)...
2025-11-16 09:27:50,692 - UnicodeAnalyzer - INFO - -> Analizzando versione 8.3.0-beta.4 (2048/2158)...
2025-11-16 09:27:50,692 - UnicodeAnalyzer - INFO - -> Analizzando versione 8.3.0-beta.5 (2049/2158)...
2025-11-16 09:27:50,693 - UnicodeAnalyzer - INFO - -> Analizzando versione 8.3.1 (2050/2158)...
2025-11-16 09:27:50,693 - UnicodeAnalyzer - INFO - -> Analizzando versione 8.3.2 (2051/2158)...
2025-11-16 09:27:50,693 - UnicodeAnalyzer - INFO - -> Analizzando versione 8.3.3 (2052/2158)...
2025-11-16 09:27:50,693 - UnicodeAnalyzer - INFO - -> Analizzando versione 8.3.4 (2053/2158)...
2025-11-16 09:27:50,694 - UnicodeAnalyzer - INFO - -> Analizzando versione 8.3.5 (2054/2158)...
2025-11-16 09:27:50,694 - UnicodeAnalyzer - INFO - -> Analizzando versione 8.3.6 (2055/2158)...
2025-11-16 09:27:50,694 - UnicodeAnalyzer - INFO - -> Analizzando versione 8.3.7 (2056/2158)...
2025-11-16 09:27:50,694 - UnicodeAnalyzer - INFO - -> Analizzando versione 8.4.0 (2057/2158)...
2025-11-16 09:27:50,694 - UnicodeAnalyzer - INFO - -> Analizzando versione 8.4.0-alpha.0 (2058/2158)...
2025-11-16 09:27:50,695 - UnicodeAnalyzer - INFO - -> Analizzando versione 8.4.0-alpha.1 (2059/2158)...
2025-11-16 09:27:50,695 - UnicodeAnalyzer - INFO - -> Analizzando versione 8.4.0-alpha.2 (2060/2158)...
2025-11-16 09:27:50,695 - UnicodeAnalyzer - INFO - -> Analizzando versione 8.4.0-alpha.3 (2061/2158)...
2025-11-16 09:27:50,695 - UnicodeAnalyzer - INFO - -> Analizzando versione 8.4.0-alpha.4 (2062/2158)...
2025-11-16 09:27:50,696 - UnicodeAnalyzer - INFO - -> Analizzando versione 8.4.0-alpha.5 (2063/2158)...
2025-11-16 09:27:50,696 - UnicodeAnalyzer - INFO - -> Analizzando versione 8.4.0-alpha.6 (2064/2158)...
2025-11-16 09:27:50,696 - UnicodeAnalyzer - INFO - -> Analizzando versione 8.4.0-alpha.7 (2065/2158)...
2025-11-16 09:27:50,696 - UnicodeAnalyzer - INFO - -> Analizzando versione 8.4.0-alpha.8 (2066/2158)...
2025-11-16 09:27:50,696 - UnicodeAnalyzer - INFO - -> Analizzando versione 8.4.0-beta.0 (2067/2158)...
2025-11-16 09:27:50,697 - UnicodeAnalyzer - INFO - -> Analizzando versione 8.4.0-beta.1 (2068/2158)...
2025-11-16 09:27:50,697 - UnicodeAnalyzer - INFO - -> Analizzando versione 8.4.0-beta.2 (2069/2158)...
2025-11-16 09:27:50,697 - UnicodeAnalyzer - INFO - -> Analizzando versione 8.4.0-beta.3 (2070/2158)...
2025-11-16 09:27:50,697 - UnicodeAnalyzer - INFO - -> Analizzando versione 8.4.0-beta.4 (2071/2158)...
2025-11-16 09:27:50,698 - UnicodeAnalyzer - INFO - -> Analizzando versione 8.4.0-beta.5 (2072/2158)...
2025-11-16 09:27:50,698 - UnicodeAnalyzer - INFO - -> Analizzando versione 8.4.1 (2073/2158)...
2025-11-16 09:27:50,698 - UnicodeAnalyzer - INFO - -> Analizzando versione 8.4.2 (2074/2158)...
2025-11-16 09:27:50,698 - UnicodeAnalyzer - INFO - -> Analizzando versione 8.4.3 (2075/2158)...
2025-11-16 09:27:50,698 - UnicodeAnalyzer - INFO - -> Analizzando versione 8.4.4 (2076/2158)...
2025-11-16 09:27:50,699 - UnicodeAnalyzer - INFO - -> Analizzando versione 8.4.5 (2077/2158)...
2025-11-16 09:27:50,699 - UnicodeAnalyzer - INFO - -> Analizzando versione 8.4.6 (2078/2158)...
2025-11-16 09:27:50,699 - UnicodeAnalyzer - INFO - -> Analizzando versione 8.4.7 (2079/2158)...
2025-11-16 09:27:50,699 - UnicodeAnalyzer - INFO - -> Analizzando versione 8.5.0 (2080/2158)...
2025-11-16 09:27:50,700 - UnicodeAnalyzer - INFO - -> Analizzando versione 8.5.0-alpha.0 (2081/2158)...
2025-11-16 09:27:50,700 - UnicodeAnalyzer - INFO - -> Analizzando versione 8.5.0-alpha.1 (2082/2158)...
2025-11-16 09:27:50,700 - UnicodeAnalyzer - INFO - -> Analizzando versione 8.5.0-alpha.10 (2083/2158)...
2025-11-16 09:27:50,700 - UnicodeAnalyzer - INFO - -> Analizzando versione 8.5.0-alpha.11 (2084/2158)...
2025-11-16 09:27:50,700 - UnicodeAnalyzer - INFO - -> Analizzando versione 8.5.0-alpha.12 (2085/2158)...
2025-11-16 09:27:50,701 - UnicodeAnalyzer - INFO - -> Analizzando versione 8.5.0-alpha.13 (2086/2158)...
2025-11-16 09:27:50,701 - UnicodeAnalyzer - INFO - -> Analizzando versione 8.5.0-alpha.14 (2087/2158)...
2025-11-16 09:27:50,701 - UnicodeAnalyzer - INFO - -> Analizzando versione 8.5.0-alpha.15 (2088/2158)...
2025-11-16 09:27:50,701 - UnicodeAnalyzer - INFO - -> Analizzando versione 8.5.0-alpha.16 (2089/2158)...
2025-11-16 09:27:50,702 - UnicodeAnalyzer - INFO - -> Analizzando versione 8.5.0-alpha.17 (2090/2158)...
2025-11-16 09:27:50,702 - UnicodeAnalyzer - INFO - -> Analizzando versione 8.5.0-alpha.18 (2091/2158)...
2025-11-16 09:27:50,702 - UnicodeAnalyzer - INFO - -> Analizzando versione 8.5.0-alpha.19 (2092/2158)...
2025-11-16 09:27:50,702 - UnicodeAnalyzer - INFO - -> Analizzando versione 8.5.0-alpha.2 (2093/2158)...
2025-11-16 09:27:50,702 - UnicodeAnalyzer - INFO - -> Analizzando versione 8.5.0-alpha.20 (2094/2158)...
2025-11-16 09:27:50,703 - UnicodeAnalyzer - INFO - -> Analizzando versione 8.5.0-alpha.21 (2095/2158)...
2025-11-16 09:27:50,703 - UnicodeAnalyzer - INFO - -> Analizzando versione 8.5.0-alpha.22 (2096/2158)...
2025-11-16 09:27:50,703 - UnicodeAnalyzer - INFO - -> Analizzando versione 8.5.0-alpha.3 (2097/2158)...
2025-11-16 09:27:50,703 - UnicodeAnalyzer - INFO - -> Analizzando versione 8.5.0-alpha.4 (2098/2158)...
2025-11-16 09:27:50,704 - UnicodeAnalyzer - INFO - -> Analizzando versione 8.5.0-alpha.5 (2099/2158)...
2025-11-16 09:27:50,704 - UnicodeAnalyzer - INFO - -> Analizzando versione 8.5.0-alpha.6 (2100/2158)...
2025-11-16 09:27:50,704 - UnicodeAnalyzer - INFO - -> Analizzando versione 8.5.0-alpha.7 (2101/2158)...
2025-11-16 09:27:50,704 - UnicodeAnalyzer - INFO - -> Analizzando versione 8.5.0-alpha.8 (2102/2158)...
2025-11-16 09:27:50,705 - UnicodeAnalyzer - INFO - -> Analizzando versione 8.5.0-alpha.9 (2103/2158)...
2025-11-16 09:27:50,705 - UnicodeAnalyzer - INFO - -> Analizzando versione 8.5.0-beta.0 (2104/2158)...
2025-11-16 09:27:50,705 - UnicodeAnalyzer - INFO - -> Analizzando versione 8.5.0-beta.1 (2105/2158)...
2025-11-16 09:27:50,705 - UnicodeAnalyzer - INFO - -> Analizzando versione 8.5.0-beta.10 (2106/2158)...
2025-11-16 09:27:50,705 - UnicodeAnalyzer - INFO - -> Analizzando versione 8.5.0-beta.11 (2107/2158)...
2025-11-16 09:27:50,706 - UnicodeAnalyzer - INFO - -> Analizzando versione 8.5.0-beta.2 (2108/2158)...
2025-11-16 09:27:50,706 - UnicodeAnalyzer - INFO - -> Analizzando versione 8.5.0-beta.3 (2109/2158)...
2025-11-16 09:27:50,706 - UnicodeAnalyzer - INFO - -> Analizzando versione 8.5.0-beta.4 (2110/2158)...
2025-11-16 09:27:50,706 - UnicodeAnalyzer - INFO - -> Analizzando versione 8.5.0-beta.5 (2111/2158)...
2025-11-16 09:27:50,707 - UnicodeAnalyzer - INFO - -> Analizzando versione 8.5.0-beta.6 (2112/2158)...
2025-11-16 09:27:50,707 - UnicodeAnalyzer - INFO - -> Analizzando versione 8.5.0-beta.7 (2113/2158)...
2025-11-16 09:27:50,707 - UnicodeAnalyzer - INFO - -> Analizzando versione 8.5.0-beta.8 (2114/2158)...
2025-11-16 09:27:50,707 - UnicodeAnalyzer - INFO - -> Analizzando versione 8.5.0-beta.9 (2115/2158)...
2025-11-16 09:27:50,707 - UnicodeAnalyzer - INFO - -> Analizzando versione 8.5.1 (2116/2158)...
2025-11-16 09:27:50,708 - UnicodeAnalyzer - INFO - -> Analizzando versione 8.5.2 (2117/2158)...
2025-11-16 09:27:50,708 - UnicodeAnalyzer - INFO - -> Analizzando versione 8.5.3 (2118/2158)...
2025-11-16 09:27:50,708 - UnicodeAnalyzer - INFO - -> Analizzando versione 8.5.4 (2119/2158)...
2025-11-16 09:27:50,708 - UnicodeAnalyzer - INFO - -> Analizzando versione 8.5.5 (2120/2158)...
2025-11-16 09:27:50,709 - UnicodeAnalyzer - INFO - -> Analizzando versione 8.5.6 (2121/2158)...
2025-11-16 09:27:50,709 - UnicodeAnalyzer - INFO - -> Analizzando versione 8.5.7 (2122/2158)...
2025-11-16 09:27:50,709 - UnicodeAnalyzer - INFO - -> Analizzando versione 8.5.8 (2123/2158)...
2025-11-16 09:27:50,709 - UnicodeAnalyzer - INFO - -> Analizzando versione 8.6.0 (2124/2158)...
2025-11-16 09:27:50,709 - UnicodeAnalyzer - INFO - -> Analizzando versione 8.6.0-alpha.0 (2125/2158)...
2025-11-16 09:27:50,710 - UnicodeAnalyzer - INFO - -> Analizzando versione 8.6.0-alpha.1 (2126/2158)...
2025-11-16 09:27:50,710 - UnicodeAnalyzer - INFO - -> Analizzando versione 8.6.0-alpha.2 (2127/2158)...
2025-11-16 09:27:50,710 - UnicodeAnalyzer - INFO - -> Analizzando versione 8.6.0-alpha.3 (2128/2158)...
2025-11-16 09:27:50,710 - UnicodeAnalyzer - INFO - -> Analizzando versione 8.6.0-alpha.4 (2129/2158)...
2025-11-16 09:27:50,711 - UnicodeAnalyzer - INFO - -> Analizzando versione 8.6.0-alpha.5 (2130/2158)...
2025-11-16 09:27:50,711 - UnicodeAnalyzer - INFO - -> Analizzando versione 8.6.0-beta.0 (2131/2158)...
2025-11-16 09:27:50,711 - UnicodeAnalyzer - INFO - -> Analizzando versione 8.6.0-beta.1 (2132/2158)...
2025-11-16 09:27:50,711 - UnicodeAnalyzer - INFO - -> Analizzando versione 8.6.0-beta.10 (2133/2158)...
2025-11-16 09:27:50,711 - UnicodeAnalyzer - INFO - -> Analizzando versione 8.6.0-beta.2 (2134/2158)...
2025-11-16 09:27:50,712 - UnicodeAnalyzer - INFO - -> Analizzando versione 8.6.0-beta.3 (2135/2158)...
2025-11-16 09:27:50,712 - UnicodeAnalyzer - INFO - -> Analizzando versione 8.6.0-beta.4 (2136/2158)...
2025-11-16 09:27:50,712 - UnicodeAnalyzer - INFO - -> Analizzando versione 8.6.0-beta.5 (2137/2158)...
2025-11-16 09:27:50,712 - UnicodeAnalyzer - INFO - -> Analizzando versione 8.6.0-beta.6 (2138/2158)...
2025-11-16 09:27:50,713 - UnicodeAnalyzer - INFO - -> Analizzando versione 8.6.0-beta.7 (2139/2158)...
2025-11-16 09:27:50,713 - UnicodeAnalyzer - INFO - -> Analizzando versione 8.6.0-beta.8 (2140/2158)...
2025-11-16 09:27:50,713 - UnicodeAnalyzer - INFO - -> Analizzando versione 8.6.0-beta.9 (2141/2158)...
2025-11-16 09:27:50,713 - UnicodeAnalyzer - INFO - -> Analizzando versione 8.6.1 (2142/2158)...
2025-11-16 09:27:50,713 - UnicodeAnalyzer - INFO - -> Analizzando versione 8.6.10 (2143/2158)...
2025-11-16 09:27:50,714 - UnicodeAnalyzer - INFO - -> Analizzando versione 8.6.11 (2144/2158)...
2025-11-16 09:27:50,714 - UnicodeAnalyzer - INFO - -> Analizzando versione 8.6.12 (2145/2158)...
2025-11-16 09:27:50,714 - UnicodeAnalyzer - INFO - -> Analizzando versione 8.6.13 (2146/2158)...
2025-11-16 09:27:50,714 - UnicodeAnalyzer - INFO - -> Analizzando versione 8.6.14 (2147/2158)...
2025-11-16 09:27:50,715 - UnicodeAnalyzer - INFO - -> Analizzando versione 8.6.2 (2148/2158)...
2025-11-16 09:27:50,715 - UnicodeAnalyzer - INFO - -> Analizzando versione 8.6.3 (2149/2158)...
2025-11-16 09:27:50,715 - UnicodeAnalyzer - INFO - -> Analizzando versione 8.6.4 (2150/2158)...
2025-11-16 09:27:50,715 - UnicodeAnalyzer - INFO - -> Analizzando versione 8.6.5 (2151/2158)...
2025-11-16 09:27:50,715 - UnicodeAnalyzer - INFO - -> Analizzando versione 8.6.6 (2152/2158)...
2025-11-16 09:27:50,716 - UnicodeAnalyzer - INFO - -> Analizzando versione 8.6.7 (2153/2158)...
2025-11-16 09:27:50,716 - UnicodeAnalyzer - INFO - -> Analizzando versione 8.6.8 (2154/2158)...
2025-11-16 09:27:50,716 - UnicodeAnalyzer - INFO - -> Analizzando versione 8.6.9 (2155/2158)...
2025-11-16 09:27:50,716 - UnicodeAnalyzer - INFO - -> Analizzando versione 8.7.0-alpha.0 (2156/2158)...
2025-11-16 09:27:50,716 - UnicodeAnalyzer - INFO - -> Analizzando versione 9.0.0-alpha.0 (2157/2158)...
2025-11-16 09:27:50,717 - UnicodeAnalyzer - INFO - -> Analizzando versione 9.0.0-alpha.1 (2158/2158)...
2025-11-16 09:27:50,721 - UnicodeAnalyzer - INFO - Esportando i risultati HUT per '@storybook/components' in CSV...
2025-11-16 09:27:55,934 - UnicodeAnalyzer - INFO - Report salvati in: /app/npm_hut_results/@storybook_components
2025-11-16 09:27:55,942 - NPM_HUT_Analyzer - INFO - Pulizia cartella temporanea 'temp_hut/@storybook_components'...
2025-11-16 09:28:08,559 - NPM_HUT_Analyzer - INFO - Pulizia completata.
