2025-11-13 18:51:10,217 - NPM_HUT_Analyzer - INFO - Recupero metadata per '@sentry/core'...
2025-11-13 18:51:10,391 - NPM_HUT_Analyzer - INFO - Trovate 665 versioni. Inizio download in 'temp_hut/@sentry_core'...
2025-11-13 19:04:49,499 - UnicodeAnalyzer - INFO - Analizzando 665 versioni per '*.js' in '@sentry_core'.
2025-11-13 19:04:49,499 - UnicodeAnalyzer - INFO - -> Analizzando versione 0.1.0 (1/665)...
2025-11-13 19:04:49,500 - UnicodeAnalyzer - INFO - Filtrati 16 file (es. in /dist, /test).
2025-11-13 19:04:49,564 - UnicodeAnalyzer - INFO - -> Analizzando versione 0.2.0 (2/665)...
2025-11-13 19:04:49,565 - UnicodeAnalyzer - INFO - Filtrati 16 file (es. in /dist, /test).
2025-11-13 19:04:49,637 - UnicodeAnalyzer - INFO - -> Analizzando versione 0.2.1 (3/665)...
2025-11-13 19:04:49,639 - UnicodeAnalyzer - INFO - Filtrati 16 file (es. in /dist, /test).
2025-11-13 19:04:49,719 - UnicodeAnalyzer - INFO - -> Analizzando versione 0.3.0 (4/665)...
2025-11-13 19:04:49,720 - UnicodeAnalyzer - INFO - Filtrati 16 file (es. in /dist, /test).
2025-11-13 19:04:49,791 - UnicodeAnalyzer - INFO - -> Analizzando versione 0.4.0 (5/665)...
2025-11-13 19:04:49,791 - UnicodeAnalyzer - INFO - Filtrati 8 file (es. in /dist, /test).
2025-11-13 19:04:49,792 - UnicodeAnalyzer - INFO - -> Analizzando versione 0.4.0-0 (6/665)...
2025-11-13 19:04:49,792 - UnicodeAnalyzer - INFO - Filtrati 6 file (es. in /dist, /test).
2025-11-13 19:04:49,792 - UnicodeAnalyzer - INFO - -> Analizzando versione 0.4.0-beta.1 (7/665)...
2025-11-13 19:04:49,792 - UnicodeAnalyzer - INFO - Filtrati 6 file (es. in /dist, /test).
2025-11-13 19:04:49,792 - UnicodeAnalyzer - INFO - -> Analizzando versione 0.4.0-beta.2 (8/665)...
2025-11-13 19:04:49,793 - UnicodeAnalyzer - INFO - Filtrati 6 file (es. in /dist, /test).
2025-11-13 19:04:49,793 - UnicodeAnalyzer - INFO - -> Analizzando versione 0.4.0-beta.3 (9/665)...
2025-11-13 19:04:49,793 - UnicodeAnalyzer - INFO - Filtrati 6 file (es. in /dist, /test).
2025-11-13 19:04:49,793 - UnicodeAnalyzer - INFO - -> Analizzando versione 0.4.0-beta.4 (10/665)...
2025-11-13 19:04:49,794 - UnicodeAnalyzer - INFO - Filtrati 6 file (es. in /dist, /test).
2025-11-13 19:04:49,794 - UnicodeAnalyzer - INFO - -> Analizzando versione 0.4.0-beta.5 (11/665)...
2025-11-13 19:04:49,794 - UnicodeAnalyzer - INFO - Filtrati 8 file (es. in /dist, /test).
2025-11-13 19:04:49,794 - UnicodeAnalyzer - INFO - -> Analizzando versione 0.4.0-beta.6 (12/665)...
2025-11-13 19:04:49,795 - UnicodeAnalyzer - INFO - Filtrati 8 file (es. in /dist, /test).
2025-11-13 19:04:49,795 - UnicodeAnalyzer - INFO - -> Analizzando versione 0.4.0-beta.7 (13/665)...
2025-11-13 19:04:49,796 - UnicodeAnalyzer - INFO - Filtrati 8 file (es. in /dist, /test).
2025-11-13 19:04:49,796 - UnicodeAnalyzer - INFO - -> Analizzando versione 0.4.1 (14/665)...
2025-11-13 19:04:49,796 - UnicodeAnalyzer - INFO - Filtrati 8 file (es. in /dist, /test).
2025-11-13 19:04:49,796 - UnicodeAnalyzer - INFO - -> Analizzando versione 0.4.2 (15/665)...
2025-11-13 19:04:49,797 - UnicodeAnalyzer - INFO - Filtrati 8 file (es. in /dist, /test).
2025-11-13 19:04:49,797 - UnicodeAnalyzer - INFO - -> Analizzando versione 0.5.0 (16/665)...
2025-11-13 19:04:49,797 - UnicodeAnalyzer - INFO - Filtrati 7 file (es. in /dist, /test).
2025-11-13 19:04:49,797 - UnicodeAnalyzer - INFO - -> Analizzando versione 0.5.0-beta.0 (17/665)...
2025-11-13 19:04:49,798 - UnicodeAnalyzer - INFO - Filtrati 8 file (es. in /dist, /test).
2025-11-13 19:04:49,798 - UnicodeAnalyzer - INFO - -> Analizzando versione 0.5.0-beta.1 (18/665)...
2025-11-13 19:04:49,798 - UnicodeAnalyzer - INFO - Filtrati 8 file (es. in /dist, /test).
2025-11-13 19:04:49,798 - UnicodeAnalyzer - INFO - -> Analizzando versione 0.5.0-beta.2 (19/665)...
2025-11-13 19:04:49,798 - UnicodeAnalyzer - INFO - Filtrati 7 file (es. in /dist, /test).
2025-11-13 19:04:49,799 - UnicodeAnalyzer - INFO - -> Analizzando versione 0.5.0-beta.3 (20/665)...
2025-11-13 19:04:49,799 - UnicodeAnalyzer - INFO - Filtrati 7 file (es. in /dist, /test).
2025-11-13 19:04:49,799 - UnicodeAnalyzer - INFO - -> Analizzando versione 0.5.0-beta.4 (21/665)...
2025-11-13 19:04:49,799 - UnicodeAnalyzer - INFO - Filtrati 7 file (es. in /dist, /test).
2025-11-13 19:04:49,799 - UnicodeAnalyzer - INFO - -> Analizzando versione 0.5.0-beta.5 (22/665)...
2025-11-13 19:04:49,800 - UnicodeAnalyzer - INFO - Filtrati 7 file (es. in /dist, /test).
2025-11-13 19:04:49,800 - UnicodeAnalyzer - INFO - -> Analizzando versione 0.5.1 (23/665)...
2025-11-13 19:04:49,800 - UnicodeAnalyzer - INFO - Filtrati 7 file (es. in /dist, /test).
2025-11-13 19:04:49,800 - UnicodeAnalyzer - INFO - -> Analizzando versione 0.5.2 (24/665)...
2025-11-13 19:04:49,800 - UnicodeAnalyzer - INFO - Filtrati 7 file (es. in /dist, /test).
2025-11-13 19:04:49,800 - UnicodeAnalyzer - INFO - -> Analizzando versione 0.5.3 (25/665)...
2025-11-13 19:04:49,801 - UnicodeAnalyzer - INFO - Filtrati 7 file (es. in /dist, /test).
2025-11-13 19:04:49,801 - UnicodeAnalyzer - INFO - -> Analizzando versione 0.5.4 (26/665)...
2025-11-13 19:04:49,801 - UnicodeAnalyzer - INFO - Filtrati 7 file (es. in /dist, /test).
2025-11-13 19:04:49,801 - UnicodeAnalyzer - INFO - -> Analizzando versione 10.0.0 (27/665)...
2025-11-13 19:04:49,812 - UnicodeAnalyzer - INFO - Filtrati 282 file (es. in /dist, /test).
2025-11-13 19:04:49,812 - UnicodeAnalyzer - INFO - -> Analizzando versione 10.0.0-alpha.0 (28/665)...
2025-11-13 19:04:49,822 - UnicodeAnalyzer - INFO - Filtrati 256 file (es. in /dist, /test).
2025-11-13 19:04:49,822 - UnicodeAnalyzer - INFO - -> Analizzando versione 10.0.0-alpha.1 (29/665)...
2025-11-13 19:04:49,832 - UnicodeAnalyzer - INFO - Filtrati 256 file (es. in /dist, /test).
2025-11-13 19:04:49,832 - UnicodeAnalyzer - INFO - -> Analizzando versione 10.0.0-alpha.2 (30/665)...
2025-11-13 19:04:49,842 - UnicodeAnalyzer - INFO - Filtrati 256 file (es. in /dist, /test).
2025-11-13 19:04:49,842 - UnicodeAnalyzer - INFO - -> Analizzando versione 10.0.0-beta.0 (31/665)...
2025-11-13 19:04:49,853 - UnicodeAnalyzer - INFO - Filtrati 282 file (es. in /dist, /test).
2025-11-13 19:04:49,853 - UnicodeAnalyzer - INFO - -> Analizzando versione 10.1.0 (32/665)...
2025-11-13 19:04:49,864 - UnicodeAnalyzer - INFO - Filtrati 282 file (es. in /dist, /test).
2025-11-13 19:04:49,864 - UnicodeAnalyzer - INFO - -> Analizzando versione 10.10.0 (33/665)...
2025-11-13 19:04:49,877 - UnicodeAnalyzer - INFO - Filtrati 302 file (es. in /dist, /test).
2025-11-13 19:04:49,877 - UnicodeAnalyzer - INFO - -> Analizzando versione 10.11.0 (34/665)...
2025-11-13 19:04:49,889 - UnicodeAnalyzer - INFO - Filtrati 302 file (es. in /dist, /test).
2025-11-13 19:04:49,889 - UnicodeAnalyzer - INFO - -> Analizzando versione 10.12.0 (35/665)...
2025-11-13 19:04:49,901 - UnicodeAnalyzer - INFO - Filtrati 306 file (es. in /dist, /test).
2025-11-13 19:04:49,901 - UnicodeAnalyzer - INFO - -> Analizzando versione 10.13.0 (36/665)...
2025-11-13 19:04:49,914 - UnicodeAnalyzer - INFO - Filtrati 316 file (es. in /dist, /test).
2025-11-13 19:04:49,914 - UnicodeAnalyzer - INFO - -> Analizzando versione 10.14.0 (37/665)...
2025-11-13 19:04:49,926 - UnicodeAnalyzer - INFO - Filtrati 316 file (es. in /dist, /test).
2025-11-13 19:04:49,926 - UnicodeAnalyzer - INFO - -> Analizzando versione 10.15.0 (38/665)...
2025-11-13 19:04:49,939 - UnicodeAnalyzer - INFO - Filtrati 316 file (es. in /dist, /test).
2025-11-13 19:04:49,939 - UnicodeAnalyzer - INFO - -> Analizzando versione 10.16.0 (39/665)...
2025-11-13 19:04:49,952 - UnicodeAnalyzer - INFO - Filtrati 316 file (es. in /dist, /test).
2025-11-13 19:04:49,952 - UnicodeAnalyzer - INFO - -> Analizzando versione 10.17.0 (40/665)...
2025-11-13 19:04:49,964 - UnicodeAnalyzer - INFO - Filtrati 316 file (es. in /dist, /test).
2025-11-13 19:04:49,964 - UnicodeAnalyzer - INFO - -> Analizzando versione 10.18.0 (41/665)...
2025-11-13 19:04:49,977 - UnicodeAnalyzer - INFO - Filtrati 318 file (es. in /dist, /test).
2025-11-13 19:04:49,977 - UnicodeAnalyzer - INFO - -> Analizzando versione 10.19.0 (42/665)...
2025-11-13 19:04:49,990 - UnicodeAnalyzer - INFO - Filtrati 324 file (es. in /dist, /test).
2025-11-13 19:04:49,990 - UnicodeAnalyzer - INFO - -> Analizzando versione 10.2.0 (43/665)...
2025-11-13 19:04:50,001 - UnicodeAnalyzer - INFO - Filtrati 284 file (es. in /dist, /test).
2025-11-13 19:04:50,001 - UnicodeAnalyzer - INFO - -> Analizzando versione 10.20.0 (44/665)...
2025-11-13 19:04:50,014 - UnicodeAnalyzer - INFO - Filtrati 328 file (es. in /dist, /test).
2025-11-13 19:04:50,014 - UnicodeAnalyzer - INFO - -> Analizzando versione 10.21.0 (45/665)...
2025-11-13 19:04:50,027 - UnicodeAnalyzer - INFO - Filtrati 328 file (es. in /dist, /test).
2025-11-13 19:04:50,028 - UnicodeAnalyzer - INFO - -> Analizzando versione 10.21.0-alpha.0 (46/665)...
2025-11-13 19:04:50,041 - UnicodeAnalyzer - INFO - Filtrati 332 file (es. in /dist, /test).
2025-11-13 19:04:50,041 - UnicodeAnalyzer - INFO - -> Analizzando versione 10.21.0-alpha.1 (47/665)...
2025-11-13 19:04:50,054 - UnicodeAnalyzer - INFO - Filtrati 332 file (es. in /dist, /test).
2025-11-13 19:04:50,054 - UnicodeAnalyzer - INFO - -> Analizzando versione 10.22.0 (48/665)...
2025-11-13 19:04:50,068 - UnicodeAnalyzer - INFO - Filtrati 336 file (es. in /dist, /test).
2025-11-13 19:04:50,068 - UnicodeAnalyzer - INFO - -> Analizzando versione 10.23.0 (49/665)...
2025-11-13 19:04:50,081 - UnicodeAnalyzer - INFO - Filtrati 338 file (es. in /dist, /test).
2025-11-13 19:04:50,081 - UnicodeAnalyzer - INFO - -> Analizzando versione 10.24.0 (50/665)...
2025-11-13 19:04:50,095 - UnicodeAnalyzer - INFO - Filtrati 338 file (es. in /dist, /test).
2025-11-13 19:04:50,095 - UnicodeAnalyzer - INFO - -> Analizzando versione 10.25.0 (51/665)...
2025-11-13 19:04:50,109 - UnicodeAnalyzer - INFO - Filtrati 338 file (es. in /dist, /test).
2025-11-13 19:04:50,109 - UnicodeAnalyzer - INFO - -> Analizzando versione 10.3.0 (52/665)...
2025-11-13 19:04:50,120 - UnicodeAnalyzer - INFO - Filtrati 288 file (es. in /dist, /test).
2025-11-13 19:04:50,120 - UnicodeAnalyzer - INFO - -> Analizzando versione 10.4.0 (53/665)...
2025-11-13 19:04:50,131 - UnicodeAnalyzer - INFO - Filtrati 288 file (es. in /dist, /test).
2025-11-13 19:04:50,131 - UnicodeAnalyzer - INFO - -> Analizzando versione 10.5.0 (54/665)...
2025-11-13 19:04:50,142 - UnicodeAnalyzer - INFO - Filtrati 288 file (es. in /dist, /test).
2025-11-13 19:04:50,142 - UnicodeAnalyzer - INFO - -> Analizzando versione 10.6.0 (55/665)...
2025-11-13 19:04:50,154 - UnicodeAnalyzer - INFO - Filtrati 300 file (es. in /dist, /test).
2025-11-13 19:04:50,154 - UnicodeAnalyzer - INFO - -> Analizzando versione 10.7.0 (56/665)...
2025-11-13 19:04:50,166 - UnicodeAnalyzer - INFO - Filtrati 302 file (es. in /dist, /test).
2025-11-13 19:04:50,166 - UnicodeAnalyzer - INFO - -> Analizzando versione 10.8.0 (57/665)...
2025-11-13 19:04:50,178 - UnicodeAnalyzer - INFO - Filtrati 302 file (es. in /dist, /test).
2025-11-13 19:04:50,178 - UnicodeAnalyzer - INFO - -> Analizzando versione 10.9.0 (58/665)...
2025-11-13 19:04:50,190 - UnicodeAnalyzer - INFO - Filtrati 302 file (es. in /dist, /test).
2025-11-13 19:04:50,190 - UnicodeAnalyzer - INFO - -> Analizzando versione 4.0.0 (59/665)...
2025-11-13 19:04:50,191 - UnicodeAnalyzer - INFO - Filtrati 10 file (es. in /dist, /test).
2025-11-13 19:04:50,191 - UnicodeAnalyzer - INFO - -> Analizzando versione 4.0.0-beta.0 (60/665)...
2025-11-13 19:04:50,191 - UnicodeAnalyzer - INFO - Filtrati 6 file (es. in /dist, /test).
2025-11-13 19:04:50,191 - UnicodeAnalyzer - INFO - -> Analizzando versione 4.0.0-beta.1 (61/665)...
2025-11-13 19:04:50,191 - UnicodeAnalyzer - INFO - Filtrati 6 file (es. in /dist, /test).
2025-11-13 19:04:50,191 - UnicodeAnalyzer - INFO - -> Analizzando versione 4.0.0-beta.10 (62/665)...
2025-11-13 19:04:50,192 - UnicodeAnalyzer - INFO - Filtrati 6 file (es. in /dist, /test).
2025-11-13 19:04:50,192 - UnicodeAnalyzer - INFO - -> Analizzando versione 4.0.0-beta.11 (63/665)...
2025-11-13 19:04:50,192 - UnicodeAnalyzer - INFO - Filtrati 6 file (es. in /dist, /test).
2025-11-13 19:04:50,192 - UnicodeAnalyzer - INFO - -> Analizzando versione 4.0.0-beta.12 (64/665)...
2025-11-13 19:04:50,192 - UnicodeAnalyzer - INFO - Filtrati 6 file (es. in /dist, /test).
2025-11-13 19:04:50,192 - UnicodeAnalyzer - INFO - -> Analizzando versione 4.0.0-beta.2 (65/665)...
2025-11-13 19:04:50,193 - UnicodeAnalyzer - INFO - Filtrati 6 file (es. in /dist, /test).
2025-11-13 19:04:50,193 - UnicodeAnalyzer - INFO - -> Analizzando versione 4.0.0-beta.3 (66/665)...
2025-11-13 19:04:50,193 - UnicodeAnalyzer - INFO - Filtrati 6 file (es. in /dist, /test).
2025-11-13 19:04:50,193 - UnicodeAnalyzer - INFO - -> Analizzando versione 4.0.0-beta.4 (67/665)...
2025-11-13 19:04:50,193 - UnicodeAnalyzer - INFO - Filtrati 6 file (es. in /dist, /test).
2025-11-13 19:04:50,193 - UnicodeAnalyzer - INFO - -> Analizzando versione 4.0.0-beta.5 (68/665)...
2025-11-13 19:04:50,194 - UnicodeAnalyzer - INFO - Filtrati 6 file (es. in /dist, /test).
2025-11-13 19:04:50,194 - UnicodeAnalyzer - INFO - -> Analizzando versione 4.0.0-beta.6 (69/665)...
2025-11-13 19:04:50,194 - UnicodeAnalyzer - INFO - Filtrati 6 file (es. in /dist, /test).
2025-11-13 19:04:50,194 - UnicodeAnalyzer - INFO - -> Analizzando versione 4.0.0-beta.7 (70/665)...
2025-11-13 19:04:50,194 - UnicodeAnalyzer - INFO - Filtrati 6 file (es. in /dist, /test).
2025-11-13 19:04:50,194 - UnicodeAnalyzer - INFO - -> Analizzando versione 4.0.0-beta.8 (71/665)...
2025-11-13 19:04:50,195 - UnicodeAnalyzer - INFO - Filtrati 6 file (es. in /dist, /test).
2025-11-13 19:04:50,195 - UnicodeAnalyzer - INFO - -> Analizzando versione 4.0.0-beta.9 (72/665)...
2025-11-13 19:04:50,195 - UnicodeAnalyzer - INFO - Filtrati 6 file (es. in /dist, /test).
2025-11-13 19:04:50,195 - UnicodeAnalyzer - INFO - -> Analizzando versione 4.0.0-rc.0 (73/665)...
2025-11-13 19:04:50,195 - UnicodeAnalyzer - INFO - Filtrati 10 file (es. in /dist, /test).
2025-11-13 19:04:50,196 - UnicodeAnalyzer - INFO - -> Analizzando versione 4.0.0-rc.1 (74/665)...
2025-11-13 19:04:50,196 - UnicodeAnalyzer - INFO - Filtrati 10 file (es. in /dist, /test).
2025-11-13 19:04:50,196 - UnicodeAnalyzer - INFO - -> Analizzando versione 4.0.0-rc.2 (75/665)...
2025-11-13 19:04:50,196 - UnicodeAnalyzer - INFO - Filtrati 10 file (es. in /dist, /test).
2025-11-13 19:04:50,196 - UnicodeAnalyzer - INFO - -> Analizzando versione 4.0.1 (76/665)...
2025-11-13 19:04:50,197 - UnicodeAnalyzer - INFO - Filtrati 12 file (es. in /dist, /test).
2025-11-13 19:04:50,197 - UnicodeAnalyzer - INFO - -> Analizzando versione 4.0.3 (77/665)...
2025-11-13 19:04:50,198 - UnicodeAnalyzer - INFO - Filtrati 16 file (es. in /dist, /test).
2025-11-13 19:04:50,198 - UnicodeAnalyzer - INFO - -> Analizzando versione 4.0.5 (78/665)...
2025-11-13 19:04:50,198 - UnicodeAnalyzer - INFO - Filtrati 16 file (es. in /dist, /test).
2025-11-13 19:04:50,198 - UnicodeAnalyzer - INFO - -> Analizzando versione 4.0.6 (79/665)...
2025-11-13 19:04:50,199 - UnicodeAnalyzer - INFO - Filtrati 16 file (es. in /dist, /test).
2025-11-13 19:04:50,199 - UnicodeAnalyzer - INFO - -> Analizzando versione 4.1.0 (80/665)...
2025-11-13 19:04:50,200 - UnicodeAnalyzer - INFO - Filtrati 17 file (es. in /dist, /test).
2025-11-13 19:04:50,200 - UnicodeAnalyzer - INFO - -> Analizzando versione 4.1.1 (81/665)...
2025-11-13 19:04:50,200 - UnicodeAnalyzer - INFO - Filtrati 17 file (es. in /dist, /test).
2025-11-13 19:04:50,200 - UnicodeAnalyzer - INFO - -> Analizzando versione 4.2.0 (82/665)...
2025-11-13 19:04:50,201 - UnicodeAnalyzer - INFO - Filtrati 17 file (es. in /dist, /test).
2025-11-13 19:04:50,201 - UnicodeAnalyzer - INFO - -> Analizzando versione 4.2.1 (83/665)...
2025-11-13 19:04:50,202 - UnicodeAnalyzer - INFO - Filtrati 16 file (es. in /dist, /test).
2025-11-13 19:04:50,202 - UnicodeAnalyzer - INFO - -> Analizzando versione 4.2.2 (84/665)...
2025-11-13 19:04:50,203 - UnicodeAnalyzer - INFO - Filtrati 17 file (es. in /dist, /test).
2025-11-13 19:04:50,203 - UnicodeAnalyzer - INFO - -> Analizzando versione 4.2.3 (85/665)...
2025-11-13 19:04:50,203 - UnicodeAnalyzer - INFO - Filtrati 17 file (es. in /dist, /test).
2025-11-13 19:04:50,203 - UnicodeAnalyzer - INFO - -> Analizzando versione 4.2.4 (86/665)...
2025-11-13 19:04:50,204 - UnicodeAnalyzer - INFO - Filtrati 17 file (es. in /dist, /test).
2025-11-13 19:04:50,204 - UnicodeAnalyzer - INFO - -> Analizzando versione 4.3.0 (87/665)...
2025-11-13 19:04:50,205 - UnicodeAnalyzer - INFO - Filtrati 17 file (es. in /dist, /test).
2025-11-13 19:04:50,205 - UnicodeAnalyzer - INFO - -> Analizzando versione 4.3.1 (88/665)...
2025-11-13 19:04:50,205 - UnicodeAnalyzer - INFO - Filtrati 17 file (es. in /dist, /test).
2025-11-13 19:04:50,206 - UnicodeAnalyzer - INFO - -> Analizzando versione 4.3.2 (89/665)...
2025-11-13 19:04:50,206 - UnicodeAnalyzer - INFO - Filtrati 17 file (es. in /dist, /test).
2025-11-13 19:04:50,206 - UnicodeAnalyzer - INFO - -> Analizzando versione 4.3.3 (90/665)...
2025-11-13 19:04:50,207 - UnicodeAnalyzer - INFO - Filtrati 17 file (es. in /dist, /test).
2025-11-13 19:04:50,207 - UnicodeAnalyzer - INFO - -> Analizzando versione 4.3.4 (91/665)...
2025-11-13 19:04:50,208 - UnicodeAnalyzer - INFO - Filtrati 17 file (es. in /dist, /test).
2025-11-13 19:04:50,208 - UnicodeAnalyzer - INFO - -> Analizzando versione 4.4.0 (92/665)...
2025-11-13 19:04:50,208 - UnicodeAnalyzer - INFO - Filtrati 17 file (es. in /dist, /test).
2025-11-13 19:04:50,208 - UnicodeAnalyzer - INFO - -> Analizzando versione 4.4.1 (93/665)...
2025-11-13 19:04:50,209 - UnicodeAnalyzer - INFO - Filtrati 17 file (es. in /dist, /test).
2025-11-13 19:04:50,209 - UnicodeAnalyzer - INFO - -> Analizzando versione 4.4.2 (94/665)...
2025-11-13 19:04:50,210 - UnicodeAnalyzer - INFO - Filtrati 18 file (es. in /dist, /test).
2025-11-13 19:04:50,210 - UnicodeAnalyzer - INFO - -> Analizzando versione 4.5.0 (95/665)...
2025-11-13 19:04:50,211 - UnicodeAnalyzer - INFO - Filtrati 19 file (es. in /dist, /test).
2025-11-13 19:04:50,288 - UnicodeAnalyzer - INFO - -> Analizzando versione 4.5.1 (96/665)...
2025-11-13 19:04:50,290 - UnicodeAnalyzer - INFO - Filtrati 19 file (es. in /dist, /test).
2025-11-13 19:04:50,367 - UnicodeAnalyzer - INFO - -> Analizzando versione 4.5.2 (97/665)...
2025-11-13 19:04:50,368 - UnicodeAnalyzer - INFO - Filtrati 19 file (es. in /dist, /test).
2025-11-13 19:04:50,445 - UnicodeAnalyzer - INFO - -> Analizzando versione 4.5.3 (98/665)...
2025-11-13 19:04:50,447 - UnicodeAnalyzer - INFO - Filtrati 19 file (es. in /dist, /test).
2025-11-13 19:04:50,530 - UnicodeAnalyzer - INFO - -> Analizzando versione 4.5.4 (99/665)...
2025-11-13 19:04:50,531 - UnicodeAnalyzer - INFO - Filtrati 19 file (es. in /dist, /test).
2025-11-13 19:04:50,613 - UnicodeAnalyzer - INFO - -> Analizzando versione 4.6.0 (100/665)...
2025-11-13 19:04:50,615 - UnicodeAnalyzer - INFO - Filtrati 19 file (es. in /dist, /test).
2025-11-13 19:04:50,693 - UnicodeAnalyzer - INFO - -> Analizzando versione 4.6.1 (101/665)...
2025-11-13 19:04:50,694 - UnicodeAnalyzer - INFO - Filtrati 19 file (es. in /dist, /test).
2025-11-13 19:04:50,773 - UnicodeAnalyzer - INFO - -> Analizzando versione 4.6.2 (102/665)...
2025-11-13 19:04:50,775 - UnicodeAnalyzer - INFO - Filtrati 19 file (es. in /dist, /test).
2025-11-13 19:04:50,851 - UnicodeAnalyzer - INFO - -> Analizzando versione 4.6.3 (103/665)...
2025-11-13 19:04:50,852 - UnicodeAnalyzer - INFO - Filtrati 19 file (es. in /dist, /test).
2025-11-13 19:04:50,930 - UnicodeAnalyzer - INFO - -> Analizzando versione 4.6.4 (104/665)...
2025-11-13 19:04:50,931 - UnicodeAnalyzer - INFO - Filtrati 19 file (es. in /dist, /test).
2025-11-13 19:04:51,009 - UnicodeAnalyzer - INFO - -> Analizzando versione 4.6.5 (105/665)...
2025-11-13 19:04:51,010 - UnicodeAnalyzer - INFO - Filtrati 19 file (es. in /dist, /test).
2025-11-13 19:04:51,088 - UnicodeAnalyzer - INFO - -> Analizzando versione 4.6.6 (106/665)...
2025-11-13 19:04:51,090 - UnicodeAnalyzer - INFO - Filtrati 19 file (es. in /dist, /test).
2025-11-13 19:04:51,167 - UnicodeAnalyzer - INFO - -> Analizzando versione 5.0.0 (107/665)...
2025-11-13 19:04:51,168 - UnicodeAnalyzer - INFO - Filtrati 11 file (es. in /dist, /test).
2025-11-13 19:04:51,242 - UnicodeAnalyzer - INFO - -> Analizzando versione 5.0.0-rc.0 (108/665)...
2025-11-13 19:04:51,243 - UnicodeAnalyzer - INFO - Filtrati 11 file (es. in /dist, /test).
2025-11-13 19:04:51,320 - UnicodeAnalyzer - INFO - -> Analizzando versione 5.0.0-rc.1 (109/665)...
2025-11-13 19:04:51,321 - UnicodeAnalyzer - INFO - Filtrati 11 file (es. in /dist, /test).
2025-11-13 19:04:51,396 - UnicodeAnalyzer - INFO - -> Analizzando versione 5.0.0-rc.2 (110/665)...
2025-11-13 19:04:51,397 - UnicodeAnalyzer - INFO - Filtrati 11 file (es. in /dist, /test).
2025-11-13 19:04:51,473 - UnicodeAnalyzer - INFO - -> Analizzando versione 5.0.0-rc.3 (111/665)...
2025-11-13 19:04:51,474 - UnicodeAnalyzer - INFO - Filtrati 11 file (es. in /dist, /test).
2025-11-13 19:04:51,549 - UnicodeAnalyzer - INFO - -> Analizzando versione 5.0.3 (112/665)...
2025-11-13 19:04:51,550 - UnicodeAnalyzer - INFO - Filtrati 11 file (es. in /dist, /test).
2025-11-13 19:04:51,625 - UnicodeAnalyzer - INFO - -> Analizzando versione 5.0.5 (113/665)...
2025-11-13 19:04:51,626 - UnicodeAnalyzer - INFO - Filtrati 11 file (es. in /dist, /test).
2025-11-13 19:04:51,701 - UnicodeAnalyzer - INFO - -> Analizzando versione 5.0.6 (114/665)...
2025-11-13 19:04:51,702 - UnicodeAnalyzer - INFO - Filtrati 11 file (es. in /dist, /test).
2025-11-13 19:04:51,777 - UnicodeAnalyzer - INFO - -> Analizzando versione 5.0.7 (115/665)...
2025-11-13 19:04:51,778 - UnicodeAnalyzer - INFO - Filtrati 11 file (es. in /dist, /test).
2025-11-13 19:04:51,853 - UnicodeAnalyzer - INFO - -> Analizzando versione 5.0.8 (116/665)...
2025-11-13 19:04:51,854 - UnicodeAnalyzer - INFO - Filtrati 11 file (es. in /dist, /test).
2025-11-13 19:04:51,929 - UnicodeAnalyzer - INFO - -> Analizzando versione 5.1.0 (117/665)...
2025-11-13 19:04:51,930 - UnicodeAnalyzer - INFO - Filtrati 11 file (es. in /dist, /test).
2025-11-13 19:04:52,005 - UnicodeAnalyzer - INFO - -> Analizzando versione 5.1.2 (118/665)...
2025-11-13 19:04:52,006 - UnicodeAnalyzer - INFO - Filtrati 11 file (es. in /dist, /test).
2025-11-13 19:04:52,081 - UnicodeAnalyzer - INFO - -> Analizzando versione 5.10.0 (119/665)...
2025-11-13 19:04:52,082 - UnicodeAnalyzer - INFO - Filtrati 10 file (es. in /dist, /test).
2025-11-13 19:04:52,157 - UnicodeAnalyzer - INFO - -> Analizzando versione 5.10.0-beta.0 (120/665)...
2025-11-13 19:04:52,158 - UnicodeAnalyzer - INFO - Filtrati 11 file (es. in /dist, /test).
2025-11-13 19:04:52,235 - UnicodeAnalyzer - INFO - -> Analizzando versione 5.10.0-beta.1 (121/665)...
2025-11-13 19:04:52,236 - UnicodeAnalyzer - INFO - Filtrati 11 file (es. in /dist, /test).
2025-11-13 19:04:52,316 - UnicodeAnalyzer - INFO - -> Analizzando versione 5.10.0-beta.2 (122/665)...
2025-11-13 19:04:52,317 - UnicodeAnalyzer - INFO - Filtrati 11 file (es. in /dist, /test).
2025-11-13 19:04:52,391 - UnicodeAnalyzer - INFO - -> Analizzando versione 5.10.0-beta.3 (123/665)...
2025-11-13 19:04:52,392 - UnicodeAnalyzer - INFO - Filtrati 11 file (es. in /dist, /test).
2025-11-13 19:04:52,467 - UnicodeAnalyzer - INFO - -> Analizzando versione 5.10.0-beta.4 (124/665)...
2025-11-13 19:04:52,468 - UnicodeAnalyzer - INFO - Filtrati 11 file (es. in /dist, /test).
2025-11-13 19:04:52,545 - UnicodeAnalyzer - INFO - -> Analizzando versione 5.10.0-rc.0 (125/665)...
2025-11-13 19:04:52,546 - UnicodeAnalyzer - INFO - Filtrati 10 file (es. in /dist, /test).
2025-11-13 19:04:52,621 - UnicodeAnalyzer - INFO - -> Analizzando versione 5.10.1 (126/665)...
2025-11-13 19:04:52,622 - UnicodeAnalyzer - INFO - Filtrati 10 file (es. in /dist, /test).
2025-11-13 19:04:52,699 - UnicodeAnalyzer - INFO - -> Analizzando versione 5.10.2 (127/665)...
2025-11-13 19:04:52,700 - UnicodeAnalyzer - INFO - Filtrati 10 file (es. in /dist, /test).
2025-11-13 19:04:52,775 - UnicodeAnalyzer - INFO - -> Analizzando versione 5.11.0 (128/665)...
2025-11-13 19:04:52,776 - UnicodeAnalyzer - INFO - Filtrati 10 file (es. in /dist, /test).
2025-11-13 19:04:52,851 - UnicodeAnalyzer - INFO - -> Analizzando versione 5.11.1 (129/665)...
2025-11-13 19:04:52,852 - UnicodeAnalyzer - INFO - Filtrati 10 file (es. in /dist, /test).
2025-11-13 19:04:52,927 - UnicodeAnalyzer - INFO - -> Analizzando versione 5.11.2 (130/665)...
2025-11-13 19:04:52,928 - UnicodeAnalyzer - INFO - Filtrati 10 file (es. in /dist, /test).
2025-11-13 19:04:53,003 - UnicodeAnalyzer - INFO - -> Analizzando versione 5.12.0 (131/665)...
2025-11-13 19:04:53,004 - UnicodeAnalyzer - INFO - Filtrati 10 file (es. in /dist, /test).
2025-11-13 19:04:53,081 - UnicodeAnalyzer - INFO - -> Analizzando versione 5.12.4 (132/665)...
2025-11-13 19:04:53,082 - UnicodeAnalyzer - INFO - Filtrati 10 file (es. in /dist, /test).
2025-11-13 19:04:53,157 - UnicodeAnalyzer - INFO - -> Analizzando versione 5.12.5 (133/665)...
2025-11-13 19:04:53,158 - UnicodeAnalyzer - INFO - Filtrati 10 file (es. in /dist, /test).
2025-11-13 19:04:53,234 - UnicodeAnalyzer - INFO - -> Analizzando versione 5.13.0 (134/665)...
2025-11-13 19:04:53,235 - UnicodeAnalyzer - INFO - Filtrati 10 file (es. in /dist, /test).
2025-11-13 19:04:53,310 - UnicodeAnalyzer - INFO - -> Analizzando versione 5.13.2 (135/665)...
2025-11-13 19:04:53,311 - UnicodeAnalyzer - INFO - Filtrati 10 file (es. in /dist, /test).
2025-11-13 19:04:53,386 - UnicodeAnalyzer - INFO - -> Analizzando versione 5.14.0 (136/665)...
2025-11-13 19:04:53,387 - UnicodeAnalyzer - INFO - Filtrati 10 file (es. in /dist, /test).
2025-11-13 19:04:53,467 - UnicodeAnalyzer - INFO - -> Analizzando versione 5.14.1 (137/665)...
2025-11-13 19:04:53,468 - UnicodeAnalyzer - INFO - Filtrati 10 file (es. in /dist, /test).
2025-11-13 19:04:53,546 - UnicodeAnalyzer - INFO - -> Analizzando versione 5.14.2 (138/665)...
2025-11-13 19:04:53,547 - UnicodeAnalyzer - INFO - Filtrati 10 file (es. in /dist, /test).
2025-11-13 19:04:53,621 - UnicodeAnalyzer - INFO - -> Analizzando versione 5.15.0 (139/665)...
2025-11-13 19:04:53,623 - UnicodeAnalyzer - INFO - Filtrati 10 file (es. in /dist, /test).
2025-11-13 19:04:53,699 - UnicodeAnalyzer - INFO - -> Analizzando versione 5.15.1 (140/665)...
2025-11-13 19:04:53,700 - UnicodeAnalyzer - INFO - Filtrati 10 file (es. in /dist, /test).
2025-11-13 19:04:53,774 - UnicodeAnalyzer - INFO - -> Analizzando versione 5.15.2 (141/665)...
2025-11-13 19:04:53,776 - UnicodeAnalyzer - INFO - Filtrati 10 file (es. in /dist, /test).
2025-11-13 19:04:53,850 - UnicodeAnalyzer - INFO - -> Analizzando versione 5.15.3 (142/665)...
2025-11-13 19:04:53,851 - UnicodeAnalyzer - INFO - Filtrati 10 file (es. in /dist, /test).
2025-11-13 19:04:53,927 - UnicodeAnalyzer - INFO - -> Analizzando versione 5.15.4 (143/665)...
2025-11-13 19:04:53,928 - UnicodeAnalyzer - INFO - Filtrati 10 file (es. in /dist, /test).
2025-11-13 19:04:54,003 - UnicodeAnalyzer - INFO - -> Analizzando versione 5.15.5 (144/665)...
2025-11-13 19:04:54,004 - UnicodeAnalyzer - INFO - Filtrati 10 file (es. in /dist, /test).
2025-11-13 19:04:54,080 - UnicodeAnalyzer - INFO - -> Analizzando versione 5.16.0 (145/665)...
2025-11-13 19:04:54,081 - UnicodeAnalyzer - INFO - Filtrati 11 file (es. in /dist, /test).
2025-11-13 19:04:54,157 - UnicodeAnalyzer - INFO - -> Analizzando versione 5.16.0-beta.1 (146/665)...
2025-11-13 19:04:54,159 - UnicodeAnalyzer - INFO - Filtrati 11 file (es. in /dist, /test).
2025-11-13 19:04:54,234 - UnicodeAnalyzer - INFO - -> Analizzando versione 5.16.0-beta.2 (147/665)...
2025-11-13 19:04:54,235 - UnicodeAnalyzer - INFO - Filtrati 11 file (es. in /dist, /test).
2025-11-13 19:04:54,313 - UnicodeAnalyzer - INFO - -> Analizzando versione 5.16.0-beta.3 (148/665)...
2025-11-13 19:04:54,314 - UnicodeAnalyzer - INFO - Filtrati 11 file (es. in /dist, /test).
2025-11-13 19:04:54,389 - UnicodeAnalyzer - INFO - -> Analizzando versione 5.16.0-beta.4 (149/665)...
2025-11-13 19:04:54,390 - UnicodeAnalyzer - INFO - Filtrati 11 file (es. in /dist, /test).
2025-11-13 19:04:54,466 - UnicodeAnalyzer - INFO - -> Analizzando versione 5.16.0-beta.5 (150/665)...
2025-11-13 19:04:54,467 - UnicodeAnalyzer - INFO - Filtrati 11 file (es. in /dist, /test).
2025-11-13 19:04:54,547 - UnicodeAnalyzer - INFO - -> Analizzando versione 5.16.1 (151/665)...
2025-11-13 19:04:54,549 - UnicodeAnalyzer - INFO - Filtrati 11 file (es. in /dist, /test).
2025-11-13 19:04:54,623 - UnicodeAnalyzer - INFO - -> Analizzando versione 5.17.0 (152/665)...
2025-11-13 19:04:54,624 - UnicodeAnalyzer - INFO - Filtrati 11 file (es. in /dist, /test).
2025-11-13 19:04:54,699 - UnicodeAnalyzer - INFO - -> Analizzando versione 5.18.0 (153/665)...
2025-11-13 19:04:54,700 - UnicodeAnalyzer - INFO - Filtrati 11 file (es. in /dist, /test).
2025-11-13 19:04:54,775 - UnicodeAnalyzer - INFO - -> Analizzando versione 5.18.1 (154/665)...
2025-11-13 19:04:54,776 - UnicodeAnalyzer - INFO - Filtrati 11 file (es. in /dist, /test).
2025-11-13 19:04:54,861 - UnicodeAnalyzer - INFO - -> Analizzando versione 5.19.0 (155/665)...
2025-11-13 19:04:54,862 - UnicodeAnalyzer - INFO - Filtrati 11 file (es. in /dist, /test).
2025-11-13 19:04:54,936 - UnicodeAnalyzer - INFO - -> Analizzando versione 5.19.1 (156/665)...
2025-11-13 19:04:54,937 - UnicodeAnalyzer - INFO - Filtrati 11 file (es. in /dist, /test).
2025-11-13 19:04:55,013 - UnicodeAnalyzer - INFO - -> Analizzando versione 5.19.2 (157/665)...
2025-11-13 19:04:55,014 - UnicodeAnalyzer - INFO - Filtrati 11 file (es. in /dist, /test).
2025-11-13 19:04:55,091 - UnicodeAnalyzer - INFO - -> Analizzando versione 5.2.0 (158/665)...
2025-11-13 19:04:55,092 - UnicodeAnalyzer - INFO - Filtrati 11 file (es. in /dist, /test).
2025-11-13 19:04:55,169 - UnicodeAnalyzer - INFO - -> Analizzando versione 5.2.0-beta.0 (159/665)...
2025-11-13 19:04:55,171 - UnicodeAnalyzer - INFO - Filtrati 11 file (es. in /dist, /test).
2025-11-13 19:04:55,248 - UnicodeAnalyzer - INFO - -> Analizzando versione 5.20.0 (160/665)...
2025-11-13 19:04:55,249 - UnicodeAnalyzer - INFO - Filtrati 11 file (es. in /dist, /test).
2025-11-13 19:04:55,324 - UnicodeAnalyzer - INFO - -> Analizzando versione 5.20.1 (161/665)...
2025-11-13 19:04:55,325 - UnicodeAnalyzer - INFO - Filtrati 11 file (es. in /dist, /test).
2025-11-13 19:04:55,403 - UnicodeAnalyzer - INFO - -> Analizzando versione 5.21.0 (162/665)...
2025-11-13 19:04:55,404 - UnicodeAnalyzer - INFO - Filtrati 11 file (es. in /dist, /test).
2025-11-13 19:04:55,479 - UnicodeAnalyzer - INFO - -> Analizzando versione 5.21.1 (163/665)...
2025-11-13 19:04:55,480 - UnicodeAnalyzer - INFO - Filtrati 11 file (es. in /dist, /test).
2025-11-13 19:04:55,555 - UnicodeAnalyzer - INFO - -> Analizzando versione 5.21.2 (164/665)...
2025-11-13 19:04:55,556 - UnicodeAnalyzer - INFO - Filtrati 11 file (es. in /dist, /test).
2025-11-13 19:04:55,631 - UnicodeAnalyzer - INFO - -> Analizzando versione 5.21.3 (165/665)...
2025-11-13 19:04:55,632 - UnicodeAnalyzer - INFO - Filtrati 11 file (es. in /dist, /test).
2025-11-13 19:04:55,708 - UnicodeAnalyzer - INFO - -> Analizzando versione 5.21.4 (166/665)...
2025-11-13 19:04:55,709 - UnicodeAnalyzer - INFO - Filtrati 11 file (es. in /dist, /test).
2025-11-13 19:04:55,784 - UnicodeAnalyzer - INFO - -> Analizzando versione 5.22.0 (167/665)...
2025-11-13 19:04:55,785 - UnicodeAnalyzer - INFO - Filtrati 11 file (es. in /dist, /test).
2025-11-13 19:04:55,861 - UnicodeAnalyzer - INFO - -> Analizzando versione 5.22.1 (168/665)...
2025-11-13 19:04:55,862 - UnicodeAnalyzer - INFO - Filtrati 11 file (es. in /dist, /test).
2025-11-13 19:04:55,940 - UnicodeAnalyzer - INFO - -> Analizzando versione 5.22.2 (169/665)...
2025-11-13 19:04:55,941 - UnicodeAnalyzer - INFO - Filtrati 11 file (es. in /dist, /test).
2025-11-13 19:04:56,015 - UnicodeAnalyzer - INFO - -> Analizzando versione 5.22.3 (170/665)...
2025-11-13 19:04:56,016 - UnicodeAnalyzer - INFO - Filtrati 11 file (es. in /dist, /test).
2025-11-13 19:04:56,091 - UnicodeAnalyzer - INFO - -> Analizzando versione 5.23.0 (171/665)...
2025-11-13 19:04:56,092 - UnicodeAnalyzer - INFO - Filtrati 11 file (es. in /dist, /test).
2025-11-13 19:04:56,170 - UnicodeAnalyzer - INFO - -> Analizzando versione 5.24.0 (172/665)...
2025-11-13 19:04:56,171 - UnicodeAnalyzer - INFO - Filtrati 11 file (es. in /dist, /test).
2025-11-13 19:04:56,267 - UnicodeAnalyzer - INFO - -> Analizzando versione 5.24.1 (173/665)...
2025-11-13 19:04:56,268 - UnicodeAnalyzer - INFO - Filtrati 11 file (es. in /dist, /test).
2025-11-13 19:04:56,373 - UnicodeAnalyzer - INFO - -> Analizzando versione 5.24.2 (174/665)...
2025-11-13 19:04:56,375 - UnicodeAnalyzer - INFO - Filtrati 11 file (es. in /dist, /test).
2025-11-13 19:04:56,507 - UnicodeAnalyzer - INFO - -> Analizzando versione 5.25.0 (175/665)...
2025-11-13 19:04:56,508 - UnicodeAnalyzer - INFO - Filtrati 11 file (es. in /dist, /test).
2025-11-13 19:04:56,615 - UnicodeAnalyzer - INFO - -> Analizzando versione 5.25.0-beta.0 (176/665)...
2025-11-13 19:04:56,617 - UnicodeAnalyzer - INFO - Filtrati 11 file (es. in /dist, /test).
2025-11-13 19:04:56,721 - UnicodeAnalyzer - INFO - -> Analizzando versione 5.25.0-beta.1 (177/665)...
2025-11-13 19:04:56,722 - UnicodeAnalyzer - INFO - Filtrati 11 file (es. in /dist, /test).
2025-11-13 19:04:56,830 - UnicodeAnalyzer - INFO - -> Analizzando versione 5.25.0-beta.2 (178/665)...
2025-11-13 19:04:56,832 - UnicodeAnalyzer - INFO - Filtrati 11 file (es. in /dist, /test).
2025-11-13 19:04:56,934 - UnicodeAnalyzer - INFO - -> Analizzando versione 5.26.0 (179/665)...
2025-11-13 19:04:56,936 - UnicodeAnalyzer - INFO - Filtrati 11 file (es. in /dist, /test).
2025-11-13 19:04:57,047 - UnicodeAnalyzer - INFO - -> Analizzando versione 5.27.0 (180/665)...
2025-11-13 19:04:57,048 - UnicodeAnalyzer - INFO - Filtrati 11 file (es. in /dist, /test).
2025-11-13 19:04:57,154 - UnicodeAnalyzer - INFO - -> Analizzando versione 5.27.0-beta.0 (181/665)...
2025-11-13 19:04:57,155 - UnicodeAnalyzer - INFO - Filtrati 11 file (es. in /dist, /test).
2025-11-13 19:04:57,262 - UnicodeAnalyzer - INFO - -> Analizzando versione 5.27.0-beta.1 (182/665)...
2025-11-13 19:04:57,263 - UnicodeAnalyzer - INFO - Filtrati 11 file (es. in /dist, /test).
2025-11-13 19:04:57,371 - UnicodeAnalyzer - INFO - -> Analizzando versione 5.27.1 (183/665)...
2025-11-13 19:04:57,373 - UnicodeAnalyzer - INFO - Filtrati 11 file (es. in /dist, /test).
2025-11-13 19:04:57,497 - UnicodeAnalyzer - INFO - -> Analizzando versione 5.27.2 (184/665)...
2025-11-13 19:04:57,499 - UnicodeAnalyzer - INFO - Filtrati 11 file (es. in /dist, /test).
2025-11-13 19:04:57,604 - UnicodeAnalyzer - INFO - -> Analizzando versione 5.27.3 (185/665)...
2025-11-13 19:04:57,605 - UnicodeAnalyzer - INFO - Filtrati 11 file (es. in /dist, /test).
2025-11-13 19:04:57,709 - UnicodeAnalyzer - INFO - -> Analizzando versione 5.27.4 (186/665)...
2025-11-13 19:04:57,710 - UnicodeAnalyzer - INFO - Filtrati 11 file (es. in /dist, /test).
2025-11-13 19:04:57,817 - UnicodeAnalyzer - INFO - -> Analizzando versione 5.27.5 (187/665)...
2025-11-13 19:04:57,819 - UnicodeAnalyzer - INFO - Filtrati 11 file (es. in /dist, /test).
2025-11-13 19:04:57,927 - UnicodeAnalyzer - INFO - -> Analizzando versione 5.27.6 (188/665)...
2025-11-13 19:04:57,928 - UnicodeAnalyzer - INFO - Filtrati 11 file (es. in /dist, /test).
2025-11-13 19:04:58,036 - UnicodeAnalyzer - INFO - -> Analizzando versione 5.27.7-beta.0 (189/665)...
2025-11-13 19:04:58,038 - UnicodeAnalyzer - INFO - Filtrati 11 file (es. in /dist, /test).
2025-11-13 19:04:58,148 - UnicodeAnalyzer - INFO - -> Analizzando versione 5.28.0 (190/665)...
2025-11-13 19:04:58,149 - UnicodeAnalyzer - INFO - Filtrati 11 file (es. in /dist, /test).
2025-11-13 19:04:58,258 - UnicodeAnalyzer - INFO - -> Analizzando versione 5.29.0 (191/665)...
2025-11-13 19:04:58,259 - UnicodeAnalyzer - INFO - Filtrati 11 file (es. in /dist, /test).
2025-11-13 19:04:58,370 - UnicodeAnalyzer - INFO - -> Analizzando versione 5.29.1 (192/665)...
2025-11-13 19:04:58,371 - UnicodeAnalyzer - INFO - Filtrati 11 file (es. in /dist, /test).
2025-11-13 19:04:58,476 - UnicodeAnalyzer - INFO - -> Analizzando versione 5.29.2 (193/665)...
2025-11-13 19:04:58,477 - UnicodeAnalyzer - INFO - Filtrati 11 file (es. in /dist, /test).
2025-11-13 19:04:58,581 - UnicodeAnalyzer - INFO - -> Analizzando versione 5.3.0 (194/665)...
2025-11-13 19:04:58,582 - UnicodeAnalyzer - INFO - Filtrati 11 file (es. in /dist, /test).
2025-11-13 19:04:58,683 - UnicodeAnalyzer - INFO - -> Analizzando versione 5.30.0 (195/665)...
2025-11-13 19:04:58,684 - UnicodeAnalyzer - INFO - Filtrati 11 file (es. in /dist, /test).
2025-11-13 19:04:58,791 - UnicodeAnalyzer - INFO - -> Analizzando versione 5.4.0 (196/665)...
2025-11-13 19:04:58,792 - UnicodeAnalyzer - INFO - Filtrati 11 file (es. in /dist, /test).
2025-11-13 19:04:58,900 - UnicodeAnalyzer - INFO - -> Analizzando versione 5.4.2 (197/665)...
2025-11-13 19:04:58,901 - UnicodeAnalyzer - INFO - Filtrati 11 file (es. in /dist, /test).
2025-11-13 19:04:59,010 - UnicodeAnalyzer - INFO - -> Analizzando versione 5.4.3 (198/665)...
2025-11-13 19:04:59,012 - UnicodeAnalyzer - INFO - Filtrati 11 file (es. in /dist, /test).
2025-11-13 19:04:59,110 - UnicodeAnalyzer - INFO - -> Analizzando versione 5.5.0 (199/665)...
2025-11-13 19:04:59,111 - UnicodeAnalyzer - INFO - Filtrati 11 file (es. in /dist, /test).
2025-11-13 19:04:59,192 - UnicodeAnalyzer - INFO - -> Analizzando versione 5.6.0 (200/665)...
2025-11-13 19:04:59,194 - UnicodeAnalyzer - INFO - Filtrati 11 file (es. in /dist, /test).
2025-11-13 19:04:59,269 - UnicodeAnalyzer - INFO - -> Analizzando versione 5.6.0-beta.0 (201/665)...
2025-11-13 19:04:59,270 - UnicodeAnalyzer - INFO - Filtrati 11 file (es. in /dist, /test).
2025-11-13 19:04:59,347 - UnicodeAnalyzer - INFO - -> Analizzando versione 5.6.0-beta.1 (202/665)...
2025-11-13 19:04:59,348 - UnicodeAnalyzer - INFO - Filtrati 11 file (es. in /dist, /test).
2025-11-13 19:04:59,427 - UnicodeAnalyzer - INFO - -> Analizzando versione 5.6.0-beta.2 (203/665)...
2025-11-13 19:04:59,429 - UnicodeAnalyzer - INFO - Filtrati 11 file (es. in /dist, /test).
2025-11-13 19:04:59,504 - UnicodeAnalyzer - INFO - -> Analizzando versione 5.6.0-beta.3 (204/665)...
2025-11-13 19:04:59,505 - UnicodeAnalyzer - INFO - Filtrati 11 file (es. in /dist, /test).
2025-11-13 19:04:59,581 - UnicodeAnalyzer - INFO - -> Analizzando versione 5.6.0-beta.4 (205/665)...
2025-11-13 19:04:59,582 - UnicodeAnalyzer - INFO - Filtrati 11 file (es. in /dist, /test).
2025-11-13 19:04:59,658 - UnicodeAnalyzer - INFO - -> Analizzando versione 5.6.1 (206/665)...
2025-11-13 19:04:59,659 - UnicodeAnalyzer - INFO - Filtrati 11 file (es. in /dist, /test).
2025-11-13 19:04:59,735 - UnicodeAnalyzer - INFO - -> Analizzando versione 5.6.2 (207/665)...
2025-11-13 19:04:59,737 - UnicodeAnalyzer - INFO - Filtrati 11 file (es. in /dist, /test).
2025-11-13 19:04:59,812 - UnicodeAnalyzer - INFO - -> Analizzando versione 5.7.0 (208/665)...
2025-11-13 19:04:59,813 - UnicodeAnalyzer - INFO - Filtrati 11 file (es. in /dist, /test).
2025-11-13 19:04:59,890 - UnicodeAnalyzer - INFO - -> Analizzando versione 5.7.0-beta.0 (209/665)...
2025-11-13 19:04:59,891 - UnicodeAnalyzer - INFO - Filtrati 11 file (es. in /dist, /test).
2025-11-13 19:04:59,976 - UnicodeAnalyzer - INFO - -> Analizzando versione 5.7.0-beta.1 (210/665)...
2025-11-13 19:04:59,978 - UnicodeAnalyzer - INFO - Filtrati 11 file (es. in /dist, /test).
2025-11-13 19:05:00,053 - UnicodeAnalyzer - INFO - -> Analizzando versione 5.7.1 (211/665)...
2025-11-13 19:05:00,054 - UnicodeAnalyzer - INFO - Filtrati 11 file (es. in /dist, /test).
2025-11-13 19:05:00,130 - UnicodeAnalyzer - INFO - -> Analizzando versione 5.8.0 (212/665)...
2025-11-13 19:05:00,131 - UnicodeAnalyzer - INFO - Filtrati 11 file (es. in /dist, /test).
2025-11-13 19:05:00,208 - UnicodeAnalyzer - INFO - -> Analizzando versione 5.8.0-beta.0 (213/665)...
2025-11-13 19:05:00,209 - UnicodeAnalyzer - INFO - Filtrati 11 file (es. in /dist, /test).
2025-11-13 19:05:00,286 - UnicodeAnalyzer - INFO - -> Analizzando versione 5.8.0-beta.1 (214/665)...
2025-11-13 19:05:00,287 - UnicodeAnalyzer - INFO - Filtrati 11 file (es. in /dist, /test).
2025-11-13 19:05:00,363 - UnicodeAnalyzer - INFO - -> Analizzando versione 6.0.0 (215/665)...
2025-11-13 19:05:00,365 - UnicodeAnalyzer - INFO - Filtrati 12 file (es. in /dist, /test).
2025-11-13 19:05:00,442 - UnicodeAnalyzer - INFO - -> Analizzando versione 6.0.1 (216/665)...
2025-11-13 19:05:00,443 - UnicodeAnalyzer - INFO - Filtrati 12 file (es. in /dist, /test).
2025-11-13 19:05:00,520 - UnicodeAnalyzer - INFO - -> Analizzando versione 6.0.2 (217/665)...
2025-11-13 19:05:00,521 - UnicodeAnalyzer - INFO - Filtrati 12 file (es. in /dist, /test).
2025-11-13 19:05:00,598 - UnicodeAnalyzer - INFO - -> Analizzando versione 6.0.3 (218/665)...
2025-11-13 19:05:00,599 - UnicodeAnalyzer - INFO - Filtrati 12 file (es. in /dist, /test).
2025-11-13 19:05:00,675 - UnicodeAnalyzer - INFO - -> Analizzando versione 6.0.4 (219/665)...
2025-11-13 19:05:00,677 - UnicodeAnalyzer - INFO - Filtrati 12 file (es. in /dist, /test).
2025-11-13 19:05:00,754 - UnicodeAnalyzer - INFO - -> Analizzando versione 6.1.0 (220/665)...
2025-11-13 19:05:00,755 - UnicodeAnalyzer - INFO - Filtrati 12 file (es. in /dist, /test).
2025-11-13 19:05:00,833 - UnicodeAnalyzer - INFO - -> Analizzando versione 6.1.0-beta.0 (221/665)...
2025-11-13 19:05:00,835 - UnicodeAnalyzer - INFO - Filtrati 12 file (es. in /dist, /test).
2025-11-13 19:05:00,913 - UnicodeAnalyzer - INFO - -> Analizzando versione 6.10.0 (222/665)...
2025-11-13 19:05:00,915 - UnicodeAnalyzer - INFO - Filtrati 12 file (es. in /dist, /test).
2025-11-13 19:05:00,991 - UnicodeAnalyzer - INFO - -> Analizzando versione 6.10.0-beta (223/665)...
2025-11-13 19:05:00,993 - UnicodeAnalyzer - INFO - Filtrati 12 file (es. in /dist, /test).
2025-11-13 19:05:01,076 - UnicodeAnalyzer - INFO - -> Analizzando versione 6.10.0-beta.2 (224/665)...
2025-11-13 19:05:01,077 - UnicodeAnalyzer - INFO - Filtrati 12 file (es. in /dist, /test).
2025-11-13 19:05:01,154 - UnicodeAnalyzer - INFO - -> Analizzando versione 6.10.0-beta.3 (225/665)...
2025-11-13 19:05:01,155 - UnicodeAnalyzer - INFO - Filtrati 12 file (es. in /dist, /test).
2025-11-13 19:05:01,236 - UnicodeAnalyzer - INFO - -> Analizzando versione 6.11.0 (226/665)...
2025-11-13 19:05:01,237 - UnicodeAnalyzer - INFO - Filtrati 12 file (es. in /dist, /test).
2025-11-13 19:05:01,315 - UnicodeAnalyzer - INFO - -> Analizzando versione 6.12.0 (227/665)...
2025-11-13 19:05:01,316 - UnicodeAnalyzer - INFO - Filtrati 12 file (es. in /dist, /test).
2025-11-13 19:05:01,393 - UnicodeAnalyzer - INFO - -> Analizzando versione 6.12.0-beta.1 (228/665)...
2025-11-13 19:05:01,394 - UnicodeAnalyzer - INFO - Filtrati 12 file (es. in /dist, /test).
2025-11-13 19:05:01,472 - UnicodeAnalyzer - INFO - -> Analizzando versione 6.12.0-beta.2 (229/665)...
2025-11-13 19:05:01,473 - UnicodeAnalyzer - INFO - Filtrati 12 file (es. in /dist, /test).
2025-11-13 19:05:01,549 - UnicodeAnalyzer - INFO - -> Analizzando versione 6.13.0 (230/665)...
2025-11-13 19:05:01,550 - UnicodeAnalyzer - INFO - Filtrati 12 file (es. in /dist, /test).
2025-11-13 19:05:01,630 - UnicodeAnalyzer - INFO - -> Analizzando versione 6.13.0-beta.0 (231/665)...
2025-11-13 19:05:01,631 - UnicodeAnalyzer - INFO - Filtrati 12 file (es. in /dist, /test).
2025-11-13 19:05:01,709 - UnicodeAnalyzer - INFO - -> Analizzando versione 6.13.0-beta.1 (232/665)...
2025-11-13 19:05:01,710 - UnicodeAnalyzer - INFO - Filtrati 12 file (es. in /dist, /test).
2025-11-13 19:05:01,788 - UnicodeAnalyzer - INFO - -> Analizzando versione 6.13.0-beta.2 (233/665)...
2025-11-13 19:05:01,789 - UnicodeAnalyzer - INFO - Filtrati 12 file (es. in /dist, /test).
2025-11-13 19:05:01,866 - UnicodeAnalyzer - INFO - -> Analizzando versione 6.13.0-beta.3 (234/665)...
2025-11-13 19:05:01,868 - UnicodeAnalyzer - INFO - Filtrati 12 file (es. in /dist, /test).
2025-11-13 19:05:01,946 - UnicodeAnalyzer - INFO - -> Analizzando versione 6.13.1 (235/665)...
2025-11-13 19:05:01,948 - UnicodeAnalyzer - INFO - Filtrati 12 file (es. in /dist, /test).
2025-11-13 19:05:02,031 - UnicodeAnalyzer - INFO - -> Analizzando versione 6.13.2 (236/665)...
2025-11-13 19:05:02,033 - UnicodeAnalyzer - INFO - Filtrati 12 file (es. in /dist, /test).
2025-11-13 19:05:02,111 - UnicodeAnalyzer - INFO - -> Analizzando versione 6.13.3 (237/665)...
2025-11-13 19:05:02,113 - UnicodeAnalyzer - INFO - Filtrati 12 file (es. in /dist, /test).
2025-11-13 19:05:02,190 - UnicodeAnalyzer - INFO - -> Analizzando versione 6.14.0 (238/665)...
2025-11-13 19:05:02,191 - UnicodeAnalyzer - INFO - Filtrati 12 file (es. in /dist, /test).
2025-11-13 19:05:02,270 - UnicodeAnalyzer - INFO - -> Analizzando versione 6.14.1 (239/665)...
2025-11-13 19:05:02,271 - UnicodeAnalyzer - INFO - Filtrati 12 file (es. in /dist, /test).
2025-11-13 19:05:02,349 - UnicodeAnalyzer - INFO - -> Analizzando versione 6.14.2 (240/665)...
2025-11-13 19:05:02,351 - UnicodeAnalyzer - INFO - Filtrati 12 file (es. in /dist, /test).
2025-11-13 19:05:02,429 - UnicodeAnalyzer - INFO - -> Analizzando versione 6.14.3 (241/665)...
2025-11-13 19:05:02,430 - UnicodeAnalyzer - INFO - Filtrati 12 file (es. in /dist, /test).
2025-11-13 19:05:02,509 - UnicodeAnalyzer - INFO - -> Analizzando versione 6.15.0 (242/665)...
2025-11-13 19:05:02,511 - UnicodeAnalyzer - INFO - Filtrati 12 file (es. in /dist, /test).
2025-11-13 19:05:02,589 - UnicodeAnalyzer - INFO - -> Analizzando versione 6.16.0 (243/665)...
2025-11-13 19:05:02,590 - UnicodeAnalyzer - INFO - Filtrati 12 file (es. in /dist, /test).
2025-11-13 19:05:02,666 - UnicodeAnalyzer - INFO - -> Analizzando versione 6.16.1 (244/665)...
2025-11-13 19:05:02,667 - UnicodeAnalyzer - INFO - Filtrati 12 file (es. in /dist, /test).
2025-11-13 19:05:02,745 - UnicodeAnalyzer - INFO - -> Analizzando versione 6.17.0 (245/665)...
2025-11-13 19:05:02,746 - UnicodeAnalyzer - INFO - Filtrati 12 file (es. in /dist, /test).
2025-11-13 19:05:02,822 - UnicodeAnalyzer - INFO - -> Analizzando versione 6.17.0-beta.0 (246/665)...
2025-11-13 19:05:02,823 - UnicodeAnalyzer - INFO - Filtrati 12 file (es. in /dist, /test).
2025-11-13 19:05:02,900 - UnicodeAnalyzer - INFO - -> Analizzando versione 6.17.1 (247/665)...
2025-11-13 19:05:02,901 - UnicodeAnalyzer - INFO - Filtrati 12 file (es. in /dist, /test).
2025-11-13 19:05:02,978 - UnicodeAnalyzer - INFO - -> Analizzando versione 6.17.2 (248/665)...
2025-11-13 19:05:02,979 - UnicodeAnalyzer - INFO - Filtrati 12 file (es. in /dist, /test).
2025-11-13 19:05:03,056 - UnicodeAnalyzer - INFO - -> Analizzando versione 6.17.3 (249/665)...
2025-11-13 19:05:03,057 - UnicodeAnalyzer - INFO - Filtrati 12 file (es. in /dist, /test).
2025-11-13 19:05:03,133 - UnicodeAnalyzer - INFO - -> Analizzando versione 6.17.4 (250/665)...
2025-11-13 19:05:03,134 - UnicodeAnalyzer - INFO - Filtrati 12 file (es. in /dist, /test).
2025-11-13 19:05:03,210 - UnicodeAnalyzer - INFO - -> Analizzando versione 6.17.5 (251/665)...
2025-11-13 19:05:03,211 - UnicodeAnalyzer - INFO - Filtrati 12 file (es. in /dist, /test).
2025-11-13 19:05:03,288 - UnicodeAnalyzer - INFO - -> Analizzando versione 6.17.6 (252/665)...
2025-11-13 19:05:03,290 - UnicodeAnalyzer - INFO - Filtrati 12 file (es. in /dist, /test).
2025-11-13 19:05:03,366 - UnicodeAnalyzer - INFO - -> Analizzando versione 6.17.7 (253/665)...
2025-11-13 19:05:03,367 - UnicodeAnalyzer - INFO - Filtrati 12 file (es. in /dist, /test).
2025-11-13 19:05:03,443 - UnicodeAnalyzer - INFO - -> Analizzando versione 6.17.8 (254/665)...
2025-11-13 19:05:03,444 - UnicodeAnalyzer - INFO - Filtrati 12 file (es. in /dist, /test).
2025-11-13 19:05:03,521 - UnicodeAnalyzer - INFO - -> Analizzando versione 6.17.8-beta.0 (255/665)...
2025-11-13 19:05:03,522 - UnicodeAnalyzer - INFO - Filtrati 12 file (es. in /dist, /test).
2025-11-13 19:05:03,599 - UnicodeAnalyzer - INFO - -> Analizzando versione 6.17.9 (256/665)...
2025-11-13 19:05:03,601 - UnicodeAnalyzer - INFO - Filtrati 12 file (es. in /dist, /test).
2025-11-13 19:05:03,676 - UnicodeAnalyzer - INFO - -> Analizzando versione 6.18.0 (257/665)...
2025-11-13 19:05:03,678 - UnicodeAnalyzer - INFO - Filtrati 12 file (es. in /dist, /test).
2025-11-13 19:05:03,755 - UnicodeAnalyzer - INFO - -> Analizzando versione 6.18.1 (258/665)...
2025-11-13 19:05:03,756 - UnicodeAnalyzer - INFO - Filtrati 12 file (es. in /dist, /test).
2025-11-13 19:05:03,832 - UnicodeAnalyzer - INFO - -> Analizzando versione 6.18.1-beta.0 (259/665)...
2025-11-13 19:05:03,833 - UnicodeAnalyzer - INFO - Filtrati 12 file (es. in /dist, /test).
2025-11-13 19:05:03,910 - UnicodeAnalyzer - INFO - -> Analizzando versione 6.18.2 (260/665)...
2025-11-13 19:05:03,911 - UnicodeAnalyzer - INFO - Filtrati 12 file (es. in /dist, /test).
2025-11-13 19:05:03,992 - UnicodeAnalyzer - INFO - -> Analizzando versione 6.19.0 (261/665)...
2025-11-13 19:05:03,993 - UnicodeAnalyzer - INFO - Filtrati 12 file (es. in /dist, /test).
2025-11-13 19:05:04,069 - UnicodeAnalyzer - INFO - -> Analizzando versione 6.19.1 (262/665)...
2025-11-13 19:05:04,070 - UnicodeAnalyzer - INFO - Filtrati 13 file (es. in /dist, /test).
2025-11-13 19:05:04,147 - UnicodeAnalyzer - INFO - -> Analizzando versione 6.19.2 (263/665)...
2025-11-13 19:05:04,148 - UnicodeAnalyzer - INFO - Filtrati 13 file (es. in /dist, /test).
2025-11-13 19:05:04,226 - UnicodeAnalyzer - INFO - -> Analizzando versione 6.19.3 (264/665)...
2025-11-13 19:05:04,227 - UnicodeAnalyzer - INFO - Filtrati 13 file (es. in /dist, /test).
2025-11-13 19:05:04,304 - UnicodeAnalyzer - INFO - -> Analizzando versione 6.19.4 (265/665)...
2025-11-13 19:05:04,305 - UnicodeAnalyzer - INFO - Filtrati 13 file (es. in /dist, /test).
2025-11-13 19:05:04,382 - UnicodeAnalyzer - INFO - -> Analizzando versione 6.19.5 (266/665)...
2025-11-13 19:05:04,383 - UnicodeAnalyzer - INFO - Filtrati 14 file (es. in /dist, /test).
2025-11-13 19:05:04,460 - UnicodeAnalyzer - INFO - -> Analizzando versione 6.19.6 (267/665)...
2025-11-13 19:05:04,462 - UnicodeAnalyzer - INFO - Filtrati 14 file (es. in /dist, /test).
2025-11-13 19:05:04,546 - UnicodeAnalyzer - INFO - -> Analizzando versione 6.19.7 (268/665)...
2025-11-13 19:05:04,548 - UnicodeAnalyzer - INFO - Filtrati 14 file (es. in /dist, /test).
2025-11-13 19:05:04,626 - UnicodeAnalyzer - INFO - -> Analizzando versione 6.2.0 (269/665)...
2025-11-13 19:05:04,627 - UnicodeAnalyzer - INFO - Filtrati 12 file (es. in /dist, /test).
2025-11-13 19:05:04,707 - UnicodeAnalyzer - INFO - -> Analizzando versione 6.2.1 (270/665)...
2025-11-13 19:05:04,708 - UnicodeAnalyzer - INFO - Filtrati 12 file (es. in /dist, /test).
2025-11-13 19:05:04,784 - UnicodeAnalyzer - INFO - -> Analizzando versione 6.2.2 (271/665)...
2025-11-13 19:05:04,786 - UnicodeAnalyzer - INFO - Filtrati 12 file (es. in /dist, /test).
2025-11-13 19:05:04,863 - UnicodeAnalyzer - INFO - -> Analizzando versione 6.2.3 (272/665)...
2025-11-13 19:05:04,864 - UnicodeAnalyzer - INFO - Filtrati 12 file (es. in /dist, /test).
2025-11-13 19:05:04,942 - UnicodeAnalyzer - INFO - -> Analizzando versione 6.2.4 (273/665)...
2025-11-13 19:05:04,943 - UnicodeAnalyzer - INFO - Filtrati 12 file (es. in /dist, /test).
2025-11-13 19:05:05,022 - UnicodeAnalyzer - INFO - -> Analizzando versione 6.2.5 (274/665)...
2025-11-13 19:05:05,023 - UnicodeAnalyzer - INFO - Filtrati 12 file (es. in /dist, /test).
2025-11-13 19:05:05,109 - UnicodeAnalyzer - INFO - -> Analizzando versione 6.3.0 (275/665)...
2025-11-13 19:05:05,111 - UnicodeAnalyzer - INFO - Filtrati 12 file (es. in /dist, /test).
2025-11-13 19:05:05,187 - UnicodeAnalyzer - INFO - -> Analizzando versione 6.3.0-beta.0 (276/665)...
2025-11-13 19:05:05,189 - UnicodeAnalyzer - INFO - Filtrati 12 file (es. in /dist, /test).
2025-11-13 19:05:05,267 - UnicodeAnalyzer - INFO - -> Analizzando versione 6.3.0-beta.1 (277/665)...
2025-11-13 19:05:05,268 - UnicodeAnalyzer - INFO - Filtrati 12 file (es. in /dist, /test).
2025-11-13 19:05:05,346 - UnicodeAnalyzer - INFO - -> Analizzando versione 6.3.0-beta.2 (278/665)...
2025-11-13 19:05:05,347 - UnicodeAnalyzer - INFO - Filtrati 12 file (es. in /dist, /test).
2025-11-13 19:05:05,424 - UnicodeAnalyzer - INFO - -> Analizzando versione 6.3.0-beta.3 (279/665)...
2025-11-13 19:05:05,425 - UnicodeAnalyzer - INFO - Filtrati 12 file (es. in /dist, /test).
2025-11-13 19:05:05,504 - UnicodeAnalyzer - INFO - -> Analizzando versione 6.3.0-beta.4 (280/665)...
2025-11-13 19:05:05,505 - UnicodeAnalyzer - INFO - Filtrati 12 file (es. in /dist, /test).
2025-11-13 19:05:05,583 - UnicodeAnalyzer - INFO - -> Analizzando versione 6.3.0-beta.5 (281/665)...
2025-11-13 19:05:05,584 - UnicodeAnalyzer - INFO - Filtrati 12 file (es. in /dist, /test).
2025-11-13 19:05:05,664 - UnicodeAnalyzer - INFO - -> Analizzando versione 6.3.0-beta.6 (282/665)...
2025-11-13 19:05:05,665 - UnicodeAnalyzer - INFO - Filtrati 12 file (es. in /dist, /test).
2025-11-13 19:05:05,742 - UnicodeAnalyzer - INFO - -> Analizzando versione 6.3.0-beta.7 (283/665)...
2025-11-13 19:05:05,743 - UnicodeAnalyzer - INFO - Filtrati 12 file (es. in /dist, /test).
2025-11-13 19:05:05,820 - UnicodeAnalyzer - INFO - -> Analizzando versione 6.3.1 (284/665)...
2025-11-13 19:05:05,821 - UnicodeAnalyzer - INFO - Filtrati 12 file (es. in /dist, /test).
2025-11-13 19:05:05,899 - UnicodeAnalyzer - INFO - -> Analizzando versione 6.3.2 (285/665)...
2025-11-13 19:05:05,900 - UnicodeAnalyzer - INFO - Filtrati 12 file (es. in /dist, /test).
2025-11-13 19:05:05,976 - UnicodeAnalyzer - INFO - -> Analizzando versione 6.3.3 (286/665)...
2025-11-13 19:05:05,978 - UnicodeAnalyzer - INFO - Filtrati 12 file (es. in /dist, /test).
2025-11-13 19:05:06,054 - UnicodeAnalyzer - INFO - -> Analizzando versione 6.3.4 (287/665)...
2025-11-13 19:05:06,056 - UnicodeAnalyzer - INFO - Filtrati 12 file (es. in /dist, /test).
2025-11-13 19:05:06,134 - UnicodeAnalyzer - INFO - -> Analizzando versione 6.3.4-beta.0 (288/665)...
2025-11-13 19:05:06,135 - UnicodeAnalyzer - INFO - Filtrati 12 file (es. in /dist, /test).
2025-11-13 19:05:06,213 - UnicodeAnalyzer - INFO - -> Analizzando versione 6.3.4-beta.1 (289/665)...
2025-11-13 19:05:06,214 - UnicodeAnalyzer - INFO - Filtrati 12 file (es. in /dist, /test).
2025-11-13 19:05:06,290 - UnicodeAnalyzer - INFO - -> Analizzando versione 6.3.4-beta.2 (290/665)...
2025-11-13 19:05:06,291 - UnicodeAnalyzer - INFO - Filtrati 12 file (es. in /dist, /test).
2025-11-13 19:05:06,367 - UnicodeAnalyzer - INFO - -> Analizzando versione 6.3.4-beta.3 (291/665)...
2025-11-13 19:05:06,369 - UnicodeAnalyzer - INFO - Filtrati 12 file (es. in /dist, /test).
2025-11-13 19:05:06,445 - UnicodeAnalyzer - INFO - -> Analizzando versione 6.3.5 (292/665)...
2025-11-13 19:05:06,446 - UnicodeAnalyzer - INFO - Filtrati 12 file (es. in /dist, /test).
2025-11-13 19:05:06,523 - UnicodeAnalyzer - INFO - -> Analizzando versione 6.3.6 (293/665)...
2025-11-13 19:05:06,524 - UnicodeAnalyzer - INFO - Filtrati 12 file (es. in /dist, /test).
2025-11-13 19:05:06,605 - UnicodeAnalyzer - INFO - -> Analizzando versione 6.4.0 (294/665)...
2025-11-13 19:05:06,606 - UnicodeAnalyzer - INFO - Filtrati 12 file (es. in /dist, /test).
2025-11-13 19:05:06,681 - UnicodeAnalyzer - INFO - -> Analizzando versione 6.4.1 (295/665)...
2025-11-13 19:05:06,682 - UnicodeAnalyzer - INFO - Filtrati 12 file (es. in /dist, /test).
2025-11-13 19:05:06,758 - UnicodeAnalyzer - INFO - -> Analizzando versione 6.5.0 (296/665)...
2025-11-13 19:05:06,759 - UnicodeAnalyzer - INFO - Filtrati 12 file (es. in /dist, /test).
2025-11-13 19:05:06,834 - UnicodeAnalyzer - INFO - -> Analizzando versione 6.5.0-beta.0 (297/665)...
2025-11-13 19:05:06,836 - UnicodeAnalyzer - INFO - Filtrati 12 file (es. in /dist, /test).
2025-11-13 19:05:06,911 - UnicodeAnalyzer - INFO - -> Analizzando versione 6.5.0-beta.1 (298/665)...
2025-11-13 19:05:06,912 - UnicodeAnalyzer - INFO - Filtrati 12 file (es. in /dist, /test).
2025-11-13 19:05:06,990 - UnicodeAnalyzer - INFO - -> Analizzando versione 6.5.0-beta.2 (299/665)...
2025-11-13 19:05:06,991 - UnicodeAnalyzer - INFO - Filtrati 12 file (es. in /dist, /test).
2025-11-13 19:05:07,069 - UnicodeAnalyzer - INFO - -> Analizzando versione 6.5.1 (300/665)...
2025-11-13 19:05:07,070 - UnicodeAnalyzer - INFO - Filtrati 12 file (es. in /dist, /test).
2025-11-13 19:05:07,147 - UnicodeAnalyzer - INFO - -> Analizzando versione 6.6.0 (301/665)...
2025-11-13 19:05:07,148 - UnicodeAnalyzer - INFO - Filtrati 12 file (es. in /dist, /test).
2025-11-13 19:05:07,224 - UnicodeAnalyzer - INFO - -> Analizzando versione 6.7.0 (302/665)...
2025-11-13 19:05:07,225 - UnicodeAnalyzer - INFO - Filtrati 12 file (es. in /dist, /test).
2025-11-13 19:05:07,304 - UnicodeAnalyzer - INFO - -> Analizzando versione 6.7.1 (303/665)...
2025-11-13 19:05:07,305 - UnicodeAnalyzer - INFO - Filtrati 12 file (es. in /dist, /test).
2025-11-13 19:05:07,379 - UnicodeAnalyzer - INFO - -> Analizzando versione 6.7.2 (304/665)...
2025-11-13 19:05:07,380 - UnicodeAnalyzer - INFO - Filtrati 12 file (es. in /dist, /test).
2025-11-13 19:05:07,458 - UnicodeAnalyzer - INFO - -> Analizzando versione 6.8.0 (305/665)...
2025-11-13 19:05:07,459 - UnicodeAnalyzer - INFO - Filtrati 12 file (es. in /dist, /test).
2025-11-13 19:05:07,537 - UnicodeAnalyzer - INFO - -> Analizzando versione 6.9.0 (306/665)...
2025-11-13 19:05:07,538 - UnicodeAnalyzer - INFO - Filtrati 12 file (es. in /dist, /test).
2025-11-13 19:05:07,614 - UnicodeAnalyzer - INFO - -> Analizzando versione 7.0.0 (307/665)...
2025-11-13 19:05:07,696 - UnicodeAnalyzer - INFO - -> Analizzando versione 7.0.0-alpha.0 (308/665)...
2025-11-13 19:05:07,779 - UnicodeAnalyzer - INFO - -> Analizzando versione 7.0.0-alpha.1 (309/665)...
2025-11-13 19:05:07,862 - UnicodeAnalyzer - INFO - -> Analizzando versione 7.0.0-beta.0 (310/665)...
2025-11-13 19:05:07,944 - UnicodeAnalyzer - INFO - -> Analizzando versione 7.0.0-beta.1 (311/665)...
2025-11-13 19:05:08,028 - UnicodeAnalyzer - INFO - -> Analizzando versione 7.0.0-beta.2 (312/665)...
2025-11-13 19:05:08,108 - UnicodeAnalyzer - INFO - -> Analizzando versione 7.0.0-rc.0 (313/665)...
2025-11-13 19:05:08,188 - UnicodeAnalyzer - INFO - -> Analizzando versione 7.1.0 (314/665)...
2025-11-13 19:05:08,269 - UnicodeAnalyzer - INFO - -> Analizzando versione 7.1.1 (315/665)...
2025-11-13 19:05:08,348 - UnicodeAnalyzer - INFO - -> Analizzando versione 7.10.0 (316/665)...
2025-11-13 19:05:08,429 - UnicodeAnalyzer - INFO - -> Analizzando versione 7.100.0 (317/665)...
2025-11-13 19:05:08,523 - UnicodeAnalyzer - INFO - -> Analizzando versione 7.100.1 (318/665)...
2025-11-13 19:05:08,619 - UnicodeAnalyzer - INFO - -> Analizzando versione 7.101.0 (319/665)...
2025-11-13 19:05:08,717 - UnicodeAnalyzer - INFO - -> Analizzando versione 7.101.1 (320/665)...
2025-11-13 19:05:08,815 - UnicodeAnalyzer - INFO - -> Analizzando versione 7.102.0 (321/665)...
2025-11-13 19:05:08,917 - UnicodeAnalyzer - INFO - -> Analizzando versione 7.102.1 (322/665)...
2025-11-13 19:05:09,014 - UnicodeAnalyzer - INFO - -> Analizzando versione 7.103.0 (323/665)...
2025-11-13 19:05:09,158 - UnicodeAnalyzer - INFO - -> Analizzando versione 7.104.0 (324/665)...
2025-11-13 19:05:09,285 - UnicodeAnalyzer - INFO - -> Analizzando versione 7.105.0 (325/665)...
2025-11-13 19:05:09,398 - UnicodeAnalyzer - INFO - -> Analizzando versione 7.106.0 (326/665)...
2025-11-13 19:05:09,493 - UnicodeAnalyzer - INFO - -> Analizzando versione 7.106.1 (327/665)...
2025-11-13 19:05:09,592 - UnicodeAnalyzer - INFO - -> Analizzando versione 7.107.0 (328/665)...
2025-11-13 19:05:09,685 - UnicodeAnalyzer - INFO - -> Analizzando versione 7.108.0 (329/665)...
2025-11-13 19:05:09,780 - UnicodeAnalyzer - INFO - -> Analizzando versione 7.109.0 (330/665)...
2025-11-13 19:05:09,876 - UnicodeAnalyzer - INFO - -> Analizzando versione 7.11.0 (331/665)...
2025-11-13 19:05:09,957 - UnicodeAnalyzer - INFO - -> Analizzando versione 7.11.1 (332/665)...
2025-11-13 19:05:10,037 - UnicodeAnalyzer - INFO - -> Analizzando versione 7.110.0 (333/665)...
2025-11-13 19:05:10,133 - UnicodeAnalyzer - INFO - -> Analizzando versione 7.110.1 (334/665)...
2025-11-13 19:05:10,238 - UnicodeAnalyzer - INFO - -> Analizzando versione 7.111.0 (335/665)...
2025-11-13 19:05:10,331 - UnicodeAnalyzer - INFO - -> Analizzando versione 7.112.0 (336/665)...
2025-11-13 19:05:10,423 - UnicodeAnalyzer - INFO - -> Analizzando versione 7.112.1 (337/665)...
2025-11-13 19:05:10,518 - UnicodeAnalyzer - INFO - -> Analizzando versione 7.112.2 (338/665)...
2025-11-13 19:05:10,614 - UnicodeAnalyzer - INFO - -> Analizzando versione 7.113.0 (339/665)...
2025-11-13 19:05:10,708 - UnicodeAnalyzer - INFO - -> Analizzando versione 7.114.0 (340/665)...
2025-11-13 19:05:10,801 - UnicodeAnalyzer - INFO - -> Analizzando versione 7.115.0 (341/665)...
2025-11-13 19:05:10,897 - UnicodeAnalyzer - INFO - -> Analizzando versione 7.116.0 (342/665)...
2025-11-13 19:05:10,994 - UnicodeAnalyzer - INFO - -> Analizzando versione 7.117.0 (343/665)...
2025-11-13 19:05:11,086 - UnicodeAnalyzer - INFO - -> Analizzando versione 7.118.0 (344/665)...
2025-11-13 19:05:11,180 - UnicodeAnalyzer - INFO - -> Analizzando versione 7.119.0 (345/665)...
2025-11-13 19:05:11,273 - UnicodeAnalyzer - INFO - -> Analizzando versione 7.119.1 (346/665)...
2025-11-13 19:05:11,368 - UnicodeAnalyzer - INFO - -> Analizzando versione 7.119.2 (347/665)...
2025-11-13 19:05:11,469 - UnicodeAnalyzer - INFO - -> Analizzando versione 7.12.0 (348/665)...
2025-11-13 19:05:11,546 - UnicodeAnalyzer - INFO - -> Analizzando versione 7.12.1 (349/665)...
2025-11-13 19:05:11,638 - UnicodeAnalyzer - INFO - -> Analizzando versione 7.120.0 (350/665)...
2025-11-13 19:05:11,734 - UnicodeAnalyzer - INFO - -> Analizzando versione 7.120.1 (351/665)...
2025-11-13 19:05:11,827 - UnicodeAnalyzer - INFO - -> Analizzando versione 7.120.2 (352/665)...
2025-11-13 19:05:11,923 - UnicodeAnalyzer - INFO - -> Analizzando versione 7.120.3 (353/665)...
2025-11-13 19:05:12,018 - UnicodeAnalyzer - INFO - -> Analizzando versione 7.120.4 (354/665)...
2025-11-13 19:05:12,112 - UnicodeAnalyzer - INFO - -> Analizzando versione 7.120.4-alpha.0 (355/665)...
2025-11-13 19:05:12,206 - UnicodeAnalyzer - INFO - -> Analizzando versione 7.120.4-alpha.1 (356/665)...
2025-11-13 19:05:12,304 - UnicodeAnalyzer - INFO - -> Analizzando versione 7.13.0 (357/665)...
2025-11-13 19:05:12,383 - UnicodeAnalyzer - INFO - -> Analizzando versione 7.14.0 (358/665)...
2025-11-13 19:05:12,467 - UnicodeAnalyzer - INFO - -> Analizzando versione 7.14.1 (359/665)...
2025-11-13 19:05:12,546 - UnicodeAnalyzer - INFO - -> Analizzando versione 7.14.2 (360/665)...
2025-11-13 19:05:12,630 - UnicodeAnalyzer - INFO - -> Analizzando versione 7.15.0 (361/665)...
2025-11-13 19:05:12,711 - UnicodeAnalyzer - INFO - -> Analizzando versione 7.16.0 (362/665)...
2025-11-13 19:05:12,795 - UnicodeAnalyzer - INFO - -> Analizzando versione 7.17.0 (363/665)...
2025-11-13 19:05:12,880 - UnicodeAnalyzer - INFO - -> Analizzando versione 7.17.1 (364/665)...
2025-11-13 19:05:12,963 - UnicodeAnalyzer - INFO - -> Analizzando versione 7.17.2 (365/665)...
2025-11-13 19:05:13,047 - UnicodeAnalyzer - INFO - -> Analizzando versione 7.17.3 (366/665)...
2025-11-13 19:05:13,128 - UnicodeAnalyzer - INFO - -> Analizzando versione 7.17.4 (367/665)...
2025-11-13 19:05:13,213 - UnicodeAnalyzer - INFO - -> Analizzando versione 7.18.0 (368/665)...
2025-11-13 19:05:13,298 - UnicodeAnalyzer - INFO - -> Analizzando versione 7.19.0 (369/665)...
2025-11-13 19:05:13,381 - UnicodeAnalyzer - INFO - -> Analizzando versione 7.2.0 (370/665)...
2025-11-13 19:05:13,460 - UnicodeAnalyzer - INFO - -> Analizzando versione 7.20.0 (371/665)...
2025-11-13 19:05:13,542 - UnicodeAnalyzer - INFO - -> Analizzando versione 7.20.1 (372/665)...
2025-11-13 19:05:13,624 - UnicodeAnalyzer - INFO - -> Analizzando versione 7.21.0 (373/665)...
2025-11-13 19:05:13,707 - UnicodeAnalyzer - INFO - -> Analizzando versione 7.21.1 (374/665)...
2025-11-13 19:05:13,790 - UnicodeAnalyzer - INFO - -> Analizzando versione 7.22.0 (375/665)...
2025-11-13 19:05:13,873 - UnicodeAnalyzer - INFO - -> Analizzando versione 7.23.0 (376/665)...
2025-11-13 19:05:13,955 - UnicodeAnalyzer - INFO - -> Analizzando versione 7.24.0 (377/665)...
2025-11-13 19:05:14,039 - UnicodeAnalyzer - INFO - -> Analizzando versione 7.24.1 (378/665)...
2025-11-13 19:05:14,120 - UnicodeAnalyzer - INFO - -> Analizzando versione 7.24.2 (379/665)...
2025-11-13 19:05:14,212 - UnicodeAnalyzer - INFO - -> Analizzando versione 7.25.0 (380/665)...
2025-11-13 19:05:14,294 - UnicodeAnalyzer - INFO - -> Analizzando versione 7.26.0 (381/665)...
2025-11-13 19:05:14,377 - UnicodeAnalyzer - INFO - -> Analizzando versione 7.27.0 (382/665)...
2025-11-13 19:05:14,459 - UnicodeAnalyzer - INFO - -> Analizzando versione 7.28.0 (383/665)...
2025-11-13 19:05:14,544 - UnicodeAnalyzer - INFO - -> Analizzando versione 7.28.1 (384/665)...
2025-11-13 19:05:14,627 - UnicodeAnalyzer - INFO - -> Analizzando versione 7.29.0 (385/665)...
2025-11-13 19:05:14,714 - UnicodeAnalyzer - INFO - -> Analizzando versione 7.3.0 (386/665)...
2025-11-13 19:05:14,794 - UnicodeAnalyzer - INFO - -> Analizzando versione 7.3.1 (387/665)...
2025-11-13 19:05:14,872 - UnicodeAnalyzer - INFO - -> Analizzando versione 7.30.0 (388/665)...
2025-11-13 19:05:14,954 - UnicodeAnalyzer - INFO - -> Analizzando versione 7.31.0 (389/665)...
2025-11-13 19:05:15,038 - UnicodeAnalyzer - INFO - -> Analizzando versione 7.31.1 (390/665)...
2025-11-13 19:05:15,122 - UnicodeAnalyzer - INFO - -> Analizzando versione 7.32.0 (391/665)...
2025-11-13 19:05:15,208 - UnicodeAnalyzer - INFO - -> Analizzando versione 7.32.1 (392/665)...
2025-11-13 19:05:15,290 - UnicodeAnalyzer - INFO - -> Analizzando versione 7.33.0 (393/665)...
2025-11-13 19:05:15,377 - UnicodeAnalyzer - INFO - -> Analizzando versione 7.34.0 (394/665)...
2025-11-13 19:05:15,459 - UnicodeAnalyzer - INFO - -> Analizzando versione 7.34.0-beta.0 (395/665)...
2025-11-13 19:05:15,543 - UnicodeAnalyzer - INFO - -> Analizzando versione 7.35.0 (396/665)...
2025-11-13 19:05:15,627 - UnicodeAnalyzer - INFO - -> Analizzando versione 7.36.0 (397/665)...
2025-11-13 19:05:15,710 - UnicodeAnalyzer - INFO - -> Analizzando versione 7.37.0 (398/665)...
2025-11-13 19:05:15,792 - UnicodeAnalyzer - INFO - -> Analizzando versione 7.37.1 (399/665)...
2025-11-13 19:05:15,879 - UnicodeAnalyzer - INFO - -> Analizzando versione 7.37.2 (400/665)...
2025-11-13 19:05:15,963 - UnicodeAnalyzer - INFO - -> Analizzando versione 7.38.0 (401/665)...
2025-11-13 19:05:16,047 - UnicodeAnalyzer - INFO - -> Analizzando versione 7.39.0 (402/665)...
2025-11-13 19:05:16,145 - UnicodeAnalyzer - INFO - -> Analizzando versione 7.4.0 (403/665)...
2025-11-13 19:05:16,223 - UnicodeAnalyzer - INFO - -> Analizzando versione 7.4.1 (404/665)...
2025-11-13 19:05:16,303 - UnicodeAnalyzer - INFO - -> Analizzando versione 7.40.0 (405/665)...
2025-11-13 19:05:16,387 - UnicodeAnalyzer - INFO - -> Analizzando versione 7.41.0 (406/665)...
2025-11-13 19:05:16,471 - UnicodeAnalyzer - INFO - -> Analizzando versione 7.42.0 (407/665)...
2025-11-13 19:05:16,557 - UnicodeAnalyzer - INFO - -> Analizzando versione 7.43.0 (408/665)...
2025-11-13 19:05:16,647 - UnicodeAnalyzer - INFO - -> Analizzando versione 7.44.0 (409/665)...
2025-11-13 19:05:16,739 - UnicodeAnalyzer - INFO - -> Analizzando versione 7.44.1 (410/665)...
2025-11-13 19:05:16,826 - UnicodeAnalyzer - INFO - -> Analizzando versione 7.44.2 (411/665)...
2025-11-13 19:05:16,915 - UnicodeAnalyzer - INFO - -> Analizzando versione 7.45.0 (412/665)...
2025-11-13 19:05:17,006 - UnicodeAnalyzer - INFO - -> Analizzando versione 7.46.0 (413/665)...
2025-11-13 19:05:17,096 - UnicodeAnalyzer - INFO - -> Analizzando versione 7.47.0 (414/665)...
2025-11-13 19:05:17,185 - UnicodeAnalyzer - INFO - -> Analizzando versione 7.48.0 (415/665)...
2025-11-13 19:05:17,275 - UnicodeAnalyzer - INFO - -> Analizzando versione 7.49.0 (416/665)...
2025-11-13 19:05:17,366 - UnicodeAnalyzer - INFO - -> Analizzando versione 7.5.0 (417/665)...
2025-11-13 19:05:17,445 - UnicodeAnalyzer - INFO - -> Analizzando versione 7.5.1 (418/665)...
2025-11-13 19:05:17,523 - UnicodeAnalyzer - INFO - -> Analizzando versione 7.50.0 (419/665)...
2025-11-13 19:05:17,613 - UnicodeAnalyzer - INFO - -> Analizzando versione 7.51.0 (420/665)...
2025-11-13 19:05:17,705 - UnicodeAnalyzer - INFO - -> Analizzando versione 7.51.1 (421/665)...
2025-11-13 19:05:17,799 - UnicodeAnalyzer - INFO - -> Analizzando versione 7.51.2 (422/665)...
2025-11-13 19:05:17,890 - UnicodeAnalyzer - INFO - -> Analizzando versione 7.52.0 (423/665)...
2025-11-13 19:05:17,984 - UnicodeAnalyzer - INFO - -> Analizzando versione 7.52.1 (424/665)...
2025-11-13 19:05:18,075 - UnicodeAnalyzer - INFO - -> Analizzando versione 7.53.0 (425/665)...
2025-11-13 19:05:18,168 - UnicodeAnalyzer - INFO - -> Analizzando versione 7.53.1 (426/665)...
2025-11-13 19:05:18,260 - UnicodeAnalyzer - INFO - -> Analizzando versione 7.54.0 (427/665)...
2025-11-13 19:05:18,350 - UnicodeAnalyzer - INFO - -> Analizzando versione 7.55.0 (428/665)...
2025-11-13 19:05:18,446 - UnicodeAnalyzer - INFO - -> Analizzando versione 7.55.1 (429/665)...
2025-11-13 19:05:18,535 - UnicodeAnalyzer - INFO - -> Analizzando versione 7.55.2 (430/665)...
2025-11-13 19:05:18,627 - UnicodeAnalyzer - INFO - -> Analizzando versione 7.56.0 (431/665)...
2025-11-13 19:05:18,718 - UnicodeAnalyzer - INFO - -> Analizzando versione 7.57.0 (432/665)...
2025-11-13 19:05:18,811 - UnicodeAnalyzer - INFO - -> Analizzando versione 7.57.0-beta.0 (433/665)...
2025-11-13 19:05:18,904 - UnicodeAnalyzer - INFO - -> Analizzando versione 7.58.0 (434/665)...
2025-11-13 19:05:18,996 - UnicodeAnalyzer - INFO - -> Analizzando versione 7.58.1 (435/665)...
2025-11-13 19:05:19,091 - UnicodeAnalyzer - INFO - -> Analizzando versione 7.59.0-beta.0 (436/665)...
2025-11-13 19:05:19,183 - UnicodeAnalyzer - INFO - -> Analizzando versione 7.59.0-beta.1 (437/665)...
2025-11-13 19:05:19,275 - UnicodeAnalyzer - INFO - -> Analizzando versione 7.59.1 (438/665)...
2025-11-13 19:05:19,361 - UnicodeAnalyzer - INFO - -> Analizzando versione 7.59.2 (439/665)...
2025-11-13 19:05:19,446 - UnicodeAnalyzer - INFO - -> Analizzando versione 7.59.3 (440/665)...
2025-11-13 19:05:19,536 - UnicodeAnalyzer - INFO - -> Analizzando versione 7.6.0 (441/665)...
2025-11-13 19:05:19,615 - UnicodeAnalyzer - INFO - -> Analizzando versione 7.60.0 (442/665)...
2025-11-13 19:05:19,701 - UnicodeAnalyzer - INFO - -> Analizzando versione 7.60.1 (443/665)...
2025-11-13 19:05:19,785 - UnicodeAnalyzer - INFO - -> Analizzando versione 7.61.0 (444/665)...
2025-11-13 19:05:19,869 - UnicodeAnalyzer - INFO - -> Analizzando versione 7.61.1 (445/665)...
2025-11-13 19:05:19,958 - UnicodeAnalyzer - INFO - -> Analizzando versione 7.62.0 (446/665)...
2025-11-13 19:05:20,044 - UnicodeAnalyzer - INFO - -> Analizzando versione 7.63.0 (447/665)...
2025-11-13 19:05:20,130 - UnicodeAnalyzer - INFO - -> Analizzando versione 7.64.0 (448/665)...
2025-11-13 19:05:20,215 - UnicodeAnalyzer - INFO - -> Analizzando versione 7.64.0-alpha.0 (449/665)...
2025-11-13 19:05:20,301 - UnicodeAnalyzer - INFO - -> Analizzando versione 7.65.0 (450/665)...
2025-11-13 19:05:20,387 - UnicodeAnalyzer - INFO - -> Analizzando versione 7.65.0-alpha.0 (451/665)...
2025-11-13 19:05:20,480 - UnicodeAnalyzer - INFO - -> Analizzando versione 7.66.0 (452/665)...
2025-11-13 19:05:20,565 - UnicodeAnalyzer - INFO - -> Analizzando versione 7.66.0-alpha.0 (453/665)...
2025-11-13 19:05:20,651 - UnicodeAnalyzer - INFO - -> Analizzando versione 7.67.0 (454/665)...
2025-11-13 19:05:20,739 - UnicodeAnalyzer - INFO - -> Analizzando versione 7.67.0-beta.0 (455/665)...
2025-11-13 19:05:20,824 - UnicodeAnalyzer - INFO - -> Analizzando versione 7.68.0 (456/665)...
2025-11-13 19:05:20,911 - UnicodeAnalyzer - INFO - -> Analizzando versione 7.69.0 (457/665)...
2025-11-13 19:05:20,997 - UnicodeAnalyzer - INFO - -> Analizzando versione 7.7.0 (458/665)...
2025-11-13 19:05:21,078 - UnicodeAnalyzer - INFO - -> Analizzando versione 7.70.0 (459/665)...
2025-11-13 19:05:21,164 - UnicodeAnalyzer - INFO - -> Analizzando versione 7.70.0-beta.0 (460/665)...
2025-11-13 19:05:21,250 - UnicodeAnalyzer - INFO - -> Analizzando versione 7.70.0-beta.1 (461/665)...
2025-11-13 19:05:21,338 - UnicodeAnalyzer - INFO - -> Analizzando versione 7.71.0 (462/665)...
2025-11-13 19:05:21,424 - UnicodeAnalyzer - INFO - -> Analizzando versione 7.72.0 (463/665)...
2025-11-13 19:05:21,518 - UnicodeAnalyzer - INFO - -> Analizzando versione 7.73.0 (464/665)...
2025-11-13 19:05:21,603 - UnicodeAnalyzer - INFO - -> Analizzando versione 7.74.0 (465/665)...
2025-11-13 19:05:21,695 - UnicodeAnalyzer - INFO - -> Analizzando versione 7.74.1 (466/665)...
2025-11-13 19:05:21,781 - UnicodeAnalyzer - INFO - -> Analizzando versione 7.74.2-alpha.0 (467/665)...
2025-11-13 19:05:21,869 - UnicodeAnalyzer - INFO - -> Analizzando versione 7.74.2-alpha.1 (468/665)...
2025-11-13 19:05:21,956 - UnicodeAnalyzer - INFO - -> Analizzando versione 7.75.0 (469/665)...
2025-11-13 19:05:22,044 - UnicodeAnalyzer - INFO - -> Analizzando versione 7.75.1 (470/665)...
2025-11-13 19:05:22,131 - UnicodeAnalyzer - INFO - -> Analizzando versione 7.76.0 (471/665)...
2025-11-13 19:05:22,220 - UnicodeAnalyzer - INFO - -> Analizzando versione 7.77.0 (472/665)...
2025-11-13 19:05:22,309 - UnicodeAnalyzer - INFO - -> Analizzando versione 7.78.0 (473/665)...
2025-11-13 19:05:22,396 - UnicodeAnalyzer - INFO - -> Analizzando versione 7.79.0 (474/665)...
2025-11-13 19:05:22,484 - UnicodeAnalyzer - INFO - -> Analizzando versione 7.8.0 (475/665)...
2025-11-13 19:05:22,563 - UnicodeAnalyzer - INFO - -> Analizzando versione 7.8.1 (476/665)...
2025-11-13 19:05:22,644 - UnicodeAnalyzer - INFO - -> Analizzando versione 7.80.0 (477/665)...
2025-11-13 19:05:22,731 - UnicodeAnalyzer - INFO - -> Analizzando versione 7.80.1 (478/665)...
2025-11-13 19:05:22,818 - UnicodeAnalyzer - INFO - -> Analizzando versione 7.80.2-alpha.0 (479/665)...
2025-11-13 19:05:22,906 - UnicodeAnalyzer - INFO - -> Analizzando versione 7.80.2-alpha.1 (480/665)...
2025-11-13 19:05:22,995 - UnicodeAnalyzer - INFO - -> Analizzando versione 7.81.0 (481/665)...
2025-11-13 19:05:23,088 - UnicodeAnalyzer - INFO - -> Analizzando versione 7.81.1 (482/665)...
2025-11-13 19:05:23,177 - UnicodeAnalyzer - INFO - -> Analizzando versione 7.82.0 (483/665)...
2025-11-13 19:05:23,264 - UnicodeAnalyzer - INFO - -> Analizzando versione 7.83.0 (484/665)...
2025-11-13 19:05:23,352 - UnicodeAnalyzer - INFO - -> Analizzando versione 7.84.0 (485/665)...
2025-11-13 19:05:23,441 - UnicodeAnalyzer - INFO - -> Analizzando versione 7.85.0 (486/665)...
2025-11-13 19:05:23,531 - UnicodeAnalyzer - INFO - -> Analizzando versione 7.86.0 (487/665)...
2025-11-13 19:05:23,618 - UnicodeAnalyzer - INFO - -> Analizzando versione 7.87.0 (488/665)...
2025-11-13 19:05:23,707 - UnicodeAnalyzer - INFO - -> Analizzando versione 7.88.0 (489/665)...
2025-11-13 19:05:23,797 - UnicodeAnalyzer - INFO - -> Analizzando versione 7.89.0 (490/665)...
2025-11-13 19:05:23,889 - UnicodeAnalyzer - INFO - -> Analizzando versione 7.9.0 (491/665)...
2025-11-13 19:05:23,972 - UnicodeAnalyzer - INFO - -> Analizzando versione 7.90.0 (492/665)...
2025-11-13 19:05:24,063 - UnicodeAnalyzer - INFO - -> Analizzando versione 7.91.0 (493/665)...
2025-11-13 19:05:24,154 - UnicodeAnalyzer - INFO - -> Analizzando versione 7.92.0 (494/665)...
2025-11-13 19:05:24,245 - UnicodeAnalyzer - INFO - -> Analizzando versione 7.93.0 (495/665)...
2025-11-13 19:05:24,338 - UnicodeAnalyzer - INFO - -> Analizzando versione 7.94.0 (496/665)...
2025-11-13 19:05:24,431 - UnicodeAnalyzer - INFO - -> Analizzando versione 7.94.1 (497/665)...
2025-11-13 19:05:24,523 - UnicodeAnalyzer - INFO - -> Analizzando versione 7.95.0 (498/665)...
2025-11-13 19:05:24,622 - UnicodeAnalyzer - INFO - -> Analizzando versione 7.96.0 (499/665)...
2025-11-13 19:05:24,714 - UnicodeAnalyzer - INFO - -> Analizzando versione 7.97.0 (500/665)...
2025-11-13 19:05:24,810 - UnicodeAnalyzer - INFO - -> Analizzando versione 7.98.0 (501/665)...
2025-11-13 19:05:24,904 - UnicodeAnalyzer - INFO - -> Analizzando versione 7.99.0 (502/665)...
2025-11-13 19:05:24,998 - UnicodeAnalyzer - INFO - -> Analizzando versione 8.0.0 (503/665)...
2025-11-13 19:05:25,092 - UnicodeAnalyzer - INFO - -> Analizzando versione 8.0.0-alpha.1 (504/665)...
2025-11-13 19:05:25,184 - UnicodeAnalyzer - INFO - -> Analizzando versione 8.0.0-alpha.2 (505/665)...
2025-11-13 19:05:25,274 - UnicodeAnalyzer - INFO - -> Analizzando versione 8.0.0-alpha.3 (506/665)...
2025-11-13 19:05:25,364 - UnicodeAnalyzer - INFO - -> Analizzando versione 8.0.0-alpha.4 (507/665)...
2025-11-13 19:05:25,459 - UnicodeAnalyzer - INFO - -> Analizzando versione 8.0.0-alpha.5 (508/665)...
2025-11-13 19:05:25,537 - UnicodeAnalyzer - INFO - -> Analizzando versione 8.0.0-alpha.6 (509/665)...
2025-11-13 19:05:25,619 - UnicodeAnalyzer - INFO - -> Analizzando versione 8.0.0-alpha.7 (510/665)...
2025-11-13 19:05:25,707 - UnicodeAnalyzer - INFO - -> Analizzando versione 8.0.0-alpha.8 (511/665)...
2025-11-13 19:05:25,796 - UnicodeAnalyzer - INFO - -> Analizzando versione 8.0.0-alpha.9 (512/665)...
2025-11-13 19:05:25,884 - UnicodeAnalyzer - INFO - -> Analizzando versione 8.0.0-beta.1 (513/665)...
2025-11-13 19:05:25,976 - UnicodeAnalyzer - INFO - -> Analizzando versione 8.0.0-beta.2 (514/665)...
2025-11-13 19:05:26,071 - UnicodeAnalyzer - INFO - -> Analizzando versione 8.0.0-beta.3 (515/665)...
2025-11-13 19:05:26,165 - UnicodeAnalyzer - INFO - -> Analizzando versione 8.0.0-beta.4 (516/665)...
2025-11-13 19:05:26,261 - UnicodeAnalyzer - INFO - -> Analizzando versione 8.0.0-beta.5 (517/665)...
2025-11-13 19:05:26,354 - UnicodeAnalyzer - INFO - -> Analizzando versione 8.0.0-beta.6 (518/665)...
2025-11-13 19:05:26,453 - UnicodeAnalyzer - INFO - -> Analizzando versione 8.0.0-rc.0 (519/665)...
2025-11-13 19:05:26,546 - UnicodeAnalyzer - INFO - -> Analizzando versione 8.0.0-rc.1 (520/665)...
2025-11-13 19:05:26,638 - UnicodeAnalyzer - INFO - -> Analizzando versione 8.0.0-rc.2 (521/665)...
2025-11-13 19:05:26,732 - UnicodeAnalyzer - INFO - -> Analizzando versione 8.0.0-rc.3 (522/665)...
2025-11-13 19:05:26,825 - UnicodeAnalyzer - INFO - -> Analizzando versione 8.1.0 (523/665)...
2025-11-13 19:05:26,920 - UnicodeAnalyzer - INFO - -> Analizzando versione 8.10.0 (524/665)...
2025-11-13 19:05:27,015 - UnicodeAnalyzer - INFO - -> Analizzando versione 8.11.0 (525/665)...
2025-11-13 19:05:27,109 - UnicodeAnalyzer - INFO - -> Analizzando versione 8.12.0 (526/665)...
2025-11-13 19:05:27,210 - UnicodeAnalyzer - INFO - -> Analizzando versione 8.12.0-beta.0 (527/665)...
2025-11-13 19:05:27,302 - UnicodeAnalyzer - INFO - -> Analizzando versione 8.13.0 (528/665)...
2025-11-13 19:05:27,308 - UnicodeAnalyzer - INFO - Filtrati 148 file (es. in /dist, /test).
2025-11-13 19:05:27,308 - UnicodeAnalyzer - INFO - -> Analizzando versione 8.14.0 (529/665)...
2025-11-13 19:05:27,314 - UnicodeAnalyzer - INFO - Filtrati 148 file (es. in /dist, /test).
2025-11-13 19:05:27,314 - UnicodeAnalyzer - INFO - -> Analizzando versione 8.15.0 (530/665)...
2025-11-13 19:05:27,320 - UnicodeAnalyzer - INFO - Filtrati 148 file (es. in /dist, /test).
2025-11-13 19:05:27,320 - UnicodeAnalyzer - INFO - -> Analizzando versione 8.16.0 (531/665)...
2025-11-13 19:05:27,325 - UnicodeAnalyzer - INFO - Filtrati 148 file (es. in /dist, /test).
2025-11-13 19:05:27,325 - UnicodeAnalyzer - INFO - -> Analizzando versione 8.17.0 (532/665)...
2025-11-13 19:05:27,331 - UnicodeAnalyzer - INFO - Filtrati 148 file (es. in /dist, /test).
2025-11-13 19:05:27,331 - UnicodeAnalyzer - INFO - -> Analizzando versione 8.18.0 (533/665)...
2025-11-13 19:05:27,337 - UnicodeAnalyzer - INFO - Filtrati 148 file (es. in /dist, /test).
2025-11-13 19:05:27,337 - UnicodeAnalyzer - INFO - -> Analizzando versione 8.19.0 (534/665)...
2025-11-13 19:05:27,343 - UnicodeAnalyzer - INFO - Filtrati 148 file (es. in /dist, /test).
2025-11-13 19:05:27,343 - UnicodeAnalyzer - INFO - -> Analizzando versione 8.2.0 (535/665)...
2025-11-13 19:05:27,443 - UnicodeAnalyzer - INFO - -> Analizzando versione 8.2.1 (536/665)...
2025-11-13 19:05:27,536 - UnicodeAnalyzer - INFO - -> Analizzando versione 8.20.0 (537/665)...
2025-11-13 19:05:27,542 - UnicodeAnalyzer - INFO - Filtrati 148 file (es. in /dist, /test).
2025-11-13 19:05:27,542 - UnicodeAnalyzer - INFO - -> Analizzando versione 8.21.0 (538/665)...
2025-11-13 19:05:27,548 - UnicodeAnalyzer - INFO - Filtrati 148 file (es. in /dist, /test).
2025-11-13 19:05:27,548 - UnicodeAnalyzer - INFO - -> Analizzando versione 8.22.0 (539/665)...
2025-11-13 19:05:27,553 - UnicodeAnalyzer - INFO - Filtrati 148 file (es. in /dist, /test).
2025-11-13 19:05:27,553 - UnicodeAnalyzer - INFO - -> Analizzando versione 8.23.0 (540/665)...
2025-11-13 19:05:27,559 - UnicodeAnalyzer - INFO - Filtrati 150 file (es. in /dist, /test).
2025-11-13 19:05:27,559 - UnicodeAnalyzer - INFO - -> Analizzando versione 8.24.0 (541/665)...
2025-11-13 19:05:27,565 - UnicodeAnalyzer - INFO - Filtrati 150 file (es. in /dist, /test).
2025-11-13 19:05:27,565 - UnicodeAnalyzer - INFO - -> Analizzando versione 8.25.0 (542/665)...
2025-11-13 19:05:27,571 - UnicodeAnalyzer - INFO - Filtrati 152 file (es. in /dist, /test).
2025-11-13 19:05:27,571 - UnicodeAnalyzer - INFO - -> Analizzando versione 8.26.0 (543/665)...
2025-11-13 19:05:27,577 - UnicodeAnalyzer - INFO - Filtrati 152 file (es. in /dist, /test).
2025-11-13 19:05:27,577 - UnicodeAnalyzer - INFO - -> Analizzando versione 8.27.0 (544/665)...
2025-11-13 19:05:27,582 - UnicodeAnalyzer - INFO - Filtrati 152 file (es. in /dist, /test).
2025-11-13 19:05:27,582 - UnicodeAnalyzer - INFO - -> Analizzando versione 8.28.0 (545/665)...
2025-11-13 19:05:27,588 - UnicodeAnalyzer - INFO - Filtrati 154 file (es. in /dist, /test).
2025-11-13 19:05:27,588 - UnicodeAnalyzer - INFO - -> Analizzando versione 8.29.0 (546/665)...
2025-11-13 19:05:27,594 - UnicodeAnalyzer - INFO - Filtrati 154 file (es. in /dist, /test).
2025-11-13 19:05:27,594 - UnicodeAnalyzer - INFO - -> Analizzando versione 8.3.0 (547/665)...
2025-11-13 19:05:27,689 - UnicodeAnalyzer - INFO - -> Analizzando versione 8.30.0 (548/665)...
2025-11-13 19:05:27,695 - UnicodeAnalyzer - INFO - Filtrati 154 file (es. in /dist, /test).
2025-11-13 19:05:27,695 - UnicodeAnalyzer - INFO - -> Analizzando versione 8.31.0 (549/665)...
2025-11-13 19:05:27,700 - UnicodeAnalyzer - INFO - Filtrati 154 file (es. in /dist, /test).
2025-11-13 19:05:27,700 - UnicodeAnalyzer - INFO - -> Analizzando versione 8.31.0-beta.0 (550/665)...
2025-11-13 19:05:27,706 - UnicodeAnalyzer - INFO - Filtrati 154 file (es. in /dist, /test).
2025-11-13 19:05:27,706 - UnicodeAnalyzer - INFO - -> Analizzando versione 8.32.0 (551/665)...
2025-11-13 19:05:27,712 - UnicodeAnalyzer - INFO - Filtrati 154 file (es. in /dist, /test).
2025-11-13 19:05:27,712 - UnicodeAnalyzer - INFO - -> Analizzando versione 8.33.0 (552/665)...
2025-11-13 19:05:27,718 - UnicodeAnalyzer - INFO - Filtrati 154 file (es. in /dist, /test).
2025-11-13 19:05:27,718 - UnicodeAnalyzer - INFO - -> Analizzando versione 8.33.1 (553/665)...
2025-11-13 19:05:27,724 - UnicodeAnalyzer - INFO - Filtrati 154 file (es. in /dist, /test).
2025-11-13 19:05:27,724 - UnicodeAnalyzer - INFO - -> Analizzando versione 8.34.0 (554/665)...
2025-11-13 19:05:27,730 - UnicodeAnalyzer - INFO - Filtrati 154 file (es. in /dist, /test).
2025-11-13 19:05:27,730 - UnicodeAnalyzer - INFO - -> Analizzando versione 8.34.0-internal.0 (555/665)...
2025-11-13 19:05:27,736 - UnicodeAnalyzer - INFO - Filtrati 154 file (es. in /dist, /test).
2025-11-13 19:05:27,736 - UnicodeAnalyzer - INFO - -> Analizzando versione 8.35.0 (556/665)...
2025-11-13 19:05:27,742 - UnicodeAnalyzer - INFO - Filtrati 154 file (es. in /dist, /test).
2025-11-13 19:05:27,742 - UnicodeAnalyzer - INFO - -> Analizzando versione 8.35.0-alpha.0 (557/665)...
2025-11-13 19:05:27,748 - UnicodeAnalyzer - INFO - Filtrati 154 file (es. in /dist, /test).
2025-11-13 19:05:27,748 - UnicodeAnalyzer - INFO - -> Analizzando versione 8.35.0-beta.0 (558/665)...
2025-11-13 19:05:27,753 - UnicodeAnalyzer - INFO - Filtrati 154 file (es. in /dist, /test).
2025-11-13 19:05:27,754 - UnicodeAnalyzer - INFO - -> Analizzando versione 8.36.0 (559/665)...
2025-11-13 19:05:27,759 - UnicodeAnalyzer - INFO - Filtrati 154 file (es. in /dist, /test).
2025-11-13 19:05:27,759 - UnicodeAnalyzer - INFO - -> Analizzando versione 8.36.0-alpha.0 (560/665)...
2025-11-13 19:05:27,765 - UnicodeAnalyzer - INFO - Filtrati 154 file (es. in /dist, /test).
2025-11-13 19:05:27,765 - UnicodeAnalyzer - INFO - -> Analizzando versione 8.36.0-alpha.1 (561/665)...
2025-11-13 19:05:27,771 - UnicodeAnalyzer - INFO - Filtrati 154 file (es. in /dist, /test).
2025-11-13 19:05:27,771 - UnicodeAnalyzer - INFO - -> Analizzando versione 8.36.0-beta.0 (562/665)...
2025-11-13 19:05:27,777 - UnicodeAnalyzer - INFO - Filtrati 154 file (es. in /dist, /test).
2025-11-13 19:05:27,777 - UnicodeAnalyzer - INFO - -> Analizzando versione 8.37.0 (563/665)...
2025-11-13 19:05:27,783 - UnicodeAnalyzer - INFO - Filtrati 154 file (es. in /dist, /test).
2025-11-13 19:05:27,783 - UnicodeAnalyzer - INFO - -> Analizzando versione 8.37.1 (564/665)...
2025-11-13 19:05:27,789 - UnicodeAnalyzer - INFO - Filtrati 154 file (es. in /dist, /test).
2025-11-13 19:05:27,789 - UnicodeAnalyzer - INFO - -> Analizzando versione 8.38.0 (565/665)...
2025-11-13 19:05:27,795 - UnicodeAnalyzer - INFO - Filtrati 154 file (es. in /dist, /test).
2025-11-13 19:05:27,795 - UnicodeAnalyzer - INFO - -> Analizzando versione 8.39.0 (566/665)...
2025-11-13 19:05:27,801 - UnicodeAnalyzer - INFO - Filtrati 154 file (es. in /dist, /test).
2025-11-13 19:05:27,801 - UnicodeAnalyzer - INFO - -> Analizzando versione 8.39.0-beta.0 (567/665)...
2025-11-13 19:05:27,806 - UnicodeAnalyzer - INFO - Filtrati 154 file (es. in /dist, /test).
2025-11-13 19:05:27,807 - UnicodeAnalyzer - INFO - -> Analizzando versione 8.39.0-dev.0 (568/665)...
2025-11-13 19:05:27,812 - UnicodeAnalyzer - INFO - Filtrati 154 file (es. in /dist, /test).
2025-11-13 19:05:27,812 - UnicodeAnalyzer - INFO - -> Analizzando versione 8.4.0 (569/665)...
2025-11-13 19:05:27,906 - UnicodeAnalyzer - INFO - -> Analizzando versione 8.40.0 (570/665)...
2025-11-13 19:05:27,917 - UnicodeAnalyzer - INFO - Filtrati 268 file (es. in /dist, /test).
2025-11-13 19:05:27,917 - UnicodeAnalyzer - INFO - -> Analizzando versione 8.41.0 (571/665)...
2025-11-13 19:05:27,927 - UnicodeAnalyzer - INFO - Filtrati 268 file (es. in /dist, /test).
2025-11-13 19:05:27,927 - UnicodeAnalyzer - INFO - -> Analizzando versione 8.41.0-beta.0 (572/665)...
2025-11-13 19:05:27,937 - UnicodeAnalyzer - INFO - Filtrati 268 file (es. in /dist, /test).
2025-11-13 19:05:27,937 - UnicodeAnalyzer - INFO - -> Analizzando versione 8.41.0-beta.1 (573/665)...
2025-11-13 19:05:27,947 - UnicodeAnalyzer - INFO - Filtrati 268 file (es. in /dist, /test).
2025-11-13 19:05:27,947 - UnicodeAnalyzer - INFO - -> Analizzando versione 8.42.0 (574/665)...
2025-11-13 19:05:27,958 - UnicodeAnalyzer - INFO - Filtrati 268 file (es. in /dist, /test).
2025-11-13 19:05:27,958 - UnicodeAnalyzer - INFO - -> Analizzando versione 8.43.0 (575/665)...
2025-11-13 19:05:27,968 - UnicodeAnalyzer - INFO - Filtrati 268 file (es. in /dist, /test).
2025-11-13 19:05:27,968 - UnicodeAnalyzer - INFO - -> Analizzando versione 8.44.0 (576/665)...
2025-11-13 19:05:27,979 - UnicodeAnalyzer - INFO - Filtrati 268 file (es. in /dist, /test).
2025-11-13 19:05:27,979 - UnicodeAnalyzer - INFO - -> Analizzando versione 8.45.0 (577/665)...
2025-11-13 19:05:27,989 - UnicodeAnalyzer - INFO - Filtrati 268 file (es. in /dist, /test).
2025-11-13 19:05:27,989 - UnicodeAnalyzer - INFO - -> Analizzando versione 8.45.1 (578/665)...
2025-11-13 19:05:28,000 - UnicodeAnalyzer - INFO - Filtrati 268 file (es. in /dist, /test).
2025-11-13 19:05:28,000 - UnicodeAnalyzer - INFO - -> Analizzando versione 8.46.0 (579/665)...
2025-11-13 19:05:28,010 - UnicodeAnalyzer - INFO - Filtrati 268 file (es. in /dist, /test).
2025-11-13 19:05:28,010 - UnicodeAnalyzer - INFO - -> Analizzando versione 8.47.0 (580/665)...
2025-11-13 19:05:28,021 - UnicodeAnalyzer - INFO - Filtrati 268 file (es. in /dist, /test).
2025-11-13 19:05:28,021 - UnicodeAnalyzer - INFO - -> Analizzando versione 8.48.0 (581/665)...
2025-11-13 19:05:28,031 - UnicodeAnalyzer - INFO - Filtrati 268 file (es. in /dist, /test).
2025-11-13 19:05:28,031 - UnicodeAnalyzer - INFO - -> Analizzando versione 8.49.0 (582/665)...
2025-11-13 19:05:28,042 - UnicodeAnalyzer - INFO - Filtrati 268 file (es. in /dist, /test).
2025-11-13 19:05:28,042 - UnicodeAnalyzer - INFO - -> Analizzando versione 8.5.0 (583/665)...
2025-11-13 19:05:28,140 - UnicodeAnalyzer - INFO - -> Analizzando versione 8.50.0 (584/665)...
2025-11-13 19:05:28,151 - UnicodeAnalyzer - INFO - Filtrati 268 file (es. in /dist, /test).
2025-11-13 19:05:28,151 - UnicodeAnalyzer - INFO - -> Analizzando versione 8.51.0 (585/665)...
2025-11-13 19:05:28,162 - UnicodeAnalyzer - INFO - Filtrati 268 file (es. in /dist, /test).
2025-11-13 19:05:28,162 - UnicodeAnalyzer - INFO - -> Analizzando versione 8.52.0 (586/665)...
2025-11-13 19:05:28,172 - UnicodeAnalyzer - INFO - Filtrati 268 file (es. in /dist, /test).
2025-11-13 19:05:28,172 - UnicodeAnalyzer - INFO - -> Analizzando versione 8.52.1 (587/665)...
2025-11-13 19:05:28,183 - UnicodeAnalyzer - INFO - Filtrati 268 file (es. in /dist, /test).
2025-11-13 19:05:28,183 - UnicodeAnalyzer - INFO - -> Analizzando versione 8.53.0 (588/665)...
2025-11-13 19:05:28,193 - UnicodeAnalyzer - INFO - Filtrati 268 file (es. in /dist, /test).
2025-11-13 19:05:28,193 - UnicodeAnalyzer - INFO - -> Analizzando versione 8.54.0 (589/665)...
2025-11-13 19:05:28,204 - UnicodeAnalyzer - INFO - Filtrati 268 file (es. in /dist, /test).
2025-11-13 19:05:28,204 - UnicodeAnalyzer - INFO - -> Analizzando versione 8.55.0 (590/665)...
2025-11-13 19:05:28,214 - UnicodeAnalyzer - INFO - Filtrati 268 file (es. in /dist, /test).
2025-11-13 19:05:28,214 - UnicodeAnalyzer - INFO - -> Analizzando versione 8.6.0 (591/665)...
2025-11-13 19:05:28,310 - UnicodeAnalyzer - INFO - -> Analizzando versione 8.7.0 (592/665)...
2025-11-13 19:05:28,404 - UnicodeAnalyzer - INFO - -> Analizzando versione 8.8.0 (593/665)...
2025-11-13 19:05:28,497 - UnicodeAnalyzer - INFO - -> Analizzando versione 8.9.0 (594/665)...
2025-11-13 19:05:28,592 - UnicodeAnalyzer - INFO - -> Analizzando versione 8.9.1 (595/665)...
2025-11-13 19:05:28,689 - UnicodeAnalyzer - INFO - -> Analizzando versione 8.9.2 (596/665)...
2025-11-13 19:05:28,787 - UnicodeAnalyzer - INFO - -> Analizzando versione 9.0.0 (597/665)...
2025-11-13 19:05:28,796 - UnicodeAnalyzer - INFO - Filtrati 226 file (es. in /dist, /test).
2025-11-13 19:05:28,796 - UnicodeAnalyzer - INFO - -> Analizzando versione 9.0.0-alpha.0 (598/665)...
2025-11-13 19:05:28,805 - UnicodeAnalyzer - INFO - Filtrati 224 file (es. in /dist, /test).
2025-11-13 19:05:28,806 - UnicodeAnalyzer - INFO - -> Analizzando versione 9.0.0-alpha.1 (599/665)...
2025-11-13 19:05:28,815 - UnicodeAnalyzer - INFO - Filtrati 224 file (es. in /dist, /test).
2025-11-13 19:05:28,815 - UnicodeAnalyzer - INFO - -> Analizzando versione 9.0.0-alpha.2 (600/665)...
2025-11-13 19:05:28,824 - UnicodeAnalyzer - INFO - Filtrati 226 file (es. in /dist, /test).
2025-11-13 19:05:28,824 - UnicodeAnalyzer - INFO - -> Analizzando versione 9.0.1 (601/665)...
2025-11-13 19:05:28,833 - UnicodeAnalyzer - INFO - Filtrati 226 file (es. in /dist, /test).
2025-11-13 19:05:28,833 - UnicodeAnalyzer - INFO - -> Analizzando versione 9.1.0 (602/665)...
2025-11-13 19:05:28,842 - UnicodeAnalyzer - INFO - Filtrati 226 file (es. in /dist, /test).
2025-11-13 19:05:28,842 - UnicodeAnalyzer - INFO - -> Analizzando versione 9.1.1-alpha.0 (603/665)...
2025-11-13 19:05:28,851 - UnicodeAnalyzer - INFO - Filtrati 226 file (es. in /dist, /test).
2025-11-13 19:05:28,851 - UnicodeAnalyzer - INFO - -> Analizzando versione 9.10.0 (604/665)...
2025-11-13 19:05:28,861 - UnicodeAnalyzer - INFO - Filtrati 232 file (es. in /dist, /test).
2025-11-13 19:05:28,861 - UnicodeAnalyzer - INFO - -> Analizzando versione 9.10.1 (605/665)...
2025-11-13 19:05:28,870 - UnicodeAnalyzer - INFO - Filtrati 232 file (es. in /dist, /test).
2025-11-13 19:05:28,870 - UnicodeAnalyzer - INFO - -> Analizzando versione 9.11.0 (606/665)...
2025-11-13 19:05:28,880 - UnicodeAnalyzer - INFO - Filtrati 234 file (es. in /dist, /test).
2025-11-13 19:05:28,880 - UnicodeAnalyzer - INFO - -> Analizzando versione 9.12.0 (607/665)...
2025-11-13 19:05:28,889 - UnicodeAnalyzer - INFO - Filtrati 234 file (es. in /dist, /test).
2025-11-13 19:05:28,889 - UnicodeAnalyzer - INFO - -> Analizzando versione 9.13.0 (608/665)...
2025-11-13 19:05:28,899 - UnicodeAnalyzer - INFO - Filtrati 238 file (es. in /dist, /test).
2025-11-13 19:05:28,899 - UnicodeAnalyzer - INFO - -> Analizzando versione 9.14.0 (609/665)...
2025-11-13 19:05:28,908 - UnicodeAnalyzer - INFO - Filtrati 240 file (es. in /dist, /test).
2025-11-13 19:05:28,909 - UnicodeAnalyzer - INFO - -> Analizzando versione 9.15.0 (610/665)...
2025-11-13 19:05:28,918 - UnicodeAnalyzer - INFO - Filtrati 240 file (es. in /dist, /test).
2025-11-13 19:05:28,918 - UnicodeAnalyzer - INFO - -> Analizzando versione 9.16.0 (611/665)...
2025-11-13 19:05:28,928 - UnicodeAnalyzer - INFO - Filtrati 240 file (es. in /dist, /test).
2025-11-13 19:05:28,928 - UnicodeAnalyzer - INFO - -> Analizzando versione 9.16.1 (612/665)...
2025-11-13 19:05:28,938 - UnicodeAnalyzer - INFO - Filtrati 240 file (es. in /dist, /test).
2025-11-13 19:05:28,938 - UnicodeAnalyzer - INFO - -> Analizzando versione 9.17.0 (613/665)...
2025-11-13 19:05:28,947 - UnicodeAnalyzer - INFO - Filtrati 240 file (es. in /dist, /test).
2025-11-13 19:05:28,948 - UnicodeAnalyzer - INFO - -> Analizzando versione 9.18.0 (614/665)...
2025-11-13 19:05:28,957 - UnicodeAnalyzer - INFO - Filtrati 238 file (es. in /dist, /test).
2025-11-13 19:05:28,957 - UnicodeAnalyzer - INFO - -> Analizzando versione 9.19.0 (615/665)...
2025-11-13 19:05:28,967 - UnicodeAnalyzer - INFO - Filtrati 238 file (es. in /dist, /test).
2025-11-13 19:05:28,967 - UnicodeAnalyzer - INFO - -> Analizzando versione 9.2.0 (616/665)...
2025-11-13 19:05:28,976 - UnicodeAnalyzer - INFO - Filtrati 226 file (es. in /dist, /test).
2025-11-13 19:05:28,976 - UnicodeAnalyzer - INFO - -> Analizzando versione 9.2.0-alpha.0 (617/665)...
2025-11-13 19:05:28,985 - UnicodeAnalyzer - INFO - Filtrati 228 file (es. in /dist, /test).
2025-11-13 19:05:28,985 - UnicodeAnalyzer - INFO - -> Analizzando versione 9.2.0-alpha.1 (618/665)...
2025-11-13 19:05:28,994 - UnicodeAnalyzer - INFO - Filtrati 228 file (es. in /dist, /test).
2025-11-13 19:05:28,994 - UnicodeAnalyzer - INFO - -> Analizzando versione 9.2.0-beta.0 (619/665)...
2025-11-13 19:05:29,004 - UnicodeAnalyzer - INFO - Filtrati 226 file (es. in /dist, /test).
2025-11-13 19:05:29,004 - UnicodeAnalyzer - INFO - -> Analizzando versione 9.20.0 (620/665)...
2025-11-13 19:05:29,013 - UnicodeAnalyzer - INFO - Filtrati 238 file (es. in /dist, /test).
2025-11-13 19:05:29,013 - UnicodeAnalyzer - INFO - -> Analizzando versione 9.21.0 (621/665)...
2025-11-13 19:05:29,023 - UnicodeAnalyzer - INFO - Filtrati 238 file (es. in /dist, /test).
2025-11-13 19:05:29,023 - UnicodeAnalyzer - INFO - -> Analizzando versione 9.22.0 (622/665)...
2025-11-13 19:05:29,032 - UnicodeAnalyzer - INFO - Filtrati 238 file (es. in /dist, /test).
2025-11-13 19:05:29,032 - UnicodeAnalyzer - INFO - -> Analizzando versione 9.23.0 (623/665)...
2025-11-13 19:05:29,042 - UnicodeAnalyzer - INFO - Filtrati 238 file (es. in /dist, /test).
2025-11-13 19:05:29,042 - UnicodeAnalyzer - INFO - -> Analizzando versione 9.24.0 (624/665)...
2025-11-13 19:05:29,052 - UnicodeAnalyzer - INFO - Filtrati 238 file (es. in /dist, /test).
2025-11-13 19:05:29,052 - UnicodeAnalyzer - INFO - -> Analizzando versione 9.25.0 (625/665)...
2025-11-13 19:05:29,061 - UnicodeAnalyzer - INFO - Filtrati 238 file (es. in /dist, /test).
2025-11-13 19:05:29,061 - UnicodeAnalyzer - INFO - -> Analizzando versione 9.25.1 (626/665)...
2025-11-13 19:05:29,071 - UnicodeAnalyzer - INFO - Filtrati 238 file (es. in /dist, /test).
2025-11-13 19:05:29,071 - UnicodeAnalyzer - INFO - -> Analizzando versione 9.26.0 (627/665)...
2025-11-13 19:05:29,080 - UnicodeAnalyzer - INFO - Filtrati 238 file (es. in /dist, /test).
2025-11-13 19:05:29,081 - UnicodeAnalyzer - INFO - -> Analizzando versione 9.27.0 (628/665)...
2025-11-13 19:05:29,090 - UnicodeAnalyzer - INFO - Filtrati 238 file (es. in /dist, /test).
2025-11-13 19:05:29,090 - UnicodeAnalyzer - INFO - -> Analizzando versione 9.28.0 (629/665)...
2025-11-13 19:05:29,100 - UnicodeAnalyzer - INFO - Filtrati 238 file (es. in /dist, /test).
2025-11-13 19:05:29,100 - UnicodeAnalyzer - INFO - -> Analizzando versione 9.28.1 (630/665)...
2025-11-13 19:05:29,109 - UnicodeAnalyzer - INFO - Filtrati 238 file (es. in /dist, /test).
2025-11-13 19:05:29,109 - UnicodeAnalyzer - INFO - -> Analizzando versione 9.29.0 (631/665)...
2025-11-13 19:05:29,119 - UnicodeAnalyzer - INFO - Filtrati 238 file (es. in /dist, /test).
2025-11-13 19:05:29,119 - UnicodeAnalyzer - INFO - -> Analizzando versione 9.3.0 (632/665)...
2025-11-13 19:05:29,128 - UnicodeAnalyzer - INFO - Filtrati 226 file (es. in /dist, /test).
2025-11-13 19:05:29,128 - UnicodeAnalyzer - INFO - -> Analizzando versione 9.30.0 (633/665)...
2025-11-13 19:05:29,138 - UnicodeAnalyzer - INFO - Filtrati 238 file (es. in /dist, /test).
2025-11-13 19:05:29,138 - UnicodeAnalyzer - INFO - -> Analizzando versione 9.31.0 (634/665)...
2025-11-13 19:05:29,147 - UnicodeAnalyzer - INFO - Filtrati 244 file (es. in /dist, /test).
2025-11-13 19:05:29,147 - UnicodeAnalyzer - INFO - -> Analizzando versione 9.32.0 (635/665)...
2025-11-13 19:05:29,157 - UnicodeAnalyzer - INFO - Filtrati 244 file (es. in /dist, /test).
2025-11-13 19:05:29,157 - UnicodeAnalyzer - INFO - -> Analizzando versione 9.33.0 (636/665)...
2025-11-13 19:05:29,167 - UnicodeAnalyzer - INFO - Filtrati 248 file (es. in /dist, /test).
2025-11-13 19:05:29,167 - UnicodeAnalyzer - INFO - -> Analizzando versione 9.34.0 (637/665)...
2025-11-13 19:05:29,176 - UnicodeAnalyzer - INFO - Filtrati 248 file (es. in /dist, /test).
2025-11-13 19:05:29,177 - UnicodeAnalyzer - INFO - -> Analizzando versione 9.34.0-alpha.1 (638/665)...
2025-11-13 19:05:29,186 - UnicodeAnalyzer - INFO - Filtrati 248 file (es. in /dist, /test).
2025-11-13 19:05:29,186 - UnicodeAnalyzer - INFO - -> Analizzando versione 9.35.0 (639/665)...
2025-11-13 19:05:29,196 - UnicodeAnalyzer - INFO - Filtrati 248 file (es. in /dist, /test).
2025-11-13 19:05:29,196 - UnicodeAnalyzer - INFO - -> Analizzando versione 9.36.0 (640/665)...
2025-11-13 19:05:29,206 - UnicodeAnalyzer - INFO - Filtrati 248 file (es. in /dist, /test).
2025-11-13 19:05:29,206 - UnicodeAnalyzer - INFO - -> Analizzando versione 9.36.0-alpha.1 (641/665)...
2025-11-13 19:05:29,216 - UnicodeAnalyzer - INFO - Filtrati 248 file (es. in /dist, /test).
2025-11-13 19:05:29,216 - UnicodeAnalyzer - INFO - -> Analizzando versione 9.36.0-alpha.2 (642/665)...
2025-11-13 19:05:29,225 - UnicodeAnalyzer - INFO - Filtrati 248 file (es. in /dist, /test).
2025-11-13 19:05:29,226 - UnicodeAnalyzer - INFO - -> Analizzando versione 9.37.0 (643/665)...
2025-11-13 19:05:29,235 - UnicodeAnalyzer - INFO - Filtrati 248 file (es. in /dist, /test).
2025-11-13 19:05:29,235 - UnicodeAnalyzer - INFO - -> Analizzando versione 9.38.0 (644/665)...
2025-11-13 19:05:29,245 - UnicodeAnalyzer - INFO - Filtrati 248 file (es. in /dist, /test).
2025-11-13 19:05:29,245 - UnicodeAnalyzer - INFO - -> Analizzando versione 9.39.0 (645/665)...
2025-11-13 19:05:29,255 - UnicodeAnalyzer - INFO - Filtrati 248 file (es. in /dist, /test).
2025-11-13 19:05:29,255 - UnicodeAnalyzer - INFO - -> Analizzando versione 9.4.0 (646/665)...
2025-11-13 19:05:29,264 - UnicodeAnalyzer - INFO - Filtrati 226 file (es. in /dist, /test).
2025-11-13 19:05:29,264 - UnicodeAnalyzer - INFO - -> Analizzando versione 9.40.0 (647/665)...
2025-11-13 19:05:29,274 - UnicodeAnalyzer - INFO - Filtrati 256 file (es. in /dist, /test).
2025-11-13 19:05:29,274 - UnicodeAnalyzer - INFO - -> Analizzando versione 9.41.0 (648/665)...
2025-11-13 19:05:29,284 - UnicodeAnalyzer - INFO - Filtrati 256 file (es. in /dist, /test).
2025-11-13 19:05:29,284 - UnicodeAnalyzer - INFO - -> Analizzando versione 9.42.0 (649/665)...
2025-11-13 19:05:29,294 - UnicodeAnalyzer - INFO - Filtrati 256 file (es. in /dist, /test).
2025-11-13 19:05:29,294 - UnicodeAnalyzer - INFO - -> Analizzando versione 9.42.1 (650/665)...
2025-11-13 19:05:29,305 - UnicodeAnalyzer - INFO - Filtrati 256 file (es. in /dist, /test).
2025-11-13 19:05:29,305 - UnicodeAnalyzer - INFO - -> Analizzando versione 9.43.0 (651/665)...
2025-11-13 19:05:29,316 - UnicodeAnalyzer - INFO - Filtrati 278 file (es. in /dist, /test).
2025-11-13 19:05:29,316 - UnicodeAnalyzer - INFO - -> Analizzando versione 9.44.0 (652/665)...
2025-11-13 19:05:29,327 - UnicodeAnalyzer - INFO - Filtrati 280 file (es. in /dist, /test).
2025-11-13 19:05:29,327 - UnicodeAnalyzer - INFO - -> Analizzando versione 9.44.1 (653/665)...
2025-11-13 19:05:29,338 - UnicodeAnalyzer - INFO - Filtrati 280 file (es. in /dist, /test).
2025-11-13 19:05:29,338 - UnicodeAnalyzer - INFO - -> Analizzando versione 9.44.2 (654/665)...
2025-11-13 19:05:29,349 - UnicodeAnalyzer - INFO - Filtrati 280 file (es. in /dist, /test).
2025-11-13 19:05:29,349 - UnicodeAnalyzer - INFO - -> Analizzando versione 9.45.0 (655/665)...
2025-11-13 19:05:29,360 - UnicodeAnalyzer - INFO - Filtrati 280 file (es. in /dist, /test).
2025-11-13 19:05:29,360 - UnicodeAnalyzer - INFO - -> Analizzando versione 9.46.0 (656/665)...
2025-11-13 19:05:29,371 - UnicodeAnalyzer - INFO - Filtrati 284 file (es. in /dist, /test).
2025-11-13 19:05:29,371 - UnicodeAnalyzer - INFO - -> Analizzando versione 9.5.0 (657/665)...
2025-11-13 19:05:29,380 - UnicodeAnalyzer - INFO - Filtrati 226 file (es. in /dist, /test).
2025-11-13 19:05:29,381 - UnicodeAnalyzer - INFO - -> Analizzando versione 9.5.0-alpha.0 (658/665)...
2025-11-13 19:05:29,390 - UnicodeAnalyzer - INFO - Filtrati 228 file (es. in /dist, /test).
2025-11-13 19:05:29,390 - UnicodeAnalyzer - INFO - -> Analizzando versione 9.6.0 (659/665)...
2025-11-13 19:05:29,399 - UnicodeAnalyzer - INFO - Filtrati 226 file (es. in /dist, /test).
2025-11-13 19:05:29,399 - UnicodeAnalyzer - INFO - -> Analizzando versione 9.6.0-alpha.0 (660/665)...
2025-11-13 19:05:29,408 - UnicodeAnalyzer - INFO - Filtrati 228 file (es. in /dist, /test).
2025-11-13 19:05:29,408 - UnicodeAnalyzer - INFO - -> Analizzando versione 9.6.1 (661/665)...
2025-11-13 19:05:29,417 - UnicodeAnalyzer - INFO - Filtrati 226 file (es. in /dist, /test).
2025-11-13 19:05:29,417 - UnicodeAnalyzer - INFO - -> Analizzando versione 9.7.0 (662/665)...
2025-11-13 19:05:29,426 - UnicodeAnalyzer - INFO - Filtrati 230 file (es. in /dist, /test).
2025-11-13 19:05:29,426 - UnicodeAnalyzer - INFO - -> Analizzando versione 9.7.0-alpha.0 (663/665)...
2025-11-13 19:05:29,435 - UnicodeAnalyzer - INFO - Filtrati 226 file (es. in /dist, /test).
2025-11-13 19:05:29,435 - UnicodeAnalyzer - INFO - -> Analizzando versione 9.8.0 (664/665)...
2025-11-13 19:05:29,445 - UnicodeAnalyzer - INFO - Filtrati 230 file (es. in /dist, /test).
2025-11-13 19:05:29,445 - UnicodeAnalyzer - INFO - -> Analizzando versione 9.9.0 (665/665)...
2025-11-13 19:05:29,454 - UnicodeAnalyzer - INFO - Filtrati 232 file (es. in /dist, /test).
2025-11-13 19:05:29,474 - UnicodeAnalyzer - INFO - Esportando i risultati HUT per '@sentry/core' in CSV...
2025-11-13 19:05:30,850 - UnicodeAnalyzer - INFO - Report salvati in: /app/npm_hut_results/@sentry_core
2025-11-13 19:05:30,853 - NPM_HUT_Analyzer - INFO - Pulizia cartella temporanea 'temp_hut/@sentry_core'...
2025-11-13 19:05:34,309 - NPM_HUT_Analyzer - INFO - Pulizia completata.
