2025-11-06 01:15:39,380 - NPM_Analyzer - INFO - Fetching metadata for 'aws-amplify'...
2025-11-06 01:15:39,773 - NPM_Analyzer - INFO - Found 2534 versions. Starting download into 'temp/aws-amplify'...
2025-11-06 01:55:02,775 - BlankSpaceAnalyzer - INFO - Analyzing 2534 versions for '*.js' in 'aws-amplify'.
2025-11-06 01:55:02,775 - BlankSpaceAnalyzer - INFO - -> Analyzing version 0.1.0 (1/2534)...
2025-11-06 01:55:02,837 - BlankSpaceAnalyzer - INFO - -> Analyzing version 0.1.1 (2/2534)...
2025-11-06 01:55:02,918 - BlankSpaceAnalyzer - INFO - -> Analyzing version 0.1.10 (3/2534)...
2025-11-06 01:55:02,978 - BlankSpaceAnalyzer - INFO - -> Analyzing version 0.1.11 (4/2534)...
2025-11-06 01:55:03,041 - BlankSpaceAnalyzer - INFO - -> Analyzing version 0.1.12 (5/2534)...
2025-11-06 01:55:03,102 - BlankSpaceAnalyzer - INFO - -> Analyzing version 0.1.13 (6/2534)...
2025-11-06 01:55:03,163 - BlankSpaceAnalyzer - INFO - -> Analyzing version 0.1.14 (7/2534)...
2025-11-06 01:55:03,224 - BlankSpaceAnalyzer - INFO - -> Analyzing version 0.1.15 (8/2534)...
2025-11-06 01:55:03,285 - BlankSpaceAnalyzer - INFO - -> Analyzing version 0.1.16 (9/2534)...
2025-11-06 01:55:03,346 - BlankSpaceAnalyzer - INFO - -> Analyzing version 0.1.17 (10/2534)...
2025-11-06 01:55:03,406 - BlankSpaceAnalyzer - INFO - -> Analyzing version 0.1.18 (11/2534)...
2025-11-06 01:55:03,467 - BlankSpaceAnalyzer - INFO - -> Analyzing version 0.1.19 (12/2534)...
2025-11-06 01:55:03,527 - BlankSpaceAnalyzer - INFO - -> Analyzing version 0.1.2 (13/2534)...
2025-11-06 01:55:03,598 - BlankSpaceAnalyzer - INFO - -> Analyzing version 0.1.20 (14/2534)...
2025-11-06 01:55:03,658 - BlankSpaceAnalyzer - INFO - -> Analyzing version 0.1.21 (15/2534)...
2025-11-06 01:55:03,728 - BlankSpaceAnalyzer - INFO - -> Analyzing version 0.1.22 (16/2534)...
2025-11-06 01:55:03,797 - BlankSpaceAnalyzer - INFO - -> Analyzing version 0.1.3 (17/2534)...
2025-11-06 01:55:03,866 - BlankSpaceAnalyzer - INFO - -> Analyzing version 0.1.30 (18/2534)...
2025-11-06 01:55:03,935 - BlankSpaceAnalyzer - INFO - -> Analyzing version 0.1.31 (19/2534)...
2025-11-06 01:55:03,995 - BlankSpaceAnalyzer - INFO - -> Analyzing version 0.1.32 (20/2534)...
2025-11-06 01:55:04,056 - BlankSpaceAnalyzer - INFO - -> Analyzing version 0.1.33 (21/2534)...
2025-11-06 01:55:04,116 - BlankSpaceAnalyzer - INFO - -> Analyzing version 0.1.34 (22/2534)...
2025-11-06 01:55:04,176 - BlankSpaceAnalyzer - INFO - -> Analyzing version 0.1.35 (23/2534)...
2025-11-06 01:55:04,236 - BlankSpaceAnalyzer - INFO - -> Analyzing version 0.1.36 (24/2534)...
2025-11-06 01:55:04,296 - BlankSpaceAnalyzer - INFO - -> Analyzing version 0.1.4 (25/2534)...
2025-11-06 01:55:04,365 - BlankSpaceAnalyzer - INFO - -> Analyzing version 0.1.5 (26/2534)...
2025-11-06 01:55:04,436 - BlankSpaceAnalyzer - INFO - -> Analyzing version 0.1.6 (27/2534)...
2025-11-06 01:55:04,506 - BlankSpaceAnalyzer - INFO - -> Analyzing version 0.1.7 (28/2534)...
2025-11-06 01:55:04,567 - BlankSpaceAnalyzer - INFO - -> Analyzing version 0.1.7-unstable.0 (29/2534)...
2025-11-06 01:55:04,620 - BlankSpaceAnalyzer - INFO - -> Analyzing version 0.1.8 (30/2534)...
2025-11-06 01:55:04,680 - BlankSpaceAnalyzer - INFO - -> Analyzing version 0.1.9 (31/2534)...
2025-11-06 01:55:04,741 - BlankSpaceAnalyzer - INFO - -> Analyzing version 0.2.0 (32/2534)...
2025-11-06 01:55:04,802 - BlankSpaceAnalyzer - INFO - -> Analyzing version 0.2.1 (33/2534)...
2025-11-06 01:55:04,863 - BlankSpaceAnalyzer - INFO - -> Analyzing version 0.2.10 (34/2534)...
2025-11-06 01:55:04,926 - BlankSpaceAnalyzer - INFO - -> Analyzing version 0.2.11 (35/2534)...
2025-11-06 01:55:04,988 - BlankSpaceAnalyzer - INFO - -> Analyzing version 0.2.12 (36/2534)...
2025-11-06 01:55:05,051 - BlankSpaceAnalyzer - INFO - -> Analyzing version 0.2.13 (37/2534)...
2025-11-06 01:55:05,117 - BlankSpaceAnalyzer - INFO - -> Analyzing version 0.2.14 (38/2534)...
2025-11-06 01:55:05,183 - BlankSpaceAnalyzer - INFO - -> Analyzing version 0.2.15 (39/2534)...
2025-11-06 01:55:05,250 - BlankSpaceAnalyzer - INFO - -> Analyzing version 0.2.2 (40/2534)...
2025-11-06 01:55:05,311 - BlankSpaceAnalyzer - INFO - -> Analyzing version 0.2.3 (41/2534)...
2025-11-06 01:55:05,372 - BlankSpaceAnalyzer - INFO - -> Analyzing version 0.2.4 (42/2534)...
2025-11-06 01:55:05,434 - BlankSpaceAnalyzer - INFO - -> Analyzing version 0.2.6 (43/2534)...
2025-11-06 01:55:05,495 - BlankSpaceAnalyzer - INFO - -> Analyzing version 0.2.7 (44/2534)...
2025-11-06 01:55:05,556 - BlankSpaceAnalyzer - INFO - -> Analyzing version 0.2.8 (45/2534)...
2025-11-06 01:55:05,618 - BlankSpaceAnalyzer - INFO - -> Analyzing version 0.2.9 (46/2534)...
2025-11-06 01:55:05,680 - BlankSpaceAnalyzer - INFO - -> Analyzing version 0.3.0 (47/2534)...
2025-11-06 01:55:05,754 - BlankSpaceAnalyzer - INFO - -> Analyzing version 0.3.2 (48/2534)...
2025-11-06 01:55:05,829 - BlankSpaceAnalyzer - INFO - -> Analyzing version 0.3.3 (49/2534)...
2025-11-06 01:55:05,904 - BlankSpaceAnalyzer - INFO - -> Analyzing version 0.3.4 (50/2534)...
2025-11-06 01:55:05,957 - BlankSpaceAnalyzer - INFO - -> Analyzing version 0.4.0 (51/2534)...
2025-11-06 01:55:06,011 - BlankSpaceAnalyzer - INFO - -> Analyzing version 0.4.1 (52/2534)...
2025-11-06 01:55:06,063 - BlankSpaceAnalyzer - INFO - -> Analyzing version 0.4.2 (53/2534)...
2025-11-06 01:55:06,118 - BlankSpaceAnalyzer - INFO - -> Analyzing version 0.4.2-0 (54/2534)...
2025-11-06 01:55:06,171 - BlankSpaceAnalyzer - INFO - -> Analyzing version 0.4.2-unstable.0 (55/2534)...
2025-11-06 01:55:06,225 - BlankSpaceAnalyzer - INFO - -> Analyzing version 0.4.2-unstable.11 (56/2534)...
2025-11-06 01:55:06,278 - BlankSpaceAnalyzer - INFO - -> Analyzing version 0.4.2-unstable.12 (57/2534)...
2025-11-06 01:55:06,332 - BlankSpaceAnalyzer - INFO - -> Analyzing version 0.4.2-unstable.13 (58/2534)...
2025-11-06 01:55:06,384 - BlankSpaceAnalyzer - INFO - -> Analyzing version 0.4.2-unstable.14 (59/2534)...
2025-11-06 01:55:06,436 - BlankSpaceAnalyzer - INFO - -> Analyzing version 0.4.2-unstable.15 (60/2534)...
2025-11-06 01:55:06,491 - BlankSpaceAnalyzer - INFO - -> Analyzing version 0.4.2-unstable.16 (61/2534)...
2025-11-06 01:55:06,543 - BlankSpaceAnalyzer - INFO - -> Analyzing version 0.4.2-unstable.17 (62/2534)...
2025-11-06 01:55:06,595 - BlankSpaceAnalyzer - INFO - -> Analyzing version 0.4.2-unstable.18 (63/2534)...
2025-11-06 01:55:06,649 - BlankSpaceAnalyzer - INFO - -> Analyzing version 0.4.2-unstable.19 (64/2534)...
2025-11-06 01:55:06,701 - BlankSpaceAnalyzer - INFO - -> Analyzing version 0.4.2-unstable.20 (65/2534)...
2025-11-06 01:55:06,754 - BlankSpaceAnalyzer - INFO - -> Analyzing version 0.4.2-unstable.21 (66/2534)...
2025-11-06 01:55:06,807 - BlankSpaceAnalyzer - INFO - -> Analyzing version 0.4.2-unstable.22 (67/2534)...
2025-11-06 01:55:06,859 - BlankSpaceAnalyzer - INFO - -> Analyzing version 0.4.2-unstable.23 (68/2534)...
2025-11-06 01:55:06,911 - BlankSpaceAnalyzer - INFO - -> Analyzing version 0.4.2-unstable.24 (69/2534)...
2025-11-06 01:55:06,965 - BlankSpaceAnalyzer - INFO - -> Analyzing version 0.4.2-unstable.26 (70/2534)...
2025-11-06 01:55:07,018 - BlankSpaceAnalyzer - INFO - -> Analyzing version 0.4.2-unstable.27 (71/2534)...
2025-11-06 01:55:07,071 - BlankSpaceAnalyzer - INFO - -> Analyzing version 0.4.2-unstable.28 (72/2534)...
2025-11-06 01:55:07,124 - BlankSpaceAnalyzer - INFO - -> Analyzing version 0.4.2-unstable.29 (73/2534)...
2025-11-06 01:55:07,176 - BlankSpaceAnalyzer - INFO - -> Analyzing version 0.4.2-unstable.30 (74/2534)...
2025-11-06 01:55:07,231 - BlankSpaceAnalyzer - INFO - -> Analyzing version 0.4.2-unstable.31 (75/2534)...
2025-11-06 01:55:07,283 - BlankSpaceAnalyzer - INFO - -> Analyzing version 0.4.2-unstable.32 (76/2534)...
2025-11-06 01:55:07,336 - BlankSpaceAnalyzer - INFO - -> Analyzing version 0.4.2-unstable.33 (77/2534)...
2025-11-06 01:55:07,389 - BlankSpaceAnalyzer - INFO - -> Analyzing version 0.4.2-unstable.34 (78/2534)...
2025-11-06 01:55:07,441 - BlankSpaceAnalyzer - INFO - -> Analyzing version 0.4.2-unstable.35 (79/2534)...
2025-11-06 01:55:07,495 - BlankSpaceAnalyzer - INFO - -> Analyzing version 0.4.2-unstable.36 (80/2534)...
2025-11-06 01:55:07,547 - BlankSpaceAnalyzer - INFO - -> Analyzing version 0.4.2-unstable.37 (81/2534)...
2025-11-06 01:55:07,599 - BlankSpaceAnalyzer - INFO - -> Analyzing version 0.4.2-unstable.38 (82/2534)...
2025-11-06 01:55:07,652 - BlankSpaceAnalyzer - INFO - -> Analyzing version 0.4.2-unstable.39 (83/2534)...
2025-11-06 01:55:07,705 - BlankSpaceAnalyzer - INFO - -> Analyzing version 0.4.2-unstable.40 (84/2534)...
2025-11-06 01:55:07,757 - BlankSpaceAnalyzer - INFO - -> Analyzing version 0.4.2-unstable.41 (85/2534)...
2025-11-06 01:55:07,810 - BlankSpaceAnalyzer - INFO - -> Analyzing version 0.4.2-unstable.42 (86/2534)...
2025-11-06 01:55:07,864 - BlankSpaceAnalyzer - INFO - -> Analyzing version 0.4.2-unstable.43 (87/2534)...
2025-11-06 01:55:07,916 - BlankSpaceAnalyzer - INFO - -> Analyzing version 0.4.2-unstable.44 (88/2534)...
2025-11-06 01:55:07,971 - BlankSpaceAnalyzer - INFO - -> Analyzing version 0.4.2-unstable.45 (89/2534)...
2025-11-06 01:55:08,024 - BlankSpaceAnalyzer - INFO - -> Analyzing version 0.4.2-unstable.46 (90/2534)...
2025-11-06 01:55:08,078 - BlankSpaceAnalyzer - INFO - -> Analyzing version 0.4.2-unstable.47 (91/2534)...
2025-11-06 01:55:08,131 - BlankSpaceAnalyzer - INFO - -> Analyzing version 0.4.2-unstable.5 (92/2534)...
2025-11-06 01:55:08,184 - BlankSpaceAnalyzer - INFO - -> Analyzing version 0.4.3 (93/2534)...
2025-11-06 01:55:08,237 - BlankSpaceAnalyzer - INFO - -> Analyzing version 0.4.4 (94/2534)...
2025-11-06 01:55:08,290 - BlankSpaceAnalyzer - INFO - -> Analyzing version 0.4.5 (95/2534)...
2025-11-06 01:55:08,343 - BlankSpaceAnalyzer - INFO - -> Analyzing version 0.4.5-unstable.0 (96/2534)...
2025-11-06 01:55:08,397 - BlankSpaceAnalyzer - INFO - -> Analyzing version 0.4.5-unstable.1 (97/2534)...
2025-11-06 01:55:08,449 - BlankSpaceAnalyzer - INFO - -> Analyzing version 0.4.5-unstable.2 (98/2534)...
2025-11-06 01:55:08,502 - BlankSpaceAnalyzer - INFO - -> Analyzing version 0.4.5-unstable.3 (99/2534)...
2025-11-06 01:55:08,555 - BlankSpaceAnalyzer - INFO - -> Analyzing version 0.4.6 (100/2534)...
2025-11-06 01:55:08,607 - BlankSpaceAnalyzer - INFO - -> Analyzing version 0.4.7 (101/2534)...
2025-11-06 01:55:08,660 - BlankSpaceAnalyzer - INFO - -> Analyzing version 0.4.7-unstable.0 (102/2534)...
2025-11-06 01:55:08,712 - BlankSpaceAnalyzer - INFO - -> Analyzing version 0.4.7-unstable.1 (103/2534)...
2025-11-06 01:55:08,766 - BlankSpaceAnalyzer - INFO - -> Analyzing version 0.4.7-unstable.2 (104/2534)...
2025-11-06 01:55:08,818 - BlankSpaceAnalyzer - INFO - -> Analyzing version 0.4.7-unstable.3 (105/2534)...
2025-11-06 01:55:08,872 - BlankSpaceAnalyzer - INFO - -> Analyzing version 0.4.8 (106/2534)...
2025-11-06 01:55:08,923 - BlankSpaceAnalyzer - INFO - -> Analyzing version 0.4.8-unstable.0 (107/2534)...
2025-11-06 01:55:08,976 - BlankSpaceAnalyzer - INFO - -> Analyzing version 0.4.8-unstable.1 (108/2534)...
2025-11-06 01:55:09,028 - BlankSpaceAnalyzer - INFO - -> Analyzing version 0.4.8-unstable.2 (109/2534)...
2025-11-06 01:55:09,080 - BlankSpaceAnalyzer - INFO - -> Analyzing version 0.4.8-unstable.3 (110/2534)...
2025-11-06 01:55:09,133 - BlankSpaceAnalyzer - INFO - -> Analyzing version 0.4.8-unstable.5 (111/2534)...
2025-11-06 01:55:09,188 - BlankSpaceAnalyzer - INFO - -> Analyzing version 0.4.9-unstable.0 (112/2534)...
2025-11-06 01:55:09,239 - BlankSpaceAnalyzer - INFO - -> Analyzing version 0.4.9-unstable.1 (113/2534)...
2025-11-06 01:55:09,292 - BlankSpaceAnalyzer - INFO - -> Analyzing version 0.4.9-unstable.2 (114/2534)...
2025-11-06 01:55:09,345 - BlankSpaceAnalyzer - INFO - -> Analyzing version 0.4.9-unstable.3 (115/2534)...
2025-11-06 01:55:09,399 - BlankSpaceAnalyzer - INFO - -> Analyzing version 1.0.0 (116/2534)...
2025-11-06 01:55:09,446 - BlankSpaceAnalyzer - INFO - -> Analyzing version 1.0.1 (117/2534)...
2025-11-06 01:55:09,493 - BlankSpaceAnalyzer - INFO - -> Analyzing version 1.0.1-unstable.0 (118/2534)...
2025-11-06 01:55:09,540 - BlankSpaceAnalyzer - INFO - -> Analyzing version 1.0.1-unstable.1 (119/2534)...
2025-11-06 01:55:09,587 - BlankSpaceAnalyzer - INFO - -> Analyzing version 1.0.1-unstable.2 (120/2534)...
2025-11-06 01:55:09,634 - BlankSpaceAnalyzer - INFO - -> Analyzing version 1.0.1-unstable.3 (121/2534)...
2025-11-06 01:55:09,680 - BlankSpaceAnalyzer - INFO - -> Analyzing version 1.0.1-unstable.4 (122/2534)...
2025-11-06 01:55:09,726 - BlankSpaceAnalyzer - INFO - -> Analyzing version 1.0.10 (123/2534)...
2025-11-06 01:55:09,774 - BlankSpaceAnalyzer - INFO - -> Analyzing version 1.0.10-unstable.0 (124/2534)...
2025-11-06 01:55:09,820 - BlankSpaceAnalyzer - INFO - -> Analyzing version 1.0.11 (125/2534)...
2025-11-06 01:55:09,870 - BlankSpaceAnalyzer - INFO - -> Analyzing version 1.0.11-beta.0 (126/2534)...
2025-11-06 01:55:09,921 - BlankSpaceAnalyzer - INFO - -> Analyzing version 1.0.11-beta.1 (127/2534)...
2025-11-06 01:55:09,967 - BlankSpaceAnalyzer - INFO - -> Analyzing version 1.0.11-beta.2 (128/2534)...
2025-11-06 01:55:10,014 - BlankSpaceAnalyzer - INFO - -> Analyzing version 1.0.11-beta.3 (129/2534)...
2025-11-06 01:55:10,061 - BlankSpaceAnalyzer - INFO - -> Analyzing version 1.0.11-beta.4 (130/2534)...
2025-11-06 01:55:10,108 - BlankSpaceAnalyzer - INFO - -> Analyzing version 1.0.11-beta.5 (131/2534)...
2025-11-06 01:55:10,154 - BlankSpaceAnalyzer - INFO - -> Analyzing version 1.0.11-beta.6 (132/2534)...
2025-11-06 01:55:10,201 - BlankSpaceAnalyzer - INFO - -> Analyzing version 1.0.11-unstable.0 (133/2534)...
2025-11-06 01:55:10,249 - BlankSpaceAnalyzer - INFO - -> Analyzing version 1.0.12-unstable.0 (134/2534)...
2025-11-06 01:55:10,296 - BlankSpaceAnalyzer - INFO - -> Analyzing version 1.0.2 (135/2534)...
2025-11-06 01:55:10,342 - BlankSpaceAnalyzer - INFO - -> Analyzing version 1.0.2-unstable.0 (136/2534)...
2025-11-06 01:55:10,389 - BlankSpaceAnalyzer - INFO - -> Analyzing version 1.0.2-unstable.1 (137/2534)...
2025-11-06 01:55:10,436 - BlankSpaceAnalyzer - INFO - -> Analyzing version 1.0.3 (138/2534)...
2025-11-06 01:55:10,482 - BlankSpaceAnalyzer - INFO - -> Analyzing version 1.0.3-unstable.0 (139/2534)...
2025-11-06 01:55:10,529 - BlankSpaceAnalyzer - INFO - -> Analyzing version 1.0.3-unstable.1 (140/2534)...
2025-11-06 01:55:10,576 - BlankSpaceAnalyzer - INFO - -> Analyzing version 1.0.3-unstable.10 (141/2534)...
2025-11-06 01:55:10,622 - BlankSpaceAnalyzer - INFO - -> Analyzing version 1.0.3-unstable.11 (142/2534)...
2025-11-06 01:55:10,670 - BlankSpaceAnalyzer - INFO - -> Analyzing version 1.0.3-unstable.12 (143/2534)...
2025-11-06 01:55:10,717 - BlankSpaceAnalyzer - INFO - -> Analyzing version 1.0.3-unstable.13 (144/2534)...
2025-11-06 01:55:10,764 - BlankSpaceAnalyzer - INFO - -> Analyzing version 1.0.3-unstable.14 (145/2534)...
2025-11-06 01:55:10,810 - BlankSpaceAnalyzer - INFO - -> Analyzing version 1.0.3-unstable.15 (146/2534)...
2025-11-06 01:55:10,857 - BlankSpaceAnalyzer - INFO - -> Analyzing version 1.0.3-unstable.2 (147/2534)...
2025-11-06 01:55:10,903 - BlankSpaceAnalyzer - INFO - -> Analyzing version 1.0.3-unstable.3 (148/2534)...
2025-11-06 01:55:10,951 - BlankSpaceAnalyzer - INFO - -> Analyzing version 1.0.3-unstable.4 (149/2534)...
2025-11-06 01:55:10,997 - BlankSpaceAnalyzer - INFO - -> Analyzing version 1.0.3-unstable.5 (150/2534)...
2025-11-06 01:55:11,045 - BlankSpaceAnalyzer - INFO - -> Analyzing version 1.0.3-unstable.6 (151/2534)...
2025-11-06 01:55:11,091 - BlankSpaceAnalyzer - INFO - -> Analyzing version 1.0.3-unstable.7 (152/2534)...
2025-11-06 01:55:11,138 - BlankSpaceAnalyzer - INFO - -> Analyzing version 1.0.3-unstable.8 (153/2534)...
2025-11-06 01:55:11,185 - BlankSpaceAnalyzer - INFO - -> Analyzing version 1.0.3-unstable.9 (154/2534)...
2025-11-06 01:55:11,233 - BlankSpaceAnalyzer - INFO - -> Analyzing version 1.0.4 (155/2534)...
2025-11-06 01:55:11,279 - BlankSpaceAnalyzer - INFO - -> Analyzing version 1.0.4-unstable.0 (156/2534)...
2025-11-06 01:55:11,326 - BlankSpaceAnalyzer - INFO - -> Analyzing version 1.0.4-unstable.1 (157/2534)...
2025-11-06 01:55:11,372 - BlankSpaceAnalyzer - INFO - -> Analyzing version 1.0.5 (158/2534)...
2025-11-06 01:55:11,418 - BlankSpaceAnalyzer - INFO - -> Analyzing version 1.0.5-unstable.0 (159/2534)...
2025-11-06 01:55:11,467 - BlankSpaceAnalyzer - INFO - -> Analyzing version 1.0.5-unstable.1 (160/2534)...
2025-11-06 01:55:11,516 - BlankSpaceAnalyzer - INFO - -> Analyzing version 1.0.5-unstable.2 (161/2534)...
2025-11-06 01:55:11,561 - BlankSpaceAnalyzer - INFO - -> Analyzing version 1.0.5-unstable.4 (162/2534)...
2025-11-06 01:55:11,608 - BlankSpaceAnalyzer - INFO - -> Analyzing version 1.0.5-unstable.5 (163/2534)...
2025-11-06 01:55:11,655 - BlankSpaceAnalyzer - INFO - -> Analyzing version 1.0.5-unstable.6 (164/2534)...
2025-11-06 01:55:11,701 - BlankSpaceAnalyzer - INFO - -> Analyzing version 1.0.5-unstable.7 (165/2534)...
2025-11-06 01:55:11,748 - BlankSpaceAnalyzer - INFO - -> Analyzing version 1.0.6 (166/2534)...
2025-11-06 01:55:11,795 - BlankSpaceAnalyzer - INFO - -> Analyzing version 1.0.6-unstable.0 (167/2534)...
2025-11-06 01:55:11,841 - BlankSpaceAnalyzer - INFO - -> Analyzing version 1.0.6-unstable.1 (168/2534)...
2025-11-06 01:55:11,887 - BlankSpaceAnalyzer - INFO - -> Analyzing version 1.0.6-unstable.2 (169/2534)...
2025-11-06 01:55:11,934 - BlankSpaceAnalyzer - INFO - -> Analyzing version 1.0.6-unstable.3 (170/2534)...
2025-11-06 01:55:11,980 - BlankSpaceAnalyzer - INFO - -> Analyzing version 1.0.6-unstable.4 (171/2534)...
2025-11-06 01:55:12,029 - BlankSpaceAnalyzer - INFO - -> Analyzing version 1.0.6-unstable.5 (172/2534)...
2025-11-06 01:55:12,075 - BlankSpaceAnalyzer - INFO - -> Analyzing version 1.0.7 (173/2534)...
2025-11-06 01:55:12,121 - BlankSpaceAnalyzer - INFO - -> Analyzing version 1.0.7-unstable.0 (174/2534)...
2025-11-06 01:55:12,168 - BlankSpaceAnalyzer - INFO - -> Analyzing version 1.0.7-unstable.1 (175/2534)...
2025-11-06 01:55:12,215 - BlankSpaceAnalyzer - INFO - -> Analyzing version 1.0.7-unstable.10 (176/2534)...
2025-11-06 01:55:12,261 - BlankSpaceAnalyzer - INFO - -> Analyzing version 1.0.7-unstable.11 (177/2534)...
2025-11-06 01:55:12,308 - BlankSpaceAnalyzer - INFO - -> Analyzing version 1.0.7-unstable.12 (178/2534)...
2025-11-06 01:55:12,354 - BlankSpaceAnalyzer - INFO - -> Analyzing version 1.0.7-unstable.13 (179/2534)...
2025-11-06 01:55:12,401 - BlankSpaceAnalyzer - INFO - -> Analyzing version 1.0.7-unstable.14 (180/2534)...
2025-11-06 01:55:12,447 - BlankSpaceAnalyzer - INFO - -> Analyzing version 1.0.7-unstable.15 (181/2534)...
2025-11-06 01:55:12,493 - BlankSpaceAnalyzer - INFO - -> Analyzing version 1.0.7-unstable.16 (182/2534)...
2025-11-06 01:55:12,540 - BlankSpaceAnalyzer - INFO - -> Analyzing version 1.0.7-unstable.17 (183/2534)...
2025-11-06 01:55:12,588 - BlankSpaceAnalyzer - INFO - -> Analyzing version 1.0.7-unstable.18 (184/2534)...
2025-11-06 01:55:12,633 - BlankSpaceAnalyzer - INFO - -> Analyzing version 1.0.7-unstable.19 (185/2534)...
2025-11-06 01:55:12,680 - BlankSpaceAnalyzer - INFO - -> Analyzing version 1.0.7-unstable.2 (186/2534)...
2025-11-06 01:55:12,726 - BlankSpaceAnalyzer - INFO - -> Analyzing version 1.0.7-unstable.20 (187/2534)...
2025-11-06 01:55:12,773 - BlankSpaceAnalyzer - INFO - -> Analyzing version 1.0.7-unstable.21 (188/2534)...
2025-11-06 01:55:12,819 - BlankSpaceAnalyzer - INFO - -> Analyzing version 1.0.7-unstable.22 (189/2534)...
2025-11-06 01:55:12,866 - BlankSpaceAnalyzer - INFO - -> Analyzing version 1.0.7-unstable.23 (190/2534)...
2025-11-06 01:55:12,913 - BlankSpaceAnalyzer - INFO - -> Analyzing version 1.0.7-unstable.24 (191/2534)...
2025-11-06 01:55:12,959 - BlankSpaceAnalyzer - INFO - -> Analyzing version 1.0.7-unstable.25 (192/2534)...
2025-11-06 01:55:13,006 - BlankSpaceAnalyzer - INFO - -> Analyzing version 1.0.7-unstable.26 (193/2534)...
2025-11-06 01:55:13,052 - BlankSpaceAnalyzer - INFO - -> Analyzing version 1.0.7-unstable.3 (194/2534)...
2025-11-06 01:55:13,099 - BlankSpaceAnalyzer - INFO - -> Analyzing version 1.0.7-unstable.4 (195/2534)...
2025-11-06 01:55:13,145 - BlankSpaceAnalyzer - INFO - -> Analyzing version 1.0.7-unstable.5 (196/2534)...
2025-11-06 01:55:13,193 - BlankSpaceAnalyzer - INFO - -> Analyzing version 1.0.7-unstable.6 (197/2534)...
2025-11-06 01:55:13,240 - BlankSpaceAnalyzer - INFO - -> Analyzing version 1.0.7-unstable.7 (198/2534)...
2025-11-06 01:55:13,286 - BlankSpaceAnalyzer - INFO - -> Analyzing version 1.0.7-unstable.8 (199/2534)...
2025-11-06 01:55:13,335 - BlankSpaceAnalyzer - INFO - -> Analyzing version 1.0.7-unstable.9 (200/2534)...
2025-11-06 01:55:13,381 - BlankSpaceAnalyzer - INFO - -> Analyzing version 1.0.8 (201/2534)...
2025-11-06 01:55:13,427 - BlankSpaceAnalyzer - INFO - -> Analyzing version 1.0.9 (202/2534)...
2025-11-06 01:55:13,473 - BlankSpaceAnalyzer - INFO - -> Analyzing version 1.0.9-unstable.0 (203/2534)...
2025-11-06 01:55:13,521 - BlankSpaceAnalyzer - INFO - -> Analyzing version 1.0.9-unstable.1 (204/2534)...
2025-11-06 01:55:13,568 - BlankSpaceAnalyzer - INFO - -> Analyzing version 1.1.1 (205/2534)...
2025-11-06 01:55:13,615 - BlankSpaceAnalyzer - INFO - -> Analyzing version 1.1.10 (206/2534)...
2025-11-06 01:55:13,662 - BlankSpaceAnalyzer - INFO - -> Analyzing version 1.1.10-unstable.0 (207/2534)...
2025-11-06 01:55:13,712 - BlankSpaceAnalyzer - INFO - -> Analyzing version 1.1.10-unstable.1 (208/2534)...
2025-11-06 01:55:13,759 - BlankSpaceAnalyzer - INFO - -> Analyzing version 1.1.10-unstable.2 (209/2534)...
2025-11-06 01:55:13,806 - BlankSpaceAnalyzer - INFO - -> Analyzing version 1.1.10-unstable.3 (210/2534)...
2025-11-06 01:55:13,854 - BlankSpaceAnalyzer - INFO - -> Analyzing version 1.1.10-unstable.4 (211/2534)...
2025-11-06 01:55:13,902 - BlankSpaceAnalyzer - INFO - -> Analyzing version 1.1.10-unstable.5 (212/2534)...
2025-11-06 01:55:13,950 - BlankSpaceAnalyzer - INFO - -> Analyzing version 1.1.10-unstable.6 (213/2534)...
2025-11-06 01:55:13,997 - BlankSpaceAnalyzer - INFO - -> Analyzing version 1.1.11 (214/2534)...
2025-11-06 01:55:14,045 - BlankSpaceAnalyzer - INFO - -> Analyzing version 1.1.11-unstable.0 (215/2534)...
2025-11-06 01:55:14,093 - BlankSpaceAnalyzer - INFO - -> Analyzing version 1.1.11-unstable.1 (216/2534)...
2025-11-06 01:55:14,140 - BlankSpaceAnalyzer - INFO - -> Analyzing version 1.1.11-unstable.10 (217/2534)...
2025-11-06 01:55:14,187 - BlankSpaceAnalyzer - INFO - -> Analyzing version 1.1.11-unstable.11 (218/2534)...
2025-11-06 01:55:14,233 - BlankSpaceAnalyzer - INFO - -> Analyzing version 1.1.11-unstable.12 (219/2534)...
2025-11-06 01:55:14,283 - BlankSpaceAnalyzer - INFO - -> Analyzing version 1.1.11-unstable.13 (220/2534)...
2025-11-06 01:55:14,329 - BlankSpaceAnalyzer - INFO - -> Analyzing version 1.1.11-unstable.14 (221/2534)...
2025-11-06 01:55:14,377 - BlankSpaceAnalyzer - INFO - -> Analyzing version 1.1.11-unstable.15 (222/2534)...
2025-11-06 01:55:14,424 - BlankSpaceAnalyzer - INFO - -> Analyzing version 1.1.11-unstable.2 (223/2534)...
2025-11-06 01:55:14,471 - BlankSpaceAnalyzer - INFO - -> Analyzing version 1.1.11-unstable.3 (224/2534)...
2025-11-06 01:55:14,519 - BlankSpaceAnalyzer - INFO - -> Analyzing version 1.1.11-unstable.4 (225/2534)...
2025-11-06 01:55:14,568 - BlankSpaceAnalyzer - INFO - -> Analyzing version 1.1.11-unstable.5 (226/2534)...
2025-11-06 01:55:14,614 - BlankSpaceAnalyzer - INFO - -> Analyzing version 1.1.11-unstable.6 (227/2534)...
2025-11-06 01:55:14,661 - BlankSpaceAnalyzer - INFO - -> Analyzing version 1.1.11-unstable.7 (228/2534)...
2025-11-06 01:55:14,708 - BlankSpaceAnalyzer - INFO - -> Analyzing version 1.1.11-unstable.8 (229/2534)...
2025-11-06 01:55:14,756 - BlankSpaceAnalyzer - INFO - -> Analyzing version 1.1.11-unstable.9 (230/2534)...
2025-11-06 01:55:14,802 - BlankSpaceAnalyzer - INFO - -> Analyzing version 1.1.12 (231/2534)...
2025-11-06 01:55:14,854 - BlankSpaceAnalyzer - INFO - -> Analyzing version 1.1.12-unstable.0 (232/2534)...
2025-11-06 01:55:14,904 - BlankSpaceAnalyzer - INFO - -> Analyzing version 1.1.13 (233/2534)...
2025-11-06 01:55:14,951 - BlankSpaceAnalyzer - INFO - -> Analyzing version 1.1.13-unstable.0 (234/2534)...
2025-11-06 01:55:14,998 - BlankSpaceAnalyzer - INFO - -> Analyzing version 1.1.13-unstable.1 (235/2534)...
2025-11-06 01:55:15,046 - BlankSpaceAnalyzer - INFO - -> Analyzing version 1.1.14 (236/2534)...
2025-11-06 01:55:15,093 - BlankSpaceAnalyzer - INFO - -> Analyzing version 1.1.14-unstable.0 (237/2534)...
2025-11-06 01:55:15,140 - BlankSpaceAnalyzer - INFO - -> Analyzing version 1.1.14-unstable.1 (238/2534)...
2025-11-06 01:55:15,188 - BlankSpaceAnalyzer - INFO - -> Analyzing version 1.1.14-unstable.2 (239/2534)...
2025-11-06 01:55:15,234 - BlankSpaceAnalyzer - INFO - -> Analyzing version 1.1.14-unstable.3 (240/2534)...
2025-11-06 01:55:15,281 - BlankSpaceAnalyzer - INFO - -> Analyzing version 1.1.14-unstable.4 (241/2534)...
2025-11-06 01:55:15,328 - BlankSpaceAnalyzer - INFO - -> Analyzing version 1.1.14-unstable.5 (242/2534)...
2025-11-06 01:55:15,375 - BlankSpaceAnalyzer - INFO - -> Analyzing version 1.1.14-unstable.6 (243/2534)...
2025-11-06 01:55:15,422 - BlankSpaceAnalyzer - INFO - -> Analyzing version 1.1.14-unstable.7 (244/2534)...
2025-11-06 01:55:15,469 - BlankSpaceAnalyzer - INFO - -> Analyzing version 1.1.14-unstable.8 (245/2534)...
2025-11-06 01:55:15,516 - BlankSpaceAnalyzer - INFO - -> Analyzing version 1.1.15 (246/2534)...
2025-11-06 01:55:15,563 - BlankSpaceAnalyzer - INFO - -> Analyzing version 1.1.15-unstable.0 (247/2534)...
2025-11-06 01:55:15,610 - BlankSpaceAnalyzer - INFO - -> Analyzing version 1.1.16 (248/2534)...
2025-11-06 01:55:15,657 - BlankSpaceAnalyzer - INFO - -> Analyzing version 1.1.16-unstable.0 (249/2534)...
2025-11-06 01:55:15,703 - BlankSpaceAnalyzer - INFO - -> Analyzing version 1.1.17 (250/2534)...
2025-11-06 01:55:15,750 - BlankSpaceAnalyzer - INFO - -> Analyzing version 1.1.18 (251/2534)...
2025-11-06 01:55:15,797 - BlankSpaceAnalyzer - INFO - -> Analyzing version 1.1.18-rn-hosted-ui.10 (252/2534)...
2025-11-06 01:55:15,843 - BlankSpaceAnalyzer - INFO - -> Analyzing version 1.1.18-rn-hosted-ui.11 (253/2534)...
2025-11-06 01:55:15,890 - BlankSpaceAnalyzer - INFO - -> Analyzing version 1.1.18-rn-hosted-ui.12 (254/2534)...
2025-11-06 01:55:15,936 - BlankSpaceAnalyzer - INFO - -> Analyzing version 1.1.18-rn-hosted-ui.13 (255/2534)...
2025-11-06 01:55:15,983 - BlankSpaceAnalyzer - INFO - -> Analyzing version 1.1.18-rn-hosted-ui.14 (256/2534)...
2025-11-06 01:55:16,032 - BlankSpaceAnalyzer - INFO - -> Analyzing version 1.1.18-rn-hosted-ui.15 (257/2534)...
2025-11-06 01:55:16,078 - BlankSpaceAnalyzer - INFO - -> Analyzing version 1.1.18-rn-hosted-ui.16 (258/2534)...
2025-11-06 01:55:16,125 - BlankSpaceAnalyzer - INFO - -> Analyzing version 1.1.18-rn-hosted-ui.17 (259/2534)...
2025-11-06 01:55:16,173 - BlankSpaceAnalyzer - INFO - -> Analyzing version 1.1.18-rn-hosted-ui.18 (260/2534)...
2025-11-06 01:55:16,220 - BlankSpaceAnalyzer - INFO - -> Analyzing version 1.1.18-rn-hosted-ui.19 (261/2534)...
2025-11-06 01:55:16,292 - BlankSpaceAnalyzer - INFO - -> Analyzing version 1.1.18-rn-hosted-ui.20 (262/2534)...
2025-11-06 01:55:16,364 - BlankSpaceAnalyzer - INFO - -> Analyzing version 1.1.18-rn-hosted-ui.21 (263/2534)...
2025-11-06 01:55:16,436 - BlankSpaceAnalyzer - INFO - -> Analyzing version 1.1.18-rn-hosted-ui.22 (264/2534)...
2025-11-06 01:55:16,507 - BlankSpaceAnalyzer - INFO - -> Analyzing version 1.1.18-rn-hosted-ui.23 (265/2534)...
2025-11-06 01:55:16,579 - BlankSpaceAnalyzer - INFO - -> Analyzing version 1.1.18-unstable.0 (266/2534)...
2025-11-06 01:55:16,626 - BlankSpaceAnalyzer - INFO - -> Analyzing version 1.1.18-unstable.1 (267/2534)...
2025-11-06 01:55:16,673 - BlankSpaceAnalyzer - INFO - -> Analyzing version 1.1.18-unstable.2 (268/2534)...
2025-11-06 01:55:16,720 - BlankSpaceAnalyzer - INFO - -> Analyzing version 1.1.18-unstable.3 (269/2534)...
2025-11-06 01:55:16,767 - BlankSpaceAnalyzer - INFO - -> Analyzing version 1.1.18-unstable.4 (270/2534)...
2025-11-06 01:55:16,813 - BlankSpaceAnalyzer - INFO - -> Analyzing version 1.1.18-unstable.5 (271/2534)...
2025-11-06 01:55:16,860 - BlankSpaceAnalyzer - INFO - -> Analyzing version 1.1.19 (272/2534)...
2025-11-06 01:55:16,908 - BlankSpaceAnalyzer - INFO - -> Analyzing version 1.1.19-unstable.0 (273/2534)...
2025-11-06 01:55:16,956 - BlankSpaceAnalyzer - INFO - -> Analyzing version 1.1.19-unstable.1 (274/2534)...
2025-11-06 01:55:17,003 - BlankSpaceAnalyzer - INFO - -> Analyzing version 1.1.2 (275/2534)...
2025-11-06 01:55:17,052 - BlankSpaceAnalyzer - INFO - -> Analyzing version 1.1.2-unstable.0 (276/2534)...
2025-11-06 01:55:17,098 - BlankSpaceAnalyzer - INFO - -> Analyzing version 1.1.2-unstable.1 (277/2534)...
2025-11-06 01:55:17,144 - BlankSpaceAnalyzer - INFO - -> Analyzing version 1.1.2-unstable.2 (278/2534)...
2025-11-06 01:55:17,191 - BlankSpaceAnalyzer - INFO - -> Analyzing version 1.1.2-unstable.3 (279/2534)...
2025-11-06 01:55:17,239 - BlankSpaceAnalyzer - INFO - -> Analyzing version 1.1.2-unstable.4 (280/2534)...
2025-11-06 01:55:17,285 - BlankSpaceAnalyzer - INFO - -> Analyzing version 1.1.20 (281/2534)...
2025-11-06 01:55:17,332 - BlankSpaceAnalyzer - INFO - -> Analyzing version 1.1.20-beta.0 (282/2534)...
2025-11-06 01:55:17,379 - BlankSpaceAnalyzer - INFO - -> Analyzing version 1.1.20-beta.1 (283/2534)...
2025-11-06 01:55:17,425 - BlankSpaceAnalyzer - INFO - -> Analyzing version 1.1.20-ops-test.1 (284/2534)...
2025-11-06 01:55:17,475 - BlankSpaceAnalyzer - INFO - -> Analyzing version 1.1.20-rn-hosted-ui.0 (285/2534)...
2025-11-06 01:55:17,521 - BlankSpaceAnalyzer - INFO - -> Analyzing version 1.1.20-rn-hosted-ui.10 (286/2534)...
2025-11-06 01:55:17,568 - BlankSpaceAnalyzer - INFO - -> Analyzing version 1.1.20-rn-hosted-ui.11 (287/2534)...
2025-11-06 01:55:17,616 - BlankSpaceAnalyzer - INFO - -> Analyzing version 1.1.20-rn-hosted-ui.12 (288/2534)...
2025-11-06 01:55:17,663 - BlankSpaceAnalyzer - INFO - -> Analyzing version 1.1.20-rn-hosted-ui.3 (289/2534)...
2025-11-06 01:55:17,711 - BlankSpaceAnalyzer - INFO - -> Analyzing version 1.1.20-rn-hosted-ui.4 (290/2534)...
2025-11-06 01:55:17,761 - BlankSpaceAnalyzer - INFO - -> Analyzing version 1.1.20-rn-hosted-ui.5 (291/2534)...
2025-11-06 01:55:17,807 - BlankSpaceAnalyzer - INFO - -> Analyzing version 1.1.20-rn-hosted-ui.6 (292/2534)...
2025-11-06 01:55:17,854 - BlankSpaceAnalyzer - INFO - -> Analyzing version 1.1.20-rn-hosted-ui.7 (293/2534)...
2025-11-06 01:55:17,901 - BlankSpaceAnalyzer - INFO - -> Analyzing version 1.1.20-rn-hosted-ui.8 (294/2534)...
2025-11-06 01:55:17,948 - BlankSpaceAnalyzer - INFO - -> Analyzing version 1.1.20-rn-hosted-ui.9 (295/2534)...
2025-11-06 01:55:17,995 - BlankSpaceAnalyzer - INFO - -> Analyzing version 1.1.20-rn-hosted-ui2.0 (296/2534)...
2025-11-06 01:55:18,043 - BlankSpaceAnalyzer - INFO - -> Analyzing version 1.1.20-rn-hosted-ui2.1 (297/2534)...
2025-11-06 01:55:18,090 - BlankSpaceAnalyzer - INFO - -> Analyzing version 1.1.20-rn-hosted-ui2.2 (298/2534)...
2025-11-06 01:55:18,137 - BlankSpaceAnalyzer - INFO - -> Analyzing version 1.1.20-rn-hosted-ui2.3 (299/2534)...
2025-11-06 01:55:18,184 - BlankSpaceAnalyzer - INFO - -> Analyzing version 1.1.20-unstable.0 (300/2534)...
2025-11-06 01:55:18,230 - BlankSpaceAnalyzer - INFO - -> Analyzing version 1.1.20-unstable.1 (301/2534)...
2025-11-06 01:55:18,277 - BlankSpaceAnalyzer - INFO - -> Analyzing version 1.1.20-unstable.10 (302/2534)...
2025-11-06 01:55:18,325 - BlankSpaceAnalyzer - INFO - -> Analyzing version 1.1.20-unstable.11 (303/2534)...
2025-11-06 01:55:18,373 - BlankSpaceAnalyzer - INFO - -> Analyzing version 1.1.20-unstable.12 (304/2534)...
2025-11-06 01:55:18,419 - BlankSpaceAnalyzer - INFO - -> Analyzing version 1.1.20-unstable.13 (305/2534)...
2025-11-06 01:55:18,466 - BlankSpaceAnalyzer - INFO - -> Analyzing version 1.1.20-unstable.14 (306/2534)...
2025-11-06 01:55:18,515 - BlankSpaceAnalyzer - INFO - -> Analyzing version 1.1.20-unstable.15 (307/2534)...
2025-11-06 01:55:18,561 - BlankSpaceAnalyzer - INFO - -> Analyzing version 1.1.20-unstable.2 (308/2534)...
2025-11-06 01:55:18,607 - BlankSpaceAnalyzer - INFO - -> Analyzing version 1.1.20-unstable.3 (309/2534)...
2025-11-06 01:55:18,657 - BlankSpaceAnalyzer - INFO - -> Analyzing version 1.1.20-unstable.4 (310/2534)...
2025-11-06 01:55:18,704 - BlankSpaceAnalyzer - INFO - -> Analyzing version 1.1.20-unstable.5 (311/2534)...
2025-11-06 01:55:18,751 - BlankSpaceAnalyzer - INFO - -> Analyzing version 1.1.20-unstable.6 (312/2534)...
2025-11-06 01:55:18,797 - BlankSpaceAnalyzer - INFO - -> Analyzing version 1.1.20-unstable.7 (313/2534)...
2025-11-06 01:55:18,844 - BlankSpaceAnalyzer - INFO - -> Analyzing version 1.1.20-unstable.8 (314/2534)...
2025-11-06 01:55:18,891 - BlankSpaceAnalyzer - INFO - -> Analyzing version 1.1.20-unstable.9 (315/2534)...
2025-11-06 01:55:18,938 - BlankSpaceAnalyzer - INFO - -> Analyzing version 1.1.21 (316/2534)...
2025-11-06 01:55:18,985 - BlankSpaceAnalyzer - INFO - -> Analyzing version 1.1.22 (317/2534)...
2025-11-06 01:55:19,033 - BlankSpaceAnalyzer - INFO - -> Analyzing version 1.1.22-unstable.0 (318/2534)...
2025-11-06 01:55:19,080 - BlankSpaceAnalyzer - INFO - -> Analyzing version 1.1.22-unstable.1 (319/2534)...
2025-11-06 01:55:19,128 - BlankSpaceAnalyzer - INFO - -> Analyzing version 1.1.22-unstable.2 (320/2534)...
2025-11-06 01:55:19,175 - BlankSpaceAnalyzer - INFO - -> Analyzing version 1.1.22-unstable.3 (321/2534)...
2025-11-06 01:55:19,222 - BlankSpaceAnalyzer - INFO - -> Analyzing version 1.1.23 (322/2534)...
2025-11-06 01:55:19,270 - BlankSpaceAnalyzer - INFO - -> Analyzing version 1.1.23-beta.0 (323/2534)...
2025-11-06 01:55:19,316 - BlankSpaceAnalyzer - INFO - -> Analyzing version 1.1.23-beta.1 (324/2534)...
2025-11-06 01:55:19,363 - BlankSpaceAnalyzer - INFO - -> Analyzing version 1.1.23-beta.2 (325/2534)...
2025-11-06 01:55:19,410 - BlankSpaceAnalyzer - INFO - -> Analyzing version 1.1.23-beta.3 (326/2534)...
2025-11-06 01:55:19,457 - BlankSpaceAnalyzer - INFO - -> Analyzing version 1.1.23-beta.4 (327/2534)...
2025-11-06 01:55:19,504 - BlankSpaceAnalyzer - INFO - -> Analyzing version 1.1.23-beta.5 (328/2534)...
2025-11-06 01:55:19,551 - BlankSpaceAnalyzer - INFO - -> Analyzing version 1.1.23-beta.6 (329/2534)...
2025-11-06 01:55:19,598 - BlankSpaceAnalyzer - INFO - -> Analyzing version 1.1.23-unstable.0 (330/2534)...
2025-11-06 01:55:19,645 - BlankSpaceAnalyzer - INFO - -> Analyzing version 1.1.23-unstable.1 (331/2534)...
2025-11-06 01:55:19,693 - BlankSpaceAnalyzer - INFO - -> Analyzing version 1.1.23-unstable.10 (332/2534)...
2025-11-06 01:55:19,739 - BlankSpaceAnalyzer - INFO - -> Analyzing version 1.1.23-unstable.11 (333/2534)...
2025-11-06 01:55:19,786 - BlankSpaceAnalyzer - INFO - -> Analyzing version 1.1.23-unstable.2 (334/2534)...
2025-11-06 01:55:19,834 - BlankSpaceAnalyzer - INFO - -> Analyzing version 1.1.23-unstable.3 (335/2534)...
2025-11-06 01:55:19,883 - BlankSpaceAnalyzer - INFO - -> Analyzing version 1.1.23-unstable.4 (336/2534)...
2025-11-06 01:55:19,929 - BlankSpaceAnalyzer - INFO - -> Analyzing version 1.1.23-unstable.5 (337/2534)...
2025-11-06 01:55:19,977 - BlankSpaceAnalyzer - INFO - -> Analyzing version 1.1.23-unstable.6 (338/2534)...
2025-11-06 01:55:20,024 - BlankSpaceAnalyzer - INFO - -> Analyzing version 1.1.23-unstable.7 (339/2534)...
2025-11-06 01:55:20,071 - BlankSpaceAnalyzer - INFO - -> Analyzing version 1.1.23-unstable.8 (340/2534)...
2025-11-06 01:55:20,118 - BlankSpaceAnalyzer - INFO - -> Analyzing version 1.1.23-unstable.9 (341/2534)...
2025-11-06 01:55:20,165 - BlankSpaceAnalyzer - INFO - -> Analyzing version 1.1.24 (342/2534)...
2025-11-06 01:55:20,212 - BlankSpaceAnalyzer - INFO - -> Analyzing version 1.1.24-beta.0 (343/2534)...
2025-11-06 01:55:20,261 - BlankSpaceAnalyzer - INFO - -> Analyzing version 1.1.24-beta.1 (344/2534)...
2025-11-06 01:55:20,307 - BlankSpaceAnalyzer - INFO - -> Analyzing version 1.1.24-beta.10 (345/2534)...
2025-11-06 01:55:20,354 - BlankSpaceAnalyzer - INFO - -> Analyzing version 1.1.24-beta.2 (346/2534)...
2025-11-06 01:55:20,400 - BlankSpaceAnalyzer - INFO - -> Analyzing version 1.1.24-beta.3 (347/2534)...
2025-11-06 01:55:20,448 - BlankSpaceAnalyzer - INFO - -> Analyzing version 1.1.24-beta.4 (348/2534)...
2025-11-06 01:55:20,495 - BlankSpaceAnalyzer - INFO - -> Analyzing version 1.1.24-beta.5 (349/2534)...
2025-11-06 01:55:20,542 - BlankSpaceAnalyzer - INFO - -> Analyzing version 1.1.24-beta.6 (350/2534)...
2025-11-06 01:55:20,589 - BlankSpaceAnalyzer - INFO - -> Analyzing version 1.1.24-beta.7 (351/2534)...
2025-11-06 01:55:20,636 - BlankSpaceAnalyzer - INFO - -> Analyzing version 1.1.24-beta.8 (352/2534)...
2025-11-06 01:55:20,683 - BlankSpaceAnalyzer - INFO - -> Analyzing version 1.1.24-beta.9 (353/2534)...
2025-11-06 01:55:20,730 - BlankSpaceAnalyzer - INFO - -> Analyzing version 1.1.24-unstable.0 (354/2534)...
2025-11-06 01:55:20,777 - BlankSpaceAnalyzer - INFO - -> Analyzing version 1.1.24-unstable.1 (355/2534)...
2025-11-06 01:55:20,824 - BlankSpaceAnalyzer - INFO - -> Analyzing version 1.1.25 (356/2534)...
2025-11-06 01:55:20,870 - BlankSpaceAnalyzer - INFO - -> Analyzing version 1.1.25-unstable.0 (357/2534)...
2025-11-06 01:55:20,918 - BlankSpaceAnalyzer - INFO - -> Analyzing version 1.1.25-unstable.1 (358/2534)...
2025-11-06 01:55:20,965 - BlankSpaceAnalyzer - INFO - -> Analyzing version 1.1.25-unstable.2 (359/2534)...
2025-11-06 01:55:21,011 - BlankSpaceAnalyzer - INFO - -> Analyzing version 1.1.26 (360/2534)...
2025-11-06 01:55:21,059 - BlankSpaceAnalyzer - INFO - -> Analyzing version 1.1.26-unstable.0 (361/2534)...
2025-11-06 01:55:21,106 - BlankSpaceAnalyzer - INFO - -> Analyzing version 1.1.27 (362/2534)...
2025-11-06 01:55:21,156 - BlankSpaceAnalyzer - INFO - -> Analyzing version 1.1.27-unstable.0 (363/2534)...
2025-11-06 01:55:21,202 - BlankSpaceAnalyzer - INFO - -> Analyzing version 1.1.27-unstable.1 (364/2534)...
2025-11-06 01:55:21,248 - BlankSpaceAnalyzer - INFO - -> Analyzing version 1.1.27-unstable.10 (365/2534)...
2025-11-06 01:55:21,296 - BlankSpaceAnalyzer - INFO - -> Analyzing version 1.1.27-unstable.11 (366/2534)...
2025-11-06 01:55:21,344 - BlankSpaceAnalyzer - INFO - -> Analyzing version 1.1.27-unstable.12 (367/2534)...
2025-11-06 01:55:21,391 - BlankSpaceAnalyzer - INFO - -> Analyzing version 1.1.27-unstable.2 (368/2534)...
2025-11-06 01:55:21,437 - BlankSpaceAnalyzer - INFO - -> Analyzing version 1.1.27-unstable.3 (369/2534)...
2025-11-06 01:55:21,485 - BlankSpaceAnalyzer - INFO - -> Analyzing version 1.1.27-unstable.4 (370/2534)...
2025-11-06 01:55:21,532 - BlankSpaceAnalyzer - INFO - -> Analyzing version 1.1.27-unstable.5 (371/2534)...
2025-11-06 01:55:21,578 - BlankSpaceAnalyzer - INFO - -> Analyzing version 1.1.27-unstable.6 (372/2534)...
2025-11-06 01:55:21,625 - BlankSpaceAnalyzer - INFO - -> Analyzing version 1.1.27-unstable.7 (373/2534)...
2025-11-06 01:55:21,672 - BlankSpaceAnalyzer - INFO - -> Analyzing version 1.1.27-unstable.8 (374/2534)...
2025-11-06 01:55:21,721 - BlankSpaceAnalyzer - INFO - -> Analyzing version 1.1.27-unstable.9 (375/2534)...
2025-11-06 01:55:21,767 - BlankSpaceAnalyzer - INFO - -> Analyzing version 1.1.28 (376/2534)...
2025-11-06 01:55:21,814 - BlankSpaceAnalyzer - INFO - -> Analyzing version 1.1.28-unstable.0 (377/2534)...
2025-11-06 01:55:21,861 - BlankSpaceAnalyzer - INFO - -> Analyzing version 1.1.28-unstable.1 (378/2534)...
2025-11-06 01:55:21,909 - BlankSpaceAnalyzer - INFO - -> Analyzing version 1.1.28-unstable.2 (379/2534)...
2025-11-06 01:55:21,956 - BlankSpaceAnalyzer - INFO - -> Analyzing version 1.1.28-unstable.3 (380/2534)...
2025-11-06 01:55:22,003 - BlankSpaceAnalyzer - INFO - -> Analyzing version 1.1.29 (381/2534)...
2025-11-06 01:55:22,056 - BlankSpaceAnalyzer - INFO - -> Analyzing version 1.1.29-unstable.0 (382/2534)...
2025-11-06 01:55:22,103 - BlankSpaceAnalyzer - INFO - -> Analyzing version 1.1.29-unstable.1 (383/2534)...
2025-11-06 01:55:22,150 - BlankSpaceAnalyzer - INFO - -> Analyzing version 1.1.29-unstable.2 (384/2534)...
2025-11-06 01:55:22,197 - BlankSpaceAnalyzer - INFO - -> Analyzing version 1.1.29-unstable.3 (385/2534)...
2025-11-06 01:55:22,244 - BlankSpaceAnalyzer - INFO - -> Analyzing version 1.1.29-unstable.4 (386/2534)...
2025-11-06 01:55:22,291 - BlankSpaceAnalyzer - INFO - -> Analyzing version 1.1.29-unstable.5 (387/2534)...
2025-11-06 01:55:22,342 - BlankSpaceAnalyzer - INFO - -> Analyzing version 1.1.29-unstable.6 (388/2534)...
2025-11-06 01:55:22,394 - BlankSpaceAnalyzer - INFO - -> Analyzing version 1.1.3 (389/2534)...
2025-11-06 01:55:22,441 - BlankSpaceAnalyzer - INFO - -> Analyzing version 1.1.3-unstable.0 (390/2534)...
2025-11-06 01:55:22,488 - BlankSpaceAnalyzer - INFO - -> Analyzing version 1.1.3-unstable.1 (391/2534)...
2025-11-06 01:55:22,535 - BlankSpaceAnalyzer - INFO - -> Analyzing version 1.1.30 (392/2534)...
2025-11-06 01:55:22,585 - BlankSpaceAnalyzer - INFO - -> Analyzing version 1.1.30-unstable.0 (393/2534)...
2025-11-06 01:55:22,634 - BlankSpaceAnalyzer - INFO - -> Analyzing version 1.1.30-unstable.1 (394/2534)...
2025-11-06 01:55:22,684 - BlankSpaceAnalyzer - INFO - -> Analyzing version 1.1.30-unstable.2 (395/2534)...
2025-11-06 01:55:22,735 - BlankSpaceAnalyzer - INFO - -> Analyzing version 1.1.31-preview.100 (396/2534)...
2025-11-06 01:55:22,877 - BlankSpaceAnalyzer - INFO - -> Analyzing version 1.1.31-preview.101 (397/2534)...
2025-11-06 01:55:23,020 - BlankSpaceAnalyzer - INFO - -> Analyzing version 1.1.31-preview.102 (398/2534)...
2025-11-06 01:55:23,146 - BlankSpaceAnalyzer - INFO - -> Analyzing version 1.1.31-preview.103 (399/2534)...
2025-11-06 01:55:23,283 - BlankSpaceAnalyzer - INFO - -> Analyzing version 1.1.31-preview.104 (400/2534)...
2025-11-06 01:55:23,413 - BlankSpaceAnalyzer - INFO - -> Analyzing version 1.1.31-preview.105 (401/2534)...
2025-11-06 01:55:23,541 - BlankSpaceAnalyzer - INFO - -> Analyzing version 1.1.31-preview.106 (402/2534)...
2025-11-06 01:55:23,666 - BlankSpaceAnalyzer - INFO - -> Analyzing version 1.1.31-preview.110 (403/2534)...
2025-11-06 01:55:23,807 - BlankSpaceAnalyzer - INFO - -> Analyzing version 1.1.31-preview.111 (404/2534)...
2025-11-06 01:55:23,938 - BlankSpaceAnalyzer - INFO - -> Analyzing version 1.1.31-preview.112 (405/2534)...
2025-11-06 01:55:24,071 - BlankSpaceAnalyzer - INFO - -> Analyzing version 1.1.31-preview.117 (406/2534)...
2025-11-06 01:55:24,205 - BlankSpaceAnalyzer - INFO - -> Analyzing version 1.1.31-preview.41 (407/2534)...
2025-11-06 01:55:24,255 - BlankSpaceAnalyzer - INFO - -> Analyzing version 1.1.31-preview.91 (408/2534)...
2025-11-06 01:55:24,389 - BlankSpaceAnalyzer - INFO - -> Analyzing version 1.1.31-preview.94 (409/2534)...
2025-11-06 01:55:24,521 - BlankSpaceAnalyzer - INFO - -> Analyzing version 1.1.31-preview.95 (410/2534)...
2025-11-06 01:55:24,656 - BlankSpaceAnalyzer - INFO - -> Analyzing version 1.1.31-preview.96 (411/2534)...
2025-11-06 01:55:24,777 - BlankSpaceAnalyzer - INFO - -> Analyzing version 1.1.31-preview.97 (412/2534)...
2025-11-06 01:55:24,901 - BlankSpaceAnalyzer - INFO - -> Analyzing version 1.1.31-preview.99 (413/2534)...
2025-11-06 01:55:25,024 - BlankSpaceAnalyzer - INFO - -> Analyzing version 1.1.31-unstable.0 (414/2534)...
2025-11-06 01:55:25,075 - BlankSpaceAnalyzer - INFO - -> Analyzing version 1.1.31-unstable.1 (415/2534)...
2025-11-06 01:55:25,125 - BlankSpaceAnalyzer - INFO - -> Analyzing version 1.1.31-unstable.19 (416/2534)...
2025-11-06 01:55:25,175 - BlankSpaceAnalyzer - INFO - -> Analyzing version 1.1.31-unstable.2 (417/2534)...
2025-11-06 01:55:25,225 - BlankSpaceAnalyzer - INFO - -> Analyzing version 1.1.31-unstable.20 (418/2534)...
2025-11-06 01:55:25,275 - BlankSpaceAnalyzer - INFO - -> Analyzing version 1.1.31-unstable.3 (419/2534)...
2025-11-06 01:55:25,325 - BlankSpaceAnalyzer - INFO - -> Analyzing version 1.1.31-unstable.4 (420/2534)...
2025-11-06 01:55:25,375 - BlankSpaceAnalyzer - INFO - -> Analyzing version 1.1.31-unstable.5 (421/2534)...
2025-11-06 01:55:25,426 - BlankSpaceAnalyzer - INFO - -> Analyzing version 1.1.31-unstable.9 (422/2534)...
2025-11-06 01:55:25,477 - BlankSpaceAnalyzer - INFO - -> Analyzing version 1.1.32 (423/2534)...
2025-11-06 01:55:25,527 - BlankSpaceAnalyzer - INFO - -> Analyzing version 1.1.33 (424/2534)...
2025-11-06 01:55:25,577 - BlankSpaceAnalyzer - INFO - -> Analyzing version 1.1.34 (425/2534)...
2025-11-06 01:55:25,637 - BlankSpaceAnalyzer - INFO - -> Analyzing version 1.1.34-unstable.0 (426/2534)...
2025-11-06 01:55:25,698 - BlankSpaceAnalyzer - INFO - -> Analyzing version 1.1.35 (427/2534)...
2025-11-06 01:55:25,760 - BlankSpaceAnalyzer - INFO - -> Analyzing version 1.1.35-unstable.2 (428/2534)...
2025-11-06 01:55:25,820 - BlankSpaceAnalyzer - INFO - -> Analyzing version 1.1.35-unstable.3 (429/2534)...
2025-11-06 01:55:25,880 - BlankSpaceAnalyzer - INFO - -> Analyzing version 1.1.36 (430/2534)...
2025-11-06 01:55:25,940 - BlankSpaceAnalyzer - INFO - -> Analyzing version 1.1.36-unstable.0 (431/2534)...
2025-11-06 01:55:26,002 - BlankSpaceAnalyzer - INFO - -> Analyzing version 1.1.36-unstable.1 (432/2534)...
2025-11-06 01:55:26,063 - BlankSpaceAnalyzer - INFO - -> Analyzing version 1.1.36-unstable.2 (433/2534)...
2025-11-06 01:55:26,123 - BlankSpaceAnalyzer - INFO - -> Analyzing version 1.1.36-unstable.3 (434/2534)...
2025-11-06 01:55:26,185 - BlankSpaceAnalyzer - INFO - -> Analyzing version 1.1.37-unstable.1 (435/2534)...
2025-11-06 01:55:26,245 - BlankSpaceAnalyzer - INFO - -> Analyzing version 1.1.37-unstable.10 (436/2534)...
2025-11-06 01:55:26,307 - BlankSpaceAnalyzer - INFO - -> Analyzing version 1.1.37-unstable.13 (437/2534)...
2025-11-06 01:55:26,366 - BlankSpaceAnalyzer - INFO - -> Analyzing version 1.1.37-unstable.17 (438/2534)...
2025-11-06 01:55:26,427 - BlankSpaceAnalyzer - INFO - -> Analyzing version 1.1.37-unstable.4 (439/2534)...
2025-11-06 01:55:26,488 - BlankSpaceAnalyzer - INFO - -> Analyzing version 1.1.37-unstable.6 (440/2534)...
2025-11-06 01:55:26,548 - BlankSpaceAnalyzer - INFO - -> Analyzing version 1.1.37-unstable.9 (441/2534)...
2025-11-06 01:55:26,609 - BlankSpaceAnalyzer - INFO - -> Analyzing version 1.1.38 (442/2534)...
2025-11-06 01:55:26,669 - BlankSpaceAnalyzer - INFO - -> Analyzing version 1.1.38-unstable.0 (443/2534)...
2025-11-06 01:55:26,730 - BlankSpaceAnalyzer - INFO - -> Analyzing version 1.1.39-unstable.4 (444/2534)...
2025-11-06 01:55:26,791 - BlankSpaceAnalyzer - INFO - -> Analyzing version 1.1.39-unstable.5 (445/2534)...
2025-11-06 01:55:26,853 - BlankSpaceAnalyzer - INFO - -> Analyzing version 1.1.39-unstable.6 (446/2534)...
2025-11-06 01:55:26,914 - BlankSpaceAnalyzer - INFO - -> Analyzing version 1.1.4 (447/2534)...
2025-11-06 01:55:26,960 - BlankSpaceAnalyzer - INFO - -> Analyzing version 1.1.4-unstable.0 (448/2534)...
2025-11-06 01:55:27,007 - BlankSpaceAnalyzer - INFO - -> Analyzing version 1.1.4-unstable.1 (449/2534)...
2025-11-06 01:55:27,055 - BlankSpaceAnalyzer - INFO - -> Analyzing version 1.1.4-unstable.2 (450/2534)...
2025-11-06 01:55:27,103 - BlankSpaceAnalyzer - INFO - -> Analyzing version 1.1.4-unstable.3 (451/2534)...
2025-11-06 01:55:27,150 - BlankSpaceAnalyzer - INFO - -> Analyzing version 1.1.4-unstable.4 (452/2534)...
2025-11-06 01:55:27,197 - BlankSpaceAnalyzer - INFO - -> Analyzing version 1.1.4-unstable.5 (453/2534)...
2025-11-06 01:55:27,245 - BlankSpaceAnalyzer - INFO - -> Analyzing version 1.1.4-unstable.6 (454/2534)...
2025-11-06 01:55:27,292 - BlankSpaceAnalyzer - INFO - -> Analyzing version 1.1.4-unstable.7 (455/2534)...
2025-11-06 01:55:27,339 - BlankSpaceAnalyzer - INFO - -> Analyzing version 1.1.4-unstable.8 (456/2534)...
2025-11-06 01:55:27,386 - BlankSpaceAnalyzer - INFO - -> Analyzing version 1.1.4-unstable.9 (457/2534)...
2025-11-06 01:55:27,433 - BlankSpaceAnalyzer - INFO - -> Analyzing version 1.1.40 (458/2534)...
2025-11-06 01:55:27,494 - BlankSpaceAnalyzer - INFO - -> Analyzing version 1.1.41-unstable.1 (459/2534)...
2025-11-06 01:55:27,556 - BlankSpaceAnalyzer - INFO - -> Analyzing version 1.1.41-unstable.10 (460/2534)...
2025-11-06 01:55:27,617 - BlankSpaceAnalyzer - INFO - -> Analyzing version 1.1.41-unstable.11 (461/2534)...
2025-11-06 01:55:27,678 - BlankSpaceAnalyzer - INFO - -> Analyzing version 1.1.41-unstable.12 (462/2534)...
2025-11-06 01:55:27,742 - BlankSpaceAnalyzer - INFO - -> Analyzing version 1.1.41-unstable.13 (463/2534)...
2025-11-06 01:55:27,802 - BlankSpaceAnalyzer - INFO - -> Analyzing version 1.1.41-unstable.15 (464/2534)...
2025-11-06 01:55:27,863 - BlankSpaceAnalyzer - INFO - -> Analyzing version 1.1.41-unstable.16 (465/2534)...
2025-11-06 01:55:27,924 - BlankSpaceAnalyzer - INFO - -> Analyzing version 1.1.41-unstable.17 (466/2534)...
2025-11-06 01:55:27,986 - BlankSpaceAnalyzer - INFO - -> Analyzing version 1.1.41-unstable.18 (467/2534)...
2025-11-06 01:55:28,048 - BlankSpaceAnalyzer - INFO - -> Analyzing version 1.1.41-unstable.19 (468/2534)...
2025-11-06 01:55:28,109 - BlankSpaceAnalyzer - INFO - -> Analyzing version 1.1.41-unstable.2 (469/2534)...
2025-11-06 01:55:28,170 - BlankSpaceAnalyzer - INFO - -> Analyzing version 1.1.41-unstable.20 (470/2534)...
2025-11-06 01:55:28,231 - BlankSpaceAnalyzer - INFO - -> Analyzing version 1.1.41-unstable.21 (471/2534)...
2025-11-06 01:55:28,292 - BlankSpaceAnalyzer - INFO - -> Analyzing version 1.1.41-unstable.22 (472/2534)...
2025-11-06 01:55:28,354 - BlankSpaceAnalyzer - INFO - -> Analyzing version 1.1.41-unstable.3 (473/2534)...
2025-11-06 01:55:28,415 - BlankSpaceAnalyzer - INFO - -> Analyzing version 1.1.41-unstable.5 (474/2534)...
2025-11-06 01:55:28,477 - BlankSpaceAnalyzer - INFO - -> Analyzing version 1.1.41-unstable.6 (475/2534)...
2025-11-06 01:55:28,537 - BlankSpaceAnalyzer - INFO - -> Analyzing version 1.1.41-unstable.8 (476/2534)...
2025-11-06 01:55:28,600 - BlankSpaceAnalyzer - INFO - -> Analyzing version 1.1.41-unstable.9 (477/2534)...
2025-11-06 01:55:28,661 - BlankSpaceAnalyzer - INFO - -> Analyzing version 1.1.5 (478/2534)...
2025-11-06 01:55:28,708 - BlankSpaceAnalyzer - INFO - -> Analyzing version 1.1.5-unstable.0 (479/2534)...
2025-11-06 01:55:28,755 - BlankSpaceAnalyzer - INFO - -> Analyzing version 1.1.5-unstable.1 (480/2534)...
2025-11-06 01:55:28,801 - BlankSpaceAnalyzer - INFO - -> Analyzing version 1.1.5-unstable.2 (481/2534)...
2025-11-06 01:55:28,849 - BlankSpaceAnalyzer - INFO - -> Analyzing version 1.1.5-unstable.3 (482/2534)...
2025-11-06 01:55:28,896 - BlankSpaceAnalyzer - INFO - -> Analyzing version 1.1.5-unstable.4 (483/2534)...
2025-11-06 01:55:28,944 - BlankSpaceAnalyzer - INFO - -> Analyzing version 1.1.5-unstable.5 (484/2534)...
2025-11-06 01:55:28,992 - BlankSpaceAnalyzer - INFO - -> Analyzing version 1.1.5-unstable.6 (485/2534)...
2025-11-06 01:55:29,040 - BlankSpaceAnalyzer - INFO - -> Analyzing version 1.1.5-unstable.7 (486/2534)...
2025-11-06 01:55:29,087 - BlankSpaceAnalyzer - INFO - -> Analyzing version 1.1.6 (487/2534)...
2025-11-06 01:55:29,135 - BlankSpaceAnalyzer - INFO - -> Analyzing version 1.1.6-unstable.0 (488/2534)...
2025-11-06 01:55:29,184 - BlankSpaceAnalyzer - INFO - -> Analyzing version 1.1.6-unstable.1 (489/2534)...
2025-11-06 01:55:29,231 - BlankSpaceAnalyzer - INFO - -> Analyzing version 1.1.6-unstable.2 (490/2534)...
2025-11-06 01:55:29,279 - BlankSpaceAnalyzer - INFO - -> Analyzing version 1.1.7 (491/2534)...
2025-11-06 01:55:29,326 - BlankSpaceAnalyzer - INFO - -> Analyzing version 1.1.7-unstable.0 (492/2534)...
2025-11-06 01:55:29,374 - BlankSpaceAnalyzer - INFO - -> Analyzing version 1.1.7-unstable.1 (493/2534)...
2025-11-06 01:55:29,422 - BlankSpaceAnalyzer - INFO - -> Analyzing version 1.1.7-unstable.2 (494/2534)...
2025-11-06 01:55:29,470 - BlankSpaceAnalyzer - INFO - -> Analyzing version 1.1.7-unstable.3 (495/2534)...
2025-11-06 01:55:29,518 - BlankSpaceAnalyzer - INFO - -> Analyzing version 1.1.7-unstable.4 (496/2534)...
2025-11-06 01:55:29,566 - BlankSpaceAnalyzer - INFO - -> Analyzing version 1.1.8 (497/2534)...
2025-11-06 01:55:29,614 - BlankSpaceAnalyzer - INFO - -> Analyzing version 1.1.8-unstable.0 (498/2534)...
2025-11-06 01:55:29,661 - BlankSpaceAnalyzer - INFO - -> Analyzing version 1.1.8-unstable.1 (499/2534)...
2025-11-06 01:55:29,709 - BlankSpaceAnalyzer - INFO - -> Analyzing version 1.1.8-unstable.2 (500/2534)...
2025-11-06 01:55:29,757 - BlankSpaceAnalyzer - INFO - -> Analyzing version 1.1.8-unstable.3 (501/2534)...
2025-11-06 01:55:29,806 - BlankSpaceAnalyzer - INFO - -> Analyzing version 1.1.9 (502/2534)...
2025-11-06 01:55:29,853 - BlankSpaceAnalyzer - INFO - -> Analyzing version 1.1.9-beta.0 (503/2534)...
2025-11-06 01:55:29,901 - BlankSpaceAnalyzer - INFO - -> Analyzing version 1.1.9-beta.1 (504/2534)...
2025-11-06 01:55:29,950 - BlankSpaceAnalyzer - INFO - -> Analyzing version 1.1.9-unstable.0 (505/2534)...
2025-11-06 01:55:29,999 - BlankSpaceAnalyzer - INFO - -> Analyzing version 1.1.9-unstable.1 (506/2534)...
2025-11-06 01:55:30,047 - BlankSpaceAnalyzer - INFO - -> Analyzing version 1.2.2 (507/2534)...
2025-11-06 01:55:30,110 - BlankSpaceAnalyzer - INFO - -> Analyzing version 1.2.3 (508/2534)...
2025-11-06 01:55:30,184 - BlankSpaceAnalyzer - INFO - -> Analyzing version 1.2.3-unstable.0 (509/2534)...
2025-11-06 01:55:30,245 - BlankSpaceAnalyzer - INFO - -> Analyzing version 1.2.3-unstable.1 (510/2534)...
2025-11-06 01:55:30,306 - BlankSpaceAnalyzer - INFO - -> Analyzing version 1.2.3-unstable.10 (511/2534)...
2025-11-06 01:55:30,379 - BlankSpaceAnalyzer - INFO - -> Analyzing version 1.2.3-unstable.11 (512/2534)...
2025-11-06 01:55:30,452 - BlankSpaceAnalyzer - INFO - -> Analyzing version 1.2.3-unstable.2 (513/2534)...
2025-11-06 01:55:30,514 - BlankSpaceAnalyzer - INFO - -> Analyzing version 1.2.3-unstable.3 (514/2534)...
2025-11-06 01:55:30,576 - BlankSpaceAnalyzer - INFO - -> Analyzing version 1.2.3-unstable.5 (515/2534)...
2025-11-06 01:55:30,649 - BlankSpaceAnalyzer - INFO - -> Analyzing version 1.2.3-unstable.6 (516/2534)...
2025-11-06 01:55:30,723 - BlankSpaceAnalyzer - INFO - -> Analyzing version 1.2.3-unstable.7 (517/2534)...
2025-11-06 01:55:30,796 - BlankSpaceAnalyzer - INFO - -> Analyzing version 1.2.3-unstable.8 (518/2534)...
2025-11-06 01:55:30,869 - BlankSpaceAnalyzer - INFO - -> Analyzing version 1.2.3-unstable.9 (519/2534)...
2025-11-06 01:55:30,942 - BlankSpaceAnalyzer - INFO - -> Analyzing version 1.2.4 (520/2534)...
2025-11-06 01:55:31,016 - BlankSpaceAnalyzer - INFO - -> Analyzing version 1.2.4-unstable.0 (521/2534)...
2025-11-06 01:55:31,090 - BlankSpaceAnalyzer - INFO - -> Analyzing version 1.2.4-unstable.1 (522/2534)...
2025-11-06 01:55:31,163 - BlankSpaceAnalyzer - INFO - -> Analyzing version 1.2.4-unstable.2 (523/2534)...
2025-11-06 01:55:31,236 - BlankSpaceAnalyzer - INFO - -> Analyzing version 1.2.4-unstable.3 (524/2534)...
2025-11-06 01:55:31,310 - BlankSpaceAnalyzer - INFO - -> Analyzing version 1.2.4-unstable.4 (525/2534)...
2025-11-06 01:55:31,384 - BlankSpaceAnalyzer - INFO - -> Analyzing version 1.2.4-unstable.5 (526/2534)...
2025-11-06 01:55:31,457 - BlankSpaceAnalyzer - INFO - -> Analyzing version 1.2.4-unstable.7 (527/2534)...
2025-11-06 01:55:31,530 - BlankSpaceAnalyzer - INFO - -> Analyzing version 1.2.5-unstable.0 (528/2534)...
2025-11-06 01:55:31,603 - BlankSpaceAnalyzer - INFO - -> Analyzing version 1.2.5-unstable.1 (529/2534)...
2025-11-06 01:55:31,678 - BlankSpaceAnalyzer - INFO - -> Analyzing version 1.2.5-unstable.10 (530/2534)...
2025-11-06 01:55:31,751 - BlankSpaceAnalyzer - INFO - -> Analyzing version 1.2.5-unstable.11 (531/2534)...
2025-11-06 01:55:31,825 - BlankSpaceAnalyzer - INFO - -> Analyzing version 1.2.5-unstable.12 (532/2534)...
2025-11-06 01:55:31,899 - BlankSpaceAnalyzer - INFO - -> Analyzing version 1.2.5-unstable.13 (533/2534)...
2025-11-06 01:55:31,973 - BlankSpaceAnalyzer - INFO - -> Analyzing version 1.2.5-unstable.2 (534/2534)...
2025-11-06 01:55:32,046 - BlankSpaceAnalyzer - INFO - -> Analyzing version 1.2.5-unstable.3 (535/2534)...
2025-11-06 01:55:32,120 - BlankSpaceAnalyzer - INFO - -> Analyzing version 1.2.5-unstable.4 (536/2534)...
2025-11-06 01:55:32,193 - BlankSpaceAnalyzer - INFO - -> Analyzing version 1.2.5-unstable.5 (537/2534)...
2025-11-06 01:55:32,267 - BlankSpaceAnalyzer - INFO - -> Analyzing version 1.2.5-unstable.6 (538/2534)...
2025-11-06 01:55:32,340 - BlankSpaceAnalyzer - INFO - -> Analyzing version 1.2.5-unstable.7 (539/2534)...
2025-11-06 01:55:32,413 - BlankSpaceAnalyzer - INFO - -> Analyzing version 1.2.5-unstable.8 (540/2534)...
2025-11-06 01:55:32,487 - BlankSpaceAnalyzer - INFO - -> Analyzing version 1.2.5-unstable.9 (541/2534)...
2025-11-06 01:55:32,560 - BlankSpaceAnalyzer - INFO - -> Analyzing version 1.3.1-ui-preview.10 (542/2534)...
2025-11-06 01:55:32,613 - BlankSpaceAnalyzer - INFO - -> Analyzing version 1.3.1-ui-preview.12 (543/2534)...
2025-11-06 01:55:32,665 - BlankSpaceAnalyzer - INFO - -> Analyzing version 1.3.1-ui-preview.18 (544/2534)...
2025-11-06 01:55:32,810 - BlankSpaceAnalyzer - INFO - -> Analyzing version 1.3.1-ui-preview.19 (545/2534)...
2025-11-06 01:55:32,935 - BlankSpaceAnalyzer - INFO - -> Analyzing version 1.3.1-ui-preview.20 (546/2534)...
2025-11-06 01:55:33,055 - BlankSpaceAnalyzer - INFO - -> Analyzing version 1.3.1-ui-preview.21 (547/2534)...
2025-11-06 01:55:33,192 - BlankSpaceAnalyzer - INFO - -> Analyzing version 1.3.1-ui-preview.22 (548/2534)...
2025-11-06 01:55:33,319 - BlankSpaceAnalyzer - INFO - -> Analyzing version 1.3.1-ui-preview.26 (549/2534)...
2025-11-06 01:55:33,456 - BlankSpaceAnalyzer - INFO - -> Analyzing version 1.3.1-ui-preview.27 (550/2534)...
2025-11-06 01:55:33,592 - BlankSpaceAnalyzer - INFO - -> Analyzing version 1.3.1-ui-preview.28 (551/2534)...
2025-11-06 01:55:33,717 - BlankSpaceAnalyzer - INFO - -> Analyzing version 1.3.1-ui-preview.3 (552/2534)...
2025-11-06 01:55:33,764 - BlankSpaceAnalyzer - INFO - -> Analyzing version 1.3.1-ui-preview.30 (553/2534)...
2025-11-06 01:55:33,904 - BlankSpaceAnalyzer - INFO - -> Analyzing version 1.3.1-ui-preview.31 (554/2534)...
2025-11-06 01:55:34,032 - BlankSpaceAnalyzer - INFO - -> Analyzing version 1.3.1-ui-preview.32 (555/2534)...
2025-11-06 01:55:34,164 - BlankSpaceAnalyzer - INFO - -> Analyzing version 1.3.1-ui-preview.34 (556/2534)...
2025-11-06 01:55:34,310 - BlankSpaceAnalyzer - INFO - -> Analyzing version 1.3.1-ui-preview.35 (557/2534)...
2025-11-06 01:55:34,438 - BlankSpaceAnalyzer - INFO - -> Analyzing version 1.3.1-ui-preview.36 (558/2534)...
2025-11-06 01:55:34,561 - BlankSpaceAnalyzer - INFO - -> Analyzing version 1.3.1-ui-preview.38 (559/2534)...
2025-11-06 01:55:34,687 - BlankSpaceAnalyzer - INFO - -> Analyzing version 1.3.1-ui-preview.39 (560/2534)...
2025-11-06 01:55:34,816 - BlankSpaceAnalyzer - INFO - -> Analyzing version 1.3.1-ui-preview.4 (561/2534)...
2025-11-06 01:55:34,864 - BlankSpaceAnalyzer - INFO - -> Analyzing version 1.3.1-ui-preview.40 (562/2534)...
2025-11-06 01:55:35,009 - BlankSpaceAnalyzer - INFO - -> Analyzing version 1.3.1-ui-preview.5 (563/2534)...
2025-11-06 01:55:35,058 - BlankSpaceAnalyzer - INFO - -> Analyzing version 1.3.1-ui-preview.54 (564/2534)...
2025-11-06 01:55:35,200 - BlankSpaceAnalyzer - INFO - -> Analyzing version 1.3.1-ui-preview.6 (565/2534)...
2025-11-06 01:55:35,253 - BlankSpaceAnalyzer - INFO - -> Analyzing version 1.3.1-ui-preview.7 (566/2534)...
2025-11-06 01:55:35,301 - BlankSpaceAnalyzer - INFO - -> Analyzing version 1.3.1-ui-preview.8 (567/2534)...
2025-11-06 01:55:35,351 - BlankSpaceAnalyzer - INFO - -> Analyzing version 1.3.1-ui-preview.9 (568/2534)...
2025-11-06 01:55:35,404 - BlankSpaceAnalyzer - INFO - -> Analyzing version 1.3.3 (569/2534)...
2025-11-06 01:55:35,477 - BlankSpaceAnalyzer - INFO - -> Analyzing version 2.0.0-preview.1 (570/2534)...
2025-11-06 01:55:35,522 - BlankSpaceAnalyzer - INFO - -> Analyzing version 2.1.0 (571/2534)...
2025-11-06 01:55:35,596 - BlankSpaceAnalyzer - INFO - -> Analyzing version 2.1.1-unstable.0 (572/2534)...
2025-11-06 01:55:35,670 - BlankSpaceAnalyzer - INFO - -> Analyzing version 2.1.1-unstable.10 (573/2534)...
2025-11-06 01:55:35,743 - BlankSpaceAnalyzer - INFO - -> Analyzing version 2.1.1-unstable.11 (574/2534)...
2025-11-06 01:55:35,817 - BlankSpaceAnalyzer - INFO - -> Analyzing version 2.1.1-unstable.4 (575/2534)...
2025-11-06 01:55:35,890 - BlankSpaceAnalyzer - INFO - -> Analyzing version 2.1.1-unstable.5 (576/2534)...
2025-11-06 01:55:35,964 - BlankSpaceAnalyzer - INFO - -> Analyzing version 2.1.1-unstable.6 (577/2534)...
2025-11-06 01:55:36,037 - BlankSpaceAnalyzer - INFO - -> Analyzing version 2.1.1-unstable.7 (578/2534)...
2025-11-06 01:55:36,110 - BlankSpaceAnalyzer - INFO - -> Analyzing version 2.1.1-unstable.8 (579/2534)...
2025-11-06 01:55:36,183 - BlankSpaceAnalyzer - INFO - -> Analyzing version 2.1.1-unstable.9 (580/2534)...
2025-11-06 01:55:36,258 - BlankSpaceAnalyzer - INFO - -> Analyzing version 2.2.0 (581/2534)...
2025-11-06 01:55:36,331 - BlankSpaceAnalyzer - INFO - -> Analyzing version 2.2.1 (582/2534)...
2025-11-06 01:55:36,405 - BlankSpaceAnalyzer - INFO - -> Analyzing version 2.2.1-unstable.0 (583/2534)...
2025-11-06 01:55:36,479 - BlankSpaceAnalyzer - INFO - -> Analyzing version 2.2.1-unstable.1 (584/2534)...
2025-11-06 01:55:36,553 - BlankSpaceAnalyzer - INFO - -> Analyzing version 2.2.1-unstable.10 (585/2534)...
2025-11-06 01:55:36,627 - BlankSpaceAnalyzer - INFO - -> Analyzing version 2.2.1-unstable.11 (586/2534)...
2025-11-06 01:55:36,700 - BlankSpaceAnalyzer - INFO - -> Analyzing version 2.2.1-unstable.12 (587/2534)...
2025-11-06 01:55:36,774 - BlankSpaceAnalyzer - INFO - -> Analyzing version 2.2.1-unstable.13 (588/2534)...
2025-11-06 01:55:36,848 - BlankSpaceAnalyzer - INFO - -> Analyzing version 2.2.1-unstable.14 (589/2534)...
2025-11-06 01:55:36,921 - BlankSpaceAnalyzer - INFO - -> Analyzing version 2.2.1-unstable.15 (590/2534)...
2025-11-06 01:55:36,995 - BlankSpaceAnalyzer - INFO - -> Analyzing version 2.2.1-unstable.16 (591/2534)...
2025-11-06 01:55:37,068 - BlankSpaceAnalyzer - INFO - -> Analyzing version 2.2.1-unstable.17 (592/2534)...
2025-11-06 01:55:37,142 - BlankSpaceAnalyzer - INFO - -> Analyzing version 2.2.1-unstable.18 (593/2534)...
2025-11-06 01:55:37,216 - BlankSpaceAnalyzer - INFO - -> Analyzing version 2.2.1-unstable.19 (594/2534)...
2025-11-06 01:55:37,289 - BlankSpaceAnalyzer - INFO - -> Analyzing version 2.2.1-unstable.2 (595/2534)...
2025-11-06 01:55:37,363 - BlankSpaceAnalyzer - INFO - -> Analyzing version 2.2.1-unstable.20 (596/2534)...
2025-11-06 01:55:37,436 - BlankSpaceAnalyzer - INFO - -> Analyzing version 2.2.1-unstable.21 (597/2534)...
2025-11-06 01:55:37,509 - BlankSpaceAnalyzer - INFO - -> Analyzing version 2.2.1-unstable.22 (598/2534)...
2025-11-06 01:55:37,582 - BlankSpaceAnalyzer - INFO - -> Analyzing version 2.2.1-unstable.23 (599/2534)...
2025-11-06 01:55:37,655 - BlankSpaceAnalyzer - INFO - -> Analyzing version 2.2.1-unstable.24 (600/2534)...
2025-11-06 01:55:37,730 - BlankSpaceAnalyzer - INFO - -> Analyzing version 2.2.1-unstable.25 (601/2534)...
2025-11-06 01:55:37,805 - BlankSpaceAnalyzer - INFO - -> Analyzing version 2.2.1-unstable.27 (602/2534)...
2025-11-06 01:55:37,879 - BlankSpaceAnalyzer - INFO - -> Analyzing version 2.2.1-unstable.3 (603/2534)...
2025-11-06 01:55:37,954 - BlankSpaceAnalyzer - INFO - -> Analyzing version 2.2.1-unstable.4 (604/2534)...
2025-11-06 01:55:38,027 - BlankSpaceAnalyzer - INFO - -> Analyzing version 2.2.1-unstable.5 (605/2534)...
2025-11-06 01:55:38,103 - BlankSpaceAnalyzer - INFO - -> Analyzing version 2.2.1-unstable.6 (606/2534)...
2025-11-06 01:55:38,176 - BlankSpaceAnalyzer - INFO - -> Analyzing version 2.2.1-unstable.7 (607/2534)...
2025-11-06 01:55:38,249 - BlankSpaceAnalyzer - INFO - -> Analyzing version 2.2.1-unstable.9 (608/2534)...
2025-11-06 01:55:38,322 - BlankSpaceAnalyzer - INFO - -> Analyzing version 2.2.2 (609/2534)...
2025-11-06 01:55:38,395 - BlankSpaceAnalyzer - INFO - -> Analyzing version 2.2.3-unstable.0 (610/2534)...
2025-11-06 01:55:38,470 - BlankSpaceAnalyzer - INFO - -> Analyzing version 2.2.3-unstable.1 (611/2534)...
2025-11-06 01:55:38,543 - BlankSpaceAnalyzer - INFO - -> Analyzing version 2.2.3-unstable.10 (612/2534)...
2025-11-06 01:55:38,643 - BlankSpaceAnalyzer - INFO - -> Analyzing version 2.2.3-unstable.11 (613/2534)...
2025-11-06 01:55:38,742 - BlankSpaceAnalyzer - INFO - -> Analyzing version 2.2.3-unstable.12 (614/2534)...
2025-11-06 01:55:38,843 - BlankSpaceAnalyzer - INFO - -> Analyzing version 2.2.3-unstable.13 (615/2534)...
2025-11-06 01:55:38,941 - BlankSpaceAnalyzer - INFO - -> Analyzing version 2.2.3-unstable.15 (616/2534)...
2025-11-06 01:55:39,031 - BlankSpaceAnalyzer - INFO - -> Analyzing version 2.2.3-unstable.16 (617/2534)...
2025-11-06 01:55:39,132 - BlankSpaceAnalyzer - INFO - -> Analyzing version 2.2.3-unstable.17 (618/2534)...
2025-11-06 01:55:39,233 - BlankSpaceAnalyzer - INFO - -> Analyzing version 2.2.3-unstable.2 (619/2534)...
2025-11-06 01:55:39,307 - BlankSpaceAnalyzer - INFO - -> Analyzing version 2.2.3-unstable.20 (620/2534)...
2025-11-06 01:55:39,407 - BlankSpaceAnalyzer - INFO - -> Analyzing version 2.2.3-unstable.21 (621/2534)...
2025-11-06 01:55:39,509 - BlankSpaceAnalyzer - INFO - -> Analyzing version 2.2.3-unstable.3 (622/2534)...
2025-11-06 01:55:39,582 - BlankSpaceAnalyzer - INFO - -> Analyzing version 2.2.3-unstable.4 (623/2534)...
2025-11-06 01:55:39,656 - BlankSpaceAnalyzer - INFO - -> Analyzing version 2.2.3-unstable.5 (624/2534)...
2025-11-06 01:55:39,730 - BlankSpaceAnalyzer - INFO - -> Analyzing version 2.2.3-unstable.6 (625/2534)...
2025-11-06 01:55:39,830 - BlankSpaceAnalyzer - INFO - -> Analyzing version 2.2.3-unstable.7 (626/2534)...
2025-11-06 01:55:39,930 - BlankSpaceAnalyzer - INFO - -> Analyzing version 2.2.3-unstable.8 (627/2534)...
2025-11-06 01:55:40,031 - BlankSpaceAnalyzer - INFO - -> Analyzing version 2.2.3-unstable.9 (628/2534)...
2025-11-06 01:55:40,132 - BlankSpaceAnalyzer - INFO - -> Analyzing version 2.2.4 (629/2534)...
2025-11-06 01:55:40,233 - BlankSpaceAnalyzer - INFO - -> Analyzing version 2.2.5 (630/2534)...
2025-11-06 01:55:40,335 - BlankSpaceAnalyzer - INFO - -> Analyzing version 2.2.5-rn-datastore.3 (631/2534)...
2025-11-06 01:55:40,422 - BlankSpaceAnalyzer - INFO - -> Analyzing version 2.2.5-rn-datastore.4 (632/2534)...
2025-11-06 01:55:40,523 - BlankSpaceAnalyzer - INFO - -> Analyzing version 2.2.5-rn-datastore.5 (633/2534)...
2025-11-06 01:55:40,624 - BlankSpaceAnalyzer - INFO - -> Analyzing version 2.2.5-rn-datastore.6 (634/2534)...
2025-11-06 01:55:40,724 - BlankSpaceAnalyzer - INFO - -> Analyzing version 2.2.5-unstable.1 (635/2534)...
2025-11-06 01:55:40,825 - BlankSpaceAnalyzer - INFO - -> Analyzing version 2.2.5-unstable.2 (636/2534)...
2025-11-06 01:55:40,925 - BlankSpaceAnalyzer - INFO - -> Analyzing version 2.2.5-unstable.3 (637/2534)...
2025-11-06 01:55:41,027 - BlankSpaceAnalyzer - INFO - -> Analyzing version 2.2.5-unstable.4 (638/2534)...
2025-11-06 01:55:41,127 - BlankSpaceAnalyzer - INFO - -> Analyzing version 2.2.6 (639/2534)...
2025-11-06 01:55:41,216 - BlankSpaceAnalyzer - INFO - -> Analyzing version 2.2.6-unstable.0 (640/2534)...
2025-11-06 01:55:41,317 - BlankSpaceAnalyzer - INFO - -> Analyzing version 2.2.6-unstable.1 (641/2534)...
2025-11-06 01:55:41,417 - BlankSpaceAnalyzer - INFO - -> Analyzing version 2.2.6-unstable.2 (642/2534)...
2025-11-06 01:55:41,519 - BlankSpaceAnalyzer - INFO - -> Analyzing version 2.2.6-unstable.3 (643/2534)...
2025-11-06 01:55:41,620 - BlankSpaceAnalyzer - INFO - -> Analyzing version 2.2.7 (644/2534)...
2025-11-06 01:55:41,711 - BlankSpaceAnalyzer - INFO - -> Analyzing version 2.2.7-PR-5187.36 (645/2534)...
2025-11-06 01:55:41,838 - BlankSpaceAnalyzer - INFO - -> Analyzing version 2.2.7-unstable.0 (646/2534)...
2025-11-06 01:55:41,924 - BlankSpaceAnalyzer - INFO - -> Analyzing version 2.2.7-unstable.1 (647/2534)...
2025-11-06 01:55:42,026 - BlankSpaceAnalyzer - INFO - -> Analyzing version 2.2.7-unstable.10 (648/2534)...
2025-11-06 01:55:42,126 - BlankSpaceAnalyzer - INFO - -> Analyzing version 2.2.7-unstable.11 (649/2534)...
2025-11-06 01:55:42,226 - BlankSpaceAnalyzer - INFO - -> Analyzing version 2.2.7-unstable.12 (650/2534)...
2025-11-06 01:55:42,327 - BlankSpaceAnalyzer - INFO - -> Analyzing version 2.2.7-unstable.14 (651/2534)...
2025-11-06 01:55:42,428 - BlankSpaceAnalyzer - INFO - -> Analyzing version 2.2.7-unstable.15 (652/2534)...
2025-11-06 01:55:42,528 - BlankSpaceAnalyzer - INFO - -> Analyzing version 2.2.7-unstable.2 (653/2534)...
2025-11-06 01:55:42,615 - BlankSpaceAnalyzer - INFO - -> Analyzing version 2.2.7-unstable.3 (654/2534)...
2025-11-06 01:55:42,715 - BlankSpaceAnalyzer - INFO - -> Analyzing version 2.2.7-unstable.4 (655/2534)...
2025-11-06 01:55:42,816 - BlankSpaceAnalyzer - INFO - -> Analyzing version 2.2.7-unstable.5 (656/2534)...
2025-11-06 01:55:42,916 - BlankSpaceAnalyzer - INFO - -> Analyzing version 2.2.7-unstable.6 (657/2534)...
2025-11-06 01:55:43,017 - BlankSpaceAnalyzer - INFO - -> Analyzing version 2.2.7-unstable.7 (658/2534)...
2025-11-06 01:55:43,118 - BlankSpaceAnalyzer - INFO - -> Analyzing version 2.2.7-unstable.8 (659/2534)...
2025-11-06 01:55:43,219 - BlankSpaceAnalyzer - INFO - -> Analyzing version 2.2.7-unstable.9 (660/2534)...
2025-11-06 01:55:43,320 - BlankSpaceAnalyzer - INFO - -> Analyzing version 2.2.8-unstable.0 (661/2534)...
2025-11-06 01:55:43,420 - BlankSpaceAnalyzer - INFO - -> Analyzing version 2.2.8-unstable.1 (662/2534)...
2025-11-06 01:55:43,521 - BlankSpaceAnalyzer - INFO - -> Analyzing version 2.2.8-unstable.2 (663/2534)...
2025-11-06 01:55:43,622 - BlankSpaceAnalyzer - INFO - -> Analyzing version 2.2.8-unstable.3 (664/2534)...
2025-11-06 01:55:43,726 - BlankSpaceAnalyzer - INFO - -> Analyzing version 2.2.8-unstable.4 (665/2534)...
2025-11-06 01:55:43,819 - BlankSpaceAnalyzer - INFO - -> Analyzing version 2.2.8-unstable.5 (666/2534)...
2025-11-06 01:55:43,923 - BlankSpaceAnalyzer - INFO - -> Analyzing version 2.2.8-unstable.6 (667/2534)...
2025-11-06 01:55:44,027 - BlankSpaceAnalyzer - INFO - -> Analyzing version 2.2.8-unstable.7 (668/2534)...
2025-11-06 01:55:44,131 - BlankSpaceAnalyzer - INFO - -> Analyzing version 2.3.0 (669/2534)...
2025-11-06 01:55:44,236 - BlankSpaceAnalyzer - INFO - -> Analyzing version 3.0.1 (670/2534)...
2025-11-06 01:55:44,382 - BlankSpaceAnalyzer - INFO - -> Analyzing version 3.0.1-preview.0 (671/2534)...
2025-11-06 01:55:44,512 - BlankSpaceAnalyzer - INFO - -> Analyzing version 3.0.10 (672/2534)...
2025-11-06 01:55:44,640 - BlankSpaceAnalyzer - INFO - -> Analyzing version 3.0.10-unstable.0 (673/2534)...
2025-11-06 01:55:44,766 - BlankSpaceAnalyzer - INFO - -> Analyzing version 3.0.10-unstable.1 (674/2534)...
2025-11-06 01:55:44,896 - BlankSpaceAnalyzer - INFO - -> Analyzing version 3.0.10-unstable.10 (675/2534)...
2025-11-06 01:55:45,028 - BlankSpaceAnalyzer - INFO - -> Analyzing version 3.0.10-unstable.12 (676/2534)...
2025-11-06 01:55:45,170 - BlankSpaceAnalyzer - INFO - -> Analyzing version 3.0.10-unstable.13 (677/2534)...
2025-11-06 01:55:45,319 - BlankSpaceAnalyzer - INFO - -> Analyzing version 3.0.10-unstable.14 (678/2534)...
2025-11-06 01:55:45,448 - BlankSpaceAnalyzer - INFO - -> Analyzing version 3.0.10-unstable.15 (679/2534)...
2025-11-06 01:55:45,578 - BlankSpaceAnalyzer - INFO - -> Analyzing version 3.0.10-unstable.16 (680/2534)...
2025-11-06 01:55:45,722 - BlankSpaceAnalyzer - INFO - -> Analyzing version 3.0.10-unstable.17 (681/2534)...
2025-11-06 01:55:45,849 - BlankSpaceAnalyzer - INFO - -> Analyzing version 3.0.10-unstable.18 (682/2534)...
2025-11-06 01:55:45,988 - BlankSpaceAnalyzer - INFO - -> Analyzing version 3.0.10-unstable.19 (683/2534)...
2025-11-06 01:55:46,122 - BlankSpaceAnalyzer - INFO - -> Analyzing version 3.0.10-unstable.2 (684/2534)...
2025-11-06 01:55:46,249 - BlankSpaceAnalyzer - INFO - -> Analyzing version 3.0.10-unstable.20 (685/2534)...
2025-11-06 01:55:46,393 - BlankSpaceAnalyzer - INFO - -> Analyzing version 3.0.10-unstable.22 (686/2534)...
2025-11-06 01:55:46,527 - BlankSpaceAnalyzer - INFO - -> Analyzing version 3.0.10-unstable.4 (687/2534)...
2025-11-06 01:55:46,665 - BlankSpaceAnalyzer - INFO - -> Analyzing version 3.0.10-unstable.6 (688/2534)...
2025-11-06 01:55:46,819 - BlankSpaceAnalyzer - INFO - -> Analyzing version 3.0.10-unstable.7 (689/2534)...
2025-11-06 01:55:46,954 - BlankSpaceAnalyzer - INFO - -> Analyzing version 3.0.10-unstable.8 (690/2534)...
2025-11-06 01:55:47,084 - BlankSpaceAnalyzer - INFO - -> Analyzing version 3.0.11 (691/2534)...
2025-11-06 01:55:47,249 - BlankSpaceAnalyzer - INFO - -> Analyzing version 3.0.11-unstable.1 (692/2534)...
2025-11-06 01:55:47,381 - BlankSpaceAnalyzer - INFO - -> Analyzing version 3.0.11-unstable.10 (693/2534)...
2025-11-06 01:55:47,510 - BlankSpaceAnalyzer - INFO - -> Analyzing version 3.0.11-unstable.11 (694/2534)...
2025-11-06 01:55:47,640 - BlankSpaceAnalyzer - INFO - -> Analyzing version 3.0.11-unstable.12 (695/2534)...
2025-11-06 01:55:47,782 - BlankSpaceAnalyzer - INFO - -> Analyzing version 3.0.11-unstable.13 (696/2534)...
2025-11-06 01:55:47,932 - BlankSpaceAnalyzer - INFO - -> Analyzing version 3.0.11-unstable.14 (697/2534)...
2025-11-06 01:55:48,065 - BlankSpaceAnalyzer - INFO - -> Analyzing version 3.0.11-unstable.15 (698/2534)...
2025-11-06 01:55:48,202 - BlankSpaceAnalyzer - INFO - -> Analyzing version 3.0.11-unstable.16 (699/2534)...
2025-11-06 01:55:48,329 - BlankSpaceAnalyzer - INFO - -> Analyzing version 3.0.11-unstable.17 (700/2534)...
2025-11-06 01:55:48,466 - BlankSpaceAnalyzer - INFO - -> Analyzing version 3.0.11-unstable.18 (701/2534)...
2025-11-06 01:55:48,616 - BlankSpaceAnalyzer - INFO - -> Analyzing version 3.0.11-unstable.19 (702/2534)...
2025-11-06 01:55:48,744 - BlankSpaceAnalyzer - INFO - -> Analyzing version 3.0.11-unstable.2 (703/2534)...
2025-11-06 01:55:48,884 - BlankSpaceAnalyzer - INFO - -> Analyzing version 3.0.11-unstable.20 (704/2534)...
2025-11-06 01:55:49,035 - BlankSpaceAnalyzer - INFO - -> Analyzing version 3.0.11-unstable.21 (705/2534)...
2025-11-06 01:55:49,169 - BlankSpaceAnalyzer - INFO - -> Analyzing version 3.0.11-unstable.22 (706/2534)...
2025-11-06 01:55:49,319 - BlankSpaceAnalyzer - INFO - -> Analyzing version 3.0.11-unstable.23 (707/2534)...
2025-11-06 01:55:49,450 - BlankSpaceAnalyzer - INFO - -> Analyzing version 3.0.11-unstable.24 (708/2534)...
2025-11-06 01:55:49,588 - BlankSpaceAnalyzer - INFO - -> Analyzing version 3.0.11-unstable.25 (709/2534)...
2025-11-06 01:55:49,722 - BlankSpaceAnalyzer - INFO - -> Analyzing version 3.0.11-unstable.32 (710/2534)...
2025-11-06 01:55:49,870 - BlankSpaceAnalyzer - INFO - -> Analyzing version 3.0.11-unstable.33 (711/2534)...
2025-11-06 01:55:50,021 - BlankSpaceAnalyzer - INFO - -> Analyzing version 3.0.11-unstable.34 (712/2534)...
2025-11-06 01:55:50,152 - BlankSpaceAnalyzer - INFO - -> Analyzing version 3.0.11-unstable.35 (713/2534)...
2025-11-06 01:55:50,289 - BlankSpaceAnalyzer - INFO - -> Analyzing version 3.0.11-unstable.36 (714/2534)...
2025-11-06 01:55:50,422 - BlankSpaceAnalyzer - INFO - -> Analyzing version 3.0.11-unstable.38 (715/2534)...
2025-11-06 01:55:50,565 - BlankSpaceAnalyzer - INFO - -> Analyzing version 3.0.11-unstable.4 (716/2534)...
2025-11-06 01:55:50,694 - BlankSpaceAnalyzer - INFO - -> Analyzing version 3.0.11-unstable.40 (717/2534)...
2025-11-06 01:55:50,821 - BlankSpaceAnalyzer - INFO - -> Analyzing version 3.0.11-unstable.6 (718/2534)...
2025-11-06 01:55:50,964 - BlankSpaceAnalyzer - INFO - -> Analyzing version 3.0.11-unstable.7 (719/2534)...
2025-11-06 01:55:51,091 - BlankSpaceAnalyzer - INFO - -> Analyzing version 3.0.11-unstable.8 (720/2534)...
2025-11-06 01:55:51,222 - BlankSpaceAnalyzer - INFO - -> Analyzing version 3.0.11-unstable.9 (721/2534)...
2025-11-06 01:55:51,350 - BlankSpaceAnalyzer - INFO - -> Analyzing version 3.0.12 (722/2534)...
2025-11-06 01:55:51,516 - BlankSpaceAnalyzer - INFO - -> Analyzing version 3.0.12-unstable.1 (723/2534)...
2025-11-06 01:55:51,644 - BlankSpaceAnalyzer - INFO - -> Analyzing version 3.0.12-unstable.10 (724/2534)...
2025-11-06 01:55:51,780 - BlankSpaceAnalyzer - INFO - -> Analyzing version 3.0.12-unstable.11 (725/2534)...
2025-11-06 01:55:51,921 - BlankSpaceAnalyzer - INFO - -> Analyzing version 3.0.12-unstable.12 (726/2534)...
2025-11-06 01:55:52,050 - BlankSpaceAnalyzer - INFO - -> Analyzing version 3.0.12-unstable.13 (727/2534)...
2025-11-06 01:55:52,179 - BlankSpaceAnalyzer - INFO - -> Analyzing version 3.0.12-unstable.14 (728/2534)...
2025-11-06 01:55:52,305 - BlankSpaceAnalyzer - INFO - -> Analyzing version 3.0.12-unstable.15 (729/2534)...
2025-11-06 01:55:52,431 - BlankSpaceAnalyzer - INFO - -> Analyzing version 3.0.12-unstable.2 (730/2534)...
2025-11-06 01:55:52,561 - BlankSpaceAnalyzer - INFO - -> Analyzing version 3.0.12-unstable.3 (731/2534)...
2025-11-06 01:55:52,691 - BlankSpaceAnalyzer - INFO - -> Analyzing version 3.0.12-unstable.4 (732/2534)...
2025-11-06 01:55:52,819 - BlankSpaceAnalyzer - INFO - -> Analyzing version 3.0.12-unstable.5 (733/2534)...
2025-11-06 01:55:52,946 - BlankSpaceAnalyzer - INFO - -> Analyzing version 3.0.12-unstable.7 (734/2534)...
2025-11-06 01:55:53,084 - BlankSpaceAnalyzer - INFO - -> Analyzing version 3.0.12-unstable.8 (735/2534)...
2025-11-06 01:55:53,219 - BlankSpaceAnalyzer - INFO - -> Analyzing version 3.0.12-unstable.9 (736/2534)...
2025-11-06 01:55:53,349 - BlankSpaceAnalyzer - INFO - -> Analyzing version 3.0.13 (737/2534)...
2025-11-06 01:55:53,488 - BlankSpaceAnalyzer - INFO - -> Analyzing version 3.0.13-unstable.1 (738/2534)...
2025-11-06 01:55:53,622 - BlankSpaceAnalyzer - INFO - -> Analyzing version 3.0.14 (739/2534)...
2025-11-06 01:55:53,748 - BlankSpaceAnalyzer - INFO - -> Analyzing version 3.0.14-unstable.1 (740/2534)...
2025-11-06 01:55:53,875 - BlankSpaceAnalyzer - INFO - -> Analyzing version 3.0.14-unstable.2 (741/2534)...
2025-11-06 01:55:54,017 - BlankSpaceAnalyzer - INFO - -> Analyzing version 3.0.14-unstable.3 (742/2534)...
2025-11-06 01:55:54,148 - BlankSpaceAnalyzer - INFO - -> Analyzing version 3.0.14-unstable.4 (743/2534)...
2025-11-06 01:55:54,298 - BlankSpaceAnalyzer - INFO - -> Analyzing version 3.0.14-unstable.5 (744/2534)...
2025-11-06 01:55:54,428 - BlankSpaceAnalyzer - INFO - -> Analyzing version 3.0.14-unstable.6 (745/2534)...
2025-11-06 01:55:54,560 - BlankSpaceAnalyzer - INFO - -> Analyzing version 3.0.14-unstable.7 (746/2534)...
2025-11-06 01:55:54,709 - BlankSpaceAnalyzer - INFO - -> Analyzing version 3.0.15 (747/2534)...
2025-11-06 01:55:54,844 - BlankSpaceAnalyzer - INFO - -> Analyzing version 3.0.15-unstable.1 (748/2534)...
2025-11-06 01:55:54,995 - BlankSpaceAnalyzer - INFO - -> Analyzing version 3.0.15-unstable.2 (749/2534)...
2025-11-06 01:55:55,125 - BlankSpaceAnalyzer - INFO - -> Analyzing version 3.0.15-unstable.3 (750/2534)...
2025-11-06 01:55:55,277 - BlankSpaceAnalyzer - INFO - -> Analyzing version 3.0.15-unstable.4 (751/2534)...
2025-11-06 01:55:55,425 - BlankSpaceAnalyzer - INFO - -> Analyzing version 3.0.16 (752/2534)...
2025-11-06 01:55:55,552 - BlankSpaceAnalyzer - INFO - -> Analyzing version 3.0.16-unstable.1 (753/2534)...
2025-11-06 01:55:55,690 - BlankSpaceAnalyzer - INFO - -> Analyzing version 3.0.17 (754/2534)...
2025-11-06 01:55:55,821 - BlankSpaceAnalyzer - INFO - -> Analyzing version 3.0.17-unstable.1 (755/2534)...
2025-11-06 01:55:55,964 - BlankSpaceAnalyzer - INFO - -> Analyzing version 3.0.17-unstable.2 (756/2534)...
2025-11-06 01:55:56,109 - BlankSpaceAnalyzer - INFO - -> Analyzing version 3.0.17-unstable.3 (757/2534)...
2025-11-06 01:55:56,243 - BlankSpaceAnalyzer - INFO - -> Analyzing version 3.0.17-unstable.4 (758/2534)...
2025-11-06 01:55:56,382 - BlankSpaceAnalyzer - INFO - -> Analyzing version 3.0.17-unstable.5 (759/2534)...
2025-11-06 01:55:56,526 - BlankSpaceAnalyzer - INFO - -> Analyzing version 3.0.17-unstable.7 (760/2534)...
2025-11-06 01:55:56,661 - BlankSpaceAnalyzer - INFO - -> Analyzing version 3.0.18 (761/2534)...
2025-11-06 01:55:56,810 - BlankSpaceAnalyzer - INFO - -> Analyzing version 3.0.18-preview.46 (762/2534)...
2025-11-06 01:55:56,944 - BlankSpaceAnalyzer - INFO - -> Analyzing version 3.0.18-unstable.10 (763/2534)...
2025-11-06 01:55:57,081 - BlankSpaceAnalyzer - INFO - -> Analyzing version 3.0.18-unstable.11 (764/2534)...
2025-11-06 01:55:57,217 - BlankSpaceAnalyzer - INFO - -> Analyzing version 3.0.18-unstable.12 (765/2534)...
2025-11-06 01:55:57,346 - BlankSpaceAnalyzer - INFO - -> Analyzing version 3.0.18-unstable.13 (766/2534)...
2025-11-06 01:55:57,474 - BlankSpaceAnalyzer - INFO - -> Analyzing version 3.0.18-unstable.15 (767/2534)...
2025-11-06 01:55:57,600 - BlankSpaceAnalyzer - INFO - -> Analyzing version 3.0.18-unstable.16 (768/2534)...
2025-11-06 01:55:57,729 - BlankSpaceAnalyzer - INFO - -> Analyzing version 3.0.18-unstable.2 (769/2534)...
2025-11-06 01:55:57,861 - BlankSpaceAnalyzer - INFO - -> Analyzing version 3.0.18-unstable.3 (770/2534)...
2025-11-06 01:55:57,997 - BlankSpaceAnalyzer - INFO - -> Analyzing version 3.0.18-unstable.4 (771/2534)...
2025-11-06 01:55:58,124 - BlankSpaceAnalyzer - INFO - -> Analyzing version 3.0.18-unstable.5 (772/2534)...
2025-11-06 01:55:58,250 - BlankSpaceAnalyzer - INFO - -> Analyzing version 3.0.18-unstable.6 (773/2534)...
2025-11-06 01:55:58,391 - BlankSpaceAnalyzer - INFO - -> Analyzing version 3.0.18-unstable.8 (774/2534)...
2025-11-06 01:55:58,522 - BlankSpaceAnalyzer - INFO - -> Analyzing version 3.0.18-unstable.9 (775/2534)...
2025-11-06 01:55:58,663 - BlankSpaceAnalyzer - INFO - -> Analyzing version 3.0.19 (776/2534)...
2025-11-06 01:55:58,794 - BlankSpaceAnalyzer - INFO - -> Analyzing version 3.0.19-unstable.1 (777/2534)...
2025-11-06 01:55:58,919 - BlankSpaceAnalyzer - INFO - -> Analyzing version 3.0.19-unstable.11 (778/2534)...
2025-11-06 01:55:59,054 - BlankSpaceAnalyzer - INFO - -> Analyzing version 3.0.19-unstable.12 (779/2534)...
2025-11-06 01:55:59,190 - BlankSpaceAnalyzer - INFO - -> Analyzing version 3.0.19-unstable.2 (780/2534)...
2025-11-06 01:55:59,335 - BlankSpaceAnalyzer - INFO - -> Analyzing version 3.0.19-unstable.3 (781/2534)...
2025-11-06 01:55:59,468 - BlankSpaceAnalyzer - INFO - -> Analyzing version 3.0.19-unstable.4 (782/2534)...
2025-11-06 01:55:59,617 - BlankSpaceAnalyzer - INFO - -> Analyzing version 3.0.19-unstable.5 (783/2534)...
2025-11-06 01:55:59,745 - BlankSpaceAnalyzer - INFO - -> Analyzing version 3.0.19-unstable.6 (784/2534)...
2025-11-06 01:55:59,872 - BlankSpaceAnalyzer - INFO - -> Analyzing version 3.0.19-unstable.8 (785/2534)...
2025-11-06 01:56:00,014 - BlankSpaceAnalyzer - INFO - -> Analyzing version 3.0.2-preview.2 (786/2534)...
2025-11-06 01:56:00,144 - BlankSpaceAnalyzer - INFO - -> Analyzing version 3.0.2-unstable.2 (787/2534)...
2025-11-06 01:56:00,274 - BlankSpaceAnalyzer - INFO - -> Analyzing version 3.0.20 (788/2534)...
2025-11-06 01:56:00,412 - BlankSpaceAnalyzer - INFO - -> Analyzing version 3.0.20-unstable.1 (789/2534)...
2025-11-06 01:56:00,539 - BlankSpaceAnalyzer - INFO - -> Analyzing version 3.0.20-unstable.3 (790/2534)...
2025-11-06 01:56:00,673 - BlankSpaceAnalyzer - INFO - -> Analyzing version 3.0.20-unstable.4 (791/2534)...
2025-11-06 01:56:00,823 - BlankSpaceAnalyzer - INFO - -> Analyzing version 3.0.20-unstable.5 (792/2534)...
2025-11-06 01:56:00,949 - BlankSpaceAnalyzer - INFO - -> Analyzing version 3.0.20-unstable.6 (793/2534)...
2025-11-06 01:56:01,086 - BlankSpaceAnalyzer - INFO - -> Analyzing version 3.0.21 (794/2534)...
2025-11-06 01:56:01,221 - BlankSpaceAnalyzer - INFO - -> Analyzing version 3.0.21-unstable.1 (795/2534)...
2025-11-06 01:56:01,356 - BlankSpaceAnalyzer - INFO - -> Analyzing version 3.0.21-unstable.10 (796/2534)...
2025-11-06 01:56:01,505 - BlankSpaceAnalyzer - INFO - -> Analyzing version 3.0.21-unstable.11 (797/2534)...
2025-11-06 01:56:01,636 - BlankSpaceAnalyzer - INFO - -> Analyzing version 3.0.21-unstable.12 (798/2534)...
2025-11-06 01:56:01,776 - BlankSpaceAnalyzer - INFO - -> Analyzing version 3.0.21-unstable.13 (799/2534)...
2025-11-06 01:56:01,926 - BlankSpaceAnalyzer - INFO - -> Analyzing version 3.0.21-unstable.14 (800/2534)...
2025-11-06 01:56:02,062 - BlankSpaceAnalyzer - INFO - -> Analyzing version 3.0.21-unstable.15 (801/2534)...
2025-11-06 01:56:02,212 - BlankSpaceAnalyzer - INFO - -> Analyzing version 3.0.21-unstable.16 (802/2534)...
2025-11-06 01:56:02,345 - BlankSpaceAnalyzer - INFO - -> Analyzing version 3.0.21-unstable.2 (803/2534)...
2025-11-06 01:56:02,495 - BlankSpaceAnalyzer - INFO - -> Analyzing version 3.0.21-unstable.3 (804/2534)...
2025-11-06 01:56:02,626 - BlankSpaceAnalyzer - INFO - -> Analyzing version 3.0.21-unstable.4 (805/2534)...
2025-11-06 01:56:02,776 - BlankSpaceAnalyzer - INFO - -> Analyzing version 3.0.21-unstable.5 (806/2534)...
2025-11-06 01:56:02,910 - BlankSpaceAnalyzer - INFO - -> Analyzing version 3.0.21-unstable.6 (807/2534)...
2025-11-06 01:56:03,040 - BlankSpaceAnalyzer - INFO - -> Analyzing version 3.0.21-unstable.7 (808/2534)...
2025-11-06 01:56:03,166 - BlankSpaceAnalyzer - INFO - -> Analyzing version 3.0.21-unstable.8 (809/2534)...
2025-11-06 01:56:03,309 - BlankSpaceAnalyzer - INFO - -> Analyzing version 3.0.21-unstable.9 (810/2534)...
2025-11-06 01:56:03,443 - BlankSpaceAnalyzer - INFO - -> Analyzing version 3.0.22 (811/2534)...
2025-11-06 01:56:03,580 - BlankSpaceAnalyzer - INFO - -> Analyzing version 3.0.22-unstable.1 (812/2534)...
2025-11-06 01:56:03,728 - BlankSpaceAnalyzer - INFO - -> Analyzing version 3.0.22-unstable.3 (813/2534)...
2025-11-06 01:56:03,860 - BlankSpaceAnalyzer - INFO - -> Analyzing version 3.0.22-unstable.4 (814/2534)...
2025-11-06 01:56:03,997 - BlankSpaceAnalyzer - INFO - -> Analyzing version 3.0.22-unstable.7 (815/2534)...
2025-11-06 01:56:04,126 - BlankSpaceAnalyzer - INFO - -> Analyzing version 3.0.23 (816/2534)...
2025-11-06 01:56:04,262 - BlankSpaceAnalyzer - INFO - -> Analyzing version 3.0.23-unstable.1 (817/2534)...
2025-11-06 01:56:04,399 - BlankSpaceAnalyzer - INFO - -> Analyzing version 3.0.23-unstable.2 (818/2534)...
2025-11-06 01:56:04,529 - BlankSpaceAnalyzer - INFO - -> Analyzing version 3.0.23-unstable.3 (819/2534)...
2025-11-06 01:56:04,661 - BlankSpaceAnalyzer - INFO - -> Analyzing version 3.0.23-unstable.4 (820/2534)...
2025-11-06 01:56:04,797 - BlankSpaceAnalyzer - INFO - -> Analyzing version 3.0.23-unstable.6 (821/2534)...
2025-11-06 01:56:04,927 - BlankSpaceAnalyzer - INFO - -> Analyzing version 3.0.23-unstable.7 (822/2534)...
2025-11-06 01:56:05,065 - BlankSpaceAnalyzer - INFO - -> Analyzing version 3.0.23-unstable.8 (823/2534)...
2025-11-06 01:56:05,214 - BlankSpaceAnalyzer - INFO - -> Analyzing version 3.0.23-unstable.9 (824/2534)...
2025-11-06 01:56:05,345 - BlankSpaceAnalyzer - INFO - -> Analyzing version 3.0.24 (825/2534)...
2025-11-06 01:56:05,487 - BlankSpaceAnalyzer - INFO - -> Analyzing version 3.0.24-unstable.10 (826/2534)...
2025-11-06 01:56:05,620 - BlankSpaceAnalyzer - INFO - -> Analyzing version 3.0.24-unstable.11 (827/2534)...
2025-11-06 01:56:05,749 - BlankSpaceAnalyzer - INFO - -> Analyzing version 3.0.24-unstable.2 (828/2534)...
2025-11-06 01:56:05,876 - BlankSpaceAnalyzer - INFO - -> Analyzing version 3.0.24-unstable.3 (829/2534)...
2025-11-06 01:56:06,019 - BlankSpaceAnalyzer - INFO - -> Analyzing version 3.0.24-unstable.4 (830/2534)...
2025-11-06 01:56:06,149 - BlankSpaceAnalyzer - INFO - -> Analyzing version 3.0.24-unstable.5 (831/2534)...
2025-11-06 01:56:06,291 - BlankSpaceAnalyzer - INFO - -> Analyzing version 3.0.24-unstable.6 (832/2534)...
2025-11-06 01:56:06,426 - BlankSpaceAnalyzer - INFO - -> Analyzing version 3.0.24-unstable.7 (833/2534)...
2025-11-06 01:56:06,576 - BlankSpaceAnalyzer - INFO - -> Analyzing version 3.0.24-unstable.8 (834/2534)...
2025-11-06 01:56:06,726 - BlankSpaceAnalyzer - INFO - -> Analyzing version 3.0.24-unstable.9 (835/2534)...
2025-11-06 01:56:06,858 - BlankSpaceAnalyzer - INFO - -> Analyzing version 3.0.25 (836/2534)...
2025-11-06 01:56:06,992 - BlankSpaceAnalyzer - INFO - -> Analyzing version 3.0.25-ui-preview.11 (837/2534)...
2025-11-06 01:56:07,116 - BlankSpaceAnalyzer - INFO - -> Analyzing version 3.0.25-ui-preview.14 (838/2534)...
2025-11-06 01:56:07,241 - BlankSpaceAnalyzer - INFO - -> Analyzing version 3.0.25-ui-preview.15 (839/2534)...
2025-11-06 01:56:07,376 - BlankSpaceAnalyzer - INFO - -> Analyzing version 3.0.25-ui-preview.16 (840/2534)...
2025-11-06 01:56:07,526 - BlankSpaceAnalyzer - INFO - -> Analyzing version 3.0.25-ui-preview.22 (841/2534)...
2025-11-06 01:56:07,655 - BlankSpaceAnalyzer - INFO - -> Analyzing version 3.0.25-ui-preview.26 (842/2534)...
2025-11-06 01:56:07,797 - BlankSpaceAnalyzer - INFO - -> Analyzing version 3.0.25-ui-preview.31 (843/2534)...
2025-11-06 01:56:07,953 - BlankSpaceAnalyzer - INFO - -> Analyzing version 3.0.25-ui-preview.34 (844/2534)...
2025-11-06 01:56:08,102 - BlankSpaceAnalyzer - INFO - -> Analyzing version 3.0.25-ui-preview.35 (845/2534)...
2025-11-06 01:56:08,260 - BlankSpaceAnalyzer - INFO - -> Analyzing version 3.0.25-ui-preview.9 (846/2534)...
2025-11-06 01:56:08,385 - BlankSpaceAnalyzer - INFO - -> Analyzing version 3.0.25-unstable.1 (847/2534)...
2025-11-06 01:56:08,530 - BlankSpaceAnalyzer - INFO - -> Analyzing version 3.0.25-unstable.10 (848/2534)...
2025-11-06 01:56:08,660 - BlankSpaceAnalyzer - INFO - -> Analyzing version 3.0.25-unstable.13 (849/2534)...
2025-11-06 01:56:08,786 - BlankSpaceAnalyzer - INFO - -> Analyzing version 3.0.25-unstable.14 (850/2534)...
2025-11-06 01:56:08,911 - BlankSpaceAnalyzer - INFO - -> Analyzing version 3.0.25-unstable.16 (851/2534)...
2025-11-06 01:56:09,038 - BlankSpaceAnalyzer - INFO - -> Analyzing version 3.0.25-unstable.17 (852/2534)...
2025-11-06 01:56:09,175 - BlankSpaceAnalyzer - INFO - -> Analyzing version 3.0.25-unstable.2 (853/2534)...
2025-11-06 01:56:09,318 - BlankSpaceAnalyzer - INFO - -> Analyzing version 3.0.25-unstable.3 (854/2534)...
2025-11-06 01:56:09,448 - BlankSpaceAnalyzer - INFO - -> Analyzing version 3.0.25-unstable.4 (855/2534)...
2025-11-06 01:56:09,575 - BlankSpaceAnalyzer - INFO - -> Analyzing version 3.0.25-unstable.5 (856/2534)...
2025-11-06 01:56:09,705 - BlankSpaceAnalyzer - INFO - -> Analyzing version 3.0.25-unstable.6 (857/2534)...
2025-11-06 01:56:09,829 - BlankSpaceAnalyzer - INFO - -> Analyzing version 3.0.25-unstable.7 (858/2534)...
2025-11-06 01:56:09,963 - BlankSpaceAnalyzer - INFO - -> Analyzing version 3.0.25-unstable.8 (859/2534)...
2025-11-06 01:56:10,098 - BlankSpaceAnalyzer - INFO - -> Analyzing version 3.0.26-unstable.1 (860/2534)...
2025-11-06 01:56:10,225 - BlankSpaceAnalyzer - INFO - -> Analyzing version 3.0.26-unstable.2 (861/2534)...
2025-11-06 01:56:10,358 - BlankSpaceAnalyzer - INFO - -> Analyzing version 3.0.26-unstable.3 (862/2534)...
2025-11-06 01:56:10,494 - BlankSpaceAnalyzer - INFO - -> Analyzing version 3.0.3 (863/2534)...
2025-11-06 01:56:10,617 - BlankSpaceAnalyzer - INFO - -> Analyzing version 3.0.4 (864/2534)...
2025-11-06 01:56:10,745 - BlankSpaceAnalyzer - INFO - -> Analyzing version 3.0.4-unstable.1 (865/2534)...
2025-11-06 01:56:10,868 - BlankSpaceAnalyzer - INFO - -> Analyzing version 3.0.4-unstable.2 (866/2534)...
2025-11-06 01:56:11,006 - BlankSpaceAnalyzer - INFO - -> Analyzing version 3.0.5 (867/2534)...
2025-11-06 01:56:11,140 - BlankSpaceAnalyzer - INFO - -> Analyzing version 3.0.5-unstable.0 (868/2534)...
2025-11-06 01:56:11,277 - BlankSpaceAnalyzer - INFO - -> Analyzing version 3.0.5-unstable.1 (869/2534)...
2025-11-06 01:56:11,416 - BlankSpaceAnalyzer - INFO - -> Analyzing version 3.0.5-unstable.11 (870/2534)...
2025-11-06 01:56:11,542 - BlankSpaceAnalyzer - INFO - -> Analyzing version 3.0.5-unstable.2 (871/2534)...
2025-11-06 01:56:11,674 - BlankSpaceAnalyzer - INFO - -> Analyzing version 3.0.5-unstable.3 (872/2534)...
2025-11-06 01:56:11,820 - BlankSpaceAnalyzer - INFO - -> Analyzing version 3.0.5-unstable.4 (873/2534)...
2025-11-06 01:56:11,954 - BlankSpaceAnalyzer - INFO - -> Analyzing version 3.0.5-unstable.5 (874/2534)...
2025-11-06 01:56:12,101 - BlankSpaceAnalyzer - INFO - -> Analyzing version 3.0.5-unstable.6 (875/2534)...
2025-11-06 01:56:12,231 - BlankSpaceAnalyzer - INFO - -> Analyzing version 3.0.5-unstable.7 (876/2534)...
2025-11-06 01:56:12,363 - BlankSpaceAnalyzer - INFO - -> Analyzing version 3.0.6 (877/2534)...
2025-11-06 01:56:12,496 - BlankSpaceAnalyzer - INFO - -> Analyzing version 3.0.7 (878/2534)...
2025-11-06 01:56:12,622 - BlankSpaceAnalyzer - INFO - -> Analyzing version 3.0.7-unstable.1 (879/2534)...
2025-11-06 01:56:12,747 - BlankSpaceAnalyzer - INFO - -> Analyzing version 3.0.7-unstable.2 (880/2534)...
2025-11-06 01:56:12,883 - BlankSpaceAnalyzer - INFO - -> Analyzing version 3.0.7-unstable.3 (881/2534)...
2025-11-06 01:56:13,031 - BlankSpaceAnalyzer - INFO - -> Analyzing version 3.0.7-unstable.4 (882/2534)...
2025-11-06 01:56:13,158 - BlankSpaceAnalyzer - INFO - -> Analyzing version 3.0.7-unstable.5 (883/2534)...
2025-11-06 01:56:13,299 - BlankSpaceAnalyzer - INFO - -> Analyzing version 3.0.7-unstable.6 (884/2534)...
2025-11-06 01:56:13,430 - BlankSpaceAnalyzer - INFO - -> Analyzing version 3.0.7-unstable.7 (885/2534)...
2025-11-06 01:56:13,577 - BlankSpaceAnalyzer - INFO - -> Analyzing version 3.0.7-unstable.8 (886/2534)...
2025-11-06 01:56:13,711 - BlankSpaceAnalyzer - INFO - -> Analyzing version 3.0.8 (887/2534)...
2025-11-06 01:56:13,840 - BlankSpaceAnalyzer - INFO - -> Analyzing version 3.0.8-unstable.1 (888/2534)...
2025-11-06 01:56:13,973 - BlankSpaceAnalyzer - INFO - -> Analyzing version 3.0.8-unstable.10 (889/2534)...
2025-11-06 01:56:14,108 - BlankSpaceAnalyzer - INFO - -> Analyzing version 3.0.8-unstable.11 (890/2534)...
2025-11-06 01:56:14,232 - BlankSpaceAnalyzer - INFO - -> Analyzing version 3.0.8-unstable.12 (891/2534)...
2025-11-06 01:56:14,357 - BlankSpaceAnalyzer - INFO - -> Analyzing version 3.0.8-unstable.13 (892/2534)...
2025-11-06 01:56:14,493 - BlankSpaceAnalyzer - INFO - -> Analyzing version 3.0.8-unstable.14 (893/2534)...
2025-11-06 01:56:14,622 - BlankSpaceAnalyzer - INFO - -> Analyzing version 3.0.8-unstable.16 (894/2534)...
2025-11-06 01:56:14,769 - BlankSpaceAnalyzer - INFO - -> Analyzing version 3.0.8-unstable.19 (895/2534)...
2025-11-06 01:56:14,903 - BlankSpaceAnalyzer - INFO - -> Analyzing version 3.0.8-unstable.2 (896/2534)...
2025-11-06 01:56:15,028 - BlankSpaceAnalyzer - INFO - -> Analyzing version 3.0.8-unstable.20 (897/2534)...
2025-11-06 01:56:15,152 - BlankSpaceAnalyzer - INFO - -> Analyzing version 3.0.8-unstable.21 (898/2534)...
2025-11-06 01:56:15,279 - BlankSpaceAnalyzer - INFO - -> Analyzing version 3.0.8-unstable.27 (899/2534)...
2025-11-06 01:56:15,424 - BlankSpaceAnalyzer - INFO - -> Analyzing version 3.0.8-unstable.28 (900/2534)...
2025-11-06 01:56:15,549 - BlankSpaceAnalyzer - INFO - -> Analyzing version 3.0.8-unstable.29 (901/2534)...
2025-11-06 01:56:15,690 - BlankSpaceAnalyzer - INFO - -> Analyzing version 3.0.8-unstable.3 (902/2534)...
2025-11-06 01:56:15,822 - BlankSpaceAnalyzer - INFO - -> Analyzing version 3.0.8-unstable.30 (903/2534)...
2025-11-06 01:56:15,949 - BlankSpaceAnalyzer - INFO - -> Analyzing version 3.0.8-unstable.32 (904/2534)...
2025-11-06 01:56:16,087 - BlankSpaceAnalyzer - INFO - -> Analyzing version 3.0.8-unstable.33 (905/2534)...
2025-11-06 01:56:16,221 - BlankSpaceAnalyzer - INFO - -> Analyzing version 3.0.8-unstable.34 (906/2534)...
2025-11-06 01:56:16,352 - BlankSpaceAnalyzer - INFO - -> Analyzing version 3.0.8-unstable.35 (907/2534)...
2025-11-06 01:56:16,477 - BlankSpaceAnalyzer - INFO - -> Analyzing version 3.0.8-unstable.36 (908/2534)...
2025-11-06 01:56:16,621 - BlankSpaceAnalyzer - INFO - -> Analyzing version 3.0.8-unstable.37 (909/2534)...
2025-11-06 01:56:16,748 - BlankSpaceAnalyzer - INFO - -> Analyzing version 3.0.8-unstable.38 (910/2534)...
2025-11-06 01:56:16,888 - BlankSpaceAnalyzer - INFO - -> Analyzing version 3.0.8-unstable.39 (911/2534)...
2025-11-06 01:56:17,023 - BlankSpaceAnalyzer - INFO - -> Analyzing version 3.0.8-unstable.4 (912/2534)...
2025-11-06 01:56:17,149 - BlankSpaceAnalyzer - INFO - -> Analyzing version 3.0.8-unstable.40 (913/2534)...
2025-11-06 01:56:17,300 - BlankSpaceAnalyzer - INFO - -> Analyzing version 3.0.8-unstable.41 (914/2534)...
2025-11-06 01:56:17,434 - BlankSpaceAnalyzer - INFO - -> Analyzing version 3.0.8-unstable.42 (915/2534)...
2025-11-06 01:56:17,569 - BlankSpaceAnalyzer - INFO - -> Analyzing version 3.0.8-unstable.44 (916/2534)...
2025-11-06 01:56:17,706 - BlankSpaceAnalyzer - INFO - -> Analyzing version 3.0.8-unstable.45 (917/2534)...
2025-11-06 01:56:17,836 - BlankSpaceAnalyzer - INFO - -> Analyzing version 3.0.8-unstable.5 (918/2534)...
2025-11-06 01:56:17,972 - BlankSpaceAnalyzer - INFO - -> Analyzing version 3.0.8-unstable.9 (919/2534)...
2025-11-06 01:56:18,120 - BlankSpaceAnalyzer - INFO - -> Analyzing version 3.0.9 (920/2534)...
2025-11-06 01:56:18,252 - BlankSpaceAnalyzer - INFO - -> Analyzing version 3.1.0 (921/2534)...
2025-11-06 01:56:18,395 - BlankSpaceAnalyzer - INFO - -> Analyzing version 3.1.1 (922/2534)...
2025-11-06 01:56:18,525 - BlankSpaceAnalyzer - INFO - -> Analyzing version 3.1.1-unstable.1 (923/2534)...
2025-11-06 01:56:18,653 - BlankSpaceAnalyzer - INFO - -> Analyzing version 3.1.1-unstable.2 (924/2534)...
2025-11-06 01:56:18,779 - BlankSpaceAnalyzer - INFO - -> Analyzing version 3.1.2-unstable.1 (925/2534)...
2025-11-06 01:56:18,921 - BlankSpaceAnalyzer - INFO - -> Analyzing version 3.1.2-unstable.2 (926/2534)...
2025-11-06 01:56:19,049 - BlankSpaceAnalyzer - INFO - -> Analyzing version 3.1.2-unstable.4 (927/2534)...
2025-11-06 01:56:19,194 - BlankSpaceAnalyzer - INFO - -> Analyzing version 3.1.2-unstable.5 (928/2534)...
2025-11-06 01:56:19,328 - BlankSpaceAnalyzer - INFO - -> Analyzing version 3.1.2-unstable.6 (929/2534)...
2025-11-06 01:56:19,459 - BlankSpaceAnalyzer - INFO - -> Analyzing version 3.2.0 (930/2534)...
2025-11-06 01:56:19,590 - BlankSpaceAnalyzer - INFO - -> Analyzing version 3.2.1-unstable.1 (931/2534)...
2025-11-06 01:56:19,723 - BlankSpaceAnalyzer - INFO - -> Analyzing version 3.2.1-unstable.2 (932/2534)...
2025-11-06 01:56:19,860 - BlankSpaceAnalyzer - INFO - -> Analyzing version 3.2.1-unstable.3 (933/2534)...
2025-11-06 01:56:20,015 - BlankSpaceAnalyzer - INFO - -> Analyzing version 3.2.1-unstable.4 (934/2534)...
2025-11-06 01:56:20,147 - BlankSpaceAnalyzer - INFO - -> Analyzing version 3.2.1-unstable.5 (935/2534)...
2025-11-06 01:56:20,288 - BlankSpaceAnalyzer - INFO - -> Analyzing version 3.3.0 (936/2534)...
2025-11-06 01:56:20,423 - BlankSpaceAnalyzer - INFO - -> Analyzing version 3.3.1 (937/2534)...
2025-11-06 01:56:20,553 - BlankSpaceAnalyzer - INFO - -> Analyzing version 3.3.1-unstable.1 (938/2534)...
2025-11-06 01:56:20,683 - BlankSpaceAnalyzer - INFO - -> Analyzing version 3.3.1-unstable.2 (939/2534)...
2025-11-06 01:56:20,831 - BlankSpaceAnalyzer - INFO - -> Analyzing version 3.3.1-unstable.3 (940/2534)...
2025-11-06 01:56:20,962 - BlankSpaceAnalyzer - INFO - -> Analyzing version 3.3.10 (941/2534)...
2025-11-06 01:56:21,117 - BlankSpaceAnalyzer - INFO - -> Analyzing version 3.3.10-beta-ds.1 (942/2534)...
2025-11-06 01:56:21,256 - BlankSpaceAnalyzer - INFO - -> Analyzing version 3.3.10-unstable.1 (943/2534)...
2025-11-06 01:56:21,399 - BlankSpaceAnalyzer - INFO - -> Analyzing version 3.3.10-unstable.2 (944/2534)...
2025-11-06 01:56:21,546 - BlankSpaceAnalyzer - INFO - -> Analyzing version 3.3.10-unstable.3 (945/2534)...
2025-11-06 01:56:21,711 - BlankSpaceAnalyzer - INFO - -> Analyzing version 3.3.10-unstable.4 (946/2534)...
2025-11-06 01:56:21,854 - BlankSpaceAnalyzer - INFO - -> Analyzing version 3.3.11 (947/2534)...
2025-11-06 01:56:22,013 - BlankSpaceAnalyzer - INFO - -> Analyzing version 3.3.11-beta-ds.7 (948/2534)...
2025-11-06 01:56:22,158 - BlankSpaceAnalyzer - INFO - -> Analyzing version 3.3.11-unstable.1 (949/2534)...
2025-11-06 01:56:22,299 - BlankSpaceAnalyzer - INFO - -> Analyzing version 3.3.11-unstable.2 (950/2534)...
2025-11-06 01:56:22,445 - BlankSpaceAnalyzer - INFO - -> Analyzing version 3.3.11-unstable.3 (951/2534)...
2025-11-06 01:56:22,602 - BlankSpaceAnalyzer - INFO - -> Analyzing version 3.3.11-unstable.4 (952/2534)...
2025-11-06 01:56:22,747 - BlankSpaceAnalyzer - INFO - -> Analyzing version 3.3.11-unstable.5 (953/2534)...
2025-11-06 01:56:22,902 - BlankSpaceAnalyzer - INFO - -> Analyzing version 3.3.12 (954/2534)...
2025-11-06 01:56:23,049 - BlankSpaceAnalyzer - INFO - -> Analyzing version 3.3.12-unstable.1 (955/2534)...
2025-11-06 01:56:23,192 - BlankSpaceAnalyzer - INFO - -> Analyzing version 3.3.12-unstable.10 (956/2534)...
2025-11-06 01:56:23,333 - BlankSpaceAnalyzer - INFO - -> Analyzing version 3.3.12-unstable.11 (957/2534)...
2025-11-06 01:56:23,489 - BlankSpaceAnalyzer - INFO - -> Analyzing version 3.3.12-unstable.12 (958/2534)...
2025-11-06 01:56:23,638 - BlankSpaceAnalyzer - INFO - -> Analyzing version 3.3.12-unstable.13 (959/2534)...
2025-11-06 01:56:23,793 - BlankSpaceAnalyzer - INFO - -> Analyzing version 3.3.12-unstable.14 (960/2534)...
2025-11-06 01:56:23,941 - BlankSpaceAnalyzer - INFO - -> Analyzing version 3.3.12-unstable.16 (961/2534)...
2025-11-06 01:56:24,100 - BlankSpaceAnalyzer - INFO - -> Analyzing version 3.3.12-unstable.17 (962/2534)...
2025-11-06 01:56:24,249 - BlankSpaceAnalyzer - INFO - -> Analyzing version 3.3.12-unstable.18 (963/2534)...
2025-11-06 01:56:24,410 - BlankSpaceAnalyzer - INFO - -> Analyzing version 3.3.12-unstable.3 (964/2534)...
2025-11-06 01:56:24,560 - BlankSpaceAnalyzer - INFO - -> Analyzing version 3.3.12-unstable.4 (965/2534)...
2025-11-06 01:56:24,720 - BlankSpaceAnalyzer - INFO - -> Analyzing version 3.3.12-unstable.5 (966/2534)...
2025-11-06 01:56:24,864 - BlankSpaceAnalyzer - INFO - -> Analyzing version 3.3.12-unstable.6 (967/2534)...
2025-11-06 01:56:25,024 - BlankSpaceAnalyzer - INFO - -> Analyzing version 3.3.12-unstable.7 (968/2534)...
2025-11-06 01:56:25,171 - BlankSpaceAnalyzer - INFO - -> Analyzing version 3.3.12-unstable.8 (969/2534)...
2025-11-06 01:56:25,318 - BlankSpaceAnalyzer - INFO - -> Analyzing version 3.3.12-unstable.9 (970/2534)...
2025-11-06 01:56:25,474 - BlankSpaceAnalyzer - INFO - -> Analyzing version 3.3.13 (971/2534)...
2025-11-06 01:56:25,628 - BlankSpaceAnalyzer - INFO - -> Analyzing version 3.3.13-unstable.1 (972/2534)...
2025-11-06 01:56:25,777 - BlankSpaceAnalyzer - INFO - -> Analyzing version 3.3.13-unstable.3 (973/2534)...
2025-11-06 01:56:25,927 - BlankSpaceAnalyzer - INFO - -> Analyzing version 3.3.13-unstable.4 (974/2534)...
2025-11-06 01:56:26,086 - BlankSpaceAnalyzer - INFO - -> Analyzing version 3.3.13-unstable.5 (975/2534)...
2025-11-06 01:56:26,240 - BlankSpaceAnalyzer - INFO - -> Analyzing version 3.3.13-unstable.6 (976/2534)...
2025-11-06 01:56:26,395 - BlankSpaceAnalyzer - INFO - -> Analyzing version 3.3.14 (977/2534)...
2025-11-06 01:56:26,541 - BlankSpaceAnalyzer - INFO - -> Analyzing version 3.3.14-unstable.1 (978/2534)...
2025-11-06 01:56:26,704 - BlankSpaceAnalyzer - INFO - -> Analyzing version 3.3.14-unstable.10 (979/2534)...
2025-11-06 01:56:26,858 - BlankSpaceAnalyzer - INFO - -> Analyzing version 3.3.14-unstable.11 (980/2534)...
2025-11-06 01:56:27,017 - BlankSpaceAnalyzer - INFO - -> Analyzing version 3.3.14-unstable.12 (981/2534)...
2025-11-06 01:56:27,170 - BlankSpaceAnalyzer - INFO - -> Analyzing version 3.3.14-unstable.13 (982/2534)...
2025-11-06 01:56:27,321 - BlankSpaceAnalyzer - INFO - -> Analyzing version 3.3.14-unstable.2 (983/2534)...
2025-11-06 01:56:27,477 - BlankSpaceAnalyzer - INFO - -> Analyzing version 3.3.14-unstable.3 (984/2534)...
2025-11-06 01:56:27,645 - BlankSpaceAnalyzer - INFO - -> Analyzing version 3.3.14-unstable.4 (985/2534)...
2025-11-06 01:56:27,794 - BlankSpaceAnalyzer - INFO - -> Analyzing version 3.3.14-unstable.5 (986/2534)...
2025-11-06 01:56:27,944 - BlankSpaceAnalyzer - INFO - -> Analyzing version 3.3.14-unstable.6 (987/2534)...
2025-11-06 01:56:28,106 - BlankSpaceAnalyzer - INFO - -> Analyzing version 3.3.14-unstable.7 (988/2534)...
2025-11-06 01:56:28,258 - BlankSpaceAnalyzer - INFO - -> Analyzing version 3.3.14-unstable.8 (989/2534)...
2025-11-06 01:56:28,421 - BlankSpaceAnalyzer - INFO - -> Analyzing version 3.3.14-unstable.9 (990/2534)...
2025-11-06 01:56:28,574 - BlankSpaceAnalyzer - INFO - -> Analyzing version 3.3.15 (991/2534)...
2025-11-06 01:56:28,723 - BlankSpaceAnalyzer - INFO - -> Analyzing version 3.3.15-unstable.1 (992/2534)...
2025-11-06 01:56:28,880 - BlankSpaceAnalyzer - INFO - -> Analyzing version 3.3.15-unstable.10 (993/2534)...
2025-11-06 01:56:29,033 - BlankSpaceAnalyzer - INFO - -> Analyzing version 3.3.15-unstable.11 (994/2534)...
2025-11-06 01:56:29,194 - BlankSpaceAnalyzer - INFO - -> Analyzing version 3.3.15-unstable.2 (995/2534)...
2025-11-06 01:56:29,353 - BlankSpaceAnalyzer - INFO - -> Analyzing version 3.3.15-unstable.3 (996/2534)...
2025-11-06 01:56:29,508 - BlankSpaceAnalyzer - INFO - -> Analyzing version 3.3.15-unstable.4 (997/2534)...
2025-11-06 01:56:29,656 - BlankSpaceAnalyzer - INFO - -> Analyzing version 3.3.15-unstable.5 (998/2534)...
2025-11-06 01:56:29,819 - BlankSpaceAnalyzer - INFO - -> Analyzing version 3.3.15-unstable.6 (999/2534)...
2025-11-06 01:56:29,964 - BlankSpaceAnalyzer - INFO - -> Analyzing version 3.3.15-unstable.7 (1000/2534)...
2025-11-06 01:56:30,129 - BlankSpaceAnalyzer - INFO - -> Analyzing version 3.3.15-unstable.8 (1001/2534)...
2025-11-06 01:56:30,290 - BlankSpaceAnalyzer - INFO - -> Analyzing version 3.3.15-unstable.9 (1002/2534)...
2025-11-06 01:56:30,439 - BlankSpaceAnalyzer - INFO - -> Analyzing version 3.3.16 (1003/2534)...
2025-11-06 01:56:30,590 - BlankSpaceAnalyzer - INFO - -> Analyzing version 3.3.16-unstable.1 (1004/2534)...
2025-11-06 01:56:30,734 - BlankSpaceAnalyzer - INFO - -> Analyzing version 3.3.16-unstable.4 (1005/2534)...
2025-11-06 01:56:30,891 - BlankSpaceAnalyzer - INFO - -> Analyzing version 3.3.16-unstable.5 (1006/2534)...
2025-11-06 01:56:31,042 - BlankSpaceAnalyzer - INFO - -> Analyzing version 3.3.16-unstable.6 (1007/2534)...
2025-11-06 01:56:31,205 - BlankSpaceAnalyzer - INFO - -> Analyzing version 3.3.17 (1008/2534)...
2025-11-06 01:56:31,355 - BlankSpaceAnalyzer - INFO - -> Analyzing version 3.3.17-unstable.1 (1009/2534)...
2025-11-06 01:56:31,506 - BlankSpaceAnalyzer - INFO - -> Analyzing version 3.3.17-unstable.2 (1010/2534)...
2025-11-06 01:56:31,654 - BlankSpaceAnalyzer - INFO - -> Analyzing version 3.3.18 (1011/2534)...
2025-11-06 01:56:31,818 - BlankSpaceAnalyzer - INFO - -> Analyzing version 3.3.18-unstable.1 (1012/2534)...
2025-11-06 01:56:31,972 - BlankSpaceAnalyzer - INFO - -> Analyzing version 3.3.18-unstable.2 (1013/2534)...
2025-11-06 01:56:32,123 - BlankSpaceAnalyzer - INFO - -> Analyzing version 3.3.18-unstable.3 (1014/2534)...
2025-11-06 01:56:32,280 - BlankSpaceAnalyzer - INFO - -> Analyzing version 3.3.18-unstable.4 (1015/2534)...
2025-11-06 01:56:32,431 - BlankSpaceAnalyzer - INFO - -> Analyzing version 3.3.18-unstable.5 (1016/2534)...
2025-11-06 01:56:32,576 - BlankSpaceAnalyzer - INFO - -> Analyzing version 3.3.19 (1017/2534)...
2025-11-06 01:56:32,729 - BlankSpaceAnalyzer - INFO - -> Analyzing version 3.3.19-unstable.1 (1018/2534)...
2025-11-06 01:56:32,881 - BlankSpaceAnalyzer - INFO - -> Analyzing version 3.3.19-unstable.2 (1019/2534)...
2025-11-06 01:56:33,054 - BlankSpaceAnalyzer - INFO - -> Analyzing version 3.3.2 (1020/2534)...
2025-11-06 01:56:33,200 - BlankSpaceAnalyzer - INFO - -> Analyzing version 3.3.2-unstable.1 (1021/2534)...
2025-11-06 01:56:33,337 - BlankSpaceAnalyzer - INFO - -> Analyzing version 3.3.2-unstable.3 (1022/2534)...
2025-11-06 01:56:33,478 - BlankSpaceAnalyzer - INFO - -> Analyzing version 3.3.2-unstable.4 (1023/2534)...
2025-11-06 01:56:33,635 - BlankSpaceAnalyzer - INFO - -> Analyzing version 3.3.2-unstable.5 (1024/2534)...
2025-11-06 01:56:33,767 - BlankSpaceAnalyzer - INFO - -> Analyzing version 3.3.2-unstable.6 (1025/2534)...
2025-11-06 01:56:33,903 - BlankSpaceAnalyzer - INFO - -> Analyzing version 3.3.2-unstable.7 (1026/2534)...
2025-11-06 01:56:34,035 - BlankSpaceAnalyzer - INFO - -> Analyzing version 3.3.2-unstable.8 (1027/2534)...
2025-11-06 01:56:34,177 - BlankSpaceAnalyzer - INFO - -> Analyzing version 3.3.2-unstable.9 (1028/2534)...
2025-11-06 01:56:34,320 - BlankSpaceAnalyzer - INFO - -> Analyzing version 3.3.20 (1029/2534)...
2025-11-06 01:56:34,492 - BlankSpaceAnalyzer - INFO - -> Analyzing version 3.3.20-unstable.1 (1030/2534)...
2025-11-06 01:56:34,664 - BlankSpaceAnalyzer - INFO - -> Analyzing version 3.3.20-unstable.2 (1031/2534)...
2025-11-06 01:56:34,830 - BlankSpaceAnalyzer - INFO - -> Analyzing version 3.3.21 (1032/2534)...
2025-11-06 01:56:34,990 - BlankSpaceAnalyzer - INFO - -> Analyzing version 3.3.21-unstable.1 (1033/2534)...
2025-11-06 01:56:35,152 - BlankSpaceAnalyzer - INFO - -> Analyzing version 3.3.21-unstable.2 (1034/2534)...
2025-11-06 01:56:35,309 - BlankSpaceAnalyzer - INFO - -> Analyzing version 3.3.21-unstable.3 (1035/2534)...
2025-11-06 01:56:35,471 - BlankSpaceAnalyzer - INFO - -> Analyzing version 3.3.21-unstable.4 (1036/2534)...
2025-11-06 01:56:35,630 - BlankSpaceAnalyzer - INFO - -> Analyzing version 3.3.21-unstable.5 (1037/2534)...
2025-11-06 01:56:35,801 - BlankSpaceAnalyzer - INFO - -> Analyzing version 3.3.21-unstable.6 (1038/2534)...
2025-11-06 01:56:35,964 - BlankSpaceAnalyzer - INFO - -> Analyzing version 3.3.21-unstable.7 (1039/2534)...
2025-11-06 01:56:36,123 - BlankSpaceAnalyzer - INFO - -> Analyzing version 3.3.21-unstable.8 (1040/2534)...
2025-11-06 01:56:36,280 - BlankSpaceAnalyzer - INFO - -> Analyzing version 3.3.22 (1041/2534)...
2025-11-06 01:56:36,456 - BlankSpaceAnalyzer - INFO - -> Analyzing version 3.3.22-unstable.1 (1042/2534)...
2025-11-06 01:56:36,615 - BlankSpaceAnalyzer - INFO - -> Analyzing version 3.3.23 (1043/2534)...
2025-11-06 01:56:36,785 - BlankSpaceAnalyzer - INFO - -> Analyzing version 3.3.24 (1044/2534)...
2025-11-06 01:56:36,951 - BlankSpaceAnalyzer - INFO - -> Analyzing version 3.3.24-unstable.4 (1045/2534)...
2025-11-06 01:56:37,126 - BlankSpaceAnalyzer - INFO - -> Analyzing version 3.3.24-unstable.5 (1046/2534)...
2025-11-06 01:56:37,295 - BlankSpaceAnalyzer - INFO - -> Analyzing version 3.3.24-unstable.6 (1047/2534)...
2025-11-06 01:56:37,457 - BlankSpaceAnalyzer - INFO - -> Analyzing version 3.3.24-unstable.7 (1048/2534)...
2025-11-06 01:56:37,633 - BlankSpaceAnalyzer - INFO - -> Analyzing version 3.3.24-unstable.8 (1049/2534)...
2025-11-06 01:56:37,812 - BlankSpaceAnalyzer - INFO - -> Analyzing version 3.3.25 (1050/2534)...
2025-11-06 01:56:37,965 - BlankSpaceAnalyzer - INFO - -> Analyzing version 3.3.25-unstable.1 (1051/2534)...
2025-11-06 01:56:38,115 - BlankSpaceAnalyzer - INFO - -> Analyzing version 3.3.25-unstable.3 (1052/2534)...
2025-11-06 01:56:38,263 - BlankSpaceAnalyzer - INFO - -> Analyzing version 3.3.26 (1053/2534)...
2025-11-06 01:56:38,410 - BlankSpaceAnalyzer - INFO - -> Analyzing version 3.3.26-unstable.1 (1054/2534)...
2025-11-06 01:56:38,565 - BlankSpaceAnalyzer - INFO - -> Analyzing version 3.3.26-unstable.2 (1055/2534)...
2025-11-06 01:56:38,722 - BlankSpaceAnalyzer - INFO - -> Analyzing version 3.3.26-unstable.3 (1056/2534)...
2025-11-06 01:56:38,868 - BlankSpaceAnalyzer - INFO - -> Analyzing version 3.3.26-unstable.4 (1057/2534)...
2025-11-06 01:56:39,022 - BlankSpaceAnalyzer - INFO - -> Analyzing version 3.3.26-unstable.5 (1058/2534)...
2025-11-06 01:56:39,172 - BlankSpaceAnalyzer - INFO - -> Analyzing version 3.3.26-unstable.6 (1059/2534)...
2025-11-06 01:56:39,340 - BlankSpaceAnalyzer - INFO - -> Analyzing version 3.3.26-unstable.7 (1060/2534)...
2025-11-06 01:56:39,489 - BlankSpaceAnalyzer - INFO - -> Analyzing version 3.3.27 (1061/2534)...
2025-11-06 01:56:39,639 - BlankSpaceAnalyzer - INFO - -> Analyzing version 3.3.27-unstable.1 (1062/2534)...
2025-11-06 01:56:39,801 - BlankSpaceAnalyzer - INFO - -> Analyzing version 3.3.27-unstable.10 (1063/2534)...
2025-11-06 01:56:39,961 - BlankSpaceAnalyzer - INFO - -> Analyzing version 3.3.27-unstable.11 (1064/2534)...
2025-11-06 01:56:40,136 - BlankSpaceAnalyzer - INFO - -> Analyzing version 3.3.27-unstable.12 (1065/2534)...
2025-11-06 01:56:40,300 - BlankSpaceAnalyzer - INFO - -> Analyzing version 3.3.27-unstable.13 (1066/2534)...
2025-11-06 01:56:40,453 - BlankSpaceAnalyzer - INFO - -> Analyzing version 3.3.27-unstable.14 (1067/2534)...
2025-11-06 01:56:40,622 - BlankSpaceAnalyzer - INFO - -> Analyzing version 3.3.27-unstable.15 (1068/2534)...
2025-11-06 01:56:40,772 - BlankSpaceAnalyzer - INFO - -> Analyzing version 3.3.27-unstable.16 (1069/2534)...
2025-11-06 01:56:40,920 - BlankSpaceAnalyzer - INFO - -> Analyzing version 3.3.27-unstable.17 (1070/2534)...
2025-11-06 01:56:41,081 - BlankSpaceAnalyzer - INFO - -> Analyzing version 3.3.27-unstable.18 (1071/2534)...
2025-11-06 01:56:41,236 - BlankSpaceAnalyzer - INFO - -> Analyzing version 3.3.27-unstable.19 (1072/2534)...
2025-11-06 01:56:41,401 - BlankSpaceAnalyzer - INFO - -> Analyzing version 3.3.27-unstable.2 (1073/2534)...
2025-11-06 01:56:41,562 - BlankSpaceAnalyzer - INFO - -> Analyzing version 3.3.27-unstable.3 (1074/2534)...
2025-11-06 01:56:41,720 - BlankSpaceAnalyzer - INFO - -> Analyzing version 3.3.27-unstable.5 (1075/2534)...
2025-11-06 01:56:41,872 - BlankSpaceAnalyzer - INFO - -> Analyzing version 3.3.27-unstable.7 (1076/2534)...
2025-11-06 01:56:42,041 - BlankSpaceAnalyzer - INFO - -> Analyzing version 3.3.27-unstable.8 (1077/2534)...
2025-11-06 01:56:42,204 - BlankSpaceAnalyzer - INFO - -> Analyzing version 3.3.27-unstable.9 (1078/2534)...
2025-11-06 01:56:42,354 - BlankSpaceAnalyzer - INFO - -> Analyzing version 3.3.28-unstable.1 (1079/2534)...
2025-11-06 01:56:42,522 - BlankSpaceAnalyzer - INFO - -> Analyzing version 3.3.28-unstable.10 (1080/2534)...
2025-11-06 01:56:42,669 - BlankSpaceAnalyzer - INFO - -> Analyzing version 3.3.28-unstable.11 (1081/2534)...
2025-11-06 01:56:42,836 - BlankSpaceAnalyzer - INFO - -> Analyzing version 3.3.28-unstable.12 (1082/2534)...
2025-11-06 01:56:43,000 - BlankSpaceAnalyzer - INFO - -> Analyzing version 3.3.28-unstable.13 (1083/2534)...
2025-11-06 01:56:43,153 - BlankSpaceAnalyzer - INFO - -> Analyzing version 3.3.28-unstable.14 (1084/2534)...
2025-11-06 01:56:43,319 - BlankSpaceAnalyzer - INFO - -> Analyzing version 3.3.28-unstable.15 (1085/2534)...
2025-11-06 01:56:43,480 - BlankSpaceAnalyzer - INFO - -> Analyzing version 3.3.28-unstable.16 (1086/2534)...
2025-11-06 01:56:43,635 - BlankSpaceAnalyzer - INFO - -> Analyzing version 3.3.28-unstable.17 (1087/2534)...
2025-11-06 01:56:43,795 - BlankSpaceAnalyzer - INFO - -> Analyzing version 3.3.28-unstable.18 (1088/2534)...
2025-11-06 01:56:43,949 - BlankSpaceAnalyzer - INFO - -> Analyzing version 3.3.28-unstable.19 (1089/2534)...
2025-11-06 01:56:44,112 - BlankSpaceAnalyzer - INFO - -> Analyzing version 3.3.28-unstable.2 (1090/2534)...
2025-11-06 01:56:44,268 - BlankSpaceAnalyzer - INFO - -> Analyzing version 3.3.28-unstable.20 (1091/2534)...
2025-11-06 01:56:44,417 - BlankSpaceAnalyzer - INFO - -> Analyzing version 3.3.28-unstable.23 (1092/2534)...
2025-11-06 01:56:44,568 - BlankSpaceAnalyzer - INFO - -> Analyzing version 3.3.28-unstable.24 (1093/2534)...
2025-11-06 01:56:44,736 - BlankSpaceAnalyzer - INFO - -> Analyzing version 3.3.28-unstable.3 (1094/2534)...
2025-11-06 01:56:44,899 - BlankSpaceAnalyzer - INFO - -> Analyzing version 3.3.28-unstable.4 (1095/2534)...
2025-11-06 01:56:45,056 - BlankSpaceAnalyzer - INFO - -> Analyzing version 3.3.28-unstable.5 (1096/2534)...
2025-11-06 01:56:45,234 - BlankSpaceAnalyzer - INFO - -> Analyzing version 3.3.28-unstable.6 (1097/2534)...
2025-11-06 01:56:45,396 - BlankSpaceAnalyzer - INFO - -> Analyzing version 3.3.28-unstable.7 (1098/2534)...
2025-11-06 01:56:45,552 - BlankSpaceAnalyzer - INFO - -> Analyzing version 3.3.28-unstable.9 (1099/2534)...
2025-11-06 01:56:45,702 - BlankSpaceAnalyzer - INFO - -> Analyzing version 3.3.3 (1100/2534)...
2025-11-06 01:56:45,840 - BlankSpaceAnalyzer - INFO - -> Analyzing version 3.3.3-unstable.1 (1101/2534)...
2025-11-06 01:56:45,984 - BlankSpaceAnalyzer - INFO - -> Analyzing version 3.3.3-unstable.10 (1102/2534)...
2025-11-06 01:56:46,123 - BlankSpaceAnalyzer - INFO - -> Analyzing version 3.3.3-unstable.2 (1103/2534)...
2025-11-06 01:56:46,257 - BlankSpaceAnalyzer - INFO - -> Analyzing version 3.3.3-unstable.4 (1104/2534)...
2025-11-06 01:56:46,408 - BlankSpaceAnalyzer - INFO - -> Analyzing version 3.3.3-unstable.5 (1105/2534)...
2025-11-06 01:56:46,547 - BlankSpaceAnalyzer - INFO - -> Analyzing version 3.3.3-unstable.6 (1106/2534)...
2025-11-06 01:56:46,679 - BlankSpaceAnalyzer - INFO - -> Analyzing version 3.3.3-unstable.7 (1107/2534)...
2025-11-06 01:56:46,828 - BlankSpaceAnalyzer - INFO - -> Analyzing version 3.3.3-unstable.8 (1108/2534)...
2025-11-06 01:56:46,965 - BlankSpaceAnalyzer - INFO - -> Analyzing version 3.3.3-unstable.9 (1109/2534)...
2025-11-06 01:56:47,123 - BlankSpaceAnalyzer - INFO - -> Analyzing version 3.3.4 (1110/2534)...
2025-11-06 01:56:47,257 - BlankSpaceAnalyzer - INFO - -> Analyzing version 3.3.4-unstable.1 (1111/2534)...
2025-11-06 01:56:47,402 - BlankSpaceAnalyzer - INFO - -> Analyzing version 3.3.4-unstable.10 (1112/2534)...
2025-11-06 01:56:47,539 - BlankSpaceAnalyzer - INFO - -> Analyzing version 3.3.4-unstable.11 (1113/2534)...
2025-11-06 01:56:47,674 - BlankSpaceAnalyzer - INFO - -> Analyzing version 3.3.4-unstable.2 (1114/2534)...
2025-11-06 01:56:47,807 - BlankSpaceAnalyzer - INFO - -> Analyzing version 3.3.4-unstable.3 (1115/2534)...
2025-11-06 01:56:47,940 - BlankSpaceAnalyzer - INFO - -> Analyzing version 3.3.4-unstable.4 (1116/2534)...
2025-11-06 01:56:48,072 - BlankSpaceAnalyzer - INFO - -> Analyzing version 3.3.4-unstable.5 (1117/2534)...
2025-11-06 01:56:48,222 - BlankSpaceAnalyzer - INFO - -> Analyzing version 3.3.4-unstable.6 (1118/2534)...
2025-11-06 01:56:48,354 - BlankSpaceAnalyzer - INFO - -> Analyzing version 3.3.4-unstable.8 (1119/2534)...
2025-11-06 01:56:48,487 - BlankSpaceAnalyzer - INFO - -> Analyzing version 3.3.4-unstable.9 (1120/2534)...
2025-11-06 01:56:48,626 - BlankSpaceAnalyzer - INFO - -> Analyzing version 3.3.5 (1121/2534)...
2025-11-06 01:56:48,763 - BlankSpaceAnalyzer - INFO - -> Analyzing version 3.3.5-pr-7040.16 (1122/2534)...
2025-11-06 01:56:48,896 - BlankSpaceAnalyzer - INFO - -> Analyzing version 3.3.5-pr-7040.17 (1123/2534)...
2025-11-06 01:56:49,038 - BlankSpaceAnalyzer - INFO - -> Analyzing version 3.3.5-unstable.10 (1124/2534)...
2025-11-06 01:56:49,180 - BlankSpaceAnalyzer - INFO - -> Analyzing version 3.3.5-unstable.13 (1125/2534)...
2025-11-06 01:56:49,319 - BlankSpaceAnalyzer - INFO - -> Analyzing version 3.3.5-unstable.14 (1126/2534)...
2025-11-06 01:56:49,456 - BlankSpaceAnalyzer - INFO - -> Analyzing version 3.3.5-unstable.4 (1127/2534)...
2025-11-06 01:56:49,602 - BlankSpaceAnalyzer - INFO - -> Analyzing version 3.3.5-unstable.5 (1128/2534)...
2025-11-06 01:56:49,744 - BlankSpaceAnalyzer - INFO - -> Analyzing version 3.3.5-unstable.6 (1129/2534)...
2025-11-06 01:56:49,889 - BlankSpaceAnalyzer - INFO - -> Analyzing version 3.3.5-unstable.7 (1130/2534)...
2025-11-06 01:56:50,031 - BlankSpaceAnalyzer - INFO - -> Analyzing version 3.3.5-unstable.8 (1131/2534)...
2025-11-06 01:56:50,173 - BlankSpaceAnalyzer - INFO - -> Analyzing version 3.3.5-unstable.9 (1132/2534)...
2025-11-06 01:56:50,330 - BlankSpaceAnalyzer - INFO - -> Analyzing version 3.3.6 (1133/2534)...
2025-11-06 01:56:50,471 - BlankSpaceAnalyzer - INFO - -> Analyzing version 3.3.6-unstable.1 (1134/2534)...
2025-11-06 01:56:50,627 - BlankSpaceAnalyzer - INFO - -> Analyzing version 3.3.6-unstable.2 (1135/2534)...
2025-11-06 01:56:50,775 - BlankSpaceAnalyzer - INFO - -> Analyzing version 3.3.7 (1136/2534)...
2025-11-06 01:56:50,916 - BlankSpaceAnalyzer - INFO - -> Analyzing version 3.3.7-unstable.1 (1137/2534)...
2025-11-06 01:56:51,049 - BlankSpaceAnalyzer - INFO - -> Analyzing version 3.3.7-unstable.2 (1138/2534)...
2025-11-06 01:56:51,199 - BlankSpaceAnalyzer - INFO - -> Analyzing version 3.3.8 (1139/2534)...
2025-11-06 01:56:51,344 - BlankSpaceAnalyzer - INFO - -> Analyzing version 3.3.8-native.10 (1140/2534)...
2025-11-06 01:56:51,502 - BlankSpaceAnalyzer - INFO - -> Analyzing version 3.3.8-native.15 (1141/2534)...
2025-11-06 01:56:51,654 - BlankSpaceAnalyzer - INFO - -> Analyzing version 3.3.8-native.16 (1142/2534)...
2025-11-06 01:56:51,812 - BlankSpaceAnalyzer - INFO - -> Analyzing version 3.3.8-native.8 (1143/2534)...
2025-11-06 01:56:51,958 - BlankSpaceAnalyzer - INFO - -> Analyzing version 3.3.8-pr-6530.6 (1144/2534)...
2025-11-06 01:56:52,117 - BlankSpaceAnalyzer - INFO - -> Analyzing version 3.3.8-pr-6530.7 (1145/2534)...
2025-11-06 01:56:52,254 - BlankSpaceAnalyzer - INFO - -> Analyzing version 3.3.8-unstable.1 (1146/2534)...
2025-11-06 01:56:52,400 - BlankSpaceAnalyzer - INFO - -> Analyzing version 3.3.8-unstable.2 (1147/2534)...
2025-11-06 01:56:52,544 - BlankSpaceAnalyzer - INFO - -> Analyzing version 3.3.8-unstable.3 (1148/2534)...
2025-11-06 01:56:52,700 - BlankSpaceAnalyzer - INFO - -> Analyzing version 3.3.8-unstable.5 (1149/2534)...
2025-11-06 01:56:52,849 - BlankSpaceAnalyzer - INFO - -> Analyzing version 3.3.8-unstable.6 (1150/2534)...
2025-11-06 01:56:52,989 - BlankSpaceAnalyzer - INFO - -> Analyzing version 3.3.8-unstable.7 (1151/2534)...
2025-11-06 01:56:53,130 - BlankSpaceAnalyzer - INFO - -> Analyzing version 3.3.8-unstable.8 (1152/2534)...
2025-11-06 01:56:53,275 - BlankSpaceAnalyzer - INFO - -> Analyzing version 3.3.8-unstable.9 (1153/2534)...
2025-11-06 01:56:53,434 - BlankSpaceAnalyzer - INFO - -> Analyzing version 3.3.9 (1154/2534)...
2025-11-06 01:56:53,589 - BlankSpaceAnalyzer - INFO - -> Analyzing version 3.3.9-hotfix.0 (1155/2534)...
2025-11-06 01:56:53,739 - BlankSpaceAnalyzer - INFO - -> Analyzing version 3.3.9-sdk-bump.10 (1156/2534)...
2025-11-06 01:56:53,883 - BlankSpaceAnalyzer - INFO - -> Analyzing version 3.3.9-sdk-bump.13 (1157/2534)...
2025-11-06 01:56:54,060 - BlankSpaceAnalyzer - INFO - -> Analyzing version 3.3.9-sdk-bump.15 (1158/2534)...
2025-11-06 01:56:54,219 - BlankSpaceAnalyzer - INFO - -> Analyzing version 3.3.9-unstable.1 (1159/2534)...
2025-11-06 01:56:54,359 - BlankSpaceAnalyzer - INFO - -> Analyzing version 3.3.9-unstable.10 (1160/2534)...
2025-11-06 01:56:54,499 - BlankSpaceAnalyzer - INFO - -> Analyzing version 3.3.9-unstable.11 (1161/2534)...
2025-11-06 01:56:54,640 - BlankSpaceAnalyzer - INFO - -> Analyzing version 3.3.9-unstable.12 (1162/2534)...
2025-11-06 01:56:54,785 - BlankSpaceAnalyzer - INFO - -> Analyzing version 3.3.9-unstable.2 (1163/2534)...
2025-11-06 01:56:54,945 - BlankSpaceAnalyzer - INFO - -> Analyzing version 3.3.9-unstable.3 (1164/2534)...
2025-11-06 01:56:55,102 - BlankSpaceAnalyzer - INFO - -> Analyzing version 3.3.9-unstable.4 (1165/2534)...
2025-11-06 01:56:55,247 - BlankSpaceAnalyzer - INFO - -> Analyzing version 3.3.9-unstable.6 (1166/2534)...
2025-11-06 01:56:55,387 - BlankSpaceAnalyzer - INFO - -> Analyzing version 3.3.9-unstable.7 (1167/2534)...
2025-11-06 01:56:55,529 - BlankSpaceAnalyzer - INFO - -> Analyzing version 3.3.9-unstable.8 (1168/2534)...
2025-11-06 01:56:55,672 - BlankSpaceAnalyzer - INFO - -> Analyzing version 3.4.0 (1169/2534)...
2025-11-06 01:56:55,819 - BlankSpaceAnalyzer - INFO - -> Analyzing version 3.4.1 (1170/2534)...
2025-11-06 01:56:55,977 - BlankSpaceAnalyzer - INFO - -> Analyzing version 3.4.1-unstable.1 (1171/2534)...
2025-11-06 01:56:56,151 - BlankSpaceAnalyzer - INFO - -> Analyzing version 3.4.1-unstable.10 (1172/2534)...
2025-11-06 01:56:56,299 - BlankSpaceAnalyzer - INFO - -> Analyzing version 3.4.1-unstable.11 (1173/2534)...
2025-11-06 01:56:56,457 - BlankSpaceAnalyzer - INFO - -> Analyzing version 3.4.1-unstable.2 (1174/2534)...
2025-11-06 01:56:56,626 - BlankSpaceAnalyzer - INFO - -> Analyzing version 3.4.1-unstable.3 (1175/2534)...
2025-11-06 01:56:56,774 - BlankSpaceAnalyzer - INFO - -> Analyzing version 3.4.1-unstable.8 (1176/2534)...
2025-11-06 01:56:56,944 - BlankSpaceAnalyzer - INFO - -> Analyzing version 3.4.1-unstable.9 (1177/2534)...
2025-11-06 01:56:57,093 - BlankSpaceAnalyzer - INFO - -> Analyzing version 3.4.2 (1178/2534)...
2025-11-06 01:56:57,243 - BlankSpaceAnalyzer - INFO - -> Analyzing version 3.4.3 (1179/2534)...
2025-11-06 01:56:57,420 - BlankSpaceAnalyzer - INFO - -> Analyzing version 4.0.0 (1180/2534)...
2025-11-06 01:56:57,569 - BlankSpaceAnalyzer - INFO - -> Analyzing version 4.0.1 (1181/2534)...
2025-11-06 01:56:57,751 - BlankSpaceAnalyzer - INFO - -> Analyzing version 4.0.2 (1182/2534)...
2025-11-06 01:56:57,914 - BlankSpaceAnalyzer - INFO - -> Analyzing version 4.0.2-unstable.10 (1183/2534)...
2025-11-06 01:56:58,074 - BlankSpaceAnalyzer - INFO - -> Analyzing version 4.0.2-unstable.11 (1184/2534)...
2025-11-06 01:56:58,253 - BlankSpaceAnalyzer - INFO - -> Analyzing version 4.0.2-unstable.12 (1185/2534)...
2025-11-06 01:56:58,414 - BlankSpaceAnalyzer - INFO - -> Analyzing version 4.0.2-unstable.13 (1186/2534)...
2025-11-06 01:56:58,574 - BlankSpaceAnalyzer - INFO - -> Analyzing version 4.0.2-unstable.15 (1187/2534)...
2025-11-06 01:56:58,735 - BlankSpaceAnalyzer - INFO - -> Analyzing version 4.0.2-unstable.16 (1188/2534)...
2025-11-06 01:56:58,912 - BlankSpaceAnalyzer - INFO - -> Analyzing version 4.0.2-unstable.17 (1189/2534)...
2025-11-06 01:56:59,087 - BlankSpaceAnalyzer - INFO - -> Analyzing version 4.0.2-unstable.18 (1190/2534)...
2025-11-06 01:56:59,252 - BlankSpaceAnalyzer - INFO - -> Analyzing version 4.0.2-unstable.19 (1191/2534)...
2025-11-06 01:56:59,435 - BlankSpaceAnalyzer - INFO - -> Analyzing version 4.0.2-unstable.20 (1192/2534)...
2025-11-06 01:56:59,612 - BlankSpaceAnalyzer - INFO - -> Analyzing version 4.0.2-unstable.21 (1193/2534)...
2025-11-06 01:56:59,777 - BlankSpaceAnalyzer - INFO - -> Analyzing version 4.0.2-unstable.22 (1194/2534)...
2025-11-06 01:56:59,935 - BlankSpaceAnalyzer - INFO - -> Analyzing version 4.0.2-unstable.4 (1195/2534)...
2025-11-06 01:57:00,108 - BlankSpaceAnalyzer - INFO - -> Analyzing version 4.0.2-unstable.5 (1196/2534)...
2025-11-06 01:57:00,286 - BlankSpaceAnalyzer - INFO - -> Analyzing version 4.0.2-unstable.6 (1197/2534)...
2025-11-06 01:57:00,450 - BlankSpaceAnalyzer - INFO - -> Analyzing version 4.0.2-unstable.7 (1198/2534)...
2025-11-06 01:57:00,632 - BlankSpaceAnalyzer - INFO - -> Analyzing version 4.0.2-unstable.8 (1199/2534)...
2025-11-06 01:57:00,810 - BlankSpaceAnalyzer - INFO - -> Analyzing version 4.0.3 (1200/2534)...
2025-11-06 01:57:00,972 - BlankSpaceAnalyzer - INFO - -> Analyzing version 4.0.4-unstable.10 (1201/2534)...
2025-11-06 01:57:01,131 - BlankSpaceAnalyzer - INFO - -> Analyzing version 4.0.4-unstable.11 (1202/2534)...
2025-11-06 01:57:01,307 - BlankSpaceAnalyzer - INFO - -> Analyzing version 4.0.4-unstable.12 (1203/2534)...
2025-11-06 01:57:01,471 - BlankSpaceAnalyzer - INFO - -> Analyzing version 4.0.4-unstable.13 (1204/2534)...
2025-11-06 01:57:01,652 - BlankSpaceAnalyzer - INFO - -> Analyzing version 4.0.4-unstable.15 (1205/2534)...
2025-11-06 01:57:01,827 - BlankSpaceAnalyzer - INFO - -> Analyzing version 4.0.4-unstable.16 (1206/2534)...
2025-11-06 01:57:01,987 - BlankSpaceAnalyzer - INFO - -> Analyzing version 4.0.4-unstable.3 (1207/2534)...
2025-11-06 01:57:02,146 - BlankSpaceAnalyzer - INFO - -> Analyzing version 4.0.4-unstable.4 (1208/2534)...
2025-11-06 01:57:02,323 - BlankSpaceAnalyzer - INFO - -> Analyzing version 4.0.4-unstable.6 (1209/2534)...
2025-11-06 01:57:02,504 - BlankSpaceAnalyzer - INFO - -> Analyzing version 4.0.4-unstable.7 (1210/2534)...
2025-11-06 01:57:02,684 - BlankSpaceAnalyzer - INFO - -> Analyzing version 4.0.4-unstable.8 (1211/2534)...
2025-11-06 01:57:02,855 - BlankSpaceAnalyzer - INFO - -> Analyzing version 4.0.4-unstable.9 (1212/2534)...
2025-11-06 01:57:03,017 - BlankSpaceAnalyzer - INFO - -> Analyzing version 4.1.0 (1213/2534)...
2025-11-06 01:57:03,177 - BlankSpaceAnalyzer - INFO - -> Analyzing version 4.1.1 (1214/2534)...
2025-11-06 01:57:03,338 - BlankSpaceAnalyzer - INFO - -> Analyzing version 4.1.1-unstable.1 (1215/2534)...
2025-11-06 01:57:03,521 - BlankSpaceAnalyzer - INFO - -> Analyzing version 4.1.1-unstable.2 (1216/2534)...
2025-11-06 01:57:03,680 - BlankSpaceAnalyzer - INFO - -> Analyzing version 4.1.1-unstable.3 (1217/2534)...
2025-11-06 01:57:03,839 - BlankSpaceAnalyzer - INFO - -> Analyzing version 4.1.1-unstable.4 (1218/2534)...
2025-11-06 01:57:04,013 - BlankSpaceAnalyzer - INFO - -> Analyzing version 4.1.1-unstable.5 (1219/2534)...
2025-11-06 01:57:04,177 - BlankSpaceAnalyzer - INFO - -> Analyzing version 4.1.1-unstable.6 (1220/2534)...
2025-11-06 01:57:04,339 - BlankSpaceAnalyzer - INFO - -> Analyzing version 4.1.1-unstable.9 (1221/2534)...
2025-11-06 01:57:04,517 - BlankSpaceAnalyzer - INFO - -> Analyzing version 4.1.2 (1222/2534)...
2025-11-06 01:57:04,678 - BlankSpaceAnalyzer - INFO - -> Analyzing version 4.1.2-unstable.11 (1223/2534)...
2025-11-06 01:57:04,843 - BlankSpaceAnalyzer - INFO - -> Analyzing version 4.1.2-unstable.12 (1224/2534)...
2025-11-06 01:57:05,025 - BlankSpaceAnalyzer - INFO - -> Analyzing version 4.1.2-unstable.14 (1225/2534)...
2025-11-06 01:57:05,202 - BlankSpaceAnalyzer - INFO - -> Analyzing version 4.1.2-unstable.4 (1226/2534)...
2025-11-06 01:57:05,369 - BlankSpaceAnalyzer - INFO - -> Analyzing version 4.1.2-unstable.9 (1227/2534)...
2025-11-06 01:57:05,531 - BlankSpaceAnalyzer - INFO - -> Analyzing version 4.1.3 (1228/2534)...
2025-11-06 01:57:05,690 - BlankSpaceAnalyzer - INFO - -> Analyzing version 4.1.3-migrate-rn-picker.2 (1229/2534)...
2025-11-06 01:57:05,851 - BlankSpaceAnalyzer - INFO - -> Analyzing version 4.1.3-rn-sqlite.2 (1230/2534)...
2025-11-06 01:57:06,036 - BlankSpaceAnalyzer - INFO - -> Analyzing version 4.1.3-rn-sqlite.3 (1231/2534)...
2025-11-06 01:57:06,211 - BlankSpaceAnalyzer - INFO - -> Analyzing version 4.1.3-rn-sqlite.4 (1232/2534)...
2025-11-06 01:57:06,373 - BlankSpaceAnalyzer - INFO - -> Analyzing version 4.1.3-rn-sqlite.5 (1233/2534)...
2025-11-06 01:57:06,534 - BlankSpaceAnalyzer - INFO - -> Analyzing version 4.1.3-unstable.1 (1234/2534)...
2025-11-06 01:57:06,710 - BlankSpaceAnalyzer - INFO - -> Analyzing version 4.1.3-unstable.2 (1235/2534)...
2025-11-06 01:57:06,875 - BlankSpaceAnalyzer - INFO - -> Analyzing version 4.1.3-unstable.3 (1236/2534)...
2025-11-06 01:57:07,034 - BlankSpaceAnalyzer - INFO - -> Analyzing version 4.1.3-unstable.4 (1237/2534)...
2025-11-06 01:57:07,212 - BlankSpaceAnalyzer - INFO - -> Analyzing version 4.1.4-unstable.1 (1238/2534)...
2025-11-06 01:57:07,387 - BlankSpaceAnalyzer - INFO - -> Analyzing version 4.1.4-unstable.2 (1239/2534)...
2025-11-06 01:57:07,555 - BlankSpaceAnalyzer - INFO - -> Analyzing version 4.1.4-unstable.3 (1240/2534)...
2025-11-06 01:57:07,725 - BlankSpaceAnalyzer - INFO - -> Analyzing version 4.1.4-unstable.4 (1241/2534)...
2025-11-06 01:57:07,890 - BlankSpaceAnalyzer - INFO - -> Analyzing version 4.2.0 (1242/2534)...
2025-11-06 01:57:08,061 - BlankSpaceAnalyzer - INFO - -> Analyzing version 4.2.1 (1243/2534)...
2025-11-06 01:57:08,216 - BlankSpaceAnalyzer - INFO - -> Analyzing version 4.2.1-geo.12 (1244/2534)...
2025-11-06 01:57:08,375 - BlankSpaceAnalyzer - INFO - -> Analyzing version 4.2.1-geo.13 (1245/2534)...
2025-11-06 01:57:08,566 - BlankSpaceAnalyzer - INFO - -> Analyzing version 4.2.1-geo.14 (1246/2534)...
2025-11-06 01:57:08,735 - BlankSpaceAnalyzer - INFO - -> Analyzing version 4.2.1-geo.15 (1247/2534)...
2025-11-06 01:57:08,925 - BlankSpaceAnalyzer - INFO - -> Analyzing version 4.2.1-geo.17 (1248/2534)...
2025-11-06 01:57:09,097 - BlankSpaceAnalyzer - INFO - -> Analyzing version 4.2.1-geo.18 (1249/2534)...
2025-11-06 01:57:09,267 - BlankSpaceAnalyzer - INFO - -> Analyzing version 4.2.1-geo.19 (1250/2534)...
2025-11-06 01:57:09,442 - BlankSpaceAnalyzer - INFO - -> Analyzing version 4.2.1-geo.20 (1251/2534)...
2025-11-06 01:57:09,632 - BlankSpaceAnalyzer - INFO - -> Analyzing version 4.2.1-geo.23 (1252/2534)...
2025-11-06 01:57:09,819 - BlankSpaceAnalyzer - INFO - -> Analyzing version 4.2.1-geo.25 (1253/2534)...
2025-11-06 01:57:10,001 - BlankSpaceAnalyzer - INFO - -> Analyzing version 4.2.1-geo.27 (1254/2534)...
2025-11-06 01:57:10,178 - BlankSpaceAnalyzer - INFO - -> Analyzing version 4.2.1-geo.28 (1255/2534)...
2025-11-06 01:57:10,366 - BlankSpaceAnalyzer - INFO - -> Analyzing version 4.2.1-unstable.2 (1256/2534)...
2025-11-06 01:57:10,534 - BlankSpaceAnalyzer - INFO - -> Analyzing version 4.2.1-unstable.3 (1257/2534)...
2025-11-06 01:57:10,717 - BlankSpaceAnalyzer - INFO - -> Analyzing version 4.2.1-unstable.4 (1258/2534)...
2025-11-06 01:57:10,883 - BlankSpaceAnalyzer - INFO - -> Analyzing version 4.2.1-unstable.5 (1259/2534)...
2025-11-06 01:57:11,038 - BlankSpaceAnalyzer - INFO - -> Analyzing version 4.2.1-unstable.6 (1260/2534)...
2025-11-06 01:57:11,209 - BlankSpaceAnalyzer - INFO - -> Analyzing version 4.2.1-unstable.7 (1261/2534)...
2025-11-06 01:57:11,372 - BlankSpaceAnalyzer - INFO - -> Analyzing version 4.2.10 (1262/2534)...
2025-11-06 01:57:11,546 - BlankSpaceAnalyzer - INFO - -> Analyzing version 4.2.10-unstable.1 (1263/2534)...
2025-11-06 01:57:11,700 - BlankSpaceAnalyzer - INFO - -> Analyzing version 4.2.11 (1264/2534)...
2025-11-06 01:57:11,855 - BlankSpaceAnalyzer - INFO - -> Analyzing version 4.2.11-unstable.1 (1265/2534)...
2025-11-06 01:57:12,013 - BlankSpaceAnalyzer - INFO - -> Analyzing version 4.2.11-unstable.2 (1266/2534)...
2025-11-06 01:57:12,170 - BlankSpaceAnalyzer - INFO - -> Analyzing version 4.2.11-unstable.3 (1267/2534)...
2025-11-06 01:57:12,342 - BlankSpaceAnalyzer - INFO - -> Analyzing version 4.2.11-unstable.4 (1268/2534)...
2025-11-06 01:57:12,508 - BlankSpaceAnalyzer - INFO - -> Analyzing version 4.2.12-unstable.1 (1269/2534)...
2025-11-06 01:57:12,664 - BlankSpaceAnalyzer - INFO - -> Analyzing version 4.2.12-unstable.20 (1270/2534)...
2025-11-06 01:57:12,832 - BlankSpaceAnalyzer - INFO - -> Analyzing version 4.2.2 (1271/2534)...
2025-11-06 01:57:12,986 - BlankSpaceAnalyzer - INFO - -> Analyzing version 4.2.2-unstable.1 (1272/2534)...
2025-11-06 01:57:13,145 - BlankSpaceAnalyzer - INFO - -> Analyzing version 4.2.2-unstable.2 (1273/2534)...
2025-11-06 01:57:13,316 - BlankSpaceAnalyzer - INFO - -> Analyzing version 4.2.2-unstable.5 (1274/2534)...
2025-11-06 01:57:13,473 - BlankSpaceAnalyzer - INFO - -> Analyzing version 4.2.2-unstable.6 (1275/2534)...
2025-11-06 01:57:13,627 - BlankSpaceAnalyzer - INFO - -> Analyzing version 4.2.3 (1276/2534)...
2025-11-06 01:57:13,800 - BlankSpaceAnalyzer - INFO - -> Analyzing version 4.2.3-unstable.1 (1277/2534)...
2025-11-06 01:57:13,961 - BlankSpaceAnalyzer - INFO - -> Analyzing version 4.2.3-unstable.2 (1278/2534)...
2025-11-06 01:57:14,137 - BlankSpaceAnalyzer - INFO - -> Analyzing version 4.2.3-unstable.3 (1279/2534)...
2025-11-06 01:57:14,292 - BlankSpaceAnalyzer - INFO - -> Analyzing version 4.2.3-unstable.4 (1280/2534)...
2025-11-06 01:57:14,452 - BlankSpaceAnalyzer - INFO - -> Analyzing version 4.2.3-unstable.5 (1281/2534)...
2025-11-06 01:57:14,627 - BlankSpaceAnalyzer - INFO - -> Analyzing version 4.2.3-unstable.6 (1282/2534)...
2025-11-06 01:57:14,799 - BlankSpaceAnalyzer - INFO - -> Analyzing version 4.2.4 (1283/2534)...
2025-11-06 01:57:14,957 - BlankSpaceAnalyzer - INFO - -> Analyzing version 4.2.4-unstable.1 (1284/2534)...
2025-11-06 01:57:15,111 - BlankSpaceAnalyzer - INFO - -> Analyzing version 4.2.5 (1285/2534)...
2025-11-06 01:57:15,266 - BlankSpaceAnalyzer - INFO - -> Analyzing version 4.2.5-unstable.1 (1286/2534)...
2025-11-06 01:57:15,440 - BlankSpaceAnalyzer - INFO - -> Analyzing version 4.2.5-unstable.4 (1287/2534)...
2025-11-06 01:57:15,613 - BlankSpaceAnalyzer - INFO - -> Analyzing version 4.2.5-unstable.5 (1288/2534)...
2025-11-06 01:57:15,774 - BlankSpaceAnalyzer - INFO - -> Analyzing version 4.2.5-unstable.6 (1289/2534)...
2025-11-06 01:57:15,929 - BlankSpaceAnalyzer - INFO - -> Analyzing version 4.2.6 (1290/2534)...
2025-11-06 01:57:16,099 - BlankSpaceAnalyzer - INFO - -> Analyzing version 4.2.6-unstable.2 (1291/2534)...
2025-11-06 01:57:16,259 - BlankSpaceAnalyzer - INFO - -> Analyzing version 4.2.6-unstable.3 (1292/2534)...
2025-11-06 01:57:16,438 - BlankSpaceAnalyzer - INFO - -> Analyzing version 4.2.6-unstable.4 (1293/2534)...
2025-11-06 01:57:16,607 - BlankSpaceAnalyzer - INFO - -> Analyzing version 4.2.7 (1294/2534)...
2025-11-06 01:57:16,768 - BlankSpaceAnalyzer - INFO - -> Analyzing version 4.2.7-unstable.1 (1295/2534)...
2025-11-06 01:57:16,924 - BlankSpaceAnalyzer - INFO - -> Analyzing version 4.2.8 (1296/2534)...
2025-11-06 01:57:17,092 - BlankSpaceAnalyzer - INFO - -> Analyzing version 4.2.8-unstable.1 (1297/2534)...
2025-11-06 01:57:17,251 - BlankSpaceAnalyzer - INFO - -> Analyzing version 4.2.9 (1298/2534)...
2025-11-06 01:57:17,422 - BlankSpaceAnalyzer - INFO - -> Analyzing version 4.2.9-unstable.1 (1299/2534)...
2025-11-06 01:57:17,587 - BlankSpaceAnalyzer - INFO - -> Analyzing version 4.3.0 (1300/2534)...
2025-11-06 01:57:17,759 - BlankSpaceAnalyzer - INFO - -> Analyzing version 4.3.1 (1301/2534)...
2025-11-06 01:57:17,928 - BlankSpaceAnalyzer - INFO - -> Analyzing version 4.3.1-unstable.1 (1302/2534)...
2025-11-06 01:57:18,111 - BlankSpaceAnalyzer - INFO - -> Analyzing version 4.3.1-unstable.2 (1303/2534)...
2025-11-06 01:57:18,283 - BlankSpaceAnalyzer - INFO - -> Analyzing version 4.3.1-unstable.3 (1304/2534)...
2025-11-06 01:57:18,468 - BlankSpaceAnalyzer - INFO - -> Analyzing version 4.3.10 (1305/2534)...
2025-11-06 01:57:18,643 - BlankSpaceAnalyzer - INFO - -> Analyzing version 4.3.11 (1306/2534)...
2025-11-06 01:57:18,816 - BlankSpaceAnalyzer - INFO - -> Analyzing version 4.3.11-geo.11 (1307/2534)...
2025-11-06 01:57:18,989 - BlankSpaceAnalyzer - INFO - -> Analyzing version 4.3.11-geo.6 (1308/2534)...
2025-11-06 01:57:19,165 - BlankSpaceAnalyzer - INFO - -> Analyzing version 4.3.11-geo.8 (1309/2534)...
2025-11-06 01:57:19,356 - BlankSpaceAnalyzer - INFO - -> Analyzing version 4.3.11-geo.9 (1310/2534)...
2025-11-06 01:57:19,529 - BlankSpaceAnalyzer - INFO - -> Analyzing version 4.3.11-unstable.1 (1311/2534)...
2025-11-06 01:57:19,724 - BlankSpaceAnalyzer - INFO - -> Analyzing version 4.3.11-unstable.2 (1312/2534)...
2025-11-06 01:57:19,915 - BlankSpaceAnalyzer - INFO - -> Analyzing version 4.3.11-unstable.3 (1313/2534)...
2025-11-06 01:57:20,093 - BlankSpaceAnalyzer - INFO - -> Analyzing version 4.3.11-unstable.4 (1314/2534)...
2025-11-06 01:57:20,266 - BlankSpaceAnalyzer - INFO - -> Analyzing version 4.3.11-webpack5.5 (1315/2534)...
2025-11-06 01:57:20,437 - BlankSpaceAnalyzer - INFO - -> Analyzing version 4.3.12 (1316/2534)...
2025-11-06 01:57:20,624 - BlankSpaceAnalyzer - INFO - -> Analyzing version 4.3.12-custom-pk.156 (1317/2534)...
2025-11-06 01:57:20,822 - BlankSpaceAnalyzer - INFO - -> Analyzing version 4.3.12-custom-pk.158 (1318/2534)...
2025-11-06 01:57:20,999 - BlankSpaceAnalyzer - INFO - -> Analyzing version 4.3.12-custom-pk.79 (1319/2534)...
2025-11-06 01:57:21,170 - BlankSpaceAnalyzer - INFO - -> Analyzing version 4.3.12-custom-pk.80 (1320/2534)...
2025-11-06 01:57:21,336 - BlankSpaceAnalyzer - INFO - -> Analyzing version 4.3.12-custom-pk.86 (1321/2534)...
2025-11-06 01:57:21,519 - BlankSpaceAnalyzer - INFO - -> Analyzing version 4.3.12-custom-pk.87 (1322/2534)...
2025-11-06 01:57:21,689 - BlankSpaceAnalyzer - INFO - -> Analyzing version 4.3.12-custom-pk.88 (1323/2534)...
2025-11-06 01:57:21,859 - BlankSpaceAnalyzer - INFO - -> Analyzing version 4.3.12-custom-pk.89 (1324/2534)...
2025-11-06 01:57:22,030 - BlankSpaceAnalyzer - INFO - -> Analyzing version 4.3.12-custom-pk.90 (1325/2534)...
2025-11-06 01:57:22,217 - BlankSpaceAnalyzer - INFO - -> Analyzing version 4.3.12-custom-pk.92 (1326/2534)...
2025-11-06 01:57:22,384 - BlankSpaceAnalyzer - INFO - -> Analyzing version 4.3.12-custom-pk.94 (1327/2534)...
2025-11-06 01:57:22,556 - BlankSpaceAnalyzer - INFO - -> Analyzing version 4.3.12-custom-pk.96 (1328/2534)...
2025-11-06 01:57:22,727 - BlankSpaceAnalyzer - INFO - -> Analyzing version 4.3.12-custom-pk.97 (1329/2534)...
2025-11-06 01:57:22,913 - BlankSpaceAnalyzer - INFO - -> Analyzing version 4.3.12-custom-pk.98 (1330/2534)...
2025-11-06 01:57:23,102 - BlankSpaceAnalyzer - INFO - -> Analyzing version 4.3.12-datastore-laziness.177 (1331/2534)...
2025-11-06 01:57:23,287 - BlankSpaceAnalyzer - INFO - -> Analyzing version 4.3.12-unstable.1 (1332/2534)...
2025-11-06 01:57:23,455 - BlankSpaceAnalyzer - INFO - -> Analyzing version 4.3.12-unstable.2 (1333/2534)...
2025-11-06 01:57:23,647 - BlankSpaceAnalyzer - INFO - -> Analyzing version 4.3.12-unstable.4 (1334/2534)...
2025-11-06 01:57:23,815 - BlankSpaceAnalyzer - INFO - -> Analyzing version 4.3.12-unstable.6 (1335/2534)...
2025-11-06 01:57:23,998 - BlankSpaceAnalyzer - INFO - -> Analyzing version 4.3.13 (1336/2534)...
2025-11-06 01:57:24,168 - BlankSpaceAnalyzer - INFO - -> Analyzing version 4.3.13-unstable.10 (1337/2534)...
2025-11-06 01:57:24,340 - BlankSpaceAnalyzer - INFO - -> Analyzing version 4.3.13-unstable.11 (1338/2534)...
2025-11-06 01:57:24,525 - BlankSpaceAnalyzer - INFO - -> Analyzing version 4.3.13-unstable.3 (1339/2534)...
2025-11-06 01:57:24,694 - BlankSpaceAnalyzer - INFO - -> Analyzing version 4.3.13-unstable.4 (1340/2534)...
2025-11-06 01:57:24,868 - BlankSpaceAnalyzer - INFO - -> Analyzing version 4.3.13-unstable.9 (1341/2534)...
2025-11-06 01:57:25,045 - BlankSpaceAnalyzer - INFO - -> Analyzing version 4.3.14 (1342/2534)...
2025-11-06 01:57:25,214 - BlankSpaceAnalyzer - INFO - -> Analyzing version 4.3.14-beta.8 (1343/2534)...
2025-11-06 01:57:25,382 - BlankSpaceAnalyzer - INFO - -> Analyzing version 4.3.14-unstable.1 (1344/2534)...
2025-11-06 01:57:25,549 - BlankSpaceAnalyzer - INFO - -> Analyzing version 4.3.14-unstable.2 (1345/2534)...
2025-11-06 01:57:25,716 - BlankSpaceAnalyzer - INFO - -> Analyzing version 4.3.14-unstable.3 (1346/2534)...
2025-11-06 01:57:25,888 - BlankSpaceAnalyzer - INFO - -> Analyzing version 4.3.14-unstable.4 (1347/2534)...
2025-11-06 01:57:26,056 - BlankSpaceAnalyzer - INFO - -> Analyzing version 4.3.14-unstable.5 (1348/2534)...
2025-11-06 01:57:26,227 - BlankSpaceAnalyzer - INFO - -> Analyzing version 4.3.15 (1349/2534)...
2025-11-06 01:57:26,414 - BlankSpaceAnalyzer - INFO - -> Analyzing version 4.3.15-cloud-logging.10 (1350/2534)...
2025-11-06 01:57:26,583 - BlankSpaceAnalyzer - INFO - -> Analyzing version 4.3.15-cloud-logging.3 (1351/2534)...
2025-11-06 01:57:26,752 - BlankSpaceAnalyzer - INFO - -> Analyzing version 4.3.15-cloud-logging.9 (1352/2534)...
2025-11-06 01:57:26,939 - BlankSpaceAnalyzer - INFO - -> Analyzing version 4.3.15-unstable.1 (1353/2534)...
2025-11-06 01:57:27,123 - BlankSpaceAnalyzer - INFO - -> Analyzing version 4.3.15-unstable.10 (1354/2534)...
2025-11-06 01:57:27,302 - BlankSpaceAnalyzer - INFO - -> Analyzing version 4.3.15-unstable.2 (1355/2534)...
2025-11-06 01:57:27,487 - BlankSpaceAnalyzer - INFO - -> Analyzing version 4.3.15-unstable.3 (1356/2534)...
2025-11-06 01:57:27,658 - BlankSpaceAnalyzer - INFO - -> Analyzing version 4.3.15-unstable.4 (1357/2534)...
2025-11-06 01:57:27,822 - BlankSpaceAnalyzer - INFO - -> Analyzing version 4.3.15-unstable.5 (1358/2534)...
2025-11-06 01:57:28,001 - BlankSpaceAnalyzer - INFO - -> Analyzing version 4.3.15-unstable.6 (1359/2534)...
2025-11-06 01:57:28,183 - BlankSpaceAnalyzer - INFO - -> Analyzing version 4.3.15-unstable.7 (1360/2534)...
2025-11-06 01:57:28,357 - BlankSpaceAnalyzer - INFO - -> Analyzing version 4.3.15-unstable.8 (1361/2534)...
2025-11-06 01:57:28,543 - BlankSpaceAnalyzer - INFO - -> Analyzing version 4.3.15-unstable.9 (1362/2534)...
2025-11-06 01:57:28,712 - BlankSpaceAnalyzer - INFO - -> Analyzing version 4.3.16 (1363/2534)...
2025-11-06 01:57:28,878 - BlankSpaceAnalyzer - INFO - -> Analyzing version 4.3.16-cloud-logging.7 (1364/2534)...
2025-11-06 01:57:29,065 - BlankSpaceAnalyzer - INFO - -> Analyzing version 4.3.16-cloud-logging.8 (1365/2534)...
2025-11-06 01:57:29,233 - BlankSpaceAnalyzer - INFO - -> Analyzing version 4.3.16-geo.3 (1366/2534)...
2025-11-06 01:57:29,421 - BlankSpaceAnalyzer - INFO - -> Analyzing version 4.3.16-geo.4 (1367/2534)...
2025-11-06 01:57:29,590 - BlankSpaceAnalyzer - INFO - -> Analyzing version 4.3.16-unstable.1 (1368/2534)...
2025-11-06 01:57:29,759 - BlankSpaceAnalyzer - INFO - -> Analyzing version 4.3.16-unstable.3 (1369/2534)...
2025-11-06 01:57:29,926 - BlankSpaceAnalyzer - INFO - -> Analyzing version 4.3.16-unstable.5 (1370/2534)...
2025-11-06 01:57:30,108 - BlankSpaceAnalyzer - INFO - -> Analyzing version 4.3.16-unstable.6 (1371/2534)...
2025-11-06 01:57:30,282 - BlankSpaceAnalyzer - INFO - -> Analyzing version 4.3.17 (1372/2534)...
2025-11-06 01:57:30,447 - BlankSpaceAnalyzer - INFO - -> Analyzing version 4.3.17-api-logging.2 (1373/2534)...
2025-11-06 01:57:30,617 - BlankSpaceAnalyzer - INFO - -> Analyzing version 4.3.17-api-logging.4 (1374/2534)...
2025-11-06 01:57:30,783 - BlankSpaceAnalyzer - INFO - -> Analyzing version 4.3.17-api-logging.5 (1375/2534)...
2025-11-06 01:57:30,952 - BlankSpaceAnalyzer - INFO - -> Analyzing version 4.3.17-unstable.1 (1376/2534)...
2025-11-06 01:57:31,124 - BlankSpaceAnalyzer - INFO - -> Analyzing version 4.3.17-unstable.2 (1377/2534)...
2025-11-06 01:57:31,309 - BlankSpaceAnalyzer - INFO - -> Analyzing version 4.3.17-unstable.3 (1378/2534)...
2025-11-06 01:57:31,481 - BlankSpaceAnalyzer - INFO - -> Analyzing version 4.3.18 (1379/2534)...
2025-11-06 01:57:31,649 - BlankSpaceAnalyzer - INFO - -> Analyzing version 4.3.18-unstable.2 (1380/2534)...
2025-11-06 01:57:31,818 - BlankSpaceAnalyzer - INFO - -> Analyzing version 4.3.18-unstable.4 (1381/2534)...
2025-11-06 01:57:31,987 - BlankSpaceAnalyzer - INFO - -> Analyzing version 4.3.19 (1382/2534)...
2025-11-06 01:57:32,160 - BlankSpaceAnalyzer - INFO - -> Analyzing version 4.3.19-geo.11 (1383/2534)...
2025-11-06 01:57:32,331 - BlankSpaceAnalyzer - INFO - -> Analyzing version 4.3.19-geo.17 (1384/2534)...
2025-11-06 01:57:32,516 - BlankSpaceAnalyzer - INFO - -> Analyzing version 4.3.19-geo.18 (1385/2534)...
2025-11-06 01:57:32,684 - BlankSpaceAnalyzer - INFO - -> Analyzing version 4.3.19-geo.19 (1386/2534)...
2025-11-06 01:57:32,869 - BlankSpaceAnalyzer - INFO - -> Analyzing version 4.3.19-geo.7 (1387/2534)...
2025-11-06 01:57:33,040 - BlankSpaceAnalyzer - INFO - -> Analyzing version 4.3.19-unstable.10 (1388/2534)...
2025-11-06 01:57:33,232 - BlankSpaceAnalyzer - INFO - -> Analyzing version 4.3.19-unstable.7 (1389/2534)...
2025-11-06 01:57:33,414 - BlankSpaceAnalyzer - INFO - -> Analyzing version 4.3.19-unstable.8 (1390/2534)...
2025-11-06 01:57:33,588 - BlankSpaceAnalyzer - INFO - -> Analyzing version 4.3.19-unstable.9 (1391/2534)...
2025-11-06 01:57:33,761 - BlankSpaceAnalyzer - INFO - -> Analyzing version 4.3.2 (1392/2534)...
2025-11-06 01:57:33,930 - BlankSpaceAnalyzer - INFO - -> Analyzing version 4.3.2-unstable.1 (1393/2534)...
2025-11-06 01:57:34,111 - BlankSpaceAnalyzer - INFO - -> Analyzing version 4.3.2-unstable.2 (1394/2534)...
2025-11-06 01:57:34,296 - BlankSpaceAnalyzer - INFO - -> Analyzing version 4.3.2-unstable.3 (1395/2534)...
2025-11-06 01:57:34,467 - BlankSpaceAnalyzer - INFO - -> Analyzing version 4.3.2-unstable.4 (1396/2534)...
2025-11-06 01:57:34,653 - BlankSpaceAnalyzer - INFO - -> Analyzing version 4.3.2-unstable.6 (1397/2534)...
2025-11-06 01:57:34,823 - BlankSpaceAnalyzer - INFO - -> Analyzing version 4.3.2-unstable.7 (1398/2534)...
2025-11-06 01:57:35,013 - BlankSpaceAnalyzer - INFO - -> Analyzing version 4.3.20 (1399/2534)...
2025-11-06 01:57:35,184 - BlankSpaceAnalyzer - INFO - -> Analyzing version 4.3.20-unstable.1 (1400/2534)...
2025-11-06 01:57:35,353 - BlankSpaceAnalyzer - INFO - -> Analyzing version 4.3.20-unstable.3 (1401/2534)...
2025-11-06 01:57:35,524 - BlankSpaceAnalyzer - INFO - -> Analyzing version 4.3.20-unstable.5 (1402/2534)...
2025-11-06 01:57:35,710 - BlankSpaceAnalyzer - INFO - -> Analyzing version 4.3.20-unstable.6 (1403/2534)...
2025-11-06 01:57:35,886 - BlankSpaceAnalyzer - INFO - -> Analyzing version 4.3.21 (1404/2534)...
2025-11-06 01:57:36,060 - BlankSpaceAnalyzer - INFO - -> Analyzing version 4.3.21-beta.8 (1405/2534)...
2025-11-06 01:57:36,174 - BlankSpaceAnalyzer - INFO - -> Analyzing version 4.3.21-unstable.1 (1406/2534)...
2025-11-06 01:57:36,345 - BlankSpaceAnalyzer - INFO - -> Analyzing version 4.3.21-unstable.2 (1407/2534)...
2025-11-06 01:57:36,537 - BlankSpaceAnalyzer - INFO - -> Analyzing version 4.3.21-unstable.4 (1408/2534)...
2025-11-06 01:57:36,730 - BlankSpaceAnalyzer - INFO - -> Analyzing version 4.3.21-unstable.5 (1409/2534)...
2025-11-06 01:57:36,915 - BlankSpaceAnalyzer - INFO - -> Analyzing version 4.3.21-unstable.6 (1410/2534)...
2025-11-06 01:57:37,091 - BlankSpaceAnalyzer - INFO - -> Analyzing version 4.3.21-unstable.7 (1411/2534)...
2025-11-06 01:57:37,263 - BlankSpaceAnalyzer - INFO - -> Analyzing version 4.3.21-unstable.8 (1412/2534)...
2025-11-06 01:57:37,452 - BlankSpaceAnalyzer - INFO - -> Analyzing version 4.3.21-unstable.9 (1413/2534)...
2025-11-06 01:57:37,625 - BlankSpaceAnalyzer - INFO - -> Analyzing version 4.3.22 (1414/2534)...
2025-11-06 01:57:37,815 - BlankSpaceAnalyzer - INFO - -> Analyzing version 4.3.22-unstable.1 (1415/2534)...
2025-11-06 01:57:37,992 - BlankSpaceAnalyzer - INFO - -> Analyzing version 4.3.22-unstable.2 (1416/2534)...
2025-11-06 01:57:38,170 - BlankSpaceAnalyzer - INFO - -> Analyzing version 4.3.22-unstable.3 (1417/2534)...
2025-11-06 01:57:38,345 - BlankSpaceAnalyzer - INFO - -> Analyzing version 4.3.23 (1418/2534)...
2025-11-06 01:57:38,520 - BlankSpaceAnalyzer - INFO - -> Analyzing version 4.3.23-unstable.1 (1419/2534)...
2025-11-06 01:57:38,694 - BlankSpaceAnalyzer - INFO - -> Analyzing version 4.3.23-unstable.3 (1420/2534)...
2025-11-06 01:57:38,869 - BlankSpaceAnalyzer - INFO - -> Analyzing version 4.3.23-unstable.4 (1421/2534)...
2025-11-06 01:57:39,043 - BlankSpaceAnalyzer - INFO - -> Analyzing version 4.3.24 (1422/2534)...
2025-11-06 01:57:39,221 - BlankSpaceAnalyzer - INFO - -> Analyzing version 4.3.25 (1423/2534)...
2025-11-06 01:57:39,398 - BlankSpaceAnalyzer - INFO - -> Analyzing version 4.3.25-geo.13 (1424/2534)...
2025-11-06 01:57:39,573 - BlankSpaceAnalyzer - INFO - -> Analyzing version 4.3.25-geo.14 (1425/2534)...
2025-11-06 01:57:39,749 - BlankSpaceAnalyzer - INFO - -> Analyzing version 4.3.25-unstable.1 (1426/2534)...
2025-11-06 01:57:39,941 - BlankSpaceAnalyzer - INFO - -> Analyzing version 4.3.25-unstable.10 (1427/2534)...
2025-11-06 01:57:40,133 - BlankSpaceAnalyzer - INFO - -> Analyzing version 4.3.25-unstable.11 (1428/2534)...
2025-11-06 01:57:40,323 - BlankSpaceAnalyzer - INFO - -> Analyzing version 4.3.25-unstable.12 (1429/2534)...
2025-11-06 01:57:40,510 - BlankSpaceAnalyzer - INFO - -> Analyzing version 4.3.25-unstable.13 (1430/2534)...
2025-11-06 01:57:40,686 - BlankSpaceAnalyzer - INFO - -> Analyzing version 4.3.25-unstable.14 (1431/2534)...
2025-11-06 01:57:40,861 - BlankSpaceAnalyzer - INFO - -> Analyzing version 4.3.25-unstable.2 (1432/2534)...
2025-11-06 01:57:41,052 - BlankSpaceAnalyzer - INFO - -> Analyzing version 4.3.25-unstable.9 (1433/2534)...
2025-11-06 01:57:41,226 - BlankSpaceAnalyzer - INFO - -> Analyzing version 4.3.26 (1434/2534)...
2025-11-06 01:57:41,417 - BlankSpaceAnalyzer - INFO - -> Analyzing version 4.3.26-unstable.1 (1435/2534)...
2025-11-06 01:57:41,591 - BlankSpaceAnalyzer - INFO - -> Analyzing version 4.3.26-unstable.7 (1436/2534)...
2025-11-06 01:57:41,764 - BlankSpaceAnalyzer - INFO - -> Analyzing version 4.3.27 (1437/2534)...
2025-11-06 01:57:41,938 - BlankSpaceAnalyzer - INFO - -> Analyzing version 4.3.27-auth-hotfix.4 (1438/2534)...
2025-11-06 01:57:42,109 - BlankSpaceAnalyzer - INFO - -> Analyzing version 4.3.27-auth-hotfix.5 (1439/2534)...
2025-11-06 01:57:42,280 - BlankSpaceAnalyzer - INFO - -> Analyzing version 4.3.27-auto-sign-in.10 (1440/2534)...
2025-11-06 01:57:42,468 - BlankSpaceAnalyzer - INFO - -> Analyzing version 4.3.27-auto-sign-in.11 (1441/2534)...
2025-11-06 01:57:42,638 - BlankSpaceAnalyzer - INFO - -> Analyzing version 4.3.27-unstable.3 (1442/2534)...
2025-11-06 01:57:42,828 - BlankSpaceAnalyzer - INFO - -> Analyzing version 4.3.27-unstable.4 (1443/2534)...
2025-11-06 01:57:43,001 - BlankSpaceAnalyzer - INFO - -> Analyzing version 4.3.27-unstable.5 (1444/2534)...
2025-11-06 01:57:43,172 - BlankSpaceAnalyzer - INFO - -> Analyzing version 4.3.27-unstable.6 (1445/2534)...
2025-11-06 01:57:43,362 - BlankSpaceAnalyzer - INFO - -> Analyzing version 4.3.27-unstable.7 (1446/2534)...
2025-11-06 01:57:43,529 - BlankSpaceAnalyzer - INFO - -> Analyzing version 4.3.28 (1447/2534)...
2025-11-06 01:57:43,715 - BlankSpaceAnalyzer - INFO - -> Analyzing version 4.3.28-unstable.2 (1448/2534)...
2025-11-06 01:57:43,887 - BlankSpaceAnalyzer - INFO - -> Analyzing version 4.3.28-unstable.3 (1449/2534)...
2025-11-06 01:57:44,055 - BlankSpaceAnalyzer - INFO - -> Analyzing version 4.3.28-unstable.5 (1450/2534)...
2025-11-06 01:57:44,224 - BlankSpaceAnalyzer - INFO - -> Analyzing version 4.3.28-unstable.6 (1451/2534)...
2025-11-06 01:57:44,409 - BlankSpaceAnalyzer - INFO - -> Analyzing version 4.3.28-unstable.7 (1452/2534)...
2025-11-06 01:57:44,582 - BlankSpaceAnalyzer - INFO - -> Analyzing version 4.3.29 (1453/2534)...
2025-11-06 01:57:44,753 - BlankSpaceAnalyzer - INFO - -> Analyzing version 4.3.29-next.2 (1454/2534)...
2025-11-06 01:57:44,941 - BlankSpaceAnalyzer - INFO - -> Analyzing version 4.3.29-unstable.1 (1455/2534)...
2025-11-06 01:57:45,132 - BlankSpaceAnalyzer - INFO - -> Analyzing version 4.3.29-unstable.2 (1456/2534)...
2025-11-06 01:57:45,325 - BlankSpaceAnalyzer - INFO - -> Analyzing version 4.3.29-unstable.3 (1457/2534)...
2025-11-06 01:57:45,514 - BlankSpaceAnalyzer - INFO - -> Analyzing version 4.3.3 (1458/2534)...
2025-11-06 01:57:45,688 - BlankSpaceAnalyzer - INFO - -> Analyzing version 4.3.3-in-app-messaging.35 (1459/2534)...
2025-11-06 01:57:45,882 - BlankSpaceAnalyzer - INFO - -> Analyzing version 4.3.3-in-app-messaging.37 (1460/2534)...
2025-11-06 01:57:46,072 - BlankSpaceAnalyzer - INFO - -> Analyzing version 4.3.3-in-app-messaging.47 (1461/2534)...
2025-11-06 01:57:46,269 - BlankSpaceAnalyzer - INFO - -> Analyzing version 4.3.3-in-app-messaging.48 (1462/2534)...
2025-11-06 01:57:46,464 - BlankSpaceAnalyzer - INFO - -> Analyzing version 4.3.3-in-app-messaging.49 (1463/2534)...
2025-11-06 01:57:46,654 - BlankSpaceAnalyzer - INFO - -> Analyzing version 4.3.3-in-app-messaging.53 (1464/2534)...
2025-11-06 01:57:46,851 - BlankSpaceAnalyzer - INFO - -> Analyzing version 4.3.3-in-app-messaging.55 (1465/2534)...
2025-11-06 01:57:47,067 - BlankSpaceAnalyzer - INFO - -> Analyzing version 4.3.3-in-app-messaging.56 (1466/2534)...
2025-11-06 01:57:47,258 - BlankSpaceAnalyzer - INFO - -> Analyzing version 4.3.3-in-app-messaging.60 (1467/2534)...
2025-11-06 01:57:47,445 - BlankSpaceAnalyzer - INFO - -> Analyzing version 4.3.3-in-app-messaging.61 (1468/2534)...
2025-11-06 01:57:47,652 - BlankSpaceAnalyzer - INFO - -> Analyzing version 4.3.3-in-app-messaging.62 (1469/2534)...
2025-11-06 01:57:47,841 - BlankSpaceAnalyzer - INFO - -> Analyzing version 4.3.3-in-app-messaging.66 (1470/2534)...
2025-11-06 01:57:48,051 - BlankSpaceAnalyzer - INFO - -> Analyzing version 4.3.3-in-app-messaging.69 (1471/2534)...
2025-11-06 01:57:48,261 - BlankSpaceAnalyzer - INFO - -> Analyzing version 4.3.3-in-app-messaging.70 (1472/2534)...
2025-11-06 01:57:48,456 - BlankSpaceAnalyzer - INFO - -> Analyzing version 4.3.3-unstable.10 (1473/2534)...
2025-11-06 01:57:48,627 - BlankSpaceAnalyzer - INFO - -> Analyzing version 4.3.3-unstable.11 (1474/2534)...
2025-11-06 01:57:48,815 - BlankSpaceAnalyzer - INFO - -> Analyzing version 4.3.3-unstable.3 (1475/2534)...
2025-11-06 01:57:48,984 - BlankSpaceAnalyzer - INFO - -> Analyzing version 4.3.3-unstable.4 (1476/2534)...
2025-11-06 01:57:49,152 - BlankSpaceAnalyzer - INFO - -> Analyzing version 4.3.3-unstable.6 (1477/2534)...
2025-11-06 01:57:49,342 - BlankSpaceAnalyzer - INFO - -> Analyzing version 4.3.3-unstable.9 (1478/2534)...
2025-11-06 01:57:49,531 - BlankSpaceAnalyzer - INFO - -> Analyzing version 4.3.30 (1479/2534)...
2025-11-06 01:57:49,714 - BlankSpaceAnalyzer - INFO - -> Analyzing version 4.3.30-unstable.2 (1480/2534)...
2025-11-06 01:57:49,884 - BlankSpaceAnalyzer - INFO - -> Analyzing version 4.3.30-unstable.3 (1481/2534)...
2025-11-06 01:57:50,055 - BlankSpaceAnalyzer - INFO - -> Analyzing version 4.3.30-unstable.4 (1482/2534)...
2025-11-06 01:57:50,222 - BlankSpaceAnalyzer - INFO - -> Analyzing version 4.3.30-unstable.5 (1483/2534)...
2025-11-06 01:57:50,393 - BlankSpaceAnalyzer - INFO - -> Analyzing version 4.3.31 (1484/2534)...
2025-11-06 01:57:50,560 - BlankSpaceAnalyzer - INFO - -> Analyzing version 4.3.31-clean-npm-artifacts.25 (1485/2534)...
2025-11-06 01:57:50,600 - BlankSpaceAnalyzer - INFO - -> Analyzing version 4.3.31-next.13 (1486/2534)...
2025-11-06 01:57:50,794 - BlankSpaceAnalyzer - INFO - -> Analyzing version 4.3.31-next.20 (1487/2534)...
2025-11-06 01:57:50,981 - BlankSpaceAnalyzer - INFO - -> Analyzing version 4.3.31-next.32 (1488/2534)...
2025-11-06 01:57:51,021 - BlankSpaceAnalyzer - INFO - -> Analyzing version 4.3.31-next.36 (1489/2534)...
2025-11-06 01:57:51,061 - BlankSpaceAnalyzer - INFO - -> Analyzing version 4.3.31-next.41 (1490/2534)...
2025-11-06 01:57:51,102 - BlankSpaceAnalyzer - INFO - -> Analyzing version 4.3.31-next.44 (1491/2534)...
2025-11-06 01:57:51,144 - BlankSpaceAnalyzer - INFO - -> Analyzing version 4.3.31-next.45 (1492/2534)...
2025-11-06 01:57:51,188 - BlankSpaceAnalyzer - INFO - -> Analyzing version 4.3.31-next.46 (1493/2534)...
2025-11-06 01:57:51,232 - BlankSpaceAnalyzer - INFO - -> Analyzing version 4.3.31-next.48 (1494/2534)...
2025-11-06 01:57:51,276 - BlankSpaceAnalyzer - INFO - -> Analyzing version 4.3.31-next.50 (1495/2534)...
2025-11-06 01:57:51,321 - BlankSpaceAnalyzer - INFO - -> Analyzing version 4.3.31-next.51 (1496/2534)...
2025-11-06 01:57:51,366 - BlankSpaceAnalyzer - INFO - -> Analyzing version 4.3.31-next.54 (1497/2534)...
2025-11-06 01:57:51,410 - BlankSpaceAnalyzer - INFO - -> Analyzing version 4.3.31-next.57 (1498/2534)...
2025-11-06 01:57:51,455 - BlankSpaceAnalyzer - INFO - -> Analyzing version 4.3.31-next.61 (1499/2534)...
2025-11-06 01:57:51,500 - BlankSpaceAnalyzer - INFO - -> Analyzing version 4.3.31-next.62 (1500/2534)...
2025-11-06 01:57:51,544 - BlankSpaceAnalyzer - INFO - -> Analyzing version 4.3.31-next.65 (1501/2534)...
2025-11-06 01:57:51,588 - BlankSpaceAnalyzer - INFO - -> Analyzing version 4.3.31-next.69 (1502/2534)...
2025-11-06 01:57:51,632 - BlankSpaceAnalyzer - INFO - -> Analyzing version 4.3.31-next.70 (1503/2534)...
2025-11-06 01:57:51,677 - BlankSpaceAnalyzer - INFO - -> Analyzing version 4.3.31-size-improvement.21 (1504/2534)...
2025-11-06 01:57:51,868 - BlankSpaceAnalyzer - INFO - -> Analyzing version 4.3.31-unstable.11 (1505/2534)...
2025-11-06 01:57:52,038 - BlankSpaceAnalyzer - INFO - -> Analyzing version 4.3.31-unstable.13 (1506/2534)...
2025-11-06 01:57:52,222 - BlankSpaceAnalyzer - INFO - -> Analyzing version 4.3.32 (1507/2534)...
2025-11-06 01:57:52,409 - BlankSpaceAnalyzer - INFO - -> Analyzing version 4.3.32-unstable.4 (1508/2534)...
2025-11-06 01:57:52,583 - BlankSpaceAnalyzer - INFO - -> Analyzing version 4.3.32-unstable.5 (1509/2534)...
2025-11-06 01:57:52,752 - BlankSpaceAnalyzer - INFO - -> Analyzing version 4.3.33 (1510/2534)...
2025-11-06 01:57:52,940 - BlankSpaceAnalyzer - INFO - -> Analyzing version 4.3.34 (1511/2534)...
2025-11-06 01:57:53,124 - BlankSpaceAnalyzer - INFO - -> Analyzing version 4.3.34-unstable.1 (1512/2534)...
2025-11-06 01:57:53,311 - BlankSpaceAnalyzer - INFO - -> Analyzing version 4.3.34-unstable.6 (1513/2534)...
2025-11-06 01:57:53,507 - BlankSpaceAnalyzer - INFO - -> Analyzing version 4.3.35 (1514/2534)...
2025-11-06 01:57:53,689 - BlankSpaceAnalyzer - INFO - -> Analyzing version 4.3.36 (1515/2534)...
2025-11-06 01:57:53,865 - BlankSpaceAnalyzer - INFO - -> Analyzing version 4.3.36-baby-fix.10 (1516/2534)...
2025-11-06 01:57:54,043 - BlankSpaceAnalyzer - INFO - -> Analyzing version 4.3.36-legacy-ui.10 (1517/2534)...
2025-11-06 01:57:54,238 - BlankSpaceAnalyzer - INFO - -> Analyzing version 4.3.36-sideEffects-storage.14 (1518/2534)...
2025-11-06 01:57:54,436 - BlankSpaceAnalyzer - INFO - -> Analyzing version 4.3.36-unstable.1 (1519/2534)...
2025-11-06 01:57:54,633 - BlankSpaceAnalyzer - INFO - -> Analyzing version 4.3.36-unstable.3 (1520/2534)...
2025-11-06 01:57:54,835 - BlankSpaceAnalyzer - INFO - -> Analyzing version 4.3.36-unstable.5 (1521/2534)...
2025-11-06 01:57:55,011 - BlankSpaceAnalyzer - INFO - -> Analyzing version 4.3.36-unstable.6 (1522/2534)...
2025-11-06 01:57:55,187 - BlankSpaceAnalyzer - INFO - -> Analyzing version 4.3.36-unstable.8 (1523/2534)...
2025-11-06 01:57:55,363 - BlankSpaceAnalyzer - INFO - -> Analyzing version 4.3.37 (1524/2534)...
2025-11-06 01:57:55,560 - BlankSpaceAnalyzer - INFO - -> Analyzing version 4.3.38 (1525/2534)...
2025-11-06 01:57:55,737 - BlankSpaceAnalyzer - INFO - -> Analyzing version 4.3.38-custom-pk.1 (1526/2534)...
2025-11-06 01:57:55,937 - BlankSpaceAnalyzer - INFO - -> Analyzing version 4.3.38-ds-allow-applicable-data.6 (1527/2534)...
2025-11-06 01:57:56,137 - BlankSpaceAnalyzer - INFO - -> Analyzing version 4.3.38-legacy-ui-tests.14 (1528/2534)...
2025-11-06 01:57:56,334 - BlankSpaceAnalyzer - INFO - -> Analyzing version 4.3.38-legacy-ui-tests.6 (1529/2534)...
2025-11-06 01:57:56,532 - BlankSpaceAnalyzer - INFO - -> Analyzing version 4.3.38-unstable.1 (1530/2534)...
2025-11-06 01:57:56,731 - BlankSpaceAnalyzer - INFO - -> Analyzing version 4.3.38-unstable.11 (1531/2534)...
2025-11-06 01:57:56,926 - BlankSpaceAnalyzer - INFO - -> Analyzing version 4.3.38-unstable.13 (1532/2534)...
2025-11-06 01:57:57,121 - BlankSpaceAnalyzer - INFO - -> Analyzing version 4.3.38-unstable.14 (1533/2534)...
2025-11-06 01:57:57,304 - BlankSpaceAnalyzer - INFO - -> Analyzing version 4.3.38-unstable.15 (1534/2534)...
2025-11-06 01:57:57,485 - BlankSpaceAnalyzer - INFO - -> Analyzing version 4.3.38-unstable.2 (1535/2534)...
2025-11-06 01:57:57,661 - BlankSpaceAnalyzer - INFO - -> Analyzing version 4.3.38-unstable.7 (1536/2534)...
2025-11-06 01:57:57,845 - BlankSpaceAnalyzer - INFO - -> Analyzing version 4.3.39 (1537/2534)...
2025-11-06 01:57:58,024 - BlankSpaceAnalyzer - INFO - -> Analyzing version 4.3.39-unstable.1 (1538/2534)...
2025-11-06 01:57:58,207 - BlankSpaceAnalyzer - INFO - -> Analyzing version 4.3.39-unstable.3 (1539/2534)...
2025-11-06 01:57:58,385 - BlankSpaceAnalyzer - INFO - -> Analyzing version 4.3.4 (1540/2534)...
2025-11-06 01:57:58,563 - BlankSpaceAnalyzer - INFO - -> Analyzing version 4.3.4-unstable.1 (1541/2534)...
2025-11-06 01:57:58,730 - BlankSpaceAnalyzer - INFO - -> Analyzing version 4.3.4-unstable.2 (1542/2534)...
2025-11-06 01:57:58,914 - BlankSpaceAnalyzer - INFO - -> Analyzing version 4.3.4-unstable.3 (1543/2534)...
2025-11-06 01:57:59,084 - BlankSpaceAnalyzer - INFO - -> Analyzing version 4.3.4-unstable.5 (1544/2534)...
2025-11-06 01:57:59,262 - BlankSpaceAnalyzer - INFO - -> Analyzing version 4.3.4-unstable.6 (1545/2534)...
2025-11-06 01:57:59,439 - BlankSpaceAnalyzer - INFO - -> Analyzing version 4.3.4-unstable.7 (1546/2534)...
2025-11-06 01:57:59,636 - BlankSpaceAnalyzer - INFO - -> Analyzing version 4.3.4-unstable.8 (1547/2534)...
2025-11-06 01:57:59,834 - BlankSpaceAnalyzer - INFO - -> Analyzing version 4.3.40 (1548/2534)...
2025-11-06 01:58:00,034 - BlankSpaceAnalyzer - INFO - -> Analyzing version 4.3.40-unstable.10 (1549/2534)...
2025-11-06 01:58:00,238 - BlankSpaceAnalyzer - INFO - -> Analyzing version 4.3.40-unstable.2 (1550/2534)...
2025-11-06 01:58:00,439 - BlankSpaceAnalyzer - INFO - -> Analyzing version 4.3.40-unstable.3 (1551/2534)...
2025-11-06 01:58:00,616 - BlankSpaceAnalyzer - INFO - -> Analyzing version 4.3.41 (1552/2534)...
2025-11-06 01:58:00,813 - BlankSpaceAnalyzer - INFO - -> Analyzing version 4.3.41-unstable.1 (1553/2534)...
2025-11-06 01:58:00,997 - BlankSpaceAnalyzer - INFO - -> Analyzing version 4.3.42 (1554/2534)...
2025-11-06 01:58:01,179 - BlankSpaceAnalyzer - INFO - -> Analyzing version 4.3.42-unstable.5 (1555/2534)...
2025-11-06 01:58:01,361 - BlankSpaceAnalyzer - INFO - -> Analyzing version 4.3.42-unstable.6 (1556/2534)...
2025-11-06 01:58:01,539 - BlankSpaceAnalyzer - INFO - -> Analyzing version 4.3.43 (1557/2534)...
2025-11-06 01:58:01,740 - BlankSpaceAnalyzer - INFO - -> Analyzing version 4.3.43-unstable.4 (1558/2534)...
2025-11-06 01:58:01,943 - BlankSpaceAnalyzer - INFO - -> Analyzing version 4.3.44 (1559/2534)...
2025-11-06 01:58:02,142 - BlankSpaceAnalyzer - INFO - -> Analyzing version 4.3.44-unstable.2 (1560/2534)...
2025-11-06 01:58:02,181 - BlankSpaceAnalyzer - INFO - -> Analyzing version 4.3.44-unstable.4 (1561/2534)...
2025-11-06 01:58:02,223 - BlankSpaceAnalyzer - INFO - -> Analyzing version 4.3.45 (1562/2534)...
2025-11-06 01:58:02,418 - BlankSpaceAnalyzer - INFO - -> Analyzing version 4.3.46 (1563/2534)...
2025-11-06 01:58:02,596 - BlankSpaceAnalyzer - INFO - -> Analyzing version 4.3.5 (1564/2534)...
2025-11-06 01:58:02,773 - BlankSpaceAnalyzer - INFO - -> Analyzing version 4.3.5-unstable.1 (1565/2534)...
2025-11-06 01:58:02,948 - BlankSpaceAnalyzer - INFO - -> Analyzing version 4.3.5-unstable.2 (1566/2534)...
2025-11-06 01:58:03,124 - BlankSpaceAnalyzer - INFO - -> Analyzing version 4.3.5-unstable.4 (1567/2534)...
2025-11-06 01:58:03,300 - BlankSpaceAnalyzer - INFO - -> Analyzing version 4.3.5-unstable.5 (1568/2534)...
2025-11-06 01:58:03,490 - BlankSpaceAnalyzer - INFO - -> Analyzing version 4.3.5-unstable.6 (1569/2534)...
2025-11-06 01:58:03,669 - BlankSpaceAnalyzer - INFO - -> Analyzing version 4.3.5-unstable.7 (1570/2534)...
2025-11-06 01:58:03,841 - BlankSpaceAnalyzer - INFO - -> Analyzing version 4.3.5-unstable.8 (1571/2534)...
2025-11-06 01:58:04,038 - BlankSpaceAnalyzer - INFO - -> Analyzing version 4.3.6 (1572/2534)...
2025-11-06 01:58:04,233 - BlankSpaceAnalyzer - INFO - -> Analyzing version 4.3.6-unstable.3 (1573/2534)...
2025-11-06 01:58:04,425 - BlankSpaceAnalyzer - INFO - -> Analyzing version 4.3.6-unstable.4 (1574/2534)...
2025-11-06 01:58:04,616 - BlankSpaceAnalyzer - INFO - -> Analyzing version 4.3.6-unstable.9 (1575/2534)...
2025-11-06 01:58:04,792 - BlankSpaceAnalyzer - INFO - -> Analyzing version 4.3.7 (1576/2534)...
2025-11-06 01:58:04,967 - BlankSpaceAnalyzer - INFO - -> Analyzing version 4.3.7-unstable.1 (1577/2534)...
2025-11-06 01:58:05,142 - BlankSpaceAnalyzer - INFO - -> Analyzing version 4.3.8 (1578/2534)...
2025-11-06 01:58:05,336 - BlankSpaceAnalyzer - INFO - -> Analyzing version 4.3.8-unstable.1 (1579/2534)...
2025-11-06 01:58:05,534 - BlankSpaceAnalyzer - INFO - -> Analyzing version 4.3.8-unstable.2 (1580/2534)...
2025-11-06 01:58:05,732 - BlankSpaceAnalyzer - INFO - -> Analyzing version 4.3.9 (1581/2534)...
2025-11-06 01:58:05,909 - BlankSpaceAnalyzer - INFO - -> Analyzing version 4.3.9-unstable.1 (1582/2534)...
2025-11-06 01:58:06,085 - BlankSpaceAnalyzer - INFO - -> Analyzing version 4.3.9-unstable.2 (1583/2534)...
2025-11-06 01:58:06,263 - BlankSpaceAnalyzer - INFO - -> Analyzing version 4.3.9-unstable.3 (1584/2534)...
2025-11-06 01:58:06,444 - BlankSpaceAnalyzer - INFO - -> Analyzing version 4.3.9-unstable.4 (1585/2534)...
2025-11-06 01:58:06,639 - BlankSpaceAnalyzer - INFO - -> Analyzing version 4.3.9-unstable.5 (1586/2534)...
2025-11-06 01:58:06,815 - BlankSpaceAnalyzer - INFO - -> Analyzing version 4.3.9-unstable.6 (1587/2534)...
2025-11-06 01:58:06,991 - BlankSpaceAnalyzer - INFO - -> Analyzing version 5.0.0 (1588/2534)...
2025-11-06 01:58:07,031 - BlankSpaceAnalyzer - INFO - -> Analyzing version 5.0.1 (1589/2534)...
2025-11-06 01:58:07,070 - BlankSpaceAnalyzer - INFO - -> Analyzing version 5.0.1-unstable.4 (1590/2534)...
2025-11-06 01:58:07,110 - BlankSpaceAnalyzer - INFO - -> Analyzing version 5.0.1-unstable.6 (1591/2534)...
2025-11-06 01:58:07,153 - BlankSpaceAnalyzer - INFO - -> Analyzing version 5.0.1-unstable.7 (1592/2534)...
2025-11-06 01:58:07,198 - BlankSpaceAnalyzer - INFO - -> Analyzing version 5.0.1-unstable.8 (1593/2534)...
2025-11-06 01:58:07,242 - BlankSpaceAnalyzer - INFO - -> Analyzing version 5.0.10 (1594/2534)...
2025-11-06 01:58:07,287 - BlankSpaceAnalyzer - INFO - -> Analyzing version 5.0.10-unstableV5.4 (1595/2534)...
2025-11-06 01:58:07,333 - BlankSpaceAnalyzer - INFO - -> Analyzing version 5.0.10-unstableV5.5 (1596/2534)...
2025-11-06 01:58:07,376 - BlankSpaceAnalyzer - INFO - -> Analyzing version 5.0.10-unstableV5.6 (1597/2534)...
2025-11-06 01:58:07,420 - BlankSpaceAnalyzer - INFO - -> Analyzing version 5.0.11 (1598/2534)...
2025-11-06 01:58:07,466 - BlankSpaceAnalyzer - INFO - -> Analyzing version 5.0.11-unstableV5.4 (1599/2534)...
2025-11-06 01:58:07,512 - BlankSpaceAnalyzer - INFO - -> Analyzing version 5.0.11-unstableV5.5 (1600/2534)...
2025-11-06 01:58:07,555 - BlankSpaceAnalyzer - INFO - -> Analyzing version 5.0.11-unstableV5.6 (1601/2534)...
2025-11-06 01:58:07,599 - BlankSpaceAnalyzer - INFO - -> Analyzing version 5.0.11-unstableV5.7 (1602/2534)...
2025-11-06 01:58:07,643 - BlankSpaceAnalyzer - INFO - -> Analyzing version 5.0.12 (1603/2534)...
2025-11-06 01:58:07,690 - BlankSpaceAnalyzer - INFO - -> Analyzing version 5.0.12-unstableV5.10 (1604/2534)...
2025-11-06 01:58:07,733 - BlankSpaceAnalyzer - INFO - -> Analyzing version 5.0.12-unstableV5.5 (1605/2534)...
2025-11-06 01:58:07,778 - BlankSpaceAnalyzer - INFO - -> Analyzing version 5.0.12-unstableV5.6 (1606/2534)...
2025-11-06 01:58:07,824 - BlankSpaceAnalyzer - INFO - -> Analyzing version 5.0.12-unstableV5.7 (1607/2534)...
2025-11-06 01:58:07,867 - BlankSpaceAnalyzer - INFO - -> Analyzing version 5.0.12-unstableV5.8 (1608/2534)...
2025-11-06 01:58:07,912 - BlankSpaceAnalyzer - INFO - -> Analyzing version 5.0.12-unstableV5.9 (1609/2534)...
2025-11-06 01:58:07,956 - BlankSpaceAnalyzer - INFO - -> Analyzing version 5.0.12-upgrade-uuid-9.20 (1610/2534)...
2025-11-06 01:58:08,001 - BlankSpaceAnalyzer - INFO - -> Analyzing version 5.0.13 (1611/2534)...
2025-11-06 01:58:08,046 - BlankSpaceAnalyzer - INFO - -> Analyzing version 5.0.13-push-notification-dryrun.43 (1612/2534)...
2025-11-06 01:58:08,090 - BlankSpaceAnalyzer - INFO - -> Analyzing version 5.0.13-unstableV5.10 (1613/2534)...
2025-11-06 01:58:08,134 - BlankSpaceAnalyzer - INFO - -> Analyzing version 5.0.13-unstableV5.8 (1614/2534)...
2025-11-06 01:58:08,178 - BlankSpaceAnalyzer - INFO - -> Analyzing version 5.0.14 (1615/2534)...
2025-11-06 01:58:08,223 - BlankSpaceAnalyzer - INFO - -> Analyzing version 5.0.14-unstable-v5.5 (1616/2534)...
2025-11-06 01:58:08,267 - BlankSpaceAnalyzer - INFO - -> Analyzing version 5.0.15 (1617/2534)...
2025-11-06 01:58:08,313 - BlankSpaceAnalyzer - INFO - -> Analyzing version 5.0.15-unstable-v5.1 (1618/2534)...
2025-11-06 01:58:08,357 - BlankSpaceAnalyzer - INFO - -> Analyzing version 5.0.15-unstable-v5.3 (1619/2534)...
2025-11-06 01:58:08,402 - BlankSpaceAnalyzer - INFO - -> Analyzing version 5.0.15-unstable-v5.5 (1620/2534)...
2025-11-06 01:58:08,447 - BlankSpaceAnalyzer - INFO - -> Analyzing version 5.0.15-unstable-v5.6 (1621/2534)...
2025-11-06 01:58:08,492 - BlankSpaceAnalyzer - INFO - -> Analyzing version 5.0.15-unstable-v5.7 (1622/2534)...
2025-11-06 01:58:08,539 - BlankSpaceAnalyzer - INFO - -> Analyzing version 5.0.15-unstable-v5.8 (1623/2534)...
2025-11-06 01:58:08,582 - BlankSpaceAnalyzer - INFO - -> Analyzing version 5.0.16 (1624/2534)...
2025-11-06 01:58:08,626 - BlankSpaceAnalyzer - INFO - -> Analyzing version 5.0.16-deployment-test.4 (1625/2534)...
2025-11-06 01:58:08,670 - BlankSpaceAnalyzer - INFO - -> Analyzing version 5.0.16-inject-packages.4 (1626/2534)...
2025-11-06 01:58:08,715 - BlankSpaceAnalyzer - INFO - -> Analyzing version 5.0.16-inject-packages.6 (1627/2534)...
2025-11-06 01:58:08,759 - BlankSpaceAnalyzer - INFO - -> Analyzing version 5.0.16-inject-packages.8 (1628/2534)...
2025-11-06 01:58:08,803 - BlankSpaceAnalyzer - INFO - -> Analyzing version 5.0.16-scoped-poc.18 (1629/2534)...
2025-11-06 01:58:08,847 - BlankSpaceAnalyzer - INFO - -> Analyzing version 5.0.16-scoped-poc.22 (1630/2534)...
2025-11-06 01:58:08,892 - BlankSpaceAnalyzer - INFO - -> Analyzing version 5.0.16-scoped-poc.25 (1631/2534)...
2025-11-06 01:58:08,936 - BlankSpaceAnalyzer - INFO - -> Analyzing version 5.0.16-scoped-poc.26 (1632/2534)...
2025-11-06 01:58:08,980 - BlankSpaceAnalyzer - INFO - -> Analyzing version 5.0.16-scoped-poc.27 (1633/2534)...
2025-11-06 01:58:09,025 - BlankSpaceAnalyzer - INFO - -> Analyzing version 5.0.16-unstable-v5.8 (1634/2534)...
2025-11-06 01:58:09,069 - BlankSpaceAnalyzer - INFO - -> Analyzing version 5.0.17 (1635/2534)...
2025-11-06 01:58:09,113 - BlankSpaceAnalyzer - INFO - -> Analyzing version 5.0.17-unstable-v5.3 (1636/2534)...
2025-11-06 01:58:09,157 - BlankSpaceAnalyzer - INFO - -> Analyzing version 5.0.17-unstable-v5.6 (1637/2534)...
2025-11-06 01:58:09,202 - BlankSpaceAnalyzer - INFO - -> Analyzing version 5.0.17-unstable-v5.7 (1638/2534)...
2025-11-06 01:58:09,246 - BlankSpaceAnalyzer - INFO - -> Analyzing version 5.0.18 (1639/2534)...
2025-11-06 01:58:09,290 - BlankSpaceAnalyzer - INFO - -> Analyzing version 5.0.18-unstable-v5.1 (1640/2534)...
2025-11-06 01:58:09,335 - BlankSpaceAnalyzer - INFO - -> Analyzing version 5.0.18-unstable-v5.5 (1641/2534)...
2025-11-06 01:58:09,379 - BlankSpaceAnalyzer - INFO - -> Analyzing version 5.0.19 (1642/2534)...
2025-11-06 01:58:09,423 - BlankSpaceAnalyzer - INFO - -> Analyzing version 5.0.19-unstable-v5.3 (1643/2534)...
2025-11-06 01:58:09,468 - BlankSpaceAnalyzer - INFO - -> Analyzing version 5.0.19-unstable-v5.4 (1644/2534)...
2025-11-06 01:58:09,513 - BlankSpaceAnalyzer - INFO - -> Analyzing version 5.0.19-unstable-v5.5 (1645/2534)...
2025-11-06 01:58:09,556 - BlankSpaceAnalyzer - INFO - -> Analyzing version 5.0.19-unstable-v5.6 (1646/2534)...
2025-11-06 01:58:09,603 - BlankSpaceAnalyzer - INFO - -> Analyzing version 5.0.2 (1647/2534)...
2025-11-06 01:58:09,646 - BlankSpaceAnalyzer - INFO - -> Analyzing version 5.0.2-unstable.2 (1648/2534)...
2025-11-06 01:58:09,690 - BlankSpaceAnalyzer - INFO - -> Analyzing version 5.0.2-unstable.3 (1649/2534)...
2025-11-06 01:58:09,734 - BlankSpaceAnalyzer - INFO - -> Analyzing version 5.0.2-unstable.7 (1650/2534)...
2025-11-06 01:58:09,779 - BlankSpaceAnalyzer - INFO - -> Analyzing version 5.0.2-unstable.8 (1651/2534)...
2025-11-06 01:58:09,823 - BlankSpaceAnalyzer - INFO - -> Analyzing version 5.0.2-unstable.9 (1652/2534)...
2025-11-06 01:58:09,871 - BlankSpaceAnalyzer - INFO - -> Analyzing version 5.0.20 (1653/2534)...
2025-11-06 01:58:09,915 - BlankSpaceAnalyzer - INFO - -> Analyzing version 5.0.20-unstableV5.3 (1654/2534)...
2025-11-06 01:58:09,960 - BlankSpaceAnalyzer - INFO - -> Analyzing version 5.0.21 (1655/2534)...
2025-11-06 01:58:10,004 - BlankSpaceAnalyzer - INFO - -> Analyzing version 5.0.21-unstableV5.2 (1656/2534)...
2025-11-06 01:58:10,048 - BlankSpaceAnalyzer - INFO - -> Analyzing version 5.0.21-unstableV5.5 (1657/2534)...
2025-11-06 01:58:10,093 - BlankSpaceAnalyzer - INFO - -> Analyzing version 5.0.22 (1658/2534)...
2025-11-06 01:58:10,136 - BlankSpaceAnalyzer - INFO - -> Analyzing version 5.0.22-unstableV5.3 (1659/2534)...
2025-11-06 01:58:10,181 - BlankSpaceAnalyzer - INFO - -> Analyzing version 5.0.22-unstableV5.4 (1660/2534)...
2025-11-06 01:58:10,227 - BlankSpaceAnalyzer - INFO - -> Analyzing version 5.0.22-v5-custom-clients.01c3c15.35 (1661/2534)...
2025-11-06 01:58:10,271 - BlankSpaceAnalyzer - INFO - -> Analyzing version 5.0.22-v5-custom-clients.0c43bb3.44 (1662/2534)...
2025-11-06 01:58:10,315 - BlankSpaceAnalyzer - INFO - -> Analyzing version 5.0.22-v5-custom-clients.0cebaf5.10 (1663/2534)...
2025-11-06 01:58:10,359 - BlankSpaceAnalyzer - INFO - -> Analyzing version 5.0.22-v5-custom-clients.0dab406.54 (1664/2534)...
2025-11-06 01:58:10,404 - BlankSpaceAnalyzer - INFO - -> Analyzing version 5.0.22-v5-custom-clients.24a8b0f.33 (1665/2534)...
2025-11-06 01:58:10,448 - BlankSpaceAnalyzer - INFO - -> Analyzing version 5.0.22-v5-custom-clients.33d858d.49 (1666/2534)...
2025-11-06 01:58:10,492 - BlankSpaceAnalyzer - INFO - -> Analyzing version 5.0.22-v5-custom-clients.3e2c1a9.47 (1667/2534)...
2025-11-06 01:58:10,536 - BlankSpaceAnalyzer - INFO - -> Analyzing version 5.0.22-v5-custom-clients.4085319.53 (1668/2534)...
2025-11-06 01:58:10,580 - BlankSpaceAnalyzer - INFO - -> Analyzing version 5.0.22-v5-custom-clients.45a4f4d.41 (1669/2534)...
2025-11-06 01:58:10,626 - BlankSpaceAnalyzer - INFO - -> Analyzing version 5.0.22-v5-custom-clients.475f26b.9 (1670/2534)...
2025-11-06 01:58:10,670 - BlankSpaceAnalyzer - INFO - -> Analyzing version 5.0.22-v5-custom-clients.5193e71.56 (1671/2534)...
2025-11-06 01:58:10,714 - BlankSpaceAnalyzer - INFO - -> Analyzing version 5.0.22-v5-custom-clients.524e17b.26 (1672/2534)...
2025-11-06 01:58:10,758 - BlankSpaceAnalyzer - INFO - -> Analyzing version 5.0.22-v5-custom-clients.53aa94f.42 (1673/2534)...
2025-11-06 01:58:10,805 - BlankSpaceAnalyzer - INFO - -> Analyzing version 5.0.22-v5-custom-clients.62fa528.29 (1674/2534)...
2025-11-06 01:58:10,848 - BlankSpaceAnalyzer - INFO - -> Analyzing version 5.0.22-v5-custom-clients.6753b7a.57 (1675/2534)...
2025-11-06 01:58:10,893 - BlankSpaceAnalyzer - INFO - -> Analyzing version 5.0.22-v5-custom-clients.835b74f.46 (1676/2534)...
2025-11-06 01:58:10,937 - BlankSpaceAnalyzer - INFO - -> Analyzing version 5.0.22-v5-custom-clients.8eb1853.31 (1677/2534)...
2025-11-06 01:58:10,981 - BlankSpaceAnalyzer - INFO - -> Analyzing version 5.0.22-v5-custom-clients.94da23c.31 (1678/2534)...
2025-11-06 01:58:11,026 - BlankSpaceAnalyzer - INFO - -> Analyzing version 5.0.22-v5-custom-clients.9efe09a.45 (1679/2534)...
2025-11-06 01:58:11,071 - BlankSpaceAnalyzer - INFO - -> Analyzing version 5.0.22-v5-custom-clients.a9d5cc1.30 (1680/2534)...
2025-11-06 01:58:11,115 - BlankSpaceAnalyzer - INFO - -> Analyzing version 5.0.22-v5-custom-clients.b24b336.48 (1681/2534)...
2025-11-06 01:58:11,159 - BlankSpaceAnalyzer - INFO - -> Analyzing version 5.0.22-v5-custom-clients.b546440.63 (1682/2534)...
2025-11-06 01:58:11,203 - BlankSpaceAnalyzer - INFO - -> Analyzing version 5.0.22-v5-custom-clients.b9b5c47.25 (1683/2534)...
2025-11-06 01:58:11,248 - BlankSpaceAnalyzer - INFO - -> Analyzing version 5.0.22-v5-custom-clients.bc79b21.7 (1684/2534)...
2025-11-06 01:58:11,292 - BlankSpaceAnalyzer - INFO - -> Analyzing version 5.0.22-v5-custom-clients.d32b70a.64 (1685/2534)...
2025-11-06 01:58:11,337 - BlankSpaceAnalyzer - INFO - -> Analyzing version 5.0.22-v5-custom-clients.e718b47.33 (1686/2534)...
2025-11-06 01:58:11,381 - BlankSpaceAnalyzer - INFO - -> Analyzing version 5.0.22-v5-custom-clients.f576be5.32 (1687/2534)...
2025-11-06 01:58:11,425 - BlankSpaceAnalyzer - INFO - -> Analyzing version 5.0.22-v5-custom-clients.f5eae22.53 (1688/2534)...
2025-11-06 01:58:11,469 - BlankSpaceAnalyzer - INFO - -> Analyzing version 5.0.22-v5-custom-user-agent.019b5b1.36 (1689/2534)...
2025-11-06 01:58:11,513 - BlankSpaceAnalyzer - INFO - -> Analyzing version 5.0.22-v5-custom-user-agent.03aa356.37 (1690/2534)...
2025-11-06 01:58:11,557 - BlankSpaceAnalyzer - INFO - -> Analyzing version 5.0.22-v5-custom-user-agent.046f308.12 (1691/2534)...
2025-11-06 01:58:11,602 - BlankSpaceAnalyzer - INFO - -> Analyzing version 5.0.22-v5-custom-user-agent.0a01153.24 (1692/2534)...
2025-11-06 01:58:11,646 - BlankSpaceAnalyzer - INFO - -> Analyzing version 5.0.22-v5-custom-user-agent.0b053b3.23 (1693/2534)...
2025-11-06 01:58:11,690 - BlankSpaceAnalyzer - INFO - -> Analyzing version 5.0.22-v5-custom-user-agent.244ade3.38 (1694/2534)...
2025-11-06 01:58:11,734 - BlankSpaceAnalyzer - INFO - -> Analyzing version 5.0.22-v5-custom-user-agent.4315ba0.25 (1695/2534)...
2025-11-06 01:58:11,778 - BlankSpaceAnalyzer - INFO - -> Analyzing version 5.0.22-v5-custom-user-agent.460ce37.26 (1696/2534)...
2025-11-06 01:58:11,823 - BlankSpaceAnalyzer - INFO - -> Analyzing version 5.0.22-v5-custom-user-agent.55b1fa5.31 (1697/2534)...
2025-11-06 01:58:11,867 - BlankSpaceAnalyzer - INFO - -> Analyzing version 5.0.22-v5-custom-user-agent.62bb7a1.20 (1698/2534)...
2025-11-06 01:58:11,912 - BlankSpaceAnalyzer - INFO - -> Analyzing version 5.0.22-v5-custom-user-agent.663a5ed.27 (1699/2534)...
2025-11-06 01:58:11,957 - BlankSpaceAnalyzer - INFO - -> Analyzing version 5.0.22-v5-custom-user-agent.66e059e.29 (1700/2534)...
2025-11-06 01:58:12,001 - BlankSpaceAnalyzer - INFO - -> Analyzing version 5.0.22-v5-custom-user-agent.9fe4a5e.14 (1701/2534)...
2025-11-06 01:58:12,047 - BlankSpaceAnalyzer - INFO - -> Analyzing version 5.0.22-v5-custom-user-agent.d295bd1.21 (1702/2534)...
2025-11-06 01:58:12,091 - BlankSpaceAnalyzer - INFO - -> Analyzing version 5.0.22-v5-custom-user-agent.e5115ef.22 (1703/2534)...
2025-11-06 01:58:12,138 - BlankSpaceAnalyzer - INFO - -> Analyzing version 5.0.22-v5-custom-user-agent.f73abd2.28 (1704/2534)...
2025-11-06 01:58:12,182 - BlankSpaceAnalyzer - INFO - -> Analyzing version 5.0.22-v5-custom-user-agent.f95d10d.42 (1705/2534)...
2025-11-06 01:58:12,226 - BlankSpaceAnalyzer - INFO - -> Analyzing version 5.0.23 (1706/2534)...
2025-11-06 01:58:12,269 - BlankSpaceAnalyzer - INFO - -> Analyzing version 5.0.23-unstableV5.2 (1707/2534)...
2025-11-06 01:58:12,314 - BlankSpaceAnalyzer - INFO - -> Analyzing version 5.0.23-unstableV5.3 (1708/2534)...
2025-11-06 01:58:12,358 - BlankSpaceAnalyzer - INFO - -> Analyzing version 5.0.23-unstableV5.4 (1709/2534)...
2025-11-06 01:58:12,402 - BlankSpaceAnalyzer - INFO - -> Analyzing version 5.0.23-unstableV5.5 (1710/2534)...
2025-11-06 01:58:12,447 - BlankSpaceAnalyzer - INFO - -> Analyzing version 5.0.23-unstableV5.8 (1711/2534)...
2025-11-06 01:58:12,491 - BlankSpaceAnalyzer - INFO - -> Analyzing version 5.0.24 (1712/2534)...
2025-11-06 01:58:12,536 - BlankSpaceAnalyzer - INFO - -> Analyzing version 5.0.24-lerna-upgrade.11 (1713/2534)...
2025-11-06 01:58:12,580 - BlankSpaceAnalyzer - INFO - -> Analyzing version 5.0.24-lerna-upgrade.26e03d7.13 (1714/2534)...
2025-11-06 01:58:12,624 - BlankSpaceAnalyzer - INFO - -> Analyzing version 5.0.24-lerna-upgrade.4 (1715/2534)...
2025-11-06 01:58:12,668 - BlankSpaceAnalyzer - INFO - -> Analyzing version 5.0.24-lerna-upgrade.c21accf.12 (1716/2534)...
2025-11-06 01:58:12,712 - BlankSpaceAnalyzer - INFO - -> Analyzing version 5.0.24-unstableV5.3 (1717/2534)...
2025-11-06 01:58:12,756 - BlankSpaceAnalyzer - INFO - -> Analyzing version 5.0.24-unstableV5.4 (1718/2534)...
2025-11-06 01:58:12,800 - BlankSpaceAnalyzer - INFO - -> Analyzing version 5.0.25 (1719/2534)...
2025-11-06 01:58:12,844 - BlankSpaceAnalyzer - INFO - -> Analyzing version 5.0.25-unstableV5.5 (1720/2534)...
2025-11-06 01:58:12,889 - BlankSpaceAnalyzer - INFO - -> Analyzing version 5.0.26-unstable.1116fef.4 (1721/2534)...
2025-11-06 01:58:12,933 - BlankSpaceAnalyzer - INFO - -> Analyzing version 5.0.26-unstable.1b5840e.8 (1722/2534)...
2025-11-06 01:58:12,977 - BlankSpaceAnalyzer - INFO - -> Analyzing version 5.0.26-unstable.26fa797.2 (1723/2534)...
2025-11-06 01:58:13,022 - BlankSpaceAnalyzer - INFO - -> Analyzing version 5.0.26-unstable.4c955d4.9 (1724/2534)...
2025-11-06 01:58:13,066 - BlankSpaceAnalyzer - INFO - -> Analyzing version 5.0.26-unstable.8005225.3 (1725/2534)...
2025-11-06 01:58:13,110 - BlankSpaceAnalyzer - INFO - -> Analyzing version 5.0.26-unstable.94c6cac.1 (1726/2534)...
2025-11-06 01:58:13,154 - BlankSpaceAnalyzer - INFO - -> Analyzing version 5.0.26-unstable.dbd94d9.10 (1727/2534)...
2025-11-06 01:58:13,200 - BlankSpaceAnalyzer - INFO - -> Analyzing version 5.0.3 (1728/2534)...
2025-11-06 01:58:13,243 - BlankSpaceAnalyzer - INFO - -> Analyzing version 5.0.3-unstable.1 (1729/2534)...
2025-11-06 01:58:13,288 - BlankSpaceAnalyzer - INFO - -> Analyzing version 5.0.4 (1730/2534)...
2025-11-06 01:58:13,333 - BlankSpaceAnalyzer - INFO - -> Analyzing version 5.0.4-unstable.0 (1731/2534)...
2025-11-06 01:58:13,377 - BlankSpaceAnalyzer - INFO - -> Analyzing version 5.0.4-unstable.4 (1732/2534)...
2025-11-06 01:58:13,421 - BlankSpaceAnalyzer - INFO - -> Analyzing version 5.0.4-unstable.5 (1733/2534)...
2025-11-06 01:58:13,465 - BlankSpaceAnalyzer - INFO - -> Analyzing version 5.0.5 (1734/2534)...
2025-11-06 01:58:13,509 - BlankSpaceAnalyzer - INFO - -> Analyzing version 5.0.5-unstable.10 (1735/2534)...
2025-11-06 01:58:13,553 - BlankSpaceAnalyzer - INFO - -> Analyzing version 5.0.5-unstable.11 (1736/2534)...
2025-11-06 01:58:13,600 - BlankSpaceAnalyzer - INFO - -> Analyzing version 5.0.5-unstable.3 (1737/2534)...
2025-11-06 01:58:13,643 - BlankSpaceAnalyzer - INFO - -> Analyzing version 5.0.5-unstable.4 (1738/2534)...
2025-11-06 01:58:13,688 - BlankSpaceAnalyzer - INFO - -> Analyzing version 5.0.5-unstable.5 (1739/2534)...
2025-11-06 01:58:13,732 - BlankSpaceAnalyzer - INFO - -> Analyzing version 5.0.5-unstable.7 (1740/2534)...
2025-11-06 01:58:13,776 - BlankSpaceAnalyzer - INFO - -> Analyzing version 5.0.5-unstable.8 (1741/2534)...
2025-11-06 01:58:13,820 - BlankSpaceAnalyzer - INFO - -> Analyzing version 5.0.5-unstable.9 (1742/2534)...
2025-11-06 01:58:13,864 - BlankSpaceAnalyzer - INFO - -> Analyzing version 5.0.6 (1743/2534)...
2025-11-06 01:58:13,909 - BlankSpaceAnalyzer - INFO - -> Analyzing version 5.0.6-tslib-ver.8 (1744/2534)...
2025-11-06 01:58:13,954 - BlankSpaceAnalyzer - INFO - -> Analyzing version 5.0.6-unstable-main.5 (1745/2534)...
2025-11-06 01:58:13,998 - BlankSpaceAnalyzer - INFO - -> Analyzing version 5.0.6-unstable-main.6 (1746/2534)...
2025-11-06 01:58:14,044 - BlankSpaceAnalyzer - INFO - -> Analyzing version 5.0.6-unstable.3 (1747/2534)...
2025-11-06 01:58:14,087 - BlankSpaceAnalyzer - INFO - -> Analyzing version 5.0.7 (1748/2534)...
2025-11-06 01:58:14,131 - BlankSpaceAnalyzer - INFO - -> Analyzing version 5.0.7-unstable-v5.3 (1749/2534)...
2025-11-06 01:58:14,175 - BlankSpaceAnalyzer - INFO - -> Analyzing version 5.0.8 (1750/2534)...
2025-11-06 01:58:14,219 - BlankSpaceAnalyzer - INFO - -> Analyzing version 5.0.8-unstable-v5.1 (1751/2534)...
2025-11-06 01:58:14,263 - BlankSpaceAnalyzer - INFO - -> Analyzing version 5.0.8-unstable-v5.3 (1752/2534)...
2025-11-06 01:58:14,307 - BlankSpaceAnalyzer - INFO - -> Analyzing version 5.0.8-unstable-v5.4 (1753/2534)...
2025-11-06 01:58:14,351 - BlankSpaceAnalyzer - INFO - -> Analyzing version 5.0.9 (1754/2534)...
2025-11-06 01:58:14,396 - BlankSpaceAnalyzer - INFO - -> Analyzing version 5.0.9-storage-part-size.4 (1755/2534)...
2025-11-06 01:58:14,441 - BlankSpaceAnalyzer - INFO - -> Analyzing version 5.0.9-storage-part-size.6 (1756/2534)...
2025-11-06 01:58:14,484 - BlankSpaceAnalyzer - INFO - -> Analyzing version 5.0.9-unstableV5.4 (1757/2534)...
2025-11-06 01:58:14,528 - BlankSpaceAnalyzer - INFO - -> Analyzing version 5.1.0 (1758/2534)...
2025-11-06 01:58:14,573 - BlankSpaceAnalyzer - INFO - -> Analyzing version 5.1.1 (1759/2534)...
2025-11-06 01:58:14,616 - BlankSpaceAnalyzer - INFO - -> Analyzing version 5.1.1-unstable.7fe7d4e.2 (1760/2534)...
2025-11-06 01:58:14,661 - BlankSpaceAnalyzer - INFO - -> Analyzing version 5.1.2 (1761/2534)...
2025-11-06 01:58:14,705 - BlankSpaceAnalyzer - INFO - -> Analyzing version 5.1.2-pn-init-test.6 (1762/2534)...
2025-11-06 01:58:14,749 - BlankSpaceAnalyzer - INFO - -> Analyzing version 5.1.2-unstable.08ad590.5 (1763/2534)...
2025-11-06 01:58:14,794 - BlankSpaceAnalyzer - INFO - -> Analyzing version 5.1.2-unstable.680e146.4 (1764/2534)...
2025-11-06 01:58:14,839 - BlankSpaceAnalyzer - INFO - -> Analyzing version 5.1.2-unstable.6fd1af9.2 (1765/2534)...
2025-11-06 01:58:14,883 - BlankSpaceAnalyzer - INFO - -> Analyzing version 5.1.2-unstable.992b7eb.6 (1766/2534)...
2025-11-06 01:58:14,927 - BlankSpaceAnalyzer - INFO - -> Analyzing version 5.1.3 (1767/2534)...
2025-11-06 01:58:14,971 - BlankSpaceAnalyzer - INFO - -> Analyzing version 5.1.3-unstable.218bf1c.1 (1768/2534)...
2025-11-06 01:58:15,016 - BlankSpaceAnalyzer - INFO - -> Analyzing version 5.1.3-unstable.431723c.4 (1769/2534)...
2025-11-06 01:58:15,061 - BlankSpaceAnalyzer - INFO - -> Analyzing version 5.1.3-unstable.a712d81.3 (1770/2534)...
2025-11-06 01:58:15,105 - BlankSpaceAnalyzer - INFO - -> Analyzing version 5.1.3-unstable.b60999e.2 (1771/2534)...
2025-11-06 01:58:15,150 - BlankSpaceAnalyzer - INFO - -> Analyzing version 5.1.4 (1772/2534)...
2025-11-06 01:58:15,194 - BlankSpaceAnalyzer - INFO - -> Analyzing version 5.1.4-unstable.0197e92.5 (1773/2534)...
2025-11-06 01:58:15,238 - BlankSpaceAnalyzer - INFO - -> Analyzing version 5.1.4-unstable.43d494b.2 (1774/2534)...
2025-11-06 01:58:15,282 - BlankSpaceAnalyzer - INFO - -> Analyzing version 5.1.5-unstable.3ca1913.4 (1775/2534)...
2025-11-06 01:58:15,326 - BlankSpaceAnalyzer - INFO - -> Analyzing version 5.1.5-unstable.c682c5e.2 (1776/2534)...
2025-11-06 01:58:15,370 - BlankSpaceAnalyzer - INFO - -> Analyzing version 5.2.0 (1777/2534)...
2025-11-06 01:58:15,415 - BlankSpaceAnalyzer - INFO - -> Analyzing version 5.2.1 (1778/2534)...
2025-11-06 01:58:15,459 - BlankSpaceAnalyzer - INFO - -> Analyzing version 5.2.1-fix-rn-signer-url.dbacebc.7 (1779/2534)...
2025-11-06 01:58:15,504 - BlankSpaceAnalyzer - INFO - -> Analyzing version 5.2.1-unstable.1603af3.3 (1780/2534)...
2025-11-06 01:58:15,548 - BlankSpaceAnalyzer - INFO - -> Analyzing version 5.2.1-unstable.720ac60.7 (1781/2534)...
2025-11-06 01:58:15,593 - BlankSpaceAnalyzer - INFO - -> Analyzing version 5.2.1-unstable.eca5078.2 (1782/2534)...
2025-11-06 01:58:15,638 - BlankSpaceAnalyzer - INFO - -> Analyzing version 5.2.2 (1783/2534)...
2025-11-06 01:58:15,683 - BlankSpaceAnalyzer - INFO - -> Analyzing version 5.2.2-unstable.165faca.3 (1784/2534)...
2025-11-06 01:58:15,727 - BlankSpaceAnalyzer - INFO - -> Analyzing version 5.2.2-unstable.58a26dc.4 (1785/2534)...
2025-11-06 01:58:15,771 - BlankSpaceAnalyzer - INFO - -> Analyzing version 5.2.2-unstable.fca5451.1 (1786/2534)...
2025-11-06 01:58:15,816 - BlankSpaceAnalyzer - INFO - -> Analyzing version 5.2.3 (1787/2534)...
2025-11-06 01:58:15,859 - BlankSpaceAnalyzer - INFO - -> Analyzing version 5.2.3-unstable.3bed12b.3 (1788/2534)...
2025-11-06 01:58:15,904 - BlankSpaceAnalyzer - INFO - -> Analyzing version 5.2.4 (1789/2534)...
2025-11-06 01:58:15,948 - BlankSpaceAnalyzer - INFO - -> Analyzing version 5.2.4-unstable.5d00b1f.2 (1790/2534)...
2025-11-06 01:58:15,992 - BlankSpaceAnalyzer - INFO - -> Analyzing version 5.2.4-unstable.8137ee7.4 (1791/2534)...
2025-11-06 01:58:16,036 - BlankSpaceAnalyzer - INFO - -> Analyzing version 5.2.4-unstable.a009ce8.1 (1792/2534)...
2025-11-06 01:58:16,081 - BlankSpaceAnalyzer - INFO - -> Analyzing version 5.2.4-unstable.eeb6c9c.3 (1793/2534)...
2025-11-06 01:58:16,124 - BlankSpaceAnalyzer - INFO - -> Analyzing version 5.2.5 (1794/2534)...
2025-11-06 01:58:16,168 - BlankSpaceAnalyzer - INFO - -> Analyzing version 5.2.5-unstable.2d934a3.3 (1795/2534)...
2025-11-06 01:58:16,212 - BlankSpaceAnalyzer - INFO - -> Analyzing version 5.2.5-unstable.ffe65ea.1 (1796/2534)...
2025-11-06 01:58:16,256 - BlankSpaceAnalyzer - INFO - -> Analyzing version 5.2.6 (1797/2534)...
2025-11-06 01:58:16,301 - BlankSpaceAnalyzer - INFO - -> Analyzing version 5.2.6-unstable.08fc7ee.4 (1798/2534)...
2025-11-06 01:58:16,344 - BlankSpaceAnalyzer - INFO - -> Analyzing version 5.2.6-unstable.129e35f.6 (1799/2534)...
2025-11-06 01:58:16,389 - BlankSpaceAnalyzer - INFO - -> Analyzing version 5.2.6-unstable.15353e0.2 (1800/2534)...
2025-11-06 01:58:16,434 - BlankSpaceAnalyzer - INFO - -> Analyzing version 5.2.6-unstable.3e5e6f9.1 (1801/2534)...
2025-11-06 01:58:16,478 - BlankSpaceAnalyzer - INFO - -> Analyzing version 5.2.7 (1802/2534)...
2025-11-06 01:58:16,522 - BlankSpaceAnalyzer - INFO - -> Analyzing version 5.2.7-unstable.f47d472.1 (1803/2534)...
2025-11-06 01:58:16,567 - BlankSpaceAnalyzer - INFO - -> Analyzing version 5.2.8-unstable.1b37a5b.3 (1804/2534)...
2025-11-06 01:58:16,611 - BlankSpaceAnalyzer - INFO - -> Analyzing version 5.2.8-unstable.2e1e1f5.1 (1805/2534)...
2025-11-06 01:58:16,655 - BlankSpaceAnalyzer - INFO - -> Analyzing version 5.2.8-unstable.b09310f.5 (1806/2534)...
2025-11-06 01:58:16,699 - BlankSpaceAnalyzer - INFO - -> Analyzing version 5.2.8-unstable.c1fa9c7.2 (1807/2534)...
2025-11-06 01:58:16,743 - BlankSpaceAnalyzer - INFO - -> Analyzing version 5.3.0 (1808/2534)...
2025-11-06 01:58:16,787 - BlankSpaceAnalyzer - INFO - -> Analyzing version 5.3.1 (1809/2534)...
2025-11-06 01:58:16,831 - BlankSpaceAnalyzer - INFO - -> Analyzing version 5.3.1-unstable.4c9bcb4.1 (1810/2534)...
2025-11-06 01:58:16,877 - BlankSpaceAnalyzer - INFO - -> Analyzing version 5.3.1-unstable.dc84cc8.2 (1811/2534)...
2025-11-06 01:58:16,920 - BlankSpaceAnalyzer - INFO - -> Analyzing version 5.3.10 (1812/2534)...
2025-11-06 01:58:16,964 - BlankSpaceAnalyzer - INFO - -> Analyzing version 5.3.10-unstable.bdaee91.0 (1813/2534)...
2025-11-06 01:58:17,008 - BlankSpaceAnalyzer - INFO - -> Analyzing version 5.3.10-user-agent-backup.c6dfb36.0 (1814/2534)...
2025-11-06 01:58:17,053 - BlankSpaceAnalyzer - INFO - -> Analyzing version 5.3.11 (1815/2534)...
2025-11-06 01:58:17,098 - BlankSpaceAnalyzer - INFO - -> Analyzing version 5.3.11-api-v6.26fa5d0.0 (1816/2534)...
2025-11-06 01:58:17,142 - BlankSpaceAnalyzer - INFO - -> Analyzing version 5.3.11-unstable.2f2c6c1.0 (1817/2534)...
2025-11-06 01:58:17,186 - BlankSpaceAnalyzer - INFO - -> Analyzing version 5.3.11-unstable.b5fab7a.0 (1818/2534)...
2025-11-06 01:58:17,231 - BlankSpaceAnalyzer - INFO - -> Analyzing version 5.3.11-unstable.e8f5ad6.0 (1819/2534)...
2025-11-06 01:58:17,275 - BlankSpaceAnalyzer - INFO - -> Analyzing version 5.3.11-unstable.fda7a25.0 (1820/2534)...
2025-11-06 01:58:17,319 - BlankSpaceAnalyzer - INFO - -> Analyzing version 5.3.12 (1821/2534)...
2025-11-06 01:58:17,363 - BlankSpaceAnalyzer - INFO - -> Analyzing version 5.3.12-api-v6-models.171516f.0 (1822/2534)...
2025-11-06 01:58:17,408 - BlankSpaceAnalyzer - INFO - -> Analyzing version 5.3.12-api-v6-models.179af4d.0 (1823/2534)...
2025-11-06 01:58:17,452 - BlankSpaceAnalyzer - INFO - -> Analyzing version 5.3.12-api-v6-models.2bbeb8c.0 (1824/2534)...
2025-11-06 01:58:17,496 - BlankSpaceAnalyzer - INFO - -> Analyzing version 5.3.12-api-v6-models.3f48fe3.0 (1825/2534)...
2025-11-06 01:58:17,540 - BlankSpaceAnalyzer - INFO - -> Analyzing version 5.3.12-api-v6-models.5d6fe9b.0 (1826/2534)...
2025-11-06 01:58:17,584 - BlankSpaceAnalyzer - INFO - -> Analyzing version 5.3.12-api-v6-models.b3abc9b.0 (1827/2534)...
2025-11-06 01:58:17,628 - BlankSpaceAnalyzer - INFO - -> Analyzing version 5.3.12-api-v6.2fd20b7.0 (1828/2534)...
2025-11-06 01:58:17,673 - BlankSpaceAnalyzer - INFO - -> Analyzing version 5.3.12-unstable.7762f1a.0 (1829/2534)...
2025-11-06 01:58:17,717 - BlankSpaceAnalyzer - INFO - -> Analyzing version 5.3.12-v5-upgrade-axios.519b61b.0 (1830/2534)...
2025-11-06 01:58:17,761 - BlankSpaceAnalyzer - INFO - -> Analyzing version 5.3.13 (1831/2534)...
2025-11-06 01:58:17,805 - BlankSpaceAnalyzer - INFO - -> Analyzing version 5.3.14 (1832/2534)...
2025-11-06 01:58:17,849 - BlankSpaceAnalyzer - INFO - -> Analyzing version 5.3.15 (1833/2534)...
2025-11-06 01:58:17,893 - BlankSpaceAnalyzer - INFO - -> Analyzing version 5.3.16 (1834/2534)...
2025-11-06 01:58:17,937 - BlankSpaceAnalyzer - INFO - -> Analyzing version 5.3.17 (1835/2534)...
2025-11-06 01:58:17,981 - BlankSpaceAnalyzer - INFO - -> Analyzing version 5.3.18 (1836/2534)...
2025-11-06 01:58:18,025 - BlankSpaceAnalyzer - INFO - -> Analyzing version 5.3.19 (1837/2534)...
2025-11-06 01:58:18,069 - BlankSpaceAnalyzer - INFO - -> Analyzing version 5.3.2 (1838/2534)...
2025-11-06 01:58:18,113 - BlankSpaceAnalyzer - INFO - -> Analyzing version 5.3.2-unstable.18012b0.1 (1839/2534)...
2025-11-06 01:58:18,157 - BlankSpaceAnalyzer - INFO - -> Analyzing version 5.3.2-unstable.7ebbbb1.2 (1840/2534)...
2025-11-06 01:58:18,201 - BlankSpaceAnalyzer - INFO - -> Analyzing version 5.3.20 (1841/2534)...
2025-11-06 01:58:18,246 - BlankSpaceAnalyzer - INFO - -> Analyzing version 5.3.21 (1842/2534)...
2025-11-06 01:58:18,290 - BlankSpaceAnalyzer - INFO - -> Analyzing version 5.3.22 (1843/2534)...
2025-11-06 01:58:18,334 - BlankSpaceAnalyzer - INFO - -> Analyzing version 5.3.23 (1844/2534)...
2025-11-06 01:58:18,378 - BlankSpaceAnalyzer - INFO - -> Analyzing version 5.3.24 (1845/2534)...
2025-11-06 01:58:18,422 - BlankSpaceAnalyzer - INFO - -> Analyzing version 5.3.25 (1846/2534)...
2025-11-06 01:58:18,466 - BlankSpaceAnalyzer - INFO - -> Analyzing version 5.3.26 (1847/2534)...
2025-11-06 01:58:18,510 - BlankSpaceAnalyzer - INFO - -> Analyzing version 5.3.27 (1848/2534)...
2025-11-06 01:58:18,553 - BlankSpaceAnalyzer - INFO - -> Analyzing version 5.3.3 (1849/2534)...
2025-11-06 01:58:18,597 - BlankSpaceAnalyzer - INFO - -> Analyzing version 5.3.3-unstable.60f7d3d.1 (1850/2534)...
2025-11-06 01:58:18,641 - BlankSpaceAnalyzer - INFO - -> Analyzing version 5.3.30-v5-post-publish.19b26f9.0 (1851/2534)...
2025-11-06 01:58:18,687 - BlankSpaceAnalyzer - INFO - -> Analyzing version 5.3.30-v5-post-publish.210396f.0 (1852/2534)...
2025-11-06 01:58:18,732 - BlankSpaceAnalyzer - INFO - -> Analyzing version 5.3.30-v5-post-publish.3e502ba.0 (1853/2534)...
2025-11-06 01:58:18,777 - BlankSpaceAnalyzer - INFO - -> Analyzing version 5.3.30-v5-post-publish.5244b24.0 (1854/2534)...
2025-11-06 01:58:18,821 - BlankSpaceAnalyzer - INFO - -> Analyzing version 5.3.30-v5-post-publish.555ee93.0 (1855/2534)...
2025-11-06 01:58:18,865 - BlankSpaceAnalyzer - INFO - -> Analyzing version 5.3.30-v5-post-publish.72090b8.0 (1856/2534)...
2025-11-06 01:58:18,910 - BlankSpaceAnalyzer - INFO - -> Analyzing version 5.3.30-v5-post-publish.a9dc180.0 (1857/2534)...
2025-11-06 01:58:18,955 - BlankSpaceAnalyzer - INFO - -> Analyzing version 5.3.30-v5-post-publish.c534411.0 (1858/2534)...
2025-11-06 01:58:19,000 - BlankSpaceAnalyzer - INFO - -> Analyzing version 5.3.4 (1859/2534)...
2025-11-06 01:58:19,046 - BlankSpaceAnalyzer - INFO - -> Analyzing version 5.3.4-api-v6-models.34 (1860/2534)...
2025-11-06 01:58:19,092 - BlankSpaceAnalyzer - INFO - -> Analyzing version 5.3.4-api-v6-models.35 (1861/2534)...
2025-11-06 01:58:19,135 - BlankSpaceAnalyzer - INFO - -> Analyzing version 5.3.4-api-v6.13 (1862/2534)...
2025-11-06 01:58:19,179 - BlankSpaceAnalyzer - INFO - -> Analyzing version 5.3.4-api-v6.2 (1863/2534)...
2025-11-06 01:58:19,224 - BlankSpaceAnalyzer - INFO - -> Analyzing version 5.3.4-api-v6.23 (1864/2534)...
2025-11-06 01:58:19,270 - BlankSpaceAnalyzer - INFO - -> Analyzing version 5.3.4-api-v6.24 (1865/2534)...
2025-11-06 01:58:19,314 - BlankSpaceAnalyzer - INFO - -> Analyzing version 5.3.4-api-v6.25 (1866/2534)...
2025-11-06 01:58:19,359 - BlankSpaceAnalyzer - INFO - -> Analyzing version 5.3.4-api-v6.29 (1867/2534)...
2025-11-06 01:58:19,402 - BlankSpaceAnalyzer - INFO - -> Analyzing version 5.3.4-graphql-api-functional-options.1 (1868/2534)...
2025-11-06 01:58:19,447 - BlankSpaceAnalyzer - INFO - -> Analyzing version 5.3.4-graphql-api-functional-options.2 (1869/2534)...
2025-11-06 01:58:19,491 - BlankSpaceAnalyzer - INFO - -> Analyzing version 5.3.4-unstable.28bc873.6 (1870/2534)...
2025-11-06 01:58:19,536 - BlankSpaceAnalyzer - INFO - -> Analyzing version 5.3.4-unstable.7d58055.7 (1871/2534)...
2025-11-06 01:58:19,582 - BlankSpaceAnalyzer - INFO - -> Analyzing version 5.3.4-unstable.c58d1e6.1 (1872/2534)...
2025-11-06 01:58:19,626 - BlankSpaceAnalyzer - INFO - -> Analyzing version 5.3.4-unstable.ec57e85.2 (1873/2534)...
2025-11-06 01:58:19,671 - BlankSpaceAnalyzer - INFO - -> Analyzing version 5.3.5 (1874/2534)...
2025-11-06 01:58:19,715 - BlankSpaceAnalyzer - INFO - -> Analyzing version 5.3.5-unstable.17e35b1.6 (1875/2534)...
2025-11-06 01:58:19,759 - BlankSpaceAnalyzer - INFO - -> Analyzing version 5.3.5-unstable.817a08c.1 (1876/2534)...
2025-11-06 01:58:19,803 - BlankSpaceAnalyzer - INFO - -> Analyzing version 5.3.5-unstable.a197d8b.7 (1877/2534)...
2025-11-06 01:58:19,847 - BlankSpaceAnalyzer - INFO - -> Analyzing version 5.3.5-v5-user-agent-for-ui.f058eee.7 (1878/2534)...
2025-11-06 01:58:19,892 - BlankSpaceAnalyzer - INFO - -> Analyzing version 5.3.6 (1879/2534)...
2025-11-06 01:58:19,935 - BlankSpaceAnalyzer - INFO - -> Analyzing version 5.3.6-unstable.01bfa8f.4 (1880/2534)...
2025-11-06 01:58:19,980 - BlankSpaceAnalyzer - INFO - -> Analyzing version 5.3.6-unstable.4231307.2 (1881/2534)...
2025-11-06 01:58:20,025 - BlankSpaceAnalyzer - INFO - -> Analyzing version 5.3.6-unstable.4d389da.6 (1882/2534)...
2025-11-06 01:58:20,069 - BlankSpaceAnalyzer - INFO - -> Analyzing version 5.3.6-unstable.b0231af.5 (1883/2534)...
2025-11-06 01:58:20,113 - BlankSpaceAnalyzer - INFO - -> Analyzing version 5.3.6-unstable.d25bc2f.3 (1884/2534)...
2025-11-06 01:58:20,157 - BlankSpaceAnalyzer - INFO - -> Analyzing version 5.3.6-v5-user-agent-for-ui.03d3911.15 (1885/2534)...
2025-11-06 01:58:20,202 - BlankSpaceAnalyzer - INFO - -> Analyzing version 5.3.6-v5-user-agent-for-ui.708b07d.5 (1886/2534)...
2025-11-06 01:58:20,246 - BlankSpaceAnalyzer - INFO - -> Analyzing version 5.3.6-v5-user-agent-for-ui.87924b5.13 (1887/2534)...
2025-11-06 01:58:20,290 - BlankSpaceAnalyzer - INFO - -> Analyzing version 5.3.6-v5-user-agent-for-ui.8faeaa9.8 (1888/2534)...
2025-11-06 01:58:20,334 - BlankSpaceAnalyzer - INFO - -> Analyzing version 5.3.6-v5-user-agent-for-ui.d416abb.11 (1889/2534)...
2025-11-06 01:58:20,379 - BlankSpaceAnalyzer - INFO - -> Analyzing version 5.3.6-v5-user-agent-for-ui.e6f7013.9 (1890/2534)...
2025-11-06 01:58:20,423 - BlankSpaceAnalyzer - INFO - -> Analyzing version 5.3.7 (1891/2534)...
2025-11-06 01:58:20,467 - BlankSpaceAnalyzer - INFO - -> Analyzing version 5.3.7-api-v6.4d00072.0 (1892/2534)...
2025-11-06 01:58:20,512 - BlankSpaceAnalyzer - INFO - -> Analyzing version 5.3.7-github-actions.c2933e1.0 (1893/2534)...
2025-11-06 01:58:20,556 - BlankSpaceAnalyzer - INFO - -> Analyzing version 5.3.7-unstable.50675e7.0 (1894/2534)...
2025-11-06 01:58:20,600 - BlankSpaceAnalyzer - INFO - -> Analyzing version 5.3.7-unstable.57127c5.0 (1895/2534)...
2025-11-06 01:58:20,644 - BlankSpaceAnalyzer - INFO - -> Analyzing version 5.3.7-unstable.765bd78.0 (1896/2534)...
2025-11-06 01:58:20,689 - BlankSpaceAnalyzer - INFO - -> Analyzing version 5.3.7-unstable.9073cba.0 (1897/2534)...
2025-11-06 01:58:20,733 - BlankSpaceAnalyzer - INFO - -> Analyzing version 5.3.7-unstable.b496da6.0 (1898/2534)...
2025-11-06 01:58:20,776 - BlankSpaceAnalyzer - INFO - -> Analyzing version 5.3.7-unstable.e3714c5.0 (1899/2534)...
2025-11-06 01:58:20,820 - BlankSpaceAnalyzer - INFO - -> Analyzing version 5.3.7-unstable.f79880f.0 (1900/2534)...
2025-11-06 01:58:20,865 - BlankSpaceAnalyzer - INFO - -> Analyzing version 5.3.7-v5-auth-internals.3500229.2 (1901/2534)...
2025-11-06 01:58:20,910 - BlankSpaceAnalyzer - INFO - -> Analyzing version 5.3.7-v5-auth-internals.9bf4dba.6 (1902/2534)...
2025-11-06 01:58:20,954 - BlankSpaceAnalyzer - INFO - -> Analyzing version 5.3.7-v5-auth-internals.a149b6c.4 (1903/2534)...
2025-11-06 01:58:20,999 - BlankSpaceAnalyzer - INFO - -> Analyzing version 5.3.8 (1904/2534)...
2025-11-06 01:58:21,043 - BlankSpaceAnalyzer - INFO - -> Analyzing version 5.3.8-unstable.bee9c8e.0 (1905/2534)...
2025-11-06 01:58:21,087 - BlankSpaceAnalyzer - INFO - -> Analyzing version 5.3.8-unstable.c3ec8a5.0 (1906/2534)...
2025-11-06 01:58:21,131 - BlankSpaceAnalyzer - INFO - -> Analyzing version 5.3.9 (1907/2534)...
2025-11-06 01:58:21,175 - BlankSpaceAnalyzer - INFO - -> Analyzing version 5.3.9-api-v6.d339f98.0 (1908/2534)...
2025-11-06 01:58:21,219 - BlankSpaceAnalyzer - INFO - -> Analyzing version 5.3.9-unstable.47d38f4.0 (1909/2534)...
2025-11-06 01:58:21,263 - BlankSpaceAnalyzer - INFO - -> Analyzing version 5.3.9-unstable.b6987fc.0 (1910/2534)...
2025-11-06 01:58:21,307 - BlankSpaceAnalyzer - INFO - -> Analyzing version 6.0.0 (1911/2534)...
2025-11-06 01:58:21,358 - BlankSpaceAnalyzer - INFO - -> Analyzing version 6.0.1 (1912/2534)...
2025-11-06 01:58:21,406 - BlankSpaceAnalyzer - INFO - -> Analyzing version 6.0.1-api-v6-models.01b2bb8.0 (1913/2534)...
2025-11-06 01:58:21,461 - BlankSpaceAnalyzer - INFO - -> Analyzing version 6.0.1-api-v6-models.13c9b49.0 (1914/2534)...
2025-11-06 01:58:21,509 - BlankSpaceAnalyzer - INFO - -> Analyzing version 6.0.1-api-v6-models.33ce626.0 (1915/2534)...
2025-11-06 01:58:21,561 - BlankSpaceAnalyzer - INFO - -> Analyzing version 6.0.1-api-v6-models.3eb7748.0 (1916/2534)...
2025-11-06 01:58:21,612 - BlankSpaceAnalyzer - INFO - -> Analyzing version 6.0.1-api-v6-models.54ab58f.0 (1917/2534)...
2025-11-06 01:58:21,662 - BlankSpaceAnalyzer - INFO - -> Analyzing version 6.0.1-api-v6-models.572a7b5.0 (1918/2534)...
2025-11-06 01:58:21,715 - BlankSpaceAnalyzer - INFO - -> Analyzing version 6.0.1-api-v6-models.58f2536.0 (1919/2534)...
2025-11-06 01:58:21,764 - BlankSpaceAnalyzer - INFO - -> Analyzing version 6.0.1-api-v6-models.6720ee0.0 (1920/2534)...
2025-11-06 01:58:21,815 - BlankSpaceAnalyzer - INFO - -> Analyzing version 6.0.1-api-v6-models.6a7a338.0 (1921/2534)...
2025-11-06 01:58:21,867 - BlankSpaceAnalyzer - INFO - -> Analyzing version 6.0.1-api-v6-models.8035dfc.0 (1922/2534)...
2025-11-06 01:58:21,916 - BlankSpaceAnalyzer - INFO - -> Analyzing version 6.0.1-api-v6-models.891fe0d.0 (1923/2534)...
2025-11-06 01:58:21,967 - BlankSpaceAnalyzer - INFO - -> Analyzing version 6.0.1-api-v6-models.9351bcf.0 (1924/2534)...
2025-11-06 01:58:22,017 - BlankSpaceAnalyzer - INFO - -> Analyzing version 6.0.1-api-v6-models.9493d4d.0 (1925/2534)...
2025-11-06 01:58:22,069 - BlankSpaceAnalyzer - INFO - -> Analyzing version 6.0.1-api-v6-models.bc74e14.0 (1926/2534)...
2025-11-06 01:58:22,122 - BlankSpaceAnalyzer - INFO - -> Analyzing version 6.0.1-api-v6-models.c1977f8.0 (1927/2534)...
2025-11-06 01:58:22,175 - BlankSpaceAnalyzer - INFO - -> Analyzing version 6.0.1-api-v6-models.c495d1b.0 (1928/2534)...
2025-11-06 01:58:22,228 - BlankSpaceAnalyzer - INFO - -> Analyzing version 6.0.1-api-v6-models.ce6e561.0 (1929/2534)...
2025-11-06 01:58:22,278 - BlankSpaceAnalyzer - INFO - -> Analyzing version 6.0.1-api-v6-models.cfd348e.0 (1930/2534)...
2025-11-06 01:58:22,329 - BlankSpaceAnalyzer - INFO - -> Analyzing version 6.0.1-api-v6-models.e8fc3ba.0 (1931/2534)...
2025-11-06 01:58:22,381 - BlankSpaceAnalyzer - INFO - -> Analyzing version 6.0.1-api-v6-rebase-2023-10-11.25ce5b5.0 (1932/2534)...
2025-11-06 01:58:22,431 - BlankSpaceAnalyzer - INFO - -> Analyzing version 6.0.1-api-v6-rebase-2023-10-11.3fb8920.0 (1933/2534)...
2025-11-06 01:58:22,482 - BlankSpaceAnalyzer - INFO - -> Analyzing version 6.0.1-api-v6-rebase-2023-10-11.b430835.0 (1934/2534)...
2025-11-06 01:58:22,532 - BlankSpaceAnalyzer - INFO - -> Analyzing version 6.0.1-console-preview.047a1dd.0 (1935/2534)...
2025-11-06 01:58:22,584 - BlankSpaceAnalyzer - INFO - -> Analyzing version 6.0.1-console-preview.096eee3.0 (1936/2534)...
2025-11-06 01:58:22,630 - BlankSpaceAnalyzer - INFO - -> Analyzing version 6.0.1-console-preview.0bbe168.0 (1937/2534)...
2025-11-06 01:58:22,679 - BlankSpaceAnalyzer - INFO - -> Analyzing version 6.0.1-console-preview.1053355.0 (1938/2534)...
2025-11-06 01:58:22,726 - BlankSpaceAnalyzer - INFO - -> Analyzing version 6.0.1-console-preview.11cf989.0 (1939/2534)...
2025-11-06 01:58:22,776 - BlankSpaceAnalyzer - INFO - -> Analyzing version 6.0.1-console-preview.23dc225.0 (1940/2534)...
2025-11-06 01:58:22,827 - BlankSpaceAnalyzer - INFO - -> Analyzing version 6.0.1-console-preview.26f7c82.0 (1941/2534)...
2025-11-06 01:58:22,874 - BlankSpaceAnalyzer - INFO - -> Analyzing version 6.0.1-console-preview.2f5ba46.0 (1942/2534)...
2025-11-06 01:58:22,922 - BlankSpaceAnalyzer - INFO - -> Analyzing version 6.0.1-console-preview.3b09ef9.0 (1943/2534)...
2025-11-06 01:58:22,969 - BlankSpaceAnalyzer - INFO - -> Analyzing version 6.0.1-console-preview.3d7f188.0 (1944/2534)...
2025-11-06 01:58:23,020 - BlankSpaceAnalyzer - INFO - -> Analyzing version 6.0.1-console-preview.4208d73.0 (1945/2534)...
2025-11-06 01:58:23,069 - BlankSpaceAnalyzer - INFO - -> Analyzing version 6.0.1-console-preview.431c340.0 (1946/2534)...
2025-11-06 01:58:23,120 - BlankSpaceAnalyzer - INFO - -> Analyzing version 6.0.1-console-preview.4432977.0 (1947/2534)...
2025-11-06 01:58:23,169 - BlankSpaceAnalyzer - INFO - -> Analyzing version 6.0.1-console-preview.4ae78ed.0 (1948/2534)...
2025-11-06 01:58:23,222 - BlankSpaceAnalyzer - INFO - -> Analyzing version 6.0.1-console-preview.4b7d177.0 (1949/2534)...
2025-11-06 01:58:23,270 - BlankSpaceAnalyzer - INFO - -> Analyzing version 6.0.1-console-preview.5a31ca1.0 (1950/2534)...
2025-11-06 01:58:23,324 - BlankSpaceAnalyzer - INFO - -> Analyzing version 6.0.1-console-preview.5dc0b68.0 (1951/2534)...
2025-11-06 01:58:23,372 - BlankSpaceAnalyzer - INFO - -> Analyzing version 6.0.1-console-preview.5f040a2.0 (1952/2534)...
2025-11-06 01:58:23,422 - BlankSpaceAnalyzer - INFO - -> Analyzing version 6.0.1-console-preview.67f944e.0 (1953/2534)...
2025-11-06 01:58:23,472 - BlankSpaceAnalyzer - INFO - -> Analyzing version 6.0.1-console-preview.7049e04.0 (1954/2534)...
2025-11-06 01:58:23,522 - BlankSpaceAnalyzer - INFO - -> Analyzing version 6.0.1-console-preview.7739091.0 (1955/2534)...
2025-11-06 01:58:23,571 - BlankSpaceAnalyzer - INFO - -> Analyzing version 6.0.1-console-preview.7919075.0 (1956/2534)...
2025-11-06 01:58:23,617 - BlankSpaceAnalyzer - INFO - -> Analyzing version 6.0.1-console-preview.814dea6.0 (1957/2534)...
2025-11-06 01:58:23,665 - BlankSpaceAnalyzer - INFO - -> Analyzing version 6.0.1-console-preview.8637b15.0 (1958/2534)...
2025-11-06 01:58:23,715 - BlankSpaceAnalyzer - INFO - -> Analyzing version 6.0.1-console-preview.8d88eef.0 (1959/2534)...
2025-11-06 01:58:23,769 - BlankSpaceAnalyzer - INFO - -> Analyzing version 6.0.1-console-preview.8f82e46.0 (1960/2534)...
2025-11-06 01:58:23,819 - BlankSpaceAnalyzer - INFO - -> Analyzing version 6.0.1-console-preview.957cda4.0 (1961/2534)...
2025-11-06 01:58:23,868 - BlankSpaceAnalyzer - INFO - -> Analyzing version 6.0.1-console-preview.9607e4a.0 (1962/2534)...
2025-11-06 01:58:23,918 - BlankSpaceAnalyzer - INFO - -> Analyzing version 6.0.1-console-preview.9e7dd78.0 (1963/2534)...
2025-11-06 01:58:23,969 - BlankSpaceAnalyzer - INFO - -> Analyzing version 6.0.1-console-preview.a1c533e.0 (1964/2534)...
2025-11-06 01:58:24,022 - BlankSpaceAnalyzer - INFO - -> Analyzing version 6.0.1-console-preview.b278dcb.0 (1965/2534)...
2025-11-06 01:58:24,072 - BlankSpaceAnalyzer - INFO - -> Analyzing version 6.0.1-console-preview.b5a42af.0 (1966/2534)...
2025-11-06 01:58:24,122 - BlankSpaceAnalyzer - INFO - -> Analyzing version 6.0.1-console-preview.be08038.0 (1967/2534)...
2025-11-06 01:58:24,172 - BlankSpaceAnalyzer - INFO - -> Analyzing version 6.0.1-console-preview.d745d43.0 (1968/2534)...
2025-11-06 01:58:24,223 - BlankSpaceAnalyzer - INFO - -> Analyzing version 6.0.1-console-preview.d7e0545.0 (1969/2534)...
2025-11-06 01:58:24,272 - BlankSpaceAnalyzer - INFO - -> Analyzing version 6.0.1-console-preview.d807e55.0 (1970/2534)...
2025-11-06 01:58:24,325 - BlankSpaceAnalyzer - INFO - -> Analyzing version 6.0.1-console-preview.deaebd5.0 (1971/2534)...
2025-11-06 01:58:24,377 - BlankSpaceAnalyzer - INFO - -> Analyzing version 6.0.1-console-preview.e8aa063.0 (1972/2534)...
2025-11-06 01:58:24,425 - BlankSpaceAnalyzer - INFO - -> Analyzing version 6.0.1-console-preview.f63250a.0 (1973/2534)...
2025-11-06 01:58:24,471 - BlankSpaceAnalyzer - INFO - -> Analyzing version 6.0.1-console-preview.f7f118b.0 (1974/2534)...
2025-11-06 01:58:24,521 - BlankSpaceAnalyzer - INFO - -> Analyzing version 6.0.1-mjs-test.20ead30.0 (1975/2534)...
2025-11-06 01:58:24,572 - BlankSpaceAnalyzer - INFO - -> Analyzing version 6.0.1-mjs-test.237504c.0 (1976/2534)...
2025-11-06 01:58:24,620 - BlankSpaceAnalyzer - INFO - -> Analyzing version 6.0.1-mjs-test.6f5dab7.0 (1977/2534)...
2025-11-06 01:58:24,672 - BlankSpaceAnalyzer - INFO - -> Analyzing version 6.0.1-mjs-test.d98c5cc.0 (1978/2534)...
2025-11-06 01:58:24,720 - BlankSpaceAnalyzer - INFO - -> Analyzing version 6.0.1-mjs-test.fc9412c.0 (1979/2534)...
2025-11-06 01:58:24,771 - BlankSpaceAnalyzer - INFO - -> Analyzing version 6.0.1-next.054df96.0 (1980/2534)...
2025-11-06 01:58:24,820 - BlankSpaceAnalyzer - INFO - -> Analyzing version 6.0.1-next.3e9fc9c.0 (1981/2534)...
2025-11-06 01:58:24,869 - BlankSpaceAnalyzer - INFO - -> Analyzing version 6.0.1-next.51e478e.0 (1982/2534)...
2025-11-06 01:58:24,917 - BlankSpaceAnalyzer - INFO - -> Analyzing version 6.0.1-next.7dec0f1.0 (1983/2534)...
2025-11-06 01:58:24,965 - BlankSpaceAnalyzer - INFO - -> Analyzing version 6.0.1-next.a1ea0f2.0 (1984/2534)...
2025-11-06 01:58:25,013 - BlankSpaceAnalyzer - INFO - -> Analyzing version 6.0.1-next.dd27ceb.0 (1985/2534)...
2025-11-06 01:58:25,063 - BlankSpaceAnalyzer - INFO - -> Analyzing version 6.0.1-next.e424793.0 (1986/2534)...
2025-11-06 01:58:25,110 - BlankSpaceAnalyzer - INFO - -> Analyzing version 6.0.1-next.e8780b4.0 (1987/2534)...
2025-11-06 01:58:25,160 - BlankSpaceAnalyzer - INFO - -> Analyzing version 6.0.1-next.f4a42be.0 (1988/2534)...
2025-11-06 01:58:25,211 - BlankSpaceAnalyzer - INFO - -> Analyzing version 6.0.1-preview-testing.034e780.0 (1989/2534)...
2025-11-06 01:58:25,258 - BlankSpaceAnalyzer - INFO - -> Analyzing version 6.0.1-preview-testing.64b45b1.0 (1990/2534)...
2025-11-06 01:58:25,306 - BlankSpaceAnalyzer - INFO - -> Analyzing version 6.0.1-preview-testing.be90020.0 (1991/2534)...
2025-11-06 01:58:25,356 - BlankSpaceAnalyzer - INFO - -> Analyzing version 6.0.1-preview-testing.ddb17c0.0 (1992/2534)...
2025-11-06 01:58:25,404 - BlankSpaceAnalyzer - INFO - -> Analyzing version 6.0.1-server-generate-client.1e317a1.0 (1993/2534)...
2025-11-06 01:58:25,456 - BlankSpaceAnalyzer - INFO - -> Analyzing version 6.0.1-ssr-api.df60e41.0 (1994/2534)...
2025-11-06 01:58:25,509 - BlankSpaceAnalyzer - INFO - -> Analyzing version 6.0.1-ui-preview.1aa6ecb.0 (1995/2534)...
2025-11-06 01:58:25,558 - BlankSpaceAnalyzer - INFO - -> Analyzing version 6.0.1-unstable.04fd02c.0 (1996/2534)...
2025-11-06 01:58:25,608 - BlankSpaceAnalyzer - INFO - -> Analyzing version 6.0.1-unstable.20e9a79.0 (1997/2534)...
2025-11-06 01:58:25,658 - BlankSpaceAnalyzer - INFO - -> Analyzing version 6.0.1-unstable.588b76b.0 (1998/2534)...
2025-11-06 01:58:25,707 - BlankSpaceAnalyzer - INFO - -> Analyzing version 6.0.1-unstable.5b52c3a.0 (1999/2534)...
2025-11-06 01:58:25,758 - BlankSpaceAnalyzer - INFO - -> Analyzing version 6.0.1-unstable.7b514bb.0 (2000/2534)...
2025-11-06 01:58:25,810 - BlankSpaceAnalyzer - INFO - -> Analyzing version 6.0.1-unstable.7dde343.0 (2001/2534)...
2025-11-06 01:58:25,864 - BlankSpaceAnalyzer - INFO - -> Analyzing version 6.0.1-unstable.ad5c83e.0 (2002/2534)...
2025-11-06 01:58:25,916 - BlankSpaceAnalyzer - INFO - -> Analyzing version 6.0.1-unstable.bd73367.0 (2003/2534)...
2025-11-06 01:58:25,966 - BlankSpaceAnalyzer - INFO - -> Analyzing version 6.0.1-unstable.cfbde4c.0 (2004/2534)...
2025-11-06 01:58:26,016 - BlankSpaceAnalyzer - INFO - -> Analyzing version 6.0.10 (2005/2534)...
2025-11-06 01:58:26,065 - BlankSpaceAnalyzer - INFO - -> Analyzing version 6.0.10-oauth-refactor-fix.6dd0cce.0 (2006/2534)...
2025-11-06 01:58:26,116 - BlankSpaceAnalyzer - INFO - -> Analyzing version 6.0.10-unstable.05d73ab.0 (2007/2534)...
2025-11-06 01:58:26,166 - BlankSpaceAnalyzer - INFO - -> Analyzing version 6.0.10-unstable.1bcbae4.0 (2008/2534)...
2025-11-06 01:58:26,215 - BlankSpaceAnalyzer - INFO - -> Analyzing version 6.0.10-unstable.44fdfe8.0 (2009/2534)...
2025-11-06 01:58:26,265 - BlankSpaceAnalyzer - INFO - -> Analyzing version 6.0.10-unstable.46038f7.0 (2010/2534)...
2025-11-06 01:58:26,313 - BlankSpaceAnalyzer - INFO - -> Analyzing version 6.0.10-unstable.462761.0 (2011/2534)...
2025-11-06 01:58:26,364 - BlankSpaceAnalyzer - INFO - -> Analyzing version 6.0.10-unstable.ae64386.0 (2012/2534)...
2025-11-06 01:58:26,414 - BlankSpaceAnalyzer - INFO - -> Analyzing version 6.0.10-unstable.bedbdbd.0 (2013/2534)...
2025-11-06 01:58:26,463 - BlankSpaceAnalyzer - INFO - -> Analyzing version 6.0.10-unstable.e2824b6.0 (2014/2534)...
2025-11-06 01:58:26,513 - BlankSpaceAnalyzer - INFO - -> Analyzing version 6.0.10-unstable.e295445.0 (2015/2534)...
2025-11-06 01:58:26,563 - BlankSpaceAnalyzer - INFO - -> Analyzing version 6.0.10-unstable.ef15561.0 (2016/2534)...
2025-11-06 01:58:26,613 - BlankSpaceAnalyzer - INFO - -> Analyzing version 6.0.11 (2017/2534)...
2025-11-06 01:58:26,663 - BlankSpaceAnalyzer - INFO - -> Analyzing version 6.0.11-oauth-patch.157b3d4.0 (2018/2534)...
2025-11-06 01:58:26,713 - BlankSpaceAnalyzer - INFO - -> Analyzing version 6.0.11-unstable.45b88e2.0 (2019/2534)...
2025-11-06 01:58:26,761 - BlankSpaceAnalyzer - INFO - -> Analyzing version 6.0.11-unstable.d541745.0 (2020/2534)...
2025-11-06 01:58:26,811 - BlankSpaceAnalyzer - INFO - -> Analyzing version 6.0.12 (2021/2534)...
2025-11-06 01:58:26,860 - BlankSpaceAnalyzer - INFO - -> Analyzing version 6.0.12-unstable.0a5a196.0 (2022/2534)...
2025-11-06 01:58:26,909 - BlankSpaceAnalyzer - INFO - -> Analyzing version 6.0.12-unstable.70a435e.0 (2023/2534)...
2025-11-06 01:58:26,959 - BlankSpaceAnalyzer - INFO - -> Analyzing version 6.0.12-unstable.e88eaa8.0 (2024/2534)...
2025-11-06 01:58:27,009 - BlankSpaceAnalyzer - INFO - -> Analyzing version 6.0.13 (2025/2534)...
2025-11-06 01:58:27,059 - BlankSpaceAnalyzer - INFO - -> Analyzing version 6.0.13-unstable.551a58c.0 (2026/2534)...
2025-11-06 01:58:27,113 - BlankSpaceAnalyzer - INFO - -> Analyzing version 6.0.13-unstable.5fc446e.0 (2027/2534)...
2025-11-06 01:58:27,164 - BlankSpaceAnalyzer - INFO - -> Analyzing version 6.0.14 (2028/2534)...
2025-11-06 01:58:27,213 - BlankSpaceAnalyzer - INFO - -> Analyzing version 6.0.14-unstable.278776f.0 (2029/2534)...
2025-11-06 01:58:27,263 - BlankSpaceAnalyzer - INFO - -> Analyzing version 6.0.14-unstable.3629a7b.0 (2030/2534)...
2025-11-06 01:58:27,313 - BlankSpaceAnalyzer - INFO - -> Analyzing version 6.0.14-unstable.b814567.0 (2031/2534)...
2025-11-06 01:58:27,362 - BlankSpaceAnalyzer - INFO - -> Analyzing version 6.0.14-unstable.d7900dc.0 (2032/2534)...
2025-11-06 01:58:27,412 - BlankSpaceAnalyzer - INFO - -> Analyzing version 6.0.15 (2033/2534)...
2025-11-06 01:58:27,461 - BlankSpaceAnalyzer - INFO - -> Analyzing version 6.0.15-node-20-action.f356afc.0 (2034/2534)...
2025-11-06 01:58:27,511 - BlankSpaceAnalyzer - INFO - -> Analyzing version 6.0.15-unstable.43a3f04.0 (2035/2534)...
2025-11-06 01:58:27,560 - BlankSpaceAnalyzer - INFO - -> Analyzing version 6.0.15-unstable.76af8d7.0 (2036/2534)...
2025-11-06 01:58:27,609 - BlankSpaceAnalyzer - INFO - -> Analyzing version 6.0.15-unstable.9dac939.0 (2037/2534)...
2025-11-06 01:58:27,659 - BlankSpaceAnalyzer - INFO - -> Analyzing version 6.0.15-unstable.d2367f7.0 (2038/2534)...
2025-11-06 01:58:27,711 - BlankSpaceAnalyzer - INFO - -> Analyzing version 6.0.15-unstable.ee77a41.0 (2039/2534)...
2025-11-06 01:58:27,760 - BlankSpaceAnalyzer - INFO - -> Analyzing version 6.0.16 (2040/2534)...
2025-11-06 01:58:27,808 - BlankSpaceAnalyzer - INFO - -> Analyzing version 6.0.16-eslint-test.319d1b3.0 (2041/2534)...
2025-11-06 01:58:27,857 - BlankSpaceAnalyzer - INFO - -> Analyzing version 6.0.16-iam-auth-server.ebba1a4.0 (2042/2534)...
2025-11-06 01:58:27,907 - BlankSpaceAnalyzer - INFO - -> Analyzing version 6.0.16-signinwith-redirect.11d9a3b.0 (2043/2534)...
2025-11-06 01:58:27,957 - BlankSpaceAnalyzer - INFO - -> Analyzing version 6.0.16-unstable.5e30055.0 (2044/2534)...
2025-11-06 01:58:28,007 - BlankSpaceAnalyzer - INFO - -> Analyzing version 6.0.16-unstable.ab79905.0 (2045/2534)...
2025-11-06 01:58:28,060 - BlankSpaceAnalyzer - INFO - -> Analyzing version 6.0.17 (2046/2534)...
2025-11-06 01:58:28,109 - BlankSpaceAnalyzer - INFO - -> Analyzing version 6.0.17-unstable.0d2aa5d.0 (2047/2534)...
2025-11-06 01:58:28,160 - BlankSpaceAnalyzer - INFO - -> Analyzing version 6.0.17-unstable.17b685a.0 (2048/2534)...
2025-11-06 01:58:28,212 - BlankSpaceAnalyzer - INFO - -> Analyzing version 6.0.17-unstable.1fdbb12.0 (2049/2534)...
2025-11-06 01:58:28,261 - BlankSpaceAnalyzer - INFO - -> Analyzing version 6.0.17-unstable.3d2803e.0 (2050/2534)...
2025-11-06 01:58:28,311 - BlankSpaceAnalyzer - INFO - -> Analyzing version 6.0.17-unstable.5c56101.0 (2051/2534)...
2025-11-06 01:58:28,360 - BlankSpaceAnalyzer - INFO - -> Analyzing version 6.0.17-unstable.e316a2e.0 (2052/2534)...
2025-11-06 01:58:28,411 - BlankSpaceAnalyzer - INFO - -> Analyzing version 6.0.18 (2053/2534)...
2025-11-06 01:58:28,463 - BlankSpaceAnalyzer - INFO - -> Analyzing version 6.0.18-experimental-lerna-test.d2b0b08.55 (2054/2534)...
2025-11-06 01:58:28,512 - BlankSpaceAnalyzer - INFO - -> Analyzing version 6.0.18-unstable.0aba4fb.0 (2055/2534)...
2025-11-06 01:58:28,561 - BlankSpaceAnalyzer - INFO - -> Analyzing version 6.0.18-unstable.1509592.0 (2056/2534)...
2025-11-06 01:58:28,611 - BlankSpaceAnalyzer - INFO - -> Analyzing version 6.0.18-unstable.4377bdd.0 (2057/2534)...
2025-11-06 01:58:28,663 - BlankSpaceAnalyzer - INFO - -> Analyzing version 6.0.18-unstable.7d95fa1.0 (2058/2534)...
2025-11-06 01:58:28,714 - BlankSpaceAnalyzer - INFO - -> Analyzing version 6.0.18-unstable.7e4eff3.0 (2059/2534)...
2025-11-06 01:58:28,762 - BlankSpaceAnalyzer - INFO - -> Analyzing version 6.0.18-unstable.b758843.0 (2060/2534)...
2025-11-06 01:58:28,811 - BlankSpaceAnalyzer - INFO - -> Analyzing version 6.0.19 (2061/2534)...
2025-11-06 01:58:28,860 - BlankSpaceAnalyzer - INFO - -> Analyzing version 6.0.19-unstable.468f979.0 (2062/2534)...
2025-11-06 01:58:28,911 - BlankSpaceAnalyzer - INFO - -> Analyzing version 6.0.19-unstable.71156db.0 (2063/2534)...
2025-11-06 01:58:28,960 - BlankSpaceAnalyzer - INFO - -> Analyzing version 6.0.19-unstable.7a8ec81.0 (2064/2534)...
2025-11-06 01:58:29,010 - BlankSpaceAnalyzer - INFO - -> Analyzing version 6.0.2 (2065/2534)...
2025-11-06 01:58:29,060 - BlankSpaceAnalyzer - INFO - -> Analyzing version 6.0.2-unstable.51ed7b4.0 (2066/2534)...
2025-11-06 01:58:29,109 - BlankSpaceAnalyzer - INFO - -> Analyzing version 6.0.2-unstable.a5eb335.0 (2067/2534)...
2025-11-06 01:58:29,159 - BlankSpaceAnalyzer - INFO - -> Analyzing version 6.0.2-unstable.b778a9e.0 (2068/2534)...
2025-11-06 01:58:29,209 - BlankSpaceAnalyzer - INFO - -> Analyzing version 6.0.2-unstable.ff4e8d7.0 (2069/2534)...
2025-11-06 01:58:29,258 - BlankSpaceAnalyzer - INFO - -> Analyzing version 6.0.2-unstable.ff85fa5.0 (2070/2534)...
2025-11-06 01:58:29,307 - BlankSpaceAnalyzer - INFO - -> Analyzing version 6.0.20 (2071/2534)...
2025-11-06 01:58:29,358 - BlankSpaceAnalyzer - INFO - -> Analyzing version 6.0.20-api-graphql-eslint.dd94c10.0 (2072/2534)...
2025-11-06 01:58:29,408 - BlankSpaceAnalyzer - INFO - -> Analyzing version 6.0.20-unstable.1570b12.0 (2073/2534)...
2025-11-06 01:58:29,457 - BlankSpaceAnalyzer - INFO - -> Analyzing version 6.0.20-unstable.1a45c2f.0 (2074/2534)...
2025-11-06 01:58:29,506 - BlankSpaceAnalyzer - INFO - -> Analyzing version 6.0.21 (2075/2534)...
2025-11-06 01:58:29,555 - BlankSpaceAnalyzer - INFO - -> Analyzing version 6.0.21-gen2-storage.00224af.0 (2076/2534)...
2025-11-06 01:58:29,606 - BlankSpaceAnalyzer - INFO - -> Analyzing version 6.0.21-gen2-storage.58b86bb.0 (2077/2534)...
2025-11-06 01:58:29,656 - BlankSpaceAnalyzer - INFO - -> Analyzing version 6.0.21-gen2-storage.6104ab7.0 (2078/2534)...
2025-11-06 01:58:29,706 - BlankSpaceAnalyzer - INFO - -> Analyzing version 6.0.21-gen2-storage.68a88bb.0 (2079/2534)...
2025-11-06 01:58:29,756 - BlankSpaceAnalyzer - INFO - -> Analyzing version 6.0.21-gen2-storage.7da2b89.0 (2080/2534)...
2025-11-06 01:58:29,806 - BlankSpaceAnalyzer - INFO - -> Analyzing version 6.0.21-gen2-storage.a81fc29.0 (2081/2534)...
2025-11-06 01:58:29,855 - BlankSpaceAnalyzer - INFO - -> Analyzing version 6.0.21-gen2-storage.a94480d.0 (2082/2534)...
2025-11-06 01:58:29,904 - BlankSpaceAnalyzer - INFO - -> Analyzing version 6.0.21-unstable.22d042d.0 (2083/2534)...
2025-11-06 01:58:29,954 - BlankSpaceAnalyzer - INFO - -> Analyzing version 6.0.21-unstable.25adcfe.0 (2084/2534)...
2025-11-06 01:58:30,005 - BlankSpaceAnalyzer - INFO - -> Analyzing version 6.0.21-unstable.5d4ccd6.0 (2085/2534)...
2025-11-06 01:58:30,055 - BlankSpaceAnalyzer - INFO - -> Analyzing version 6.0.21-unstable.79e32a9.0 (2086/2534)...
2025-11-06 01:58:30,105 - BlankSpaceAnalyzer - INFO - -> Analyzing version 6.0.21-unstable.80e029c.0 (2087/2534)...
2025-11-06 01:58:30,154 - BlankSpaceAnalyzer - INFO - -> Analyzing version 6.0.21-unstable.a254bb6.0 (2088/2534)...
2025-11-06 01:58:30,204 - BlankSpaceAnalyzer - INFO - -> Analyzing version 6.0.22 (2089/2534)...
2025-11-06 01:58:30,253 - BlankSpaceAnalyzer - INFO - -> Analyzing version 6.0.22-unstable.1820354.0 (2090/2534)...
2025-11-06 01:58:30,303 - BlankSpaceAnalyzer - INFO - -> Analyzing version 6.0.22-unstable.1a6d358.0 (2091/2534)...
2025-11-06 01:58:30,353 - BlankSpaceAnalyzer - INFO - -> Analyzing version 6.0.22-unstable.1aafa48.0 (2092/2534)...
2025-11-06 01:58:30,403 - BlankSpaceAnalyzer - INFO - -> Analyzing version 6.0.22-unstable.2b71e29.0 (2093/2534)...
2025-11-06 01:58:30,452 - BlankSpaceAnalyzer - INFO - -> Analyzing version 6.0.22-unstable.bd1fefd.0 (2094/2534)...
2025-11-06 01:58:30,502 - BlankSpaceAnalyzer - INFO - -> Analyzing version 6.0.22-unstable.f6055cb.0 (2095/2534)...
2025-11-06 01:58:30,552 - BlankSpaceAnalyzer - INFO - -> Analyzing version 6.0.23 (2096/2534)...
2025-11-06 01:58:30,601 - BlankSpaceAnalyzer - INFO - -> Analyzing version 6.0.23-unstable.701f219.0 (2097/2534)...
2025-11-06 01:58:30,650 - BlankSpaceAnalyzer - INFO - -> Analyzing version 6.0.24 (2098/2534)...
2025-11-06 01:58:30,702 - BlankSpaceAnalyzer - INFO - -> Analyzing version 6.0.24-unstable.0ddaa3c.0 (2099/2534)...
2025-11-06 01:58:30,752 - BlankSpaceAnalyzer - INFO - -> Analyzing version 6.0.24-unstable.5e16682.0 (2100/2534)...
2025-11-06 01:58:30,802 - BlankSpaceAnalyzer - INFO - -> Analyzing version 6.0.24-unstable.873a6f4.0 (2101/2534)...
2025-11-06 01:58:30,853 - BlankSpaceAnalyzer - INFO - -> Analyzing version 6.0.24-unstable.962179b.0 (2102/2534)...
2025-11-06 01:58:30,904 - BlankSpaceAnalyzer - INFO - -> Analyzing version 6.0.25 (2103/2534)...
2025-11-06 01:58:30,955 - BlankSpaceAnalyzer - INFO - -> Analyzing version 6.0.25-unstable.3a01869.0 (2104/2534)...
2025-11-06 01:58:31,004 - BlankSpaceAnalyzer - INFO - -> Analyzing version 6.0.26 (2105/2534)...
2025-11-06 01:58:31,055 - BlankSpaceAnalyzer - INFO - -> Analyzing version 6.0.27 (2106/2534)...
2025-11-06 01:58:31,104 - BlankSpaceAnalyzer - INFO - -> Analyzing version 6.0.27-unstable.68a9f28.0 (2107/2534)...
2025-11-06 01:58:31,154 - BlankSpaceAnalyzer - INFO - -> Analyzing version 6.0.28 (2108/2534)...
2025-11-06 01:58:31,203 - BlankSpaceAnalyzer - INFO - -> Analyzing version 6.0.28-experimental-lerna-test.a905656.0 (2109/2534)...
2025-11-06 01:58:31,253 - BlankSpaceAnalyzer - INFO - -> Analyzing version 6.0.28-unstable.c194a0e.0 (2110/2534)...
2025-11-06 01:58:31,303 - BlankSpaceAnalyzer - INFO - -> Analyzing version 6.0.28-unstable.c4cd66d.0 (2111/2534)...
2025-11-06 01:58:31,356 - BlankSpaceAnalyzer - INFO - -> Analyzing version 6.0.29 (2112/2534)...
2025-11-06 01:58:31,405 - BlankSpaceAnalyzer - INFO - -> Analyzing version 6.0.29-unstable.1625424.0 (2113/2534)...
2025-11-06 01:58:31,454 - BlankSpaceAnalyzer - INFO - -> Analyzing version 6.0.29-unstable.2a7b3ac.0 (2114/2534)...
2025-11-06 01:58:31,504 - BlankSpaceAnalyzer - INFO - -> Analyzing version 6.0.29-unstable.390c159.0 (2115/2534)...
2025-11-06 01:58:31,554 - BlankSpaceAnalyzer - INFO - -> Analyzing version 6.0.29-unstable.8b21eae.0 (2116/2534)...
2025-11-06 01:58:31,604 - BlankSpaceAnalyzer - INFO - -> Analyzing version 6.0.29-unstable.f37faeb.0 (2117/2534)...
2025-11-06 01:58:31,653 - BlankSpaceAnalyzer - INFO - -> Analyzing version 6.0.29-with-data-schema-16-1.f9cad3c.0 (2118/2534)...
2025-11-06 01:58:31,705 - BlankSpaceAnalyzer - INFO - -> Analyzing version 6.0.3 (2119/2534)...
2025-11-06 01:58:31,754 - BlankSpaceAnalyzer - INFO - -> Analyzing version 6.0.3-unstable.032ab8e.0 (2120/2534)...
2025-11-06 01:58:31,804 - BlankSpaceAnalyzer - INFO - -> Analyzing version 6.0.3-unstable.407b52e.0 (2121/2534)...
2025-11-06 01:58:31,854 - BlankSpaceAnalyzer - INFO - -> Analyzing version 6.0.3-unstable.4953a58.0 (2122/2534)...
2025-11-06 01:58:31,904 - BlankSpaceAnalyzer - INFO - -> Analyzing version 6.0.3-unstable.c69c562.0 (2123/2534)...
2025-11-06 01:58:31,954 - BlankSpaceAnalyzer - INFO - -> Analyzing version 6.0.30 (2124/2534)...
2025-11-06 01:58:32,004 - BlankSpaceAnalyzer - INFO - -> Analyzing version 6.0.30-gen2-storage.3cca682.0 (2125/2534)...
2025-11-06 01:58:32,056 - BlankSpaceAnalyzer - INFO - -> Analyzing version 6.0.30-gen2-storage.e54bfa9.0 (2126/2534)...
2025-11-06 01:58:32,106 - BlankSpaceAnalyzer - INFO - -> Analyzing version 6.0.30-unstable.cd98f1e.0 (2127/2534)...
2025-11-06 01:58:32,156 - BlankSpaceAnalyzer - INFO - -> Analyzing version 6.0.31-unstable.40e6b7c.0 (2128/2534)...
2025-11-06 01:58:32,205 - BlankSpaceAnalyzer - INFO - -> Analyzing version 6.0.31-unstable.6d4366e.0 (2129/2534)...
2025-11-06 01:58:32,256 - BlankSpaceAnalyzer - INFO - -> Analyzing version 6.0.4 (2130/2534)...
2025-11-06 01:58:32,305 - BlankSpaceAnalyzer - INFO - -> Analyzing version 6.0.4-unstable.136f85f.0 (2131/2534)...
2025-11-06 01:58:32,354 - BlankSpaceAnalyzer - INFO - -> Analyzing version 6.0.4-unstable.4d80239.0 (2132/2534)...
2025-11-06 01:58:32,404 - BlankSpaceAnalyzer - INFO - -> Analyzing version 6.0.5 (2133/2534)...
2025-11-06 01:58:32,453 - BlankSpaceAnalyzer - INFO - -> Analyzing version 6.0.5-unstable.4e12ec9.0 (2134/2534)...
2025-11-06 01:58:32,503 - BlankSpaceAnalyzer - INFO - -> Analyzing version 6.0.5-unstable.a0f9e26.0 (2135/2534)...
2025-11-06 01:58:32,554 - BlankSpaceAnalyzer - INFO - -> Analyzing version 6.0.5-unstable.b765493.0 (2136/2534)...
2025-11-06 01:58:32,603 - BlankSpaceAnalyzer - INFO - -> Analyzing version 6.0.5-unstable.b877493.0 (2137/2534)...
2025-11-06 01:58:32,655 - BlankSpaceAnalyzer - INFO - -> Analyzing version 6.0.5-unstable.fe5afe6.0 (2138/2534)...
2025-11-06 01:58:32,703 - BlankSpaceAnalyzer - INFO - -> Analyzing version 6.0.6 (2139/2534)...
2025-11-06 01:58:32,752 - BlankSpaceAnalyzer - INFO - -> Analyzing version 6.0.6-unstable.1738080.0 (2140/2534)...
2025-11-06 01:58:32,802 - BlankSpaceAnalyzer - INFO - -> Analyzing version 6.0.6-unstable.1c5010c.0 (2141/2534)...
2025-11-06 01:58:32,851 - BlankSpaceAnalyzer - INFO - -> Analyzing version 6.0.6-unstable.8ca7c15.0 (2142/2534)...
2025-11-06 01:58:32,901 - BlankSpaceAnalyzer - INFO - -> Analyzing version 6.0.6-unstable.a353e0d.0 (2143/2534)...
2025-11-06 01:58:32,950 - BlankSpaceAnalyzer - INFO - -> Analyzing version 6.0.6-unstable.cf3a619.0 (2144/2534)...
2025-11-06 01:58:33,000 - BlankSpaceAnalyzer - INFO - -> Analyzing version 6.0.6-unstable.e101cea.0 (2145/2534)...
2025-11-06 01:58:33,050 - BlankSpaceAnalyzer - INFO - -> Analyzing version 6.0.6-unstable.ef20ad8.0 (2146/2534)...
2025-11-06 01:58:33,100 - BlankSpaceAnalyzer - INFO - -> Analyzing version 6.0.6-unstable.f2b7a8d.0 (2147/2534)...
2025-11-06 01:58:33,149 - BlankSpaceAnalyzer - INFO - -> Analyzing version 6.0.7 (2148/2534)...
2025-11-06 01:58:33,198 - BlankSpaceAnalyzer - INFO - -> Analyzing version 6.0.7-unstable.1e96034.0 (2149/2534)...
2025-11-06 01:58:33,247 - BlankSpaceAnalyzer - INFO - -> Analyzing version 6.0.7-unstable.53dc717.0 (2150/2534)...
2025-11-06 01:58:33,297 - BlankSpaceAnalyzer - INFO - -> Analyzing version 6.0.7-unstable.829723b.0 (2151/2534)...
2025-11-06 01:58:33,346 - BlankSpaceAnalyzer - INFO - -> Analyzing version 6.0.7-unstable.8d9b94c.0 (2152/2534)...
2025-11-06 01:58:33,397 - BlankSpaceAnalyzer - INFO - -> Analyzing version 6.0.7-unstable.ca62f29.0 (2153/2534)...
2025-11-06 01:58:33,447 - BlankSpaceAnalyzer - INFO - -> Analyzing version 6.0.7-unstable.f21f8f1.0 (2154/2534)...
2025-11-06 01:58:33,496 - BlankSpaceAnalyzer - INFO - -> Analyzing version 6.0.7-unstable.f4d3873.0 (2155/2534)...
2025-11-06 01:58:33,546 - BlankSpaceAnalyzer - INFO - -> Analyzing version 6.0.7-upgrade-node-18.062f74f.0 (2156/2534)...
2025-11-06 01:58:33,595 - BlankSpaceAnalyzer - INFO - -> Analyzing version 6.0.8 (2157/2534)...
2025-11-06 01:58:33,646 - BlankSpaceAnalyzer - INFO - -> Analyzing version 6.0.8-unstable.30f1a3a.0 (2158/2534)...
2025-11-06 01:58:33,696 - BlankSpaceAnalyzer - INFO - -> Analyzing version 6.0.8-unstable.b092100.0 (2159/2534)...
2025-11-06 01:58:33,748 - BlankSpaceAnalyzer - INFO - -> Analyzing version 6.0.8-unstable.c68386b.0 (2160/2534)...
2025-11-06 01:58:33,796 - BlankSpaceAnalyzer - INFO - -> Analyzing version 6.0.9 (2161/2534)...
2025-11-06 01:58:33,846 - BlankSpaceAnalyzer - INFO - -> Analyzing version 6.0.9-unstable.01d9e8a.0 (2162/2534)...
2025-11-06 01:58:33,895 - BlankSpaceAnalyzer - INFO - -> Analyzing version 6.0.9-unstable.0ef1fa9.0 (2163/2534)...
2025-11-06 01:58:33,946 - BlankSpaceAnalyzer - INFO - -> Analyzing version 6.0.9-unstable.318de57.0 (2164/2534)...
2025-11-06 01:58:33,996 - BlankSpaceAnalyzer - INFO - -> Analyzing version 6.0.9-unstable.4a3a756.0 (2165/2534)...
2025-11-06 01:58:34,046 - BlankSpaceAnalyzer - INFO - -> Analyzing version 6.0.9-unstable.58ed2f7.0 (2166/2534)...
2025-11-06 01:58:34,096 - BlankSpaceAnalyzer - INFO - -> Analyzing version 6.1.1 (2167/2534)...
2025-11-06 01:58:34,146 - BlankSpaceAnalyzer - INFO - -> Analyzing version 6.1.2 (2168/2534)...
2025-11-06 01:58:34,196 - BlankSpaceAnalyzer - INFO - -> Analyzing version 6.1.3 (2169/2534)...
2025-11-06 01:58:34,245 - BlankSpaceAnalyzer - INFO - -> Analyzing version 6.1.4 (2170/2534)...
2025-11-06 01:58:34,295 - BlankSpaceAnalyzer - INFO - -> Analyzing version 6.1.4-unstable.aa490b9.0 (2171/2534)...
2025-11-06 01:58:34,346 - BlankSpaceAnalyzer - INFO - -> Analyzing version 6.1.4-unstable.d0fdfa6.0 (2172/2534)...
2025-11-06 01:58:34,397 - BlankSpaceAnalyzer - INFO - -> Analyzing version 6.1.5-data-schema-v-0-18.4f27733.0 (2173/2534)...
2025-11-06 01:58:34,447 - BlankSpaceAnalyzer - INFO - -> Analyzing version 6.1.5-unstable.89ecc6d.0 (2174/2534)...
2025-11-06 01:58:34,497 - BlankSpaceAnalyzer - INFO - -> Analyzing version 6.1.5-unstable.8fb751a.0 (2175/2534)...
2025-11-06 01:58:34,548 - BlankSpaceAnalyzer - INFO - -> Analyzing version 6.1.5-unstable.fa02396.0 (2176/2534)...
2025-11-06 01:58:34,601 - BlankSpaceAnalyzer - INFO - -> Analyzing version 6.10.0 (2177/2534)...
2025-11-06 01:58:34,649 - BlankSpaceAnalyzer - INFO - -> Analyzing version 6.10.1-token-exp-tolerance.3d6e9db.0 (2178/2534)...
2025-11-06 01:58:34,698 - BlankSpaceAnalyzer - INFO - -> Analyzing version 6.10.1-unstable.05e84a1.0 (2179/2534)...
2025-11-06 01:58:34,749 - BlankSpaceAnalyzer - INFO - -> Analyzing version 6.10.1-unstable.66c6c78.0 (2180/2534)...
2025-11-06 01:58:34,798 - BlankSpaceAnalyzer - INFO - -> Analyzing version 6.10.1-unstable.c72e72a.0 (2181/2534)...
2025-11-06 01:58:34,848 - BlankSpaceAnalyzer - INFO - -> Analyzing version 6.10.1-unstable.fb8dadb.0 (2182/2534)...
2025-11-06 01:58:34,899 - BlankSpaceAnalyzer - INFO - -> Analyzing version 6.10.2 (2183/2534)...
2025-11-06 01:58:34,948 - BlankSpaceAnalyzer - INFO - -> Analyzing version 6.10.3 (2184/2534)...
2025-11-06 01:58:34,997 - BlankSpaceAnalyzer - INFO - -> Analyzing version 6.10.3-unstable.881619d.0 (2185/2534)...
2025-11-06 01:58:35,046 - BlankSpaceAnalyzer - INFO - -> Analyzing version 6.10.3-unstable.d1dfa38.0 (2186/2534)...
2025-11-06 01:58:35,097 - BlankSpaceAnalyzer - INFO - -> Analyzing version 6.10.4-graphql-multi-client.27123f5.0 (2187/2534)...
2025-11-06 01:58:35,147 - BlankSpaceAnalyzer - INFO - -> Analyzing version 6.10.4-graphql-multi-client.4f8e7a9.0 (2188/2534)...
2025-11-06 01:58:35,198 - BlankSpaceAnalyzer - INFO - -> Analyzing version 6.10.4-graphql-multi-client.7f6a612.0 (2189/2534)...
2025-11-06 01:58:35,248 - BlankSpaceAnalyzer - INFO - -> Analyzing version 6.10.4-graphql-multi-client.93b5136.0 (2190/2534)...
2025-11-06 01:58:35,299 - BlankSpaceAnalyzer - INFO - -> Analyzing version 6.10.4-graphql-multi-client.ba4c61d.0 (2191/2534)...
2025-11-06 01:58:35,350 - BlankSpaceAnalyzer - INFO - -> Analyzing version 6.10.4-graphql-multi-client.e61d28d.0 (2192/2534)...
2025-11-06 01:58:35,402 - BlankSpaceAnalyzer - INFO - -> Analyzing version 6.10.4-unstable.29b6c3f.0 (2193/2534)...
2025-11-06 01:58:35,451 - BlankSpaceAnalyzer - INFO - -> Analyzing version 6.10.4-unstable.31c001d.0 (2194/2534)...
2025-11-06 01:58:35,501 - BlankSpaceAnalyzer - INFO - -> Analyzing version 6.10.4-unstable.4b3b13d.0 (2195/2534)...
2025-11-06 01:58:35,551 - BlankSpaceAnalyzer - INFO - -> Analyzing version 6.10.4-unstable.ec2ff53.0 (2196/2534)...
2025-11-06 01:58:35,601 - BlankSpaceAnalyzer - INFO - -> Analyzing version 6.11.0 (2197/2534)...
2025-11-06 01:58:35,653 - BlankSpaceAnalyzer - INFO - -> Analyzing version 6.11.1-unstable.0ecded1.0 (2198/2534)...
2025-11-06 01:58:35,704 - BlankSpaceAnalyzer - INFO - -> Analyzing version 6.11.1-unstable.0f81bef.0 (2199/2534)...
2025-11-06 01:58:35,756 - BlankSpaceAnalyzer - INFO - -> Analyzing version 6.11.1-unstable.9a73470.0 (2200/2534)...
2025-11-06 01:58:35,806 - BlankSpaceAnalyzer - INFO - -> Analyzing version 6.11.1-unstable.b818753.0 (2201/2534)...
2025-11-06 01:58:35,855 - BlankSpaceAnalyzer - INFO - -> Analyzing version 6.11.1-unstable.ca2e4b8.0 (2202/2534)...
2025-11-06 01:58:35,907 - BlankSpaceAnalyzer - INFO - -> Analyzing version 6.12.0 (2203/2534)...
2025-11-06 01:58:35,956 - BlankSpaceAnalyzer - INFO - -> Analyzing version 6.12.1 (2204/2534)...
2025-11-06 01:58:36,007 - BlankSpaceAnalyzer - INFO - -> Analyzing version 6.12.1-crypto-dep-fix.c868501.0 (2205/2534)...
2025-11-06 01:58:36,057 - BlankSpaceAnalyzer - INFO - -> Analyzing version 6.12.1-server-auth.28fa210.0 (2206/2534)...
2025-11-06 01:58:36,108 - BlankSpaceAnalyzer - INFO - -> Analyzing version 6.12.1-server-auth.7499b16.0 (2207/2534)...
2025-11-06 01:58:36,158 - BlankSpaceAnalyzer - INFO - -> Analyzing version 6.12.1-server-auth.778c2b6.0 (2208/2534)...
2025-11-06 01:58:36,208 - BlankSpaceAnalyzer - INFO - -> Analyzing version 6.12.1-server-auth.8d7a741.0 (2209/2534)...
2025-11-06 01:58:36,260 - BlankSpaceAnalyzer - INFO - -> Analyzing version 6.12.1-server-auth.98ada5f.0 (2210/2534)...
2025-11-06 01:58:36,312 - BlankSpaceAnalyzer - INFO - -> Analyzing version 6.12.1-unstable.1515cab.0 (2211/2534)...
2025-11-06 01:58:36,360 - BlankSpaceAnalyzer - INFO - -> Analyzing version 6.12.1-unstable.931bfec.0 (2212/2534)...
2025-11-06 01:58:36,409 - BlankSpaceAnalyzer - INFO - -> Analyzing version 6.12.1-unstable.a4063a1.0 (2213/2534)...
2025-11-06 01:58:36,458 - BlankSpaceAnalyzer - INFO - -> Analyzing version 6.12.1-unstable.c279ae0.0 (2214/2534)...
2025-11-06 01:58:36,508 - BlankSpaceAnalyzer - INFO - -> Analyzing version 6.12.1-unstable.eac02d0.0 (2215/2534)...
2025-11-06 01:58:36,558 - BlankSpaceAnalyzer - INFO - -> Analyzing version 6.12.2 (2216/2534)...
2025-11-06 01:58:36,607 - BlankSpaceAnalyzer - INFO - -> Analyzing version 6.12.2-graphql-data-ka.518fb2c.0 (2217/2534)...
2025-11-06 01:58:36,660 - BlankSpaceAnalyzer - INFO - -> Analyzing version 6.12.2-graphql-data-ka.8391522.0 (2218/2534)...
2025-11-06 01:58:36,711 - BlankSpaceAnalyzer - INFO - -> Analyzing version 6.12.2-poc-list-paths.25da28f.0 (2219/2534)...
2025-11-06 01:58:36,760 - BlankSpaceAnalyzer - INFO - -> Analyzing version 6.12.2-publish-event-websocket.65d9752.0 (2220/2534)...
2025-11-06 01:58:36,810 - BlankSpaceAnalyzer - INFO - -> Analyzing version 6.12.2-unstable.3606482.0 (2221/2534)...
2025-11-06 01:58:36,860 - BlankSpaceAnalyzer - INFO - -> Analyzing version 6.12.2-unstable.9e956f5.0 (2222/2534)...
2025-11-06 01:58:36,910 - BlankSpaceAnalyzer - INFO - -> Analyzing version 6.12.2-unstable.caf577d.0 (2223/2534)...
2025-11-06 01:58:36,959 - BlankSpaceAnalyzer - INFO - -> Analyzing version 6.12.3 (2224/2534)...
2025-11-06 01:58:37,009 - BlankSpaceAnalyzer - INFO - -> Analyzing version 6.12.3-monitoring-instrument.47a7bda.0 (2225/2534)...
2025-11-06 01:58:37,059 - BlankSpaceAnalyzer - INFO - -> Analyzing version 6.12.3-server-auth.fd0687d.0 (2226/2534)...
2025-11-06 01:58:37,111 - BlankSpaceAnalyzer - INFO - -> Analyzing version 6.12.3-unstable.22ca811.0 (2227/2534)...
2025-11-06 01:58:37,163 - BlankSpaceAnalyzer - INFO - -> Analyzing version 6.12.3-unstable.25dbd61.0 (2228/2534)...
2025-11-06 01:58:37,212 - BlankSpaceAnalyzer - INFO - -> Analyzing version 6.12.3-unstable.7b97855.0 (2229/2534)...
2025-11-06 01:58:37,262 - BlankSpaceAnalyzer - INFO - -> Analyzing version 6.12.3-unstable.86d787b.0 (2230/2534)...
2025-11-06 01:58:37,312 - BlankSpaceAnalyzer - INFO - -> Analyzing version 6.12.3-unstable.8b489d1.0 (2231/2534)...
2025-11-06 01:58:37,362 - BlankSpaceAnalyzer - INFO - -> Analyzing version 6.12.3-unstable.ba025e5.0 (2232/2534)...
2025-11-06 01:58:37,414 - BlankSpaceAnalyzer - INFO - -> Analyzing version 6.12.3-unstable.e888e7c.0 (2233/2534)...
2025-11-06 01:58:37,463 - BlankSpaceAnalyzer - INFO - -> Analyzing version 6.12.4-poc-list-paths.b7e5c4c.0 (2234/2534)...
2025-11-06 01:58:37,513 - BlankSpaceAnalyzer - INFO - -> Analyzing version 6.12.4-unstable.22ceeb3.0 (2235/2534)...
2025-11-06 01:58:37,563 - BlankSpaceAnalyzer - INFO - -> Analyzing version 6.12.4-unstable.289f3e8.0 (2236/2534)...
2025-11-06 01:58:37,612 - BlankSpaceAnalyzer - INFO - -> Analyzing version 6.12.4-unstable.3553355.0 (2237/2534)...
2025-11-06 01:58:37,663 - BlankSpaceAnalyzer - INFO - -> Analyzing version 6.12.4-unstable.b8f57f2.0 (2238/2534)...
2025-11-06 01:58:37,713 - BlankSpaceAnalyzer - INFO - -> Analyzing version 6.12.4-websocket-event.29583bc.0 (2239/2534)...
2025-11-06 01:58:37,763 - BlankSpaceAnalyzer - INFO - -> Analyzing version 6.12.4-websocket-event.a29d4a1.0 (2240/2534)...
2025-11-06 01:58:37,813 - BlankSpaceAnalyzer - INFO - -> Analyzing version 6.13.0 (2241/2534)...
2025-11-06 01:58:37,864 - BlankSpaceAnalyzer - INFO - -> Analyzing version 6.13.1 (2242/2534)...
2025-11-06 01:58:37,913 - BlankSpaceAnalyzer - INFO - -> Analyzing version 6.13.1-server-auth.d7bf87e.0 (2243/2534)...
2025-11-06 01:58:37,962 - BlankSpaceAnalyzer - INFO - -> Analyzing version 6.13.1-unstable.406157d.0 (2244/2534)...
2025-11-06 01:58:38,012 - BlankSpaceAnalyzer - INFO - -> Analyzing version 6.13.1-unstable.5a06a66.0 (2245/2534)...
2025-11-06 01:58:38,063 - BlankSpaceAnalyzer - INFO - -> Analyzing version 6.13.2 (2246/2534)...
2025-11-06 01:58:38,112 - BlankSpaceAnalyzer - INFO - -> Analyzing version 6.13.2-unstable.318c84e.0 (2247/2534)...
2025-11-06 01:58:38,163 - BlankSpaceAnalyzer - INFO - -> Analyzing version 6.13.2-unstable.677f466.0 (2248/2534)...
2025-11-06 01:58:38,216 - BlankSpaceAnalyzer - INFO - -> Analyzing version 6.13.2-unstable.b940a23.0 (2249/2534)...
2025-11-06 01:58:38,265 - BlankSpaceAnalyzer - INFO - -> Analyzing version 6.13.3 (2250/2534)...
2025-11-06 01:58:38,314 - BlankSpaceAnalyzer - INFO - -> Analyzing version 6.13.3-unstable.580740.0 (2251/2534)...
2025-11-06 01:58:38,364 - BlankSpaceAnalyzer - INFO - -> Analyzing version 6.13.3-unstable.5dbfbf3.0 (2252/2534)...
2025-11-06 01:58:38,416 - BlankSpaceAnalyzer - INFO - -> Analyzing version 6.13.4 (2253/2534)...
2025-11-06 01:58:38,467 - BlankSpaceAnalyzer - INFO - -> Analyzing version 6.13.4-Lerna-v8-testing.5bbeffa.0 (2254/2534)...
2025-11-06 01:58:38,516 - BlankSpaceAnalyzer - INFO - -> Analyzing version 6.13.4-unstable.a7df116.0 (2255/2534)...
2025-11-06 01:58:38,565 - BlankSpaceAnalyzer - INFO - -> Analyzing version 6.13.4-unstable.d7ada2b.0 (2256/2534)...
2025-11-06 01:58:38,615 - BlankSpaceAnalyzer - INFO - -> Analyzing version 6.13.5 (2257/2534)...
2025-11-06 01:58:38,664 - BlankSpaceAnalyzer - INFO - -> Analyzing version 6.13.5-unstable.1460e7e.0 (2258/2534)...
2025-11-06 01:58:38,714 - BlankSpaceAnalyzer - INFO - -> Analyzing version 6.13.5-unstable.e10bf3b.0 (2259/2534)...
2025-11-06 01:58:38,763 - BlankSpaceAnalyzer - INFO - -> Analyzing version 6.13.6 (2260/2534)...
2025-11-06 01:58:38,813 - BlankSpaceAnalyzer - INFO - -> Analyzing version 6.13.6-unstable.4080377.0 (2261/2534)...
2025-11-06 01:58:38,863 - BlankSpaceAnalyzer - INFO - -> Analyzing version 6.13.6-unstable.81afde8.0 (2262/2534)...
2025-11-06 01:58:38,913 - BlankSpaceAnalyzer - INFO - -> Analyzing version 6.13.6-unstable.90e2118.0 (2263/2534)...
2025-11-06 01:58:38,963 - BlankSpaceAnalyzer - INFO - -> Analyzing version 6.13.6-unstable.980e3f8.0 (2264/2534)...
2025-11-06 01:58:39,015 - BlankSpaceAnalyzer - INFO - -> Analyzing version 6.13.6-unstable.b383885.0 (2265/2534)...
2025-11-06 01:58:39,064 - BlankSpaceAnalyzer - INFO - -> Analyzing version 6.13.6-unstable.cde36a7.0 (2266/2534)...
2025-11-06 01:58:39,114 - BlankSpaceAnalyzer - INFO - -> Analyzing version 6.13.7-unstable.65207a6.0 (2267/2534)...
2025-11-06 01:58:39,163 - BlankSpaceAnalyzer - INFO - -> Analyzing version 6.13.7-unstable.b188564.0 (2268/2534)...
2025-11-06 01:58:39,215 - BlankSpaceAnalyzer - INFO - -> Analyzing version 6.14.0 (2269/2534)...
2025-11-06 01:58:39,268 - BlankSpaceAnalyzer - INFO - -> Analyzing version 6.14.1 (2270/2534)...
2025-11-06 01:58:39,317 - BlankSpaceAnalyzer - INFO - -> Analyzing version 6.14.1-unstable.c9a4386.0 (2271/2534)...
2025-11-06 01:58:39,367 - BlankSpaceAnalyzer - INFO - -> Analyzing version 6.14.1-unstable.f26c105.0 (2272/2534)...
2025-11-06 01:58:39,419 - BlankSpaceAnalyzer - INFO - -> Analyzing version 6.14.2 (2273/2534)...
2025-11-06 01:58:39,468 - BlankSpaceAnalyzer - INFO - -> Analyzing version 6.14.2-unstable.34b927a.0 (2274/2534)...
2025-11-06 01:58:39,517 - BlankSpaceAnalyzer - INFO - -> Analyzing version 6.14.2-unstable.42f6332.0 (2275/2534)...
2025-11-06 01:58:39,567 - BlankSpaceAnalyzer - INFO - -> Analyzing version 6.14.2-unstable.d11c5ce.0 (2276/2534)...
2025-11-06 01:58:39,618 - BlankSpaceAnalyzer - INFO - -> Analyzing version 6.14.2-unstable.db70f7b.0 (2277/2534)...
2025-11-06 01:58:39,667 - BlankSpaceAnalyzer - INFO - -> Analyzing version 6.14.3 (2278/2534)...
2025-11-06 01:58:39,720 - BlankSpaceAnalyzer - INFO - -> Analyzing version 6.14.3-rn-exports.6c340f8.0 (2279/2534)...
2025-11-06 01:58:39,771 - BlankSpaceAnalyzer - INFO - -> Analyzing version 6.14.4 (2280/2534)...
2025-11-06 01:58:39,820 - BlankSpaceAnalyzer - INFO - -> Analyzing version 6.14.4-poc-start-after.e717946.0 (2281/2534)...
2025-11-06 01:58:39,869 - BlankSpaceAnalyzer - INFO - -> Analyzing version 6.14.4-rn-exports.f28cd66.0 (2282/2534)...
2025-11-06 01:58:39,920 - BlankSpaceAnalyzer - INFO - -> Analyzing version 6.14.4-unstable.3413250.0 (2283/2534)...
2025-11-06 01:58:39,969 - BlankSpaceAnalyzer - INFO - -> Analyzing version 6.14.4-unstable.4a1f10b.0 (2284/2534)...
2025-11-06 01:58:40,019 - BlankSpaceAnalyzer - INFO - -> Analyzing version 6.14.4-unstable.74f34a8.0 (2285/2534)...
2025-11-06 01:58:40,070 - BlankSpaceAnalyzer - INFO - -> Analyzing version 6.14.4-unstable.893d9cf.0 (2286/2534)...
2025-11-06 01:58:40,120 - BlankSpaceAnalyzer - INFO - -> Analyzing version 6.14.5-local-stack.00864ae.0 (2287/2534)...
2025-11-06 01:58:40,170 - BlankSpaceAnalyzer - INFO - -> Analyzing version 6.14.5-unstable.3c4d29e.0 (2288/2534)...
2025-11-06 01:58:40,222 - BlankSpaceAnalyzer - INFO - -> Analyzing version 6.14.5-unstable.5c85092.0 (2289/2534)...
2025-11-06 01:58:40,271 - BlankSpaceAnalyzer - INFO - -> Analyzing version 6.14.5-unstable.7d58598.0 (2290/2534)...
2025-11-06 01:58:40,320 - BlankSpaceAnalyzer - INFO - -> Analyzing version 6.14.5-unstable.fd56414.0 (2291/2534)...
2025-11-06 01:58:40,370 - BlankSpaceAnalyzer - INFO - -> Analyzing version 6.15.0 (2292/2534)...
2025-11-06 01:58:40,421 - BlankSpaceAnalyzer - INFO - -> Analyzing version 6.15.1 (2293/2534)...
2025-11-06 01:58:40,471 - BlankSpaceAnalyzer - INFO - -> Analyzing version 6.15.1-unstable.2b4282a.0 (2294/2534)...
2025-11-06 01:58:40,520 - BlankSpaceAnalyzer - INFO - -> Analyzing version 6.15.1-unstable.936c0f7.0 (2295/2534)...
2025-11-06 01:58:40,570 - BlankSpaceAnalyzer - INFO - -> Analyzing version 6.15.1-unstable.bafe9ed.0 (2296/2534)...
2025-11-06 01:58:40,623 - BlankSpaceAnalyzer - INFO - -> Analyzing version 6.15.2 (2297/2534)...
2025-11-06 01:58:40,672 - BlankSpaceAnalyzer - INFO - -> Analyzing version 6.15.2-unstable.43e28a6.0 (2298/2534)...
2025-11-06 01:58:40,721 - BlankSpaceAnalyzer - INFO - -> Analyzing version 6.15.2-unstable.88113b6.0 (2299/2534)...
2025-11-06 01:58:40,771 - BlankSpaceAnalyzer - INFO - -> Analyzing version 6.15.2-unstable.f94a30b.0 (2300/2534)...
2025-11-06 01:58:40,823 - BlankSpaceAnalyzer - INFO - -> Analyzing version 6.15.3 (2301/2534)...
2025-11-06 01:58:40,871 - BlankSpaceAnalyzer - INFO - -> Analyzing version 6.15.3-unstable.8231647.0 (2302/2534)...
2025-11-06 01:58:40,921 - BlankSpaceAnalyzer - INFO - -> Analyzing version 6.15.3-unstable.f14dc87.0 (2303/2534)...
2025-11-06 01:58:40,971 - BlankSpaceAnalyzer - INFO - -> Analyzing version 6.15.4 (2304/2534)...
2025-11-06 01:58:41,021 - BlankSpaceAnalyzer - INFO - -> Analyzing version 6.15.4-unstable.16ac204.0 (2305/2534)...
2025-11-06 01:58:41,072 - BlankSpaceAnalyzer - INFO - -> Analyzing version 6.15.4-unstable.290fb36.0 (2306/2534)...
2025-11-06 01:58:41,122 - BlankSpaceAnalyzer - INFO - -> Analyzing version 6.15.4-unstable.88f6e72.0 (2307/2534)...
2025-11-06 01:58:41,172 - BlankSpaceAnalyzer - INFO - -> Analyzing version 6.15.4-unstable.b29d394.0 (2308/2534)...
2025-11-06 01:58:41,221 - BlankSpaceAnalyzer - INFO - -> Analyzing version 6.15.4-unstable.ce2ce10.0 (2309/2534)...
2025-11-06 01:58:41,272 - BlankSpaceAnalyzer - INFO - -> Analyzing version 6.15.4-unstable.d6f1422.0 (2310/2534)...
2025-11-06 01:58:41,321 - BlankSpaceAnalyzer - INFO - -> Analyzing version 6.15.4-unstable.e5a8569.0 (2311/2534)...
2025-11-06 01:58:41,371 - BlankSpaceAnalyzer - INFO - -> Analyzing version 6.15.5 (2312/2534)...
2025-11-06 01:58:41,422 - BlankSpaceAnalyzer - INFO - -> Analyzing version 6.15.5-unstable.2212704.0 (2313/2534)...
2025-11-06 01:58:41,472 - BlankSpaceAnalyzer - INFO - -> Analyzing version 6.15.5-unstable.76548ca.0 (2314/2534)...
2025-11-06 01:58:41,523 - BlankSpaceAnalyzer - INFO - -> Analyzing version 6.15.6 (2315/2534)...
2025-11-06 01:58:41,573 - BlankSpaceAnalyzer - INFO - -> Analyzing version 6.15.6-unstable.0f5e997.0 (2316/2534)...
2025-11-06 01:58:41,623 - BlankSpaceAnalyzer - INFO - -> Analyzing version 6.15.6-unstable.5cbebd1.0 (2317/2534)...
2025-11-06 01:58:41,675 - BlankSpaceAnalyzer - INFO - -> Analyzing version 6.15.6-unstable.6236acf.0 (2318/2534)...
2025-11-06 01:58:41,725 - BlankSpaceAnalyzer - INFO - -> Analyzing version 6.15.6-unstable.6ea70f9.0 (2319/2534)...
2025-11-06 01:58:41,775 - BlankSpaceAnalyzer - INFO - -> Analyzing version 6.15.7 (2320/2534)...
2025-11-06 01:58:41,827 - BlankSpaceAnalyzer - INFO - -> Analyzing version 6.15.7-unstable.3ea1c8e.0 (2321/2534)...
2025-11-06 01:58:41,877 - BlankSpaceAnalyzer - INFO - -> Analyzing version 6.15.7-unstable.42b6d67.0 (2322/2534)...
2025-11-06 01:58:41,927 - BlankSpaceAnalyzer - INFO - -> Analyzing version 6.15.7-unstable.578acee.0 (2323/2534)...
2025-11-06 01:58:41,976 - BlankSpaceAnalyzer - INFO - -> Analyzing version 6.15.7-unstable.96fdd13.0 (2324/2534)...
2025-11-06 01:58:42,028 - BlankSpaceAnalyzer - INFO - -> Analyzing version 6.15.7-unstable.bd2125d.0 (2325/2534)...
2025-11-06 01:58:42,078 - BlankSpaceAnalyzer - INFO - -> Analyzing version 6.15.8-unstable.5bf5685.0 (2326/2534)...
2025-11-06 01:58:42,129 - BlankSpaceAnalyzer - INFO - -> Analyzing version 6.15.8-unstable.aae2834.0 (2327/2534)...
2025-11-06 01:58:42,182 - BlankSpaceAnalyzer - INFO - -> Analyzing version 6.15.8-unstable.c6c6079.0 (2328/2534)...
2025-11-06 01:58:42,231 - BlankSpaceAnalyzer - INFO - -> Analyzing version 6.2.0 (2329/2534)...
2025-11-06 01:58:42,281 - BlankSpaceAnalyzer - INFO - -> Analyzing version 6.2.1-datastore-deprecated-schema-type.65f577d.0 (2330/2534)...
2025-11-06 01:58:42,332 - BlankSpaceAnalyzer - INFO - -> Analyzing version 6.2.1-datastore-eslint.03c1ef1.0 (2331/2534)...
2025-11-06 01:58:42,382 - BlankSpaceAnalyzer - INFO - -> Analyzing version 6.2.1-unstable.420e2c5.0 (2332/2534)...
2025-11-06 01:58:42,433 - BlankSpaceAnalyzer - INFO - -> Analyzing version 6.2.1-unstable.4920716.0 (2333/2534)...
2025-11-06 01:58:42,483 - BlankSpaceAnalyzer - INFO - -> Analyzing version 6.2.1-unstable.7ddca1b.0 (2334/2534)...
2025-11-06 01:58:42,533 - BlankSpaceAnalyzer - INFO - -> Analyzing version 6.2.1-unstable.82e1bd3.0 (2335/2534)...
2025-11-06 01:58:42,582 - BlankSpaceAnalyzer - INFO - -> Analyzing version 6.2.1-unstable.c794c14.0 (2336/2534)...
2025-11-06 01:58:42,632 - BlankSpaceAnalyzer - INFO - -> Analyzing version 6.3.0 (2337/2534)...
2025-11-06 01:58:42,682 - BlankSpaceAnalyzer - INFO - -> Analyzing version 6.3.1 (2338/2534)...
2025-11-06 01:58:42,732 - BlankSpaceAnalyzer - INFO - -> Analyzing version 6.3.1-s-auth.1dbe6e0.0 (2339/2534)...
2025-11-06 01:58:42,782 - BlankSpaceAnalyzer - INFO - -> Analyzing version 6.3.1-s-auth.30d0cd2.0 (2340/2534)...
2025-11-06 01:58:42,832 - BlankSpaceAnalyzer - INFO - -> Analyzing version 6.3.1-s-auth.4151b72.0 (2341/2534)...
2025-11-06 01:58:42,884 - BlankSpaceAnalyzer - INFO - -> Analyzing version 6.3.1-s-auth.76a0ab5.0 (2342/2534)...
2025-11-06 01:58:42,933 - BlankSpaceAnalyzer - INFO - -> Analyzing version 6.3.1-s-auth.91cb584.0 (2343/2534)...
2025-11-06 01:58:42,983 - BlankSpaceAnalyzer - INFO - -> Analyzing version 6.3.1-unstable.2ce82f9.0 (2344/2534)...
2025-11-06 01:58:43,034 - BlankSpaceAnalyzer - INFO - -> Analyzing version 6.3.1-unstable.57a77b5.0 (2345/2534)...
2025-11-06 01:58:43,085 - BlankSpaceAnalyzer - INFO - -> Analyzing version 6.3.1-unstable.6ae339a.0 (2346/2534)...
2025-11-06 01:58:43,136 - BlankSpaceAnalyzer - INFO - -> Analyzing version 6.3.1-unstable.b1dec5a.0 (2347/2534)...
2025-11-06 01:58:43,186 - BlankSpaceAnalyzer - INFO - -> Analyzing version 6.3.1-unstable.f17cdf0.0 (2348/2534)...
2025-11-06 01:58:43,235 - BlankSpaceAnalyzer - INFO - -> Analyzing version 6.3.2 (2349/2534)...
2025-11-06 01:58:43,284 - BlankSpaceAnalyzer - INFO - -> Analyzing version 6.3.2-unstable.09b14ed.0 (2350/2534)...
2025-11-06 01:58:43,333 - BlankSpaceAnalyzer - INFO - -> Analyzing version 6.3.2-unstable.47f0f8b.0 (2351/2534)...
2025-11-06 01:58:43,385 - BlankSpaceAnalyzer - INFO - -> Analyzing version 6.3.3 (2352/2534)...
2025-11-06 01:58:43,436 - BlankSpaceAnalyzer - INFO - -> Analyzing version 6.3.3-unstable.0532bef.0 (2353/2534)...
2025-11-06 01:58:43,486 - BlankSpaceAnalyzer - INFO - -> Analyzing version 6.3.3-unstable.82d53fa.0 (2354/2534)...
2025-11-06 01:58:43,535 - BlankSpaceAnalyzer - INFO - -> Analyzing version 6.3.3-unstable.d7d33da.0 (2355/2534)...
2025-11-06 01:58:43,584 - BlankSpaceAnalyzer - INFO - -> Analyzing version 6.3.3-verification-144273.550914f.0 (2356/2534)...
2025-11-06 01:58:43,634 - BlankSpaceAnalyzer - INFO - -> Analyzing version 6.3.4 (2357/2534)...
2025-11-06 01:58:43,684 - BlankSpaceAnalyzer - INFO - -> Analyzing version 6.3.4-unstable.1a1a6ce.0 (2358/2534)...
2025-11-06 01:58:43,734 - BlankSpaceAnalyzer - INFO - -> Analyzing version 6.3.5 (2359/2534)...
2025-11-06 01:58:43,783 - BlankSpaceAnalyzer - INFO - -> Analyzing version 6.3.5-unstable.12bc735.0 (2360/2534)...
2025-11-06 01:58:43,833 - BlankSpaceAnalyzer - INFO - -> Analyzing version 6.3.5-unstable.4263031.0 (2361/2534)...
2025-11-06 01:58:43,882 - BlankSpaceAnalyzer - INFO - -> Analyzing version 6.3.5-unstable.9f40a18.0 (2362/2534)...
2025-11-06 01:58:43,933 - BlankSpaceAnalyzer - INFO - -> Analyzing version 6.3.5-unstable.c9a1dbd.0 (2363/2534)...
2025-11-06 01:58:43,982 - BlankSpaceAnalyzer - INFO - -> Analyzing version 6.3.6 (2364/2534)...
2025-11-06 01:58:44,034 - BlankSpaceAnalyzer - INFO - -> Analyzing version 6.3.6-token-validation.9526c29.0 (2365/2534)...
2025-11-06 01:58:44,083 - BlankSpaceAnalyzer - INFO - -> Analyzing version 6.3.6-token-validation.e55957e.0 (2366/2534)...
2025-11-06 01:58:44,133 - BlankSpaceAnalyzer - INFO - -> Analyzing version 6.3.6-unstable.dbbbde2.0 (2367/2534)...
2025-11-06 01:58:44,182 - BlankSpaceAnalyzer - INFO - -> Analyzing version 6.3.6-unstable.ff89a37.0 (2368/2534)...
2025-11-06 01:58:44,232 - BlankSpaceAnalyzer - INFO - -> Analyzing version 6.3.7 (2369/2534)...
2025-11-06 01:58:44,281 - BlankSpaceAnalyzer - INFO - -> Analyzing version 6.3.7-main.92e6347.0 (2370/2534)...
2025-11-06 01:58:44,331 - BlankSpaceAnalyzer - INFO - -> Analyzing version 6.3.7-storage-browser.084b4ff.0 (2371/2534)...
2025-11-06 01:58:44,381 - BlankSpaceAnalyzer - INFO - -> Analyzing version 6.3.7-storage-browser.3fc169e.0 (2372/2534)...
2025-11-06 01:58:44,431 - BlankSpaceAnalyzer - INFO - -> Analyzing version 6.3.7-storage-browser.614e38e.0 (2373/2534)...
2025-11-06 01:58:44,481 - BlankSpaceAnalyzer - INFO - -> Analyzing version 6.3.7-storage-browser.dcba3d7.0 (2374/2534)...
2025-11-06 01:58:44,530 - BlankSpaceAnalyzer - INFO - -> Analyzing version 6.3.7-unstable.211a7ec.0 (2375/2534)...
2025-11-06 01:58:44,580 - BlankSpaceAnalyzer - INFO - -> Analyzing version 6.3.7-unstable.d7354f8.0 (2376/2534)...
2025-11-06 01:58:44,629 - BlankSpaceAnalyzer - INFO - -> Analyzing version 6.3.7-unstable.d93b687.0 (2377/2534)...
2025-11-06 01:58:44,679 - BlankSpaceAnalyzer - INFO - -> Analyzing version 6.3.7-unstable.de6b06d.0 (2378/2534)...
2025-11-06 01:58:44,729 - BlankSpaceAnalyzer - INFO - -> Analyzing version 6.3.8 (2379/2534)...
2025-11-06 01:58:44,779 - BlankSpaceAnalyzer - INFO - -> Analyzing version 6.3.8-unstable.05846e9.0 (2380/2534)...
2025-11-06 01:58:44,829 - BlankSpaceAnalyzer - INFO - -> Analyzing version 6.3.8-unstable.44696fb.0 (2381/2534)...
2025-11-06 01:58:44,880 - BlankSpaceAnalyzer - INFO - -> Analyzing version 6.3.8-unstable.6718c9a.0 (2382/2534)...
2025-11-06 01:58:44,932 - BlankSpaceAnalyzer - INFO - -> Analyzing version 6.3.8-unstable.90bc0e3.0 (2383/2534)...
2025-11-06 01:58:44,983 - BlankSpaceAnalyzer - INFO - -> Analyzing version 6.3.8-unstable.e6c5f60.0 (2384/2534)...
2025-11-06 01:58:45,034 - BlankSpaceAnalyzer - INFO - -> Analyzing version 6.3.9-multi-bucket.043d913.0 (2385/2534)...
2025-11-06 01:58:45,084 - BlankSpaceAnalyzer - INFO - -> Analyzing version 6.3.9-node-test.8721a03.0 (2386/2534)...
2025-11-06 01:58:45,136 - BlankSpaceAnalyzer - INFO - -> Analyzing version 6.3.9-unstable.0a07393.0 (2387/2534)...
2025-11-06 01:58:45,187 - BlankSpaceAnalyzer - INFO - -> Analyzing version 6.3.9-unstable.0f5f4cb.0 (2388/2534)...
2025-11-06 01:58:45,236 - BlankSpaceAnalyzer - INFO - -> Analyzing version 6.3.9-unstable.b6de5f9.0 (2389/2534)...
2025-11-06 01:58:45,286 - BlankSpaceAnalyzer - INFO - -> Analyzing version 6.3.9-unstable.bca15d7.0 (2390/2534)...
2025-11-06 01:58:45,339 - BlankSpaceAnalyzer - INFO - -> Analyzing version 6.3.9-unstable.e3a10ca.0 (2391/2534)...
2025-11-06 01:58:45,390 - BlankSpaceAnalyzer - INFO - -> Analyzing version 6.4.0 (2392/2534)...
2025-11-06 01:58:45,439 - BlankSpaceAnalyzer - INFO - -> Analyzing version 6.4.1 (2393/2534)...
2025-11-06 01:58:45,489 - BlankSpaceAnalyzer - INFO - -> Analyzing version 6.4.1-unstable.1cc40e3.0 (2394/2534)...
2025-11-06 01:58:45,538 - BlankSpaceAnalyzer - INFO - -> Analyzing version 6.4.1-unstable.60885b7.0 (2395/2534)...
2025-11-06 01:58:45,588 - BlankSpaceAnalyzer - INFO - -> Analyzing version 6.4.2 (2396/2534)...
2025-11-06 01:58:45,638 - BlankSpaceAnalyzer - INFO - -> Analyzing version 6.4.2-unstable.60a559f.0 (2397/2534)...
2025-11-06 01:58:45,688 - BlankSpaceAnalyzer - INFO - -> Analyzing version 6.4.3 (2398/2534)...
2025-11-06 01:58:45,738 - BlankSpaceAnalyzer - INFO - -> Analyzing version 6.4.3-multi-bucket.1a3faa0.0 (2399/2534)...
2025-11-06 01:58:45,788 - BlankSpaceAnalyzer - INFO - -> Analyzing version 6.4.3-multi-bucket.381ca11.0 (2400/2534)...
2025-11-06 01:58:45,839 - BlankSpaceAnalyzer - INFO - -> Analyzing version 6.4.3-multi-bucket.56a2acd.0 (2401/2534)...
2025-11-06 01:58:45,888 - BlankSpaceAnalyzer - INFO - -> Analyzing version 6.4.3-storage-browser.08ef01b.0 (2402/2534)...
2025-11-06 01:58:45,937 - BlankSpaceAnalyzer - INFO - -> Analyzing version 6.4.3-storage-browser.9ba6782.0 (2403/2534)...
2025-11-06 01:58:45,988 - BlankSpaceAnalyzer - INFO - -> Analyzing version 6.4.3-storage-browser.a17ed4d.0 (2404/2534)...
2025-11-06 01:58:46,039 - BlankSpaceAnalyzer - INFO - -> Analyzing version 6.4.3-storage-browser.ce9e88c.0 (2405/2534)...
2025-11-06 01:58:46,090 - BlankSpaceAnalyzer - INFO - -> Analyzing version 6.4.3-storage-browser.d69c58b.0 (2406/2534)...
2025-11-06 01:58:46,140 - BlankSpaceAnalyzer - INFO - -> Analyzing version 6.4.3-storage-browser.d831a2d.0 (2407/2534)...
2025-11-06 01:58:46,190 - BlankSpaceAnalyzer - INFO - -> Analyzing version 6.4.3-storage-browser.d89cc27.0 (2408/2534)...
2025-11-06 01:58:46,240 - BlankSpaceAnalyzer - INFO - -> Analyzing version 6.4.3-storage-browser.ed29226.0 (2409/2534)...
2025-11-06 01:58:46,291 - BlankSpaceAnalyzer - INFO - -> Analyzing version 6.4.3-unstable.3d70792.0 (2410/2534)...
2025-11-06 01:58:46,341 - BlankSpaceAnalyzer - INFO - -> Analyzing version 6.4.3-unstable.b473ce3.0 (2411/2534)...
2025-11-06 01:58:46,392 - BlankSpaceAnalyzer - INFO - -> Analyzing version 6.4.4 (2412/2534)...
2025-11-06 01:58:46,444 - BlankSpaceAnalyzer - INFO - -> Analyzing version 6.4.4-oidc-signout.4010fac.0 (2413/2534)...
2025-11-06 01:58:46,494 - BlankSpaceAnalyzer - INFO - -> Analyzing version 6.4.4-unstable.23abc61.0 (2414/2534)...
2025-11-06 01:58:46,543 - BlankSpaceAnalyzer - INFO - -> Analyzing version 6.4.4-unstable.6daf0d3.0 (2415/2534)...
2025-11-06 01:58:46,593 - BlankSpaceAnalyzer - INFO - -> Analyzing version 6.4.4-unstable.a2aa315.0 (2416/2534)...
2025-11-06 01:58:46,643 - BlankSpaceAnalyzer - INFO - -> Analyzing version 6.4.4-unstable.e28d538.0 (2417/2534)...
2025-11-06 01:58:46,692 - BlankSpaceAnalyzer - INFO - -> Analyzing version 6.4.4-unstable.f24805a.0 (2418/2534)...
2025-11-06 01:58:46,741 - BlankSpaceAnalyzer - INFO - -> Analyzing version 6.4.5-unstable.28434a6.0 (2419/2534)...
2025-11-06 01:58:46,791 - BlankSpaceAnalyzer - INFO - -> Analyzing version 6.4.5-unstable.43ceb84.0 (2420/2534)...
2025-11-06 01:58:46,841 - BlankSpaceAnalyzer - INFO - -> Analyzing version 6.4.5-unstable.d7522e4.0 (2421/2534)...
2025-11-06 01:58:46,891 - BlankSpaceAnalyzer - INFO - -> Analyzing version 6.4.5-unstable.dcbb719.0 (2422/2534)...
2025-11-06 01:58:46,943 - BlankSpaceAnalyzer - INFO - -> Analyzing version 6.5.0 (2423/2534)...
2025-11-06 01:58:46,994 - BlankSpaceAnalyzer - INFO - -> Analyzing version 6.5.1 (2424/2534)...
2025-11-06 01:58:47,043 - BlankSpaceAnalyzer - INFO - -> Analyzing version 6.5.1-multi-bucket.7bc5681.0 (2425/2534)...
2025-11-06 01:58:47,093 - BlankSpaceAnalyzer - INFO - -> Analyzing version 6.5.1-storage-browser.0d31f3b.0 (2426/2534)...
2025-11-06 01:58:47,143 - BlankSpaceAnalyzer - INFO - -> Analyzing version 6.5.1-storage-browser.37d5283.0 (2427/2534)...
2025-11-06 01:58:47,194 - BlankSpaceAnalyzer - INFO - -> Analyzing version 6.5.1-storage-browser.7faa74e.0 (2428/2534)...
2025-11-06 01:58:47,244 - BlankSpaceAnalyzer - INFO - -> Analyzing version 6.5.1-unstable.1a571a3.0 (2429/2534)...
2025-11-06 01:58:47,294 - BlankSpaceAnalyzer - INFO - -> Analyzing version 6.5.1-unstable.6ecb364.0 (2430/2534)...
2025-11-06 01:58:47,346 - BlankSpaceAnalyzer - INFO - -> Analyzing version 6.5.1-unstable.996e0cd.0 (2431/2534)...
2025-11-06 01:58:47,396 - BlankSpaceAnalyzer - INFO - -> Analyzing version 6.5.2 (2432/2534)...
2025-11-06 01:58:47,448 - BlankSpaceAnalyzer - INFO - -> Analyzing version 6.5.2-baby-fix.ed47215.0 (2433/2534)...
2025-11-06 01:58:47,498 - BlankSpaceAnalyzer - INFO - -> Analyzing version 6.5.2-storage-browser.5e1740c.0 (2434/2534)...
2025-11-06 01:58:47,547 - BlankSpaceAnalyzer - INFO - -> Analyzing version 6.5.2-unstable.13cf744.0 (2435/2534)...
2025-11-06 01:58:47,598 - BlankSpaceAnalyzer - INFO - -> Analyzing version 6.5.2-unstable.5224dc2.0 (2436/2534)...
2025-11-06 01:58:47,647 - BlankSpaceAnalyzer - INFO - -> Analyzing version 6.5.2-unstable.5647497.0 (2437/2534)...
2025-11-06 01:58:47,698 - BlankSpaceAnalyzer - INFO - -> Analyzing version 6.5.2-unstable.6aaf4a0.0 (2438/2534)...
2025-11-06 01:58:47,748 - BlankSpaceAnalyzer - INFO - -> Analyzing version 6.5.2-unstable.7c1ed91.0 (2439/2534)...
2025-11-06 01:58:47,798 - BlankSpaceAnalyzer - INFO - -> Analyzing version 6.5.2-unstable.a8f0747.0 (2440/2534)...
2025-11-06 01:58:47,848 - BlankSpaceAnalyzer - INFO - -> Analyzing version 6.5.3 (2441/2534)...
2025-11-06 01:58:47,897 - BlankSpaceAnalyzer - INFO - -> Analyzing version 6.5.3-unstable.7700105.0 (2442/2534)...
2025-11-06 01:58:47,947 - BlankSpaceAnalyzer - INFO - -> Analyzing version 6.5.4 (2443/2534)...
2025-11-06 01:58:47,998 - BlankSpaceAnalyzer - INFO - -> Analyzing version 6.5.4-pages-cookies.c2fb72c.0 (2444/2534)...
2025-11-06 01:58:48,048 - BlankSpaceAnalyzer - INFO - -> Analyzing version 6.5.4-server-upload.1e86212.0 (2445/2534)...
2025-11-06 01:58:48,100 - BlankSpaceAnalyzer - INFO - -> Analyzing version 6.5.4-server-upload.2bbdb67.0 (2446/2534)...
2025-11-06 01:58:48,150 - BlankSpaceAnalyzer - INFO - -> Analyzing version 6.5.4-unstable.1a5366d.0 (2447/2534)...
2025-11-06 01:58:48,200 - BlankSpaceAnalyzer - INFO - -> Analyzing version 6.5.4-unstable.798c135.0 (2448/2534)...
2025-11-06 01:58:48,251 - BlankSpaceAnalyzer - INFO - -> Analyzing version 6.5.4-unstable.969686f.0 (2449/2534)...
2025-11-06 01:58:48,301 - BlankSpaceAnalyzer - INFO - -> Analyzing version 6.5.4-unstable.ced891c.0 (2450/2534)...
2025-11-06 01:58:48,352 - BlankSpaceAnalyzer - INFO - -> Analyzing version 6.5.5-unstable.614e531.0 (2451/2534)...
2025-11-06 01:58:48,403 - BlankSpaceAnalyzer - INFO - -> Analyzing version 6.5.5-unstable.a363362.0 (2452/2534)...
2025-11-06 01:58:48,452 - BlankSpaceAnalyzer - INFO - -> Analyzing version 6.6.0 (2453/2534)...
2025-11-06 01:58:48,502 - BlankSpaceAnalyzer - INFO - -> Analyzing version 6.6.1 (2454/2534)...
2025-11-06 01:58:48,551 - BlankSpaceAnalyzer - INFO - -> Analyzing version 6.6.1-storage-browser.4949269.0 (2455/2534)...
2025-11-06 01:58:48,602 - BlankSpaceAnalyzer - INFO - -> Analyzing version 6.6.1-unstable.1fea052.0 (2456/2534)...
2025-11-06 01:58:48,653 - BlankSpaceAnalyzer - INFO - -> Analyzing version 6.6.1-unstable.5918360.0 (2457/2534)...
2025-11-06 01:58:48,702 - BlankSpaceAnalyzer - INFO - -> Analyzing version 6.6.1-unstable.925d248.0 (2458/2534)...
2025-11-06 01:58:48,753 - BlankSpaceAnalyzer - INFO - -> Analyzing version 6.6.1-unstable.a76b594.0 (2459/2534)...
2025-11-06 01:58:48,802 - BlankSpaceAnalyzer - INFO - -> Analyzing version 6.6.2 (2460/2534)...
2025-11-06 01:58:48,851 - BlankSpaceAnalyzer - INFO - -> Analyzing version 6.6.3 (2461/2534)...
2025-11-06 01:58:48,900 - BlankSpaceAnalyzer - INFO - -> Analyzing version 6.6.3-storage-browser.53c96b8.0 (2462/2534)...
2025-11-06 01:58:48,952 - BlankSpaceAnalyzer - INFO - -> Analyzing version 6.6.3-storage-browser.cf3aed2.0 (2463/2534)...
2025-11-06 01:58:49,002 - BlankSpaceAnalyzer - INFO - -> Analyzing version 6.6.3-unstable.0ba3624.0 (2464/2534)...
2025-11-06 01:58:49,052 - BlankSpaceAnalyzer - INFO - -> Analyzing version 6.6.3-unstable.555defc.0 (2465/2534)...
2025-11-06 01:58:49,102 - BlankSpaceAnalyzer - INFO - -> Analyzing version 6.6.3-unstable.63bceab.0 (2466/2534)...
2025-11-06 01:58:49,152 - BlankSpaceAnalyzer - INFO - -> Analyzing version 6.6.3-unstable.a0d1447.0 (2467/2534)...
2025-11-06 01:58:49,202 - BlankSpaceAnalyzer - INFO - -> Analyzing version 6.6.3-unstable.b26e719.0 (2468/2534)...
2025-11-06 01:58:49,251 - BlankSpaceAnalyzer - INFO - -> Analyzing version 6.6.3-unstable.bcc3cbc.0 (2469/2534)...
2025-11-06 01:58:49,300 - BlankSpaceAnalyzer - INFO - -> Analyzing version 6.6.3-unstable.c586b7b.0 (2470/2534)...
2025-11-06 01:58:49,351 - BlankSpaceAnalyzer - INFO - -> Analyzing version 6.6.3-unstable.fab71a7.0 (2471/2534)...
2025-11-06 01:58:49,400 - BlankSpaceAnalyzer - INFO - -> Analyzing version 6.6.4 (2472/2534)...
2025-11-06 01:58:49,450 - BlankSpaceAnalyzer - INFO - -> Analyzing version 6.6.4-email-mfa-test.4e655bc.0 (2473/2534)...
2025-11-06 01:58:49,500 - BlankSpaceAnalyzer - INFO - -> Analyzing version 6.6.4-email-mfa-test.b78433a.0 (2474/2534)...
2025-11-06 01:58:49,551 - BlankSpaceAnalyzer - INFO - -> Analyzing version 6.6.4-events.81620c6.0 (2475/2534)...
2025-11-06 01:58:49,601 - BlankSpaceAnalyzer - INFO - -> Analyzing version 6.6.4-events.d7ac57c.0 (2476/2534)...
2025-11-06 01:58:49,652 - BlankSpaceAnalyzer - INFO - -> Analyzing version 6.6.4-storage-browser-integrity.2cc870c.0 (2477/2534)...
2025-11-06 01:58:49,702 - BlankSpaceAnalyzer - INFO - -> Analyzing version 6.6.4-storage-browser-integrity.96c2dc7.0 (2478/2534)...
2025-11-06 01:58:49,752 - BlankSpaceAnalyzer - INFO - -> Analyzing version 6.6.4-storage-browser-integrity.cf90847.0 (2479/2534)...
2025-11-06 01:58:49,802 - BlankSpaceAnalyzer - INFO - -> Analyzing version 6.6.4-storage-browser.4db9fef.0 (2480/2534)...
2025-11-06 01:58:49,852 - BlankSpaceAnalyzer - INFO - -> Analyzing version 6.6.4-unstable.541e463.0 (2481/2534)...
2025-11-06 01:58:49,904 - BlankSpaceAnalyzer - INFO - -> Analyzing version 6.6.4-unstable.6891c04.0 (2482/2534)...
2025-11-06 01:58:49,954 - BlankSpaceAnalyzer - INFO - -> Analyzing version 6.6.4-unstable.e921e11.0 (2483/2534)...
2025-11-06 01:58:50,006 - BlankSpaceAnalyzer - INFO - -> Analyzing version 6.6.4-unstable.f648577.0 (2484/2534)...
2025-11-06 01:58:50,056 - BlankSpaceAnalyzer - INFO - -> Analyzing version 6.6.4-unstable.ffa8a24.0 (2485/2534)...
2025-11-06 01:58:50,105 - BlankSpaceAnalyzer - INFO - -> Analyzing version 6.6.5 (2486/2534)...
2025-11-06 01:58:50,156 - BlankSpaceAnalyzer - INFO - -> Analyzing version 6.6.5-events.619318.0 (2487/2534)...
2025-11-06 01:58:50,206 - BlankSpaceAnalyzer - INFO - -> Analyzing version 6.6.5-unstable.5c3f17a.0 (2488/2534)...
2025-11-06 01:58:50,257 - BlankSpaceAnalyzer - INFO - -> Analyzing version 6.6.6 (2489/2534)...
2025-11-06 01:58:50,306 - BlankSpaceAnalyzer - INFO - -> Analyzing version 6.6.6-events.538dd9f.0 (2490/2534)...
2025-11-06 01:58:50,355 - BlankSpaceAnalyzer - INFO - -> Analyzing version 6.6.6-storage-browser-integrity.05ef3d8.0 (2491/2534)...
2025-11-06 01:58:50,408 - BlankSpaceAnalyzer - INFO - -> Analyzing version 6.6.6-storage-browser-integrity.2a9053f.0 (2492/2534)...
2025-11-06 01:58:50,457 - BlankSpaceAnalyzer - INFO - -> Analyzing version 6.6.6-storage-browser-integrity.873a446.0 (2493/2534)...
2025-11-06 01:58:50,510 - BlankSpaceAnalyzer - INFO - -> Analyzing version 6.6.6-storage-browser-integrity.9563334.0 (2494/2534)...
2025-11-06 01:58:50,560 - BlankSpaceAnalyzer - INFO - -> Analyzing version 6.6.6-storage-browser-integrity.b5d02ae.0 (2495/2534)...
2025-11-06 01:58:50,611 - BlankSpaceAnalyzer - INFO - -> Analyzing version 6.6.6-storage-browser-integrity.bb4e0a3.0 (2496/2534)...
2025-11-06 01:58:50,661 - BlankSpaceAnalyzer - INFO - -> Analyzing version 6.6.6-storage-browser-integrity.e515d24.0 (2497/2534)...
2025-11-06 01:58:50,711 - BlankSpaceAnalyzer - INFO - -> Analyzing version 6.6.6-unstable.60de524.0 (2498/2534)...
2025-11-06 01:58:50,761 - BlankSpaceAnalyzer - INFO - -> Analyzing version 6.6.6-unstable.952f64b.0 (2499/2534)...
2025-11-06 01:58:50,810 - BlankSpaceAnalyzer - INFO - -> Analyzing version 6.6.6-unstable.bf58ebc.0 (2500/2534)...
2025-11-06 01:58:50,860 - BlankSpaceAnalyzer - INFO - -> Analyzing version 6.6.7 (2501/2534)...
2025-11-06 01:58:50,910 - BlankSpaceAnalyzer - INFO - -> Analyzing version 6.6.7-local-stack.0aa9031.0 (2502/2534)...
2025-11-06 01:58:50,961 - BlankSpaceAnalyzer - INFO - -> Analyzing version 6.6.7-next-15.7992a88.0 (2503/2534)...
2025-11-06 01:58:51,012 - BlankSpaceAnalyzer - INFO - -> Analyzing version 6.6.7-unstable.847fb51.0 (2504/2534)...
2025-11-06 01:58:51,062 - BlankSpaceAnalyzer - INFO - -> Analyzing version 6.6.7-unstable.cc0910b.0 (2505/2534)...
2025-11-06 01:58:51,113 - BlankSpaceAnalyzer - INFO - -> Analyzing version 6.6.8-events.fade122.0 (2506/2534)...
2025-11-06 01:58:51,164 - BlankSpaceAnalyzer - INFO - -> Analyzing version 6.6.8-unstable.5d549c3.0 (2507/2534)...
2025-11-06 01:58:51,215 - BlankSpaceAnalyzer - INFO - -> Analyzing version 6.6.8-unstable.e0fdeb7.0 (2508/2534)...
2025-11-06 01:58:51,265 - BlankSpaceAnalyzer - INFO - -> Analyzing version 6.7.0 (2509/2534)...
2025-11-06 01:58:51,314 - BlankSpaceAnalyzer - INFO - -> Analyzing version 6.7.1-storage-browser-integrity.405b2cc.0 (2510/2534)...
2025-11-06 01:58:51,367 - BlankSpaceAnalyzer - INFO - -> Analyzing version 6.7.1-storage-browser-integrity.4892fe9.0 (2511/2534)...
2025-11-06 01:58:51,418 - BlankSpaceAnalyzer - INFO - -> Analyzing version 6.7.1-storage-browser-integrity.c12f2e0.0 (2512/2534)...
2025-11-06 01:58:51,468 - BlankSpaceAnalyzer - INFO - -> Analyzing version 6.7.1-storage-browser-integrity.c86f3ba.0 (2513/2534)...
2025-11-06 01:58:51,518 - BlankSpaceAnalyzer - INFO - -> Analyzing version 6.7.1-storage-browser-integrity.d8c0a68.0 (2514/2534)...
2025-11-06 01:58:51,568 - BlankSpaceAnalyzer - INFO - -> Analyzing version 6.7.1-unstable.42db720.0 (2515/2534)...
2025-11-06 01:58:51,618 - BlankSpaceAnalyzer - INFO - -> Analyzing version 6.7.1-unstable.caf00e2.0 (2516/2534)...
2025-11-06 01:58:51,668 - BlankSpaceAnalyzer - INFO - -> Analyzing version 6.8.0 (2517/2534)...
2025-11-06 01:58:51,718 - BlankSpaceAnalyzer - INFO - -> Analyzing version 6.8.1 (2518/2534)...
2025-11-06 01:58:51,768 - BlankSpaceAnalyzer - INFO - -> Analyzing version 6.8.1-unstable.0f50917.0 (2519/2534)...
2025-11-06 01:58:51,817 - BlankSpaceAnalyzer - INFO - -> Analyzing version 6.8.1-unstable.168ecff.0 (2520/2534)...
2025-11-06 01:58:51,866 - BlankSpaceAnalyzer - INFO - -> Analyzing version 6.8.1-unstable.4458d30.0 (2521/2534)...
2025-11-06 01:58:51,916 - BlankSpaceAnalyzer - INFO - -> Analyzing version 6.8.1-unstable.4606279.0 (2522/2534)...
2025-11-06 01:58:51,966 - BlankSpaceAnalyzer - INFO - -> Analyzing version 6.8.1-unstable.d6eede3.0 (2523/2534)...
2025-11-06 01:58:52,016 - BlankSpaceAnalyzer - INFO - -> Analyzing version 6.8.2 (2524/2534)...
2025-11-06 01:58:52,066 - BlankSpaceAnalyzer - INFO - -> Analyzing version 6.8.2-unstable.92ac687.0 (2525/2534)...
2025-11-06 01:58:52,115 - BlankSpaceAnalyzer - INFO - -> Analyzing version 6.8.3-next-15.716cf28.0 (2526/2534)...
2025-11-06 01:58:52,167 - BlankSpaceAnalyzer - INFO - -> Analyzing version 6.8.3-storage-browser-integrity.34fba2d.0 (2527/2534)...
2025-11-06 01:58:52,217 - BlankSpaceAnalyzer - INFO - -> Analyzing version 6.8.3-unstable.14016d0.0 (2528/2534)...
2025-11-06 01:58:52,268 - BlankSpaceAnalyzer - INFO - -> Analyzing version 6.8.3-unstable.2447917.0 (2529/2534)...
2025-11-06 01:58:52,318 - BlankSpaceAnalyzer - INFO - -> Analyzing version 6.8.3-unstable.7402f60.0 (2530/2534)...
2025-11-06 01:58:52,368 - BlankSpaceAnalyzer - INFO - -> Analyzing version 6.8.3-unstable.ec7bf6f.0 (2531/2534)...
2025-11-06 01:58:52,420 - BlankSpaceAnalyzer - INFO - -> Analyzing version 6.9.0 (2532/2534)...
2025-11-06 01:58:52,468 - BlankSpaceAnalyzer - INFO - -> Analyzing version 6.9.1-unstable.68c7f6f.0 (2533/2534)...
2025-11-06 01:58:52,518 - BlankSpaceAnalyzer - INFO - -> Analyzing version 6.9.1-unstable.ab33a03.0 (2534/2534)...
2025-11-06 01:58:52,571 - BlankSpaceAnalyzer - INFO - Exporting results for 'aws-amplify' to CSV...
2025-11-06 01:58:57,187 - BlankSpaceAnalyzer - INFO - Reports saved in: /app/npm_results/aws-amplify
2025-11-06 01:58:57,194 - NPM_Analyzer - INFO - Cleaning temporary folder 'temp/aws-amplify'...
2025-11-06 01:59:04,046 - NPM_Analyzer - INFO - Cleanup completed.
