2025-11-08 04:33:27,740 - NPM_Analyzer - INFO - Fetching metadata for '@turf/intersect'...
2025-11-08 04:33:27,933 - NPM_Analyzer - INFO - Found 64 versions. Starting download into 'temp/@turf_intersect'...
2025-11-08 04:34:58,705 - BlankSpaceAnalyzer - INFO - Analyzing 64 versions for '*.js' in '@turf_intersect'.
2025-11-08 04:34:58,706 - BlankSpaceAnalyzer - INFO - -> Analyzing version 3.0.15 (1/64)...
2025-11-08 04:34:58,777 - BlankSpaceAnalyzer - INFO - -> Analyzing version 3.0.16 (2/64)...
2025-11-08 04:34:58,816 - BlankSpaceAnalyzer - INFO - -> Analyzing version 3.0.18 (3/64)...
2025-11-08 04:34:58,856 - BlankSpaceAnalyzer - INFO - -> Analyzing version 3.10.0 (4/64)...
2025-11-08 04:34:58,898 - BlankSpaceAnalyzer - INFO - -> Analyzing version 3.13.0 (5/64)...
2025-11-08 04:34:58,898 - BlankSpaceAnalyzer - INFO - -> Analyzing version 3.14.0 (6/64)...
2025-11-08 04:34:58,898 - BlankSpaceAnalyzer - INFO - -> Analyzing version 3.3.3 (7/64)...
2025-11-08 04:34:58,941 - BlankSpaceAnalyzer - INFO - -> Analyzing version 3.5.2 (8/64)...
2025-11-08 04:34:58,984 - BlankSpaceAnalyzer - INFO - -> Analyzing version 3.5.2-alpha.d2c36ee7 (9/64)...
2025-11-08 04:34:59,028 - BlankSpaceAnalyzer - INFO - -> Analyzing version 3.5.3 (10/64)...
2025-11-08 04:34:59,071 - BlankSpaceAnalyzer - INFO - -> Analyzing version 3.6.2 (11/64)...
2025-11-08 04:34:59,114 - BlankSpaceAnalyzer - INFO - -> Analyzing version 3.6.3 (12/64)...
2025-11-08 04:34:59,157 - BlankSpaceAnalyzer - INFO - -> Analyzing version 3.7.0 (13/64)...
2025-11-08 04:34:59,200 - BlankSpaceAnalyzer - INFO - -> Analyzing version 3.7.1 (14/64)...
2025-11-08 04:34:59,245 - BlankSpaceAnalyzer - INFO - -> Analyzing version 3.7.2 (15/64)...
2025-11-08 04:34:59,287 - BlankSpaceAnalyzer - INFO - -> Analyzing version 3.7.3 (16/64)...
2025-11-08 04:34:59,331 - BlankSpaceAnalyzer - INFO - -> Analyzing version 3.7.5 (17/64)...
2025-11-08 04:34:59,373 - BlankSpaceAnalyzer - INFO - -> Analyzing version 4.0.2 (18/64)...
2025-11-08 04:34:59,374 - BlankSpaceAnalyzer - INFO - -> Analyzing version 4.1.0 (19/64)...
2025-11-08 04:34:59,374 - BlankSpaceAnalyzer - INFO - -> Analyzing version 4.2.0 (20/64)...
2025-11-08 04:34:59,374 - BlankSpaceAnalyzer - INFO - -> Analyzing version 4.3.0 (21/64)...
2025-11-08 04:34:59,375 - BlankSpaceAnalyzer - INFO - -> Analyzing version 4.4.0 (22/64)...
2025-11-08 04:34:59,375 - BlankSpaceAnalyzer - INFO - -> Analyzing version 4.5.1 (23/64)...
2025-11-08 04:34:59,375 - BlankSpaceAnalyzer - INFO - -> Analyzing version 4.5.2 (24/64)...
2025-11-08 04:34:59,375 - BlankSpaceAnalyzer - INFO - -> Analyzing version 4.6.0 (25/64)...
2025-11-08 04:34:59,376 - BlankSpaceAnalyzer - INFO - -> Analyzing version 4.7.0 (26/64)...
2025-11-08 04:34:59,376 - BlankSpaceAnalyzer - INFO - -> Analyzing version 4.7.1 (27/64)...
2025-11-08 04:34:59,376 - BlankSpaceAnalyzer - INFO - -> Analyzing version 4.7.3 (28/64)...
2025-11-08 04:34:59,376 - BlankSpaceAnalyzer - INFO - -> Analyzing version 4.7.4 (29/64)...
2025-11-08 04:34:59,376 - BlankSpaceAnalyzer - INFO - -> Analyzing version 5.0.0 (30/64)...
2025-11-08 04:34:59,419 - BlankSpaceAnalyzer - INFO - -> Analyzing version 5.0.4 (31/64)...
2025-11-08 04:34:59,462 - BlankSpaceAnalyzer - INFO - -> Analyzing version 5.0.5 (32/64)...
2025-11-08 04:34:59,505 - BlankSpaceAnalyzer - INFO - -> Analyzing version 5.0.6 (33/64)...
2025-11-08 04:34:59,548 - BlankSpaceAnalyzer - INFO - -> Analyzing version 5.1.0 (34/64)...
2025-11-08 04:34:59,593 - BlankSpaceAnalyzer - INFO - -> Analyzing version 5.1.1 (35/64)...
2025-11-08 04:34:59,635 - BlankSpaceAnalyzer - INFO - -> Analyzing version 5.1.5 (36/64)...
2025-11-08 04:34:59,679 - BlankSpaceAnalyzer - INFO - -> Analyzing version 5.1.6 (37/64)...
2025-11-08 04:34:59,722 - BlankSpaceAnalyzer - INFO - -> Analyzing version 6.0.1 (38/64)...
2025-11-08 04:34:59,723 - BlankSpaceAnalyzer - INFO - -> Analyzing version 6.1.0 (39/64)...
2025-11-08 04:34:59,723 - BlankSpaceAnalyzer - INFO - -> Analyzing version 6.1.1 (40/64)...
2025-11-08 04:34:59,723 - BlankSpaceAnalyzer - INFO - -> Analyzing version 6.1.2 (41/64)...
2025-11-08 04:34:59,723 - BlankSpaceAnalyzer - INFO - -> Analyzing version 6.1.3 (42/64)...
2025-11-08 04:34:59,724 - BlankSpaceAnalyzer - INFO - -> Analyzing version 6.2.0 (43/64)...
2025-11-08 04:34:59,767 - BlankSpaceAnalyzer - INFO - -> Analyzing version 6.2.0-alpha.0 (44/64)...
2025-11-08 04:34:59,810 - BlankSpaceAnalyzer - INFO - -> Analyzing version 6.2.0-alpha.1 (45/64)...
2025-11-08 04:34:59,853 - BlankSpaceAnalyzer - INFO - -> Analyzing version 6.2.0-alpha.2 (46/64)...
2025-11-08 04:34:59,897 - BlankSpaceAnalyzer - INFO - -> Analyzing version 6.2.0-alpha.3 (47/64)...
2025-11-08 04:34:59,940 - BlankSpaceAnalyzer - INFO - -> Analyzing version 6.3.0 (48/64)...
2025-11-08 04:34:59,983 - BlankSpaceAnalyzer - INFO - -> Analyzing version 6.4.0 (49/64)...
2025-11-08 04:35:00,028 - BlankSpaceAnalyzer - INFO - -> Analyzing version 6.5.0 (50/64)...
2025-11-08 04:35:00,074 - BlankSpaceAnalyzer - INFO - -> Analyzing version 7.0.0 (51/64)...
2025-11-08 04:35:00,074 - BlankSpaceAnalyzer - INFO - -> Analyzing version 7.0.0-alpha.0 (52/64)...
2025-11-08 04:35:00,117 - BlankSpaceAnalyzer - INFO - -> Analyzing version 7.0.0-alpha.1 (53/64)...
2025-11-08 04:35:00,160 - BlankSpaceAnalyzer - INFO - -> Analyzing version 7.0.0-alpha.110 (54/64)...
2025-11-08 04:35:00,160 - BlankSpaceAnalyzer - INFO - -> Analyzing version 7.0.0-alpha.111 (55/64)...
2025-11-08 04:35:00,161 - BlankSpaceAnalyzer - INFO - -> Analyzing version 7.0.0-alpha.113 (56/64)...
2025-11-08 04:35:00,161 - BlankSpaceAnalyzer - INFO - -> Analyzing version 7.0.0-alpha.114 (57/64)...
2025-11-08 04:35:00,161 - BlankSpaceAnalyzer - INFO - -> Analyzing version 7.0.0-alpha.115 (58/64)...
2025-11-08 04:35:00,162 - BlankSpaceAnalyzer - INFO - -> Analyzing version 7.0.0-alpha.116 (59/64)...
2025-11-08 04:35:00,162 - BlankSpaceAnalyzer - INFO - -> Analyzing version 7.0.0-alpha.2 (60/64)...
2025-11-08 04:35:00,205 - BlankSpaceAnalyzer - INFO - -> Analyzing version 7.1.0 (61/64)...
2025-11-08 04:35:00,206 - BlankSpaceAnalyzer - INFO - -> Analyzing version 7.1.0-alpha.7 (62/64)...
2025-11-08 04:35:00,206 - BlankSpaceAnalyzer - INFO - -> Analyzing version 7.1.0-alpha.70 (63/64)...
2025-11-08 04:35:00,206 - BlankSpaceAnalyzer - INFO - -> Analyzing version 7.2.0 (64/64)...
2025-11-08 04:35:00,207 - BlankSpaceAnalyzer - INFO - Exporting results for '@turf/intersect' to CSV...
2025-11-08 04:35:00,265 - BlankSpaceAnalyzer - INFO - Reports saved in: /app/npm_results/@turf_intersect
2025-11-08 04:35:00,265 - NPM_Analyzer - INFO - Cleaning temporary folder 'temp/@turf_intersect'...
2025-11-08 04:35:00,277 - NPM_Analyzer - INFO - Cleanup completed.
2025-11-08 19:29:22,230 - NPM_Analyzer - INFO - Fetching metadata for '@turf/intersect'...
2025-11-08 19:29:22,416 - NPM_Analyzer - INFO - Found 64 versions. Starting download into 'temp/@turf_intersect'...
2025-11-08 19:30:19,621 - BlankSpaceAnalyzer - INFO - Analyzing 64 versions for '*.js' in '@turf_intersect'.
2025-11-08 19:30:19,621 - BlankSpaceAnalyzer - INFO - -> Analyzing version 3.0.15 (1/64)...
2025-11-08 19:30:19,686 - BlankSpaceAnalyzer - INFO - -> Analyzing version 3.0.16 (2/64)...
2025-11-08 19:30:19,719 - BlankSpaceAnalyzer - INFO - -> Analyzing version 3.0.18 (3/64)...
2025-11-08 19:30:19,752 - BlankSpaceAnalyzer - INFO - -> Analyzing version 3.10.0 (4/64)...
2025-11-08 19:30:19,783 - BlankSpaceAnalyzer - INFO - -> Analyzing version 3.13.0 (5/64)...
2025-11-08 19:30:19,783 - BlankSpaceAnalyzer - INFO - -> Analyzing version 3.14.0 (6/64)...
2025-11-08 19:30:19,784 - BlankSpaceAnalyzer - INFO - -> Analyzing version 3.3.3 (7/64)...
2025-11-08 19:30:19,818 - BlankSpaceAnalyzer - INFO - -> Analyzing version 3.5.2 (8/64)...
2025-11-08 19:30:19,853 - BlankSpaceAnalyzer - INFO - -> Analyzing version 3.5.2-alpha.d2c36ee7 (9/64)...
2025-11-08 19:30:19,889 - BlankSpaceAnalyzer - INFO - -> Analyzing version 3.5.3 (10/64)...
2025-11-08 19:30:19,924 - BlankSpaceAnalyzer - INFO - -> Analyzing version 3.6.2 (11/64)...
2025-11-08 19:30:19,961 - BlankSpaceAnalyzer - INFO - -> Analyzing version 3.6.3 (12/64)...
2025-11-08 19:30:19,996 - BlankSpaceAnalyzer - INFO - -> Analyzing version 3.7.0 (13/64)...
2025-11-08 19:30:20,033 - BlankSpaceAnalyzer - INFO - -> Analyzing version 3.7.1 (14/64)...
2025-11-08 19:30:20,069 - BlankSpaceAnalyzer - INFO - -> Analyzing version 3.7.2 (15/64)...
2025-11-08 19:30:20,105 - BlankSpaceAnalyzer - INFO - -> Analyzing version 3.7.3 (16/64)...
2025-11-08 19:30:20,140 - BlankSpaceAnalyzer - INFO - -> Analyzing version 3.7.5 (17/64)...
2025-11-08 19:30:20,175 - BlankSpaceAnalyzer - INFO - -> Analyzing version 4.0.2 (18/64)...
2025-11-08 19:30:20,176 - BlankSpaceAnalyzer - INFO - -> Analyzing version 4.1.0 (19/64)...
2025-11-08 19:30:20,176 - BlankSpaceAnalyzer - INFO - -> Analyzing version 4.2.0 (20/64)...
2025-11-08 19:30:20,176 - BlankSpaceAnalyzer - INFO - -> Analyzing version 4.3.0 (21/64)...
2025-11-08 19:30:20,176 - BlankSpaceAnalyzer - INFO - -> Analyzing version 4.4.0 (22/64)...
2025-11-08 19:30:20,177 - BlankSpaceAnalyzer - INFO - -> Analyzing version 4.5.1 (23/64)...
2025-11-08 19:30:20,177 - BlankSpaceAnalyzer - INFO - -> Analyzing version 4.5.2 (24/64)...
2025-11-08 19:30:20,177 - BlankSpaceAnalyzer - INFO - -> Analyzing version 4.6.0 (25/64)...
2025-11-08 19:30:20,177 - BlankSpaceAnalyzer - INFO - -> Analyzing version 4.7.0 (26/64)...
2025-11-08 19:30:20,178 - BlankSpaceAnalyzer - INFO - -> Analyzing version 4.7.1 (27/64)...
2025-11-08 19:30:20,178 - BlankSpaceAnalyzer - INFO - -> Analyzing version 4.7.3 (28/64)...
2025-11-08 19:30:20,178 - BlankSpaceAnalyzer - INFO - -> Analyzing version 4.7.4 (29/64)...
2025-11-08 19:30:20,178 - BlankSpaceAnalyzer - INFO - -> Analyzing version 5.0.0 (30/64)...
2025-11-08 19:30:20,214 - BlankSpaceAnalyzer - INFO - -> Analyzing version 5.0.4 (31/64)...
2025-11-08 19:30:20,249 - BlankSpaceAnalyzer - INFO - -> Analyzing version 5.0.5 (32/64)...
2025-11-08 19:30:20,285 - BlankSpaceAnalyzer - INFO - -> Analyzing version 5.0.6 (33/64)...
2025-11-08 19:30:20,321 - BlankSpaceAnalyzer - INFO - -> Analyzing version 5.1.0 (34/64)...
2025-11-08 19:30:20,357 - BlankSpaceAnalyzer - INFO - -> Analyzing version 5.1.1 (35/64)...
2025-11-08 19:30:20,394 - BlankSpaceAnalyzer - INFO - -> Analyzing version 5.1.5 (36/64)...
2025-11-08 19:30:20,429 - BlankSpaceAnalyzer - INFO - -> Analyzing version 5.1.6 (37/64)...
2025-11-08 19:30:20,465 - BlankSpaceAnalyzer - INFO - -> Analyzing version 6.0.1 (38/64)...
2025-11-08 19:30:20,465 - BlankSpaceAnalyzer - INFO - -> Analyzing version 6.1.0 (39/64)...
2025-11-08 19:30:20,465 - BlankSpaceAnalyzer - INFO - -> Analyzing version 6.1.1 (40/64)...
2025-11-08 19:30:20,466 - BlankSpaceAnalyzer - INFO - -> Analyzing version 6.1.2 (41/64)...
2025-11-08 19:30:20,466 - BlankSpaceAnalyzer - INFO - -> Analyzing version 6.1.3 (42/64)...
2025-11-08 19:30:20,466 - BlankSpaceAnalyzer - INFO - -> Analyzing version 6.2.0 (43/64)...
2025-11-08 19:30:20,503 - BlankSpaceAnalyzer - INFO - -> Analyzing version 6.2.0-alpha.0 (44/64)...
2025-11-08 19:30:20,539 - BlankSpaceAnalyzer - INFO - -> Analyzing version 6.2.0-alpha.1 (45/64)...
2025-11-08 19:30:20,575 - BlankSpaceAnalyzer - INFO - -> Analyzing version 6.2.0-alpha.2 (46/64)...
2025-11-08 19:30:20,610 - BlankSpaceAnalyzer - INFO - -> Analyzing version 6.2.0-alpha.3 (47/64)...
2025-11-08 19:30:20,645 - BlankSpaceAnalyzer - INFO - -> Analyzing version 6.3.0 (48/64)...
2025-11-08 19:30:20,680 - BlankSpaceAnalyzer - INFO - -> Analyzing version 6.4.0 (49/64)...
2025-11-08 19:30:20,716 - BlankSpaceAnalyzer - INFO - -> Analyzing version 6.5.0 (50/64)...
2025-11-08 19:30:20,752 - BlankSpaceAnalyzer - INFO - -> Analyzing version 7.0.0 (51/64)...
2025-11-08 19:30:20,752 - BlankSpaceAnalyzer - INFO - -> Analyzing version 7.0.0-alpha.0 (52/64)...
2025-11-08 19:30:20,788 - BlankSpaceAnalyzer - INFO - -> Analyzing version 7.0.0-alpha.1 (53/64)...
2025-11-08 19:30:20,824 - BlankSpaceAnalyzer - INFO - -> Analyzing version 7.0.0-alpha.110 (54/64)...
2025-11-08 19:30:20,824 - BlankSpaceAnalyzer - INFO - -> Analyzing version 7.0.0-alpha.111 (55/64)...
2025-11-08 19:30:20,824 - BlankSpaceAnalyzer - INFO - -> Analyzing version 7.0.0-alpha.113 (56/64)...
2025-11-08 19:30:20,825 - BlankSpaceAnalyzer - INFO - -> Analyzing version 7.0.0-alpha.114 (57/64)...
2025-11-08 19:30:20,825 - BlankSpaceAnalyzer - INFO - -> Analyzing version 7.0.0-alpha.115 (58/64)...
2025-11-08 19:30:20,825 - BlankSpaceAnalyzer - INFO - -> Analyzing version 7.0.0-alpha.116 (59/64)...
2025-11-08 19:30:20,825 - BlankSpaceAnalyzer - INFO - -> Analyzing version 7.0.0-alpha.2 (60/64)...
2025-11-08 19:30:20,861 - BlankSpaceAnalyzer - INFO - -> Analyzing version 7.1.0 (61/64)...
2025-11-08 19:30:20,861 - BlankSpaceAnalyzer - INFO - -> Analyzing version 7.1.0-alpha.7 (62/64)...
2025-11-08 19:30:20,862 - BlankSpaceAnalyzer - INFO - -> Analyzing version 7.1.0-alpha.70 (63/64)...
2025-11-08 19:30:20,862 - BlankSpaceAnalyzer - INFO - -> Analyzing version 7.2.0 (64/64)...
2025-11-08 19:30:20,862 - BlankSpaceAnalyzer - INFO - Exporting results for '@turf/intersect' to CSV...
2025-11-08 19:30:20,919 - BlankSpaceAnalyzer - INFO - Reports saved in: /app/npm_results/@turf_intersect
2025-11-08 19:30:20,919 - NPM_Analyzer - INFO - Cleaning temporary folder 'temp/@turf_intersect'...
2025-11-08 19:30:20,930 - NPM_Analyzer - INFO - Cleanup completed.
2025-11-09 05:57:59,605 - NPM_Analyzer - INFO - Fetching metadata for '@turf/intersect'...
2025-11-09 05:58:00,910 - NPM_Analyzer - INFO - Found 64 versions. Starting download into 'temp/@turf_intersect'...
2025-11-09 05:58:55,950 - BlankSpaceAnalyzer - INFO - Analyzing 64 versions for '*.js' in '@turf_intersect'.
2025-11-09 05:58:55,950 - BlankSpaceAnalyzer - INFO - -> Analyzing version 3.0.15 (1/64)...
2025-11-09 05:58:56,011 - BlankSpaceAnalyzer - INFO - -> Analyzing version 3.0.16 (2/64)...
2025-11-09 05:58:56,043 - BlankSpaceAnalyzer - INFO - -> Analyzing version 3.0.18 (3/64)...
2025-11-09 05:58:56,078 - BlankSpaceAnalyzer - INFO - -> Analyzing version 3.10.0 (4/64)...
2025-11-09 05:58:56,113 - BlankSpaceAnalyzer - INFO - -> Analyzing version 3.13.0 (5/64)...
2025-11-09 05:58:56,114 - BlankSpaceAnalyzer - INFO - -> Analyzing version 3.14.0 (6/64)...
2025-11-09 05:58:56,114 - BlankSpaceAnalyzer - INFO - -> Analyzing version 3.3.3 (7/64)...
2025-11-09 05:58:56,149 - BlankSpaceAnalyzer - INFO - -> Analyzing version 3.5.2 (8/64)...
2025-11-09 05:58:56,184 - BlankSpaceAnalyzer - INFO - -> Analyzing version 3.5.2-alpha.d2c36ee7 (9/64)...
2025-11-09 05:58:56,219 - BlankSpaceAnalyzer - INFO - -> Analyzing version 3.5.3 (10/64)...
2025-11-09 05:58:56,253 - BlankSpaceAnalyzer - INFO - -> Analyzing version 3.6.2 (11/64)...
2025-11-09 05:58:56,290 - BlankSpaceAnalyzer - INFO - -> Analyzing version 3.6.3 (12/64)...
2025-11-09 05:58:56,324 - BlankSpaceAnalyzer - INFO - -> Analyzing version 3.7.0 (13/64)...
2025-11-09 05:58:56,358 - BlankSpaceAnalyzer - INFO - -> Analyzing version 3.7.1 (14/64)...
2025-11-09 05:58:56,393 - BlankSpaceAnalyzer - INFO - -> Analyzing version 3.7.2 (15/64)...
2025-11-09 05:58:56,428 - BlankSpaceAnalyzer - INFO - -> Analyzing version 3.7.3 (16/64)...
2025-11-09 05:58:56,463 - BlankSpaceAnalyzer - INFO - -> Analyzing version 3.7.5 (17/64)...
2025-11-09 05:58:56,497 - BlankSpaceAnalyzer - INFO - -> Analyzing version 4.0.2 (18/64)...
2025-11-09 05:58:56,498 - BlankSpaceAnalyzer - INFO - -> Analyzing version 4.1.0 (19/64)...
2025-11-09 05:58:56,498 - BlankSpaceAnalyzer - INFO - -> Analyzing version 4.2.0 (20/64)...
2025-11-09 05:58:56,498 - BlankSpaceAnalyzer - INFO - -> Analyzing version 4.3.0 (21/64)...
2025-11-09 05:58:56,498 - BlankSpaceAnalyzer - INFO - -> Analyzing version 4.4.0 (22/64)...
2025-11-09 05:58:56,499 - BlankSpaceAnalyzer - INFO - -> Analyzing version 4.5.1 (23/64)...
2025-11-09 05:58:56,499 - BlankSpaceAnalyzer - INFO - -> Analyzing version 4.5.2 (24/64)...
2025-11-09 05:58:56,499 - BlankSpaceAnalyzer - INFO - -> Analyzing version 4.6.0 (25/64)...
2025-11-09 05:58:56,499 - BlankSpaceAnalyzer - INFO - -> Analyzing version 4.7.0 (26/64)...
2025-11-09 05:58:56,499 - BlankSpaceAnalyzer - INFO - -> Analyzing version 4.7.1 (27/64)...
2025-11-09 05:58:56,499 - BlankSpaceAnalyzer - INFO - -> Analyzing version 4.7.3 (28/64)...
2025-11-09 05:58:56,500 - BlankSpaceAnalyzer - INFO - -> Analyzing version 4.7.4 (29/64)...
2025-11-09 05:58:56,500 - BlankSpaceAnalyzer - INFO - -> Analyzing version 5.0.0 (30/64)...
2025-11-09 05:58:56,534 - BlankSpaceAnalyzer - INFO - -> Analyzing version 5.0.4 (31/64)...
2025-11-09 05:58:56,570 - BlankSpaceAnalyzer - INFO - -> Analyzing version 5.0.5 (32/64)...
2025-11-09 05:58:56,605 - BlankSpaceAnalyzer - INFO - -> Analyzing version 5.0.6 (33/64)...
2025-11-09 05:58:56,640 - BlankSpaceAnalyzer - INFO - -> Analyzing version 5.1.0 (34/64)...
2025-11-09 05:58:56,674 - BlankSpaceAnalyzer - INFO - -> Analyzing version 5.1.1 (35/64)...
2025-11-09 05:58:56,709 - BlankSpaceAnalyzer - INFO - -> Analyzing version 5.1.5 (36/64)...
2025-11-09 05:58:56,744 - BlankSpaceAnalyzer - INFO - -> Analyzing version 5.1.6 (37/64)...
2025-11-09 05:58:56,778 - BlankSpaceAnalyzer - INFO - -> Analyzing version 6.0.1 (38/64)...
2025-11-09 05:58:56,779 - BlankSpaceAnalyzer - INFO - -> Analyzing version 6.1.0 (39/64)...
2025-11-09 05:58:56,779 - BlankSpaceAnalyzer - INFO - -> Analyzing version 6.1.1 (40/64)...
2025-11-09 05:58:56,779 - BlankSpaceAnalyzer - INFO - -> Analyzing version 6.1.2 (41/64)...
2025-11-09 05:58:56,779 - BlankSpaceAnalyzer - INFO - -> Analyzing version 6.1.3 (42/64)...
2025-11-09 05:58:56,780 - BlankSpaceAnalyzer - INFO - -> Analyzing version 6.2.0 (43/64)...
2025-11-09 05:58:56,814 - BlankSpaceAnalyzer - INFO - -> Analyzing version 6.2.0-alpha.0 (44/64)...
2025-11-09 05:58:56,849 - BlankSpaceAnalyzer - INFO - -> Analyzing version 6.2.0-alpha.1 (45/64)...
2025-11-09 05:58:56,884 - BlankSpaceAnalyzer - INFO - -> Analyzing version 6.2.0-alpha.2 (46/64)...
2025-11-09 05:58:56,919 - BlankSpaceAnalyzer - INFO - -> Analyzing version 6.2.0-alpha.3 (47/64)...
2025-11-09 05:58:56,954 - BlankSpaceAnalyzer - INFO - -> Analyzing version 6.3.0 (48/64)...
2025-11-09 05:58:56,989 - BlankSpaceAnalyzer - INFO - -> Analyzing version 6.4.0 (49/64)...
2025-11-09 05:58:57,024 - BlankSpaceAnalyzer - INFO - -> Analyzing version 6.5.0 (50/64)...
2025-11-09 05:58:57,059 - BlankSpaceAnalyzer - INFO - -> Analyzing version 7.0.0 (51/64)...
2025-11-09 05:58:57,060 - BlankSpaceAnalyzer - INFO - -> Analyzing version 7.0.0-alpha.0 (52/64)...
2025-11-09 05:58:57,094 - BlankSpaceAnalyzer - INFO - -> Analyzing version 7.0.0-alpha.1 (53/64)...
2025-11-09 05:58:57,128 - BlankSpaceAnalyzer - INFO - -> Analyzing version 7.0.0-alpha.110 (54/64)...
2025-11-09 05:58:57,129 - BlankSpaceAnalyzer - INFO - -> Analyzing version 7.0.0-alpha.111 (55/64)...
2025-11-09 05:58:57,129 - BlankSpaceAnalyzer - INFO - -> Analyzing version 7.0.0-alpha.113 (56/64)...
2025-11-09 05:58:57,129 - BlankSpaceAnalyzer - INFO - -> Analyzing version 7.0.0-alpha.114 (57/64)...
2025-11-09 05:58:57,130 - BlankSpaceAnalyzer - INFO - -> Analyzing version 7.0.0-alpha.115 (58/64)...
2025-11-09 05:58:57,130 - BlankSpaceAnalyzer - INFO - -> Analyzing version 7.0.0-alpha.116 (59/64)...
2025-11-09 05:58:57,130 - BlankSpaceAnalyzer - INFO - -> Analyzing version 7.0.0-alpha.2 (60/64)...
2025-11-09 05:58:57,166 - BlankSpaceAnalyzer - INFO - -> Analyzing version 7.1.0 (61/64)...
2025-11-09 05:58:57,166 - BlankSpaceAnalyzer - INFO - -> Analyzing version 7.1.0-alpha.7 (62/64)...
2025-11-09 05:58:57,167 - BlankSpaceAnalyzer - INFO - -> Analyzing version 7.1.0-alpha.70 (63/64)...
2025-11-09 05:58:57,167 - BlankSpaceAnalyzer - INFO - -> Analyzing version 7.2.0 (64/64)...
2025-11-09 05:58:57,167 - BlankSpaceAnalyzer - INFO - Exporting results for '@turf/intersect' to CSV...
2025-11-09 05:58:57,225 - BlankSpaceAnalyzer - INFO - Reports saved in: /app/npm_results/@turf_intersect
2025-11-09 05:58:57,226 - NPM_Analyzer - INFO - Cleaning temporary folder 'temp/@turf_intersect'...
2025-11-09 05:58:57,237 - NPM_Analyzer - INFO - Cleanup completed.
2025-11-09 16:25:26,310 - NPM_Analyzer - INFO - Fetching metadata for '@turf/intersect'...
2025-11-09 16:25:26,583 - NPM_Analyzer - INFO - Found 64 versions. Starting download into 'temp/@turf_intersect'...
2025-11-09 16:26:22,075 - BlankSpaceAnalyzer - INFO - Analyzing 64 versions for '*.js' in '@turf_intersect'.
2025-11-09 16:26:22,075 - BlankSpaceAnalyzer - INFO - -> Analyzing version 3.0.15 (1/64)...
2025-11-09 16:26:22,137 - BlankSpaceAnalyzer - INFO - -> Analyzing version 3.0.16 (2/64)...
2025-11-09 16:26:22,167 - BlankSpaceAnalyzer - INFO - -> Analyzing version 3.0.18 (3/64)...
2025-11-09 16:26:22,196 - BlankSpaceAnalyzer - INFO - -> Analyzing version 3.10.0 (4/64)...
2025-11-09 16:26:22,231 - BlankSpaceAnalyzer - INFO - -> Analyzing version 3.13.0 (5/64)...
2025-11-09 16:26:22,231 - BlankSpaceAnalyzer - INFO - -> Analyzing version 3.14.0 (6/64)...
2025-11-09 16:26:22,231 - BlankSpaceAnalyzer - INFO - -> Analyzing version 3.3.3 (7/64)...
2025-11-09 16:26:22,266 - BlankSpaceAnalyzer - INFO - -> Analyzing version 3.5.2 (8/64)...
2025-11-09 16:26:22,300 - BlankSpaceAnalyzer - INFO - -> Analyzing version 3.5.2-alpha.d2c36ee7 (9/64)...
2025-11-09 16:26:22,334 - BlankSpaceAnalyzer - INFO - -> Analyzing version 3.5.3 (10/64)...
2025-11-09 16:26:22,368 - BlankSpaceAnalyzer - INFO - -> Analyzing version 3.6.2 (11/64)...
2025-11-09 16:26:22,401 - BlankSpaceAnalyzer - INFO - -> Analyzing version 3.6.3 (12/64)...
2025-11-09 16:26:22,435 - BlankSpaceAnalyzer - INFO - -> Analyzing version 3.7.0 (13/64)...
2025-11-09 16:26:22,471 - BlankSpaceAnalyzer - INFO - -> Analyzing version 3.7.1 (14/64)...
2025-11-09 16:26:22,506 - BlankSpaceAnalyzer - INFO - -> Analyzing version 3.7.2 (15/64)...
2025-11-09 16:26:22,540 - BlankSpaceAnalyzer - INFO - -> Analyzing version 3.7.3 (16/64)...
2025-11-09 16:26:22,574 - BlankSpaceAnalyzer - INFO - -> Analyzing version 3.7.5 (17/64)...
2025-11-09 16:26:22,608 - BlankSpaceAnalyzer - INFO - -> Analyzing version 4.0.2 (18/64)...
2025-11-09 16:26:22,608 - BlankSpaceAnalyzer - INFO - -> Analyzing version 4.1.0 (19/64)...
2025-11-09 16:26:22,609 - BlankSpaceAnalyzer - INFO - -> Analyzing version 4.2.0 (20/64)...
2025-11-09 16:26:22,609 - BlankSpaceAnalyzer - INFO - -> Analyzing version 4.3.0 (21/64)...
2025-11-09 16:26:22,609 - BlankSpaceAnalyzer - INFO - -> Analyzing version 4.4.0 (22/64)...
2025-11-09 16:26:22,609 - BlankSpaceAnalyzer - INFO - -> Analyzing version 4.5.1 (23/64)...
2025-11-09 16:26:22,610 - BlankSpaceAnalyzer - INFO - -> Analyzing version 4.5.2 (24/64)...
2025-11-09 16:26:22,610 - BlankSpaceAnalyzer - INFO - -> Analyzing version 4.6.0 (25/64)...
2025-11-09 16:26:22,610 - BlankSpaceAnalyzer - INFO - -> Analyzing version 4.7.0 (26/64)...
2025-11-09 16:26:22,610 - BlankSpaceAnalyzer - INFO - -> Analyzing version 4.7.1 (27/64)...
2025-11-09 16:26:22,610 - BlankSpaceAnalyzer - INFO - -> Analyzing version 4.7.3 (28/64)...
2025-11-09 16:26:22,611 - BlankSpaceAnalyzer - INFO - -> Analyzing version 4.7.4 (29/64)...
2025-11-09 16:26:22,611 - BlankSpaceAnalyzer - INFO - -> Analyzing version 5.0.0 (30/64)...
2025-11-09 16:26:22,645 - BlankSpaceAnalyzer - INFO - -> Analyzing version 5.0.4 (31/64)...
2025-11-09 16:26:22,680 - BlankSpaceAnalyzer - INFO - -> Analyzing version 5.0.5 (32/64)...
2025-11-09 16:26:22,714 - BlankSpaceAnalyzer - INFO - -> Analyzing version 5.0.6 (33/64)...
2025-11-09 16:26:22,748 - BlankSpaceAnalyzer - INFO - -> Analyzing version 5.1.0 (34/64)...
2025-11-09 16:26:22,783 - BlankSpaceAnalyzer - INFO - -> Analyzing version 5.1.1 (35/64)...
2025-11-09 16:26:22,817 - BlankSpaceAnalyzer - INFO - -> Analyzing version 5.1.5 (36/64)...
2025-11-09 16:26:22,852 - BlankSpaceAnalyzer - INFO - -> Analyzing version 5.1.6 (37/64)...
2025-11-09 16:26:22,886 - BlankSpaceAnalyzer - INFO - -> Analyzing version 6.0.1 (38/64)...
2025-11-09 16:26:22,886 - BlankSpaceAnalyzer - INFO - -> Analyzing version 6.1.0 (39/64)...
2025-11-09 16:26:22,887 - BlankSpaceAnalyzer - INFO - -> Analyzing version 6.1.1 (40/64)...
2025-11-09 16:26:22,887 - BlankSpaceAnalyzer - INFO - -> Analyzing version 6.1.2 (41/64)...
2025-11-09 16:26:22,887 - BlankSpaceAnalyzer - INFO - -> Analyzing version 6.1.3 (42/64)...
2025-11-09 16:26:22,887 - BlankSpaceAnalyzer - INFO - -> Analyzing version 6.2.0 (43/64)...
2025-11-09 16:26:22,922 - BlankSpaceAnalyzer - INFO - -> Analyzing version 6.2.0-alpha.0 (44/64)...
2025-11-09 16:26:22,958 - BlankSpaceAnalyzer - INFO - -> Analyzing version 6.2.0-alpha.1 (45/64)...
2025-11-09 16:26:22,993 - BlankSpaceAnalyzer - INFO - -> Analyzing version 6.2.0-alpha.2 (46/64)...
2025-11-09 16:26:23,030 - BlankSpaceAnalyzer - INFO - -> Analyzing version 6.2.0-alpha.3 (47/64)...
2025-11-09 16:26:23,064 - BlankSpaceAnalyzer - INFO - -> Analyzing version 6.3.0 (48/64)...
2025-11-09 16:26:23,099 - BlankSpaceAnalyzer - INFO - -> Analyzing version 6.4.0 (49/64)...
2025-11-09 16:26:23,134 - BlankSpaceAnalyzer - INFO - -> Analyzing version 6.5.0 (50/64)...
2025-11-09 16:26:23,170 - BlankSpaceAnalyzer - INFO - -> Analyzing version 7.0.0 (51/64)...
2025-11-09 16:26:23,170 - BlankSpaceAnalyzer - INFO - -> Analyzing version 7.0.0-alpha.0 (52/64)...
2025-11-09 16:26:23,205 - BlankSpaceAnalyzer - INFO - -> Analyzing version 7.0.0-alpha.1 (53/64)...
2025-11-09 16:26:23,240 - BlankSpaceAnalyzer - INFO - -> Analyzing version 7.0.0-alpha.110 (54/64)...
2025-11-09 16:26:23,240 - BlankSpaceAnalyzer - INFO - -> Analyzing version 7.0.0-alpha.111 (55/64)...
2025-11-09 16:26:23,241 - BlankSpaceAnalyzer - INFO - -> Analyzing version 7.0.0-alpha.113 (56/64)...
2025-11-09 16:26:23,241 - BlankSpaceAnalyzer - INFO - -> Analyzing version 7.0.0-alpha.114 (57/64)...
2025-11-09 16:26:23,241 - BlankSpaceAnalyzer - INFO - -> Analyzing version 7.0.0-alpha.115 (58/64)...
2025-11-09 16:26:23,242 - BlankSpaceAnalyzer - INFO - -> Analyzing version 7.0.0-alpha.116 (59/64)...
2025-11-09 16:26:23,242 - BlankSpaceAnalyzer - INFO - -> Analyzing version 7.0.0-alpha.2 (60/64)...
2025-11-09 16:26:23,276 - BlankSpaceAnalyzer - INFO - -> Analyzing version 7.1.0 (61/64)...
2025-11-09 16:26:23,277 - BlankSpaceAnalyzer - INFO - -> Analyzing version 7.1.0-alpha.7 (62/64)...
2025-11-09 16:26:23,277 - BlankSpaceAnalyzer - INFO - -> Analyzing version 7.1.0-alpha.70 (63/64)...
2025-11-09 16:26:23,278 - BlankSpaceAnalyzer - INFO - -> Analyzing version 7.2.0 (64/64)...
2025-11-09 16:26:23,278 - BlankSpaceAnalyzer - INFO - Exporting results for '@turf/intersect' to CSV...
2025-11-09 16:26:23,336 - BlankSpaceAnalyzer - INFO - Reports saved in: /app/npm_results/@turf_intersect
2025-11-09 16:26:23,336 - NPM_Analyzer - INFO - Cleaning temporary folder 'temp/@turf_intersect'...
2025-11-09 16:26:23,347 - NPM_Analyzer - INFO - Cleanup completed.
2025-11-10 02:56:17,397 - NPM_Analyzer - INFO - Fetching metadata for '@turf/intersect'...
2025-11-10 02:56:18,586 - NPM_Analyzer - INFO - Found 64 versions. Starting download into 'temp/@turf_intersect'...
2025-11-10 02:57:13,400 - BlankSpaceAnalyzer - INFO - Analyzing 64 versions for '*.js' in '@turf_intersect'.
2025-11-10 02:57:13,401 - BlankSpaceAnalyzer - INFO - -> Analyzing version 3.0.15 (1/64)...
2025-11-10 02:57:13,463 - BlankSpaceAnalyzer - INFO - -> Analyzing version 3.0.16 (2/64)...
2025-11-10 02:57:13,495 - BlankSpaceAnalyzer - INFO - -> Analyzing version 3.0.18 (3/64)...
2025-11-10 02:57:13,526 - BlankSpaceAnalyzer - INFO - -> Analyzing version 3.10.0 (4/64)...
2025-11-10 02:57:13,560 - BlankSpaceAnalyzer - INFO - -> Analyzing version 3.13.0 (5/64)...
2025-11-10 02:57:13,561 - BlankSpaceAnalyzer - INFO - -> Analyzing version 3.14.0 (6/64)...
2025-11-10 02:57:13,561 - BlankSpaceAnalyzer - INFO - -> Analyzing version 3.3.3 (7/64)...
2025-11-10 02:57:13,595 - BlankSpaceAnalyzer - INFO - -> Analyzing version 3.5.2 (8/64)...
2025-11-10 02:57:13,630 - BlankSpaceAnalyzer - INFO - -> Analyzing version 3.5.2-alpha.d2c36ee7 (9/64)...
2025-11-10 02:57:13,664 - BlankSpaceAnalyzer - INFO - -> Analyzing version 3.5.3 (10/64)...
2025-11-10 02:57:13,699 - BlankSpaceAnalyzer - INFO - -> Analyzing version 3.6.2 (11/64)...
2025-11-10 02:57:13,734 - BlankSpaceAnalyzer - INFO - -> Analyzing version 3.6.3 (12/64)...
2025-11-10 02:57:13,769 - BlankSpaceAnalyzer - INFO - -> Analyzing version 3.7.0 (13/64)...
2025-11-10 02:57:13,804 - BlankSpaceAnalyzer - INFO - -> Analyzing version 3.7.1 (14/64)...
2025-11-10 02:57:13,838 - BlankSpaceAnalyzer - INFO - -> Analyzing version 3.7.2 (15/64)...
2025-11-10 02:57:13,872 - BlankSpaceAnalyzer - INFO - -> Analyzing version 3.7.3 (16/64)...
2025-11-10 02:57:13,907 - BlankSpaceAnalyzer - INFO - -> Analyzing version 3.7.5 (17/64)...
2025-11-10 02:57:13,942 - BlankSpaceAnalyzer - INFO - -> Analyzing version 4.0.2 (18/64)...
2025-11-10 02:57:13,942 - BlankSpaceAnalyzer - INFO - -> Analyzing version 4.1.0 (19/64)...
2025-11-10 02:57:13,943 - BlankSpaceAnalyzer - INFO - -> Analyzing version 4.2.0 (20/64)...
2025-11-10 02:57:13,943 - BlankSpaceAnalyzer - INFO - -> Analyzing version 4.3.0 (21/64)...
2025-11-10 02:57:13,943 - BlankSpaceAnalyzer - INFO - -> Analyzing version 4.4.0 (22/64)...
2025-11-10 02:57:13,943 - BlankSpaceAnalyzer - INFO - -> Analyzing version 4.5.1 (23/64)...
2025-11-10 02:57:13,944 - BlankSpaceAnalyzer - INFO - -> Analyzing version 4.5.2 (24/64)...
2025-11-10 02:57:13,944 - BlankSpaceAnalyzer - INFO - -> Analyzing version 4.6.0 (25/64)...
2025-11-10 02:57:13,944 - BlankSpaceAnalyzer - INFO - -> Analyzing version 4.7.0 (26/64)...
2025-11-10 02:57:13,944 - BlankSpaceAnalyzer - INFO - -> Analyzing version 4.7.1 (27/64)...
2025-11-10 02:57:13,944 - BlankSpaceAnalyzer - INFO - -> Analyzing version 4.7.3 (28/64)...
2025-11-10 02:57:13,945 - BlankSpaceAnalyzer - INFO - -> Analyzing version 4.7.4 (29/64)...
2025-11-10 02:57:13,945 - BlankSpaceAnalyzer - INFO - -> Analyzing version 5.0.0 (30/64)...
2025-11-10 02:57:13,979 - BlankSpaceAnalyzer - INFO - -> Analyzing version 5.0.4 (31/64)...
2025-11-10 02:57:14,014 - BlankSpaceAnalyzer - INFO - -> Analyzing version 5.0.5 (32/64)...
2025-11-10 02:57:14,049 - BlankSpaceAnalyzer - INFO - -> Analyzing version 5.0.6 (33/64)...
2025-11-10 02:57:14,083 - BlankSpaceAnalyzer - INFO - -> Analyzing version 5.1.0 (34/64)...
2025-11-10 02:57:14,118 - BlankSpaceAnalyzer - INFO - -> Analyzing version 5.1.1 (35/64)...
2025-11-10 02:57:14,152 - BlankSpaceAnalyzer - INFO - -> Analyzing version 5.1.5 (36/64)...
2025-11-10 02:57:14,187 - BlankSpaceAnalyzer - INFO - -> Analyzing version 5.1.6 (37/64)...
2025-11-10 02:57:14,223 - BlankSpaceAnalyzer - INFO - -> Analyzing version 6.0.1 (38/64)...
2025-11-10 02:57:14,223 - BlankSpaceAnalyzer - INFO - -> Analyzing version 6.1.0 (39/64)...
2025-11-10 02:57:14,223 - BlankSpaceAnalyzer - INFO - -> Analyzing version 6.1.1 (40/64)...
2025-11-10 02:57:14,223 - BlankSpaceAnalyzer - INFO - -> Analyzing version 6.1.2 (41/64)...
2025-11-10 02:57:14,224 - BlankSpaceAnalyzer - INFO - -> Analyzing version 6.1.3 (42/64)...
2025-11-10 02:57:14,224 - BlankSpaceAnalyzer - INFO - -> Analyzing version 6.2.0 (43/64)...
2025-11-10 02:57:14,259 - BlankSpaceAnalyzer - INFO - -> Analyzing version 6.2.0-alpha.0 (44/64)...
2025-11-10 02:57:14,295 - BlankSpaceAnalyzer - INFO - -> Analyzing version 6.2.0-alpha.1 (45/64)...
2025-11-10 02:57:14,330 - BlankSpaceAnalyzer - INFO - -> Analyzing version 6.2.0-alpha.2 (46/64)...
2025-11-10 02:57:14,365 - BlankSpaceAnalyzer - INFO - -> Analyzing version 6.2.0-alpha.3 (47/64)...
2025-11-10 02:57:14,402 - BlankSpaceAnalyzer - INFO - -> Analyzing version 6.3.0 (48/64)...
2025-11-10 02:57:14,435 - BlankSpaceAnalyzer - INFO - -> Analyzing version 6.4.0 (49/64)...
2025-11-10 02:57:14,471 - BlankSpaceAnalyzer - INFO - -> Analyzing version 6.5.0 (50/64)...
2025-11-10 02:57:14,505 - BlankSpaceAnalyzer - INFO - -> Analyzing version 7.0.0 (51/64)...
2025-11-10 02:57:14,506 - BlankSpaceAnalyzer - INFO - -> Analyzing version 7.0.0-alpha.0 (52/64)...
2025-11-10 02:57:14,540 - BlankSpaceAnalyzer - INFO - -> Analyzing version 7.0.0-alpha.1 (53/64)...
2025-11-10 02:57:14,575 - BlankSpaceAnalyzer - INFO - -> Analyzing version 7.0.0-alpha.110 (54/64)...
2025-11-10 02:57:14,576 - BlankSpaceAnalyzer - INFO - -> Analyzing version 7.0.0-alpha.111 (55/64)...
2025-11-10 02:57:14,576 - BlankSpaceAnalyzer - INFO - -> Analyzing version 7.0.0-alpha.113 (56/64)...
2025-11-10 02:57:14,576 - BlankSpaceAnalyzer - INFO - -> Analyzing version 7.0.0-alpha.114 (57/64)...
2025-11-10 02:57:14,577 - BlankSpaceAnalyzer - INFO - -> Analyzing version 7.0.0-alpha.115 (58/64)...
2025-11-10 02:57:14,577 - BlankSpaceAnalyzer - INFO - -> Analyzing version 7.0.0-alpha.116 (59/64)...
2025-11-10 02:57:14,577 - BlankSpaceAnalyzer - INFO - -> Analyzing version 7.0.0-alpha.2 (60/64)...
2025-11-10 02:57:14,612 - BlankSpaceAnalyzer - INFO - -> Analyzing version 7.1.0 (61/64)...
2025-11-10 02:57:14,612 - BlankSpaceAnalyzer - INFO - -> Analyzing version 7.1.0-alpha.7 (62/64)...
2025-11-10 02:57:14,613 - BlankSpaceAnalyzer - INFO - -> Analyzing version 7.1.0-alpha.70 (63/64)...
2025-11-10 02:57:14,613 - BlankSpaceAnalyzer - INFO - -> Analyzing version 7.2.0 (64/64)...
2025-11-10 02:57:14,613 - BlankSpaceAnalyzer - INFO - Exporting results for '@turf/intersect' to CSV...
2025-11-10 02:57:14,671 - BlankSpaceAnalyzer - INFO - Reports saved in: /app/npm_results/@turf_intersect
2025-11-10 02:57:14,672 - NPM_Analyzer - INFO - Cleaning temporary folder 'temp/@turf_intersect'...
2025-11-10 02:57:14,683 - NPM_Analyzer - INFO - Cleanup completed.
2025-11-10 13:08:15,323 - NPM_Analyzer - INFO - Fetching metadata for '@turf/intersect'...
2025-11-10 13:08:15,530 - NPM_Analyzer - INFO - Found 64 versions. Starting download into 'temp/@turf_intersect'...
2025-11-10 13:09:07,579 - BlankSpaceAnalyzer - INFO - Analyzing 64 versions for '*.js' in '@turf_intersect'.
2025-11-10 13:09:07,579 - BlankSpaceAnalyzer - INFO - -> Analyzing version 3.0.15 (1/64)...
2025-11-10 13:09:07,643 - BlankSpaceAnalyzer - INFO - -> Analyzing version 3.0.16 (2/64)...
2025-11-10 13:09:07,674 - BlankSpaceAnalyzer - INFO - -> Analyzing version 3.0.18 (3/64)...
2025-11-10 13:09:07,704 - BlankSpaceAnalyzer - INFO - -> Analyzing version 3.10.0 (4/64)...
2025-11-10 13:09:07,741 - BlankSpaceAnalyzer - INFO - -> Analyzing version 3.13.0 (5/64)...
2025-11-10 13:09:07,741 - BlankSpaceAnalyzer - INFO - -> Analyzing version 3.14.0 (6/64)...
2025-11-10 13:09:07,741 - BlankSpaceAnalyzer - INFO - -> Analyzing version 3.3.3 (7/64)...
2025-11-10 13:09:07,776 - BlankSpaceAnalyzer - INFO - -> Analyzing version 3.5.2 (8/64)...
2025-11-10 13:09:07,811 - BlankSpaceAnalyzer - INFO - -> Analyzing version 3.5.2-alpha.d2c36ee7 (9/64)...
2025-11-10 13:09:07,845 - BlankSpaceAnalyzer - INFO - -> Analyzing version 3.5.3 (10/64)...
2025-11-10 13:09:07,880 - BlankSpaceAnalyzer - INFO - -> Analyzing version 3.6.2 (11/64)...
2025-11-10 13:09:07,915 - BlankSpaceAnalyzer - INFO - -> Analyzing version 3.6.3 (12/64)...
2025-11-10 13:09:07,951 - BlankSpaceAnalyzer - INFO - -> Analyzing version 3.7.0 (13/64)...
2025-11-10 13:09:07,986 - BlankSpaceAnalyzer - INFO - -> Analyzing version 3.7.1 (14/64)...
2025-11-10 13:09:08,021 - BlankSpaceAnalyzer - INFO - -> Analyzing version 3.7.2 (15/64)...
2025-11-10 13:09:08,056 - BlankSpaceAnalyzer - INFO - -> Analyzing version 3.7.3 (16/64)...
2025-11-10 13:09:08,091 - BlankSpaceAnalyzer - INFO - -> Analyzing version 3.7.5 (17/64)...
2025-11-10 13:09:08,126 - BlankSpaceAnalyzer - INFO - -> Analyzing version 4.0.2 (18/64)...
2025-11-10 13:09:08,127 - BlankSpaceAnalyzer - INFO - -> Analyzing version 4.1.0 (19/64)...
2025-11-10 13:09:08,127 - BlankSpaceAnalyzer - INFO - -> Analyzing version 4.2.0 (20/64)...
2025-11-10 13:09:08,127 - BlankSpaceAnalyzer - INFO - -> Analyzing version 4.3.0 (21/64)...
2025-11-10 13:09:08,127 - BlankSpaceAnalyzer - INFO - -> Analyzing version 4.4.0 (22/64)...
2025-11-10 13:09:08,128 - BlankSpaceAnalyzer - INFO - -> Analyzing version 4.5.1 (23/64)...
2025-11-10 13:09:08,128 - BlankSpaceAnalyzer - INFO - -> Analyzing version 4.5.2 (24/64)...
2025-11-10 13:09:08,128 - BlankSpaceAnalyzer - INFO - -> Analyzing version 4.6.0 (25/64)...
2025-11-10 13:09:08,128 - BlankSpaceAnalyzer - INFO - -> Analyzing version 4.7.0 (26/64)...
2025-11-10 13:09:08,128 - BlankSpaceAnalyzer - INFO - -> Analyzing version 4.7.1 (27/64)...
2025-11-10 13:09:08,129 - BlankSpaceAnalyzer - INFO - -> Analyzing version 4.7.3 (28/64)...
2025-11-10 13:09:08,129 - BlankSpaceAnalyzer - INFO - -> Analyzing version 4.7.4 (29/64)...
2025-11-10 13:09:08,129 - BlankSpaceAnalyzer - INFO - -> Analyzing version 5.0.0 (30/64)...
2025-11-10 13:09:08,164 - BlankSpaceAnalyzer - INFO - -> Analyzing version 5.0.4 (31/64)...
2025-11-10 13:09:08,199 - BlankSpaceAnalyzer - INFO - -> Analyzing version 5.0.5 (32/64)...
2025-11-10 13:09:08,234 - BlankSpaceAnalyzer - INFO - -> Analyzing version 5.0.6 (33/64)...
2025-11-10 13:09:08,269 - BlankSpaceAnalyzer - INFO - -> Analyzing version 5.1.0 (34/64)...
2025-11-10 13:09:08,304 - BlankSpaceAnalyzer - INFO - -> Analyzing version 5.1.1 (35/64)...
2025-11-10 13:09:08,340 - BlankSpaceAnalyzer - INFO - -> Analyzing version 5.1.5 (36/64)...
2025-11-10 13:09:08,375 - BlankSpaceAnalyzer - INFO - -> Analyzing version 5.1.6 (37/64)...
2025-11-10 13:09:08,410 - BlankSpaceAnalyzer - INFO - -> Analyzing version 6.0.1 (38/64)...
2025-11-10 13:09:08,411 - BlankSpaceAnalyzer - INFO - -> Analyzing version 6.1.0 (39/64)...
2025-11-10 13:09:08,411 - BlankSpaceAnalyzer - INFO - -> Analyzing version 6.1.1 (40/64)...
2025-11-10 13:09:08,411 - BlankSpaceAnalyzer - INFO - -> Analyzing version 6.1.2 (41/64)...
2025-11-10 13:09:08,412 - BlankSpaceAnalyzer - INFO - -> Analyzing version 6.1.3 (42/64)...
2025-11-10 13:09:08,412 - BlankSpaceAnalyzer - INFO - -> Analyzing version 6.2.0 (43/64)...
2025-11-10 13:09:08,448 - BlankSpaceAnalyzer - INFO - -> Analyzing version 6.2.0-alpha.0 (44/64)...
2025-11-10 13:09:08,483 - BlankSpaceAnalyzer - INFO - -> Analyzing version 6.2.0-alpha.1 (45/64)...
2025-11-10 13:09:08,520 - BlankSpaceAnalyzer - INFO - -> Analyzing version 6.2.0-alpha.2 (46/64)...
2025-11-10 13:09:08,555 - BlankSpaceAnalyzer - INFO - -> Analyzing version 6.2.0-alpha.3 (47/64)...
2025-11-10 13:09:08,591 - BlankSpaceAnalyzer - INFO - -> Analyzing version 6.3.0 (48/64)...
2025-11-10 13:09:08,626 - BlankSpaceAnalyzer - INFO - -> Analyzing version 6.4.0 (49/64)...
2025-11-10 13:09:08,661 - BlankSpaceAnalyzer - INFO - -> Analyzing version 6.5.0 (50/64)...
2025-11-10 13:09:08,696 - BlankSpaceAnalyzer - INFO - -> Analyzing version 7.0.0 (51/64)...
2025-11-10 13:09:08,696 - BlankSpaceAnalyzer - INFO - -> Analyzing version 7.0.0-alpha.0 (52/64)...
2025-11-10 13:09:08,732 - BlankSpaceAnalyzer - INFO - -> Analyzing version 7.0.0-alpha.1 (53/64)...
2025-11-10 13:09:08,767 - BlankSpaceAnalyzer - INFO - -> Analyzing version 7.0.0-alpha.110 (54/64)...
2025-11-10 13:09:08,768 - BlankSpaceAnalyzer - INFO - -> Analyzing version 7.0.0-alpha.111 (55/64)...
2025-11-10 13:09:08,768 - BlankSpaceAnalyzer - INFO - -> Analyzing version 7.0.0-alpha.113 (56/64)...
2025-11-10 13:09:08,768 - BlankSpaceAnalyzer - INFO - -> Analyzing version 7.0.0-alpha.114 (57/64)...
2025-11-10 13:09:08,769 - BlankSpaceAnalyzer - INFO - -> Analyzing version 7.0.0-alpha.115 (58/64)...
2025-11-10 13:09:08,769 - BlankSpaceAnalyzer - INFO - -> Analyzing version 7.0.0-alpha.116 (59/64)...
2025-11-10 13:09:08,769 - BlankSpaceAnalyzer - INFO - -> Analyzing version 7.0.0-alpha.2 (60/64)...
2025-11-10 13:09:08,804 - BlankSpaceAnalyzer - INFO - -> Analyzing version 7.1.0 (61/64)...
2025-11-10 13:09:08,805 - BlankSpaceAnalyzer - INFO - -> Analyzing version 7.1.0-alpha.7 (62/64)...
2025-11-10 13:09:08,805 - BlankSpaceAnalyzer - INFO - -> Analyzing version 7.1.0-alpha.70 (63/64)...
2025-11-10 13:09:08,806 - BlankSpaceAnalyzer - INFO - -> Analyzing version 7.2.0 (64/64)...
2025-11-10 13:09:08,806 - BlankSpaceAnalyzer - INFO - Exporting results for '@turf/intersect' to CSV...
2025-11-10 13:09:08,864 - BlankSpaceAnalyzer - INFO - Reports saved in: /app/npm_results/@turf_intersect
2025-11-10 13:09:08,864 - NPM_Analyzer - INFO - Cleaning temporary folder 'temp/@turf_intersect'...
2025-11-10 13:09:08,876 - NPM_Analyzer - INFO - Cleanup completed.
2025-11-10 23:35:11,297 - NPM_Analyzer - INFO - Fetching metadata for '@turf/intersect'...
2025-11-10 23:35:11,486 - NPM_Analyzer - INFO - Found 64 versions. Starting download into 'temp/@turf_intersect'...
2025-11-10 23:36:06,523 - BlankSpaceAnalyzer - INFO - Analyzing 64 versions for '*.js' in '@turf_intersect'.
2025-11-10 23:36:06,523 - BlankSpaceAnalyzer - INFO - -> Analyzing version 3.0.15 (1/64)...
2025-11-10 23:36:06,588 - BlankSpaceAnalyzer - INFO - -> Analyzing version 3.0.16 (2/64)...
2025-11-10 23:36:06,617 - BlankSpaceAnalyzer - INFO - -> Analyzing version 3.0.18 (3/64)...
2025-11-10 23:36:06,646 - BlankSpaceAnalyzer - INFO - -> Analyzing version 3.10.0 (4/64)...
2025-11-10 23:36:06,678 - BlankSpaceAnalyzer - INFO - -> Analyzing version 3.13.0 (5/64)...
2025-11-10 23:36:06,678 - BlankSpaceAnalyzer - INFO - -> Analyzing version 3.14.0 (6/64)...
2025-11-10 23:36:06,678 - BlankSpaceAnalyzer - INFO - -> Analyzing version 3.3.3 (7/64)...
2025-11-10 23:36:06,711 - BlankSpaceAnalyzer - INFO - -> Analyzing version 3.5.2 (8/64)...
2025-11-10 23:36:06,745 - BlankSpaceAnalyzer - INFO - -> Analyzing version 3.5.2-alpha.d2c36ee7 (9/64)...
2025-11-10 23:36:06,779 - BlankSpaceAnalyzer - INFO - -> Analyzing version 3.5.3 (10/64)...
2025-11-10 23:36:06,812 - BlankSpaceAnalyzer - INFO - -> Analyzing version 3.6.2 (11/64)...
2025-11-10 23:36:06,845 - BlankSpaceAnalyzer - INFO - -> Analyzing version 3.6.3 (12/64)...
2025-11-10 23:36:06,879 - BlankSpaceAnalyzer - INFO - -> Analyzing version 3.7.0 (13/64)...
2025-11-10 23:36:06,912 - BlankSpaceAnalyzer - INFO - -> Analyzing version 3.7.1 (14/64)...
2025-11-10 23:36:06,946 - BlankSpaceAnalyzer - INFO - -> Analyzing version 3.7.2 (15/64)...
2025-11-10 23:36:06,980 - BlankSpaceAnalyzer - INFO - -> Analyzing version 3.7.3 (16/64)...
2025-11-10 23:36:07,013 - BlankSpaceAnalyzer - INFO - -> Analyzing version 3.7.5 (17/64)...
2025-11-10 23:36:07,046 - BlankSpaceAnalyzer - INFO - -> Analyzing version 4.0.2 (18/64)...
2025-11-10 23:36:07,047 - BlankSpaceAnalyzer - INFO - -> Analyzing version 4.1.0 (19/64)...
2025-11-10 23:36:07,047 - BlankSpaceAnalyzer - INFO - -> Analyzing version 4.2.0 (20/64)...
2025-11-10 23:36:07,047 - BlankSpaceAnalyzer - INFO - -> Analyzing version 4.3.0 (21/64)...
2025-11-10 23:36:07,048 - BlankSpaceAnalyzer - INFO - -> Analyzing version 4.4.0 (22/64)...
2025-11-10 23:36:07,048 - BlankSpaceAnalyzer - INFO - -> Analyzing version 4.5.1 (23/64)...
2025-11-10 23:36:07,048 - BlankSpaceAnalyzer - INFO - -> Analyzing version 4.5.2 (24/64)...
2025-11-10 23:36:07,048 - BlankSpaceAnalyzer - INFO - -> Analyzing version 4.6.0 (25/64)...
2025-11-10 23:36:07,048 - BlankSpaceAnalyzer - INFO - -> Analyzing version 4.7.0 (26/64)...
2025-11-10 23:36:07,048 - BlankSpaceAnalyzer - INFO - -> Analyzing version 4.7.1 (27/64)...
2025-11-10 23:36:07,049 - BlankSpaceAnalyzer - INFO - -> Analyzing version 4.7.3 (28/64)...
2025-11-10 23:36:07,049 - BlankSpaceAnalyzer - INFO - -> Analyzing version 4.7.4 (29/64)...
2025-11-10 23:36:07,049 - BlankSpaceAnalyzer - INFO - -> Analyzing version 5.0.0 (30/64)...
2025-11-10 23:36:07,084 - BlankSpaceAnalyzer - INFO - -> Analyzing version 5.0.4 (31/64)...
2025-11-10 23:36:07,117 - BlankSpaceAnalyzer - INFO - -> Analyzing version 5.0.5 (32/64)...
2025-11-10 23:36:07,150 - BlankSpaceAnalyzer - INFO - -> Analyzing version 5.0.6 (33/64)...
2025-11-10 23:36:07,185 - BlankSpaceAnalyzer - INFO - -> Analyzing version 5.1.0 (34/64)...
2025-11-10 23:36:07,218 - BlankSpaceAnalyzer - INFO - -> Analyzing version 5.1.1 (35/64)...
2025-11-10 23:36:07,255 - BlankSpaceAnalyzer - INFO - -> Analyzing version 5.1.5 (36/64)...
2025-11-10 23:36:07,292 - BlankSpaceAnalyzer - INFO - -> Analyzing version 5.1.6 (37/64)...
2025-11-10 23:36:07,326 - BlankSpaceAnalyzer - INFO - -> Analyzing version 6.0.1 (38/64)...
2025-11-10 23:36:07,326 - BlankSpaceAnalyzer - INFO - -> Analyzing version 6.1.0 (39/64)...
2025-11-10 23:36:07,327 - BlankSpaceAnalyzer - INFO - -> Analyzing version 6.1.1 (40/64)...
2025-11-10 23:36:07,327 - BlankSpaceAnalyzer - INFO - -> Analyzing version 6.1.2 (41/64)...
2025-11-10 23:36:07,327 - BlankSpaceAnalyzer - INFO - -> Analyzing version 6.1.3 (42/64)...
2025-11-10 23:36:07,327 - BlankSpaceAnalyzer - INFO - -> Analyzing version 6.2.0 (43/64)...
2025-11-10 23:36:07,361 - BlankSpaceAnalyzer - INFO - -> Analyzing version 6.2.0-alpha.0 (44/64)...
2025-11-10 23:36:07,395 - BlankSpaceAnalyzer - INFO - -> Analyzing version 6.2.0-alpha.1 (45/64)...
2025-11-10 23:36:07,430 - BlankSpaceAnalyzer - INFO - -> Analyzing version 6.2.0-alpha.2 (46/64)...
2025-11-10 23:36:07,464 - BlankSpaceAnalyzer - INFO - -> Analyzing version 6.2.0-alpha.3 (47/64)...
2025-11-10 23:36:07,498 - BlankSpaceAnalyzer - INFO - -> Analyzing version 6.3.0 (48/64)...
2025-11-10 23:36:07,532 - BlankSpaceAnalyzer - INFO - -> Analyzing version 6.4.0 (49/64)...
2025-11-10 23:36:07,565 - BlankSpaceAnalyzer - INFO - -> Analyzing version 6.5.0 (50/64)...
2025-11-10 23:36:07,599 - BlankSpaceAnalyzer - INFO - -> Analyzing version 7.0.0 (51/64)...
2025-11-10 23:36:07,600 - BlankSpaceAnalyzer - INFO - -> Analyzing version 7.0.0-alpha.0 (52/64)...
2025-11-10 23:36:07,633 - BlankSpaceAnalyzer - INFO - -> Analyzing version 7.0.0-alpha.1 (53/64)...
2025-11-10 23:36:07,666 - BlankSpaceAnalyzer - INFO - -> Analyzing version 7.0.0-alpha.110 (54/64)...
2025-11-10 23:36:07,666 - BlankSpaceAnalyzer - INFO - -> Analyzing version 7.0.0-alpha.111 (55/64)...
2025-11-10 23:36:07,667 - BlankSpaceAnalyzer - INFO - -> Analyzing version 7.0.0-alpha.113 (56/64)...
2025-11-10 23:36:07,667 - BlankSpaceAnalyzer - INFO - -> Analyzing version 7.0.0-alpha.114 (57/64)...
2025-11-10 23:36:07,667 - BlankSpaceAnalyzer - INFO - -> Analyzing version 7.0.0-alpha.115 (58/64)...
2025-11-10 23:36:07,668 - BlankSpaceAnalyzer - INFO - -> Analyzing version 7.0.0-alpha.116 (59/64)...
2025-11-10 23:36:07,668 - BlankSpaceAnalyzer - INFO - -> Analyzing version 7.0.0-alpha.2 (60/64)...
2025-11-10 23:36:07,702 - BlankSpaceAnalyzer - INFO - -> Analyzing version 7.1.0 (61/64)...
2025-11-10 23:36:07,702 - BlankSpaceAnalyzer - INFO - -> Analyzing version 7.1.0-alpha.7 (62/64)...
2025-11-10 23:36:07,702 - BlankSpaceAnalyzer - INFO - -> Analyzing version 7.1.0-alpha.70 (63/64)...
2025-11-10 23:36:07,703 - BlankSpaceAnalyzer - INFO - -> Analyzing version 7.2.0 (64/64)...
2025-11-10 23:36:07,703 - BlankSpaceAnalyzer - INFO - Exporting results for '@turf/intersect' to CSV...
2025-11-10 23:36:07,760 - BlankSpaceAnalyzer - INFO - Reports saved in: /app/npm_results/@turf_intersect
2025-11-10 23:36:07,760 - NPM_Analyzer - INFO - Cleaning temporary folder 'temp/@turf_intersect'...
2025-11-10 23:36:07,770 - NPM_Analyzer - INFO - Cleanup completed.
2025-11-11 09:54:18,195 - NPM_Analyzer - INFO - Fetching metadata for '@turf/intersect'...
2025-11-11 09:54:18,378 - NPM_Analyzer - INFO - Found 64 versions. Starting download into 'temp/@turf_intersect'...
2025-11-11 09:55:13,778 - BlankSpaceAnalyzer - INFO - Analyzing 64 versions for '*.js' in '@turf_intersect'.
2025-11-11 09:55:13,779 - BlankSpaceAnalyzer - INFO - -> Analyzing version 3.0.15 (1/64)...
2025-11-11 09:55:13,840 - BlankSpaceAnalyzer - INFO - -> Analyzing version 3.0.16 (2/64)...
2025-11-11 09:55:13,871 - BlankSpaceAnalyzer - INFO - -> Analyzing version 3.0.18 (3/64)...
2025-11-11 09:55:13,901 - BlankSpaceAnalyzer - INFO - -> Analyzing version 3.10.0 (4/64)...
2025-11-11 09:55:13,935 - BlankSpaceAnalyzer - INFO - -> Analyzing version 3.13.0 (5/64)...
2025-11-11 09:55:13,935 - BlankSpaceAnalyzer - INFO - -> Analyzing version 3.14.0 (6/64)...
2025-11-11 09:55:13,935 - BlankSpaceAnalyzer - INFO - -> Analyzing version 3.3.3 (7/64)...
2025-11-11 09:55:13,969 - BlankSpaceAnalyzer - INFO - -> Analyzing version 3.5.2 (8/64)...
2025-11-11 09:55:14,005 - BlankSpaceAnalyzer - INFO - -> Analyzing version 3.5.2-alpha.d2c36ee7 (9/64)...
2025-11-11 09:55:14,039 - BlankSpaceAnalyzer - INFO - -> Analyzing version 3.5.3 (10/64)...
2025-11-11 09:55:14,073 - BlankSpaceAnalyzer - INFO - -> Analyzing version 3.6.2 (11/64)...
2025-11-11 09:55:14,108 - BlankSpaceAnalyzer - INFO - -> Analyzing version 3.6.3 (12/64)...
2025-11-11 09:55:14,142 - BlankSpaceAnalyzer - INFO - -> Analyzing version 3.7.0 (13/64)...
2025-11-11 09:55:14,177 - BlankSpaceAnalyzer - INFO - -> Analyzing version 3.7.1 (14/64)...
2025-11-11 09:55:14,211 - BlankSpaceAnalyzer - INFO - -> Analyzing version 3.7.2 (15/64)...
2025-11-11 09:55:14,246 - BlankSpaceAnalyzer - INFO - -> Analyzing version 3.7.3 (16/64)...
2025-11-11 09:55:14,280 - BlankSpaceAnalyzer - INFO - -> Analyzing version 3.7.5 (17/64)...
2025-11-11 09:55:14,316 - BlankSpaceAnalyzer - INFO - -> Analyzing version 4.0.2 (18/64)...
2025-11-11 09:55:14,317 - BlankSpaceAnalyzer - INFO - -> Analyzing version 4.1.0 (19/64)...
2025-11-11 09:55:14,317 - BlankSpaceAnalyzer - INFO - -> Analyzing version 4.2.0 (20/64)...
2025-11-11 09:55:14,317 - BlankSpaceAnalyzer - INFO - -> Analyzing version 4.3.0 (21/64)...
2025-11-11 09:55:14,317 - BlankSpaceAnalyzer - INFO - -> Analyzing version 4.4.0 (22/64)...
2025-11-11 09:55:14,318 - BlankSpaceAnalyzer - INFO - -> Analyzing version 4.5.1 (23/64)...
2025-11-11 09:55:14,318 - BlankSpaceAnalyzer - INFO - -> Analyzing version 4.5.2 (24/64)...
2025-11-11 09:55:14,318 - BlankSpaceAnalyzer - INFO - -> Analyzing version 4.6.0 (25/64)...
2025-11-11 09:55:14,318 - BlankSpaceAnalyzer - INFO - -> Analyzing version 4.7.0 (26/64)...
2025-11-11 09:55:14,319 - BlankSpaceAnalyzer - INFO - -> Analyzing version 4.7.1 (27/64)...
2025-11-11 09:55:14,319 - BlankSpaceAnalyzer - INFO - -> Analyzing version 4.7.3 (28/64)...
2025-11-11 09:55:14,319 - BlankSpaceAnalyzer - INFO - -> Analyzing version 4.7.4 (29/64)...
2025-11-11 09:55:14,319 - BlankSpaceAnalyzer - INFO - -> Analyzing version 5.0.0 (30/64)...
2025-11-11 09:55:14,354 - BlankSpaceAnalyzer - INFO - -> Analyzing version 5.0.4 (31/64)...
2025-11-11 09:55:14,389 - BlankSpaceAnalyzer - INFO - -> Analyzing version 5.0.5 (32/64)...
2025-11-11 09:55:14,424 - BlankSpaceAnalyzer - INFO - -> Analyzing version 5.0.6 (33/64)...
2025-11-11 09:55:14,459 - BlankSpaceAnalyzer - INFO - -> Analyzing version 5.1.0 (34/64)...
2025-11-11 09:55:14,494 - BlankSpaceAnalyzer - INFO - -> Analyzing version 5.1.1 (35/64)...
2025-11-11 09:55:14,528 - BlankSpaceAnalyzer - INFO - -> Analyzing version 5.1.5 (36/64)...
2025-11-11 09:55:14,565 - BlankSpaceAnalyzer - INFO - -> Analyzing version 5.1.6 (37/64)...
2025-11-11 09:55:14,604 - BlankSpaceAnalyzer - INFO - -> Analyzing version 6.0.1 (38/64)...
2025-11-11 09:55:14,605 - BlankSpaceAnalyzer - INFO - -> Analyzing version 6.1.0 (39/64)...
2025-11-11 09:55:14,605 - BlankSpaceAnalyzer - INFO - -> Analyzing version 6.1.1 (40/64)...
2025-11-11 09:55:14,605 - BlankSpaceAnalyzer - INFO - -> Analyzing version 6.1.2 (41/64)...
2025-11-11 09:55:14,606 - BlankSpaceAnalyzer - INFO - -> Analyzing version 6.1.3 (42/64)...
2025-11-11 09:55:14,606 - BlankSpaceAnalyzer - INFO - -> Analyzing version 6.2.0 (43/64)...
2025-11-11 09:55:14,645 - BlankSpaceAnalyzer - INFO - -> Analyzing version 6.2.0-alpha.0 (44/64)...
2025-11-11 09:55:14,686 - BlankSpaceAnalyzer - INFO - -> Analyzing version 6.2.0-alpha.1 (45/64)...
2025-11-11 09:55:14,726 - BlankSpaceAnalyzer - INFO - -> Analyzing version 6.2.0-alpha.2 (46/64)...
2025-11-11 09:55:14,761 - BlankSpaceAnalyzer - INFO - -> Analyzing version 6.2.0-alpha.3 (47/64)...
2025-11-11 09:55:14,796 - BlankSpaceAnalyzer - INFO - -> Analyzing version 6.3.0 (48/64)...
2025-11-11 09:55:14,833 - BlankSpaceAnalyzer - INFO - -> Analyzing version 6.4.0 (49/64)...
2025-11-11 09:55:14,868 - BlankSpaceAnalyzer - INFO - -> Analyzing version 6.5.0 (50/64)...
2025-11-11 09:55:14,904 - BlankSpaceAnalyzer - INFO - -> Analyzing version 7.0.0 (51/64)...
2025-11-11 09:55:14,904 - BlankSpaceAnalyzer - INFO - -> Analyzing version 7.0.0-alpha.0 (52/64)...
2025-11-11 09:55:14,939 - BlankSpaceAnalyzer - INFO - -> Analyzing version 7.0.0-alpha.1 (53/64)...
2025-11-11 09:55:14,974 - BlankSpaceAnalyzer - INFO - -> Analyzing version 7.0.0-alpha.110 (54/64)...
2025-11-11 09:55:14,975 - BlankSpaceAnalyzer - INFO - -> Analyzing version 7.0.0-alpha.111 (55/64)...
2025-11-11 09:55:14,975 - BlankSpaceAnalyzer - INFO - -> Analyzing version 7.0.0-alpha.113 (56/64)...
2025-11-11 09:55:14,975 - BlankSpaceAnalyzer - INFO - -> Analyzing version 7.0.0-alpha.114 (57/64)...
2025-11-11 09:55:14,975 - BlankSpaceAnalyzer - INFO - -> Analyzing version 7.0.0-alpha.115 (58/64)...
2025-11-11 09:55:14,976 - BlankSpaceAnalyzer - INFO - -> Analyzing version 7.0.0-alpha.116 (59/64)...
2025-11-11 09:55:14,976 - BlankSpaceAnalyzer - INFO - -> Analyzing version 7.0.0-alpha.2 (60/64)...
2025-11-11 09:55:15,016 - BlankSpaceAnalyzer - INFO - -> Analyzing version 7.1.0 (61/64)...
2025-11-11 09:55:15,016 - BlankSpaceAnalyzer - INFO - -> Analyzing version 7.1.0-alpha.7 (62/64)...
2025-11-11 09:55:15,016 - BlankSpaceAnalyzer - INFO - -> Analyzing version 7.1.0-alpha.70 (63/64)...
2025-11-11 09:55:15,017 - BlankSpaceAnalyzer - INFO - -> Analyzing version 7.2.0 (64/64)...
2025-11-11 09:55:15,017 - BlankSpaceAnalyzer - INFO - Exporting results for '@turf/intersect' to CSV...
2025-11-11 09:55:15,077 - BlankSpaceAnalyzer - INFO - Reports saved in: /app/npm_results/@turf_intersect
2025-11-11 09:55:15,077 - NPM_Analyzer - INFO - Cleaning temporary folder 'temp/@turf_intersect'...
2025-11-11 09:55:15,088 - NPM_Analyzer - INFO - Cleanup completed.
2025-11-11 20:28:01,041 - NPM_Analyzer - INFO - Fetching metadata for '@turf/intersect'...
2025-11-11 20:28:01,209 - NPM_Analyzer - INFO - Found 64 versions. Starting download into 'temp/@turf_intersect'...
2025-11-11 20:28:55,342 - BlankSpaceAnalyzer - INFO - Analyzing 64 versions for '*.js' in '@turf_intersect'.
2025-11-11 20:28:55,342 - BlankSpaceAnalyzer - INFO - -> Analyzing version 3.0.15 (1/64)...
2025-11-11 20:28:55,406 - BlankSpaceAnalyzer - INFO - -> Analyzing version 3.0.16 (2/64)...
2025-11-11 20:28:55,436 - BlankSpaceAnalyzer - INFO - -> Analyzing version 3.0.18 (3/64)...
2025-11-11 20:28:55,470 - BlankSpaceAnalyzer - INFO - -> Analyzing version 3.10.0 (4/64)...
2025-11-11 20:28:55,503 - BlankSpaceAnalyzer - INFO - -> Analyzing version 3.13.0 (5/64)...
2025-11-11 20:28:55,504 - BlankSpaceAnalyzer - INFO - -> Analyzing version 3.14.0 (6/64)...
2025-11-11 20:28:55,504 - BlankSpaceAnalyzer - INFO - -> Analyzing version 3.3.3 (7/64)...
2025-11-11 20:28:55,538 - BlankSpaceAnalyzer - INFO - -> Analyzing version 3.5.2 (8/64)...
2025-11-11 20:28:55,571 - BlankSpaceAnalyzer - INFO - -> Analyzing version 3.5.2-alpha.d2c36ee7 (9/64)...
2025-11-11 20:28:55,604 - BlankSpaceAnalyzer - INFO - -> Analyzing version 3.5.3 (10/64)...
2025-11-11 20:28:55,638 - BlankSpaceAnalyzer - INFO - -> Analyzing version 3.6.2 (11/64)...
2025-11-11 20:28:55,672 - BlankSpaceAnalyzer - INFO - -> Analyzing version 3.6.3 (12/64)...
2025-11-11 20:28:55,706 - BlankSpaceAnalyzer - INFO - -> Analyzing version 3.7.0 (13/64)...
2025-11-11 20:28:55,740 - BlankSpaceAnalyzer - INFO - -> Analyzing version 3.7.1 (14/64)...
2025-11-11 20:28:55,773 - BlankSpaceAnalyzer - INFO - -> Analyzing version 3.7.2 (15/64)...
2025-11-11 20:28:55,807 - BlankSpaceAnalyzer - INFO - -> Analyzing version 3.7.3 (16/64)...
2025-11-11 20:28:55,841 - BlankSpaceAnalyzer - INFO - -> Analyzing version 3.7.5 (17/64)...
2025-11-11 20:28:55,876 - BlankSpaceAnalyzer - INFO - -> Analyzing version 4.0.2 (18/64)...
2025-11-11 20:28:55,876 - BlankSpaceAnalyzer - INFO - -> Analyzing version 4.1.0 (19/64)...
2025-11-11 20:28:55,876 - BlankSpaceAnalyzer - INFO - -> Analyzing version 4.2.0 (20/64)...
2025-11-11 20:28:55,876 - BlankSpaceAnalyzer - INFO - -> Analyzing version 4.3.0 (21/64)...
2025-11-11 20:28:55,877 - BlankSpaceAnalyzer - INFO - -> Analyzing version 4.4.0 (22/64)...
2025-11-11 20:28:55,877 - BlankSpaceAnalyzer - INFO - -> Analyzing version 4.5.1 (23/64)...
2025-11-11 20:28:55,877 - BlankSpaceAnalyzer - INFO - -> Analyzing version 4.5.2 (24/64)...
2025-11-11 20:28:55,877 - BlankSpaceAnalyzer - INFO - -> Analyzing version 4.6.0 (25/64)...
2025-11-11 20:28:55,877 - BlankSpaceAnalyzer - INFO - -> Analyzing version 4.7.0 (26/64)...
2025-11-11 20:28:55,878 - BlankSpaceAnalyzer - INFO - -> Analyzing version 4.7.1 (27/64)...
2025-11-11 20:28:55,878 - BlankSpaceAnalyzer - INFO - -> Analyzing version 4.7.3 (28/64)...
2025-11-11 20:28:55,878 - BlankSpaceAnalyzer - INFO - -> Analyzing version 4.7.4 (29/64)...
2025-11-11 20:28:55,878 - BlankSpaceAnalyzer - INFO - -> Analyzing version 5.0.0 (30/64)...
2025-11-11 20:28:55,912 - BlankSpaceAnalyzer - INFO - -> Analyzing version 5.0.4 (31/64)...
2025-11-11 20:28:55,946 - BlankSpaceAnalyzer - INFO - -> Analyzing version 5.0.5 (32/64)...
2025-11-11 20:28:55,979 - BlankSpaceAnalyzer - INFO - -> Analyzing version 5.0.6 (33/64)...
2025-11-11 20:28:56,014 - BlankSpaceAnalyzer - INFO - -> Analyzing version 5.1.0 (34/64)...
2025-11-11 20:28:56,048 - BlankSpaceAnalyzer - INFO - -> Analyzing version 5.1.1 (35/64)...
2025-11-11 20:28:56,081 - BlankSpaceAnalyzer - INFO - -> Analyzing version 5.1.5 (36/64)...
2025-11-11 20:28:56,115 - BlankSpaceAnalyzer - INFO - -> Analyzing version 5.1.6 (37/64)...
2025-11-11 20:28:56,150 - BlankSpaceAnalyzer - INFO - -> Analyzing version 6.0.1 (38/64)...
2025-11-11 20:28:56,150 - BlankSpaceAnalyzer - INFO - -> Analyzing version 6.1.0 (39/64)...
2025-11-11 20:28:56,150 - BlankSpaceAnalyzer - INFO - -> Analyzing version 6.1.1 (40/64)...
2025-11-11 20:28:56,150 - BlankSpaceAnalyzer - INFO - -> Analyzing version 6.1.2 (41/64)...
2025-11-11 20:28:56,151 - BlankSpaceAnalyzer - INFO - -> Analyzing version 6.1.3 (42/64)...
2025-11-11 20:28:56,151 - BlankSpaceAnalyzer - INFO - -> Analyzing version 6.2.0 (43/64)...
2025-11-11 20:28:56,186 - BlankSpaceAnalyzer - INFO - -> Analyzing version 6.2.0-alpha.0 (44/64)...
2025-11-11 20:28:56,219 - BlankSpaceAnalyzer - INFO - -> Analyzing version 6.2.0-alpha.1 (45/64)...
2025-11-11 20:28:56,252 - BlankSpaceAnalyzer - INFO - -> Analyzing version 6.2.0-alpha.2 (46/64)...
2025-11-11 20:28:56,287 - BlankSpaceAnalyzer - INFO - -> Analyzing version 6.2.0-alpha.3 (47/64)...
2025-11-11 20:28:56,321 - BlankSpaceAnalyzer - INFO - -> Analyzing version 6.3.0 (48/64)...
2025-11-11 20:28:56,355 - BlankSpaceAnalyzer - INFO - -> Analyzing version 6.4.0 (49/64)...
2025-11-11 20:28:56,389 - BlankSpaceAnalyzer - INFO - -> Analyzing version 6.5.0 (50/64)...
2025-11-11 20:28:56,423 - BlankSpaceAnalyzer - INFO - -> Analyzing version 7.0.0 (51/64)...
2025-11-11 20:28:56,423 - BlankSpaceAnalyzer - INFO - -> Analyzing version 7.0.0-alpha.0 (52/64)...
2025-11-11 20:28:56,458 - BlankSpaceAnalyzer - INFO - -> Analyzing version 7.0.0-alpha.1 (53/64)...
2025-11-11 20:28:56,492 - BlankSpaceAnalyzer - INFO - -> Analyzing version 7.0.0-alpha.110 (54/64)...
2025-11-11 20:28:56,492 - BlankSpaceAnalyzer - INFO - -> Analyzing version 7.0.0-alpha.111 (55/64)...
2025-11-11 20:28:56,492 - BlankSpaceAnalyzer - INFO - -> Analyzing version 7.0.0-alpha.113 (56/64)...
2025-11-11 20:28:56,493 - BlankSpaceAnalyzer - INFO - -> Analyzing version 7.0.0-alpha.114 (57/64)...
2025-11-11 20:28:56,493 - BlankSpaceAnalyzer - INFO - -> Analyzing version 7.0.0-alpha.115 (58/64)...
2025-11-11 20:28:56,493 - BlankSpaceAnalyzer - INFO - -> Analyzing version 7.0.0-alpha.116 (59/64)...
2025-11-11 20:28:56,494 - BlankSpaceAnalyzer - INFO - -> Analyzing version 7.0.0-alpha.2 (60/64)...
2025-11-11 20:28:56,529 - BlankSpaceAnalyzer - INFO - -> Analyzing version 7.1.0 (61/64)...
2025-11-11 20:28:56,529 - BlankSpaceAnalyzer - INFO - -> Analyzing version 7.1.0-alpha.7 (62/64)...
2025-11-11 20:28:56,530 - BlankSpaceAnalyzer - INFO - -> Analyzing version 7.1.0-alpha.70 (63/64)...
2025-11-11 20:28:56,530 - BlankSpaceAnalyzer - INFO - -> Analyzing version 7.2.0 (64/64)...
2025-11-11 20:28:56,530 - BlankSpaceAnalyzer - INFO - Exporting results for '@turf/intersect' to CSV...
2025-11-11 20:28:56,589 - BlankSpaceAnalyzer - INFO - Reports saved in: /app/npm_results/@turf_intersect
2025-11-11 20:28:56,589 - NPM_Analyzer - INFO - Cleaning temporary folder 'temp/@turf_intersect'...
2025-11-11 20:28:56,600 - NPM_Analyzer - INFO - Cleanup completed.
2025-11-12 07:13:55,440 - NPM_Analyzer - INFO - Fetching metadata for '@turf/intersect'...
2025-11-12 07:13:56,668 - NPM_Analyzer - INFO - Found 64 versions. Starting download into 'temp/@turf_intersect'...
2025-11-12 07:14:50,947 - BlankSpaceAnalyzer - INFO - Analyzing 64 versions for '*.js' in '@turf_intersect'.
2025-11-12 07:14:50,948 - BlankSpaceAnalyzer - INFO - -> Analyzing version 3.0.15 (1/64)...
2025-11-12 07:14:51,011 - BlankSpaceAnalyzer - INFO - -> Analyzing version 3.0.16 (2/64)...
2025-11-12 07:14:51,041 - BlankSpaceAnalyzer - INFO - -> Analyzing version 3.0.18 (3/64)...
2025-11-12 07:14:51,074 - BlankSpaceAnalyzer - INFO - -> Analyzing version 3.10.0 (4/64)...
2025-11-12 07:14:51,105 - BlankSpaceAnalyzer - INFO - -> Analyzing version 3.13.0 (5/64)...
2025-11-12 07:14:51,105 - BlankSpaceAnalyzer - INFO - -> Analyzing version 3.14.0 (6/64)...
2025-11-12 07:14:51,106 - BlankSpaceAnalyzer - INFO - -> Analyzing version 3.3.3 (7/64)...
2025-11-12 07:14:51,139 - BlankSpaceAnalyzer - INFO - -> Analyzing version 3.5.2 (8/64)...
2025-11-12 07:14:51,173 - BlankSpaceAnalyzer - INFO - -> Analyzing version 3.5.2-alpha.d2c36ee7 (9/64)...
2025-11-12 07:14:51,206 - BlankSpaceAnalyzer - INFO - -> Analyzing version 3.5.3 (10/64)...
2025-11-12 07:14:51,240 - BlankSpaceAnalyzer - INFO - -> Analyzing version 3.6.2 (11/64)...
2025-11-12 07:14:51,273 - BlankSpaceAnalyzer - INFO - -> Analyzing version 3.6.3 (12/64)...
2025-11-12 07:14:51,306 - BlankSpaceAnalyzer - INFO - -> Analyzing version 3.7.0 (13/64)...
2025-11-12 07:14:51,340 - BlankSpaceAnalyzer - INFO - -> Analyzing version 3.7.1 (14/64)...
2025-11-12 07:14:51,376 - BlankSpaceAnalyzer - INFO - -> Analyzing version 3.7.2 (15/64)...
2025-11-12 07:14:51,410 - BlankSpaceAnalyzer - INFO - -> Analyzing version 3.7.3 (16/64)...
2025-11-12 07:14:51,443 - BlankSpaceAnalyzer - INFO - -> Analyzing version 3.7.5 (17/64)...
2025-11-12 07:14:51,476 - BlankSpaceAnalyzer - INFO - -> Analyzing version 4.0.2 (18/64)...
2025-11-12 07:14:51,476 - BlankSpaceAnalyzer - INFO - -> Analyzing version 4.1.0 (19/64)...
2025-11-12 07:14:51,476 - BlankSpaceAnalyzer - INFO - -> Analyzing version 4.2.0 (20/64)...
2025-11-12 07:14:51,477 - BlankSpaceAnalyzer - INFO - -> Analyzing version 4.3.0 (21/64)...
2025-11-12 07:14:51,477 - BlankSpaceAnalyzer - INFO - -> Analyzing version 4.4.0 (22/64)...
2025-11-12 07:14:51,477 - BlankSpaceAnalyzer - INFO - -> Analyzing version 4.5.1 (23/64)...
2025-11-12 07:14:51,477 - BlankSpaceAnalyzer - INFO - -> Analyzing version 4.5.2 (24/64)...
2025-11-12 07:14:51,477 - BlankSpaceAnalyzer - INFO - -> Analyzing version 4.6.0 (25/64)...
2025-11-12 07:14:51,478 - BlankSpaceAnalyzer - INFO - -> Analyzing version 4.7.0 (26/64)...
2025-11-12 07:14:51,478 - BlankSpaceAnalyzer - INFO - -> Analyzing version 4.7.1 (27/64)...
2025-11-12 07:14:51,478 - BlankSpaceAnalyzer - INFO - -> Analyzing version 4.7.3 (28/64)...
2025-11-12 07:14:51,478 - BlankSpaceAnalyzer - INFO - -> Analyzing version 4.7.4 (29/64)...
2025-11-12 07:14:51,478 - BlankSpaceAnalyzer - INFO - -> Analyzing version 5.0.0 (30/64)...
2025-11-12 07:14:51,512 - BlankSpaceAnalyzer - INFO - -> Analyzing version 5.0.4 (31/64)...
2025-11-12 07:14:51,547 - BlankSpaceAnalyzer - INFO - -> Analyzing version 5.0.5 (32/64)...
2025-11-12 07:14:51,587 - BlankSpaceAnalyzer - INFO - -> Analyzing version 5.0.6 (33/64)...
2025-11-12 07:14:51,626 - BlankSpaceAnalyzer - INFO - -> Analyzing version 5.1.0 (34/64)...
2025-11-12 07:14:51,660 - BlankSpaceAnalyzer - INFO - -> Analyzing version 5.1.1 (35/64)...
2025-11-12 07:14:51,694 - BlankSpaceAnalyzer - INFO - -> Analyzing version 5.1.5 (36/64)...
2025-11-12 07:14:51,727 - BlankSpaceAnalyzer - INFO - -> Analyzing version 5.1.6 (37/64)...
2025-11-12 07:14:51,760 - BlankSpaceAnalyzer - INFO - -> Analyzing version 6.0.1 (38/64)...
2025-11-12 07:14:51,761 - BlankSpaceAnalyzer - INFO - -> Analyzing version 6.1.0 (39/64)...
2025-11-12 07:14:51,761 - BlankSpaceAnalyzer - INFO - -> Analyzing version 6.1.1 (40/64)...
2025-11-12 07:14:51,762 - BlankSpaceAnalyzer - INFO - -> Analyzing version 6.1.2 (41/64)...
2025-11-12 07:14:51,762 - BlankSpaceAnalyzer - INFO - -> Analyzing version 6.1.3 (42/64)...
2025-11-12 07:14:51,762 - BlankSpaceAnalyzer - INFO - -> Analyzing version 6.2.0 (43/64)...
2025-11-12 07:14:51,796 - BlankSpaceAnalyzer - INFO - -> Analyzing version 6.2.0-alpha.0 (44/64)...
2025-11-12 07:14:51,834 - BlankSpaceAnalyzer - INFO - -> Analyzing version 6.2.0-alpha.1 (45/64)...
2025-11-12 07:14:51,869 - BlankSpaceAnalyzer - INFO - -> Analyzing version 6.2.0-alpha.2 (46/64)...
2025-11-12 07:14:51,902 - BlankSpaceAnalyzer - INFO - -> Analyzing version 6.2.0-alpha.3 (47/64)...
2025-11-12 07:14:51,937 - BlankSpaceAnalyzer - INFO - -> Analyzing version 6.3.0 (48/64)...
2025-11-12 07:14:51,971 - BlankSpaceAnalyzer - INFO - -> Analyzing version 6.4.0 (49/64)...
2025-11-12 07:14:52,006 - BlankSpaceAnalyzer - INFO - -> Analyzing version 6.5.0 (50/64)...
2025-11-12 07:14:52,041 - BlankSpaceAnalyzer - INFO - -> Analyzing version 7.0.0 (51/64)...
2025-11-12 07:14:52,042 - BlankSpaceAnalyzer - INFO - -> Analyzing version 7.0.0-alpha.0 (52/64)...
2025-11-12 07:14:52,075 - BlankSpaceAnalyzer - INFO - -> Analyzing version 7.0.0-alpha.1 (53/64)...
2025-11-12 07:14:52,109 - BlankSpaceAnalyzer - INFO - -> Analyzing version 7.0.0-alpha.110 (54/64)...
2025-11-12 07:14:52,109 - BlankSpaceAnalyzer - INFO - -> Analyzing version 7.0.0-alpha.111 (55/64)...
2025-11-12 07:14:52,109 - BlankSpaceAnalyzer - INFO - -> Analyzing version 7.0.0-alpha.113 (56/64)...
2025-11-12 07:14:52,110 - BlankSpaceAnalyzer - INFO - -> Analyzing version 7.0.0-alpha.114 (57/64)...
2025-11-12 07:14:52,110 - BlankSpaceAnalyzer - INFO - -> Analyzing version 7.0.0-alpha.115 (58/64)...
2025-11-12 07:14:52,110 - BlankSpaceAnalyzer - INFO - -> Analyzing version 7.0.0-alpha.116 (59/64)...
2025-11-12 07:14:52,110 - BlankSpaceAnalyzer - INFO - -> Analyzing version 7.0.0-alpha.2 (60/64)...
2025-11-12 07:14:52,144 - BlankSpaceAnalyzer - INFO - -> Analyzing version 7.1.0 (61/64)...
2025-11-12 07:14:52,145 - BlankSpaceAnalyzer - INFO - -> Analyzing version 7.1.0-alpha.7 (62/64)...
2025-11-12 07:14:52,145 - BlankSpaceAnalyzer - INFO - -> Analyzing version 7.1.0-alpha.70 (63/64)...
2025-11-12 07:14:52,145 - BlankSpaceAnalyzer - INFO - -> Analyzing version 7.2.0 (64/64)...
2025-11-12 07:14:52,146 - BlankSpaceAnalyzer - INFO - Exporting results for '@turf/intersect' to CSV...
2025-11-12 07:14:52,203 - BlankSpaceAnalyzer - INFO - Reports saved in: /app/npm_results/@turf_intersect
2025-11-12 07:14:52,204 - NPM_Analyzer - INFO - Cleaning temporary folder 'temp/@turf_intersect'...
2025-11-12 07:14:52,215 - NPM_Analyzer - INFO - Cleanup completed.
2025-11-12 17:46:10,463 - NPM_Analyzer - INFO - Fetching metadata for '@turf/intersect'...
2025-11-12 17:46:10,576 - NPM_Analyzer - INFO - Found 64 versions. Starting download into 'temp/@turf_intersect'...
2025-11-12 17:47:06,778 - BlankSpaceAnalyzer - INFO - Analyzing 64 versions for '*.js' in '@turf_intersect'.
2025-11-12 17:47:06,778 - BlankSpaceAnalyzer - INFO - -> Analyzing version 3.0.15 (1/64)...
2025-11-12 17:47:06,839 - BlankSpaceAnalyzer - INFO - -> Analyzing version 3.0.16 (2/64)...
2025-11-12 17:47:06,870 - BlankSpaceAnalyzer - INFO - -> Analyzing version 3.0.18 (3/64)...
2025-11-12 17:47:06,900 - BlankSpaceAnalyzer - INFO - -> Analyzing version 3.10.0 (4/64)...
2025-11-12 17:47:06,932 - BlankSpaceAnalyzer - INFO - -> Analyzing version 3.13.0 (5/64)...
2025-11-12 17:47:06,932 - BlankSpaceAnalyzer - INFO - -> Analyzing version 3.14.0 (6/64)...
2025-11-12 17:47:06,932 - BlankSpaceAnalyzer - INFO - -> Analyzing version 3.3.3 (7/64)...
2025-11-12 17:47:06,974 - BlankSpaceAnalyzer - INFO - -> Analyzing version 3.5.2 (8/64)...
2025-11-12 17:47:07,009 - BlankSpaceAnalyzer - INFO - -> Analyzing version 3.5.2-alpha.d2c36ee7 (9/64)...
2025-11-12 17:47:07,043 - BlankSpaceAnalyzer - INFO - -> Analyzing version 3.5.3 (10/64)...
2025-11-12 17:47:07,077 - BlankSpaceAnalyzer - INFO - -> Analyzing version 3.6.2 (11/64)...
2025-11-12 17:47:07,111 - BlankSpaceAnalyzer - INFO - -> Analyzing version 3.6.3 (12/64)...
2025-11-12 17:47:07,146 - BlankSpaceAnalyzer - INFO - -> Analyzing version 3.7.0 (13/64)...
2025-11-12 17:47:07,179 - BlankSpaceAnalyzer - INFO - -> Analyzing version 3.7.1 (14/64)...
2025-11-12 17:47:07,212 - BlankSpaceAnalyzer - INFO - -> Analyzing version 3.7.2 (15/64)...
2025-11-12 17:47:07,247 - BlankSpaceAnalyzer - INFO - -> Analyzing version 3.7.3 (16/64)...
2025-11-12 17:47:07,281 - BlankSpaceAnalyzer - INFO - -> Analyzing version 3.7.5 (17/64)...
2025-11-12 17:47:07,314 - BlankSpaceAnalyzer - INFO - -> Analyzing version 4.0.2 (18/64)...
2025-11-12 17:47:07,314 - BlankSpaceAnalyzer - INFO - -> Analyzing version 4.1.0 (19/64)...
2025-11-12 17:47:07,315 - BlankSpaceAnalyzer - INFO - -> Analyzing version 4.2.0 (20/64)...
2025-11-12 17:47:07,315 - BlankSpaceAnalyzer - INFO - -> Analyzing version 4.3.0 (21/64)...
2025-11-12 17:47:07,315 - BlankSpaceAnalyzer - INFO - -> Analyzing version 4.4.0 (22/64)...
2025-11-12 17:47:07,315 - BlankSpaceAnalyzer - INFO - -> Analyzing version 4.5.1 (23/64)...
2025-11-12 17:47:07,316 - BlankSpaceAnalyzer - INFO - -> Analyzing version 4.5.2 (24/64)...
2025-11-12 17:47:07,316 - BlankSpaceAnalyzer - INFO - -> Analyzing version 4.6.0 (25/64)...
2025-11-12 17:47:07,316 - BlankSpaceAnalyzer - INFO - -> Analyzing version 4.7.0 (26/64)...
2025-11-12 17:47:07,316 - BlankSpaceAnalyzer - INFO - -> Analyzing version 4.7.1 (27/64)...
2025-11-12 17:47:07,316 - BlankSpaceAnalyzer - INFO - -> Analyzing version 4.7.3 (28/64)...
2025-11-12 17:47:07,317 - BlankSpaceAnalyzer - INFO - -> Analyzing version 4.7.4 (29/64)...
2025-11-12 17:47:07,317 - BlankSpaceAnalyzer - INFO - -> Analyzing version 5.0.0 (30/64)...
2025-11-12 17:47:07,351 - BlankSpaceAnalyzer - INFO - -> Analyzing version 5.0.4 (31/64)...
2025-11-12 17:47:07,385 - BlankSpaceAnalyzer - INFO - -> Analyzing version 5.0.5 (32/64)...
2025-11-12 17:47:07,420 - BlankSpaceAnalyzer - INFO - -> Analyzing version 5.0.6 (33/64)...
2025-11-12 17:47:07,454 - BlankSpaceAnalyzer - INFO - -> Analyzing version 5.1.0 (34/64)...
2025-11-12 17:47:07,487 - BlankSpaceAnalyzer - INFO - -> Analyzing version 5.1.1 (35/64)...
2025-11-12 17:47:07,521 - BlankSpaceAnalyzer - INFO - -> Analyzing version 5.1.5 (36/64)...
2025-11-12 17:47:07,556 - BlankSpaceAnalyzer - INFO - -> Analyzing version 5.1.6 (37/64)...
2025-11-12 17:47:07,590 - BlankSpaceAnalyzer - INFO - -> Analyzing version 6.0.1 (38/64)...
2025-11-12 17:47:07,590 - BlankSpaceAnalyzer - INFO - -> Analyzing version 6.1.0 (39/64)...
2025-11-12 17:47:07,591 - BlankSpaceAnalyzer - INFO - -> Analyzing version 6.1.1 (40/64)...
2025-11-12 17:47:07,591 - BlankSpaceAnalyzer - INFO - -> Analyzing version 6.1.2 (41/64)...
2025-11-12 17:47:07,591 - BlankSpaceAnalyzer - INFO - -> Analyzing version 6.1.3 (42/64)...
2025-11-12 17:47:07,591 - BlankSpaceAnalyzer - INFO - -> Analyzing version 6.2.0 (43/64)...
2025-11-12 17:47:07,625 - BlankSpaceAnalyzer - INFO - -> Analyzing version 6.2.0-alpha.0 (44/64)...
2025-11-12 17:47:07,659 - BlankSpaceAnalyzer - INFO - -> Analyzing version 6.2.0-alpha.1 (45/64)...
2025-11-12 17:47:07,693 - BlankSpaceAnalyzer - INFO - -> Analyzing version 6.2.0-alpha.2 (46/64)...
2025-11-12 17:47:07,727 - BlankSpaceAnalyzer - INFO - -> Analyzing version 6.2.0-alpha.3 (47/64)...
2025-11-12 17:47:07,761 - BlankSpaceAnalyzer - INFO - -> Analyzing version 6.3.0 (48/64)...
2025-11-12 17:47:07,796 - BlankSpaceAnalyzer - INFO - -> Analyzing version 6.4.0 (49/64)...
2025-11-12 17:47:07,830 - BlankSpaceAnalyzer - INFO - -> Analyzing version 6.5.0 (50/64)...
2025-11-12 17:47:07,865 - BlankSpaceAnalyzer - INFO - -> Analyzing version 7.0.0 (51/64)...
2025-11-12 17:47:07,865 - BlankSpaceAnalyzer - INFO - -> Analyzing version 7.0.0-alpha.0 (52/64)...
2025-11-12 17:47:07,901 - BlankSpaceAnalyzer - INFO - -> Analyzing version 7.0.0-alpha.1 (53/64)...
2025-11-12 17:47:07,935 - BlankSpaceAnalyzer - INFO - -> Analyzing version 7.0.0-alpha.110 (54/64)...
2025-11-12 17:47:07,935 - BlankSpaceAnalyzer - INFO - -> Analyzing version 7.0.0-alpha.111 (55/64)...
2025-11-12 17:47:07,936 - BlankSpaceAnalyzer - INFO - -> Analyzing version 7.0.0-alpha.113 (56/64)...
2025-11-12 17:47:07,936 - BlankSpaceAnalyzer - INFO - -> Analyzing version 7.0.0-alpha.114 (57/64)...
2025-11-12 17:47:07,936 - BlankSpaceAnalyzer - INFO - -> Analyzing version 7.0.0-alpha.115 (58/64)...
2025-11-12 17:47:07,937 - BlankSpaceAnalyzer - INFO - -> Analyzing version 7.0.0-alpha.116 (59/64)...
2025-11-12 17:47:07,937 - BlankSpaceAnalyzer - INFO - -> Analyzing version 7.0.0-alpha.2 (60/64)...
2025-11-12 17:47:07,972 - BlankSpaceAnalyzer - INFO - -> Analyzing version 7.1.0 (61/64)...
2025-11-12 17:47:07,972 - BlankSpaceAnalyzer - INFO - -> Analyzing version 7.1.0-alpha.7 (62/64)...
2025-11-12 17:47:07,973 - BlankSpaceAnalyzer - INFO - -> Analyzing version 7.1.0-alpha.70 (63/64)...
2025-11-12 17:47:07,973 - BlankSpaceAnalyzer - INFO - -> Analyzing version 7.2.0 (64/64)...
2025-11-12 17:47:07,973 - BlankSpaceAnalyzer - INFO - Exporting results for '@turf/intersect' to CSV...
2025-11-12 17:47:08,032 - BlankSpaceAnalyzer - INFO - Reports saved in: /app/npm_results/@turf_intersect
2025-11-12 17:47:08,032 - NPM_Analyzer - INFO - Cleaning temporary folder 'temp/@turf_intersect'...
2025-11-12 17:47:08,043 - NPM_Analyzer - INFO - Cleanup completed.
2025-11-13 04:27:54,155 - NPM_Analyzer - INFO - Fetching metadata for '@turf/intersect'...
2025-11-13 04:27:54,394 - NPM_Analyzer - INFO - Found 64 versions. Starting download into 'temp/@turf_intersect'...
2025-11-13 04:28:49,127 - BlankSpaceAnalyzer - INFO - Analyzing 64 versions for '*.js' in '@turf_intersect'.
2025-11-13 04:28:49,127 - BlankSpaceAnalyzer - INFO - -> Analyzing version 3.0.15 (1/64)...
2025-11-13 04:28:49,160 - BlankSpaceAnalyzer - INFO - -> Analyzing version 3.0.16 (2/64)...
2025-11-13 04:28:49,193 - BlankSpaceAnalyzer - INFO - -> Analyzing version 3.0.18 (3/64)...
2025-11-13 04:28:49,227 - BlankSpaceAnalyzer - INFO - -> Analyzing version 3.10.0 (4/64)...
2025-11-13 04:28:49,263 - BlankSpaceAnalyzer - INFO - -> Analyzing version 3.13.0 (5/64)...
2025-11-13 04:28:49,263 - BlankSpaceAnalyzer - INFO - -> Analyzing version 3.14.0 (6/64)...
2025-11-13 04:28:49,263 - BlankSpaceAnalyzer - INFO - -> Analyzing version 3.3.3 (7/64)...
2025-11-13 04:28:49,301 - BlankSpaceAnalyzer - INFO - -> Analyzing version 3.5.2 (8/64)...
2025-11-13 04:28:49,339 - BlankSpaceAnalyzer - INFO - -> Analyzing version 3.5.2-alpha.d2c36ee7 (9/64)...
2025-11-13 04:28:49,377 - BlankSpaceAnalyzer - INFO - -> Analyzing version 3.5.3 (10/64)...
2025-11-13 04:28:49,414 - BlankSpaceAnalyzer - INFO - -> Analyzing version 3.6.2 (11/64)...
2025-11-13 04:28:49,451 - BlankSpaceAnalyzer - INFO - -> Analyzing version 3.6.3 (12/64)...
2025-11-13 04:28:49,488 - BlankSpaceAnalyzer - INFO - -> Analyzing version 3.7.0 (13/64)...
2025-11-13 04:28:49,526 - BlankSpaceAnalyzer - INFO - -> Analyzing version 3.7.1 (14/64)...
2025-11-13 04:28:49,564 - BlankSpaceAnalyzer - INFO - -> Analyzing version 3.7.2 (15/64)...
2025-11-13 04:28:49,603 - BlankSpaceAnalyzer - INFO - -> Analyzing version 3.7.3 (16/64)...
2025-11-13 04:28:49,642 - BlankSpaceAnalyzer - INFO - -> Analyzing version 3.7.5 (17/64)...
2025-11-13 04:28:49,683 - BlankSpaceAnalyzer - INFO - -> Analyzing version 4.0.2 (18/64)...
2025-11-13 04:28:49,683 - BlankSpaceAnalyzer - INFO - -> Analyzing version 4.1.0 (19/64)...
2025-11-13 04:28:49,683 - BlankSpaceAnalyzer - INFO - -> Analyzing version 4.2.0 (20/64)...
2025-11-13 04:28:49,683 - BlankSpaceAnalyzer - INFO - -> Analyzing version 4.3.0 (21/64)...
2025-11-13 04:28:49,684 - BlankSpaceAnalyzer - INFO - -> Analyzing version 4.4.0 (22/64)...
2025-11-13 04:28:49,684 - BlankSpaceAnalyzer - INFO - -> Analyzing version 4.5.1 (23/64)...
2025-11-13 04:28:49,684 - BlankSpaceAnalyzer - INFO - -> Analyzing version 4.5.2 (24/64)...
2025-11-13 04:28:49,684 - BlankSpaceAnalyzer - INFO - -> Analyzing version 4.6.0 (25/64)...
2025-11-13 04:28:49,684 - BlankSpaceAnalyzer - INFO - -> Analyzing version 4.7.0 (26/64)...
2025-11-13 04:28:49,685 - BlankSpaceAnalyzer - INFO - -> Analyzing version 4.7.1 (27/64)...
2025-11-13 04:28:49,685 - BlankSpaceAnalyzer - INFO - -> Analyzing version 4.7.3 (28/64)...
2025-11-13 04:28:49,685 - BlankSpaceAnalyzer - INFO - -> Analyzing version 4.7.4 (29/64)...
2025-11-13 04:28:49,685 - BlankSpaceAnalyzer - INFO - -> Analyzing version 5.0.0 (30/64)...
2025-11-13 04:28:49,723 - BlankSpaceAnalyzer - INFO - -> Analyzing version 5.0.4 (31/64)...
2025-11-13 04:28:49,762 - BlankSpaceAnalyzer - INFO - -> Analyzing version 5.0.5 (32/64)...
2025-11-13 04:28:49,801 - BlankSpaceAnalyzer - INFO - -> Analyzing version 5.0.6 (33/64)...
2025-11-13 04:28:49,840 - BlankSpaceAnalyzer - INFO - -> Analyzing version 5.1.0 (34/64)...
2025-11-13 04:28:49,879 - BlankSpaceAnalyzer - INFO - -> Analyzing version 5.1.1 (35/64)...
2025-11-13 04:28:49,917 - BlankSpaceAnalyzer - INFO - -> Analyzing version 5.1.5 (36/64)...
2025-11-13 04:28:49,958 - BlankSpaceAnalyzer - INFO - -> Analyzing version 5.1.6 (37/64)...
2025-11-13 04:28:49,997 - BlankSpaceAnalyzer - INFO - -> Analyzing version 6.0.1 (38/64)...
2025-11-13 04:28:49,997 - BlankSpaceAnalyzer - INFO - -> Analyzing version 6.1.0 (39/64)...
2025-11-13 04:28:49,997 - BlankSpaceAnalyzer - INFO - -> Analyzing version 6.1.1 (40/64)...
2025-11-13 04:28:49,997 - BlankSpaceAnalyzer - INFO - -> Analyzing version 6.1.2 (41/64)...
2025-11-13 04:28:49,998 - BlankSpaceAnalyzer - INFO - -> Analyzing version 6.1.3 (42/64)...
2025-11-13 04:28:49,998 - BlankSpaceAnalyzer - INFO - -> Analyzing version 6.2.0 (43/64)...
2025-11-13 04:28:50,038 - BlankSpaceAnalyzer - INFO - -> Analyzing version 6.2.0-alpha.0 (44/64)...
2025-11-13 04:28:50,073 - BlankSpaceAnalyzer - INFO - -> Analyzing version 6.2.0-alpha.1 (45/64)...
2025-11-13 04:28:50,111 - BlankSpaceAnalyzer - INFO - -> Analyzing version 6.2.0-alpha.2 (46/64)...
2025-11-13 04:28:50,150 - BlankSpaceAnalyzer - INFO - -> Analyzing version 6.2.0-alpha.3 (47/64)...
2025-11-13 04:28:50,186 - BlankSpaceAnalyzer - INFO - -> Analyzing version 6.3.0 (48/64)...
2025-11-13 04:28:50,220 - BlankSpaceAnalyzer - INFO - -> Analyzing version 6.4.0 (49/64)...
2025-11-13 04:28:50,254 - BlankSpaceAnalyzer - INFO - -> Analyzing version 6.5.0 (50/64)...
2025-11-13 04:28:50,291 - BlankSpaceAnalyzer - INFO - -> Analyzing version 7.0.0 (51/64)...
2025-11-13 04:28:50,292 - BlankSpaceAnalyzer - INFO - -> Analyzing version 7.0.0-alpha.0 (52/64)...
2025-11-13 04:28:50,329 - BlankSpaceAnalyzer - INFO - -> Analyzing version 7.0.0-alpha.1 (53/64)...
2025-11-13 04:28:50,366 - BlankSpaceAnalyzer - INFO - -> Analyzing version 7.0.0-alpha.110 (54/64)...
2025-11-13 04:28:50,367 - BlankSpaceAnalyzer - INFO - -> Analyzing version 7.0.0-alpha.111 (55/64)...
2025-11-13 04:28:50,367 - BlankSpaceAnalyzer - INFO - -> Analyzing version 7.0.0-alpha.113 (56/64)...
2025-11-13 04:28:50,367 - BlankSpaceAnalyzer - INFO - -> Analyzing version 7.0.0-alpha.114 (57/64)...
2025-11-13 04:28:50,368 - BlankSpaceAnalyzer - INFO - -> Analyzing version 7.0.0-alpha.115 (58/64)...
2025-11-13 04:28:50,368 - BlankSpaceAnalyzer - INFO - -> Analyzing version 7.0.0-alpha.116 (59/64)...
2025-11-13 04:28:50,368 - BlankSpaceAnalyzer - INFO - -> Analyzing version 7.0.0-alpha.2 (60/64)...
2025-11-13 04:28:50,405 - BlankSpaceAnalyzer - INFO - -> Analyzing version 7.1.0 (61/64)...
2025-11-13 04:28:50,406 - BlankSpaceAnalyzer - INFO - -> Analyzing version 7.1.0-alpha.7 (62/64)...
2025-11-13 04:28:50,406 - BlankSpaceAnalyzer - INFO - -> Analyzing version 7.1.0-alpha.70 (63/64)...
2025-11-13 04:28:50,406 - BlankSpaceAnalyzer - INFO - -> Analyzing version 7.2.0 (64/64)...
2025-11-13 04:28:50,407 - BlankSpaceAnalyzer - INFO - Exporting results for '@turf/intersect' to CSV...
2025-11-13 04:28:50,463 - BlankSpaceAnalyzer - INFO - Reports saved in: /app/npm_results/@turf_intersect
2025-11-13 04:28:50,464 - NPM_Analyzer - INFO - Cleaning temporary folder 'temp/@turf_intersect'...
2025-11-13 04:28:50,475 - NPM_Analyzer - INFO - Cleanup completed.
2025-11-13 14:51:45,762 - NPM_Analyzer - INFO - Fetching metadata for '@turf/intersect'...
2025-11-13 14:51:47,196 - NPM_Analyzer - INFO - Found 64 versions. Starting download into 'temp/@turf_intersect'...
2025-11-13 14:52:42,795 - BlankSpaceAnalyzer - INFO - Analyzing 64 versions for '*.js' in '@turf_intersect'.
2025-11-13 14:52:42,795 - BlankSpaceAnalyzer - INFO - -> Analyzing version 3.0.15 (1/64)...
2025-11-13 14:52:42,831 - BlankSpaceAnalyzer - INFO - -> Analyzing version 3.0.16 (2/64)...
2025-11-13 14:52:42,860 - BlankSpaceAnalyzer - INFO - -> Analyzing version 3.0.18 (3/64)...
2025-11-13 14:52:42,891 - BlankSpaceAnalyzer - INFO - -> Analyzing version 3.10.0 (4/64)...
2025-11-13 14:52:42,920 - BlankSpaceAnalyzer - INFO - -> Analyzing version 3.13.0 (5/64)...
2025-11-13 14:52:42,921 - BlankSpaceAnalyzer - INFO - -> Analyzing version 3.14.0 (6/64)...
2025-11-13 14:52:42,921 - BlankSpaceAnalyzer - INFO - -> Analyzing version 3.3.3 (7/64)...
2025-11-13 14:52:42,952 - BlankSpaceAnalyzer - INFO - -> Analyzing version 3.5.2 (8/64)...
2025-11-13 14:52:42,987 - BlankSpaceAnalyzer - INFO - -> Analyzing version 3.5.2-alpha.d2c36ee7 (9/64)...
2025-11-13 14:52:43,021 - BlankSpaceAnalyzer - INFO - -> Analyzing version 3.5.3 (10/64)...
2025-11-13 14:52:43,054 - BlankSpaceAnalyzer - INFO - -> Analyzing version 3.6.2 (11/64)...
2025-11-13 14:52:43,088 - BlankSpaceAnalyzer - INFO - -> Analyzing version 3.6.3 (12/64)...
2025-11-13 14:52:43,121 - BlankSpaceAnalyzer - INFO - -> Analyzing version 3.7.0 (13/64)...
2025-11-13 14:52:43,154 - BlankSpaceAnalyzer - INFO - -> Analyzing version 3.7.1 (14/64)...
2025-11-13 14:52:43,188 - BlankSpaceAnalyzer - INFO - -> Analyzing version 3.7.2 (15/64)...
2025-11-13 14:52:43,222 - BlankSpaceAnalyzer - INFO - -> Analyzing version 3.7.3 (16/64)...
2025-11-13 14:52:43,255 - BlankSpaceAnalyzer - INFO - -> Analyzing version 3.7.5 (17/64)...
2025-11-13 14:52:43,289 - BlankSpaceAnalyzer - INFO - -> Analyzing version 4.0.2 (18/64)...
2025-11-13 14:52:43,289 - BlankSpaceAnalyzer - INFO - -> Analyzing version 4.1.0 (19/64)...
2025-11-13 14:52:43,290 - BlankSpaceAnalyzer - INFO - -> Analyzing version 4.2.0 (20/64)...
2025-11-13 14:52:43,290 - BlankSpaceAnalyzer - INFO - -> Analyzing version 4.3.0 (21/64)...
2025-11-13 14:52:43,290 - BlankSpaceAnalyzer - INFO - -> Analyzing version 4.4.0 (22/64)...
2025-11-13 14:52:43,290 - BlankSpaceAnalyzer - INFO - -> Analyzing version 4.5.1 (23/64)...
2025-11-13 14:52:43,290 - BlankSpaceAnalyzer - INFO - -> Analyzing version 4.5.2 (24/64)...
2025-11-13 14:52:43,290 - BlankSpaceAnalyzer - INFO - -> Analyzing version 4.6.0 (25/64)...
2025-11-13 14:52:43,291 - BlankSpaceAnalyzer - INFO - -> Analyzing version 4.7.0 (26/64)...
2025-11-13 14:52:43,291 - BlankSpaceAnalyzer - INFO - -> Analyzing version 4.7.1 (27/64)...
2025-11-13 14:52:43,291 - BlankSpaceAnalyzer - INFO - -> Analyzing version 4.7.3 (28/64)...
2025-11-13 14:52:43,291 - BlankSpaceAnalyzer - INFO - -> Analyzing version 4.7.4 (29/64)...
2025-11-13 14:52:43,291 - BlankSpaceAnalyzer - INFO - -> Analyzing version 5.0.0 (30/64)...
2025-11-13 14:52:43,327 - BlankSpaceAnalyzer - INFO - -> Analyzing version 5.0.4 (31/64)...
2025-11-13 14:52:43,359 - BlankSpaceAnalyzer - INFO - -> Analyzing version 5.0.5 (32/64)...
2025-11-13 14:52:43,393 - BlankSpaceAnalyzer - INFO - -> Analyzing version 5.0.6 (33/64)...
2025-11-13 14:52:43,427 - BlankSpaceAnalyzer - INFO - -> Analyzing version 5.1.0 (34/64)...
2025-11-13 14:52:43,460 - BlankSpaceAnalyzer - INFO - -> Analyzing version 5.1.1 (35/64)...
2025-11-13 14:52:43,493 - BlankSpaceAnalyzer - INFO - -> Analyzing version 5.1.5 (36/64)...
2025-11-13 14:52:43,528 - BlankSpaceAnalyzer - INFO - -> Analyzing version 5.1.6 (37/64)...
2025-11-13 14:52:43,563 - BlankSpaceAnalyzer - INFO - -> Analyzing version 6.0.1 (38/64)...
2025-11-13 14:52:43,563 - BlankSpaceAnalyzer - INFO - -> Analyzing version 6.1.0 (39/64)...
2025-11-13 14:52:43,563 - BlankSpaceAnalyzer - INFO - -> Analyzing version 6.1.1 (40/64)...
2025-11-13 14:52:43,564 - BlankSpaceAnalyzer - INFO - -> Analyzing version 6.1.2 (41/64)...
2025-11-13 14:52:43,564 - BlankSpaceAnalyzer - INFO - -> Analyzing version 6.1.3 (42/64)...
2025-11-13 14:52:43,564 - BlankSpaceAnalyzer - INFO - -> Analyzing version 6.2.0 (43/64)...
2025-11-13 14:52:43,598 - BlankSpaceAnalyzer - INFO - -> Analyzing version 6.2.0-alpha.0 (44/64)...
2025-11-13 14:52:43,631 - BlankSpaceAnalyzer - INFO - -> Analyzing version 6.2.0-alpha.1 (45/64)...
2025-11-13 14:52:43,667 - BlankSpaceAnalyzer - INFO - -> Analyzing version 6.2.0-alpha.2 (46/64)...
2025-11-13 14:52:43,701 - BlankSpaceAnalyzer - INFO - -> Analyzing version 6.2.0-alpha.3 (47/64)...
2025-11-13 14:52:43,736 - BlankSpaceAnalyzer - INFO - -> Analyzing version 6.3.0 (48/64)...
2025-11-13 14:52:43,771 - BlankSpaceAnalyzer - INFO - -> Analyzing version 6.4.0 (49/64)...
2025-11-13 14:52:43,804 - BlankSpaceAnalyzer - INFO - -> Analyzing version 6.5.0 (50/64)...
2025-11-13 14:52:43,838 - BlankSpaceAnalyzer - INFO - -> Analyzing version 7.0.0 (51/64)...
2025-11-13 14:52:43,838 - BlankSpaceAnalyzer - INFO - -> Analyzing version 7.0.0-alpha.0 (52/64)...
2025-11-13 14:52:43,872 - BlankSpaceAnalyzer - INFO - -> Analyzing version 7.0.0-alpha.1 (53/64)...
2025-11-13 14:52:43,908 - BlankSpaceAnalyzer - INFO - -> Analyzing version 7.0.0-alpha.110 (54/64)...
2025-11-13 14:52:43,908 - BlankSpaceAnalyzer - INFO - -> Analyzing version 7.0.0-alpha.111 (55/64)...
2025-11-13 14:52:43,908 - BlankSpaceAnalyzer - INFO - -> Analyzing version 7.0.0-alpha.113 (56/64)...
2025-11-13 14:52:43,908 - BlankSpaceAnalyzer - INFO - -> Analyzing version 7.0.0-alpha.114 (57/64)...
2025-11-13 14:52:43,909 - BlankSpaceAnalyzer - INFO - -> Analyzing version 7.0.0-alpha.115 (58/64)...
2025-11-13 14:52:43,909 - BlankSpaceAnalyzer - INFO - -> Analyzing version 7.0.0-alpha.116 (59/64)...
2025-11-13 14:52:43,909 - BlankSpaceAnalyzer - INFO - -> Analyzing version 7.0.0-alpha.2 (60/64)...
2025-11-13 14:52:43,944 - BlankSpaceAnalyzer - INFO - -> Analyzing version 7.1.0 (61/64)...
2025-11-13 14:52:43,944 - BlankSpaceAnalyzer - INFO - -> Analyzing version 7.1.0-alpha.7 (62/64)...
2025-11-13 14:52:43,945 - BlankSpaceAnalyzer - INFO - -> Analyzing version 7.1.0-alpha.70 (63/64)...
2025-11-13 14:52:43,945 - BlankSpaceAnalyzer - INFO - -> Analyzing version 7.2.0 (64/64)...
2025-11-13 14:52:43,945 - BlankSpaceAnalyzer - INFO - Exporting results for '@turf/intersect' to CSV...
2025-11-13 14:52:44,002 - BlankSpaceAnalyzer - INFO - Reports saved in: /app/npm_results/@turf_intersect
2025-11-13 14:52:44,002 - NPM_Analyzer - INFO - Cleaning temporary folder 'temp/@turf_intersect'...
2025-11-13 14:52:44,013 - NPM_Analyzer - INFO - Cleanup completed.
2025-11-14 01:24:35,222 - NPM_Analyzer - INFO - Fetching metadata for '@turf/intersect'...
2025-11-14 01:24:36,540 - NPM_Analyzer - INFO - Found 64 versions. Starting download into 'temp/@turf_intersect'...
2025-11-14 01:25:33,623 - BlankSpaceAnalyzer - INFO - Analyzing 64 versions for '*.js' in '@turf_intersect'.
2025-11-14 01:25:33,623 - BlankSpaceAnalyzer - INFO - -> Analyzing version 3.0.15 (1/64)...
2025-11-14 01:25:33,687 - BlankSpaceAnalyzer - INFO - -> Analyzing version 3.0.16 (2/64)...
2025-11-14 01:25:33,718 - BlankSpaceAnalyzer - INFO - -> Analyzing version 3.0.18 (3/64)...
2025-11-14 01:25:33,750 - BlankSpaceAnalyzer - INFO - -> Analyzing version 3.10.0 (4/64)...
2025-11-14 01:25:33,784 - BlankSpaceAnalyzer - INFO - -> Analyzing version 3.13.0 (5/64)...
2025-11-14 01:25:33,785 - BlankSpaceAnalyzer - INFO - -> Analyzing version 3.14.0 (6/64)...
2025-11-14 01:25:33,785 - BlankSpaceAnalyzer - INFO - -> Analyzing version 3.3.3 (7/64)...
2025-11-14 01:25:33,819 - BlankSpaceAnalyzer - INFO - -> Analyzing version 3.5.2 (8/64)...
2025-11-14 01:25:33,853 - BlankSpaceAnalyzer - INFO - -> Analyzing version 3.5.2-alpha.d2c36ee7 (9/64)...
2025-11-14 01:25:33,887 - BlankSpaceAnalyzer - INFO - -> Analyzing version 3.5.3 (10/64)...
2025-11-14 01:25:33,921 - BlankSpaceAnalyzer - INFO - -> Analyzing version 3.6.2 (11/64)...
2025-11-14 01:25:33,954 - BlankSpaceAnalyzer - INFO - -> Analyzing version 3.6.3 (12/64)...
2025-11-14 01:25:33,987 - BlankSpaceAnalyzer - INFO - -> Analyzing version 3.7.0 (13/64)...
2025-11-14 01:25:34,022 - BlankSpaceAnalyzer - INFO - -> Analyzing version 3.7.1 (14/64)...
2025-11-14 01:25:34,055 - BlankSpaceAnalyzer - INFO - -> Analyzing version 3.7.2 (15/64)...
2025-11-14 01:25:34,089 - BlankSpaceAnalyzer - INFO - -> Analyzing version 3.7.3 (16/64)...
2025-11-14 01:25:34,123 - BlankSpaceAnalyzer - INFO - -> Analyzing version 3.7.5 (17/64)...
2025-11-14 01:25:34,156 - BlankSpaceAnalyzer - INFO - -> Analyzing version 4.0.2 (18/64)...
2025-11-14 01:25:34,157 - BlankSpaceAnalyzer - INFO - -> Analyzing version 4.1.0 (19/64)...
2025-11-14 01:25:34,157 - BlankSpaceAnalyzer - INFO - -> Analyzing version 4.2.0 (20/64)...
2025-11-14 01:25:34,157 - BlankSpaceAnalyzer - INFO - -> Analyzing version 4.3.0 (21/64)...
2025-11-14 01:25:34,157 - BlankSpaceAnalyzer - INFO - -> Analyzing version 4.4.0 (22/64)...
2025-11-14 01:25:34,157 - BlankSpaceAnalyzer - INFO - -> Analyzing version 4.5.1 (23/64)...
2025-11-14 01:25:34,158 - BlankSpaceAnalyzer - INFO - -> Analyzing version 4.5.2 (24/64)...
2025-11-14 01:25:34,158 - BlankSpaceAnalyzer - INFO - -> Analyzing version 4.6.0 (25/64)...
2025-11-14 01:25:34,158 - BlankSpaceAnalyzer - INFO - -> Analyzing version 4.7.0 (26/64)...
2025-11-14 01:25:34,158 - BlankSpaceAnalyzer - INFO - -> Analyzing version 4.7.1 (27/64)...
2025-11-14 01:25:34,158 - BlankSpaceAnalyzer - INFO - -> Analyzing version 4.7.3 (28/64)...
2025-11-14 01:25:34,159 - BlankSpaceAnalyzer - INFO - -> Analyzing version 4.7.4 (29/64)...
2025-11-14 01:25:34,159 - BlankSpaceAnalyzer - INFO - -> Analyzing version 5.0.0 (30/64)...
2025-11-14 01:25:34,193 - BlankSpaceAnalyzer - INFO - -> Analyzing version 5.0.4 (31/64)...
2025-11-14 01:25:34,226 - BlankSpaceAnalyzer - INFO - -> Analyzing version 5.0.5 (32/64)...
2025-11-14 01:25:34,261 - BlankSpaceAnalyzer - INFO - -> Analyzing version 5.0.6 (33/64)...
2025-11-14 01:25:34,294 - BlankSpaceAnalyzer - INFO - -> Analyzing version 5.1.0 (34/64)...
2025-11-14 01:25:34,329 - BlankSpaceAnalyzer - INFO - -> Analyzing version 5.1.1 (35/64)...
2025-11-14 01:25:34,362 - BlankSpaceAnalyzer - INFO - -> Analyzing version 5.1.5 (36/64)...
2025-11-14 01:25:34,395 - BlankSpaceAnalyzer - INFO - -> Analyzing version 5.1.6 (37/64)...
2025-11-14 01:25:34,431 - BlankSpaceAnalyzer - INFO - -> Analyzing version 6.0.1 (38/64)...
2025-11-14 01:25:34,431 - BlankSpaceAnalyzer - INFO - -> Analyzing version 6.1.0 (39/64)...
2025-11-14 01:25:34,431 - BlankSpaceAnalyzer - INFO - -> Analyzing version 6.1.1 (40/64)...
2025-11-14 01:25:34,431 - BlankSpaceAnalyzer - INFO - -> Analyzing version 6.1.2 (41/64)...
2025-11-14 01:25:34,432 - BlankSpaceAnalyzer - INFO - -> Analyzing version 6.1.3 (42/64)...
2025-11-14 01:25:34,432 - BlankSpaceAnalyzer - INFO - -> Analyzing version 6.2.0 (43/64)...
2025-11-14 01:25:34,465 - BlankSpaceAnalyzer - INFO - -> Analyzing version 6.2.0-alpha.0 (44/64)...
2025-11-14 01:25:34,500 - BlankSpaceAnalyzer - INFO - -> Analyzing version 6.2.0-alpha.1 (45/64)...
2025-11-14 01:25:34,534 - BlankSpaceAnalyzer - INFO - -> Analyzing version 6.2.0-alpha.2 (46/64)...
2025-11-14 01:25:34,568 - BlankSpaceAnalyzer - INFO - -> Analyzing version 6.2.0-alpha.3 (47/64)...
2025-11-14 01:25:34,602 - BlankSpaceAnalyzer - INFO - -> Analyzing version 6.3.0 (48/64)...
2025-11-14 01:25:34,636 - BlankSpaceAnalyzer - INFO - -> Analyzing version 6.4.0 (49/64)...
2025-11-14 01:25:34,670 - BlankSpaceAnalyzer - INFO - -> Analyzing version 6.5.0 (50/64)...
2025-11-14 01:25:34,704 - BlankSpaceAnalyzer - INFO - -> Analyzing version 7.0.0 (51/64)...
2025-11-14 01:25:34,705 - BlankSpaceAnalyzer - INFO - -> Analyzing version 7.0.0-alpha.0 (52/64)...
2025-11-14 01:25:34,738 - BlankSpaceAnalyzer - INFO - -> Analyzing version 7.0.0-alpha.1 (53/64)...
2025-11-14 01:25:34,773 - BlankSpaceAnalyzer - INFO - -> Analyzing version 7.0.0-alpha.110 (54/64)...
2025-11-14 01:25:34,773 - BlankSpaceAnalyzer - INFO - -> Analyzing version 7.0.0-alpha.111 (55/64)...
2025-11-14 01:25:34,774 - BlankSpaceAnalyzer - INFO - -> Analyzing version 7.0.0-alpha.113 (56/64)...
2025-11-14 01:25:34,774 - BlankSpaceAnalyzer - INFO - -> Analyzing version 7.0.0-alpha.114 (57/64)...
2025-11-14 01:25:34,774 - BlankSpaceAnalyzer - INFO - -> Analyzing version 7.0.0-alpha.115 (58/64)...
2025-11-14 01:25:34,775 - BlankSpaceAnalyzer - INFO - -> Analyzing version 7.0.0-alpha.116 (59/64)...
2025-11-14 01:25:34,775 - BlankSpaceAnalyzer - INFO - -> Analyzing version 7.0.0-alpha.2 (60/64)...
2025-11-14 01:25:34,808 - BlankSpaceAnalyzer - INFO - -> Analyzing version 7.1.0 (61/64)...
2025-11-14 01:25:34,809 - BlankSpaceAnalyzer - INFO - -> Analyzing version 7.1.0-alpha.7 (62/64)...
2025-11-14 01:25:34,809 - BlankSpaceAnalyzer - INFO - -> Analyzing version 7.1.0-alpha.70 (63/64)...
2025-11-14 01:25:34,810 - BlankSpaceAnalyzer - INFO - -> Analyzing version 7.2.0 (64/64)...
2025-11-14 01:25:34,810 - BlankSpaceAnalyzer - INFO - Exporting results for '@turf/intersect' to CSV...
2025-11-14 01:25:34,867 - BlankSpaceAnalyzer - INFO - Reports saved in: /app/npm_results/@turf_intersect
2025-11-14 01:25:34,867 - NPM_Analyzer - INFO - Cleaning temporary folder 'temp/@turf_intersect'...
2025-11-14 01:25:34,879 - NPM_Analyzer - INFO - Cleanup completed.
2025-11-14 11:49:31,691 - NPM_Analyzer - INFO - Fetching metadata for '@turf/intersect'...
2025-11-14 11:49:31,864 - NPM_Analyzer - INFO - Found 64 versions. Starting download into 'temp/@turf_intersect'...
2025-11-14 11:50:27,027 - BlankSpaceAnalyzer - INFO - Analyzing 64 versions for '*.js' in '@turf_intersect'.
2025-11-14 11:50:27,027 - BlankSpaceAnalyzer - INFO - -> Analyzing version 3.0.15 (1/64)...
2025-11-14 11:50:27,088 - BlankSpaceAnalyzer - INFO - -> Analyzing version 3.0.16 (2/64)...
2025-11-14 11:50:27,118 - BlankSpaceAnalyzer - INFO - -> Analyzing version 3.0.18 (3/64)...
2025-11-14 11:50:27,150 - BlankSpaceAnalyzer - INFO - -> Analyzing version 3.10.0 (4/64)...
2025-11-14 11:50:27,181 - BlankSpaceAnalyzer - INFO - -> Analyzing version 3.13.0 (5/64)...
2025-11-14 11:50:27,181 - BlankSpaceAnalyzer - INFO - -> Analyzing version 3.14.0 (6/64)...
2025-11-14 11:50:27,182 - BlankSpaceAnalyzer - INFO - -> Analyzing version 3.3.3 (7/64)...
2025-11-14 11:50:27,212 - BlankSpaceAnalyzer - INFO - -> Analyzing version 3.5.2 (8/64)...
2025-11-14 11:50:27,247 - BlankSpaceAnalyzer - INFO - -> Analyzing version 3.5.2-alpha.d2c36ee7 (9/64)...
2025-11-14 11:50:27,287 - BlankSpaceAnalyzer - INFO - -> Analyzing version 3.5.3 (10/64)...
2025-11-14 11:50:27,320 - BlankSpaceAnalyzer - INFO - -> Analyzing version 3.6.2 (11/64)...
2025-11-14 11:50:27,354 - BlankSpaceAnalyzer - INFO - -> Analyzing version 3.6.3 (12/64)...
2025-11-14 11:50:27,389 - BlankSpaceAnalyzer - INFO - -> Analyzing version 3.7.0 (13/64)...
2025-11-14 11:50:27,423 - BlankSpaceAnalyzer - INFO - -> Analyzing version 3.7.1 (14/64)...
2025-11-14 11:50:27,457 - BlankSpaceAnalyzer - INFO - -> Analyzing version 3.7.2 (15/64)...
2025-11-14 11:50:27,491 - BlankSpaceAnalyzer - INFO - -> Analyzing version 3.7.3 (16/64)...
2025-11-14 11:50:27,525 - BlankSpaceAnalyzer - INFO - -> Analyzing version 3.7.5 (17/64)...
2025-11-14 11:50:27,559 - BlankSpaceAnalyzer - INFO - -> Analyzing version 4.0.2 (18/64)...
2025-11-14 11:50:27,560 - BlankSpaceAnalyzer - INFO - -> Analyzing version 4.1.0 (19/64)...
2025-11-14 11:50:27,560 - BlankSpaceAnalyzer - INFO - -> Analyzing version 4.2.0 (20/64)...
2025-11-14 11:50:27,560 - BlankSpaceAnalyzer - INFO - -> Analyzing version 4.3.0 (21/64)...
2025-11-14 11:50:27,560 - BlankSpaceAnalyzer - INFO - -> Analyzing version 4.4.0 (22/64)...
2025-11-14 11:50:27,561 - BlankSpaceAnalyzer - INFO - -> Analyzing version 4.5.1 (23/64)...
2025-11-14 11:50:27,561 - BlankSpaceAnalyzer - INFO - -> Analyzing version 4.5.2 (24/64)...
2025-11-14 11:50:27,561 - BlankSpaceAnalyzer - INFO - -> Analyzing version 4.6.0 (25/64)...
2025-11-14 11:50:27,561 - BlankSpaceAnalyzer - INFO - -> Analyzing version 4.7.0 (26/64)...
2025-11-14 11:50:27,562 - BlankSpaceAnalyzer - INFO - -> Analyzing version 4.7.1 (27/64)...
2025-11-14 11:50:27,562 - BlankSpaceAnalyzer - INFO - -> Analyzing version 4.7.3 (28/64)...
2025-11-14 11:50:27,562 - BlankSpaceAnalyzer - INFO - -> Analyzing version 4.7.4 (29/64)...
2025-11-14 11:50:27,562 - BlankSpaceAnalyzer - INFO - -> Analyzing version 5.0.0 (30/64)...
2025-11-14 11:50:27,599 - BlankSpaceAnalyzer - INFO - -> Analyzing version 5.0.4 (31/64)...
2025-11-14 11:50:27,633 - BlankSpaceAnalyzer - INFO - -> Analyzing version 5.0.5 (32/64)...
2025-11-14 11:50:27,667 - BlankSpaceAnalyzer - INFO - -> Analyzing version 5.0.6 (33/64)...
2025-11-14 11:50:27,701 - BlankSpaceAnalyzer - INFO - -> Analyzing version 5.1.0 (34/64)...
2025-11-14 11:50:27,735 - BlankSpaceAnalyzer - INFO - -> Analyzing version 5.1.1 (35/64)...
2025-11-14 11:50:27,770 - BlankSpaceAnalyzer - INFO - -> Analyzing version 5.1.5 (36/64)...
2025-11-14 11:50:27,803 - BlankSpaceAnalyzer - INFO - -> Analyzing version 5.1.6 (37/64)...
2025-11-14 11:50:27,837 - BlankSpaceAnalyzer - INFO - -> Analyzing version 6.0.1 (38/64)...
2025-11-14 11:50:27,838 - BlankSpaceAnalyzer - INFO - -> Analyzing version 6.1.0 (39/64)...
2025-11-14 11:50:27,838 - BlankSpaceAnalyzer - INFO - -> Analyzing version 6.1.1 (40/64)...
2025-11-14 11:50:27,838 - BlankSpaceAnalyzer - INFO - -> Analyzing version 6.1.2 (41/64)...
2025-11-14 11:50:27,838 - BlankSpaceAnalyzer - INFO - -> Analyzing version 6.1.3 (42/64)...
2025-11-14 11:50:27,839 - BlankSpaceAnalyzer - INFO - -> Analyzing version 6.2.0 (43/64)...
2025-11-14 11:50:27,874 - BlankSpaceAnalyzer - INFO - -> Analyzing version 6.2.0-alpha.0 (44/64)...
2025-11-14 11:50:27,908 - BlankSpaceAnalyzer - INFO - -> Analyzing version 6.2.0-alpha.1 (45/64)...
2025-11-14 11:50:27,942 - BlankSpaceAnalyzer - INFO - -> Analyzing version 6.2.0-alpha.2 (46/64)...
2025-11-14 11:50:27,976 - BlankSpaceAnalyzer - INFO - -> Analyzing version 6.2.0-alpha.3 (47/64)...
2025-11-14 11:50:28,010 - BlankSpaceAnalyzer - INFO - -> Analyzing version 6.3.0 (48/64)...
2025-11-14 11:50:28,045 - BlankSpaceAnalyzer - INFO - -> Analyzing version 6.4.0 (49/64)...
2025-11-14 11:50:28,079 - BlankSpaceAnalyzer - INFO - -> Analyzing version 6.5.0 (50/64)...
2025-11-14 11:50:28,113 - BlankSpaceAnalyzer - INFO - -> Analyzing version 7.0.0 (51/64)...
2025-11-14 11:50:28,114 - BlankSpaceAnalyzer - INFO - -> Analyzing version 7.0.0-alpha.0 (52/64)...
2025-11-14 11:50:28,148 - BlankSpaceAnalyzer - INFO - -> Analyzing version 7.0.0-alpha.1 (53/64)...
2025-11-14 11:50:28,184 - BlankSpaceAnalyzer - INFO - -> Analyzing version 7.0.0-alpha.110 (54/64)...
2025-11-14 11:50:28,184 - BlankSpaceAnalyzer - INFO - -> Analyzing version 7.0.0-alpha.111 (55/64)...
2025-11-14 11:50:28,184 - BlankSpaceAnalyzer - INFO - -> Analyzing version 7.0.0-alpha.113 (56/64)...
2025-11-14 11:50:28,185 - BlankSpaceAnalyzer - INFO - -> Analyzing version 7.0.0-alpha.114 (57/64)...
2025-11-14 11:50:28,185 - BlankSpaceAnalyzer - INFO - -> Analyzing version 7.0.0-alpha.115 (58/64)...
2025-11-14 11:50:28,185 - BlankSpaceAnalyzer - INFO - -> Analyzing version 7.0.0-alpha.116 (59/64)...
2025-11-14 11:50:28,186 - BlankSpaceAnalyzer - INFO - -> Analyzing version 7.0.0-alpha.2 (60/64)...
2025-11-14 11:50:28,220 - BlankSpaceAnalyzer - INFO - -> Analyzing version 7.1.0 (61/64)...
2025-11-14 11:50:28,221 - BlankSpaceAnalyzer - INFO - -> Analyzing version 7.1.0-alpha.7 (62/64)...
2025-11-14 11:50:28,221 - BlankSpaceAnalyzer - INFO - -> Analyzing version 7.1.0-alpha.70 (63/64)...
2025-11-14 11:50:28,221 - BlankSpaceAnalyzer - INFO - -> Analyzing version 7.2.0 (64/64)...
2025-11-14 11:50:28,222 - BlankSpaceAnalyzer - INFO - Exporting results for '@turf/intersect' to CSV...
2025-11-14 11:50:28,280 - BlankSpaceAnalyzer - INFO - Reports saved in: /app/npm_results/@turf_intersect
2025-11-14 11:50:28,280 - NPM_Analyzer - INFO - Cleaning temporary folder 'temp/@turf_intersect'...
2025-11-14 11:50:28,292 - NPM_Analyzer - INFO - Cleanup completed.
2025-11-14 22:30:34,750 - NPM_Analyzer - INFO - Fetching metadata for '@turf/intersect'...
2025-11-14 22:30:36,127 - NPM_Analyzer - INFO - Found 64 versions. Starting download into 'temp/@turf_intersect'...
2025-11-14 22:31:33,436 - BlankSpaceAnalyzer - INFO - Analyzing 64 versions for '*.js' in '@turf_intersect'.
2025-11-14 22:31:33,437 - BlankSpaceAnalyzer - INFO - -> Analyzing version 3.0.15 (1/64)...
2025-11-14 22:31:33,498 - BlankSpaceAnalyzer - INFO - -> Analyzing version 3.0.16 (2/64)...
2025-11-14 22:31:33,529 - BlankSpaceAnalyzer - INFO - -> Analyzing version 3.0.18 (3/64)...
2025-11-14 22:31:33,559 - BlankSpaceAnalyzer - INFO - -> Analyzing version 3.10.0 (4/64)...
2025-11-14 22:31:33,590 - BlankSpaceAnalyzer - INFO - -> Analyzing version 3.13.0 (5/64)...
2025-11-14 22:31:33,591 - BlankSpaceAnalyzer - INFO - -> Analyzing version 3.14.0 (6/64)...
2025-11-14 22:31:33,591 - BlankSpaceAnalyzer - INFO - -> Analyzing version 3.3.3 (7/64)...
2025-11-14 22:31:33,625 - BlankSpaceAnalyzer - INFO - -> Analyzing version 3.5.2 (8/64)...
2025-11-14 22:31:33,660 - BlankSpaceAnalyzer - INFO - -> Analyzing version 3.5.2-alpha.d2c36ee7 (9/64)...
2025-11-14 22:31:33,694 - BlankSpaceAnalyzer - INFO - -> Analyzing version 3.5.3 (10/64)...
2025-11-14 22:31:33,728 - BlankSpaceAnalyzer - INFO - -> Analyzing version 3.6.2 (11/64)...
2025-11-14 22:31:33,762 - BlankSpaceAnalyzer - INFO - -> Analyzing version 3.6.3 (12/64)...
2025-11-14 22:31:33,796 - BlankSpaceAnalyzer - INFO - -> Analyzing version 3.7.0 (13/64)...
2025-11-14 22:31:33,831 - BlankSpaceAnalyzer - INFO - -> Analyzing version 3.7.1 (14/64)...
2025-11-14 22:31:33,866 - BlankSpaceAnalyzer - INFO - -> Analyzing version 3.7.2 (15/64)...
2025-11-14 22:31:33,900 - BlankSpaceAnalyzer - INFO - -> Analyzing version 3.7.3 (16/64)...
2025-11-14 22:31:33,934 - BlankSpaceAnalyzer - INFO - -> Analyzing version 3.7.5 (17/64)...
2025-11-14 22:31:33,969 - BlankSpaceAnalyzer - INFO - -> Analyzing version 4.0.2 (18/64)...
2025-11-14 22:31:33,969 - BlankSpaceAnalyzer - INFO - -> Analyzing version 4.1.0 (19/64)...
2025-11-14 22:31:33,969 - BlankSpaceAnalyzer - INFO - -> Analyzing version 4.2.0 (20/64)...
2025-11-14 22:31:33,970 - BlankSpaceAnalyzer - INFO - -> Analyzing version 4.3.0 (21/64)...
2025-11-14 22:31:33,970 - BlankSpaceAnalyzer - INFO - -> Analyzing version 4.4.0 (22/64)...
2025-11-14 22:31:33,970 - BlankSpaceAnalyzer - INFO - -> Analyzing version 4.5.1 (23/64)...
2025-11-14 22:31:33,970 - BlankSpaceAnalyzer - INFO - -> Analyzing version 4.5.2 (24/64)...
2025-11-14 22:31:33,970 - BlankSpaceAnalyzer - INFO - -> Analyzing version 4.6.0 (25/64)...
2025-11-14 22:31:33,971 - BlankSpaceAnalyzer - INFO - -> Analyzing version 4.7.0 (26/64)...
2025-11-14 22:31:33,971 - BlankSpaceAnalyzer - INFO - -> Analyzing version 4.7.1 (27/64)...
2025-11-14 22:31:33,971 - BlankSpaceAnalyzer - INFO - -> Analyzing version 4.7.3 (28/64)...
2025-11-14 22:31:33,971 - BlankSpaceAnalyzer - INFO - -> Analyzing version 4.7.4 (29/64)...
2025-11-14 22:31:33,971 - BlankSpaceAnalyzer - INFO - -> Analyzing version 5.0.0 (30/64)...
2025-11-14 22:31:34,006 - BlankSpaceAnalyzer - INFO - -> Analyzing version 5.0.4 (31/64)...
2025-11-14 22:31:34,041 - BlankSpaceAnalyzer - INFO - -> Analyzing version 5.0.5 (32/64)...
2025-11-14 22:31:34,075 - BlankSpaceAnalyzer - INFO - -> Analyzing version 5.0.6 (33/64)...
2025-11-14 22:31:34,109 - BlankSpaceAnalyzer - INFO - -> Analyzing version 5.1.0 (34/64)...
2025-11-14 22:31:34,144 - BlankSpaceAnalyzer - INFO - -> Analyzing version 5.1.1 (35/64)...
2025-11-14 22:31:34,178 - BlankSpaceAnalyzer - INFO - -> Analyzing version 5.1.5 (36/64)...
2025-11-14 22:31:34,212 - BlankSpaceAnalyzer - INFO - -> Analyzing version 5.1.6 (37/64)...
2025-11-14 22:31:34,246 - BlankSpaceAnalyzer - INFO - -> Analyzing version 6.0.1 (38/64)...
2025-11-14 22:31:34,247 - BlankSpaceAnalyzer - INFO - -> Analyzing version 6.1.0 (39/64)...
2025-11-14 22:31:34,247 - BlankSpaceAnalyzer - INFO - -> Analyzing version 6.1.1 (40/64)...
2025-11-14 22:31:34,247 - BlankSpaceAnalyzer - INFO - -> Analyzing version 6.1.2 (41/64)...
2025-11-14 22:31:34,248 - BlankSpaceAnalyzer - INFO - -> Analyzing version 6.1.3 (42/64)...
2025-11-14 22:31:34,248 - BlankSpaceAnalyzer - INFO - -> Analyzing version 6.2.0 (43/64)...
2025-11-14 22:31:34,282 - BlankSpaceAnalyzer - INFO - -> Analyzing version 6.2.0-alpha.0 (44/64)...
2025-11-14 22:31:34,316 - BlankSpaceAnalyzer - INFO - -> Analyzing version 6.2.0-alpha.1 (45/64)...
2025-11-14 22:31:34,351 - BlankSpaceAnalyzer - INFO - -> Analyzing version 6.2.0-alpha.2 (46/64)...
2025-11-14 22:31:34,386 - BlankSpaceAnalyzer - INFO - -> Analyzing version 6.2.0-alpha.3 (47/64)...
2025-11-14 22:31:34,420 - BlankSpaceAnalyzer - INFO - -> Analyzing version 6.3.0 (48/64)...
2025-11-14 22:31:34,456 - BlankSpaceAnalyzer - INFO - -> Analyzing version 6.4.0 (49/64)...
2025-11-14 22:31:34,490 - BlankSpaceAnalyzer - INFO - -> Analyzing version 6.5.0 (50/64)...
2025-11-14 22:31:34,524 - BlankSpaceAnalyzer - INFO - -> Analyzing version 7.0.0 (51/64)...
2025-11-14 22:31:34,525 - BlankSpaceAnalyzer - INFO - -> Analyzing version 7.0.0-alpha.0 (52/64)...
2025-11-14 22:31:34,559 - BlankSpaceAnalyzer - INFO - -> Analyzing version 7.0.0-alpha.1 (53/64)...
2025-11-14 22:31:34,594 - BlankSpaceAnalyzer - INFO - -> Analyzing version 7.0.0-alpha.110 (54/64)...
2025-11-14 22:31:34,594 - BlankSpaceAnalyzer - INFO - -> Analyzing version 7.0.0-alpha.111 (55/64)...
2025-11-14 22:31:34,595 - BlankSpaceAnalyzer - INFO - -> Analyzing version 7.0.0-alpha.113 (56/64)...
2025-11-14 22:31:34,595 - BlankSpaceAnalyzer - INFO - -> Analyzing version 7.0.0-alpha.114 (57/64)...
2025-11-14 22:31:34,595 - BlankSpaceAnalyzer - INFO - -> Analyzing version 7.0.0-alpha.115 (58/64)...
2025-11-14 22:31:34,596 - BlankSpaceAnalyzer - INFO - -> Analyzing version 7.0.0-alpha.116 (59/64)...
2025-11-14 22:31:34,596 - BlankSpaceAnalyzer - INFO - -> Analyzing version 7.0.0-alpha.2 (60/64)...
2025-11-14 22:31:34,631 - BlankSpaceAnalyzer - INFO - -> Analyzing version 7.1.0 (61/64)...
2025-11-14 22:31:34,631 - BlankSpaceAnalyzer - INFO - -> Analyzing version 7.1.0-alpha.7 (62/64)...
2025-11-14 22:31:34,632 - BlankSpaceAnalyzer - INFO - -> Analyzing version 7.1.0-alpha.70 (63/64)...
2025-11-14 22:31:34,632 - BlankSpaceAnalyzer - INFO - -> Analyzing version 7.2.0 (64/64)...
2025-11-14 22:31:34,632 - BlankSpaceAnalyzer - INFO - Exporting results for '@turf/intersect' to CSV...
2025-11-14 22:31:34,691 - BlankSpaceAnalyzer - INFO - Reports saved in: /app/npm_results/@turf_intersect
2025-11-14 22:31:34,691 - NPM_Analyzer - INFO - Cleaning temporary folder 'temp/@turf_intersect'...
2025-11-14 22:31:34,702 - NPM_Analyzer - INFO - Cleanup completed.
2025-11-15 09:04:42,469 - NPM_Analyzer - INFO - Fetching metadata for '@turf/intersect'...
2025-11-15 09:04:42,634 - NPM_Analyzer - INFO - Found 64 versions. Starting download into 'temp/@turf_intersect'...
2025-11-15 09:05:37,776 - BlankSpaceAnalyzer - INFO - Analyzing 64 versions for '*.js' in '@turf_intersect'.
2025-11-15 09:05:37,777 - BlankSpaceAnalyzer - INFO - -> Analyzing version 3.0.15 (1/64)...
2025-11-15 09:05:37,838 - BlankSpaceAnalyzer - INFO - -> Analyzing version 3.0.16 (2/64)...
2025-11-15 09:05:37,868 - BlankSpaceAnalyzer - INFO - -> Analyzing version 3.0.18 (3/64)...
2025-11-15 09:05:37,905 - BlankSpaceAnalyzer - INFO - -> Analyzing version 3.10.0 (4/64)...
2025-11-15 09:05:37,940 - BlankSpaceAnalyzer - INFO - -> Analyzing version 3.13.0 (5/64)...
2025-11-15 09:05:37,940 - BlankSpaceAnalyzer - INFO - -> Analyzing version 3.14.0 (6/64)...
2025-11-15 09:05:37,941 - BlankSpaceAnalyzer - INFO - -> Analyzing version 3.3.3 (7/64)...
2025-11-15 09:05:37,974 - BlankSpaceAnalyzer - INFO - -> Analyzing version 3.5.2 (8/64)...
2025-11-15 09:05:38,007 - BlankSpaceAnalyzer - INFO - -> Analyzing version 3.5.2-alpha.d2c36ee7 (9/64)...
2025-11-15 09:05:38,041 - BlankSpaceAnalyzer - INFO - -> Analyzing version 3.5.3 (10/64)...
2025-11-15 09:05:38,076 - BlankSpaceAnalyzer - INFO - -> Analyzing version 3.6.2 (11/64)...
2025-11-15 09:05:38,109 - BlankSpaceAnalyzer - INFO - -> Analyzing version 3.6.3 (12/64)...
2025-11-15 09:05:38,144 - BlankSpaceAnalyzer - INFO - -> Analyzing version 3.7.0 (13/64)...
2025-11-15 09:05:38,178 - BlankSpaceAnalyzer - INFO - -> Analyzing version 3.7.1 (14/64)...
2025-11-15 09:05:38,212 - BlankSpaceAnalyzer - INFO - -> Analyzing version 3.7.2 (15/64)...
2025-11-15 09:05:38,245 - BlankSpaceAnalyzer - INFO - -> Analyzing version 3.7.3 (16/64)...
2025-11-15 09:05:38,278 - BlankSpaceAnalyzer - INFO - -> Analyzing version 3.7.5 (17/64)...
2025-11-15 09:05:38,312 - BlankSpaceAnalyzer - INFO - -> Analyzing version 4.0.2 (18/64)...
2025-11-15 09:05:38,312 - BlankSpaceAnalyzer - INFO - -> Analyzing version 4.1.0 (19/64)...
2025-11-15 09:05:38,312 - BlankSpaceAnalyzer - INFO - -> Analyzing version 4.2.0 (20/64)...
2025-11-15 09:05:38,312 - BlankSpaceAnalyzer - INFO - -> Analyzing version 4.3.0 (21/64)...
2025-11-15 09:05:38,313 - BlankSpaceAnalyzer - INFO - -> Analyzing version 4.4.0 (22/64)...
2025-11-15 09:05:38,313 - BlankSpaceAnalyzer - INFO - -> Analyzing version 4.5.1 (23/64)...
2025-11-15 09:05:38,313 - BlankSpaceAnalyzer - INFO - -> Analyzing version 4.5.2 (24/64)...
2025-11-15 09:05:38,313 - BlankSpaceAnalyzer - INFO - -> Analyzing version 4.6.0 (25/64)...
2025-11-15 09:05:38,313 - BlankSpaceAnalyzer - INFO - -> Analyzing version 4.7.0 (26/64)...
2025-11-15 09:05:38,314 - BlankSpaceAnalyzer - INFO - -> Analyzing version 4.7.1 (27/64)...
2025-11-15 09:05:38,314 - BlankSpaceAnalyzer - INFO - -> Analyzing version 4.7.3 (28/64)...
2025-11-15 09:05:38,314 - BlankSpaceAnalyzer - INFO - -> Analyzing version 4.7.4 (29/64)...
2025-11-15 09:05:38,314 - BlankSpaceAnalyzer - INFO - -> Analyzing version 5.0.0 (30/64)...
2025-11-15 09:05:38,349 - BlankSpaceAnalyzer - INFO - -> Analyzing version 5.0.4 (31/64)...
2025-11-15 09:05:38,383 - BlankSpaceAnalyzer - INFO - -> Analyzing version 5.0.5 (32/64)...
2025-11-15 09:05:38,416 - BlankSpaceAnalyzer - INFO - -> Analyzing version 5.0.6 (33/64)...
2025-11-15 09:05:38,450 - BlankSpaceAnalyzer - INFO - -> Analyzing version 5.1.0 (34/64)...
2025-11-15 09:05:38,485 - BlankSpaceAnalyzer - INFO - -> Analyzing version 5.1.1 (35/64)...
2025-11-15 09:05:38,518 - BlankSpaceAnalyzer - INFO - -> Analyzing version 5.1.5 (36/64)...
2025-11-15 09:05:38,553 - BlankSpaceAnalyzer - INFO - -> Analyzing version 5.1.6 (37/64)...
2025-11-15 09:05:38,587 - BlankSpaceAnalyzer - INFO - -> Analyzing version 6.0.1 (38/64)...
2025-11-15 09:05:38,587 - BlankSpaceAnalyzer - INFO - -> Analyzing version 6.1.0 (39/64)...
2025-11-15 09:05:38,588 - BlankSpaceAnalyzer - INFO - -> Analyzing version 6.1.1 (40/64)...
2025-11-15 09:05:38,588 - BlankSpaceAnalyzer - INFO - -> Analyzing version 6.1.2 (41/64)...
2025-11-15 09:05:38,588 - BlankSpaceAnalyzer - INFO - -> Analyzing version 6.1.3 (42/64)...
2025-11-15 09:05:38,588 - BlankSpaceAnalyzer - INFO - -> Analyzing version 6.2.0 (43/64)...
2025-11-15 09:05:38,622 - BlankSpaceAnalyzer - INFO - -> Analyzing version 6.2.0-alpha.0 (44/64)...
2025-11-15 09:05:38,656 - BlankSpaceAnalyzer - INFO - -> Analyzing version 6.2.0-alpha.1 (45/64)...
2025-11-15 09:05:38,690 - BlankSpaceAnalyzer - INFO - -> Analyzing version 6.2.0-alpha.2 (46/64)...
2025-11-15 09:05:38,725 - BlankSpaceAnalyzer - INFO - -> Analyzing version 6.2.0-alpha.3 (47/64)...
2025-11-15 09:05:38,759 - BlankSpaceAnalyzer - INFO - -> Analyzing version 6.3.0 (48/64)...
2025-11-15 09:05:38,792 - BlankSpaceAnalyzer - INFO - -> Analyzing version 6.4.0 (49/64)...
2025-11-15 09:05:38,826 - BlankSpaceAnalyzer - INFO - -> Analyzing version 6.5.0 (50/64)...
2025-11-15 09:05:38,859 - BlankSpaceAnalyzer - INFO - -> Analyzing version 7.0.0 (51/64)...
2025-11-15 09:05:38,860 - BlankSpaceAnalyzer - INFO - -> Analyzing version 7.0.0-alpha.0 (52/64)...
2025-11-15 09:05:38,894 - BlankSpaceAnalyzer - INFO - -> Analyzing version 7.0.0-alpha.1 (53/64)...
2025-11-15 09:05:38,928 - BlankSpaceAnalyzer - INFO - -> Analyzing version 7.0.0-alpha.110 (54/64)...
2025-11-15 09:05:38,928 - BlankSpaceAnalyzer - INFO - -> Analyzing version 7.0.0-alpha.111 (55/64)...
2025-11-15 09:05:38,928 - BlankSpaceAnalyzer - INFO - -> Analyzing version 7.0.0-alpha.113 (56/64)...
2025-11-15 09:05:38,929 - BlankSpaceAnalyzer - INFO - -> Analyzing version 7.0.0-alpha.114 (57/64)...
2025-11-15 09:05:38,929 - BlankSpaceAnalyzer - INFO - -> Analyzing version 7.0.0-alpha.115 (58/64)...
2025-11-15 09:05:38,929 - BlankSpaceAnalyzer - INFO - -> Analyzing version 7.0.0-alpha.116 (59/64)...
2025-11-15 09:05:38,930 - BlankSpaceAnalyzer - INFO - -> Analyzing version 7.0.0-alpha.2 (60/64)...
2025-11-15 09:05:38,964 - BlankSpaceAnalyzer - INFO - -> Analyzing version 7.1.0 (61/64)...
2025-11-15 09:05:38,965 - BlankSpaceAnalyzer - INFO - -> Analyzing version 7.1.0-alpha.7 (62/64)...
2025-11-15 09:05:38,965 - BlankSpaceAnalyzer - INFO - -> Analyzing version 7.1.0-alpha.70 (63/64)...
2025-11-15 09:05:38,966 - BlankSpaceAnalyzer - INFO - -> Analyzing version 7.2.0 (64/64)...
2025-11-15 09:05:38,966 - BlankSpaceAnalyzer - INFO - Exporting results for '@turf/intersect' to CSV...
2025-11-15 09:05:39,024 - BlankSpaceAnalyzer - INFO - Reports saved in: /app/npm_results/@turf_intersect
2025-11-15 09:05:39,024 - NPM_Analyzer - INFO - Cleaning temporary folder 'temp/@turf_intersect'...
2025-11-15 09:05:39,035 - NPM_Analyzer - INFO - Cleanup completed.
2025-11-15 19:40:51,668 - NPM_Analyzer - INFO - Fetching metadata for '@turf/intersect'...
2025-11-15 19:40:51,872 - NPM_Analyzer - INFO - Found 64 versions. Starting download into 'temp/@turf_intersect'...
2025-11-15 19:41:47,922 - BlankSpaceAnalyzer - INFO - Analyzing 64 versions for '*.js' in '@turf_intersect'.
2025-11-15 19:41:47,922 - BlankSpaceAnalyzer - INFO - -> Analyzing version 3.0.15 (1/64)...
2025-11-15 19:41:47,985 - BlankSpaceAnalyzer - INFO - -> Analyzing version 3.0.16 (2/64)...
2025-11-15 19:41:48,017 - BlankSpaceAnalyzer - INFO - -> Analyzing version 3.0.18 (3/64)...
2025-11-15 19:41:48,050 - BlankSpaceAnalyzer - INFO - -> Analyzing version 3.10.0 (4/64)...
2025-11-15 19:41:48,082 - BlankSpaceAnalyzer - INFO - -> Analyzing version 3.13.0 (5/64)...
2025-11-15 19:41:48,082 - BlankSpaceAnalyzer - INFO - -> Analyzing version 3.14.0 (6/64)...
2025-11-15 19:41:48,082 - BlankSpaceAnalyzer - INFO - -> Analyzing version 3.3.3 (7/64)...
2025-11-15 19:41:48,117 - BlankSpaceAnalyzer - INFO - -> Analyzing version 3.5.2 (8/64)...
2025-11-15 19:41:48,154 - BlankSpaceAnalyzer - INFO - -> Analyzing version 3.5.2-alpha.d2c36ee7 (9/64)...
2025-11-15 19:41:48,189 - BlankSpaceAnalyzer - INFO - -> Analyzing version 3.5.3 (10/64)...
2025-11-15 19:41:48,225 - BlankSpaceAnalyzer - INFO - -> Analyzing version 3.6.2 (11/64)...
2025-11-15 19:41:48,260 - BlankSpaceAnalyzer - INFO - -> Analyzing version 3.6.3 (12/64)...
2025-11-15 19:41:48,295 - BlankSpaceAnalyzer - INFO - -> Analyzing version 3.7.0 (13/64)...
2025-11-15 19:41:48,330 - BlankSpaceAnalyzer - INFO - -> Analyzing version 3.7.1 (14/64)...
2025-11-15 19:41:48,365 - BlankSpaceAnalyzer - INFO - -> Analyzing version 3.7.2 (15/64)...
2025-11-15 19:41:48,401 - BlankSpaceAnalyzer - INFO - -> Analyzing version 3.7.3 (16/64)...
2025-11-15 19:41:48,436 - BlankSpaceAnalyzer - INFO - -> Analyzing version 3.7.5 (17/64)...
2025-11-15 19:41:48,472 - BlankSpaceAnalyzer - INFO - -> Analyzing version 4.0.2 (18/64)...
2025-11-15 19:41:48,472 - BlankSpaceAnalyzer - INFO - -> Analyzing version 4.1.0 (19/64)...
2025-11-15 19:41:48,472 - BlankSpaceAnalyzer - INFO - -> Analyzing version 4.2.0 (20/64)...
2025-11-15 19:41:48,472 - BlankSpaceAnalyzer - INFO - -> Analyzing version 4.3.0 (21/64)...
2025-11-15 19:41:48,473 - BlankSpaceAnalyzer - INFO - -> Analyzing version 4.4.0 (22/64)...
2025-11-15 19:41:48,473 - BlankSpaceAnalyzer - INFO - -> Analyzing version 4.5.1 (23/64)...
2025-11-15 19:41:48,473 - BlankSpaceAnalyzer - INFO - -> Analyzing version 4.5.2 (24/64)...
2025-11-15 19:41:48,473 - BlankSpaceAnalyzer - INFO - -> Analyzing version 4.6.0 (25/64)...
2025-11-15 19:41:48,473 - BlankSpaceAnalyzer - INFO - -> Analyzing version 4.7.0 (26/64)...
2025-11-15 19:41:48,474 - BlankSpaceAnalyzer - INFO - -> Analyzing version 4.7.1 (27/64)...
2025-11-15 19:41:48,474 - BlankSpaceAnalyzer - INFO - -> Analyzing version 4.7.3 (28/64)...
2025-11-15 19:41:48,474 - BlankSpaceAnalyzer - INFO - -> Analyzing version 4.7.4 (29/64)...
2025-11-15 19:41:48,474 - BlankSpaceAnalyzer - INFO - -> Analyzing version 5.0.0 (30/64)...
2025-11-15 19:41:48,510 - BlankSpaceAnalyzer - INFO - -> Analyzing version 5.0.4 (31/64)...
2025-11-15 19:41:48,545 - BlankSpaceAnalyzer - INFO - -> Analyzing version 5.0.5 (32/64)...
2025-11-15 19:41:48,581 - BlankSpaceAnalyzer - INFO - -> Analyzing version 5.0.6 (33/64)...
2025-11-15 19:41:48,617 - BlankSpaceAnalyzer - INFO - -> Analyzing version 5.1.0 (34/64)...
2025-11-15 19:41:48,652 - BlankSpaceAnalyzer - INFO - -> Analyzing version 5.1.1 (35/64)...
2025-11-15 19:41:48,687 - BlankSpaceAnalyzer - INFO - -> Analyzing version 5.1.5 (36/64)...
2025-11-15 19:41:48,722 - BlankSpaceAnalyzer - INFO - -> Analyzing version 5.1.6 (37/64)...
2025-11-15 19:41:48,759 - BlankSpaceAnalyzer - INFO - -> Analyzing version 6.0.1 (38/64)...
2025-11-15 19:41:48,760 - BlankSpaceAnalyzer - INFO - -> Analyzing version 6.1.0 (39/64)...
2025-11-15 19:41:48,760 - BlankSpaceAnalyzer - INFO - -> Analyzing version 6.1.1 (40/64)...
2025-11-15 19:41:48,760 - BlankSpaceAnalyzer - INFO - -> Analyzing version 6.1.2 (41/64)...
2025-11-15 19:41:48,760 - BlankSpaceAnalyzer - INFO - -> Analyzing version 6.1.3 (42/64)...
2025-11-15 19:41:48,761 - BlankSpaceAnalyzer - INFO - -> Analyzing version 6.2.0 (43/64)...
2025-11-15 19:41:48,798 - BlankSpaceAnalyzer - INFO - -> Analyzing version 6.2.0-alpha.0 (44/64)...
2025-11-15 19:41:48,839 - BlankSpaceAnalyzer - INFO - -> Analyzing version 6.2.0-alpha.1 (45/64)...
2025-11-15 19:41:48,885 - BlankSpaceAnalyzer - INFO - -> Analyzing version 6.2.0-alpha.2 (46/64)...
2025-11-15 19:41:48,920 - BlankSpaceAnalyzer - INFO - -> Analyzing version 6.2.0-alpha.3 (47/64)...
2025-11-15 19:41:48,955 - BlankSpaceAnalyzer - INFO - -> Analyzing version 6.3.0 (48/64)...
2025-11-15 19:41:48,994 - BlankSpaceAnalyzer - INFO - -> Analyzing version 6.4.0 (49/64)...
2025-11-15 19:41:49,030 - BlankSpaceAnalyzer - INFO - -> Analyzing version 6.5.0 (50/64)...
2025-11-15 19:41:49,065 - BlankSpaceAnalyzer - INFO - -> Analyzing version 7.0.0 (51/64)...
2025-11-15 19:41:49,065 - BlankSpaceAnalyzer - INFO - -> Analyzing version 7.0.0-alpha.0 (52/64)...
2025-11-15 19:41:49,101 - BlankSpaceAnalyzer - INFO - -> Analyzing version 7.0.0-alpha.1 (53/64)...
2025-11-15 19:41:49,142 - BlankSpaceAnalyzer - INFO - -> Analyzing version 7.0.0-alpha.110 (54/64)...
2025-11-15 19:41:49,142 - BlankSpaceAnalyzer - INFO - -> Analyzing version 7.0.0-alpha.111 (55/64)...
2025-11-15 19:41:49,142 - BlankSpaceAnalyzer - INFO - -> Analyzing version 7.0.0-alpha.113 (56/64)...
2025-11-15 19:41:49,142 - BlankSpaceAnalyzer - INFO - -> Analyzing version 7.0.0-alpha.114 (57/64)...
2025-11-15 19:41:49,143 - BlankSpaceAnalyzer - INFO - -> Analyzing version 7.0.0-alpha.115 (58/64)...
2025-11-15 19:41:49,143 - BlankSpaceAnalyzer - INFO - -> Analyzing version 7.0.0-alpha.116 (59/64)...
2025-11-15 19:41:49,143 - BlankSpaceAnalyzer - INFO - -> Analyzing version 7.0.0-alpha.2 (60/64)...
2025-11-15 19:41:49,182 - BlankSpaceAnalyzer - INFO - -> Analyzing version 7.1.0 (61/64)...
2025-11-15 19:41:49,182 - BlankSpaceAnalyzer - INFO - -> Analyzing version 7.1.0-alpha.7 (62/64)...
2025-11-15 19:41:49,183 - BlankSpaceAnalyzer - INFO - -> Analyzing version 7.1.0-alpha.70 (63/64)...
2025-11-15 19:41:49,183 - BlankSpaceAnalyzer - INFO - -> Analyzing version 7.2.0 (64/64)...
2025-11-15 19:41:49,183 - BlankSpaceAnalyzer - INFO - Exporting results for '@turf/intersect' to CSV...
2025-11-15 19:41:49,242 - BlankSpaceAnalyzer - INFO - Reports saved in: /app/npm_results/@turf_intersect
2025-11-15 19:41:49,242 - NPM_Analyzer - INFO - Cleaning temporary folder 'temp/@turf_intersect'...
2025-11-15 19:41:49,253 - NPM_Analyzer - INFO - Cleanup completed.
2025-11-16 06:05:27,465 - NPM_Analyzer - INFO - Fetching metadata for '@turf/intersect'...
2025-11-16 06:05:27,564 - NPM_Analyzer - INFO - Found 64 versions. Starting download into 'temp/@turf_intersect'...
2025-11-16 06:06:23,374 - BlankSpaceAnalyzer - INFO - Analyzing 64 versions for '*.js' in '@turf_intersect'.
2025-11-16 06:06:23,374 - BlankSpaceAnalyzer - INFO - -> Analyzing version 3.0.15 (1/64)...
2025-11-16 06:06:23,467 - BlankSpaceAnalyzer - INFO - -> Analyzing version 3.0.16 (2/64)...
2025-11-16 06:06:23,525 - BlankSpaceAnalyzer - INFO - -> Analyzing version 3.0.18 (3/64)...
2025-11-16 06:06:23,567 - BlankSpaceAnalyzer - INFO - -> Analyzing version 3.10.0 (4/64)...
2025-11-16 06:06:23,604 - BlankSpaceAnalyzer - INFO - -> Analyzing version 3.13.0 (5/64)...
2025-11-16 06:06:23,604 - BlankSpaceAnalyzer - INFO - -> Analyzing version 3.14.0 (6/64)...
2025-11-16 06:06:23,604 - BlankSpaceAnalyzer - INFO - -> Analyzing version 3.3.3 (7/64)...
2025-11-16 06:06:23,641 - BlankSpaceAnalyzer - INFO - -> Analyzing version 3.5.2 (8/64)...
2025-11-16 06:06:23,677 - BlankSpaceAnalyzer - INFO - -> Analyzing version 3.5.2-alpha.d2c36ee7 (9/64)...
2025-11-16 06:06:23,713 - BlankSpaceAnalyzer - INFO - -> Analyzing version 3.5.3 (10/64)...
2025-11-16 06:06:23,752 - BlankSpaceAnalyzer - INFO - -> Analyzing version 3.6.2 (11/64)...
2025-11-16 06:06:23,788 - BlankSpaceAnalyzer - INFO - -> Analyzing version 3.6.3 (12/64)...
2025-11-16 06:06:23,826 - BlankSpaceAnalyzer - INFO - -> Analyzing version 3.7.0 (13/64)...
2025-11-16 06:06:23,862 - BlankSpaceAnalyzer - INFO - -> Analyzing version 3.7.1 (14/64)...
2025-11-16 06:06:23,899 - BlankSpaceAnalyzer - INFO - -> Analyzing version 3.7.2 (15/64)...
2025-11-16 06:06:23,935 - BlankSpaceAnalyzer - INFO - -> Analyzing version 3.7.3 (16/64)...
2025-11-16 06:06:23,971 - BlankSpaceAnalyzer - INFO - -> Analyzing version 3.7.5 (17/64)...
2025-11-16 06:06:24,008 - BlankSpaceAnalyzer - INFO - -> Analyzing version 4.0.2 (18/64)...
2025-11-16 06:06:24,008 - BlankSpaceAnalyzer - INFO - -> Analyzing version 4.1.0 (19/64)...
2025-11-16 06:06:24,008 - BlankSpaceAnalyzer - INFO - -> Analyzing version 4.2.0 (20/64)...
2025-11-16 06:06:24,009 - BlankSpaceAnalyzer - INFO - -> Analyzing version 4.3.0 (21/64)...
2025-11-16 06:06:24,009 - BlankSpaceAnalyzer - INFO - -> Analyzing version 4.4.0 (22/64)...
2025-11-16 06:06:24,009 - BlankSpaceAnalyzer - INFO - -> Analyzing version 4.5.1 (23/64)...
2025-11-16 06:06:24,009 - BlankSpaceAnalyzer - INFO - -> Analyzing version 4.5.2 (24/64)...
2025-11-16 06:06:24,010 - BlankSpaceAnalyzer - INFO - -> Analyzing version 4.6.0 (25/64)...
2025-11-16 06:06:24,010 - BlankSpaceAnalyzer - INFO - -> Analyzing version 4.7.0 (26/64)...
2025-11-16 06:06:24,010 - BlankSpaceAnalyzer - INFO - -> Analyzing version 4.7.1 (27/64)...
2025-11-16 06:06:24,010 - BlankSpaceAnalyzer - INFO - -> Analyzing version 4.7.3 (28/64)...
2025-11-16 06:06:24,010 - BlankSpaceAnalyzer - INFO - -> Analyzing version 4.7.4 (29/64)...
2025-11-16 06:06:24,011 - BlankSpaceAnalyzer - INFO - -> Analyzing version 5.0.0 (30/64)...
2025-11-16 06:06:24,048 - BlankSpaceAnalyzer - INFO - -> Analyzing version 5.0.4 (31/64)...
2025-11-16 06:06:24,086 - BlankSpaceAnalyzer - INFO - -> Analyzing version 5.0.5 (32/64)...
2025-11-16 06:06:24,122 - BlankSpaceAnalyzer - INFO - -> Analyzing version 5.0.6 (33/64)...
2025-11-16 06:06:24,170 - BlankSpaceAnalyzer - INFO - -> Analyzing version 5.1.0 (34/64)...
2025-11-16 06:06:24,211 - BlankSpaceAnalyzer - INFO - -> Analyzing version 5.1.1 (35/64)...
2025-11-16 06:06:24,246 - BlankSpaceAnalyzer - INFO - -> Analyzing version 5.1.5 (36/64)...
2025-11-16 06:06:24,282 - BlankSpaceAnalyzer - INFO - -> Analyzing version 5.1.6 (37/64)...
2025-11-16 06:06:24,339 - BlankSpaceAnalyzer - INFO - -> Analyzing version 6.0.1 (38/64)...
2025-11-16 06:06:24,339 - BlankSpaceAnalyzer - INFO - -> Analyzing version 6.1.0 (39/64)...
2025-11-16 06:06:24,339 - BlankSpaceAnalyzer - INFO - -> Analyzing version 6.1.1 (40/64)...
2025-11-16 06:06:24,339 - BlankSpaceAnalyzer - INFO - -> Analyzing version 6.1.2 (41/64)...
2025-11-16 06:06:24,340 - BlankSpaceAnalyzer - INFO - -> Analyzing version 6.1.3 (42/64)...
2025-11-16 06:06:24,340 - BlankSpaceAnalyzer - INFO - -> Analyzing version 6.2.0 (43/64)...
2025-11-16 06:06:24,381 - BlankSpaceAnalyzer - INFO - -> Analyzing version 6.2.0-alpha.0 (44/64)...
2025-11-16 06:06:24,421 - BlankSpaceAnalyzer - INFO - -> Analyzing version 6.2.0-alpha.1 (45/64)...
2025-11-16 06:06:24,475 - BlankSpaceAnalyzer - INFO - -> Analyzing version 6.2.0-alpha.2 (46/64)...
2025-11-16 06:06:24,519 - BlankSpaceAnalyzer - INFO - -> Analyzing version 6.2.0-alpha.3 (47/64)...
2025-11-16 06:06:24,579 - BlankSpaceAnalyzer - INFO - -> Analyzing version 6.3.0 (48/64)...
2025-11-16 06:06:24,657 - BlankSpaceAnalyzer - INFO - -> Analyzing version 6.4.0 (49/64)...
2025-11-16 06:06:24,727 - BlankSpaceAnalyzer - INFO - -> Analyzing version 6.5.0 (50/64)...
2025-11-16 06:06:24,767 - BlankSpaceAnalyzer - INFO - -> Analyzing version 7.0.0 (51/64)...
2025-11-16 06:06:24,767 - BlankSpaceAnalyzer - INFO - -> Analyzing version 7.0.0-alpha.0 (52/64)...
2025-11-16 06:06:24,824 - BlankSpaceAnalyzer - INFO - -> Analyzing version 7.0.0-alpha.1 (53/64)...
2025-11-16 06:06:24,860 - BlankSpaceAnalyzer - INFO - -> Analyzing version 7.0.0-alpha.110 (54/64)...
2025-11-16 06:06:24,861 - BlankSpaceAnalyzer - INFO - -> Analyzing version 7.0.0-alpha.111 (55/64)...
2025-11-16 06:06:24,861 - BlankSpaceAnalyzer - INFO - -> Analyzing version 7.0.0-alpha.113 (56/64)...
2025-11-16 06:06:24,861 - BlankSpaceAnalyzer - INFO - -> Analyzing version 7.0.0-alpha.114 (57/64)...
2025-11-16 06:06:24,862 - BlankSpaceAnalyzer - INFO - -> Analyzing version 7.0.0-alpha.115 (58/64)...
2025-11-16 06:06:24,862 - BlankSpaceAnalyzer - INFO - -> Analyzing version 7.0.0-alpha.116 (59/64)...
2025-11-16 06:06:24,863 - BlankSpaceAnalyzer - INFO - -> Analyzing version 7.0.0-alpha.2 (60/64)...
2025-11-16 06:06:24,910 - BlankSpaceAnalyzer - INFO - -> Analyzing version 7.1.0 (61/64)...
2025-11-16 06:06:24,911 - BlankSpaceAnalyzer - INFO - -> Analyzing version 7.1.0-alpha.7 (62/64)...
2025-11-16 06:06:24,911 - BlankSpaceAnalyzer - INFO - -> Analyzing version 7.1.0-alpha.70 (63/64)...
2025-11-16 06:06:24,912 - BlankSpaceAnalyzer - INFO - -> Analyzing version 7.2.0 (64/64)...
2025-11-16 06:06:24,912 - BlankSpaceAnalyzer - INFO - Exporting results for '@turf/intersect' to CSV...
2025-11-16 06:06:24,974 - BlankSpaceAnalyzer - INFO - Reports saved in: /app/npm_results/@turf_intersect
2025-11-16 06:06:24,974 - NPM_Analyzer - INFO - Cleaning temporary folder 'temp/@turf_intersect'...
2025-11-16 06:06:24,985 - NPM_Analyzer - INFO - Cleanup completed.
2025-11-16 16:31:28,714 - NPM_Analyzer - INFO - Fetching metadata for '@turf/intersect'...
2025-11-16 16:31:28,987 - NPM_Analyzer - INFO - Found 64 versions. Starting download into 'temp/@turf_intersect'...
2025-11-16 16:32:22,936 - BlankSpaceAnalyzer - INFO - Analyzing 64 versions for '*.js' in '@turf_intersect'.
2025-11-16 16:32:22,936 - BlankSpaceAnalyzer - INFO - -> Analyzing version 3.0.15 (1/64)...
2025-11-16 16:32:22,973 - BlankSpaceAnalyzer - INFO - -> Analyzing version 3.0.16 (2/64)...
2025-11-16 16:32:23,016 - BlankSpaceAnalyzer - INFO - -> Analyzing version 3.0.18 (3/64)...
2025-11-16 16:32:23,062 - BlankSpaceAnalyzer - INFO - -> Analyzing version 3.10.0 (4/64)...
2025-11-16 16:32:23,113 - BlankSpaceAnalyzer - INFO - -> Analyzing version 3.13.0 (5/64)...
2025-11-16 16:32:23,114 - BlankSpaceAnalyzer - INFO - -> Analyzing version 3.14.0 (6/64)...
2025-11-16 16:32:23,114 - BlankSpaceAnalyzer - INFO - -> Analyzing version 3.3.3 (7/64)...
2025-11-16 16:32:23,159 - BlankSpaceAnalyzer - INFO - -> Analyzing version 3.5.2 (8/64)...
2025-11-16 16:32:23,204 - BlankSpaceAnalyzer - INFO - -> Analyzing version 3.5.2-alpha.d2c36ee7 (9/64)...
2025-11-16 16:32:23,257 - BlankSpaceAnalyzer - INFO - -> Analyzing version 3.5.3 (10/64)...
2025-11-16 16:32:23,300 - BlankSpaceAnalyzer - INFO - -> Analyzing version 3.6.2 (11/64)...
2025-11-16 16:32:23,344 - BlankSpaceAnalyzer - INFO - -> Analyzing version 3.6.3 (12/64)...
2025-11-16 16:32:23,392 - BlankSpaceAnalyzer - INFO - -> Analyzing version 3.7.0 (13/64)...
2025-11-16 16:32:23,427 - BlankSpaceAnalyzer - INFO - -> Analyzing version 3.7.1 (14/64)...
2025-11-16 16:32:23,477 - BlankSpaceAnalyzer - INFO - -> Analyzing version 3.7.2 (15/64)...
2025-11-16 16:32:23,525 - BlankSpaceAnalyzer - INFO - -> Analyzing version 3.7.3 (16/64)...
2025-11-16 16:32:23,563 - BlankSpaceAnalyzer - INFO - -> Analyzing version 3.7.5 (17/64)...
2025-11-16 16:32:23,606 - BlankSpaceAnalyzer - INFO - -> Analyzing version 4.0.2 (18/64)...
2025-11-16 16:32:23,606 - BlankSpaceAnalyzer - INFO - -> Analyzing version 4.1.0 (19/64)...
2025-11-16 16:32:23,606 - BlankSpaceAnalyzer - INFO - -> Analyzing version 4.2.0 (20/64)...
2025-11-16 16:32:23,607 - BlankSpaceAnalyzer - INFO - -> Analyzing version 4.3.0 (21/64)...
2025-11-16 16:32:23,607 - BlankSpaceAnalyzer - INFO - -> Analyzing version 4.4.0 (22/64)...
2025-11-16 16:32:23,607 - BlankSpaceAnalyzer - INFO - -> Analyzing version 4.5.1 (23/64)...
2025-11-16 16:32:23,607 - BlankSpaceAnalyzer - INFO - -> Analyzing version 4.5.2 (24/64)...
2025-11-16 16:32:23,607 - BlankSpaceAnalyzer - INFO - -> Analyzing version 4.6.0 (25/64)...
2025-11-16 16:32:23,608 - BlankSpaceAnalyzer - INFO - -> Analyzing version 4.7.0 (26/64)...
2025-11-16 16:32:23,608 - BlankSpaceAnalyzer - INFO - -> Analyzing version 4.7.1 (27/64)...
2025-11-16 16:32:23,608 - BlankSpaceAnalyzer - INFO - -> Analyzing version 4.7.3 (28/64)...
2025-11-16 16:32:23,608 - BlankSpaceAnalyzer - INFO - -> Analyzing version 4.7.4 (29/64)...
2025-11-16 16:32:23,608 - BlankSpaceAnalyzer - INFO - -> Analyzing version 5.0.0 (30/64)...
2025-11-16 16:32:23,654 - BlankSpaceAnalyzer - INFO - -> Analyzing version 5.0.4 (31/64)...
2025-11-16 16:32:23,704 - BlankSpaceAnalyzer - INFO - -> Analyzing version 5.0.5 (32/64)...
2025-11-16 16:32:23,750 - BlankSpaceAnalyzer - INFO - -> Analyzing version 5.0.6 (33/64)...
2025-11-16 16:32:23,799 - BlankSpaceAnalyzer - INFO - -> Analyzing version 5.1.0 (34/64)...
2025-11-16 16:32:23,844 - BlankSpaceAnalyzer - INFO - -> Analyzing version 5.1.1 (35/64)...
2025-11-16 16:32:23,892 - BlankSpaceAnalyzer - INFO - -> Analyzing version 5.1.5 (36/64)...
2025-11-16 16:32:23,940 - BlankSpaceAnalyzer - INFO - -> Analyzing version 5.1.6 (37/64)...
2025-11-16 16:32:23,985 - BlankSpaceAnalyzer - INFO - -> Analyzing version 6.0.1 (38/64)...
2025-11-16 16:32:23,985 - BlankSpaceAnalyzer - INFO - -> Analyzing version 6.1.0 (39/64)...
2025-11-16 16:32:23,986 - BlankSpaceAnalyzer - INFO - -> Analyzing version 6.1.1 (40/64)...
2025-11-16 16:32:23,986 - BlankSpaceAnalyzer - INFO - -> Analyzing version 6.1.2 (41/64)...
2025-11-16 16:32:23,986 - BlankSpaceAnalyzer - INFO - -> Analyzing version 6.1.3 (42/64)...
2025-11-16 16:32:23,986 - BlankSpaceAnalyzer - INFO - -> Analyzing version 6.2.0 (43/64)...
2025-11-16 16:32:24,031 - BlankSpaceAnalyzer - INFO - -> Analyzing version 6.2.0-alpha.0 (44/64)...
2025-11-16 16:32:24,080 - BlankSpaceAnalyzer - INFO - -> Analyzing version 6.2.0-alpha.1 (45/64)...
2025-11-16 16:32:24,126 - BlankSpaceAnalyzer - INFO - -> Analyzing version 6.2.0-alpha.2 (46/64)...
2025-11-16 16:32:24,173 - BlankSpaceAnalyzer - INFO - -> Analyzing version 6.2.0-alpha.3 (47/64)...
2025-11-16 16:32:24,210 - BlankSpaceAnalyzer - INFO - -> Analyzing version 6.3.0 (48/64)...
2025-11-16 16:32:24,261 - BlankSpaceAnalyzer - INFO - -> Analyzing version 6.4.0 (49/64)...
2025-11-16 16:32:24,309 - BlankSpaceAnalyzer - INFO - -> Analyzing version 6.5.0 (50/64)...
2025-11-16 16:32:24,345 - BlankSpaceAnalyzer - INFO - -> Analyzing version 7.0.0 (51/64)...
2025-11-16 16:32:24,345 - BlankSpaceAnalyzer - INFO - -> Analyzing version 7.0.0-alpha.0 (52/64)...
2025-11-16 16:32:24,393 - BlankSpaceAnalyzer - INFO - -> Analyzing version 7.0.0-alpha.1 (53/64)...
2025-11-16 16:32:24,437 - BlankSpaceAnalyzer - INFO - -> Analyzing version 7.0.0-alpha.110 (54/64)...
2025-11-16 16:32:24,437 - BlankSpaceAnalyzer - INFO - -> Analyzing version 7.0.0-alpha.111 (55/64)...
2025-11-16 16:32:24,437 - BlankSpaceAnalyzer - INFO - -> Analyzing version 7.0.0-alpha.113 (56/64)...
2025-11-16 16:32:24,438 - BlankSpaceAnalyzer - INFO - -> Analyzing version 7.0.0-alpha.114 (57/64)...
2025-11-16 16:32:24,438 - BlankSpaceAnalyzer - INFO - -> Analyzing version 7.0.0-alpha.115 (58/64)...
2025-11-16 16:32:24,438 - BlankSpaceAnalyzer - INFO - -> Analyzing version 7.0.0-alpha.116 (59/64)...
2025-11-16 16:32:24,439 - BlankSpaceAnalyzer - INFO - -> Analyzing version 7.0.0-alpha.2 (60/64)...
2025-11-16 16:32:24,484 - BlankSpaceAnalyzer - INFO - -> Analyzing version 7.1.0 (61/64)...
2025-11-16 16:32:24,484 - BlankSpaceAnalyzer - INFO - -> Analyzing version 7.1.0-alpha.7 (62/64)...
2025-11-16 16:32:24,484 - BlankSpaceAnalyzer - INFO - -> Analyzing version 7.1.0-alpha.70 (63/64)...
2025-11-16 16:32:24,485 - BlankSpaceAnalyzer - INFO - -> Analyzing version 7.2.0 (64/64)...
2025-11-16 16:32:24,485 - BlankSpaceAnalyzer - INFO - Exporting results for '@turf/intersect' to CSV...
2025-11-16 16:32:24,547 - BlankSpaceAnalyzer - INFO - Reports saved in: /app/npm_results/@turf_intersect
2025-11-16 16:32:24,547 - NPM_Analyzer - INFO - Cleaning temporary folder 'temp/@turf_intersect'...
2025-11-16 16:32:24,559 - NPM_Analyzer - INFO - Cleanup completed.
