2025-11-11 06:11:58,853 - NPM_HUT_Analyzer - INFO - Recupero metadata per 'next'...
2025-11-11 06:11:59,327 - NPM_HUT_Analyzer - INFO - Trovate 3449 versioni. Inizio download in 'temp_hut/next'...
2025-11-11 07:20:36,767 - NPM_HUT_Analyzer - ERROR -   Errore sulla versione 13.5.0: 404 Client Error: Not Found for url: https://registry.npmjs.org/next/-/next-13.5.0.tgz
2025-11-11 07:47:56,254 - NPM_HUT_Analyzer - ERROR -   Errore sulla versione 14.2.1-canary.1: 404 Client Error: Not Found for url: https://registry.npmjs.org/next/-/next-14.2.1-canary.1.tgz
2025-11-11 08:49:04,759 - NPM_HUT_Analyzer - ERROR -   Errore sulla versione 15.6.0-canary.50: [Errno 28] No space left on device
2025-11-11 08:49:08,560 - NPM_HUT_Analyzer - ERROR -   Errore sulla versione 15.6.0-canary.51: [Errno 28] No space left on device: 'temp_hut/next/15.6.0-canary.51'
2025-11-11 08:49:09,683 - NPM_HUT_Analyzer - ERROR -   Errore sulla versione 15.6.0-canary.52: [Errno 28] No space left on device: 'temp_hut/next/15.6.0-canary.52'
2025-11-11 08:49:10,664 - NPM_HUT_Analyzer - ERROR -   Errore sulla versione 15.6.0-canary.53: [Errno 28] No space left on device: 'temp_hut/next/15.6.0-canary.53'
2025-11-11 08:49:11,680 - NPM_HUT_Analyzer - ERROR -   Errore sulla versione 15.6.0-canary.54: [Errno 28] No space left on device: 'temp_hut/next/15.6.0-canary.54'
2025-11-11 08:49:15,220 - NPM_HUT_Analyzer - ERROR -   Errore sulla versione 15.6.0-canary.55: [Errno 28] No space left on device: 'temp_hut/next/15.6.0-canary.55'
2025-11-11 08:49:16,249 - NPM_HUT_Analyzer - ERROR -   Errore sulla versione 15.6.0-canary.56: [Errno 28] No space left on device: 'temp_hut/next/15.6.0-canary.56'
2025-11-11 08:49:17,238 - NPM_HUT_Analyzer - ERROR -   Errore sulla versione 15.6.0-canary.57: [Errno 28] No space left on device: 'temp_hut/next/15.6.0-canary.57'
2025-11-11 08:49:18,816 - NPM_HUT_Analyzer - ERROR -   Errore sulla versione 16.0.0-beta.0: [Errno 28] No space left on device: 'temp_hut/next/16.0.0-beta.0'
2025-11-11 08:49:19,894 - NPM_HUT_Analyzer - ERROR -   Errore sulla versione 16.0.0-canary.0: [Errno 28] No space left on device: 'temp_hut/next/16.0.0-canary.0'
2025-11-11 08:49:20,804 - NPM_HUT_Analyzer - ERROR -   Errore sulla versione 16.0.0-canary.1: [Errno 28] No space left on device: 'temp_hut/next/16.0.0-canary.1'
2025-11-11 08:49:25,298 - NPM_HUT_Analyzer - ERROR -   Errore sulla versione 16.0.0-canary.2: [Errno 28] No space left on device: 'temp_hut/next/16.0.0-canary.2'
2025-11-11 08:49:26,378 - NPM_HUT_Analyzer - ERROR -   Errore sulla versione 16.0.0-canary.3: [Errno 28] No space left on device: 'temp_hut/next/16.0.0-canary.3'
2025-11-11 08:49:27,414 - NPM_HUT_Analyzer - ERROR -   Errore sulla versione 15.5.5: [Errno 28] No space left on device: 'temp_hut/next/15.5.5'
2025-11-11 08:49:28,685 - NPM_HUT_Analyzer - ERROR -   Errore sulla versione 16.0.0-canary.4: [Errno 28] No space left on device: 'temp_hut/next/16.0.0-canary.4'
2025-11-11 08:49:29,746 - NPM_HUT_Analyzer - ERROR -   Errore sulla versione 16.0.0-canary.5: [Errno 28] No space left on device: 'temp_hut/next/16.0.0-canary.5'
2025-11-11 08:49:30,752 - NPM_HUT_Analyzer - ERROR -   Errore sulla versione 16.0.0-canary.6: [Errno 28] No space left on device: 'temp_hut/next/16.0.0-canary.6'
2025-11-11 08:49:31,806 - NPM_HUT_Analyzer - ERROR -   Errore sulla versione 16.0.0-canary.7: [Errno 28] No space left on device: 'temp_hut/next/16.0.0-canary.7'
2025-11-11 08:49:32,707 - NPM_HUT_Analyzer - ERROR -   Errore sulla versione 16.0.0-canary.8: [Errno 28] No space left on device: 'temp_hut/next/16.0.0-canary.8'
2025-11-11 08:49:33,800 - NPM_HUT_Analyzer - ERROR -   Errore sulla versione 16.0.0-canary.9: [Errno 28] No space left on device: 'temp_hut/next/16.0.0-canary.9'
2025-11-11 08:49:35,127 - NPM_HUT_Analyzer - ERROR -   Errore sulla versione 16.0.0-canary.10: [Errno 28] No space left on device: 'temp_hut/next/16.0.0-canary.10'
2025-11-11 08:49:36,096 - NPM_HUT_Analyzer - ERROR -   Errore sulla versione 15.5.6: [Errno 28] No space left on device: 'temp_hut/next/15.5.6'
2025-11-11 08:49:39,819 - NPM_HUT_Analyzer - ERROR -   Errore sulla versione 16.0.0-canary.11: [Errno 28] No space left on device: 'temp_hut/next/16.0.0-canary.11'
2025-11-11 08:49:44,502 - NPM_HUT_Analyzer - ERROR -   Errore sulla versione 16.0.0-canary.12: [Errno 28] No space left on device: 'temp_hut/next/16.0.0-canary.12'
2025-11-11 08:49:45,717 - NPM_HUT_Analyzer - ERROR -   Errore sulla versione 16.0.0-canary.13: [Errno 28] No space left on device: 'temp_hut/next/16.0.0-canary.13'
2025-11-11 08:49:46,778 - NPM_HUT_Analyzer - ERROR -   Errore sulla versione 16.0.0-canary.14: [Errno 28] No space left on device: 'temp_hut/next/16.0.0-canary.14'
2025-11-11 08:49:48,065 - NPM_HUT_Analyzer - ERROR -   Errore sulla versione 16.0.0-canary.15: [Errno 28] No space left on device: 'temp_hut/next/16.0.0-canary.15'
2025-11-11 08:49:49,075 - NPM_HUT_Analyzer - ERROR -   Errore sulla versione 16.0.0-canary.16: [Errno 28] No space left on device: 'temp_hut/next/16.0.0-canary.16'
2025-11-11 08:49:53,041 - NPM_HUT_Analyzer - ERROR -   Errore sulla versione 16.0.0-canary.17: [Errno 28] No space left on device: 'temp_hut/next/16.0.0-canary.17'
2025-11-11 08:49:57,489 - NPM_HUT_Analyzer - ERROR -   Errore sulla versione 16.0.0-canary.19: [Errno 28] No space left on device: 'temp_hut/next/16.0.0-canary.19'
2025-11-11 08:49:58,465 - NPM_HUT_Analyzer - ERROR -   Errore sulla versione 16.0.0-canary.18: [Errno 28] No space left on device: 'temp_hut/next/16.0.0-canary.18'
2025-11-11 08:49:59,613 - NPM_HUT_Analyzer - ERROR -   Errore sulla versione 16.0.0: [Errno 28] No space left on device: 'temp_hut/next/16.0.0'
2025-11-11 08:50:00,872 - NPM_HUT_Analyzer - ERROR -   Errore sulla versione 16.0.1-canary.0: [Errno 28] No space left on device: 'temp_hut/next/16.0.1-canary.0'
2025-11-11 08:50:02,127 - NPM_HUT_Analyzer - ERROR -   Errore sulla versione 16.0.1-canary.1: [Errno 28] No space left on device: 'temp_hut/next/16.0.1-canary.1'
2025-11-11 08:50:03,368 - NPM_HUT_Analyzer - ERROR -   Errore sulla versione 16.0.1-canary.2: [Errno 28] No space left on device: 'temp_hut/next/16.0.1-canary.2'
2025-11-11 08:50:04,394 - NPM_HUT_Analyzer - ERROR -   Errore sulla versione 16.0.1-canary.3: [Errno 28] No space left on device: 'temp_hut/next/16.0.1-canary.3'
2025-11-11 08:50:08,455 - NPM_HUT_Analyzer - ERROR -   Errore sulla versione 16.0.1-canary.4: [Errno 28] No space left on device: 'temp_hut/next/16.0.1-canary.4'
2025-11-11 08:50:09,432 - NPM_HUT_Analyzer - ERROR -   Errore sulla versione 16.0.1-canary.5: [Errno 28] No space left on device: 'temp_hut/next/16.0.1-canary.5'
2025-11-11 08:50:13,301 - NPM_HUT_Analyzer - ERROR -   Errore sulla versione 16.0.1-canary.6: [Errno 28] No space left on device: 'temp_hut/next/16.0.1-canary.6'
2025-11-11 08:50:14,290 - NPM_HUT_Analyzer - ERROR -   Errore sulla versione 16.0.1: [Errno 28] No space left on device: 'temp_hut/next/16.0.1'
2025-11-11 08:50:15,445 - NPM_HUT_Analyzer - ERROR -   Errore sulla versione 16.0.2-canary.0: [Errno 28] No space left on device: 'temp_hut/next/16.0.2-canary.0'
2025-11-11 08:50:16,784 - NPM_HUT_Analyzer - ERROR -   Errore sulla versione 16.0.2-canary.1: [Errno 28] No space left on device: 'temp_hut/next/16.0.2-canary.1'
2025-11-11 08:50:17,998 - NPM_HUT_Analyzer - ERROR -   Errore sulla versione 16.0.2-canary.2: [Errno 28] No space left on device: 'temp_hut/next/16.0.2-canary.2'
2025-11-11 08:50:19,230 - NPM_HUT_Analyzer - ERROR -   Errore sulla versione 16.0.2-canary.3: [Errno 28] No space left on device: 'temp_hut/next/16.0.2-canary.3'
2025-11-11 08:50:20,326 - NPM_HUT_Analyzer - ERROR -   Errore sulla versione 16.0.2-canary.4: [Errno 28] No space left on device: 'temp_hut/next/16.0.2-canary.4'
2025-11-11 08:50:21,257 - NPM_HUT_Analyzer - ERROR -   Errore sulla versione 16.0.2-canary.5: [Errno 28] No space left on device: 'temp_hut/next/16.0.2-canary.5'
2025-11-11 08:50:22,276 - NPM_HUT_Analyzer - ERROR -   Errore sulla versione 16.0.2-canary.6: [Errno 28] No space left on device: 'temp_hut/next/16.0.2-canary.6'
2025-11-11 08:56:35,376 - UnicodeAnalyzer - INFO - -> Analizzando versione 15.4.1 (2288/3393)...
2025-11-11 08:56:35,510 - UnicodeAnalyzer - INFO - Filtrati 3082 file (es. in /dist, /test).
2025-11-11 08:56:35,564 - UnicodeAnalyzer - INFO - -> Analizzando versione 15.4.2 (2289/3393)...
2025-11-11 08:56:35,697 - UnicodeAnalyzer - INFO - Filtrati 3082 file (es. in /dist, /test).
2025-11-11 08:56:35,753 - UnicodeAnalyzer - INFO - -> Analizzando versione 15.4.2-canary.0 (2290/3393)...
2025-11-11 08:56:35,880 - UnicodeAnalyzer - INFO - Filtrati 3082 file (es. in /dist, /test).
2025-11-11 08:56:35,939 - UnicodeAnalyzer - INFO - -> Analizzando versione 15.4.2-canary.1 (2291/3393)...
2025-11-11 08:56:36,074 - UnicodeAnalyzer - INFO - Filtrati 3082 file (es. in /dist, /test).
2025-11-11 08:56:36,137 - UnicodeAnalyzer - INFO - -> Analizzando versione 15.4.2-canary.10 (2292/3393)...
2025-11-11 08:56:36,279 - UnicodeAnalyzer - INFO - Filtrati 3091 file (es. in /dist, /test).
2025-11-11 08:56:36,343 - UnicodeAnalyzer - INFO - -> Analizzando versione 15.4.2-canary.11 (2293/3393)...
2025-11-11 08:56:36,476 - UnicodeAnalyzer - INFO - Filtrati 3097 file (es. in /dist, /test).
2025-11-11 08:56:36,539 - UnicodeAnalyzer - INFO - -> Analizzando versione 15.4.2-canary.12 (2294/3393)...
2025-11-11 08:56:36,676 - UnicodeAnalyzer - INFO - Filtrati 3093 file (es. in /dist, /test).
2025-11-11 08:56:36,738 - UnicodeAnalyzer - INFO - -> Analizzando versione 15.4.2-canary.13 (2295/3393)...
2025-11-11 08:56:36,868 - UnicodeAnalyzer - INFO - Filtrati 3093 file (es. in /dist, /test).
2025-11-11 08:56:36,930 - UnicodeAnalyzer - INFO - -> Analizzando versione 15.4.2-canary.14 (2296/3393)...
2025-11-11 08:56:37,055 - UnicodeAnalyzer - INFO - Filtrati 3093 file (es. in /dist, /test).
2025-11-11 08:56:37,115 - UnicodeAnalyzer - INFO - -> Analizzando versione 15.4.2-canary.15 (2297/3393)...
2025-11-11 08:56:37,253 - UnicodeAnalyzer - INFO - Filtrati 3095 file (es. in /dist, /test).
2025-11-11 08:56:37,314 - UnicodeAnalyzer - INFO - -> Analizzando versione 15.4.2-canary.16 (2298/3393)...
2025-11-11 08:56:37,454 - UnicodeAnalyzer - INFO - Filtrati 3097 file (es. in /dist, /test).
2025-11-11 08:56:37,507 - UnicodeAnalyzer - INFO - -> Analizzando versione 15.4.2-canary.17 (2299/3393)...
2025-11-11 08:56:37,636 - UnicodeAnalyzer - INFO - Filtrati 3097 file (es. in /dist, /test).
2025-11-11 08:56:37,684 - UnicodeAnalyzer - INFO - -> Analizzando versione 15.4.2-canary.18 (2300/3393)...
2025-11-11 08:56:37,811 - UnicodeAnalyzer - INFO - Filtrati 3097 file (es. in /dist, /test).
2025-11-11 08:56:37,860 - UnicodeAnalyzer - INFO - -> Analizzando versione 15.4.2-canary.19 (2301/3393)...
2025-11-11 08:56:37,990 - UnicodeAnalyzer - INFO - Filtrati 3099 file (es. in /dist, /test).
2025-11-11 08:56:38,042 - UnicodeAnalyzer - INFO - -> Analizzando versione 15.4.2-canary.2 (2302/3393)...
2025-11-11 08:56:38,164 - UnicodeAnalyzer - INFO - Filtrati 3086 file (es. in /dist, /test).
2025-11-11 08:56:38,218 - UnicodeAnalyzer - INFO - -> Analizzando versione 15.4.2-canary.20 (2303/3393)...
2025-11-11 08:56:38,330 - UnicodeAnalyzer - INFO - Filtrati 3101 file (es. in /dist, /test).
2025-11-11 08:56:38,384 - UnicodeAnalyzer - INFO - -> Analizzando versione 15.4.2-canary.21 (2304/3393)...
2025-11-11 08:56:38,514 - UnicodeAnalyzer - INFO - Filtrati 3101 file (es. in /dist, /test).
2025-11-11 08:56:38,562 - UnicodeAnalyzer - INFO - -> Analizzando versione 15.4.2-canary.22 (2305/3393)...
2025-11-11 08:56:38,688 - UnicodeAnalyzer - INFO - Filtrati 3101 file (es. in /dist, /test).
2025-11-11 08:56:38,740 - UnicodeAnalyzer - INFO - -> Analizzando versione 15.4.2-canary.23 (2306/3393)...
2025-11-11 08:56:38,864 - UnicodeAnalyzer - INFO - Filtrati 3099 file (es. in /dist, /test).
2025-11-11 08:56:38,920 - UnicodeAnalyzer - INFO - -> Analizzando versione 15.4.2-canary.24 (2307/3393)...
2025-11-11 08:56:39,036 - UnicodeAnalyzer - INFO - Filtrati 3099 file (es. in /dist, /test).
2025-11-11 08:56:39,092 - UnicodeAnalyzer - INFO - -> Analizzando versione 15.4.2-canary.25 (2308/3393)...
2025-11-11 08:56:39,221 - UnicodeAnalyzer - INFO - Filtrati 3101 file (es. in /dist, /test).
2025-11-11 08:56:39,272 - UnicodeAnalyzer - INFO - -> Analizzando versione 15.4.2-canary.26 (2309/3393)...
2025-11-11 08:56:39,401 - UnicodeAnalyzer - INFO - Filtrati 3101 file (es. in /dist, /test).
2025-11-11 08:56:39,450 - UnicodeAnalyzer - INFO - -> Analizzando versione 15.4.2-canary.27 (2310/3393)...
2025-11-11 08:56:39,572 - UnicodeAnalyzer - INFO - Filtrati 3101 file (es. in /dist, /test).
2025-11-11 08:56:39,627 - UnicodeAnalyzer - INFO - -> Analizzando versione 15.4.2-canary.28 (2311/3393)...
2025-11-11 08:56:39,747 - UnicodeAnalyzer - INFO - Filtrati 3106 file (es. in /dist, /test).
2025-11-11 08:56:39,802 - UnicodeAnalyzer - INFO - -> Analizzando versione 15.4.2-canary.29 (2312/3393)...
2025-11-11 08:56:39,930 - UnicodeAnalyzer - INFO - Filtrati 3106 file (es. in /dist, /test).
2025-11-11 08:56:39,980 - UnicodeAnalyzer - INFO - -> Analizzando versione 15.4.2-canary.3 (2313/3393)...
2025-11-11 08:56:40,108 - UnicodeAnalyzer - INFO - Filtrati 3086 file (es. in /dist, /test).
2025-11-11 08:56:40,245 - UnicodeAnalyzer - INFO - -> Analizzando versione 15.4.2-canary.30 (2314/3393)...
2025-11-11 08:56:40,420 - UnicodeAnalyzer - INFO - Filtrati 3106 file (es. in /dist, /test).
2025-11-11 08:56:40,469 - UnicodeAnalyzer - INFO - -> Analizzando versione 15.4.2-canary.31 (2315/3393)...
2025-11-11 08:56:40,596 - UnicodeAnalyzer - INFO - Filtrati 3108 file (es. in /dist, /test).
2025-11-11 08:56:40,646 - UnicodeAnalyzer - INFO - -> Analizzando versione 15.4.2-canary.32 (2316/3393)...
2025-11-11 08:56:40,767 - UnicodeAnalyzer - INFO - Filtrati 3110 file (es. in /dist, /test).
2025-11-11 08:56:40,821 - UnicodeAnalyzer - INFO - -> Analizzando versione 15.4.2-canary.33 (2317/3393)...
2025-11-11 08:56:40,940 - UnicodeAnalyzer - INFO - Filtrati 3110 file (es. in /dist, /test).
2025-11-11 08:56:40,995 - UnicodeAnalyzer - INFO - -> Analizzando versione 15.4.2-canary.34 (2318/3393)...
2025-11-11 08:56:41,128 - UnicodeAnalyzer - INFO - Filtrati 3112 file (es. in /dist, /test).
2025-11-11 08:56:41,178 - UnicodeAnalyzer - INFO - -> Analizzando versione 15.4.2-canary.35 (2319/3393)...
2025-11-11 08:56:41,309 - UnicodeAnalyzer - INFO - Filtrati 3112 file (es. in /dist, /test).
2025-11-11 08:56:41,359 - UnicodeAnalyzer - INFO - -> Analizzando versione 15.4.2-canary.36 (2320/3393)...
2025-11-11 08:56:41,487 - UnicodeAnalyzer - INFO - Filtrati 3112 file (es. in /dist, /test).
2025-11-11 08:56:41,540 - UnicodeAnalyzer - INFO - -> Analizzando versione 15.4.2-canary.37 (2321/3393)...
2025-11-11 08:56:41,659 - UnicodeAnalyzer - INFO - Filtrati 3113 file (es. in /dist, /test).
2025-11-11 08:56:41,717 - UnicodeAnalyzer - INFO - -> Analizzando versione 15.4.2-canary.38 (2322/3393)...
2025-11-11 08:56:41,857 - UnicodeAnalyzer - INFO - Filtrati 3113 file (es. in /dist, /test).
2025-11-11 08:56:41,912 - UnicodeAnalyzer - INFO - -> Analizzando versione 15.4.2-canary.39 (2323/3393)...
2025-11-11 08:56:42,039 - UnicodeAnalyzer - INFO - Filtrati 3113 file (es. in /dist, /test).
2025-11-11 08:56:42,092 - UnicodeAnalyzer - INFO - -> Analizzando versione 15.4.2-canary.4 (2324/3393)...
2025-11-11 08:56:42,234 - UnicodeAnalyzer - INFO - Filtrati 3086 file (es. in /dist, /test).
2025-11-11 08:56:42,285 - UnicodeAnalyzer - INFO - -> Analizzando versione 15.4.2-canary.40 (2325/3393)...
2025-11-11 08:56:42,416 - UnicodeAnalyzer - INFO - Filtrati 3113 file (es. in /dist, /test).
2025-11-11 08:56:42,465 - UnicodeAnalyzer - INFO - -> Analizzando versione 15.4.2-canary.41 (2326/3393)...
2025-11-11 08:56:42,593 - UnicodeAnalyzer - INFO - Filtrati 3113 file (es. in /dist, /test).
2025-11-11 08:56:42,643 - UnicodeAnalyzer - INFO - -> Analizzando versione 15.4.2-canary.42 (2327/3393)...
2025-11-11 08:56:42,764 - UnicodeAnalyzer - INFO - Filtrati 3115 file (es. in /dist, /test).
2025-11-11 08:56:42,819 - UnicodeAnalyzer - INFO - -> Analizzando versione 15.4.2-canary.43 (2328/3393)...
2025-11-11 08:56:42,936 - UnicodeAnalyzer - INFO - Filtrati 3115 file (es. in /dist, /test).
2025-11-11 08:56:42,991 - UnicodeAnalyzer - INFO - -> Analizzando versione 15.4.2-canary.44 (2329/3393)...
2025-11-11 08:56:43,121 - UnicodeAnalyzer - INFO - Filtrati 3115 file (es. in /dist, /test).
2025-11-11 08:56:43,173 - UnicodeAnalyzer - INFO - -> Analizzando versione 15.4.2-canary.45 (2330/3393)...
2025-11-11 08:56:43,307 - UnicodeAnalyzer - INFO - Filtrati 3115 file (es. in /dist, /test).
2025-11-11 08:56:43,359 - UnicodeAnalyzer - INFO - -> Analizzando versione 15.4.2-canary.46 (2331/3393)...
2025-11-11 08:56:43,487 - UnicodeAnalyzer - INFO - Filtrati 3115 file (es. in /dist, /test).
2025-11-11 08:56:43,542 - UnicodeAnalyzer - INFO - -> Analizzando versione 15.4.2-canary.47 (2332/3393)...
2025-11-11 08:56:43,666 - UnicodeAnalyzer - INFO - Filtrati 3115 file (es. in /dist, /test).
2025-11-11 08:56:43,721 - UnicodeAnalyzer - INFO - -> Analizzando versione 15.4.2-canary.48 (2333/3393)...
2025-11-11 08:56:43,849 - UnicodeAnalyzer - INFO - Filtrati 3115 file (es. in /dist, /test).
2025-11-11 08:56:43,905 - UnicodeAnalyzer - INFO - -> Analizzando versione 15.4.2-canary.49 (2334/3393)...
2025-11-11 08:56:44,040 - UnicodeAnalyzer - INFO - Filtrati 3115 file (es. in /dist, /test).
2025-11-11 08:56:44,096 - UnicodeAnalyzer - INFO - -> Analizzando versione 15.4.2-canary.5 (2335/3393)...
2025-11-11 08:56:44,225 - UnicodeAnalyzer - INFO - Filtrati 3086 file (es. in /dist, /test).
2025-11-11 08:56:44,275 - UnicodeAnalyzer - INFO - -> Analizzando versione 15.4.2-canary.50 (2336/3393)...
2025-11-11 08:56:44,403 - UnicodeAnalyzer - INFO - Filtrati 3115 file (es. in /dist, /test).
2025-11-11 08:56:44,453 - UnicodeAnalyzer - INFO - -> Analizzando versione 15.4.2-canary.51 (2337/3393)...
2025-11-11 08:56:44,580 - UnicodeAnalyzer - INFO - Filtrati 3115 file (es. in /dist, /test).
2025-11-11 08:56:44,634 - UnicodeAnalyzer - INFO - -> Analizzando versione 15.4.2-canary.52 (2338/3393)...
2025-11-11 08:56:44,755 - UnicodeAnalyzer - INFO - Filtrati 3115 file (es. in /dist, /test).
2025-11-11 08:56:44,811 - UnicodeAnalyzer - INFO - -> Analizzando versione 15.4.2-canary.53 (2339/3393)...
2025-11-11 08:56:44,936 - UnicodeAnalyzer - INFO - Filtrati 3115 file (es. in /dist, /test).
2025-11-11 08:56:44,986 - UnicodeAnalyzer - INFO - -> Analizzando versione 15.4.2-canary.54 (2340/3393)...
2025-11-11 08:56:45,116 - UnicodeAnalyzer - INFO - Filtrati 3115 file (es. in /dist, /test).
2025-11-11 08:56:45,179 - UnicodeAnalyzer - INFO - -> Analizzando versione 15.4.2-canary.55 (2341/3393)...
2025-11-11 08:56:45,315 - UnicodeAnalyzer - INFO - Filtrati 3115 file (es. in /dist, /test).
2025-11-11 08:56:45,374 - UnicodeAnalyzer - INFO - -> Analizzando versione 15.4.2-canary.56 (2342/3393)...
2025-11-11 08:56:45,506 - UnicodeAnalyzer - INFO - Filtrati 3115 file (es. in /dist, /test).
2025-11-11 08:56:45,558 - UnicodeAnalyzer - INFO - -> Analizzando versione 15.4.2-canary.6 (2343/3393)...
2025-11-11 08:56:45,688 - UnicodeAnalyzer - INFO - Filtrati 3089 file (es. in /dist, /test).
2025-11-11 08:56:45,739 - UnicodeAnalyzer - INFO - -> Analizzando versione 15.4.2-canary.7 (2344/3393)...
2025-11-11 08:56:45,864 - UnicodeAnalyzer - INFO - Filtrati 3089 file (es. in /dist, /test).
2025-11-11 08:56:45,918 - UnicodeAnalyzer - INFO - -> Analizzando versione 15.4.2-canary.8 (2345/3393)...
2025-11-11 08:56:46,038 - UnicodeAnalyzer - INFO - Filtrati 3089 file (es. in /dist, /test).
2025-11-11 08:56:46,095 - UnicodeAnalyzer - INFO - -> Analizzando versione 15.4.2-canary.9 (2346/3393)...
2025-11-11 08:56:46,225 - UnicodeAnalyzer - INFO - Filtrati 3089 file (es. in /dist, /test).
2025-11-11 08:56:46,275 - UnicodeAnalyzer - INFO - -> Analizzando versione 15.4.3 (2347/3393)...
2025-11-11 08:56:46,405 - UnicodeAnalyzer - INFO - Filtrati 3084 file (es. in /dist, /test).
2025-11-11 08:56:46,454 - UnicodeAnalyzer - INFO - -> Analizzando versione 15.4.4 (2348/3393)...
2025-11-11 08:56:46,633 - UnicodeAnalyzer - INFO - Filtrati 3084 file (es. in /dist, /test).
2025-11-11 08:56:46,684 - UnicodeAnalyzer - INFO - -> Analizzando versione 15.4.5 (2349/3393)...
2025-11-11 08:56:46,811 - UnicodeAnalyzer - INFO - Filtrati 3084 file (es. in /dist, /test).
2025-11-11 08:56:46,863 - UnicodeAnalyzer - INFO - -> Analizzando versione 15.4.6 (2350/3393)...
2025-11-11 08:56:46,989 - UnicodeAnalyzer - INFO - Filtrati 3084 file (es. in /dist, /test).
2025-11-11 08:56:47,040 - UnicodeAnalyzer - INFO - -> Analizzando versione 15.4.7 (2351/3393)...
2025-11-11 08:56:47,168 - UnicodeAnalyzer - INFO - Filtrati 3084 file (es. in /dist, /test).
2025-11-11 08:56:47,223 - UnicodeAnalyzer - INFO - -> Analizzando versione 15.5.0 (2352/3393)...
2025-11-11 08:56:47,341 - UnicodeAnalyzer - INFO - Filtrati 3115 file (es. in /dist, /test).
2025-11-11 08:56:47,395 - UnicodeAnalyzer - INFO - -> Analizzando versione 15.5.1 (2353/3393)...
2025-11-11 08:56:47,525 - UnicodeAnalyzer - INFO - Filtrati 3115 file (es. in /dist, /test).
2025-11-11 08:56:47,574 - UnicodeAnalyzer - INFO - -> Analizzando versione 15.5.1-canary.0 (2354/3393)...
2025-11-11 08:56:47,707 - UnicodeAnalyzer - INFO - Filtrati 3115 file (es. in /dist, /test).
2025-11-11 08:56:47,762 - UnicodeAnalyzer - INFO - -> Analizzando versione 15.5.1-canary.1 (2355/3393)...
2025-11-11 08:56:47,897 - UnicodeAnalyzer - INFO - Filtrati 3117 file (es. in /dist, /test).
2025-11-11 08:56:47,948 - UnicodeAnalyzer - INFO - -> Analizzando versione 15.5.1-canary.10 (2356/3393)...
2025-11-11 08:56:48,072 - UnicodeAnalyzer - INFO - Filtrati 3119 file (es. in /dist, /test).
2025-11-11 08:56:48,126 - UnicodeAnalyzer - INFO - -> Analizzando versione 15.5.1-canary.11 (2357/3393)...
2025-11-11 08:56:48,246 - UnicodeAnalyzer - INFO - Filtrati 3119 file (es. in /dist, /test).
2025-11-11 08:56:48,300 - UnicodeAnalyzer - INFO - -> Analizzando versione 15.5.1-canary.12 (2358/3393)...
2025-11-11 08:56:48,429 - UnicodeAnalyzer - INFO - Filtrati 3119 file (es. in /dist, /test).
2025-11-11 08:56:48,479 - UnicodeAnalyzer - INFO - -> Analizzando versione 15.5.1-canary.13 (2359/3393)...
2025-11-11 08:56:48,610 - UnicodeAnalyzer - INFO - Filtrati 3119 file (es. in /dist, /test).
2025-11-11 08:56:48,661 - UnicodeAnalyzer - INFO - -> Analizzando versione 15.5.1-canary.14 (2360/3393)...
2025-11-11 08:56:48,791 - UnicodeAnalyzer - INFO - Filtrati 3121 file (es. in /dist, /test).
2025-11-11 08:56:48,842 - UnicodeAnalyzer - INFO - -> Analizzando versione 15.5.1-canary.15 (2361/3393)...
2025-11-11 08:56:48,967 - UnicodeAnalyzer - INFO - Filtrati 3121 file (es. in /dist, /test).
2025-11-11 08:56:49,023 - UnicodeAnalyzer - INFO - -> Analizzando versione 15.5.1-canary.16 (2362/3393)...
2025-11-11 08:56:49,142 - UnicodeAnalyzer - INFO - Filtrati 3121 file (es. in /dist, /test).
2025-11-11 08:56:49,196 - UnicodeAnalyzer - INFO - -> Analizzando versione 15.5.1-canary.17 (2363/3393)...
2025-11-11 08:56:49,325 - UnicodeAnalyzer - INFO - Filtrati 3121 file (es. in /dist, /test).
2025-11-11 08:56:49,374 - UnicodeAnalyzer - INFO - -> Analizzando versione 15.5.1-canary.18 (2364/3393)...
2025-11-11 08:56:49,502 - UnicodeAnalyzer - INFO - Filtrati 3121 file (es. in /dist, /test).
2025-11-11 08:56:49,552 - UnicodeAnalyzer - INFO - -> Analizzando versione 15.5.1-canary.19 (2365/3393)...
2025-11-11 08:56:49,684 - UnicodeAnalyzer - INFO - Filtrati 3121 file (es. in /dist, /test).
2025-11-11 08:56:49,738 - UnicodeAnalyzer - INFO - -> Analizzando versione 15.5.1-canary.2 (2366/3393)...
2025-11-11 08:56:49,863 - UnicodeAnalyzer - INFO - Filtrati 3117 file (es. in /dist, /test).
2025-11-11 08:56:49,919 - UnicodeAnalyzer - INFO - -> Analizzando versione 15.5.1-canary.20 (2367/3393)...
2025-11-11 08:56:50,039 - UnicodeAnalyzer - INFO - Filtrati 3121 file (es. in /dist, /test).
2025-11-11 08:56:50,094 - UnicodeAnalyzer - INFO - -> Analizzando versione 15.5.1-canary.21 (2368/3393)...
2025-11-11 08:56:50,257 - UnicodeAnalyzer - INFO - Filtrati 3121 file (es. in /dist, /test).
2025-11-11 08:56:50,311 - UnicodeAnalyzer - INFO - -> Analizzando versione 15.5.1-canary.22 (2369/3393)...
2025-11-11 08:56:50,437 - UnicodeAnalyzer - INFO - Filtrati 3121 file (es. in /dist, /test).
2025-11-11 08:56:50,487 - UnicodeAnalyzer - INFO - -> Analizzando versione 15.5.1-canary.23 (2370/3393)...
2025-11-11 08:56:50,621 - UnicodeAnalyzer - INFO - Filtrati 3121 file (es. in /dist, /test).
2025-11-11 08:56:50,670 - UnicodeAnalyzer - INFO - -> Analizzando versione 15.5.1-canary.24 (2371/3393)...
2025-11-11 08:56:50,801 - UnicodeAnalyzer - INFO - Filtrati 3123 file (es. in /dist, /test).
2025-11-11 08:56:50,851 - UnicodeAnalyzer - INFO - -> Analizzando versione 15.5.1-canary.25 (2372/3393)...
2025-11-11 08:56:50,975 - UnicodeAnalyzer - INFO - Filtrati 3123 file (es. in /dist, /test).
2025-11-11 08:56:51,029 - UnicodeAnalyzer - INFO - -> Analizzando versione 15.5.1-canary.26 (2373/3393)...
2025-11-11 08:56:51,149 - UnicodeAnalyzer - INFO - Filtrati 3123 file (es. in /dist, /test).
2025-11-11 08:56:51,203 - UnicodeAnalyzer - INFO - -> Analizzando versione 15.5.1-canary.27 (2374/3393)...
2025-11-11 08:56:51,333 - UnicodeAnalyzer - INFO - Filtrati 3123 file (es. in /dist, /test).
2025-11-11 08:56:51,385 - UnicodeAnalyzer - INFO - -> Analizzando versione 15.5.1-canary.28 (2375/3393)...
2025-11-11 08:56:51,518 - UnicodeAnalyzer - INFO - Filtrati 3123 file (es. in /dist, /test).
2025-11-11 08:56:51,569 - UnicodeAnalyzer - INFO - -> Analizzando versione 15.5.1-canary.29 (2376/3393)...
2025-11-11 08:56:51,697 - UnicodeAnalyzer - INFO - Filtrati 3123 file (es. in /dist, /test).
2025-11-11 08:56:51,749 - UnicodeAnalyzer - INFO - -> Analizzando versione 15.5.1-canary.3 (2377/3393)...
2025-11-11 08:56:51,878 - UnicodeAnalyzer - INFO - Filtrati 3117 file (es. in /dist, /test).
2025-11-11 08:56:51,934 - UnicodeAnalyzer - INFO - -> Analizzando versione 15.5.1-canary.30 (2378/3393)...
2025-11-11 08:56:52,052 - UnicodeAnalyzer - INFO - Filtrati 3127 file (es. in /dist, /test).
2025-11-11 08:56:52,108 - UnicodeAnalyzer - INFO - -> Analizzando versione 15.5.1-canary.31 (2379/3393)...
2025-11-11 08:56:52,235 - UnicodeAnalyzer - INFO - Filtrati 3127 file (es. in /dist, /test).
2025-11-11 08:56:52,287 - UnicodeAnalyzer - INFO - -> Analizzando versione 15.5.1-canary.32 (2380/3393)...
2025-11-11 08:56:52,417 - UnicodeAnalyzer - INFO - Filtrati 3127 file (es. in /dist, /test).
2025-11-11 08:56:52,467 - UnicodeAnalyzer - INFO - -> Analizzando versione 15.5.1-canary.33 (2381/3393)...
2025-11-11 08:56:52,603 - UnicodeAnalyzer - INFO - Filtrati 3127 file (es. in /dist, /test).
2025-11-11 08:56:52,656 - UnicodeAnalyzer - INFO - -> Analizzando versione 15.5.1-canary.34 (2382/3393)...
2025-11-11 08:56:52,783 - UnicodeAnalyzer - INFO - Filtrati 3127 file (es. in /dist, /test).
2025-11-11 08:56:52,837 - UnicodeAnalyzer - INFO - -> Analizzando versione 15.5.1-canary.35 (2383/3393)...
2025-11-11 08:56:52,958 - UnicodeAnalyzer - INFO - Filtrati 3127 file (es. in /dist, /test).
2025-11-11 08:56:53,013 - UnicodeAnalyzer - INFO - -> Analizzando versione 15.5.1-canary.36 (2384/3393)...
2025-11-11 08:56:53,151 - UnicodeAnalyzer - INFO - Filtrati 3133 file (es. in /dist, /test).
2025-11-11 08:56:53,208 - UnicodeAnalyzer - INFO - -> Analizzando versione 15.5.1-canary.37 (2385/3393)...
2025-11-11 08:56:53,340 - UnicodeAnalyzer - INFO - Filtrati 3133 file (es. in /dist, /test).
2025-11-11 08:56:53,392 - UnicodeAnalyzer - INFO - -> Analizzando versione 15.5.1-canary.38 (2386/3393)...
2025-11-11 08:56:53,527 - UnicodeAnalyzer - INFO - Filtrati 3135 file (es. in /dist, /test).
2025-11-11 08:56:53,579 - UnicodeAnalyzer - INFO - -> Analizzando versione 15.5.1-canary.39 (2387/3393)...
2025-11-11 08:56:53,710 - UnicodeAnalyzer - INFO - Filtrati 3135 file (es. in /dist, /test).
2025-11-11 08:56:53,765 - UnicodeAnalyzer - INFO - -> Analizzando versione 15.5.1-canary.4 (2388/3393)...
2025-11-11 08:56:53,901 - UnicodeAnalyzer - INFO - Filtrati 3121 file (es. in /dist, /test).
2025-11-11 08:56:53,952 - UnicodeAnalyzer - INFO - -> Analizzando versione 15.5.1-canary.5 (2389/3393)...
2025-11-11 08:56:54,087 - UnicodeAnalyzer - INFO - Filtrati 3121 file (es. in /dist, /test).
2025-11-11 08:56:54,143 - UnicodeAnalyzer - INFO - -> Analizzando versione 15.5.1-canary.6 (2390/3393)...
2025-11-11 08:56:54,269 - UnicodeAnalyzer - INFO - Filtrati 3121 file (es. in /dist, /test).
2025-11-11 08:56:54,323 - UnicodeAnalyzer - INFO - -> Analizzando versione 15.5.1-canary.7 (2391/3393)...
2025-11-11 08:56:54,441 - UnicodeAnalyzer - INFO - Filtrati 3121 file (es. in /dist, /test).
2025-11-11 08:56:54,496 - UnicodeAnalyzer - INFO - -> Analizzando versione 15.5.1-canary.8 (2392/3393)...
2025-11-11 08:56:54,628 - UnicodeAnalyzer - INFO - Filtrati 3121 file (es. in /dist, /test).
2025-11-11 08:56:54,679 - UnicodeAnalyzer - INFO - -> Analizzando versione 15.5.1-canary.9 (2393/3393)...
2025-11-11 08:56:54,811 - UnicodeAnalyzer - INFO - Filtrati 3121 file (es. in /dist, /test).
2025-11-11 08:56:54,863 - UnicodeAnalyzer - INFO - -> Analizzando versione 15.5.2 (2394/3393)...
2025-11-11 08:56:54,995 - UnicodeAnalyzer - INFO - Filtrati 3115 file (es. in /dist, /test).
2025-11-11 08:56:55,047 - UnicodeAnalyzer - INFO - -> Analizzando versione 15.5.3 (2395/3393)...
2025-11-11 08:56:55,169 - UnicodeAnalyzer - INFO - Filtrati 3115 file (es. in /dist, /test).
2025-11-11 08:56:55,233 - UnicodeAnalyzer - INFO - -> Analizzando versione 15.5.4 (2396/3393)...
2025-11-11 08:56:55,353 - UnicodeAnalyzer - INFO - Filtrati 3115 file (es. in /dist, /test).
2025-11-11 08:56:55,410 - UnicodeAnalyzer - INFO - -> Analizzando versione 15.6.0-canary.0 (2397/3393)...
2025-11-11 08:56:55,535 - UnicodeAnalyzer - INFO - Filtrati 3135 file (es. in /dist, /test).
2025-11-11 08:56:55,588 - UnicodeAnalyzer - INFO - -> Analizzando versione 15.6.0-canary.1 (2398/3393)...
2025-11-11 08:56:55,719 - UnicodeAnalyzer - INFO - Filtrati 3137 file (es. in /dist, /test).
2025-11-11 08:56:55,768 - UnicodeAnalyzer - INFO - -> Analizzando versione 15.6.0-canary.10 (2399/3393)...
2025-11-11 08:56:55,897 - UnicodeAnalyzer - INFO - Filtrati 3140 file (es. in /dist, /test).
2025-11-11 08:56:55,950 - UnicodeAnalyzer - INFO - -> Analizzando versione 15.6.0-canary.11 (2400/3393)...
2025-11-11 08:56:56,076 - UnicodeAnalyzer - INFO - Filtrati 3140 file (es. in /dist, /test).
2025-11-11 08:56:56,130 - UnicodeAnalyzer - INFO - -> Analizzando versione 15.6.0-canary.12 (2401/3393)...
2025-11-11 08:56:56,248 - UnicodeAnalyzer - INFO - Filtrati 3140 file (es. in /dist, /test).
2025-11-11 08:56:56,304 - UnicodeAnalyzer - INFO - -> Analizzando versione 15.6.0-canary.13 (2402/3393)...
2025-11-11 08:56:56,443 - UnicodeAnalyzer - INFO - Filtrati 3140 file (es. in /dist, /test).
2025-11-11 08:56:56,494 - UnicodeAnalyzer - INFO - -> Analizzando versione 15.6.0-canary.14 (2403/3393)...
2025-11-11 08:56:56,625 - UnicodeAnalyzer - INFO - Filtrati 3147 file (es. in /dist, /test).
2025-11-11 08:56:56,675 - UnicodeAnalyzer - INFO - -> Analizzando versione 15.6.0-canary.15 (2404/3393)...
2025-11-11 08:56:56,808 - UnicodeAnalyzer - INFO - Filtrati 3147 file (es. in /dist, /test).
2025-11-11 08:56:56,862 - UnicodeAnalyzer - INFO - -> Analizzando versione 15.6.0-canary.16 (2405/3393)...
2025-11-11 08:56:56,994 - UnicodeAnalyzer - INFO - Filtrati 3147 file (es. in /dist, /test).
2025-11-11 08:56:57,049 - UnicodeAnalyzer - INFO - -> Analizzando versione 15.6.0-canary.17 (2406/3393)...
2025-11-11 08:56:57,177 - UnicodeAnalyzer - INFO - Filtrati 3145 file (es. in /dist, /test).
2025-11-11 08:56:57,232 - UnicodeAnalyzer - INFO - -> Analizzando versione 15.6.0-canary.18 (2407/3393)...
2025-11-11 08:56:57,355 - UnicodeAnalyzer - INFO - Filtrati 3145 file (es. in /dist, /test).
2025-11-11 08:56:57,411 - UnicodeAnalyzer - INFO - -> Analizzando versione 15.6.0-canary.19 (2408/3393)...
2025-11-11 08:56:57,540 - UnicodeAnalyzer - INFO - Filtrati 3145 file (es. in /dist, /test).
2025-11-11 08:56:57,592 - UnicodeAnalyzer - INFO - -> Analizzando versione 15.6.0-canary.2 (2409/3393)...
2025-11-11 08:56:57,723 - UnicodeAnalyzer - INFO - Filtrati 3137 file (es. in /dist, /test).
2025-11-11 08:56:57,774 - UnicodeAnalyzer - INFO - -> Analizzando versione 15.6.0-canary.20 (2410/3393)...
2025-11-11 08:56:57,904 - UnicodeAnalyzer - INFO - Filtrati 3145 file (es. in /dist, /test).
2025-11-11 08:56:57,956 - UnicodeAnalyzer - INFO - -> Analizzando versione 15.6.0-canary.21 (2411/3393)...
2025-11-11 08:56:58,083 - UnicodeAnalyzer - INFO - Filtrati 3145 file (es. in /dist, /test).
2025-11-11 08:56:58,135 - UnicodeAnalyzer - INFO - -> Analizzando versione 15.6.0-canary.22 (2412/3393)...
2025-11-11 08:56:58,255 - UnicodeAnalyzer - INFO - Filtrati 3144 file (es. in /dist, /test).
2025-11-11 08:56:58,310 - UnicodeAnalyzer - INFO - -> Analizzando versione 15.6.0-canary.23 (2413/3393)...
2025-11-11 08:56:58,439 - UnicodeAnalyzer - INFO - Filtrati 3146 file (es. in /dist, /test).
2025-11-11 08:56:58,491 - UnicodeAnalyzer - INFO - -> Analizzando versione 15.6.0-canary.24 (2414/3393)...
2025-11-11 08:56:58,620 - UnicodeAnalyzer - INFO - Filtrati 3152 file (es. in /dist, /test).
2025-11-11 08:56:58,671 - UnicodeAnalyzer - INFO - -> Analizzando versione 15.6.0-canary.25 (2415/3393)...
2025-11-11 08:56:58,803 - UnicodeAnalyzer - INFO - Filtrati 3152 file (es. in /dist, /test).
2025-11-11 08:56:58,858 - UnicodeAnalyzer - INFO - -> Analizzando versione 15.6.0-canary.26 (2416/3393)...
2025-11-11 08:56:58,986 - UnicodeAnalyzer - INFO - Filtrati 3154 file (es. in /dist, /test).
2025-11-11 08:56:59,041 - UnicodeAnalyzer - INFO - -> Analizzando versione 15.6.0-canary.27 (2417/3393)...
2025-11-11 08:56:59,164 - UnicodeAnalyzer - INFO - Filtrati 3155 file (es. in /dist, /test).
2025-11-11 08:56:59,220 - UnicodeAnalyzer - INFO - -> Analizzando versione 15.6.0-canary.28 (2418/3393)...
2025-11-11 08:56:59,339 - UnicodeAnalyzer - INFO - Filtrati 3157 file (es. in /dist, /test).
2025-11-11 08:56:59,394 - UnicodeAnalyzer - INFO - -> Analizzando versione 15.6.0-canary.29 (2419/3393)...
2025-11-11 08:56:59,522 - UnicodeAnalyzer - INFO - Filtrati 3165 file (es. in /dist, /test).
2025-11-11 08:56:59,575 - UnicodeAnalyzer - INFO - -> Analizzando versione 15.6.0-canary.3 (2420/3393)...
2025-11-11 08:56:59,708 - UnicodeAnalyzer - INFO - Filtrati 3137 file (es. in /dist, /test).
2025-11-11 08:56:59,760 - UnicodeAnalyzer - INFO - -> Analizzando versione 15.6.0-canary.30 (2421/3393)...
2025-11-11 08:56:59,892 - UnicodeAnalyzer - INFO - Filtrati 3165 file (es. in /dist, /test).
2025-11-11 08:56:59,944 - UnicodeAnalyzer - INFO - -> Analizzando versione 15.6.0-canary.31 (2422/3393)...
2025-11-11 08:57:00,073 - UnicodeAnalyzer - INFO - Filtrati 3175 file (es. in /dist, /test).
2025-11-11 08:57:00,127 - UnicodeAnalyzer - INFO - -> Analizzando versione 15.6.0-canary.32 (2423/3393)...
2025-11-11 08:57:00,250 - UnicodeAnalyzer - INFO - Filtrati 3175 file (es. in /dist, /test).
2025-11-11 08:57:00,312 - UnicodeAnalyzer - INFO - -> Analizzando versione 15.6.0-canary.33 (2424/3393)...
2025-11-11 08:57:00,440 - UnicodeAnalyzer - INFO - Filtrati 3177 file (es. in /dist, /test).
2025-11-11 08:57:00,490 - UnicodeAnalyzer - INFO - -> Analizzando versione 15.6.0-canary.34 (2425/3393)...
2025-11-11 08:57:00,621 - UnicodeAnalyzer - INFO - Filtrati 3177 file (es. in /dist, /test).
2025-11-11 08:57:00,675 - UnicodeAnalyzer - INFO - -> Analizzando versione 15.6.0-canary.35 (2426/3393)...
2025-11-11 08:57:00,808 - UnicodeAnalyzer - INFO - Filtrati 3175 file (es. in /dist, /test).
2025-11-11 08:57:00,859 - UnicodeAnalyzer - INFO - -> Analizzando versione 15.6.0-canary.36 (2427/3393)...
2025-11-11 08:57:00,995 - UnicodeAnalyzer - INFO - Filtrati 3175 file (es. in /dist, /test).
2025-11-11 08:57:01,049 - UnicodeAnalyzer - INFO - -> Analizzando versione 15.6.0-canary.37 (2428/3393)...
2025-11-11 08:57:01,175 - UnicodeAnalyzer - INFO - Filtrati 3156 file (es. in /dist, /test).
2025-11-11 08:57:01,232 - UnicodeAnalyzer - INFO - -> Analizzando versione 15.6.0-canary.38 (2429/3393)...
2025-11-11 08:57:01,360 - UnicodeAnalyzer - INFO - Filtrati 3154 file (es. in /dist, /test).
2025-11-11 08:57:01,419 - UnicodeAnalyzer - INFO - -> Analizzando versione 15.6.0-canary.39 (2430/3393)...
2025-11-11 08:57:01,544 - UnicodeAnalyzer - INFO - Filtrati 3152 file (es. in /dist, /test).
2025-11-11 08:57:01,599 - UnicodeAnalyzer - INFO - -> Analizzando versione 15.6.0-canary.4 (2431/3393)...
2025-11-11 08:57:01,729 - UnicodeAnalyzer - INFO - Filtrati 3137 file (es. in /dist, /test).
2025-11-11 08:57:01,779 - UnicodeAnalyzer - INFO - -> Analizzando versione 15.6.0-canary.40 (2432/3393)...
2025-11-11 08:57:01,957 - UnicodeAnalyzer - INFO - Filtrati 3156 file (es. in /dist, /test).
2025-11-11 08:57:02,010 - UnicodeAnalyzer - INFO - -> Analizzando versione 15.6.0-canary.41 (2433/3393)...
2025-11-11 08:57:02,136 - UnicodeAnalyzer - INFO - Filtrati 3156 file (es. in /dist, /test).
2025-11-11 08:57:02,186 - UnicodeAnalyzer - INFO - -> Analizzando versione 15.6.0-canary.42 (2434/3393)...
2025-11-11 08:57:02,317 - UnicodeAnalyzer - INFO - Filtrati 3156 file (es. in /dist, /test).
2025-11-11 08:57:02,366 - UnicodeAnalyzer - INFO - -> Analizzando versione 15.6.0-canary.43 (2435/3393)...
2025-11-11 08:57:02,495 - UnicodeAnalyzer - INFO - Filtrati 3156 file (es. in /dist, /test).
2025-11-11 08:57:02,548 - UnicodeAnalyzer - INFO - -> Analizzando versione 15.6.0-canary.44 (2436/3393)...
2025-11-11 08:57:02,675 - UnicodeAnalyzer - INFO - Filtrati 3156 file (es. in /dist, /test).
2025-11-11 08:57:02,732 - UnicodeAnalyzer - INFO - -> Analizzando versione 15.6.0-canary.45 (2437/3393)...
2025-11-11 08:57:02,864 - UnicodeAnalyzer - INFO - Filtrati 3156 file (es. in /dist, /test).
2025-11-11 08:57:02,920 - UnicodeAnalyzer - INFO - -> Analizzando versione 15.6.0-canary.46 (2438/3393)...
2025-11-11 08:57:03,042 - UnicodeAnalyzer - INFO - Filtrati 3152 file (es. in /dist, /test).
2025-11-11 08:57:03,098 - UnicodeAnalyzer - INFO - -> Analizzando versione 15.6.0-canary.47 (2439/3393)...
2025-11-11 08:57:03,226 - UnicodeAnalyzer - INFO - Filtrati 3152 file (es. in /dist, /test).
2025-11-11 08:57:03,281 - UnicodeAnalyzer - INFO - -> Analizzando versione 15.6.0-canary.48 (2440/3393)...
2025-11-11 08:57:03,412 - UnicodeAnalyzer - INFO - Filtrati 3152 file (es. in /dist, /test).
2025-11-11 08:57:03,462 - UnicodeAnalyzer - INFO - -> Analizzando versione 15.6.0-canary.49 (2441/3393)...
2025-11-11 08:57:03,591 - UnicodeAnalyzer - INFO - Filtrati 3152 file (es. in /dist, /test).
2025-11-11 08:57:03,643 - UnicodeAnalyzer - INFO - -> Analizzando versione 15.6.0-canary.5 (2442/3393)...
2025-11-11 08:57:03,765 - UnicodeAnalyzer - INFO - Filtrati 3137 file (es. in /dist, /test).
2025-11-11 08:57:03,819 - UnicodeAnalyzer - INFO - -> Analizzando versione 15.6.0-canary.50 (2443/3393)...
2025-11-11 08:57:03,927 - UnicodeAnalyzer - INFO - Filtrati 3152 file (es. in /dist, /test).
2025-11-11 08:57:03,983 - UnicodeAnalyzer - INFO - -> Analizzando versione 15.6.0-canary.6 (2444/3393)...
2025-11-11 08:57:04,115 - UnicodeAnalyzer - INFO - Filtrati 3137 file (es. in /dist, /test).
2025-11-11 08:57:04,167 - UnicodeAnalyzer - INFO - -> Analizzando versione 15.6.0-canary.7 (2445/3393)...
2025-11-11 08:57:04,297 - UnicodeAnalyzer - INFO - Filtrati 3137 file (es. in /dist, /test).
2025-11-11 08:57:04,347 - UnicodeAnalyzer - INFO - -> Analizzando versione 15.6.0-canary.8 (2446/3393)...
2025-11-11 08:57:04,472 - UnicodeAnalyzer - INFO - Filtrati 3137 file (es. in /dist, /test).
2025-11-11 08:57:04,530 - UnicodeAnalyzer - INFO - -> Analizzando versione 15.6.0-canary.9 (2447/3393)...
2025-11-11 08:57:04,655 - UnicodeAnalyzer - INFO - Filtrati 3140 file (es. in /dist, /test).
2025-11-11 08:57:04,709 - UnicodeAnalyzer - INFO - -> Analizzando versione 2.0.0 (2448/3393)...
2025-11-11 08:57:04,711 - UnicodeAnalyzer - INFO - Filtrati 46 file (es. in /dist, /test).
2025-11-11 08:57:04,759 - UnicodeAnalyzer - INFO - -> Analizzando versione 2.0.0-beta.0 (2449/3393)...
2025-11-11 08:57:04,762 - UnicodeAnalyzer - INFO - Filtrati 42 file (es. in /dist, /test).
2025-11-11 08:57:04,807 - UnicodeAnalyzer - INFO - -> Analizzando versione 2.0.0-beta.1 (2450/3393)...
2025-11-11 08:57:04,809 - UnicodeAnalyzer - INFO - Filtrati 42 file (es. in /dist, /test).
2025-11-11 08:57:04,859 - UnicodeAnalyzer - INFO - -> Analizzando versione 2.0.0-beta.10 (2451/3393)...
2025-11-11 08:57:04,861 - UnicodeAnalyzer - INFO - Filtrati 43 file (es. in /dist, /test).
2025-11-11 08:57:04,907 - UnicodeAnalyzer - INFO - -> Analizzando versione 2.0.0-beta.11 (2452/3393)...
2025-11-11 08:57:04,910 - UnicodeAnalyzer - INFO - Filtrati 43 file (es. in /dist, /test).
2025-11-11 08:57:04,955 - UnicodeAnalyzer - INFO - -> Analizzando versione 2.0.0-beta.12 (2453/3393)...
2025-11-11 08:57:04,958 - UnicodeAnalyzer - INFO - Filtrati 43 file (es. in /dist, /test).
2025-11-11 08:57:05,004 - UnicodeAnalyzer - INFO - -> Analizzando versione 2.0.0-beta.13 (2454/3393)...
2025-11-11 08:57:05,008 - UnicodeAnalyzer - INFO - Filtrati 43 file (es. in /dist, /test).
2025-11-11 08:57:05,055 - UnicodeAnalyzer - INFO - -> Analizzando versione 2.0.0-beta.14 (2455/3393)...
2025-11-11 08:57:05,058 - UnicodeAnalyzer - INFO - Filtrati 59 file (es. in /dist, /test).
2025-11-11 08:57:05,106 - UnicodeAnalyzer - INFO - -> Analizzando versione 2.0.0-beta.15 (2456/3393)...
2025-11-11 08:57:05,109 - UnicodeAnalyzer - INFO - Filtrati 44 file (es. in /dist, /test).
2025-11-11 08:57:05,158 - UnicodeAnalyzer - INFO - -> Analizzando versione 2.0.0-beta.16 (2457/3393)...
2025-11-11 08:57:05,161 - UnicodeAnalyzer - INFO - Filtrati 44 file (es. in /dist, /test).
2025-11-11 08:57:05,206 - UnicodeAnalyzer - INFO - -> Analizzando versione 2.0.0-beta.17 (2458/3393)...
2025-11-11 08:57:05,210 - UnicodeAnalyzer - INFO - Filtrati 43 file (es. in /dist, /test).
2025-11-11 08:57:05,256 - UnicodeAnalyzer - INFO - -> Analizzando versione 2.0.0-beta.18 (2459/3393)...
2025-11-11 08:57:05,293 - UnicodeAnalyzer - INFO - Filtrati 42 file (es. in /dist, /test).
2025-11-11 08:57:05,341 - UnicodeAnalyzer - INFO - -> Analizzando versione 2.0.0-beta.19 (2460/3393)...
2025-11-11 08:57:05,344 - UnicodeAnalyzer - INFO - Filtrati 42 file (es. in /dist, /test).
2025-11-11 08:57:05,389 - UnicodeAnalyzer - INFO - -> Analizzando versione 2.0.0-beta.2 (2461/3393)...
2025-11-11 08:57:05,391 - UnicodeAnalyzer - INFO - Filtrati 42 file (es. in /dist, /test).
2025-11-11 08:57:05,439 - UnicodeAnalyzer - INFO - -> Analizzando versione 2.0.0-beta.20 (2462/3393)...
2025-11-11 08:57:05,441 - UnicodeAnalyzer - INFO - Filtrati 42 file (es. in /dist, /test).
2025-11-11 08:57:05,487 - UnicodeAnalyzer - INFO - -> Analizzando versione 2.0.0-beta.21 (2463/3393)...
2025-11-11 08:57:05,490 - UnicodeAnalyzer - INFO - Filtrati 42 file (es. in /dist, /test).
2025-11-11 08:57:05,538 - UnicodeAnalyzer - INFO - -> Analizzando versione 2.0.0-beta.22 (2464/3393)...
2025-11-11 08:57:05,541 - UnicodeAnalyzer - INFO - Filtrati 42 file (es. in /dist, /test).
2025-11-11 08:57:05,589 - UnicodeAnalyzer - INFO - -> Analizzando versione 2.0.0-beta.23 (2465/3393)...
2025-11-11 08:57:05,592 - UnicodeAnalyzer - INFO - Filtrati 43 file (es. in /dist, /test).
2025-11-11 08:57:05,640 - UnicodeAnalyzer - INFO - -> Analizzando versione 2.0.0-beta.24 (2466/3393)...
2025-11-11 08:57:05,643 - UnicodeAnalyzer - INFO - Filtrati 43 file (es. in /dist, /test).
2025-11-11 08:57:05,689 - UnicodeAnalyzer - INFO - -> Analizzando versione 2.0.0-beta.25 (2467/3393)...
2025-11-11 08:57:05,692 - UnicodeAnalyzer - INFO - Filtrati 44 file (es. in /dist, /test).
2025-11-11 08:57:05,739 - UnicodeAnalyzer - INFO - -> Analizzando versione 2.0.0-beta.26 (2468/3393)...
2025-11-11 08:57:05,742 - UnicodeAnalyzer - INFO - Filtrati 44 file (es. in /dist, /test).
2025-11-11 08:57:05,791 - UnicodeAnalyzer - INFO - -> Analizzando versione 2.0.0-beta.27 (2469/3393)...
2025-11-11 08:57:05,793 - UnicodeAnalyzer - INFO - Filtrati 42 file (es. in /dist, /test).
2025-11-11 08:57:05,840 - UnicodeAnalyzer - INFO - -> Analizzando versione 2.0.0-beta.28 (2470/3393)...
2025-11-11 08:57:05,842 - UnicodeAnalyzer - INFO - Filtrati 44 file (es. in /dist, /test).
2025-11-11 08:57:05,892 - UnicodeAnalyzer - INFO - -> Analizzando versione 2.0.0-beta.29 (2471/3393)...
2025-11-11 08:57:05,895 - UnicodeAnalyzer - INFO - Filtrati 44 file (es. in /dist, /test).
2025-11-11 08:57:05,941 - UnicodeAnalyzer - INFO - -> Analizzando versione 2.0.0-beta.3 (2472/3393)...
2025-11-11 08:57:05,944 - UnicodeAnalyzer - INFO - Filtrati 42 file (es. in /dist, /test).
2025-11-11 08:57:05,991 - UnicodeAnalyzer - INFO - -> Analizzando versione 2.0.0-beta.30 (2473/3393)...
2025-11-11 08:57:05,993 - UnicodeAnalyzer - INFO - Filtrati 24 file (es. in /dist, /test).
2025-11-11 08:57:06,040 - UnicodeAnalyzer - INFO - -> Analizzando versione 2.0.0-beta.31 (2474/3393)...
2025-11-11 08:57:06,042 - UnicodeAnalyzer - INFO - Filtrati 44 file (es. in /dist, /test).
2025-11-11 08:57:06,090 - UnicodeAnalyzer - INFO - -> Analizzando versione 2.0.0-beta.32 (2475/3393)...
2025-11-11 08:57:06,093 - UnicodeAnalyzer - INFO - Filtrati 44 file (es. in /dist, /test).
2025-11-11 08:57:06,139 - UnicodeAnalyzer - INFO - -> Analizzando versione 2.0.0-beta.33 (2476/3393)...
2025-11-11 08:57:06,142 - UnicodeAnalyzer - INFO - Filtrati 46 file (es. in /dist, /test).
2025-11-11 08:57:06,192 - UnicodeAnalyzer - INFO - -> Analizzando versione 2.0.0-beta.34 (2477/3393)...
2025-11-11 08:57:06,194 - UnicodeAnalyzer - INFO - Filtrati 46 file (es. in /dist, /test).
2025-11-11 08:57:06,240 - UnicodeAnalyzer - INFO - -> Analizzando versione 2.0.0-beta.35 (2478/3393)...
2025-11-11 08:57:06,242 - UnicodeAnalyzer - INFO - Filtrati 46 file (es. in /dist, /test).
2025-11-11 08:57:06,290 - UnicodeAnalyzer - INFO - -> Analizzando versione 2.0.0-beta.36 (2479/3393)...
2025-11-11 08:57:06,292 - UnicodeAnalyzer - INFO - Filtrati 46 file (es. in /dist, /test).
2025-11-11 08:57:06,339 - UnicodeAnalyzer - INFO - -> Analizzando versione 2.0.0-beta.37 (2480/3393)...
2025-11-11 08:57:06,342 - UnicodeAnalyzer - INFO - Filtrati 46 file (es. in /dist, /test).
2025-11-11 08:57:06,390 - UnicodeAnalyzer - INFO - -> Analizzando versione 2.0.0-beta.38 (2481/3393)...
2025-11-11 08:57:06,392 - UnicodeAnalyzer - INFO - Filtrati 45 file (es. in /dist, /test).
2025-11-11 08:57:06,438 - UnicodeAnalyzer - INFO - -> Analizzando versione 2.0.0-beta.39 (2482/3393)...
2025-11-11 08:57:06,440 - UnicodeAnalyzer - INFO - Filtrati 45 file (es. in /dist, /test).
2025-11-11 08:57:06,488 - UnicodeAnalyzer - INFO - -> Analizzando versione 2.0.0-beta.4 (2483/3393)...
2025-11-11 08:57:06,491 - UnicodeAnalyzer - INFO - Filtrati 41 file (es. in /dist, /test).
2025-11-11 08:57:06,539 - UnicodeAnalyzer - INFO - -> Analizzando versione 2.0.0-beta.40 (2484/3393)...
2025-11-11 08:57:06,541 - UnicodeAnalyzer - INFO - Filtrati 46 file (es. in /dist, /test).
2025-11-11 08:57:06,588 - UnicodeAnalyzer - INFO - -> Analizzando versione 2.0.0-beta.41 (2485/3393)...
2025-11-11 08:57:06,590 - UnicodeAnalyzer - INFO - Filtrati 46 file (es. in /dist, /test).
2025-11-11 08:57:06,637 - UnicodeAnalyzer - INFO - -> Analizzando versione 2.0.0-beta.42 (2486/3393)...
2025-11-11 08:57:06,640 - UnicodeAnalyzer - INFO - Filtrati 46 file (es. in /dist, /test).
2025-11-11 08:57:06,692 - UnicodeAnalyzer - INFO - -> Analizzando versione 2.0.0-beta.5 (2487/3393)...
2025-11-11 08:57:06,694 - UnicodeAnalyzer - INFO - Filtrati 41 file (es. in /dist, /test).
2025-11-11 08:57:06,741 - UnicodeAnalyzer - INFO - -> Analizzando versione 2.0.0-beta.6 (2488/3393)...
2025-11-11 08:57:06,744 - UnicodeAnalyzer - INFO - Filtrati 42 file (es. in /dist, /test).
2025-11-11 08:57:06,791 - UnicodeAnalyzer - INFO - -> Analizzando versione 2.0.0-beta.7 (2489/3393)...
2025-11-11 08:57:06,794 - UnicodeAnalyzer - INFO - Filtrati 43 file (es. in /dist, /test).
2025-11-11 08:57:06,842 - UnicodeAnalyzer - INFO - -> Analizzando versione 2.0.0-beta.8 (2490/3393)...
2025-11-11 08:57:06,844 - UnicodeAnalyzer - INFO - Filtrati 43 file (es. in /dist, /test).
2025-11-11 08:57:06,892 - UnicodeAnalyzer - INFO - -> Analizzando versione 2.0.0-beta.9 (2491/3393)...
2025-11-11 08:57:06,894 - UnicodeAnalyzer - INFO - Filtrati 43 file (es. in /dist, /test).
2025-11-11 08:57:06,942 - UnicodeAnalyzer - INFO - -> Analizzando versione 2.0.1 (2492/3393)...
2025-11-11 08:57:06,944 - UnicodeAnalyzer - INFO - Filtrati 46 file (es. in /dist, /test).
2025-11-11 08:57:06,990 - UnicodeAnalyzer - INFO - -> Analizzando versione 2.1.0 (2493/3393)...
2025-11-11 08:57:06,993 - UnicodeAnalyzer - INFO - Filtrati 46 file (es. in /dist, /test).
2025-11-11 08:57:07,039 - UnicodeAnalyzer - INFO - -> Analizzando versione 2.1.1 (2494/3393)...
2025-11-11 08:57:07,041 - UnicodeAnalyzer - INFO - Filtrati 46 file (es. in /dist, /test).
2025-11-11 08:57:07,089 - UnicodeAnalyzer - INFO - -> Analizzando versione 2.2.0 (2495/3393)...
2025-11-11 08:57:07,091 - UnicodeAnalyzer - INFO - Filtrati 45 file (es. in /dist, /test).
2025-11-11 08:57:07,141 - UnicodeAnalyzer - INFO - -> Analizzando versione 2.3.0 (2496/3393)...
2025-11-11 08:57:07,143 - UnicodeAnalyzer - INFO - Filtrati 45 file (es. in /dist, /test).
2025-11-11 08:57:07,188 - UnicodeAnalyzer - INFO - -> Analizzando versione 2.3.0-alpha1 (2497/3393)...
2025-11-11 08:57:07,191 - UnicodeAnalyzer - INFO - Filtrati 48 file (es. in /dist, /test).
2025-11-11 08:57:07,237 - UnicodeAnalyzer - INFO - -> Analizzando versione 2.3.1 (2498/3393)...
2025-11-11 08:57:07,239 - UnicodeAnalyzer - INFO - Filtrati 45 file (es. in /dist, /test).
2025-11-11 08:57:07,287 - UnicodeAnalyzer - INFO - -> Analizzando versione 2.4.0 (2499/3393)...
2025-11-11 08:57:07,289 - UnicodeAnalyzer - INFO - Filtrati 45 file (es. in /dist, /test).
2025-11-11 08:57:07,336 - UnicodeAnalyzer - INFO - -> Analizzando versione 2.4.1 (2500/3393)...
2025-11-11 08:57:07,338 - UnicodeAnalyzer - INFO - Filtrati 45 file (es. in /dist, /test).
2025-11-11 08:57:07,385 - UnicodeAnalyzer - INFO - -> Analizzando versione 2.4.2 (2501/3393)...
2025-11-11 08:57:07,387 - UnicodeAnalyzer - INFO - Filtrati 45 file (es. in /dist, /test).
2025-11-11 08:57:07,437 - UnicodeAnalyzer - INFO - -> Analizzando versione 2.4.3 (2502/3393)...
2025-11-11 08:57:07,439 - UnicodeAnalyzer - INFO - Filtrati 46 file (es. in /dist, /test).
2025-11-11 08:57:07,486 - UnicodeAnalyzer - INFO - -> Analizzando versione 2.4.4 (2503/3393)...
2025-11-11 08:57:07,489 - UnicodeAnalyzer - INFO - Filtrati 46 file (es. in /dist, /test).
2025-11-11 08:57:07,536 - UnicodeAnalyzer - INFO - -> Analizzando versione 2.4.5 (2504/3393)...
2025-11-11 08:57:07,538 - UnicodeAnalyzer - INFO - Filtrati 46 file (es. in /dist, /test).
2025-11-11 08:57:07,584 - UnicodeAnalyzer - INFO - -> Analizzando versione 2.4.6 (2505/3393)...
2025-11-11 08:57:07,586 - UnicodeAnalyzer - INFO - Filtrati 46 file (es. in /dist, /test).
2025-11-11 08:57:07,633 - UnicodeAnalyzer - INFO - -> Analizzando versione 2.4.7 (2506/3393)...
2025-11-11 08:57:07,635 - UnicodeAnalyzer - INFO - Filtrati 46 file (es. in /dist, /test).
2025-11-11 08:57:07,682 - UnicodeAnalyzer - INFO - -> Analizzando versione 2.4.8 (2507/3393)...
2025-11-11 08:57:07,685 - UnicodeAnalyzer - INFO - Filtrati 46 file (es. in /dist, /test).
2025-11-11 08:57:07,734 - UnicodeAnalyzer - INFO - -> Analizzando versione 2.4.9 (2508/3393)...
2025-11-11 08:57:07,736 - UnicodeAnalyzer - INFO - Filtrati 46 file (es. in /dist, /test).
2025-11-11 08:57:07,782 - UnicodeAnalyzer - INFO - -> Analizzando versione 3.0.0-beta1 (2509/3393)...
2025-11-11 08:57:07,785 - UnicodeAnalyzer - INFO - Filtrati 49 file (es. in /dist, /test).
2025-11-11 08:57:07,831 - UnicodeAnalyzer - INFO - -> Analizzando versione 3.0.0-beta10 (2510/3393)...
2025-11-11 08:57:07,834 - UnicodeAnalyzer - INFO - Filtrati 49 file (es. in /dist, /test).
2025-11-11 08:57:07,881 - UnicodeAnalyzer - INFO - -> Analizzando versione 3.0.0-beta11 (2511/3393)...
2025-11-11 08:57:07,883 - UnicodeAnalyzer - INFO - Filtrati 50 file (es. in /dist, /test).
2025-11-11 08:57:07,931 - UnicodeAnalyzer - INFO - -> Analizzando versione 3.0.0-beta12 (2512/3393)...
2025-11-11 08:57:07,933 - UnicodeAnalyzer - INFO - Filtrati 50 file (es. in /dist, /test).
2025-11-11 08:57:07,980 - UnicodeAnalyzer - INFO - -> Analizzando versione 3.0.0-beta13 (2513/3393)...
2025-11-11 08:57:07,983 - UnicodeAnalyzer - INFO - Filtrati 50 file (es. in /dist, /test).
2025-11-11 08:57:08,030 - UnicodeAnalyzer - INFO - -> Analizzando versione 3.0.0-beta14 (2514/3393)...
2025-11-11 08:57:08,032 - UnicodeAnalyzer - INFO - Filtrati 50 file (es. in /dist, /test).
2025-11-11 08:57:08,079 - UnicodeAnalyzer - INFO - -> Analizzando versione 3.0.0-beta15 (2515/3393)...
2025-11-11 08:57:08,081 - UnicodeAnalyzer - INFO - Filtrati 50 file (es. in /dist, /test).
2025-11-11 08:57:08,128 - UnicodeAnalyzer - INFO - -> Analizzando versione 3.0.0-beta16 (2516/3393)...
2025-11-11 08:57:08,131 - UnicodeAnalyzer - INFO - Filtrati 50 file (es. in /dist, /test).
2025-11-11 08:57:08,184 - UnicodeAnalyzer - INFO - -> Analizzando versione 3.0.0-beta2 (2517/3393)...
2025-11-11 08:57:08,186 - UnicodeAnalyzer - INFO - Filtrati 49 file (es. in /dist, /test).
2025-11-11 08:57:08,233 - UnicodeAnalyzer - INFO - -> Analizzando versione 3.0.0-beta3 (2518/3393)...
2025-11-11 08:57:08,235 - UnicodeAnalyzer - INFO - Filtrati 49 file (es. in /dist, /test).
2025-11-11 08:57:08,282 - UnicodeAnalyzer - INFO - -> Analizzando versione 3.0.0-beta4 (2519/3393)...
2025-11-11 08:57:08,284 - UnicodeAnalyzer - INFO - Filtrati 49 file (es. in /dist, /test).
2025-11-11 08:57:08,330 - UnicodeAnalyzer - INFO - -> Analizzando versione 3.0.0-beta5 (2520/3393)...
2025-11-11 08:57:08,333 - UnicodeAnalyzer - INFO - Filtrati 49 file (es. in /dist, /test).
2025-11-11 08:57:08,380 - UnicodeAnalyzer - INFO - -> Analizzando versione 3.0.0-beta6 (2521/3393)...
2025-11-11 08:57:08,383 - UnicodeAnalyzer - INFO - Filtrati 49 file (es. in /dist, /test).
2025-11-11 08:57:08,431 - UnicodeAnalyzer - INFO - -> Analizzando versione 3.0.0-beta7 (2522/3393)...
2025-11-11 08:57:08,433 - UnicodeAnalyzer - INFO - Filtrati 49 file (es. in /dist, /test).
2025-11-11 08:57:08,481 - UnicodeAnalyzer - INFO - -> Analizzando versione 3.0.0-beta8 (2523/3393)...
2025-11-11 08:57:08,484 - UnicodeAnalyzer - INFO - Filtrati 49 file (es. in /dist, /test).
2025-11-11 08:57:08,529 - UnicodeAnalyzer - INFO - -> Analizzando versione 3.0.0-beta9 (2524/3393)...
2025-11-11 08:57:08,532 - UnicodeAnalyzer - INFO - Filtrati 49 file (es. in /dist, /test).
2025-11-11 08:57:08,579 - UnicodeAnalyzer - INFO - -> Analizzando versione 3.0.1 (2525/3393)...
2025-11-11 08:57:08,581 - UnicodeAnalyzer - INFO - Filtrati 46 file (es. in /dist, /test).
2025-11-11 08:57:08,628 - UnicodeAnalyzer - INFO - -> Analizzando versione 3.0.1-beta.1 (2526/3393)...
2025-11-11 08:57:08,631 - UnicodeAnalyzer - INFO - Filtrati 50 file (es. in /dist, /test).
2025-11-11 08:57:08,678 - UnicodeAnalyzer - INFO - -> Analizzando versione 3.0.1-beta.10 (2527/3393)...
2025-11-11 08:57:08,681 - UnicodeAnalyzer - INFO - Filtrati 51 file (es. in /dist, /test).
2025-11-11 08:57:08,728 - UnicodeAnalyzer - INFO - -> Analizzando versione 3.0.1-beta.11 (2528/3393)...
2025-11-11 08:57:08,731 - UnicodeAnalyzer - INFO - Filtrati 51 file (es. in /dist, /test).
2025-11-11 08:57:08,782 - UnicodeAnalyzer - INFO - -> Analizzando versione 3.0.1-beta.12 (2529/3393)...
2025-11-11 08:57:08,786 - UnicodeAnalyzer - INFO - Filtrati 51 file (es. in /dist, /test).
2025-11-11 08:57:08,832 - UnicodeAnalyzer - INFO - -> Analizzando versione 3.0.1-beta.13 (2530/3393)...
2025-11-11 08:57:08,834 - UnicodeAnalyzer - INFO - Filtrati 51 file (es. in /dist, /test).
2025-11-11 08:57:08,882 - UnicodeAnalyzer - INFO - -> Analizzando versione 3.0.1-beta.14 (2531/3393)...
2025-11-11 08:57:08,885 - UnicodeAnalyzer - INFO - Filtrati 51 file (es. in /dist, /test).
2025-11-11 08:57:08,932 - UnicodeAnalyzer - INFO - -> Analizzando versione 3.0.1-beta.15 (2532/3393)...
2025-11-11 08:57:08,934 - UnicodeAnalyzer - INFO - Filtrati 51 file (es. in /dist, /test).
2025-11-11 08:57:08,980 - UnicodeAnalyzer - INFO - -> Analizzando versione 3.0.1-beta.16 (2533/3393)...
2025-11-11 08:57:08,983 - UnicodeAnalyzer - INFO - Filtrati 51 file (es. in /dist, /test).
2025-11-11 08:57:09,030 - UnicodeAnalyzer - INFO - -> Analizzando versione 3.0.1-beta.17 (2534/3393)...
2025-11-11 08:57:09,032 - UnicodeAnalyzer - INFO - Filtrati 51 file (es. in /dist, /test).
2025-11-11 08:57:09,080 - UnicodeAnalyzer - INFO - -> Analizzando versione 3.0.1-beta.18 (2535/3393)...
2025-11-11 08:57:09,082 - UnicodeAnalyzer - INFO - Filtrati 51 file (es. in /dist, /test).
2025-11-11 08:57:09,128 - UnicodeAnalyzer - INFO - -> Analizzando versione 3.0.1-beta.19 (2536/3393)...
2025-11-11 08:57:09,131 - UnicodeAnalyzer - INFO - Filtrati 51 file (es. in /dist, /test).
2025-11-11 08:57:09,177 - UnicodeAnalyzer - INFO - -> Analizzando versione 3.0.1-beta.2 (2537/3393)...
2025-11-11 08:57:09,180 - UnicodeAnalyzer - INFO - Filtrati 50 file (es. in /dist, /test).
2025-11-11 08:57:09,228 - UnicodeAnalyzer - INFO - -> Analizzando versione 3.0.1-beta.20 (2538/3393)...
2025-11-11 08:57:09,231 - UnicodeAnalyzer - INFO - Filtrati 51 file (es. in /dist, /test).
2025-11-11 08:57:09,277 - UnicodeAnalyzer - INFO - -> Analizzando versione 3.0.1-beta.21 (2539/3393)...
2025-11-11 08:57:09,280 - UnicodeAnalyzer - INFO - Filtrati 51 file (es. in /dist, /test).
2025-11-11 08:57:09,330 - UnicodeAnalyzer - INFO - -> Analizzando versione 3.0.1-beta.3 (2540/3393)...
2025-11-11 08:57:09,333 - UnicodeAnalyzer - INFO - Filtrati 50 file (es. in /dist, /test).
2025-11-11 08:57:09,380 - UnicodeAnalyzer - INFO - -> Analizzando versione 3.0.1-beta.4 (2541/3393)...
2025-11-11 08:57:09,383 - UnicodeAnalyzer - INFO - Filtrati 50 file (es. in /dist, /test).
2025-11-11 08:57:09,431 - UnicodeAnalyzer - INFO - -> Analizzando versione 3.0.1-beta.5 (2542/3393)...
2025-11-11 08:57:09,433 - UnicodeAnalyzer - INFO - Filtrati 50 file (es. in /dist, /test).
2025-11-11 08:57:09,480 - UnicodeAnalyzer - INFO - -> Analizzando versione 3.0.1-beta.6 (2543/3393)...
2025-11-11 08:57:09,483 - UnicodeAnalyzer - INFO - Filtrati 50 file (es. in /dist, /test).
2025-11-11 08:57:09,529 - UnicodeAnalyzer - INFO - -> Analizzando versione 3.0.1-beta.7 (2544/3393)...
2025-11-11 08:57:09,531 - UnicodeAnalyzer - INFO - Filtrati 50 file (es. in /dist, /test).
2025-11-11 08:57:09,578 - UnicodeAnalyzer - INFO - -> Analizzando versione 3.0.1-beta.8 (2545/3393)...
2025-11-11 08:57:09,580 - UnicodeAnalyzer - INFO - Filtrati 50 file (es. in /dist, /test).
2025-11-11 08:57:09,627 - UnicodeAnalyzer - INFO - -> Analizzando versione 3.0.1-beta.9 (2546/3393)...
2025-11-11 08:57:09,630 - UnicodeAnalyzer - INFO - Filtrati 51 file (es. in /dist, /test).
2025-11-11 08:57:09,678 - UnicodeAnalyzer - INFO - -> Analizzando versione 3.0.2 (2547/3393)...
2025-11-11 08:57:09,680 - UnicodeAnalyzer - INFO - Filtrati 51 file (es. in /dist, /test).
2025-11-11 08:57:09,727 - UnicodeAnalyzer - INFO - -> Analizzando versione 3.0.3 (2548/3393)...
2025-11-11 08:57:09,730 - UnicodeAnalyzer - INFO - Filtrati 51 file (es. in /dist, /test).
2025-11-11 08:57:09,778 - UnicodeAnalyzer - INFO - -> Analizzando versione 3.0.4 (2549/3393)...
2025-11-11 08:57:09,781 - UnicodeAnalyzer - INFO - Filtrati 51 file (es. in /dist, /test).
2025-11-11 08:57:09,826 - UnicodeAnalyzer - INFO - -> Analizzando versione 3.0.5 (2550/3393)...
2025-11-11 08:57:09,829 - UnicodeAnalyzer - INFO - Filtrati 51 file (es. in /dist, /test).
2025-11-11 08:57:09,877 - UnicodeAnalyzer - INFO - -> Analizzando versione 3.0.6 (2551/3393)...
2025-11-11 08:57:09,879 - UnicodeAnalyzer - INFO - Filtrati 51 file (es. in /dist, /test).
2025-11-11 08:57:09,928 - UnicodeAnalyzer - INFO - -> Analizzando versione 3.1.0 (2552/3393)...
2025-11-11 08:57:09,930 - UnicodeAnalyzer - INFO - Filtrati 51 file (es. in /dist, /test).
2025-11-11 08:57:09,976 - UnicodeAnalyzer - INFO - -> Analizzando versione 3.2.0 (2553/3393)...
2025-11-11 08:57:09,979 - UnicodeAnalyzer - INFO - Filtrati 52 file (es. in /dist, /test).
2025-11-11 08:57:10,027 - UnicodeAnalyzer - INFO - -> Analizzando versione 3.2.1 (2554/3393)...
2025-11-11 08:57:10,030 - UnicodeAnalyzer - INFO - Filtrati 52 file (es. in /dist, /test).
2025-11-11 08:57:10,076 - UnicodeAnalyzer - INFO - -> Analizzando versione 3.2.2 (2555/3393)...
2025-11-11 08:57:10,079 - UnicodeAnalyzer - INFO - Filtrati 52 file (es. in /dist, /test).
2025-11-11 08:57:10,127 - UnicodeAnalyzer - INFO - -> Analizzando versione 3.2.3 (2556/3393)...
2025-11-11 08:57:10,130 - UnicodeAnalyzer - INFO - Filtrati 52 file (es. in /dist, /test).
2025-11-11 08:57:10,176 - UnicodeAnalyzer - INFO - -> Analizzando versione 4.0.0 (2557/3393)...
2025-11-11 08:57:10,179 - UnicodeAnalyzer - INFO - Filtrati 52 file (es. in /dist, /test).
2025-11-11 08:57:10,228 - UnicodeAnalyzer - INFO - -> Analizzando versione 4.0.0-beta.1 (2558/3393)...
2025-11-11 08:57:10,230 - UnicodeAnalyzer - INFO - Filtrati 52 file (es. in /dist, /test).
2025-11-11 08:57:10,276 - UnicodeAnalyzer - INFO - -> Analizzando versione 4.0.0-beta.2 (2559/3393)...
2025-11-11 08:57:10,279 - UnicodeAnalyzer - INFO - Filtrati 52 file (es. in /dist, /test).
2025-11-11 08:57:10,329 - UnicodeAnalyzer - INFO - -> Analizzando versione 4.0.0-beta.3 (2560/3393)...
2025-11-11 08:57:10,332 - UnicodeAnalyzer - INFO - Filtrati 52 file (es. in /dist, /test).
2025-11-11 08:57:10,378 - UnicodeAnalyzer - INFO - -> Analizzando versione 4.0.0-beta.4 (2561/3393)...
2025-11-11 08:57:10,381 - UnicodeAnalyzer - INFO - Filtrati 52 file (es. in /dist, /test).
2025-11-11 08:57:10,428 - UnicodeAnalyzer - INFO - -> Analizzando versione 4.0.0-beta.5 (2562/3393)...
2025-11-11 08:57:10,434 - UnicodeAnalyzer - INFO - Filtrati 52 file (es. in /dist, /test).
2025-11-11 08:57:10,479 - UnicodeAnalyzer - INFO - -> Analizzando versione 4.0.0-beta.6 (2563/3393)...
2025-11-11 08:57:10,483 - UnicodeAnalyzer - INFO - Filtrati 52 file (es. in /dist, /test).
2025-11-11 08:57:10,531 - UnicodeAnalyzer - INFO - -> Analizzando versione 4.0.1 (2564/3393)...
2025-11-11 08:57:10,536 - UnicodeAnalyzer - INFO - Filtrati 52 file (es. in /dist, /test).
2025-11-11 08:57:10,587 - UnicodeAnalyzer - INFO - -> Analizzando versione 4.0.2 (2565/3393)...
2025-11-11 08:57:10,591 - UnicodeAnalyzer - INFO - Filtrati 52 file (es. in /dist, /test).
2025-11-11 08:57:10,637 - UnicodeAnalyzer - INFO - -> Analizzando versione 4.0.3 (2566/3393)...
2025-11-11 08:57:10,640 - UnicodeAnalyzer - INFO - Filtrati 52 file (es. in /dist, /test).
2025-11-11 08:57:10,685 - UnicodeAnalyzer - INFO - -> Analizzando versione 4.0.4 (2567/3393)...
2025-11-11 08:57:10,689 - UnicodeAnalyzer - INFO - Filtrati 52 file (es. in /dist, /test).
2025-11-11 08:57:10,741 - UnicodeAnalyzer - INFO - -> Analizzando versione 4.0.5 (2568/3393)...
2025-11-11 08:57:10,744 - UnicodeAnalyzer - INFO - Filtrati 52 file (es. in /dist, /test).
2025-11-11 08:57:10,791 - UnicodeAnalyzer - INFO - -> Analizzando versione 4.1.0 (2569/3393)...
2025-11-11 08:57:10,794 - UnicodeAnalyzer - INFO - Filtrati 52 file (es. in /dist, /test).
2025-11-11 08:57:10,841 - UnicodeAnalyzer - INFO - -> Analizzando versione 4.1.1 (2570/3393)...
2025-11-11 08:57:10,844 - UnicodeAnalyzer - INFO - Filtrati 52 file (es. in /dist, /test).
2025-11-11 08:57:10,892 - UnicodeAnalyzer - INFO - -> Analizzando versione 4.1.2 (2571/3393)...
2025-11-11 08:57:10,895 - UnicodeAnalyzer - INFO - Filtrati 52 file (es. in /dist, /test).
2025-11-11 08:57:10,942 - UnicodeAnalyzer - INFO - -> Analizzando versione 4.1.3 (2572/3393)...
2025-11-11 08:57:10,947 - UnicodeAnalyzer - INFO - Filtrati 52 file (es. in /dist, /test).
2025-11-11 08:57:10,995 - UnicodeAnalyzer - INFO - -> Analizzando versione 4.1.4 (2573/3393)...
2025-11-11 08:57:10,998 - UnicodeAnalyzer - INFO - Filtrati 52 file (es. in /dist, /test).
2025-11-11 08:57:11,045 - UnicodeAnalyzer - INFO - -> Analizzando versione 4.1.4-canary.1 (2574/3393)...
2025-11-11 08:57:11,048 - UnicodeAnalyzer - INFO - Filtrati 52 file (es. in /dist, /test).
2025-11-11 08:57:11,095 - UnicodeAnalyzer - INFO - -> Analizzando versione 4.1.4-canary.2 (2575/3393)...
2025-11-11 08:57:11,098 - UnicodeAnalyzer - INFO - Filtrati 52 file (es. in /dist, /test).
2025-11-11 08:57:11,145 - UnicodeAnalyzer - INFO - -> Analizzando versione 4.2.0 (2576/3393)...
2025-11-11 08:57:11,149 - UnicodeAnalyzer - INFO - Filtrati 52 file (es. in /dist, /test).
2025-11-11 08:57:11,196 - UnicodeAnalyzer - INFO - -> Analizzando versione 4.2.0-canary.1 (2577/3393)...
2025-11-11 08:57:11,201 - UnicodeAnalyzer - INFO - Filtrati 52 file (es. in /dist, /test).
2025-11-11 08:57:11,250 - UnicodeAnalyzer - INFO - -> Analizzando versione 4.2.0-zones.2 (2578/3393)...
2025-11-11 08:57:11,253 - UnicodeAnalyzer - INFO - Filtrati 53 file (es. in /dist, /test).
2025-11-11 08:57:11,301 - UnicodeAnalyzer - INFO - -> Analizzando versione 4.2.1 (2579/3393)...
2025-11-11 08:57:11,304 - UnicodeAnalyzer - INFO - Filtrati 52 file (es. in /dist, /test).
2025-11-11 08:57:11,350 - UnicodeAnalyzer - INFO - -> Analizzando versione 4.2.2 (2580/3393)...
2025-11-11 08:57:11,353 - UnicodeAnalyzer - INFO - Filtrati 52 file (es. in /dist, /test).
2025-11-11 08:57:11,401 - UnicodeAnalyzer - INFO - -> Analizzando versione 4.2.3 (2581/3393)...
2025-11-11 08:57:11,404 - UnicodeAnalyzer - INFO - Filtrati 52 file (es. in /dist, /test).
2025-11-11 08:57:11,451 - UnicodeAnalyzer - INFO - -> Analizzando versione 4.3.0-canary.1 (2582/3393)...
2025-11-11 08:57:11,455 - UnicodeAnalyzer - INFO - Filtrati 53 file (es. in /dist, /test).
2025-11-11 08:57:11,501 - UnicodeAnalyzer - INFO - -> Analizzando versione 4.3.0-universal-alpha.1 (2583/3393)...
2025-11-11 08:57:11,505 - UnicodeAnalyzer - INFO - Filtrati 55 file (es. in /dist, /test).
2025-11-11 08:57:11,552 - UnicodeAnalyzer - INFO - -> Analizzando versione 4.3.0-universal-alpha.2 (2584/3393)...
2025-11-11 08:57:11,556 - UnicodeAnalyzer - INFO - Filtrati 55 file (es. in /dist, /test).
2025-11-11 08:57:11,603 - UnicodeAnalyzer - INFO - -> Analizzando versione 4.3.0-universal-alpha.3 (2585/3393)...
2025-11-11 08:57:11,607 - UnicodeAnalyzer - INFO - Filtrati 55 file (es. in /dist, /test).
2025-11-11 08:57:11,655 - UnicodeAnalyzer - INFO - -> Analizzando versione 4.3.0-universal-alpha.4 (2586/3393)...
2025-11-11 08:57:11,658 - UnicodeAnalyzer - INFO - Filtrati 55 file (es. in /dist, /test).
2025-11-11 08:57:11,704 - UnicodeAnalyzer - INFO - -> Analizzando versione 4.3.0-zones.1 (2587/3393)...
2025-11-11 08:57:11,708 - UnicodeAnalyzer - INFO - Filtrati 54 file (es. in /dist, /test).
2025-11-11 08:57:11,754 - UnicodeAnalyzer - INFO - -> Analizzando versione 4.4.0-canary.2 (2588/3393)...
2025-11-11 08:57:11,757 - UnicodeAnalyzer - INFO - Filtrati 53 file (es. in /dist, /test).
2025-11-11 08:57:11,805 - UnicodeAnalyzer - INFO - -> Analizzando versione 4.4.0-canary.3 (2589/3393)...
2025-11-11 08:57:11,808 - UnicodeAnalyzer - INFO - Filtrati 53 file (es. in /dist, /test).
2025-11-11 08:57:11,856 - UnicodeAnalyzer - INFO - -> Analizzando versione 5.0.0 (2590/3393)...
2025-11-11 08:57:11,859 - UnicodeAnalyzer - INFO - Filtrati 53 file (es. in /dist, /test).
2025-11-11 08:57:11,905 - UnicodeAnalyzer - INFO - -> Analizzando versione 5.0.0-universal-alpha.1 (2591/3393)...
2025-11-11 08:57:11,909 - UnicodeAnalyzer - INFO - Filtrati 55 file (es. in /dist, /test).
2025-11-11 08:57:11,959 - UnicodeAnalyzer - INFO - -> Analizzando versione 5.0.0-universal-alpha.10 (2592/3393)...
2025-11-11 08:57:11,962 - UnicodeAnalyzer - INFO - Filtrati 52 file (es. in /dist, /test).
2025-11-11 08:57:12,008 - UnicodeAnalyzer - INFO - -> Analizzando versione 5.0.0-universal-alpha.11 (2593/3393)...
2025-11-11 08:57:12,011 - UnicodeAnalyzer - INFO - Filtrati 51 file (es. in /dist, /test).
2025-11-11 08:57:12,059 - UnicodeAnalyzer - INFO - -> Analizzando versione 5.0.0-universal-alpha.12 (2594/3393)...
2025-11-11 08:57:12,062 - UnicodeAnalyzer - INFO - Filtrati 51 file (es. in /dist, /test).
2025-11-11 08:57:12,108 - UnicodeAnalyzer - INFO - -> Analizzando versione 5.0.0-universal-alpha.13 (2595/3393)...
2025-11-11 08:57:12,110 - UnicodeAnalyzer - INFO - Filtrati 51 file (es. in /dist, /test).
2025-11-11 08:57:12,158 - UnicodeAnalyzer - INFO - -> Analizzando versione 5.0.0-universal-alpha.14 (2596/3393)...
2025-11-11 08:57:12,161 - UnicodeAnalyzer - INFO - Filtrati 51 file (es. in /dist, /test).
2025-11-11 08:57:12,207 - UnicodeAnalyzer - INFO - -> Analizzando versione 5.0.0-universal-alpha.15 (2597/3393)...
2025-11-11 08:57:12,210 - UnicodeAnalyzer - INFO - Filtrati 52 file (es. in /dist, /test).
2025-11-11 08:57:12,258 - UnicodeAnalyzer - INFO - -> Analizzando versione 5.0.0-universal-alpha.16 (2598/3393)...
2025-11-11 08:57:12,261 - UnicodeAnalyzer - INFO - Filtrati 52 file (es. in /dist, /test).
2025-11-11 08:57:12,309 - UnicodeAnalyzer - INFO - -> Analizzando versione 5.0.0-universal-alpha.17 (2599/3393)...
2025-11-11 08:57:12,312 - UnicodeAnalyzer - INFO - Filtrati 52 file (es. in /dist, /test).
2025-11-11 08:57:12,359 - UnicodeAnalyzer - INFO - -> Analizzando versione 5.0.0-universal-alpha.18 (2600/3393)...
2025-11-11 08:57:12,362 - UnicodeAnalyzer - INFO - Filtrati 52 file (es. in /dist, /test).
2025-11-11 08:57:12,412 - UnicodeAnalyzer - INFO - -> Analizzando versione 5.0.0-universal-alpha.19 (2601/3393)...
2025-11-11 08:57:12,415 - UnicodeAnalyzer - INFO - Filtrati 52 file (es. in /dist, /test).
2025-11-11 08:57:12,462 - UnicodeAnalyzer - INFO - -> Analizzando versione 5.0.0-universal-alpha.2 (2602/3393)...
2025-11-11 08:57:12,465 - UnicodeAnalyzer - INFO - Filtrati 55 file (es. in /dist, /test).
2025-11-11 08:57:12,515 - UnicodeAnalyzer - INFO - -> Analizzando versione 5.0.0-universal-alpha.20 (2603/3393)...
2025-11-11 08:57:12,518 - UnicodeAnalyzer - INFO - Filtrati 53 file (es. in /dist, /test).
2025-11-11 08:57:12,565 - UnicodeAnalyzer - INFO - -> Analizzando versione 5.0.0-universal-alpha.21 (2604/3393)...
2025-11-11 08:57:12,568 - UnicodeAnalyzer - INFO - Filtrati 53 file (es. in /dist, /test).
2025-11-11 08:57:12,614 - UnicodeAnalyzer - INFO - -> Analizzando versione 5.0.0-universal-alpha.22 (2605/3393)...
2025-11-11 08:57:12,617 - UnicodeAnalyzer - INFO - Filtrati 53 file (es. in /dist, /test).
2025-11-11 08:57:12,665 - UnicodeAnalyzer - INFO - -> Analizzando versione 5.0.0-universal-alpha.23 (2606/3393)...
2025-11-11 08:57:12,668 - UnicodeAnalyzer - INFO - Filtrati 53 file (es. in /dist, /test).
2025-11-11 08:57:12,715 - UnicodeAnalyzer - INFO - -> Analizzando versione 5.0.0-universal-alpha.3 (2607/3393)...
2025-11-11 08:57:12,718 - UnicodeAnalyzer - INFO - Filtrati 55 file (es. in /dist, /test).
2025-11-11 08:57:12,765 - UnicodeAnalyzer - INFO - -> Analizzando versione 5.0.0-universal-alpha.4 (2608/3393)...
2025-11-11 08:57:12,768 - UnicodeAnalyzer - INFO - Filtrati 55 file (es. in /dist, /test).
2025-11-11 08:57:12,814 - UnicodeAnalyzer - INFO - -> Analizzando versione 5.0.0-universal-alpha.5 (2609/3393)...
2025-11-11 08:57:12,818 - UnicodeAnalyzer - INFO - Filtrati 55 file (es. in /dist, /test).
2025-11-11 08:57:12,870 - UnicodeAnalyzer - INFO - -> Analizzando versione 5.0.0-universal-alpha.6 (2610/3393)...
2025-11-11 08:57:12,873 - UnicodeAnalyzer - INFO - Filtrati 52 file (es. in /dist, /test).
2025-11-11 08:57:12,921 - UnicodeAnalyzer - INFO - -> Analizzando versione 5.0.0-universal-alpha.7 (2611/3393)...
2025-11-11 08:57:12,924 - UnicodeAnalyzer - INFO - Filtrati 52 file (es. in /dist, /test).
2025-11-11 08:57:12,970 - UnicodeAnalyzer - INFO - -> Analizzando versione 5.0.0-universal-alpha.8 (2612/3393)...
2025-11-11 08:57:12,974 - UnicodeAnalyzer - INFO - Filtrati 52 file (es. in /dist, /test).
2025-11-11 08:57:13,022 - UnicodeAnalyzer - INFO - -> Analizzando versione 5.0.0-universal-alpha.9 (2613/3393)...
2025-11-11 08:57:13,025 - UnicodeAnalyzer - INFO - Filtrati 52 file (es. in /dist, /test).
2025-11-11 08:57:13,073 - UnicodeAnalyzer - INFO - -> Analizzando versione 5.0.0-zones.1 (2614/3393)...
2025-11-11 08:57:13,076 - UnicodeAnalyzer - INFO - Filtrati 53 file (es. in /dist, /test).
2025-11-11 08:57:13,123 - UnicodeAnalyzer - INFO - -> Analizzando versione 5.0.1-canary.1 (2615/3393)...
2025-11-11 08:57:13,126 - UnicodeAnalyzer - INFO - Filtrati 53 file (es. in /dist, /test).
2025-11-11 08:57:13,172 - UnicodeAnalyzer - INFO - -> Analizzando versione 5.0.1-canary.10 (2616/3393)...
2025-11-11 08:57:13,175 - UnicodeAnalyzer - INFO - Filtrati 52 file (es. in /dist, /test).
2025-11-11 08:57:13,224 - UnicodeAnalyzer - INFO - -> Analizzando versione 5.0.1-canary.11 (2617/3393)...
2025-11-11 08:57:13,227 - UnicodeAnalyzer - INFO - Filtrati 51 file (es. in /dist, /test).
2025-11-11 08:57:13,274 - UnicodeAnalyzer - INFO - -> Analizzando versione 5.0.1-canary.12 (2618/3393)...
2025-11-11 08:57:13,277 - UnicodeAnalyzer - INFO - Filtrati 51 file (es. in /dist, /test).
2025-11-11 08:57:13,324 - UnicodeAnalyzer - INFO - -> Analizzando versione 5.0.1-canary.13 (2619/3393)...
2025-11-11 08:57:13,326 - UnicodeAnalyzer - INFO - Filtrati 51 file (es. in /dist, /test).
2025-11-11 08:57:13,372 - UnicodeAnalyzer - INFO - -> Analizzando versione 5.0.1-canary.14 (2620/3393)...
2025-11-11 08:57:13,375 - UnicodeAnalyzer - INFO - Filtrati 51 file (es. in /dist, /test).
2025-11-11 08:57:13,421 - UnicodeAnalyzer - INFO - -> Analizzando versione 5.0.1-canary.15 (2621/3393)...
2025-11-11 08:57:13,424 - UnicodeAnalyzer - INFO - Filtrati 51 file (es. in /dist, /test).
2025-11-11 08:57:13,470 - UnicodeAnalyzer - INFO - -> Analizzando versione 5.0.1-canary.16 (2622/3393)...
2025-11-11 08:57:13,472 - UnicodeAnalyzer - INFO - Filtrati 51 file (es. in /dist, /test).
2025-11-11 08:57:13,519 - UnicodeAnalyzer - INFO - -> Analizzando versione 5.0.1-canary.17 (2623/3393)...
2025-11-11 08:57:13,522 - UnicodeAnalyzer - INFO - Filtrati 51 file (es. in /dist, /test).
2025-11-11 08:57:13,568 - UnicodeAnalyzer - INFO - -> Analizzando versione 5.0.1-canary.2 (2624/3393)...
2025-11-11 08:57:13,571 - UnicodeAnalyzer - INFO - Filtrati 53 file (es. in /dist, /test).
2025-11-11 08:57:13,616 - UnicodeAnalyzer - INFO - -> Analizzando versione 5.0.1-canary.3 (2625/3393)...
2025-11-11 08:57:13,619 - UnicodeAnalyzer - INFO - Filtrati 53 file (es. in /dist, /test).
2025-11-11 08:57:13,664 - UnicodeAnalyzer - INFO - -> Analizzando versione 5.0.1-canary.4 (2626/3393)...
2025-11-11 08:57:13,667 - UnicodeAnalyzer - INFO - Filtrati 53 file (es. in /dist, /test).
2025-11-11 08:57:13,713 - UnicodeAnalyzer - INFO - -> Analizzando versione 5.0.1-canary.5 (2627/3393)...
2025-11-11 08:57:13,716 - UnicodeAnalyzer - INFO - Filtrati 50 file (es. in /dist, /test).
2025-11-11 08:57:13,761 - UnicodeAnalyzer - INFO - -> Analizzando versione 5.0.1-canary.6 (2628/3393)...
2025-11-11 08:57:13,764 - UnicodeAnalyzer - INFO - Filtrati 50 file (es. in /dist, /test).
2025-11-11 08:57:13,809 - UnicodeAnalyzer - INFO - -> Analizzando versione 5.0.1-canary.7 (2629/3393)...
2025-11-11 08:57:13,812 - UnicodeAnalyzer - INFO - Filtrati 50 file (es. in /dist, /test).
2025-11-11 08:57:13,858 - UnicodeAnalyzer - INFO - -> Analizzando versione 5.0.1-canary.8 (2630/3393)...
2025-11-11 08:57:13,861 - UnicodeAnalyzer - INFO - Filtrati 51 file (es. in /dist, /test).
2025-11-11 08:57:13,907 - UnicodeAnalyzer - INFO - -> Analizzando versione 5.0.1-canary.9 (2631/3393)...
2025-11-11 08:57:13,910 - UnicodeAnalyzer - INFO - Filtrati 52 file (es. in /dist, /test).
2025-11-11 08:57:13,956 - UnicodeAnalyzer - INFO - -> Analizzando versione 5.1.0 (2632/3393)...
2025-11-11 08:57:13,959 - UnicodeAnalyzer - INFO - Filtrati 51 file (es. in /dist, /test).
2025-11-11 08:57:14,004 - UnicodeAnalyzer - INFO - -> Analizzando versione 6.0.0 (2633/3393)...
2025-11-11 08:57:14,007 - UnicodeAnalyzer - INFO - Filtrati 56 file (es. in /dist, /test).
2025-11-11 08:57:14,056 - UnicodeAnalyzer - INFO - -> Analizzando versione 6.0.0-canary.1 (2634/3393)...
2025-11-11 08:57:14,059 - UnicodeAnalyzer - INFO - Filtrati 53 file (es. in /dist, /test).
2025-11-11 08:57:14,105 - UnicodeAnalyzer - INFO - -> Analizzando versione 6.0.0-canary.2 (2635/3393)...
2025-11-11 08:57:14,108 - UnicodeAnalyzer - INFO - Filtrati 53 file (es. in /dist, /test).
2025-11-11 08:57:14,154 - UnicodeAnalyzer - INFO - -> Analizzando versione 6.0.0-canary.3 (2636/3393)...
2025-11-11 08:57:14,156 - UnicodeAnalyzer - INFO - Filtrati 52 file (es. in /dist, /test).
2025-11-11 08:57:14,202 - UnicodeAnalyzer - INFO - -> Analizzando versione 6.0.0-canary.4 (2637/3393)...
2025-11-11 08:57:14,205 - UnicodeAnalyzer - INFO - Filtrati 56 file (es. in /dist, /test).
2025-11-11 08:57:14,251 - UnicodeAnalyzer - INFO - -> Analizzando versione 6.0.0-canary.5 (2638/3393)...
2025-11-11 08:57:14,254 - UnicodeAnalyzer - INFO - Filtrati 56 file (es. in /dist, /test).
2025-11-11 08:57:14,302 - UnicodeAnalyzer - INFO - -> Analizzando versione 6.0.0-canary.6 (2639/3393)...
2025-11-11 08:57:14,305 - UnicodeAnalyzer - INFO - Filtrati 56 file (es. in /dist, /test).
2025-11-11 08:57:14,351 - UnicodeAnalyzer - INFO - -> Analizzando versione 6.0.0-canary.7 (2640/3393)...
2025-11-11 08:57:14,354 - UnicodeAnalyzer - INFO - Filtrati 56 file (es. in /dist, /test).
2025-11-11 08:57:14,402 - UnicodeAnalyzer - INFO - -> Analizzando versione 6.0.1 (2641/3393)...
2025-11-11 08:57:14,405 - UnicodeAnalyzer - INFO - Filtrati 57 file (es. in /dist, /test).
2025-11-11 08:57:14,451 - UnicodeAnalyzer - INFO - -> Analizzando versione 6.0.1-canary.0 (2642/3393)...
2025-11-11 08:57:14,454 - UnicodeAnalyzer - INFO - Filtrati 56 file (es. in /dist, /test).
2025-11-11 08:57:14,503 - UnicodeAnalyzer - INFO - -> Analizzando versione 6.0.1-canary.1 (2643/3393)...
2025-11-11 08:57:14,506 - UnicodeAnalyzer - INFO - Filtrati 57 file (es. in /dist, /test).
2025-11-11 08:57:14,551 - UnicodeAnalyzer - INFO - -> Analizzando versione 6.0.1-canary.2 (2644/3393)...
2025-11-11 08:57:14,554 - UnicodeAnalyzer - INFO - Filtrati 57 file (es. in /dist, /test).
2025-11-11 08:57:14,599 - UnicodeAnalyzer - INFO - -> Analizzando versione 6.0.2 (2645/3393)...
2025-11-11 08:57:14,602 - UnicodeAnalyzer - INFO - Filtrati 57 file (es. in /dist, /test).
2025-11-11 08:57:14,650 - UnicodeAnalyzer - INFO - -> Analizzando versione 6.0.2-canary.0 (2646/3393)...
2025-11-11 08:57:14,652 - UnicodeAnalyzer - INFO - Filtrati 57 file (es. in /dist, /test).
2025-11-11 08:57:14,702 - UnicodeAnalyzer - INFO - -> Analizzando versione 6.0.3 (2647/3393)...
2025-11-11 08:57:14,705 - UnicodeAnalyzer - INFO - Filtrati 57 file (es. in /dist, /test).
2025-11-11 08:57:14,750 - UnicodeAnalyzer - INFO - -> Analizzando versione 6.0.3-canary.0 (2648/3393)...
2025-11-11 08:57:14,753 - UnicodeAnalyzer - INFO - Filtrati 57 file (es. in /dist, /test).
2025-11-11 08:57:14,801 - UnicodeAnalyzer - INFO - -> Analizzando versione 6.0.3-canary.1 (2649/3393)...
2025-11-11 08:57:14,804 - UnicodeAnalyzer - INFO - Filtrati 57 file (es. in /dist, /test).
2025-11-11 08:57:14,851 - UnicodeAnalyzer - INFO - -> Analizzando versione 6.0.4-canary.0 (2650/3393)...
2025-11-11 08:57:14,854 - UnicodeAnalyzer - INFO - Filtrati 58 file (es. in /dist, /test).
2025-11-11 08:57:14,900 - UnicodeAnalyzer - INFO - -> Analizzando versione 6.0.4-canary.1 (2651/3393)...
2025-11-11 08:57:14,903 - UnicodeAnalyzer - INFO - Filtrati 58 file (es. in /dist, /test).
2025-11-11 08:57:14,950 - UnicodeAnalyzer - INFO - -> Analizzando versione 6.0.4-canary.2 (2652/3393)...
2025-11-11 08:57:14,953 - UnicodeAnalyzer - INFO - Filtrati 58 file (es. in /dist, /test).
2025-11-11 08:57:14,998 - UnicodeAnalyzer - INFO - -> Analizzando versione 6.0.4-canary.3 (2653/3393)...
2025-11-11 08:57:15,002 - UnicodeAnalyzer - INFO - Filtrati 60 file (es. in /dist, /test).
2025-11-11 08:57:15,050 - UnicodeAnalyzer - INFO - -> Analizzando versione 6.0.4-canary.4 (2654/3393)...
2025-11-11 08:57:15,053 - UnicodeAnalyzer - INFO - Filtrati 60 file (es. in /dist, /test).
2025-11-11 08:57:15,099 - UnicodeAnalyzer - INFO - -> Analizzando versione 6.0.4-canary.5 (2655/3393)...
2025-11-11 08:57:15,102 - UnicodeAnalyzer - INFO - Filtrati 60 file (es. in /dist, /test).
2025-11-11 08:57:15,148 - UnicodeAnalyzer - INFO - -> Analizzando versione 6.0.4-canary.6 (2656/3393)...
2025-11-11 08:57:15,151 - UnicodeAnalyzer - INFO - Filtrati 60 file (es. in /dist, /test).
2025-11-11 08:57:15,200 - UnicodeAnalyzer - INFO - -> Analizzando versione 6.0.4-canary.7 (2657/3393)...
2025-11-11 08:57:15,203 - UnicodeAnalyzer - INFO - Filtrati 60 file (es. in /dist, /test).
2025-11-11 08:57:15,249 - UnicodeAnalyzer - INFO - -> Analizzando versione 6.0.4-canary.8 (2658/3393)...
2025-11-11 08:57:15,251 - UnicodeAnalyzer - INFO - Filtrati 60 file (es. in /dist, /test).
2025-11-11 08:57:15,299 - UnicodeAnalyzer - INFO - -> Analizzando versione 6.0.4-canary.9 (2659/3393)...
2025-11-11 08:57:15,302 - UnicodeAnalyzer - INFO - Filtrati 60 file (es. in /dist, /test).
2025-11-11 08:57:15,352 - UnicodeAnalyzer - INFO - -> Analizzando versione 6.1.0 (2660/3393)...
2025-11-11 08:57:15,356 - UnicodeAnalyzer - INFO - Filtrati 60 file (es. in /dist, /test).
2025-11-11 08:57:15,402 - UnicodeAnalyzer - INFO - -> Analizzando versione 6.1.0-canary.0 (2661/3393)...
2025-11-11 08:57:15,406 - UnicodeAnalyzer - INFO - Filtrati 60 file (es. in /dist, /test).
2025-11-11 08:57:15,460 - UnicodeAnalyzer - INFO - -> Analizzando versione 6.1.1 (2662/3393)...
2025-11-11 08:57:15,463 - UnicodeAnalyzer - INFO - Filtrati 60 file (es. in /dist, /test).
2025-11-11 08:57:15,509 - UnicodeAnalyzer - INFO - -> Analizzando versione 6.1.1-canary.0 (2663/3393)...
2025-11-11 08:57:15,512 - UnicodeAnalyzer - INFO - Filtrati 60 file (es. in /dist, /test).
2025-11-11 08:57:15,559 - UnicodeAnalyzer - INFO - -> Analizzando versione 6.1.1-canary.1 (2664/3393)...
2025-11-11 08:57:15,562 - UnicodeAnalyzer - INFO - Filtrati 60 file (es. in /dist, /test).
2025-11-11 08:57:15,611 - UnicodeAnalyzer - INFO - -> Analizzando versione 6.1.1-canary.2 (2665/3393)...
2025-11-11 08:57:15,615 - UnicodeAnalyzer - INFO - Filtrati 60 file (es. in /dist, /test).
2025-11-11 08:57:15,663 - UnicodeAnalyzer - INFO - -> Analizzando versione 6.1.1-canary.3 (2666/3393)...
2025-11-11 08:57:15,666 - UnicodeAnalyzer - INFO - Filtrati 64 file (es. in /dist, /test).
2025-11-11 08:57:15,715 - UnicodeAnalyzer - INFO - -> Analizzando versione 6.1.1-canary.4 (2667/3393)...
2025-11-11 08:57:15,719 - UnicodeAnalyzer - INFO - Filtrati 64 file (es. in /dist, /test).
2025-11-11 08:57:15,768 - UnicodeAnalyzer - INFO - -> Analizzando versione 6.1.1-canary.5 (2668/3393)...
2025-11-11 08:57:15,772 - UnicodeAnalyzer - INFO - Filtrati 64 file (es. in /dist, /test).
2025-11-11 08:57:15,820 - UnicodeAnalyzer - INFO - -> Analizzando versione 6.1.2 (2669/3393)...
2025-11-11 08:57:15,824 - UnicodeAnalyzer - INFO - Filtrati 60 file (es. in /dist, /test).
2025-11-11 08:57:15,871 - UnicodeAnalyzer - INFO - -> Analizzando versione 7.0.0 (2670/3393)...
2025-11-11 08:57:15,875 - UnicodeAnalyzer - INFO - Filtrati 67 file (es. in /dist, /test).
2025-11-11 08:57:15,921 - UnicodeAnalyzer - INFO - -> Analizzando versione 7.0.0-canary.0 (2671/3393)...
2025-11-11 08:57:15,925 - UnicodeAnalyzer - INFO - Filtrati 64 file (es. in /dist, /test).
2025-11-11 08:57:15,972 - UnicodeAnalyzer - INFO - -> Analizzando versione 7.0.0-canary.1 (2672/3393)...
2025-11-11 08:57:15,977 - UnicodeAnalyzer - INFO - Filtrati 64 file (es. in /dist, /test).
2025-11-11 08:57:16,025 - UnicodeAnalyzer - INFO - -> Analizzando versione 7.0.0-canary.10 (2673/3393)...
2025-11-11 08:57:16,029 - UnicodeAnalyzer - INFO - Filtrati 67 file (es. in /dist, /test).
2025-11-11 08:57:16,079 - UnicodeAnalyzer - INFO - -> Analizzando versione 7.0.0-canary.11 (2674/3393)...
2025-11-11 08:57:16,153 - UnicodeAnalyzer - INFO - Filtrati 67 file (es. in /dist, /test).
2025-11-11 08:57:16,229 - UnicodeAnalyzer - INFO - -> Analizzando versione 7.0.0-canary.12 (2675/3393)...
2025-11-11 08:57:16,233 - UnicodeAnalyzer - INFO - Filtrati 67 file (es. in /dist, /test).
2025-11-11 08:57:16,279 - UnicodeAnalyzer - INFO - -> Analizzando versione 7.0.0-canary.13 (2676/3393)...
2025-11-11 08:57:16,283 - UnicodeAnalyzer - INFO - Filtrati 67 file (es. in /dist, /test).
2025-11-11 08:57:16,334 - UnicodeAnalyzer - INFO - -> Analizzando versione 7.0.0-canary.14 (2677/3393)...
2025-11-11 08:57:16,337 - UnicodeAnalyzer - INFO - Filtrati 67 file (es. in /dist, /test).
2025-11-11 08:57:16,384 - UnicodeAnalyzer - INFO - -> Analizzando versione 7.0.0-canary.15 (2678/3393)...
2025-11-11 08:57:16,387 - UnicodeAnalyzer - INFO - Filtrati 67 file (es. in /dist, /test).
2025-11-11 08:57:16,435 - UnicodeAnalyzer - INFO - -> Analizzando versione 7.0.0-canary.16 (2679/3393)...
2025-11-11 08:57:16,439 - UnicodeAnalyzer - INFO - Filtrati 67 file (es. in /dist, /test).
2025-11-11 08:57:16,485 - UnicodeAnalyzer - INFO - -> Analizzando versione 7.0.0-canary.18 (2680/3393)...
2025-11-11 08:57:16,489 - UnicodeAnalyzer - INFO - Filtrati 67 file (es. in /dist, /test).
2025-11-11 08:57:16,537 - UnicodeAnalyzer - INFO - -> Analizzando versione 7.0.0-canary.19 (2681/3393)...
2025-11-11 08:57:16,540 - UnicodeAnalyzer - INFO - Filtrati 67 file (es. in /dist, /test).
2025-11-11 08:57:16,587 - UnicodeAnalyzer - INFO - -> Analizzando versione 7.0.0-canary.2 (2682/3393)...
2025-11-11 08:57:16,591 - UnicodeAnalyzer - INFO - Filtrati 65 file (es. in /dist, /test).
2025-11-11 08:57:16,638 - UnicodeAnalyzer - INFO - -> Analizzando versione 7.0.0-canary.20 (2683/3393)...
2025-11-11 08:57:16,641 - UnicodeAnalyzer - INFO - Filtrati 67 file (es. in /dist, /test).
2025-11-11 08:57:16,688 - UnicodeAnalyzer - INFO - -> Analizzando versione 7.0.0-canary.3 (2684/3393)...
2025-11-11 08:57:16,692 - UnicodeAnalyzer - INFO - Filtrati 65 file (es. in /dist, /test).
2025-11-11 08:57:16,738 - UnicodeAnalyzer - INFO - -> Analizzando versione 7.0.0-canary.4 (2685/3393)...
2025-11-11 08:57:16,742 - UnicodeAnalyzer - INFO - Filtrati 65 file (es. in /dist, /test).
2025-11-11 08:57:16,789 - UnicodeAnalyzer - INFO - -> Analizzando versione 7.0.0-canary.5 (2686/3393)...
2025-11-11 08:57:16,793 - UnicodeAnalyzer - INFO - Filtrati 65 file (es. in /dist, /test).
2025-11-11 08:57:16,839 - UnicodeAnalyzer - INFO - -> Analizzando versione 7.0.0-canary.6 (2687/3393)...
2025-11-11 08:57:16,843 - UnicodeAnalyzer - INFO - Filtrati 66 file (es. in /dist, /test).
2025-11-11 08:57:16,889 - UnicodeAnalyzer - INFO - -> Analizzando versione 7.0.0-canary.7 (2688/3393)...
2025-11-11 08:57:16,893 - UnicodeAnalyzer - INFO - Filtrati 67 file (es. in /dist, /test).
2025-11-11 08:57:16,943 - UnicodeAnalyzer - INFO - -> Analizzando versione 7.0.0-canary.8 (2689/3393)...
2025-11-11 08:57:16,947 - UnicodeAnalyzer - INFO - Filtrati 67 file (es. in /dist, /test).
2025-11-11 08:57:16,994 - UnicodeAnalyzer - INFO - -> Analizzando versione 7.0.0-canary.9 (2690/3393)...
2025-11-11 08:57:16,998 - UnicodeAnalyzer - INFO - Filtrati 67 file (es. in /dist, /test).
2025-11-11 08:57:17,046 - UnicodeAnalyzer - INFO - -> Analizzando versione 7.0.1 (2691/3393)...
2025-11-11 08:57:17,049 - UnicodeAnalyzer - INFO - Filtrati 69 file (es. in /dist, /test).
2025-11-11 08:57:17,095 - UnicodeAnalyzer - INFO - -> Analizzando versione 7.0.1-canary.0 (2692/3393)...
2025-11-11 08:57:17,099 - UnicodeAnalyzer - INFO - Filtrati 67 file (es. in /dist, /test).
2025-11-11 08:57:17,145 - UnicodeAnalyzer - INFO - -> Analizzando versione 7.0.1-canary.1 (2693/3393)...
2025-11-11 08:57:17,149 - UnicodeAnalyzer - INFO - Filtrati 67 file (es. in /dist, /test).
2025-11-11 08:57:17,196 - UnicodeAnalyzer - INFO - -> Analizzando versione 7.0.1-canary.2 (2694/3393)...
2025-11-11 08:57:17,201 - UnicodeAnalyzer - INFO - Filtrati 67 file (es. in /dist, /test).
2025-11-11 08:57:17,249 - UnicodeAnalyzer - INFO - -> Analizzando versione 7.0.1-canary.3 (2695/3393)...
2025-11-11 08:57:17,252 - UnicodeAnalyzer - INFO - Filtrati 69 file (es. in /dist, /test).
2025-11-11 08:57:17,297 - UnicodeAnalyzer - INFO - -> Analizzando versione 7.0.1-canary.4 (2696/3393)...
2025-11-11 08:57:17,300 - UnicodeAnalyzer - INFO - Filtrati 69 file (es. in /dist, /test).
2025-11-11 08:57:17,348 - UnicodeAnalyzer - INFO - -> Analizzando versione 7.0.1-canary.5 (2697/3393)...
2025-11-11 08:57:17,352 - UnicodeAnalyzer - INFO - Filtrati 69 file (es. in /dist, /test).
2025-11-11 08:57:17,400 - UnicodeAnalyzer - INFO - -> Analizzando versione 7.0.1-canary.6 (2698/3393)...
2025-11-11 08:57:17,403 - UnicodeAnalyzer - INFO - Filtrati 69 file (es. in /dist, /test).
2025-11-11 08:57:17,450 - UnicodeAnalyzer - INFO - -> Analizzando versione 7.0.2 (2699/3393)...
2025-11-11 08:57:17,453 - UnicodeAnalyzer - INFO - Filtrati 69 file (es. in /dist, /test).
2025-11-11 08:57:17,499 - UnicodeAnalyzer - INFO - -> Analizzando versione 7.0.2-alpha.1 (2700/3393)...
2025-11-11 08:57:17,502 - UnicodeAnalyzer - INFO - Filtrati 44 file (es. in /dist, /test).
2025-11-11 08:57:17,549 - UnicodeAnalyzer - INFO - -> Analizzando versione 7.0.2-alpha.3 (2701/3393)...
2025-11-11 08:57:17,552 - UnicodeAnalyzer - INFO - Filtrati 44 file (es. in /dist, /test).
2025-11-11 08:57:17,602 - UnicodeAnalyzer - INFO - -> Analizzando versione 7.0.2-canary.10 (2702/3393)...
2025-11-11 08:57:17,605 - UnicodeAnalyzer - INFO - Filtrati 44 file (es. in /dist, /test).
2025-11-11 08:57:17,650 - UnicodeAnalyzer - INFO - -> Analizzando versione 7.0.2-canary.11 (2703/3393)...
2025-11-11 08:57:17,653 - UnicodeAnalyzer - INFO - Filtrati 44 file (es. in /dist, /test).
2025-11-11 08:57:17,699 - UnicodeAnalyzer - INFO - -> Analizzando versione 7.0.2-canary.12 (2704/3393)...
2025-11-11 08:57:17,702 - UnicodeAnalyzer - INFO - Filtrati 44 file (es. in /dist, /test).
2025-11-11 08:57:17,749 - UnicodeAnalyzer - INFO - -> Analizzando versione 7.0.2-canary.13 (2705/3393)...
2025-11-11 08:57:17,752 - UnicodeAnalyzer - INFO - Filtrati 44 file (es. in /dist, /test).
2025-11-11 08:57:17,798 - UnicodeAnalyzer - INFO - -> Analizzando versione 7.0.2-canary.14 (2706/3393)...
2025-11-11 08:57:17,801 - UnicodeAnalyzer - INFO - Filtrati 44 file (es. in /dist, /test).
2025-11-11 08:57:17,846 - UnicodeAnalyzer - INFO - -> Analizzando versione 7.0.2-canary.15 (2707/3393)...
2025-11-11 08:57:17,849 - UnicodeAnalyzer - INFO - Filtrati 44 file (es. in /dist, /test).
2025-11-11 08:57:17,896 - UnicodeAnalyzer - INFO - -> Analizzando versione 7.0.2-canary.16 (2708/3393)...
2025-11-11 08:57:17,899 - UnicodeAnalyzer - INFO - Filtrati 44 file (es. in /dist, /test).
2025-11-11 08:57:17,947 - UnicodeAnalyzer - INFO - -> Analizzando versione 7.0.2-canary.17 (2709/3393)...
2025-11-11 08:57:17,949 - UnicodeAnalyzer - INFO - Filtrati 44 file (es. in /dist, /test).
2025-11-11 08:57:17,996 - UnicodeAnalyzer - INFO - -> Analizzando versione 7.0.2-canary.18 (2710/3393)...
2025-11-11 08:57:17,999 - UnicodeAnalyzer - INFO - Filtrati 44 file (es. in /dist, /test).
2025-11-11 08:57:18,046 - UnicodeAnalyzer - INFO - -> Analizzando versione 7.0.2-canary.19 (2711/3393)...
2025-11-11 08:57:18,049 - UnicodeAnalyzer - INFO - Filtrati 44 file (es. in /dist, /test).
2025-11-11 08:57:18,096 - UnicodeAnalyzer - INFO - -> Analizzando versione 7.0.2-canary.20 (2712/3393)...
2025-11-11 08:57:18,099 - UnicodeAnalyzer - INFO - Filtrati 44 file (es. in /dist, /test).
2025-11-11 08:57:18,145 - UnicodeAnalyzer - INFO - -> Analizzando versione 7.0.2-canary.21 (2713/3393)...
2025-11-11 08:57:18,148 - UnicodeAnalyzer - INFO - Filtrati 44 file (es. in /dist, /test).
2025-11-11 08:57:18,195 - UnicodeAnalyzer - INFO - -> Analizzando versione 7.0.2-canary.22 (2714/3393)...
2025-11-11 08:57:18,198 - UnicodeAnalyzer - INFO - Filtrati 44 file (es. in /dist, /test).
2025-11-11 08:57:18,244 - UnicodeAnalyzer - INFO - -> Analizzando versione 7.0.2-canary.23 (2715/3393)...
2025-11-11 08:57:18,247 - UnicodeAnalyzer - INFO - Filtrati 45 file (es. in /dist, /test).
2025-11-11 08:57:18,297 - UnicodeAnalyzer - INFO - -> Analizzando versione 7.0.2-canary.24 (2716/3393)...
2025-11-11 08:57:18,300 - UnicodeAnalyzer - INFO - Filtrati 45 file (es. in /dist, /test).
2025-11-11 08:57:18,346 - UnicodeAnalyzer - INFO - -> Analizzando versione 7.0.2-canary.25 (2717/3393)...
2025-11-11 08:57:18,348 - UnicodeAnalyzer - INFO - Filtrati 45 file (es. in /dist, /test).
2025-11-11 08:57:18,399 - UnicodeAnalyzer - INFO - -> Analizzando versione 7.0.2-canary.26 (2718/3393)...
2025-11-11 08:57:18,401 - UnicodeAnalyzer - INFO - Filtrati 45 file (es. in /dist, /test).
2025-11-11 08:57:18,447 - UnicodeAnalyzer - INFO - -> Analizzando versione 7.0.2-canary.27 (2719/3393)...
2025-11-11 08:57:18,449 - UnicodeAnalyzer - INFO - Filtrati 45 file (es. in /dist, /test).
2025-11-11 08:57:18,498 - UnicodeAnalyzer - INFO - -> Analizzando versione 7.0.2-canary.28 (2720/3393)...
2025-11-11 08:57:18,501 - UnicodeAnalyzer - INFO - Filtrati 45 file (es. in /dist, /test).
2025-11-11 08:57:18,550 - UnicodeAnalyzer - INFO - -> Analizzando versione 7.0.2-canary.29 (2721/3393)...
2025-11-11 08:57:18,552 - UnicodeAnalyzer - INFO - Filtrati 45 file (es. in /dist, /test).
2025-11-11 08:57:18,597 - UnicodeAnalyzer - INFO - -> Analizzando versione 7.0.2-canary.31 (2722/3393)...
2025-11-11 08:57:18,600 - UnicodeAnalyzer - INFO - Filtrati 49 file (es. in /dist, /test).
2025-11-11 08:57:18,647 - UnicodeAnalyzer - INFO - -> Analizzando versione 7.0.2-canary.33 (2723/3393)...
2025-11-11 08:57:18,650 - UnicodeAnalyzer - INFO - Filtrati 49 file (es. in /dist, /test).
2025-11-11 08:57:18,697 - UnicodeAnalyzer - INFO - -> Analizzando versione 7.0.2-canary.34 (2724/3393)...
2025-11-11 08:57:18,699 - UnicodeAnalyzer - INFO - Filtrati 49 file (es. in /dist, /test).
2025-11-11 08:57:18,750 - UnicodeAnalyzer - INFO - -> Analizzando versione 7.0.2-canary.35 (2725/3393)...
2025-11-11 08:57:18,752 - UnicodeAnalyzer - INFO - Filtrati 53 file (es. in /dist, /test).
2025-11-11 08:57:18,798 - UnicodeAnalyzer - INFO - -> Analizzando versione 7.0.2-canary.36 (2726/3393)...
2025-11-11 08:57:18,800 - UnicodeAnalyzer - INFO - Filtrati 53 file (es. in /dist, /test).
2025-11-11 08:57:18,848 - UnicodeAnalyzer - INFO - -> Analizzando versione 7.0.2-canary.37 (2727/3393)...
2025-11-11 08:57:18,851 - UnicodeAnalyzer - INFO - Filtrati 53 file (es. in /dist, /test).
2025-11-11 08:57:18,895 - UnicodeAnalyzer - INFO - -> Analizzando versione 7.0.2-canary.38 (2728/3393)...
2025-11-11 08:57:18,898 - UnicodeAnalyzer - INFO - Filtrati 53 file (es. in /dist, /test).
2025-11-11 08:57:18,945 - UnicodeAnalyzer - INFO - -> Analizzando versione 7.0.2-canary.39 (2729/3393)...
2025-11-11 08:57:18,948 - UnicodeAnalyzer - INFO - Filtrati 54 file (es. in /dist, /test).
2025-11-11 08:57:19,014 - UnicodeAnalyzer - INFO - -> Analizzando versione 7.0.2-canary.40 (2730/3393)...
2025-11-11 08:57:19,017 - UnicodeAnalyzer - INFO - Filtrati 54 file (es. in /dist, /test).
2025-11-11 08:57:19,086 - UnicodeAnalyzer - INFO - -> Analizzando versione 7.0.2-canary.41 (2731/3393)...
2025-11-11 08:57:19,089 - UnicodeAnalyzer - INFO - Filtrati 54 file (es. in /dist, /test).
2025-11-11 08:57:19,156 - UnicodeAnalyzer - INFO - -> Analizzando versione 7.0.2-canary.42 (2732/3393)...
2025-11-11 08:57:19,158 - UnicodeAnalyzer - INFO - Filtrati 54 file (es. in /dist, /test).
2025-11-11 08:57:19,227 - UnicodeAnalyzer - INFO - -> Analizzando versione 7.0.2-canary.43 (2733/3393)...
2025-11-11 08:57:19,231 - UnicodeAnalyzer - INFO - Filtrati 55 file (es. in /dist, /test).
2025-11-11 08:57:19,299 - UnicodeAnalyzer - INFO - -> Analizzando versione 7.0.2-canary.44 (2734/3393)...
2025-11-11 08:57:19,303 - UnicodeAnalyzer - INFO - Filtrati 55 file (es. in /dist, /test).
2025-11-11 08:57:19,371 - UnicodeAnalyzer - INFO - -> Analizzando versione 7.0.2-canary.45 (2735/3393)...
2025-11-11 08:57:19,374 - UnicodeAnalyzer - INFO - Filtrati 55 file (es. in /dist, /test).
2025-11-11 08:57:19,443 - UnicodeAnalyzer - INFO - -> Analizzando versione 7.0.2-canary.46 (2736/3393)...
2025-11-11 08:57:19,445 - UnicodeAnalyzer - INFO - Filtrati 55 file (es. in /dist, /test).
2025-11-11 08:57:19,512 - UnicodeAnalyzer - INFO - -> Analizzando versione 7.0.2-canary.47 (2737/3393)...
2025-11-11 08:57:19,515 - UnicodeAnalyzer - INFO - Filtrati 55 file (es. in /dist, /test).
2025-11-11 08:57:19,588 - UnicodeAnalyzer - INFO - -> Analizzando versione 7.0.2-canary.48 (2738/3393)...
2025-11-11 08:57:19,591 - UnicodeAnalyzer - INFO - Filtrati 55 file (es. in /dist, /test).
2025-11-11 08:57:19,660 - UnicodeAnalyzer - INFO - -> Analizzando versione 7.0.2-canary.49 (2739/3393)...
2025-11-11 08:57:19,662 - UnicodeAnalyzer - INFO - Filtrati 55 file (es. in /dist, /test).
2025-11-11 08:57:19,730 - UnicodeAnalyzer - INFO - -> Analizzando versione 7.0.2-canary.5 (2740/3393)...
2025-11-11 08:57:19,733 - UnicodeAnalyzer - INFO - Filtrati 46 file (es. in /dist, /test).
2025-11-11 08:57:19,802 - UnicodeAnalyzer - INFO - -> Analizzando versione 7.0.2-canary.50 (2741/3393)...
2025-11-11 08:57:19,806 - UnicodeAnalyzer - INFO - Filtrati 57 file (es. in /dist, /test).
2025-11-11 08:57:19,874 - UnicodeAnalyzer - INFO - -> Analizzando versione 7.0.2-canary.6 (2742/3393)...
2025-11-11 08:57:19,877 - UnicodeAnalyzer - INFO - Filtrati 43 file (es. in /dist, /test).
2025-11-11 08:57:19,945 - UnicodeAnalyzer - INFO - -> Analizzando versione 7.0.2-canary.7 (2743/3393)...
2025-11-11 08:57:19,948 - UnicodeAnalyzer - INFO - Filtrati 43 file (es. in /dist, /test).
2025-11-11 08:57:20,014 - UnicodeAnalyzer - INFO - -> Analizzando versione 7.0.2-canary.8 (2744/3393)...
2025-11-11 08:57:20,016 - UnicodeAnalyzer - INFO - Filtrati 44 file (es. in /dist, /test).
2025-11-11 08:57:20,081 - UnicodeAnalyzer - INFO - -> Analizzando versione 7.0.2-canary.9 (2745/3393)...
2025-11-11 08:57:20,085 - UnicodeAnalyzer - INFO - Filtrati 44 file (es. in /dist, /test).
2025-11-11 08:57:20,153 - UnicodeAnalyzer - INFO - -> Analizzando versione 7.0.3 (2746/3393)...
2025-11-11 08:57:20,156 - UnicodeAnalyzer - INFO - Filtrati 74 file (es. in /dist, /test).
2025-11-11 08:57:20,225 - UnicodeAnalyzer - INFO - -> Analizzando versione 7.0.3-alpha.0 (2747/3393)...
2025-11-11 08:57:20,228 - UnicodeAnalyzer - INFO - Filtrati 44 file (es. in /dist, /test).
2025-11-11 08:57:20,293 - UnicodeAnalyzer - INFO - -> Analizzando versione 7.0.3-alpha.1 (2748/3393)...
2025-11-11 08:57:20,298 - UnicodeAnalyzer - INFO - Filtrati 44 file (es. in /dist, /test).
2025-11-11 08:57:20,367 - UnicodeAnalyzer - INFO - -> Analizzando versione 7.0.3-alpha.2 (2749/3393)...
2025-11-11 08:57:20,369 - UnicodeAnalyzer - INFO - Filtrati 44 file (es. in /dist, /test).
2025-11-11 08:57:20,439 - UnicodeAnalyzer - INFO - -> Analizzando versione 7.0.3-alpha.3 (2750/3393)...
2025-11-11 08:57:20,443 - UnicodeAnalyzer - INFO - Filtrati 44 file (es. in /dist, /test).
2025-11-11 08:57:20,512 - UnicodeAnalyzer - INFO - -> Analizzando versione 7.0.3-alpha.4 (2751/3393)...
2025-11-11 08:57:20,515 - UnicodeAnalyzer - INFO - Filtrati 44 file (es. in /dist, /test).
2025-11-11 08:57:20,582 - UnicodeAnalyzer - INFO - -> Analizzando versione 7.0.3-alpha.5 (2752/3393)...
2025-11-11 08:57:20,585 - UnicodeAnalyzer - INFO - Filtrati 44 file (es. in /dist, /test).
2025-11-11 08:57:20,652 - UnicodeAnalyzer - INFO - -> Analizzando versione 8.0.0 (2753/3393)...
2025-11-11 08:57:20,655 - UnicodeAnalyzer - INFO - Filtrati 62 file (es. in /dist, /test).
2025-11-11 08:57:20,733 - UnicodeAnalyzer - INFO - -> Analizzando versione 8.0.0-canary.10 (2754/3393)...
2025-11-11 08:57:20,736 - UnicodeAnalyzer - INFO - Filtrati 57 file (es. in /dist, /test).
2025-11-11 08:57:20,804 - UnicodeAnalyzer - INFO - -> Analizzando versione 8.0.0-canary.11 (2755/3393)...
2025-11-11 08:57:20,807 - UnicodeAnalyzer - INFO - Filtrati 57 file (es. in /dist, /test).
2025-11-11 08:57:20,875 - UnicodeAnalyzer - INFO - -> Analizzando versione 8.0.0-canary.12 (2756/3393)...
2025-11-11 08:57:20,878 - UnicodeAnalyzer - INFO - Filtrati 57 file (es. in /dist, /test).
2025-11-11 08:57:20,949 - UnicodeAnalyzer - INFO - -> Analizzando versione 8.0.0-canary.13 (2757/3393)...
2025-11-11 08:57:20,952 - UnicodeAnalyzer - INFO - Filtrati 56 file (es. in /dist, /test).
2025-11-11 08:57:21,020 - UnicodeAnalyzer - INFO - -> Analizzando versione 8.0.0-canary.14 (2758/3393)...
2025-11-11 08:57:21,023 - UnicodeAnalyzer - INFO - Filtrati 56 file (es. in /dist, /test).
2025-11-11 08:57:21,092 - UnicodeAnalyzer - INFO - -> Analizzando versione 8.0.0-canary.15 (2759/3393)...
2025-11-11 08:57:21,096 - UnicodeAnalyzer - INFO - Filtrati 56 file (es. in /dist, /test).
2025-11-11 08:57:21,166 - UnicodeAnalyzer - INFO - -> Analizzando versione 8.0.0-canary.16 (2760/3393)...
2025-11-11 08:57:21,169 - UnicodeAnalyzer - INFO - Filtrati 57 file (es. in /dist, /test).
2025-11-11 08:57:21,238 - UnicodeAnalyzer - INFO - -> Analizzando versione 8.0.0-canary.17 (2761/3393)...
2025-11-11 08:57:21,241 - UnicodeAnalyzer - INFO - Filtrati 57 file (es. in /dist, /test).
2025-11-11 08:57:21,310 - UnicodeAnalyzer - INFO - -> Analizzando versione 8.0.0-canary.18 (2762/3393)...
2025-11-11 08:57:21,314 - UnicodeAnalyzer - INFO - Filtrati 57 file (es. in /dist, /test).
2025-11-11 08:57:21,382 - UnicodeAnalyzer - INFO - -> Analizzando versione 8.0.0-canary.19 (2763/3393)...
2025-11-11 08:57:21,385 - UnicodeAnalyzer - INFO - Filtrati 57 file (es. in /dist, /test).
2025-11-11 08:57:21,454 - UnicodeAnalyzer - INFO - -> Analizzando versione 8.0.0-canary.2 (2764/3393)...
2025-11-11 08:57:21,457 - UnicodeAnalyzer - INFO - Filtrati 57 file (es. in /dist, /test).
2025-11-11 08:57:21,529 - UnicodeAnalyzer - INFO - -> Analizzando versione 8.0.0-canary.21 (2765/3393)...
2025-11-11 08:57:21,533 - UnicodeAnalyzer - INFO - Filtrati 62 file (es. in /dist, /test).
2025-11-11 08:57:21,599 - UnicodeAnalyzer - INFO - -> Analizzando versione 8.0.0-canary.23 (2766/3393)...
2025-11-11 08:57:21,603 - UnicodeAnalyzer - INFO - Filtrati 62 file (es. in /dist, /test).
2025-11-11 08:57:21,670 - UnicodeAnalyzer - INFO - -> Analizzando versione 8.0.0-canary.24 (2767/3393)...
2025-11-11 08:57:21,674 - UnicodeAnalyzer - INFO - Filtrati 62 file (es. in /dist, /test).
2025-11-11 08:57:21,748 - UnicodeAnalyzer - INFO - -> Analizzando versione 8.0.0-canary.3 (2768/3393)...
2025-11-11 08:57:21,751 - UnicodeAnalyzer - INFO - Filtrati 57 file (es. in /dist, /test).
2025-11-11 08:57:21,821 - UnicodeAnalyzer - INFO - -> Analizzando versione 8.0.0-canary.4 (2769/3393)...
2025-11-11 08:57:21,824 - UnicodeAnalyzer - INFO - Filtrati 57 file (es. in /dist, /test).
2025-11-11 08:57:21,893 - UnicodeAnalyzer - INFO - -> Analizzando versione 8.0.0-canary.6 (2770/3393)...
2025-11-11 08:57:21,897 - UnicodeAnalyzer - INFO - Filtrati 57 file (es. in /dist, /test).
2025-11-11 08:57:21,968 - UnicodeAnalyzer - INFO - -> Analizzando versione 8.0.0-canary.7 (2771/3393)...
2025-11-11 08:57:21,971 - UnicodeAnalyzer - INFO - Filtrati 57 file (es. in /dist, /test).
2025-11-11 08:57:22,039 - UnicodeAnalyzer - INFO - -> Analizzando versione 8.0.1 (2772/3393)...
2025-11-11 08:57:22,042 - UnicodeAnalyzer - INFO - Filtrati 62 file (es. in /dist, /test).
2025-11-11 08:57:22,109 - UnicodeAnalyzer - INFO - -> Analizzando versione 8.0.1-canary.0 (2773/3393)...
2025-11-11 08:57:22,114 - UnicodeAnalyzer - INFO - Filtrati 62 file (es. in /dist, /test).
2025-11-11 08:57:22,198 - UnicodeAnalyzer - INFO - -> Analizzando versione 8.0.2 (2774/3393)...
2025-11-11 08:57:22,204 - UnicodeAnalyzer - INFO - Filtrati 65 file (es. in /dist, /test).
2025-11-11 08:57:22,297 - UnicodeAnalyzer - INFO - -> Analizzando versione 8.0.2-canary.0 (2775/3393)...
2025-11-11 08:57:22,300 - UnicodeAnalyzer - INFO - Filtrati 62 file (es. in /dist, /test).
2025-11-11 08:57:22,368 - UnicodeAnalyzer - INFO - -> Analizzando versione 8.0.2-canary.1 (2776/3393)...
2025-11-11 08:57:22,372 - UnicodeAnalyzer - INFO - Filtrati 65 file (es. in /dist, /test).
2025-11-11 08:57:22,442 - UnicodeAnalyzer - INFO - -> Analizzando versione 8.0.2-canary.2 (2777/3393)...
2025-11-11 08:57:22,446 - UnicodeAnalyzer - INFO - Filtrati 65 file (es. in /dist, /test).
2025-11-11 08:57:22,513 - UnicodeAnalyzer - INFO - -> Analizzando versione 8.0.2-canary.3 (2778/3393)...
2025-11-11 08:57:22,517 - UnicodeAnalyzer - INFO - Filtrati 65 file (es. in /dist, /test).
2025-11-11 08:57:22,583 - UnicodeAnalyzer - INFO - -> Analizzando versione 8.0.2-canary.4 (2779/3393)...
2025-11-11 08:57:22,587 - UnicodeAnalyzer - INFO - Filtrati 65 file (es. in /dist, /test).
2025-11-11 08:57:22,653 - UnicodeAnalyzer - INFO - -> Analizzando versione 8.0.2-canary.5 (2780/3393)...
2025-11-11 08:57:22,658 - UnicodeAnalyzer - INFO - Filtrati 65 file (es. in /dist, /test).
2025-11-11 08:57:22,730 - UnicodeAnalyzer - INFO - -> Analizzando versione 8.0.2-canary.6 (2781/3393)...
2025-11-11 08:57:22,734 - UnicodeAnalyzer - INFO - Filtrati 64 file (es. in /dist, /test).
2025-11-11 08:57:22,802 - UnicodeAnalyzer - INFO - -> Analizzando versione 8.0.2-canary.7 (2782/3393)...
2025-11-11 08:57:22,807 - UnicodeAnalyzer - INFO - Filtrati 65 file (es. in /dist, /test).
2025-11-11 08:57:22,873 - UnicodeAnalyzer - INFO - -> Analizzando versione 8.0.3 (2783/3393)...
2025-11-11 08:57:22,878 - UnicodeAnalyzer - INFO - Filtrati 65 file (es. in /dist, /test).
2025-11-11 08:57:22,949 - UnicodeAnalyzer - INFO - -> Analizzando versione 8.0.3-canary.0 (2784/3393)...
2025-11-11 08:57:22,954 - UnicodeAnalyzer - INFO - Filtrati 65 file (es. in /dist, /test).
2025-11-11 08:57:23,023 - UnicodeAnalyzer - INFO - -> Analizzando versione 8.0.4 (2785/3393)...
2025-11-11 08:57:23,029 - UnicodeAnalyzer - INFO - Filtrati 81 file (es. in /dist, /test).
2025-11-11 08:57:23,097 - UnicodeAnalyzer - INFO - -> Analizzando versione 8.0.4-canary.0 (2786/3393)...
2025-11-11 08:57:23,103 - UnicodeAnalyzer - INFO - Filtrati 65 file (es. in /dist, /test).
2025-11-11 08:57:23,169 - UnicodeAnalyzer - INFO - -> Analizzando versione 8.0.4-canary.1 (2787/3393)...
2025-11-11 08:57:23,173 - UnicodeAnalyzer - INFO - Filtrati 65 file (es. in /dist, /test).
2025-11-11 08:57:23,244 - UnicodeAnalyzer - INFO - -> Analizzando versione 8.0.4-canary.10 (2788/3393)...
2025-11-11 08:57:23,249 - UnicodeAnalyzer - INFO - Filtrati 74 file (es. in /dist, /test).
2025-11-11 08:57:23,318 - UnicodeAnalyzer - INFO - -> Analizzando versione 8.0.4-canary.11 (2789/3393)...
2025-11-11 08:57:23,324 - UnicodeAnalyzer - INFO - Filtrati 76 file (es. in /dist, /test).
2025-11-11 08:57:23,390 - UnicodeAnalyzer - INFO - -> Analizzando versione 8.0.4-canary.12 (2790/3393)...
2025-11-11 08:57:23,396 - UnicodeAnalyzer - INFO - Filtrati 76 file (es. in /dist, /test).
2025-11-11 08:57:23,466 - UnicodeAnalyzer - INFO - -> Analizzando versione 8.0.4-canary.15 (2791/3393)...
2025-11-11 08:57:23,472 - UnicodeAnalyzer - INFO - Filtrati 77 file (es. in /dist, /test).
2025-11-11 08:57:23,540 - UnicodeAnalyzer - INFO - -> Analizzando versione 8.0.4-canary.16 (2792/3393)...
2025-11-11 08:57:23,546 - UnicodeAnalyzer - INFO - Filtrati 77 file (es. in /dist, /test).
2025-11-11 08:57:23,614 - UnicodeAnalyzer - INFO - -> Analizzando versione 8.0.4-canary.17 (2793/3393)...
2025-11-11 08:57:23,619 - UnicodeAnalyzer - INFO - Filtrati 77 file (es. in /dist, /test).
2025-11-11 08:57:23,692 - UnicodeAnalyzer - INFO - -> Analizzando versione 8.0.4-canary.18 (2794/3393)...
2025-11-11 08:57:23,697 - UnicodeAnalyzer - INFO - Filtrati 77 file (es. in /dist, /test).
2025-11-11 08:57:23,765 - UnicodeAnalyzer - INFO - -> Analizzando versione 8.0.4-canary.19 (2795/3393)...
2025-11-11 08:57:23,769 - UnicodeAnalyzer - INFO - Filtrati 77 file (es. in /dist, /test).
2025-11-11 08:57:23,838 - UnicodeAnalyzer - INFO - -> Analizzando versione 8.0.4-canary.2 (2796/3393)...
2025-11-11 08:57:23,842 - UnicodeAnalyzer - INFO - Filtrati 68 file (es. in /dist, /test).
2025-11-11 08:57:23,909 - UnicodeAnalyzer - INFO - -> Analizzando versione 8.0.4-canary.20 (2797/3393)...
2025-11-11 08:57:23,914 - UnicodeAnalyzer - INFO - Filtrati 78 file (es. in /dist, /test).
2025-11-11 08:57:23,983 - UnicodeAnalyzer - INFO - -> Analizzando versione 8.0.4-canary.21 (2798/3393)...
2025-11-11 08:57:23,988 - UnicodeAnalyzer - INFO - Filtrati 80 file (es. in /dist, /test).
2025-11-11 08:57:24,057 - UnicodeAnalyzer - INFO - -> Analizzando versione 8.0.4-canary.22 (2799/3393)...
2025-11-11 08:57:24,062 - UnicodeAnalyzer - INFO - Filtrati 80 file (es. in /dist, /test).
2025-11-11 08:57:24,130 - UnicodeAnalyzer - INFO - -> Analizzando versione 8.0.4-canary.23 (2800/3393)...
2025-11-11 08:57:24,135 - UnicodeAnalyzer - INFO - Filtrati 80 file (es. in /dist, /test).
2025-11-11 08:57:24,202 - UnicodeAnalyzer - INFO - -> Analizzando versione 8.0.4-canary.24 (2801/3393)...
2025-11-11 08:57:24,209 - UnicodeAnalyzer - INFO - Filtrati 81 file (es. in /dist, /test).
2025-11-11 08:57:24,281 - UnicodeAnalyzer - INFO - -> Analizzando versione 8.0.4-canary.25 (2802/3393)...
2025-11-11 08:57:24,286 - UnicodeAnalyzer - INFO - Filtrati 81 file (es. in /dist, /test).
2025-11-11 08:57:24,355 - UnicodeAnalyzer - INFO - -> Analizzando versione 8.0.4-canary.26 (2803/3393)...
2025-11-11 08:57:24,360 - UnicodeAnalyzer - INFO - Filtrati 81 file (es. in /dist, /test).
2025-11-11 08:57:24,432 - UnicodeAnalyzer - INFO - -> Analizzando versione 8.0.4-canary.27 (2804/3393)...
2025-11-11 08:57:24,437 - UnicodeAnalyzer - INFO - Filtrati 81 file (es. in /dist, /test).
2025-11-11 08:57:24,507 - UnicodeAnalyzer - INFO - -> Analizzando versione 8.0.4-canary.28 (2805/3393)...
2025-11-11 08:57:24,513 - UnicodeAnalyzer - INFO - Filtrati 81 file (es. in /dist, /test).
2025-11-11 08:57:24,583 - UnicodeAnalyzer - INFO - -> Analizzando versione 8.0.4-canary.29 (2806/3393)...
2025-11-11 08:57:24,589 - UnicodeAnalyzer - INFO - Filtrati 81 file (es. in /dist, /test).
2025-11-11 08:57:24,657 - UnicodeAnalyzer - INFO - -> Analizzando versione 8.0.4-canary.3 (2807/3393)...
2025-11-11 08:57:24,661 - UnicodeAnalyzer - INFO - Filtrati 72 file (es. in /dist, /test).
2025-11-11 08:57:24,729 - UnicodeAnalyzer - INFO - -> Analizzando versione 8.0.4-canary.30 (2808/3393)...
2025-11-11 08:57:24,735 - UnicodeAnalyzer - INFO - Filtrati 81 file (es. in /dist, /test).
2025-11-11 08:57:24,807 - UnicodeAnalyzer - INFO - -> Analizzando versione 8.0.4-canary.4 (2809/3393)...
2025-11-11 08:57:24,811 - UnicodeAnalyzer - INFO - Filtrati 71 file (es. in /dist, /test).
2025-11-11 08:57:24,879 - UnicodeAnalyzer - INFO - -> Analizzando versione 8.0.4-canary.6 (2810/3393)...
2025-11-11 08:57:24,884 - UnicodeAnalyzer - INFO - Filtrati 73 file (es. in /dist, /test).
2025-11-11 08:57:24,952 - UnicodeAnalyzer - INFO - -> Analizzando versione 8.0.4-canary.7 (2811/3393)...
2025-11-11 08:57:24,957 - UnicodeAnalyzer - INFO - Filtrati 74 file (es. in /dist, /test).
2025-11-11 08:57:25,035 - UnicodeAnalyzer - INFO - -> Analizzando versione 8.0.4-canary.8 (2812/3393)...
2025-11-11 08:57:25,039 - UnicodeAnalyzer - INFO - Filtrati 75 file (es. in /dist, /test).
2025-11-11 08:57:25,108 - UnicodeAnalyzer - INFO - -> Analizzando versione 8.0.4-canary.9 (2813/3393)...
2025-11-11 08:57:25,113 - UnicodeAnalyzer - INFO - Filtrati 75 file (es. in /dist, /test).
2025-11-11 08:57:25,181 - UnicodeAnalyzer - INFO - -> Analizzando versione 8.0.5-canary.0 (2814/3393)...
2025-11-11 08:57:25,191 - UnicodeAnalyzer - INFO - Filtrati 84 file (es. in /dist, /test).
2025-11-11 08:57:25,258 - UnicodeAnalyzer - INFO - -> Analizzando versione 8.0.5-canary.1 (2815/3393)...
2025-11-11 08:57:25,265 - UnicodeAnalyzer - INFO - Filtrati 85 file (es. in /dist, /test).
2025-11-11 08:57:25,333 - UnicodeAnalyzer - INFO - -> Analizzando versione 8.0.5-canary.10 (2816/3393)...
2025-11-11 08:57:25,339 - UnicodeAnalyzer - INFO - Filtrati 85 file (es. in /dist, /test).
2025-11-11 08:57:25,411 - UnicodeAnalyzer - INFO - -> Analizzando versione 8.0.5-canary.11 (2817/3393)...
2025-11-11 08:57:25,416 - UnicodeAnalyzer - INFO - Filtrati 85 file (es. in /dist, /test).
2025-11-11 08:57:25,484 - UnicodeAnalyzer - INFO - -> Analizzando versione 8.0.5-canary.12 (2818/3393)...
2025-11-11 08:57:25,490 - UnicodeAnalyzer - INFO - Filtrati 85 file (es. in /dist, /test).
2025-11-11 08:57:25,552 - UnicodeAnalyzer - INFO - -> Analizzando versione 8.0.5-canary.13 (2819/3393)...
2025-11-11 08:57:25,558 - UnicodeAnalyzer - INFO - Filtrati 85 file (es. in /dist, /test).
2025-11-11 08:57:25,611 - UnicodeAnalyzer - INFO - -> Analizzando versione 8.0.5-canary.14 (2820/3393)...
2025-11-11 08:57:25,617 - UnicodeAnalyzer - INFO - Filtrati 85 file (es. in /dist, /test).
2025-11-11 08:57:25,672 - UnicodeAnalyzer - INFO - -> Analizzando versione 8.0.5-canary.15 (2821/3393)...
2025-11-11 08:57:25,678 - UnicodeAnalyzer - INFO - Filtrati 85 file (es. in /dist, /test).
2025-11-11 08:57:25,726 - UnicodeAnalyzer - INFO - -> Analizzando versione 8.0.5-canary.16 (2822/3393)...
2025-11-11 08:57:25,731 - UnicodeAnalyzer - INFO - Filtrati 85 file (es. in /dist, /test).
2025-11-11 08:57:25,778 - UnicodeAnalyzer - INFO - -> Analizzando versione 8.0.5-canary.17 (2823/3393)...
2025-11-11 08:57:25,784 - UnicodeAnalyzer - INFO - Filtrati 85 file (es. in /dist, /test).
2025-11-11 08:57:25,830 - UnicodeAnalyzer - INFO - -> Analizzando versione 8.0.5-canary.18 (2824/3393)...
2025-11-11 08:57:25,836 - UnicodeAnalyzer - INFO - Filtrati 85 file (es. in /dist, /test).
2025-11-11 08:57:25,883 - UnicodeAnalyzer - INFO - -> Analizzando versione 8.0.5-canary.19 (2825/3393)...
2025-11-11 08:57:25,889 - UnicodeAnalyzer - INFO - Filtrati 85 file (es. in /dist, /test).
2025-11-11 08:57:25,934 - UnicodeAnalyzer - INFO - -> Analizzando versione 8.0.5-canary.2 (2826/3393)...
2025-11-11 08:57:25,940 - UnicodeAnalyzer - INFO - Filtrati 85 file (es. in /dist, /test).
2025-11-11 08:57:25,986 - UnicodeAnalyzer - INFO - -> Analizzando versione 8.0.5-canary.20 (2827/3393)...
2025-11-11 08:57:25,992 - UnicodeAnalyzer - INFO - Filtrati 85 file (es. in /dist, /test).
2025-11-11 08:57:26,039 - UnicodeAnalyzer - INFO - -> Analizzando versione 8.0.5-canary.21 (2828/3393)...
2025-11-11 08:57:26,044 - UnicodeAnalyzer - INFO - Filtrati 85 file (es. in /dist, /test).
2025-11-11 08:57:26,091 - UnicodeAnalyzer - INFO - -> Analizzando versione 8.0.5-canary.22 (2829/3393)...
2025-11-11 08:57:26,097 - UnicodeAnalyzer - INFO - Filtrati 85 file (es. in /dist, /test).
2025-11-11 08:57:26,142 - UnicodeAnalyzer - INFO - -> Analizzando versione 8.0.5-canary.23 (2830/3393)...
2025-11-11 08:57:26,148 - UnicodeAnalyzer - INFO - Filtrati 85 file (es. in /dist, /test).
2025-11-11 08:57:26,194 - UnicodeAnalyzer - INFO - -> Analizzando versione 8.0.5-canary.24 (2831/3393)...
2025-11-11 08:57:26,200 - UnicodeAnalyzer - INFO - Filtrati 85 file (es. in /dist, /test).
2025-11-11 08:57:26,246 - UnicodeAnalyzer - INFO - -> Analizzando versione 8.0.5-canary.25 (2832/3393)...
2025-11-11 08:57:26,251 - UnicodeAnalyzer - INFO - Filtrati 85 file (es. in /dist, /test).
2025-11-11 08:57:26,299 - UnicodeAnalyzer - INFO - -> Analizzando versione 8.0.5-canary.26 (2833/3393)...
2025-11-11 08:57:26,305 - UnicodeAnalyzer - INFO - Filtrati 85 file (es. in /dist, /test).
2025-11-11 08:57:26,351 - UnicodeAnalyzer - INFO - -> Analizzando versione 8.0.5-canary.27 (2834/3393)...
2025-11-11 08:57:26,357 - UnicodeAnalyzer - INFO - Filtrati 86 file (es. in /dist, /test).
2025-11-11 08:57:26,402 - UnicodeAnalyzer - INFO - -> Analizzando versione 8.0.5-canary.28 (2835/3393)...
2025-11-11 08:57:26,408 - UnicodeAnalyzer - INFO - Filtrati 88 file (es. in /dist, /test).
2025-11-11 08:57:26,454 - UnicodeAnalyzer - INFO - -> Analizzando versione 8.0.5-canary.29 (2836/3393)...
2025-11-11 08:57:26,459 - UnicodeAnalyzer - INFO - Filtrati 88 file (es. in /dist, /test).
2025-11-11 08:57:26,506 - UnicodeAnalyzer - INFO - -> Analizzando versione 8.0.5-canary.3 (2837/3393)...
2025-11-11 08:57:26,512 - UnicodeAnalyzer - INFO - Filtrati 85 file (es. in /dist, /test).
2025-11-11 08:57:26,558 - UnicodeAnalyzer - INFO - -> Analizzando versione 8.0.5-canary.30 (2838/3393)...
2025-11-11 08:57:26,567 - UnicodeAnalyzer - INFO - Filtrati 88 file (es. in /dist, /test).
2025-11-11 08:57:26,613 - UnicodeAnalyzer - INFO - -> Analizzando versione 8.0.5-canary.31 (2839/3393)...
2025-11-11 08:57:26,619 - UnicodeAnalyzer - INFO - Filtrati 88 file (es. in /dist, /test).
2025-11-11 08:57:26,665 - UnicodeAnalyzer - INFO - -> Analizzando versione 8.0.5-canary.32 (2840/3393)...
2025-11-11 08:57:26,671 - UnicodeAnalyzer - INFO - Filtrati 88 file (es. in /dist, /test).
2025-11-11 08:57:26,717 - UnicodeAnalyzer - INFO - -> Analizzando versione 8.0.5-canary.33 (2841/3393)...
2025-11-11 08:57:26,722 - UnicodeAnalyzer - INFO - Filtrati 88 file (es. in /dist, /test).
2025-11-11 08:57:26,767 - UnicodeAnalyzer - INFO - -> Analizzando versione 8.0.5-canary.34 (2842/3393)...
2025-11-11 08:57:26,773 - UnicodeAnalyzer - INFO - Filtrati 88 file (es. in /dist, /test).
2025-11-11 08:57:26,819 - UnicodeAnalyzer - INFO - -> Analizzando versione 8.0.5-canary.35 (2843/3393)...
2025-11-11 08:57:26,825 - UnicodeAnalyzer - INFO - Filtrati 88 file (es. in /dist, /test).
2025-11-11 08:57:26,871 - UnicodeAnalyzer - INFO - -> Analizzando versione 8.0.5-canary.4 (2844/3393)...
2025-11-11 08:57:26,876 - UnicodeAnalyzer - INFO - Filtrati 85 file (es. in /dist, /test).
2025-11-11 08:57:26,922 - UnicodeAnalyzer - INFO - -> Analizzando versione 8.0.5-canary.5 (2845/3393)...
2025-11-11 08:57:26,928 - UnicodeAnalyzer - INFO - Filtrati 85 file (es. in /dist, /test).
2025-11-11 08:57:26,974 - UnicodeAnalyzer - INFO - -> Analizzando versione 8.0.5-canary.6 (2846/3393)...
2025-11-11 08:57:26,979 - UnicodeAnalyzer - INFO - Filtrati 85 file (es. in /dist, /test).
2025-11-11 08:57:27,025 - UnicodeAnalyzer - INFO - -> Analizzando versione 8.0.5-canary.7 (2847/3393)...
2025-11-11 08:57:27,030 - UnicodeAnalyzer - INFO - Filtrati 85 file (es. in /dist, /test).
2025-11-11 08:57:27,076 - UnicodeAnalyzer - INFO - -> Analizzando versione 8.0.5-canary.8 (2848/3393)...
2025-11-11 08:57:27,081 - UnicodeAnalyzer - INFO - Filtrati 85 file (es. in /dist, /test).
2025-11-11 08:57:27,127 - UnicodeAnalyzer - INFO - -> Analizzando versione 8.0.5-canary.9 (2849/3393)...
2025-11-11 08:57:27,133 - UnicodeAnalyzer - INFO - Filtrati 85 file (es. in /dist, /test).
2025-11-11 08:57:27,180 - UnicodeAnalyzer - INFO - -> Analizzando versione 8.1.0 (2850/3393)...
2025-11-11 08:57:27,185 - UnicodeAnalyzer - INFO - Filtrati 88 file (es. in /dist, /test).
2025-11-11 08:57:27,231 - UnicodeAnalyzer - INFO - -> Analizzando versione 8.1.1-canary.0 (2851/3393)...
2025-11-11 08:57:27,236 - UnicodeAnalyzer - INFO - Filtrati 88 file (es. in /dist, /test).
2025-11-11 08:57:27,282 - UnicodeAnalyzer - INFO - -> Analizzando versione 8.1.1-canary.1 (2852/3393)...
2025-11-11 08:57:27,287 - UnicodeAnalyzer - INFO - Filtrati 91 file (es. in /dist, /test).
2025-11-11 08:57:27,333 - UnicodeAnalyzer - INFO - -> Analizzando versione 8.1.1-canary.10 (2853/3393)...
2025-11-11 08:57:27,339 - UnicodeAnalyzer - INFO - Filtrati 95 file (es. in /dist, /test).
2025-11-11 08:57:27,385 - UnicodeAnalyzer - INFO - -> Analizzando versione 8.1.1-canary.11 (2854/3393)...
2025-11-11 08:57:27,390 - UnicodeAnalyzer - INFO - Filtrati 95 file (es. in /dist, /test).
2025-11-11 08:57:27,437 - UnicodeAnalyzer - INFO - -> Analizzando versione 8.1.1-canary.12 (2855/3393)...
2025-11-11 08:57:27,442 - UnicodeAnalyzer - INFO - Filtrati 95 file (es. in /dist, /test).
2025-11-11 08:57:27,488 - UnicodeAnalyzer - INFO - -> Analizzando versione 8.1.1-canary.13 (2856/3393)...
2025-11-11 08:57:27,494 - UnicodeAnalyzer - INFO - Filtrati 95 file (es. in /dist, /test).
2025-11-11 08:57:27,540 - UnicodeAnalyzer - INFO - -> Analizzando versione 8.1.1-canary.14 (2857/3393)...
2025-11-11 08:57:27,546 - UnicodeAnalyzer - INFO - Filtrati 95 file (es. in /dist, /test).
2025-11-11 08:57:27,593 - UnicodeAnalyzer - INFO - -> Analizzando versione 8.1.1-canary.15 (2858/3393)...
2025-11-11 08:57:27,598 - UnicodeAnalyzer - INFO - Filtrati 95 file (es. in /dist, /test).
2025-11-11 08:57:27,644 - UnicodeAnalyzer - INFO - -> Analizzando versione 8.1.1-canary.16 (2859/3393)...
2025-11-11 08:57:27,650 - UnicodeAnalyzer - INFO - Filtrati 95 file (es. in /dist, /test).
2025-11-11 08:57:27,696 - UnicodeAnalyzer - INFO - -> Analizzando versione 8.1.1-canary.17 (2860/3393)...
2025-11-11 08:57:27,703 - UnicodeAnalyzer - INFO - Filtrati 103 file (es. in /dist, /test).
2025-11-11 08:57:27,752 - UnicodeAnalyzer - INFO - -> Analizzando versione 8.1.1-canary.18 (2861/3393)...
2025-11-11 08:57:27,759 - UnicodeAnalyzer - INFO - Filtrati 104 file (es. in /dist, /test).
2025-11-11 08:57:27,805 - UnicodeAnalyzer - INFO - -> Analizzando versione 8.1.1-canary.19 (2862/3393)...
2025-11-11 08:57:27,814 - UnicodeAnalyzer - INFO - Filtrati 95 file (es. in /dist, /test).
2025-11-11 08:57:27,863 - UnicodeAnalyzer - INFO - -> Analizzando versione 8.1.1-canary.2 (2863/3393)...
2025-11-11 08:57:27,868 - UnicodeAnalyzer - INFO - Filtrati 91 file (es. in /dist, /test).
2025-11-11 08:57:27,915 - UnicodeAnalyzer - INFO - -> Analizzando versione 8.1.1-canary.20 (2864/3393)...
2025-11-11 08:57:27,922 - UnicodeAnalyzer - INFO - Filtrati 96 file (es. in /dist, /test).
2025-11-11 08:57:27,968 - UnicodeAnalyzer - INFO - -> Analizzando versione 8.1.1-canary.21 (2865/3393)...
2025-11-11 08:57:27,974 - UnicodeAnalyzer - INFO - Filtrati 99 file (es. in /dist, /test).
2025-11-11 08:57:28,023 - UnicodeAnalyzer - INFO - -> Analizzando versione 8.1.1-canary.22 (2866/3393)...
2025-11-11 08:57:28,029 - UnicodeAnalyzer - INFO - Filtrati 100 file (es. in /dist, /test).
2025-11-11 08:57:28,077 - UnicodeAnalyzer - INFO - -> Analizzando versione 8.1.1-canary.23 (2867/3393)...
2025-11-11 08:57:28,082 - UnicodeAnalyzer - INFO - Filtrati 100 file (es. in /dist, /test).
2025-11-11 08:57:28,130 - UnicodeAnalyzer - INFO - -> Analizzando versione 8.1.1-canary.24 (2868/3393)...
2025-11-11 08:57:28,135 - UnicodeAnalyzer - INFO - Filtrati 96 file (es. in /dist, /test).
2025-11-11 08:57:28,182 - UnicodeAnalyzer - INFO - -> Analizzando versione 8.1.1-canary.25 (2869/3393)...
2025-11-11 08:57:28,188 - UnicodeAnalyzer - INFO - Filtrati 93 file (es. in /dist, /test).
2025-11-11 08:57:28,235 - UnicodeAnalyzer - INFO - -> Analizzando versione 8.1.1-canary.26 (2870/3393)...
2025-11-11 08:57:28,241 - UnicodeAnalyzer - INFO - Filtrati 94 file (es. in /dist, /test).
2025-11-11 08:57:28,287 - UnicodeAnalyzer - INFO - -> Analizzando versione 8.1.1-canary.27 (2871/3393)...
2025-11-11 08:57:28,293 - UnicodeAnalyzer - INFO - Filtrati 94 file (es. in /dist, /test).
2025-11-11 08:57:28,339 - UnicodeAnalyzer - INFO - -> Analizzando versione 8.1.1-canary.28 (2872/3393)...
2025-11-11 08:57:28,345 - UnicodeAnalyzer - INFO - Filtrati 94 file (es. in /dist, /test).
2025-11-11 08:57:28,395 - UnicodeAnalyzer - INFO - -> Analizzando versione 8.1.1-canary.29 (2873/3393)...
2025-11-11 08:57:28,400 - UnicodeAnalyzer - INFO - Filtrati 94 file (es. in /dist, /test).
2025-11-11 08:57:28,446 - UnicodeAnalyzer - INFO - -> Analizzando versione 8.1.1-canary.3 (2874/3393)...
2025-11-11 08:57:28,450 - UnicodeAnalyzer - INFO - Filtrati 91 file (es. in /dist, /test).
2025-11-11 08:57:28,498 - UnicodeAnalyzer - INFO - -> Analizzando versione 8.1.1-canary.30 (2875/3393)...
2025-11-11 08:57:28,504 - UnicodeAnalyzer - INFO - Filtrati 110 file (es. in /dist, /test).
2025-11-11 08:57:28,550 - UnicodeAnalyzer - INFO - -> Analizzando versione 8.1.1-canary.31 (2876/3393)...
2025-11-11 08:57:28,557 - UnicodeAnalyzer - INFO - Filtrati 112 file (es. in /dist, /test).
2025-11-11 08:57:28,604 - UnicodeAnalyzer - INFO - -> Analizzando versione 8.1.1-canary.32 (2877/3393)...
2025-11-11 08:57:28,610 - UnicodeAnalyzer - INFO - Filtrati 94 file (es. in /dist, /test).
2025-11-11 08:57:28,657 - UnicodeAnalyzer - INFO - -> Analizzando versione 8.1.1-canary.33 (2878/3393)...
2025-11-11 08:57:28,663 - UnicodeAnalyzer - INFO - Filtrati 94 file (es. in /dist, /test).
2025-11-11 08:57:28,709 - UnicodeAnalyzer - INFO - -> Analizzando versione 8.1.1-canary.34 (2879/3393)...
2025-11-11 08:57:28,715 - UnicodeAnalyzer - INFO - Filtrati 94 file (es. in /dist, /test).
2025-11-11 08:57:28,762 - UnicodeAnalyzer - INFO - -> Analizzando versione 8.1.1-canary.35 (2880/3393)...
2025-11-11 08:57:28,768 - UnicodeAnalyzer - INFO - Filtrati 94 file (es. in /dist, /test).
2025-11-11 08:57:28,814 - UnicodeAnalyzer - INFO - -> Analizzando versione 8.1.1-canary.36 (2881/3393)...
2025-11-11 08:57:28,820 - UnicodeAnalyzer - INFO - Filtrati 94 file (es. in /dist, /test).
2025-11-11 08:57:28,867 - UnicodeAnalyzer - INFO - -> Analizzando versione 8.1.1-canary.37 (2882/3393)...
2025-11-11 08:57:28,872 - UnicodeAnalyzer - INFO - Filtrati 94 file (es. in /dist, /test).
2025-11-11 08:57:28,918 - UnicodeAnalyzer - INFO - -> Analizzando versione 8.1.1-canary.38 (2883/3393)...
2025-11-11 08:57:28,923 - UnicodeAnalyzer - INFO - Filtrati 95 file (es. in /dist, /test).
2025-11-11 08:57:28,970 - UnicodeAnalyzer - INFO - -> Analizzando versione 8.1.1-canary.39 (2884/3393)...
2025-11-11 08:57:28,976 - UnicodeAnalyzer - INFO - Filtrati 95 file (es. in /dist, /test).
2025-11-11 08:57:29,024 - UnicodeAnalyzer - INFO - -> Analizzando versione 8.1.1-canary.4 (2885/3393)...
2025-11-11 08:57:29,030 - UnicodeAnalyzer - INFO - Filtrati 95 file (es. in /dist, /test).
2025-11-11 08:57:29,076 - UnicodeAnalyzer - INFO - -> Analizzando versione 8.1.1-canary.40 (2886/3393)...
2025-11-11 08:57:29,081 - UnicodeAnalyzer - INFO - Filtrati 95 file (es. in /dist, /test).
2025-11-11 08:57:29,127 - UnicodeAnalyzer - INFO - -> Analizzando versione 8.1.1-canary.41 (2887/3393)...
2025-11-11 08:57:29,132 - UnicodeAnalyzer - INFO - Filtrati 95 file (es. in /dist, /test).
2025-11-11 08:57:29,179 - UnicodeAnalyzer - INFO - -> Analizzando versione 8.1.1-canary.42 (2888/3393)...
2025-11-11 08:57:29,184 - UnicodeAnalyzer - INFO - Filtrati 95 file (es. in /dist, /test).
2025-11-11 08:57:29,231 - UnicodeAnalyzer - INFO - -> Analizzando versione 8.1.1-canary.43 (2889/3393)...
2025-11-11 08:57:29,236 - UnicodeAnalyzer - INFO - Filtrati 95 file (es. in /dist, /test).
2025-11-11 08:57:29,282 - UnicodeAnalyzer - INFO - -> Analizzando versione 8.1.1-canary.44 (2890/3393)...
2025-11-11 08:57:29,287 - UnicodeAnalyzer - INFO - Filtrati 95 file (es. in /dist, /test).
2025-11-11 08:57:29,334 - UnicodeAnalyzer - INFO - -> Analizzando versione 8.1.1-canary.45 (2891/3393)...
2025-11-11 08:57:29,340 - UnicodeAnalyzer - INFO - Filtrati 94 file (es. in /dist, /test).
2025-11-11 08:57:29,385 - UnicodeAnalyzer - INFO - -> Analizzando versione 8.1.1-canary.46 (2892/3393)...
2025-11-11 08:57:29,392 - UnicodeAnalyzer - INFO - Filtrati 94 file (es. in /dist, /test).
2025-11-11 08:57:29,438 - UnicodeAnalyzer - INFO - -> Analizzando versione 8.1.1-canary.47 (2893/3393)...
2025-11-11 08:57:29,444 - UnicodeAnalyzer - INFO - Filtrati 95 file (es. in /dist, /test).
2025-11-11 08:57:29,491 - UnicodeAnalyzer - INFO - -> Analizzando versione 8.1.1-canary.48 (2894/3393)...
2025-11-11 08:57:29,498 - UnicodeAnalyzer - INFO - Filtrati 95 file (es. in /dist, /test).
2025-11-11 08:57:29,544 - UnicodeAnalyzer - INFO - -> Analizzando versione 8.1.1-canary.49 (2895/3393)...
2025-11-11 08:57:29,549 - UnicodeAnalyzer - INFO - Filtrati 95 file (es. in /dist, /test).
2025-11-11 08:57:29,595 - UnicodeAnalyzer - INFO - -> Analizzando versione 8.1.1-canary.5 (2896/3393)...
2025-11-11 08:57:29,601 - UnicodeAnalyzer - INFO - Filtrati 95 file (es. in /dist, /test).
2025-11-11 08:57:29,648 - UnicodeAnalyzer - INFO - -> Analizzando versione 8.1.1-canary.50 (2897/3393)...
2025-11-11 08:57:29,653 - UnicodeAnalyzer - INFO - Filtrati 95 file (es. in /dist, /test).
2025-11-11 08:57:29,700 - UnicodeAnalyzer - INFO - -> Analizzando versione 8.1.1-canary.51 (2898/3393)...
2025-11-11 08:57:29,707 - UnicodeAnalyzer - INFO - Filtrati 95 file (es. in /dist, /test).
2025-11-11 08:57:29,753 - UnicodeAnalyzer - INFO - -> Analizzando versione 8.1.1-canary.52 (2899/3393)...
2025-11-11 08:57:29,759 - UnicodeAnalyzer - INFO - Filtrati 95 file (es. in /dist, /test).
2025-11-11 08:57:29,805 - UnicodeAnalyzer - INFO - -> Analizzando versione 8.1.1-canary.53 (2900/3393)...
2025-11-11 08:57:29,812 - UnicodeAnalyzer - INFO - Filtrati 95 file (es. in /dist, /test).
2025-11-11 08:57:29,858 - UnicodeAnalyzer - INFO - -> Analizzando versione 8.1.1-canary.54 (2901/3393)...
2025-11-11 08:57:29,864 - UnicodeAnalyzer - INFO - Filtrati 95 file (es. in /dist, /test).
2025-11-11 08:57:29,910 - UnicodeAnalyzer - INFO - -> Analizzando versione 8.1.1-canary.55 (2902/3393)...
2025-11-11 08:57:29,918 - UnicodeAnalyzer - INFO - Filtrati 131 file (es. in /dist, /test).
2025-11-11 08:57:29,963 - UnicodeAnalyzer - INFO - -> Analizzando versione 8.1.1-canary.56 (2903/3393)...
2025-11-11 08:57:29,969 - UnicodeAnalyzer - INFO - Filtrati 95 file (es. in /dist, /test).
2025-11-11 08:57:30,016 - UnicodeAnalyzer - INFO - -> Analizzando versione 8.1.1-canary.57 (2904/3393)...
2025-11-11 08:57:30,022 - UnicodeAnalyzer - INFO - Filtrati 95 file (es. in /dist, /test).
2025-11-11 08:57:30,068 - UnicodeAnalyzer - INFO - -> Analizzando versione 8.1.1-canary.58 (2905/3393)...
2025-11-11 08:57:30,073 - UnicodeAnalyzer - INFO - Filtrati 95 file (es. in /dist, /test).
2025-11-11 08:57:30,118 - UnicodeAnalyzer - INFO - -> Analizzando versione 8.1.1-canary.59 (2906/3393)...
2025-11-11 08:57:30,123 - UnicodeAnalyzer - INFO - Filtrati 96 file (es. in /dist, /test).
2025-11-11 08:57:30,169 - UnicodeAnalyzer - INFO - -> Analizzando versione 8.1.1-canary.60 (2907/3393)...
2025-11-11 08:57:30,174 - UnicodeAnalyzer - INFO - Filtrati 96 file (es. in /dist, /test).
2025-11-11 08:57:30,221 - UnicodeAnalyzer - INFO - -> Analizzando versione 8.1.1-canary.61 (2908/3393)...
2025-11-11 08:57:30,225 - UnicodeAnalyzer - INFO - Filtrati 95 file (es. in /dist, /test).
2025-11-11 08:57:30,271 - UnicodeAnalyzer - INFO - -> Analizzando versione 8.1.1-canary.62 (2909/3393)...
2025-11-11 08:57:30,275 - UnicodeAnalyzer - INFO - Filtrati 95 file (es. in /dist, /test).
2025-11-11 08:57:30,322 - UnicodeAnalyzer - INFO - -> Analizzando versione 8.1.1-canary.63 (2910/3393)...
2025-11-11 08:57:30,327 - UnicodeAnalyzer - INFO - Filtrati 95 file (es. in /dist, /test).
2025-11-11 08:57:30,374 - UnicodeAnalyzer - INFO - -> Analizzando versione 8.1.1-canary.64 (2911/3393)...
2025-11-11 08:57:30,381 - UnicodeAnalyzer - INFO - Filtrati 95 file (es. in /dist, /test).
2025-11-11 08:57:30,430 - UnicodeAnalyzer - INFO - -> Analizzando versione 8.1.1-canary.65 (2912/3393)...
2025-11-11 08:57:30,436 - UnicodeAnalyzer - INFO - Filtrati 96 file (es. in /dist, /test).
2025-11-11 08:57:30,487 - UnicodeAnalyzer - INFO - -> Analizzando versione 8.1.1-canary.66 (2913/3393)...
2025-11-11 08:57:30,493 - UnicodeAnalyzer - INFO - Filtrati 96 file (es. in /dist, /test).
2025-11-11 08:57:30,540 - UnicodeAnalyzer - INFO - -> Analizzando versione 8.1.1-canary.67 (2914/3393)...
2025-11-11 08:57:30,546 - UnicodeAnalyzer - INFO - Filtrati 96 file (es. in /dist, /test).
2025-11-11 08:57:30,593 - UnicodeAnalyzer - INFO - -> Analizzando versione 8.1.1-canary.68 (2915/3393)...
2025-11-11 08:57:30,599 - UnicodeAnalyzer - INFO - Filtrati 96 file (es. in /dist, /test).
2025-11-11 08:57:30,645 - UnicodeAnalyzer - INFO - -> Analizzando versione 8.1.1-canary.69 (2916/3393)...
2025-11-11 08:57:30,651 - UnicodeAnalyzer - INFO - Filtrati 96 file (es. in /dist, /test).
2025-11-11 08:57:30,698 - UnicodeAnalyzer - INFO - -> Analizzando versione 8.1.1-canary.7 (2917/3393)...
2025-11-11 08:57:30,704 - UnicodeAnalyzer - INFO - Filtrati 95 file (es. in /dist, /test).
2025-11-11 08:57:30,750 - UnicodeAnalyzer - INFO - -> Analizzando versione 8.1.1-canary.70 (2918/3393)...
2025-11-11 08:57:30,756 - UnicodeAnalyzer - INFO - Filtrati 96 file (es. in /dist, /test).
2025-11-11 08:57:30,803 - UnicodeAnalyzer - INFO - -> Analizzando versione 8.1.1-canary.9 (2919/3393)...
2025-11-11 08:57:30,809 - UnicodeAnalyzer - INFO - Filtrati 95 file (es. in /dist, /test).
2025-11-11 08:57:30,855 - UnicodeAnalyzer - INFO - -> Analizzando versione 9.0.0 (2920/3393)...
2025-11-11 08:57:30,861 - UnicodeAnalyzer - INFO - Filtrati 96 file (es. in /dist, /test).
2025-11-11 08:57:30,907 - UnicodeAnalyzer - INFO - -> Analizzando versione 9.0.1 (2921/3393)...
2025-11-11 08:57:30,913 - UnicodeAnalyzer - INFO - Filtrati 96 file (es. in /dist, /test).
2025-11-11 08:57:30,958 - UnicodeAnalyzer - INFO - -> Analizzando versione 9.0.1-canary.0 (2922/3393)...
2025-11-11 08:57:30,964 - UnicodeAnalyzer - INFO - Filtrati 96 file (es. in /dist, /test).
2025-11-11 08:57:31,010 - UnicodeAnalyzer - INFO - -> Analizzando versione 9.0.1-canary.1 (2923/3393)...
2025-11-11 08:57:31,017 - UnicodeAnalyzer - INFO - Filtrati 96 file (es. in /dist, /test).
2025-11-11 08:57:31,064 - UnicodeAnalyzer - INFO - -> Analizzando versione 9.0.1-canary.2 (2924/3393)...
2025-11-11 08:57:31,070 - UnicodeAnalyzer - INFO - Filtrati 96 file (es. in /dist, /test).
2025-11-11 08:57:31,116 - UnicodeAnalyzer - INFO - -> Analizzando versione 9.0.2 (2925/3393)...
2025-11-11 08:57:31,122 - UnicodeAnalyzer - INFO - Filtrati 96 file (es. in /dist, /test).
2025-11-11 08:57:31,168 - UnicodeAnalyzer - INFO - -> Analizzando versione 9.0.2-canary.0 (2926/3393)...
2025-11-11 08:57:31,174 - UnicodeAnalyzer - INFO - Filtrati 96 file (es. in /dist, /test).
2025-11-11 08:57:31,220 - UnicodeAnalyzer - INFO - -> Analizzando versione 9.0.2-canary.1 (2927/3393)...
2025-11-11 08:57:31,225 - UnicodeAnalyzer - INFO - Filtrati 96 file (es. in /dist, /test).
2025-11-11 08:57:31,271 - UnicodeAnalyzer - INFO - -> Analizzando versione 9.0.3 (2928/3393)...
2025-11-11 08:57:31,277 - UnicodeAnalyzer - INFO - Filtrati 98 file (es. in /dist, /test).
2025-11-11 08:57:31,324 - UnicodeAnalyzer - INFO - -> Analizzando versione 9.0.3-canary.0 (2929/3393)...
2025-11-11 08:57:31,329 - UnicodeAnalyzer - INFO - Filtrati 97 file (es. in /dist, /test).
2025-11-11 08:57:31,375 - UnicodeAnalyzer - INFO - -> Analizzando versione 9.0.3-canary.1 (2930/3393)...
2025-11-11 08:57:31,381 - UnicodeAnalyzer - INFO - Filtrati 97 file (es. in /dist, /test).
2025-11-11 08:57:31,428 - UnicodeAnalyzer - INFO - -> Analizzando versione 9.0.3-canary.2 (2931/3393)...
2025-11-11 08:57:31,434 - UnicodeAnalyzer - INFO - Filtrati 97 file (es. in /dist, /test).
2025-11-11 08:57:31,481 - UnicodeAnalyzer - INFO - -> Analizzando versione 9.0.3-canary.3 (2932/3393)...
2025-11-11 08:57:31,486 - UnicodeAnalyzer - INFO - Filtrati 98 file (es. in /dist, /test).
2025-11-11 08:57:31,532 - UnicodeAnalyzer - INFO - -> Analizzando versione 9.0.3-canary.4 (2933/3393)...
2025-11-11 08:57:31,537 - UnicodeAnalyzer - INFO - Filtrati 98 file (es. in /dist, /test).
2025-11-11 08:57:31,584 - UnicodeAnalyzer - INFO - -> Analizzando versione 9.0.3-canary.5 (2934/3393)...
2025-11-11 08:57:31,589 - UnicodeAnalyzer - INFO - Filtrati 98 file (es. in /dist, /test).
2025-11-11 08:57:31,636 - UnicodeAnalyzer - INFO - -> Analizzando versione 9.0.3-canary.6 (2935/3393)...
2025-11-11 08:57:31,641 - UnicodeAnalyzer - INFO - Filtrati 98 file (es. in /dist, /test).
2025-11-11 08:57:31,688 - UnicodeAnalyzer - INFO - -> Analizzando versione 9.0.4 (2936/3393)...
2025-11-11 08:57:31,697 - UnicodeAnalyzer - INFO - Filtrati 102 file (es. in /dist, /test).
2025-11-11 08:57:31,748 - UnicodeAnalyzer - INFO - -> Analizzando versione 9.0.4-canary.1 (2937/3393)...
2025-11-11 08:57:31,753 - UnicodeAnalyzer - INFO - Filtrati 98 file (es. in /dist, /test).
2025-11-11 08:57:31,800 - UnicodeAnalyzer - INFO - -> Analizzando versione 9.0.4-canary.2 (2938/3393)...
2025-11-11 08:57:31,806 - UnicodeAnalyzer - INFO - Filtrati 98 file (es. in /dist, /test).
2025-11-11 08:57:31,854 - UnicodeAnalyzer - INFO - -> Analizzando versione 9.0.4-canary.3 (2939/3393)...
2025-11-11 08:57:31,860 - UnicodeAnalyzer - INFO - Filtrati 98 file (es. in /dist, /test).
2025-11-11 08:57:31,907 - UnicodeAnalyzer - INFO - -> Analizzando versione 9.0.4-canary.4 (2940/3393)...
2025-11-11 08:57:31,912 - UnicodeAnalyzer - INFO - Filtrati 98 file (es. in /dist, /test).
2025-11-11 08:57:31,960 - UnicodeAnalyzer - INFO - -> Analizzando versione 9.0.4-canary.5 (2941/3393)...
2025-11-11 08:57:31,966 - UnicodeAnalyzer - INFO - Filtrati 98 file (es. in /dist, /test).
2025-11-11 08:57:32,011 - UnicodeAnalyzer - INFO - -> Analizzando versione 9.0.4-canary.6 (2942/3393)...
2025-11-11 08:57:32,017 - UnicodeAnalyzer - INFO - Filtrati 100 file (es. in /dist, /test).
2025-11-11 08:57:32,066 - UnicodeAnalyzer - INFO - -> Analizzando versione 9.0.4-canary.7 (2943/3393)...
2025-11-11 08:57:32,072 - UnicodeAnalyzer - INFO - Filtrati 102 file (es. in /dist, /test).
2025-11-11 08:57:32,119 - UnicodeAnalyzer - INFO - -> Analizzando versione 9.0.4-canary.8 (2944/3393)...
2025-11-11 08:57:32,125 - UnicodeAnalyzer - INFO - Filtrati 102 file (es. in /dist, /test).
2025-11-11 08:57:32,172 - UnicodeAnalyzer - INFO - -> Analizzando versione 9.0.5 (2945/3393)...
2025-11-11 08:57:32,177 - UnicodeAnalyzer - INFO - Filtrati 97 file (es. in /dist, /test).
2025-11-11 08:57:32,226 - UnicodeAnalyzer - INFO - -> Analizzando versione 9.0.5-canary.0 (2946/3393)...
2025-11-11 08:57:32,231 - UnicodeAnalyzer - INFO - Filtrati 97 file (es. in /dist, /test).
2025-11-11 08:57:32,277 - UnicodeAnalyzer - INFO - -> Analizzando versione 9.0.5-canary.1 (2947/3393)...
2025-11-11 08:57:32,281 - UnicodeAnalyzer - INFO - Filtrati 97 file (es. in /dist, /test).
2025-11-11 08:57:32,328 - UnicodeAnalyzer - INFO - -> Analizzando versione 9.0.5-canary.2 (2948/3393)...
2025-11-11 08:57:32,333 - UnicodeAnalyzer - INFO - Filtrati 97 file (es. in /dist, /test).
2025-11-11 08:57:32,381 - UnicodeAnalyzer - INFO - -> Analizzando versione 9.0.5-canary.3 (2949/3393)...
2025-11-11 08:57:32,387 - UnicodeAnalyzer - INFO - Filtrati 97 file (es. in /dist, /test).
2025-11-11 08:57:32,434 - UnicodeAnalyzer - INFO - -> Analizzando versione 9.0.6 (2950/3393)...
2025-11-11 08:57:32,441 - UnicodeAnalyzer - INFO - Filtrati 145 file (es. in /dist, /test).
2025-11-11 08:57:32,487 - UnicodeAnalyzer - INFO - -> Analizzando versione 9.0.6-canary.0 (2951/3393)...
2025-11-11 08:57:32,493 - UnicodeAnalyzer - INFO - Filtrati 105 file (es. in /dist, /test).
2025-11-11 08:57:32,539 - UnicodeAnalyzer - INFO - -> Analizzando versione 9.0.6-canary.1 (2952/3393)...
2025-11-11 08:57:32,547 - UnicodeAnalyzer - INFO - Filtrati 143 file (es. in /dist, /test).
2025-11-11 08:57:32,594 - UnicodeAnalyzer - INFO - -> Analizzando versione 9.0.6-canary.2 (2953/3393)...
2025-11-11 08:57:32,602 - UnicodeAnalyzer - INFO - Filtrati 144 file (es. in /dist, /test).
2025-11-11 08:57:32,648 - UnicodeAnalyzer - INFO - -> Analizzando versione 9.0.6-canary.3 (2954/3393)...
2025-11-11 08:57:32,656 - UnicodeAnalyzer - INFO - Filtrati 144 file (es. in /dist, /test).
2025-11-11 08:57:32,703 - UnicodeAnalyzer - INFO - -> Analizzando versione 9.0.6-canary.4 (2955/3393)...
2025-11-11 08:57:32,710 - UnicodeAnalyzer - INFO - Filtrati 144 file (es. in /dist, /test).
2025-11-11 08:57:32,757 - UnicodeAnalyzer - INFO - -> Analizzando versione 9.0.6-canary.5 (2956/3393)...
2025-11-11 08:57:32,764 - UnicodeAnalyzer - INFO - Filtrati 145 file (es. in /dist, /test).
2025-11-11 08:57:32,811 - UnicodeAnalyzer - INFO - -> Analizzando versione 9.0.6-canary.6 (2957/3393)...
2025-11-11 08:57:32,819 - UnicodeAnalyzer - INFO - Filtrati 145 file (es. in /dist, /test).
2025-11-11 08:57:32,865 - UnicodeAnalyzer - INFO - -> Analizzando versione 9.0.6-canary.7 (2958/3393)...
2025-11-11 08:57:32,873 - UnicodeAnalyzer - INFO - Filtrati 145 file (es. in /dist, /test).
2025-11-11 08:57:32,920 - UnicodeAnalyzer - INFO - -> Analizzando versione 9.0.7 (2959/3393)...
2025-11-11 08:57:32,928 - UnicodeAnalyzer - INFO - Filtrati 149 file (es. in /dist, /test).
2025-11-11 08:57:32,974 - UnicodeAnalyzer - INFO - -> Analizzando versione 9.0.7-canary.0 (2960/3393)...
2025-11-11 08:57:32,982 - UnicodeAnalyzer - INFO - Filtrati 146 file (es. in /dist, /test).
2025-11-11 08:57:33,027 - UnicodeAnalyzer - INFO - -> Analizzando versione 9.0.7-canary.1 (2961/3393)...
2025-11-11 08:57:33,036 - UnicodeAnalyzer - INFO - Filtrati 146 file (es. in /dist, /test).
2025-11-11 08:57:33,082 - UnicodeAnalyzer - INFO - -> Analizzando versione 9.0.7-canary.10 (2962/3393)...
2025-11-11 08:57:33,090 - UnicodeAnalyzer - INFO - Filtrati 149 file (es. in /dist, /test).
2025-11-11 08:57:33,139 - UnicodeAnalyzer - INFO - -> Analizzando versione 9.0.7-canary.2 (2963/3393)...
2025-11-11 08:57:33,148 - UnicodeAnalyzer - INFO - Filtrati 146 file (es. in /dist, /test).
2025-11-11 08:57:33,193 - UnicodeAnalyzer - INFO - -> Analizzando versione 9.0.7-canary.3 (2964/3393)...
2025-11-11 08:57:33,201 - UnicodeAnalyzer - INFO - Filtrati 146 file (es. in /dist, /test).
2025-11-11 08:57:33,248 - UnicodeAnalyzer - INFO - -> Analizzando versione 9.0.7-canary.4 (2965/3393)...
2025-11-11 08:57:33,255 - UnicodeAnalyzer - INFO - Filtrati 146 file (es. in /dist, /test).
2025-11-11 08:57:33,303 - UnicodeAnalyzer - INFO - -> Analizzando versione 9.0.7-canary.5 (2966/3393)...
2025-11-11 08:57:33,310 - UnicodeAnalyzer - INFO - Filtrati 147 file (es. in /dist, /test).
2025-11-11 08:57:33,356 - UnicodeAnalyzer - INFO - -> Analizzando versione 9.0.7-canary.6 (2967/3393)...
2025-11-11 08:57:33,364 - UnicodeAnalyzer - INFO - Filtrati 148 file (es. in /dist, /test).
2025-11-11 08:57:33,411 - UnicodeAnalyzer - INFO - -> Analizzando versione 9.0.7-canary.7 (2968/3393)...
2025-11-11 08:57:33,419 - UnicodeAnalyzer - INFO - Filtrati 149 file (es. in /dist, /test).
2025-11-11 08:57:33,465 - UnicodeAnalyzer - INFO - -> Analizzando versione 9.0.7-canary.8 (2969/3393)...
2025-11-11 08:57:33,473 - UnicodeAnalyzer - INFO - Filtrati 149 file (es. in /dist, /test).
2025-11-11 08:57:33,520 - UnicodeAnalyzer - INFO - -> Analizzando versione 9.0.7-canary.9 (2970/3393)...
2025-11-11 08:57:33,528 - UnicodeAnalyzer - INFO - Filtrati 149 file (es. in /dist, /test).
2025-11-11 08:57:33,575 - UnicodeAnalyzer - INFO - -> Analizzando versione 9.0.8 (2971/3393)...
2025-11-11 08:57:33,582 - UnicodeAnalyzer - INFO - Filtrati 150 file (es. in /dist, /test).
2025-11-11 08:57:33,628 - UnicodeAnalyzer - INFO - -> Analizzando versione 9.0.8-canary.0 (2972/3393)...
2025-11-11 08:57:33,637 - UnicodeAnalyzer - INFO - Filtrati 149 file (es. in /dist, /test).
2025-11-11 08:57:33,683 - UnicodeAnalyzer - INFO - -> Analizzando versione 9.0.8-canary.1 (2973/3393)...
2025-11-11 08:57:33,691 - UnicodeAnalyzer - INFO - Filtrati 149 file (es. in /dist, /test).
2025-11-11 08:57:33,737 - UnicodeAnalyzer - INFO - -> Analizzando versione 9.0.8-canary.2 (2974/3393)...
2025-11-11 08:57:33,746 - UnicodeAnalyzer - INFO - Filtrati 149 file (es. in /dist, /test).
2025-11-11 08:57:33,791 - UnicodeAnalyzer - INFO - -> Analizzando versione 9.0.8-canary.3 (2975/3393)...
2025-11-11 08:57:33,800 - UnicodeAnalyzer - INFO - Filtrati 149 file (es. in /dist, /test).
2025-11-11 08:57:33,847 - UnicodeAnalyzer - INFO - -> Analizzando versione 9.0.8-canary.4 (2976/3393)...
2025-11-11 08:57:33,855 - UnicodeAnalyzer - INFO - Filtrati 149 file (es. in /dist, /test).
2025-11-11 08:57:33,901 - UnicodeAnalyzer - INFO - -> Analizzando versione 9.0.8-canary.5 (2977/3393)...
2025-11-11 08:57:33,909 - UnicodeAnalyzer - INFO - Filtrati 150 file (es. in /dist, /test).
2025-11-11 08:57:33,956 - UnicodeAnalyzer - INFO - -> Analizzando versione 9.0.9-canary.0 (2978/3393)...
2025-11-11 08:57:33,963 - UnicodeAnalyzer - INFO - Filtrati 150 file (es. in /dist, /test).
2025-11-11 08:57:34,010 - UnicodeAnalyzer - INFO - -> Analizzando versione 9.0.9-canary.1 (2979/3393)...
2025-11-11 08:57:34,018 - UnicodeAnalyzer - INFO - Filtrati 150 file (es. in /dist, /test).
2025-11-11 08:57:34,066 - UnicodeAnalyzer - INFO - -> Analizzando versione 9.0.9-canary.2 (2980/3393)...
2025-11-11 08:57:34,074 - UnicodeAnalyzer - INFO - Filtrati 150 file (es. in /dist, /test).
2025-11-11 08:57:34,120 - UnicodeAnalyzer - INFO - -> Analizzando versione 9.1.0 (2981/3393)...
2025-11-11 08:57:34,127 - UnicodeAnalyzer - INFO - Filtrati 150 file (es. in /dist, /test).
2025-11-11 08:57:34,174 - UnicodeAnalyzer - INFO - -> Analizzando versione 9.1.1 (2982/3393)...
2025-11-11 08:57:34,184 - UnicodeAnalyzer - INFO - Filtrati 150 file (es. in /dist, /test).
2025-11-11 08:57:34,230 - UnicodeAnalyzer - INFO - -> Analizzando versione 9.1.1-canary.0 (2983/3393)...
2025-11-11 08:57:34,239 - UnicodeAnalyzer - INFO - Filtrati 150 file (es. in /dist, /test).
2025-11-11 08:57:34,288 - UnicodeAnalyzer - INFO - -> Analizzando versione 9.1.2 (2984/3393)...
2025-11-11 08:57:34,297 - UnicodeAnalyzer - INFO - Filtrati 151 file (es. in /dist, /test).
2025-11-11 08:57:34,344 - UnicodeAnalyzer - INFO - -> Analizzando versione 9.1.2-canary.0 (2985/3393)...
2025-11-11 08:57:34,352 - UnicodeAnalyzer - INFO - Filtrati 150 file (es. in /dist, /test).
2025-11-11 08:57:34,398 - UnicodeAnalyzer - INFO - -> Analizzando versione 9.1.2-canary.1 (2986/3393)...
2025-11-11 08:57:34,406 - UnicodeAnalyzer - INFO - Filtrati 150 file (es. in /dist, /test).
2025-11-11 08:57:34,452 - UnicodeAnalyzer - INFO - -> Analizzando versione 9.1.2-canary.10 (2987/3393)...
2025-11-11 08:57:34,463 - UnicodeAnalyzer - INFO - Filtrati 151 file (es. in /dist, /test).
2025-11-11 08:57:34,509 - UnicodeAnalyzer - INFO - -> Analizzando versione 9.1.2-canary.2 (2988/3393)...
2025-11-11 08:57:34,516 - UnicodeAnalyzer - INFO - Filtrati 150 file (es. in /dist, /test).
2025-11-11 08:57:34,563 - UnicodeAnalyzer - INFO - -> Analizzando versione 9.1.2-canary.3 (2989/3393)...
2025-11-11 08:57:34,569 - UnicodeAnalyzer - INFO - Filtrati 151 file (es. in /dist, /test).
2025-11-11 08:57:34,616 - UnicodeAnalyzer - INFO - -> Analizzando versione 9.1.2-canary.4 (2990/3393)...
2025-11-11 08:57:34,624 - UnicodeAnalyzer - INFO - Filtrati 151 file (es. in /dist, /test).
2025-11-11 08:57:34,670 - UnicodeAnalyzer - INFO - -> Analizzando versione 9.1.2-canary.5 (2991/3393)...
2025-11-11 08:57:34,679 - UnicodeAnalyzer - INFO - Filtrati 151 file (es. in /dist, /test).
2025-11-11 08:57:34,727 - UnicodeAnalyzer - INFO - -> Analizzando versione 9.1.2-canary.6 (2992/3393)...
2025-11-11 08:57:34,736 - UnicodeAnalyzer - INFO - Filtrati 151 file (es. in /dist, /test).
2025-11-11 08:57:34,783 - UnicodeAnalyzer - INFO - -> Analizzando versione 9.1.2-canary.7 (2993/3393)...
2025-11-11 08:57:34,792 - UnicodeAnalyzer - INFO - Filtrati 151 file (es. in /dist, /test).
2025-11-11 08:57:34,838 - UnicodeAnalyzer - INFO - -> Analizzando versione 9.1.2-canary.8 (2994/3393)...
2025-11-11 08:57:34,847 - UnicodeAnalyzer - INFO - Filtrati 151 file (es. in /dist, /test).
2025-11-11 08:57:34,893 - UnicodeAnalyzer - INFO - -> Analizzando versione 9.1.3 (2995/3393)...
2025-11-11 08:57:34,902 - UnicodeAnalyzer - INFO - Filtrati 154 file (es. in /dist, /test).
2025-11-11 08:57:34,952 - UnicodeAnalyzer - INFO - -> Analizzando versione 9.1.3-canary.0 (2996/3393)...
2025-11-11 08:57:34,961 - UnicodeAnalyzer - INFO - Filtrati 151 file (es. in /dist, /test).
2025-11-11 08:57:35,006 - UnicodeAnalyzer - INFO - -> Analizzando versione 9.1.3-canary.1 (2997/3393)...
2025-11-11 08:57:35,015 - UnicodeAnalyzer - INFO - Filtrati 151 file (es. in /dist, /test).
2025-11-11 08:57:35,063 - UnicodeAnalyzer - INFO - -> Analizzando versione 9.1.3-canary.2 (2998/3393)...
2025-11-11 08:57:35,072 - UnicodeAnalyzer - INFO - Filtrati 154 file (es. in /dist, /test).
2025-11-11 08:57:35,120 - UnicodeAnalyzer - INFO - -> Analizzando versione 9.1.3-canary.3 (2999/3393)...
2025-11-11 08:57:35,129 - UnicodeAnalyzer - INFO - Filtrati 154 file (es. in /dist, /test).
2025-11-11 08:57:35,174 - UnicodeAnalyzer - INFO - -> Analizzando versione 9.1.3-canary.4 (3000/3393)...
2025-11-11 08:57:35,184 - UnicodeAnalyzer - INFO - Filtrati 154 file (es. in /dist, /test).
2025-11-11 08:57:35,231 - UnicodeAnalyzer - INFO - -> Analizzando versione 9.1.3-canary.5 (3001/3393)...
2025-11-11 08:57:35,240 - UnicodeAnalyzer - INFO - Filtrati 154 file (es. in /dist, /test).
2025-11-11 08:57:35,288 - UnicodeAnalyzer - INFO - -> Analizzando versione 9.1.4 (3002/3393)...
2025-11-11 08:57:35,298 - UnicodeAnalyzer - INFO - Filtrati 161 file (es. in /dist, /test).
2025-11-11 08:57:35,345 - UnicodeAnalyzer - INFO - -> Analizzando versione 9.1.4-canary.0 (3003/3393)...
2025-11-11 08:57:35,353 - UnicodeAnalyzer - INFO - Filtrati 154 file (es. in /dist, /test).
2025-11-11 08:57:35,400 - UnicodeAnalyzer - INFO - -> Analizzando versione 9.1.4-canary.1 (3004/3393)...
2025-11-11 08:57:35,409 - UnicodeAnalyzer - INFO - Filtrati 154 file (es. in /dist, /test).
2025-11-11 08:57:35,455 - UnicodeAnalyzer - INFO - -> Analizzando versione 9.1.4-canary.2 (3005/3393)...
2025-11-11 08:57:35,465 - UnicodeAnalyzer - INFO - Filtrati 154 file (es. in /dist, /test).
2025-11-11 08:57:35,515 - UnicodeAnalyzer - INFO - -> Analizzando versione 9.1.4-canary.3 (3006/3393)...
2025-11-11 08:57:35,529 - UnicodeAnalyzer - INFO - Filtrati 154 file (es. in /dist, /test).
2025-11-11 08:57:35,595 - UnicodeAnalyzer - INFO - -> Analizzando versione 9.1.4-canary.4 (3007/3393)...
2025-11-11 08:57:35,604 - UnicodeAnalyzer - INFO - Filtrati 160 file (es. in /dist, /test).
2025-11-11 08:57:35,652 - UnicodeAnalyzer - INFO - -> Analizzando versione 9.1.4-canary.5 (3008/3393)...
2025-11-11 08:57:35,662 - UnicodeAnalyzer - INFO - Filtrati 161 file (es. in /dist, /test).
2025-11-11 08:57:35,709 - UnicodeAnalyzer - INFO - -> Analizzando versione 9.1.4-canary.6 (3009/3393)...
2025-11-11 08:57:35,719 - UnicodeAnalyzer - INFO - Filtrati 161 file (es. in /dist, /test).
2025-11-11 08:57:35,765 - UnicodeAnalyzer - INFO - -> Analizzando versione 9.1.4-canary.7 (3010/3393)...
2025-11-11 08:57:35,775 - UnicodeAnalyzer - INFO - Filtrati 161 file (es. in /dist, /test).
2025-11-11 08:57:35,823 - UnicodeAnalyzer - INFO - -> Analizzando versione 9.1.4-canary.8 (3011/3393)...
2025-11-11 08:57:35,833 - UnicodeAnalyzer - INFO - Filtrati 161 file (es. in /dist, /test).
2025-11-11 08:57:35,879 - UnicodeAnalyzer - INFO - -> Analizzando versione 9.1.5 (3012/3393)...
2025-11-11 08:57:35,888 - UnicodeAnalyzer - INFO - Filtrati 163 file (es. in /dist, /test).
2025-11-11 08:57:35,935 - UnicodeAnalyzer - INFO - -> Analizzando versione 9.1.5-canary.0 (3013/3393)...
2025-11-11 08:57:35,944 - UnicodeAnalyzer - INFO - Filtrati 161 file (es. in /dist, /test).
2025-11-11 08:57:35,991 - UnicodeAnalyzer - INFO - -> Analizzando versione 9.1.5-canary.1 (3014/3393)...
2025-11-11 08:57:36,000 - UnicodeAnalyzer - INFO - Filtrati 161 file (es. in /dist, /test).
2025-11-11 08:57:36,046 - UnicodeAnalyzer - INFO - -> Analizzando versione 9.1.5-canary.10 (3015/3393)...
2025-11-11 08:57:36,057 - UnicodeAnalyzer - INFO - Filtrati 163 file (es. in /dist, /test).
2025-11-11 08:57:36,106 - UnicodeAnalyzer - INFO - -> Analizzando versione 9.1.5-canary.11 (3016/3393)...
2025-11-11 08:57:36,115 - UnicodeAnalyzer - INFO - Filtrati 163 file (es. in /dist, /test).
2025-11-11 08:57:36,162 - UnicodeAnalyzer - INFO - -> Analizzando versione 9.1.5-canary.12 (3017/3393)...
2025-11-11 08:57:36,172 - UnicodeAnalyzer - INFO - Filtrati 164 file (es. in /dist, /test).
2025-11-11 08:57:36,221 - UnicodeAnalyzer - INFO - -> Analizzando versione 9.1.5-canary.13 (3018/3393)...
2025-11-11 08:57:36,230 - UnicodeAnalyzer - INFO - Filtrati 164 file (es. in /dist, /test).
2025-11-11 08:57:36,276 - UnicodeAnalyzer - INFO - -> Analizzando versione 9.1.5-canary.14 (3019/3393)...
2025-11-11 08:57:36,285 - UnicodeAnalyzer - INFO - Filtrati 163 file (es. in /dist, /test).
2025-11-11 08:57:36,333 - UnicodeAnalyzer - INFO - -> Analizzando versione 9.1.5-canary.15 (3020/3393)...
2025-11-11 08:57:36,343 - UnicodeAnalyzer - INFO - Filtrati 163 file (es. in /dist, /test).
2025-11-11 08:57:36,390 - UnicodeAnalyzer - INFO - -> Analizzando versione 9.1.5-canary.16 (3021/3393)...
2025-11-11 08:57:36,399 - UnicodeAnalyzer - INFO - Filtrati 163 file (es. in /dist, /test).
2025-11-11 08:57:36,446 - UnicodeAnalyzer - INFO - -> Analizzando versione 9.1.5-canary.17 (3022/3393)...
2025-11-11 08:57:36,455 - UnicodeAnalyzer - INFO - Filtrati 163 file (es. in /dist, /test).
2025-11-11 08:57:36,502 - UnicodeAnalyzer - INFO - -> Analizzando versione 9.1.5-canary.2 (3023/3393)...
2025-11-11 08:57:36,511 - UnicodeAnalyzer - INFO - Filtrati 161 file (es. in /dist, /test).
2025-11-11 08:57:36,560 - UnicodeAnalyzer - INFO - -> Analizzando versione 9.1.5-canary.3 (3024/3393)...
2025-11-11 08:57:36,569 - UnicodeAnalyzer - INFO - Filtrati 161 file (es. in /dist, /test).
2025-11-11 08:57:36,615 - UnicodeAnalyzer - INFO - -> Analizzando versione 9.1.5-canary.4 (3025/3393)...
2025-11-11 08:57:36,625 - UnicodeAnalyzer - INFO - Filtrati 161 file (es. in /dist, /test).
2025-11-11 08:57:36,671 - UnicodeAnalyzer - INFO - -> Analizzando versione 9.1.5-canary.5 (3026/3393)...
2025-11-11 08:57:36,680 - UnicodeAnalyzer - INFO - Filtrati 161 file (es. in /dist, /test).
2025-11-11 08:57:36,727 - UnicodeAnalyzer - INFO - -> Analizzando versione 9.1.5-canary.6 (3027/3393)...
2025-11-11 08:57:36,736 - UnicodeAnalyzer - INFO - Filtrati 162 file (es. in /dist, /test).
2025-11-11 08:57:36,784 - UnicodeAnalyzer - INFO - -> Analizzando versione 9.1.5-canary.7 (3028/3393)...
2025-11-11 08:57:36,794 - UnicodeAnalyzer - INFO - Filtrati 162 file (es. in /dist, /test).
2025-11-11 08:57:36,840 - UnicodeAnalyzer - INFO - -> Analizzando versione 9.1.5-canary.8 (3029/3393)...
2025-11-11 08:57:36,849 - UnicodeAnalyzer - INFO - Filtrati 162 file (es. in /dist, /test).
2025-11-11 08:57:36,894 - UnicodeAnalyzer - INFO - -> Analizzando versione 9.1.5-canary.9 (3030/3393)...
2025-11-11 08:57:36,905 - UnicodeAnalyzer - INFO - Filtrati 162 file (es. in /dist, /test).
2025-11-11 08:57:36,951 - UnicodeAnalyzer - INFO - -> Analizzando versione 9.1.6 (3031/3393)...
2025-11-11 08:57:36,963 - UnicodeAnalyzer - INFO - Filtrati 174 file (es. in /dist, /test).
2025-11-11 08:57:37,010 - UnicodeAnalyzer - INFO - -> Analizzando versione 9.1.6-canary.0 (3032/3393)...
2025-11-11 08:57:37,021 - UnicodeAnalyzer - INFO - Filtrati 171 file (es. in /dist, /test).
2025-11-11 08:57:37,069 - UnicodeAnalyzer - INFO - -> Analizzando versione 9.1.6-canary.1 (3033/3393)...
2025-11-11 08:57:37,080 - UnicodeAnalyzer - INFO - Filtrati 172 file (es. in /dist, /test).
2025-11-11 08:57:37,127 - UnicodeAnalyzer - INFO - -> Analizzando versione 9.1.6-canary.10 (3034/3393)...
2025-11-11 08:57:37,137 - UnicodeAnalyzer - INFO - Filtrati 174 file (es. in /dist, /test).
2025-11-11 08:57:37,187 - UnicodeAnalyzer - INFO - -> Analizzando versione 9.1.6-canary.11 (3035/3393)...
2025-11-11 08:57:37,197 - UnicodeAnalyzer - INFO - Filtrati 174 file (es. in /dist, /test).
2025-11-11 08:57:37,243 - UnicodeAnalyzer - INFO - -> Analizzando versione 9.1.6-canary.2 (3036/3393)...
2025-11-11 08:57:37,253 - UnicodeAnalyzer - INFO - Filtrati 173 file (es. in /dist, /test).
2025-11-11 08:57:37,301 - UnicodeAnalyzer - INFO - -> Analizzando versione 9.1.6-canary.3 (3037/3393)...
2025-11-11 08:57:37,312 - UnicodeAnalyzer - INFO - Filtrati 173 file (es. in /dist, /test).
2025-11-11 08:57:37,357 - UnicodeAnalyzer - INFO - -> Analizzando versione 9.1.6-canary.4 (3038/3393)...
2025-11-11 08:57:37,367 - UnicodeAnalyzer - INFO - Filtrati 173 file (es. in /dist, /test).
2025-11-11 08:57:37,415 - UnicodeAnalyzer - INFO - -> Analizzando versione 9.1.6-canary.5 (3039/3393)...
2025-11-11 08:57:37,424 - UnicodeAnalyzer - INFO - Filtrati 173 file (es. in /dist, /test).
2025-11-11 08:57:37,471 - UnicodeAnalyzer - INFO - -> Analizzando versione 9.1.6-canary.7 (3040/3393)...
2025-11-11 08:57:37,481 - UnicodeAnalyzer - INFO - Filtrati 174 file (es. in /dist, /test).
2025-11-11 08:57:37,526 - UnicodeAnalyzer - INFO - -> Analizzando versione 9.1.6-canary.8 (3041/3393)...
2025-11-11 08:57:37,537 - UnicodeAnalyzer - INFO - Filtrati 174 file (es. in /dist, /test).
2025-11-11 08:57:37,584 - UnicodeAnalyzer - INFO - -> Analizzando versione 9.1.6-canary.9 (3042/3393)...
2025-11-11 08:57:37,595 - UnicodeAnalyzer - INFO - Filtrati 174 file (es. in /dist, /test).
2025-11-11 08:57:37,641 - UnicodeAnalyzer - INFO - -> Analizzando versione 9.1.7 (3043/3393)...
2025-11-11 08:57:37,651 - UnicodeAnalyzer - INFO - Filtrati 174 file (es. in /dist, /test).
2025-11-11 08:57:37,697 - UnicodeAnalyzer - INFO - -> Analizzando versione 9.1.7-canary.0 (3044/3393)...
2025-11-11 08:57:37,707 - UnicodeAnalyzer - INFO - Filtrati 174 file (es. in /dist, /test).
2025-11-11 08:57:37,753 - UnicodeAnalyzer - INFO - -> Analizzando versione 9.1.7-canary.1 (3045/3393)...
2025-11-11 08:57:37,763 - UnicodeAnalyzer - INFO - Filtrati 174 file (es. in /dist, /test).
2025-11-11 08:57:37,810 - UnicodeAnalyzer - INFO - -> Analizzando versione 9.1.7-canary.10 (3046/3393)...
2025-11-11 08:57:37,819 - UnicodeAnalyzer - INFO - Filtrati 174 file (es. in /dist, /test).
2025-11-11 08:57:37,866 - UnicodeAnalyzer - INFO - -> Analizzando versione 9.1.7-canary.11 (3047/3393)...
2025-11-11 08:57:37,875 - UnicodeAnalyzer - INFO - Filtrati 174 file (es. in /dist, /test).
2025-11-11 08:57:37,922 - UnicodeAnalyzer - INFO - -> Analizzando versione 9.1.7-canary.12 (3048/3393)...
2025-11-11 08:57:37,932 - UnicodeAnalyzer - INFO - Filtrati 174 file (es. in /dist, /test).
2025-11-11 08:57:37,981 - UnicodeAnalyzer - INFO - -> Analizzando versione 9.1.7-canary.13 (3049/3393)...
2025-11-11 08:57:37,992 - UnicodeAnalyzer - INFO - Filtrati 174 file (es. in /dist, /test).
2025-11-11 08:57:38,038 - UnicodeAnalyzer - INFO - -> Analizzando versione 9.1.7-canary.14 (3050/3393)...
2025-11-11 08:57:38,049 - UnicodeAnalyzer - INFO - Filtrati 174 file (es. in /dist, /test).
2025-11-11 08:57:38,098 - UnicodeAnalyzer - INFO - -> Analizzando versione 9.1.7-canary.15 (3051/3393)...
2025-11-11 08:57:38,110 - UnicodeAnalyzer - INFO - Filtrati 174 file (es. in /dist, /test).
2025-11-11 08:57:38,158 - UnicodeAnalyzer - INFO - -> Analizzando versione 9.1.7-canary.16 (3052/3393)...
2025-11-11 08:57:38,167 - UnicodeAnalyzer - INFO - Filtrati 174 file (es. in /dist, /test).
2025-11-11 08:57:38,213 - UnicodeAnalyzer - INFO - -> Analizzando versione 9.1.7-canary.2 (3053/3393)...
2025-11-11 08:57:38,223 - UnicodeAnalyzer - INFO - Filtrati 174 file (es. in /dist, /test).
2025-11-11 08:57:38,271 - UnicodeAnalyzer - INFO - -> Analizzando versione 9.1.7-canary.4 (3054/3393)...
2025-11-11 08:57:38,280 - UnicodeAnalyzer - INFO - Filtrati 174 file (es. in /dist, /test).
2025-11-11 08:57:38,327 - UnicodeAnalyzer - INFO - -> Analizzando versione 9.1.7-canary.5 (3055/3393)...
2025-11-11 08:57:38,337 - UnicodeAnalyzer - INFO - Filtrati 174 file (es. in /dist, /test).
2025-11-11 08:57:38,383 - UnicodeAnalyzer - INFO - -> Analizzando versione 9.1.7-canary.6 (3056/3393)...
2025-11-11 08:57:38,394 - UnicodeAnalyzer - INFO - Filtrati 174 file (es. in /dist, /test).
2025-11-11 08:57:38,440 - UnicodeAnalyzer - INFO - -> Analizzando versione 9.1.7-canary.7 (3057/3393)...
2025-11-11 08:57:38,451 - UnicodeAnalyzer - INFO - Filtrati 174 file (es. in /dist, /test).
2025-11-11 08:57:38,498 - UnicodeAnalyzer - INFO - -> Analizzando versione 9.1.7-canary.8 (3058/3393)...
2025-11-11 08:57:38,508 - UnicodeAnalyzer - INFO - Filtrati 174 file (es. in /dist, /test).
2025-11-11 08:57:38,554 - UnicodeAnalyzer - INFO - -> Analizzando versione 9.1.7-canary.9 (3059/3393)...
2025-11-11 08:57:38,564 - UnicodeAnalyzer - INFO - Filtrati 174 file (es. in /dist, /test).
2025-11-11 08:57:38,610 - UnicodeAnalyzer - INFO - -> Analizzando versione 9.1.8-canary.0 (3060/3393)...
2025-11-11 08:57:38,619 - UnicodeAnalyzer - INFO - Filtrati 174 file (es. in /dist, /test).
2025-11-11 08:57:38,666 - UnicodeAnalyzer - INFO - -> Analizzando versione 9.1.8-canary.1 (3061/3393)...
2025-11-11 08:57:38,675 - UnicodeAnalyzer - INFO - Filtrati 170 file (es. in /dist, /test).
2025-11-11 08:57:38,722 - UnicodeAnalyzer - INFO - -> Analizzando versione 9.1.8-canary.10 (3062/3393)...
2025-11-11 08:57:38,731 - UnicodeAnalyzer - INFO - Filtrati 171 file (es. in /dist, /test).
2025-11-11 08:57:38,781 - UnicodeAnalyzer - INFO - -> Analizzando versione 9.1.8-canary.11 (3063/3393)...
2025-11-11 08:57:38,790 - UnicodeAnalyzer - INFO - Filtrati 171 file (es. in /dist, /test).
2025-11-11 08:57:38,837 - UnicodeAnalyzer - INFO - -> Analizzando versione 9.1.8-canary.12 (3064/3393)...
2025-11-11 08:57:38,847 - UnicodeAnalyzer - INFO - Filtrati 171 file (es. in /dist, /test).
2025-11-11 08:57:38,893 - UnicodeAnalyzer - INFO - -> Analizzando versione 9.1.8-canary.13 (3065/3393)...
2025-11-11 08:57:38,908 - UnicodeAnalyzer - INFO - Filtrati 171 file (es. in /dist, /test).
2025-11-11 08:57:38,956 - UnicodeAnalyzer - INFO - -> Analizzando versione 9.1.8-canary.14 (3066/3393)...
2025-11-11 08:57:38,966 - UnicodeAnalyzer - INFO - Filtrati 171 file (es. in /dist, /test).
2025-11-11 08:57:39,013 - UnicodeAnalyzer - INFO - -> Analizzando versione 9.1.8-canary.15 (3067/3393)...
2025-11-11 08:57:39,022 - UnicodeAnalyzer - INFO - Filtrati 171 file (es. in /dist, /test).
2025-11-11 08:57:39,069 - UnicodeAnalyzer - INFO - -> Analizzando versione 9.1.8-canary.16 (3068/3393)...
2025-11-11 08:57:39,078 - UnicodeAnalyzer - INFO - Filtrati 171 file (es. in /dist, /test).
2025-11-11 08:57:39,126 - UnicodeAnalyzer - INFO - -> Analizzando versione 9.1.8-canary.17 (3069/3393)...
2025-11-11 08:57:39,135 - UnicodeAnalyzer - INFO - Filtrati 171 file (es. in /dist, /test).
2025-11-11 08:57:39,180 - UnicodeAnalyzer - INFO - -> Analizzando versione 9.1.8-canary.2 (3070/3393)...
2025-11-11 08:57:39,190 - UnicodeAnalyzer - INFO - Filtrati 170 file (es. in /dist, /test).
2025-11-11 08:57:39,238 - UnicodeAnalyzer - INFO - -> Analizzando versione 9.1.8-canary.3 (3071/3393)...
2025-11-11 08:57:39,248 - UnicodeAnalyzer - INFO - Filtrati 170 file (es. in /dist, /test).
2025-11-11 08:57:39,294 - UnicodeAnalyzer - INFO - -> Analizzando versione 9.1.8-canary.4 (3072/3393)...
2025-11-11 08:57:39,304 - UnicodeAnalyzer - INFO - Filtrati 170 file (es. in /dist, /test).
2025-11-11 08:57:39,350 - UnicodeAnalyzer - INFO - -> Analizzando versione 9.1.8-canary.5 (3073/3393)...
2025-11-11 08:57:39,360 - UnicodeAnalyzer - INFO - Filtrati 170 file (es. in /dist, /test).
2025-11-11 08:57:39,407 - UnicodeAnalyzer - INFO - -> Analizzando versione 9.1.8-canary.6 (3074/3393)...
2025-11-11 08:57:39,418 - UnicodeAnalyzer - INFO - Filtrati 170 file (es. in /dist, /test).
2025-11-11 08:57:39,465 - UnicodeAnalyzer - INFO - -> Analizzando versione 9.1.8-canary.7 (3075/3393)...
2025-11-11 08:57:39,475 - UnicodeAnalyzer - INFO - Filtrati 170 file (es. in /dist, /test).
2025-11-11 08:57:39,521 - UnicodeAnalyzer - INFO - -> Analizzando versione 9.1.8-canary.8 (3076/3393)...
2025-11-11 08:57:39,530 - UnicodeAnalyzer - INFO - Filtrati 170 file (es. in /dist, /test).
2025-11-11 08:57:39,579 - UnicodeAnalyzer - INFO - -> Analizzando versione 9.1.8-canary.9 (3077/3393)...
2025-11-11 08:57:39,595 - UnicodeAnalyzer - INFO - Filtrati 171 file (es. in /dist, /test).
2025-11-11 08:57:39,643 - UnicodeAnalyzer - INFO - -> Analizzando versione 9.2.0 (3078/3393)...
2025-11-11 08:57:39,653 - UnicodeAnalyzer - INFO - Filtrati 171 file (es. in /dist, /test).
2025-11-11 08:57:39,700 - UnicodeAnalyzer - INFO - -> Analizzando versione 9.2.1 (3079/3393)...
2025-11-11 08:57:39,710 - UnicodeAnalyzer - INFO - Filtrati 180 file (es. in /dist, /test).
2025-11-11 08:57:39,758 - UnicodeAnalyzer - INFO - -> Analizzando versione 9.2.1-canary.0 (3080/3393)...
2025-11-11 08:57:39,768 - UnicodeAnalyzer - INFO - Filtrati 171 file (es. in /dist, /test).
2025-11-11 08:57:39,815 - UnicodeAnalyzer - INFO - -> Analizzando versione 9.2.1-canary.1 (3081/3393)...
2025-11-11 08:57:39,825 - UnicodeAnalyzer - INFO - Filtrati 171 file (es. in /dist, /test).
2025-11-11 08:57:39,871 - UnicodeAnalyzer - INFO - -> Analizzando versione 9.2.1-canary.10 (3082/3393)...
2025-11-11 08:57:39,882 - UnicodeAnalyzer - INFO - Filtrati 176 file (es. in /dist, /test).
2025-11-11 08:57:39,928 - UnicodeAnalyzer - INFO - -> Analizzando versione 9.2.1-canary.11 (3083/3393)...
2025-11-11 08:57:39,938 - UnicodeAnalyzer - INFO - Filtrati 180 file (es. in /dist, /test).
2025-11-11 08:57:39,987 - UnicodeAnalyzer - INFO - -> Analizzando versione 9.2.1-canary.2 (3084/3393)...
2025-11-11 08:57:39,997 - UnicodeAnalyzer - INFO - Filtrati 171 file (es. in /dist, /test).
2025-11-11 08:57:40,044 - UnicodeAnalyzer - INFO - -> Analizzando versione 9.2.1-canary.3 (3085/3393)...
2025-11-11 08:57:40,055 - UnicodeAnalyzer - INFO - Filtrati 171 file (es. in /dist, /test).
2025-11-11 08:57:40,101 - UnicodeAnalyzer - INFO - -> Analizzando versione 9.2.1-canary.4 (3086/3393)...
2025-11-11 08:57:40,111 - UnicodeAnalyzer - INFO - Filtrati 171 file (es. in /dist, /test).
2025-11-11 08:57:40,159 - UnicodeAnalyzer - INFO - -> Analizzando versione 9.2.1-canary.5 (3087/3393)...
2025-11-11 08:57:40,169 - UnicodeAnalyzer - INFO - Filtrati 171 file (es. in /dist, /test).
2025-11-11 08:57:40,217 - UnicodeAnalyzer - INFO - -> Analizzando versione 9.2.1-canary.7 (3088/3393)...
2025-11-11 08:57:40,228 - UnicodeAnalyzer - INFO - Filtrati 171 file (es. in /dist, /test).
2025-11-11 08:57:40,274 - UnicodeAnalyzer - INFO - -> Analizzando versione 9.2.1-canary.8 (3089/3393)...
2025-11-11 08:57:40,285 - UnicodeAnalyzer - INFO - Filtrati 176 file (es. in /dist, /test).
2025-11-11 08:57:40,332 - UnicodeAnalyzer - INFO - -> Analizzando versione 9.2.1-canary.9 (3090/3393)...
2025-11-11 08:57:40,343 - UnicodeAnalyzer - INFO - Filtrati 176 file (es. in /dist, /test).
2025-11-11 08:57:40,393 - UnicodeAnalyzer - INFO - -> Analizzando versione 9.2.2 (3091/3393)...
2025-11-11 08:57:40,405 - UnicodeAnalyzer - INFO - Filtrati 182 file (es. in /dist, /test).
2025-11-11 08:57:40,452 - UnicodeAnalyzer - INFO - -> Analizzando versione 9.2.2-canary.10 (3092/3393)...
2025-11-11 08:57:40,462 - UnicodeAnalyzer - INFO - Filtrati 181 file (es. in /dist, /test).
2025-11-11 08:57:40,509 - UnicodeAnalyzer - INFO - -> Analizzando versione 9.2.2-canary.11 (3093/3393)...
2025-11-11 08:57:40,543 - UnicodeAnalyzer - INFO - Filtrati 181 file (es. in /dist, /test).
2025-11-11 08:57:40,595 - UnicodeAnalyzer - INFO - -> Analizzando versione 9.2.2-canary.12 (3094/3393)...
2025-11-11 08:57:40,606 - UnicodeAnalyzer - INFO - Filtrati 181 file (es. in /dist, /test).
2025-11-11 08:57:40,652 - UnicodeAnalyzer - INFO - -> Analizzando versione 9.2.2-canary.14 (3095/3393)...
2025-11-11 08:57:40,665 - UnicodeAnalyzer - INFO - Filtrati 181 file (es. in /dist, /test).
2025-11-11 08:57:40,712 - UnicodeAnalyzer - INFO - -> Analizzando versione 9.2.2-canary.15 (3096/3393)...
2025-11-11 08:57:40,723 - UnicodeAnalyzer - INFO - Filtrati 181 file (es. in /dist, /test).
2025-11-11 08:57:40,769 - UnicodeAnalyzer - INFO - -> Analizzando versione 9.2.2-canary.16 (3097/3393)...
2025-11-11 08:57:40,778 - UnicodeAnalyzer - INFO - Filtrati 182 file (es. in /dist, /test).
2025-11-11 08:57:40,825 - UnicodeAnalyzer - INFO - -> Analizzando versione 9.2.2-canary.17 (3098/3393)...
2025-11-11 08:57:40,836 - UnicodeAnalyzer - INFO - Filtrati 182 file (es. in /dist, /test).
2025-11-11 08:57:40,882 - UnicodeAnalyzer - INFO - -> Analizzando versione 9.2.2-canary.18 (3099/3393)...
2025-11-11 08:57:40,893 - UnicodeAnalyzer - INFO - Filtrati 182 file (es. in /dist, /test).
2025-11-11 08:57:40,939 - UnicodeAnalyzer - INFO - -> Analizzando versione 9.2.2-canary.19 (3100/3393)...
2025-11-11 08:57:40,950 - UnicodeAnalyzer - INFO - Filtrati 182 file (es. in /dist, /test).
2025-11-11 08:57:40,997 - UnicodeAnalyzer - INFO - -> Analizzando versione 9.2.2-canary.2 (3101/3393)...
2025-11-11 08:57:41,006 - UnicodeAnalyzer - INFO - Filtrati 180 file (es. in /dist, /test).
2025-11-11 08:57:41,053 - UnicodeAnalyzer - INFO - -> Analizzando versione 9.2.2-canary.20 (3102/3393)...
2025-11-11 08:57:41,064 - UnicodeAnalyzer - INFO - Filtrati 182 file (es. in /dist, /test).
2025-11-11 08:57:41,111 - UnicodeAnalyzer - INFO - -> Analizzando versione 9.2.2-canary.21 (3103/3393)...
2025-11-11 08:57:41,123 - UnicodeAnalyzer - INFO - Filtrati 182 file (es. in /dist, /test).
2025-11-11 08:57:41,173 - UnicodeAnalyzer - INFO - -> Analizzando versione 9.2.2-canary.22 (3104/3393)...
2025-11-11 08:57:41,185 - UnicodeAnalyzer - INFO - Filtrati 182 file (es. in /dist, /test).
2025-11-11 08:57:41,232 - UnicodeAnalyzer - INFO - -> Analizzando versione 9.2.2-canary.23 (3105/3393)...
2025-11-11 08:57:41,243 - UnicodeAnalyzer - INFO - Filtrati 182 file (es. in /dist, /test).
2025-11-11 08:57:41,291 - UnicodeAnalyzer - INFO - -> Analizzando versione 9.2.2-canary.3 (3106/3393)...
2025-11-11 08:57:41,302 - UnicodeAnalyzer - INFO - Filtrati 180 file (es. in /dist, /test).
2025-11-11 08:57:41,350 - UnicodeAnalyzer - INFO - -> Analizzando versione 9.2.2-canary.6 (3107/3393)...
2025-11-11 08:57:41,363 - UnicodeAnalyzer - INFO - Filtrati 181 file (es. in /dist, /test).
2025-11-11 08:57:41,410 - UnicodeAnalyzer - INFO - -> Analizzando versione 9.2.2-canary.7 (3108/3393)...
2025-11-11 08:57:41,422 - UnicodeAnalyzer - INFO - Filtrati 181 file (es. in /dist, /test).
2025-11-11 08:57:41,468 - UnicodeAnalyzer - INFO - -> Analizzando versione 9.2.2-canary.8 (3109/3393)...
2025-11-11 08:57:41,479 - UnicodeAnalyzer - INFO - Filtrati 181 file (es. in /dist, /test).
2025-11-11 08:57:41,526 - UnicodeAnalyzer - INFO - -> Analizzando versione 9.2.2-canary.9 (3110/3393)...
2025-11-11 08:57:41,536 - UnicodeAnalyzer - INFO - Filtrati 181 file (es. in /dist, /test).
2025-11-11 08:57:41,583 - UnicodeAnalyzer - INFO - -> Analizzando versione 9.2.3-canary.0 (3111/3393)...
2025-11-11 08:57:41,595 - UnicodeAnalyzer - INFO - Filtrati 182 file (es. in /dist, /test).
2025-11-11 08:57:41,641 - UnicodeAnalyzer - INFO - -> Analizzando versione 9.2.3-canary.1 (3112/3393)...
2025-11-11 08:57:41,652 - UnicodeAnalyzer - INFO - Filtrati 181 file (es. in /dist, /test).
2025-11-11 08:57:41,700 - UnicodeAnalyzer - INFO - -> Analizzando versione 9.2.3-canary.10 (3113/3393)...
2025-11-11 08:57:41,712 - UnicodeAnalyzer - INFO - Filtrati 181 file (es. in /dist, /test).
2025-11-11 08:57:41,759 - UnicodeAnalyzer - INFO - -> Analizzando versione 9.2.3-canary.11 (3114/3393)...
2025-11-11 08:57:41,769 - UnicodeAnalyzer - INFO - Filtrati 181 file (es. in /dist, /test).
2025-11-11 08:57:41,816 - UnicodeAnalyzer - INFO - -> Analizzando versione 9.2.3-canary.12 (3115/3393)...
2025-11-11 08:57:41,827 - UnicodeAnalyzer - INFO - Filtrati 182 file (es. in /dist, /test).
2025-11-11 08:57:41,875 - UnicodeAnalyzer - INFO - -> Analizzando versione 9.2.3-canary.13 (3116/3393)...
2025-11-11 08:57:41,886 - UnicodeAnalyzer - INFO - Filtrati 182 file (es. in /dist, /test).
2025-11-11 08:57:41,933 - UnicodeAnalyzer - INFO - -> Analizzando versione 9.2.3-canary.14 (3117/3393)...
2025-11-11 08:57:41,989 - UnicodeAnalyzer - INFO - Filtrati 182 file (es. in /dist, /test).
2025-11-11 08:57:42,045 - UnicodeAnalyzer - INFO - -> Analizzando versione 9.2.3-canary.16 (3118/3393)...
2025-11-11 08:57:42,055 - UnicodeAnalyzer - INFO - Filtrati 182 file (es. in /dist, /test).
2025-11-11 08:57:42,102 - UnicodeAnalyzer - INFO - -> Analizzando versione 9.2.3-canary.17 (3119/3393)...
2025-11-11 08:57:42,114 - UnicodeAnalyzer - INFO - Filtrati 182 file (es. in /dist, /test).
2025-11-11 08:57:42,162 - UnicodeAnalyzer - INFO - -> Analizzando versione 9.2.3-canary.18 (3120/3393)...
2025-11-11 08:57:42,173 - UnicodeAnalyzer - INFO - Filtrati 183 file (es. in /dist, /test).
2025-11-11 08:57:42,220 - UnicodeAnalyzer - INFO - -> Analizzando versione 9.2.3-canary.19 (3121/3393)...
2025-11-11 08:57:42,232 - UnicodeAnalyzer - INFO - Filtrati 183 file (es. in /dist, /test).
2025-11-11 08:57:42,279 - UnicodeAnalyzer - INFO - -> Analizzando versione 9.2.3-canary.2 (3122/3393)...
2025-11-11 08:57:42,291 - UnicodeAnalyzer - INFO - Filtrati 181 file (es. in /dist, /test).
2025-11-11 08:57:42,337 - UnicodeAnalyzer - INFO - -> Analizzando versione 9.2.3-canary.20 (3123/3393)...
2025-11-11 08:57:42,349 - UnicodeAnalyzer - INFO - Filtrati 183 file (es. in /dist, /test).
2025-11-11 08:57:42,396 - UnicodeAnalyzer - INFO - -> Analizzando versione 9.2.3-canary.21 (3124/3393)...
2025-11-11 08:57:42,406 - UnicodeAnalyzer - INFO - Filtrati 183 file (es. in /dist, /test).
2025-11-11 08:57:42,454 - UnicodeAnalyzer - INFO - -> Analizzando versione 9.2.3-canary.22 (3125/3393)...
2025-11-11 08:57:42,465 - UnicodeAnalyzer - INFO - Filtrati 187 file (es. in /dist, /test).
2025-11-11 08:57:42,512 - UnicodeAnalyzer - INFO - -> Analizzando versione 9.2.3-canary.23 (3126/3393)...
2025-11-11 08:57:42,522 - UnicodeAnalyzer - INFO - Filtrati 187 file (es. in /dist, /test).
2025-11-11 08:57:42,569 - UnicodeAnalyzer - INFO - -> Analizzando versione 9.2.3-canary.24 (3127/3393)...
2025-11-11 08:57:42,580 - UnicodeAnalyzer - INFO - Filtrati 187 file (es. in /dist, /test).
2025-11-11 08:57:42,627 - UnicodeAnalyzer - INFO - -> Analizzando versione 9.2.3-canary.25 (3128/3393)...
2025-11-11 08:57:42,639 - UnicodeAnalyzer - INFO - Filtrati 187 file (es. in /dist, /test).
2025-11-11 08:57:42,685 - UnicodeAnalyzer - INFO - -> Analizzando versione 9.2.3-canary.26 (3129/3393)...
2025-11-11 08:57:42,697 - UnicodeAnalyzer - INFO - Filtrati 187 file (es. in /dist, /test).
2025-11-11 08:57:42,743 - UnicodeAnalyzer - INFO - -> Analizzando versione 9.2.3-canary.28 (3130/3393)...
2025-11-11 08:57:42,756 - UnicodeAnalyzer - INFO - Filtrati 187 file (es. in /dist, /test).
2025-11-11 08:57:42,803 - UnicodeAnalyzer - INFO - -> Analizzando versione 9.2.3-canary.29 (3131/3393)...
2025-11-11 08:57:42,815 - UnicodeAnalyzer - INFO - Filtrati 188 file (es. in /dist, /test).
2025-11-11 08:57:42,876 - UnicodeAnalyzer - INFO - -> Analizzando versione 9.2.3-canary.3 (3132/3393)...
2025-11-11 08:57:42,887 - UnicodeAnalyzer - INFO - Filtrati 181 file (es. in /dist, /test).
2025-11-11 08:57:42,934 - UnicodeAnalyzer - INFO - -> Analizzando versione 9.2.3-canary.4 (3133/3393)...
2025-11-11 08:57:42,944 - UnicodeAnalyzer - INFO - Filtrati 181 file (es. in /dist, /test).
2025-11-11 08:57:42,993 - UnicodeAnalyzer - INFO - -> Analizzando versione 9.2.3-canary.5 (3134/3393)...
2025-11-11 08:57:43,003 - UnicodeAnalyzer - INFO - Filtrati 181 file (es. in /dist, /test).
2025-11-11 08:57:43,050 - UnicodeAnalyzer - INFO - -> Analizzando versione 9.2.3-canary.6 (3135/3393)...
2025-11-11 08:57:43,061 - UnicodeAnalyzer - INFO - Filtrati 181 file (es. in /dist, /test).
2025-11-11 08:57:43,109 - UnicodeAnalyzer - INFO - -> Analizzando versione 9.2.3-canary.7 (3136/3393)...
2025-11-11 08:57:43,119 - UnicodeAnalyzer - INFO - Filtrati 181 file (es. in /dist, /test).
2025-11-11 08:57:43,172 - UnicodeAnalyzer - INFO - -> Analizzando versione 9.2.3-canary.8 (3137/3393)...
2025-11-11 08:57:43,183 - UnicodeAnalyzer - INFO - Filtrati 181 file (es. in /dist, /test).
2025-11-11 08:57:43,229 - UnicodeAnalyzer - INFO - -> Analizzando versione 9.2.3-canary.9 (3138/3393)...
2025-11-11 08:57:43,241 - UnicodeAnalyzer - INFO - Filtrati 181 file (es. in /dist, /test).
2025-11-11 08:57:43,293 - UnicodeAnalyzer - INFO - -> Analizzando versione 9.3.0 (3139/3393)...
2025-11-11 08:57:43,304 - UnicodeAnalyzer - INFO - Filtrati 188 file (es. in /dist, /test).
2025-11-11 08:57:43,350 - UnicodeAnalyzer - INFO - -> Analizzando versione 9.3.1 (3140/3393)...
2025-11-11 08:57:43,361 - UnicodeAnalyzer - INFO - Filtrati 189 file (es. in /dist, /test).
2025-11-11 08:57:43,411 - UnicodeAnalyzer - INFO - -> Analizzando versione 9.3.1-canary.0 (3141/3393)...
2025-11-11 08:57:43,422 - UnicodeAnalyzer - INFO - Filtrati 188 file (es. in /dist, /test).
2025-11-11 08:57:43,469 - UnicodeAnalyzer - INFO - -> Analizzando versione 9.3.1-canary.1 (3142/3393)...
2025-11-11 08:57:43,480 - UnicodeAnalyzer - INFO - Filtrati 188 file (es. in /dist, /test).
2025-11-11 08:57:43,528 - UnicodeAnalyzer - INFO - -> Analizzando versione 9.3.1-canary.2 (3143/3393)...
2025-11-11 08:57:43,539 - UnicodeAnalyzer - INFO - Filtrati 188 file (es. in /dist, /test).
2025-11-11 08:57:43,587 - UnicodeAnalyzer - INFO - -> Analizzando versione 9.3.1-canary.3 (3144/3393)...
2025-11-11 08:57:43,597 - UnicodeAnalyzer - INFO - Filtrati 188 file (es. in /dist, /test).
2025-11-11 08:57:43,648 - UnicodeAnalyzer - INFO - -> Analizzando versione 9.3.1-canary.4 (3145/3393)...
2025-11-11 08:57:43,658 - UnicodeAnalyzer - INFO - Filtrati 189 file (es. in /dist, /test).
2025-11-11 08:57:43,705 - UnicodeAnalyzer - INFO - -> Analizzando versione 9.3.1-canary.5 (3146/3393)...
2025-11-11 08:57:43,718 - UnicodeAnalyzer - INFO - Filtrati 189 file (es. in /dist, /test).
2025-11-11 08:57:43,766 - UnicodeAnalyzer - INFO - -> Analizzando versione 9.3.1-canary.6 (3147/3393)...
2025-11-11 08:57:43,779 - UnicodeAnalyzer - INFO - Filtrati 189 file (es. in /dist, /test).
2025-11-11 08:57:43,825 - UnicodeAnalyzer - INFO - -> Analizzando versione 9.3.1-canary.7 (3148/3393)...
2025-11-11 08:57:43,837 - UnicodeAnalyzer - INFO - Filtrati 189 file (es. in /dist, /test).
2025-11-11 08:57:43,884 - UnicodeAnalyzer - INFO - -> Analizzando versione 9.3.2 (3149/3393)...
2025-11-11 08:57:43,895 - UnicodeAnalyzer - INFO - Filtrati 193 file (es. in /dist, /test).
2025-11-11 08:57:43,941 - UnicodeAnalyzer - INFO - -> Analizzando versione 9.3.2-canary.0 (3150/3393)...
2025-11-11 08:57:43,953 - UnicodeAnalyzer - INFO - Filtrati 189 file (es. in /dist, /test).
2025-11-11 08:57:44,001 - UnicodeAnalyzer - INFO - -> Analizzando versione 9.3.2-canary.1 (3151/3393)...
2025-11-11 08:57:44,012 - UnicodeAnalyzer - INFO - Filtrati 189 file (es. in /dist, /test).
2025-11-11 08:57:44,059 - UnicodeAnalyzer - INFO - -> Analizzando versione 9.3.2-canary.2 (3152/3393)...
2025-11-11 08:57:44,070 - UnicodeAnalyzer - INFO - Filtrati 190 file (es. in /dist, /test).
2025-11-11 08:57:44,117 - UnicodeAnalyzer - INFO - -> Analizzando versione 9.3.2-canary.3 (3153/3393)...
2025-11-11 08:57:44,128 - UnicodeAnalyzer - INFO - Filtrati 190 file (es. in /dist, /test).
2025-11-11 08:57:44,175 - UnicodeAnalyzer - INFO - -> Analizzando versione 9.3.2-canary.4 (3154/3393)...
2025-11-11 08:57:44,188 - UnicodeAnalyzer - INFO - Filtrati 190 file (es. in /dist, /test).
2025-11-11 08:57:44,236 - UnicodeAnalyzer - INFO - -> Analizzando versione 9.3.2-canary.5 (3155/3393)...
2025-11-11 08:57:44,248 - UnicodeAnalyzer - INFO - Filtrati 190 file (es. in /dist, /test).
2025-11-11 08:57:44,295 - UnicodeAnalyzer - INFO - -> Analizzando versione 9.3.2-canary.6 (3156/3393)...
2025-11-11 08:57:44,307 - UnicodeAnalyzer - INFO - Filtrati 190 file (es. in /dist, /test).
2025-11-11 08:57:44,353 - UnicodeAnalyzer - INFO - -> Analizzando versione 9.3.2-canary.7 (3157/3393)...
2025-11-11 08:57:44,365 - UnicodeAnalyzer - INFO - Filtrati 193 file (es. in /dist, /test).
2025-11-11 08:57:44,412 - UnicodeAnalyzer - INFO - -> Analizzando versione 9.3.2-canary.8 (3158/3393)...
2025-11-11 08:57:44,424 - UnicodeAnalyzer - INFO - Filtrati 193 file (es. in /dist, /test).
2025-11-11 08:57:44,470 - UnicodeAnalyzer - INFO - -> Analizzando versione 9.3.2-canary.9 (3159/3393)...
2025-11-11 08:57:44,480 - UnicodeAnalyzer - INFO - Filtrati 193 file (es. in /dist, /test).
2025-11-11 08:57:44,528 - UnicodeAnalyzer - INFO - -> Analizzando versione 9.3.3 (3160/3393)...
2025-11-11 08:57:44,538 - UnicodeAnalyzer - INFO - Filtrati 193 file (es. in /dist, /test).
2025-11-11 08:57:44,585 - UnicodeAnalyzer - INFO - -> Analizzando versione 9.3.3-canary.0 (3161/3393)...
2025-11-11 08:57:44,597 - UnicodeAnalyzer - INFO - Filtrati 193 file (es. in /dist, /test).
2025-11-11 08:57:44,645 - UnicodeAnalyzer - INFO - -> Analizzando versione 9.3.4 (3162/3393)...
2025-11-11 08:57:44,663 - UnicodeAnalyzer - INFO - Filtrati 243 file (es. in /dist, /test).
2025-11-11 08:57:44,710 - UnicodeAnalyzer - INFO - -> Analizzando versione 9.3.4-canary.0 (3163/3393)...
2025-11-11 08:57:44,723 - UnicodeAnalyzer - INFO - Filtrati 193 file (es. in /dist, /test).
2025-11-11 08:57:44,774 - UnicodeAnalyzer - INFO - -> Analizzando versione 9.3.4-canary.1 (3164/3393)...
2025-11-11 08:57:44,794 - UnicodeAnalyzer - INFO - Filtrati 243 file (es. in /dist, /test).
2025-11-11 08:57:44,843 - UnicodeAnalyzer - INFO - -> Analizzando versione 9.3.4-canary.2 (3165/3393)...
2025-11-11 08:57:44,861 - UnicodeAnalyzer - INFO - Filtrati 243 file (es. in /dist, /test).
2025-11-11 08:57:44,910 - UnicodeAnalyzer - INFO - -> Analizzando versione 9.3.4-canary.3 (3166/3393)...
2025-11-11 08:57:44,925 - UnicodeAnalyzer - INFO - Filtrati 243 file (es. in /dist, /test).
2025-11-11 08:57:44,972 - UnicodeAnalyzer - INFO - -> Analizzando versione 9.3.4-canary.4 (3167/3393)...
2025-11-11 08:57:44,991 - UnicodeAnalyzer - INFO - Filtrati 243 file (es. in /dist, /test).
2025-11-11 08:57:45,048 - UnicodeAnalyzer - INFO - -> Analizzando versione 9.3.5 (3168/3393)...
2025-11-11 08:57:45,068 - UnicodeAnalyzer - INFO - Filtrati 245 file (es. in /dist, /test).
2025-11-11 08:57:45,113 - UnicodeAnalyzer - INFO - -> Analizzando versione 9.3.5-canary.0 (3169/3393)...
2025-11-11 08:57:45,131 - UnicodeAnalyzer - INFO - Filtrati 243 file (es. in /dist, /test).
2025-11-11 08:57:45,180 - UnicodeAnalyzer - INFO - -> Analizzando versione 9.3.5-canary.1 (3170/3393)...
2025-11-11 08:57:45,198 - UnicodeAnalyzer - INFO - Filtrati 243 file (es. in /dist, /test).
2025-11-11 08:57:45,245 - UnicodeAnalyzer - INFO - -> Analizzando versione 9.3.5-canary.10 (3171/3393)...
2025-11-11 08:57:45,261 - UnicodeAnalyzer - INFO - Filtrati 245 file (es. in /dist, /test).
2025-11-11 08:57:45,308 - UnicodeAnalyzer - INFO - -> Analizzando versione 9.3.5-canary.11 (3172/3393)...
2025-11-11 08:57:45,324 - UnicodeAnalyzer - INFO - Filtrati 245 file (es. in /dist, /test).
2025-11-11 08:57:45,371 - UnicodeAnalyzer - INFO - -> Analizzando versione 9.3.5-canary.12 (3173/3393)...
2025-11-11 08:57:45,388 - UnicodeAnalyzer - INFO - Filtrati 245 file (es. in /dist, /test).
2025-11-11 08:57:45,435 - UnicodeAnalyzer - INFO - -> Analizzando versione 9.3.5-canary.13 (3174/3393)...
2025-11-11 08:57:45,454 - UnicodeAnalyzer - INFO - Filtrati 245 file (es. in /dist, /test).
2025-11-11 08:57:45,502 - UnicodeAnalyzer - INFO - -> Analizzando versione 9.3.5-canary.2 (3175/3393)...
2025-11-11 08:57:45,532 - UnicodeAnalyzer - INFO - Filtrati 243 file (es. in /dist, /test).
2025-11-11 08:57:45,580 - UnicodeAnalyzer - INFO - -> Analizzando versione 9.3.5-canary.3 (3176/3393)...
2025-11-11 08:57:45,597 - UnicodeAnalyzer - INFO - Filtrati 243 file (es. in /dist, /test).
2025-11-11 08:57:45,644 - UnicodeAnalyzer - INFO - -> Analizzando versione 9.3.5-canary.4 (3177/3393)...
2025-11-11 08:57:45,660 - UnicodeAnalyzer - INFO - Filtrati 243 file (es. in /dist, /test).
2025-11-11 08:57:45,708 - UnicodeAnalyzer - INFO - -> Analizzando versione 9.3.5-canary.5 (3178/3393)...
2025-11-11 08:57:45,725 - UnicodeAnalyzer - INFO - Filtrati 243 file (es. in /dist, /test).
2025-11-11 08:57:45,772 - UnicodeAnalyzer - INFO - -> Analizzando versione 9.3.5-canary.6 (3179/3393)...
2025-11-11 08:57:45,790 - UnicodeAnalyzer - INFO - Filtrati 243 file (es. in /dist, /test).
2025-11-11 08:57:45,837 - UnicodeAnalyzer - INFO - -> Analizzando versione 9.3.5-canary.7 (3180/3393)...
2025-11-11 08:57:45,855 - UnicodeAnalyzer - INFO - Filtrati 243 file (es. in /dist, /test).
2025-11-11 08:57:45,902 - UnicodeAnalyzer - INFO - -> Analizzando versione 9.3.5-canary.8 (3181/3393)...
2025-11-11 08:57:45,917 - UnicodeAnalyzer - INFO - Filtrati 243 file (es. in /dist, /test).
2025-11-11 08:57:45,965 - UnicodeAnalyzer - INFO - -> Analizzando versione 9.3.5-canary.9 (3182/3393)...
2025-11-11 08:57:45,982 - UnicodeAnalyzer - INFO - Filtrati 243 file (es. in /dist, /test).
2025-11-11 08:57:46,033 - UnicodeAnalyzer - INFO - -> Analizzando versione 9.3.6 (3183/3393)...
2025-11-11 08:57:46,051 - UnicodeAnalyzer - INFO - Filtrati 244 file (es. in /dist, /test).
2025-11-11 08:57:46,098 - UnicodeAnalyzer - INFO - -> Analizzando versione 9.3.6-canary.0 (3184/3393)...
2025-11-11 08:57:46,117 - UnicodeAnalyzer - INFO - Filtrati 245 file (es. in /dist, /test).
2025-11-11 08:57:46,166 - UnicodeAnalyzer - INFO - -> Analizzando versione 9.3.6-canary.1 (3185/3393)...
2025-11-11 08:57:46,183 - UnicodeAnalyzer - INFO - Filtrati 244 file (es. in /dist, /test).
2025-11-11 08:57:46,231 - UnicodeAnalyzer - INFO - -> Analizzando versione 9.3.6-canary.10 (3186/3393)...
2025-11-11 08:57:46,247 - UnicodeAnalyzer - INFO - Filtrati 244 file (es. in /dist, /test).
2025-11-11 08:57:46,295 - UnicodeAnalyzer - INFO - -> Analizzando versione 9.3.6-canary.11 (3187/3393)...
2025-11-11 08:57:46,313 - UnicodeAnalyzer - INFO - Filtrati 244 file (es. in /dist, /test).
2025-11-11 08:57:46,360 - UnicodeAnalyzer - INFO - -> Analizzando versione 9.3.6-canary.13 (3188/3393)...
2025-11-11 08:57:46,376 - UnicodeAnalyzer - INFO - Filtrati 244 file (es. in /dist, /test).
2025-11-11 08:57:46,422 - UnicodeAnalyzer - INFO - -> Analizzando versione 9.3.6-canary.14 (3189/3393)...
2025-11-11 08:57:46,437 - UnicodeAnalyzer - INFO - Filtrati 244 file (es. in /dist, /test).
2025-11-11 08:57:46,483 - UnicodeAnalyzer - INFO - -> Analizzando versione 9.3.6-canary.15 (3190/3393)...
2025-11-11 08:57:46,502 - UnicodeAnalyzer - INFO - Filtrati 244 file (es. in /dist, /test).
2025-11-11 08:57:46,549 - UnicodeAnalyzer - INFO - -> Analizzando versione 9.3.6-canary.16 (3191/3393)...
2025-11-11 08:57:46,569 - UnicodeAnalyzer - INFO - Filtrati 244 file (es. in /dist, /test).
2025-11-11 08:57:46,615 - UnicodeAnalyzer - INFO - -> Analizzando versione 9.3.6-canary.2 (3192/3393)...
2025-11-11 08:57:46,632 - UnicodeAnalyzer - INFO - Filtrati 244 file (es. in /dist, /test).
2025-11-11 08:57:46,679 - UnicodeAnalyzer - INFO - -> Analizzando versione 9.3.6-canary.3 (3193/3393)...
2025-11-11 08:57:46,696 - UnicodeAnalyzer - INFO - Filtrati 244 file (es. in /dist, /test).
2025-11-11 08:57:46,745 - UnicodeAnalyzer - INFO - -> Analizzando versione 9.3.6-canary.4 (3194/3393)...
2025-11-11 08:57:46,764 - UnicodeAnalyzer - INFO - Filtrati 244 file (es. in /dist, /test).
2025-11-11 08:57:46,815 - UnicodeAnalyzer - INFO - -> Analizzando versione 9.3.6-canary.5 (3195/3393)...
2025-11-11 08:57:46,831 - UnicodeAnalyzer - INFO - Filtrati 245 file (es. in /dist, /test).
2025-11-11 08:57:46,879 - UnicodeAnalyzer - INFO - -> Analizzando versione 9.3.6-canary.6 (3196/3393)...
2025-11-11 08:57:46,896 - UnicodeAnalyzer - INFO - Filtrati 245 file (es. in /dist, /test).
2025-11-11 08:57:46,946 - UnicodeAnalyzer - INFO - -> Analizzando versione 9.3.6-canary.7 (3197/3393)...
2025-11-11 08:57:46,965 - UnicodeAnalyzer - INFO - Filtrati 245 file (es. in /dist, /test).
2025-11-11 08:57:47,013 - UnicodeAnalyzer - INFO - -> Analizzando versione 9.3.6-canary.8 (3198/3393)...
2025-11-11 08:57:47,030 - UnicodeAnalyzer - INFO - Filtrati 244 file (es. in /dist, /test).
2025-11-11 08:57:47,078 - UnicodeAnalyzer - INFO - -> Analizzando versione 9.3.6-canary.9 (3199/3393)...
2025-11-11 08:57:47,093 - UnicodeAnalyzer - INFO - Filtrati 244 file (es. in /dist, /test).
2025-11-11 08:57:47,140 - UnicodeAnalyzer - INFO - -> Analizzando versione 9.3.7-canary.0 (3200/3393)...
2025-11-11 08:57:47,157 - UnicodeAnalyzer - INFO - Filtrati 244 file (es. in /dist, /test).
2025-11-11 08:57:47,204 - UnicodeAnalyzer - INFO - -> Analizzando versione 9.3.7-canary.1 (3201/3393)...
2025-11-11 08:57:47,222 - UnicodeAnalyzer - INFO - Filtrati 245 file (es. in /dist, /test).
2025-11-11 08:57:47,268 - UnicodeAnalyzer - INFO - -> Analizzando versione 9.3.7-canary.10 (3202/3393)...
2025-11-11 08:57:47,286 - UnicodeAnalyzer - INFO - Filtrati 245 file (es. in /dist, /test).
2025-11-11 08:57:47,333 - UnicodeAnalyzer - INFO - -> Analizzando versione 9.3.7-canary.11 (3203/3393)...
2025-11-11 08:57:47,351 - UnicodeAnalyzer - INFO - Filtrati 245 file (es. in /dist, /test).
2025-11-11 08:57:47,399 - UnicodeAnalyzer - INFO - -> Analizzando versione 9.3.7-canary.12 (3204/3393)...
2025-11-11 08:57:47,419 - UnicodeAnalyzer - INFO - Filtrati 245 file (es. in /dist, /test).
2025-11-11 08:57:47,467 - UnicodeAnalyzer - INFO - -> Analizzando versione 9.3.7-canary.13 (3205/3393)...
2025-11-11 08:57:47,485 - UnicodeAnalyzer - INFO - Filtrati 245 file (es. in /dist, /test).
2025-11-11 08:57:47,531 - UnicodeAnalyzer - INFO - -> Analizzando versione 9.3.7-canary.14 (3206/3393)...
2025-11-11 08:57:47,550 - UnicodeAnalyzer - INFO - Filtrati 245 file (es. in /dist, /test).
2025-11-11 08:57:47,598 - UnicodeAnalyzer - INFO - -> Analizzando versione 9.3.7-canary.15 (3207/3393)...
2025-11-11 08:57:47,615 - UnicodeAnalyzer - INFO - Filtrati 245 file (es. in /dist, /test).
2025-11-11 08:57:47,663 - UnicodeAnalyzer - INFO - -> Analizzando versione 9.3.7-canary.16 (3208/3393)...
2025-11-11 08:57:47,684 - UnicodeAnalyzer - INFO - Filtrati 245 file (es. in /dist, /test).
2025-11-11 08:57:47,730 - UnicodeAnalyzer - INFO - -> Analizzando versione 9.3.7-canary.17 (3209/3393)...
2025-11-11 08:57:47,749 - UnicodeAnalyzer - INFO - Filtrati 243 file (es. in /dist, /test).
2025-11-11 08:57:47,797 - UnicodeAnalyzer - INFO - -> Analizzando versione 9.3.7-canary.18 (3210/3393)...
2025-11-11 08:57:47,815 - UnicodeAnalyzer - INFO - Filtrati 243 file (es. in /dist, /test).
2025-11-11 08:57:47,862 - UnicodeAnalyzer - INFO - -> Analizzando versione 9.3.7-canary.19 (3211/3393)...
2025-11-11 08:57:47,879 - UnicodeAnalyzer - INFO - Filtrati 243 file (es. in /dist, /test).
2025-11-11 08:57:47,927 - UnicodeAnalyzer - INFO - -> Analizzando versione 9.3.7-canary.21 (3212/3393)...
2025-11-11 08:57:47,947 - UnicodeAnalyzer - INFO - Filtrati 243 file (es. in /dist, /test).
2025-11-11 08:57:47,994 - UnicodeAnalyzer - INFO - -> Analizzando versione 9.3.7-canary.3 (3213/3393)...
2025-11-11 08:57:48,013 - UnicodeAnalyzer - INFO - Filtrati 245 file (es. in /dist, /test).
2025-11-11 08:57:48,061 - UnicodeAnalyzer - INFO - -> Analizzando versione 9.3.7-canary.4 (3214/3393)...
2025-11-11 08:57:48,080 - UnicodeAnalyzer - INFO - Filtrati 245 file (es. in /dist, /test).
2025-11-11 08:57:48,128 - UnicodeAnalyzer - INFO - -> Analizzando versione 9.3.7-canary.5 (3215/3393)...
2025-11-11 08:57:48,146 - UnicodeAnalyzer - INFO - Filtrati 245 file (es. in /dist, /test).
2025-11-11 08:57:48,192 - UnicodeAnalyzer - INFO - -> Analizzando versione 9.3.7-canary.6 (3216/3393)...
2025-11-11 08:57:48,212 - UnicodeAnalyzer - INFO - Filtrati 245 file (es. in /dist, /test).
2025-11-11 08:57:48,258 - UnicodeAnalyzer - INFO - -> Analizzando versione 9.3.7-canary.9 (3217/3393)...
2025-11-11 08:57:48,277 - UnicodeAnalyzer - INFO - Filtrati 245 file (es. in /dist, /test).
2025-11-11 08:57:48,324 - UnicodeAnalyzer - INFO - -> Analizzando versione 9.4.0 (3218/3393)...
2025-11-11 08:57:48,341 - UnicodeAnalyzer - INFO - Filtrati 243 file (es. in /dist, /test).
2025-11-11 08:57:48,387 - UnicodeAnalyzer - INFO - -> Analizzando versione 9.4.1 (3219/3393)...
2025-11-11 08:57:48,406 - UnicodeAnalyzer - INFO - Filtrati 246 file (es. in /dist, /test).
2025-11-11 08:57:48,452 - UnicodeAnalyzer - INFO - -> Analizzando versione 9.4.1-canary.0 (3220/3393)...
2025-11-11 08:57:48,469 - UnicodeAnalyzer - INFO - Filtrati 243 file (es. in /dist, /test).
2025-11-11 08:57:48,517 - UnicodeAnalyzer - INFO - -> Analizzando versione 9.4.1-canary.1 (3221/3393)...
2025-11-11 08:57:48,535 - UnicodeAnalyzer - INFO - Filtrati 244 file (es. in /dist, /test).
2025-11-11 08:57:48,585 - UnicodeAnalyzer - INFO - -> Analizzando versione 9.4.1-canary.2 (3222/3393)...
2025-11-11 08:57:48,605 - UnicodeAnalyzer - INFO - Filtrati 244 file (es. in /dist, /test).
2025-11-11 08:57:48,651 - UnicodeAnalyzer - INFO - -> Analizzando versione 9.4.1-canary.3 (3223/3393)...
2025-11-11 08:57:48,669 - UnicodeAnalyzer - INFO - Filtrati 249 file (es. in /dist, /test).
2025-11-11 08:57:48,717 - UnicodeAnalyzer - INFO - -> Analizzando versione 9.4.1-canary.4 (3224/3393)...
2025-11-11 08:57:48,733 - UnicodeAnalyzer - INFO - Filtrati 249 file (es. in /dist, /test).
2025-11-11 08:57:48,781 - UnicodeAnalyzer - INFO - -> Analizzando versione 9.4.1-canary.5 (3225/3393)...
2025-11-11 08:57:48,797 - UnicodeAnalyzer - INFO - Filtrati 249 file (es. in /dist, /test).
2025-11-11 08:57:48,844 - UnicodeAnalyzer - INFO - -> Analizzando versione 9.4.1-canary.6 (3226/3393)...
2025-11-11 08:57:48,863 - UnicodeAnalyzer - INFO - Filtrati 246 file (es. in /dist, /test).
2025-11-11 08:57:48,909 - UnicodeAnalyzer - INFO - -> Analizzando versione 9.4.1-canary.7 (3227/3393)...
2025-11-11 08:57:48,927 - UnicodeAnalyzer - INFO - Filtrati 246 file (es. in /dist, /test).
2025-11-11 08:57:48,973 - UnicodeAnalyzer - INFO - -> Analizzando versione 9.4.1-canary.8 (3228/3393)...
2025-11-11 08:57:48,992 - UnicodeAnalyzer - INFO - Filtrati 246 file (es. in /dist, /test).
2025-11-11 08:57:49,040 - UnicodeAnalyzer - INFO - -> Analizzando versione 9.4.1-canary.9 (3229/3393)...
2025-11-11 08:57:49,057 - UnicodeAnalyzer - INFO - Filtrati 246 file (es. in /dist, /test).
2025-11-11 08:57:49,104 - UnicodeAnalyzer - INFO - -> Analizzando versione 9.4.2 (3230/3393)...
2025-11-11 08:57:49,121 - UnicodeAnalyzer - INFO - Filtrati 247 file (es. in /dist, /test).
2025-11-11 08:57:49,168 - UnicodeAnalyzer - INFO - -> Analizzando versione 9.4.2-canary.0 (3231/3393)...
2025-11-11 08:57:49,185 - UnicodeAnalyzer - INFO - Filtrati 246 file (es. in /dist, /test).
2025-11-11 08:57:49,232 - UnicodeAnalyzer - INFO - -> Analizzando versione 9.4.2-canary.1 (3232/3393)...
2025-11-11 08:57:49,250 - UnicodeAnalyzer - INFO - Filtrati 246 file (es. in /dist, /test).
2025-11-11 08:57:49,297 - UnicodeAnalyzer - INFO - -> Analizzando versione 9.4.2-canary.2 (3233/3393)...
2025-11-11 08:57:49,315 - UnicodeAnalyzer - INFO - Filtrati 246 file (es. in /dist, /test).
2025-11-11 08:57:49,361 - UnicodeAnalyzer - INFO - -> Analizzando versione 9.4.2-canary.3 (3234/3393)...
2025-11-11 08:57:49,382 - UnicodeAnalyzer - INFO - Filtrati 245 file (es. in /dist, /test).
2025-11-11 08:57:49,432 - UnicodeAnalyzer - INFO - -> Analizzando versione 9.4.2-canary.4 (3235/3393)...
2025-11-11 08:57:49,451 - UnicodeAnalyzer - INFO - Filtrati 247 file (es. in /dist, /test).
2025-11-11 08:57:49,498 - UnicodeAnalyzer - INFO - -> Analizzando versione 9.4.2-canary.5 (3236/3393)...
2025-11-11 08:57:49,517 - UnicodeAnalyzer - INFO - Filtrati 247 file (es. in /dist, /test).
2025-11-11 08:57:49,566 - UnicodeAnalyzer - INFO - -> Analizzando versione 9.4.3 (3237/3393)...
2025-11-11 08:57:49,584 - UnicodeAnalyzer - INFO - Filtrati 249 file (es. in /dist, /test).
2025-11-11 08:57:49,632 - UnicodeAnalyzer - INFO - -> Analizzando versione 9.4.3-canary.0 (3238/3393)...
2025-11-11 08:57:49,651 - UnicodeAnalyzer - INFO - Filtrati 248 file (es. in /dist, /test).
2025-11-11 08:57:49,701 - UnicodeAnalyzer - INFO - -> Analizzando versione 9.4.3-canary.1 (3239/3393)...
2025-11-11 08:57:49,720 - UnicodeAnalyzer - INFO - Filtrati 248 file (es. in /dist, /test).
2025-11-11 08:57:49,769 - UnicodeAnalyzer - INFO - -> Analizzando versione 9.4.3-canary.2 (3240/3393)...
2025-11-11 08:57:49,788 - UnicodeAnalyzer - INFO - Filtrati 248 file (es. in /dist, /test).
2025-11-11 08:57:49,859 - UnicodeAnalyzer - INFO - -> Analizzando versione 9.4.3-canary.3 (3241/3393)...
2025-11-11 08:57:49,886 - UnicodeAnalyzer - INFO - Filtrati 249 file (es. in /dist, /test).
2025-11-11 08:57:49,957 - UnicodeAnalyzer - INFO - -> Analizzando versione 9.4.4 (3242/3393)...
2025-11-11 08:57:49,978 - UnicodeAnalyzer - INFO - Filtrati 249 file (es. in /dist, /test).
2025-11-11 08:57:50,047 - UnicodeAnalyzer - INFO - -> Analizzando versione 9.4.4-canary.0 (3243/3393)...
2025-11-11 08:57:50,066 - UnicodeAnalyzer - INFO - Filtrati 249 file (es. in /dist, /test).
2025-11-11 08:57:50,142 - UnicodeAnalyzer - INFO - -> Analizzando versione 9.4.5-canary.0 (3244/3393)...
2025-11-11 08:57:50,160 - UnicodeAnalyzer - INFO - Filtrati 249 file (es. in /dist, /test).
2025-11-11 08:57:50,233 - UnicodeAnalyzer - INFO - -> Analizzando versione 9.4.5-canary.1 (3245/3393)...
2025-11-11 08:57:50,252 - UnicodeAnalyzer - INFO - Filtrati 256 file (es. in /dist, /test).
2025-11-11 08:57:50,322 - UnicodeAnalyzer - INFO - -> Analizzando versione 9.4.5-canary.10 (3246/3393)...
2025-11-11 08:57:50,345 - UnicodeAnalyzer - INFO - Filtrati 258 file (es. in /dist, /test).
2025-11-11 08:57:50,417 - UnicodeAnalyzer - INFO - -> Analizzando versione 9.4.5-canary.11 (3247/3393)...
2025-11-11 08:57:50,442 - UnicodeAnalyzer - INFO - Filtrati 258 file (es. in /dist, /test).
2025-11-11 08:57:50,513 - UnicodeAnalyzer - INFO - -> Analizzando versione 9.4.5-canary.12 (3248/3393)...
2025-11-11 08:57:50,532 - UnicodeAnalyzer - INFO - Filtrati 258 file (es. in /dist, /test).
2025-11-11 08:57:50,607 - UnicodeAnalyzer - INFO - -> Analizzando versione 9.4.5-canary.13 (3249/3393)...
2025-11-11 08:57:50,626 - UnicodeAnalyzer - INFO - Filtrati 258 file (es. in /dist, /test).
2025-11-11 08:57:50,696 - UnicodeAnalyzer - INFO - -> Analizzando versione 9.4.5-canary.14 (3250/3393)...
2025-11-11 08:57:50,716 - UnicodeAnalyzer - INFO - Filtrati 258 file (es. in /dist, /test).
2025-11-11 08:57:50,788 - UnicodeAnalyzer - INFO - -> Analizzando versione 9.4.5-canary.15 (3251/3393)...
2025-11-11 08:57:50,812 - UnicodeAnalyzer - INFO - Filtrati 258 file (es. in /dist, /test).
2025-11-11 08:57:50,883 - UnicodeAnalyzer - INFO - -> Analizzando versione 9.4.5-canary.16 (3252/3393)...
2025-11-11 08:57:50,901 - UnicodeAnalyzer - INFO - Filtrati 258 file (es. in /dist, /test).
2025-11-11 08:57:50,976 - UnicodeAnalyzer - INFO - -> Analizzando versione 9.4.5-canary.17 (3253/3393)...
2025-11-11 08:57:50,997 - UnicodeAnalyzer - INFO - Filtrati 261 file (es. in /dist, /test).
2025-11-11 08:57:51,069 - UnicodeAnalyzer - INFO - -> Analizzando versione 9.4.5-canary.18 (3254/3393)...
2025-11-11 08:57:51,089 - UnicodeAnalyzer - INFO - Filtrati 261 file (es. in /dist, /test).
2025-11-11 08:57:51,160 - UnicodeAnalyzer - INFO - -> Analizzando versione 9.4.5-canary.19 (3255/3393)...
2025-11-11 08:57:51,181 - UnicodeAnalyzer - INFO - Filtrati 261 file (es. in /dist, /test).
2025-11-11 08:57:51,251 - UnicodeAnalyzer - INFO - -> Analizzando versione 9.4.5-canary.2 (3256/3393)...
2025-11-11 08:57:51,270 - UnicodeAnalyzer - INFO - Filtrati 259 file (es. in /dist, /test).
2025-11-11 08:57:51,340 - UnicodeAnalyzer - INFO - -> Analizzando versione 9.4.5-canary.20 (3257/3393)...
2025-11-11 08:57:51,362 - UnicodeAnalyzer - INFO - Filtrati 259 file (es. in /dist, /test).
2025-11-11 08:57:51,434 - UnicodeAnalyzer - INFO - -> Analizzando versione 9.4.5-canary.21 (3258/3393)...
2025-11-11 08:57:51,456 - UnicodeAnalyzer - INFO - Filtrati 259 file (es. in /dist, /test).
2025-11-11 08:57:51,511 - UnicodeAnalyzer - INFO - -> Analizzando versione 9.4.5-canary.22 (3259/3393)...
2025-11-11 08:57:51,529 - UnicodeAnalyzer - INFO - Filtrati 259 file (es. in /dist, /test).
2025-11-11 08:57:51,580 - UnicodeAnalyzer - INFO - -> Analizzando versione 9.4.5-canary.23 (3260/3393)...
2025-11-11 08:57:51,600 - UnicodeAnalyzer - INFO - Filtrati 259 file (es. in /dist, /test).
2025-11-11 08:57:51,647 - UnicodeAnalyzer - INFO - -> Analizzando versione 9.4.5-canary.24 (3261/3393)...
2025-11-11 08:57:51,667 - UnicodeAnalyzer - INFO - Filtrati 258 file (es. in /dist, /test).
2025-11-11 08:57:51,715 - UnicodeAnalyzer - INFO - -> Analizzando versione 9.4.5-canary.25 (3262/3393)...
2025-11-11 08:57:51,735 - UnicodeAnalyzer - INFO - Filtrati 259 file (es. in /dist, /test).
2025-11-11 08:57:51,784 - UnicodeAnalyzer - INFO - -> Analizzando versione 9.4.5-canary.26 (3263/3393)...
2025-11-11 08:57:51,803 - UnicodeAnalyzer - INFO - Filtrati 259 file (es. in /dist, /test).
2025-11-11 08:57:51,851 - UnicodeAnalyzer - INFO - -> Analizzando versione 9.4.5-canary.27 (3264/3393)...
2025-11-11 08:57:51,870 - UnicodeAnalyzer - INFO - Filtrati 259 file (es. in /dist, /test).
2025-11-11 08:57:51,918 - UnicodeAnalyzer - INFO - -> Analizzando versione 9.4.5-canary.28 (3265/3393)...
2025-11-11 08:57:51,936 - UnicodeAnalyzer - INFO - Filtrati 259 file (es. in /dist, /test).
2025-11-11 08:57:51,983 - UnicodeAnalyzer - INFO - -> Analizzando versione 9.4.5-canary.29 (3266/3393)...
2025-11-11 08:57:52,002 - UnicodeAnalyzer - INFO - Filtrati 259 file (es. in /dist, /test).
2025-11-11 08:57:52,049 - UnicodeAnalyzer - INFO - -> Analizzando versione 9.4.5-canary.3 (3267/3393)...
2025-11-11 08:57:52,068 - UnicodeAnalyzer - INFO - Filtrati 259 file (es. in /dist, /test).
2025-11-11 08:57:52,115 - UnicodeAnalyzer - INFO - -> Analizzando versione 9.4.5-canary.30 (3268/3393)...
2025-11-11 08:57:52,135 - UnicodeAnalyzer - INFO - Filtrati 259 file (es. in /dist, /test).
2025-11-11 08:57:52,182 - UnicodeAnalyzer - INFO - -> Analizzando versione 9.4.5-canary.31 (3269/3393)...
2025-11-11 08:57:52,200 - UnicodeAnalyzer - INFO - Filtrati 259 file (es. in /dist, /test).
2025-11-11 08:57:52,247 - UnicodeAnalyzer - INFO - -> Analizzando versione 9.4.5-canary.32 (3270/3393)...
2025-11-11 08:57:52,266 - UnicodeAnalyzer - INFO - Filtrati 263 file (es. in /dist, /test).
2025-11-11 08:57:52,314 - UnicodeAnalyzer - INFO - -> Analizzando versione 9.4.5-canary.33 (3271/3393)...
2025-11-11 08:57:52,333 - UnicodeAnalyzer - INFO - Filtrati 263 file (es. in /dist, /test).
2025-11-11 08:57:52,381 - UnicodeAnalyzer - INFO - -> Analizzando versione 9.4.5-canary.34 (3272/3393)...
2025-11-11 08:57:52,400 - UnicodeAnalyzer - INFO - Filtrati 263 file (es. in /dist, /test).
2025-11-11 08:57:52,447 - UnicodeAnalyzer - INFO - -> Analizzando versione 9.4.5-canary.35 (3273/3393)...
2025-11-11 08:57:52,465 - UnicodeAnalyzer - INFO - Filtrati 263 file (es. in /dist, /test).
2025-11-11 08:57:52,513 - UnicodeAnalyzer - INFO - -> Analizzando versione 9.4.5-canary.36 (3274/3393)...
2025-11-11 08:57:52,531 - UnicodeAnalyzer - INFO - Filtrati 263 file (es. in /dist, /test).
2025-11-11 08:57:52,579 - UnicodeAnalyzer - INFO - -> Analizzando versione 9.4.5-canary.37 (3275/3393)...
2025-11-11 08:57:52,600 - UnicodeAnalyzer - INFO - Filtrati 263 file (es. in /dist, /test).
2025-11-11 08:57:52,648 - UnicodeAnalyzer - INFO - -> Analizzando versione 9.4.5-canary.38 (3276/3393)...
2025-11-11 08:57:52,668 - UnicodeAnalyzer - INFO - Filtrati 263 file (es. in /dist, /test).
2025-11-11 08:57:52,714 - UnicodeAnalyzer - INFO - -> Analizzando versione 9.4.5-canary.39 (3277/3393)...
2025-11-11 08:57:52,731 - UnicodeAnalyzer - INFO - Filtrati 263 file (es. in /dist, /test).
2025-11-11 08:57:52,779 - UnicodeAnalyzer - INFO - -> Analizzando versione 9.4.5-canary.4 (3278/3393)...
2025-11-11 08:57:52,798 - UnicodeAnalyzer - INFO - Filtrati 259 file (es. in /dist, /test).
2025-11-11 08:57:52,846 - UnicodeAnalyzer - INFO - -> Analizzando versione 9.4.5-canary.40 (3279/3393)...
2025-11-11 08:57:52,864 - UnicodeAnalyzer - INFO - Filtrati 263 file (es. in /dist, /test).
2025-11-11 08:57:52,911 - UnicodeAnalyzer - INFO - -> Analizzando versione 9.4.5-canary.41 (3280/3393)...
2025-11-11 08:57:52,931 - UnicodeAnalyzer - INFO - Filtrati 263 file (es. in /dist, /test).
2025-11-11 08:57:52,978 - UnicodeAnalyzer - INFO - -> Analizzando versione 9.4.5-canary.42 (3281/3393)...
2025-11-11 08:57:52,996 - UnicodeAnalyzer - INFO - Filtrati 263 file (es. in /dist, /test).
2025-11-11 08:57:53,044 - UnicodeAnalyzer - INFO - -> Analizzando versione 9.4.5-canary.43 (3282/3393)...
2025-11-11 08:57:53,062 - UnicodeAnalyzer - INFO - Filtrati 263 file (es. in /dist, /test).
2025-11-11 08:57:53,108 - UnicodeAnalyzer - INFO - -> Analizzando versione 9.4.5-canary.44 (3283/3393)...
2025-11-11 08:57:53,124 - UnicodeAnalyzer - INFO - Filtrati 263 file (es. in /dist, /test).
2025-11-11 08:57:53,171 - UnicodeAnalyzer - INFO - -> Analizzando versione 9.4.5-canary.45 (3284/3393)...
2025-11-11 08:57:53,187 - UnicodeAnalyzer - INFO - Filtrati 263 file (es. in /dist, /test).
2025-11-11 08:57:53,234 - UnicodeAnalyzer - INFO - -> Analizzando versione 9.4.5-canary.5 (3285/3393)...
2025-11-11 08:57:53,253 - UnicodeAnalyzer - INFO - Filtrati 259 file (es. in /dist, /test).
2025-11-11 08:57:53,301 - UnicodeAnalyzer - INFO - -> Analizzando versione 9.4.5-canary.6 (3286/3393)...
2025-11-11 08:57:53,319 - UnicodeAnalyzer - INFO - Filtrati 259 file (es. in /dist, /test).
2025-11-11 08:57:53,366 - UnicodeAnalyzer - INFO - -> Analizzando versione 9.4.5-canary.7 (3287/3393)...
2025-11-11 08:57:53,385 - UnicodeAnalyzer - INFO - Filtrati 257 file (es. in /dist, /test).
2025-11-11 08:57:53,432 - UnicodeAnalyzer - INFO - -> Analizzando versione 9.4.5-canary.8 (3288/3393)...
2025-11-11 08:57:53,450 - UnicodeAnalyzer - INFO - Filtrati 258 file (es. in /dist, /test).
2025-11-11 08:57:53,497 - UnicodeAnalyzer - INFO - -> Analizzando versione 9.4.5-canary.9 (3289/3393)...
2025-11-11 08:57:53,515 - UnicodeAnalyzer - INFO - Filtrati 258 file (es. in /dist, /test).
2025-11-11 08:57:53,562 - UnicodeAnalyzer - INFO - -> Analizzando versione 9.5.0 (3290/3393)...
2025-11-11 08:57:53,576 - UnicodeAnalyzer - INFO - Filtrati 263 file (es. in /dist, /test).
2025-11-11 08:57:53,624 - UnicodeAnalyzer - INFO - -> Analizzando versione 9.5.1 (3291/3393)...
2025-11-11 08:57:53,640 - UnicodeAnalyzer - INFO - Filtrati 265 file (es. in /dist, /test).
2025-11-11 08:57:53,688 - UnicodeAnalyzer - INFO - -> Analizzando versione 9.5.1-canary.0 (3292/3393)...
2025-11-11 08:57:53,701 - UnicodeAnalyzer - INFO - Filtrati 265 file (es. in /dist, /test).
2025-11-11 08:57:53,749 - UnicodeAnalyzer - INFO - -> Analizzando versione 9.5.1-canary.1 (3293/3393)...
2025-11-11 08:57:53,762 - UnicodeAnalyzer - INFO - Filtrati 265 file (es. in /dist, /test).
2025-11-11 08:57:53,810 - UnicodeAnalyzer - INFO - -> Analizzando versione 9.5.1-canary.2 (3294/3393)...
2025-11-11 08:57:53,823 - UnicodeAnalyzer - INFO - Filtrati 265 file (es. in /dist, /test).
2025-11-11 08:57:53,872 - UnicodeAnalyzer - INFO - -> Analizzando versione 9.5.1-canary.3 (3295/3393)...
2025-11-11 08:57:53,890 - UnicodeAnalyzer - INFO - Filtrati 265 file (es. in /dist, /test).
2025-11-11 08:57:53,936 - UnicodeAnalyzer - INFO - -> Analizzando versione 9.5.2 (3296/3393)...
2025-11-11 08:57:53,955 - UnicodeAnalyzer - INFO - Filtrati 268 file (es. in /dist, /test).
2025-11-11 08:57:54,002 - UnicodeAnalyzer - INFO - -> Analizzando versione 9.5.2-canary.0 (3297/3393)...
2025-11-11 08:57:54,021 - UnicodeAnalyzer - INFO - Filtrati 265 file (es. in /dist, /test).
2025-11-11 08:57:54,068 - UnicodeAnalyzer - INFO - -> Analizzando versione 9.5.2-canary.1 (3298/3393)...
2025-11-11 08:57:54,085 - UnicodeAnalyzer - INFO - Filtrati 265 file (es. in /dist, /test).
2025-11-11 08:57:54,133 - UnicodeAnalyzer - INFO - -> Analizzando versione 9.5.2-canary.10 (3299/3393)...
2025-11-11 08:57:54,151 - UnicodeAnalyzer - INFO - Filtrati 268 file (es. in /dist, /test).
2025-11-11 08:57:54,198 - UnicodeAnalyzer - INFO - -> Analizzando versione 9.5.2-canary.11 (3300/3393)...
2025-11-11 08:57:54,217 - UnicodeAnalyzer - INFO - Filtrati 268 file (es. in /dist, /test).
2025-11-11 08:57:54,264 - UnicodeAnalyzer - INFO - -> Analizzando versione 9.5.2-canary.12 (3301/3393)...
2025-11-11 08:57:54,284 - UnicodeAnalyzer - INFO - Filtrati 268 file (es. in /dist, /test).
2025-11-11 08:57:54,332 - UnicodeAnalyzer - INFO - -> Analizzando versione 9.5.2-canary.13 (3302/3393)...
2025-11-11 08:57:54,350 - UnicodeAnalyzer - INFO - Filtrati 268 file (es. in /dist, /test).
2025-11-11 08:57:54,397 - UnicodeAnalyzer - INFO - -> Analizzando versione 9.5.2-canary.14 (3303/3393)...
2025-11-11 08:57:54,414 - UnicodeAnalyzer - INFO - Filtrati 268 file (es. in /dist, /test).
2025-11-11 08:57:54,462 - UnicodeAnalyzer - INFO - -> Analizzando versione 9.5.2-canary.15 (3304/3393)...
2025-11-11 08:57:54,480 - UnicodeAnalyzer - INFO - Filtrati 268 file (es. in /dist, /test).
2025-11-11 08:57:54,527 - UnicodeAnalyzer - INFO - -> Analizzando versione 9.5.2-canary.16 (3305/3393)...
2025-11-11 08:57:54,546 - UnicodeAnalyzer - INFO - Filtrati 268 file (es. in /dist, /test).
2025-11-11 08:57:54,596 - UnicodeAnalyzer - INFO - -> Analizzando versione 9.5.2-canary.17 (3306/3393)...
2025-11-11 08:57:54,615 - UnicodeAnalyzer - INFO - Filtrati 268 file (es. in /dist, /test).
2025-11-11 08:57:54,662 - UnicodeAnalyzer - INFO - -> Analizzando versione 9.5.2-canary.18 (3307/3393)...
2025-11-11 08:57:54,680 - UnicodeAnalyzer - INFO - Filtrati 268 file (es. in /dist, /test).
2025-11-11 08:57:54,727 - UnicodeAnalyzer - INFO - -> Analizzando versione 9.5.2-canary.2 (3308/3393)...
2025-11-11 08:57:54,744 - UnicodeAnalyzer - INFO - Filtrati 265 file (es. in /dist, /test).
2025-11-11 08:57:54,792 - UnicodeAnalyzer - INFO - -> Analizzando versione 9.5.2-canary.3 (3309/3393)...
2025-11-11 08:57:54,809 - UnicodeAnalyzer - INFO - Filtrati 264 file (es. in /dist, /test).
2025-11-11 08:57:54,857 - UnicodeAnalyzer - INFO - -> Analizzando versione 9.5.2-canary.4 (3310/3393)...
2025-11-11 08:57:54,876 - UnicodeAnalyzer - INFO - Filtrati 264 file (es. in /dist, /test).
2025-11-11 08:57:54,923 - UnicodeAnalyzer - INFO - -> Analizzando versione 9.5.2-canary.5 (3311/3393)...
2025-11-11 08:57:54,941 - UnicodeAnalyzer - INFO - Filtrati 264 file (es. in /dist, /test).
2025-11-11 08:57:54,988 - UnicodeAnalyzer - INFO - -> Analizzando versione 9.5.2-canary.6 (3312/3393)...
2025-11-11 08:57:55,006 - UnicodeAnalyzer - INFO - Filtrati 264 file (es. in /dist, /test).
2025-11-11 08:57:55,053 - UnicodeAnalyzer - INFO - -> Analizzando versione 9.5.2-canary.7 (3313/3393)...
2025-11-11 08:57:55,071 - UnicodeAnalyzer - INFO - Filtrati 264 file (es. in /dist, /test).
2025-11-11 08:57:55,119 - UnicodeAnalyzer - INFO - -> Analizzando versione 9.5.2-canary.8 (3314/3393)...
2025-11-11 08:57:55,137 - UnicodeAnalyzer - INFO - Filtrati 266 file (es. in /dist, /test).
2025-11-11 08:57:55,184 - UnicodeAnalyzer - INFO - -> Analizzando versione 9.5.2-canary.9 (3315/3393)...
2025-11-11 08:57:55,200 - UnicodeAnalyzer - INFO - Filtrati 268 file (es. in /dist, /test).
2025-11-11 08:57:55,249 - UnicodeAnalyzer - INFO - -> Analizzando versione 9.5.3 (3316/3393)...
2025-11-11 08:57:55,265 - UnicodeAnalyzer - INFO - Filtrati 273 file (es. in /dist, /test).
2025-11-11 08:57:55,312 - UnicodeAnalyzer - INFO - -> Analizzando versione 9.5.3-canary.0 (3317/3393)...
2025-11-11 08:57:55,332 - UnicodeAnalyzer - INFO - Filtrati 271 file (es. in /dist, /test).
2025-11-11 08:57:55,381 - UnicodeAnalyzer - INFO - -> Analizzando versione 9.5.3-canary.1 (3318/3393)...
2025-11-11 08:57:55,400 - UnicodeAnalyzer - INFO - Filtrati 269 file (es. in /dist, /test).
2025-11-11 08:57:55,447 - UnicodeAnalyzer - INFO - -> Analizzando versione 9.5.3-canary.10 (3319/3393)...
2025-11-11 08:57:55,467 - UnicodeAnalyzer - INFO - Filtrati 269 file (es. in /dist, /test).
2025-11-11 08:57:55,524 - UnicodeAnalyzer - INFO - -> Analizzando versione 9.5.3-canary.11 (3320/3393)...
2025-11-11 08:57:55,543 - UnicodeAnalyzer - INFO - Filtrati 269 file (es. in /dist, /test).
2025-11-11 08:57:55,591 - UnicodeAnalyzer - INFO - -> Analizzando versione 9.5.3-canary.12 (3321/3393)...
2025-11-11 08:57:55,609 - UnicodeAnalyzer - INFO - Filtrati 269 file (es. in /dist, /test).
2025-11-11 08:57:55,656 - UnicodeAnalyzer - INFO - -> Analizzando versione 9.5.3-canary.13 (3322/3393)...
2025-11-11 08:57:55,676 - UnicodeAnalyzer - INFO - Filtrati 269 file (es. in /dist, /test).
2025-11-11 08:57:55,724 - UnicodeAnalyzer - INFO - -> Analizzando versione 9.5.3-canary.14 (3323/3393)...
2025-11-11 08:57:55,745 - UnicodeAnalyzer - INFO - Filtrati 273 file (es. in /dist, /test).
2025-11-11 08:57:55,792 - UnicodeAnalyzer - INFO - -> Analizzando versione 9.5.3-canary.15 (3324/3393)...
2025-11-11 08:57:55,813 - UnicodeAnalyzer - INFO - Filtrati 273 file (es. in /dist, /test).
2025-11-11 08:57:55,861 - UnicodeAnalyzer - INFO - -> Analizzando versione 9.5.3-canary.16 (3325/3393)...
2025-11-11 08:57:55,878 - UnicodeAnalyzer - INFO - Filtrati 273 file (es. in /dist, /test).
2025-11-11 08:57:55,925 - UnicodeAnalyzer - INFO - -> Analizzando versione 9.5.3-canary.17 (3326/3393)...
2025-11-11 08:57:55,944 - UnicodeAnalyzer - INFO - Filtrati 273 file (es. in /dist, /test).
2025-11-11 08:57:55,991 - UnicodeAnalyzer - INFO - -> Analizzando versione 9.5.3-canary.18 (3327/3393)...
2025-11-11 08:57:56,012 - UnicodeAnalyzer - INFO - Filtrati 273 file (es. in /dist, /test).
2025-11-11 08:57:56,060 - UnicodeAnalyzer - INFO - -> Analizzando versione 9.5.3-canary.19 (3328/3393)...
2025-11-11 08:57:56,080 - UnicodeAnalyzer - INFO - Filtrati 273 file (es. in /dist, /test).
2025-11-11 08:57:56,127 - UnicodeAnalyzer - INFO - -> Analizzando versione 9.5.3-canary.2 (3329/3393)...
2025-11-11 08:57:56,146 - UnicodeAnalyzer - INFO - Filtrati 269 file (es. in /dist, /test).
2025-11-11 08:57:56,194 - UnicodeAnalyzer - INFO - -> Analizzando versione 9.5.3-canary.20 (3330/3393)...
2025-11-11 08:57:56,212 - UnicodeAnalyzer - INFO - Filtrati 273 file (es. in /dist, /test).
2025-11-11 08:57:56,259 - UnicodeAnalyzer - INFO - -> Analizzando versione 9.5.3-canary.21 (3331/3393)...
2025-11-11 08:57:56,278 - UnicodeAnalyzer - INFO - Filtrati 273 file (es. in /dist, /test).
2025-11-11 08:57:56,328 - UnicodeAnalyzer - INFO - -> Analizzando versione 9.5.3-canary.22 (3332/3393)...
2025-11-11 08:57:56,351 - UnicodeAnalyzer - INFO - Filtrati 273 file (es. in /dist, /test).
2025-11-11 08:57:56,397 - UnicodeAnalyzer - INFO - -> Analizzando versione 9.5.3-canary.23 (3333/3393)...
2025-11-11 08:57:56,416 - UnicodeAnalyzer - INFO - Filtrati 273 file (es. in /dist, /test).
2025-11-11 08:57:56,464 - UnicodeAnalyzer - INFO - -> Analizzando versione 9.5.3-canary.24 (3334/3393)...
2025-11-11 08:57:56,480 - UnicodeAnalyzer - INFO - Filtrati 273 file (es. in /dist, /test).
2025-11-11 08:57:56,527 - UnicodeAnalyzer - INFO - -> Analizzando versione 9.5.3-canary.25 (3335/3393)...
2025-11-11 08:57:56,545 - UnicodeAnalyzer - INFO - Filtrati 273 file (es. in /dist, /test).
2025-11-11 08:57:56,592 - UnicodeAnalyzer - INFO - -> Analizzando versione 9.5.3-canary.26 (3336/3393)...
2025-11-11 08:57:56,612 - UnicodeAnalyzer - INFO - Filtrati 273 file (es. in /dist, /test).
2025-11-11 08:57:56,659 - UnicodeAnalyzer - INFO - -> Analizzando versione 9.5.3-canary.27 (3337/3393)...
2025-11-11 08:57:56,676 - UnicodeAnalyzer - INFO - Filtrati 273 file (es. in /dist, /test).
2025-11-11 08:57:56,724 - UnicodeAnalyzer - INFO - -> Analizzando versione 9.5.3-canary.3 (3338/3393)...
2025-11-11 08:57:56,744 - UnicodeAnalyzer - INFO - Filtrati 269 file (es. in /dist, /test).
2025-11-11 08:57:56,793 - UnicodeAnalyzer - INFO - -> Analizzando versione 9.5.3-canary.4 (3339/3393)...
2025-11-11 08:57:56,811 - UnicodeAnalyzer - INFO - Filtrati 269 file (es. in /dist, /test).
2025-11-11 08:57:56,858 - UnicodeAnalyzer - INFO - -> Analizzando versione 9.5.3-canary.5 (3340/3393)...
2025-11-11 08:57:56,876 - UnicodeAnalyzer - INFO - Filtrati 269 file (es. in /dist, /test).
2025-11-11 08:57:56,924 - UnicodeAnalyzer - INFO - -> Analizzando versione 9.5.3-canary.6 (3341/3393)...
2025-11-11 08:57:56,943 - UnicodeAnalyzer - INFO - Filtrati 269 file (es. in /dist, /test).
2025-11-11 08:57:56,991 - UnicodeAnalyzer - INFO - -> Analizzando versione 9.5.3-canary.7 (3342/3393)...
2025-11-11 08:57:57,011 - UnicodeAnalyzer - INFO - Filtrati 269 file (es. in /dist, /test).
2025-11-11 08:57:57,058 - UnicodeAnalyzer - INFO - -> Analizzando versione 9.5.3-canary.8 (3343/3393)...
2025-11-11 08:57:57,076 - UnicodeAnalyzer - INFO - Filtrati 269 file (es. in /dist, /test).
2025-11-11 08:57:57,125 - UnicodeAnalyzer - INFO - -> Analizzando versione 9.5.3-canary.9 (3344/3393)...
2025-11-11 08:57:57,143 - UnicodeAnalyzer - INFO - Filtrati 269 file (es. in /dist, /test).
2025-11-11 08:57:57,191 - UnicodeAnalyzer - INFO - -> Analizzando versione 9.5.4 (3345/3393)...
2025-11-11 08:57:57,212 - UnicodeAnalyzer - INFO - Filtrati 269 file (es. in /dist, /test).
2025-11-11 08:57:57,260 - UnicodeAnalyzer - INFO - -> Analizzando versione 9.5.4-canary.0 (3346/3393)...
2025-11-11 08:57:57,280 - UnicodeAnalyzer - INFO - Filtrati 273 file (es. in /dist, /test).
2025-11-11 08:57:57,327 - UnicodeAnalyzer - INFO - -> Analizzando versione 9.5.4-canary.1 (3347/3393)...
2025-11-11 08:57:57,349 - UnicodeAnalyzer - INFO - Filtrati 273 file (es. in /dist, /test).
2025-11-11 08:57:57,395 - UnicodeAnalyzer - INFO - -> Analizzando versione 9.5.4-canary.10 (3348/3393)...
2025-11-11 08:57:57,416 - UnicodeAnalyzer - INFO - Filtrati 273 file (es. in /dist, /test).
2025-11-11 08:57:57,463 - UnicodeAnalyzer - INFO - -> Analizzando versione 9.5.4-canary.11 (3349/3393)...
2025-11-11 08:57:57,486 - UnicodeAnalyzer - INFO - Filtrati 273 file (es. in /dist, /test).
2025-11-11 08:57:57,533 - UnicodeAnalyzer - INFO - -> Analizzando versione 9.5.4-canary.12 (3350/3393)...
2025-11-11 08:57:57,552 - UnicodeAnalyzer - INFO - Filtrati 273 file (es. in /dist, /test).
2025-11-11 08:57:57,599 - UnicodeAnalyzer - INFO - -> Analizzando versione 9.5.4-canary.13 (3351/3393)...
2025-11-11 08:57:57,619 - UnicodeAnalyzer - INFO - Filtrati 273 file (es. in /dist, /test).
2025-11-11 08:57:57,668 - UnicodeAnalyzer - INFO - -> Analizzando versione 9.5.4-canary.14 (3352/3393)...
2025-11-11 08:57:57,690 - UnicodeAnalyzer - INFO - Filtrati 273 file (es. in /dist, /test).
2025-11-11 08:57:57,737 - UnicodeAnalyzer - INFO - -> Analizzando versione 9.5.4-canary.15 (3353/3393)...
2025-11-11 08:57:57,761 - UnicodeAnalyzer - INFO - Filtrati 273 file (es. in /dist, /test).
2025-11-11 08:57:57,808 - UnicodeAnalyzer - INFO - -> Analizzando versione 9.5.4-canary.16 (3354/3393)...
2025-11-11 08:57:57,828 - UnicodeAnalyzer - INFO - Filtrati 273 file (es. in /dist, /test).
2025-11-11 08:57:57,877 - UnicodeAnalyzer - INFO - -> Analizzando versione 9.5.4-canary.17 (3355/3393)...
2025-11-11 08:57:57,896 - UnicodeAnalyzer - INFO - Filtrati 272 file (es. in /dist, /test).
2025-11-11 08:57:57,945 - UnicodeAnalyzer - INFO - -> Analizzando versione 9.5.4-canary.18 (3356/3393)...
2025-11-11 08:57:57,965 - UnicodeAnalyzer - INFO - Filtrati 272 file (es. in /dist, /test).
2025-11-11 08:57:58,013 - UnicodeAnalyzer - INFO - -> Analizzando versione 9.5.4-canary.19 (3357/3393)...
2025-11-11 08:57:58,036 - UnicodeAnalyzer - INFO - Filtrati 272 file (es. in /dist, /test).
2025-11-11 08:57:58,085 - UnicodeAnalyzer - INFO - -> Analizzando versione 9.5.4-canary.2 (3358/3393)...
2025-11-11 08:57:58,106 - UnicodeAnalyzer - INFO - Filtrati 273 file (es. in /dist, /test).
2025-11-11 08:57:58,154 - UnicodeAnalyzer - INFO - -> Analizzando versione 9.5.4-canary.20 (3359/3393)...
2025-11-11 08:57:58,174 - UnicodeAnalyzer - INFO - Filtrati 272 file (es. in /dist, /test).
2025-11-11 08:57:58,223 - UnicodeAnalyzer - INFO - -> Analizzando versione 9.5.4-canary.21 (3360/3393)...
2025-11-11 08:57:58,243 - UnicodeAnalyzer - INFO - Filtrati 272 file (es. in /dist, /test).
2025-11-11 08:57:58,289 - UnicodeAnalyzer - INFO - -> Analizzando versione 9.5.4-canary.22 (3361/3393)...
2025-11-11 08:57:58,308 - UnicodeAnalyzer - INFO - Filtrati 269 file (es. in /dist, /test).
2025-11-11 08:57:58,354 - UnicodeAnalyzer - INFO - -> Analizzando versione 9.5.4-canary.23 (3362/3393)...
2025-11-11 08:57:58,374 - UnicodeAnalyzer - INFO - Filtrati 269 file (es. in /dist, /test).
2025-11-11 08:57:58,422 - UnicodeAnalyzer - INFO - -> Analizzando versione 9.5.4-canary.24 (3363/3393)...
2025-11-11 08:57:58,442 - UnicodeAnalyzer - INFO - Filtrati 269 file (es. in /dist, /test).
2025-11-11 08:57:58,489 - UnicodeAnalyzer - INFO - -> Analizzando versione 9.5.4-canary.25 (3364/3393)...
2025-11-11 08:57:58,508 - UnicodeAnalyzer - INFO - Filtrati 269 file (es. in /dist, /test).
2025-11-11 08:57:58,555 - UnicodeAnalyzer - INFO - -> Analizzando versione 9.5.4-canary.3 (3365/3393)...
2025-11-11 08:57:58,574 - UnicodeAnalyzer - INFO - Filtrati 273 file (es. in /dist, /test).
2025-11-11 08:57:58,621 - UnicodeAnalyzer - INFO - -> Analizzando versione 9.5.4-canary.4 (3366/3393)...
2025-11-11 08:57:58,640 - UnicodeAnalyzer - INFO - Filtrati 273 file (es. in /dist, /test).
2025-11-11 08:57:58,688 - UnicodeAnalyzer - INFO - -> Analizzando versione 9.5.4-canary.5 (3367/3393)...
2025-11-11 08:57:58,706 - UnicodeAnalyzer - INFO - Filtrati 273 file (es. in /dist, /test).
2025-11-11 08:57:58,755 - UnicodeAnalyzer - INFO - -> Analizzando versione 9.5.4-canary.6 (3368/3393)...
2025-11-11 08:57:58,773 - UnicodeAnalyzer - INFO - Filtrati 273 file (es. in /dist, /test).
2025-11-11 08:57:58,821 - UnicodeAnalyzer - INFO - -> Analizzando versione 9.5.4-canary.7 (3369/3393)...
2025-11-11 08:57:58,843 - UnicodeAnalyzer - INFO - Filtrati 273 file (es. in /dist, /test).
2025-11-11 08:57:58,891 - UnicodeAnalyzer - INFO - -> Analizzando versione 9.5.4-canary.8 (3370/3393)...
2025-11-11 08:57:58,911 - UnicodeAnalyzer - INFO - Filtrati 273 file (es. in /dist, /test).
2025-11-11 08:57:58,959 - UnicodeAnalyzer - INFO - -> Analizzando versione 9.5.4-canary.9 (3371/3393)...
2025-11-11 08:57:58,978 - UnicodeAnalyzer - INFO - Filtrati 273 file (es. in /dist, /test).
2025-11-11 08:57:59,026 - UnicodeAnalyzer - INFO - -> Analizzando versione 9.5.5 (3372/3393)...
2025-11-11 08:57:59,046 - UnicodeAnalyzer - INFO - Filtrati 272 file (es. in /dist, /test).
2025-11-11 08:57:59,093 - UnicodeAnalyzer - INFO - -> Analizzando versione 9.5.5-canary.0 (3373/3393)...
2025-11-11 08:57:59,115 - UnicodeAnalyzer - INFO - Filtrati 272 file (es. in /dist, /test).
2025-11-11 08:57:59,163 - UnicodeAnalyzer - INFO - -> Analizzando versione 9.5.5-canary.1 (3374/3393)...
2025-11-11 08:57:59,183 - UnicodeAnalyzer - INFO - Filtrati 272 file (es. in /dist, /test).
2025-11-11 08:57:59,231 - UnicodeAnalyzer - INFO - -> Analizzando versione 9.5.6-canary.0 (3375/3393)...
2025-11-11 08:57:59,255 - UnicodeAnalyzer - INFO - Filtrati 274 file (es. in /dist, /test).
2025-11-11 08:57:59,302 - UnicodeAnalyzer - INFO - -> Analizzando versione 9.5.6-canary.1 (3376/3393)...
2025-11-11 08:57:59,322 - UnicodeAnalyzer - INFO - Filtrati 274 file (es. in /dist, /test).
2025-11-11 08:57:59,371 - UnicodeAnalyzer - INFO - -> Analizzando versione 9.5.6-canary.10 (3377/3393)...
2025-11-11 08:57:59,391 - UnicodeAnalyzer - INFO - Filtrati 276 file (es. in /dist, /test).
2025-11-11 08:57:59,439 - UnicodeAnalyzer - INFO - -> Analizzando versione 9.5.6-canary.11 (3378/3393)...
2025-11-11 08:57:59,460 - UnicodeAnalyzer - INFO - Filtrati 276 file (es. in /dist, /test).
2025-11-11 08:57:59,508 - UnicodeAnalyzer - INFO - -> Analizzando versione 9.5.6-canary.12 (3379/3393)...
2025-11-11 08:57:59,528 - UnicodeAnalyzer - INFO - Filtrati 276 file (es. in /dist, /test).
2025-11-11 08:57:59,577 - UnicodeAnalyzer - INFO - -> Analizzando versione 9.5.6-canary.13 (3380/3393)...
2025-11-11 08:57:59,595 - UnicodeAnalyzer - INFO - Filtrati 276 file (es. in /dist, /test).
2025-11-11 08:57:59,642 - UnicodeAnalyzer - INFO - -> Analizzando versione 9.5.6-canary.14 (3381/3393)...
2025-11-11 08:57:59,662 - UnicodeAnalyzer - INFO - Filtrati 276 file (es. in /dist, /test).
2025-11-11 08:57:59,709 - UnicodeAnalyzer - INFO - -> Analizzando versione 9.5.6-canary.15 (3382/3393)...
2025-11-11 08:57:59,731 - UnicodeAnalyzer - INFO - Filtrati 276 file (es. in /dist, /test).
2025-11-11 08:57:59,778 - UnicodeAnalyzer - INFO - -> Analizzando versione 9.5.6-canary.16 (3383/3393)...
2025-11-11 08:57:59,797 - UnicodeAnalyzer - INFO - Filtrati 276 file (es. in /dist, /test).
2025-11-11 08:57:59,846 - UnicodeAnalyzer - INFO - -> Analizzando versione 9.5.6-canary.17 (3384/3393)...
2025-11-11 08:57:59,866 - UnicodeAnalyzer - INFO - Filtrati 276 file (es. in /dist, /test).
2025-11-11 08:57:59,915 - UnicodeAnalyzer - INFO - -> Analizzando versione 9.5.6-canary.18 (3385/3393)...
2025-11-11 08:57:59,935 - UnicodeAnalyzer - INFO - Filtrati 276 file (es. in /dist, /test).
2025-11-11 08:57:59,983 - UnicodeAnalyzer - INFO - -> Analizzando versione 9.5.6-canary.2 (3386/3393)...
2025-11-11 08:58:00,004 - UnicodeAnalyzer - INFO - Filtrati 274 file (es. in /dist, /test).
2025-11-11 08:58:00,052 - UnicodeAnalyzer - INFO - -> Analizzando versione 9.5.6-canary.3 (3387/3393)...
2025-11-11 08:58:00,073 - UnicodeAnalyzer - INFO - Filtrati 275 file (es. in /dist, /test).
2025-11-11 08:58:00,122 - UnicodeAnalyzer - INFO - -> Analizzando versione 9.5.6-canary.4 (3388/3393)...
2025-11-11 08:58:00,144 - UnicodeAnalyzer - INFO - Filtrati 275 file (es. in /dist, /test).
2025-11-11 08:58:00,192 - UnicodeAnalyzer - INFO - -> Analizzando versione 9.5.6-canary.5 (3389/3393)...
2025-11-11 08:58:00,212 - UnicodeAnalyzer - INFO - Filtrati 276 file (es. in /dist, /test).
2025-11-11 08:58:00,260 - UnicodeAnalyzer - INFO - -> Analizzando versione 9.5.6-canary.6 (3390/3393)...
2025-11-11 08:58:00,281 - UnicodeAnalyzer - INFO - Filtrati 276 file (es. in /dist, /test).
2025-11-11 08:58:00,329 - UnicodeAnalyzer - INFO - -> Analizzando versione 9.5.6-canary.7 (3391/3393)...
2025-11-11 08:58:00,349 - UnicodeAnalyzer - INFO - Filtrati 276 file (es. in /dist, /test).
2025-11-11 08:58:00,399 - UnicodeAnalyzer - INFO - -> Analizzando versione 9.5.6-canary.8 (3392/3393)...
2025-11-11 08:58:00,420 - UnicodeAnalyzer - INFO - Filtrati 276 file (es. in /dist, /test).
2025-11-11 08:58:00,468 - UnicodeAnalyzer - INFO - -> Analizzando versione 9.5.6-canary.9 (3393/3393)...
2025-11-11 08:58:00,488 - UnicodeAnalyzer - INFO - Filtrati 276 file (es. in /dist, /test).
2025-11-11 08:58:00,548 - UnicodeAnalyzer - INFO - Esportando i risultati HUT per 'next' in CSV...
2025-11-11 08:58:10,356 - UnicodeAnalyzer - INFO - Report salvati in: /app/npm_hut_results/next
2025-11-11 08:58:10,370 - NPM_HUT_Analyzer - INFO - Pulizia cartella temporanea 'temp_hut/next'...
2025-11-11 09:01:44,838 - NPM_HUT_Analyzer - INFO - Pulizia completata.
