2025-11-01 01:21:55,264 - NPM_Analyzer - INFO - Fetching metadata for '@ckeditor/ckeditor5-link'...
2025-11-01 01:21:56,078 - NPM_Analyzer - INFO - Found 1242 versions. Starting download into 'temp/@ckeditor_ckeditor5-link'...
2025-11-01 02:06:20,072 - BlankSpaceAnalyzer - INFO - Analyzing 1242 versions for '*.js' in '@ckeditor_ckeditor5-link'.
2025-11-01 02:06:20,073 - BlankSpaceAnalyzer - INFO - -> Analyzing version 0.0.0-internal-20241017.0 (1/1242)...
2025-11-01 02:06:20,169 - BlankSpaceAnalyzer - INFO - -> Analyzing version 0.0.0-internal-20241206.0 (2/1242)...
2025-11-01 02:06:20,267 - BlankSpaceAnalyzer - INFO - -> Analyzing version 0.0.0-nightly-20230629.0 (3/1242)...
2025-11-01 02:06:20,359 - BlankSpaceAnalyzer - INFO - -> Analyzing version 0.0.0-nightly-20230630.0 (4/1242)...
2025-11-01 02:06:20,459 - BlankSpaceAnalyzer - INFO - -> Analyzing version 0.0.0-nightly-20230701.0 (5/1242)...
2025-11-01 02:06:20,551 - BlankSpaceAnalyzer - INFO - -> Analyzing version 0.0.0-nightly-20230702.0 (6/1242)...
2025-11-01 02:06:20,644 - BlankSpaceAnalyzer - INFO - -> Analyzing version 0.0.0-nightly-20230703.0 (7/1242)...
2025-11-01 02:06:20,736 - BlankSpaceAnalyzer - INFO - -> Analyzing version 0.0.0-nightly-20230704.0 (8/1242)...
2025-11-01 02:06:20,836 - BlankSpaceAnalyzer - INFO - -> Analyzing version 0.0.0-nightly-20230705.0 (9/1242)...
2025-11-01 02:06:20,929 - BlankSpaceAnalyzer - INFO - -> Analyzing version 0.0.0-nightly-20230706.0 (10/1242)...
2025-11-01 02:06:21,022 - BlankSpaceAnalyzer - INFO - -> Analyzing version 0.0.0-nightly-20230707.0 (11/1242)...
2025-11-01 02:06:21,120 - BlankSpaceAnalyzer - INFO - -> Analyzing version 0.0.0-nightly-20230708.0 (12/1242)...
2025-11-01 02:06:21,216 - BlankSpaceAnalyzer - INFO - -> Analyzing version 0.0.0-nightly-20230709.0 (13/1242)...
2025-11-01 02:06:21,311 - BlankSpaceAnalyzer - INFO - -> Analyzing version 0.0.0-nightly-20230710.0 (14/1242)...
2025-11-01 02:06:21,405 - BlankSpaceAnalyzer - INFO - -> Analyzing version 0.0.0-nightly-20230710.1 (15/1242)...
2025-11-01 02:06:21,501 - BlankSpaceAnalyzer - INFO - -> Analyzing version 0.0.0-nightly-20230711.0 (16/1242)...
2025-11-01 02:06:21,598 - BlankSpaceAnalyzer - INFO - -> Analyzing version 0.0.0-nightly-20230712.0 (17/1242)...
2025-11-01 02:06:21,695 - BlankSpaceAnalyzer - INFO - -> Analyzing version 0.0.0-nightly-20230713.0 (18/1242)...
2025-11-01 02:06:21,792 - BlankSpaceAnalyzer - INFO - -> Analyzing version 0.0.0-nightly-20230714.0 (19/1242)...
2025-11-01 02:06:21,885 - BlankSpaceAnalyzer - INFO - -> Analyzing version 0.0.0-nightly-20230715.0 (20/1242)...
2025-11-01 02:06:21,979 - BlankSpaceAnalyzer - INFO - -> Analyzing version 0.0.0-nightly-20230716.0 (21/1242)...
2025-11-01 02:06:22,072 - BlankSpaceAnalyzer - INFO - -> Analyzing version 0.0.0-nightly-20230717.0 (22/1242)...
2025-11-01 02:06:22,168 - BlankSpaceAnalyzer - INFO - -> Analyzing version 0.0.0-nightly-20230718.0 (23/1242)...
2025-11-01 02:06:22,261 - BlankSpaceAnalyzer - INFO - -> Analyzing version 0.0.0-nightly-20230719.0 (24/1242)...
2025-11-01 02:06:22,362 - BlankSpaceAnalyzer - INFO - -> Analyzing version 0.0.0-nightly-20230720.0 (25/1242)...
2025-11-01 02:06:22,455 - BlankSpaceAnalyzer - INFO - -> Analyzing version 0.0.0-nightly-20230721.0 (26/1242)...
2025-11-01 02:06:22,555 - BlankSpaceAnalyzer - INFO - -> Analyzing version 0.0.0-nightly-20230722.0 (27/1242)...
2025-11-01 02:06:22,647 - BlankSpaceAnalyzer - INFO - -> Analyzing version 0.0.0-nightly-20230723.0 (28/1242)...
2025-11-01 02:06:22,741 - BlankSpaceAnalyzer - INFO - -> Analyzing version 0.0.0-nightly-20230724.0 (29/1242)...
2025-11-01 02:06:22,841 - BlankSpaceAnalyzer - INFO - -> Analyzing version 0.0.0-nightly-20230725.0 (30/1242)...
2025-11-01 02:06:22,939 - BlankSpaceAnalyzer - INFO - -> Analyzing version 0.0.0-nightly-20230725.1 (31/1242)...
2025-11-01 02:06:23,038 - BlankSpaceAnalyzer - INFO - -> Analyzing version 0.0.0-nightly-20230726.0 (32/1242)...
2025-11-01 02:06:23,131 - BlankSpaceAnalyzer - INFO - -> Analyzing version 0.0.0-nightly-20230727.0 (33/1242)...
2025-11-01 02:06:23,231 - BlankSpaceAnalyzer - INFO - -> Analyzing version 0.0.0-nightly-20230728.0 (34/1242)...
2025-11-01 02:06:23,332 - BlankSpaceAnalyzer - INFO - -> Analyzing version 0.0.0-nightly-20230729.0 (35/1242)...
2025-11-01 02:06:23,432 - BlankSpaceAnalyzer - INFO - -> Analyzing version 0.0.0-nightly-20230730.0 (36/1242)...
2025-11-01 02:06:23,539 - BlankSpaceAnalyzer - INFO - -> Analyzing version 0.0.0-nightly-20230731.0 (37/1242)...
2025-11-01 02:06:23,646 - BlankSpaceAnalyzer - INFO - -> Analyzing version 0.0.0-nightly-20230801.0 (38/1242)...
2025-11-01 02:06:23,746 - BlankSpaceAnalyzer - INFO - -> Analyzing version 0.0.0-nightly-20230802.0 (39/1242)...
2025-11-01 02:06:23,847 - BlankSpaceAnalyzer - INFO - -> Analyzing version 0.0.0-nightly-20230803.0 (40/1242)...
2025-11-01 02:06:23,938 - BlankSpaceAnalyzer - INFO - -> Analyzing version 0.0.0-nightly-20230804.0 (41/1242)...
2025-11-01 02:06:24,031 - BlankSpaceAnalyzer - INFO - -> Analyzing version 0.0.0-nightly-20230805.0 (42/1242)...
2025-11-01 02:06:24,124 - BlankSpaceAnalyzer - INFO - -> Analyzing version 0.0.0-nightly-20230806.0 (43/1242)...
2025-11-01 02:06:24,218 - BlankSpaceAnalyzer - INFO - -> Analyzing version 0.0.0-nightly-20230807.0 (44/1242)...
2025-11-01 02:06:24,311 - BlankSpaceAnalyzer - INFO - -> Analyzing version 0.0.0-nightly-20230808.0 (45/1242)...
2025-11-01 02:06:24,408 - BlankSpaceAnalyzer - INFO - -> Analyzing version 0.0.0-nightly-20230809.0 (46/1242)...
2025-11-01 02:06:24,512 - BlankSpaceAnalyzer - INFO - -> Analyzing version 0.0.0-nightly-20230810.0 (47/1242)...
2025-11-01 02:06:24,607 - BlankSpaceAnalyzer - INFO - -> Analyzing version 0.0.0-nightly-20230811.0 (48/1242)...
2025-11-01 02:06:24,699 - BlankSpaceAnalyzer - INFO - -> Analyzing version 0.0.0-nightly-20230812.0 (49/1242)...
2025-11-01 02:06:24,796 - BlankSpaceAnalyzer - INFO - -> Analyzing version 0.0.0-nightly-20230813.0 (50/1242)...
2025-11-01 02:06:24,894 - BlankSpaceAnalyzer - INFO - -> Analyzing version 0.0.0-nightly-20230814.0 (51/1242)...
2025-11-01 02:06:24,988 - BlankSpaceAnalyzer - INFO - -> Analyzing version 0.0.0-nightly-20230815.0 (52/1242)...
2025-11-01 02:06:25,087 - BlankSpaceAnalyzer - INFO - -> Analyzing version 0.0.0-nightly-20230816.0 (53/1242)...
2025-11-01 02:06:25,183 - BlankSpaceAnalyzer - INFO - -> Analyzing version 0.0.0-nightly-20230817.0 (54/1242)...
2025-11-01 02:06:25,282 - BlankSpaceAnalyzer - INFO - -> Analyzing version 0.0.0-nightly-20230818.0 (55/1242)...
2025-11-01 02:06:25,381 - BlankSpaceAnalyzer - INFO - -> Analyzing version 0.0.0-nightly-20230818.1 (56/1242)...
2025-11-01 02:06:25,476 - BlankSpaceAnalyzer - INFO - -> Analyzing version 0.0.0-nightly-20230819.0 (57/1242)...
2025-11-01 02:06:25,576 - BlankSpaceAnalyzer - INFO - -> Analyzing version 0.0.0-nightly-20230820.0 (58/1242)...
2025-11-01 02:06:25,677 - BlankSpaceAnalyzer - INFO - -> Analyzing version 0.0.0-nightly-20230821.0 (59/1242)...
2025-11-01 02:06:25,777 - BlankSpaceAnalyzer - INFO - -> Analyzing version 0.0.0-nightly-20230821.1 (60/1242)...
2025-11-01 02:06:25,876 - BlankSpaceAnalyzer - INFO - -> Analyzing version 0.0.0-nightly-20230822.0 (61/1242)...
2025-11-01 02:06:25,969 - BlankSpaceAnalyzer - INFO - -> Analyzing version 0.0.0-nightly-20230823.0 (62/1242)...
2025-11-01 02:06:26,062 - BlankSpaceAnalyzer - INFO - -> Analyzing version 0.0.0-nightly-20230824.0 (63/1242)...
2025-11-01 02:06:26,156 - BlankSpaceAnalyzer - INFO - -> Analyzing version 0.0.0-nightly-20230825.0 (64/1242)...
2025-11-01 02:06:26,256 - BlankSpaceAnalyzer - INFO - -> Analyzing version 0.0.0-nightly-20230826.0 (65/1242)...
2025-11-01 02:06:26,351 - BlankSpaceAnalyzer - INFO - -> Analyzing version 0.0.0-nightly-20230827.0 (66/1242)...
2025-11-01 02:06:26,444 - BlankSpaceAnalyzer - INFO - -> Analyzing version 0.0.0-nightly-20230828.0 (67/1242)...
2025-11-01 02:06:26,544 - BlankSpaceAnalyzer - INFO - -> Analyzing version 0.0.0-nightly-20230829.0 (68/1242)...
2025-11-01 02:06:26,637 - BlankSpaceAnalyzer - INFO - -> Analyzing version 0.0.0-nightly-20230830.0 (69/1242)...
2025-11-01 02:06:26,737 - BlankSpaceAnalyzer - INFO - -> Analyzing version 0.0.0-nightly-20230831.0 (70/1242)...
2025-11-01 02:06:26,839 - BlankSpaceAnalyzer - INFO - -> Analyzing version 0.0.0-nightly-20230901.0 (71/1242)...
2025-11-01 02:06:26,938 - BlankSpaceAnalyzer - INFO - -> Analyzing version 0.0.0-nightly-20230902.0 (72/1242)...
2025-11-01 02:06:27,032 - BlankSpaceAnalyzer - INFO - -> Analyzing version 0.0.0-nightly-20230903.0 (73/1242)...
2025-11-01 02:06:27,125 - BlankSpaceAnalyzer - INFO - -> Analyzing version 0.0.0-nightly-20230904.0 (74/1242)...
2025-11-01 02:06:27,218 - BlankSpaceAnalyzer - INFO - -> Analyzing version 0.0.0-nightly-20230905.0 (75/1242)...
2025-11-01 02:06:27,315 - BlankSpaceAnalyzer - INFO - -> Analyzing version 0.0.0-nightly-20230906.0 (76/1242)...
2025-11-01 02:06:27,413 - BlankSpaceAnalyzer - INFO - -> Analyzing version 0.0.0-nightly-20230907.0 (77/1242)...
2025-11-01 02:06:27,509 - BlankSpaceAnalyzer - INFO - -> Analyzing version 0.0.0-nightly-20230908.0 (78/1242)...
2025-11-01 02:06:27,604 - BlankSpaceAnalyzer - INFO - -> Analyzing version 0.0.0-nightly-20230909.0 (79/1242)...
2025-11-01 02:06:27,697 - BlankSpaceAnalyzer - INFO - -> Analyzing version 0.0.0-nightly-20230910.0 (80/1242)...
2025-11-01 02:06:27,799 - BlankSpaceAnalyzer - INFO - -> Analyzing version 0.0.0-nightly-20230911.0 (81/1242)...
2025-11-01 02:06:27,899 - BlankSpaceAnalyzer - INFO - -> Analyzing version 0.0.0-nightly-20230912.0 (82/1242)...
2025-11-01 02:06:28,001 - BlankSpaceAnalyzer - INFO - -> Analyzing version 0.0.0-nightly-20230913.0 (83/1242)...
2025-11-01 02:06:28,100 - BlankSpaceAnalyzer - INFO - -> Analyzing version 0.0.0-nightly-20230914.0 (84/1242)...
2025-11-01 02:06:28,198 - BlankSpaceAnalyzer - INFO - -> Analyzing version 0.0.0-nightly-20230915.0 (85/1242)...
2025-11-01 02:06:28,296 - BlankSpaceAnalyzer - INFO - -> Analyzing version 0.0.0-nightly-20230916.0 (86/1242)...
2025-11-01 02:06:28,392 - BlankSpaceAnalyzer - INFO - -> Analyzing version 0.0.0-nightly-20230917.0 (87/1242)...
2025-11-01 02:06:28,491 - BlankSpaceAnalyzer - INFO - -> Analyzing version 0.0.0-nightly-20230918.0 (88/1242)...
2025-11-01 02:06:28,586 - BlankSpaceAnalyzer - INFO - -> Analyzing version 0.0.0-nightly-20230919.0 (89/1242)...
2025-11-01 02:06:28,681 - BlankSpaceAnalyzer - INFO - -> Analyzing version 0.0.0-nightly-20230920.0 (90/1242)...
2025-11-01 02:06:28,776 - BlankSpaceAnalyzer - INFO - -> Analyzing version 0.0.0-nightly-20230921.0 (91/1242)...
2025-11-01 02:06:28,871 - BlankSpaceAnalyzer - INFO - -> Analyzing version 0.0.0-nightly-20230922.0 (92/1242)...
2025-11-01 02:06:28,971 - BlankSpaceAnalyzer - INFO - -> Analyzing version 0.0.0-nightly-20230923.0 (93/1242)...
2025-11-01 02:06:29,066 - BlankSpaceAnalyzer - INFO - -> Analyzing version 0.0.0-nightly-20230924.0 (94/1242)...
2025-11-01 02:06:29,160 - BlankSpaceAnalyzer - INFO - -> Analyzing version 0.0.0-nightly-20230925.0 (95/1242)...
2025-11-01 02:06:29,261 - BlankSpaceAnalyzer - INFO - -> Analyzing version 0.0.0-nightly-20230926.0 (96/1242)...
2025-11-01 02:06:29,356 - BlankSpaceAnalyzer - INFO - -> Analyzing version 0.0.0-nightly-20230927.0 (97/1242)...
2025-11-01 02:06:29,456 - BlankSpaceAnalyzer - INFO - -> Analyzing version 0.0.0-nightly-20230928.0 (98/1242)...
2025-11-01 02:06:29,557 - BlankSpaceAnalyzer - INFO - -> Analyzing version 0.0.0-nightly-20230929.0 (99/1242)...
2025-11-01 02:06:29,651 - BlankSpaceAnalyzer - INFO - -> Analyzing version 0.0.0-nightly-20230930.0 (100/1242)...
2025-11-01 02:06:29,753 - BlankSpaceAnalyzer - INFO - -> Analyzing version 0.0.0-nightly-20231001.0 (101/1242)...
2025-11-01 02:06:29,848 - BlankSpaceAnalyzer - INFO - -> Analyzing version 0.0.0-nightly-20231002.0 (102/1242)...
2025-11-01 02:06:29,943 - BlankSpaceAnalyzer - INFO - -> Analyzing version 0.0.0-nightly-20231003.0 (103/1242)...
2025-11-01 02:06:30,037 - BlankSpaceAnalyzer - INFO - -> Analyzing version 0.0.0-nightly-20231004.0 (104/1242)...
2025-11-01 02:06:30,133 - BlankSpaceAnalyzer - INFO - -> Analyzing version 0.0.0-nightly-20231005.0 (105/1242)...
2025-11-01 02:06:30,228 - BlankSpaceAnalyzer - INFO - -> Analyzing version 0.0.0-nightly-20231006.0 (106/1242)...
2025-11-01 02:06:30,327 - BlankSpaceAnalyzer - INFO - -> Analyzing version 0.0.0-nightly-20231007.0 (107/1242)...
2025-11-01 02:06:30,422 - BlankSpaceAnalyzer - INFO - -> Analyzing version 0.0.0-nightly-20231008.0 (108/1242)...
2025-11-01 02:06:30,517 - BlankSpaceAnalyzer - INFO - -> Analyzing version 0.0.0-nightly-20231009.0 (109/1242)...
2025-11-01 02:06:30,612 - BlankSpaceAnalyzer - INFO - -> Analyzing version 0.0.0-nightly-20231010.0 (110/1242)...
2025-11-01 02:06:30,706 - BlankSpaceAnalyzer - INFO - -> Analyzing version 0.0.0-nightly-20231011.0 (111/1242)...
2025-11-01 02:06:30,801 - BlankSpaceAnalyzer - INFO - -> Analyzing version 0.0.0-nightly-20231012.0 (112/1242)...
2025-11-01 02:06:30,896 - BlankSpaceAnalyzer - INFO - -> Analyzing version 0.0.0-nightly-20231013.0 (113/1242)...
2025-11-01 02:06:30,990 - BlankSpaceAnalyzer - INFO - -> Analyzing version 0.0.0-nightly-20231014.0 (114/1242)...
2025-11-01 02:06:31,089 - BlankSpaceAnalyzer - INFO - -> Analyzing version 0.0.0-nightly-20231015.0 (115/1242)...
2025-11-01 02:06:31,190 - BlankSpaceAnalyzer - INFO - -> Analyzing version 0.0.0-nightly-20231016.0 (116/1242)...
2025-11-01 02:06:31,283 - BlankSpaceAnalyzer - INFO - -> Analyzing version 0.0.0-nightly-20231017.0 (117/1242)...
2025-11-01 02:06:31,378 - BlankSpaceAnalyzer - INFO - -> Analyzing version 0.0.0-nightly-20231018.0 (118/1242)...
2025-11-01 02:06:31,477 - BlankSpaceAnalyzer - INFO - -> Analyzing version 0.0.0-nightly-20231019.0 (119/1242)...
2025-11-01 02:06:31,572 - BlankSpaceAnalyzer - INFO - -> Analyzing version 0.0.0-nightly-20231020.0 (120/1242)...
2025-11-01 02:06:31,672 - BlankSpaceAnalyzer - INFO - -> Analyzing version 0.0.0-nightly-20231021.0 (121/1242)...
2025-11-01 02:06:31,765 - BlankSpaceAnalyzer - INFO - -> Analyzing version 0.0.0-nightly-20231022.0 (122/1242)...
2025-11-01 02:06:31,866 - BlankSpaceAnalyzer - INFO - -> Analyzing version 0.0.0-nightly-20231023.0 (123/1242)...
2025-11-01 02:06:31,960 - BlankSpaceAnalyzer - INFO - -> Analyzing version 0.0.0-nightly-20231024.0 (124/1242)...
2025-11-01 02:06:32,054 - BlankSpaceAnalyzer - INFO - -> Analyzing version 0.0.0-nightly-20231025.0 (125/1242)...
2025-11-01 02:06:32,148 - BlankSpaceAnalyzer - INFO - -> Analyzing version 0.0.0-nightly-20231026.0 (126/1242)...
2025-11-01 02:06:32,243 - BlankSpaceAnalyzer - INFO - -> Analyzing version 0.0.0-nightly-20231027.0 (127/1242)...
2025-11-01 02:06:32,337 - BlankSpaceAnalyzer - INFO - -> Analyzing version 0.0.0-nightly-20231028.0 (128/1242)...
2025-11-01 02:06:32,437 - BlankSpaceAnalyzer - INFO - -> Analyzing version 0.0.0-nightly-20231029.0 (129/1242)...
2025-11-01 02:06:32,532 - BlankSpaceAnalyzer - INFO - -> Analyzing version 0.0.0-nightly-20231030.0 (130/1242)...
2025-11-01 02:06:32,626 - BlankSpaceAnalyzer - INFO - -> Analyzing version 0.0.0-nightly-20231031.0 (131/1242)...
2025-11-01 02:06:32,727 - BlankSpaceAnalyzer - INFO - -> Analyzing version 0.0.0-nightly-20231101.0 (132/1242)...
2025-11-01 02:06:32,822 - BlankSpaceAnalyzer - INFO - -> Analyzing version 0.0.0-nightly-20231102.0 (133/1242)...
2025-11-01 02:06:32,915 - BlankSpaceAnalyzer - INFO - -> Analyzing version 0.0.0-nightly-20231103.0 (134/1242)...
2025-11-01 02:06:33,009 - BlankSpaceAnalyzer - INFO - -> Analyzing version 0.0.0-nightly-20231104.0 (135/1242)...
2025-11-01 02:06:33,107 - BlankSpaceAnalyzer - INFO - -> Analyzing version 0.0.0-nightly-20231105.0 (136/1242)...
2025-11-01 02:06:33,205 - BlankSpaceAnalyzer - INFO - -> Analyzing version 0.0.0-nightly-20231106.0 (137/1242)...
2025-11-01 02:06:33,299 - BlankSpaceAnalyzer - INFO - -> Analyzing version 0.0.0-nightly-20231107.0 (138/1242)...
2025-11-01 02:06:33,392 - BlankSpaceAnalyzer - INFO - -> Analyzing version 0.0.0-nightly-20231108.0 (139/1242)...
2025-11-01 02:06:33,493 - BlankSpaceAnalyzer - INFO - -> Analyzing version 0.0.0-nightly-20231109.0 (140/1242)...
2025-11-01 02:06:33,592 - BlankSpaceAnalyzer - INFO - -> Analyzing version 0.0.0-nightly-20231110.0 (141/1242)...
2025-11-01 02:06:33,696 - BlankSpaceAnalyzer - INFO - -> Analyzing version 0.0.0-nightly-20231111.0 (142/1242)...
2025-11-01 02:06:33,793 - BlankSpaceAnalyzer - INFO - -> Analyzing version 0.0.0-nightly-20231112.0 (143/1242)...
2025-11-01 02:06:33,887 - BlankSpaceAnalyzer - INFO - -> Analyzing version 0.0.0-nightly-20231113.0 (144/1242)...
2025-11-01 02:06:33,982 - BlankSpaceAnalyzer - INFO - -> Analyzing version 0.0.0-nightly-20231114.0 (145/1242)...
2025-11-01 02:06:34,081 - BlankSpaceAnalyzer - INFO - -> Analyzing version 0.0.0-nightly-20231115.0 (146/1242)...
2025-11-01 02:06:34,175 - BlankSpaceAnalyzer - INFO - -> Analyzing version 0.0.0-nightly-20231116.0 (147/1242)...
2025-11-01 02:06:34,268 - BlankSpaceAnalyzer - INFO - -> Analyzing version 0.0.0-nightly-20231117.0 (148/1242)...
2025-11-01 02:06:34,363 - BlankSpaceAnalyzer - INFO - -> Analyzing version 0.0.0-nightly-20231118.0 (149/1242)...
2025-11-01 02:06:34,457 - BlankSpaceAnalyzer - INFO - -> Analyzing version 0.0.0-nightly-20231119.0 (150/1242)...
2025-11-01 02:06:34,560 - BlankSpaceAnalyzer - INFO - -> Analyzing version 0.0.0-nightly-20231120.0 (151/1242)...
2025-11-01 02:06:34,653 - BlankSpaceAnalyzer - INFO - -> Analyzing version 0.0.0-nightly-20231121.0 (152/1242)...
2025-11-01 02:06:34,755 - BlankSpaceAnalyzer - INFO - -> Analyzing version 0.0.0-nightly-20231122.0 (153/1242)...
2025-11-01 02:06:34,859 - BlankSpaceAnalyzer - INFO - -> Analyzing version 0.0.0-nightly-20231123.0 (154/1242)...
2025-11-01 02:06:34,952 - BlankSpaceAnalyzer - INFO - -> Analyzing version 0.0.0-nightly-20231124.0 (155/1242)...
2025-11-01 02:06:35,044 - BlankSpaceAnalyzer - INFO - -> Analyzing version 0.0.0-nightly-20231125.0 (156/1242)...
2025-11-01 02:06:35,146 - BlankSpaceAnalyzer - INFO - -> Analyzing version 0.0.0-nightly-20231126.0 (157/1242)...
2025-11-01 02:06:35,238 - BlankSpaceAnalyzer - INFO - -> Analyzing version 0.0.0-nightly-20231127.0 (158/1242)...
2025-11-01 02:06:35,337 - BlankSpaceAnalyzer - INFO - -> Analyzing version 0.0.0-nightly-20231128.0 (159/1242)...
2025-11-01 02:06:35,437 - BlankSpaceAnalyzer - INFO - -> Analyzing version 0.0.0-nightly-20231129.0 (160/1242)...
2025-11-01 02:06:35,532 - BlankSpaceAnalyzer - INFO - -> Analyzing version 0.0.0-nightly-20231130.0 (161/1242)...
2025-11-01 02:06:35,631 - BlankSpaceAnalyzer - INFO - -> Analyzing version 0.0.0-nightly-20231201.0 (162/1242)...
2025-11-01 02:06:35,733 - BlankSpaceAnalyzer - INFO - -> Analyzing version 0.0.0-nightly-20231202.0 (163/1242)...
2025-11-01 02:06:35,836 - BlankSpaceAnalyzer - INFO - -> Analyzing version 0.0.0-nightly-20231203.0 (164/1242)...
2025-11-01 02:06:35,935 - BlankSpaceAnalyzer - INFO - -> Analyzing version 0.0.0-nightly-20231204.0 (165/1242)...
2025-11-01 02:06:36,028 - BlankSpaceAnalyzer - INFO - -> Analyzing version 0.0.0-nightly-20231205.0 (166/1242)...
2025-11-01 02:06:36,121 - BlankSpaceAnalyzer - INFO - -> Analyzing version 0.0.0-nightly-20231206.0 (167/1242)...
2025-11-01 02:06:36,214 - BlankSpaceAnalyzer - INFO - -> Analyzing version 0.0.0-nightly-20231207.0 (168/1242)...
2025-11-01 02:06:36,308 - BlankSpaceAnalyzer - INFO - -> Analyzing version 0.0.0-nightly-20231208.0 (169/1242)...
2025-11-01 02:06:36,405 - BlankSpaceAnalyzer - INFO - -> Analyzing version 0.0.0-nightly-20231209.0 (170/1242)...
2025-11-01 02:06:36,505 - BlankSpaceAnalyzer - INFO - -> Analyzing version 0.0.0-nightly-20231210.0 (171/1242)...
2025-11-01 02:06:36,603 - BlankSpaceAnalyzer - INFO - -> Analyzing version 0.0.0-nightly-20231211.0 (172/1242)...
2025-11-01 02:06:36,696 - BlankSpaceAnalyzer - INFO - -> Analyzing version 0.0.0-nightly-20231212.0 (173/1242)...
2025-11-01 02:06:36,791 - BlankSpaceAnalyzer - INFO - -> Analyzing version 0.0.0-nightly-20231213.0 (174/1242)...
2025-11-01 02:06:36,889 - BlankSpaceAnalyzer - INFO - -> Analyzing version 0.0.0-nightly-20231214.0 (175/1242)...
2025-11-01 02:06:36,983 - BlankSpaceAnalyzer - INFO - -> Analyzing version 0.0.0-nightly-20231215.0 (176/1242)...
2025-11-01 02:06:37,078 - BlankSpaceAnalyzer - INFO - -> Analyzing version 0.0.0-nightly-20231216.0 (177/1242)...
2025-11-01 02:06:37,176 - BlankSpaceAnalyzer - INFO - -> Analyzing version 0.0.0-nightly-20231217.0 (178/1242)...
2025-11-01 02:06:37,269 - BlankSpaceAnalyzer - INFO - -> Analyzing version 0.0.0-nightly-20231218.0 (179/1242)...
2025-11-01 02:06:37,362 - BlankSpaceAnalyzer - INFO - -> Analyzing version 0.0.0-nightly-20231219.0 (180/1242)...
2025-11-01 02:06:37,460 - BlankSpaceAnalyzer - INFO - -> Analyzing version 0.0.0-nightly-20231220.0 (181/1242)...
2025-11-01 02:06:37,559 - BlankSpaceAnalyzer - INFO - -> Analyzing version 0.0.0-nightly-20231221.0 (182/1242)...
2025-11-01 02:06:37,652 - BlankSpaceAnalyzer - INFO - -> Analyzing version 0.0.0-nightly-20231222.0 (183/1242)...
2025-11-01 02:06:37,744 - BlankSpaceAnalyzer - INFO - -> Analyzing version 0.0.0-nightly-20231223.0 (184/1242)...
2025-11-01 02:06:37,846 - BlankSpaceAnalyzer - INFO - -> Analyzing version 0.0.0-nightly-20231224.0 (185/1242)...
2025-11-01 02:06:37,938 - BlankSpaceAnalyzer - INFO - -> Analyzing version 0.0.0-nightly-20231225.0 (186/1242)...
2025-11-01 02:06:38,038 - BlankSpaceAnalyzer - INFO - -> Analyzing version 0.0.0-nightly-20231226.0 (187/1242)...
2025-11-01 02:06:38,131 - BlankSpaceAnalyzer - INFO - -> Analyzing version 0.0.0-nightly-20231227.0 (188/1242)...
2025-11-01 02:06:38,224 - BlankSpaceAnalyzer - INFO - -> Analyzing version 0.0.0-nightly-20231228.0 (189/1242)...
2025-11-01 02:06:38,315 - BlankSpaceAnalyzer - INFO - -> Analyzing version 0.0.0-nightly-20231229.0 (190/1242)...
2025-11-01 02:06:38,407 - BlankSpaceAnalyzer - INFO - -> Analyzing version 0.0.0-nightly-20231230.0 (191/1242)...
2025-11-01 02:06:38,500 - BlankSpaceAnalyzer - INFO - -> Analyzing version 0.0.0-nightly-20231231.0 (192/1242)...
2025-11-01 02:06:38,593 - BlankSpaceAnalyzer - INFO - -> Analyzing version 0.0.0-nightly-20240101.0 (193/1242)...
2025-11-01 02:06:38,686 - BlankSpaceAnalyzer - INFO - -> Analyzing version 0.0.0-nightly-20240102.0 (194/1242)...
2025-11-01 02:06:38,781 - BlankSpaceAnalyzer - INFO - -> Analyzing version 0.0.0-nightly-20240103.0 (195/1242)...
2025-11-01 02:06:38,873 - BlankSpaceAnalyzer - INFO - -> Analyzing version 0.0.0-nightly-20240104.0 (196/1242)...
2025-11-01 02:06:38,972 - BlankSpaceAnalyzer - INFO - -> Analyzing version 0.0.0-nightly-20240105.0 (197/1242)...
2025-11-01 02:06:39,065 - BlankSpaceAnalyzer - INFO - -> Analyzing version 0.0.0-nightly-20240106.0 (198/1242)...
2025-11-01 02:06:39,157 - BlankSpaceAnalyzer - INFO - -> Analyzing version 0.0.0-nightly-20240107.0 (199/1242)...
2025-11-01 02:06:39,257 - BlankSpaceAnalyzer - INFO - -> Analyzing version 0.0.0-nightly-20240108.0 (200/1242)...
2025-11-01 02:06:39,350 - BlankSpaceAnalyzer - INFO - -> Analyzing version 0.0.0-nightly-20240109.0 (201/1242)...
2025-11-01 02:06:39,451 - BlankSpaceAnalyzer - INFO - -> Analyzing version 0.0.0-nightly-20240110.0 (202/1242)...
2025-11-01 02:06:39,551 - BlankSpaceAnalyzer - INFO - -> Analyzing version 0.0.0-nightly-20240111.0 (203/1242)...
2025-11-01 02:06:39,652 - BlankSpaceAnalyzer - INFO - -> Analyzing version 0.0.0-nightly-20240112.0 (204/1242)...
2025-11-01 02:06:39,743 - BlankSpaceAnalyzer - INFO - -> Analyzing version 0.0.0-nightly-20240113.0 (205/1242)...
2025-11-01 02:06:39,836 - BlankSpaceAnalyzer - INFO - -> Analyzing version 0.0.0-nightly-20240114.0 (206/1242)...
2025-11-01 02:06:39,934 - BlankSpaceAnalyzer - INFO - -> Analyzing version 0.0.0-nightly-20240115.0 (207/1242)...
2025-11-01 02:06:40,034 - BlankSpaceAnalyzer - INFO - -> Analyzing version 0.0.0-nightly-20240116.0 (208/1242)...
2025-11-01 02:06:40,135 - BlankSpaceAnalyzer - INFO - -> Analyzing version 0.0.0-nightly-20240117.0 (209/1242)...
2025-11-01 02:06:40,237 - BlankSpaceAnalyzer - INFO - -> Analyzing version 0.0.0-nightly-20240118.0 (210/1242)...
2025-11-01 02:06:40,330 - BlankSpaceAnalyzer - INFO - -> Analyzing version 0.0.0-nightly-20240119.0 (211/1242)...
2025-11-01 02:06:40,424 - BlankSpaceAnalyzer - INFO - -> Analyzing version 0.0.0-nightly-20240120.0 (212/1242)...
2025-11-01 02:06:40,523 - BlankSpaceAnalyzer - INFO - -> Analyzing version 0.0.0-nightly-20240121.0 (213/1242)...
2025-11-01 02:06:40,618 - BlankSpaceAnalyzer - INFO - -> Analyzing version 0.0.0-nightly-20240122.0 (214/1242)...
2025-11-01 02:06:40,719 - BlankSpaceAnalyzer - INFO - -> Analyzing version 0.0.0-nightly-20240123.0 (215/1242)...
2025-11-01 02:06:40,818 - BlankSpaceAnalyzer - INFO - -> Analyzing version 0.0.0-nightly-20240124.0 (216/1242)...
2025-11-01 02:06:40,920 - BlankSpaceAnalyzer - INFO - -> Analyzing version 0.0.0-nightly-20240125.0 (217/1242)...
2025-11-01 02:06:41,023 - BlankSpaceAnalyzer - INFO - -> Analyzing version 0.0.0-nightly-20240126.0 (218/1242)...
2025-11-01 02:06:41,119 - BlankSpaceAnalyzer - INFO - -> Analyzing version 0.0.0-nightly-20240127.0 (219/1242)...
2025-11-01 02:06:41,216 - BlankSpaceAnalyzer - INFO - -> Analyzing version 0.0.0-nightly-20240128.0 (220/1242)...
2025-11-01 02:06:41,311 - BlankSpaceAnalyzer - INFO - -> Analyzing version 0.0.0-nightly-20240129.0 (221/1242)...
2025-11-01 02:06:41,408 - BlankSpaceAnalyzer - INFO - -> Analyzing version 0.0.0-nightly-20240130.0 (222/1242)...
2025-11-01 02:06:41,503 - BlankSpaceAnalyzer - INFO - -> Analyzing version 0.0.0-nightly-20240131.0 (223/1242)...
2025-11-01 02:06:41,596 - BlankSpaceAnalyzer - INFO - -> Analyzing version 0.0.0-nightly-20240201.0 (224/1242)...
2025-11-01 02:06:41,692 - BlankSpaceAnalyzer - INFO - -> Analyzing version 0.0.0-nightly-20240202.0 (225/1242)...
2025-11-01 02:06:41,792 - BlankSpaceAnalyzer - INFO - -> Analyzing version 0.0.0-nightly-20240203.0 (226/1242)...
2025-11-01 02:06:41,891 - BlankSpaceAnalyzer - INFO - -> Analyzing version 0.0.0-nightly-20240204.0 (227/1242)...
2025-11-01 02:06:41,992 - BlankSpaceAnalyzer - INFO - -> Analyzing version 0.0.0-nightly-20240205.0 (228/1242)...
2025-11-01 02:06:42,092 - BlankSpaceAnalyzer - INFO - -> Analyzing version 0.0.0-nightly-20240206.0 (229/1242)...
2025-11-01 02:06:42,193 - BlankSpaceAnalyzer - INFO - -> Analyzing version 0.0.0-nightly-20240207.0 (230/1242)...
2025-11-01 02:06:42,293 - BlankSpaceAnalyzer - INFO - -> Analyzing version 0.0.0-nightly-20240208.0 (231/1242)...
2025-11-01 02:06:42,390 - BlankSpaceAnalyzer - INFO - -> Analyzing version 0.0.0-nightly-20240208.1 (232/1242)...
2025-11-01 02:06:42,487 - BlankSpaceAnalyzer - INFO - -> Analyzing version 0.0.0-nightly-20240209.0 (233/1242)...
2025-11-01 02:06:42,583 - BlankSpaceAnalyzer - INFO - -> Analyzing version 0.0.0-nightly-20240210.0 (234/1242)...
2025-11-01 02:06:42,681 - BlankSpaceAnalyzer - INFO - -> Analyzing version 0.0.0-nightly-20240211.0 (235/1242)...
2025-11-01 02:06:42,775 - BlankSpaceAnalyzer - INFO - -> Analyzing version 0.0.0-nightly-20240212.0 (236/1242)...
2025-11-01 02:06:42,868 - BlankSpaceAnalyzer - INFO - -> Analyzing version 0.0.0-nightly-20240213.0 (237/1242)...
2025-11-01 02:06:42,969 - BlankSpaceAnalyzer - INFO - -> Analyzing version 0.0.0-nightly-20240214.0 (238/1242)...
2025-11-01 02:06:43,070 - BlankSpaceAnalyzer - INFO - -> Analyzing version 0.0.0-nightly-20240215.0 (239/1242)...
2025-11-01 02:06:43,164 - BlankSpaceAnalyzer - INFO - -> Analyzing version 0.0.0-nightly-20240216.0 (240/1242)...
2025-11-01 02:06:43,258 - BlankSpaceAnalyzer - INFO - -> Analyzing version 0.0.0-nightly-20240217.0 (241/1242)...
2025-11-01 02:06:43,359 - BlankSpaceAnalyzer - INFO - -> Analyzing version 0.0.0-nightly-20240218.0 (242/1242)...
2025-11-01 02:06:43,451 - BlankSpaceAnalyzer - INFO - -> Analyzing version 0.0.0-nightly-20240219.0 (243/1242)...
2025-11-01 02:06:43,544 - BlankSpaceAnalyzer - INFO - -> Analyzing version 0.0.0-nightly-20240220.0 (244/1242)...
2025-11-01 02:06:43,636 - BlankSpaceAnalyzer - INFO - -> Analyzing version 0.0.0-nightly-20240221.0 (245/1242)...
2025-11-01 02:06:43,736 - BlankSpaceAnalyzer - INFO - -> Analyzing version 0.0.0-nightly-20240222.0 (246/1242)...
2025-11-01 02:06:43,829 - BlankSpaceAnalyzer - INFO - -> Analyzing version 0.0.0-nightly-20240223.0 (247/1242)...
2025-11-01 02:06:43,921 - BlankSpaceAnalyzer - INFO - -> Analyzing version 0.0.0-nightly-20240224.0 (248/1242)...
2025-11-01 02:06:44,016 - BlankSpaceAnalyzer - INFO - -> Analyzing version 0.0.0-nightly-20240225.0 (249/1242)...
2025-11-01 02:06:44,114 - BlankSpaceAnalyzer - INFO - -> Analyzing version 0.0.0-nightly-20240226.0 (250/1242)...
2025-11-01 02:06:44,215 - BlankSpaceAnalyzer - INFO - -> Analyzing version 0.0.0-nightly-20240227.0 (251/1242)...
2025-11-01 02:06:44,316 - BlankSpaceAnalyzer - INFO - -> Analyzing version 0.0.0-nightly-20240228.0 (252/1242)...
2025-11-01 02:06:44,417 - BlankSpaceAnalyzer - INFO - -> Analyzing version 0.0.0-nightly-20240229.0 (253/1242)...
2025-11-01 02:06:44,523 - BlankSpaceAnalyzer - INFO - -> Analyzing version 0.0.0-nightly-20240301.0 (254/1242)...
2025-11-01 02:06:44,617 - BlankSpaceAnalyzer - INFO - -> Analyzing version 0.0.0-nightly-20240302.0 (255/1242)...
2025-11-01 02:06:44,715 - BlankSpaceAnalyzer - INFO - -> Analyzing version 0.0.0-nightly-20240303.0 (256/1242)...
2025-11-01 02:06:44,811 - BlankSpaceAnalyzer - INFO - -> Analyzing version 0.0.0-nightly-20240304.0 (257/1242)...
2025-11-01 02:06:44,903 - BlankSpaceAnalyzer - INFO - -> Analyzing version 0.0.0-nightly-20240305.0 (258/1242)...
2025-11-01 02:06:45,000 - BlankSpaceAnalyzer - INFO - -> Analyzing version 0.0.0-nightly-20240306.0 (259/1242)...
2025-11-01 02:06:45,099 - BlankSpaceAnalyzer - INFO - -> Analyzing version 0.0.0-nightly-20240307.0 (260/1242)...
2025-11-01 02:06:45,206 - BlankSpaceAnalyzer - INFO - -> Analyzing version 0.0.0-nightly-20240308.0 (261/1242)...
2025-11-01 02:06:45,304 - BlankSpaceAnalyzer - INFO - -> Analyzing version 0.0.0-nightly-20240309.0 (262/1242)...
2025-11-01 02:06:45,402 - BlankSpaceAnalyzer - INFO - -> Analyzing version 0.0.0-nightly-20240310.0 (263/1242)...
2025-11-01 02:06:45,499 - BlankSpaceAnalyzer - INFO - -> Analyzing version 0.0.0-nightly-20240311.0 (264/1242)...
2025-11-01 02:06:45,595 - BlankSpaceAnalyzer - INFO - -> Analyzing version 0.0.0-nightly-20240312.0 (265/1242)...
2025-11-01 02:06:45,690 - BlankSpaceAnalyzer - INFO - -> Analyzing version 0.0.0-nightly-20240313.0 (266/1242)...
2025-11-01 02:06:45,791 - BlankSpaceAnalyzer - INFO - -> Analyzing version 0.0.0-nightly-20240314.0 (267/1242)...
2025-11-01 02:06:45,888 - BlankSpaceAnalyzer - INFO - -> Analyzing version 0.0.0-nightly-20240315.0 (268/1242)...
2025-11-01 02:06:45,982 - BlankSpaceAnalyzer - INFO - -> Analyzing version 0.0.0-nightly-20240316.0 (269/1242)...
2025-11-01 02:06:46,079 - BlankSpaceAnalyzer - INFO - -> Analyzing version 0.0.0-nightly-20240317.0 (270/1242)...
2025-11-01 02:06:46,177 - BlankSpaceAnalyzer - INFO - -> Analyzing version 0.0.0-nightly-20240318.0 (271/1242)...
2025-11-01 02:06:46,270 - BlankSpaceAnalyzer - INFO - -> Analyzing version 0.0.0-nightly-20240319.0 (272/1242)...
2025-11-01 02:06:46,363 - BlankSpaceAnalyzer - INFO - -> Analyzing version 0.0.0-nightly-20240319.1 (273/1242)...
2025-11-01 02:06:46,463 - BlankSpaceAnalyzer - INFO - -> Analyzing version 0.0.0-nightly-20240320.0 (274/1242)...
2025-11-01 02:06:46,555 - BlankSpaceAnalyzer - INFO - -> Analyzing version 0.0.0-nightly-20240321.0 (275/1242)...
2025-11-01 02:06:46,660 - BlankSpaceAnalyzer - INFO - -> Analyzing version 0.0.0-nightly-20240322.0 (276/1242)...
2025-11-01 02:06:46,752 - BlankSpaceAnalyzer - INFO - -> Analyzing version 0.0.0-nightly-20240323.0 (277/1242)...
2025-11-01 02:06:46,844 - BlankSpaceAnalyzer - INFO - -> Analyzing version 0.0.0-nightly-20240324.0 (278/1242)...
2025-11-01 02:06:46,937 - BlankSpaceAnalyzer - INFO - -> Analyzing version 0.0.0-nightly-20240325.0 (279/1242)...
2025-11-01 02:06:47,037 - BlankSpaceAnalyzer - INFO - -> Analyzing version 0.0.0-nightly-20240326.0 (280/1242)...
2025-11-01 02:06:47,137 - BlankSpaceAnalyzer - INFO - -> Analyzing version 0.0.0-nightly-20240327.0 (281/1242)...
2025-11-01 02:06:47,230 - BlankSpaceAnalyzer - INFO - -> Analyzing version 0.0.0-nightly-20240328.0 (282/1242)...
2025-11-01 02:06:47,322 - BlankSpaceAnalyzer - INFO - -> Analyzing version 0.0.0-nightly-20240328.1 (283/1242)...
2025-11-01 02:06:47,415 - BlankSpaceAnalyzer - INFO - -> Analyzing version 0.0.0-nightly-20240328.2 (284/1242)...
2025-11-01 02:06:47,508 - BlankSpaceAnalyzer - INFO - -> Analyzing version 0.0.0-nightly-20240329.0 (285/1242)...
2025-11-01 02:06:47,605 - BlankSpaceAnalyzer - INFO - -> Analyzing version 0.0.0-nightly-20240330.0 (286/1242)...
2025-11-01 02:06:47,706 - BlankSpaceAnalyzer - INFO - -> Analyzing version 0.0.0-nightly-20240331.0 (287/1242)...
2025-11-01 02:06:47,802 - BlankSpaceAnalyzer - INFO - -> Analyzing version 0.0.0-nightly-20240401.0 (288/1242)...
2025-11-01 02:06:47,895 - BlankSpaceAnalyzer - INFO - -> Analyzing version 0.0.0-nightly-20240402.0 (289/1242)...
2025-11-01 02:06:47,987 - BlankSpaceAnalyzer - INFO - -> Analyzing version 0.0.0-nightly-20240403.0 (290/1242)...
2025-11-01 02:06:48,087 - BlankSpaceAnalyzer - INFO - -> Analyzing version 0.0.0-nightly-20240403.1 (291/1242)...
2025-11-01 02:06:48,184 - BlankSpaceAnalyzer - INFO - -> Analyzing version 0.0.0-nightly-20240404.0 (292/1242)...
2025-11-01 02:06:48,281 - BlankSpaceAnalyzer - INFO - -> Analyzing version 0.0.0-nightly-20240405.0 (293/1242)...
2025-11-01 02:06:48,380 - BlankSpaceAnalyzer - INFO - -> Analyzing version 0.0.0-nightly-20240406.0 (294/1242)...
2025-11-01 02:06:48,472 - BlankSpaceAnalyzer - INFO - -> Analyzing version 0.0.0-nightly-20240407.0 (295/1242)...
2025-11-01 02:06:48,565 - BlankSpaceAnalyzer - INFO - -> Analyzing version 0.0.0-nightly-20240408.0 (296/1242)...
2025-11-01 02:06:48,665 - BlankSpaceAnalyzer - INFO - -> Analyzing version 0.0.0-nightly-20240409.0 (297/1242)...
2025-11-01 02:06:48,758 - BlankSpaceAnalyzer - INFO - -> Analyzing version 0.0.0-nightly-20240410.0 (298/1242)...
2025-11-01 02:06:48,859 - BlankSpaceAnalyzer - INFO - -> Analyzing version 0.0.0-nightly-20240411.0 (299/1242)...
2025-11-01 02:06:48,952 - BlankSpaceAnalyzer - INFO - -> Analyzing version 0.0.0-nightly-20240412.0 (300/1242)...
2025-11-01 02:06:49,054 - BlankSpaceAnalyzer - INFO - -> Analyzing version 0.0.0-nightly-20240413.0 (301/1242)...
2025-11-01 02:06:49,147 - BlankSpaceAnalyzer - INFO - -> Analyzing version 0.0.0-nightly-20240414.0 (302/1242)...
2025-11-01 02:06:49,239 - BlankSpaceAnalyzer - INFO - -> Analyzing version 0.0.0-nightly-20240415.0 (303/1242)...
2025-11-01 02:06:49,338 - BlankSpaceAnalyzer - INFO - -> Analyzing version 0.0.0-nightly-20240416.0 (304/1242)...
2025-11-01 02:06:49,434 - BlankSpaceAnalyzer - INFO - -> Analyzing version 0.0.0-nightly-20240417.0 (305/1242)...
2025-11-01 02:06:49,532 - BlankSpaceAnalyzer - INFO - -> Analyzing version 0.0.0-nightly-20240418.0 (306/1242)...
2025-11-01 02:06:49,625 - BlankSpaceAnalyzer - INFO - -> Analyzing version 0.0.0-nightly-20240419.0 (307/1242)...
2025-11-01 02:06:49,717 - BlankSpaceAnalyzer - INFO - -> Analyzing version 0.0.0-nightly-20240420.0 (308/1242)...
2025-11-01 02:06:49,811 - BlankSpaceAnalyzer - INFO - -> Analyzing version 0.0.0-nightly-20240421.0 (309/1242)...
2025-11-01 02:06:49,902 - BlankSpaceAnalyzer - INFO - -> Analyzing version 0.0.0-nightly-20240422.0 (310/1242)...
2025-11-01 02:06:49,994 - BlankSpaceAnalyzer - INFO - -> Analyzing version 0.0.0-nightly-20240423.0 (311/1242)...
2025-11-01 02:06:50,089 - BlankSpaceAnalyzer - INFO - -> Analyzing version 0.0.0-nightly-20240424.0 (312/1242)...
2025-11-01 02:06:50,192 - BlankSpaceAnalyzer - INFO - -> Analyzing version 0.0.0-nightly-20240425.0 (313/1242)...
2025-11-01 02:06:50,293 - BlankSpaceAnalyzer - INFO - -> Analyzing version 0.0.0-nightly-20240426.0 (314/1242)...
2025-11-01 02:06:50,391 - BlankSpaceAnalyzer - INFO - -> Analyzing version 0.0.0-nightly-20240427.0 (315/1242)...
2025-11-01 02:06:50,485 - BlankSpaceAnalyzer - INFO - -> Analyzing version 0.0.0-nightly-20240428.0 (316/1242)...
2025-11-01 02:06:50,579 - BlankSpaceAnalyzer - INFO - -> Analyzing version 0.0.0-nightly-20240429.0 (317/1242)...
2025-11-01 02:06:50,676 - BlankSpaceAnalyzer - INFO - -> Analyzing version 0.0.0-nightly-20240430.0 (318/1242)...
2025-11-01 02:06:50,779 - BlankSpaceAnalyzer - INFO - -> Analyzing version 0.0.0-nightly-20240501.0 (319/1242)...
2025-11-01 02:06:50,875 - BlankSpaceAnalyzer - INFO - -> Analyzing version 0.0.0-nightly-20240502.0 (320/1242)...
2025-11-01 02:06:50,972 - BlankSpaceAnalyzer - INFO - -> Analyzing version 0.0.0-nightly-20240503.0 (321/1242)...
2025-11-01 02:06:51,074 - BlankSpaceAnalyzer - INFO - -> Analyzing version 0.0.0-nightly-20240504.0 (322/1242)...
2025-11-01 02:06:51,169 - BlankSpaceAnalyzer - INFO - -> Analyzing version 0.0.0-nightly-20240505.0 (323/1242)...
2025-11-01 02:06:51,272 - BlankSpaceAnalyzer - INFO - -> Analyzing version 0.0.0-nightly-20240506.0 (324/1242)...
2025-11-01 02:06:51,367 - BlankSpaceAnalyzer - INFO - -> Analyzing version 0.0.0-nightly-20240507.0 (325/1242)...
2025-11-01 02:06:51,463 - BlankSpaceAnalyzer - INFO - -> Analyzing version 0.0.0-nightly-20240508.0 (326/1242)...
2025-11-01 02:06:51,558 - BlankSpaceAnalyzer - INFO - -> Analyzing version 0.0.0-nightly-20240509.0 (327/1242)...
2025-11-01 02:06:51,664 - BlankSpaceAnalyzer - INFO - -> Analyzing version 0.0.0-nightly-20240510.0 (328/1242)...
2025-11-01 02:06:51,757 - BlankSpaceAnalyzer - INFO - -> Analyzing version 0.0.0-nightly-20240511.0 (329/1242)...
2025-11-01 02:06:51,853 - BlankSpaceAnalyzer - INFO - -> Analyzing version 0.0.0-nightly-20240512.0 (330/1242)...
2025-11-01 02:06:51,947 - BlankSpaceAnalyzer - INFO - -> Analyzing version 0.0.0-nightly-20240513.0 (331/1242)...
2025-11-01 02:06:52,047 - BlankSpaceAnalyzer - INFO - -> Analyzing version 0.0.0-nightly-20240514.0 (332/1242)...
2025-11-01 02:06:52,142 - BlankSpaceAnalyzer - INFO - -> Analyzing version 0.0.0-nightly-20240515.0 (333/1242)...
2025-11-01 02:06:52,247 - BlankSpaceAnalyzer - INFO - -> Analyzing version 0.0.0-nightly-20240516.0 (334/1242)...
2025-11-01 02:06:52,342 - BlankSpaceAnalyzer - INFO - -> Analyzing version 0.0.0-nightly-20240516.1 (335/1242)...
2025-11-01 02:06:52,438 - BlankSpaceAnalyzer - INFO - -> Analyzing version 0.0.0-nightly-20240517.0 (336/1242)...
2025-11-01 02:06:52,541 - BlankSpaceAnalyzer - INFO - -> Analyzing version 0.0.0-nightly-20240518.0 (337/1242)...
2025-11-01 02:06:52,638 - BlankSpaceAnalyzer - INFO - -> Analyzing version 0.0.0-nightly-20240519.0 (338/1242)...
2025-11-01 02:06:52,735 - BlankSpaceAnalyzer - INFO - -> Analyzing version 0.0.0-nightly-20240520.0 (339/1242)...
2025-11-01 02:06:52,838 - BlankSpaceAnalyzer - INFO - -> Analyzing version 0.0.0-nightly-20240521.0 (340/1242)...
2025-11-01 02:06:52,936 - BlankSpaceAnalyzer - INFO - -> Analyzing version 0.0.0-nightly-20240522.0 (341/1242)...
2025-11-01 02:06:53,042 - BlankSpaceAnalyzer - INFO - -> Analyzing version 0.0.0-nightly-20240523.0 (342/1242)...
2025-11-01 02:06:53,137 - BlankSpaceAnalyzer - INFO - -> Analyzing version 0.0.0-nightly-20240524.0 (343/1242)...
2025-11-01 02:06:53,231 - BlankSpaceAnalyzer - INFO - -> Analyzing version 0.0.0-nightly-20240525.0 (344/1242)...
2025-11-01 02:06:53,327 - BlankSpaceAnalyzer - INFO - -> Analyzing version 0.0.0-nightly-20240526.0 (345/1242)...
2025-11-01 02:06:53,423 - BlankSpaceAnalyzer - INFO - -> Analyzing version 0.0.0-nightly-20240527.0 (346/1242)...
2025-11-01 02:06:53,518 - BlankSpaceAnalyzer - INFO - -> Analyzing version 0.0.0-nightly-20240528.0 (347/1242)...
2025-11-01 02:06:53,620 - BlankSpaceAnalyzer - INFO - -> Analyzing version 0.0.0-nightly-20240529.0 (348/1242)...
2025-11-01 02:06:53,721 - BlankSpaceAnalyzer - INFO - -> Analyzing version 0.0.0-nightly-20240530.0 (349/1242)...
2025-11-01 02:06:53,815 - BlankSpaceAnalyzer - INFO - -> Analyzing version 0.0.0-nightly-20240531.0 (350/1242)...
2025-11-01 02:06:53,910 - BlankSpaceAnalyzer - INFO - -> Analyzing version 0.0.0-nightly-20240601.0 (351/1242)...
2025-11-01 02:06:54,004 - BlankSpaceAnalyzer - INFO - -> Analyzing version 0.0.0-nightly-20240602.0 (352/1242)...
2025-11-01 02:06:54,100 - BlankSpaceAnalyzer - INFO - -> Analyzing version 0.0.0-nightly-20240603.0 (353/1242)...
2025-11-01 02:06:54,195 - BlankSpaceAnalyzer - INFO - -> Analyzing version 0.0.0-nightly-20240604.0 (354/1242)...
2025-11-01 02:06:54,294 - BlankSpaceAnalyzer - INFO - -> Analyzing version 0.0.0-nightly-20240604.1 (355/1242)...
2025-11-01 02:06:54,399 - BlankSpaceAnalyzer - INFO - -> Analyzing version 0.0.0-nightly-20240605.0 (356/1242)...
2025-11-01 02:06:54,493 - BlankSpaceAnalyzer - INFO - -> Analyzing version 0.0.0-nightly-20240605.1 (357/1242)...
2025-11-01 02:06:54,590 - BlankSpaceAnalyzer - INFO - -> Analyzing version 0.0.0-nightly-20240606.0 (358/1242)...
2025-11-01 02:06:54,685 - BlankSpaceAnalyzer - INFO - -> Analyzing version 0.0.0-nightly-20240607.0 (359/1242)...
2025-11-01 02:06:54,779 - BlankSpaceAnalyzer - INFO - -> Analyzing version 0.0.0-nightly-20240608.0 (360/1242)...
2025-11-01 02:06:54,874 - BlankSpaceAnalyzer - INFO - -> Analyzing version 0.0.0-nightly-20240609.0 (361/1242)...
2025-11-01 02:06:54,969 - BlankSpaceAnalyzer - INFO - -> Analyzing version 0.0.0-nightly-20240610.0 (362/1242)...
2025-11-01 02:06:55,067 - BlankSpaceAnalyzer - INFO - -> Analyzing version 0.0.0-nightly-20240611.0 (363/1242)...
2025-11-01 02:06:55,163 - BlankSpaceAnalyzer - INFO - -> Analyzing version 0.0.0-nightly-20240612.0 (364/1242)...
2025-11-01 02:06:55,266 - BlankSpaceAnalyzer - INFO - -> Analyzing version 0.0.0-nightly-20240613.0 (365/1242)...
2025-11-01 02:06:55,359 - BlankSpaceAnalyzer - INFO - -> Analyzing version 0.0.0-nightly-20240614.0 (366/1242)...
2025-11-01 02:06:55,455 - BlankSpaceAnalyzer - INFO - -> Analyzing version 0.0.0-nightly-20240615.0 (367/1242)...
2025-11-01 02:06:55,558 - BlankSpaceAnalyzer - INFO - -> Analyzing version 0.0.0-nightly-20240616.0 (368/1242)...
2025-11-01 02:06:55,664 - BlankSpaceAnalyzer - INFO - -> Analyzing version 0.0.0-nightly-20240617.0 (369/1242)...
2025-11-01 02:06:55,761 - BlankSpaceAnalyzer - INFO - -> Analyzing version 0.0.0-nightly-20240618.0 (370/1242)...
2025-11-01 02:06:55,867 - BlankSpaceAnalyzer - INFO - -> Analyzing version 0.0.0-nightly-20240619.0 (371/1242)...
2025-11-01 02:06:55,961 - BlankSpaceAnalyzer - INFO - -> Analyzing version 0.0.0-nightly-20240619.1 (372/1242)...
2025-11-01 02:06:56,058 - BlankSpaceAnalyzer - INFO - -> Analyzing version 0.0.0-nightly-20240619.2 (373/1242)...
2025-11-01 02:06:56,162 - BlankSpaceAnalyzer - INFO - -> Analyzing version 0.0.0-nightly-20240620.0 (374/1242)...
2025-11-01 02:06:56,258 - BlankSpaceAnalyzer - INFO - -> Analyzing version 0.0.0-nightly-20240620.1 (375/1242)...
2025-11-01 02:06:56,362 - BlankSpaceAnalyzer - INFO - -> Analyzing version 0.0.0-nightly-20240621.0 (376/1242)...
2025-11-01 02:06:56,457 - BlankSpaceAnalyzer - INFO - -> Analyzing version 0.0.0-nightly-20240622.0 (377/1242)...
2025-11-01 02:06:56,560 - BlankSpaceAnalyzer - INFO - -> Analyzing version 0.0.0-nightly-20240623.0 (378/1242)...
2025-11-01 02:06:56,656 - BlankSpaceAnalyzer - INFO - -> Analyzing version 0.0.0-nightly-20240624.0 (379/1242)...
2025-11-01 02:06:56,761 - BlankSpaceAnalyzer - INFO - -> Analyzing version 0.0.0-nightly-20240625.0 (380/1242)...
2025-11-01 02:06:56,857 - BlankSpaceAnalyzer - INFO - -> Analyzing version 0.0.0-nightly-20240626.0 (381/1242)...
2025-11-01 02:06:56,964 - BlankSpaceAnalyzer - INFO - -> Analyzing version 0.0.0-nightly-20240626.1 (382/1242)...
2025-11-01 02:06:57,059 - BlankSpaceAnalyzer - INFO - -> Analyzing version 0.0.0-nightly-20240627.0 (383/1242)...
2025-11-01 02:06:57,161 - BlankSpaceAnalyzer - INFO - -> Analyzing version 0.0.0-nightly-20240628.0 (384/1242)...
2025-11-01 02:06:57,256 - BlankSpaceAnalyzer - INFO - -> Analyzing version 0.0.0-nightly-20240629.0 (385/1242)...
2025-11-01 02:06:57,360 - BlankSpaceAnalyzer - INFO - -> Analyzing version 0.0.0-nightly-20240630.0 (386/1242)...
2025-11-01 02:06:57,455 - BlankSpaceAnalyzer - INFO - -> Analyzing version 0.0.0-nightly-20240701.0 (387/1242)...
2025-11-01 02:06:57,558 - BlankSpaceAnalyzer - INFO - -> Analyzing version 0.0.0-nightly-20240702.0 (388/1242)...
2025-11-01 02:06:57,653 - BlankSpaceAnalyzer - INFO - -> Analyzing version 0.0.0-nightly-20240703.0 (389/1242)...
2025-11-01 02:06:57,757 - BlankSpaceAnalyzer - INFO - -> Analyzing version 0.0.0-nightly-20240704.0 (390/1242)...
2025-11-01 02:06:57,860 - BlankSpaceAnalyzer - INFO - -> Analyzing version 0.0.0-nightly-20240705.0 (391/1242)...
2025-11-01 02:06:57,953 - BlankSpaceAnalyzer - INFO - -> Analyzing version 0.0.0-nightly-20240705.1 (392/1242)...
2025-11-01 02:06:58,058 - BlankSpaceAnalyzer - INFO - -> Analyzing version 0.0.0-nightly-20240706.0 (393/1242)...
2025-11-01 02:06:58,161 - BlankSpaceAnalyzer - INFO - -> Analyzing version 0.0.0-nightly-20240707.0 (394/1242)...
2025-11-01 02:06:58,255 - BlankSpaceAnalyzer - INFO - -> Analyzing version 0.0.0-nightly-20240708.0 (395/1242)...
2025-11-01 02:06:58,349 - BlankSpaceAnalyzer - INFO - -> Analyzing version 0.0.0-nightly-20240709.0 (396/1242)...
2025-11-01 02:06:58,445 - BlankSpaceAnalyzer - INFO - -> Analyzing version 0.0.0-nightly-20240710.0 (397/1242)...
2025-11-01 02:06:58,542 - BlankSpaceAnalyzer - INFO - -> Analyzing version 0.0.0-nightly-20240711.0 (398/1242)...
2025-11-01 02:06:58,638 - BlankSpaceAnalyzer - INFO - -> Analyzing version 0.0.0-nightly-20240712.0 (399/1242)...
2025-11-01 02:06:58,742 - BlankSpaceAnalyzer - INFO - -> Analyzing version 0.0.0-nightly-20240713.0 (400/1242)...
2025-11-01 02:06:58,837 - BlankSpaceAnalyzer - INFO - -> Analyzing version 0.0.0-nightly-20240714.0 (401/1242)...
2025-11-01 02:06:58,938 - BlankSpaceAnalyzer - INFO - -> Analyzing version 0.0.0-nightly-20240715.0 (402/1242)...
2025-11-01 02:06:59,043 - BlankSpaceAnalyzer - INFO - -> Analyzing version 0.0.0-nightly-20240716.0 (403/1242)...
2025-11-01 02:06:59,139 - BlankSpaceAnalyzer - INFO - -> Analyzing version 0.0.0-nightly-20240717.0 (404/1242)...
2025-11-01 02:06:59,241 - BlankSpaceAnalyzer - INFO - -> Analyzing version 0.0.0-nightly-20240718.0 (405/1242)...
2025-11-01 02:06:59,338 - BlankSpaceAnalyzer - INFO - -> Analyzing version 0.0.0-nightly-20240719.0 (406/1242)...
2025-11-01 02:06:59,436 - BlankSpaceAnalyzer - INFO - -> Analyzing version 0.0.0-nightly-20240720.0 (407/1242)...
2025-11-01 02:06:59,529 - BlankSpaceAnalyzer - INFO - -> Analyzing version 0.0.0-nightly-20240721.0 (408/1242)...
2025-11-01 02:06:59,624 - BlankSpaceAnalyzer - INFO - -> Analyzing version 0.0.0-nightly-20240722.0 (409/1242)...
2025-11-01 02:06:59,725 - BlankSpaceAnalyzer - INFO - -> Analyzing version 0.0.0-nightly-20240723.0 (410/1242)...
2025-11-01 02:06:59,828 - BlankSpaceAnalyzer - INFO - -> Analyzing version 0.0.0-nightly-20240724.0 (411/1242)...
2025-11-01 02:06:59,925 - BlankSpaceAnalyzer - INFO - -> Analyzing version 0.0.0-nightly-20240725.0 (412/1242)...
2025-11-01 02:07:00,020 - BlankSpaceAnalyzer - INFO - -> Analyzing version 0.0.0-nightly-20240726.0 (413/1242)...
2025-11-01 02:07:00,115 - BlankSpaceAnalyzer - INFO - -> Analyzing version 0.0.0-nightly-20240727.0 (414/1242)...
2025-11-01 02:07:00,210 - BlankSpaceAnalyzer - INFO - -> Analyzing version 0.0.0-nightly-20240728.0 (415/1242)...
2025-11-01 02:07:00,306 - BlankSpaceAnalyzer - INFO - -> Analyzing version 0.0.0-nightly-20240729.0 (416/1242)...
2025-11-01 02:07:00,402 - BlankSpaceAnalyzer - INFO - -> Analyzing version 0.0.0-nightly-20240730.0 (417/1242)...
2025-11-01 02:07:00,498 - BlankSpaceAnalyzer - INFO - -> Analyzing version 0.0.0-nightly-20240731.0 (418/1242)...
2025-11-01 02:07:00,594 - BlankSpaceAnalyzer - INFO - -> Analyzing version 0.0.0-nightly-20240801.0 (419/1242)...
2025-11-01 02:07:00,691 - BlankSpaceAnalyzer - INFO - -> Analyzing version 0.0.0-nightly-20240802.0 (420/1242)...
2025-11-01 02:07:00,784 - BlankSpaceAnalyzer - INFO - -> Analyzing version 0.0.0-nightly-20240803.0 (421/1242)...
2025-11-01 02:07:00,879 - BlankSpaceAnalyzer - INFO - -> Analyzing version 0.0.0-nightly-20240804.0 (422/1242)...
2025-11-01 02:07:00,975 - BlankSpaceAnalyzer - INFO - -> Analyzing version 0.0.0-nightly-20240805.0 (423/1242)...
2025-11-01 02:07:01,070 - BlankSpaceAnalyzer - INFO - -> Analyzing version 0.0.0-nightly-20240806.0 (424/1242)...
2025-11-01 02:07:01,170 - BlankSpaceAnalyzer - INFO - -> Analyzing version 0.0.0-nightly-20240807.0 (425/1242)...
2025-11-01 02:07:01,262 - BlankSpaceAnalyzer - INFO - -> Analyzing version 0.0.0-nightly-20240808.0 (426/1242)...
2025-11-01 02:07:01,365 - BlankSpaceAnalyzer - INFO - -> Analyzing version 0.0.0-nightly-20240809.0 (427/1242)...
2025-11-01 02:07:01,459 - BlankSpaceAnalyzer - INFO - -> Analyzing version 0.0.0-nightly-20240810.0 (428/1242)...
2025-11-01 02:07:01,562 - BlankSpaceAnalyzer - INFO - -> Analyzing version 0.0.0-nightly-20240811.0 (429/1242)...
2025-11-01 02:07:01,658 - BlankSpaceAnalyzer - INFO - -> Analyzing version 0.0.0-nightly-20240812.0 (430/1242)...
2025-11-01 02:07:01,761 - BlankSpaceAnalyzer - INFO - -> Analyzing version 0.0.0-nightly-20240813.0 (431/1242)...
2025-11-01 02:07:01,854 - BlankSpaceAnalyzer - INFO - -> Analyzing version 0.0.0-nightly-20240814.0 (432/1242)...
2025-11-01 02:07:01,957 - BlankSpaceAnalyzer - INFO - -> Analyzing version 0.0.0-nightly-20240815.0 (433/1242)...
2025-11-01 02:07:02,062 - BlankSpaceAnalyzer - INFO - -> Analyzing version 0.0.0-nightly-20240816.0 (434/1242)...
2025-11-01 02:07:02,159 - BlankSpaceAnalyzer - INFO - -> Analyzing version 0.0.0-nightly-20240817.0 (435/1242)...
2025-11-01 02:07:02,261 - BlankSpaceAnalyzer - INFO - -> Analyzing version 0.0.0-nightly-20240818.0 (436/1242)...
2025-11-01 02:07:02,356 - BlankSpaceAnalyzer - INFO - -> Analyzing version 0.0.0-nightly-20240819.0 (437/1242)...
2025-11-01 02:07:02,458 - BlankSpaceAnalyzer - INFO - -> Analyzing version 0.0.0-nightly-20240820.0 (438/1242)...
2025-11-01 02:07:02,554 - BlankSpaceAnalyzer - INFO - -> Analyzing version 0.0.0-nightly-20240821.0 (439/1242)...
2025-11-01 02:07:02,659 - BlankSpaceAnalyzer - INFO - -> Analyzing version 0.0.0-nightly-20240822.0 (440/1242)...
2025-11-01 02:07:02,755 - BlankSpaceAnalyzer - INFO - -> Analyzing version 0.0.0-nightly-20240823.0 (441/1242)...
2025-11-01 02:07:02,849 - BlankSpaceAnalyzer - INFO - -> Analyzing version 0.0.0-nightly-20240824.0 (442/1242)...
2025-11-01 02:07:02,946 - BlankSpaceAnalyzer - INFO - -> Analyzing version 0.0.0-nightly-20240825.0 (443/1242)...
2025-11-01 02:07:03,042 - BlankSpaceAnalyzer - INFO - -> Analyzing version 0.0.0-nightly-20240826.0 (444/1242)...
2025-11-01 02:07:03,138 - BlankSpaceAnalyzer - INFO - -> Analyzing version 0.0.0-nightly-20240827.0 (445/1242)...
2025-11-01 02:07:03,239 - BlankSpaceAnalyzer - INFO - -> Analyzing version 0.0.0-nightly-20240828.0 (446/1242)...
2025-11-01 02:07:03,334 - BlankSpaceAnalyzer - INFO - -> Analyzing version 0.0.0-nightly-20240829.0 (447/1242)...
2025-11-01 02:07:03,436 - BlankSpaceAnalyzer - INFO - -> Analyzing version 0.0.0-nightly-20240830.0 (448/1242)...
2025-11-01 02:07:03,540 - BlankSpaceAnalyzer - INFO - -> Analyzing version 0.0.0-nightly-20240831.0 (449/1242)...
2025-11-01 02:07:03,636 - BlankSpaceAnalyzer - INFO - -> Analyzing version 0.0.0-nightly-20240901.0 (450/1242)...
2025-11-01 02:07:03,731 - BlankSpaceAnalyzer - INFO - -> Analyzing version 0.0.0-nightly-20240902.0 (451/1242)...
2025-11-01 02:07:03,824 - BlankSpaceAnalyzer - INFO - -> Analyzing version 0.0.0-nightly-20240903.0 (452/1242)...
2025-11-01 02:07:03,919 - BlankSpaceAnalyzer - INFO - -> Analyzing version 0.0.0-nightly-20240904.0 (453/1242)...
2025-11-01 02:07:04,016 - BlankSpaceAnalyzer - INFO - -> Analyzing version 0.0.0-nightly-20240905.0 (454/1242)...
2025-11-01 02:07:04,111 - BlankSpaceAnalyzer - INFO - -> Analyzing version 0.0.0-nightly-20240906.0 (455/1242)...
2025-11-01 02:07:04,256 - BlankSpaceAnalyzer - INFO - -> Analyzing version 0.0.0-nightly-20240907.0 (456/1242)...
2025-11-01 02:07:04,351 - BlankSpaceAnalyzer - INFO - -> Analyzing version 0.0.0-nightly-20240908.0 (457/1242)...
2025-11-01 02:07:04,446 - BlankSpaceAnalyzer - INFO - -> Analyzing version 0.0.0-nightly-20240909.0 (458/1242)...
2025-11-01 02:07:04,541 - BlankSpaceAnalyzer - INFO - -> Analyzing version 0.0.0-nightly-20240910.0 (459/1242)...
2025-11-01 02:07:04,642 - BlankSpaceAnalyzer - INFO - -> Analyzing version 0.0.0-nightly-20240911.0 (460/1242)...
2025-11-01 02:07:04,739 - BlankSpaceAnalyzer - INFO - -> Analyzing version 0.0.0-nightly-20240912.0 (461/1242)...
2025-11-01 02:07:04,838 - BlankSpaceAnalyzer - INFO - -> Analyzing version 0.0.0-nightly-20240913.0 (462/1242)...
2025-11-01 02:07:04,932 - BlankSpaceAnalyzer - INFO - -> Analyzing version 0.0.0-nightly-20240914.0 (463/1242)...
2025-11-01 02:07:05,026 - BlankSpaceAnalyzer - INFO - -> Analyzing version 0.0.0-nightly-20240915.0 (464/1242)...
2025-11-01 02:07:05,123 - BlankSpaceAnalyzer - INFO - -> Analyzing version 0.0.0-nightly-20240916.0 (465/1242)...
2025-11-01 02:07:05,217 - BlankSpaceAnalyzer - INFO - -> Analyzing version 0.0.0-nightly-20240916.1 (466/1242)...
2025-11-01 02:07:05,318 - BlankSpaceAnalyzer - INFO - -> Analyzing version 0.0.0-nightly-20240917.0 (467/1242)...
2025-11-01 02:07:05,412 - BlankSpaceAnalyzer - INFO - -> Analyzing version 0.0.0-nightly-20240918.0 (468/1242)...
2025-11-01 02:07:05,512 - BlankSpaceAnalyzer - INFO - -> Analyzing version 0.0.0-nightly-20240919.0 (469/1242)...
2025-11-01 02:07:05,614 - BlankSpaceAnalyzer - INFO - -> Analyzing version 0.0.0-nightly-20240920.0 (470/1242)...
2025-11-01 02:07:05,716 - BlankSpaceAnalyzer - INFO - -> Analyzing version 0.0.0-nightly-20240921.0 (471/1242)...
2025-11-01 02:07:05,812 - BlankSpaceAnalyzer - INFO - -> Analyzing version 0.0.0-nightly-20240922.0 (472/1242)...
2025-11-01 02:07:05,906 - BlankSpaceAnalyzer - INFO - -> Analyzing version 0.0.0-nightly-20240923.0 (473/1242)...
2025-11-01 02:07:06,001 - BlankSpaceAnalyzer - INFO - -> Analyzing version 0.0.0-nightly-20240924.0 (474/1242)...
2025-11-01 02:07:06,099 - BlankSpaceAnalyzer - INFO - -> Analyzing version 0.0.0-nightly-20240925.0 (475/1242)...
2025-11-01 02:07:06,201 - BlankSpaceAnalyzer - INFO - -> Analyzing version 0.0.0-nightly-20240926.0 (476/1242)...
2025-11-01 02:07:06,305 - BlankSpaceAnalyzer - INFO - -> Analyzing version 0.0.0-nightly-20240927.0 (477/1242)...
2025-11-01 02:07:06,400 - BlankSpaceAnalyzer - INFO - -> Analyzing version 0.0.0-nightly-20240928.0 (478/1242)...
2025-11-01 02:07:06,497 - BlankSpaceAnalyzer - INFO - -> Analyzing version 0.0.0-nightly-20240929.0 (479/1242)...
2025-11-01 02:07:06,592 - BlankSpaceAnalyzer - INFO - -> Analyzing version 0.0.0-nightly-20240930.0 (480/1242)...
2025-11-01 02:07:06,686 - BlankSpaceAnalyzer - INFO - -> Analyzing version 0.0.0-nightly-20241001.0 (481/1242)...
2025-11-01 02:07:06,781 - BlankSpaceAnalyzer - INFO - -> Analyzing version 0.0.0-nightly-20241002.0 (482/1242)...
2025-11-01 02:07:06,877 - BlankSpaceAnalyzer - INFO - -> Analyzing version 0.0.0-nightly-20241003.0 (483/1242)...
2025-11-01 02:07:06,978 - BlankSpaceAnalyzer - INFO - -> Analyzing version 0.0.0-nightly-20241004.0 (484/1242)...
2025-11-01 02:07:07,074 - BlankSpaceAnalyzer - INFO - -> Analyzing version 0.0.0-nightly-20241005.0 (485/1242)...
2025-11-01 02:07:07,174 - BlankSpaceAnalyzer - INFO - -> Analyzing version 0.0.0-nightly-20241006.0 (486/1242)...
2025-11-01 02:07:07,267 - BlankSpaceAnalyzer - INFO - -> Analyzing version 0.0.0-nightly-20241007.0 (487/1242)...
2025-11-01 02:07:07,364 - BlankSpaceAnalyzer - INFO - -> Analyzing version 0.0.0-nightly-20241008.0 (488/1242)...
2025-11-01 02:07:07,465 - BlankSpaceAnalyzer - INFO - -> Analyzing version 0.0.0-nightly-20241009.0 (489/1242)...
2025-11-01 02:07:07,561 - BlankSpaceAnalyzer - INFO - -> Analyzing version 0.0.0-nightly-20241010.0 (490/1242)...
2025-11-01 02:07:07,654 - BlankSpaceAnalyzer - INFO - -> Analyzing version 0.0.0-nightly-20241011.0 (491/1242)...
2025-11-01 02:07:07,750 - BlankSpaceAnalyzer - INFO - -> Analyzing version 0.0.0-nightly-20241012.0 (492/1242)...
2025-11-01 02:07:07,850 - BlankSpaceAnalyzer - INFO - -> Analyzing version 0.0.0-nightly-20241013.0 (493/1242)...
2025-11-01 02:07:07,946 - BlankSpaceAnalyzer - INFO - -> Analyzing version 0.0.0-nightly-20241014.0 (494/1242)...
2025-11-01 02:07:08,041 - BlankSpaceAnalyzer - INFO - -> Analyzing version 0.0.0-nightly-20241015.0 (495/1242)...
2025-11-01 02:07:08,134 - BlankSpaceAnalyzer - INFO - -> Analyzing version 0.0.0-nightly-20241016.0 (496/1242)...
2025-11-01 02:07:08,229 - BlankSpaceAnalyzer - INFO - -> Analyzing version 0.0.0-nightly-20241017.0 (497/1242)...
2025-11-01 02:07:08,326 - BlankSpaceAnalyzer - INFO - -> Analyzing version 0.0.0-nightly-20241018.0 (498/1242)...
2025-11-01 02:07:08,424 - BlankSpaceAnalyzer - INFO - -> Analyzing version 0.0.0-nightly-20241019.0 (499/1242)...
2025-11-01 02:07:08,521 - BlankSpaceAnalyzer - INFO - -> Analyzing version 0.0.0-nightly-20241020.0 (500/1242)...
2025-11-01 02:07:08,615 - BlankSpaceAnalyzer - INFO - -> Analyzing version 0.0.0-nightly-20241021.0 (501/1242)...
2025-11-01 02:07:08,712 - BlankSpaceAnalyzer - INFO - -> Analyzing version 0.0.0-nightly-20241022.0 (502/1242)...
2025-11-01 02:07:08,808 - BlankSpaceAnalyzer - INFO - -> Analyzing version 0.0.0-nightly-20241023.0 (503/1242)...
2025-11-01 02:07:08,903 - BlankSpaceAnalyzer - INFO - -> Analyzing version 0.0.0-nightly-20241024.0 (504/1242)...
2025-11-01 02:07:08,997 - BlankSpaceAnalyzer - INFO - -> Analyzing version 0.0.0-nightly-20241025.0 (505/1242)...
2025-11-01 02:07:09,092 - BlankSpaceAnalyzer - INFO - -> Analyzing version 0.0.0-nightly-20241025.1 (506/1242)...
2025-11-01 02:07:09,194 - BlankSpaceAnalyzer - INFO - -> Analyzing version 0.0.0-nightly-20241025.2 (507/1242)...
2025-11-01 02:07:09,295 - BlankSpaceAnalyzer - INFO - -> Analyzing version 0.0.0-nightly-20241026.0 (508/1242)...
2025-11-01 02:07:09,393 - BlankSpaceAnalyzer - INFO - -> Analyzing version 0.0.0-nightly-20241027.0 (509/1242)...
2025-11-01 02:07:09,490 - BlankSpaceAnalyzer - INFO - -> Analyzing version 0.0.0-nightly-20241028.0 (510/1242)...
2025-11-01 02:07:09,595 - BlankSpaceAnalyzer - INFO - -> Analyzing version 0.0.0-nightly-20241028.1 (511/1242)...
2025-11-01 02:07:09,694 - BlankSpaceAnalyzer - INFO - -> Analyzing version 0.0.0-nightly-20241028.2 (512/1242)...
2025-11-01 02:07:09,790 - BlankSpaceAnalyzer - INFO - -> Analyzing version 0.0.0-nightly-20241028.3 (513/1242)...
2025-11-01 02:07:09,896 - BlankSpaceAnalyzer - INFO - -> Analyzing version 0.0.0-nightly-20241028.4 (514/1242)...
2025-11-01 02:07:09,998 - BlankSpaceAnalyzer - INFO - -> Analyzing version 0.0.0-nightly-20241028.5 (515/1242)...
2025-11-01 02:07:10,096 - BlankSpaceAnalyzer - INFO - -> Analyzing version 0.0.0-nightly-20241029.0 (516/1242)...
2025-11-01 02:07:10,193 - BlankSpaceAnalyzer - INFO - -> Analyzing version 0.0.0-nightly-20241029.1 (517/1242)...
2025-11-01 02:07:10,296 - BlankSpaceAnalyzer - INFO - -> Analyzing version 0.0.0-nightly-20241029.2 (518/1242)...
2025-11-01 02:07:10,396 - BlankSpaceAnalyzer - INFO - -> Analyzing version 0.0.0-nightly-20241029.3 (519/1242)...
2025-11-01 02:07:10,491 - BlankSpaceAnalyzer - INFO - -> Analyzing version 0.0.0-nightly-20241030.0 (520/1242)...
2025-11-01 02:07:10,588 - BlankSpaceAnalyzer - INFO - -> Analyzing version 0.0.0-nightly-20241031.0 (521/1242)...
2025-11-01 02:07:10,688 - BlankSpaceAnalyzer - INFO - -> Analyzing version 0.0.0-nightly-20241101.0 (522/1242)...
2025-11-01 02:07:10,784 - BlankSpaceAnalyzer - INFO - -> Analyzing version 0.0.0-nightly-20241102.0 (523/1242)...
2025-11-01 02:07:10,888 - BlankSpaceAnalyzer - INFO - -> Analyzing version 0.0.0-nightly-20241103.0 (524/1242)...
2025-11-01 02:07:10,989 - BlankSpaceAnalyzer - INFO - -> Analyzing version 0.0.0-nightly-20241104.0 (525/1242)...
2025-11-01 02:07:11,093 - BlankSpaceAnalyzer - INFO - -> Analyzing version 0.0.0-nightly-20241105.0 (526/1242)...
2025-11-01 02:07:11,192 - BlankSpaceAnalyzer - INFO - -> Analyzing version 0.0.0-nightly-20241106.0 (527/1242)...
2025-11-01 02:07:11,287 - BlankSpaceAnalyzer - INFO - -> Analyzing version 0.0.0-nightly-20241107.0 (528/1242)...
2025-11-01 02:07:11,383 - BlankSpaceAnalyzer - INFO - -> Analyzing version 0.0.0-nightly-20241108.0 (529/1242)...
2025-11-01 02:07:11,484 - BlankSpaceAnalyzer - INFO - -> Analyzing version 0.0.0-nightly-20241109.0 (530/1242)...
2025-11-01 02:07:11,582 - BlankSpaceAnalyzer - INFO - -> Analyzing version 0.0.0-nightly-20241110.0 (531/1242)...
2025-11-01 02:07:11,677 - BlankSpaceAnalyzer - INFO - -> Analyzing version 0.0.0-nightly-20241111.0 (532/1242)...
2025-11-01 02:07:11,773 - BlankSpaceAnalyzer - INFO - -> Analyzing version 0.0.0-nightly-20241112.0 (533/1242)...
2025-11-01 02:07:11,874 - BlankSpaceAnalyzer - INFO - -> Analyzing version 0.0.0-nightly-20241113.0 (534/1242)...
2025-11-01 02:07:11,970 - BlankSpaceAnalyzer - INFO - -> Analyzing version 0.0.0-nightly-20241114.0 (535/1242)...
2025-11-01 02:07:12,075 - BlankSpaceAnalyzer - INFO - -> Analyzing version 0.0.0-nightly-20241115.0 (536/1242)...
2025-11-01 02:07:12,174 - BlankSpaceAnalyzer - INFO - -> Analyzing version 0.0.0-nightly-20241116.0 (537/1242)...
2025-11-01 02:07:12,276 - BlankSpaceAnalyzer - INFO - -> Analyzing version 0.0.0-nightly-20241117.0 (538/1242)...
2025-11-01 02:07:12,370 - BlankSpaceAnalyzer - INFO - -> Analyzing version 0.0.0-nightly-20241118.0 (539/1242)...
2025-11-01 02:07:12,473 - BlankSpaceAnalyzer - INFO - -> Analyzing version 0.0.0-nightly-20241119.0 (540/1242)...
2025-11-01 02:07:12,567 - BlankSpaceAnalyzer - INFO - -> Analyzing version 0.0.0-nightly-20241120.0 (541/1242)...
2025-11-01 02:07:12,661 - BlankSpaceAnalyzer - INFO - -> Analyzing version 0.0.0-nightly-20241121.0 (542/1242)...
2025-11-01 02:07:12,757 - BlankSpaceAnalyzer - INFO - -> Analyzing version 0.0.0-nightly-20241122.0 (543/1242)...
2025-11-01 02:07:12,862 - BlankSpaceAnalyzer - INFO - -> Analyzing version 0.0.0-nightly-20241123.0 (544/1242)...
2025-11-01 02:07:12,955 - BlankSpaceAnalyzer - INFO - -> Analyzing version 0.0.0-nightly-20241124.0 (545/1242)...
2025-11-01 02:07:13,057 - BlankSpaceAnalyzer - INFO - -> Analyzing version 0.0.0-nightly-20241125.0 (546/1242)...
2025-11-01 02:07:13,151 - BlankSpaceAnalyzer - INFO - -> Analyzing version 0.0.0-nightly-20241126.0 (547/1242)...
2025-11-01 02:07:13,246 - BlankSpaceAnalyzer - INFO - -> Analyzing version 0.0.0-nightly-20241127.0 (548/1242)...
2025-11-01 02:07:13,342 - BlankSpaceAnalyzer - INFO - -> Analyzing version 0.0.0-nightly-20241128.0 (549/1242)...
2025-11-01 02:07:13,446 - BlankSpaceAnalyzer - INFO - -> Analyzing version 0.0.0-nightly-20241129.0 (550/1242)...
2025-11-01 02:07:13,541 - BlankSpaceAnalyzer - INFO - -> Analyzing version 0.0.0-nightly-20241130.0 (551/1242)...
2025-11-01 02:07:13,643 - BlankSpaceAnalyzer - INFO - -> Analyzing version 0.0.0-nightly-20241201.0 (552/1242)...
2025-11-01 02:07:13,738 - BlankSpaceAnalyzer - INFO - -> Analyzing version 0.0.0-nightly-20241202.0 (553/1242)...
2025-11-01 02:07:13,842 - BlankSpaceAnalyzer - INFO - -> Analyzing version 0.0.0-nightly-20241203.0 (554/1242)...
2025-11-01 02:07:13,937 - BlankSpaceAnalyzer - INFO - -> Analyzing version 0.0.0-nightly-20241204.0 (555/1242)...
2025-11-01 02:07:14,033 - BlankSpaceAnalyzer - INFO - -> Analyzing version 0.0.0-nightly-20241206.0 (556/1242)...
2025-11-01 02:07:14,130 - BlankSpaceAnalyzer - INFO - -> Analyzing version 0.0.0-nightly-20241207.0 (557/1242)...
2025-11-01 02:07:14,226 - BlankSpaceAnalyzer - INFO - -> Analyzing version 0.0.0-nightly-20241208.0 (558/1242)...
2025-11-01 02:07:14,330 - BlankSpaceAnalyzer - INFO - -> Analyzing version 0.0.0-nightly-20241209.0 (559/1242)...
2025-11-01 02:07:14,428 - BlankSpaceAnalyzer - INFO - -> Analyzing version 0.0.0-nightly-20241210.0 (560/1242)...
2025-11-01 02:07:14,527 - BlankSpaceAnalyzer - INFO - -> Analyzing version 0.0.0-nightly-20241211.0 (561/1242)...
2025-11-01 02:07:14,630 - BlankSpaceAnalyzer - INFO - -> Analyzing version 0.0.0-nightly-20241212.0 (562/1242)...
2025-11-01 02:07:14,735 - BlankSpaceAnalyzer - INFO - -> Analyzing version 0.0.0-nightly-20241213.0 (563/1242)...
2025-11-01 02:07:14,838 - BlankSpaceAnalyzer - INFO - -> Analyzing version 0.0.0-nightly-20241214.0 (564/1242)...
2025-11-01 02:07:14,932 - BlankSpaceAnalyzer - INFO - -> Analyzing version 0.0.0-nightly-20241215.0 (565/1242)...
2025-11-01 02:07:15,027 - BlankSpaceAnalyzer - INFO - -> Analyzing version 0.0.0-nightly-20241216.0 (566/1242)...
2025-11-01 02:07:15,120 - BlankSpaceAnalyzer - INFO - -> Analyzing version 0.0.0-nightly-20241217.0 (567/1242)...
2025-11-01 02:07:15,213 - BlankSpaceAnalyzer - INFO - -> Analyzing version 0.0.0-nightly-20241218.0 (568/1242)...
2025-11-01 02:07:15,308 - BlankSpaceAnalyzer - INFO - -> Analyzing version 0.0.0-nightly-20241219.0 (569/1242)...
2025-11-01 02:07:15,404 - BlankSpaceAnalyzer - INFO - -> Analyzing version 0.0.0-nightly-20241219.1 (570/1242)...
2025-11-01 02:07:15,500 - BlankSpaceAnalyzer - INFO - -> Analyzing version 0.0.0-nightly-20241219.2 (571/1242)...
2025-11-01 02:07:15,595 - BlankSpaceAnalyzer - INFO - -> Analyzing version 0.0.0-nightly-20241220.0 (572/1242)...
2025-11-01 02:07:15,688 - BlankSpaceAnalyzer - INFO - -> Analyzing version 0.0.0-nightly-20241221.0 (573/1242)...
2025-11-01 02:07:15,783 - BlankSpaceAnalyzer - INFO - -> Analyzing version 0.0.0-nightly-20241222.0 (574/1242)...
2025-11-01 02:07:15,879 - BlankSpaceAnalyzer - INFO - -> Analyzing version 0.0.0-nightly-20241223.0 (575/1242)...
2025-11-01 02:07:15,976 - BlankSpaceAnalyzer - INFO - -> Analyzing version 0.0.0-nightly-20241224.0 (576/1242)...
2025-11-01 02:07:16,071 - BlankSpaceAnalyzer - INFO - -> Analyzing version 0.0.0-nightly-20241225.0 (577/1242)...
2025-11-01 02:07:16,166 - BlankSpaceAnalyzer - INFO - -> Analyzing version 0.0.0-nightly-20241226.0 (578/1242)...
2025-11-01 02:07:16,268 - BlankSpaceAnalyzer - INFO - -> Analyzing version 0.0.0-nightly-20241227.0 (579/1242)...
2025-11-01 02:07:16,363 - BlankSpaceAnalyzer - INFO - -> Analyzing version 0.0.0-nightly-20241228.0 (580/1242)...
2025-11-01 02:07:16,466 - BlankSpaceAnalyzer - INFO - -> Analyzing version 0.0.0-nightly-20241229.0 (581/1242)...
2025-11-01 02:07:16,563 - BlankSpaceAnalyzer - INFO - -> Analyzing version 0.0.0-nightly-20241230.0 (582/1242)...
2025-11-01 02:07:16,667 - BlankSpaceAnalyzer - INFO - -> Analyzing version 0.0.0-nightly-20241231.0 (583/1242)...
2025-11-01 02:07:16,763 - BlankSpaceAnalyzer - INFO - -> Analyzing version 0.0.0-nightly-20250101.0 (584/1242)...
2025-11-01 02:07:16,860 - BlankSpaceAnalyzer - INFO - -> Analyzing version 0.0.0-nightly-20250102.0 (585/1242)...
2025-11-01 02:07:16,955 - BlankSpaceAnalyzer - INFO - -> Analyzing version 0.0.0-nightly-20250103.0 (586/1242)...
2025-11-01 02:07:17,057 - BlankSpaceAnalyzer - INFO - -> Analyzing version 0.0.0-nightly-20250104.0 (587/1242)...
2025-11-01 02:07:17,154 - BlankSpaceAnalyzer - INFO - -> Analyzing version 0.0.0-nightly-20250105.0 (588/1242)...
2025-11-01 02:07:17,259 - BlankSpaceAnalyzer - INFO - -> Analyzing version 0.0.0-nightly-20250106.0 (589/1242)...
2025-11-01 02:07:17,355 - BlankSpaceAnalyzer - INFO - -> Analyzing version 0.0.0-nightly-20250107.0 (590/1242)...
2025-11-01 02:07:17,451 - BlankSpaceAnalyzer - INFO - -> Analyzing version 0.0.0-nightly-20250108.0 (591/1242)...
2025-11-01 02:07:17,548 - BlankSpaceAnalyzer - INFO - -> Analyzing version 0.0.0-nightly-20250109.0 (592/1242)...
2025-11-01 02:07:17,644 - BlankSpaceAnalyzer - INFO - -> Analyzing version 0.0.0-nightly-20250110.0 (593/1242)...
2025-11-01 02:07:17,738 - BlankSpaceAnalyzer - INFO - -> Analyzing version 0.0.0-nightly-20250111.0 (594/1242)...
2025-11-01 02:07:17,840 - BlankSpaceAnalyzer - INFO - -> Analyzing version 0.0.0-nightly-20250113.0 (595/1242)...
2025-11-01 02:07:17,935 - BlankSpaceAnalyzer - INFO - -> Analyzing version 0.0.0-nightly-20250114.0 (596/1242)...
2025-11-01 02:07:18,038 - BlankSpaceAnalyzer - INFO - -> Analyzing version 0.0.0-nightly-20250115.0 (597/1242)...
2025-11-01 02:07:18,142 - BlankSpaceAnalyzer - INFO - -> Analyzing version 0.0.0-nightly-20250116.0 (598/1242)...
2025-11-01 02:07:18,246 - BlankSpaceAnalyzer - INFO - -> Analyzing version 0.0.0-nightly-20250117.0 (599/1242)...
2025-11-01 02:07:18,344 - BlankSpaceAnalyzer - INFO - -> Analyzing version 0.0.0-nightly-20250118.0 (600/1242)...
2025-11-01 02:07:18,447 - BlankSpaceAnalyzer - INFO - -> Analyzing version 0.0.0-nightly-20250119.0 (601/1242)...
2025-11-01 02:07:18,552 - BlankSpaceAnalyzer - INFO - -> Analyzing version 0.0.0-nightly-20250120.0 (602/1242)...
2025-11-01 02:07:18,647 - BlankSpaceAnalyzer - INFO - -> Analyzing version 0.0.0-nightly-20250121.0 (603/1242)...
2025-11-01 02:07:18,751 - BlankSpaceAnalyzer - INFO - -> Analyzing version 0.0.0-nightly-20250122.0 (604/1242)...
2025-11-01 02:07:18,854 - BlankSpaceAnalyzer - INFO - -> Analyzing version 0.0.0-nightly-20250123.0 (605/1242)...
2025-11-01 02:07:18,951 - BlankSpaceAnalyzer - INFO - -> Analyzing version 0.0.0-nightly-20250124.0 (606/1242)...
2025-11-01 02:07:19,047 - BlankSpaceAnalyzer - INFO - -> Analyzing version 0.0.0-nightly-20250125.0 (607/1242)...
2025-11-01 02:07:19,144 - BlankSpaceAnalyzer - INFO - -> Analyzing version 0.0.0-nightly-20250126.0 (608/1242)...
2025-11-01 02:07:19,248 - BlankSpaceAnalyzer - INFO - -> Analyzing version 0.0.0-nightly-20250127.0 (609/1242)...
2025-11-01 02:07:19,351 - BlankSpaceAnalyzer - INFO - -> Analyzing version 0.0.0-nightly-20250129.0 (610/1242)...
2025-11-01 02:07:19,447 - BlankSpaceAnalyzer - INFO - -> Analyzing version 0.0.0-nightly-20250129.1 (611/1242)...
2025-11-01 02:07:19,544 - BlankSpaceAnalyzer - INFO - -> Analyzing version 0.0.0-nightly-20250130.0 (612/1242)...
2025-11-01 02:07:19,642 - BlankSpaceAnalyzer - INFO - -> Analyzing version 0.0.0-nightly-20250131.0 (613/1242)...
2025-11-01 02:07:19,746 - BlankSpaceAnalyzer - INFO - -> Analyzing version 0.0.0-nightly-20250201.0 (614/1242)...
2025-11-01 02:07:19,844 - BlankSpaceAnalyzer - INFO - -> Analyzing version 0.0.0-nightly-20250202.0 (615/1242)...
2025-11-01 02:07:19,940 - BlankSpaceAnalyzer - INFO - -> Analyzing version 0.0.0-nightly-20250203.0 (616/1242)...
2025-11-01 02:07:20,044 - BlankSpaceAnalyzer - INFO - -> Analyzing version 0.0.0-nightly-20250204.0 (617/1242)...
2025-11-01 02:07:20,138 - BlankSpaceAnalyzer - INFO - -> Analyzing version 0.0.0-nightly-20250205.0 (618/1242)...
2025-11-01 02:07:20,235 - BlankSpaceAnalyzer - INFO - -> Analyzing version 0.0.0-nightly-20250206.0 (619/1242)...
2025-11-01 02:07:20,340 - BlankSpaceAnalyzer - INFO - -> Analyzing version 0.0.0-nightly-20250207.0 (620/1242)...
2025-11-01 02:07:20,445 - BlankSpaceAnalyzer - INFO - -> Analyzing version 0.0.0-nightly-20250208.0 (621/1242)...
2025-11-01 02:07:20,548 - BlankSpaceAnalyzer - INFO - -> Analyzing version 0.0.0-nightly-20250209.0 (622/1242)...
2025-11-01 02:07:20,651 - BlankSpaceAnalyzer - INFO - -> Analyzing version 0.0.0-nightly-20250210.0 (623/1242)...
2025-11-01 02:07:20,759 - BlankSpaceAnalyzer - INFO - -> Analyzing version 0.0.0-nightly-20250211.0 (624/1242)...
2025-11-01 02:07:20,866 - BlankSpaceAnalyzer - INFO - -> Analyzing version 0.0.0-nightly-20250212.0 (625/1242)...
2025-11-01 02:07:20,963 - BlankSpaceAnalyzer - INFO - -> Analyzing version 0.0.0-nightly-20250213.0 (626/1242)...
2025-11-01 02:07:21,058 - BlankSpaceAnalyzer - INFO - -> Analyzing version 0.0.0-nightly-20250214.0 (627/1242)...
2025-11-01 02:07:21,161 - BlankSpaceAnalyzer - INFO - -> Analyzing version 0.0.0-nightly-20250215.0 (628/1242)...
2025-11-01 02:07:21,265 - BlankSpaceAnalyzer - INFO - -> Analyzing version 0.0.0-nightly-20250216.0 (629/1242)...
2025-11-01 02:07:21,361 - BlankSpaceAnalyzer - INFO - -> Analyzing version 0.0.0-nightly-20250217.0 (630/1242)...
2025-11-01 02:07:21,464 - BlankSpaceAnalyzer - INFO - -> Analyzing version 0.0.0-nightly-20250218.0 (631/1242)...
2025-11-01 02:07:21,561 - BlankSpaceAnalyzer - INFO - -> Analyzing version 0.0.0-nightly-20250219.0 (632/1242)...
2025-11-01 02:07:21,657 - BlankSpaceAnalyzer - INFO - -> Analyzing version 0.0.0-nightly-20250220.0 (633/1242)...
2025-11-01 02:07:21,762 - BlankSpaceAnalyzer - INFO - -> Analyzing version 0.0.0-nightly-20250221.0 (634/1242)...
2025-11-01 02:07:21,858 - BlankSpaceAnalyzer - INFO - -> Analyzing version 0.0.0-nightly-20250222.0 (635/1242)...
2025-11-01 02:07:21,956 - BlankSpaceAnalyzer - INFO - -> Analyzing version 0.0.0-nightly-20250223.0 (636/1242)...
2025-11-01 02:07:22,053 - BlankSpaceAnalyzer - INFO - -> Analyzing version 0.0.0-nightly-20250224.0 (637/1242)...
2025-11-01 02:07:22,151 - BlankSpaceAnalyzer - INFO - -> Analyzing version 0.0.0-nightly-20250225.0 (638/1242)...
2025-11-01 02:07:22,247 - BlankSpaceAnalyzer - INFO - -> Analyzing version 0.0.0-nightly-20250226.0 (639/1242)...
2025-11-01 02:07:22,344 - BlankSpaceAnalyzer - INFO - -> Analyzing version 0.0.0-nightly-20250227.0 (640/1242)...
2025-11-01 02:07:22,446 - BlankSpaceAnalyzer - INFO - -> Analyzing version 0.0.0-nightly-20250228.0 (641/1242)...
2025-11-01 02:07:22,541 - BlankSpaceAnalyzer - INFO - -> Analyzing version 0.0.0-nightly-20250301.0 (642/1242)...
2025-11-01 02:07:22,647 - BlankSpaceAnalyzer - INFO - -> Analyzing version 0.0.0-nightly-20250302.0 (643/1242)...
2025-11-01 02:07:22,743 - BlankSpaceAnalyzer - INFO - -> Analyzing version 0.0.0-nightly-20250303.0 (644/1242)...
2025-11-01 02:07:22,841 - BlankSpaceAnalyzer - INFO - -> Analyzing version 0.0.0-nightly-20250304.0 (645/1242)...
2025-11-01 02:07:22,946 - BlankSpaceAnalyzer - INFO - -> Analyzing version 0.0.0-nightly-20250305.0 (646/1242)...
2025-11-01 02:07:23,045 - BlankSpaceAnalyzer - INFO - -> Analyzing version 0.0.0-nightly-20250306.0 (647/1242)...
2025-11-01 02:07:23,144 - BlankSpaceAnalyzer - INFO - -> Analyzing version 0.0.0-nightly-20250307.0 (648/1242)...
2025-11-01 02:07:23,242 - BlankSpaceAnalyzer - INFO - -> Analyzing version 0.0.0-nightly-20250308.0 (649/1242)...
2025-11-01 02:07:23,341 - BlankSpaceAnalyzer - INFO - -> Analyzing version 0.0.0-nightly-20250309.0 (650/1242)...
2025-11-01 02:07:23,446 - BlankSpaceAnalyzer - INFO - -> Analyzing version 0.0.0-nightly-20250310.0 (651/1242)...
2025-11-01 02:07:23,544 - BlankSpaceAnalyzer - INFO - -> Analyzing version 0.0.0-nightly-20250311.0 (652/1242)...
2025-11-01 02:07:23,647 - BlankSpaceAnalyzer - INFO - -> Analyzing version 0.0.0-nightly-20250312.0 (653/1242)...
2025-11-01 02:07:23,750 - BlankSpaceAnalyzer - INFO - -> Analyzing version 0.0.0-nightly-20250313.0 (654/1242)...
2025-11-01 02:07:23,856 - BlankSpaceAnalyzer - INFO - -> Analyzing version 0.0.0-nightly-20250314.0 (655/1242)...
2025-11-01 02:07:23,954 - BlankSpaceAnalyzer - INFO - -> Analyzing version 0.0.0-nightly-20250315.0 (656/1242)...
2025-11-01 02:07:24,058 - BlankSpaceAnalyzer - INFO - -> Analyzing version 0.0.0-nightly-20250316.0 (657/1242)...
2025-11-01 02:07:24,160 - BlankSpaceAnalyzer - INFO - -> Analyzing version 0.0.0-nightly-20250317.0 (658/1242)...
2025-11-01 02:07:24,256 - BlankSpaceAnalyzer - INFO - -> Analyzing version 0.0.0-nightly-20250318.0 (659/1242)...
2025-11-01 02:07:24,355 - BlankSpaceAnalyzer - INFO - -> Analyzing version 0.0.0-nightly-20250319.0 (660/1242)...
2025-11-01 02:07:24,452 - BlankSpaceAnalyzer - INFO - -> Analyzing version 0.0.0-nightly-20250320.0 (661/1242)...
2025-11-01 02:07:24,549 - BlankSpaceAnalyzer - INFO - -> Analyzing version 0.0.0-nightly-20250321.0 (662/1242)...
2025-11-01 02:07:24,647 - BlankSpaceAnalyzer - INFO - -> Analyzing version 0.0.0-nightly-20250322.0 (663/1242)...
2025-11-01 02:07:24,745 - BlankSpaceAnalyzer - INFO - -> Analyzing version 0.0.0-nightly-20250323.0 (664/1242)...
2025-11-01 02:07:24,845 - BlankSpaceAnalyzer - INFO - -> Analyzing version 0.0.0-nightly-20250324.0 (665/1242)...
2025-11-01 02:07:24,948 - BlankSpaceAnalyzer - INFO - -> Analyzing version 0.0.0-nightly-20250325.0 (666/1242)...
2025-11-01 02:07:25,046 - BlankSpaceAnalyzer - INFO - -> Analyzing version 0.0.0-nightly-20250326.0 (667/1242)...
2025-11-01 02:07:25,149 - BlankSpaceAnalyzer - INFO - -> Analyzing version 0.0.0-nightly-20250326.1 (668/1242)...
2025-11-01 02:07:25,246 - BlankSpaceAnalyzer - INFO - -> Analyzing version 0.0.0-nightly-20250326.2 (669/1242)...
2025-11-01 02:07:25,345 - BlankSpaceAnalyzer - INFO - -> Analyzing version 0.0.0-nightly-20250327.0 (670/1242)...
2025-11-01 02:07:25,450 - BlankSpaceAnalyzer - INFO - -> Analyzing version 0.0.0-nightly-20250328.0 (671/1242)...
2025-11-01 02:07:25,549 - BlankSpaceAnalyzer - INFO - -> Analyzing version 0.0.0-nightly-20250329.0 (672/1242)...
2025-11-01 02:07:25,647 - BlankSpaceAnalyzer - INFO - -> Analyzing version 0.0.0-nightly-20250330.0 (673/1242)...
2025-11-01 02:07:25,753 - BlankSpaceAnalyzer - INFO - -> Analyzing version 0.0.0-nightly-20250331.0 (674/1242)...
2025-11-01 02:07:25,857 - BlankSpaceAnalyzer - INFO - -> Analyzing version 0.0.0-nightly-20250401.0 (675/1242)...
2025-11-01 02:07:25,954 - BlankSpaceAnalyzer - INFO - -> Analyzing version 0.0.0-nightly-20250402.0 (676/1242)...
2025-11-01 02:07:26,054 - BlankSpaceAnalyzer - INFO - -> Analyzing version 0.0.0-nightly-20250403.0 (677/1242)...
2025-11-01 02:07:26,154 - BlankSpaceAnalyzer - INFO - -> Analyzing version 0.0.0-nightly-20250404.0 (678/1242)...
2025-11-01 02:07:26,252 - BlankSpaceAnalyzer - INFO - -> Analyzing version 0.0.0-nightly-20250405.0 (679/1242)...
2025-11-01 02:07:26,357 - BlankSpaceAnalyzer - INFO - -> Analyzing version 0.0.0-nightly-20250406.0 (680/1242)...
2025-11-01 02:07:26,462 - BlankSpaceAnalyzer - INFO - -> Analyzing version 0.0.0-nightly-20250407.0 (681/1242)...
2025-11-01 02:07:26,561 - BlankSpaceAnalyzer - INFO - -> Analyzing version 0.0.0-nightly-20250408.0 (682/1242)...
2025-11-01 02:07:26,668 - BlankSpaceAnalyzer - INFO - -> Analyzing version 0.0.0-nightly-20250409.0 (683/1242)...
2025-11-01 02:07:26,774 - BlankSpaceAnalyzer - INFO - -> Analyzing version 0.0.0-nightly-20250410.0 (684/1242)...
2025-11-01 02:07:26,872 - BlankSpaceAnalyzer - INFO - -> Analyzing version 0.0.0-nightly-20250412.0 (685/1242)...
2025-11-01 02:07:26,970 - BlankSpaceAnalyzer - INFO - -> Analyzing version 0.0.0-nightly-20250413.0 (686/1242)...
2025-11-01 02:07:27,070 - BlankSpaceAnalyzer - INFO - -> Analyzing version 0.0.0-nightly-20250414.0 (687/1242)...
2025-11-01 02:07:27,169 - BlankSpaceAnalyzer - INFO - -> Analyzing version 0.0.0-nightly-20250416.0 (688/1242)...
2025-11-01 02:07:27,275 - BlankSpaceAnalyzer - INFO - -> Analyzing version 0.0.0-nightly-20250417.0 (689/1242)...
2025-11-01 02:07:27,372 - BlankSpaceAnalyzer - INFO - -> Analyzing version 0.0.0-nightly-20250418.0 (690/1242)...
2025-11-01 02:07:27,479 - BlankSpaceAnalyzer - INFO - -> Analyzing version 0.0.0-nightly-20250419.0 (691/1242)...
2025-11-01 02:07:27,586 - BlankSpaceAnalyzer - INFO - -> Analyzing version 0.0.0-nightly-20250420.0 (692/1242)...
2025-11-01 02:07:27,687 - BlankSpaceAnalyzer - INFO - -> Analyzing version 0.0.0-nightly-20250421.0 (693/1242)...
2025-11-01 02:07:27,791 - BlankSpaceAnalyzer - INFO - -> Analyzing version 0.0.0-nightly-20250422.0 (694/1242)...
2025-11-01 02:07:27,891 - BlankSpaceAnalyzer - INFO - -> Analyzing version 0.0.0-nightly-20250423.0 (695/1242)...
2025-11-01 02:07:27,994 - BlankSpaceAnalyzer - INFO - -> Analyzing version 0.0.0-nightly-20250424.0 (696/1242)...
2025-11-01 02:07:28,092 - BlankSpaceAnalyzer - INFO - -> Analyzing version 0.0.0-nightly-20250425.0 (697/1242)...
2025-11-01 02:07:28,200 - BlankSpaceAnalyzer - INFO - -> Analyzing version 0.0.0-nightly-20250426.0 (698/1242)...
2025-11-01 02:07:28,301 - BlankSpaceAnalyzer - INFO - -> Analyzing version 0.0.0-nightly-20250427.0 (699/1242)...
2025-11-01 02:07:28,404 - BlankSpaceAnalyzer - INFO - -> Analyzing version 0.0.0-nightly-20250428.0 (700/1242)...
2025-11-01 02:07:28,510 - BlankSpaceAnalyzer - INFO - -> Analyzing version 0.0.0-nightly-20250429.0 (701/1242)...
2025-11-01 02:07:28,614 - BlankSpaceAnalyzer - INFO - -> Analyzing version 0.0.0-nightly-20250501.0 (702/1242)...
2025-11-01 02:07:28,717 - BlankSpaceAnalyzer - INFO - -> Analyzing version 0.0.0-nightly-20250502.0 (703/1242)...
2025-11-01 02:07:28,819 - BlankSpaceAnalyzer - INFO - -> Analyzing version 0.0.0-nightly-20250503.0 (704/1242)...
2025-11-01 02:07:28,919 - BlankSpaceAnalyzer - INFO - -> Analyzing version 0.0.0-nightly-20250504.0 (705/1242)...
2025-11-01 02:07:29,023 - BlankSpaceAnalyzer - INFO - -> Analyzing version 0.0.0-nightly-20250505.0 (706/1242)...
2025-11-01 02:07:29,125 - BlankSpaceAnalyzer - INFO - -> Analyzing version 0.0.0-nightly-20250506.0 (707/1242)...
2025-11-01 02:07:29,222 - BlankSpaceAnalyzer - INFO - -> Analyzing version 0.0.0-nightly-20250507.0 (708/1242)...
2025-11-01 02:07:29,327 - BlankSpaceAnalyzer - INFO - -> Analyzing version 0.0.0-nightly-20250508.0 (709/1242)...
2025-11-01 02:07:29,429 - BlankSpaceAnalyzer - INFO - -> Analyzing version 0.0.0-nightly-20250509.0 (710/1242)...
2025-11-01 02:07:29,527 - BlankSpaceAnalyzer - INFO - -> Analyzing version 0.0.0-nightly-20250510.0 (711/1242)...
2025-11-01 02:07:29,625 - BlankSpaceAnalyzer - INFO - -> Analyzing version 0.0.0-nightly-20250511.0 (712/1242)...
2025-11-01 02:07:29,725 - BlankSpaceAnalyzer - INFO - -> Analyzing version 0.0.0-nightly-20250512.0 (713/1242)...
2025-11-01 02:07:29,824 - BlankSpaceAnalyzer - INFO - -> Analyzing version 0.0.0-nightly-20250513.0 (714/1242)...
2025-11-01 02:07:29,926 - BlankSpaceAnalyzer - INFO - -> Analyzing version 0.0.0-nightly-20250514.0 (715/1242)...
2025-11-01 02:07:30,031 - BlankSpaceAnalyzer - INFO - -> Analyzing version 0.0.0-nightly-20250515.0 (716/1242)...
2025-11-01 02:07:30,132 - BlankSpaceAnalyzer - INFO - -> Analyzing version 0.0.0-nightly-20250516.0 (717/1242)...
2025-11-01 02:07:30,238 - BlankSpaceAnalyzer - INFO - -> Analyzing version 0.0.0-nightly-20250517.0 (718/1242)...
2025-11-01 02:07:30,339 - BlankSpaceAnalyzer - INFO - -> Analyzing version 0.0.0-nightly-20250518.0 (719/1242)...
2025-11-01 02:07:30,449 - BlankSpaceAnalyzer - INFO - -> Analyzing version 0.0.0-nightly-20250519.0 (720/1242)...
2025-11-01 02:07:30,552 - BlankSpaceAnalyzer - INFO - -> Analyzing version 0.0.0-nightly-20250520.0 (721/1242)...
2025-11-01 02:07:30,737 - BlankSpaceAnalyzer - INFO - -> Analyzing version 0.0.0-nightly-20250521.0 (722/1242)...
2025-11-01 02:07:30,835 - BlankSpaceAnalyzer - INFO - -> Analyzing version 0.0.0-nightly-20250522.0 (723/1242)...
2025-11-01 02:07:30,934 - BlankSpaceAnalyzer - INFO - -> Analyzing version 0.0.0-nightly-20250523.0 (724/1242)...
2025-11-01 02:07:31,034 - BlankSpaceAnalyzer - INFO - -> Analyzing version 0.0.0-nightly-20250524.0 (725/1242)...
2025-11-01 02:07:31,131 - BlankSpaceAnalyzer - INFO - -> Analyzing version 0.0.0-nightly-20250525.0 (726/1242)...
2025-11-01 02:07:31,230 - BlankSpaceAnalyzer - INFO - -> Analyzing version 0.0.0-nightly-20250526.0 (727/1242)...
2025-11-01 02:07:31,338 - BlankSpaceAnalyzer - INFO - -> Analyzing version 0.0.0-nightly-20250527.0 (728/1242)...
2025-11-01 02:07:31,436 - BlankSpaceAnalyzer - INFO - -> Analyzing version 0.0.0-nightly-20250528.0 (729/1242)...
2025-11-01 02:07:31,538 - BlankSpaceAnalyzer - INFO - -> Analyzing version 0.0.0-nightly-20250529.0 (730/1242)...
2025-11-01 02:07:31,636 - BlankSpaceAnalyzer - INFO - -> Analyzing version 0.0.0-nightly-20250530.0 (731/1242)...
2025-11-01 02:07:31,740 - BlankSpaceAnalyzer - INFO - -> Analyzing version 0.0.0-nightly-20250531.0 (732/1242)...
2025-11-01 02:07:31,851 - BlankSpaceAnalyzer - INFO - -> Analyzing version 0.0.0-nightly-20250601.0 (733/1242)...
2025-11-01 02:07:31,948 - BlankSpaceAnalyzer - INFO - -> Analyzing version 0.0.0-nightly-20250602.0 (734/1242)...
2025-11-01 02:07:32,045 - BlankSpaceAnalyzer - INFO - -> Analyzing version 0.0.0-nightly-20250603.0 (735/1242)...
2025-11-01 02:07:32,145 - BlankSpaceAnalyzer - INFO - -> Analyzing version 0.0.0-nightly-20250604.0 (736/1242)...
2025-11-01 02:07:32,258 - BlankSpaceAnalyzer - INFO - -> Analyzing version 0.0.0-nightly-20250605.0 (737/1242)...
2025-11-01 02:07:32,357 - BlankSpaceAnalyzer - INFO - -> Analyzing version 0.0.0-nightly-20250606.0 (738/1242)...
2025-11-01 02:07:32,456 - BlankSpaceAnalyzer - INFO - -> Analyzing version 0.0.0-nightly-20250607.0 (739/1242)...
2025-11-01 02:07:32,556 - BlankSpaceAnalyzer - INFO - -> Analyzing version 0.0.0-nightly-20250608.0 (740/1242)...
2025-11-01 02:07:32,656 - BlankSpaceAnalyzer - INFO - -> Analyzing version 0.0.0-nightly-20250609.0 (741/1242)...
2025-11-01 02:07:32,755 - BlankSpaceAnalyzer - INFO - -> Analyzing version 0.0.0-nightly-20250610.0 (742/1242)...
2025-11-01 02:07:32,855 - BlankSpaceAnalyzer - INFO - -> Analyzing version 0.0.0-nightly-20250611.0 (743/1242)...
2025-11-01 02:07:32,954 - BlankSpaceAnalyzer - INFO - -> Analyzing version 0.0.0-nightly-20250613.0 (744/1242)...
2025-11-01 02:07:33,057 - BlankSpaceAnalyzer - INFO - -> Analyzing version 0.0.0-nightly-20250614.0 (745/1242)...
2025-11-01 02:07:33,156 - BlankSpaceAnalyzer - INFO - -> Analyzing version 0.0.0-nightly-20250615.0 (746/1242)...
2025-11-01 02:07:33,259 - BlankSpaceAnalyzer - INFO - -> Analyzing version 0.0.0-nightly-20250616.0 (747/1242)...
2025-11-01 02:07:33,358 - BlankSpaceAnalyzer - INFO - -> Analyzing version 0.0.0-nightly-20250617.0 (748/1242)...
2025-11-01 02:07:33,456 - BlankSpaceAnalyzer - INFO - -> Analyzing version 0.0.0-nightly-20250618.0 (749/1242)...
2025-11-01 02:07:33,555 - BlankSpaceAnalyzer - INFO - -> Analyzing version 0.0.0-nightly-20250619.0 (750/1242)...
2025-11-01 02:07:33,657 - BlankSpaceAnalyzer - INFO - -> Analyzing version 0.0.0-nightly-20250620.0 (751/1242)...
2025-11-01 02:07:33,760 - BlankSpaceAnalyzer - INFO - -> Analyzing version 0.0.0-nightly-20250621.0 (752/1242)...
2025-11-01 02:07:33,860 - BlankSpaceAnalyzer - INFO - -> Analyzing version 0.0.0-nightly-20250622.0 (753/1242)...
2025-11-01 02:07:33,963 - BlankSpaceAnalyzer - INFO - -> Analyzing version 0.0.0-nightly-20250623.0 (754/1242)...
2025-11-01 02:07:34,073 - BlankSpaceAnalyzer - INFO - -> Analyzing version 0.0.0-nightly-20250624.0 (755/1242)...
2025-11-01 02:07:34,172 - BlankSpaceAnalyzer - INFO - -> Analyzing version 0.0.0-nightly-20250625.0 (756/1242)...
2025-11-01 02:07:34,273 - BlankSpaceAnalyzer - INFO - -> Analyzing version 0.0.0-nightly-20250626.0 (757/1242)...
2025-11-01 02:07:34,376 - BlankSpaceAnalyzer - INFO - -> Analyzing version 0.0.0-nightly-20250627.0 (758/1242)...
2025-11-01 02:07:34,478 - BlankSpaceAnalyzer - INFO - -> Analyzing version 0.0.0-nightly-20250628.0 (759/1242)...
2025-11-01 02:07:34,583 - BlankSpaceAnalyzer - INFO - -> Analyzing version 0.0.0-nightly-20250629.0 (760/1242)...
2025-11-01 02:07:34,689 - BlankSpaceAnalyzer - INFO - -> Analyzing version 0.0.0-nightly-20250630.0 (761/1242)...
2025-11-01 02:07:34,789 - BlankSpaceAnalyzer - INFO - -> Analyzing version 0.0.0-nightly-20250701.0 (762/1242)...
2025-11-01 02:07:34,889 - BlankSpaceAnalyzer - INFO - -> Analyzing version 0.0.0-nightly-20250701.1 (763/1242)...
2025-11-01 02:07:34,991 - BlankSpaceAnalyzer - INFO - -> Analyzing version 0.0.0-nightly-20250702.0 (764/1242)...
2025-11-01 02:07:35,092 - BlankSpaceAnalyzer - INFO - -> Analyzing version 0.0.0-nightly-20250703.0 (765/1242)...
2025-11-01 02:07:35,192 - BlankSpaceAnalyzer - INFO - -> Analyzing version 0.0.0-nightly-20250704.0 (766/1242)...
2025-11-01 02:07:35,291 - BlankSpaceAnalyzer - INFO - -> Analyzing version 0.0.0-nightly-20250705.0 (767/1242)...
2025-11-01 02:07:35,389 - BlankSpaceAnalyzer - INFO - -> Analyzing version 0.0.0-nightly-20250706.0 (768/1242)...
2025-11-01 02:07:35,492 - BlankSpaceAnalyzer - INFO - -> Analyzing version 0.0.0-nightly-20250707.0 (769/1242)...
2025-11-01 02:07:35,596 - BlankSpaceAnalyzer - INFO - -> Analyzing version 0.0.0-nightly-20250709.0 (770/1242)...
2025-11-01 02:07:35,703 - BlankSpaceAnalyzer - INFO - -> Analyzing version 0.0.0-nightly-20250710.0 (771/1242)...
2025-11-01 02:07:35,807 - BlankSpaceAnalyzer - INFO - -> Analyzing version 0.0.0-nightly-20250711.0 (772/1242)...
2025-11-01 02:07:35,909 - BlankSpaceAnalyzer - INFO - -> Analyzing version 0.0.0-nightly-20250712.0 (773/1242)...
2025-11-01 02:07:36,014 - BlankSpaceAnalyzer - INFO - -> Analyzing version 0.0.0-nightly-20250713.0 (774/1242)...
2025-11-01 02:07:36,113 - BlankSpaceAnalyzer - INFO - -> Analyzing version 0.0.0-nightly-20250714.0 (775/1242)...
2025-11-01 02:07:36,212 - BlankSpaceAnalyzer - INFO - -> Analyzing version 0.0.0-nightly-20250715.0 (776/1242)...
2025-11-01 02:07:36,317 - BlankSpaceAnalyzer - INFO - -> Analyzing version 0.0.0-nightly-20250716.0 (777/1242)...
2025-11-01 02:07:36,423 - BlankSpaceAnalyzer - INFO - -> Analyzing version 0.0.0-nightly-20250717.0 (778/1242)...
2025-11-01 02:07:36,526 - BlankSpaceAnalyzer - INFO - -> Analyzing version 0.0.0-nightly-20250718.0 (779/1242)...
2025-11-01 02:07:36,627 - BlankSpaceAnalyzer - INFO - -> Analyzing version 0.0.0-nightly-20250719.0 (780/1242)...
2025-11-01 02:07:36,728 - BlankSpaceAnalyzer - INFO - -> Analyzing version 0.0.0-nightly-20250720.0 (781/1242)...
2025-11-01 02:07:36,831 - BlankSpaceAnalyzer - INFO - -> Analyzing version 0.0.0-nightly-20250721.0 (782/1242)...
2025-11-01 02:07:36,931 - BlankSpaceAnalyzer - INFO - -> Analyzing version 0.0.0-nightly-20250722.0 (783/1242)...
2025-11-01 02:07:37,030 - BlankSpaceAnalyzer - INFO - -> Analyzing version 0.0.0-nightly-20250723.0 (784/1242)...
2025-11-01 02:07:37,135 - BlankSpaceAnalyzer - INFO - -> Analyzing version 0.0.0-nightly-20250724.0 (785/1242)...
2025-11-01 02:07:37,236 - BlankSpaceAnalyzer - INFO - -> Analyzing version 0.0.0-nightly-20250726.0 (786/1242)...
2025-11-01 02:07:37,335 - BlankSpaceAnalyzer - INFO - -> Analyzing version 0.0.0-nightly-20250727.0 (787/1242)...
2025-11-01 02:07:37,443 - BlankSpaceAnalyzer - INFO - -> Analyzing version 0.0.0-nightly-20250728.0 (788/1242)...
2025-11-01 02:07:37,543 - BlankSpaceAnalyzer - INFO - -> Analyzing version 0.0.0-nightly-20250729.0 (789/1242)...
2025-11-01 02:07:37,646 - BlankSpaceAnalyzer - INFO - -> Analyzing version 0.0.0-nightly-20250730.0 (790/1242)...
2025-11-01 02:07:37,746 - BlankSpaceAnalyzer - INFO - -> Analyzing version 0.0.0-nightly-20250731.0 (791/1242)...
2025-11-01 02:07:37,845 - BlankSpaceAnalyzer - INFO - -> Analyzing version 0.0.0-nightly-20250801.0 (792/1242)...
2025-11-01 02:07:37,965 - BlankSpaceAnalyzer - INFO - -> Analyzing version 0.0.0-nightly-20250802.0 (793/1242)...
2025-11-01 02:07:38,073 - BlankSpaceAnalyzer - INFO - -> Analyzing version 0.0.0-nightly-20250803.0 (794/1242)...
2025-11-01 02:07:38,176 - BlankSpaceAnalyzer - INFO - -> Analyzing version 0.0.0-nightly-20250804.0 (795/1242)...
2025-11-01 02:07:38,275 - BlankSpaceAnalyzer - INFO - -> Analyzing version 0.0.0-nightly-20250805.0 (796/1242)...
2025-11-01 02:07:38,376 - BlankSpaceAnalyzer - INFO - -> Analyzing version 0.0.0-nightly-20250805.1 (797/1242)...
2025-11-01 02:07:38,478 - BlankSpaceAnalyzer - INFO - -> Analyzing version 0.0.0-nightly-20250806.0 (798/1242)...
2025-11-01 02:07:38,578 - BlankSpaceAnalyzer - INFO - -> Analyzing version 0.0.0-nightly-20250807.0 (799/1242)...
2025-11-01 02:07:38,678 - BlankSpaceAnalyzer - INFO - -> Analyzing version 0.0.0-nightly-20250808.0 (800/1242)...
2025-11-01 02:07:38,777 - BlankSpaceAnalyzer - INFO - -> Analyzing version 0.0.0-nightly-20250809.0 (801/1242)...
2025-11-01 02:07:38,879 - BlankSpaceAnalyzer - INFO - -> Analyzing version 0.0.0-nightly-20250810.0 (802/1242)...
2025-11-01 02:07:38,985 - BlankSpaceAnalyzer - INFO - -> Analyzing version 0.0.0-nightly-20250811.0 (803/1242)...
2025-11-01 02:07:39,087 - BlankSpaceAnalyzer - INFO - -> Analyzing version 0.0.0-nightly-20250812.0 (804/1242)...
2025-11-01 02:07:39,187 - BlankSpaceAnalyzer - INFO - -> Analyzing version 0.0.0-nightly-20250813.0 (805/1242)...
2025-11-01 02:07:39,287 - BlankSpaceAnalyzer - INFO - -> Analyzing version 0.0.0-nightly-20250814.0 (806/1242)...
2025-11-01 02:07:39,389 - BlankSpaceAnalyzer - INFO - -> Analyzing version 0.0.0-nightly-20250815.0 (807/1242)...
2025-11-01 02:07:39,493 - BlankSpaceAnalyzer - INFO - -> Analyzing version 0.0.0-nightly-20250816.0 (808/1242)...
2025-11-01 02:07:39,598 - BlankSpaceAnalyzer - INFO - -> Analyzing version 0.0.0-nightly-20250817.0 (809/1242)...
2025-11-01 02:07:39,704 - BlankSpaceAnalyzer - INFO - -> Analyzing version 0.0.0-nightly-20250818.0 (810/1242)...
2025-11-01 02:07:39,809 - BlankSpaceAnalyzer - INFO - -> Analyzing version 0.0.0-nightly-20250819.0 (811/1242)...
2025-11-01 02:07:39,909 - BlankSpaceAnalyzer - INFO - -> Analyzing version 0.0.0-nightly-20250820.0 (812/1242)...
2025-11-01 02:07:40,011 - BlankSpaceAnalyzer - INFO - -> Analyzing version 0.0.0-nightly-20250821.0 (813/1242)...
2025-11-01 02:07:40,115 - BlankSpaceAnalyzer - INFO - -> Analyzing version 0.0.0-nightly-20250822.0 (814/1242)...
2025-11-01 02:07:40,217 - BlankSpaceAnalyzer - INFO - -> Analyzing version 0.0.0-nightly-20250824.0 (815/1242)...
2025-11-01 02:07:40,324 - BlankSpaceAnalyzer - INFO - -> Analyzing version 0.0.0-nightly-20250825.0 (816/1242)...
2025-11-01 02:07:40,437 - BlankSpaceAnalyzer - INFO - -> Analyzing version 0.0.0-nightly-20250826.0 (817/1242)...
2025-11-01 02:07:40,542 - BlankSpaceAnalyzer - INFO - -> Analyzing version 0.0.0-nightly-20250827.0 (818/1242)...
2025-11-01 02:07:40,644 - BlankSpaceAnalyzer - INFO - -> Analyzing version 0.0.0-nightly-20250828.0 (819/1242)...
2025-11-01 02:07:40,745 - BlankSpaceAnalyzer - INFO - -> Analyzing version 0.0.0-nightly-20250829.0 (820/1242)...
2025-11-01 02:07:40,847 - BlankSpaceAnalyzer - INFO - -> Analyzing version 0.0.0-nightly-20250830.0 (821/1242)...
2025-11-01 02:07:40,957 - BlankSpaceAnalyzer - INFO - -> Analyzing version 0.0.0-nightly-20250831.0 (822/1242)...
2025-11-01 02:07:41,067 - BlankSpaceAnalyzer - INFO - -> Analyzing version 0.0.0-nightly-20250901.0 (823/1242)...
2025-11-01 02:07:41,175 - BlankSpaceAnalyzer - INFO - -> Analyzing version 0.0.0-nightly-20250902.0 (824/1242)...
2025-11-01 02:07:41,284 - BlankSpaceAnalyzer - INFO - -> Analyzing version 0.0.0-nightly-20250903.0 (825/1242)...
2025-11-01 02:07:41,386 - BlankSpaceAnalyzer - INFO - -> Analyzing version 0.0.0-nightly-20250904.0 (826/1242)...
2025-11-01 02:07:41,490 - BlankSpaceAnalyzer - INFO - -> Analyzing version 0.0.0-nightly-20250905.0 (827/1242)...
2025-11-01 02:07:41,597 - BlankSpaceAnalyzer - INFO - -> Analyzing version 0.0.0-nightly-20250906.0 (828/1242)...
2025-11-01 02:07:41,703 - BlankSpaceAnalyzer - INFO - -> Analyzing version 0.0.0-nightly-20250907.0 (829/1242)...
2025-11-01 02:07:41,806 - BlankSpaceAnalyzer - INFO - -> Analyzing version 0.0.0-nightly-20250908.0 (830/1242)...
2025-11-01 02:07:41,914 - BlankSpaceAnalyzer - INFO - -> Analyzing version 0.0.0-nightly-20250909.0 (831/1242)...
2025-11-01 02:07:42,021 - BlankSpaceAnalyzer - INFO - -> Analyzing version 0.0.0-nightly-20250910.0 (832/1242)...
2025-11-01 02:07:42,126 - BlankSpaceAnalyzer - INFO - -> Analyzing version 0.0.0-nightly-20250911.0 (833/1242)...
2025-11-01 02:07:42,230 - BlankSpaceAnalyzer - INFO - -> Analyzing version 0.0.0-nightly-20250912.0 (834/1242)...
2025-11-01 02:07:42,333 - BlankSpaceAnalyzer - INFO - -> Analyzing version 0.0.0-nightly-20250912.1 (835/1242)...
2025-11-01 02:07:42,447 - BlankSpaceAnalyzer - INFO - -> Analyzing version 0.0.0-nightly-20250913.0 (836/1242)...
2025-11-01 02:07:42,556 - BlankSpaceAnalyzer - INFO - -> Analyzing version 0.0.0-nightly-20250914.0 (837/1242)...
2025-11-01 02:07:42,659 - BlankSpaceAnalyzer - INFO - -> Analyzing version 0.0.0-nightly-20250915.0 (838/1242)...
2025-11-01 02:07:42,762 - BlankSpaceAnalyzer - INFO - -> Analyzing version 0.0.0-nightly-20250916.0 (839/1242)...
2025-11-01 02:07:42,866 - BlankSpaceAnalyzer - INFO - -> Analyzing version 0.0.0-nightly-20250917.0 (840/1242)...
2025-11-01 02:07:42,973 - BlankSpaceAnalyzer - INFO - -> Analyzing version 0.0.0-nightly-20250918.0 (841/1242)...
2025-11-01 02:07:43,085 - BlankSpaceAnalyzer - INFO - -> Analyzing version 0.0.0-nightly-20250919.0 (842/1242)...
2025-11-01 02:07:43,188 - BlankSpaceAnalyzer - INFO - -> Analyzing version 0.0.0-nightly-20250920.0 (843/1242)...
2025-11-01 02:07:43,293 - BlankSpaceAnalyzer - INFO - -> Analyzing version 0.0.0-nightly-20250921.0 (844/1242)...
2025-11-01 02:07:43,396 - BlankSpaceAnalyzer - INFO - -> Analyzing version 0.0.0-nightly-20250922.0 (845/1242)...
2025-11-01 02:07:43,501 - BlankSpaceAnalyzer - INFO - -> Analyzing version 0.0.0-nightly-20250923.0 (846/1242)...
2025-11-01 02:07:43,611 - BlankSpaceAnalyzer - INFO - -> Analyzing version 0.0.0-nightly-20250923.1 (847/1242)...
2025-11-01 02:07:43,718 - BlankSpaceAnalyzer - INFO - -> Analyzing version 0.0.0-nightly-20250924.0 (848/1242)...
2025-11-01 02:07:43,826 - BlankSpaceAnalyzer - INFO - -> Analyzing version 0.0.0-nightly-20250925.0 (849/1242)...
2025-11-01 02:07:43,929 - BlankSpaceAnalyzer - INFO - -> Analyzing version 0.0.0-nightly-20250926.0 (850/1242)...
2025-11-01 02:07:44,033 - BlankSpaceAnalyzer - INFO - -> Analyzing version 0.0.0-nightly-20250927.0 (851/1242)...
2025-11-01 02:07:44,139 - BlankSpaceAnalyzer - INFO - -> Analyzing version 0.0.0-nightly-20250928.0 (852/1242)...
2025-11-01 02:07:44,245 - BlankSpaceAnalyzer - INFO - -> Analyzing version 0.0.0-nightly-20250929.0 (853/1242)...
2025-11-01 02:07:44,347 - BlankSpaceAnalyzer - INFO - -> Analyzing version 0.0.0-nightly-20250930.0 (854/1242)...
2025-11-01 02:07:44,451 - BlankSpaceAnalyzer - INFO - -> Analyzing version 0.0.0-nightly-20251001.0 (855/1242)...
2025-11-01 02:07:44,556 - BlankSpaceAnalyzer - INFO - -> Analyzing version 0.0.0-nightly-20251002.0 (856/1242)...
2025-11-01 02:07:44,667 - BlankSpaceAnalyzer - INFO - -> Analyzing version 0.0.0-nightly-20251003.0 (857/1242)...
2025-11-01 02:07:44,773 - BlankSpaceAnalyzer - INFO - -> Analyzing version 0.0.0-nightly-20251004.0 (858/1242)...
2025-11-01 02:07:44,882 - BlankSpaceAnalyzer - INFO - -> Analyzing version 0.0.0-nightly-20251005.0 (859/1242)...
2025-11-01 02:07:44,985 - BlankSpaceAnalyzer - INFO - -> Analyzing version 0.0.0-nightly-20251006.0 (860/1242)...
2025-11-01 02:07:45,097 - BlankSpaceAnalyzer - INFO - -> Analyzing version 0.0.0-nightly-20251007.0 (861/1242)...
2025-11-01 02:07:45,210 - BlankSpaceAnalyzer - INFO - -> Analyzing version 0.0.0-nightly-20251008.0 (862/1242)...
2025-11-01 02:07:45,312 - BlankSpaceAnalyzer - INFO - -> Analyzing version 0.0.0-nightly-20251009.0 (863/1242)...
2025-11-01 02:07:45,421 - BlankSpaceAnalyzer - INFO - -> Analyzing version 0.0.0-nightly-20251010.0 (864/1242)...
2025-11-01 02:07:45,529 - BlankSpaceAnalyzer - INFO - -> Analyzing version 0.0.0-nightly-20251010.1 (865/1242)...
2025-11-01 02:07:45,634 - BlankSpaceAnalyzer - INFO - -> Analyzing version 0.0.0-nightly-20251011.0 (866/1242)...
2025-11-01 02:07:45,744 - BlankSpaceAnalyzer - INFO - -> Analyzing version 0.0.0-nightly-20251012.0 (867/1242)...
2025-11-01 02:07:45,849 - BlankSpaceAnalyzer - INFO - -> Analyzing version 0.0.0-nightly-20251013.0 (868/1242)...
2025-11-01 02:07:45,954 - BlankSpaceAnalyzer - INFO - -> Analyzing version 0.0.0-nightly-20251014.0 (869/1242)...
2025-11-01 02:07:46,060 - BlankSpaceAnalyzer - INFO - -> Analyzing version 0.0.0-nightly-20251015.0 (870/1242)...
2025-11-01 02:07:46,165 - BlankSpaceAnalyzer - INFO - -> Analyzing version 0.0.0-nightly-20251016.0 (871/1242)...
2025-11-01 02:07:46,270 - BlankSpaceAnalyzer - INFO - -> Analyzing version 0.0.0-nightly-20251017.0 (872/1242)...
2025-11-01 02:07:46,380 - BlankSpaceAnalyzer - INFO - -> Analyzing version 0.0.0-nightly-20251018.0 (873/1242)...
2025-11-01 02:07:46,487 - BlankSpaceAnalyzer - INFO - -> Analyzing version 0.0.0-nightly-20251019.0 (874/1242)...
2025-11-01 02:07:46,591 - BlankSpaceAnalyzer - INFO - -> Analyzing version 0.0.0-nightly-20251020.0 (875/1242)...
2025-11-01 02:07:46,695 - BlankSpaceAnalyzer - INFO - -> Analyzing version 0.0.0-nightly-20251021.0 (876/1242)...
2025-11-01 02:07:46,806 - BlankSpaceAnalyzer - INFO - -> Analyzing version 0.0.0-nightly-20251022.0 (877/1242)...
2025-11-01 02:07:46,912 - BlankSpaceAnalyzer - INFO - -> Analyzing version 0.0.0-nightly-20251023.0 (878/1242)...
2025-11-01 02:07:47,017 - BlankSpaceAnalyzer - INFO - -> Analyzing version 0.0.0-nightly-20251024.0 (879/1242)...
2025-11-01 02:07:47,123 - BlankSpaceAnalyzer - INFO - -> Analyzing version 0.0.0-nightly-20251025.0 (880/1242)...
2025-11-01 02:07:47,226 - BlankSpaceAnalyzer - INFO - -> Analyzing version 0.0.0-nightly-20251026.0 (881/1242)...
2025-11-01 02:07:47,332 - BlankSpaceAnalyzer - INFO - -> Analyzing version 0.0.0-nightly-20251027.0 (882/1242)...
2025-11-01 02:07:47,444 - BlankSpaceAnalyzer - INFO - -> Analyzing version 0.0.0-nightly-20251028.0 (883/1242)...
2025-11-01 02:07:47,548 - BlankSpaceAnalyzer - INFO - -> Analyzing version 0.0.0-nightly-20251029.0 (884/1242)...
2025-11-01 02:07:47,652 - BlankSpaceAnalyzer - INFO - -> Analyzing version 0.0.0-nightly-20251030.0 (885/1242)...
2025-11-01 02:07:47,758 - BlankSpaceAnalyzer - INFO - -> Analyzing version 0.0.0-nightly-20251031.0 (886/1242)...
2025-11-01 02:07:47,870 - BlankSpaceAnalyzer - INFO - -> Analyzing version 0.0.0-nightly-next-20250211.0 (887/1242)...
2025-11-01 02:07:47,975 - BlankSpaceAnalyzer - INFO - -> Analyzing version 0.0.0-nightly-next-20250212.0 (888/1242)...
2025-11-01 02:07:48,082 - BlankSpaceAnalyzer - INFO - -> Analyzing version 0.0.0-nightly-next-20250213.0 (889/1242)...
2025-11-01 02:07:48,187 - BlankSpaceAnalyzer - INFO - -> Analyzing version 0.0.0-nightly-next-20250214.0 (890/1242)...
2025-11-01 02:07:48,292 - BlankSpaceAnalyzer - INFO - -> Analyzing version 0.0.0-nightly-next-20250215.0 (891/1242)...
2025-11-01 02:07:48,398 - BlankSpaceAnalyzer - INFO - -> Analyzing version 0.0.0-nightly-next-20250216.0 (892/1242)...
2025-11-01 02:07:48,502 - BlankSpaceAnalyzer - INFO - -> Analyzing version 0.0.0-nightly-next-20250217.0 (893/1242)...
2025-11-01 02:07:48,608 - BlankSpaceAnalyzer - INFO - -> Analyzing version 0.0.0-nightly-next-20250218.0 (894/1242)...
2025-11-01 02:07:48,718 - BlankSpaceAnalyzer - INFO - -> Analyzing version 0.0.0-nightly-next-20250219.0 (895/1242)...
2025-11-01 02:07:48,827 - BlankSpaceAnalyzer - INFO - -> Analyzing version 0.0.0-nightly-next-20250220.0 (896/1242)...
2025-11-01 02:07:48,931 - BlankSpaceAnalyzer - INFO - -> Analyzing version 0.0.0-nightly-next-20250221.0 (897/1242)...
2025-11-01 02:07:49,035 - BlankSpaceAnalyzer - INFO - -> Analyzing version 0.0.0-nightly-next-20250222.0 (898/1242)...
2025-11-01 02:07:49,140 - BlankSpaceAnalyzer - INFO - -> Analyzing version 0.0.0-nightly-next-20250223.0 (899/1242)...
2025-11-01 02:07:49,244 - BlankSpaceAnalyzer - INFO - -> Analyzing version 0.0.0-nightly-next-20250224.0 (900/1242)...
2025-11-01 02:07:49,347 - BlankSpaceAnalyzer - INFO - -> Analyzing version 0.0.0-nightly-next-20250225.0 (901/1242)...
2025-11-01 02:07:49,452 - BlankSpaceAnalyzer - INFO - -> Analyzing version 0.0.0-nightly-next-20250226.0 (902/1242)...
2025-11-01 02:07:49,557 - BlankSpaceAnalyzer - INFO - -> Analyzing version 0.0.0-nightly-next-20250227.0 (903/1242)...
2025-11-01 02:07:49,668 - BlankSpaceAnalyzer - INFO - -> Analyzing version 0.0.0-nightly-next-20250227.1 (904/1242)...
2025-11-01 02:07:49,775 - BlankSpaceAnalyzer - INFO - -> Analyzing version 0.0.0-nightly-next-20250228.0 (905/1242)...
2025-11-01 02:07:49,886 - BlankSpaceAnalyzer - INFO - -> Analyzing version 0.0.0-nightly-next-20250301.0 (906/1242)...
2025-11-01 02:07:49,994 - BlankSpaceAnalyzer - INFO - -> Analyzing version 0.0.0-nightly-next-20250302.0 (907/1242)...
2025-11-01 02:07:50,104 - BlankSpaceAnalyzer - INFO - -> Analyzing version 0.0.0-nightly-next-20250303.0 (908/1242)...
2025-11-01 02:07:50,209 - BlankSpaceAnalyzer - INFO - -> Analyzing version 0.0.0-nightly-next-20250304.0 (909/1242)...
2025-11-01 02:07:50,319 - BlankSpaceAnalyzer - INFO - -> Analyzing version 0.0.0-nightly-next-20250305.0 (910/1242)...
2025-11-01 02:07:50,425 - BlankSpaceAnalyzer - INFO - -> Analyzing version 0.4.0 (911/1242)...
2025-11-01 02:07:50,527 - BlankSpaceAnalyzer - INFO - -> Analyzing version 0.5.0 (912/1242)...
2025-11-01 02:07:50,629 - BlankSpaceAnalyzer - INFO - -> Analyzing version 0.5.1 (913/1242)...
2025-11-01 02:07:50,737 - BlankSpaceAnalyzer - INFO - -> Analyzing version 0.6.0 (914/1242)...
2025-11-01 02:07:50,844 - BlankSpaceAnalyzer - INFO - -> Analyzing version 0.7.0 (915/1242)...
2025-11-01 02:07:50,944 - BlankSpaceAnalyzer - INFO - -> Analyzing version 0.8.0 (916/1242)...
2025-11-01 02:07:51,053 - BlankSpaceAnalyzer - INFO - -> Analyzing version 1.0.0-alpha.1 (917/1242)...
2025-11-01 02:07:51,161 - BlankSpaceAnalyzer - INFO - -> Analyzing version 1.0.0-alpha.2 (918/1242)...
2025-11-01 02:07:51,261 - BlankSpaceAnalyzer - INFO - -> Analyzing version 1.0.0-beta.1 (919/1242)...
2025-11-01 02:07:51,360 - BlankSpaceAnalyzer - INFO - -> Analyzing version 1.0.0-beta.2 (920/1242)...
2025-11-01 02:07:51,468 - BlankSpaceAnalyzer - INFO - -> Analyzing version 1.0.0-beta.4 (921/1242)...
2025-11-01 02:07:51,575 - BlankSpaceAnalyzer - INFO - -> Analyzing version 10.0.0 (922/1242)...
2025-11-01 02:07:51,676 - BlankSpaceAnalyzer - INFO - -> Analyzing version 10.0.1 (923/1242)...
2025-11-01 02:07:51,776 - BlankSpaceAnalyzer - INFO - -> Analyzing version 10.0.2 (924/1242)...
2025-11-01 02:07:51,882 - BlankSpaceAnalyzer - INFO - -> Analyzing version 10.0.3 (925/1242)...
2025-11-01 02:07:51,981 - BlankSpaceAnalyzer - INFO - -> Analyzing version 10.0.4 (926/1242)...
2025-11-01 02:07:52,082 - BlankSpaceAnalyzer - INFO - -> Analyzing version 10.1.0 (927/1242)...
2025-11-01 02:07:52,184 - BlankSpaceAnalyzer - INFO - -> Analyzing version 11.0.0 (928/1242)...
2025-11-01 02:07:52,291 - BlankSpaceAnalyzer - INFO - -> Analyzing version 11.0.1 (929/1242)...
2025-11-01 02:07:52,395 - BlankSpaceAnalyzer - INFO - -> Analyzing version 11.0.2 (930/1242)...
2025-11-01 02:07:52,497 - BlankSpaceAnalyzer - INFO - -> Analyzing version 11.1.0 (931/1242)...
2025-11-01 02:07:52,601 - BlankSpaceAnalyzer - INFO - -> Analyzing version 11.1.1 (932/1242)...
2025-11-01 02:07:52,701 - BlankSpaceAnalyzer - INFO - -> Analyzing version 11.1.2 (933/1242)...
2025-11-01 02:07:52,804 - BlankSpaceAnalyzer - INFO - -> Analyzing version 15.0.0 (934/1242)...
2025-11-01 02:07:52,907 - BlankSpaceAnalyzer - INFO - -> Analyzing version 16.0.0 (935/1242)...
2025-11-01 02:07:53,006 - BlankSpaceAnalyzer - INFO - -> Analyzing version 17.0.0 (936/1242)...
2025-11-01 02:07:53,107 - BlankSpaceAnalyzer - INFO - -> Analyzing version 18.0.0 (937/1242)...
2025-11-01 02:07:53,208 - BlankSpaceAnalyzer - INFO - -> Analyzing version 19.0.0 (938/1242)...
2025-11-01 02:07:53,313 - BlankSpaceAnalyzer - INFO - -> Analyzing version 19.0.1 (939/1242)...
2025-11-01 02:07:53,414 - BlankSpaceAnalyzer - INFO - -> Analyzing version 20.0.0 (940/1242)...
2025-11-01 02:07:53,515 - BlankSpaceAnalyzer - INFO - -> Analyzing version 21.0.0 (941/1242)...
2025-11-01 02:07:53,623 - BlankSpaceAnalyzer - INFO - -> Analyzing version 22.0.0 (942/1242)...
2025-11-01 02:07:53,732 - BlankSpaceAnalyzer - INFO - -> Analyzing version 23.0.0 (943/1242)...
2025-11-01 02:07:53,836 - BlankSpaceAnalyzer - INFO - -> Analyzing version 23.1.0 (944/1242)...
2025-11-01 02:07:53,939 - BlankSpaceAnalyzer - INFO - -> Analyzing version 24.0.0 (945/1242)...
2025-11-01 02:07:54,047 - BlankSpaceAnalyzer - INFO - -> Analyzing version 25.0.0 (946/1242)...
2025-11-01 02:07:54,147 - BlankSpaceAnalyzer - INFO - -> Analyzing version 26.0.0 (947/1242)...
2025-11-01 02:07:54,247 - BlankSpaceAnalyzer - INFO - -> Analyzing version 27.0.0 (948/1242)...
2025-11-01 02:07:54,347 - BlankSpaceAnalyzer - INFO - -> Analyzing version 27.1.0 (949/1242)...
2025-11-01 02:07:54,447 - BlankSpaceAnalyzer - INFO - -> Analyzing version 28.0.0 (950/1242)...
2025-11-01 02:07:54,555 - BlankSpaceAnalyzer - INFO - -> Analyzing version 29.0.0 (951/1242)...
2025-11-01 02:07:54,663 - BlankSpaceAnalyzer - INFO - -> Analyzing version 29.1.0 (952/1242)...
2025-11-01 02:07:54,763 - BlankSpaceAnalyzer - INFO - -> Analyzing version 29.2.0 (953/1242)...
2025-11-01 02:07:54,864 - BlankSpaceAnalyzer - INFO - -> Analyzing version 30.0.0 (954/1242)...
2025-11-01 02:07:54,972 - BlankSpaceAnalyzer - INFO - -> Analyzing version 31.0.0 (955/1242)...
2025-11-01 02:07:55,081 - BlankSpaceAnalyzer - INFO - -> Analyzing version 31.1.0 (956/1242)...
2025-11-01 02:07:55,182 - BlankSpaceAnalyzer - INFO - -> Analyzing version 32.0.0 (957/1242)...
2025-11-01 02:07:55,283 - BlankSpaceAnalyzer - INFO - -> Analyzing version 33.0.0 (958/1242)...
2025-11-01 02:07:55,384 - BlankSpaceAnalyzer - INFO - -> Analyzing version 34.0.0 (959/1242)...
2025-11-01 02:07:55,484 - BlankSpaceAnalyzer - INFO - -> Analyzing version 34.1.0 (960/1242)...
2025-11-01 02:07:55,588 - BlankSpaceAnalyzer - INFO - -> Analyzing version 34.2.0 (961/1242)...
2025-11-01 02:07:55,697 - BlankSpaceAnalyzer - INFO - -> Analyzing version 35.0.0 (962/1242)...
2025-11-01 02:07:55,810 - BlankSpaceAnalyzer - INFO - -> Analyzing version 35.0.1 (963/1242)...
2025-11-01 02:07:55,915 - BlankSpaceAnalyzer - INFO - -> Analyzing version 35.1.0 (964/1242)...
2025-11-01 02:07:56,019 - BlankSpaceAnalyzer - INFO - -> Analyzing version 35.2.0 (965/1242)...
2025-11-01 02:07:56,120 - BlankSpaceAnalyzer - INFO - -> Analyzing version 35.2.1 (966/1242)...
2025-11-01 02:07:56,221 - BlankSpaceAnalyzer - INFO - -> Analyzing version 35.3.0 (967/1242)...
2025-11-01 02:07:56,322 - BlankSpaceAnalyzer - INFO - -> Analyzing version 35.3.1 (968/1242)...
2025-11-01 02:07:56,423 - BlankSpaceAnalyzer - INFO - -> Analyzing version 35.3.2 (969/1242)...
2025-11-01 02:07:56,524 - BlankSpaceAnalyzer - INFO - -> Analyzing version 35.4.0 (970/1242)...
2025-11-01 02:07:56,625 - BlankSpaceAnalyzer - INFO - -> Analyzing version 36.0.0 (971/1242)...
2025-11-01 02:07:56,731 - BlankSpaceAnalyzer - INFO - -> Analyzing version 36.0.1 (972/1242)...
2025-11-01 02:07:56,840 - BlankSpaceAnalyzer - INFO - -> Analyzing version 37.0.0 (973/1242)...
2025-11-01 02:07:56,940 - BlankSpaceAnalyzer - INFO - -> Analyzing version 37.0.0-alpha.0 (974/1242)...
2025-11-01 02:07:57,042 - BlankSpaceAnalyzer - INFO - -> Analyzing version 37.0.0-alpha.1 (975/1242)...
2025-11-01 02:07:57,145 - BlankSpaceAnalyzer - INFO - -> Analyzing version 37.0.0-alpha.2 (976/1242)...
2025-11-01 02:07:57,255 - BlankSpaceAnalyzer - INFO - -> Analyzing version 37.0.0-alpha.3 (977/1242)...
2025-11-01 02:07:57,365 - BlankSpaceAnalyzer - INFO - -> Analyzing version 37.0.0-rc.0 (978/1242)...
2025-11-01 02:07:57,467 - BlankSpaceAnalyzer - INFO - -> Analyzing version 37.0.1 (979/1242)...
2025-11-01 02:07:57,568 - BlankSpaceAnalyzer - INFO - -> Analyzing version 37.1.0 (980/1242)...
2025-11-01 02:07:57,671 - BlankSpaceAnalyzer - INFO - -> Analyzing version 38.0.0 (981/1242)...
2025-11-01 02:07:57,780 - BlankSpaceAnalyzer - INFO - -> Analyzing version 38.0.0-rc.0 (982/1242)...
2025-11-01 02:07:57,884 - BlankSpaceAnalyzer - INFO - -> Analyzing version 38.0.0-rc.1 (983/1242)...
2025-11-01 02:07:57,992 - BlankSpaceAnalyzer - INFO - -> Analyzing version 38.0.1 (984/1242)...
2025-11-01 02:07:58,093 - BlankSpaceAnalyzer - INFO - -> Analyzing version 38.1.0 (985/1242)...
2025-11-01 02:07:58,198 - BlankSpaceAnalyzer - INFO - -> Analyzing version 38.1.1 (986/1242)...
2025-11-01 02:07:58,304 - BlankSpaceAnalyzer - INFO - -> Analyzing version 38.2.0-alpha.0 (987/1242)...
2025-11-01 02:07:58,411 - BlankSpaceAnalyzer - INFO - -> Analyzing version 38.2.0-alpha.1 (988/1242)...
2025-11-01 02:07:58,516 - BlankSpaceAnalyzer - INFO - -> Analyzing version 39.0.0 (989/1242)...
2025-11-01 02:07:58,619 - BlankSpaceAnalyzer - INFO - -> Analyzing version 39.0.1 (990/1242)...
2025-11-01 02:07:58,727 - BlankSpaceAnalyzer - INFO - -> Analyzing version 39.0.2 (991/1242)...
2025-11-01 02:07:58,831 - BlankSpaceAnalyzer - INFO - -> Analyzing version 40.0.0 (992/1242)...
2025-11-01 02:07:58,933 - BlankSpaceAnalyzer - INFO - -> Analyzing version 40.1.0 (993/1242)...
2025-11-01 02:07:59,034 - BlankSpaceAnalyzer - INFO - -> Analyzing version 40.2.0 (994/1242)...
2025-11-01 02:07:59,137 - BlankSpaceAnalyzer - INFO - -> Analyzing version 41.0.0 (995/1242)...
2025-11-01 02:07:59,241 - BlankSpaceAnalyzer - INFO - -> Analyzing version 41.1.0 (996/1242)...
2025-11-01 02:07:59,343 - BlankSpaceAnalyzer - INFO - -> Analyzing version 41.2.0 (997/1242)...
2025-11-01 02:07:59,447 - BlankSpaceAnalyzer - INFO - -> Analyzing version 41.2.1 (998/1242)...
2025-11-01 02:07:59,556 - BlankSpaceAnalyzer - INFO - -> Analyzing version 41.3.0 (999/1242)...
2025-11-01 02:07:59,666 - BlankSpaceAnalyzer - INFO - -> Analyzing version 41.3.0-alpha.0 (1000/1242)...
2025-11-01 02:07:59,767 - BlankSpaceAnalyzer - INFO - -> Analyzing version 41.3.0-alpha.1 (1001/1242)...
2025-11-01 02:07:59,872 - BlankSpaceAnalyzer - INFO - -> Analyzing version 41.3.0-alpha.2 (1002/1242)...
2025-11-01 02:07:59,974 - BlankSpaceAnalyzer - INFO - -> Analyzing version 41.3.0-alpha.3 (1003/1242)...
2025-11-01 02:08:00,080 - BlankSpaceAnalyzer - INFO - -> Analyzing version 41.3.0-alpha.4 (1004/1242)...
2025-11-01 02:08:00,182 - BlankSpaceAnalyzer - INFO - -> Analyzing version 41.3.1 (1005/1242)...
2025-11-01 02:08:00,284 - BlankSpaceAnalyzer - INFO - -> Analyzing version 41.3.2 (1006/1242)...
2025-11-01 02:08:00,388 - BlankSpaceAnalyzer - INFO - -> Analyzing version 41.4.0 (1007/1242)...
2025-11-01 02:08:00,493 - BlankSpaceAnalyzer - INFO - -> Analyzing version 41.4.0-alpha.0 (1008/1242)...
2025-11-01 02:08:00,595 - BlankSpaceAnalyzer - INFO - -> Analyzing version 41.4.1 (1009/1242)...
2025-11-01 02:08:00,698 - BlankSpaceAnalyzer - INFO - -> Analyzing version 41.4.2 (1010/1242)...
2025-11-01 02:08:00,803 - BlankSpaceAnalyzer - INFO - -> Analyzing version 42.0.0 (1011/1242)...
2025-11-01 02:08:00,913 - BlankSpaceAnalyzer - INFO - -> Analyzing version 42.0.0-alpha.0 (1012/1242)...
2025-11-01 02:08:01,025 - BlankSpaceAnalyzer - INFO - -> Analyzing version 42.0.0-alpha.1 (1013/1242)...
2025-11-01 02:08:01,133 - BlankSpaceAnalyzer - INFO - -> Analyzing version 42.0.0-alpha.10 (1014/1242)...
2025-11-01 02:08:01,238 - BlankSpaceAnalyzer - INFO - -> Analyzing version 42.0.0-alpha.11 (1015/1242)...
2025-11-01 02:08:01,352 - BlankSpaceAnalyzer - INFO - -> Analyzing version 42.0.0-alpha.12 (1016/1242)...
2025-11-01 02:08:01,456 - BlankSpaceAnalyzer - INFO - -> Analyzing version 42.0.0-alpha.13 (1017/1242)...
2025-11-01 02:08:01,564 - BlankSpaceAnalyzer - INFO - -> Analyzing version 42.0.0-alpha.14 (1018/1242)...
2025-11-01 02:08:01,668 - BlankSpaceAnalyzer - INFO - -> Analyzing version 42.0.0-alpha.15 (1019/1242)...
2025-11-01 02:08:01,773 - BlankSpaceAnalyzer - INFO - -> Analyzing version 42.0.0-alpha.16 (1020/1242)...
2025-11-01 02:08:01,879 - BlankSpaceAnalyzer - INFO - -> Analyzing version 42.0.0-alpha.17 (1021/1242)...
2025-11-01 02:08:01,991 - BlankSpaceAnalyzer - INFO - -> Analyzing version 42.0.0-alpha.18 (1022/1242)...
2025-11-01 02:08:02,099 - BlankSpaceAnalyzer - INFO - -> Analyzing version 42.0.0-alpha.19 (1023/1242)...
2025-11-01 02:08:02,204 - BlankSpaceAnalyzer - INFO - -> Analyzing version 42.0.0-alpha.2 (1024/1242)...
2025-11-01 02:08:02,314 - BlankSpaceAnalyzer - INFO - -> Analyzing version 42.0.0-alpha.20 (1025/1242)...
2025-11-01 02:08:02,428 - BlankSpaceAnalyzer - INFO - -> Analyzing version 42.0.0-alpha.21 (1026/1242)...
2025-11-01 02:08:02,535 - BlankSpaceAnalyzer - INFO - -> Analyzing version 42.0.0-alpha.22 (1027/1242)...
2025-11-01 02:08:02,639 - BlankSpaceAnalyzer - INFO - -> Analyzing version 42.0.0-alpha.23 (1028/1242)...
2025-11-01 02:08:02,744 - BlankSpaceAnalyzer - INFO - -> Analyzing version 42.0.0-alpha.24 (1029/1242)...
2025-11-01 02:08:02,849 - BlankSpaceAnalyzer - INFO - -> Analyzing version 42.0.0-alpha.3 (1030/1242)...
2025-11-01 02:08:02,954 - BlankSpaceAnalyzer - INFO - -> Analyzing version 42.0.0-alpha.4 (1031/1242)...
2025-11-01 02:08:03,070 - BlankSpaceAnalyzer - INFO - -> Analyzing version 42.0.0-alpha.5 (1032/1242)...
2025-11-01 02:08:03,175 - BlankSpaceAnalyzer - INFO - -> Analyzing version 42.0.0-alpha.6 (1033/1242)...
2025-11-01 02:08:03,282 - BlankSpaceAnalyzer - INFO - -> Analyzing version 42.0.0-alpha.7 (1034/1242)...
2025-11-01 02:08:03,387 - BlankSpaceAnalyzer - INFO - -> Analyzing version 42.0.0-alpha.8 (1035/1242)...
2025-11-01 02:08:03,493 - BlankSpaceAnalyzer - INFO - -> Analyzing version 42.0.0-alpha.9 (1036/1242)...
2025-11-01 02:08:03,602 - BlankSpaceAnalyzer - INFO - -> Analyzing version 42.0.1 (1037/1242)...
2025-11-01 02:08:03,710 - BlankSpaceAnalyzer - INFO - -> Analyzing version 42.0.1-alpha.0 (1038/1242)...
2025-11-01 02:08:03,816 - BlankSpaceAnalyzer - INFO - -> Analyzing version 42.0.1-alpha.1 (1039/1242)...
2025-11-01 02:08:03,920 - BlankSpaceAnalyzer - INFO - -> Analyzing version 42.0.1-alpha.2 (1040/1242)...
2025-11-01 02:08:04,026 - BlankSpaceAnalyzer - INFO - -> Analyzing version 42.0.1-alpha.3 (1041/1242)...
2025-11-01 02:08:04,130 - BlankSpaceAnalyzer - INFO - -> Analyzing version 42.0.2 (1042/1242)...
2025-11-01 02:08:04,236 - BlankSpaceAnalyzer - INFO - -> Analyzing version 42.0.2-alpha.0 (1043/1242)...
2025-11-01 02:08:04,351 - BlankSpaceAnalyzer - INFO - -> Analyzing version 42.0.2-alpha.1 (1044/1242)...
2025-11-01 02:08:04,456 - BlankSpaceAnalyzer - INFO - -> Analyzing version 42.0.2-alpha.2 (1045/1242)...
2025-11-01 02:08:04,560 - BlankSpaceAnalyzer - INFO - -> Analyzing version 43.0.0 (1046/1242)...
2025-11-01 02:08:04,666 - BlankSpaceAnalyzer - INFO - -> Analyzing version 43.0.0-alpha.0 (1047/1242)...
2025-11-01 02:08:04,770 - BlankSpaceAnalyzer - INFO - -> Analyzing version 43.0.0-alpha.1 (1048/1242)...
2025-11-01 02:08:04,879 - BlankSpaceAnalyzer - INFO - -> Analyzing version 43.0.0-alpha.2 (1049/1242)...
2025-11-01 02:08:04,990 - BlankSpaceAnalyzer - INFO - -> Analyzing version 43.0.0-alpha.3 (1050/1242)...
2025-11-01 02:08:05,096 - BlankSpaceAnalyzer - INFO - -> Analyzing version 43.0.0-alpha.4 (1051/1242)...
2025-11-01 02:08:05,203 - BlankSpaceAnalyzer - INFO - -> Analyzing version 43.0.0-alpha.5 (1052/1242)...
2025-11-01 02:08:05,313 - BlankSpaceAnalyzer - INFO - -> Analyzing version 43.0.0-alpha.6 (1053/1242)...
2025-11-01 02:08:05,427 - BlankSpaceAnalyzer - INFO - -> Analyzing version 43.1.0 (1054/1242)...
2025-11-01 02:08:05,535 - BlankSpaceAnalyzer - INFO - -> Analyzing version 43.1.0-alpha.0 (1055/1242)...
2025-11-01 02:08:05,643 - BlankSpaceAnalyzer - INFO - -> Analyzing version 43.1.0-alpha.1 (1056/1242)...
2025-11-01 02:08:05,749 - BlankSpaceAnalyzer - INFO - -> Analyzing version 43.1.0-alpha.2 (1057/1242)...
2025-11-01 02:08:05,978 - BlankSpaceAnalyzer - INFO - -> Analyzing version 43.1.0-alpha.3 (1058/1242)...
2025-11-01 02:08:06,086 - BlankSpaceAnalyzer - INFO - -> Analyzing version 43.1.0-alpha.4 (1059/1242)...
2025-11-01 02:08:06,197 - BlankSpaceAnalyzer - INFO - -> Analyzing version 43.1.0-alpha.5 (1060/1242)...
2025-11-01 02:08:06,300 - BlankSpaceAnalyzer - INFO - -> Analyzing version 43.1.0-alpha.6 (1061/1242)...
2025-11-01 02:08:06,406 - BlankSpaceAnalyzer - INFO - -> Analyzing version 43.1.0-alpha.7 (1062/1242)...
2025-11-01 02:08:06,511 - BlankSpaceAnalyzer - INFO - -> Analyzing version 43.1.0-alpha.8 (1063/1242)...
2025-11-01 02:08:06,616 - BlankSpaceAnalyzer - INFO - -> Analyzing version 43.1.1 (1064/1242)...
2025-11-01 02:08:06,721 - BlankSpaceAnalyzer - INFO - -> Analyzing version 43.2.0 (1065/1242)...
2025-11-01 02:08:06,829 - BlankSpaceAnalyzer - INFO - -> Analyzing version 43.2.0-alpha.0 (1066/1242)...
2025-11-01 02:08:06,935 - BlankSpaceAnalyzer - INFO - -> Analyzing version 43.2.0-alpha.1 (1067/1242)...
2025-11-01 02:08:07,039 - BlankSpaceAnalyzer - INFO - -> Analyzing version 43.2.0-alpha.2 (1068/1242)...
2025-11-01 02:08:07,144 - BlankSpaceAnalyzer - INFO - -> Analyzing version 43.2.0-alpha.3 (1069/1242)...
2025-11-01 02:08:07,249 - BlankSpaceAnalyzer - INFO - -> Analyzing version 43.2.0-alpha.4 (1070/1242)...
2025-11-01 02:08:07,364 - BlankSpaceAnalyzer - INFO - -> Analyzing version 43.2.0-alpha.5 (1071/1242)...
2025-11-01 02:08:07,469 - BlankSpaceAnalyzer - INFO - -> Analyzing version 43.2.0-alpha.6 (1072/1242)...
2025-11-01 02:08:07,574 - BlankSpaceAnalyzer - INFO - -> Analyzing version 43.2.0-alpha.7 (1073/1242)...
2025-11-01 02:08:07,681 - BlankSpaceAnalyzer - INFO - -> Analyzing version 43.3.0 (1074/1242)...
2025-11-01 02:08:07,788 - BlankSpaceAnalyzer - INFO - -> Analyzing version 43.3.0-alpha.0 (1075/1242)...
2025-11-01 02:08:07,896 - BlankSpaceAnalyzer - INFO - -> Analyzing version 43.3.0-alpha.1 (1076/1242)...
2025-11-01 02:08:08,007 - BlankSpaceAnalyzer - INFO - -> Analyzing version 43.3.0-alpha.10 (1077/1242)...
2025-11-01 02:08:08,113 - BlankSpaceAnalyzer - INFO - -> Analyzing version 43.3.0-alpha.11 (1078/1242)...
2025-11-01 02:08:08,220 - BlankSpaceAnalyzer - INFO - -> Analyzing version 43.3.0-alpha.12 (1079/1242)...
2025-11-01 02:08:08,328 - BlankSpaceAnalyzer - INFO - -> Analyzing version 43.3.0-alpha.2 (1080/1242)...
2025-11-01 02:08:08,435 - BlankSpaceAnalyzer - INFO - -> Analyzing version 43.3.0-alpha.3 (1081/1242)...
2025-11-01 02:08:08,553 - BlankSpaceAnalyzer - INFO - -> Analyzing version 43.3.0-alpha.4 (1082/1242)...
2025-11-01 02:08:08,658 - BlankSpaceAnalyzer - INFO - -> Analyzing version 43.3.0-alpha.5 (1083/1242)...
2025-11-01 02:08:08,764 - BlankSpaceAnalyzer - INFO - -> Analyzing version 43.3.0-alpha.6 (1084/1242)...
2025-11-01 02:08:08,872 - BlankSpaceAnalyzer - INFO - -> Analyzing version 43.3.0-alpha.7 (1085/1242)...
2025-11-01 02:08:08,979 - BlankSpaceAnalyzer - INFO - -> Analyzing version 43.3.0-alpha.8 (1086/1242)...
2025-11-01 02:08:09,087 - BlankSpaceAnalyzer - INFO - -> Analyzing version 43.3.0-alpha.9 (1087/1242)...
2025-11-01 02:08:09,195 - BlankSpaceAnalyzer - INFO - -> Analyzing version 43.3.1 (1088/1242)...
2025-11-01 02:08:09,307 - BlankSpaceAnalyzer - INFO - -> Analyzing version 43.3.1-alpha.0 (1089/1242)...
2025-11-01 02:08:09,417 - BlankSpaceAnalyzer - INFO - -> Analyzing version 44.0.0 (1090/1242)...
2025-11-01 02:08:09,525 - BlankSpaceAnalyzer - INFO - -> Analyzing version 44.0.0-alpha.0 (1091/1242)...
2025-11-01 02:08:09,639 - BlankSpaceAnalyzer - INFO - -> Analyzing version 44.0.0-alpha.1 (1092/1242)...
2025-11-01 02:08:09,747 - BlankSpaceAnalyzer - INFO - -> Analyzing version 44.0.0-alpha.10 (1093/1242)...
2025-11-01 02:08:09,862 - BlankSpaceAnalyzer - INFO - -> Analyzing version 44.0.0-alpha.11 (1094/1242)...
2025-11-01 02:08:09,976 - BlankSpaceAnalyzer - INFO - -> Analyzing version 44.0.0-alpha.12 (1095/1242)...
2025-11-01 02:08:10,082 - BlankSpaceAnalyzer - INFO - -> Analyzing version 44.0.0-alpha.2 (1096/1242)...
2025-11-01 02:08:10,191 - BlankSpaceAnalyzer - INFO - -> Analyzing version 44.0.0-alpha.3 (1097/1242)...
2025-11-01 02:08:10,302 - BlankSpaceAnalyzer - INFO - -> Analyzing version 44.0.0-alpha.4 (1098/1242)...
2025-11-01 02:08:10,415 - BlankSpaceAnalyzer - INFO - -> Analyzing version 44.0.0-alpha.5 (1099/1242)...
2025-11-01 02:08:10,530 - BlankSpaceAnalyzer - INFO - -> Analyzing version 44.0.0-alpha.6 (1100/1242)...
2025-11-01 02:08:10,636 - BlankSpaceAnalyzer - INFO - -> Analyzing version 44.0.0-alpha.7 (1101/1242)...
2025-11-01 02:08:10,743 - BlankSpaceAnalyzer - INFO - -> Analyzing version 44.0.0-alpha.8 (1102/1242)...
2025-11-01 02:08:10,850 - BlankSpaceAnalyzer - INFO - -> Analyzing version 44.0.0-alpha.9 (1103/1242)...
2025-11-01 02:08:10,967 - BlankSpaceAnalyzer - INFO - -> Analyzing version 44.1.0 (1104/1242)...
2025-11-01 02:08:11,079 - BlankSpaceAnalyzer - INFO - -> Analyzing version 44.1.0-alpha.0 (1105/1242)...
2025-11-01 02:08:11,189 - BlankSpaceAnalyzer - INFO - -> Analyzing version 44.1.0-alpha.1 (1106/1242)...
2025-11-01 02:08:11,306 - BlankSpaceAnalyzer - INFO - -> Analyzing version 44.1.0-alpha.2 (1107/1242)...
2025-11-01 02:08:11,423 - BlankSpaceAnalyzer - INFO - -> Analyzing version 44.1.0-alpha.3 (1108/1242)...
2025-11-01 02:08:11,544 - BlankSpaceAnalyzer - INFO - -> Analyzing version 44.1.0-alpha.4 (1109/1242)...
2025-11-01 02:08:11,649 - BlankSpaceAnalyzer - INFO - -> Analyzing version 44.1.0-alpha.5 (1110/1242)...
2025-11-01 02:08:11,755 - BlankSpaceAnalyzer - INFO - -> Analyzing version 44.2.0 (1111/1242)...
2025-11-01 02:08:11,862 - BlankSpaceAnalyzer - INFO - -> Analyzing version 44.2.0-alpha.0 (1112/1242)...
2025-11-01 02:08:11,970 - BlankSpaceAnalyzer - INFO - -> Analyzing version 44.2.0-alpha.1 (1113/1242)...
2025-11-01 02:08:12,078 - BlankSpaceAnalyzer - INFO - -> Analyzing version 44.2.0-alpha.10 (1114/1242)...
2025-11-01 02:08:12,187 - BlankSpaceAnalyzer - INFO - -> Analyzing version 44.2.0-alpha.11 (1115/1242)...
2025-11-01 02:08:12,299 - BlankSpaceAnalyzer - INFO - -> Analyzing version 44.2.0-alpha.12 (1116/1242)...
2025-11-01 02:08:12,417 - BlankSpaceAnalyzer - INFO - -> Analyzing version 44.2.0-alpha.13 (1117/1242)...
2025-11-01 02:08:12,534 - BlankSpaceAnalyzer - INFO - -> Analyzing version 44.2.0-alpha.14 (1118/1242)...
2025-11-01 02:08:12,650 - BlankSpaceAnalyzer - INFO - -> Analyzing version 44.2.0-alpha.15 (1119/1242)...
2025-11-01 02:08:12,769 - BlankSpaceAnalyzer - INFO - -> Analyzing version 44.2.0-alpha.16 (1120/1242)...
2025-11-01 02:08:12,878 - BlankSpaceAnalyzer - INFO - -> Analyzing version 44.2.0-alpha.2 (1121/1242)...
2025-11-01 02:08:12,988 - BlankSpaceAnalyzer - INFO - -> Analyzing version 44.2.0-alpha.3 (1122/1242)...
2025-11-01 02:08:13,107 - BlankSpaceAnalyzer - INFO - -> Analyzing version 44.2.0-alpha.4 (1123/1242)...
2025-11-01 02:08:13,216 - BlankSpaceAnalyzer - INFO - -> Analyzing version 44.2.0-alpha.5 (1124/1242)...
2025-11-01 02:08:13,336 - BlankSpaceAnalyzer - INFO - -> Analyzing version 44.2.0-alpha.6 (1125/1242)...
2025-11-01 02:08:13,443 - BlankSpaceAnalyzer - INFO - -> Analyzing version 44.2.0-alpha.7 (1126/1242)...
2025-11-01 02:08:13,554 - BlankSpaceAnalyzer - INFO - -> Analyzing version 44.2.0-alpha.8 (1127/1242)...
2025-11-01 02:08:13,672 - BlankSpaceAnalyzer - INFO - -> Analyzing version 44.2.0-alpha.9 (1128/1242)...
2025-11-01 02:08:13,779 - BlankSpaceAnalyzer - INFO - -> Analyzing version 44.2.1 (1129/1242)...
2025-11-01 02:08:13,889 - BlankSpaceAnalyzer - INFO - -> Analyzing version 44.2.1-alpha.0 (1130/1242)...
2025-11-01 02:08:14,000 - BlankSpaceAnalyzer - INFO - -> Analyzing version 44.3.0 (1131/1242)...
2025-11-01 02:08:14,123 - BlankSpaceAnalyzer - INFO - -> Analyzing version 44.3.0-alpha.0 (1132/1242)...
2025-11-01 02:08:14,238 - BlankSpaceAnalyzer - INFO - -> Analyzing version 44.3.0-alpha.1 (1133/1242)...
2025-11-01 02:08:14,345 - BlankSpaceAnalyzer - INFO - -> Analyzing version 44.3.0-alpha.2 (1134/1242)...
2025-11-01 02:08:14,454 - BlankSpaceAnalyzer - INFO - -> Analyzing version 44.3.0-alpha.3 (1135/1242)...
2025-11-01 02:08:14,563 - BlankSpaceAnalyzer - INFO - -> Analyzing version 44.3.0-alpha.4 (1136/1242)...
2025-11-01 02:08:14,674 - BlankSpaceAnalyzer - INFO - -> Analyzing version 44.3.0-alpha.5 (1137/1242)...
2025-11-01 02:08:14,783 - BlankSpaceAnalyzer - INFO - -> Analyzing version 44.3.0-alpha.6 (1138/1242)...
2025-11-01 02:08:14,896 - BlankSpaceAnalyzer - INFO - -> Analyzing version 44.3.0-alpha.7 (1139/1242)...
2025-11-01 02:08:15,003 - BlankSpaceAnalyzer - INFO - -> Analyzing version 45.0.0 (1140/1242)...
2025-11-01 02:08:15,114 - BlankSpaceAnalyzer - INFO - -> Analyzing version 45.0.0-alpha.0 (1141/1242)...
2025-11-01 02:08:15,222 - BlankSpaceAnalyzer - INFO - -> Analyzing version 45.0.0-alpha.1 (1142/1242)...
2025-11-01 02:08:15,330 - BlankSpaceAnalyzer - INFO - -> Analyzing version 45.0.0-alpha.10 (1143/1242)...
2025-11-01 02:08:15,446 - BlankSpaceAnalyzer - INFO - -> Analyzing version 45.0.0-alpha.11 (1144/1242)...
2025-11-01 02:08:15,555 - BlankSpaceAnalyzer - INFO - -> Analyzing version 45.0.0-alpha.12 (1145/1242)...
2025-11-01 02:08:15,664 - BlankSpaceAnalyzer - INFO - -> Analyzing version 45.0.0-alpha.2 (1146/1242)...
2025-11-01 02:08:15,774 - BlankSpaceAnalyzer - INFO - -> Analyzing version 45.0.0-alpha.3 (1147/1242)...
2025-11-01 02:08:15,887 - BlankSpaceAnalyzer - INFO - -> Analyzing version 45.0.0-alpha.4 (1148/1242)...
2025-11-01 02:08:16,007 - BlankSpaceAnalyzer - INFO - -> Analyzing version 45.0.0-alpha.5 (1149/1242)...
2025-11-01 02:08:16,124 - BlankSpaceAnalyzer - INFO - -> Analyzing version 45.0.0-alpha.6 (1150/1242)...
2025-11-01 02:08:16,239 - BlankSpaceAnalyzer - INFO - -> Analyzing version 45.0.0-alpha.7 (1151/1242)...
2025-11-01 02:08:16,348 - BlankSpaceAnalyzer - INFO - -> Analyzing version 45.0.0-alpha.8 (1152/1242)...
2025-11-01 02:08:16,456 - BlankSpaceAnalyzer - INFO - -> Analyzing version 45.0.0-alpha.9 (1153/1242)...
2025-11-01 02:08:16,567 - BlankSpaceAnalyzer - INFO - -> Analyzing version 45.1.0 (1154/1242)...
2025-11-01 02:08:16,676 - BlankSpaceAnalyzer - INFO - -> Analyzing version 45.1.0-alpha.0 (1155/1242)...
2025-11-01 02:08:16,784 - BlankSpaceAnalyzer - INFO - -> Analyzing version 45.1.0-alpha.1 (1156/1242)...
2025-11-01 02:08:16,896 - BlankSpaceAnalyzer - INFO - -> Analyzing version 45.1.0-alpha.2 (1157/1242)...
2025-11-01 02:08:17,003 - BlankSpaceAnalyzer - INFO - -> Analyzing version 45.1.0-alpha.3 (1158/1242)...
2025-11-01 02:08:17,119 - BlankSpaceAnalyzer - INFO - -> Analyzing version 45.1.0-alpha.4 (1159/1242)...
2025-11-01 02:08:17,229 - BlankSpaceAnalyzer - INFO - -> Analyzing version 45.1.0-alpha.5 (1160/1242)...
2025-11-01 02:08:17,341 - BlankSpaceAnalyzer - INFO - -> Analyzing version 45.1.0-alpha.6 (1161/1242)...
2025-11-01 02:08:17,449 - BlankSpaceAnalyzer - INFO - -> Analyzing version 45.1.0-alpha.7 (1162/1242)...
2025-11-01 02:08:17,565 - BlankSpaceAnalyzer - INFO - -> Analyzing version 45.2.0 (1163/1242)...
2025-11-01 02:08:17,675 - BlankSpaceAnalyzer - INFO - -> Analyzing version 45.2.0-alpha.0 (1164/1242)...
2025-11-01 02:08:17,787 - BlankSpaceAnalyzer - INFO - -> Analyzing version 45.2.0-alpha.1 (1165/1242)...
2025-11-01 02:08:17,902 - BlankSpaceAnalyzer - INFO - -> Analyzing version 45.2.0-alpha.2 (1166/1242)...
2025-11-01 02:08:18,016 - BlankSpaceAnalyzer - INFO - -> Analyzing version 45.2.0-alpha.3 (1167/1242)...
2025-11-01 02:08:18,133 - BlankSpaceAnalyzer - INFO - -> Analyzing version 45.2.0-alpha.4 (1168/1242)...
2025-11-01 02:08:18,242 - BlankSpaceAnalyzer - INFO - -> Analyzing version 45.2.0-alpha.5 (1169/1242)...
2025-11-01 02:08:18,352 - BlankSpaceAnalyzer - INFO - -> Analyzing version 45.2.0-alpha.6 (1170/1242)...
2025-11-01 02:08:18,471 - BlankSpaceAnalyzer - INFO - -> Analyzing version 45.2.0-alpha.7 (1171/1242)...
2025-11-01 02:08:18,580 - BlankSpaceAnalyzer - INFO - -> Analyzing version 45.2.1 (1172/1242)...
2025-11-01 02:08:18,691 - BlankSpaceAnalyzer - INFO - -> Analyzing version 45.2.1-alpha.0 (1173/1242)...
2025-11-01 02:08:18,804 - BlankSpaceAnalyzer - INFO - -> Analyzing version 45.2.1-alpha.1 (1174/1242)...
2025-11-01 02:08:18,923 - BlankSpaceAnalyzer - INFO - -> Analyzing version 45.2.1-alpha.10 (1175/1242)...
2025-11-01 02:08:19,043 - BlankSpaceAnalyzer - INFO - -> Analyzing version 45.2.1-alpha.2 (1176/1242)...
2025-11-01 02:08:19,152 - BlankSpaceAnalyzer - INFO - -> Analyzing version 45.2.1-alpha.3 (1177/1242)...
2025-11-01 02:08:19,268 - BlankSpaceAnalyzer - INFO - -> Analyzing version 45.2.1-alpha.4 (1178/1242)...
2025-11-01 02:08:19,378 - BlankSpaceAnalyzer - INFO - -> Analyzing version 45.2.1-alpha.5 (1179/1242)...
2025-11-01 02:08:19,488 - BlankSpaceAnalyzer - INFO - -> Analyzing version 45.2.1-alpha.6 (1180/1242)...
2025-11-01 02:08:19,599 - BlankSpaceAnalyzer - INFO - -> Analyzing version 45.2.1-alpha.7 (1181/1242)...
2025-11-01 02:08:19,715 - BlankSpaceAnalyzer - INFO - -> Analyzing version 45.2.1-alpha.8 (1182/1242)...
2025-11-01 02:08:19,835 - BlankSpaceAnalyzer - INFO - -> Analyzing version 45.2.1-alpha.9 (1183/1242)...
2025-11-01 02:08:19,946 - BlankSpaceAnalyzer - INFO - -> Analyzing version 45.2.2 (1184/1242)...
2025-11-01 02:08:20,056 - BlankSpaceAnalyzer - INFO - -> Analyzing version 46.0.0 (1185/1242)...
2025-11-01 02:08:20,168 - BlankSpaceAnalyzer - INFO - -> Analyzing version 46.0.0-alpha.0 (1186/1242)...
2025-11-01 02:08:20,279 - BlankSpaceAnalyzer - INFO - -> Analyzing version 46.0.0-alpha.1 (1187/1242)...
2025-11-01 02:08:20,395 - BlankSpaceAnalyzer - INFO - -> Analyzing version 46.0.0-alpha.2 (1188/1242)...
2025-11-01 02:08:20,508 - BlankSpaceAnalyzer - INFO - -> Analyzing version 46.0.0-alpha.3 (1189/1242)...
2025-11-01 02:08:20,619 - BlankSpaceAnalyzer - INFO - -> Analyzing version 46.0.0-alpha.4 (1190/1242)...
2025-11-01 02:08:20,729 - BlankSpaceAnalyzer - INFO - -> Analyzing version 46.0.0-alpha.5 (1191/1242)...
2025-11-01 02:08:20,844 - BlankSpaceAnalyzer - INFO - -> Analyzing version 46.0.0-alpha.6 (1192/1242)...
2025-11-01 02:08:20,956 - BlankSpaceAnalyzer - INFO - -> Analyzing version 46.0.0-alpha.7 (1193/1242)...
2025-11-01 02:08:21,074 - BlankSpaceAnalyzer - INFO - -> Analyzing version 46.0.0-alpha.8 (1194/1242)...
2025-11-01 02:08:21,183 - BlankSpaceAnalyzer - INFO - -> Analyzing version 46.0.1 (1195/1242)...
2025-11-01 02:08:21,302 - BlankSpaceAnalyzer - INFO - -> Analyzing version 46.0.1-alpha.0 (1196/1242)...
2025-11-01 02:08:21,410 - BlankSpaceAnalyzer - INFO - -> Analyzing version 46.0.1-alpha.1 (1197/1242)...
2025-11-01 02:08:21,521 - BlankSpaceAnalyzer - INFO - -> Analyzing version 46.0.1-alpha.10 (1198/1242)...
2025-11-01 02:08:21,631 - BlankSpaceAnalyzer - INFO - -> Analyzing version 46.0.1-alpha.11 (1199/1242)...
2025-11-01 02:08:21,749 - BlankSpaceAnalyzer - INFO - -> Analyzing version 46.0.1-alpha.12 (1200/1242)...
2025-11-01 02:08:21,860 - BlankSpaceAnalyzer - INFO - -> Analyzing version 46.0.1-alpha.13 (1201/1242)...
2025-11-01 02:08:21,981 - BlankSpaceAnalyzer - INFO - -> Analyzing version 46.0.1-alpha.14 (1202/1242)...
2025-11-01 02:08:22,092 - BlankSpaceAnalyzer - INFO - -> Analyzing version 46.0.1-alpha.2 (1203/1242)...
2025-11-01 02:08:22,207 - BlankSpaceAnalyzer - INFO - -> Analyzing version 46.0.1-alpha.3 (1204/1242)...
2025-11-01 02:08:22,321 - BlankSpaceAnalyzer - INFO - -> Analyzing version 46.0.1-alpha.4 (1205/1242)...
2025-11-01 02:08:22,431 - BlankSpaceAnalyzer - INFO - -> Analyzing version 46.0.1-alpha.5 (1206/1242)...
2025-11-01 02:08:22,543 - BlankSpaceAnalyzer - INFO - -> Analyzing version 46.0.1-alpha.6 (1207/1242)...
2025-11-01 02:08:22,654 - BlankSpaceAnalyzer - INFO - -> Analyzing version 46.0.1-alpha.7 (1208/1242)...
2025-11-01 02:08:22,765 - BlankSpaceAnalyzer - INFO - -> Analyzing version 46.0.1-alpha.8 (1209/1242)...
2025-11-01 02:08:22,874 - BlankSpaceAnalyzer - INFO - -> Analyzing version 46.0.1-alpha.9 (1210/1242)...
2025-11-01 02:08:22,986 - BlankSpaceAnalyzer - INFO - -> Analyzing version 46.0.2 (1211/1242)...
2025-11-01 02:08:23,097 - BlankSpaceAnalyzer - INFO - -> Analyzing version 46.0.2-alpha.0 (1212/1242)...
2025-11-01 02:08:23,209 - BlankSpaceAnalyzer - INFO - -> Analyzing version 46.0.2-alpha.1 (1213/1242)...
2025-11-01 02:08:23,326 - BlankSpaceAnalyzer - INFO - -> Analyzing version 46.0.3 (1214/1242)...
2025-11-01 02:08:23,448 - BlankSpaceAnalyzer - INFO - -> Analyzing version 46.1.0 (1215/1242)...
2025-11-01 02:08:23,564 - BlankSpaceAnalyzer - INFO - -> Analyzing version 46.1.0-alpha.0 (1216/1242)...
2025-11-01 02:08:23,681 - BlankSpaceAnalyzer - INFO - -> Analyzing version 46.1.0-alpha.1 (1217/1242)...
2025-11-01 02:08:23,794 - BlankSpaceAnalyzer - INFO - -> Analyzing version 46.1.0-alpha.2 (1218/1242)...
2025-11-01 02:08:23,908 - BlankSpaceAnalyzer - INFO - -> Analyzing version 46.1.1 (1219/1242)...
2025-11-01 02:08:24,020 - BlankSpaceAnalyzer - INFO - -> Analyzing version 46.1.1-alpha.0 (1220/1242)...
2025-11-01 02:08:24,133 - BlankSpaceAnalyzer - INFO - -> Analyzing version 46.1.1-alpha.1 (1221/1242)...
2025-11-01 02:08:24,246 - BlankSpaceAnalyzer - INFO - -> Analyzing version 46.1.1-alpha.2 (1222/1242)...
2025-11-01 02:08:24,358 - BlankSpaceAnalyzer - INFO - -> Analyzing version 46.1.1-alpha.3 (1223/1242)...
2025-11-01 02:08:24,484 - BlankSpaceAnalyzer - INFO - -> Analyzing version 47.0.0 (1224/1242)...
2025-11-01 02:08:24,594 - BlankSpaceAnalyzer - INFO - -> Analyzing version 47.0.0-alpha.0 (1225/1242)...
2025-11-01 02:08:24,715 - BlankSpaceAnalyzer - INFO - -> Analyzing version 47.0.0-alpha.1 (1226/1242)...
2025-11-01 02:08:24,828 - BlankSpaceAnalyzer - INFO - -> Analyzing version 47.0.0-alpha.2 (1227/1242)...
2025-11-01 02:08:24,943 - BlankSpaceAnalyzer - INFO - -> Analyzing version 47.0.0-alpha.3 (1228/1242)...
2025-11-01 02:08:25,057 - BlankSpaceAnalyzer - INFO - -> Analyzing version 47.0.0-alpha.4 (1229/1242)...
2025-11-01 02:08:25,168 - BlankSpaceAnalyzer - INFO - -> Analyzing version 47.0.0-alpha.5 (1230/1242)...
2025-11-01 02:08:25,277 - BlankSpaceAnalyzer - INFO - -> Analyzing version 47.0.0-alpha.6 (1231/1242)...
2025-11-01 02:08:25,389 - BlankSpaceAnalyzer - INFO - -> Analyzing version 47.0.0-alpha.7 (1232/1242)...
2025-11-01 02:08:25,500 - BlankSpaceAnalyzer - INFO - -> Analyzing version 47.0.0-alpha.8 (1233/1242)...
2025-11-01 02:08:25,614 - BlankSpaceAnalyzer - INFO - -> Analyzing version 47.0.0-alpha.9 (1234/1242)...
2025-11-01 02:08:25,726 - BlankSpaceAnalyzer - INFO - -> Analyzing version 47.1.0 (1235/1242)...
2025-11-01 02:08:25,839 - BlankSpaceAnalyzer - INFO - -> Analyzing version 47.1.0-alpha.0 (1236/1242)...
2025-11-01 02:08:25,953 - BlankSpaceAnalyzer - INFO - -> Analyzing version 47.1.0-alpha.1 (1237/1242)...
2025-11-01 02:08:26,065 - BlankSpaceAnalyzer - INFO - -> Analyzing version 47.1.0-alpha.2 (1238/1242)...
2025-11-01 02:08:26,178 - BlankSpaceAnalyzer - INFO - -> Analyzing version 47.2.0-alpha.0 (1239/1242)...
2025-11-01 02:08:26,291 - BlankSpaceAnalyzer - INFO - -> Analyzing version 47.2.0-alpha.1 (1240/1242)...
2025-11-01 02:08:26,403 - BlankSpaceAnalyzer - INFO - -> Analyzing version 47.2.0-alpha.2 (1241/1242)...
2025-11-01 02:08:26,517 - BlankSpaceAnalyzer - INFO - -> Analyzing version 47.2.0-alpha.3 (1242/1242)...
2025-11-01 02:08:26,631 - BlankSpaceAnalyzer - INFO - Exporting results for '@ckeditor/ckeditor5-link' to CSV...
2025-11-01 02:08:29,841 - BlankSpaceAnalyzer - INFO - Reports saved in: /app/npm_results/@ckeditor_ckeditor5-link
2025-11-01 02:08:29,852 - NPM_Analyzer - INFO - Cleaning temporary folder 'temp/@ckeditor_ckeditor5-link'...
2025-11-01 02:08:35,282 - NPM_Analyzer - INFO - Cleanup completed.
