2025-11-08 12:35:41,608 - NPM_Analyzer - INFO - Fetching metadata for '@algolia/transporter'...
2025-11-08 12:35:42,851 - NPM_Analyzer - INFO - Found 78 versions. Starting download into 'temp/@algolia_transporter'...
2025-11-08 12:37:15,108 - BlankSpaceAnalyzer - INFO - Analyzing 78 versions for '*.js' in '@algolia_transporter'.
2025-11-08 12:37:15,109 - BlankSpaceAnalyzer - INFO - -> Analyzing version 0.0.0 (1/78)...
2025-11-08 12:37:15,109 - BlankSpaceAnalyzer - INFO - -> Analyzing version 4.0.0 (2/78)...
2025-11-08 12:37:15,181 - BlankSpaceAnalyzer - INFO - -> Analyzing version 4.0.0-beta.1 (3/78)...
2025-11-08 12:37:15,222 - BlankSpaceAnalyzer - INFO - -> Analyzing version 4.0.0-beta.10 (4/78)...
2025-11-08 12:37:15,265 - BlankSpaceAnalyzer - INFO - -> Analyzing version 4.0.0-beta.11 (5/78)...
2025-11-08 12:37:15,310 - BlankSpaceAnalyzer - INFO - -> Analyzing version 4.0.0-beta.12 (6/78)...
2025-11-08 12:37:15,357 - BlankSpaceAnalyzer - INFO - -> Analyzing version 4.0.0-beta.13 (7/78)...
2025-11-08 12:37:15,402 - BlankSpaceAnalyzer - INFO - -> Analyzing version 4.0.0-beta.14 (8/78)...
2025-11-08 12:37:15,448 - BlankSpaceAnalyzer - INFO - -> Analyzing version 4.0.0-beta.15 (9/78)...
2025-11-08 12:37:15,494 - BlankSpaceAnalyzer - INFO - -> Analyzing version 4.0.0-beta.16 (10/78)...
2025-11-08 12:37:15,540 - BlankSpaceAnalyzer - INFO - -> Analyzing version 4.0.0-beta.2 (11/78)...
2025-11-08 12:37:15,585 - BlankSpaceAnalyzer - INFO - -> Analyzing version 4.0.0-beta.3 (12/78)...
2025-11-08 12:37:15,630 - BlankSpaceAnalyzer - INFO - -> Analyzing version 4.0.0-beta.4 (13/78)...
2025-11-08 12:37:15,676 - BlankSpaceAnalyzer - INFO - -> Analyzing version 4.0.0-beta.5 (14/78)...
2025-11-08 12:37:15,724 - BlankSpaceAnalyzer - INFO - -> Analyzing version 4.0.0-beta.6 (15/78)...
2025-11-08 12:37:15,769 - BlankSpaceAnalyzer - INFO - -> Analyzing version 4.0.0-beta.7 (16/78)...
2025-11-08 12:37:15,814 - BlankSpaceAnalyzer - INFO - -> Analyzing version 4.0.0-beta.8 (17/78)...
2025-11-08 12:37:15,860 - BlankSpaceAnalyzer - INFO - -> Analyzing version 4.0.0-beta.9 (18/78)...
2025-11-08 12:37:15,907 - BlankSpaceAnalyzer - INFO - -> Analyzing version 4.0.1 (19/78)...
2025-11-08 12:37:15,953 - BlankSpaceAnalyzer - INFO - -> Analyzing version 4.0.2 (20/78)...
2025-11-08 12:37:15,999 - BlankSpaceAnalyzer - INFO - -> Analyzing version 4.0.3 (21/78)...
2025-11-08 12:37:16,048 - BlankSpaceAnalyzer - INFO - -> Analyzing version 4.1.0 (22/78)...
2025-11-08 12:37:16,093 - BlankSpaceAnalyzer - INFO - -> Analyzing version 4.10.0 (23/78)...
2025-11-08 12:37:16,139 - BlankSpaceAnalyzer - INFO - -> Analyzing version 4.10.2 (24/78)...
2025-11-08 12:37:16,185 - BlankSpaceAnalyzer - INFO - -> Analyzing version 4.10.3 (25/78)...
2025-11-08 12:37:16,231 - BlankSpaceAnalyzer - INFO - -> Analyzing version 4.10.4 (26/78)...
2025-11-08 12:37:16,277 - BlankSpaceAnalyzer - INFO - -> Analyzing version 4.10.5 (27/78)...
2025-11-08 12:37:16,323 - BlankSpaceAnalyzer - INFO - -> Analyzing version 4.11.0 (28/78)...
2025-11-08 12:37:16,369 - BlankSpaceAnalyzer - INFO - -> Analyzing version 4.12.0 (29/78)...
2025-11-08 12:37:16,415 - BlankSpaceAnalyzer - INFO - -> Analyzing version 4.12.1 (30/78)...
2025-11-08 12:37:16,460 - BlankSpaceAnalyzer - INFO - -> Analyzing version 4.12.2 (31/78)...
2025-11-08 12:37:16,507 - BlankSpaceAnalyzer - INFO - -> Analyzing version 4.13.0 (32/78)...
2025-11-08 12:37:16,552 - BlankSpaceAnalyzer - INFO - -> Analyzing version 4.13.1 (33/78)...
2025-11-08 12:37:16,598 - BlankSpaceAnalyzer - INFO - -> Analyzing version 4.14.0 (34/78)...
2025-11-08 12:37:16,644 - BlankSpaceAnalyzer - INFO - -> Analyzing version 4.14.1 (35/78)...
2025-11-08 12:37:16,689 - BlankSpaceAnalyzer - INFO - -> Analyzing version 4.14.2 (36/78)...
2025-11-08 12:37:16,737 - BlankSpaceAnalyzer - INFO - -> Analyzing version 4.14.3 (37/78)...
2025-11-08 12:37:16,784 - BlankSpaceAnalyzer - INFO - -> Analyzing version 4.15.0 (38/78)...
2025-11-08 12:37:16,830 - BlankSpaceAnalyzer - INFO - -> Analyzing version 4.16.0 (39/78)...
2025-11-08 12:37:16,876 - BlankSpaceAnalyzer - INFO - -> Analyzing version 4.17.0 (40/78)...
2025-11-08 12:37:16,922 - BlankSpaceAnalyzer - INFO - -> Analyzing version 4.17.1 (41/78)...
2025-11-08 12:37:16,968 - BlankSpaceAnalyzer - INFO - -> Analyzing version 4.17.2 (42/78)...
2025-11-08 12:37:17,014 - BlankSpaceAnalyzer - INFO - -> Analyzing version 4.18.0 (43/78)...
2025-11-08 12:37:17,061 - BlankSpaceAnalyzer - INFO - -> Analyzing version 4.19.0 (44/78)...
2025-11-08 12:37:17,107 - BlankSpaceAnalyzer - INFO - -> Analyzing version 4.19.1 (45/78)...
2025-11-08 12:37:17,154 - BlankSpaceAnalyzer - INFO - -> Analyzing version 4.2.0 (46/78)...
2025-11-08 12:37:17,200 - BlankSpaceAnalyzer - INFO - -> Analyzing version 4.20.0 (47/78)...
2025-11-08 12:37:17,246 - BlankSpaceAnalyzer - INFO - -> Analyzing version 4.21.0 (48/78)...
2025-11-08 12:37:17,292 - BlankSpaceAnalyzer - INFO - -> Analyzing version 4.21.1 (49/78)...
2025-11-08 12:37:17,338 - BlankSpaceAnalyzer - INFO - -> Analyzing version 4.22.0 (50/78)...
2025-11-08 12:37:17,384 - BlankSpaceAnalyzer - INFO - -> Analyzing version 4.22.1 (51/78)...
2025-11-08 12:37:17,430 - BlankSpaceAnalyzer - INFO - -> Analyzing version 4.23.0 (52/78)...
2025-11-08 12:37:17,476 - BlankSpaceAnalyzer - INFO - -> Analyzing version 4.23.1 (53/78)...
2025-11-08 12:37:17,522 - BlankSpaceAnalyzer - INFO - -> Analyzing version 4.23.2 (54/78)...
2025-11-08 12:37:17,569 - BlankSpaceAnalyzer - INFO - -> Analyzing version 4.23.3 (55/78)...
2025-11-08 12:37:17,614 - BlankSpaceAnalyzer - INFO - -> Analyzing version 4.24.0 (56/78)...
2025-11-08 12:37:17,661 - BlankSpaceAnalyzer - INFO - -> Analyzing version 4.25.0 (57/78)...
2025-11-08 12:37:17,707 - BlankSpaceAnalyzer - INFO - -> Analyzing version 4.25.1 (58/78)...
2025-11-08 12:37:17,753 - BlankSpaceAnalyzer - INFO - -> Analyzing version 4.25.2 (59/78)...
2025-11-08 12:37:17,799 - BlankSpaceAnalyzer - INFO - -> Analyzing version 4.25.3 (60/78)...
2025-11-08 12:37:17,845 - BlankSpaceAnalyzer - INFO - -> Analyzing version 4.3.0 (61/78)...
2025-11-08 12:37:17,892 - BlankSpaceAnalyzer - INFO - -> Analyzing version 4.3.1 (62/78)...
2025-11-08 12:37:17,939 - BlankSpaceAnalyzer - INFO - -> Analyzing version 4.4.0 (63/78)...
2025-11-08 12:37:17,985 - BlankSpaceAnalyzer - INFO - -> Analyzing version 4.5.0 (64/78)...
2025-11-08 12:37:18,034 - BlankSpaceAnalyzer - INFO - -> Analyzing version 4.5.1 (65/78)...
2025-11-08 12:37:18,080 - BlankSpaceAnalyzer - INFO - -> Analyzing version 4.6.0 (66/78)...
2025-11-08 12:37:18,126 - BlankSpaceAnalyzer - INFO - -> Analyzing version 4.7.0 (67/78)...
2025-11-08 12:37:18,173 - BlankSpaceAnalyzer - INFO - -> Analyzing version 4.8.0 (68/78)...
2025-11-08 12:37:18,220 - BlankSpaceAnalyzer - INFO - -> Analyzing version 4.8.1 (69/78)...
2025-11-08 12:37:18,266 - BlankSpaceAnalyzer - INFO - -> Analyzing version 4.8.2 (70/78)...
2025-11-08 12:37:18,312 - BlankSpaceAnalyzer - INFO - -> Analyzing version 4.8.3 (71/78)...
2025-11-08 12:37:18,358 - BlankSpaceAnalyzer - INFO - -> Analyzing version 4.8.4 (72/78)...
2025-11-08 12:37:18,406 - BlankSpaceAnalyzer - INFO - -> Analyzing version 4.8.5 (73/78)...
2025-11-08 12:37:18,451 - BlankSpaceAnalyzer - INFO - -> Analyzing version 4.8.6 (74/78)...
2025-11-08 12:37:18,497 - BlankSpaceAnalyzer - INFO - -> Analyzing version 4.9.0 (75/78)...
2025-11-08 12:37:18,545 - BlankSpaceAnalyzer - INFO - -> Analyzing version 4.9.1 (76/78)...
2025-11-08 12:37:18,591 - BlankSpaceAnalyzer - INFO - -> Analyzing version 4.9.2 (77/78)...
2025-11-08 12:37:18,637 - BlankSpaceAnalyzer - INFO - -> Analyzing version 4.9.3 (78/78)...
2025-11-08 12:37:18,686 - BlankSpaceAnalyzer - INFO - Exporting results for '@algolia/transporter' to CSV...
2025-11-08 12:37:18,756 - BlankSpaceAnalyzer - INFO - Reports saved in: /app/npm_results/@algolia_transporter
2025-11-08 12:37:18,756 - NPM_Analyzer - INFO - Cleaning temporary folder 'temp/@algolia_transporter'...
2025-11-08 12:37:18,769 - NPM_Analyzer - INFO - Cleanup completed.
2025-11-09 00:06:18,918 - NPM_Analyzer - INFO - Fetching metadata for '@algolia/transporter'...
2025-11-09 00:06:20,278 - NPM_Analyzer - INFO - Found 78 versions. Starting download into 'temp/@algolia_transporter'...
2025-11-09 00:07:27,196 - BlankSpaceAnalyzer - INFO - Analyzing 78 versions for '*.js' in '@algolia_transporter'.
2025-11-09 00:07:27,197 - BlankSpaceAnalyzer - INFO - -> Analyzing version 0.0.0 (1/78)...
2025-11-09 00:07:27,197 - BlankSpaceAnalyzer - INFO - -> Analyzing version 4.0.0 (2/78)...
2025-11-09 00:07:27,262 - BlankSpaceAnalyzer - INFO - -> Analyzing version 4.0.0-beta.1 (3/78)...
2025-11-09 00:07:27,299 - BlankSpaceAnalyzer - INFO - -> Analyzing version 4.0.0-beta.10 (4/78)...
2025-11-09 00:07:27,333 - BlankSpaceAnalyzer - INFO - -> Analyzing version 4.0.0-beta.11 (5/78)...
2025-11-09 00:07:27,370 - BlankSpaceAnalyzer - INFO - -> Analyzing version 4.0.0-beta.12 (6/78)...
2025-11-09 00:07:27,409 - BlankSpaceAnalyzer - INFO - -> Analyzing version 4.0.0-beta.13 (7/78)...
2025-11-09 00:07:27,447 - BlankSpaceAnalyzer - INFO - -> Analyzing version 4.0.0-beta.14 (8/78)...
2025-11-09 00:07:27,485 - BlankSpaceAnalyzer - INFO - -> Analyzing version 4.0.0-beta.15 (9/78)...
2025-11-09 00:07:27,524 - BlankSpaceAnalyzer - INFO - -> Analyzing version 4.0.0-beta.16 (10/78)...
2025-11-09 00:07:27,562 - BlankSpaceAnalyzer - INFO - -> Analyzing version 4.0.0-beta.2 (11/78)...
2025-11-09 00:07:27,600 - BlankSpaceAnalyzer - INFO - -> Analyzing version 4.0.0-beta.3 (12/78)...
2025-11-09 00:07:27,639 - BlankSpaceAnalyzer - INFO - -> Analyzing version 4.0.0-beta.4 (13/78)...
2025-11-09 00:07:27,677 - BlankSpaceAnalyzer - INFO - -> Analyzing version 4.0.0-beta.5 (14/78)...
2025-11-09 00:07:27,715 - BlankSpaceAnalyzer - INFO - -> Analyzing version 4.0.0-beta.6 (15/78)...
2025-11-09 00:07:27,754 - BlankSpaceAnalyzer - INFO - -> Analyzing version 4.0.0-beta.7 (16/78)...
2025-11-09 00:07:27,793 - BlankSpaceAnalyzer - INFO - -> Analyzing version 4.0.0-beta.8 (17/78)...
2025-11-09 00:07:27,831 - BlankSpaceAnalyzer - INFO - -> Analyzing version 4.0.0-beta.9 (18/78)...
2025-11-09 00:07:27,870 - BlankSpaceAnalyzer - INFO - -> Analyzing version 4.0.1 (19/78)...
2025-11-09 00:07:27,908 - BlankSpaceAnalyzer - INFO - -> Analyzing version 4.0.2 (20/78)...
2025-11-09 00:07:27,947 - BlankSpaceAnalyzer - INFO - -> Analyzing version 4.0.3 (21/78)...
2025-11-09 00:07:27,987 - BlankSpaceAnalyzer - INFO - -> Analyzing version 4.1.0 (22/78)...
2025-11-09 00:07:28,025 - BlankSpaceAnalyzer - INFO - -> Analyzing version 4.10.0 (23/78)...
2025-11-09 00:07:28,064 - BlankSpaceAnalyzer - INFO - -> Analyzing version 4.10.2 (24/78)...
2025-11-09 00:07:28,103 - BlankSpaceAnalyzer - INFO - -> Analyzing version 4.10.3 (25/78)...
2025-11-09 00:07:28,141 - BlankSpaceAnalyzer - INFO - -> Analyzing version 4.10.4 (26/78)...
2025-11-09 00:07:28,179 - BlankSpaceAnalyzer - INFO - -> Analyzing version 4.10.5 (27/78)...
2025-11-09 00:07:28,218 - BlankSpaceAnalyzer - INFO - -> Analyzing version 4.11.0 (28/78)...
2025-11-09 00:07:28,257 - BlankSpaceAnalyzer - INFO - -> Analyzing version 4.12.0 (29/78)...
2025-11-09 00:07:28,297 - BlankSpaceAnalyzer - INFO - -> Analyzing version 4.12.1 (30/78)...
2025-11-09 00:07:28,335 - BlankSpaceAnalyzer - INFO - -> Analyzing version 4.12.2 (31/78)...
2025-11-09 00:07:28,374 - BlankSpaceAnalyzer - INFO - -> Analyzing version 4.13.0 (32/78)...
2025-11-09 00:07:28,412 - BlankSpaceAnalyzer - INFO - -> Analyzing version 4.13.1 (33/78)...
2025-11-09 00:07:28,451 - BlankSpaceAnalyzer - INFO - -> Analyzing version 4.14.0 (34/78)...
2025-11-09 00:07:28,490 - BlankSpaceAnalyzer - INFO - -> Analyzing version 4.14.1 (35/78)...
2025-11-09 00:07:28,529 - BlankSpaceAnalyzer - INFO - -> Analyzing version 4.14.2 (36/78)...
2025-11-09 00:07:28,567 - BlankSpaceAnalyzer - INFO - -> Analyzing version 4.14.3 (37/78)...
2025-11-09 00:07:28,606 - BlankSpaceAnalyzer - INFO - -> Analyzing version 4.15.0 (38/78)...
2025-11-09 00:07:28,645 - BlankSpaceAnalyzer - INFO - -> Analyzing version 4.16.0 (39/78)...
2025-11-09 00:07:28,683 - BlankSpaceAnalyzer - INFO - -> Analyzing version 4.17.0 (40/78)...
2025-11-09 00:07:28,722 - BlankSpaceAnalyzer - INFO - -> Analyzing version 4.17.1 (41/78)...
2025-11-09 00:07:28,761 - BlankSpaceAnalyzer - INFO - -> Analyzing version 4.17.2 (42/78)...
2025-11-09 00:07:28,800 - BlankSpaceAnalyzer - INFO - -> Analyzing version 4.18.0 (43/78)...
2025-11-09 00:07:28,838 - BlankSpaceAnalyzer - INFO - -> Analyzing version 4.19.0 (44/78)...
2025-11-09 00:07:28,877 - BlankSpaceAnalyzer - INFO - -> Analyzing version 4.19.1 (45/78)...
2025-11-09 00:07:28,916 - BlankSpaceAnalyzer - INFO - -> Analyzing version 4.2.0 (46/78)...
2025-11-09 00:07:28,955 - BlankSpaceAnalyzer - INFO - -> Analyzing version 4.20.0 (47/78)...
2025-11-09 00:07:28,993 - BlankSpaceAnalyzer - INFO - -> Analyzing version 4.21.0 (48/78)...
2025-11-09 00:07:29,032 - BlankSpaceAnalyzer - INFO - -> Analyzing version 4.21.1 (49/78)...
2025-11-09 00:07:29,073 - BlankSpaceAnalyzer - INFO - -> Analyzing version 4.22.0 (50/78)...
2025-11-09 00:07:29,111 - BlankSpaceAnalyzer - INFO - -> Analyzing version 4.22.1 (51/78)...
2025-11-09 00:07:29,149 - BlankSpaceAnalyzer - INFO - -> Analyzing version 4.23.0 (52/78)...
2025-11-09 00:07:29,188 - BlankSpaceAnalyzer - INFO - -> Analyzing version 4.23.1 (53/78)...
2025-11-09 00:07:29,226 - BlankSpaceAnalyzer - INFO - -> Analyzing version 4.23.2 (54/78)...
2025-11-09 00:07:29,265 - BlankSpaceAnalyzer - INFO - -> Analyzing version 4.23.3 (55/78)...
2025-11-09 00:07:29,304 - BlankSpaceAnalyzer - INFO - -> Analyzing version 4.24.0 (56/78)...
2025-11-09 00:07:29,342 - BlankSpaceAnalyzer - INFO - -> Analyzing version 4.25.0 (57/78)...
2025-11-09 00:07:29,381 - BlankSpaceAnalyzer - INFO - -> Analyzing version 4.25.1 (58/78)...
2025-11-09 00:07:29,419 - BlankSpaceAnalyzer - INFO - -> Analyzing version 4.25.2 (59/78)...
2025-11-09 00:07:29,457 - BlankSpaceAnalyzer - INFO - -> Analyzing version 4.25.3 (60/78)...
2025-11-09 00:07:29,495 - BlankSpaceAnalyzer - INFO - -> Analyzing version 4.3.0 (61/78)...
2025-11-09 00:07:29,535 - BlankSpaceAnalyzer - INFO - -> Analyzing version 4.3.1 (62/78)...
2025-11-09 00:07:29,573 - BlankSpaceAnalyzer - INFO - -> Analyzing version 4.4.0 (63/78)...
2025-11-09 00:07:29,611 - BlankSpaceAnalyzer - INFO - -> Analyzing version 4.5.0 (64/78)...
2025-11-09 00:07:29,651 - BlankSpaceAnalyzer - INFO - -> Analyzing version 4.5.1 (65/78)...
2025-11-09 00:07:29,690 - BlankSpaceAnalyzer - INFO - -> Analyzing version 4.6.0 (66/78)...
2025-11-09 00:07:29,729 - BlankSpaceAnalyzer - INFO - -> Analyzing version 4.7.0 (67/78)...
2025-11-09 00:07:29,768 - BlankSpaceAnalyzer - INFO - -> Analyzing version 4.8.0 (68/78)...
2025-11-09 00:07:29,806 - BlankSpaceAnalyzer - INFO - -> Analyzing version 4.8.1 (69/78)...
2025-11-09 00:07:29,845 - BlankSpaceAnalyzer - INFO - -> Analyzing version 4.8.2 (70/78)...
2025-11-09 00:07:29,883 - BlankSpaceAnalyzer - INFO - -> Analyzing version 4.8.3 (71/78)...
2025-11-09 00:07:29,922 - BlankSpaceAnalyzer - INFO - -> Analyzing version 4.8.4 (72/78)...
2025-11-09 00:07:29,962 - BlankSpaceAnalyzer - INFO - -> Analyzing version 4.8.5 (73/78)...
2025-11-09 00:07:29,999 - BlankSpaceAnalyzer - INFO - -> Analyzing version 4.8.6 (74/78)...
2025-11-09 00:07:30,039 - BlankSpaceAnalyzer - INFO - -> Analyzing version 4.9.0 (75/78)...
2025-11-09 00:07:30,077 - BlankSpaceAnalyzer - INFO - -> Analyzing version 4.9.1 (76/78)...
2025-11-09 00:07:30,116 - BlankSpaceAnalyzer - INFO - -> Analyzing version 4.9.2 (77/78)...
2025-11-09 00:07:30,155 - BlankSpaceAnalyzer - INFO - -> Analyzing version 4.9.3 (78/78)...
2025-11-09 00:07:30,196 - BlankSpaceAnalyzer - INFO - Exporting results for '@algolia/transporter' to CSV...
2025-11-09 00:07:30,264 - BlankSpaceAnalyzer - INFO - Reports saved in: /app/npm_results/@algolia_transporter
2025-11-09 00:07:30,265 - NPM_Analyzer - INFO - Cleaning temporary folder 'temp/@algolia_transporter'...
2025-11-09 00:07:30,275 - NPM_Analyzer - INFO - Cleanup completed.
2025-11-09 10:28:14,956 - NPM_Analyzer - INFO - Fetching metadata for '@algolia/transporter'...
2025-11-09 10:28:15,128 - NPM_Analyzer - INFO - Found 78 versions. Starting download into 'temp/@algolia_transporter'...
2025-11-09 10:29:21,738 - BlankSpaceAnalyzer - INFO - Analyzing 78 versions for '*.js' in '@algolia_transporter'.
2025-11-09 10:29:21,738 - BlankSpaceAnalyzer - INFO - -> Analyzing version 0.0.0 (1/78)...
2025-11-09 10:29:21,739 - BlankSpaceAnalyzer - INFO - -> Analyzing version 4.0.0 (2/78)...
2025-11-09 10:29:21,804 - BlankSpaceAnalyzer - INFO - -> Analyzing version 4.0.0-beta.1 (3/78)...
2025-11-09 10:29:21,841 - BlankSpaceAnalyzer - INFO - -> Analyzing version 4.0.0-beta.10 (4/78)...
2025-11-09 10:29:21,880 - BlankSpaceAnalyzer - INFO - -> Analyzing version 4.0.0-beta.11 (5/78)...
2025-11-09 10:29:21,920 - BlankSpaceAnalyzer - INFO - -> Analyzing version 4.0.0-beta.12 (6/78)...
2025-11-09 10:29:21,958 - BlankSpaceAnalyzer - INFO - -> Analyzing version 4.0.0-beta.13 (7/78)...
2025-11-09 10:29:21,996 - BlankSpaceAnalyzer - INFO - -> Analyzing version 4.0.0-beta.14 (8/78)...
2025-11-09 10:29:22,035 - BlankSpaceAnalyzer - INFO - -> Analyzing version 4.0.0-beta.15 (9/78)...
2025-11-09 10:29:22,072 - BlankSpaceAnalyzer - INFO - -> Analyzing version 4.0.0-beta.16 (10/78)...
2025-11-09 10:29:22,110 - BlankSpaceAnalyzer - INFO - -> Analyzing version 4.0.0-beta.2 (11/78)...
2025-11-09 10:29:22,149 - BlankSpaceAnalyzer - INFO - -> Analyzing version 4.0.0-beta.3 (12/78)...
2025-11-09 10:29:22,187 - BlankSpaceAnalyzer - INFO - -> Analyzing version 4.0.0-beta.4 (13/78)...
2025-11-09 10:29:22,226 - BlankSpaceAnalyzer - INFO - -> Analyzing version 4.0.0-beta.5 (14/78)...
2025-11-09 10:29:22,264 - BlankSpaceAnalyzer - INFO - -> Analyzing version 4.0.0-beta.6 (15/78)...
2025-11-09 10:29:22,302 - BlankSpaceAnalyzer - INFO - -> Analyzing version 4.0.0-beta.7 (16/78)...
2025-11-09 10:29:22,340 - BlankSpaceAnalyzer - INFO - -> Analyzing version 4.0.0-beta.8 (17/78)...
2025-11-09 10:29:22,379 - BlankSpaceAnalyzer - INFO - -> Analyzing version 4.0.0-beta.9 (18/78)...
2025-11-09 10:29:22,416 - BlankSpaceAnalyzer - INFO - -> Analyzing version 4.0.1 (19/78)...
2025-11-09 10:29:22,454 - BlankSpaceAnalyzer - INFO - -> Analyzing version 4.0.2 (20/78)...
2025-11-09 10:29:22,493 - BlankSpaceAnalyzer - INFO - -> Analyzing version 4.0.3 (21/78)...
2025-11-09 10:29:22,532 - BlankSpaceAnalyzer - INFO - -> Analyzing version 4.1.0 (22/78)...
2025-11-09 10:29:22,569 - BlankSpaceAnalyzer - INFO - -> Analyzing version 4.10.0 (23/78)...
2025-11-09 10:29:22,608 - BlankSpaceAnalyzer - INFO - -> Analyzing version 4.10.2 (24/78)...
2025-11-09 10:29:22,647 - BlankSpaceAnalyzer - INFO - -> Analyzing version 4.10.3 (25/78)...
2025-11-09 10:29:22,685 - BlankSpaceAnalyzer - INFO - -> Analyzing version 4.10.4 (26/78)...
2025-11-09 10:29:22,724 - BlankSpaceAnalyzer - INFO - -> Analyzing version 4.10.5 (27/78)...
2025-11-09 10:29:22,763 - BlankSpaceAnalyzer - INFO - -> Analyzing version 4.11.0 (28/78)...
2025-11-09 10:29:22,801 - BlankSpaceAnalyzer - INFO - -> Analyzing version 4.12.0 (29/78)...
2025-11-09 10:29:22,840 - BlankSpaceAnalyzer - INFO - -> Analyzing version 4.12.1 (30/78)...
2025-11-09 10:29:22,878 - BlankSpaceAnalyzer - INFO - -> Analyzing version 4.12.2 (31/78)...
2025-11-09 10:29:22,916 - BlankSpaceAnalyzer - INFO - -> Analyzing version 4.13.0 (32/78)...
2025-11-09 10:29:22,955 - BlankSpaceAnalyzer - INFO - -> Analyzing version 4.13.1 (33/78)...
2025-11-09 10:29:22,995 - BlankSpaceAnalyzer - INFO - -> Analyzing version 4.14.0 (34/78)...
2025-11-09 10:29:23,033 - BlankSpaceAnalyzer - INFO - -> Analyzing version 4.14.1 (35/78)...
2025-11-09 10:29:23,070 - BlankSpaceAnalyzer - INFO - -> Analyzing version 4.14.2 (36/78)...
2025-11-09 10:29:23,109 - BlankSpaceAnalyzer - INFO - -> Analyzing version 4.14.3 (37/78)...
2025-11-09 10:29:23,147 - BlankSpaceAnalyzer - INFO - -> Analyzing version 4.15.0 (38/78)...
2025-11-09 10:29:23,185 - BlankSpaceAnalyzer - INFO - -> Analyzing version 4.16.0 (39/78)...
2025-11-09 10:29:23,225 - BlankSpaceAnalyzer - INFO - -> Analyzing version 4.17.0 (40/78)...
2025-11-09 10:29:23,262 - BlankSpaceAnalyzer - INFO - -> Analyzing version 4.17.1 (41/78)...
2025-11-09 10:29:23,301 - BlankSpaceAnalyzer - INFO - -> Analyzing version 4.17.2 (42/78)...
2025-11-09 10:29:23,340 - BlankSpaceAnalyzer - INFO - -> Analyzing version 4.18.0 (43/78)...
2025-11-09 10:29:23,378 - BlankSpaceAnalyzer - INFO - -> Analyzing version 4.19.0 (44/78)...
2025-11-09 10:29:23,416 - BlankSpaceAnalyzer - INFO - -> Analyzing version 4.19.1 (45/78)...
2025-11-09 10:29:23,454 - BlankSpaceAnalyzer - INFO - -> Analyzing version 4.2.0 (46/78)...
2025-11-09 10:29:23,494 - BlankSpaceAnalyzer - INFO - -> Analyzing version 4.20.0 (47/78)...
2025-11-09 10:29:23,533 - BlankSpaceAnalyzer - INFO - -> Analyzing version 4.21.0 (48/78)...
2025-11-09 10:29:23,571 - BlankSpaceAnalyzer - INFO - -> Analyzing version 4.21.1 (49/78)...
2025-11-09 10:29:23,609 - BlankSpaceAnalyzer - INFO - -> Analyzing version 4.22.0 (50/78)...
2025-11-09 10:29:23,648 - BlankSpaceAnalyzer - INFO - -> Analyzing version 4.22.1 (51/78)...
2025-11-09 10:29:23,686 - BlankSpaceAnalyzer - INFO - -> Analyzing version 4.23.0 (52/78)...
2025-11-09 10:29:23,725 - BlankSpaceAnalyzer - INFO - -> Analyzing version 4.23.1 (53/78)...
2025-11-09 10:29:23,763 - BlankSpaceAnalyzer - INFO - -> Analyzing version 4.23.2 (54/78)...
2025-11-09 10:29:23,801 - BlankSpaceAnalyzer - INFO - -> Analyzing version 4.23.3 (55/78)...
2025-11-09 10:29:23,840 - BlankSpaceAnalyzer - INFO - -> Analyzing version 4.24.0 (56/78)...
2025-11-09 10:29:23,879 - BlankSpaceAnalyzer - INFO - -> Analyzing version 4.25.0 (57/78)...
2025-11-09 10:29:23,917 - BlankSpaceAnalyzer - INFO - -> Analyzing version 4.25.1 (58/78)...
2025-11-09 10:29:23,956 - BlankSpaceAnalyzer - INFO - -> Analyzing version 4.25.2 (59/78)...
2025-11-09 10:29:23,994 - BlankSpaceAnalyzer - INFO - -> Analyzing version 4.25.3 (60/78)...
2025-11-09 10:29:24,033 - BlankSpaceAnalyzer - INFO - -> Analyzing version 4.3.0 (61/78)...
2025-11-09 10:29:24,071 - BlankSpaceAnalyzer - INFO - -> Analyzing version 4.3.1 (62/78)...
2025-11-09 10:29:24,111 - BlankSpaceAnalyzer - INFO - -> Analyzing version 4.4.0 (63/78)...
2025-11-09 10:29:24,149 - BlankSpaceAnalyzer - INFO - -> Analyzing version 4.5.0 (64/78)...
2025-11-09 10:29:24,188 - BlankSpaceAnalyzer - INFO - -> Analyzing version 4.5.1 (65/78)...
2025-11-09 10:29:24,226 - BlankSpaceAnalyzer - INFO - -> Analyzing version 4.6.0 (66/78)...
2025-11-09 10:29:24,264 - BlankSpaceAnalyzer - INFO - -> Analyzing version 4.7.0 (67/78)...
2025-11-09 10:29:24,303 - BlankSpaceAnalyzer - INFO - -> Analyzing version 4.8.0 (68/78)...
2025-11-09 10:29:24,342 - BlankSpaceAnalyzer - INFO - -> Analyzing version 4.8.1 (69/78)...
2025-11-09 10:29:24,381 - BlankSpaceAnalyzer - INFO - -> Analyzing version 4.8.2 (70/78)...
2025-11-09 10:29:24,419 - BlankSpaceAnalyzer - INFO - -> Analyzing version 4.8.3 (71/78)...
2025-11-09 10:29:24,460 - BlankSpaceAnalyzer - INFO - -> Analyzing version 4.8.4 (72/78)...
2025-11-09 10:29:24,499 - BlankSpaceAnalyzer - INFO - -> Analyzing version 4.8.5 (73/78)...
2025-11-09 10:29:24,538 - BlankSpaceAnalyzer - INFO - -> Analyzing version 4.8.6 (74/78)...
2025-11-09 10:29:24,576 - BlankSpaceAnalyzer - INFO - -> Analyzing version 4.9.0 (75/78)...
2025-11-09 10:29:24,614 - BlankSpaceAnalyzer - INFO - -> Analyzing version 4.9.1 (76/78)...
2025-11-09 10:29:24,653 - BlankSpaceAnalyzer - INFO - -> Analyzing version 4.9.2 (77/78)...
2025-11-09 10:29:24,692 - BlankSpaceAnalyzer - INFO - -> Analyzing version 4.9.3 (78/78)...
2025-11-09 10:29:24,734 - BlankSpaceAnalyzer - INFO - Exporting results for '@algolia/transporter' to CSV...
2025-11-09 10:29:24,805 - BlankSpaceAnalyzer - INFO - Reports saved in: /app/npm_results/@algolia_transporter
2025-11-09 10:29:24,805 - NPM_Analyzer - INFO - Cleaning temporary folder 'temp/@algolia_transporter'...
2025-11-09 10:29:24,817 - NPM_Analyzer - INFO - Cleanup completed.
2025-11-09 21:03:53,598 - NPM_Analyzer - INFO - Fetching metadata for '@algolia/transporter'...
2025-11-09 21:03:53,845 - NPM_Analyzer - INFO - Found 78 versions. Starting download into 'temp/@algolia_transporter'...
2025-11-09 21:05:07,479 - BlankSpaceAnalyzer - INFO - Analyzing 78 versions for '*.js' in '@algolia_transporter'.
2025-11-09 21:05:07,480 - BlankSpaceAnalyzer - INFO - -> Analyzing version 0.0.0 (1/78)...
2025-11-09 21:05:07,480 - BlankSpaceAnalyzer - INFO - -> Analyzing version 4.0.0 (2/78)...
2025-11-09 21:05:07,544 - BlankSpaceAnalyzer - INFO - -> Analyzing version 4.0.0-beta.1 (3/78)...
2025-11-09 21:05:07,578 - BlankSpaceAnalyzer - INFO - -> Analyzing version 4.0.0-beta.10 (4/78)...
2025-11-09 21:05:07,614 - BlankSpaceAnalyzer - INFO - -> Analyzing version 4.0.0-beta.11 (5/78)...
2025-11-09 21:05:07,649 - BlankSpaceAnalyzer - INFO - -> Analyzing version 4.0.0-beta.12 (6/78)...
2025-11-09 21:05:07,687 - BlankSpaceAnalyzer - INFO - -> Analyzing version 4.0.0-beta.13 (7/78)...
2025-11-09 21:05:07,724 - BlankSpaceAnalyzer - INFO - -> Analyzing version 4.0.0-beta.14 (8/78)...
2025-11-09 21:05:07,762 - BlankSpaceAnalyzer - INFO - -> Analyzing version 4.0.0-beta.15 (9/78)...
2025-11-09 21:05:07,800 - BlankSpaceAnalyzer - INFO - -> Analyzing version 4.0.0-beta.16 (10/78)...
2025-11-09 21:05:07,837 - BlankSpaceAnalyzer - INFO - -> Analyzing version 4.0.0-beta.2 (11/78)...
2025-11-09 21:05:07,875 - BlankSpaceAnalyzer - INFO - -> Analyzing version 4.0.0-beta.3 (12/78)...
2025-11-09 21:05:07,913 - BlankSpaceAnalyzer - INFO - -> Analyzing version 4.0.0-beta.4 (13/78)...
2025-11-09 21:05:07,950 - BlankSpaceAnalyzer - INFO - -> Analyzing version 4.0.0-beta.5 (14/78)...
2025-11-09 21:05:07,988 - BlankSpaceAnalyzer - INFO - -> Analyzing version 4.0.0-beta.6 (15/78)...
2025-11-09 21:05:08,027 - BlankSpaceAnalyzer - INFO - -> Analyzing version 4.0.0-beta.7 (16/78)...
2025-11-09 21:05:08,064 - BlankSpaceAnalyzer - INFO - -> Analyzing version 4.0.0-beta.8 (17/78)...
2025-11-09 21:05:08,104 - BlankSpaceAnalyzer - INFO - -> Analyzing version 4.0.0-beta.9 (18/78)...
2025-11-09 21:05:08,141 - BlankSpaceAnalyzer - INFO - -> Analyzing version 4.0.1 (19/78)...
2025-11-09 21:05:08,179 - BlankSpaceAnalyzer - INFO - -> Analyzing version 4.0.2 (20/78)...
2025-11-09 21:05:08,216 - BlankSpaceAnalyzer - INFO - -> Analyzing version 4.0.3 (21/78)...
2025-11-09 21:05:08,254 - BlankSpaceAnalyzer - INFO - -> Analyzing version 4.1.0 (22/78)...
2025-11-09 21:05:08,291 - BlankSpaceAnalyzer - INFO - -> Analyzing version 4.10.0 (23/78)...
2025-11-09 21:05:08,330 - BlankSpaceAnalyzer - INFO - -> Analyzing version 4.10.2 (24/78)...
2025-11-09 21:05:08,367 - BlankSpaceAnalyzer - INFO - -> Analyzing version 4.10.3 (25/78)...
2025-11-09 21:05:08,405 - BlankSpaceAnalyzer - INFO - -> Analyzing version 4.10.4 (26/78)...
2025-11-09 21:05:08,443 - BlankSpaceAnalyzer - INFO - -> Analyzing version 4.10.5 (27/78)...
2025-11-09 21:05:08,480 - BlankSpaceAnalyzer - INFO - -> Analyzing version 4.11.0 (28/78)...
2025-11-09 21:05:08,518 - BlankSpaceAnalyzer - INFO - -> Analyzing version 4.12.0 (29/78)...
2025-11-09 21:05:08,555 - BlankSpaceAnalyzer - INFO - -> Analyzing version 4.12.1 (30/78)...
2025-11-09 21:05:08,594 - BlankSpaceAnalyzer - INFO - -> Analyzing version 4.12.2 (31/78)...
2025-11-09 21:05:08,631 - BlankSpaceAnalyzer - INFO - -> Analyzing version 4.13.0 (32/78)...
2025-11-09 21:05:08,670 - BlankSpaceAnalyzer - INFO - -> Analyzing version 4.13.1 (33/78)...
2025-11-09 21:05:08,707 - BlankSpaceAnalyzer - INFO - -> Analyzing version 4.14.0 (34/78)...
2025-11-09 21:05:08,745 - BlankSpaceAnalyzer - INFO - -> Analyzing version 4.14.1 (35/78)...
2025-11-09 21:05:08,782 - BlankSpaceAnalyzer - INFO - -> Analyzing version 4.14.2 (36/78)...
2025-11-09 21:05:08,820 - BlankSpaceAnalyzer - INFO - -> Analyzing version 4.14.3 (37/78)...
2025-11-09 21:05:08,857 - BlankSpaceAnalyzer - INFO - -> Analyzing version 4.15.0 (38/78)...
2025-11-09 21:05:08,895 - BlankSpaceAnalyzer - INFO - -> Analyzing version 4.16.0 (39/78)...
2025-11-09 21:05:08,934 - BlankSpaceAnalyzer - INFO - -> Analyzing version 4.17.0 (40/78)...
2025-11-09 21:05:08,971 - BlankSpaceAnalyzer - INFO - -> Analyzing version 4.17.1 (41/78)...
2025-11-09 21:05:09,009 - BlankSpaceAnalyzer - INFO - -> Analyzing version 4.17.2 (42/78)...
2025-11-09 21:05:09,049 - BlankSpaceAnalyzer - INFO - -> Analyzing version 4.18.0 (43/78)...
2025-11-09 21:05:09,086 - BlankSpaceAnalyzer - INFO - -> Analyzing version 4.19.0 (44/78)...
2025-11-09 21:05:09,126 - BlankSpaceAnalyzer - INFO - -> Analyzing version 4.19.1 (45/78)...
2025-11-09 21:05:09,163 - BlankSpaceAnalyzer - INFO - -> Analyzing version 4.2.0 (46/78)...
2025-11-09 21:05:09,203 - BlankSpaceAnalyzer - INFO - -> Analyzing version 4.20.0 (47/78)...
2025-11-09 21:05:09,240 - BlankSpaceAnalyzer - INFO - -> Analyzing version 4.21.0 (48/78)...
2025-11-09 21:05:09,277 - BlankSpaceAnalyzer - INFO - -> Analyzing version 4.21.1 (49/78)...
2025-11-09 21:05:09,315 - BlankSpaceAnalyzer - INFO - -> Analyzing version 4.22.0 (50/78)...
2025-11-09 21:05:09,353 - BlankSpaceAnalyzer - INFO - -> Analyzing version 4.22.1 (51/78)...
2025-11-09 21:05:09,391 - BlankSpaceAnalyzer - INFO - -> Analyzing version 4.23.0 (52/78)...
2025-11-09 21:05:09,429 - BlankSpaceAnalyzer - INFO - -> Analyzing version 4.23.1 (53/78)...
2025-11-09 21:05:09,467 - BlankSpaceAnalyzer - INFO - -> Analyzing version 4.23.2 (54/78)...
2025-11-09 21:05:09,505 - BlankSpaceAnalyzer - INFO - -> Analyzing version 4.23.3 (55/78)...
2025-11-09 21:05:09,543 - BlankSpaceAnalyzer - INFO - -> Analyzing version 4.24.0 (56/78)...
2025-11-09 21:05:09,581 - BlankSpaceAnalyzer - INFO - -> Analyzing version 4.25.0 (57/78)...
2025-11-09 21:05:09,620 - BlankSpaceAnalyzer - INFO - -> Analyzing version 4.25.1 (58/78)...
2025-11-09 21:05:09,657 - BlankSpaceAnalyzer - INFO - -> Analyzing version 4.25.2 (59/78)...
2025-11-09 21:05:09,695 - BlankSpaceAnalyzer - INFO - -> Analyzing version 4.25.3 (60/78)...
2025-11-09 21:05:09,733 - BlankSpaceAnalyzer - INFO - -> Analyzing version 4.3.0 (61/78)...
2025-11-09 21:05:09,771 - BlankSpaceAnalyzer - INFO - -> Analyzing version 4.3.1 (62/78)...
2025-11-09 21:05:09,809 - BlankSpaceAnalyzer - INFO - -> Analyzing version 4.4.0 (63/78)...
2025-11-09 21:05:09,848 - BlankSpaceAnalyzer - INFO - -> Analyzing version 4.5.0 (64/78)...
2025-11-09 21:05:09,886 - BlankSpaceAnalyzer - INFO - -> Analyzing version 4.5.1 (65/78)...
2025-11-09 21:05:09,924 - BlankSpaceAnalyzer - INFO - -> Analyzing version 4.6.0 (66/78)...
2025-11-09 21:05:09,962 - BlankSpaceAnalyzer - INFO - -> Analyzing version 4.7.0 (67/78)...
2025-11-09 21:05:10,000 - BlankSpaceAnalyzer - INFO - -> Analyzing version 4.8.0 (68/78)...
2025-11-09 21:05:10,038 - BlankSpaceAnalyzer - INFO - -> Analyzing version 4.8.1 (69/78)...
2025-11-09 21:05:10,076 - BlankSpaceAnalyzer - INFO - -> Analyzing version 4.8.2 (70/78)...
2025-11-09 21:05:10,115 - BlankSpaceAnalyzer - INFO - -> Analyzing version 4.8.3 (71/78)...
2025-11-09 21:05:10,153 - BlankSpaceAnalyzer - INFO - -> Analyzing version 4.8.4 (72/78)...
2025-11-09 21:05:10,192 - BlankSpaceAnalyzer - INFO - -> Analyzing version 4.8.5 (73/78)...
2025-11-09 21:05:10,230 - BlankSpaceAnalyzer - INFO - -> Analyzing version 4.8.6 (74/78)...
2025-11-09 21:05:10,268 - BlankSpaceAnalyzer - INFO - -> Analyzing version 4.9.0 (75/78)...
2025-11-09 21:05:10,306 - BlankSpaceAnalyzer - INFO - -> Analyzing version 4.9.1 (76/78)...
2025-11-09 21:05:10,344 - BlankSpaceAnalyzer - INFO - -> Analyzing version 4.9.2 (77/78)...
2025-11-09 21:05:10,381 - BlankSpaceAnalyzer - INFO - -> Analyzing version 4.9.3 (78/78)...
2025-11-09 21:05:10,421 - BlankSpaceAnalyzer - INFO - Exporting results for '@algolia/transporter' to CSV...
2025-11-09 21:05:10,492 - BlankSpaceAnalyzer - INFO - Reports saved in: /app/npm_results/@algolia_transporter
2025-11-09 21:05:10,492 - NPM_Analyzer - INFO - Cleaning temporary folder 'temp/@algolia_transporter'...
2025-11-09 21:05:10,505 - NPM_Analyzer - INFO - Cleanup completed.
2025-11-10 07:22:09,869 - NPM_Analyzer - INFO - Fetching metadata for '@algolia/transporter'...
2025-11-10 07:22:11,167 - NPM_Analyzer - INFO - Found 78 versions. Starting download into 'temp/@algolia_transporter'...
2025-11-10 07:23:13,376 - BlankSpaceAnalyzer - INFO - Analyzing 78 versions for '*.js' in '@algolia_transporter'.
2025-11-10 07:23:13,376 - BlankSpaceAnalyzer - INFO - -> Analyzing version 0.0.0 (1/78)...
2025-11-10 07:23:13,377 - BlankSpaceAnalyzer - INFO - -> Analyzing version 4.0.0 (2/78)...
2025-11-10 07:23:13,439 - BlankSpaceAnalyzer - INFO - -> Analyzing version 4.0.0-beta.1 (3/78)...
2025-11-10 07:23:13,473 - BlankSpaceAnalyzer - INFO - -> Analyzing version 4.0.0-beta.10 (4/78)...
2025-11-10 07:23:13,510 - BlankSpaceAnalyzer - INFO - -> Analyzing version 4.0.0-beta.11 (5/78)...
2025-11-10 07:23:13,551 - BlankSpaceAnalyzer - INFO - -> Analyzing version 4.0.0-beta.12 (6/78)...
2025-11-10 07:23:13,588 - BlankSpaceAnalyzer - INFO - -> Analyzing version 4.0.0-beta.13 (7/78)...
2025-11-10 07:23:13,626 - BlankSpaceAnalyzer - INFO - -> Analyzing version 4.0.0-beta.14 (8/78)...
2025-11-10 07:23:13,665 - BlankSpaceAnalyzer - INFO - -> Analyzing version 4.0.0-beta.15 (9/78)...
2025-11-10 07:23:13,704 - BlankSpaceAnalyzer - INFO - -> Analyzing version 4.0.0-beta.16 (10/78)...
2025-11-10 07:23:13,742 - BlankSpaceAnalyzer - INFO - -> Analyzing version 4.0.0-beta.2 (11/78)...
2025-11-10 07:23:13,780 - BlankSpaceAnalyzer - INFO - -> Analyzing version 4.0.0-beta.3 (12/78)...
2025-11-10 07:23:13,819 - BlankSpaceAnalyzer - INFO - -> Analyzing version 4.0.0-beta.4 (13/78)...
2025-11-10 07:23:13,857 - BlankSpaceAnalyzer - INFO - -> Analyzing version 4.0.0-beta.5 (14/78)...
2025-11-10 07:23:13,896 - BlankSpaceAnalyzer - INFO - -> Analyzing version 4.0.0-beta.6 (15/78)...
2025-11-10 07:23:13,935 - BlankSpaceAnalyzer - INFO - -> Analyzing version 4.0.0-beta.7 (16/78)...
2025-11-10 07:23:13,973 - BlankSpaceAnalyzer - INFO - -> Analyzing version 4.0.0-beta.8 (17/78)...
2025-11-10 07:23:14,012 - BlankSpaceAnalyzer - INFO - -> Analyzing version 4.0.0-beta.9 (18/78)...
2025-11-10 07:23:14,051 - BlankSpaceAnalyzer - INFO - -> Analyzing version 4.0.1 (19/78)...
2025-11-10 07:23:14,091 - BlankSpaceAnalyzer - INFO - -> Analyzing version 4.0.2 (20/78)...
2025-11-10 07:23:14,129 - BlankSpaceAnalyzer - INFO - -> Analyzing version 4.0.3 (21/78)...
2025-11-10 07:23:14,167 - BlankSpaceAnalyzer - INFO - -> Analyzing version 4.1.0 (22/78)...
2025-11-10 07:23:14,207 - BlankSpaceAnalyzer - INFO - -> Analyzing version 4.10.0 (23/78)...
2025-11-10 07:23:14,244 - BlankSpaceAnalyzer - INFO - -> Analyzing version 4.10.2 (24/78)...
2025-11-10 07:23:14,283 - BlankSpaceAnalyzer - INFO - -> Analyzing version 4.10.3 (25/78)...
2025-11-10 07:23:14,322 - BlankSpaceAnalyzer - INFO - -> Analyzing version 4.10.4 (26/78)...
2025-11-10 07:23:14,359 - BlankSpaceAnalyzer - INFO - -> Analyzing version 4.10.5 (27/78)...
2025-11-10 07:23:14,399 - BlankSpaceAnalyzer - INFO - -> Analyzing version 4.11.0 (28/78)...
2025-11-10 07:23:14,437 - BlankSpaceAnalyzer - INFO - -> Analyzing version 4.12.0 (29/78)...
2025-11-10 07:23:14,475 - BlankSpaceAnalyzer - INFO - -> Analyzing version 4.12.1 (30/78)...
2025-11-10 07:23:14,514 - BlankSpaceAnalyzer - INFO - -> Analyzing version 4.12.2 (31/78)...
2025-11-10 07:23:14,553 - BlankSpaceAnalyzer - INFO - -> Analyzing version 4.13.0 (32/78)...
2025-11-10 07:23:14,591 - BlankSpaceAnalyzer - INFO - -> Analyzing version 4.13.1 (33/78)...
2025-11-10 07:23:14,632 - BlankSpaceAnalyzer - INFO - -> Analyzing version 4.14.0 (34/78)...
2025-11-10 07:23:14,669 - BlankSpaceAnalyzer - INFO - -> Analyzing version 4.14.1 (35/78)...
2025-11-10 07:23:14,710 - BlankSpaceAnalyzer - INFO - -> Analyzing version 4.14.2 (36/78)...
2025-11-10 07:23:14,748 - BlankSpaceAnalyzer - INFO - -> Analyzing version 4.14.3 (37/78)...
2025-11-10 07:23:14,787 - BlankSpaceAnalyzer - INFO - -> Analyzing version 4.15.0 (38/78)...
2025-11-10 07:23:14,827 - BlankSpaceAnalyzer - INFO - -> Analyzing version 4.16.0 (39/78)...
2025-11-10 07:23:14,865 - BlankSpaceAnalyzer - INFO - -> Analyzing version 4.17.0 (40/78)...
2025-11-10 07:23:14,904 - BlankSpaceAnalyzer - INFO - -> Analyzing version 4.17.1 (41/78)...
2025-11-10 07:23:14,942 - BlankSpaceAnalyzer - INFO - -> Analyzing version 4.17.2 (42/78)...
2025-11-10 07:23:14,980 - BlankSpaceAnalyzer - INFO - -> Analyzing version 4.18.0 (43/78)...
2025-11-10 07:23:15,019 - BlankSpaceAnalyzer - INFO - -> Analyzing version 4.19.0 (44/78)...
2025-11-10 07:23:15,058 - BlankSpaceAnalyzer - INFO - -> Analyzing version 4.19.1 (45/78)...
2025-11-10 07:23:15,097 - BlankSpaceAnalyzer - INFO - -> Analyzing version 4.2.0 (46/78)...
2025-11-10 07:23:15,136 - BlankSpaceAnalyzer - INFO - -> Analyzing version 4.20.0 (47/78)...
2025-11-10 07:23:15,175 - BlankSpaceAnalyzer - INFO - -> Analyzing version 4.21.0 (48/78)...
2025-11-10 07:23:15,214 - BlankSpaceAnalyzer - INFO - -> Analyzing version 4.21.1 (49/78)...
2025-11-10 07:23:15,252 - BlankSpaceAnalyzer - INFO - -> Analyzing version 4.22.0 (50/78)...
2025-11-10 07:23:15,291 - BlankSpaceAnalyzer - INFO - -> Analyzing version 4.22.1 (51/78)...
2025-11-10 07:23:15,330 - BlankSpaceAnalyzer - INFO - -> Analyzing version 4.23.0 (52/78)...
2025-11-10 07:23:15,369 - BlankSpaceAnalyzer - INFO - -> Analyzing version 4.23.1 (53/78)...
2025-11-10 07:23:15,409 - BlankSpaceAnalyzer - INFO - -> Analyzing version 4.23.2 (54/78)...
2025-11-10 07:23:15,448 - BlankSpaceAnalyzer - INFO - -> Analyzing version 4.23.3 (55/78)...
2025-11-10 07:23:15,486 - BlankSpaceAnalyzer - INFO - -> Analyzing version 4.24.0 (56/78)...
2025-11-10 07:23:15,525 - BlankSpaceAnalyzer - INFO - -> Analyzing version 4.25.0 (57/78)...
2025-11-10 07:23:15,564 - BlankSpaceAnalyzer - INFO - -> Analyzing version 4.25.1 (58/78)...
2025-11-10 07:23:15,603 - BlankSpaceAnalyzer - INFO - -> Analyzing version 4.25.2 (59/78)...
2025-11-10 07:23:15,641 - BlankSpaceAnalyzer - INFO - -> Analyzing version 4.25.3 (60/78)...
2025-11-10 07:23:15,680 - BlankSpaceAnalyzer - INFO - -> Analyzing version 4.3.0 (61/78)...
2025-11-10 07:23:15,718 - BlankSpaceAnalyzer - INFO - -> Analyzing version 4.3.1 (62/78)...
2025-11-10 07:23:15,757 - BlankSpaceAnalyzer - INFO - -> Analyzing version 4.4.0 (63/78)...
2025-11-10 07:23:15,796 - BlankSpaceAnalyzer - INFO - -> Analyzing version 4.5.0 (64/78)...
2025-11-10 07:23:15,835 - BlankSpaceAnalyzer - INFO - -> Analyzing version 4.5.1 (65/78)...
2025-11-10 07:23:15,874 - BlankSpaceAnalyzer - INFO - -> Analyzing version 4.6.0 (66/78)...
2025-11-10 07:23:15,914 - BlankSpaceAnalyzer - INFO - -> Analyzing version 4.7.0 (67/78)...
2025-11-10 07:23:15,952 - BlankSpaceAnalyzer - INFO - -> Analyzing version 4.8.0 (68/78)...
2025-11-10 07:23:15,991 - BlankSpaceAnalyzer - INFO - -> Analyzing version 4.8.1 (69/78)...
2025-11-10 07:23:16,031 - BlankSpaceAnalyzer - INFO - -> Analyzing version 4.8.2 (70/78)...
2025-11-10 07:23:16,070 - BlankSpaceAnalyzer - INFO - -> Analyzing version 4.8.3 (71/78)...
2025-11-10 07:23:16,110 - BlankSpaceAnalyzer - INFO - -> Analyzing version 4.8.4 (72/78)...
2025-11-10 07:23:16,149 - BlankSpaceAnalyzer - INFO - -> Analyzing version 4.8.5 (73/78)...
2025-11-10 07:23:16,188 - BlankSpaceAnalyzer - INFO - -> Analyzing version 4.8.6 (74/78)...
2025-11-10 07:23:16,226 - BlankSpaceAnalyzer - INFO - -> Analyzing version 4.9.0 (75/78)...
2025-11-10 07:23:16,265 - BlankSpaceAnalyzer - INFO - -> Analyzing version 4.9.1 (76/78)...
2025-11-10 07:23:16,304 - BlankSpaceAnalyzer - INFO - -> Analyzing version 4.9.2 (77/78)...
2025-11-10 07:23:16,344 - BlankSpaceAnalyzer - INFO - -> Analyzing version 4.9.3 (78/78)...
2025-11-10 07:23:16,385 - BlankSpaceAnalyzer - INFO - Exporting results for '@algolia/transporter' to CSV...
2025-11-10 07:23:16,455 - BlankSpaceAnalyzer - INFO - Reports saved in: /app/npm_results/@algolia_transporter
2025-11-10 07:23:16,456 - NPM_Analyzer - INFO - Cleaning temporary folder 'temp/@algolia_transporter'...
2025-11-10 07:23:16,468 - NPM_Analyzer - INFO - Cleanup completed.
2025-11-10 17:39:24,451 - NPM_Analyzer - INFO - Fetching metadata for '@algolia/transporter'...
2025-11-10 17:39:24,711 - NPM_Analyzer - INFO - Found 78 versions. Starting download into 'temp/@algolia_transporter'...
2025-11-10 17:40:29,602 - BlankSpaceAnalyzer - INFO - Analyzing 78 versions for '*.js' in '@algolia_transporter'.
2025-11-10 17:40:29,602 - BlankSpaceAnalyzer - INFO - -> Analyzing version 0.0.0 (1/78)...
2025-11-10 17:40:29,603 - BlankSpaceAnalyzer - INFO - -> Analyzing version 4.0.0 (2/78)...
2025-11-10 17:40:29,669 - BlankSpaceAnalyzer - INFO - -> Analyzing version 4.0.0-beta.1 (3/78)...
2025-11-10 17:40:29,704 - BlankSpaceAnalyzer - INFO - -> Analyzing version 4.0.0-beta.10 (4/78)...
2025-11-10 17:40:29,741 - BlankSpaceAnalyzer - INFO - -> Analyzing version 4.0.0-beta.11 (5/78)...
2025-11-10 17:40:29,777 - BlankSpaceAnalyzer - INFO - -> Analyzing version 4.0.0-beta.12 (6/78)...
2025-11-10 17:40:29,818 - BlankSpaceAnalyzer - INFO - -> Analyzing version 4.0.0-beta.13 (7/78)...
2025-11-10 17:40:29,860 - BlankSpaceAnalyzer - INFO - -> Analyzing version 4.0.0-beta.14 (8/78)...
2025-11-10 17:40:29,898 - BlankSpaceAnalyzer - INFO - -> Analyzing version 4.0.0-beta.15 (9/78)...
2025-11-10 17:40:29,939 - BlankSpaceAnalyzer - INFO - -> Analyzing version 4.0.0-beta.16 (10/78)...
2025-11-10 17:40:29,979 - BlankSpaceAnalyzer - INFO - -> Analyzing version 4.0.0-beta.2 (11/78)...
2025-11-10 17:40:30,018 - BlankSpaceAnalyzer - INFO - -> Analyzing version 4.0.0-beta.3 (12/78)...
2025-11-10 17:40:30,058 - BlankSpaceAnalyzer - INFO - -> Analyzing version 4.0.0-beta.4 (13/78)...
2025-11-10 17:40:30,097 - BlankSpaceAnalyzer - INFO - -> Analyzing version 4.0.0-beta.5 (14/78)...
2025-11-10 17:40:30,136 - BlankSpaceAnalyzer - INFO - -> Analyzing version 4.0.0-beta.6 (15/78)...
2025-11-10 17:40:30,179 - BlankSpaceAnalyzer - INFO - -> Analyzing version 4.0.0-beta.7 (16/78)...
2025-11-10 17:40:30,218 - BlankSpaceAnalyzer - INFO - -> Analyzing version 4.0.0-beta.8 (17/78)...
2025-11-10 17:40:30,259 - BlankSpaceAnalyzer - INFO - -> Analyzing version 4.0.0-beta.9 (18/78)...
2025-11-10 17:40:30,297 - BlankSpaceAnalyzer - INFO - -> Analyzing version 4.0.1 (19/78)...
2025-11-10 17:40:30,336 - BlankSpaceAnalyzer - INFO - -> Analyzing version 4.0.2 (20/78)...
2025-11-10 17:40:30,376 - BlankSpaceAnalyzer - INFO - -> Analyzing version 4.0.3 (21/78)...
2025-11-10 17:40:30,416 - BlankSpaceAnalyzer - INFO - -> Analyzing version 4.1.0 (22/78)...
2025-11-10 17:40:30,459 - BlankSpaceAnalyzer - INFO - -> Analyzing version 4.10.0 (23/78)...
2025-11-10 17:40:30,498 - BlankSpaceAnalyzer - INFO - -> Analyzing version 4.10.2 (24/78)...
2025-11-10 17:40:30,537 - BlankSpaceAnalyzer - INFO - -> Analyzing version 4.10.3 (25/78)...
2025-11-10 17:40:30,579 - BlankSpaceAnalyzer - INFO - -> Analyzing version 4.10.4 (26/78)...
2025-11-10 17:40:30,618 - BlankSpaceAnalyzer - INFO - -> Analyzing version 4.10.5 (27/78)...
2025-11-10 17:40:30,658 - BlankSpaceAnalyzer - INFO - -> Analyzing version 4.11.0 (28/78)...
2025-11-10 17:40:30,701 - BlankSpaceAnalyzer - INFO - -> Analyzing version 4.12.0 (29/78)...
2025-11-10 17:40:30,740 - BlankSpaceAnalyzer - INFO - -> Analyzing version 4.12.1 (30/78)...
2025-11-10 17:40:30,779 - BlankSpaceAnalyzer - INFO - -> Analyzing version 4.12.2 (31/78)...
2025-11-10 17:40:30,819 - BlankSpaceAnalyzer - INFO - -> Analyzing version 4.13.0 (32/78)...
2025-11-10 17:40:30,858 - BlankSpaceAnalyzer - INFO - -> Analyzing version 4.13.1 (33/78)...
2025-11-10 17:40:30,897 - BlankSpaceAnalyzer - INFO - -> Analyzing version 4.14.0 (34/78)...
2025-11-10 17:40:30,936 - BlankSpaceAnalyzer - INFO - -> Analyzing version 4.14.1 (35/78)...
2025-11-10 17:40:30,976 - BlankSpaceAnalyzer - INFO - -> Analyzing version 4.14.2 (36/78)...
2025-11-10 17:40:31,020 - BlankSpaceAnalyzer - INFO - -> Analyzing version 4.14.3 (37/78)...
2025-11-10 17:40:31,060 - BlankSpaceAnalyzer - INFO - -> Analyzing version 4.15.0 (38/78)...
2025-11-10 17:40:31,098 - BlankSpaceAnalyzer - INFO - -> Analyzing version 4.16.0 (39/78)...
2025-11-10 17:40:31,140 - BlankSpaceAnalyzer - INFO - -> Analyzing version 4.17.0 (40/78)...
2025-11-10 17:40:31,180 - BlankSpaceAnalyzer - INFO - -> Analyzing version 4.17.1 (41/78)...
2025-11-10 17:40:31,220 - BlankSpaceAnalyzer - INFO - -> Analyzing version 4.17.2 (42/78)...
2025-11-10 17:40:31,259 - BlankSpaceAnalyzer - INFO - -> Analyzing version 4.18.0 (43/78)...
2025-11-10 17:40:31,299 - BlankSpaceAnalyzer - INFO - -> Analyzing version 4.19.0 (44/78)...
2025-11-10 17:40:31,338 - BlankSpaceAnalyzer - INFO - -> Analyzing version 4.19.1 (45/78)...
2025-11-10 17:40:31,378 - BlankSpaceAnalyzer - INFO - -> Analyzing version 4.2.0 (46/78)...
2025-11-10 17:40:31,418 - BlankSpaceAnalyzer - INFO - -> Analyzing version 4.20.0 (47/78)...
2025-11-10 17:40:31,457 - BlankSpaceAnalyzer - INFO - -> Analyzing version 4.21.0 (48/78)...
2025-11-10 17:40:31,497 - BlankSpaceAnalyzer - INFO - -> Analyzing version 4.21.1 (49/78)...
2025-11-10 17:40:31,539 - BlankSpaceAnalyzer - INFO - -> Analyzing version 4.22.0 (50/78)...
2025-11-10 17:40:31,579 - BlankSpaceAnalyzer - INFO - -> Analyzing version 4.22.1 (51/78)...
2025-11-10 17:40:31,618 - BlankSpaceAnalyzer - INFO - -> Analyzing version 4.23.0 (52/78)...
2025-11-10 17:40:31,659 - BlankSpaceAnalyzer - INFO - -> Analyzing version 4.23.1 (53/78)...
2025-11-10 17:40:31,699 - BlankSpaceAnalyzer - INFO - -> Analyzing version 4.23.2 (54/78)...
2025-11-10 17:40:31,738 - BlankSpaceAnalyzer - INFO - -> Analyzing version 4.23.3 (55/78)...
2025-11-10 17:40:31,779 - BlankSpaceAnalyzer - INFO - -> Analyzing version 4.24.0 (56/78)...
2025-11-10 17:40:31,819 - BlankSpaceAnalyzer - INFO - -> Analyzing version 4.25.0 (57/78)...
2025-11-10 17:40:31,858 - BlankSpaceAnalyzer - INFO - -> Analyzing version 4.25.1 (58/78)...
2025-11-10 17:40:31,898 - BlankSpaceAnalyzer - INFO - -> Analyzing version 4.25.2 (59/78)...
2025-11-10 17:40:31,938 - BlankSpaceAnalyzer - INFO - -> Analyzing version 4.25.3 (60/78)...
2025-11-10 17:40:31,977 - BlankSpaceAnalyzer - INFO - -> Analyzing version 4.3.0 (61/78)...
2025-11-10 17:40:32,019 - BlankSpaceAnalyzer - INFO - -> Analyzing version 4.3.1 (62/78)...
2025-11-10 17:40:32,063 - BlankSpaceAnalyzer - INFO - -> Analyzing version 4.4.0 (63/78)...
2025-11-10 17:40:32,101 - BlankSpaceAnalyzer - INFO - -> Analyzing version 4.5.0 (64/78)...
2025-11-10 17:40:32,141 - BlankSpaceAnalyzer - INFO - -> Analyzing version 4.5.1 (65/78)...
2025-11-10 17:40:32,184 - BlankSpaceAnalyzer - INFO - -> Analyzing version 4.6.0 (66/78)...
2025-11-10 17:40:32,223 - BlankSpaceAnalyzer - INFO - -> Analyzing version 4.7.0 (67/78)...
2025-11-10 17:40:32,262 - BlankSpaceAnalyzer - INFO - -> Analyzing version 4.8.0 (68/78)...
2025-11-10 17:40:32,303 - BlankSpaceAnalyzer - INFO - -> Analyzing version 4.8.1 (69/78)...
2025-11-10 17:40:32,342 - BlankSpaceAnalyzer - INFO - -> Analyzing version 4.8.2 (70/78)...
2025-11-10 17:40:32,381 - BlankSpaceAnalyzer - INFO - -> Analyzing version 4.8.3 (71/78)...
2025-11-10 17:40:32,422 - BlankSpaceAnalyzer - INFO - -> Analyzing version 4.8.4 (72/78)...
2025-11-10 17:40:32,461 - BlankSpaceAnalyzer - INFO - -> Analyzing version 4.8.5 (73/78)...
2025-11-10 17:40:32,502 - BlankSpaceAnalyzer - INFO - -> Analyzing version 4.8.6 (74/78)...
2025-11-10 17:40:32,544 - BlankSpaceAnalyzer - INFO - -> Analyzing version 4.9.0 (75/78)...
2025-11-10 17:40:32,583 - BlankSpaceAnalyzer - INFO - -> Analyzing version 4.9.1 (76/78)...
2025-11-10 17:40:32,624 - BlankSpaceAnalyzer - INFO - -> Analyzing version 4.9.2 (77/78)...
2025-11-10 17:40:32,663 - BlankSpaceAnalyzer - INFO - -> Analyzing version 4.9.3 (78/78)...
2025-11-10 17:40:32,705 - BlankSpaceAnalyzer - INFO - Exporting results for '@algolia/transporter' to CSV...
2025-11-10 17:40:32,779 - BlankSpaceAnalyzer - INFO - Reports saved in: /app/npm_results/@algolia_transporter
2025-11-10 17:40:32,780 - NPM_Analyzer - INFO - Cleaning temporary folder 'temp/@algolia_transporter'...
2025-11-10 17:40:32,793 - NPM_Analyzer - INFO - Cleanup completed.
2025-11-11 04:08:27,318 - NPM_Analyzer - INFO - Fetching metadata for '@algolia/transporter'...
2025-11-11 04:08:27,513 - NPM_Analyzer - INFO - Found 78 versions. Starting download into 'temp/@algolia_transporter'...
2025-11-11 04:09:31,128 - BlankSpaceAnalyzer - INFO - Analyzing 78 versions for '*.js' in '@algolia_transporter'.
2025-11-11 04:09:31,128 - BlankSpaceAnalyzer - INFO - -> Analyzing version 0.0.0 (1/78)...
2025-11-11 04:09:31,129 - BlankSpaceAnalyzer - INFO - -> Analyzing version 4.0.0 (2/78)...
2025-11-11 04:09:31,192 - BlankSpaceAnalyzer - INFO - -> Analyzing version 4.0.0-beta.1 (3/78)...
2025-11-11 04:09:31,227 - BlankSpaceAnalyzer - INFO - -> Analyzing version 4.0.0-beta.10 (4/78)...
2025-11-11 04:09:31,264 - BlankSpaceAnalyzer - INFO - -> Analyzing version 4.0.0-beta.11 (5/78)...
2025-11-11 04:09:31,303 - BlankSpaceAnalyzer - INFO - -> Analyzing version 4.0.0-beta.12 (6/78)...
2025-11-11 04:09:31,341 - BlankSpaceAnalyzer - INFO - -> Analyzing version 4.0.0-beta.13 (7/78)...
2025-11-11 04:09:31,380 - BlankSpaceAnalyzer - INFO - -> Analyzing version 4.0.0-beta.14 (8/78)...
2025-11-11 04:09:31,418 - BlankSpaceAnalyzer - INFO - -> Analyzing version 4.0.0-beta.15 (9/78)...
2025-11-11 04:09:31,456 - BlankSpaceAnalyzer - INFO - -> Analyzing version 4.0.0-beta.16 (10/78)...
2025-11-11 04:09:31,495 - BlankSpaceAnalyzer - INFO - -> Analyzing version 4.0.0-beta.2 (11/78)...
2025-11-11 04:09:31,533 - BlankSpaceAnalyzer - INFO - -> Analyzing version 4.0.0-beta.3 (12/78)...
2025-11-11 04:09:31,572 - BlankSpaceAnalyzer - INFO - -> Analyzing version 4.0.0-beta.4 (13/78)...
2025-11-11 04:09:31,610 - BlankSpaceAnalyzer - INFO - -> Analyzing version 4.0.0-beta.5 (14/78)...
2025-11-11 04:09:31,649 - BlankSpaceAnalyzer - INFO - -> Analyzing version 4.0.0-beta.6 (15/78)...
2025-11-11 04:09:31,687 - BlankSpaceAnalyzer - INFO - -> Analyzing version 4.0.0-beta.7 (16/78)...
2025-11-11 04:09:31,725 - BlankSpaceAnalyzer - INFO - -> Analyzing version 4.0.0-beta.8 (17/78)...
2025-11-11 04:09:31,763 - BlankSpaceAnalyzer - INFO - -> Analyzing version 4.0.0-beta.9 (18/78)...
2025-11-11 04:09:31,801 - BlankSpaceAnalyzer - INFO - -> Analyzing version 4.0.1 (19/78)...
2025-11-11 04:09:31,839 - BlankSpaceAnalyzer - INFO - -> Analyzing version 4.0.2 (20/78)...
2025-11-11 04:09:31,877 - BlankSpaceAnalyzer - INFO - -> Analyzing version 4.0.3 (21/78)...
2025-11-11 04:09:31,916 - BlankSpaceAnalyzer - INFO - -> Analyzing version 4.1.0 (22/78)...
2025-11-11 04:09:31,954 - BlankSpaceAnalyzer - INFO - -> Analyzing version 4.10.0 (23/78)...
2025-11-11 04:09:31,993 - BlankSpaceAnalyzer - INFO - -> Analyzing version 4.10.2 (24/78)...
2025-11-11 04:09:32,031 - BlankSpaceAnalyzer - INFO - -> Analyzing version 4.10.3 (25/78)...
2025-11-11 04:09:32,070 - BlankSpaceAnalyzer - INFO - -> Analyzing version 4.10.4 (26/78)...
2025-11-11 04:09:32,109 - BlankSpaceAnalyzer - INFO - -> Analyzing version 4.10.5 (27/78)...
2025-11-11 04:09:32,148 - BlankSpaceAnalyzer - INFO - -> Analyzing version 4.11.0 (28/78)...
2025-11-11 04:09:32,186 - BlankSpaceAnalyzer - INFO - -> Analyzing version 4.12.0 (29/78)...
2025-11-11 04:09:32,225 - BlankSpaceAnalyzer - INFO - -> Analyzing version 4.12.1 (30/78)...
2025-11-11 04:09:32,263 - BlankSpaceAnalyzer - INFO - -> Analyzing version 4.12.2 (31/78)...
2025-11-11 04:09:32,302 - BlankSpaceAnalyzer - INFO - -> Analyzing version 4.13.0 (32/78)...
2025-11-11 04:09:32,340 - BlankSpaceAnalyzer - INFO - -> Analyzing version 4.13.1 (33/78)...
2025-11-11 04:09:32,379 - BlankSpaceAnalyzer - INFO - -> Analyzing version 4.14.0 (34/78)...
2025-11-11 04:09:32,419 - BlankSpaceAnalyzer - INFO - -> Analyzing version 4.14.1 (35/78)...
2025-11-11 04:09:32,458 - BlankSpaceAnalyzer - INFO - -> Analyzing version 4.14.2 (36/78)...
2025-11-11 04:09:32,500 - BlankSpaceAnalyzer - INFO - -> Analyzing version 4.14.3 (37/78)...
2025-11-11 04:09:32,544 - BlankSpaceAnalyzer - INFO - -> Analyzing version 4.15.0 (38/78)...
2025-11-11 04:09:32,587 - BlankSpaceAnalyzer - INFO - -> Analyzing version 4.16.0 (39/78)...
2025-11-11 04:09:32,625 - BlankSpaceAnalyzer - INFO - -> Analyzing version 4.17.0 (40/78)...
2025-11-11 04:09:32,663 - BlankSpaceAnalyzer - INFO - -> Analyzing version 4.17.1 (41/78)...
2025-11-11 04:09:32,703 - BlankSpaceAnalyzer - INFO - -> Analyzing version 4.17.2 (42/78)...
2025-11-11 04:09:32,742 - BlankSpaceAnalyzer - INFO - -> Analyzing version 4.18.0 (43/78)...
2025-11-11 04:09:32,780 - BlankSpaceAnalyzer - INFO - -> Analyzing version 4.19.0 (44/78)...
2025-11-11 04:09:32,819 - BlankSpaceAnalyzer - INFO - -> Analyzing version 4.19.1 (45/78)...
2025-11-11 04:09:32,857 - BlankSpaceAnalyzer - INFO - -> Analyzing version 4.2.0 (46/78)...
2025-11-11 04:09:32,896 - BlankSpaceAnalyzer - INFO - -> Analyzing version 4.20.0 (47/78)...
2025-11-11 04:09:32,934 - BlankSpaceAnalyzer - INFO - -> Analyzing version 4.21.0 (48/78)...
2025-11-11 04:09:32,973 - BlankSpaceAnalyzer - INFO - -> Analyzing version 4.21.1 (49/78)...
2025-11-11 04:09:33,013 - BlankSpaceAnalyzer - INFO - -> Analyzing version 4.22.0 (50/78)...
2025-11-11 04:09:33,052 - BlankSpaceAnalyzer - INFO - -> Analyzing version 4.22.1 (51/78)...
2025-11-11 04:09:33,090 - BlankSpaceAnalyzer - INFO - -> Analyzing version 4.23.0 (52/78)...
2025-11-11 04:09:33,129 - BlankSpaceAnalyzer - INFO - -> Analyzing version 4.23.1 (53/78)...
2025-11-11 04:09:33,167 - BlankSpaceAnalyzer - INFO - -> Analyzing version 4.23.2 (54/78)...
2025-11-11 04:09:33,206 - BlankSpaceAnalyzer - INFO - -> Analyzing version 4.23.3 (55/78)...
2025-11-11 04:09:33,244 - BlankSpaceAnalyzer - INFO - -> Analyzing version 4.24.0 (56/78)...
2025-11-11 04:09:33,282 - BlankSpaceAnalyzer - INFO - -> Analyzing version 4.25.0 (57/78)...
2025-11-11 04:09:33,321 - BlankSpaceAnalyzer - INFO - -> Analyzing version 4.25.1 (58/78)...
2025-11-11 04:09:33,360 - BlankSpaceAnalyzer - INFO - -> Analyzing version 4.25.2 (59/78)...
2025-11-11 04:09:33,398 - BlankSpaceAnalyzer - INFO - -> Analyzing version 4.25.3 (60/78)...
2025-11-11 04:09:33,437 - BlankSpaceAnalyzer - INFO - -> Analyzing version 4.3.0 (61/78)...
2025-11-11 04:09:33,475 - BlankSpaceAnalyzer - INFO - -> Analyzing version 4.3.1 (62/78)...
2025-11-11 04:09:33,514 - BlankSpaceAnalyzer - INFO - -> Analyzing version 4.4.0 (63/78)...
2025-11-11 04:09:33,554 - BlankSpaceAnalyzer - INFO - -> Analyzing version 4.5.0 (64/78)...
2025-11-11 04:09:33,592 - BlankSpaceAnalyzer - INFO - -> Analyzing version 4.5.1 (65/78)...
2025-11-11 04:09:33,630 - BlankSpaceAnalyzer - INFO - -> Analyzing version 4.6.0 (66/78)...
2025-11-11 04:09:33,668 - BlankSpaceAnalyzer - INFO - -> Analyzing version 4.7.0 (67/78)...
2025-11-11 04:09:33,707 - BlankSpaceAnalyzer - INFO - -> Analyzing version 4.8.0 (68/78)...
2025-11-11 04:09:33,745 - BlankSpaceAnalyzer - INFO - -> Analyzing version 4.8.1 (69/78)...
2025-11-11 04:09:33,783 - BlankSpaceAnalyzer - INFO - -> Analyzing version 4.8.2 (70/78)...
2025-11-11 04:09:33,822 - BlankSpaceAnalyzer - INFO - -> Analyzing version 4.8.3 (71/78)...
2025-11-11 04:09:33,861 - BlankSpaceAnalyzer - INFO - -> Analyzing version 4.8.4 (72/78)...
2025-11-11 04:09:33,899 - BlankSpaceAnalyzer - INFO - -> Analyzing version 4.8.5 (73/78)...
2025-11-11 04:09:33,938 - BlankSpaceAnalyzer - INFO - -> Analyzing version 4.8.6 (74/78)...
2025-11-11 04:09:33,977 - BlankSpaceAnalyzer - INFO - -> Analyzing version 4.9.0 (75/78)...
2025-11-11 04:09:34,017 - BlankSpaceAnalyzer - INFO - -> Analyzing version 4.9.1 (76/78)...
2025-11-11 04:09:34,056 - BlankSpaceAnalyzer - INFO - -> Analyzing version 4.9.2 (77/78)...
2025-11-11 04:09:34,095 - BlankSpaceAnalyzer - INFO - -> Analyzing version 4.9.3 (78/78)...
2025-11-11 04:09:34,138 - BlankSpaceAnalyzer - INFO - Exporting results for '@algolia/transporter' to CSV...
2025-11-11 04:09:34,209 - BlankSpaceAnalyzer - INFO - Reports saved in: /app/npm_results/@algolia_transporter
2025-11-11 04:09:34,209 - NPM_Analyzer - INFO - Cleaning temporary folder 'temp/@algolia_transporter'...
2025-11-11 04:09:34,222 - NPM_Analyzer - INFO - Cleanup completed.
2025-11-11 14:27:30,699 - NPM_Analyzer - INFO - Fetching metadata for '@algolia/transporter'...
2025-11-11 14:27:31,981 - NPM_Analyzer - INFO - Found 78 versions. Starting download into 'temp/@algolia_transporter'...
2025-11-11 14:28:34,456 - BlankSpaceAnalyzer - INFO - Analyzing 78 versions for '*.js' in '@algolia_transporter'.
2025-11-11 14:28:34,456 - BlankSpaceAnalyzer - INFO - -> Analyzing version 0.0.0 (1/78)...
2025-11-11 14:28:34,457 - BlankSpaceAnalyzer - INFO - -> Analyzing version 4.0.0 (2/78)...
2025-11-11 14:28:34,522 - BlankSpaceAnalyzer - INFO - -> Analyzing version 4.0.0-beta.1 (3/78)...
2025-11-11 14:28:34,556 - BlankSpaceAnalyzer - INFO - -> Analyzing version 4.0.0-beta.10 (4/78)...
2025-11-11 14:28:34,590 - BlankSpaceAnalyzer - INFO - -> Analyzing version 4.0.0-beta.11 (5/78)...
2025-11-11 14:28:34,624 - BlankSpaceAnalyzer - INFO - -> Analyzing version 4.0.0-beta.12 (6/78)...
2025-11-11 14:28:34,663 - BlankSpaceAnalyzer - INFO - -> Analyzing version 4.0.0-beta.13 (7/78)...
2025-11-11 14:28:34,700 - BlankSpaceAnalyzer - INFO - -> Analyzing version 4.0.0-beta.14 (8/78)...
2025-11-11 14:28:34,738 - BlankSpaceAnalyzer - INFO - -> Analyzing version 4.0.0-beta.15 (9/78)...
2025-11-11 14:28:34,776 - BlankSpaceAnalyzer - INFO - -> Analyzing version 4.0.0-beta.16 (10/78)...
2025-11-11 14:28:34,814 - BlankSpaceAnalyzer - INFO - -> Analyzing version 4.0.0-beta.2 (11/78)...
2025-11-11 14:28:34,852 - BlankSpaceAnalyzer - INFO - -> Analyzing version 4.0.0-beta.3 (12/78)...
2025-11-11 14:28:34,891 - BlankSpaceAnalyzer - INFO - -> Analyzing version 4.0.0-beta.4 (13/78)...
2025-11-11 14:28:34,929 - BlankSpaceAnalyzer - INFO - -> Analyzing version 4.0.0-beta.5 (14/78)...
2025-11-11 14:28:34,967 - BlankSpaceAnalyzer - INFO - -> Analyzing version 4.0.0-beta.6 (15/78)...
2025-11-11 14:28:35,006 - BlankSpaceAnalyzer - INFO - -> Analyzing version 4.0.0-beta.7 (16/78)...
2025-11-11 14:28:35,045 - BlankSpaceAnalyzer - INFO - -> Analyzing version 4.0.0-beta.8 (17/78)...
2025-11-11 14:28:35,083 - BlankSpaceAnalyzer - INFO - -> Analyzing version 4.0.0-beta.9 (18/78)...
2025-11-11 14:28:35,121 - BlankSpaceAnalyzer - INFO - -> Analyzing version 4.0.1 (19/78)...
2025-11-11 14:28:35,159 - BlankSpaceAnalyzer - INFO - -> Analyzing version 4.0.2 (20/78)...
2025-11-11 14:28:35,198 - BlankSpaceAnalyzer - INFO - -> Analyzing version 4.0.3 (21/78)...
2025-11-11 14:28:35,237 - BlankSpaceAnalyzer - INFO - -> Analyzing version 4.1.0 (22/78)...
2025-11-11 14:28:35,275 - BlankSpaceAnalyzer - INFO - -> Analyzing version 4.10.0 (23/78)...
2025-11-11 14:28:35,314 - BlankSpaceAnalyzer - INFO - -> Analyzing version 4.10.2 (24/78)...
2025-11-11 14:28:35,352 - BlankSpaceAnalyzer - INFO - -> Analyzing version 4.10.3 (25/78)...
2025-11-11 14:28:35,394 - BlankSpaceAnalyzer - INFO - -> Analyzing version 4.10.4 (26/78)...
2025-11-11 14:28:35,432 - BlankSpaceAnalyzer - INFO - -> Analyzing version 4.10.5 (27/78)...
2025-11-11 14:28:35,471 - BlankSpaceAnalyzer - INFO - -> Analyzing version 4.11.0 (28/78)...
2025-11-11 14:28:35,509 - BlankSpaceAnalyzer - INFO - -> Analyzing version 4.12.0 (29/78)...
2025-11-11 14:28:35,549 - BlankSpaceAnalyzer - INFO - -> Analyzing version 4.12.1 (30/78)...
2025-11-11 14:28:35,588 - BlankSpaceAnalyzer - INFO - -> Analyzing version 4.12.2 (31/78)...
2025-11-11 14:28:35,627 - BlankSpaceAnalyzer - INFO - -> Analyzing version 4.13.0 (32/78)...
2025-11-11 14:28:35,666 - BlankSpaceAnalyzer - INFO - -> Analyzing version 4.13.1 (33/78)...
2025-11-11 14:28:35,703 - BlankSpaceAnalyzer - INFO - -> Analyzing version 4.14.0 (34/78)...
2025-11-11 14:28:35,742 - BlankSpaceAnalyzer - INFO - -> Analyzing version 4.14.1 (35/78)...
2025-11-11 14:28:35,780 - BlankSpaceAnalyzer - INFO - -> Analyzing version 4.14.2 (36/78)...
2025-11-11 14:28:35,819 - BlankSpaceAnalyzer - INFO - -> Analyzing version 4.14.3 (37/78)...
2025-11-11 14:28:35,857 - BlankSpaceAnalyzer - INFO - -> Analyzing version 4.15.0 (38/78)...
2025-11-11 14:28:35,896 - BlankSpaceAnalyzer - INFO - -> Analyzing version 4.16.0 (39/78)...
2025-11-11 14:28:35,934 - BlankSpaceAnalyzer - INFO - -> Analyzing version 4.17.0 (40/78)...
2025-11-11 14:28:35,972 - BlankSpaceAnalyzer - INFO - -> Analyzing version 4.17.1 (41/78)...
2025-11-11 14:28:36,011 - BlankSpaceAnalyzer - INFO - -> Analyzing version 4.17.2 (42/78)...
2025-11-11 14:28:36,050 - BlankSpaceAnalyzer - INFO - -> Analyzing version 4.18.0 (43/78)...
2025-11-11 14:28:36,088 - BlankSpaceAnalyzer - INFO - -> Analyzing version 4.19.0 (44/78)...
2025-11-11 14:28:36,126 - BlankSpaceAnalyzer - INFO - -> Analyzing version 4.19.1 (45/78)...
2025-11-11 14:28:36,165 - BlankSpaceAnalyzer - INFO - -> Analyzing version 4.2.0 (46/78)...
2025-11-11 14:28:36,203 - BlankSpaceAnalyzer - INFO - -> Analyzing version 4.20.0 (47/78)...
2025-11-11 14:28:36,241 - BlankSpaceAnalyzer - INFO - -> Analyzing version 4.21.0 (48/78)...
2025-11-11 14:28:36,280 - BlankSpaceAnalyzer - INFO - -> Analyzing version 4.21.1 (49/78)...
2025-11-11 14:28:36,318 - BlankSpaceAnalyzer - INFO - -> Analyzing version 4.22.0 (50/78)...
2025-11-11 14:28:36,358 - BlankSpaceAnalyzer - INFO - -> Analyzing version 4.22.1 (51/78)...
2025-11-11 14:28:36,395 - BlankSpaceAnalyzer - INFO - -> Analyzing version 4.23.0 (52/78)...
2025-11-11 14:28:36,434 - BlankSpaceAnalyzer - INFO - -> Analyzing version 4.23.1 (53/78)...
2025-11-11 14:28:36,471 - BlankSpaceAnalyzer - INFO - -> Analyzing version 4.23.2 (54/78)...
2025-11-11 14:28:36,510 - BlankSpaceAnalyzer - INFO - -> Analyzing version 4.23.3 (55/78)...
2025-11-11 14:28:36,548 - BlankSpaceAnalyzer - INFO - -> Analyzing version 4.24.0 (56/78)...
2025-11-11 14:28:36,586 - BlankSpaceAnalyzer - INFO - -> Analyzing version 4.25.0 (57/78)...
2025-11-11 14:28:36,624 - BlankSpaceAnalyzer - INFO - -> Analyzing version 4.25.1 (58/78)...
2025-11-11 14:28:36,662 - BlankSpaceAnalyzer - INFO - -> Analyzing version 4.25.2 (59/78)...
2025-11-11 14:28:36,700 - BlankSpaceAnalyzer - INFO - -> Analyzing version 4.25.3 (60/78)...
2025-11-11 14:28:36,738 - BlankSpaceAnalyzer - INFO - -> Analyzing version 4.3.0 (61/78)...
2025-11-11 14:28:36,776 - BlankSpaceAnalyzer - INFO - -> Analyzing version 4.3.1 (62/78)...
2025-11-11 14:28:36,816 - BlankSpaceAnalyzer - INFO - -> Analyzing version 4.4.0 (63/78)...
2025-11-11 14:28:36,854 - BlankSpaceAnalyzer - INFO - -> Analyzing version 4.5.0 (64/78)...
2025-11-11 14:28:36,892 - BlankSpaceAnalyzer - INFO - -> Analyzing version 4.5.1 (65/78)...
2025-11-11 14:28:36,930 - BlankSpaceAnalyzer - INFO - -> Analyzing version 4.6.0 (66/78)...
2025-11-11 14:28:36,968 - BlankSpaceAnalyzer - INFO - -> Analyzing version 4.7.0 (67/78)...
2025-11-11 14:28:37,005 - BlankSpaceAnalyzer - INFO - -> Analyzing version 4.8.0 (68/78)...
2025-11-11 14:28:37,045 - BlankSpaceAnalyzer - INFO - -> Analyzing version 4.8.1 (69/78)...
2025-11-11 14:28:37,083 - BlankSpaceAnalyzer - INFO - -> Analyzing version 4.8.2 (70/78)...
2025-11-11 14:28:37,121 - BlankSpaceAnalyzer - INFO - -> Analyzing version 4.8.3 (71/78)...
2025-11-11 14:28:37,159 - BlankSpaceAnalyzer - INFO - -> Analyzing version 4.8.4 (72/78)...
2025-11-11 14:28:37,197 - BlankSpaceAnalyzer - INFO - -> Analyzing version 4.8.5 (73/78)...
2025-11-11 14:28:37,237 - BlankSpaceAnalyzer - INFO - -> Analyzing version 4.8.6 (74/78)...
2025-11-11 14:28:37,277 - BlankSpaceAnalyzer - INFO - -> Analyzing version 4.9.0 (75/78)...
2025-11-11 14:28:37,315 - BlankSpaceAnalyzer - INFO - -> Analyzing version 4.9.1 (76/78)...
2025-11-11 14:28:37,353 - BlankSpaceAnalyzer - INFO - -> Analyzing version 4.9.2 (77/78)...
2025-11-11 14:28:37,393 - BlankSpaceAnalyzer - INFO - -> Analyzing version 4.9.3 (78/78)...
2025-11-11 14:28:37,433 - BlankSpaceAnalyzer - INFO - Exporting results for '@algolia/transporter' to CSV...
2025-11-11 14:28:37,505 - BlankSpaceAnalyzer - INFO - Reports saved in: /app/npm_results/@algolia_transporter
2025-11-11 14:28:37,505 - NPM_Analyzer - INFO - Cleaning temporary folder 'temp/@algolia_transporter'...
2025-11-11 14:28:37,518 - NPM_Analyzer - INFO - Cleanup completed.
2025-11-12 01:18:19,625 - NPM_Analyzer - INFO - Fetching metadata for '@algolia/transporter'...
2025-11-12 01:18:19,815 - NPM_Analyzer - INFO - Found 78 versions. Starting download into 'temp/@algolia_transporter'...
2025-11-12 01:19:27,384 - BlankSpaceAnalyzer - INFO - Analyzing 78 versions for '*.js' in '@algolia_transporter'.
2025-11-12 01:19:27,384 - BlankSpaceAnalyzer - INFO - -> Analyzing version 0.0.0 (1/78)...
2025-11-12 01:19:27,385 - BlankSpaceAnalyzer - INFO - -> Analyzing version 4.0.0 (2/78)...
2025-11-12 01:19:27,447 - BlankSpaceAnalyzer - INFO - -> Analyzing version 4.0.0-beta.1 (3/78)...
2025-11-12 01:19:27,479 - BlankSpaceAnalyzer - INFO - -> Analyzing version 4.0.0-beta.10 (4/78)...
2025-11-12 01:19:27,515 - BlankSpaceAnalyzer - INFO - -> Analyzing version 4.0.0-beta.11 (5/78)...
2025-11-12 01:19:27,552 - BlankSpaceAnalyzer - INFO - -> Analyzing version 4.0.0-beta.12 (6/78)...
2025-11-12 01:19:27,589 - BlankSpaceAnalyzer - INFO - -> Analyzing version 4.0.0-beta.13 (7/78)...
2025-11-12 01:19:27,625 - BlankSpaceAnalyzer - INFO - -> Analyzing version 4.0.0-beta.14 (8/78)...
2025-11-12 01:19:27,662 - BlankSpaceAnalyzer - INFO - -> Analyzing version 4.0.0-beta.15 (9/78)...
2025-11-12 01:19:27,699 - BlankSpaceAnalyzer - INFO - -> Analyzing version 4.0.0-beta.16 (10/78)...
2025-11-12 01:19:27,735 - BlankSpaceAnalyzer - INFO - -> Analyzing version 4.0.0-beta.2 (11/78)...
2025-11-12 01:19:27,773 - BlankSpaceAnalyzer - INFO - -> Analyzing version 4.0.0-beta.3 (12/78)...
2025-11-12 01:19:27,809 - BlankSpaceAnalyzer - INFO - -> Analyzing version 4.0.0-beta.4 (13/78)...
2025-11-12 01:19:27,845 - BlankSpaceAnalyzer - INFO - -> Analyzing version 4.0.0-beta.5 (14/78)...
2025-11-12 01:19:27,885 - BlankSpaceAnalyzer - INFO - -> Analyzing version 4.0.0-beta.6 (15/78)...
2025-11-12 01:19:27,922 - BlankSpaceAnalyzer - INFO - -> Analyzing version 4.0.0-beta.7 (16/78)...
2025-11-12 01:19:27,959 - BlankSpaceAnalyzer - INFO - -> Analyzing version 4.0.0-beta.8 (17/78)...
2025-11-12 01:19:27,996 - BlankSpaceAnalyzer - INFO - -> Analyzing version 4.0.0-beta.9 (18/78)...
2025-11-12 01:19:28,033 - BlankSpaceAnalyzer - INFO - -> Analyzing version 4.0.1 (19/78)...
2025-11-12 01:19:28,069 - BlankSpaceAnalyzer - INFO - -> Analyzing version 4.0.2 (20/78)...
2025-11-12 01:19:28,105 - BlankSpaceAnalyzer - INFO - -> Analyzing version 4.0.3 (21/78)...
2025-11-12 01:19:28,141 - BlankSpaceAnalyzer - INFO - -> Analyzing version 4.1.0 (22/78)...
2025-11-12 01:19:28,179 - BlankSpaceAnalyzer - INFO - -> Analyzing version 4.10.0 (23/78)...
2025-11-12 01:19:28,216 - BlankSpaceAnalyzer - INFO - -> Analyzing version 4.10.2 (24/78)...
2025-11-12 01:19:28,252 - BlankSpaceAnalyzer - INFO - -> Analyzing version 4.10.3 (25/78)...
2025-11-12 01:19:28,288 - BlankSpaceAnalyzer - INFO - -> Analyzing version 4.10.4 (26/78)...
2025-11-12 01:19:28,324 - BlankSpaceAnalyzer - INFO - -> Analyzing version 4.10.5 (27/78)...
2025-11-12 01:19:28,360 - BlankSpaceAnalyzer - INFO - -> Analyzing version 4.11.0 (28/78)...
2025-11-12 01:19:28,397 - BlankSpaceAnalyzer - INFO - -> Analyzing version 4.12.0 (29/78)...
2025-11-12 01:19:28,433 - BlankSpaceAnalyzer - INFO - -> Analyzing version 4.12.1 (30/78)...
2025-11-12 01:19:28,470 - BlankSpaceAnalyzer - INFO - -> Analyzing version 4.12.2 (31/78)...
2025-11-12 01:19:28,506 - BlankSpaceAnalyzer - INFO - -> Analyzing version 4.13.0 (32/78)...
2025-11-12 01:19:28,543 - BlankSpaceAnalyzer - INFO - -> Analyzing version 4.13.1 (33/78)...
2025-11-12 01:19:28,579 - BlankSpaceAnalyzer - INFO - -> Analyzing version 4.14.0 (34/78)...
2025-11-12 01:19:28,618 - BlankSpaceAnalyzer - INFO - -> Analyzing version 4.14.1 (35/78)...
2025-11-12 01:19:28,655 - BlankSpaceAnalyzer - INFO - -> Analyzing version 4.14.2 (36/78)...
2025-11-12 01:19:28,692 - BlankSpaceAnalyzer - INFO - -> Analyzing version 4.14.3 (37/78)...
2025-11-12 01:19:28,728 - BlankSpaceAnalyzer - INFO - -> Analyzing version 4.15.0 (38/78)...
2025-11-12 01:19:28,765 - BlankSpaceAnalyzer - INFO - -> Analyzing version 4.16.0 (39/78)...
2025-11-12 01:19:28,801 - BlankSpaceAnalyzer - INFO - -> Analyzing version 4.17.0 (40/78)...
2025-11-12 01:19:28,838 - BlankSpaceAnalyzer - INFO - -> Analyzing version 4.17.1 (41/78)...
2025-11-12 01:19:28,875 - BlankSpaceAnalyzer - INFO - -> Analyzing version 4.17.2 (42/78)...
2025-11-12 01:19:28,912 - BlankSpaceAnalyzer - INFO - -> Analyzing version 4.18.0 (43/78)...
2025-11-12 01:19:28,950 - BlankSpaceAnalyzer - INFO - -> Analyzing version 4.19.0 (44/78)...
2025-11-12 01:19:28,986 - BlankSpaceAnalyzer - INFO - -> Analyzing version 4.19.1 (45/78)...
2025-11-12 01:19:29,023 - BlankSpaceAnalyzer - INFO - -> Analyzing version 4.2.0 (46/78)...
2025-11-12 01:19:29,060 - BlankSpaceAnalyzer - INFO - -> Analyzing version 4.20.0 (47/78)...
2025-11-12 01:19:29,096 - BlankSpaceAnalyzer - INFO - -> Analyzing version 4.21.0 (48/78)...
2025-11-12 01:19:29,135 - BlankSpaceAnalyzer - INFO - -> Analyzing version 4.21.1 (49/78)...
2025-11-12 01:19:29,171 - BlankSpaceAnalyzer - INFO - -> Analyzing version 4.22.0 (50/78)...
2025-11-12 01:19:29,207 - BlankSpaceAnalyzer - INFO - -> Analyzing version 4.22.1 (51/78)...
2025-11-12 01:19:29,243 - BlankSpaceAnalyzer - INFO - -> Analyzing version 4.23.0 (52/78)...
2025-11-12 01:19:29,280 - BlankSpaceAnalyzer - INFO - -> Analyzing version 4.23.1 (53/78)...
2025-11-12 01:19:29,316 - BlankSpaceAnalyzer - INFO - -> Analyzing version 4.23.2 (54/78)...
2025-11-12 01:19:29,354 - BlankSpaceAnalyzer - INFO - -> Analyzing version 4.23.3 (55/78)...
2025-11-12 01:19:29,391 - BlankSpaceAnalyzer - INFO - -> Analyzing version 4.24.0 (56/78)...
2025-11-12 01:19:29,429 - BlankSpaceAnalyzer - INFO - -> Analyzing version 4.25.0 (57/78)...
2025-11-12 01:19:29,465 - BlankSpaceAnalyzer - INFO - -> Analyzing version 4.25.1 (58/78)...
2025-11-12 01:19:29,502 - BlankSpaceAnalyzer - INFO - -> Analyzing version 4.25.2 (59/78)...
2025-11-12 01:19:29,540 - BlankSpaceAnalyzer - INFO - -> Analyzing version 4.25.3 (60/78)...
2025-11-12 01:19:29,578 - BlankSpaceAnalyzer - INFO - -> Analyzing version 4.3.0 (61/78)...
2025-11-12 01:19:29,614 - BlankSpaceAnalyzer - INFO - -> Analyzing version 4.3.1 (62/78)...
2025-11-12 01:19:29,650 - BlankSpaceAnalyzer - INFO - -> Analyzing version 4.4.0 (63/78)...
2025-11-12 01:19:29,689 - BlankSpaceAnalyzer - INFO - -> Analyzing version 4.5.0 (64/78)...
2025-11-12 01:19:29,725 - BlankSpaceAnalyzer - INFO - -> Analyzing version 4.5.1 (65/78)...
2025-11-12 01:19:29,764 - BlankSpaceAnalyzer - INFO - -> Analyzing version 4.6.0 (66/78)...
2025-11-12 01:19:29,801 - BlankSpaceAnalyzer - INFO - -> Analyzing version 4.7.0 (67/78)...
2025-11-12 01:19:29,837 - BlankSpaceAnalyzer - INFO - -> Analyzing version 4.8.0 (68/78)...
2025-11-12 01:19:29,874 - BlankSpaceAnalyzer - INFO - -> Analyzing version 4.8.1 (69/78)...
2025-11-12 01:19:29,911 - BlankSpaceAnalyzer - INFO - -> Analyzing version 4.8.2 (70/78)...
2025-11-12 01:19:29,948 - BlankSpaceAnalyzer - INFO - -> Analyzing version 4.8.3 (71/78)...
2025-11-12 01:19:29,984 - BlankSpaceAnalyzer - INFO - -> Analyzing version 4.8.4 (72/78)...
2025-11-12 01:19:30,022 - BlankSpaceAnalyzer - INFO - -> Analyzing version 4.8.5 (73/78)...
2025-11-12 01:19:30,058 - BlankSpaceAnalyzer - INFO - -> Analyzing version 4.8.6 (74/78)...
2025-11-12 01:19:30,095 - BlankSpaceAnalyzer - INFO - -> Analyzing version 4.9.0 (75/78)...
2025-11-12 01:19:30,132 - BlankSpaceAnalyzer - INFO - -> Analyzing version 4.9.1 (76/78)...
2025-11-12 01:19:30,169 - BlankSpaceAnalyzer - INFO - -> Analyzing version 4.9.2 (77/78)...
2025-11-12 01:19:30,205 - BlankSpaceAnalyzer - INFO - -> Analyzing version 4.9.3 (78/78)...
2025-11-12 01:19:30,244 - BlankSpaceAnalyzer - INFO - Exporting results for '@algolia/transporter' to CSV...
2025-11-12 01:19:30,314 - BlankSpaceAnalyzer - INFO - Reports saved in: /app/npm_results/@algolia_transporter
2025-11-12 01:19:30,315 - NPM_Analyzer - INFO - Cleaning temporary folder 'temp/@algolia_transporter'...
2025-11-12 01:19:30,327 - NPM_Analyzer - INFO - Cleanup completed.
2025-11-12 11:46:12,036 - NPM_Analyzer - INFO - Fetching metadata for '@algolia/transporter'...
2025-11-12 11:46:12,243 - NPM_Analyzer - INFO - Found 78 versions. Starting download into 'temp/@algolia_transporter'...
2025-11-12 11:47:13,934 - BlankSpaceAnalyzer - INFO - Analyzing 78 versions for '*.js' in '@algolia_transporter'.
2025-11-12 11:47:13,934 - BlankSpaceAnalyzer - INFO - -> Analyzing version 0.0.0 (1/78)...
2025-11-12 11:47:13,935 - BlankSpaceAnalyzer - INFO - -> Analyzing version 4.0.0 (2/78)...
2025-11-12 11:47:13,996 - BlankSpaceAnalyzer - INFO - -> Analyzing version 4.0.0-beta.1 (3/78)...
2025-11-12 11:47:14,030 - BlankSpaceAnalyzer - INFO - -> Analyzing version 4.0.0-beta.10 (4/78)...
2025-11-12 11:47:14,062 - BlankSpaceAnalyzer - INFO - -> Analyzing version 4.0.0-beta.11 (5/78)...
2025-11-12 11:47:14,098 - BlankSpaceAnalyzer - INFO - -> Analyzing version 4.0.0-beta.12 (6/78)...
2025-11-12 11:47:14,134 - BlankSpaceAnalyzer - INFO - -> Analyzing version 4.0.0-beta.13 (7/78)...
2025-11-12 11:47:14,169 - BlankSpaceAnalyzer - INFO - -> Analyzing version 4.0.0-beta.14 (8/78)...
2025-11-12 11:47:14,204 - BlankSpaceAnalyzer - INFO - -> Analyzing version 4.0.0-beta.15 (9/78)...
2025-11-12 11:47:14,240 - BlankSpaceAnalyzer - INFO - -> Analyzing version 4.0.0-beta.16 (10/78)...
2025-11-12 11:47:14,276 - BlankSpaceAnalyzer - INFO - -> Analyzing version 4.0.0-beta.2 (11/78)...
2025-11-12 11:47:14,315 - BlankSpaceAnalyzer - INFO - -> Analyzing version 4.0.0-beta.3 (12/78)...
2025-11-12 11:47:14,352 - BlankSpaceAnalyzer - INFO - -> Analyzing version 4.0.0-beta.4 (13/78)...
2025-11-12 11:47:14,388 - BlankSpaceAnalyzer - INFO - -> Analyzing version 4.0.0-beta.5 (14/78)...
2025-11-12 11:47:14,423 - BlankSpaceAnalyzer - INFO - -> Analyzing version 4.0.0-beta.6 (15/78)...
2025-11-12 11:47:14,460 - BlankSpaceAnalyzer - INFO - -> Analyzing version 4.0.0-beta.7 (16/78)...
2025-11-12 11:47:14,495 - BlankSpaceAnalyzer - INFO - -> Analyzing version 4.0.0-beta.8 (17/78)...
2025-11-12 11:47:14,531 - BlankSpaceAnalyzer - INFO - -> Analyzing version 4.0.0-beta.9 (18/78)...
2025-11-12 11:47:14,566 - BlankSpaceAnalyzer - INFO - -> Analyzing version 4.0.1 (19/78)...
2025-11-12 11:47:14,602 - BlankSpaceAnalyzer - INFO - -> Analyzing version 4.0.2 (20/78)...
2025-11-12 11:47:14,640 - BlankSpaceAnalyzer - INFO - -> Analyzing version 4.0.3 (21/78)...
2025-11-12 11:47:14,678 - BlankSpaceAnalyzer - INFO - -> Analyzing version 4.1.0 (22/78)...
2025-11-12 11:47:14,713 - BlankSpaceAnalyzer - INFO - -> Analyzing version 4.10.0 (23/78)...
2025-11-12 11:47:14,749 - BlankSpaceAnalyzer - INFO - -> Analyzing version 4.10.2 (24/78)...
2025-11-12 11:47:14,788 - BlankSpaceAnalyzer - INFO - -> Analyzing version 4.10.3 (25/78)...
2025-11-12 11:47:14,824 - BlankSpaceAnalyzer - INFO - -> Analyzing version 4.10.4 (26/78)...
2025-11-12 11:47:14,860 - BlankSpaceAnalyzer - INFO - -> Analyzing version 4.10.5 (27/78)...
2025-11-12 11:47:14,896 - BlankSpaceAnalyzer - INFO - -> Analyzing version 4.11.0 (28/78)...
2025-11-12 11:47:14,933 - BlankSpaceAnalyzer - INFO - -> Analyzing version 4.12.0 (29/78)...
2025-11-12 11:47:14,970 - BlankSpaceAnalyzer - INFO - -> Analyzing version 4.12.1 (30/78)...
2025-11-12 11:47:15,006 - BlankSpaceAnalyzer - INFO - -> Analyzing version 4.12.2 (31/78)...
2025-11-12 11:47:15,042 - BlankSpaceAnalyzer - INFO - -> Analyzing version 4.13.0 (32/78)...
2025-11-12 11:47:15,077 - BlankSpaceAnalyzer - INFO - -> Analyzing version 4.13.1 (33/78)...
2025-11-12 11:47:15,113 - BlankSpaceAnalyzer - INFO - -> Analyzing version 4.14.0 (34/78)...
2025-11-12 11:47:15,148 - BlankSpaceAnalyzer - INFO - -> Analyzing version 4.14.1 (35/78)...
2025-11-12 11:47:15,184 - BlankSpaceAnalyzer - INFO - -> Analyzing version 4.14.2 (36/78)...
2025-11-12 11:47:15,220 - BlankSpaceAnalyzer - INFO - -> Analyzing version 4.14.3 (37/78)...
2025-11-12 11:47:15,256 - BlankSpaceAnalyzer - INFO - -> Analyzing version 4.15.0 (38/78)...
2025-11-12 11:47:15,293 - BlankSpaceAnalyzer - INFO - -> Analyzing version 4.16.0 (39/78)...
2025-11-12 11:47:15,329 - BlankSpaceAnalyzer - INFO - -> Analyzing version 4.17.0 (40/78)...
2025-11-12 11:47:15,365 - BlankSpaceAnalyzer - INFO - -> Analyzing version 4.17.1 (41/78)...
2025-11-12 11:47:15,402 - BlankSpaceAnalyzer - INFO - -> Analyzing version 4.17.2 (42/78)...
2025-11-12 11:47:15,437 - BlankSpaceAnalyzer - INFO - -> Analyzing version 4.18.0 (43/78)...
2025-11-12 11:47:15,473 - BlankSpaceAnalyzer - INFO - -> Analyzing version 4.19.0 (44/78)...
2025-11-12 11:47:15,509 - BlankSpaceAnalyzer - INFO - -> Analyzing version 4.19.1 (45/78)...
2025-11-12 11:47:15,546 - BlankSpaceAnalyzer - INFO - -> Analyzing version 4.2.0 (46/78)...
2025-11-12 11:47:15,582 - BlankSpaceAnalyzer - INFO - -> Analyzing version 4.20.0 (47/78)...
2025-11-12 11:47:15,619 - BlankSpaceAnalyzer - INFO - -> Analyzing version 4.21.0 (48/78)...
2025-11-12 11:47:15,655 - BlankSpaceAnalyzer - INFO - -> Analyzing version 4.21.1 (49/78)...
2025-11-12 11:47:15,690 - BlankSpaceAnalyzer - INFO - -> Analyzing version 4.22.0 (50/78)...
2025-11-12 11:47:15,726 - BlankSpaceAnalyzer - INFO - -> Analyzing version 4.22.1 (51/78)...
2025-11-12 11:47:15,762 - BlankSpaceAnalyzer - INFO - -> Analyzing version 4.23.0 (52/78)...
2025-11-12 11:47:15,798 - BlankSpaceAnalyzer - INFO - -> Analyzing version 4.23.1 (53/78)...
2025-11-12 11:47:15,834 - BlankSpaceAnalyzer - INFO - -> Analyzing version 4.23.2 (54/78)...
2025-11-12 11:47:15,870 - BlankSpaceAnalyzer - INFO - -> Analyzing version 4.23.3 (55/78)...
2025-11-12 11:47:15,906 - BlankSpaceAnalyzer - INFO - -> Analyzing version 4.24.0 (56/78)...
2025-11-12 11:47:15,943 - BlankSpaceAnalyzer - INFO - -> Analyzing version 4.25.0 (57/78)...
2025-11-12 11:47:15,978 - BlankSpaceAnalyzer - INFO - -> Analyzing version 4.25.1 (58/78)...
2025-11-12 11:47:16,015 - BlankSpaceAnalyzer - INFO - -> Analyzing version 4.25.2 (59/78)...
2025-11-12 11:47:16,052 - BlankSpaceAnalyzer - INFO - -> Analyzing version 4.25.3 (60/78)...
2025-11-12 11:47:16,089 - BlankSpaceAnalyzer - INFO - -> Analyzing version 4.3.0 (61/78)...
2025-11-12 11:47:16,125 - BlankSpaceAnalyzer - INFO - -> Analyzing version 4.3.1 (62/78)...
2025-11-12 11:47:16,161 - BlankSpaceAnalyzer - INFO - -> Analyzing version 4.4.0 (63/78)...
2025-11-12 11:47:16,199 - BlankSpaceAnalyzer - INFO - -> Analyzing version 4.5.0 (64/78)...
2025-11-12 11:47:16,234 - BlankSpaceAnalyzer - INFO - -> Analyzing version 4.5.1 (65/78)...
2025-11-12 11:47:16,270 - BlankSpaceAnalyzer - INFO - -> Analyzing version 4.6.0 (66/78)...
2025-11-12 11:47:16,306 - BlankSpaceAnalyzer - INFO - -> Analyzing version 4.7.0 (67/78)...
2025-11-12 11:47:16,343 - BlankSpaceAnalyzer - INFO - -> Analyzing version 4.8.0 (68/78)...
2025-11-12 11:47:16,379 - BlankSpaceAnalyzer - INFO - -> Analyzing version 4.8.1 (69/78)...
2025-11-12 11:47:16,415 - BlankSpaceAnalyzer - INFO - -> Analyzing version 4.8.2 (70/78)...
2025-11-12 11:47:16,451 - BlankSpaceAnalyzer - INFO - -> Analyzing version 4.8.3 (71/78)...
2025-11-12 11:47:16,486 - BlankSpaceAnalyzer - INFO - -> Analyzing version 4.8.4 (72/78)...
2025-11-12 11:47:16,524 - BlankSpaceAnalyzer - INFO - -> Analyzing version 4.8.5 (73/78)...
2025-11-12 11:47:16,559 - BlankSpaceAnalyzer - INFO - -> Analyzing version 4.8.6 (74/78)...
2025-11-12 11:47:16,596 - BlankSpaceAnalyzer - INFO - -> Analyzing version 4.9.0 (75/78)...
2025-11-12 11:47:16,632 - BlankSpaceAnalyzer - INFO - -> Analyzing version 4.9.1 (76/78)...
2025-11-12 11:47:16,667 - BlankSpaceAnalyzer - INFO - -> Analyzing version 4.9.2 (77/78)...
2025-11-12 11:47:16,703 - BlankSpaceAnalyzer - INFO - -> Analyzing version 4.9.3 (78/78)...
2025-11-12 11:47:16,742 - BlankSpaceAnalyzer - INFO - Exporting results for '@algolia/transporter' to CSV...
2025-11-12 11:47:16,815 - BlankSpaceAnalyzer - INFO - Reports saved in: /app/npm_results/@algolia_transporter
2025-11-12 11:47:16,815 - NPM_Analyzer - INFO - Cleaning temporary folder 'temp/@algolia_transporter'...
2025-11-12 11:47:16,828 - NPM_Analyzer - INFO - Cleanup completed.
2025-11-12 22:30:46,434 - NPM_Analyzer - INFO - Fetching metadata for '@algolia/transporter'...
2025-11-12 22:30:46,662 - NPM_Analyzer - INFO - Found 78 versions. Starting download into 'temp/@algolia_transporter'...
2025-11-12 22:31:51,469 - BlankSpaceAnalyzer - INFO - Analyzing 78 versions for '*.js' in '@algolia_transporter'.
2025-11-12 22:31:51,469 - BlankSpaceAnalyzer - INFO - -> Analyzing version 0.0.0 (1/78)...
2025-11-12 22:31:51,470 - BlankSpaceAnalyzer - INFO - -> Analyzing version 4.0.0 (2/78)...
2025-11-12 22:31:51,518 - BlankSpaceAnalyzer - INFO - -> Analyzing version 4.0.0-beta.1 (3/78)...
2025-11-12 22:31:51,553 - BlankSpaceAnalyzer - INFO - -> Analyzing version 4.0.0-beta.10 (4/78)...
2025-11-12 22:31:51,590 - BlankSpaceAnalyzer - INFO - -> Analyzing version 4.0.0-beta.11 (5/78)...
2025-11-12 22:31:51,628 - BlankSpaceAnalyzer - INFO - -> Analyzing version 4.0.0-beta.12 (6/78)...
2025-11-12 22:31:51,665 - BlankSpaceAnalyzer - INFO - -> Analyzing version 4.0.0-beta.13 (7/78)...
2025-11-12 22:31:51,703 - BlankSpaceAnalyzer - INFO - -> Analyzing version 4.0.0-beta.14 (8/78)...
2025-11-12 22:31:51,740 - BlankSpaceAnalyzer - INFO - -> Analyzing version 4.0.0-beta.15 (9/78)...
2025-11-12 22:31:51,779 - BlankSpaceAnalyzer - INFO - -> Analyzing version 4.0.0-beta.16 (10/78)...
2025-11-12 22:31:51,815 - BlankSpaceAnalyzer - INFO - -> Analyzing version 4.0.0-beta.2 (11/78)...
2025-11-12 22:31:51,853 - BlankSpaceAnalyzer - INFO - -> Analyzing version 4.0.0-beta.3 (12/78)...
2025-11-12 22:31:51,891 - BlankSpaceAnalyzer - INFO - -> Analyzing version 4.0.0-beta.4 (13/78)...
2025-11-12 22:31:51,928 - BlankSpaceAnalyzer - INFO - -> Analyzing version 4.0.0-beta.5 (14/78)...
2025-11-12 22:31:51,965 - BlankSpaceAnalyzer - INFO - -> Analyzing version 4.0.0-beta.6 (15/78)...
2025-11-12 22:31:52,003 - BlankSpaceAnalyzer - INFO - -> Analyzing version 4.0.0-beta.7 (16/78)...
2025-11-12 22:31:52,042 - BlankSpaceAnalyzer - INFO - -> Analyzing version 4.0.0-beta.8 (17/78)...
2025-11-12 22:31:52,079 - BlankSpaceAnalyzer - INFO - -> Analyzing version 4.0.0-beta.9 (18/78)...
2025-11-12 22:31:52,118 - BlankSpaceAnalyzer - INFO - -> Analyzing version 4.0.1 (19/78)...
2025-11-12 22:31:52,156 - BlankSpaceAnalyzer - INFO - -> Analyzing version 4.0.2 (20/78)...
2025-11-12 22:31:52,194 - BlankSpaceAnalyzer - INFO - -> Analyzing version 4.0.3 (21/78)...
2025-11-12 22:31:52,233 - BlankSpaceAnalyzer - INFO - -> Analyzing version 4.1.0 (22/78)...
2025-11-12 22:31:52,271 - BlankSpaceAnalyzer - INFO - -> Analyzing version 4.10.0 (23/78)...
2025-11-12 22:31:52,308 - BlankSpaceAnalyzer - INFO - -> Analyzing version 4.10.2 (24/78)...
2025-11-12 22:31:52,346 - BlankSpaceAnalyzer - INFO - -> Analyzing version 4.10.3 (25/78)...
2025-11-12 22:31:52,385 - BlankSpaceAnalyzer - INFO - -> Analyzing version 4.10.4 (26/78)...
2025-11-12 22:31:52,423 - BlankSpaceAnalyzer - INFO - -> Analyzing version 4.10.5 (27/78)...
2025-11-12 22:31:52,461 - BlankSpaceAnalyzer - INFO - -> Analyzing version 4.11.0 (28/78)...
2025-11-12 22:31:52,498 - BlankSpaceAnalyzer - INFO - -> Analyzing version 4.12.0 (29/78)...
2025-11-12 22:31:52,536 - BlankSpaceAnalyzer - INFO - -> Analyzing version 4.12.1 (30/78)...
2025-11-12 22:31:52,574 - BlankSpaceAnalyzer - INFO - -> Analyzing version 4.12.2 (31/78)...
2025-11-12 22:31:52,614 - BlankSpaceAnalyzer - INFO - -> Analyzing version 4.13.0 (32/78)...
2025-11-12 22:31:52,651 - BlankSpaceAnalyzer - INFO - -> Analyzing version 4.13.1 (33/78)...
2025-11-12 22:31:52,688 - BlankSpaceAnalyzer - INFO - -> Analyzing version 4.14.0 (34/78)...
2025-11-12 22:31:52,726 - BlankSpaceAnalyzer - INFO - -> Analyzing version 4.14.1 (35/78)...
2025-11-12 22:31:52,764 - BlankSpaceAnalyzer - INFO - -> Analyzing version 4.14.2 (36/78)...
2025-11-12 22:31:52,802 - BlankSpaceAnalyzer - INFO - -> Analyzing version 4.14.3 (37/78)...
2025-11-12 22:31:52,842 - BlankSpaceAnalyzer - INFO - -> Analyzing version 4.15.0 (38/78)...
2025-11-12 22:31:52,879 - BlankSpaceAnalyzer - INFO - -> Analyzing version 4.16.0 (39/78)...
2025-11-12 22:31:52,918 - BlankSpaceAnalyzer - INFO - -> Analyzing version 4.17.0 (40/78)...
2025-11-12 22:31:52,956 - BlankSpaceAnalyzer - INFO - -> Analyzing version 4.17.1 (41/78)...
2025-11-12 22:31:52,995 - BlankSpaceAnalyzer - INFO - -> Analyzing version 4.17.2 (42/78)...
2025-11-12 22:31:53,032 - BlankSpaceAnalyzer - INFO - -> Analyzing version 4.18.0 (43/78)...
2025-11-12 22:31:53,071 - BlankSpaceAnalyzer - INFO - -> Analyzing version 4.19.0 (44/78)...
2025-11-12 22:31:53,109 - BlankSpaceAnalyzer - INFO - -> Analyzing version 4.19.1 (45/78)...
2025-11-12 22:31:53,148 - BlankSpaceAnalyzer - INFO - -> Analyzing version 4.2.0 (46/78)...
2025-11-12 22:31:53,186 - BlankSpaceAnalyzer - INFO - -> Analyzing version 4.20.0 (47/78)...
2025-11-12 22:31:53,224 - BlankSpaceAnalyzer - INFO - -> Analyzing version 4.21.0 (48/78)...
2025-11-12 22:31:53,262 - BlankSpaceAnalyzer - INFO - -> Analyzing version 4.21.1 (49/78)...
2025-11-12 22:31:53,300 - BlankSpaceAnalyzer - INFO - -> Analyzing version 4.22.0 (50/78)...
2025-11-12 22:31:53,338 - BlankSpaceAnalyzer - INFO - -> Analyzing version 4.22.1 (51/78)...
2025-11-12 22:31:53,378 - BlankSpaceAnalyzer - INFO - -> Analyzing version 4.23.0 (52/78)...
2025-11-12 22:31:53,416 - BlankSpaceAnalyzer - INFO - -> Analyzing version 4.23.1 (53/78)...
2025-11-12 22:31:53,453 - BlankSpaceAnalyzer - INFO - -> Analyzing version 4.23.2 (54/78)...
2025-11-12 22:31:53,491 - BlankSpaceAnalyzer - INFO - -> Analyzing version 4.23.3 (55/78)...
2025-11-12 22:31:53,529 - BlankSpaceAnalyzer - INFO - -> Analyzing version 4.24.0 (56/78)...
2025-11-12 22:31:53,568 - BlankSpaceAnalyzer - INFO - -> Analyzing version 4.25.0 (57/78)...
2025-11-12 22:31:53,606 - BlankSpaceAnalyzer - INFO - -> Analyzing version 4.25.1 (58/78)...
2025-11-12 22:31:53,644 - BlankSpaceAnalyzer - INFO - -> Analyzing version 4.25.2 (59/78)...
2025-11-12 22:31:53,683 - BlankSpaceAnalyzer - INFO - -> Analyzing version 4.25.3 (60/78)...
2025-11-12 22:31:53,720 - BlankSpaceAnalyzer - INFO - -> Analyzing version 4.3.0 (61/78)...
2025-11-12 22:31:53,758 - BlankSpaceAnalyzer - INFO - -> Analyzing version 4.3.1 (62/78)...
2025-11-12 22:31:53,795 - BlankSpaceAnalyzer - INFO - -> Analyzing version 4.4.0 (63/78)...
2025-11-12 22:31:53,833 - BlankSpaceAnalyzer - INFO - -> Analyzing version 4.5.0 (64/78)...
2025-11-12 22:31:53,872 - BlankSpaceAnalyzer - INFO - -> Analyzing version 4.5.1 (65/78)...
2025-11-12 22:31:53,912 - BlankSpaceAnalyzer - INFO - -> Analyzing version 4.6.0 (66/78)...
2025-11-12 22:31:53,950 - BlankSpaceAnalyzer - INFO - -> Analyzing version 4.7.0 (67/78)...
2025-11-12 22:31:53,991 - BlankSpaceAnalyzer - INFO - -> Analyzing version 4.8.0 (68/78)...
2025-11-12 22:31:54,029 - BlankSpaceAnalyzer - INFO - -> Analyzing version 4.8.1 (69/78)...
2025-11-12 22:31:54,067 - BlankSpaceAnalyzer - INFO - -> Analyzing version 4.8.2 (70/78)...
2025-11-12 22:31:54,106 - BlankSpaceAnalyzer - INFO - -> Analyzing version 4.8.3 (71/78)...
2025-11-12 22:31:54,145 - BlankSpaceAnalyzer - INFO - -> Analyzing version 4.8.4 (72/78)...
2025-11-12 22:31:54,183 - BlankSpaceAnalyzer - INFO - -> Analyzing version 4.8.5 (73/78)...
2025-11-12 22:31:54,221 - BlankSpaceAnalyzer - INFO - -> Analyzing version 4.8.6 (74/78)...
2025-11-12 22:31:54,264 - BlankSpaceAnalyzer - INFO - -> Analyzing version 4.9.0 (75/78)...
2025-11-12 22:31:54,302 - BlankSpaceAnalyzer - INFO - -> Analyzing version 4.9.1 (76/78)...
2025-11-12 22:31:54,341 - BlankSpaceAnalyzer - INFO - -> Analyzing version 4.9.2 (77/78)...
2025-11-12 22:31:54,379 - BlankSpaceAnalyzer - INFO - -> Analyzing version 4.9.3 (78/78)...
2025-11-12 22:31:54,421 - BlankSpaceAnalyzer - INFO - Exporting results for '@algolia/transporter' to CSV...
2025-11-12 22:31:54,492 - BlankSpaceAnalyzer - INFO - Reports saved in: /app/npm_results/@algolia_transporter
2025-11-12 22:31:54,492 - NPM_Analyzer - INFO - Cleaning temporary folder 'temp/@algolia_transporter'...
2025-11-12 22:31:54,505 - NPM_Analyzer - INFO - Cleanup completed.
2025-11-13 08:56:09,677 - NPM_Analyzer - INFO - Fetching metadata for '@algolia/transporter'...
2025-11-13 08:56:09,890 - NPM_Analyzer - INFO - Found 78 versions. Starting download into 'temp/@algolia_transporter'...
2025-11-13 08:57:12,794 - BlankSpaceAnalyzer - INFO - Analyzing 78 versions for '*.js' in '@algolia_transporter'.
2025-11-13 08:57:12,794 - BlankSpaceAnalyzer - INFO - -> Analyzing version 0.0.0 (1/78)...
2025-11-13 08:57:12,795 - BlankSpaceAnalyzer - INFO - -> Analyzing version 4.0.0 (2/78)...
2025-11-13 08:57:12,845 - BlankSpaceAnalyzer - INFO - -> Analyzing version 4.0.0-beta.1 (3/78)...
2025-11-13 08:57:12,877 - BlankSpaceAnalyzer - INFO - -> Analyzing version 4.0.0-beta.10 (4/78)...
2025-11-13 08:57:12,909 - BlankSpaceAnalyzer - INFO - -> Analyzing version 4.0.0-beta.11 (5/78)...
2025-11-13 08:57:12,944 - BlankSpaceAnalyzer - INFO - -> Analyzing version 4.0.0-beta.12 (6/78)...
2025-11-13 08:57:12,981 - BlankSpaceAnalyzer - INFO - -> Analyzing version 4.0.0-beta.13 (7/78)...
2025-11-13 08:57:13,019 - BlankSpaceAnalyzer - INFO - -> Analyzing version 4.0.0-beta.14 (8/78)...
2025-11-13 08:57:13,056 - BlankSpaceAnalyzer - INFO - -> Analyzing version 4.0.0-beta.15 (9/78)...
2025-11-13 08:57:13,092 - BlankSpaceAnalyzer - INFO - -> Analyzing version 4.0.0-beta.16 (10/78)...
2025-11-13 08:57:13,133 - BlankSpaceAnalyzer - INFO - -> Analyzing version 4.0.0-beta.2 (11/78)...
2025-11-13 08:57:13,170 - BlankSpaceAnalyzer - INFO - -> Analyzing version 4.0.0-beta.3 (12/78)...
2025-11-13 08:57:13,208 - BlankSpaceAnalyzer - INFO - -> Analyzing version 4.0.0-beta.4 (13/78)...
2025-11-13 08:57:13,245 - BlankSpaceAnalyzer - INFO - -> Analyzing version 4.0.0-beta.5 (14/78)...
2025-11-13 08:57:13,282 - BlankSpaceAnalyzer - INFO - -> Analyzing version 4.0.0-beta.6 (15/78)...
2025-11-13 08:57:13,330 - BlankSpaceAnalyzer - INFO - -> Analyzing version 4.0.0-beta.7 (16/78)...
2025-11-13 08:57:13,379 - BlankSpaceAnalyzer - INFO - -> Analyzing version 4.0.0-beta.8 (17/78)...
2025-11-13 08:57:13,444 - BlankSpaceAnalyzer - INFO - -> Analyzing version 4.0.0-beta.9 (18/78)...
2025-11-13 08:57:13,494 - BlankSpaceAnalyzer - INFO - -> Analyzing version 4.0.1 (19/78)...
2025-11-13 08:57:13,553 - BlankSpaceAnalyzer - INFO - -> Analyzing version 4.0.2 (20/78)...
2025-11-13 08:57:13,603 - BlankSpaceAnalyzer - INFO - -> Analyzing version 4.0.3 (21/78)...
2025-11-13 08:57:13,655 - BlankSpaceAnalyzer - INFO - -> Analyzing version 4.1.0 (22/78)...
2025-11-13 08:57:13,718 - BlankSpaceAnalyzer - INFO - -> Analyzing version 4.10.0 (23/78)...
2025-11-13 08:57:13,768 - BlankSpaceAnalyzer - INFO - -> Analyzing version 4.10.2 (24/78)...
2025-11-13 08:57:13,832 - BlankSpaceAnalyzer - INFO - -> Analyzing version 4.10.3 (25/78)...
2025-11-13 08:57:13,881 - BlankSpaceAnalyzer - INFO - -> Analyzing version 4.10.4 (26/78)...
2025-11-13 08:57:13,940 - BlankSpaceAnalyzer - INFO - -> Analyzing version 4.10.5 (27/78)...
2025-11-13 08:57:13,989 - BlankSpaceAnalyzer - INFO - -> Analyzing version 4.11.0 (28/78)...
2025-11-13 08:57:14,039 - BlankSpaceAnalyzer - INFO - -> Analyzing version 4.12.0 (29/78)...
2025-11-13 08:57:14,101 - BlankSpaceAnalyzer - INFO - -> Analyzing version 4.12.1 (30/78)...
2025-11-13 08:57:14,151 - BlankSpaceAnalyzer - INFO - -> Analyzing version 4.12.2 (31/78)...
2025-11-13 08:57:14,212 - BlankSpaceAnalyzer - INFO - -> Analyzing version 4.13.0 (32/78)...
2025-11-13 08:57:14,272 - BlankSpaceAnalyzer - INFO - -> Analyzing version 4.13.1 (33/78)...
2025-11-13 08:57:14,320 - BlankSpaceAnalyzer - INFO - -> Analyzing version 4.14.0 (34/78)...
2025-11-13 08:57:14,391 - BlankSpaceAnalyzer - INFO - -> Analyzing version 4.14.1 (35/78)...
2025-11-13 08:57:14,440 - BlankSpaceAnalyzer - INFO - -> Analyzing version 4.14.2 (36/78)...
2025-11-13 08:57:14,500 - BlankSpaceAnalyzer - INFO - -> Analyzing version 4.14.3 (37/78)...
2025-11-13 08:57:14,552 - BlankSpaceAnalyzer - INFO - -> Analyzing version 4.15.0 (38/78)...
2025-11-13 08:57:14,618 - BlankSpaceAnalyzer - INFO - -> Analyzing version 4.16.0 (39/78)...
2025-11-13 08:57:14,679 - BlankSpaceAnalyzer - INFO - -> Analyzing version 4.17.0 (40/78)...
2025-11-13 08:57:14,729 - BlankSpaceAnalyzer - INFO - -> Analyzing version 4.17.1 (41/78)...
2025-11-13 08:57:14,788 - BlankSpaceAnalyzer - INFO - -> Analyzing version 4.17.2 (42/78)...
2025-11-13 08:57:14,839 - BlankSpaceAnalyzer - INFO - -> Analyzing version 4.18.0 (43/78)...
2025-11-13 08:57:14,888 - BlankSpaceAnalyzer - INFO - -> Analyzing version 4.19.0 (44/78)...
2025-11-13 08:57:14,951 - BlankSpaceAnalyzer - INFO - -> Analyzing version 4.19.1 (45/78)...
2025-11-13 08:57:15,002 - BlankSpaceAnalyzer - INFO - -> Analyzing version 4.2.0 (46/78)...
2025-11-13 08:57:15,067 - BlankSpaceAnalyzer - INFO - -> Analyzing version 4.20.0 (47/78)...
2025-11-13 08:57:15,118 - BlankSpaceAnalyzer - INFO - -> Analyzing version 4.21.0 (48/78)...
2025-11-13 08:57:15,178 - BlankSpaceAnalyzer - INFO - -> Analyzing version 4.21.1 (49/78)...
2025-11-13 08:57:15,232 - BlankSpaceAnalyzer - INFO - -> Analyzing version 4.22.0 (50/78)...
2025-11-13 08:57:15,283 - BlankSpaceAnalyzer - INFO - -> Analyzing version 4.22.1 (51/78)...
2025-11-13 08:57:15,350 - BlankSpaceAnalyzer - INFO - -> Analyzing version 4.23.0 (52/78)...
2025-11-13 08:57:15,400 - BlankSpaceAnalyzer - INFO - -> Analyzing version 4.23.1 (53/78)...
2025-11-13 08:57:15,464 - BlankSpaceAnalyzer - INFO - -> Analyzing version 4.23.2 (54/78)...
2025-11-13 08:57:15,515 - BlankSpaceAnalyzer - INFO - -> Analyzing version 4.23.3 (55/78)...
2025-11-13 08:57:15,574 - BlankSpaceAnalyzer - INFO - -> Analyzing version 4.24.0 (56/78)...
2025-11-13 08:57:15,624 - BlankSpaceAnalyzer - INFO - -> Analyzing version 4.25.0 (57/78)...
2025-11-13 08:57:15,674 - BlankSpaceAnalyzer - INFO - -> Analyzing version 4.25.1 (58/78)...
2025-11-13 08:57:15,736 - BlankSpaceAnalyzer - INFO - -> Analyzing version 4.25.2 (59/78)...
2025-11-13 08:57:15,785 - BlankSpaceAnalyzer - INFO - -> Analyzing version 4.25.3 (60/78)...
2025-11-13 08:57:15,847 - BlankSpaceAnalyzer - INFO - -> Analyzing version 4.3.0 (61/78)...
2025-11-13 08:57:15,896 - BlankSpaceAnalyzer - INFO - -> Analyzing version 4.3.1 (62/78)...
2025-11-13 08:57:15,948 - BlankSpaceAnalyzer - INFO - -> Analyzing version 4.4.0 (63/78)...
2025-11-13 08:57:16,006 - BlankSpaceAnalyzer - INFO - -> Analyzing version 4.5.0 (64/78)...
2025-11-13 08:57:16,056 - BlankSpaceAnalyzer - INFO - -> Analyzing version 4.5.1 (65/78)...
2025-11-13 08:57:16,119 - BlankSpaceAnalyzer - INFO - -> Analyzing version 4.6.0 (66/78)...
2025-11-13 08:57:16,171 - BlankSpaceAnalyzer - INFO - -> Analyzing version 4.7.0 (67/78)...
2025-11-13 08:57:16,231 - BlankSpaceAnalyzer - INFO - -> Analyzing version 4.8.0 (68/78)...
2025-11-13 08:57:16,283 - BlankSpaceAnalyzer - INFO - -> Analyzing version 4.8.1 (69/78)...
2025-11-13 08:57:16,334 - BlankSpaceAnalyzer - INFO - -> Analyzing version 4.8.2 (70/78)...
2025-11-13 08:57:16,394 - BlankSpaceAnalyzer - INFO - -> Analyzing version 4.8.3 (71/78)...
2025-11-13 08:57:16,444 - BlankSpaceAnalyzer - INFO - -> Analyzing version 4.8.4 (72/78)...
2025-11-13 08:57:16,508 - BlankSpaceAnalyzer - INFO - -> Analyzing version 4.8.5 (73/78)...
2025-11-13 08:57:16,560 - BlankSpaceAnalyzer - INFO - -> Analyzing version 4.8.6 (74/78)...
2025-11-13 08:57:16,621 - BlankSpaceAnalyzer - INFO - -> Analyzing version 4.9.0 (75/78)...
2025-11-13 08:57:16,673 - BlankSpaceAnalyzer - INFO - -> Analyzing version 4.9.1 (76/78)...
2025-11-13 08:57:16,725 - BlankSpaceAnalyzer - INFO - -> Analyzing version 4.9.2 (77/78)...
2025-11-13 08:57:16,786 - BlankSpaceAnalyzer - INFO - -> Analyzing version 4.9.3 (78/78)...
2025-11-13 08:57:16,838 - BlankSpaceAnalyzer - INFO - Exporting results for '@algolia/transporter' to CSV...
2025-11-13 08:57:16,914 - BlankSpaceAnalyzer - INFO - Reports saved in: /app/npm_results/@algolia_transporter
2025-11-13 08:57:16,915 - NPM_Analyzer - INFO - Cleaning temporary folder 'temp/@algolia_transporter'...
2025-11-13 08:57:16,928 - NPM_Analyzer - INFO - Cleanup completed.
2025-11-13 19:29:07,666 - NPM_Analyzer - INFO - Fetching metadata for '@algolia/transporter'...
2025-11-13 19:29:08,972 - NPM_Analyzer - INFO - Found 78 versions. Starting download into 'temp/@algolia_transporter'...
2025-11-13 19:30:11,423 - BlankSpaceAnalyzer - INFO - Analyzing 78 versions for '*.js' in '@algolia_transporter'.
2025-11-13 19:30:11,424 - BlankSpaceAnalyzer - INFO - -> Analyzing version 0.0.0 (1/78)...
2025-11-13 19:30:11,425 - BlankSpaceAnalyzer - INFO - -> Analyzing version 4.0.0 (2/78)...
2025-11-13 19:30:11,488 - BlankSpaceAnalyzer - INFO - -> Analyzing version 4.0.0-beta.1 (3/78)...
2025-11-13 19:30:11,522 - BlankSpaceAnalyzer - INFO - -> Analyzing version 4.0.0-beta.10 (4/78)...
2025-11-13 19:30:11,559 - BlankSpaceAnalyzer - INFO - -> Analyzing version 4.0.0-beta.11 (5/78)...
2025-11-13 19:30:11,597 - BlankSpaceAnalyzer - INFO - -> Analyzing version 4.0.0-beta.12 (6/78)...
2025-11-13 19:30:11,634 - BlankSpaceAnalyzer - INFO - -> Analyzing version 4.0.0-beta.13 (7/78)...
2025-11-13 19:30:11,672 - BlankSpaceAnalyzer - INFO - -> Analyzing version 4.0.0-beta.14 (8/78)...
2025-11-13 19:30:11,710 - BlankSpaceAnalyzer - INFO - -> Analyzing version 4.0.0-beta.15 (9/78)...
2025-11-13 19:30:11,747 - BlankSpaceAnalyzer - INFO - -> Analyzing version 4.0.0-beta.16 (10/78)...
2025-11-13 19:30:11,785 - BlankSpaceAnalyzer - INFO - -> Analyzing version 4.0.0-beta.2 (11/78)...
2025-11-13 19:30:11,822 - BlankSpaceAnalyzer - INFO - -> Analyzing version 4.0.0-beta.3 (12/78)...
2025-11-13 19:30:11,860 - BlankSpaceAnalyzer - INFO - -> Analyzing version 4.0.0-beta.4 (13/78)...
2025-11-13 19:30:11,898 - BlankSpaceAnalyzer - INFO - -> Analyzing version 4.0.0-beta.5 (14/78)...
2025-11-13 19:30:11,935 - BlankSpaceAnalyzer - INFO - -> Analyzing version 4.0.0-beta.6 (15/78)...
2025-11-13 19:30:11,973 - BlankSpaceAnalyzer - INFO - -> Analyzing version 4.0.0-beta.7 (16/78)...
2025-11-13 19:30:12,010 - BlankSpaceAnalyzer - INFO - -> Analyzing version 4.0.0-beta.8 (17/78)...
2025-11-13 19:30:12,047 - BlankSpaceAnalyzer - INFO - -> Analyzing version 4.0.0-beta.9 (18/78)...
2025-11-13 19:30:12,086 - BlankSpaceAnalyzer - INFO - -> Analyzing version 4.0.1 (19/78)...
2025-11-13 19:30:12,123 - BlankSpaceAnalyzer - INFO - -> Analyzing version 4.0.2 (20/78)...
2025-11-13 19:30:12,161 - BlankSpaceAnalyzer - INFO - -> Analyzing version 4.0.3 (21/78)...
2025-11-13 19:30:12,198 - BlankSpaceAnalyzer - INFO - -> Analyzing version 4.1.0 (22/78)...
2025-11-13 19:30:12,240 - BlankSpaceAnalyzer - INFO - -> Analyzing version 4.10.0 (23/78)...
2025-11-13 19:30:12,277 - BlankSpaceAnalyzer - INFO - -> Analyzing version 4.10.2 (24/78)...
2025-11-13 19:30:12,315 - BlankSpaceAnalyzer - INFO - -> Analyzing version 4.10.3 (25/78)...
2025-11-13 19:30:12,354 - BlankSpaceAnalyzer - INFO - -> Analyzing version 4.10.4 (26/78)...
2025-11-13 19:30:12,391 - BlankSpaceAnalyzer - INFO - -> Analyzing version 4.10.5 (27/78)...
2025-11-13 19:30:12,429 - BlankSpaceAnalyzer - INFO - -> Analyzing version 4.11.0 (28/78)...
2025-11-13 19:30:12,466 - BlankSpaceAnalyzer - INFO - -> Analyzing version 4.12.0 (29/78)...
2025-11-13 19:30:12,504 - BlankSpaceAnalyzer - INFO - -> Analyzing version 4.12.1 (30/78)...
2025-11-13 19:30:12,541 - BlankSpaceAnalyzer - INFO - -> Analyzing version 4.12.2 (31/78)...
2025-11-13 19:30:12,579 - BlankSpaceAnalyzer - INFO - -> Analyzing version 4.13.0 (32/78)...
2025-11-13 19:30:12,617 - BlankSpaceAnalyzer - INFO - -> Analyzing version 4.13.1 (33/78)...
2025-11-13 19:30:12,654 - BlankSpaceAnalyzer - INFO - -> Analyzing version 4.14.0 (34/78)...
2025-11-13 19:30:12,693 - BlankSpaceAnalyzer - INFO - -> Analyzing version 4.14.1 (35/78)...
2025-11-13 19:30:12,730 - BlankSpaceAnalyzer - INFO - -> Analyzing version 4.14.2 (36/78)...
2025-11-13 19:30:12,768 - BlankSpaceAnalyzer - INFO - -> Analyzing version 4.14.3 (37/78)...
2025-11-13 19:30:12,806 - BlankSpaceAnalyzer - INFO - -> Analyzing version 4.15.0 (38/78)...
2025-11-13 19:30:12,843 - BlankSpaceAnalyzer - INFO - -> Analyzing version 4.16.0 (39/78)...
2025-11-13 19:30:12,881 - BlankSpaceAnalyzer - INFO - -> Analyzing version 4.17.0 (40/78)...
2025-11-13 19:30:12,919 - BlankSpaceAnalyzer - INFO - -> Analyzing version 4.17.1 (41/78)...
2025-11-13 19:30:12,957 - BlankSpaceAnalyzer - INFO - -> Analyzing version 4.17.2 (42/78)...
2025-11-13 19:30:12,996 - BlankSpaceAnalyzer - INFO - -> Analyzing version 4.18.0 (43/78)...
2025-11-13 19:30:13,034 - BlankSpaceAnalyzer - INFO - -> Analyzing version 4.19.0 (44/78)...
2025-11-13 19:30:13,074 - BlankSpaceAnalyzer - INFO - -> Analyzing version 4.19.1 (45/78)...
2025-11-13 19:30:13,111 - BlankSpaceAnalyzer - INFO - -> Analyzing version 4.2.0 (46/78)...
2025-11-13 19:30:13,149 - BlankSpaceAnalyzer - INFO - -> Analyzing version 4.20.0 (47/78)...
2025-11-13 19:30:13,188 - BlankSpaceAnalyzer - INFO - -> Analyzing version 4.21.0 (48/78)...
2025-11-13 19:30:13,225 - BlankSpaceAnalyzer - INFO - -> Analyzing version 4.21.1 (49/78)...
2025-11-13 19:30:13,262 - BlankSpaceAnalyzer - INFO - -> Analyzing version 4.22.0 (50/78)...
2025-11-13 19:30:13,299 - BlankSpaceAnalyzer - INFO - -> Analyzing version 4.22.1 (51/78)...
2025-11-13 19:30:13,336 - BlankSpaceAnalyzer - INFO - -> Analyzing version 4.23.0 (52/78)...
2025-11-13 19:30:13,374 - BlankSpaceAnalyzer - INFO - -> Analyzing version 4.23.1 (53/78)...
2025-11-13 19:30:13,412 - BlankSpaceAnalyzer - INFO - -> Analyzing version 4.23.2 (54/78)...
2025-11-13 19:30:13,449 - BlankSpaceAnalyzer - INFO - -> Analyzing version 4.23.3 (55/78)...
2025-11-13 19:30:13,487 - BlankSpaceAnalyzer - INFO - -> Analyzing version 4.24.0 (56/78)...
2025-11-13 19:30:13,525 - BlankSpaceAnalyzer - INFO - -> Analyzing version 4.25.0 (57/78)...
2025-11-13 19:30:13,562 - BlankSpaceAnalyzer - INFO - -> Analyzing version 4.25.1 (58/78)...
2025-11-13 19:30:13,601 - BlankSpaceAnalyzer - INFO - -> Analyzing version 4.25.2 (59/78)...
2025-11-13 19:30:13,638 - BlankSpaceAnalyzer - INFO - -> Analyzing version 4.25.3 (60/78)...
2025-11-13 19:30:13,677 - BlankSpaceAnalyzer - INFO - -> Analyzing version 4.3.0 (61/78)...
2025-11-13 19:30:13,714 - BlankSpaceAnalyzer - INFO - -> Analyzing version 4.3.1 (62/78)...
2025-11-13 19:30:13,752 - BlankSpaceAnalyzer - INFO - -> Analyzing version 4.4.0 (63/78)...
2025-11-13 19:30:13,791 - BlankSpaceAnalyzer - INFO - -> Analyzing version 4.5.0 (64/78)...
2025-11-13 19:30:13,829 - BlankSpaceAnalyzer - INFO - -> Analyzing version 4.5.1 (65/78)...
2025-11-13 19:30:13,866 - BlankSpaceAnalyzer - INFO - -> Analyzing version 4.6.0 (66/78)...
2025-11-13 19:30:13,904 - BlankSpaceAnalyzer - INFO - -> Analyzing version 4.7.0 (67/78)...
2025-11-13 19:30:13,943 - BlankSpaceAnalyzer - INFO - -> Analyzing version 4.8.0 (68/78)...
2025-11-13 19:30:13,983 - BlankSpaceAnalyzer - INFO - -> Analyzing version 4.8.1 (69/78)...
2025-11-13 19:30:14,021 - BlankSpaceAnalyzer - INFO - -> Analyzing version 4.8.2 (70/78)...
2025-11-13 19:30:14,058 - BlankSpaceAnalyzer - INFO - -> Analyzing version 4.8.3 (71/78)...
2025-11-13 19:30:14,096 - BlankSpaceAnalyzer - INFO - -> Analyzing version 4.8.4 (72/78)...
2025-11-13 19:30:14,135 - BlankSpaceAnalyzer - INFO - -> Analyzing version 4.8.5 (73/78)...
2025-11-13 19:30:14,172 - BlankSpaceAnalyzer - INFO - -> Analyzing version 4.8.6 (74/78)...
2025-11-13 19:30:14,211 - BlankSpaceAnalyzer - INFO - -> Analyzing version 4.9.0 (75/78)...
2025-11-13 19:30:14,249 - BlankSpaceAnalyzer - INFO - -> Analyzing version 4.9.1 (76/78)...
2025-11-13 19:30:14,287 - BlankSpaceAnalyzer - INFO - -> Analyzing version 4.9.2 (77/78)...
2025-11-13 19:30:14,324 - BlankSpaceAnalyzer - INFO - -> Analyzing version 4.9.3 (78/78)...
2025-11-13 19:30:14,365 - BlankSpaceAnalyzer - INFO - Exporting results for '@algolia/transporter' to CSV...
2025-11-13 19:30:14,437 - BlankSpaceAnalyzer - INFO - Reports saved in: /app/npm_results/@algolia_transporter
2025-11-13 19:30:14,437 - NPM_Analyzer - INFO - Cleaning temporary folder 'temp/@algolia_transporter'...
2025-11-13 19:30:14,450 - NPM_Analyzer - INFO - Cleanup completed.
2025-11-14 05:59:45,860 - NPM_Analyzer - INFO - Fetching metadata for '@algolia/transporter'...
2025-11-14 05:59:47,195 - NPM_Analyzer - INFO - Found 78 versions. Starting download into 'temp/@algolia_transporter'...
2025-11-14 06:00:51,498 - BlankSpaceAnalyzer - INFO - Analyzing 78 versions for '*.js' in '@algolia_transporter'.
2025-11-14 06:00:51,498 - BlankSpaceAnalyzer - INFO - -> Analyzing version 0.0.0 (1/78)...
2025-11-14 06:00:51,499 - BlankSpaceAnalyzer - INFO - -> Analyzing version 4.0.0 (2/78)...
2025-11-14 06:00:51,562 - BlankSpaceAnalyzer - INFO - -> Analyzing version 4.0.0-beta.1 (3/78)...
2025-11-14 06:00:51,594 - BlankSpaceAnalyzer - INFO - -> Analyzing version 4.0.0-beta.10 (4/78)...
2025-11-14 06:00:51,630 - BlankSpaceAnalyzer - INFO - -> Analyzing version 4.0.0-beta.11 (5/78)...
2025-11-14 06:00:51,666 - BlankSpaceAnalyzer - INFO - -> Analyzing version 4.0.0-beta.12 (6/78)...
2025-11-14 06:00:51,703 - BlankSpaceAnalyzer - INFO - -> Analyzing version 4.0.0-beta.13 (7/78)...
2025-11-14 06:00:51,739 - BlankSpaceAnalyzer - INFO - -> Analyzing version 4.0.0-beta.14 (8/78)...
2025-11-14 06:00:51,776 - BlankSpaceAnalyzer - INFO - -> Analyzing version 4.0.0-beta.15 (9/78)...
2025-11-14 06:00:51,812 - BlankSpaceAnalyzer - INFO - -> Analyzing version 4.0.0-beta.16 (10/78)...
2025-11-14 06:00:51,849 - BlankSpaceAnalyzer - INFO - -> Analyzing version 4.0.0-beta.2 (11/78)...
2025-11-14 06:00:51,884 - BlankSpaceAnalyzer - INFO - -> Analyzing version 4.0.0-beta.3 (12/78)...
2025-11-14 06:00:51,921 - BlankSpaceAnalyzer - INFO - -> Analyzing version 4.0.0-beta.4 (13/78)...
2025-11-14 06:00:51,957 - BlankSpaceAnalyzer - INFO - -> Analyzing version 4.0.0-beta.5 (14/78)...
2025-11-14 06:00:51,994 - BlankSpaceAnalyzer - INFO - -> Analyzing version 4.0.0-beta.6 (15/78)...
2025-11-14 06:00:52,031 - BlankSpaceAnalyzer - INFO - -> Analyzing version 4.0.0-beta.7 (16/78)...
2025-11-14 06:00:52,068 - BlankSpaceAnalyzer - INFO - -> Analyzing version 4.0.0-beta.8 (17/78)...
2025-11-14 06:00:52,104 - BlankSpaceAnalyzer - INFO - -> Analyzing version 4.0.0-beta.9 (18/78)...
2025-11-14 06:00:52,140 - BlankSpaceAnalyzer - INFO - -> Analyzing version 4.0.1 (19/78)...
2025-11-14 06:00:52,176 - BlankSpaceAnalyzer - INFO - -> Analyzing version 4.0.2 (20/78)...
2025-11-14 06:00:52,212 - BlankSpaceAnalyzer - INFO - -> Analyzing version 4.0.3 (21/78)...
2025-11-14 06:00:52,249 - BlankSpaceAnalyzer - INFO - -> Analyzing version 4.1.0 (22/78)...
2025-11-14 06:00:52,287 - BlankSpaceAnalyzer - INFO - -> Analyzing version 4.10.0 (23/78)...
2025-11-14 06:00:52,323 - BlankSpaceAnalyzer - INFO - -> Analyzing version 4.10.2 (24/78)...
2025-11-14 06:00:52,359 - BlankSpaceAnalyzer - INFO - -> Analyzing version 4.10.3 (25/78)...
2025-11-14 06:00:52,396 - BlankSpaceAnalyzer - INFO - -> Analyzing version 4.10.4 (26/78)...
2025-11-14 06:00:52,433 - BlankSpaceAnalyzer - INFO - -> Analyzing version 4.10.5 (27/78)...
2025-11-14 06:00:52,470 - BlankSpaceAnalyzer - INFO - -> Analyzing version 4.11.0 (28/78)...
2025-11-14 06:00:52,506 - BlankSpaceAnalyzer - INFO - -> Analyzing version 4.12.0 (29/78)...
2025-11-14 06:00:52,543 - BlankSpaceAnalyzer - INFO - -> Analyzing version 4.12.1 (30/78)...
2025-11-14 06:00:52,582 - BlankSpaceAnalyzer - INFO - -> Analyzing version 4.12.2 (31/78)...
2025-11-14 06:00:52,618 - BlankSpaceAnalyzer - INFO - -> Analyzing version 4.13.0 (32/78)...
2025-11-14 06:00:52,655 - BlankSpaceAnalyzer - INFO - -> Analyzing version 4.13.1 (33/78)...
2025-11-14 06:00:52,692 - BlankSpaceAnalyzer - INFO - -> Analyzing version 4.14.0 (34/78)...
2025-11-14 06:00:52,729 - BlankSpaceAnalyzer - INFO - -> Analyzing version 4.14.1 (35/78)...
2025-11-14 06:00:52,766 - BlankSpaceAnalyzer - INFO - -> Analyzing version 4.14.2 (36/78)...
2025-11-14 06:00:52,803 - BlankSpaceAnalyzer - INFO - -> Analyzing version 4.14.3 (37/78)...
2025-11-14 06:00:52,840 - BlankSpaceAnalyzer - INFO - -> Analyzing version 4.15.0 (38/78)...
2025-11-14 06:00:52,876 - BlankSpaceAnalyzer - INFO - -> Analyzing version 4.16.0 (39/78)...
2025-11-14 06:00:52,913 - BlankSpaceAnalyzer - INFO - -> Analyzing version 4.17.0 (40/78)...
2025-11-14 06:00:52,949 - BlankSpaceAnalyzer - INFO - -> Analyzing version 4.17.1 (41/78)...
2025-11-14 06:00:52,986 - BlankSpaceAnalyzer - INFO - -> Analyzing version 4.17.2 (42/78)...
2025-11-14 06:00:53,023 - BlankSpaceAnalyzer - INFO - -> Analyzing version 4.18.0 (43/78)...
2025-11-14 06:00:53,060 - BlankSpaceAnalyzer - INFO - -> Analyzing version 4.19.0 (44/78)...
2025-11-14 06:00:53,097 - BlankSpaceAnalyzer - INFO - -> Analyzing version 4.19.1 (45/78)...
2025-11-14 06:00:53,134 - BlankSpaceAnalyzer - INFO - -> Analyzing version 4.2.0 (46/78)...
2025-11-14 06:00:53,170 - BlankSpaceAnalyzer - INFO - -> Analyzing version 4.20.0 (47/78)...
2025-11-14 06:00:53,207 - BlankSpaceAnalyzer - INFO - -> Analyzing version 4.21.0 (48/78)...
2025-11-14 06:00:53,243 - BlankSpaceAnalyzer - INFO - -> Analyzing version 4.21.1 (49/78)...
2025-11-14 06:00:53,281 - BlankSpaceAnalyzer - INFO - -> Analyzing version 4.22.0 (50/78)...
2025-11-14 06:00:53,318 - BlankSpaceAnalyzer - INFO - -> Analyzing version 4.22.1 (51/78)...
2025-11-14 06:00:53,355 - BlankSpaceAnalyzer - INFO - -> Analyzing version 4.23.0 (52/78)...
2025-11-14 06:00:53,392 - BlankSpaceAnalyzer - INFO - -> Analyzing version 4.23.1 (53/78)...
2025-11-14 06:00:53,438 - BlankSpaceAnalyzer - INFO - -> Analyzing version 4.23.2 (54/78)...
2025-11-14 06:00:53,477 - BlankSpaceAnalyzer - INFO - -> Analyzing version 4.23.3 (55/78)...
2025-11-14 06:00:53,513 - BlankSpaceAnalyzer - INFO - -> Analyzing version 4.24.0 (56/78)...
2025-11-14 06:00:53,550 - BlankSpaceAnalyzer - INFO - -> Analyzing version 4.25.0 (57/78)...
2025-11-14 06:00:53,588 - BlankSpaceAnalyzer - INFO - -> Analyzing version 4.25.1 (58/78)...
2025-11-14 06:00:53,626 - BlankSpaceAnalyzer - INFO - -> Analyzing version 4.25.2 (59/78)...
2025-11-14 06:00:53,663 - BlankSpaceAnalyzer - INFO - -> Analyzing version 4.25.3 (60/78)...
2025-11-14 06:00:53,700 - BlankSpaceAnalyzer - INFO - -> Analyzing version 4.3.0 (61/78)...
2025-11-14 06:00:53,737 - BlankSpaceAnalyzer - INFO - -> Analyzing version 4.3.1 (62/78)...
2025-11-14 06:00:53,774 - BlankSpaceAnalyzer - INFO - -> Analyzing version 4.4.0 (63/78)...
2025-11-14 06:00:53,812 - BlankSpaceAnalyzer - INFO - -> Analyzing version 4.5.0 (64/78)...
2025-11-14 06:00:53,848 - BlankSpaceAnalyzer - INFO - -> Analyzing version 4.5.1 (65/78)...
2025-11-14 06:00:53,884 - BlankSpaceAnalyzer - INFO - -> Analyzing version 4.6.0 (66/78)...
2025-11-14 06:00:53,921 - BlankSpaceAnalyzer - INFO - -> Analyzing version 4.7.0 (67/78)...
2025-11-14 06:00:53,957 - BlankSpaceAnalyzer - INFO - -> Analyzing version 4.8.0 (68/78)...
2025-11-14 06:00:53,994 - BlankSpaceAnalyzer - INFO - -> Analyzing version 4.8.1 (69/78)...
2025-11-14 06:00:54,032 - BlankSpaceAnalyzer - INFO - -> Analyzing version 4.8.2 (70/78)...
2025-11-14 06:00:54,069 - BlankSpaceAnalyzer - INFO - -> Analyzing version 4.8.3 (71/78)...
2025-11-14 06:00:54,105 - BlankSpaceAnalyzer - INFO - -> Analyzing version 4.8.4 (72/78)...
2025-11-14 06:00:54,143 - BlankSpaceAnalyzer - INFO - -> Analyzing version 4.8.5 (73/78)...
2025-11-14 06:00:54,180 - BlankSpaceAnalyzer - INFO - -> Analyzing version 4.8.6 (74/78)...
2025-11-14 06:00:54,217 - BlankSpaceAnalyzer - INFO - -> Analyzing version 4.9.0 (75/78)...
2025-11-14 06:00:54,253 - BlankSpaceAnalyzer - INFO - -> Analyzing version 4.9.1 (76/78)...
2025-11-14 06:00:54,290 - BlankSpaceAnalyzer - INFO - -> Analyzing version 4.9.2 (77/78)...
2025-11-14 06:00:54,327 - BlankSpaceAnalyzer - INFO - -> Analyzing version 4.9.3 (78/78)...
2025-11-14 06:00:54,366 - BlankSpaceAnalyzer - INFO - Exporting results for '@algolia/transporter' to CSV...
2025-11-14 06:00:54,437 - BlankSpaceAnalyzer - INFO - Reports saved in: /app/npm_results/@algolia_transporter
2025-11-14 06:00:54,437 - NPM_Analyzer - INFO - Cleaning temporary folder 'temp/@algolia_transporter'...
2025-11-14 06:00:54,449 - NPM_Analyzer - INFO - Cleanup completed.
2025-11-14 16:25:39,043 - NPM_Analyzer - INFO - Fetching metadata for '@algolia/transporter'...
2025-11-14 16:25:39,242 - NPM_Analyzer - INFO - Found 78 versions. Starting download into 'temp/@algolia_transporter'...
2025-11-14 16:26:43,085 - BlankSpaceAnalyzer - INFO - Analyzing 78 versions for '*.js' in '@algolia_transporter'.
2025-11-14 16:26:43,085 - BlankSpaceAnalyzer - INFO - -> Analyzing version 0.0.0 (1/78)...
2025-11-14 16:26:43,086 - BlankSpaceAnalyzer - INFO - -> Analyzing version 4.0.0 (2/78)...
2025-11-14 16:26:43,150 - BlankSpaceAnalyzer - INFO - -> Analyzing version 4.0.0-beta.1 (3/78)...
2025-11-14 16:26:43,183 - BlankSpaceAnalyzer - INFO - -> Analyzing version 4.0.0-beta.10 (4/78)...
2025-11-14 16:26:43,220 - BlankSpaceAnalyzer - INFO - -> Analyzing version 4.0.0-beta.11 (5/78)...
2025-11-14 16:26:43,258 - BlankSpaceAnalyzer - INFO - -> Analyzing version 4.0.0-beta.12 (6/78)...
2025-11-14 16:26:43,298 - BlankSpaceAnalyzer - INFO - -> Analyzing version 4.0.0-beta.13 (7/78)...
2025-11-14 16:26:43,336 - BlankSpaceAnalyzer - INFO - -> Analyzing version 4.0.0-beta.14 (8/78)...
2025-11-14 16:26:43,374 - BlankSpaceAnalyzer - INFO - -> Analyzing version 4.0.0-beta.15 (9/78)...
2025-11-14 16:26:43,412 - BlankSpaceAnalyzer - INFO - -> Analyzing version 4.0.0-beta.16 (10/78)...
2025-11-14 16:26:43,451 - BlankSpaceAnalyzer - INFO - -> Analyzing version 4.0.0-beta.2 (11/78)...
2025-11-14 16:26:43,489 - BlankSpaceAnalyzer - INFO - -> Analyzing version 4.0.0-beta.3 (12/78)...
2025-11-14 16:26:43,530 - BlankSpaceAnalyzer - INFO - -> Analyzing version 4.0.0-beta.4 (13/78)...
2025-11-14 16:26:43,569 - BlankSpaceAnalyzer - INFO - -> Analyzing version 4.0.0-beta.5 (14/78)...
2025-11-14 16:26:43,607 - BlankSpaceAnalyzer - INFO - -> Analyzing version 4.0.0-beta.6 (15/78)...
2025-11-14 16:26:43,651 - BlankSpaceAnalyzer - INFO - -> Analyzing version 4.0.0-beta.7 (16/78)...
2025-11-14 16:26:43,708 - BlankSpaceAnalyzer - INFO - -> Analyzing version 4.0.0-beta.8 (17/78)...
2025-11-14 16:26:43,749 - BlankSpaceAnalyzer - INFO - -> Analyzing version 4.0.0-beta.9 (18/78)...
2025-11-14 16:26:43,787 - BlankSpaceAnalyzer - INFO - -> Analyzing version 4.0.1 (19/78)...
2025-11-14 16:26:43,825 - BlankSpaceAnalyzer - INFO - -> Analyzing version 4.0.2 (20/78)...
2025-11-14 16:26:43,865 - BlankSpaceAnalyzer - INFO - -> Analyzing version 4.0.3 (21/78)...
2025-11-14 16:26:43,904 - BlankSpaceAnalyzer - INFO - -> Analyzing version 4.1.0 (22/78)...
2025-11-14 16:26:43,942 - BlankSpaceAnalyzer - INFO - -> Analyzing version 4.10.0 (23/78)...
2025-11-14 16:26:43,982 - BlankSpaceAnalyzer - INFO - -> Analyzing version 4.10.2 (24/78)...
2025-11-14 16:26:44,027 - BlankSpaceAnalyzer - INFO - -> Analyzing version 4.10.3 (25/78)...
2025-11-14 16:26:44,071 - BlankSpaceAnalyzer - INFO - -> Analyzing version 4.10.4 (26/78)...
2025-11-14 16:26:44,109 - BlankSpaceAnalyzer - INFO - -> Analyzing version 4.10.5 (27/78)...
2025-11-14 16:26:44,147 - BlankSpaceAnalyzer - INFO - -> Analyzing version 4.11.0 (28/78)...
2025-11-14 16:26:44,189 - BlankSpaceAnalyzer - INFO - -> Analyzing version 4.12.0 (29/78)...
2025-11-14 16:26:44,227 - BlankSpaceAnalyzer - INFO - -> Analyzing version 4.12.1 (30/78)...
2025-11-14 16:26:44,267 - BlankSpaceAnalyzer - INFO - -> Analyzing version 4.12.2 (31/78)...
2025-11-14 16:26:44,307 - BlankSpaceAnalyzer - INFO - -> Analyzing version 4.13.0 (32/78)...
2025-11-14 16:26:44,348 - BlankSpaceAnalyzer - INFO - -> Analyzing version 4.13.1 (33/78)...
2025-11-14 16:26:44,392 - BlankSpaceAnalyzer - INFO - -> Analyzing version 4.14.0 (34/78)...
2025-11-14 16:26:44,436 - BlankSpaceAnalyzer - INFO - -> Analyzing version 4.14.1 (35/78)...
2025-11-14 16:26:44,475 - BlankSpaceAnalyzer - INFO - -> Analyzing version 4.14.2 (36/78)...
2025-11-14 16:26:44,513 - BlankSpaceAnalyzer - INFO - -> Analyzing version 4.14.3 (37/78)...
2025-11-14 16:26:44,554 - BlankSpaceAnalyzer - INFO - -> Analyzing version 4.15.0 (38/78)...
2025-11-14 16:26:44,593 - BlankSpaceAnalyzer - INFO - -> Analyzing version 4.16.0 (39/78)...
2025-11-14 16:26:44,631 - BlankSpaceAnalyzer - INFO - -> Analyzing version 4.17.0 (40/78)...
2025-11-14 16:26:44,670 - BlankSpaceAnalyzer - INFO - -> Analyzing version 4.17.1 (41/78)...
2025-11-14 16:26:44,709 - BlankSpaceAnalyzer - INFO - -> Analyzing version 4.17.2 (42/78)...
2025-11-14 16:26:44,748 - BlankSpaceAnalyzer - INFO - -> Analyzing version 4.18.0 (43/78)...
2025-11-14 16:26:44,787 - BlankSpaceAnalyzer - INFO - -> Analyzing version 4.19.0 (44/78)...
2025-11-14 16:26:44,825 - BlankSpaceAnalyzer - INFO - -> Analyzing version 4.19.1 (45/78)...
2025-11-14 16:26:44,863 - BlankSpaceAnalyzer - INFO - -> Analyzing version 4.2.0 (46/78)...
2025-11-14 16:26:44,902 - BlankSpaceAnalyzer - INFO - -> Analyzing version 4.20.0 (47/78)...
2025-11-14 16:26:44,940 - BlankSpaceAnalyzer - INFO - -> Analyzing version 4.21.0 (48/78)...
2025-11-14 16:26:44,979 - BlankSpaceAnalyzer - INFO - -> Analyzing version 4.21.1 (49/78)...
2025-11-14 16:26:45,017 - BlankSpaceAnalyzer - INFO - -> Analyzing version 4.22.0 (50/78)...
2025-11-14 16:26:45,056 - BlankSpaceAnalyzer - INFO - -> Analyzing version 4.22.1 (51/78)...
2025-11-14 16:26:45,094 - BlankSpaceAnalyzer - INFO - -> Analyzing version 4.23.0 (52/78)...
2025-11-14 16:26:45,133 - BlankSpaceAnalyzer - INFO - -> Analyzing version 4.23.1 (53/78)...
2025-11-14 16:26:45,172 - BlankSpaceAnalyzer - INFO - -> Analyzing version 4.23.2 (54/78)...
2025-11-14 16:26:45,211 - BlankSpaceAnalyzer - INFO - -> Analyzing version 4.23.3 (55/78)...
2025-11-14 16:26:45,250 - BlankSpaceAnalyzer - INFO - -> Analyzing version 4.24.0 (56/78)...
2025-11-14 16:26:45,288 - BlankSpaceAnalyzer - INFO - -> Analyzing version 4.25.0 (57/78)...
2025-11-14 16:26:45,327 - BlankSpaceAnalyzer - INFO - -> Analyzing version 4.25.1 (58/78)...
2025-11-14 16:26:45,366 - BlankSpaceAnalyzer - INFO - -> Analyzing version 4.25.2 (59/78)...
2025-11-14 16:26:45,405 - BlankSpaceAnalyzer - INFO - -> Analyzing version 4.25.3 (60/78)...
2025-11-14 16:26:45,444 - BlankSpaceAnalyzer - INFO - -> Analyzing version 4.3.0 (61/78)...
2025-11-14 16:26:45,484 - BlankSpaceAnalyzer - INFO - -> Analyzing version 4.3.1 (62/78)...
2025-11-14 16:26:45,521 - BlankSpaceAnalyzer - INFO - -> Analyzing version 4.4.0 (63/78)...
2025-11-14 16:26:45,560 - BlankSpaceAnalyzer - INFO - -> Analyzing version 4.5.0 (64/78)...
2025-11-14 16:26:45,598 - BlankSpaceAnalyzer - INFO - -> Analyzing version 4.5.1 (65/78)...
2025-11-14 16:26:45,636 - BlankSpaceAnalyzer - INFO - -> Analyzing version 4.6.0 (66/78)...
2025-11-14 16:26:45,675 - BlankSpaceAnalyzer - INFO - -> Analyzing version 4.7.0 (67/78)...
2025-11-14 16:26:45,713 - BlankSpaceAnalyzer - INFO - -> Analyzing version 4.8.0 (68/78)...
2025-11-14 16:26:45,753 - BlankSpaceAnalyzer - INFO - -> Analyzing version 4.8.1 (69/78)...
2025-11-14 16:26:45,792 - BlankSpaceAnalyzer - INFO - -> Analyzing version 4.8.2 (70/78)...
2025-11-14 16:26:45,831 - BlankSpaceAnalyzer - INFO - -> Analyzing version 4.8.3 (71/78)...
2025-11-14 16:26:45,870 - BlankSpaceAnalyzer - INFO - -> Analyzing version 4.8.4 (72/78)...
2025-11-14 16:26:45,908 - BlankSpaceAnalyzer - INFO - -> Analyzing version 4.8.5 (73/78)...
2025-11-14 16:26:45,947 - BlankSpaceAnalyzer - INFO - -> Analyzing version 4.8.6 (74/78)...
2025-11-14 16:26:45,986 - BlankSpaceAnalyzer - INFO - -> Analyzing version 4.9.0 (75/78)...
2025-11-14 16:26:46,025 - BlankSpaceAnalyzer - INFO - -> Analyzing version 4.9.1 (76/78)...
2025-11-14 16:26:46,065 - BlankSpaceAnalyzer - INFO - -> Analyzing version 4.9.2 (77/78)...
2025-11-14 16:26:46,103 - BlankSpaceAnalyzer - INFO - -> Analyzing version 4.9.3 (78/78)...
2025-11-14 16:26:46,144 - BlankSpaceAnalyzer - INFO - Exporting results for '@algolia/transporter' to CSV...
2025-11-14 16:26:46,214 - BlankSpaceAnalyzer - INFO - Reports saved in: /app/npm_results/@algolia_transporter
2025-11-14 16:26:46,215 - NPM_Analyzer - INFO - Cleaning temporary folder 'temp/@algolia_transporter'...
2025-11-14 16:26:46,227 - NPM_Analyzer - INFO - Cleanup completed.
2025-11-15 03:07:33,544 - NPM_Analyzer - INFO - Fetching metadata for '@algolia/transporter'...
2025-11-15 03:07:34,258 - NPM_Analyzer - INFO - Found 78 versions. Starting download into 'temp/@algolia_transporter'...
2025-11-15 03:08:37,638 - BlankSpaceAnalyzer - INFO - Analyzing 78 versions for '*.js' in '@algolia_transporter'.
2025-11-15 03:08:37,638 - BlankSpaceAnalyzer - INFO - -> Analyzing version 0.0.0 (1/78)...
2025-11-15 03:08:37,639 - BlankSpaceAnalyzer - INFO - -> Analyzing version 4.0.0 (2/78)...
2025-11-15 03:08:37,704 - BlankSpaceAnalyzer - INFO - -> Analyzing version 4.0.0-beta.1 (3/78)...
2025-11-15 03:08:37,738 - BlankSpaceAnalyzer - INFO - -> Analyzing version 4.0.0-beta.10 (4/78)...
2025-11-15 03:08:37,772 - BlankSpaceAnalyzer - INFO - -> Analyzing version 4.0.0-beta.11 (5/78)...
2025-11-15 03:08:37,809 - BlankSpaceAnalyzer - INFO - -> Analyzing version 4.0.0-beta.12 (6/78)...
2025-11-15 03:08:37,848 - BlankSpaceAnalyzer - INFO - -> Analyzing version 4.0.0-beta.13 (7/78)...
2025-11-15 03:08:37,887 - BlankSpaceAnalyzer - INFO - -> Analyzing version 4.0.0-beta.14 (8/78)...
2025-11-15 03:08:37,926 - BlankSpaceAnalyzer - INFO - -> Analyzing version 4.0.0-beta.15 (9/78)...
2025-11-15 03:08:37,965 - BlankSpaceAnalyzer - INFO - -> Analyzing version 4.0.0-beta.16 (10/78)...
2025-11-15 03:08:38,003 - BlankSpaceAnalyzer - INFO - -> Analyzing version 4.0.0-beta.2 (11/78)...
2025-11-15 03:08:38,043 - BlankSpaceAnalyzer - INFO - -> Analyzing version 4.0.0-beta.3 (12/78)...
2025-11-15 03:08:38,082 - BlankSpaceAnalyzer - INFO - -> Analyzing version 4.0.0-beta.4 (13/78)...
2025-11-15 03:08:38,121 - BlankSpaceAnalyzer - INFO - -> Analyzing version 4.0.0-beta.5 (14/78)...
2025-11-15 03:08:38,160 - BlankSpaceAnalyzer - INFO - -> Analyzing version 4.0.0-beta.6 (15/78)...
2025-11-15 03:08:38,199 - BlankSpaceAnalyzer - INFO - -> Analyzing version 4.0.0-beta.7 (16/78)...
2025-11-15 03:08:38,238 - BlankSpaceAnalyzer - INFO - -> Analyzing version 4.0.0-beta.8 (17/78)...
2025-11-15 03:08:38,277 - BlankSpaceAnalyzer - INFO - -> Analyzing version 4.0.0-beta.9 (18/78)...
2025-11-15 03:08:38,316 - BlankSpaceAnalyzer - INFO - -> Analyzing version 4.0.1 (19/78)...
2025-11-15 03:08:38,354 - BlankSpaceAnalyzer - INFO - -> Analyzing version 4.0.2 (20/78)...
2025-11-15 03:08:38,393 - BlankSpaceAnalyzer - INFO - -> Analyzing version 4.0.3 (21/78)...
2025-11-15 03:08:38,434 - BlankSpaceAnalyzer - INFO - -> Analyzing version 4.1.0 (22/78)...
2025-11-15 03:08:38,472 - BlankSpaceAnalyzer - INFO - -> Analyzing version 4.10.0 (23/78)...
2025-11-15 03:08:38,511 - BlankSpaceAnalyzer - INFO - -> Analyzing version 4.10.2 (24/78)...
2025-11-15 03:08:38,550 - BlankSpaceAnalyzer - INFO - -> Analyzing version 4.10.3 (25/78)...
2025-11-15 03:08:38,589 - BlankSpaceAnalyzer - INFO - -> Analyzing version 4.10.4 (26/78)...
2025-11-15 03:08:38,628 - BlankSpaceAnalyzer - INFO - -> Analyzing version 4.10.5 (27/78)...
2025-11-15 03:08:38,666 - BlankSpaceAnalyzer - INFO - -> Analyzing version 4.11.0 (28/78)...
2025-11-15 03:08:38,706 - BlankSpaceAnalyzer - INFO - -> Analyzing version 4.12.0 (29/78)...
2025-11-15 03:08:38,745 - BlankSpaceAnalyzer - INFO - -> Analyzing version 4.12.1 (30/78)...
2025-11-15 03:08:38,784 - BlankSpaceAnalyzer - INFO - -> Analyzing version 4.12.2 (31/78)...
2025-11-15 03:08:38,823 - BlankSpaceAnalyzer - INFO - -> Analyzing version 4.13.0 (32/78)...
2025-11-15 03:08:38,863 - BlankSpaceAnalyzer - INFO - -> Analyzing version 4.13.1 (33/78)...
2025-11-15 03:08:38,903 - BlankSpaceAnalyzer - INFO - -> Analyzing version 4.14.0 (34/78)...
2025-11-15 03:08:38,941 - BlankSpaceAnalyzer - INFO - -> Analyzing version 4.14.1 (35/78)...
2025-11-15 03:08:38,980 - BlankSpaceAnalyzer - INFO - -> Analyzing version 4.14.2 (36/78)...
2025-11-15 03:08:39,020 - BlankSpaceAnalyzer - INFO - -> Analyzing version 4.14.3 (37/78)...
2025-11-15 03:08:39,061 - BlankSpaceAnalyzer - INFO - -> Analyzing version 4.15.0 (38/78)...
2025-11-15 03:08:39,100 - BlankSpaceAnalyzer - INFO - -> Analyzing version 4.16.0 (39/78)...
2025-11-15 03:08:39,139 - BlankSpaceAnalyzer - INFO - -> Analyzing version 4.17.0 (40/78)...
2025-11-15 03:08:39,179 - BlankSpaceAnalyzer - INFO - -> Analyzing version 4.17.1 (41/78)...
2025-11-15 03:08:39,219 - BlankSpaceAnalyzer - INFO - -> Analyzing version 4.17.2 (42/78)...
2025-11-15 03:08:39,258 - BlankSpaceAnalyzer - INFO - -> Analyzing version 4.18.0 (43/78)...
2025-11-15 03:08:39,300 - BlankSpaceAnalyzer - INFO - -> Analyzing version 4.19.0 (44/78)...
2025-11-15 03:08:39,339 - BlankSpaceAnalyzer - INFO - -> Analyzing version 4.19.1 (45/78)...
2025-11-15 03:08:39,379 - BlankSpaceAnalyzer - INFO - -> Analyzing version 4.2.0 (46/78)...
2025-11-15 03:08:39,420 - BlankSpaceAnalyzer - INFO - -> Analyzing version 4.20.0 (47/78)...
2025-11-15 03:08:39,458 - BlankSpaceAnalyzer - INFO - -> Analyzing version 4.21.0 (48/78)...
2025-11-15 03:08:39,497 - BlankSpaceAnalyzer - INFO - -> Analyzing version 4.21.1 (49/78)...
2025-11-15 03:08:39,536 - BlankSpaceAnalyzer - INFO - -> Analyzing version 4.22.0 (50/78)...
2025-11-15 03:08:39,576 - BlankSpaceAnalyzer - INFO - -> Analyzing version 4.22.1 (51/78)...
2025-11-15 03:08:39,617 - BlankSpaceAnalyzer - INFO - -> Analyzing version 4.23.0 (52/78)...
2025-11-15 03:08:39,656 - BlankSpaceAnalyzer - INFO - -> Analyzing version 4.23.1 (53/78)...
2025-11-15 03:08:39,695 - BlankSpaceAnalyzer - INFO - -> Analyzing version 4.23.2 (54/78)...
2025-11-15 03:08:39,735 - BlankSpaceAnalyzer - INFO - -> Analyzing version 4.23.3 (55/78)...
2025-11-15 03:08:39,775 - BlankSpaceAnalyzer - INFO - -> Analyzing version 4.24.0 (56/78)...
2025-11-15 03:08:39,814 - BlankSpaceAnalyzer - INFO - -> Analyzing version 4.25.0 (57/78)...
2025-11-15 03:08:39,853 - BlankSpaceAnalyzer - INFO - -> Analyzing version 4.25.1 (58/78)...
2025-11-15 03:08:39,892 - BlankSpaceAnalyzer - INFO - -> Analyzing version 4.25.2 (59/78)...
2025-11-15 03:08:39,930 - BlankSpaceAnalyzer - INFO - -> Analyzing version 4.25.3 (60/78)...
2025-11-15 03:08:39,970 - BlankSpaceAnalyzer - INFO - -> Analyzing version 4.3.0 (61/78)...
2025-11-15 03:08:40,009 - BlankSpaceAnalyzer - INFO - -> Analyzing version 4.3.1 (62/78)...
2025-11-15 03:08:40,049 - BlankSpaceAnalyzer - INFO - -> Analyzing version 4.4.0 (63/78)...
2025-11-15 03:08:40,088 - BlankSpaceAnalyzer - INFO - -> Analyzing version 4.5.0 (64/78)...
2025-11-15 03:08:40,127 - BlankSpaceAnalyzer - INFO - -> Analyzing version 4.5.1 (65/78)...
2025-11-15 03:08:40,166 - BlankSpaceAnalyzer - INFO - -> Analyzing version 4.6.0 (66/78)...
2025-11-15 03:08:40,206 - BlankSpaceAnalyzer - INFO - -> Analyzing version 4.7.0 (67/78)...
2025-11-15 03:08:40,244 - BlankSpaceAnalyzer - INFO - -> Analyzing version 4.8.0 (68/78)...
2025-11-15 03:08:40,283 - BlankSpaceAnalyzer - INFO - -> Analyzing version 4.8.1 (69/78)...
2025-11-15 03:08:40,322 - BlankSpaceAnalyzer - INFO - -> Analyzing version 4.8.2 (70/78)...
2025-11-15 03:08:40,361 - BlankSpaceAnalyzer - INFO - -> Analyzing version 4.8.3 (71/78)...
2025-11-15 03:08:40,400 - BlankSpaceAnalyzer - INFO - -> Analyzing version 4.8.4 (72/78)...
2025-11-15 03:08:40,439 - BlankSpaceAnalyzer - INFO - -> Analyzing version 4.8.5 (73/78)...
2025-11-15 03:08:40,478 - BlankSpaceAnalyzer - INFO - -> Analyzing version 4.8.6 (74/78)...
2025-11-15 03:08:40,517 - BlankSpaceAnalyzer - INFO - -> Analyzing version 4.9.0 (75/78)...
2025-11-15 03:08:40,556 - BlankSpaceAnalyzer - INFO - -> Analyzing version 4.9.1 (76/78)...
2025-11-15 03:08:40,595 - BlankSpaceAnalyzer - INFO - -> Analyzing version 4.9.2 (77/78)...
2025-11-15 03:08:40,634 - BlankSpaceAnalyzer - INFO - -> Analyzing version 4.9.3 (78/78)...
2025-11-15 03:08:40,676 - BlankSpaceAnalyzer - INFO - Exporting results for '@algolia/transporter' to CSV...
2025-11-15 03:08:40,747 - BlankSpaceAnalyzer - INFO - Reports saved in: /app/npm_results/@algolia_transporter
2025-11-15 03:08:40,747 - NPM_Analyzer - INFO - Cleaning temporary folder 'temp/@algolia_transporter'...
2025-11-15 03:08:40,760 - NPM_Analyzer - INFO - Cleanup completed.
2025-11-15 13:40:32,489 - NPM_Analyzer - INFO - Fetching metadata for '@algolia/transporter'...
2025-11-15 13:40:32,694 - NPM_Analyzer - INFO - Found 78 versions. Starting download into 'temp/@algolia_transporter'...
2025-11-15 13:41:39,168 - BlankSpaceAnalyzer - INFO - Analyzing 78 versions for '*.js' in '@algolia_transporter'.
2025-11-15 13:41:39,169 - BlankSpaceAnalyzer - INFO - -> Analyzing version 0.0.0 (1/78)...
2025-11-15 13:41:39,169 - BlankSpaceAnalyzer - INFO - -> Analyzing version 4.0.0 (2/78)...
2025-11-15 13:41:39,234 - BlankSpaceAnalyzer - INFO - -> Analyzing version 4.0.0-beta.1 (3/78)...
2025-11-15 13:41:39,268 - BlankSpaceAnalyzer - INFO - -> Analyzing version 4.0.0-beta.10 (4/78)...
2025-11-15 13:41:39,308 - BlankSpaceAnalyzer - INFO - -> Analyzing version 4.0.0-beta.11 (5/78)...
2025-11-15 13:41:39,346 - BlankSpaceAnalyzer - INFO - -> Analyzing version 4.0.0-beta.12 (6/78)...
2025-11-15 13:41:39,384 - BlankSpaceAnalyzer - INFO - -> Analyzing version 4.0.0-beta.13 (7/78)...
2025-11-15 13:41:39,423 - BlankSpaceAnalyzer - INFO - -> Analyzing version 4.0.0-beta.14 (8/78)...
2025-11-15 13:41:39,461 - BlankSpaceAnalyzer - INFO - -> Analyzing version 4.0.0-beta.15 (9/78)...
2025-11-15 13:41:39,499 - BlankSpaceAnalyzer - INFO - -> Analyzing version 4.0.0-beta.16 (10/78)...
2025-11-15 13:41:39,538 - BlankSpaceAnalyzer - INFO - -> Analyzing version 4.0.0-beta.2 (11/78)...
2025-11-15 13:41:39,576 - BlankSpaceAnalyzer - INFO - -> Analyzing version 4.0.0-beta.3 (12/78)...
2025-11-15 13:41:39,617 - BlankSpaceAnalyzer - INFO - -> Analyzing version 4.0.0-beta.4 (13/78)...
2025-11-15 13:41:39,655 - BlankSpaceAnalyzer - INFO - -> Analyzing version 4.0.0-beta.5 (14/78)...
2025-11-15 13:41:39,695 - BlankSpaceAnalyzer - INFO - -> Analyzing version 4.0.0-beta.6 (15/78)...
2025-11-15 13:41:39,733 - BlankSpaceAnalyzer - INFO - -> Analyzing version 4.0.0-beta.7 (16/78)...
2025-11-15 13:41:39,773 - BlankSpaceAnalyzer - INFO - -> Analyzing version 4.0.0-beta.8 (17/78)...
2025-11-15 13:41:39,812 - BlankSpaceAnalyzer - INFO - -> Analyzing version 4.0.0-beta.9 (18/78)...
2025-11-15 13:41:39,850 - BlankSpaceAnalyzer - INFO - -> Analyzing version 4.0.1 (19/78)...
2025-11-15 13:41:39,888 - BlankSpaceAnalyzer - INFO - -> Analyzing version 4.0.2 (20/78)...
2025-11-15 13:41:39,927 - BlankSpaceAnalyzer - INFO - -> Analyzing version 4.0.3 (21/78)...
2025-11-15 13:41:39,967 - BlankSpaceAnalyzer - INFO - -> Analyzing version 4.1.0 (22/78)...
2025-11-15 13:41:40,008 - BlankSpaceAnalyzer - INFO - -> Analyzing version 4.10.0 (23/78)...
2025-11-15 13:41:40,047 - BlankSpaceAnalyzer - INFO - -> Analyzing version 4.10.2 (24/78)...
2025-11-15 13:41:40,086 - BlankSpaceAnalyzer - INFO - -> Analyzing version 4.10.3 (25/78)...
2025-11-15 13:41:40,124 - BlankSpaceAnalyzer - INFO - -> Analyzing version 4.10.4 (26/78)...
2025-11-15 13:41:40,162 - BlankSpaceAnalyzer - INFO - -> Analyzing version 4.10.5 (27/78)...
2025-11-15 13:41:40,202 - BlankSpaceAnalyzer - INFO - -> Analyzing version 4.11.0 (28/78)...
2025-11-15 13:41:40,240 - BlankSpaceAnalyzer - INFO - -> Analyzing version 4.12.0 (29/78)...
2025-11-15 13:41:40,280 - BlankSpaceAnalyzer - INFO - -> Analyzing version 4.12.1 (30/78)...
2025-11-15 13:41:40,319 - BlankSpaceAnalyzer - INFO - -> Analyzing version 4.12.2 (31/78)...
2025-11-15 13:41:40,359 - BlankSpaceAnalyzer - INFO - -> Analyzing version 4.13.0 (32/78)...
2025-11-15 13:41:40,400 - BlankSpaceAnalyzer - INFO - -> Analyzing version 4.13.1 (33/78)...
2025-11-15 13:41:40,438 - BlankSpaceAnalyzer - INFO - -> Analyzing version 4.14.0 (34/78)...
2025-11-15 13:41:40,476 - BlankSpaceAnalyzer - INFO - -> Analyzing version 4.14.1 (35/78)...
2025-11-15 13:41:40,515 - BlankSpaceAnalyzer - INFO - -> Analyzing version 4.14.2 (36/78)...
2025-11-15 13:41:40,554 - BlankSpaceAnalyzer - INFO - -> Analyzing version 4.14.3 (37/78)...
2025-11-15 13:41:40,594 - BlankSpaceAnalyzer - INFO - -> Analyzing version 4.15.0 (38/78)...
2025-11-15 13:41:40,636 - BlankSpaceAnalyzer - INFO - -> Analyzing version 4.16.0 (39/78)...
2025-11-15 13:41:40,681 - BlankSpaceAnalyzer - INFO - -> Analyzing version 4.17.0 (40/78)...
2025-11-15 13:41:40,723 - BlankSpaceAnalyzer - INFO - -> Analyzing version 4.17.1 (41/78)...
2025-11-15 13:41:40,764 - BlankSpaceAnalyzer - INFO - -> Analyzing version 4.17.2 (42/78)...
2025-11-15 13:41:40,807 - BlankSpaceAnalyzer - INFO - -> Analyzing version 4.18.0 (43/78)...
2025-11-15 13:41:40,848 - BlankSpaceAnalyzer - INFO - -> Analyzing version 4.19.0 (44/78)...
2025-11-15 13:41:40,892 - BlankSpaceAnalyzer - INFO - -> Analyzing version 4.19.1 (45/78)...
2025-11-15 13:41:40,936 - BlankSpaceAnalyzer - INFO - -> Analyzing version 4.2.0 (46/78)...
2025-11-15 13:41:40,979 - BlankSpaceAnalyzer - INFO - -> Analyzing version 4.20.0 (47/78)...
2025-11-15 13:41:41,024 - BlankSpaceAnalyzer - INFO - -> Analyzing version 4.21.0 (48/78)...
2025-11-15 13:41:41,070 - BlankSpaceAnalyzer - INFO - -> Analyzing version 4.21.1 (49/78)...
2025-11-15 13:41:41,110 - BlankSpaceAnalyzer - INFO - -> Analyzing version 4.22.0 (50/78)...
2025-11-15 13:41:41,148 - BlankSpaceAnalyzer - INFO - -> Analyzing version 4.22.1 (51/78)...
2025-11-15 13:41:41,187 - BlankSpaceAnalyzer - INFO - -> Analyzing version 4.23.0 (52/78)...
2025-11-15 13:41:41,227 - BlankSpaceAnalyzer - INFO - -> Analyzing version 4.23.1 (53/78)...
2025-11-15 13:41:41,268 - BlankSpaceAnalyzer - INFO - -> Analyzing version 4.23.2 (54/78)...
2025-11-15 13:41:41,307 - BlankSpaceAnalyzer - INFO - -> Analyzing version 4.23.3 (55/78)...
2025-11-15 13:41:41,346 - BlankSpaceAnalyzer - INFO - -> Analyzing version 4.24.0 (56/78)...
2025-11-15 13:41:41,385 - BlankSpaceAnalyzer - INFO - -> Analyzing version 4.25.0 (57/78)...
2025-11-15 13:41:41,424 - BlankSpaceAnalyzer - INFO - -> Analyzing version 4.25.1 (58/78)...
2025-11-15 13:41:41,462 - BlankSpaceAnalyzer - INFO - -> Analyzing version 4.25.2 (59/78)...
2025-11-15 13:41:41,501 - BlankSpaceAnalyzer - INFO - -> Analyzing version 4.25.3 (60/78)...
2025-11-15 13:41:41,540 - BlankSpaceAnalyzer - INFO - -> Analyzing version 4.3.0 (61/78)...
2025-11-15 13:41:41,579 - BlankSpaceAnalyzer - INFO - -> Analyzing version 4.3.1 (62/78)...
2025-11-15 13:41:41,618 - BlankSpaceAnalyzer - INFO - -> Analyzing version 4.4.0 (63/78)...
2025-11-15 13:41:41,657 - BlankSpaceAnalyzer - INFO - -> Analyzing version 4.5.0 (64/78)...
2025-11-15 13:41:41,697 - BlankSpaceAnalyzer - INFO - -> Analyzing version 4.5.1 (65/78)...
2025-11-15 13:41:41,736 - BlankSpaceAnalyzer - INFO - -> Analyzing version 4.6.0 (66/78)...
2025-11-15 13:41:41,775 - BlankSpaceAnalyzer - INFO - -> Analyzing version 4.7.0 (67/78)...
2025-11-15 13:41:41,814 - BlankSpaceAnalyzer - INFO - -> Analyzing version 4.8.0 (68/78)...
2025-11-15 13:41:41,853 - BlankSpaceAnalyzer - INFO - -> Analyzing version 4.8.1 (69/78)...
2025-11-15 13:41:41,892 - BlankSpaceAnalyzer - INFO - -> Analyzing version 4.8.2 (70/78)...
2025-11-15 13:41:41,931 - BlankSpaceAnalyzer - INFO - -> Analyzing version 4.8.3 (71/78)...
2025-11-15 13:41:41,970 - BlankSpaceAnalyzer - INFO - -> Analyzing version 4.8.4 (72/78)...
2025-11-15 13:41:42,009 - BlankSpaceAnalyzer - INFO - -> Analyzing version 4.8.5 (73/78)...
2025-11-15 13:41:42,050 - BlankSpaceAnalyzer - INFO - -> Analyzing version 4.8.6 (74/78)...
2025-11-15 13:41:42,088 - BlankSpaceAnalyzer - INFO - -> Analyzing version 4.9.0 (75/78)...
2025-11-15 13:41:42,127 - BlankSpaceAnalyzer - INFO - -> Analyzing version 4.9.1 (76/78)...
2025-11-15 13:41:42,167 - BlankSpaceAnalyzer - INFO - -> Analyzing version 4.9.2 (77/78)...
2025-11-15 13:41:42,204 - BlankSpaceAnalyzer - INFO - -> Analyzing version 4.9.3 (78/78)...
2025-11-15 13:41:42,246 - BlankSpaceAnalyzer - INFO - Exporting results for '@algolia/transporter' to CSV...
2025-11-15 13:41:42,317 - BlankSpaceAnalyzer - INFO - Reports saved in: /app/npm_results/@algolia_transporter
2025-11-15 13:41:42,317 - NPM_Analyzer - INFO - Cleaning temporary folder 'temp/@algolia_transporter'...
2025-11-15 13:41:42,329 - NPM_Analyzer - INFO - Cleanup completed.
2025-11-16 00:13:58,623 - NPM_Analyzer - INFO - Fetching metadata for '@algolia/transporter'...
2025-11-16 00:13:59,986 - NPM_Analyzer - INFO - Found 78 versions. Starting download into 'temp/@algolia_transporter'...
2025-11-16 00:15:06,752 - BlankSpaceAnalyzer - INFO - Analyzing 78 versions for '*.js' in '@algolia_transporter'.
2025-11-16 00:15:06,752 - BlankSpaceAnalyzer - INFO - -> Analyzing version 0.0.0 (1/78)...
2025-11-16 00:15:06,753 - BlankSpaceAnalyzer - INFO - -> Analyzing version 4.0.0 (2/78)...
2025-11-16 00:15:06,819 - BlankSpaceAnalyzer - INFO - -> Analyzing version 4.0.0-beta.1 (3/78)...
2025-11-16 00:15:06,853 - BlankSpaceAnalyzer - INFO - -> Analyzing version 4.0.0-beta.10 (4/78)...
2025-11-16 00:15:06,891 - BlankSpaceAnalyzer - INFO - -> Analyzing version 4.0.0-beta.11 (5/78)...
2025-11-16 00:15:06,930 - BlankSpaceAnalyzer - INFO - -> Analyzing version 4.0.0-beta.12 (6/78)...
2025-11-16 00:15:06,975 - BlankSpaceAnalyzer - INFO - -> Analyzing version 4.0.0-beta.13 (7/78)...
2025-11-16 00:15:07,014 - BlankSpaceAnalyzer - INFO - -> Analyzing version 4.0.0-beta.14 (8/78)...
2025-11-16 00:15:07,053 - BlankSpaceAnalyzer - INFO - -> Analyzing version 4.0.0-beta.15 (9/78)...
2025-11-16 00:15:07,095 - BlankSpaceAnalyzer - INFO - -> Analyzing version 4.0.0-beta.16 (10/78)...
2025-11-16 00:15:07,134 - BlankSpaceAnalyzer - INFO - -> Analyzing version 4.0.0-beta.2 (11/78)...
2025-11-16 00:15:07,173 - BlankSpaceAnalyzer - INFO - -> Analyzing version 4.0.0-beta.3 (12/78)...
2025-11-16 00:15:07,211 - BlankSpaceAnalyzer - INFO - -> Analyzing version 4.0.0-beta.4 (13/78)...
2025-11-16 00:15:07,250 - BlankSpaceAnalyzer - INFO - -> Analyzing version 4.0.0-beta.5 (14/78)...
2025-11-16 00:15:07,288 - BlankSpaceAnalyzer - INFO - -> Analyzing version 4.0.0-beta.6 (15/78)...
2025-11-16 00:15:07,327 - BlankSpaceAnalyzer - INFO - -> Analyzing version 4.0.0-beta.7 (16/78)...
2025-11-16 00:15:07,365 - BlankSpaceAnalyzer - INFO - -> Analyzing version 4.0.0-beta.8 (17/78)...
2025-11-16 00:15:07,404 - BlankSpaceAnalyzer - INFO - -> Analyzing version 4.0.0-beta.9 (18/78)...
2025-11-16 00:15:07,442 - BlankSpaceAnalyzer - INFO - -> Analyzing version 4.0.1 (19/78)...
2025-11-16 00:15:07,480 - BlankSpaceAnalyzer - INFO - -> Analyzing version 4.0.2 (20/78)...
2025-11-16 00:15:07,518 - BlankSpaceAnalyzer - INFO - -> Analyzing version 4.0.3 (21/78)...
2025-11-16 00:15:07,556 - BlankSpaceAnalyzer - INFO - -> Analyzing version 4.1.0 (22/78)...
2025-11-16 00:15:07,594 - BlankSpaceAnalyzer - INFO - -> Analyzing version 4.10.0 (23/78)...
2025-11-16 00:15:07,633 - BlankSpaceAnalyzer - INFO - -> Analyzing version 4.10.2 (24/78)...
2025-11-16 00:15:07,672 - BlankSpaceAnalyzer - INFO - -> Analyzing version 4.10.3 (25/78)...
2025-11-16 00:15:07,710 - BlankSpaceAnalyzer - INFO - -> Analyzing version 4.10.4 (26/78)...
2025-11-16 00:15:07,748 - BlankSpaceAnalyzer - INFO - -> Analyzing version 4.10.5 (27/78)...
2025-11-16 00:15:07,787 - BlankSpaceAnalyzer - INFO - -> Analyzing version 4.11.0 (28/78)...
2025-11-16 00:15:07,826 - BlankSpaceAnalyzer - INFO - -> Analyzing version 4.12.0 (29/78)...
2025-11-16 00:15:07,864 - BlankSpaceAnalyzer - INFO - -> Analyzing version 4.12.1 (30/78)...
2025-11-16 00:15:07,902 - BlankSpaceAnalyzer - INFO - -> Analyzing version 4.12.2 (31/78)...
2025-11-16 00:15:07,940 - BlankSpaceAnalyzer - INFO - -> Analyzing version 4.13.0 (32/78)...
2025-11-16 00:15:07,979 - BlankSpaceAnalyzer - INFO - -> Analyzing version 4.13.1 (33/78)...
2025-11-16 00:15:08,019 - BlankSpaceAnalyzer - INFO - -> Analyzing version 4.14.0 (34/78)...
2025-11-16 00:15:08,057 - BlankSpaceAnalyzer - INFO - -> Analyzing version 4.14.1 (35/78)...
2025-11-16 00:15:08,095 - BlankSpaceAnalyzer - INFO - -> Analyzing version 4.14.2 (36/78)...
2025-11-16 00:15:08,135 - BlankSpaceAnalyzer - INFO - -> Analyzing version 4.14.3 (37/78)...
2025-11-16 00:15:08,173 - BlankSpaceAnalyzer - INFO - -> Analyzing version 4.15.0 (38/78)...
2025-11-16 00:15:08,212 - BlankSpaceAnalyzer - INFO - -> Analyzing version 4.16.0 (39/78)...
2025-11-16 00:15:08,250 - BlankSpaceAnalyzer - INFO - -> Analyzing version 4.17.0 (40/78)...
2025-11-16 00:15:08,288 - BlankSpaceAnalyzer - INFO - -> Analyzing version 4.17.1 (41/78)...
2025-11-16 00:15:08,327 - BlankSpaceAnalyzer - INFO - -> Analyzing version 4.17.2 (42/78)...
2025-11-16 00:15:08,366 - BlankSpaceAnalyzer - INFO - -> Analyzing version 4.18.0 (43/78)...
2025-11-16 00:15:08,404 - BlankSpaceAnalyzer - INFO - -> Analyzing version 4.19.0 (44/78)...
2025-11-16 00:15:08,444 - BlankSpaceAnalyzer - INFO - -> Analyzing version 4.19.1 (45/78)...
2025-11-16 00:15:08,483 - BlankSpaceAnalyzer - INFO - -> Analyzing version 4.2.0 (46/78)...
2025-11-16 00:15:08,522 - BlankSpaceAnalyzer - INFO - -> Analyzing version 4.20.0 (47/78)...
2025-11-16 00:15:08,561 - BlankSpaceAnalyzer - INFO - -> Analyzing version 4.21.0 (48/78)...
2025-11-16 00:15:08,601 - BlankSpaceAnalyzer - INFO - -> Analyzing version 4.21.1 (49/78)...
2025-11-16 00:15:08,639 - BlankSpaceAnalyzer - INFO - -> Analyzing version 4.22.0 (50/78)...
2025-11-16 00:15:08,678 - BlankSpaceAnalyzer - INFO - -> Analyzing version 4.22.1 (51/78)...
2025-11-16 00:15:08,716 - BlankSpaceAnalyzer - INFO - -> Analyzing version 4.23.0 (52/78)...
2025-11-16 00:15:08,755 - BlankSpaceAnalyzer - INFO - -> Analyzing version 4.23.1 (53/78)...
2025-11-16 00:15:08,795 - BlankSpaceAnalyzer - INFO - -> Analyzing version 4.23.2 (54/78)...
2025-11-16 00:15:08,832 - BlankSpaceAnalyzer - INFO - -> Analyzing version 4.23.3 (55/78)...
2025-11-16 00:15:08,872 - BlankSpaceAnalyzer - INFO - -> Analyzing version 4.24.0 (56/78)...
2025-11-16 00:15:08,912 - BlankSpaceAnalyzer - INFO - -> Analyzing version 4.25.0 (57/78)...
2025-11-16 00:15:08,950 - BlankSpaceAnalyzer - INFO - -> Analyzing version 4.25.1 (58/78)...
2025-11-16 00:15:08,988 - BlankSpaceAnalyzer - INFO - -> Analyzing version 4.25.2 (59/78)...
2025-11-16 00:15:09,028 - BlankSpaceAnalyzer - INFO - -> Analyzing version 4.25.3 (60/78)...
2025-11-16 00:15:09,068 - BlankSpaceAnalyzer - INFO - -> Analyzing version 4.3.0 (61/78)...
2025-11-16 00:15:09,106 - BlankSpaceAnalyzer - INFO - -> Analyzing version 4.3.1 (62/78)...
2025-11-16 00:15:09,146 - BlankSpaceAnalyzer - INFO - -> Analyzing version 4.4.0 (63/78)...
2025-11-16 00:15:09,185 - BlankSpaceAnalyzer - INFO - -> Analyzing version 4.5.0 (64/78)...
2025-11-16 00:15:09,225 - BlankSpaceAnalyzer - INFO - -> Analyzing version 4.5.1 (65/78)...
2025-11-16 00:15:09,263 - BlankSpaceAnalyzer - INFO - -> Analyzing version 4.6.0 (66/78)...
2025-11-16 00:15:09,307 - BlankSpaceAnalyzer - INFO - -> Analyzing version 4.7.0 (67/78)...
2025-11-16 00:15:09,348 - BlankSpaceAnalyzer - INFO - -> Analyzing version 4.8.0 (68/78)...
2025-11-16 00:15:09,387 - BlankSpaceAnalyzer - INFO - -> Analyzing version 4.8.1 (69/78)...
2025-11-16 00:15:09,426 - BlankSpaceAnalyzer - INFO - -> Analyzing version 4.8.2 (70/78)...
2025-11-16 00:15:09,472 - BlankSpaceAnalyzer - INFO - -> Analyzing version 4.8.3 (71/78)...
2025-11-16 00:15:09,511 - BlankSpaceAnalyzer - INFO - -> Analyzing version 4.8.4 (72/78)...
2025-11-16 00:15:09,550 - BlankSpaceAnalyzer - INFO - -> Analyzing version 4.8.5 (73/78)...
2025-11-16 00:15:09,589 - BlankSpaceAnalyzer - INFO - -> Analyzing version 4.8.6 (74/78)...
2025-11-16 00:15:09,628 - BlankSpaceAnalyzer - INFO - -> Analyzing version 4.9.0 (75/78)...
2025-11-16 00:15:09,667 - BlankSpaceAnalyzer - INFO - -> Analyzing version 4.9.1 (76/78)...
2025-11-16 00:15:09,706 - BlankSpaceAnalyzer - INFO - -> Analyzing version 4.9.2 (77/78)...
2025-11-16 00:15:09,745 - BlankSpaceAnalyzer - INFO - -> Analyzing version 4.9.3 (78/78)...
2025-11-16 00:15:09,786 - BlankSpaceAnalyzer - INFO - Exporting results for '@algolia/transporter' to CSV...
2025-11-16 00:15:09,857 - BlankSpaceAnalyzer - INFO - Reports saved in: /app/npm_results/@algolia_transporter
2025-11-16 00:15:09,857 - NPM_Analyzer - INFO - Cleaning temporary folder 'temp/@algolia_transporter'...
2025-11-16 00:15:09,869 - NPM_Analyzer - INFO - Cleanup completed.
2025-11-16 10:36:28,206 - NPM_Analyzer - INFO - Fetching metadata for '@algolia/transporter'...
2025-11-16 10:36:28,356 - NPM_Analyzer - INFO - Found 78 versions. Starting download into 'temp/@algolia_transporter'...
2025-11-16 10:37:35,281 - BlankSpaceAnalyzer - INFO - Analyzing 78 versions for '*.js' in '@algolia_transporter'.
2025-11-16 10:37:35,282 - BlankSpaceAnalyzer - INFO - -> Analyzing version 0.0.0 (1/78)...
2025-11-16 10:37:35,282 - BlankSpaceAnalyzer - INFO - -> Analyzing version 4.0.0 (2/78)...
2025-11-16 10:37:35,345 - BlankSpaceAnalyzer - INFO - -> Analyzing version 4.0.0-beta.1 (3/78)...
2025-11-16 10:37:35,378 - BlankSpaceAnalyzer - INFO - -> Analyzing version 4.0.0-beta.10 (4/78)...
2025-11-16 10:37:35,415 - BlankSpaceAnalyzer - INFO - -> Analyzing version 4.0.0-beta.11 (5/78)...
2025-11-16 10:37:35,449 - BlankSpaceAnalyzer - INFO - -> Analyzing version 4.0.0-beta.12 (6/78)...
2025-11-16 10:37:35,486 - BlankSpaceAnalyzer - INFO - -> Analyzing version 4.0.0-beta.13 (7/78)...
2025-11-16 10:37:35,523 - BlankSpaceAnalyzer - INFO - -> Analyzing version 4.0.0-beta.14 (8/78)...
2025-11-16 10:37:35,561 - BlankSpaceAnalyzer - INFO - -> Analyzing version 4.0.0-beta.15 (9/78)...
2025-11-16 10:37:35,598 - BlankSpaceAnalyzer - INFO - -> Analyzing version 4.0.0-beta.16 (10/78)...
2025-11-16 10:37:35,636 - BlankSpaceAnalyzer - INFO - -> Analyzing version 4.0.0-beta.2 (11/78)...
2025-11-16 10:37:35,674 - BlankSpaceAnalyzer - INFO - -> Analyzing version 4.0.0-beta.3 (12/78)...
2025-11-16 10:37:35,711 - BlankSpaceAnalyzer - INFO - -> Analyzing version 4.0.0-beta.4 (13/78)...
2025-11-16 10:37:35,750 - BlankSpaceAnalyzer - INFO - -> Analyzing version 4.0.0-beta.5 (14/78)...
2025-11-16 10:37:35,787 - BlankSpaceAnalyzer - INFO - -> Analyzing version 4.0.0-beta.6 (15/78)...
2025-11-16 10:37:35,824 - BlankSpaceAnalyzer - INFO - -> Analyzing version 4.0.0-beta.7 (16/78)...
2025-11-16 10:37:35,862 - BlankSpaceAnalyzer - INFO - -> Analyzing version 4.0.0-beta.8 (17/78)...
2025-11-16 10:37:35,899 - BlankSpaceAnalyzer - INFO - -> Analyzing version 4.0.0-beta.9 (18/78)...
2025-11-16 10:37:35,937 - BlankSpaceAnalyzer - INFO - -> Analyzing version 4.0.1 (19/78)...
2025-11-16 10:37:35,974 - BlankSpaceAnalyzer - INFO - -> Analyzing version 4.0.2 (20/78)...
2025-11-16 10:37:36,013 - BlankSpaceAnalyzer - INFO - -> Analyzing version 4.0.3 (21/78)...
2025-11-16 10:37:36,053 - BlankSpaceAnalyzer - INFO - -> Analyzing version 4.1.0 (22/78)...
2025-11-16 10:37:36,090 - BlankSpaceAnalyzer - INFO - -> Analyzing version 4.10.0 (23/78)...
2025-11-16 10:37:36,127 - BlankSpaceAnalyzer - INFO - -> Analyzing version 4.10.2 (24/78)...
2025-11-16 10:37:36,165 - BlankSpaceAnalyzer - INFO - -> Analyzing version 4.10.3 (25/78)...
2025-11-16 10:37:36,204 - BlankSpaceAnalyzer - INFO - -> Analyzing version 4.10.4 (26/78)...
2025-11-16 10:37:36,241 - BlankSpaceAnalyzer - INFO - -> Analyzing version 4.10.5 (27/78)...
2025-11-16 10:37:36,279 - BlankSpaceAnalyzer - INFO - -> Analyzing version 4.11.0 (28/78)...
2025-11-16 10:37:36,317 - BlankSpaceAnalyzer - INFO - -> Analyzing version 4.12.0 (29/78)...
2025-11-16 10:37:36,355 - BlankSpaceAnalyzer - INFO - -> Analyzing version 4.12.1 (30/78)...
2025-11-16 10:37:36,394 - BlankSpaceAnalyzer - INFO - -> Analyzing version 4.12.2 (31/78)...
2025-11-16 10:37:36,431 - BlankSpaceAnalyzer - INFO - -> Analyzing version 4.13.0 (32/78)...
2025-11-16 10:37:36,468 - BlankSpaceAnalyzer - INFO - -> Analyzing version 4.13.1 (33/78)...
2025-11-16 10:37:36,506 - BlankSpaceAnalyzer - INFO - -> Analyzing version 4.14.0 (34/78)...
2025-11-16 10:37:36,543 - BlankSpaceAnalyzer - INFO - -> Analyzing version 4.14.1 (35/78)...
2025-11-16 10:37:36,581 - BlankSpaceAnalyzer - INFO - -> Analyzing version 4.14.2 (36/78)...
2025-11-16 10:37:36,618 - BlankSpaceAnalyzer - INFO - -> Analyzing version 4.14.3 (37/78)...
2025-11-16 10:37:36,656 - BlankSpaceAnalyzer - INFO - -> Analyzing version 4.15.0 (38/78)...
2025-11-16 10:37:36,694 - BlankSpaceAnalyzer - INFO - -> Analyzing version 4.16.0 (39/78)...
2025-11-16 10:37:36,732 - BlankSpaceAnalyzer - INFO - -> Analyzing version 4.17.0 (40/78)...
2025-11-16 10:37:36,771 - BlankSpaceAnalyzer - INFO - -> Analyzing version 4.17.1 (41/78)...
2025-11-16 10:37:36,808 - BlankSpaceAnalyzer - INFO - -> Analyzing version 4.17.2 (42/78)...
2025-11-16 10:37:36,848 - BlankSpaceAnalyzer - INFO - -> Analyzing version 4.18.0 (43/78)...
2025-11-16 10:37:36,886 - BlankSpaceAnalyzer - INFO - -> Analyzing version 4.19.0 (44/78)...
2025-11-16 10:37:36,924 - BlankSpaceAnalyzer - INFO - -> Analyzing version 4.19.1 (45/78)...
2025-11-16 10:37:36,962 - BlankSpaceAnalyzer - INFO - -> Analyzing version 4.2.0 (46/78)...
2025-11-16 10:37:37,000 - BlankSpaceAnalyzer - INFO - -> Analyzing version 4.20.0 (47/78)...
2025-11-16 10:37:37,038 - BlankSpaceAnalyzer - INFO - -> Analyzing version 4.21.0 (48/78)...
2025-11-16 10:37:37,075 - BlankSpaceAnalyzer - INFO - -> Analyzing version 4.21.1 (49/78)...
2025-11-16 10:37:37,113 - BlankSpaceAnalyzer - INFO - -> Analyzing version 4.22.0 (50/78)...
2025-11-16 10:37:37,152 - BlankSpaceAnalyzer - INFO - -> Analyzing version 4.22.1 (51/78)...
2025-11-16 10:37:37,189 - BlankSpaceAnalyzer - INFO - -> Analyzing version 4.23.0 (52/78)...
2025-11-16 10:37:37,227 - BlankSpaceAnalyzer - INFO - -> Analyzing version 4.23.1 (53/78)...
2025-11-16 10:37:37,265 - BlankSpaceAnalyzer - INFO - -> Analyzing version 4.23.2 (54/78)...
2025-11-16 10:37:37,303 - BlankSpaceAnalyzer - INFO - -> Analyzing version 4.23.3 (55/78)...
2025-11-16 10:37:37,341 - BlankSpaceAnalyzer - INFO - -> Analyzing version 4.24.0 (56/78)...
2025-11-16 10:37:37,379 - BlankSpaceAnalyzer - INFO - -> Analyzing version 4.25.0 (57/78)...
2025-11-16 10:37:37,417 - BlankSpaceAnalyzer - INFO - -> Analyzing version 4.25.1 (58/78)...
2025-11-16 10:37:37,455 - BlankSpaceAnalyzer - INFO - -> Analyzing version 4.25.2 (59/78)...
2025-11-16 10:37:37,493 - BlankSpaceAnalyzer - INFO - -> Analyzing version 4.25.3 (60/78)...
2025-11-16 10:37:37,533 - BlankSpaceAnalyzer - INFO - -> Analyzing version 4.3.0 (61/78)...
2025-11-16 10:37:37,570 - BlankSpaceAnalyzer - INFO - -> Analyzing version 4.3.1 (62/78)...
2025-11-16 10:37:37,610 - BlankSpaceAnalyzer - INFO - -> Analyzing version 4.4.0 (63/78)...
2025-11-16 10:37:37,648 - BlankSpaceAnalyzer - INFO - -> Analyzing version 4.5.0 (64/78)...
2025-11-16 10:37:37,686 - BlankSpaceAnalyzer - INFO - -> Analyzing version 4.5.1 (65/78)...
2025-11-16 10:37:37,724 - BlankSpaceAnalyzer - INFO - -> Analyzing version 4.6.0 (66/78)...
2025-11-16 10:37:37,762 - BlankSpaceAnalyzer - INFO - -> Analyzing version 4.7.0 (67/78)...
2025-11-16 10:37:37,800 - BlankSpaceAnalyzer - INFO - -> Analyzing version 4.8.0 (68/78)...
2025-11-16 10:37:37,838 - BlankSpaceAnalyzer - INFO - -> Analyzing version 4.8.1 (69/78)...
2025-11-16 10:37:37,876 - BlankSpaceAnalyzer - INFO - -> Analyzing version 4.8.2 (70/78)...
2025-11-16 10:37:37,914 - BlankSpaceAnalyzer - INFO - -> Analyzing version 4.8.3 (71/78)...
2025-11-16 10:37:37,952 - BlankSpaceAnalyzer - INFO - -> Analyzing version 4.8.4 (72/78)...
2025-11-16 10:37:37,990 - BlankSpaceAnalyzer - INFO - -> Analyzing version 4.8.5 (73/78)...
2025-11-16 10:37:38,029 - BlankSpaceAnalyzer - INFO - -> Analyzing version 4.8.6 (74/78)...
2025-11-16 10:37:38,067 - BlankSpaceAnalyzer - INFO - -> Analyzing version 4.9.0 (75/78)...
2025-11-16 10:37:38,105 - BlankSpaceAnalyzer - INFO - -> Analyzing version 4.9.1 (76/78)...
2025-11-16 10:37:38,143 - BlankSpaceAnalyzer - INFO - -> Analyzing version 4.9.2 (77/78)...
2025-11-16 10:37:38,180 - BlankSpaceAnalyzer - INFO - -> Analyzing version 4.9.3 (78/78)...
2025-11-16 10:37:38,220 - BlankSpaceAnalyzer - INFO - Exporting results for '@algolia/transporter' to CSV...
2025-11-16 10:37:38,293 - BlankSpaceAnalyzer - INFO - Reports saved in: /app/npm_results/@algolia_transporter
2025-11-16 10:37:38,293 - NPM_Analyzer - INFO - Cleaning temporary folder 'temp/@algolia_transporter'...
2025-11-16 10:37:38,307 - NPM_Analyzer - INFO - Cleanup completed.
2025-11-16 21:07:26,810 - NPM_Analyzer - INFO - Fetching metadata for '@algolia/transporter'...
2025-11-16 21:07:27,225 - NPM_Analyzer - INFO - Found 78 versions. Starting download into 'temp/@algolia_transporter'...
2025-11-16 21:08:31,486 - BlankSpaceAnalyzer - INFO - Analyzing 78 versions for '*.js' in '@algolia_transporter'.
2025-11-16 21:08:31,486 - BlankSpaceAnalyzer - INFO - -> Analyzing version 0.0.0 (1/78)...
2025-11-16 21:08:31,486 - BlankSpaceAnalyzer - INFO - -> Analyzing version 4.0.0 (2/78)...
2025-11-16 21:08:31,533 - BlankSpaceAnalyzer - INFO - -> Analyzing version 4.0.0-beta.1 (3/78)...
2025-11-16 21:08:31,581 - BlankSpaceAnalyzer - INFO - -> Analyzing version 4.0.0-beta.10 (4/78)...
2025-11-16 21:08:31,632 - BlankSpaceAnalyzer - INFO - -> Analyzing version 4.0.0-beta.11 (5/78)...
2025-11-16 21:08:31,684 - BlankSpaceAnalyzer - INFO - -> Analyzing version 4.0.0-beta.12 (6/78)...
2025-11-16 21:08:31,733 - BlankSpaceAnalyzer - INFO - -> Analyzing version 4.0.0-beta.13 (7/78)...
2025-11-16 21:08:31,785 - BlankSpaceAnalyzer - INFO - -> Analyzing version 4.0.0-beta.14 (8/78)...
2025-11-16 21:08:31,837 - BlankSpaceAnalyzer - INFO - -> Analyzing version 4.0.0-beta.15 (9/78)...
2025-11-16 21:08:31,892 - BlankSpaceAnalyzer - INFO - -> Analyzing version 4.0.0-beta.16 (10/78)...
2025-11-16 21:08:31,967 - BlankSpaceAnalyzer - INFO - -> Analyzing version 4.0.0-beta.2 (11/78)...
2025-11-16 21:08:32,038 - BlankSpaceAnalyzer - INFO - -> Analyzing version 4.0.0-beta.3 (12/78)...
2025-11-16 21:08:32,121 - BlankSpaceAnalyzer - INFO - -> Analyzing version 4.0.0-beta.4 (13/78)...
2025-11-16 21:08:32,197 - BlankSpaceAnalyzer - INFO - -> Analyzing version 4.0.0-beta.5 (14/78)...
2025-11-16 21:08:32,272 - BlankSpaceAnalyzer - INFO - -> Analyzing version 4.0.0-beta.6 (15/78)...
2025-11-16 21:08:32,341 - BlankSpaceAnalyzer - INFO - -> Analyzing version 4.0.0-beta.7 (16/78)...
2025-11-16 21:08:32,393 - BlankSpaceAnalyzer - INFO - -> Analyzing version 4.0.0-beta.8 (17/78)...
2025-11-16 21:08:32,445 - BlankSpaceAnalyzer - INFO - -> Analyzing version 4.0.0-beta.9 (18/78)...
2025-11-16 21:08:32,497 - BlankSpaceAnalyzer - INFO - -> Analyzing version 4.0.1 (19/78)...
2025-11-16 21:08:32,548 - BlankSpaceAnalyzer - INFO - -> Analyzing version 4.0.2 (20/78)...
2025-11-16 21:08:32,600 - BlankSpaceAnalyzer - INFO - -> Analyzing version 4.0.3 (21/78)...
2025-11-16 21:08:32,652 - BlankSpaceAnalyzer - INFO - -> Analyzing version 4.1.0 (22/78)...
2025-11-16 21:08:32,704 - BlankSpaceAnalyzer - INFO - -> Analyzing version 4.10.0 (23/78)...
2025-11-16 21:08:32,772 - BlankSpaceAnalyzer - INFO - -> Analyzing version 4.10.2 (24/78)...
2025-11-16 21:08:32,825 - BlankSpaceAnalyzer - INFO - -> Analyzing version 4.10.3 (25/78)...
2025-11-16 21:08:32,878 - BlankSpaceAnalyzer - INFO - -> Analyzing version 4.10.4 (26/78)...
2025-11-16 21:08:32,944 - BlankSpaceAnalyzer - INFO - -> Analyzing version 4.10.5 (27/78)...
2025-11-16 21:08:32,996 - BlankSpaceAnalyzer - INFO - -> Analyzing version 4.11.0 (28/78)...
2025-11-16 21:08:33,064 - BlankSpaceAnalyzer - INFO - -> Analyzing version 4.12.0 (29/78)...
2025-11-16 21:08:33,138 - BlankSpaceAnalyzer - INFO - -> Analyzing version 4.12.1 (30/78)...
2025-11-16 21:08:33,214 - BlankSpaceAnalyzer - INFO - -> Analyzing version 4.12.2 (31/78)...
2025-11-16 21:08:33,289 - BlankSpaceAnalyzer - INFO - -> Analyzing version 4.13.0 (32/78)...
2025-11-16 21:08:33,363 - BlankSpaceAnalyzer - INFO - -> Analyzing version 4.13.1 (33/78)...
2025-11-16 21:08:33,439 - BlankSpaceAnalyzer - INFO - -> Analyzing version 4.14.0 (34/78)...
2025-11-16 21:08:33,515 - BlankSpaceAnalyzer - INFO - -> Analyzing version 4.14.1 (35/78)...
2025-11-16 21:08:33,615 - BlankSpaceAnalyzer - INFO - -> Analyzing version 4.14.2 (36/78)...
2025-11-16 21:08:33,701 - BlankSpaceAnalyzer - INFO - -> Analyzing version 4.14.3 (37/78)...
2025-11-16 21:08:33,776 - BlankSpaceAnalyzer - INFO - -> Analyzing version 4.15.0 (38/78)...
2025-11-16 21:08:33,851 - BlankSpaceAnalyzer - INFO - -> Analyzing version 4.16.0 (39/78)...
2025-11-16 21:08:33,927 - BlankSpaceAnalyzer - INFO - -> Analyzing version 4.17.0 (40/78)...
2025-11-16 21:08:34,000 - BlankSpaceAnalyzer - INFO - -> Analyzing version 4.17.1 (41/78)...
2025-11-16 21:08:34,076 - BlankSpaceAnalyzer - INFO - -> Analyzing version 4.17.2 (42/78)...
2025-11-16 21:08:34,154 - BlankSpaceAnalyzer - INFO - -> Analyzing version 4.18.0 (43/78)...
2025-11-16 21:08:34,224 - BlankSpaceAnalyzer - INFO - -> Analyzing version 4.19.0 (44/78)...
2025-11-16 21:08:34,296 - BlankSpaceAnalyzer - INFO - -> Analyzing version 4.19.1 (45/78)...
2025-11-16 21:08:34,375 - BlankSpaceAnalyzer - INFO - -> Analyzing version 4.2.0 (46/78)...
2025-11-16 21:08:34,451 - BlankSpaceAnalyzer - INFO - -> Analyzing version 4.20.0 (47/78)...
2025-11-16 21:08:34,529 - BlankSpaceAnalyzer - INFO - -> Analyzing version 4.21.0 (48/78)...
2025-11-16 21:08:34,603 - BlankSpaceAnalyzer - INFO - -> Analyzing version 4.21.1 (49/78)...
2025-11-16 21:08:34,678 - BlankSpaceAnalyzer - INFO - -> Analyzing version 4.22.0 (50/78)...
2025-11-16 21:08:34,749 - BlankSpaceAnalyzer - INFO - -> Analyzing version 4.22.1 (51/78)...
2025-11-16 21:08:34,818 - BlankSpaceAnalyzer - INFO - -> Analyzing version 4.23.0 (52/78)...
2025-11-16 21:08:34,893 - BlankSpaceAnalyzer - INFO - -> Analyzing version 4.23.1 (53/78)...
2025-11-16 21:08:34,968 - BlankSpaceAnalyzer - INFO - -> Analyzing version 4.23.2 (54/78)...
2025-11-16 21:08:35,041 - BlankSpaceAnalyzer - INFO - -> Analyzing version 4.23.3 (55/78)...
2025-11-16 21:08:35,118 - BlankSpaceAnalyzer - INFO - -> Analyzing version 4.24.0 (56/78)...
2025-11-16 21:08:35,194 - BlankSpaceAnalyzer - INFO - -> Analyzing version 4.25.0 (57/78)...
2025-11-16 21:08:35,266 - BlankSpaceAnalyzer - INFO - -> Analyzing version 4.25.1 (58/78)...
2025-11-16 21:08:35,338 - BlankSpaceAnalyzer - INFO - -> Analyzing version 4.25.2 (59/78)...
2025-11-16 21:08:35,411 - BlankSpaceAnalyzer - INFO - -> Analyzing version 4.25.3 (60/78)...
2025-11-16 21:08:35,487 - BlankSpaceAnalyzer - INFO - -> Analyzing version 4.3.0 (61/78)...
2025-11-16 21:08:35,563 - BlankSpaceAnalyzer - INFO - -> Analyzing version 4.3.1 (62/78)...
2025-11-16 21:08:35,636 - BlankSpaceAnalyzer - INFO - -> Analyzing version 4.4.0 (63/78)...
2025-11-16 21:08:35,713 - BlankSpaceAnalyzer - INFO - -> Analyzing version 4.5.0 (64/78)...
2025-11-16 21:08:35,788 - BlankSpaceAnalyzer - INFO - -> Analyzing version 4.5.1 (65/78)...
2025-11-16 21:08:35,858 - BlankSpaceAnalyzer - INFO - -> Analyzing version 4.6.0 (66/78)...
2025-11-16 21:08:35,927 - BlankSpaceAnalyzer - INFO - -> Analyzing version 4.7.0 (67/78)...
2025-11-16 21:08:36,002 - BlankSpaceAnalyzer - INFO - -> Analyzing version 4.8.0 (68/78)...
2025-11-16 21:08:36,078 - BlankSpaceAnalyzer - INFO - -> Analyzing version 4.8.1 (69/78)...
2025-11-16 21:08:36,173 - BlankSpaceAnalyzer - INFO - -> Analyzing version 4.8.2 (70/78)...
2025-11-16 21:08:36,269 - BlankSpaceAnalyzer - INFO - -> Analyzing version 4.8.3 (71/78)...
2025-11-16 21:08:36,349 - BlankSpaceAnalyzer - INFO - -> Analyzing version 4.8.4 (72/78)...
2025-11-16 21:08:36,418 - BlankSpaceAnalyzer - INFO - -> Analyzing version 4.8.5 (73/78)...
2025-11-16 21:08:36,493 - BlankSpaceAnalyzer - INFO - -> Analyzing version 4.8.6 (74/78)...
2025-11-16 21:08:36,560 - BlankSpaceAnalyzer - INFO - -> Analyzing version 4.9.0 (75/78)...
2025-11-16 21:08:36,613 - BlankSpaceAnalyzer - INFO - -> Analyzing version 4.9.1 (76/78)...
2025-11-16 21:08:36,665 - BlankSpaceAnalyzer - INFO - -> Analyzing version 4.9.2 (77/78)...
2025-11-16 21:08:36,718 - BlankSpaceAnalyzer - INFO - -> Analyzing version 4.9.3 (78/78)...
2025-11-16 21:08:36,773 - BlankSpaceAnalyzer - INFO - Exporting results for '@algolia/transporter' to CSV...
2025-11-16 21:08:36,844 - BlankSpaceAnalyzer - INFO - Reports saved in: /app/npm_results/@algolia_transporter
2025-11-16 21:08:36,844 - NPM_Analyzer - INFO - Cleaning temporary folder 'temp/@algolia_transporter'...
2025-11-16 21:08:36,858 - NPM_Analyzer - INFO - Cleanup completed.
