2025-10-31 20:59:58,753 - NPM_Analyzer - INFO - Fetching metadata for '@ckeditor/ckeditor5-basic-styles'...
2025-10-31 20:59:59,022 - NPM_Analyzer - INFO - Found 1240 versions. Starting download into 'temp/@ckeditor_ckeditor5-basic-styles'...
2025-10-31 21:38:11,211 - BlankSpaceAnalyzer - INFO - Analyzing 1240 versions for '*.js' in '@ckeditor_ckeditor5-basic-styles'.
2025-10-31 21:38:11,211 - BlankSpaceAnalyzer - INFO - -> Analyzing version 0.0.0-internal-20241017.0 (1/1240)...
2025-10-31 21:38:11,301 - BlankSpaceAnalyzer - INFO - -> Analyzing version 0.0.0-internal-20241206.0 (2/1240)...
2025-10-31 21:38:11,395 - BlankSpaceAnalyzer - INFO - -> Analyzing version 0.0.0-nightly-20230629.0 (3/1240)...
2025-10-31 21:38:11,488 - BlankSpaceAnalyzer - INFO - -> Analyzing version 0.0.0-nightly-20230630.0 (4/1240)...
2025-10-31 21:38:11,593 - BlankSpaceAnalyzer - INFO - -> Analyzing version 0.0.0-nightly-20230701.0 (5/1240)...
2025-10-31 21:38:11,684 - BlankSpaceAnalyzer - INFO - -> Analyzing version 0.0.0-nightly-20230702.0 (6/1240)...
2025-10-31 21:38:11,782 - BlankSpaceAnalyzer - INFO - -> Analyzing version 0.0.0-nightly-20230703.0 (7/1240)...
2025-10-31 21:38:11,874 - BlankSpaceAnalyzer - INFO - -> Analyzing version 0.0.0-nightly-20230704.0 (8/1240)...
2025-10-31 21:38:11,973 - BlankSpaceAnalyzer - INFO - -> Analyzing version 0.0.0-nightly-20230705.0 (9/1240)...
2025-10-31 21:38:12,069 - BlankSpaceAnalyzer - INFO - -> Analyzing version 0.0.0-nightly-20230706.0 (10/1240)...
2025-10-31 21:38:12,169 - BlankSpaceAnalyzer - INFO - -> Analyzing version 0.0.0-nightly-20230707.0 (11/1240)...
2025-10-31 21:38:12,269 - BlankSpaceAnalyzer - INFO - -> Analyzing version 0.0.0-nightly-20230708.0 (12/1240)...
2025-10-31 21:38:12,360 - BlankSpaceAnalyzer - INFO - -> Analyzing version 0.0.0-nightly-20230709.0 (13/1240)...
2025-10-31 21:38:12,461 - BlankSpaceAnalyzer - INFO - -> Analyzing version 0.0.0-nightly-20230710.0 (14/1240)...
2025-10-31 21:38:12,563 - BlankSpaceAnalyzer - INFO - -> Analyzing version 0.0.0-nightly-20230710.1 (15/1240)...
2025-10-31 21:38:12,661 - BlankSpaceAnalyzer - INFO - -> Analyzing version 0.0.0-nightly-20230711.0 (16/1240)...
2025-10-31 21:38:12,761 - BlankSpaceAnalyzer - INFO - -> Analyzing version 0.0.0-nightly-20230712.0 (17/1240)...
2025-10-31 21:38:12,862 - BlankSpaceAnalyzer - INFO - -> Analyzing version 0.0.0-nightly-20230713.0 (18/1240)...
2025-10-31 21:38:12,955 - BlankSpaceAnalyzer - INFO - -> Analyzing version 0.0.0-nightly-20230714.0 (19/1240)...
2025-10-31 21:38:13,049 - BlankSpaceAnalyzer - INFO - -> Analyzing version 0.0.0-nightly-20230715.0 (20/1240)...
2025-10-31 21:38:13,143 - BlankSpaceAnalyzer - INFO - -> Analyzing version 0.0.0-nightly-20230716.0 (21/1240)...
2025-10-31 21:38:13,237 - BlankSpaceAnalyzer - INFO - -> Analyzing version 0.0.0-nightly-20230717.0 (22/1240)...
2025-10-31 21:38:13,331 - BlankSpaceAnalyzer - INFO - -> Analyzing version 0.0.0-nightly-20230718.0 (23/1240)...
2025-10-31 21:38:13,425 - BlankSpaceAnalyzer - INFO - -> Analyzing version 0.0.0-nightly-20230719.0 (24/1240)...
2025-10-31 21:38:13,519 - BlankSpaceAnalyzer - INFO - -> Analyzing version 0.0.0-nightly-20230720.0 (25/1240)...
2025-10-31 21:38:13,614 - BlankSpaceAnalyzer - INFO - -> Analyzing version 0.0.0-nightly-20230721.0 (26/1240)...
2025-10-31 21:38:13,708 - BlankSpaceAnalyzer - INFO - -> Analyzing version 0.0.0-nightly-20230722.0 (27/1240)...
2025-10-31 21:38:13,804 - BlankSpaceAnalyzer - INFO - -> Analyzing version 0.0.0-nightly-20230723.0 (28/1240)...
2025-10-31 21:38:13,901 - BlankSpaceAnalyzer - INFO - -> Analyzing version 0.0.0-nightly-20230724.0 (29/1240)...
2025-10-31 21:38:13,995 - BlankSpaceAnalyzer - INFO - -> Analyzing version 0.0.0-nightly-20230725.0 (30/1240)...
2025-10-31 21:38:14,093 - BlankSpaceAnalyzer - INFO - -> Analyzing version 0.0.0-nightly-20230725.1 (31/1240)...
2025-10-31 21:38:14,187 - BlankSpaceAnalyzer - INFO - -> Analyzing version 0.0.0-nightly-20230726.0 (32/1240)...
2025-10-31 21:38:14,280 - BlankSpaceAnalyzer - INFO - -> Analyzing version 0.0.0-nightly-20230727.0 (33/1240)...
2025-10-31 21:38:14,380 - BlankSpaceAnalyzer - INFO - -> Analyzing version 0.0.0-nightly-20230728.0 (34/1240)...
2025-10-31 21:38:14,482 - BlankSpaceAnalyzer - INFO - -> Analyzing version 0.0.0-nightly-20230729.0 (35/1240)...
2025-10-31 21:38:14,576 - BlankSpaceAnalyzer - INFO - -> Analyzing version 0.0.0-nightly-20230730.0 (36/1240)...
2025-10-31 21:38:14,676 - BlankSpaceAnalyzer - INFO - -> Analyzing version 0.0.0-nightly-20230731.0 (37/1240)...
2025-10-31 21:38:14,776 - BlankSpaceAnalyzer - INFO - -> Analyzing version 0.0.0-nightly-20230801.0 (38/1240)...
2025-10-31 21:38:14,877 - BlankSpaceAnalyzer - INFO - -> Analyzing version 0.0.0-nightly-20230802.0 (39/1240)...
2025-10-31 21:38:14,976 - BlankSpaceAnalyzer - INFO - -> Analyzing version 0.0.0-nightly-20230803.0 (40/1240)...
2025-10-31 21:38:15,070 - BlankSpaceAnalyzer - INFO - -> Analyzing version 0.0.0-nightly-20230804.0 (41/1240)...
2025-10-31 21:38:15,162 - BlankSpaceAnalyzer - INFO - -> Analyzing version 0.0.0-nightly-20230805.0 (42/1240)...
2025-10-31 21:38:15,256 - BlankSpaceAnalyzer - INFO - -> Analyzing version 0.0.0-nightly-20230806.0 (43/1240)...
2025-10-31 21:38:15,348 - BlankSpaceAnalyzer - INFO - -> Analyzing version 0.0.0-nightly-20230807.0 (44/1240)...
2025-10-31 21:38:15,446 - BlankSpaceAnalyzer - INFO - -> Analyzing version 0.0.0-nightly-20230808.0 (45/1240)...
2025-10-31 21:38:15,540 - BlankSpaceAnalyzer - INFO - -> Analyzing version 0.0.0-nightly-20230809.0 (46/1240)...
2025-10-31 21:38:15,633 - BlankSpaceAnalyzer - INFO - -> Analyzing version 0.0.0-nightly-20230810.0 (47/1240)...
2025-10-31 21:38:15,729 - BlankSpaceAnalyzer - INFO - -> Analyzing version 0.0.0-nightly-20230811.0 (48/1240)...
2025-10-31 21:38:15,824 - BlankSpaceAnalyzer - INFO - -> Analyzing version 0.0.0-nightly-20230812.0 (49/1240)...
2025-10-31 21:38:15,919 - BlankSpaceAnalyzer - INFO - -> Analyzing version 0.0.0-nightly-20230813.0 (50/1240)...
2025-10-31 21:38:16,018 - BlankSpaceAnalyzer - INFO - -> Analyzing version 0.0.0-nightly-20230814.0 (51/1240)...
2025-10-31 21:38:16,115 - BlankSpaceAnalyzer - INFO - -> Analyzing version 0.0.0-nightly-20230815.0 (52/1240)...
2025-10-31 21:38:16,207 - BlankSpaceAnalyzer - INFO - -> Analyzing version 0.0.0-nightly-20230816.0 (53/1240)...
2025-10-31 21:38:16,300 - BlankSpaceAnalyzer - INFO - -> Analyzing version 0.0.0-nightly-20230817.0 (54/1240)...
2025-10-31 21:38:16,392 - BlankSpaceAnalyzer - INFO - -> Analyzing version 0.0.0-nightly-20230818.0 (55/1240)...
2025-10-31 21:38:16,492 - BlankSpaceAnalyzer - INFO - -> Analyzing version 0.0.0-nightly-20230818.1 (56/1240)...
2025-10-31 21:38:16,584 - BlankSpaceAnalyzer - INFO - -> Analyzing version 0.0.0-nightly-20230819.0 (57/1240)...
2025-10-31 21:38:16,684 - BlankSpaceAnalyzer - INFO - -> Analyzing version 0.0.0-nightly-20230820.0 (58/1240)...
2025-10-31 21:38:16,784 - BlankSpaceAnalyzer - INFO - -> Analyzing version 0.0.0-nightly-20230821.0 (59/1240)...
2025-10-31 21:38:16,884 - BlankSpaceAnalyzer - INFO - -> Analyzing version 0.0.0-nightly-20230821.1 (60/1240)...
2025-10-31 21:38:16,977 - BlankSpaceAnalyzer - INFO - -> Analyzing version 0.0.0-nightly-20230822.0 (61/1240)...
2025-10-31 21:38:17,076 - BlankSpaceAnalyzer - INFO - -> Analyzing version 0.0.0-nightly-20230823.0 (62/1240)...
2025-10-31 21:38:17,177 - BlankSpaceAnalyzer - INFO - -> Analyzing version 0.0.0-nightly-20230824.0 (63/1240)...
2025-10-31 21:38:17,277 - BlankSpaceAnalyzer - INFO - -> Analyzing version 0.0.0-nightly-20230825.0 (64/1240)...
2025-10-31 21:38:17,369 - BlankSpaceAnalyzer - INFO - -> Analyzing version 0.0.0-nightly-20230826.0 (65/1240)...
2025-10-31 21:38:17,461 - BlankSpaceAnalyzer - INFO - -> Analyzing version 0.0.0-nightly-20230827.0 (66/1240)...
2025-10-31 21:38:17,560 - BlankSpaceAnalyzer - INFO - -> Analyzing version 0.0.0-nightly-20230828.0 (67/1240)...
2025-10-31 21:38:17,653 - BlankSpaceAnalyzer - INFO - -> Analyzing version 0.0.0-nightly-20230829.0 (68/1240)...
2025-10-31 21:38:17,745 - BlankSpaceAnalyzer - INFO - -> Analyzing version 0.0.0-nightly-20230830.0 (69/1240)...
2025-10-31 21:38:17,838 - BlankSpaceAnalyzer - INFO - -> Analyzing version 0.0.0-nightly-20230831.0 (70/1240)...
2025-10-31 21:38:17,930 - BlankSpaceAnalyzer - INFO - -> Analyzing version 0.0.0-nightly-20230901.0 (71/1240)...
2025-10-31 21:38:18,030 - BlankSpaceAnalyzer - INFO - -> Analyzing version 0.0.0-nightly-20230902.0 (72/1240)...
2025-10-31 21:38:18,131 - BlankSpaceAnalyzer - INFO - -> Analyzing version 0.0.0-nightly-20230903.0 (73/1240)...
2025-10-31 21:38:18,232 - BlankSpaceAnalyzer - INFO - -> Analyzing version 0.0.0-nightly-20230904.0 (74/1240)...
2025-10-31 21:38:18,335 - BlankSpaceAnalyzer - INFO - -> Analyzing version 0.0.0-nightly-20230905.0 (75/1240)...
2025-10-31 21:38:18,430 - BlankSpaceAnalyzer - INFO - -> Analyzing version 0.0.0-nightly-20230906.0 (76/1240)...
2025-10-31 21:38:18,527 - BlankSpaceAnalyzer - INFO - -> Analyzing version 0.0.0-nightly-20230907.0 (77/1240)...
2025-10-31 21:38:18,625 - BlankSpaceAnalyzer - INFO - -> Analyzing version 0.0.0-nightly-20230908.0 (78/1240)...
2025-10-31 21:38:18,719 - BlankSpaceAnalyzer - INFO - -> Analyzing version 0.0.0-nightly-20230909.0 (79/1240)...
2025-10-31 21:38:18,822 - BlankSpaceAnalyzer - INFO - -> Analyzing version 0.0.0-nightly-20230910.0 (80/1240)...
2025-10-31 21:38:18,922 - BlankSpaceAnalyzer - INFO - -> Analyzing version 0.0.0-nightly-20230911.0 (81/1240)...
2025-10-31 21:38:19,023 - BlankSpaceAnalyzer - INFO - -> Analyzing version 0.0.0-nightly-20230912.0 (82/1240)...
2025-10-31 21:38:19,123 - BlankSpaceAnalyzer - INFO - -> Analyzing version 0.0.0-nightly-20230913.0 (83/1240)...
2025-10-31 21:38:19,220 - BlankSpaceAnalyzer - INFO - -> Analyzing version 0.0.0-nightly-20230914.0 (84/1240)...
2025-10-31 21:38:19,312 - BlankSpaceAnalyzer - INFO - -> Analyzing version 0.0.0-nightly-20230915.0 (85/1240)...
2025-10-31 21:38:19,409 - BlankSpaceAnalyzer - INFO - -> Analyzing version 0.0.0-nightly-20230916.0 (86/1240)...
2025-10-31 21:38:19,502 - BlankSpaceAnalyzer - INFO - -> Analyzing version 0.0.0-nightly-20230917.0 (87/1240)...
2025-10-31 21:38:19,595 - BlankSpaceAnalyzer - INFO - -> Analyzing version 0.0.0-nightly-20230918.0 (88/1240)...
2025-10-31 21:38:19,687 - BlankSpaceAnalyzer - INFO - -> Analyzing version 0.0.0-nightly-20230919.0 (89/1240)...
2025-10-31 21:38:19,780 - BlankSpaceAnalyzer - INFO - -> Analyzing version 0.0.0-nightly-20230920.0 (90/1240)...
2025-10-31 21:38:19,880 - BlankSpaceAnalyzer - INFO - -> Analyzing version 0.0.0-nightly-20230921.0 (91/1240)...
2025-10-31 21:38:19,979 - BlankSpaceAnalyzer - INFO - -> Analyzing version 0.0.0-nightly-20230922.0 (92/1240)...
2025-10-31 21:38:20,081 - BlankSpaceAnalyzer - INFO - -> Analyzing version 0.0.0-nightly-20230923.0 (93/1240)...
2025-10-31 21:38:20,182 - BlankSpaceAnalyzer - INFO - -> Analyzing version 0.0.0-nightly-20230924.0 (94/1240)...
2025-10-31 21:38:20,274 - BlankSpaceAnalyzer - INFO - -> Analyzing version 0.0.0-nightly-20230925.0 (95/1240)...
2025-10-31 21:38:20,366 - BlankSpaceAnalyzer - INFO - -> Analyzing version 0.0.0-nightly-20230926.0 (96/1240)...
2025-10-31 21:38:20,466 - BlankSpaceAnalyzer - INFO - -> Analyzing version 0.0.0-nightly-20230927.0 (97/1240)...
2025-10-31 21:38:20,557 - BlankSpaceAnalyzer - INFO - -> Analyzing version 0.0.0-nightly-20230928.0 (98/1240)...
2025-10-31 21:38:20,649 - BlankSpaceAnalyzer - INFO - -> Analyzing version 0.0.0-nightly-20230929.0 (99/1240)...
2025-10-31 21:38:20,741 - BlankSpaceAnalyzer - INFO - -> Analyzing version 0.0.0-nightly-20230930.0 (100/1240)...
2025-10-31 21:38:20,833 - BlankSpaceAnalyzer - INFO - -> Analyzing version 0.0.0-nightly-20231001.0 (101/1240)...
2025-10-31 21:38:20,929 - BlankSpaceAnalyzer - INFO - -> Analyzing version 0.0.0-nightly-20231002.0 (102/1240)...
2025-10-31 21:38:21,028 - BlankSpaceAnalyzer - INFO - -> Analyzing version 0.0.0-nightly-20231003.0 (103/1240)...
2025-10-31 21:38:21,127 - BlankSpaceAnalyzer - INFO - -> Analyzing version 0.0.0-nightly-20231004.0 (104/1240)...
2025-10-31 21:38:21,226 - BlankSpaceAnalyzer - INFO - -> Analyzing version 0.0.0-nightly-20231005.0 (105/1240)...
2025-10-31 21:38:21,321 - BlankSpaceAnalyzer - INFO - -> Analyzing version 0.0.0-nightly-20231006.0 (106/1240)...
2025-10-31 21:38:21,417 - BlankSpaceAnalyzer - INFO - -> Analyzing version 0.0.0-nightly-20231007.0 (107/1240)...
2025-10-31 21:38:21,517 - BlankSpaceAnalyzer - INFO - -> Analyzing version 0.0.0-nightly-20231008.0 (108/1240)...
2025-10-31 21:38:21,615 - BlankSpaceAnalyzer - INFO - -> Analyzing version 0.0.0-nightly-20231009.0 (109/1240)...
2025-10-31 21:38:21,708 - BlankSpaceAnalyzer - INFO - -> Analyzing version 0.0.0-nightly-20231010.0 (110/1240)...
2025-10-31 21:38:21,801 - BlankSpaceAnalyzer - INFO - -> Analyzing version 0.0.0-nightly-20231011.0 (111/1240)...
2025-10-31 21:38:21,897 - BlankSpaceAnalyzer - INFO - -> Analyzing version 0.0.0-nightly-20231012.0 (112/1240)...
2025-10-31 21:38:21,996 - BlankSpaceAnalyzer - INFO - -> Analyzing version 0.0.0-nightly-20231013.0 (113/1240)...
2025-10-31 21:38:22,097 - BlankSpaceAnalyzer - INFO - -> Analyzing version 0.0.0-nightly-20231014.0 (114/1240)...
2025-10-31 21:38:22,196 - BlankSpaceAnalyzer - INFO - -> Analyzing version 0.0.0-nightly-20231015.0 (115/1240)...
2025-10-31 21:38:22,288 - BlankSpaceAnalyzer - INFO - -> Analyzing version 0.0.0-nightly-20231016.0 (116/1240)...
2025-10-31 21:38:22,379 - BlankSpaceAnalyzer - INFO - -> Analyzing version 0.0.0-nightly-20231017.0 (117/1240)...
2025-10-31 21:38:22,479 - BlankSpaceAnalyzer - INFO - -> Analyzing version 0.0.0-nightly-20231018.0 (118/1240)...
2025-10-31 21:38:22,578 - BlankSpaceAnalyzer - INFO - -> Analyzing version 0.0.0-nightly-20231019.0 (119/1240)...
2025-10-31 21:38:22,671 - BlankSpaceAnalyzer - INFO - -> Analyzing version 0.0.0-nightly-20231020.0 (120/1240)...
2025-10-31 21:38:22,762 - BlankSpaceAnalyzer - INFO - -> Analyzing version 0.0.0-nightly-20231021.0 (121/1240)...
2025-10-31 21:38:22,856 - BlankSpaceAnalyzer - INFO - -> Analyzing version 0.0.0-nightly-20231022.0 (122/1240)...
2025-10-31 21:38:22,956 - BlankSpaceAnalyzer - INFO - -> Analyzing version 0.0.0-nightly-20231023.0 (123/1240)...
2025-10-31 21:38:23,057 - BlankSpaceAnalyzer - INFO - -> Analyzing version 0.0.0-nightly-20231024.0 (124/1240)...
2025-10-31 21:38:23,149 - BlankSpaceAnalyzer - INFO - -> Analyzing version 0.0.0-nightly-20231025.0 (125/1240)...
2025-10-31 21:38:23,241 - BlankSpaceAnalyzer - INFO - -> Analyzing version 0.0.0-nightly-20231026.0 (126/1240)...
2025-10-31 21:38:23,334 - BlankSpaceAnalyzer - INFO - -> Analyzing version 0.0.0-nightly-20231027.0 (127/1240)...
2025-10-31 21:38:23,432 - BlankSpaceAnalyzer - INFO - -> Analyzing version 0.0.0-nightly-20231028.0 (128/1240)...
2025-10-31 21:38:23,526 - BlankSpaceAnalyzer - INFO - -> Analyzing version 0.0.0-nightly-20231029.0 (129/1240)...
2025-10-31 21:38:23,618 - BlankSpaceAnalyzer - INFO - -> Analyzing version 0.0.0-nightly-20231030.0 (130/1240)...
2025-10-31 21:38:23,711 - BlankSpaceAnalyzer - INFO - -> Analyzing version 0.0.0-nightly-20231031.0 (131/1240)...
2025-10-31 21:38:23,801 - BlankSpaceAnalyzer - INFO - -> Analyzing version 0.0.0-nightly-20231101.0 (132/1240)...
2025-10-31 21:38:23,895 - BlankSpaceAnalyzer - INFO - -> Analyzing version 0.0.0-nightly-20231102.0 (133/1240)...
2025-10-31 21:38:23,989 - BlankSpaceAnalyzer - INFO - -> Analyzing version 0.0.0-nightly-20231103.0 (134/1240)...
2025-10-31 21:38:24,089 - BlankSpaceAnalyzer - INFO - -> Analyzing version 0.0.0-nightly-20231104.0 (135/1240)...
2025-10-31 21:38:24,181 - BlankSpaceAnalyzer - INFO - -> Analyzing version 0.0.0-nightly-20231105.0 (136/1240)...
2025-10-31 21:38:24,280 - BlankSpaceAnalyzer - INFO - -> Analyzing version 0.0.0-nightly-20231106.0 (137/1240)...
2025-10-31 21:38:24,396 - BlankSpaceAnalyzer - INFO - -> Analyzing version 0.0.0-nightly-20231107.0 (138/1240)...
2025-10-31 21:38:24,488 - BlankSpaceAnalyzer - INFO - -> Analyzing version 0.0.0-nightly-20231108.0 (139/1240)...
2025-10-31 21:38:24,579 - BlankSpaceAnalyzer - INFO - -> Analyzing version 0.0.0-nightly-20231109.0 (140/1240)...
2025-10-31 21:38:24,679 - BlankSpaceAnalyzer - INFO - -> Analyzing version 0.0.0-nightly-20231110.0 (141/1240)...
2025-10-31 21:38:24,771 - BlankSpaceAnalyzer - INFO - -> Analyzing version 0.0.0-nightly-20231111.0 (142/1240)...
2025-10-31 21:38:24,862 - BlankSpaceAnalyzer - INFO - -> Analyzing version 0.0.0-nightly-20231112.0 (143/1240)...
2025-10-31 21:38:24,961 - BlankSpaceAnalyzer - INFO - -> Analyzing version 0.0.0-nightly-20231113.0 (144/1240)...
2025-10-31 21:38:25,053 - BlankSpaceAnalyzer - INFO - -> Analyzing version 0.0.0-nightly-20231114.0 (145/1240)...
2025-10-31 21:38:25,146 - BlankSpaceAnalyzer - INFO - -> Analyzing version 0.0.0-nightly-20231115.0 (146/1240)...
2025-10-31 21:38:25,238 - BlankSpaceAnalyzer - INFO - -> Analyzing version 0.0.0-nightly-20231116.0 (147/1240)...
2025-10-31 21:38:25,329 - BlankSpaceAnalyzer - INFO - -> Analyzing version 0.0.0-nightly-20231117.0 (148/1240)...
2025-10-31 21:38:25,420 - BlankSpaceAnalyzer - INFO - -> Analyzing version 0.0.0-nightly-20231118.0 (149/1240)...
2025-10-31 21:38:25,516 - BlankSpaceAnalyzer - INFO - -> Analyzing version 0.0.0-nightly-20231119.0 (150/1240)...
2025-10-31 21:38:25,612 - BlankSpaceAnalyzer - INFO - -> Analyzing version 0.0.0-nightly-20231120.0 (151/1240)...
2025-10-31 21:38:25,706 - BlankSpaceAnalyzer - INFO - -> Analyzing version 0.0.0-nightly-20231121.0 (152/1240)...
2025-10-31 21:38:25,804 - BlankSpaceAnalyzer - INFO - -> Analyzing version 0.0.0-nightly-20231122.0 (153/1240)...
2025-10-31 21:38:25,902 - BlankSpaceAnalyzer - INFO - -> Analyzing version 0.0.0-nightly-20231123.0 (154/1240)...
2025-10-31 21:38:25,993 - BlankSpaceAnalyzer - INFO - -> Analyzing version 0.0.0-nightly-20231124.0 (155/1240)...
2025-10-31 21:38:26,085 - BlankSpaceAnalyzer - INFO - -> Analyzing version 0.0.0-nightly-20231125.0 (156/1240)...
2025-10-31 21:38:26,177 - BlankSpaceAnalyzer - INFO - -> Analyzing version 0.0.0-nightly-20231126.0 (157/1240)...
2025-10-31 21:38:26,277 - BlankSpaceAnalyzer - INFO - -> Analyzing version 0.0.0-nightly-20231127.0 (158/1240)...
2025-10-31 21:38:26,377 - BlankSpaceAnalyzer - INFO - -> Analyzing version 0.0.0-nightly-20231128.0 (159/1240)...
2025-10-31 21:38:26,467 - BlankSpaceAnalyzer - INFO - -> Analyzing version 0.0.0-nightly-20231129.0 (160/1240)...
2025-10-31 21:38:26,559 - BlankSpaceAnalyzer - INFO - -> Analyzing version 0.0.0-nightly-20231130.0 (161/1240)...
2025-10-31 21:38:26,658 - BlankSpaceAnalyzer - INFO - -> Analyzing version 0.0.0-nightly-20231201.0 (162/1240)...
2025-10-31 21:38:26,751 - BlankSpaceAnalyzer - INFO - -> Analyzing version 0.0.0-nightly-20231202.0 (163/1240)...
2025-10-31 21:38:26,849 - BlankSpaceAnalyzer - INFO - -> Analyzing version 0.0.0-nightly-20231203.0 (164/1240)...
2025-10-31 21:38:26,942 - BlankSpaceAnalyzer - INFO - -> Analyzing version 0.0.0-nightly-20231204.0 (165/1240)...
2025-10-31 21:38:27,034 - BlankSpaceAnalyzer - INFO - -> Analyzing version 0.0.0-nightly-20231205.0 (166/1240)...
2025-10-31 21:38:27,124 - BlankSpaceAnalyzer - INFO - -> Analyzing version 0.0.0-nightly-20231206.0 (167/1240)...
2025-10-31 21:38:27,215 - BlankSpaceAnalyzer - INFO - -> Analyzing version 0.0.0-nightly-20231207.0 (168/1240)...
2025-10-31 21:38:27,309 - BlankSpaceAnalyzer - INFO - -> Analyzing version 0.0.0-nightly-20231208.0 (169/1240)...
2025-10-31 21:38:27,408 - BlankSpaceAnalyzer - INFO - -> Analyzing version 0.0.0-nightly-20231209.0 (170/1240)...
2025-10-31 21:38:27,499 - BlankSpaceAnalyzer - INFO - -> Analyzing version 0.0.0-nightly-20231210.0 (171/1240)...
2025-10-31 21:38:27,592 - BlankSpaceAnalyzer - INFO - -> Analyzing version 0.0.0-nightly-20231211.0 (172/1240)...
2025-10-31 21:38:27,685 - BlankSpaceAnalyzer - INFO - -> Analyzing version 0.0.0-nightly-20231212.0 (173/1240)...
2025-10-31 21:38:27,787 - BlankSpaceAnalyzer - INFO - -> Analyzing version 0.0.0-nightly-20231213.0 (174/1240)...
2025-10-31 21:38:27,880 - BlankSpaceAnalyzer - INFO - -> Analyzing version 0.0.0-nightly-20231214.0 (175/1240)...
2025-10-31 21:38:27,978 - BlankSpaceAnalyzer - INFO - -> Analyzing version 0.0.0-nightly-20231215.0 (176/1240)...
2025-10-31 21:38:28,078 - BlankSpaceAnalyzer - INFO - -> Analyzing version 0.0.0-nightly-20231216.0 (177/1240)...
2025-10-31 21:38:28,177 - BlankSpaceAnalyzer - INFO - -> Analyzing version 0.0.0-nightly-20231217.0 (178/1240)...
2025-10-31 21:38:28,276 - BlankSpaceAnalyzer - INFO - -> Analyzing version 0.0.0-nightly-20231218.0 (179/1240)...
2025-10-31 21:38:28,376 - BlankSpaceAnalyzer - INFO - -> Analyzing version 0.0.0-nightly-20231219.0 (180/1240)...
2025-10-31 21:38:28,474 - BlankSpaceAnalyzer - INFO - -> Analyzing version 0.0.0-nightly-20231220.0 (181/1240)...
2025-10-31 21:38:28,565 - BlankSpaceAnalyzer - INFO - -> Analyzing version 0.0.0-nightly-20231221.0 (182/1240)...
2025-10-31 21:38:28,657 - BlankSpaceAnalyzer - INFO - -> Analyzing version 0.0.0-nightly-20231222.0 (183/1240)...
2025-10-31 21:38:28,755 - BlankSpaceAnalyzer - INFO - -> Analyzing version 0.0.0-nightly-20231223.0 (184/1240)...
2025-10-31 21:38:28,859 - BlankSpaceAnalyzer - INFO - -> Analyzing version 0.0.0-nightly-20231224.0 (185/1240)...
2025-10-31 21:38:28,950 - BlankSpaceAnalyzer - INFO - -> Analyzing version 0.0.0-nightly-20231225.0 (186/1240)...
2025-10-31 21:38:29,044 - BlankSpaceAnalyzer - INFO - -> Analyzing version 0.0.0-nightly-20231226.0 (187/1240)...
2025-10-31 21:38:29,145 - BlankSpaceAnalyzer - INFO - -> Analyzing version 0.0.0-nightly-20231227.0 (188/1240)...
2025-10-31 21:38:29,245 - BlankSpaceAnalyzer - INFO - -> Analyzing version 0.0.0-nightly-20231228.0 (189/1240)...
2025-10-31 21:38:29,340 - BlankSpaceAnalyzer - INFO - -> Analyzing version 0.0.0-nightly-20231229.0 (190/1240)...
2025-10-31 21:38:29,437 - BlankSpaceAnalyzer - INFO - -> Analyzing version 0.0.0-nightly-20231230.0 (191/1240)...
2025-10-31 21:38:29,531 - BlankSpaceAnalyzer - INFO - -> Analyzing version 0.0.0-nightly-20231231.0 (192/1240)...
2025-10-31 21:38:29,628 - BlankSpaceAnalyzer - INFO - -> Analyzing version 0.0.0-nightly-20240101.0 (193/1240)...
2025-10-31 21:38:29,724 - BlankSpaceAnalyzer - INFO - -> Analyzing version 0.0.0-nightly-20240102.0 (194/1240)...
2025-10-31 21:38:29,815 - BlankSpaceAnalyzer - INFO - -> Analyzing version 0.0.0-nightly-20240103.0 (195/1240)...
2025-10-31 21:38:29,908 - BlankSpaceAnalyzer - INFO - -> Analyzing version 0.0.0-nightly-20240104.0 (196/1240)...
2025-10-31 21:38:30,004 - BlankSpaceAnalyzer - INFO - -> Analyzing version 0.0.0-nightly-20240105.0 (197/1240)...
2025-10-31 21:38:30,097 - BlankSpaceAnalyzer - INFO - -> Analyzing version 0.0.0-nightly-20240106.0 (198/1240)...
2025-10-31 21:38:30,188 - BlankSpaceAnalyzer - INFO - -> Analyzing version 0.0.0-nightly-20240107.0 (199/1240)...
2025-10-31 21:38:30,280 - BlankSpaceAnalyzer - INFO - -> Analyzing version 0.0.0-nightly-20240108.0 (200/1240)...
2025-10-31 21:38:30,380 - BlankSpaceAnalyzer - INFO - -> Analyzing version 0.0.0-nightly-20240109.0 (201/1240)...
2025-10-31 21:38:30,472 - BlankSpaceAnalyzer - INFO - -> Analyzing version 0.0.0-nightly-20240110.0 (202/1240)...
2025-10-31 21:38:30,564 - BlankSpaceAnalyzer - INFO - -> Analyzing version 0.0.0-nightly-20240111.0 (203/1240)...
2025-10-31 21:38:30,663 - BlankSpaceAnalyzer - INFO - -> Analyzing version 0.0.0-nightly-20240112.0 (204/1240)...
2025-10-31 21:38:30,761 - BlankSpaceAnalyzer - INFO - -> Analyzing version 0.0.0-nightly-20240113.0 (205/1240)...
2025-10-31 21:38:30,860 - BlankSpaceAnalyzer - INFO - -> Analyzing version 0.0.0-nightly-20240114.0 (206/1240)...
2025-10-31 21:38:30,960 - BlankSpaceAnalyzer - INFO - -> Analyzing version 0.0.0-nightly-20240115.0 (207/1240)...
2025-10-31 21:38:31,061 - BlankSpaceAnalyzer - INFO - -> Analyzing version 0.0.0-nightly-20240116.0 (208/1240)...
2025-10-31 21:38:31,153 - BlankSpaceAnalyzer - INFO - -> Analyzing version 0.0.0-nightly-20240117.0 (209/1240)...
2025-10-31 21:38:31,252 - BlankSpaceAnalyzer - INFO - -> Analyzing version 0.0.0-nightly-20240118.0 (210/1240)...
2025-10-31 21:38:31,352 - BlankSpaceAnalyzer - INFO - -> Analyzing version 0.0.0-nightly-20240119.0 (211/1240)...
2025-10-31 21:38:31,452 - BlankSpaceAnalyzer - INFO - -> Analyzing version 0.0.0-nightly-20240120.0 (212/1240)...
2025-10-31 21:38:31,553 - BlankSpaceAnalyzer - INFO - -> Analyzing version 0.0.0-nightly-20240121.0 (213/1240)...
2025-10-31 21:38:31,647 - BlankSpaceAnalyzer - INFO - -> Analyzing version 0.0.0-nightly-20240122.0 (214/1240)...
2025-10-31 21:38:31,744 - BlankSpaceAnalyzer - INFO - -> Analyzing version 0.0.0-nightly-20240123.0 (215/1240)...
2025-10-31 21:38:31,837 - BlankSpaceAnalyzer - INFO - -> Analyzing version 0.0.0-nightly-20240124.0 (216/1240)...
2025-10-31 21:38:31,929 - BlankSpaceAnalyzer - INFO - -> Analyzing version 0.0.0-nightly-20240125.0 (217/1240)...
2025-10-31 21:38:32,024 - BlankSpaceAnalyzer - INFO - -> Analyzing version 0.0.0-nightly-20240126.0 (218/1240)...
2025-10-31 21:38:32,120 - BlankSpaceAnalyzer - INFO - -> Analyzing version 0.0.0-nightly-20240127.0 (219/1240)...
2025-10-31 21:38:32,212 - BlankSpaceAnalyzer - INFO - -> Analyzing version 0.0.0-nightly-20240128.0 (220/1240)...
2025-10-31 21:38:32,305 - BlankSpaceAnalyzer - INFO - -> Analyzing version 0.0.0-nightly-20240129.0 (221/1240)...
2025-10-31 21:38:32,404 - BlankSpaceAnalyzer - INFO - -> Analyzing version 0.0.0-nightly-20240130.0 (222/1240)...
2025-10-31 21:38:32,501 - BlankSpaceAnalyzer - INFO - -> Analyzing version 0.0.0-nightly-20240131.0 (223/1240)...
2025-10-31 21:38:32,593 - BlankSpaceAnalyzer - INFO - -> Analyzing version 0.0.0-nightly-20240201.0 (224/1240)...
2025-10-31 21:38:32,684 - BlankSpaceAnalyzer - INFO - -> Analyzing version 0.0.0-nightly-20240202.0 (225/1240)...
2025-10-31 21:38:32,789 - BlankSpaceAnalyzer - INFO - -> Analyzing version 0.0.0-nightly-20240203.0 (226/1240)...
2025-10-31 21:38:32,878 - BlankSpaceAnalyzer - INFO - -> Analyzing version 0.0.0-nightly-20240204.0 (227/1240)...
2025-10-31 21:38:32,977 - BlankSpaceAnalyzer - INFO - -> Analyzing version 0.0.0-nightly-20240205.0 (228/1240)...
2025-10-31 21:38:33,079 - BlankSpaceAnalyzer - INFO - -> Analyzing version 0.0.0-nightly-20240206.0 (229/1240)...
2025-10-31 21:38:33,179 - BlankSpaceAnalyzer - INFO - -> Analyzing version 0.0.0-nightly-20240207.0 (230/1240)...
2025-10-31 21:38:33,271 - BlankSpaceAnalyzer - INFO - -> Analyzing version 0.0.0-nightly-20240208.0 (231/1240)...
2025-10-31 21:38:33,364 - BlankSpaceAnalyzer - INFO - -> Analyzing version 0.0.0-nightly-20240208.1 (232/1240)...
2025-10-31 21:38:33,463 - BlankSpaceAnalyzer - INFO - -> Analyzing version 0.0.0-nightly-20240209.0 (233/1240)...
2025-10-31 21:38:33,563 - BlankSpaceAnalyzer - INFO - -> Analyzing version 0.0.0-nightly-20240210.0 (234/1240)...
2025-10-31 21:38:33,655 - BlankSpaceAnalyzer - INFO - -> Analyzing version 0.0.0-nightly-20240211.0 (235/1240)...
2025-10-31 21:38:33,753 - BlankSpaceAnalyzer - INFO - -> Analyzing version 0.0.0-nightly-20240212.0 (236/1240)...
2025-10-31 21:38:33,845 - BlankSpaceAnalyzer - INFO - -> Analyzing version 0.0.0-nightly-20240213.0 (237/1240)...
2025-10-31 21:38:33,938 - BlankSpaceAnalyzer - INFO - -> Analyzing version 0.0.0-nightly-20240214.0 (238/1240)...
2025-10-31 21:38:34,034 - BlankSpaceAnalyzer - INFO - -> Analyzing version 0.0.0-nightly-20240215.0 (239/1240)...
2025-10-31 21:38:34,130 - BlankSpaceAnalyzer - INFO - -> Analyzing version 0.0.0-nightly-20240216.0 (240/1240)...
2025-10-31 21:38:34,228 - BlankSpaceAnalyzer - INFO - -> Analyzing version 0.0.0-nightly-20240217.0 (241/1240)...
2025-10-31 21:38:34,324 - BlankSpaceAnalyzer - INFO - -> Analyzing version 0.0.0-nightly-20240218.0 (242/1240)...
2025-10-31 21:38:34,419 - BlankSpaceAnalyzer - INFO - -> Analyzing version 0.0.0-nightly-20240219.0 (243/1240)...
2025-10-31 21:38:34,524 - BlankSpaceAnalyzer - INFO - -> Analyzing version 0.0.0-nightly-20240220.0 (244/1240)...
2025-10-31 21:38:34,619 - BlankSpaceAnalyzer - INFO - -> Analyzing version 0.0.0-nightly-20240221.0 (245/1240)...
2025-10-31 21:38:34,714 - BlankSpaceAnalyzer - INFO - -> Analyzing version 0.0.0-nightly-20240222.0 (246/1240)...
2025-10-31 21:38:34,810 - BlankSpaceAnalyzer - INFO - -> Analyzing version 0.0.0-nightly-20240223.0 (247/1240)...
2025-10-31 21:38:34,907 - BlankSpaceAnalyzer - INFO - -> Analyzing version 0.0.0-nightly-20240224.0 (248/1240)...
2025-10-31 21:38:35,000 - BlankSpaceAnalyzer - INFO - -> Analyzing version 0.0.0-nightly-20240225.0 (249/1240)...
2025-10-31 21:38:35,099 - BlankSpaceAnalyzer - INFO - -> Analyzing version 0.0.0-nightly-20240226.0 (250/1240)...
2025-10-31 21:38:35,197 - BlankSpaceAnalyzer - INFO - -> Analyzing version 0.0.0-nightly-20240227.0 (251/1240)...
2025-10-31 21:38:35,297 - BlankSpaceAnalyzer - INFO - -> Analyzing version 0.0.0-nightly-20240228.0 (252/1240)...
2025-10-31 21:38:35,389 - BlankSpaceAnalyzer - INFO - -> Analyzing version 0.0.0-nightly-20240229.0 (253/1240)...
2025-10-31 21:38:35,487 - BlankSpaceAnalyzer - INFO - -> Analyzing version 0.0.0-nightly-20240301.0 (254/1240)...
2025-10-31 21:38:35,580 - BlankSpaceAnalyzer - INFO - -> Analyzing version 0.0.0-nightly-20240302.0 (255/1240)...
2025-10-31 21:38:35,679 - BlankSpaceAnalyzer - INFO - -> Analyzing version 0.0.0-nightly-20240303.0 (256/1240)...
2025-10-31 21:38:35,778 - BlankSpaceAnalyzer - INFO - -> Analyzing version 0.0.0-nightly-20240304.0 (257/1240)...
2025-10-31 21:38:35,877 - BlankSpaceAnalyzer - INFO - -> Analyzing version 0.0.0-nightly-20240305.0 (258/1240)...
2025-10-31 21:38:35,969 - BlankSpaceAnalyzer - INFO - -> Analyzing version 0.0.0-nightly-20240306.0 (259/1240)...
2025-10-31 21:38:36,071 - BlankSpaceAnalyzer - INFO - -> Analyzing version 0.0.0-nightly-20240307.0 (260/1240)...
2025-10-31 21:38:36,170 - BlankSpaceAnalyzer - INFO - -> Analyzing version 0.0.0-nightly-20240308.0 (261/1240)...
2025-10-31 21:38:36,262 - BlankSpaceAnalyzer - INFO - -> Analyzing version 0.0.0-nightly-20240309.0 (262/1240)...
2025-10-31 21:38:36,353 - BlankSpaceAnalyzer - INFO - -> Analyzing version 0.0.0-nightly-20240310.0 (263/1240)...
2025-10-31 21:38:36,450 - BlankSpaceAnalyzer - INFO - -> Analyzing version 0.0.0-nightly-20240311.0 (264/1240)...
2025-10-31 21:38:36,550 - BlankSpaceAnalyzer - INFO - -> Analyzing version 0.0.0-nightly-20240312.0 (265/1240)...
2025-10-31 21:38:36,652 - BlankSpaceAnalyzer - INFO - -> Analyzing version 0.0.0-nightly-20240313.0 (266/1240)...
2025-10-31 21:38:36,746 - BlankSpaceAnalyzer - INFO - -> Analyzing version 0.0.0-nightly-20240314.0 (267/1240)...
2025-10-31 21:38:36,845 - BlankSpaceAnalyzer - INFO - -> Analyzing version 0.0.0-nightly-20240315.0 (268/1240)...
2025-10-31 21:38:36,939 - BlankSpaceAnalyzer - INFO - -> Analyzing version 0.0.0-nightly-20240316.0 (269/1240)...
2025-10-31 21:38:37,031 - BlankSpaceAnalyzer - INFO - -> Analyzing version 0.0.0-nightly-20240317.0 (270/1240)...
2025-10-31 21:38:37,127 - BlankSpaceAnalyzer - INFO - -> Analyzing version 0.0.0-nightly-20240318.0 (271/1240)...
2025-10-31 21:38:37,222 - BlankSpaceAnalyzer - INFO - -> Analyzing version 0.0.0-nightly-20240319.0 (272/1240)...
2025-10-31 21:38:37,314 - BlankSpaceAnalyzer - INFO - -> Analyzing version 0.0.0-nightly-20240319.1 (273/1240)...
2025-10-31 21:38:37,414 - BlankSpaceAnalyzer - INFO - -> Analyzing version 0.0.0-nightly-20240320.0 (274/1240)...
2025-10-31 21:38:37,516 - BlankSpaceAnalyzer - INFO - -> Analyzing version 0.0.0-nightly-20240321.0 (275/1240)...
2025-10-31 21:38:37,612 - BlankSpaceAnalyzer - INFO - -> Analyzing version 0.0.0-nightly-20240322.0 (276/1240)...
2025-10-31 21:38:37,706 - BlankSpaceAnalyzer - INFO - -> Analyzing version 0.0.0-nightly-20240323.0 (277/1240)...
2025-10-31 21:38:37,803 - BlankSpaceAnalyzer - INFO - -> Analyzing version 0.0.0-nightly-20240324.0 (278/1240)...
2025-10-31 21:38:37,894 - BlankSpaceAnalyzer - INFO - -> Analyzing version 0.0.0-nightly-20240325.0 (279/1240)...
2025-10-31 21:38:37,985 - BlankSpaceAnalyzer - INFO - -> Analyzing version 0.0.0-nightly-20240326.0 (280/1240)...
2025-10-31 21:38:38,078 - BlankSpaceAnalyzer - INFO - -> Analyzing version 0.0.0-nightly-20240327.0 (281/1240)...
2025-10-31 21:38:38,177 - BlankSpaceAnalyzer - INFO - -> Analyzing version 0.0.0-nightly-20240328.0 (282/1240)...
2025-10-31 21:38:38,275 - BlankSpaceAnalyzer - INFO - -> Analyzing version 0.0.0-nightly-20240328.1 (283/1240)...
2025-10-31 21:38:38,367 - BlankSpaceAnalyzer - INFO - -> Analyzing version 0.0.0-nightly-20240328.2 (284/1240)...
2025-10-31 21:38:38,465 - BlankSpaceAnalyzer - INFO - -> Analyzing version 0.0.0-nightly-20240329.0 (285/1240)...
2025-10-31 21:38:38,556 - BlankSpaceAnalyzer - INFO - -> Analyzing version 0.0.0-nightly-20240330.0 (286/1240)...
2025-10-31 21:38:38,657 - BlankSpaceAnalyzer - INFO - -> Analyzing version 0.0.0-nightly-20240331.0 (287/1240)...
2025-10-31 21:38:38,747 - BlankSpaceAnalyzer - INFO - -> Analyzing version 0.0.0-nightly-20240401.0 (288/1240)...
2025-10-31 21:38:38,838 - BlankSpaceAnalyzer - INFO - -> Analyzing version 0.0.0-nightly-20240402.0 (289/1240)...
2025-10-31 21:38:38,929 - BlankSpaceAnalyzer - INFO - -> Analyzing version 0.0.0-nightly-20240403.0 (290/1240)...
2025-10-31 21:38:39,022 - BlankSpaceAnalyzer - INFO - -> Analyzing version 0.0.0-nightly-20240403.1 (291/1240)...
2025-10-31 21:38:39,115 - BlankSpaceAnalyzer - INFO - -> Analyzing version 0.0.0-nightly-20240404.0 (292/1240)...
2025-10-31 21:38:39,214 - BlankSpaceAnalyzer - INFO - -> Analyzing version 0.0.0-nightly-20240405.0 (293/1240)...
2025-10-31 21:38:39,314 - BlankSpaceAnalyzer - INFO - -> Analyzing version 0.0.0-nightly-20240406.0 (294/1240)...
2025-10-31 21:38:39,414 - BlankSpaceAnalyzer - INFO - -> Analyzing version 0.0.0-nightly-20240407.0 (295/1240)...
2025-10-31 21:38:39,509 - BlankSpaceAnalyzer - INFO - -> Analyzing version 0.0.0-nightly-20240408.0 (296/1240)...
2025-10-31 21:38:39,601 - BlankSpaceAnalyzer - INFO - -> Analyzing version 0.0.0-nightly-20240409.0 (297/1240)...
2025-10-31 21:38:39,695 - BlankSpaceAnalyzer - INFO - -> Analyzing version 0.0.0-nightly-20240410.0 (298/1240)...
2025-10-31 21:38:39,785 - BlankSpaceAnalyzer - INFO - -> Analyzing version 0.0.0-nightly-20240411.0 (299/1240)...
2025-10-31 21:38:39,878 - BlankSpaceAnalyzer - INFO - -> Analyzing version 0.0.0-nightly-20240412.0 (300/1240)...
2025-10-31 21:38:39,979 - BlankSpaceAnalyzer - INFO - -> Analyzing version 0.0.0-nightly-20240413.0 (301/1240)...
2025-10-31 21:38:40,072 - BlankSpaceAnalyzer - INFO - -> Analyzing version 0.0.0-nightly-20240414.0 (302/1240)...
2025-10-31 21:38:40,171 - BlankSpaceAnalyzer - INFO - -> Analyzing version 0.0.0-nightly-20240415.0 (303/1240)...
2025-10-31 21:38:40,274 - BlankSpaceAnalyzer - INFO - -> Analyzing version 0.0.0-nightly-20240416.0 (304/1240)...
2025-10-31 21:38:40,371 - BlankSpaceAnalyzer - INFO - -> Analyzing version 0.0.0-nightly-20240417.0 (305/1240)...
2025-10-31 21:38:40,470 - BlankSpaceAnalyzer - INFO - -> Analyzing version 0.0.0-nightly-20240418.0 (306/1240)...
2025-10-31 21:38:40,569 - BlankSpaceAnalyzer - INFO - -> Analyzing version 0.0.0-nightly-20240419.0 (307/1240)...
2025-10-31 21:38:40,662 - BlankSpaceAnalyzer - INFO - -> Analyzing version 0.0.0-nightly-20240420.0 (308/1240)...
2025-10-31 21:38:40,761 - BlankSpaceAnalyzer - INFO - -> Analyzing version 0.0.0-nightly-20240421.0 (309/1240)...
2025-10-31 21:38:40,862 - BlankSpaceAnalyzer - INFO - -> Analyzing version 0.0.0-nightly-20240422.0 (310/1240)...
2025-10-31 21:38:40,963 - BlankSpaceAnalyzer - INFO - -> Analyzing version 0.0.0-nightly-20240423.0 (311/1240)...
2025-10-31 21:38:41,062 - BlankSpaceAnalyzer - INFO - -> Analyzing version 0.0.0-nightly-20240424.0 (312/1240)...
2025-10-31 21:38:41,166 - BlankSpaceAnalyzer - INFO - -> Analyzing version 0.0.0-nightly-20240425.0 (313/1240)...
2025-10-31 21:38:41,261 - BlankSpaceAnalyzer - INFO - -> Analyzing version 0.0.0-nightly-20240426.0 (314/1240)...
2025-10-31 21:38:41,362 - BlankSpaceAnalyzer - INFO - -> Analyzing version 0.0.0-nightly-20240427.0 (315/1240)...
2025-10-31 21:38:41,459 - BlankSpaceAnalyzer - INFO - -> Analyzing version 0.0.0-nightly-20240428.0 (316/1240)...
2025-10-31 21:38:41,554 - BlankSpaceAnalyzer - INFO - -> Analyzing version 0.0.0-nightly-20240429.0 (317/1240)...
2025-10-31 21:38:41,653 - BlankSpaceAnalyzer - INFO - -> Analyzing version 0.0.0-nightly-20240430.0 (318/1240)...
2025-10-31 21:38:41,750 - BlankSpaceAnalyzer - INFO - -> Analyzing version 0.0.0-nightly-20240501.0 (319/1240)...
2025-10-31 21:38:41,843 - BlankSpaceAnalyzer - INFO - -> Analyzing version 0.0.0-nightly-20240502.0 (320/1240)...
2025-10-31 21:38:41,940 - BlankSpaceAnalyzer - INFO - -> Analyzing version 0.0.0-nightly-20240503.0 (321/1240)...
2025-10-31 21:38:42,036 - BlankSpaceAnalyzer - INFO - -> Analyzing version 0.0.0-nightly-20240504.0 (322/1240)...
2025-10-31 21:38:42,134 - BlankSpaceAnalyzer - INFO - -> Analyzing version 0.0.0-nightly-20240505.0 (323/1240)...
2025-10-31 21:38:42,236 - BlankSpaceAnalyzer - INFO - -> Analyzing version 0.0.0-nightly-20240506.0 (324/1240)...
2025-10-31 21:38:42,338 - BlankSpaceAnalyzer - INFO - -> Analyzing version 0.0.0-nightly-20240507.0 (325/1240)...
2025-10-31 21:38:42,440 - BlankSpaceAnalyzer - INFO - -> Analyzing version 0.0.0-nightly-20240508.0 (326/1240)...
2025-10-31 21:38:42,537 - BlankSpaceAnalyzer - INFO - -> Analyzing version 0.0.0-nightly-20240509.0 (327/1240)...
2025-10-31 21:38:42,631 - BlankSpaceAnalyzer - INFO - -> Analyzing version 0.0.0-nightly-20240510.0 (328/1240)...
2025-10-31 21:38:42,729 - BlankSpaceAnalyzer - INFO - -> Analyzing version 0.0.0-nightly-20240511.0 (329/1240)...
2025-10-31 21:38:42,830 - BlankSpaceAnalyzer - INFO - -> Analyzing version 0.0.0-nightly-20240512.0 (330/1240)...
2025-10-31 21:38:42,929 - BlankSpaceAnalyzer - INFO - -> Analyzing version 0.0.0-nightly-20240513.0 (331/1240)...
2025-10-31 21:38:43,023 - BlankSpaceAnalyzer - INFO - -> Analyzing version 0.0.0-nightly-20240514.0 (332/1240)...
2025-10-31 21:38:43,122 - BlankSpaceAnalyzer - INFO - -> Analyzing version 0.0.0-nightly-20240515.0 (333/1240)...
2025-10-31 21:38:43,226 - BlankSpaceAnalyzer - INFO - -> Analyzing version 0.0.0-nightly-20240516.0 (334/1240)...
2025-10-31 21:38:43,323 - BlankSpaceAnalyzer - INFO - -> Analyzing version 0.0.0-nightly-20240516.1 (335/1240)...
2025-10-31 21:38:43,421 - BlankSpaceAnalyzer - INFO - -> Analyzing version 0.0.0-nightly-20240517.0 (336/1240)...
2025-10-31 21:38:43,522 - BlankSpaceAnalyzer - INFO - -> Analyzing version 0.0.0-nightly-20240518.0 (337/1240)...
2025-10-31 21:38:43,626 - BlankSpaceAnalyzer - INFO - -> Analyzing version 0.0.0-nightly-20240519.0 (338/1240)...
2025-10-31 21:38:43,728 - BlankSpaceAnalyzer - INFO - -> Analyzing version 0.0.0-nightly-20240520.0 (339/1240)...
2025-10-31 21:38:43,825 - BlankSpaceAnalyzer - INFO - -> Analyzing version 0.0.0-nightly-20240521.0 (340/1240)...
2025-10-31 21:38:43,920 - BlankSpaceAnalyzer - INFO - -> Analyzing version 0.0.0-nightly-20240522.0 (341/1240)...
2025-10-31 21:38:44,015 - BlankSpaceAnalyzer - INFO - -> Analyzing version 0.0.0-nightly-20240523.0 (342/1240)...
2025-10-31 21:38:44,109 - BlankSpaceAnalyzer - INFO - -> Analyzing version 0.0.0-nightly-20240524.0 (343/1240)...
2025-10-31 21:38:44,204 - BlankSpaceAnalyzer - INFO - -> Analyzing version 0.0.0-nightly-20240525.0 (344/1240)...
2025-10-31 21:38:44,304 - BlankSpaceAnalyzer - INFO - -> Analyzing version 0.0.0-nightly-20240526.0 (345/1240)...
2025-10-31 21:38:44,403 - BlankSpaceAnalyzer - INFO - -> Analyzing version 0.0.0-nightly-20240527.0 (346/1240)...
2025-10-31 21:38:44,496 - BlankSpaceAnalyzer - INFO - -> Analyzing version 0.0.0-nightly-20240528.0 (347/1240)...
2025-10-31 21:38:44,594 - BlankSpaceAnalyzer - INFO - -> Analyzing version 0.0.0-nightly-20240529.0 (348/1240)...
2025-10-31 21:38:44,696 - BlankSpaceAnalyzer - INFO - -> Analyzing version 0.0.0-nightly-20240530.0 (349/1240)...
2025-10-31 21:38:44,798 - BlankSpaceAnalyzer - INFO - -> Analyzing version 0.0.0-nightly-20240531.0 (350/1240)...
2025-10-31 21:38:44,899 - BlankSpaceAnalyzer - INFO - -> Analyzing version 0.0.0-nightly-20240601.0 (351/1240)...
2025-10-31 21:38:44,993 - BlankSpaceAnalyzer - INFO - -> Analyzing version 0.0.0-nightly-20240602.0 (352/1240)...
2025-10-31 21:38:45,088 - BlankSpaceAnalyzer - INFO - -> Analyzing version 0.0.0-nightly-20240603.0 (353/1240)...
2025-10-31 21:38:45,182 - BlankSpaceAnalyzer - INFO - -> Analyzing version 0.0.0-nightly-20240604.0 (354/1240)...
2025-10-31 21:38:45,277 - BlankSpaceAnalyzer - INFO - -> Analyzing version 0.0.0-nightly-20240604.1 (355/1240)...
2025-10-31 21:38:45,378 - BlankSpaceAnalyzer - INFO - -> Analyzing version 0.0.0-nightly-20240605.0 (356/1240)...
2025-10-31 21:38:45,480 - BlankSpaceAnalyzer - INFO - -> Analyzing version 0.0.0-nightly-20240605.1 (357/1240)...
2025-10-31 21:38:45,578 - BlankSpaceAnalyzer - INFO - -> Analyzing version 0.0.0-nightly-20240606.0 (358/1240)...
2025-10-31 21:38:45,679 - BlankSpaceAnalyzer - INFO - -> Analyzing version 0.0.0-nightly-20240607.0 (359/1240)...
2025-10-31 21:38:45,782 - BlankSpaceAnalyzer - INFO - -> Analyzing version 0.0.0-nightly-20240608.0 (360/1240)...
2025-10-31 21:38:45,875 - BlankSpaceAnalyzer - INFO - -> Analyzing version 0.0.0-nightly-20240609.0 (361/1240)...
2025-10-31 21:38:45,977 - BlankSpaceAnalyzer - INFO - -> Analyzing version 0.0.0-nightly-20240610.0 (362/1240)...
2025-10-31 21:38:46,080 - BlankSpaceAnalyzer - INFO - -> Analyzing version 0.0.0-nightly-20240611.0 (363/1240)...
2025-10-31 21:38:46,176 - BlankSpaceAnalyzer - INFO - -> Analyzing version 0.0.0-nightly-20240612.0 (364/1240)...
2025-10-31 21:38:46,272 - BlankSpaceAnalyzer - INFO - -> Analyzing version 0.0.0-nightly-20240613.0 (365/1240)...
2025-10-31 21:38:46,368 - BlankSpaceAnalyzer - INFO - -> Analyzing version 0.0.0-nightly-20240614.0 (366/1240)...
2025-10-31 21:38:46,470 - BlankSpaceAnalyzer - INFO - -> Analyzing version 0.0.0-nightly-20240615.0 (367/1240)...
2025-10-31 21:38:46,573 - BlankSpaceAnalyzer - INFO - -> Analyzing version 0.0.0-nightly-20240616.0 (368/1240)...
2025-10-31 21:38:46,668 - BlankSpaceAnalyzer - INFO - -> Analyzing version 0.0.0-nightly-20240617.0 (369/1240)...
2025-10-31 21:38:46,762 - BlankSpaceAnalyzer - INFO - -> Analyzing version 0.0.0-nightly-20240618.0 (370/1240)...
2025-10-31 21:38:46,865 - BlankSpaceAnalyzer - INFO - -> Analyzing version 0.0.0-nightly-20240619.0 (371/1240)...
2025-10-31 21:38:46,960 - BlankSpaceAnalyzer - INFO - -> Analyzing version 0.0.0-nightly-20240619.1 (372/1240)...
2025-10-31 21:38:47,066 - BlankSpaceAnalyzer - INFO - -> Analyzing version 0.0.0-nightly-20240619.2 (373/1240)...
2025-10-31 21:38:47,162 - BlankSpaceAnalyzer - INFO - -> Analyzing version 0.0.0-nightly-20240620.0 (374/1240)...
2025-10-31 21:38:47,267 - BlankSpaceAnalyzer - INFO - -> Analyzing version 0.0.0-nightly-20240620.1 (375/1240)...
2025-10-31 21:38:47,366 - BlankSpaceAnalyzer - INFO - -> Analyzing version 0.0.0-nightly-20240621.0 (376/1240)...
2025-10-31 21:38:47,461 - BlankSpaceAnalyzer - INFO - -> Analyzing version 0.0.0-nightly-20240622.0 (377/1240)...
2025-10-31 21:38:47,562 - BlankSpaceAnalyzer - INFO - -> Analyzing version 0.0.0-nightly-20240623.0 (378/1240)...
2025-10-31 21:38:47,659 - BlankSpaceAnalyzer - INFO - -> Analyzing version 0.0.0-nightly-20240624.0 (379/1240)...
2025-10-31 21:38:47,756 - BlankSpaceAnalyzer - INFO - -> Analyzing version 0.0.0-nightly-20240625.0 (380/1240)...
2025-10-31 21:38:47,858 - BlankSpaceAnalyzer - INFO - -> Analyzing version 0.0.0-nightly-20240626.0 (381/1240)...
2025-10-31 21:38:47,954 - BlankSpaceAnalyzer - INFO - -> Analyzing version 0.0.0-nightly-20240626.1 (382/1240)...
2025-10-31 21:38:48,049 - BlankSpaceAnalyzer - INFO - -> Analyzing version 0.0.0-nightly-20240627.0 (383/1240)...
2025-10-31 21:38:48,142 - BlankSpaceAnalyzer - INFO - -> Analyzing version 0.0.0-nightly-20240628.0 (384/1240)...
2025-10-31 21:38:48,235 - BlankSpaceAnalyzer - INFO - -> Analyzing version 0.0.0-nightly-20240629.0 (385/1240)...
2025-10-31 21:38:48,330 - BlankSpaceAnalyzer - INFO - -> Analyzing version 0.0.0-nightly-20240630.0 (386/1240)...
2025-10-31 21:38:48,424 - BlankSpaceAnalyzer - INFO - -> Analyzing version 0.0.0-nightly-20240701.0 (387/1240)...
2025-10-31 21:38:48,519 - BlankSpaceAnalyzer - INFO - -> Analyzing version 0.0.0-nightly-20240702.0 (388/1240)...
2025-10-31 21:38:48,614 - BlankSpaceAnalyzer - INFO - -> Analyzing version 0.0.0-nightly-20240703.0 (389/1240)...
2025-10-31 21:38:48,709 - BlankSpaceAnalyzer - INFO - -> Analyzing version 0.0.0-nightly-20240704.0 (390/1240)...
2025-10-31 21:38:48,805 - BlankSpaceAnalyzer - INFO - -> Analyzing version 0.0.0-nightly-20240705.0 (391/1240)...
2025-10-31 21:38:48,901 - BlankSpaceAnalyzer - INFO - -> Analyzing version 0.0.0-nightly-20240705.1 (392/1240)...
2025-10-31 21:38:48,995 - BlankSpaceAnalyzer - INFO - -> Analyzing version 0.0.0-nightly-20240706.0 (393/1240)...
2025-10-31 21:38:49,091 - BlankSpaceAnalyzer - INFO - -> Analyzing version 0.0.0-nightly-20240707.0 (394/1240)...
2025-10-31 21:38:49,186 - BlankSpaceAnalyzer - INFO - -> Analyzing version 0.0.0-nightly-20240708.0 (395/1240)...
2025-10-31 21:38:49,289 - BlankSpaceAnalyzer - INFO - -> Analyzing version 0.0.0-nightly-20240709.0 (396/1240)...
2025-10-31 21:38:49,383 - BlankSpaceAnalyzer - INFO - -> Analyzing version 0.0.0-nightly-20240710.0 (397/1240)...
2025-10-31 21:38:49,486 - BlankSpaceAnalyzer - INFO - -> Analyzing version 0.0.0-nightly-20240711.0 (398/1240)...
2025-10-31 21:38:49,581 - BlankSpaceAnalyzer - INFO - -> Analyzing version 0.0.0-nightly-20240712.0 (399/1240)...
2025-10-31 21:38:49,685 - BlankSpaceAnalyzer - INFO - -> Analyzing version 0.0.0-nightly-20240713.0 (400/1240)...
2025-10-31 21:38:49,782 - BlankSpaceAnalyzer - INFO - -> Analyzing version 0.0.0-nightly-20240714.0 (401/1240)...
2025-10-31 21:38:49,880 - BlankSpaceAnalyzer - INFO - -> Analyzing version 0.0.0-nightly-20240715.0 (402/1240)...
2025-10-31 21:38:49,981 - BlankSpaceAnalyzer - INFO - -> Analyzing version 0.0.0-nightly-20240716.0 (403/1240)...
2025-10-31 21:38:50,077 - BlankSpaceAnalyzer - INFO - -> Analyzing version 0.0.0-nightly-20240717.0 (404/1240)...
2025-10-31 21:38:50,180 - BlankSpaceAnalyzer - INFO - -> Analyzing version 0.0.0-nightly-20240718.0 (405/1240)...
2025-10-31 21:38:50,284 - BlankSpaceAnalyzer - INFO - -> Analyzing version 0.0.0-nightly-20240719.0 (406/1240)...
2025-10-31 21:38:50,379 - BlankSpaceAnalyzer - INFO - -> Analyzing version 0.0.0-nightly-20240720.0 (407/1240)...
2025-10-31 21:38:50,484 - BlankSpaceAnalyzer - INFO - -> Analyzing version 0.0.0-nightly-20240721.0 (408/1240)...
2025-10-31 21:38:50,579 - BlankSpaceAnalyzer - INFO - -> Analyzing version 0.0.0-nightly-20240722.0 (409/1240)...
2025-10-31 21:38:50,681 - BlankSpaceAnalyzer - INFO - -> Analyzing version 0.0.0-nightly-20240723.0 (410/1240)...
2025-10-31 21:38:50,782 - BlankSpaceAnalyzer - INFO - -> Analyzing version 0.0.0-nightly-20240724.0 (411/1240)...
2025-10-31 21:38:50,877 - BlankSpaceAnalyzer - INFO - -> Analyzing version 0.0.0-nightly-20240725.0 (412/1240)...
2025-10-31 21:38:50,980 - BlankSpaceAnalyzer - INFO - -> Analyzing version 0.0.0-nightly-20240726.0 (413/1240)...
2025-10-31 21:38:51,077 - BlankSpaceAnalyzer - INFO - -> Analyzing version 0.0.0-nightly-20240727.0 (414/1240)...
2025-10-31 21:38:51,179 - BlankSpaceAnalyzer - INFO - -> Analyzing version 0.0.0-nightly-20240728.0 (415/1240)...
2025-10-31 21:38:51,282 - BlankSpaceAnalyzer - INFO - -> Analyzing version 0.0.0-nightly-20240729.0 (416/1240)...
2025-10-31 21:38:51,377 - BlankSpaceAnalyzer - INFO - -> Analyzing version 0.0.0-nightly-20240730.0 (417/1240)...
2025-10-31 21:38:51,472 - BlankSpaceAnalyzer - INFO - -> Analyzing version 0.0.0-nightly-20240731.0 (418/1240)...
2025-10-31 21:38:51,570 - BlankSpaceAnalyzer - INFO - -> Analyzing version 0.0.0-nightly-20240801.0 (419/1240)...
2025-10-31 21:38:51,666 - BlankSpaceAnalyzer - INFO - -> Analyzing version 0.0.0-nightly-20240802.0 (420/1240)...
2025-10-31 21:38:51,769 - BlankSpaceAnalyzer - INFO - -> Analyzing version 0.0.0-nightly-20240803.0 (421/1240)...
2025-10-31 21:38:51,872 - BlankSpaceAnalyzer - INFO - -> Analyzing version 0.0.0-nightly-20240804.0 (422/1240)...
2025-10-31 21:38:51,976 - BlankSpaceAnalyzer - INFO - -> Analyzing version 0.0.0-nightly-20240805.0 (423/1240)...
2025-10-31 21:38:52,080 - BlankSpaceAnalyzer - INFO - -> Analyzing version 0.0.0-nightly-20240806.0 (424/1240)...
2025-10-31 21:38:52,175 - BlankSpaceAnalyzer - INFO - -> Analyzing version 0.0.0-nightly-20240807.0 (425/1240)...
2025-10-31 21:38:52,277 - BlankSpaceAnalyzer - INFO - -> Analyzing version 0.0.0-nightly-20240808.0 (426/1240)...
2025-10-31 21:38:52,372 - BlankSpaceAnalyzer - INFO - -> Analyzing version 0.0.0-nightly-20240809.0 (427/1240)...
2025-10-31 21:38:52,466 - BlankSpaceAnalyzer - INFO - -> Analyzing version 0.0.0-nightly-20240810.0 (428/1240)...
2025-10-31 21:38:52,570 - BlankSpaceAnalyzer - INFO - -> Analyzing version 0.0.0-nightly-20240811.0 (429/1240)...
2025-10-31 21:38:52,670 - BlankSpaceAnalyzer - INFO - -> Analyzing version 0.0.0-nightly-20240812.0 (430/1240)...
2025-10-31 21:38:52,771 - BlankSpaceAnalyzer - INFO - -> Analyzing version 0.0.0-nightly-20240813.0 (431/1240)...
2025-10-31 21:38:52,865 - BlankSpaceAnalyzer - INFO - -> Analyzing version 0.0.0-nightly-20240814.0 (432/1240)...
2025-10-31 21:38:52,962 - BlankSpaceAnalyzer - INFO - -> Analyzing version 0.0.0-nightly-20240815.0 (433/1240)...
2025-10-31 21:38:53,065 - BlankSpaceAnalyzer - INFO - -> Analyzing version 0.0.0-nightly-20240816.0 (434/1240)...
2025-10-31 21:38:53,160 - BlankSpaceAnalyzer - INFO - -> Analyzing version 0.0.0-nightly-20240817.0 (435/1240)...
2025-10-31 21:38:53,255 - BlankSpaceAnalyzer - INFO - -> Analyzing version 0.0.0-nightly-20240818.0 (436/1240)...
2025-10-31 21:38:53,351 - BlankSpaceAnalyzer - INFO - -> Analyzing version 0.0.0-nightly-20240819.0 (437/1240)...
2025-10-31 21:38:53,446 - BlankSpaceAnalyzer - INFO - -> Analyzing version 0.0.0-nightly-20240820.0 (438/1240)...
2025-10-31 21:38:53,540 - BlankSpaceAnalyzer - INFO - -> Analyzing version 0.0.0-nightly-20240821.0 (439/1240)...
2025-10-31 21:38:53,646 - BlankSpaceAnalyzer - INFO - -> Analyzing version 0.0.0-nightly-20240822.0 (440/1240)...
2025-10-31 21:38:53,747 - BlankSpaceAnalyzer - INFO - -> Analyzing version 0.0.0-nightly-20240823.0 (441/1240)...
2025-10-31 21:38:53,844 - BlankSpaceAnalyzer - INFO - -> Analyzing version 0.0.0-nightly-20240824.0 (442/1240)...
2025-10-31 21:38:53,940 - BlankSpaceAnalyzer - INFO - -> Analyzing version 0.0.0-nightly-20240825.0 (443/1240)...
2025-10-31 21:38:54,035 - BlankSpaceAnalyzer - INFO - -> Analyzing version 0.0.0-nightly-20240826.0 (444/1240)...
2025-10-31 21:38:54,129 - BlankSpaceAnalyzer - INFO - -> Analyzing version 0.0.0-nightly-20240827.0 (445/1240)...
2025-10-31 21:38:54,226 - BlankSpaceAnalyzer - INFO - -> Analyzing version 0.0.0-nightly-20240828.0 (446/1240)...
2025-10-31 21:38:54,321 - BlankSpaceAnalyzer - INFO - -> Analyzing version 0.0.0-nightly-20240829.0 (447/1240)...
2025-10-31 21:38:54,418 - BlankSpaceAnalyzer - INFO - -> Analyzing version 0.0.0-nightly-20240830.0 (448/1240)...
2025-10-31 21:38:54,517 - BlankSpaceAnalyzer - INFO - -> Analyzing version 0.0.0-nightly-20240831.0 (449/1240)...
2025-10-31 21:38:54,611 - BlankSpaceAnalyzer - INFO - -> Analyzing version 0.0.0-nightly-20240901.0 (450/1240)...
2025-10-31 21:38:54,709 - BlankSpaceAnalyzer - INFO - -> Analyzing version 0.0.0-nightly-20240902.0 (451/1240)...
2025-10-31 21:38:54,808 - BlankSpaceAnalyzer - INFO - -> Analyzing version 0.0.0-nightly-20240903.0 (452/1240)...
2025-10-31 21:38:54,902 - BlankSpaceAnalyzer - INFO - -> Analyzing version 0.0.0-nightly-20240904.0 (453/1240)...
2025-10-31 21:38:54,999 - BlankSpaceAnalyzer - INFO - -> Analyzing version 0.0.0-nightly-20240905.0 (454/1240)...
2025-10-31 21:38:55,100 - BlankSpaceAnalyzer - INFO - -> Analyzing version 0.0.0-nightly-20240906.0 (455/1240)...
2025-10-31 21:38:55,195 - BlankSpaceAnalyzer - INFO - -> Analyzing version 0.0.0-nightly-20240907.0 (456/1240)...
2025-10-31 21:38:55,292 - BlankSpaceAnalyzer - INFO - -> Analyzing version 0.0.0-nightly-20240908.0 (457/1240)...
2025-10-31 21:38:55,386 - BlankSpaceAnalyzer - INFO - -> Analyzing version 0.0.0-nightly-20240909.0 (458/1240)...
2025-10-31 21:38:55,479 - BlankSpaceAnalyzer - INFO - -> Analyzing version 0.0.0-nightly-20240910.0 (459/1240)...
2025-10-31 21:38:55,584 - BlankSpaceAnalyzer - INFO - -> Analyzing version 0.0.0-nightly-20240911.0 (460/1240)...
2025-10-31 21:38:55,680 - BlankSpaceAnalyzer - INFO - -> Analyzing version 0.0.0-nightly-20240912.0 (461/1240)...
2025-10-31 21:38:55,781 - BlankSpaceAnalyzer - INFO - -> Analyzing version 0.0.0-nightly-20240913.0 (462/1240)...
2025-10-31 21:38:55,884 - BlankSpaceAnalyzer - INFO - -> Analyzing version 0.0.0-nightly-20240914.0 (463/1240)...
2025-10-31 21:38:55,979 - BlankSpaceAnalyzer - INFO - -> Analyzing version 0.0.0-nightly-20240915.0 (464/1240)...
2025-10-31 21:38:56,082 - BlankSpaceAnalyzer - INFO - -> Analyzing version 0.0.0-nightly-20240916.0 (465/1240)...
2025-10-31 21:38:56,179 - BlankSpaceAnalyzer - INFO - -> Analyzing version 0.0.0-nightly-20240916.1 (466/1240)...
2025-10-31 21:38:56,280 - BlankSpaceAnalyzer - INFO - -> Analyzing version 0.0.0-nightly-20240917.0 (467/1240)...
2025-10-31 21:38:56,384 - BlankSpaceAnalyzer - INFO - -> Analyzing version 0.0.0-nightly-20240918.0 (468/1240)...
2025-10-31 21:38:56,481 - BlankSpaceAnalyzer - INFO - -> Analyzing version 0.0.0-nightly-20240919.0 (469/1240)...
2025-10-31 21:38:56,583 - BlankSpaceAnalyzer - INFO - -> Analyzing version 0.0.0-nightly-20240920.0 (470/1240)...
2025-10-31 21:38:56,677 - BlankSpaceAnalyzer - INFO - -> Analyzing version 0.0.0-nightly-20240921.0 (471/1240)...
2025-10-31 21:38:56,772 - BlankSpaceAnalyzer - INFO - -> Analyzing version 0.0.0-nightly-20240922.0 (472/1240)...
2025-10-31 21:38:56,867 - BlankSpaceAnalyzer - INFO - -> Analyzing version 0.0.0-nightly-20240923.0 (473/1240)...
2025-10-31 21:38:56,961 - BlankSpaceAnalyzer - INFO - -> Analyzing version 0.0.0-nightly-20240924.0 (474/1240)...
2025-10-31 21:38:57,063 - BlankSpaceAnalyzer - INFO - -> Analyzing version 0.0.0-nightly-20240925.0 (475/1240)...
2025-10-31 21:38:57,160 - BlankSpaceAnalyzer - INFO - -> Analyzing version 0.0.0-nightly-20240926.0 (476/1240)...
2025-10-31 21:38:57,262 - BlankSpaceAnalyzer - INFO - -> Analyzing version 0.0.0-nightly-20240927.0 (477/1240)...
2025-10-31 21:38:57,358 - BlankSpaceAnalyzer - INFO - -> Analyzing version 0.0.0-nightly-20240928.0 (478/1240)...
2025-10-31 21:38:57,461 - BlankSpaceAnalyzer - INFO - -> Analyzing version 0.0.0-nightly-20240929.0 (479/1240)...
2025-10-31 21:38:57,556 - BlankSpaceAnalyzer - INFO - -> Analyzing version 0.0.0-nightly-20240930.0 (480/1240)...
2025-10-31 21:38:57,658 - BlankSpaceAnalyzer - INFO - -> Analyzing version 0.0.0-nightly-20241001.0 (481/1240)...
2025-10-31 21:38:57,752 - BlankSpaceAnalyzer - INFO - -> Analyzing version 0.0.0-nightly-20241002.0 (482/1240)...
2025-10-31 21:38:57,847 - BlankSpaceAnalyzer - INFO - -> Analyzing version 0.0.0-nightly-20241003.0 (483/1240)...
2025-10-31 21:38:57,945 - BlankSpaceAnalyzer - INFO - -> Analyzing version 0.0.0-nightly-20241004.0 (484/1240)...
2025-10-31 21:38:58,049 - BlankSpaceAnalyzer - INFO - -> Analyzing version 0.0.0-nightly-20241005.0 (485/1240)...
2025-10-31 21:38:58,143 - BlankSpaceAnalyzer - INFO - -> Analyzing version 0.0.0-nightly-20241006.0 (486/1240)...
2025-10-31 21:38:58,238 - BlankSpaceAnalyzer - INFO - -> Analyzing version 0.0.0-nightly-20241007.0 (487/1240)...
2025-10-31 21:38:58,338 - BlankSpaceAnalyzer - INFO - -> Analyzing version 0.0.0-nightly-20241008.0 (488/1240)...
2025-10-31 21:38:58,437 - BlankSpaceAnalyzer - INFO - -> Analyzing version 0.0.0-nightly-20241009.0 (489/1240)...
2025-10-31 21:38:58,536 - BlankSpaceAnalyzer - INFO - -> Analyzing version 0.0.0-nightly-20241010.0 (490/1240)...
2025-10-31 21:38:58,639 - BlankSpaceAnalyzer - INFO - -> Analyzing version 0.0.0-nightly-20241011.0 (491/1240)...
2025-10-31 21:38:58,738 - BlankSpaceAnalyzer - INFO - -> Analyzing version 0.0.0-nightly-20241012.0 (492/1240)...
2025-10-31 21:38:58,833 - BlankSpaceAnalyzer - INFO - -> Analyzing version 0.0.0-nightly-20241013.0 (493/1240)...
2025-10-31 21:38:58,927 - BlankSpaceAnalyzer - INFO - -> Analyzing version 0.0.0-nightly-20241014.0 (494/1240)...
2025-10-31 21:38:59,022 - BlankSpaceAnalyzer - INFO - -> Analyzing version 0.0.0-nightly-20241015.0 (495/1240)...
2025-10-31 21:38:59,118 - BlankSpaceAnalyzer - INFO - -> Analyzing version 0.0.0-nightly-20241016.0 (496/1240)...
2025-10-31 21:38:59,213 - BlankSpaceAnalyzer - INFO - -> Analyzing version 0.0.0-nightly-20241017.0 (497/1240)...
2025-10-31 21:38:59,308 - BlankSpaceAnalyzer - INFO - -> Analyzing version 0.0.0-nightly-20241018.0 (498/1240)...
2025-10-31 21:38:59,402 - BlankSpaceAnalyzer - INFO - -> Analyzing version 0.0.0-nightly-20241019.0 (499/1240)...
2025-10-31 21:38:59,497 - BlankSpaceAnalyzer - INFO - -> Analyzing version 0.0.0-nightly-20241020.0 (500/1240)...
2025-10-31 21:38:59,593 - BlankSpaceAnalyzer - INFO - -> Analyzing version 0.0.0-nightly-20241021.0 (501/1240)...
2025-10-31 21:38:59,690 - BlankSpaceAnalyzer - INFO - -> Analyzing version 0.0.0-nightly-20241022.0 (502/1240)...
2025-10-31 21:38:59,786 - BlankSpaceAnalyzer - INFO - -> Analyzing version 0.0.0-nightly-20241023.0 (503/1240)...
2025-10-31 21:38:59,952 - BlankSpaceAnalyzer - INFO - -> Analyzing version 0.0.0-nightly-20241024.0 (504/1240)...
2025-10-31 21:39:00,056 - BlankSpaceAnalyzer - INFO - -> Analyzing version 0.0.0-nightly-20241025.0 (505/1240)...
2025-10-31 21:39:00,159 - BlankSpaceAnalyzer - INFO - -> Analyzing version 0.0.0-nightly-20241025.1 (506/1240)...
2025-10-31 21:39:00,261 - BlankSpaceAnalyzer - INFO - -> Analyzing version 0.0.0-nightly-20241025.2 (507/1240)...
2025-10-31 21:39:00,366 - BlankSpaceAnalyzer - INFO - -> Analyzing version 0.0.0-nightly-20241026.0 (508/1240)...
2025-10-31 21:39:00,463 - BlankSpaceAnalyzer - INFO - -> Analyzing version 0.0.0-nightly-20241027.0 (509/1240)...
2025-10-31 21:39:00,567 - BlankSpaceAnalyzer - INFO - -> Analyzing version 0.0.0-nightly-20241028.0 (510/1240)...
2025-10-31 21:39:00,665 - BlankSpaceAnalyzer - INFO - -> Analyzing version 0.0.0-nightly-20241028.1 (511/1240)...
2025-10-31 21:39:00,762 - BlankSpaceAnalyzer - INFO - -> Analyzing version 0.0.0-nightly-20241028.2 (512/1240)...
2025-10-31 21:39:00,866 - BlankSpaceAnalyzer - INFO - -> Analyzing version 0.0.0-nightly-20241028.3 (513/1240)...
2025-10-31 21:39:00,960 - BlankSpaceAnalyzer - INFO - -> Analyzing version 0.0.0-nightly-20241028.4 (514/1240)...
2025-10-31 21:39:01,066 - BlankSpaceAnalyzer - INFO - -> Analyzing version 0.0.0-nightly-20241028.5 (515/1240)...
2025-10-31 21:39:01,161 - BlankSpaceAnalyzer - INFO - -> Analyzing version 0.0.0-nightly-20241029.0 (516/1240)...
2025-10-31 21:39:01,265 - BlankSpaceAnalyzer - INFO - -> Analyzing version 0.0.0-nightly-20241029.1 (517/1240)...
2025-10-31 21:39:01,360 - BlankSpaceAnalyzer - INFO - -> Analyzing version 0.0.0-nightly-20241029.2 (518/1240)...
2025-10-31 21:39:01,464 - BlankSpaceAnalyzer - INFO - -> Analyzing version 0.0.0-nightly-20241029.3 (519/1240)...
2025-10-31 21:39:01,560 - BlankSpaceAnalyzer - INFO - -> Analyzing version 0.0.0-nightly-20241030.0 (520/1240)...
2025-10-31 21:39:01,665 - BlankSpaceAnalyzer - INFO - -> Analyzing version 0.0.0-nightly-20241031.0 (521/1240)...
2025-10-31 21:39:01,766 - BlankSpaceAnalyzer - INFO - -> Analyzing version 0.0.0-nightly-20241101.0 (522/1240)...
2025-10-31 21:39:01,868 - BlankSpaceAnalyzer - INFO - -> Analyzing version 0.0.0-nightly-20241102.0 (523/1240)...
2025-10-31 21:39:01,972 - BlankSpaceAnalyzer - INFO - -> Analyzing version 0.0.0-nightly-20241103.0 (524/1240)...
2025-10-31 21:39:02,077 - BlankSpaceAnalyzer - INFO - -> Analyzing version 0.0.0-nightly-20241104.0 (525/1240)...
2025-10-31 21:39:02,179 - BlankSpaceAnalyzer - INFO - -> Analyzing version 0.0.0-nightly-20241105.0 (526/1240)...
2025-10-31 21:39:02,277 - BlankSpaceAnalyzer - INFO - -> Analyzing version 0.0.0-nightly-20241106.0 (527/1240)...
2025-10-31 21:39:02,380 - BlankSpaceAnalyzer - INFO - -> Analyzing version 0.0.0-nightly-20241107.0 (528/1240)...
2025-10-31 21:39:02,487 - BlankSpaceAnalyzer - INFO - -> Analyzing version 0.0.0-nightly-20241108.0 (529/1240)...
2025-10-31 21:39:02,584 - BlankSpaceAnalyzer - INFO - -> Analyzing version 0.0.0-nightly-20241109.0 (530/1240)...
2025-10-31 21:39:02,688 - BlankSpaceAnalyzer - INFO - -> Analyzing version 0.0.0-nightly-20241110.0 (531/1240)...
2025-10-31 21:39:02,783 - BlankSpaceAnalyzer - INFO - -> Analyzing version 0.0.0-nightly-20241111.0 (532/1240)...
2025-10-31 21:39:02,879 - BlankSpaceAnalyzer - INFO - -> Analyzing version 0.0.0-nightly-20241112.0 (533/1240)...
2025-10-31 21:39:02,976 - BlankSpaceAnalyzer - INFO - -> Analyzing version 0.0.0-nightly-20241113.0 (534/1240)...
2025-10-31 21:39:03,072 - BlankSpaceAnalyzer - INFO - -> Analyzing version 0.0.0-nightly-20241114.0 (535/1240)...
2025-10-31 21:39:03,173 - BlankSpaceAnalyzer - INFO - -> Analyzing version 0.0.0-nightly-20241115.0 (536/1240)...
2025-10-31 21:39:03,274 - BlankSpaceAnalyzer - INFO - -> Analyzing version 0.0.0-nightly-20241116.0 (537/1240)...
2025-10-31 21:39:03,381 - BlankSpaceAnalyzer - INFO - -> Analyzing version 0.0.0-nightly-20241117.0 (538/1240)...
2025-10-31 21:39:03,486 - BlankSpaceAnalyzer - INFO - -> Analyzing version 0.0.0-nightly-20241118.0 (539/1240)...
2025-10-31 21:39:03,581 - BlankSpaceAnalyzer - INFO - -> Analyzing version 0.0.0-nightly-20241119.0 (540/1240)...
2025-10-31 21:39:03,678 - BlankSpaceAnalyzer - INFO - -> Analyzing version 0.0.0-nightly-20241120.0 (541/1240)...
2025-10-31 21:39:03,775 - BlankSpaceAnalyzer - INFO - -> Analyzing version 0.0.0-nightly-20241121.0 (542/1240)...
2025-10-31 21:39:03,869 - BlankSpaceAnalyzer - INFO - -> Analyzing version 0.0.0-nightly-20241122.0 (543/1240)...
2025-10-31 21:39:03,967 - BlankSpaceAnalyzer - INFO - -> Analyzing version 0.0.0-nightly-20241123.0 (544/1240)...
2025-10-31 21:39:04,063 - BlankSpaceAnalyzer - INFO - -> Analyzing version 0.0.0-nightly-20241124.0 (545/1240)...
2025-10-31 21:39:04,169 - BlankSpaceAnalyzer - INFO - -> Analyzing version 0.0.0-nightly-20241125.0 (546/1240)...
2025-10-31 21:39:04,266 - BlankSpaceAnalyzer - INFO - -> Analyzing version 0.0.0-nightly-20241126.0 (547/1240)...
2025-10-31 21:39:04,363 - BlankSpaceAnalyzer - INFO - -> Analyzing version 0.0.0-nightly-20241127.0 (548/1240)...
2025-10-31 21:39:04,467 - BlankSpaceAnalyzer - INFO - -> Analyzing version 0.0.0-nightly-20241128.0 (549/1240)...
2025-10-31 21:39:04,565 - BlankSpaceAnalyzer - INFO - -> Analyzing version 0.0.0-nightly-20241129.0 (550/1240)...
2025-10-31 21:39:04,663 - BlankSpaceAnalyzer - INFO - -> Analyzing version 0.0.0-nightly-20241130.0 (551/1240)...
2025-10-31 21:39:04,769 - BlankSpaceAnalyzer - INFO - -> Analyzing version 0.0.0-nightly-20241201.0 (552/1240)...
2025-10-31 21:39:04,866 - BlankSpaceAnalyzer - INFO - -> Analyzing version 0.0.0-nightly-20241202.0 (553/1240)...
2025-10-31 21:39:04,963 - BlankSpaceAnalyzer - INFO - -> Analyzing version 0.0.0-nightly-20241203.0 (554/1240)...
2025-10-31 21:39:05,069 - BlankSpaceAnalyzer - INFO - -> Analyzing version 0.0.0-nightly-20241204.0 (555/1240)...
2025-10-31 21:39:05,177 - BlankSpaceAnalyzer - INFO - -> Analyzing version 0.0.0-nightly-20241206.0 (556/1240)...
2025-10-31 21:39:05,285 - BlankSpaceAnalyzer - INFO - -> Analyzing version 0.0.0-nightly-20241207.0 (557/1240)...
2025-10-31 21:39:05,389 - BlankSpaceAnalyzer - INFO - -> Analyzing version 0.0.0-nightly-20241208.0 (558/1240)...
2025-10-31 21:39:05,487 - BlankSpaceAnalyzer - INFO - -> Analyzing version 0.0.0-nightly-20241209.0 (559/1240)...
2025-10-31 21:39:05,592 - BlankSpaceAnalyzer - INFO - -> Analyzing version 0.0.0-nightly-20241210.0 (560/1240)...
2025-10-31 21:39:05,690 - BlankSpaceAnalyzer - INFO - -> Analyzing version 0.0.0-nightly-20241211.0 (561/1240)...
2025-10-31 21:39:05,786 - BlankSpaceAnalyzer - INFO - -> Analyzing version 0.0.0-nightly-20241212.0 (562/1240)...
2025-10-31 21:39:05,882 - BlankSpaceAnalyzer - INFO - -> Analyzing version 0.0.0-nightly-20241213.0 (563/1240)...
2025-10-31 21:39:05,978 - BlankSpaceAnalyzer - INFO - -> Analyzing version 0.0.0-nightly-20241214.0 (564/1240)...
2025-10-31 21:39:06,083 - BlankSpaceAnalyzer - INFO - -> Analyzing version 0.0.0-nightly-20241215.0 (565/1240)...
2025-10-31 21:39:06,180 - BlankSpaceAnalyzer - INFO - -> Analyzing version 0.0.0-nightly-20241216.0 (566/1240)...
2025-10-31 21:39:06,285 - BlankSpaceAnalyzer - INFO - -> Analyzing version 0.0.0-nightly-20241217.0 (567/1240)...
2025-10-31 21:39:06,385 - BlankSpaceAnalyzer - INFO - -> Analyzing version 0.0.0-nightly-20241218.0 (568/1240)...
2025-10-31 21:39:06,484 - BlankSpaceAnalyzer - INFO - -> Analyzing version 0.0.0-nightly-20241219.0 (569/1240)...
2025-10-31 21:39:06,590 - BlankSpaceAnalyzer - INFO - -> Analyzing version 0.0.0-nightly-20241219.1 (570/1240)...
2025-10-31 21:39:06,690 - BlankSpaceAnalyzer - INFO - -> Analyzing version 0.0.0-nightly-20241219.2 (571/1240)...
2025-10-31 21:39:06,794 - BlankSpaceAnalyzer - INFO - -> Analyzing version 0.0.0-nightly-20241220.0 (572/1240)...
2025-10-31 21:39:06,894 - BlankSpaceAnalyzer - INFO - -> Analyzing version 0.0.0-nightly-20241221.0 (573/1240)...
2025-10-31 21:39:06,992 - BlankSpaceAnalyzer - INFO - -> Analyzing version 0.0.0-nightly-20241222.0 (574/1240)...
2025-10-31 21:39:07,090 - BlankSpaceAnalyzer - INFO - -> Analyzing version 0.0.0-nightly-20241223.0 (575/1240)...
2025-10-31 21:39:07,196 - BlankSpaceAnalyzer - INFO - -> Analyzing version 0.0.0-nightly-20241224.0 (576/1240)...
2025-10-31 21:39:07,301 - BlankSpaceAnalyzer - INFO - -> Analyzing version 0.0.0-nightly-20241225.0 (577/1240)...
2025-10-31 21:39:07,397 - BlankSpaceAnalyzer - INFO - -> Analyzing version 0.0.0-nightly-20241226.0 (578/1240)...
2025-10-31 21:39:07,495 - BlankSpaceAnalyzer - INFO - -> Analyzing version 0.0.0-nightly-20241227.0 (579/1240)...
2025-10-31 21:39:07,599 - BlankSpaceAnalyzer - INFO - -> Analyzing version 0.0.0-nightly-20241228.0 (580/1240)...
2025-10-31 21:39:07,697 - BlankSpaceAnalyzer - INFO - -> Analyzing version 0.0.0-nightly-20241229.0 (581/1240)...
2025-10-31 21:39:07,797 - BlankSpaceAnalyzer - INFO - -> Analyzing version 0.0.0-nightly-20241230.0 (582/1240)...
2025-10-31 21:39:07,899 - BlankSpaceAnalyzer - INFO - -> Analyzing version 0.0.0-nightly-20241231.0 (583/1240)...
2025-10-31 21:39:07,997 - BlankSpaceAnalyzer - INFO - -> Analyzing version 0.0.0-nightly-20250101.0 (584/1240)...
2025-10-31 21:39:08,093 - BlankSpaceAnalyzer - INFO - -> Analyzing version 0.0.0-nightly-20250102.0 (585/1240)...
2025-10-31 21:39:08,191 - BlankSpaceAnalyzer - INFO - -> Analyzing version 0.0.0-nightly-20250103.0 (586/1240)...
2025-10-31 21:39:08,288 - BlankSpaceAnalyzer - INFO - -> Analyzing version 0.0.0-nightly-20250104.0 (587/1240)...
2025-10-31 21:39:08,395 - BlankSpaceAnalyzer - INFO - -> Analyzing version 0.0.0-nightly-20250105.0 (588/1240)...
2025-10-31 21:39:08,493 - BlankSpaceAnalyzer - INFO - -> Analyzing version 0.0.0-nightly-20250106.0 (589/1240)...
2025-10-31 21:39:08,590 - BlankSpaceAnalyzer - INFO - -> Analyzing version 0.0.0-nightly-20250107.0 (590/1240)...
2025-10-31 21:39:08,687 - BlankSpaceAnalyzer - INFO - -> Analyzing version 0.0.0-nightly-20250108.0 (591/1240)...
2025-10-31 21:39:08,785 - BlankSpaceAnalyzer - INFO - -> Analyzing version 0.0.0-nightly-20250109.0 (592/1240)...
2025-10-31 21:39:08,882 - BlankSpaceAnalyzer - INFO - -> Analyzing version 0.0.0-nightly-20250110.0 (593/1240)...
2025-10-31 21:39:08,988 - BlankSpaceAnalyzer - INFO - -> Analyzing version 0.0.0-nightly-20250111.0 (594/1240)...
2025-10-31 21:39:09,088 - BlankSpaceAnalyzer - INFO - -> Analyzing version 0.0.0-nightly-20250113.0 (595/1240)...
2025-10-31 21:39:09,187 - BlankSpaceAnalyzer - INFO - -> Analyzing version 0.0.0-nightly-20250114.0 (596/1240)...
2025-10-31 21:39:09,296 - BlankSpaceAnalyzer - INFO - -> Analyzing version 0.0.0-nightly-20250115.0 (597/1240)...
2025-10-31 21:39:09,394 - BlankSpaceAnalyzer - INFO - -> Analyzing version 0.0.0-nightly-20250116.0 (598/1240)...
2025-10-31 21:39:09,492 - BlankSpaceAnalyzer - INFO - -> Analyzing version 0.0.0-nightly-20250117.0 (599/1240)...
2025-10-31 21:39:09,599 - BlankSpaceAnalyzer - INFO - -> Analyzing version 0.0.0-nightly-20250118.0 (600/1240)...
2025-10-31 21:39:09,696 - BlankSpaceAnalyzer - INFO - -> Analyzing version 0.0.0-nightly-20250119.0 (601/1240)...
2025-10-31 21:39:09,792 - BlankSpaceAnalyzer - INFO - -> Analyzing version 0.0.0-nightly-20250120.0 (602/1240)...
2025-10-31 21:39:09,895 - BlankSpaceAnalyzer - INFO - -> Analyzing version 0.0.0-nightly-20250121.0 (603/1240)...
2025-10-31 21:39:09,998 - BlankSpaceAnalyzer - INFO - -> Analyzing version 0.0.0-nightly-20250122.0 (604/1240)...
2025-10-31 21:39:10,096 - BlankSpaceAnalyzer - INFO - -> Analyzing version 0.0.0-nightly-20250123.0 (605/1240)...
2025-10-31 21:39:10,194 - BlankSpaceAnalyzer - INFO - -> Analyzing version 0.0.0-nightly-20250124.0 (606/1240)...
2025-10-31 21:39:10,292 - BlankSpaceAnalyzer - INFO - -> Analyzing version 0.0.0-nightly-20250125.0 (607/1240)...
2025-10-31 21:39:10,390 - BlankSpaceAnalyzer - INFO - -> Analyzing version 0.0.0-nightly-20250126.0 (608/1240)...
2025-10-31 21:39:10,493 - BlankSpaceAnalyzer - INFO - -> Analyzing version 0.0.0-nightly-20250127.0 (609/1240)...
2025-10-31 21:39:10,599 - BlankSpaceAnalyzer - INFO - -> Analyzing version 0.0.0-nightly-20250129.0 (610/1240)...
2025-10-31 21:39:10,698 - BlankSpaceAnalyzer - INFO - -> Analyzing version 0.0.0-nightly-20250129.1 (611/1240)...
2025-10-31 21:39:10,796 - BlankSpaceAnalyzer - INFO - -> Analyzing version 0.0.0-nightly-20250130.0 (612/1240)...
2025-10-31 21:39:10,893 - BlankSpaceAnalyzer - INFO - -> Analyzing version 0.0.0-nightly-20250131.0 (613/1240)...
2025-10-31 21:39:10,992 - BlankSpaceAnalyzer - INFO - -> Analyzing version 0.0.0-nightly-20250201.0 (614/1240)...
2025-10-31 21:39:11,097 - BlankSpaceAnalyzer - INFO - -> Analyzing version 0.0.0-nightly-20250202.0 (615/1240)...
2025-10-31 21:39:11,197 - BlankSpaceAnalyzer - INFO - -> Analyzing version 0.0.0-nightly-20250203.0 (616/1240)...
2025-10-31 21:39:11,304 - BlankSpaceAnalyzer - INFO - -> Analyzing version 0.0.0-nightly-20250204.0 (617/1240)...
2025-10-31 21:39:11,408 - BlankSpaceAnalyzer - INFO - -> Analyzing version 0.0.0-nightly-20250205.0 (618/1240)...
2025-10-31 21:39:11,507 - BlankSpaceAnalyzer - INFO - -> Analyzing version 0.0.0-nightly-20250206.0 (619/1240)...
2025-10-31 21:39:11,610 - BlankSpaceAnalyzer - INFO - -> Analyzing version 0.0.0-nightly-20250207.0 (620/1240)...
2025-10-31 21:39:11,708 - BlankSpaceAnalyzer - INFO - -> Analyzing version 0.0.0-nightly-20250208.0 (621/1240)...
2025-10-31 21:39:11,814 - BlankSpaceAnalyzer - INFO - -> Analyzing version 0.0.0-nightly-20250209.0 (622/1240)...
2025-10-31 21:39:11,912 - BlankSpaceAnalyzer - INFO - -> Analyzing version 0.0.0-nightly-20250210.0 (623/1240)...
2025-10-31 21:39:12,014 - BlankSpaceAnalyzer - INFO - -> Analyzing version 0.0.0-nightly-20250211.0 (624/1240)...
2025-10-31 21:39:12,114 - BlankSpaceAnalyzer - INFO - -> Analyzing version 0.0.0-nightly-20250212.0 (625/1240)...
2025-10-31 21:39:12,212 - BlankSpaceAnalyzer - INFO - -> Analyzing version 0.0.0-nightly-20250213.0 (626/1240)...
2025-10-31 21:39:12,310 - BlankSpaceAnalyzer - INFO - -> Analyzing version 0.0.0-nightly-20250214.0 (627/1240)...
2025-10-31 21:39:12,410 - BlankSpaceAnalyzer - INFO - -> Analyzing version 0.0.0-nightly-20250215.0 (628/1240)...
2025-10-31 21:39:12,509 - BlankSpaceAnalyzer - INFO - -> Analyzing version 0.0.0-nightly-20250216.0 (629/1240)...
2025-10-31 21:39:12,611 - BlankSpaceAnalyzer - INFO - -> Analyzing version 0.0.0-nightly-20250217.0 (630/1240)...
2025-10-31 21:39:12,713 - BlankSpaceAnalyzer - INFO - -> Analyzing version 0.0.0-nightly-20250218.0 (631/1240)...
2025-10-31 21:39:12,812 - BlankSpaceAnalyzer - INFO - -> Analyzing version 0.0.0-nightly-20250219.0 (632/1240)...
2025-10-31 21:39:12,914 - BlankSpaceAnalyzer - INFO - -> Analyzing version 0.0.0-nightly-20250220.0 (633/1240)...
2025-10-31 21:39:13,013 - BlankSpaceAnalyzer - INFO - -> Analyzing version 0.0.0-nightly-20250221.0 (634/1240)...
2025-10-31 21:39:13,116 - BlankSpaceAnalyzer - INFO - -> Analyzing version 0.0.0-nightly-20250222.0 (635/1240)...
2025-10-31 21:39:13,220 - BlankSpaceAnalyzer - INFO - -> Analyzing version 0.0.0-nightly-20250223.0 (636/1240)...
2025-10-31 21:39:13,326 - BlankSpaceAnalyzer - INFO - -> Analyzing version 0.0.0-nightly-20250224.0 (637/1240)...
2025-10-31 21:39:13,432 - BlankSpaceAnalyzer - INFO - -> Analyzing version 0.0.0-nightly-20250225.0 (638/1240)...
2025-10-31 21:39:13,534 - BlankSpaceAnalyzer - INFO - -> Analyzing version 0.0.0-nightly-20250226.0 (639/1240)...
2025-10-31 21:39:13,639 - BlankSpaceAnalyzer - INFO - -> Analyzing version 0.0.0-nightly-20250227.0 (640/1240)...
2025-10-31 21:39:13,747 - BlankSpaceAnalyzer - INFO - -> Analyzing version 0.0.0-nightly-20250228.0 (641/1240)...
2025-10-31 21:39:13,854 - BlankSpaceAnalyzer - INFO - -> Analyzing version 0.0.0-nightly-20250301.0 (642/1240)...
2025-10-31 21:39:13,955 - BlankSpaceAnalyzer - INFO - -> Analyzing version 0.0.0-nightly-20250302.0 (643/1240)...
2025-10-31 21:39:14,064 - BlankSpaceAnalyzer - INFO - -> Analyzing version 0.0.0-nightly-20250303.0 (644/1240)...
2025-10-31 21:39:14,172 - BlankSpaceAnalyzer - INFO - -> Analyzing version 0.0.0-nightly-20250304.0 (645/1240)...
2025-10-31 21:39:14,276 - BlankSpaceAnalyzer - INFO - -> Analyzing version 0.0.0-nightly-20250305.0 (646/1240)...
2025-10-31 21:39:14,383 - BlankSpaceAnalyzer - INFO - -> Analyzing version 0.0.0-nightly-20250306.0 (647/1240)...
2025-10-31 21:39:14,490 - BlankSpaceAnalyzer - INFO - -> Analyzing version 0.0.0-nightly-20250307.0 (648/1240)...
2025-10-31 21:39:14,592 - BlankSpaceAnalyzer - INFO - -> Analyzing version 0.0.0-nightly-20250308.0 (649/1240)...
2025-10-31 21:39:14,692 - BlankSpaceAnalyzer - INFO - -> Analyzing version 0.0.0-nightly-20250309.0 (650/1240)...
2025-10-31 21:39:14,795 - BlankSpaceAnalyzer - INFO - -> Analyzing version 0.0.0-nightly-20250310.0 (651/1240)...
2025-10-31 21:39:14,894 - BlankSpaceAnalyzer - INFO - -> Analyzing version 0.0.0-nightly-20250311.0 (652/1240)...
2025-10-31 21:39:14,997 - BlankSpaceAnalyzer - INFO - -> Analyzing version 0.0.0-nightly-20250312.0 (653/1240)...
2025-10-31 21:39:15,104 - BlankSpaceAnalyzer - INFO - -> Analyzing version 0.0.0-nightly-20250313.0 (654/1240)...
2025-10-31 21:39:15,209 - BlankSpaceAnalyzer - INFO - -> Analyzing version 0.0.0-nightly-20250314.0 (655/1240)...
2025-10-31 21:39:15,311 - BlankSpaceAnalyzer - INFO - -> Analyzing version 0.0.0-nightly-20250315.0 (656/1240)...
2025-10-31 21:39:15,412 - BlankSpaceAnalyzer - INFO - -> Analyzing version 0.0.0-nightly-20250316.0 (657/1240)...
2025-10-31 21:39:15,514 - BlankSpaceAnalyzer - INFO - -> Analyzing version 0.0.0-nightly-20250317.0 (658/1240)...
2025-10-31 21:39:15,617 - BlankSpaceAnalyzer - INFO - -> Analyzing version 0.0.0-nightly-20250318.0 (659/1240)...
2025-10-31 21:39:15,723 - BlankSpaceAnalyzer - INFO - -> Analyzing version 0.0.0-nightly-20250319.0 (660/1240)...
2025-10-31 21:39:15,828 - BlankSpaceAnalyzer - INFO - -> Analyzing version 0.0.0-nightly-20250320.0 (661/1240)...
2025-10-31 21:39:15,931 - BlankSpaceAnalyzer - INFO - -> Analyzing version 0.0.0-nightly-20250321.0 (662/1240)...
2025-10-31 21:39:16,035 - BlankSpaceAnalyzer - INFO - -> Analyzing version 0.0.0-nightly-20250322.0 (663/1240)...
2025-10-31 21:39:16,135 - BlankSpaceAnalyzer - INFO - -> Analyzing version 0.0.0-nightly-20250323.0 (664/1240)...
2025-10-31 21:39:16,241 - BlankSpaceAnalyzer - INFO - -> Analyzing version 0.0.0-nightly-20250324.0 (665/1240)...
2025-10-31 21:39:16,351 - BlankSpaceAnalyzer - INFO - -> Analyzing version 0.0.0-nightly-20250325.0 (666/1240)...
2025-10-31 21:39:16,459 - BlankSpaceAnalyzer - INFO - -> Analyzing version 0.0.0-nightly-20250326.0 (667/1240)...
2025-10-31 21:39:16,569 - BlankSpaceAnalyzer - INFO - -> Analyzing version 0.0.0-nightly-20250326.1 (668/1240)...
2025-10-31 21:39:16,670 - BlankSpaceAnalyzer - INFO - -> Analyzing version 0.0.0-nightly-20250326.2 (669/1240)...
2025-10-31 21:39:16,781 - BlankSpaceAnalyzer - INFO - -> Analyzing version 0.0.0-nightly-20250327.0 (670/1240)...
2025-10-31 21:39:16,884 - BlankSpaceAnalyzer - INFO - -> Analyzing version 0.0.0-nightly-20250328.0 (671/1240)...
2025-10-31 21:39:16,985 - BlankSpaceAnalyzer - INFO - -> Analyzing version 0.0.0-nightly-20250329.0 (672/1240)...
2025-10-31 21:39:17,085 - BlankSpaceAnalyzer - INFO - -> Analyzing version 0.0.0-nightly-20250330.0 (673/1240)...
2025-10-31 21:39:17,188 - BlankSpaceAnalyzer - INFO - -> Analyzing version 0.0.0-nightly-20250331.0 (674/1240)...
2025-10-31 21:39:17,289 - BlankSpaceAnalyzer - INFO - -> Analyzing version 0.0.0-nightly-20250401.0 (675/1240)...
2025-10-31 21:39:17,392 - BlankSpaceAnalyzer - INFO - -> Analyzing version 0.0.0-nightly-20250402.0 (676/1240)...
2025-10-31 21:39:17,493 - BlankSpaceAnalyzer - INFO - -> Analyzing version 0.0.0-nightly-20250403.0 (677/1240)...
2025-10-31 21:39:17,600 - BlankSpaceAnalyzer - INFO - -> Analyzing version 0.0.0-nightly-20250404.0 (678/1240)...
2025-10-31 21:39:17,700 - BlankSpaceAnalyzer - INFO - -> Analyzing version 0.0.0-nightly-20250405.0 (679/1240)...
2025-10-31 21:39:17,805 - BlankSpaceAnalyzer - INFO - -> Analyzing version 0.0.0-nightly-20250406.0 (680/1240)...
2025-10-31 21:39:17,910 - BlankSpaceAnalyzer - INFO - -> Analyzing version 0.0.0-nightly-20250407.0 (681/1240)...
2025-10-31 21:39:18,011 - BlankSpaceAnalyzer - INFO - -> Analyzing version 0.0.0-nightly-20250408.0 (682/1240)...
2025-10-31 21:39:18,113 - BlankSpaceAnalyzer - INFO - -> Analyzing version 0.0.0-nightly-20250409.0 (683/1240)...
2025-10-31 21:39:18,214 - BlankSpaceAnalyzer - INFO - -> Analyzing version 0.0.0-nightly-20250410.0 (684/1240)...
2025-10-31 21:39:18,318 - BlankSpaceAnalyzer - INFO - -> Analyzing version 0.0.0-nightly-20250412.0 (685/1240)...
2025-10-31 21:39:18,431 - BlankSpaceAnalyzer - INFO - -> Analyzing version 0.0.0-nightly-20250413.0 (686/1240)...
2025-10-31 21:39:18,533 - BlankSpaceAnalyzer - INFO - -> Analyzing version 0.0.0-nightly-20250414.0 (687/1240)...
2025-10-31 21:39:18,639 - BlankSpaceAnalyzer - INFO - -> Analyzing version 0.0.0-nightly-20250416.0 (688/1240)...
2025-10-31 21:39:18,748 - BlankSpaceAnalyzer - INFO - -> Analyzing version 0.0.0-nightly-20250417.0 (689/1240)...
2025-10-31 21:39:18,857 - BlankSpaceAnalyzer - INFO - -> Analyzing version 0.0.0-nightly-20250418.0 (690/1240)...
2025-10-31 21:39:18,966 - BlankSpaceAnalyzer - INFO - -> Analyzing version 0.0.0-nightly-20250419.0 (691/1240)...
2025-10-31 21:39:19,067 - BlankSpaceAnalyzer - INFO - -> Analyzing version 0.0.0-nightly-20250420.0 (692/1240)...
2025-10-31 21:39:19,175 - BlankSpaceAnalyzer - INFO - -> Analyzing version 0.0.0-nightly-20250421.0 (693/1240)...
2025-10-31 21:39:19,286 - BlankSpaceAnalyzer - INFO - -> Analyzing version 0.0.0-nightly-20250422.0 (694/1240)...
2025-10-31 21:39:19,387 - BlankSpaceAnalyzer - INFO - -> Analyzing version 0.0.0-nightly-20250423.0 (695/1240)...
2025-10-31 21:39:19,489 - BlankSpaceAnalyzer - INFO - -> Analyzing version 0.0.0-nightly-20250424.0 (696/1240)...
2025-10-31 21:39:19,591 - BlankSpaceAnalyzer - INFO - -> Analyzing version 0.0.0-nightly-20250425.0 (697/1240)...
2025-10-31 21:39:19,700 - BlankSpaceAnalyzer - INFO - -> Analyzing version 0.0.0-nightly-20250426.0 (698/1240)...
2025-10-31 21:39:19,802 - BlankSpaceAnalyzer - INFO - -> Analyzing version 0.0.0-nightly-20250427.0 (699/1240)...
2025-10-31 21:39:19,904 - BlankSpaceAnalyzer - INFO - -> Analyzing version 0.0.0-nightly-20250428.0 (700/1240)...
2025-10-31 21:39:20,006 - BlankSpaceAnalyzer - INFO - -> Analyzing version 0.0.0-nightly-20250429.0 (701/1240)...
2025-10-31 21:39:20,107 - BlankSpaceAnalyzer - INFO - -> Analyzing version 0.0.0-nightly-20250501.0 (702/1240)...
2025-10-31 21:39:20,209 - BlankSpaceAnalyzer - INFO - -> Analyzing version 0.0.0-nightly-20250502.0 (703/1240)...
2025-10-31 21:39:20,315 - BlankSpaceAnalyzer - INFO - -> Analyzing version 0.0.0-nightly-20250503.0 (704/1240)...
2025-10-31 21:39:20,428 - BlankSpaceAnalyzer - INFO - -> Analyzing version 0.0.0-nightly-20250504.0 (705/1240)...
2025-10-31 21:39:20,533 - BlankSpaceAnalyzer - INFO - -> Analyzing version 0.0.0-nightly-20250505.0 (706/1240)...
2025-10-31 21:39:20,645 - BlankSpaceAnalyzer - INFO - -> Analyzing version 0.0.0-nightly-20250506.0 (707/1240)...
2025-10-31 21:39:20,755 - BlankSpaceAnalyzer - INFO - -> Analyzing version 0.0.0-nightly-20250507.0 (708/1240)...
2025-10-31 21:39:20,863 - BlankSpaceAnalyzer - INFO - -> Analyzing version 0.0.0-nightly-20250508.0 (709/1240)...
2025-10-31 21:39:20,979 - BlankSpaceAnalyzer - INFO - -> Analyzing version 0.0.0-nightly-20250509.0 (710/1240)...
2025-10-31 21:39:21,081 - BlankSpaceAnalyzer - INFO - -> Analyzing version 0.0.0-nightly-20250510.0 (711/1240)...
2025-10-31 21:39:21,187 - BlankSpaceAnalyzer - INFO - -> Analyzing version 0.0.0-nightly-20250511.0 (712/1240)...
2025-10-31 21:39:21,291 - BlankSpaceAnalyzer - INFO - -> Analyzing version 0.0.0-nightly-20250512.0 (713/1240)...
2025-10-31 21:39:21,394 - BlankSpaceAnalyzer - INFO - -> Analyzing version 0.0.0-nightly-20250513.0 (714/1240)...
2025-10-31 21:39:21,497 - BlankSpaceAnalyzer - INFO - -> Analyzing version 0.0.0-nightly-20250514.0 (715/1240)...
2025-10-31 21:39:21,603 - BlankSpaceAnalyzer - INFO - -> Analyzing version 0.0.0-nightly-20250515.0 (716/1240)...
2025-10-31 21:39:21,712 - BlankSpaceAnalyzer - INFO - -> Analyzing version 0.0.0-nightly-20250516.0 (717/1240)...
2025-10-31 21:39:21,824 - BlankSpaceAnalyzer - INFO - -> Analyzing version 0.0.0-nightly-20250517.0 (718/1240)...
2025-10-31 21:39:21,928 - BlankSpaceAnalyzer - INFO - -> Analyzing version 0.0.0-nightly-20250518.0 (719/1240)...
2025-10-31 21:39:22,031 - BlankSpaceAnalyzer - INFO - -> Analyzing version 0.0.0-nightly-20250519.0 (720/1240)...
2025-10-31 21:39:22,142 - BlankSpaceAnalyzer - INFO - -> Analyzing version 0.0.0-nightly-20250520.0 (721/1240)...
2025-10-31 21:39:22,246 - BlankSpaceAnalyzer - INFO - -> Analyzing version 0.0.0-nightly-20250521.0 (722/1240)...
2025-10-31 21:39:22,356 - BlankSpaceAnalyzer - INFO - -> Analyzing version 0.0.0-nightly-20250522.0 (723/1240)...
2025-10-31 21:39:22,460 - BlankSpaceAnalyzer - INFO - -> Analyzing version 0.0.0-nightly-20250523.0 (724/1240)...
2025-10-31 21:39:22,568 - BlankSpaceAnalyzer - INFO - -> Analyzing version 0.0.0-nightly-20250524.0 (725/1240)...
2025-10-31 21:39:22,670 - BlankSpaceAnalyzer - INFO - -> Analyzing version 0.0.0-nightly-20250525.0 (726/1240)...
2025-10-31 21:39:22,774 - BlankSpaceAnalyzer - INFO - -> Analyzing version 0.0.0-nightly-20250526.0 (727/1240)...
2025-10-31 21:39:22,877 - BlankSpaceAnalyzer - INFO - -> Analyzing version 0.0.0-nightly-20250527.0 (728/1240)...
2025-10-31 21:39:22,988 - BlankSpaceAnalyzer - INFO - -> Analyzing version 0.0.0-nightly-20250528.0 (729/1240)...
2025-10-31 21:39:23,098 - BlankSpaceAnalyzer - INFO - -> Analyzing version 0.0.0-nightly-20250529.0 (730/1240)...
2025-10-31 21:39:23,199 - BlankSpaceAnalyzer - INFO - -> Analyzing version 0.0.0-nightly-20250530.0 (731/1240)...
2025-10-31 21:39:23,308 - BlankSpaceAnalyzer - INFO - -> Analyzing version 0.0.0-nightly-20250531.0 (732/1240)...
2025-10-31 21:39:23,410 - BlankSpaceAnalyzer - INFO - -> Analyzing version 0.0.0-nightly-20250601.0 (733/1240)...
2025-10-31 21:39:23,512 - BlankSpaceAnalyzer - INFO - -> Analyzing version 0.0.0-nightly-20250602.0 (734/1240)...
2025-10-31 21:39:23,614 - BlankSpaceAnalyzer - INFO - -> Analyzing version 0.0.0-nightly-20250603.0 (735/1240)...
2025-10-31 21:39:23,717 - BlankSpaceAnalyzer - INFO - -> Analyzing version 0.0.0-nightly-20250604.0 (736/1240)...
2025-10-31 21:39:23,819 - BlankSpaceAnalyzer - INFO - -> Analyzing version 0.0.0-nightly-20250605.0 (737/1240)...
2025-10-31 21:39:23,921 - BlankSpaceAnalyzer - INFO - -> Analyzing version 0.0.0-nightly-20250606.0 (738/1240)...
2025-10-31 21:39:24,023 - BlankSpaceAnalyzer - INFO - -> Analyzing version 0.0.0-nightly-20250607.0 (739/1240)...
2025-10-31 21:39:24,126 - BlankSpaceAnalyzer - INFO - -> Analyzing version 0.0.0-nightly-20250608.0 (740/1240)...
2025-10-31 21:39:24,228 - BlankSpaceAnalyzer - INFO - -> Analyzing version 0.0.0-nightly-20250609.0 (741/1240)...
2025-10-31 21:39:24,333 - BlankSpaceAnalyzer - INFO - -> Analyzing version 0.0.0-nightly-20250610.0 (742/1240)...
2025-10-31 21:39:24,442 - BlankSpaceAnalyzer - INFO - -> Analyzing version 0.0.0-nightly-20250611.0 (743/1240)...
2025-10-31 21:39:24,553 - BlankSpaceAnalyzer - INFO - -> Analyzing version 0.0.0-nightly-20250613.0 (744/1240)...
2025-10-31 21:39:24,658 - BlankSpaceAnalyzer - INFO - -> Analyzing version 0.0.0-nightly-20250614.0 (745/1240)...
2025-10-31 21:39:24,761 - BlankSpaceAnalyzer - INFO - -> Analyzing version 0.0.0-nightly-20250615.0 (746/1240)...
2025-10-31 21:39:24,868 - BlankSpaceAnalyzer - INFO - -> Analyzing version 0.0.0-nightly-20250616.0 (747/1240)...
2025-10-31 21:39:24,970 - BlankSpaceAnalyzer - INFO - -> Analyzing version 0.0.0-nightly-20250617.0 (748/1240)...
2025-10-31 21:39:25,074 - BlankSpaceAnalyzer - INFO - -> Analyzing version 0.0.0-nightly-20250618.0 (749/1240)...
2025-10-31 21:39:25,178 - BlankSpaceAnalyzer - INFO - -> Analyzing version 0.0.0-nightly-20250619.0 (750/1240)...
2025-10-31 21:39:25,281 - BlankSpaceAnalyzer - INFO - -> Analyzing version 0.0.0-nightly-20250620.0 (751/1240)...
2025-10-31 21:39:25,385 - BlankSpaceAnalyzer - INFO - -> Analyzing version 0.0.0-nightly-20250621.0 (752/1240)...
2025-10-31 21:39:25,488 - BlankSpaceAnalyzer - INFO - -> Analyzing version 0.0.0-nightly-20250622.0 (753/1240)...
2025-10-31 21:39:25,591 - BlankSpaceAnalyzer - INFO - -> Analyzing version 0.0.0-nightly-20250623.0 (754/1240)...
2025-10-31 21:39:25,696 - BlankSpaceAnalyzer - INFO - -> Analyzing version 0.0.0-nightly-20250624.0 (755/1240)...
2025-10-31 21:39:25,808 - BlankSpaceAnalyzer - INFO - -> Analyzing version 0.0.0-nightly-20250625.0 (756/1240)...
2025-10-31 21:39:25,919 - BlankSpaceAnalyzer - INFO - -> Analyzing version 0.0.0-nightly-20250626.0 (757/1240)...
2025-10-31 21:39:26,026 - BlankSpaceAnalyzer - INFO - -> Analyzing version 0.0.0-nightly-20250627.0 (758/1240)...
2025-10-31 21:39:26,133 - BlankSpaceAnalyzer - INFO - -> Analyzing version 0.0.0-nightly-20250628.0 (759/1240)...
2025-10-31 21:39:26,246 - BlankSpaceAnalyzer - INFO - -> Analyzing version 0.0.0-nightly-20250629.0 (760/1240)...
2025-10-31 21:39:26,355 - BlankSpaceAnalyzer - INFO - -> Analyzing version 0.0.0-nightly-20250630.0 (761/1240)...
2025-10-31 21:39:26,466 - BlankSpaceAnalyzer - INFO - -> Analyzing version 0.0.0-nightly-20250701.0 (762/1240)...
2025-10-31 21:39:26,568 - BlankSpaceAnalyzer - INFO - -> Analyzing version 0.0.0-nightly-20250701.1 (763/1240)...
2025-10-31 21:39:26,676 - BlankSpaceAnalyzer - INFO - -> Analyzing version 0.0.0-nightly-20250702.0 (764/1240)...
2025-10-31 21:39:26,787 - BlankSpaceAnalyzer - INFO - -> Analyzing version 0.0.0-nightly-20250703.0 (765/1240)...
2025-10-31 21:39:26,893 - BlankSpaceAnalyzer - INFO - -> Analyzing version 0.0.0-nightly-20250704.0 (766/1240)...
2025-10-31 21:39:26,998 - BlankSpaceAnalyzer - INFO - -> Analyzing version 0.0.0-nightly-20250705.0 (767/1240)...
2025-10-31 21:39:27,211 - BlankSpaceAnalyzer - INFO - -> Analyzing version 0.0.0-nightly-20250706.0 (768/1240)...
2025-10-31 21:39:27,313 - BlankSpaceAnalyzer - INFO - -> Analyzing version 0.0.0-nightly-20250707.0 (769/1240)...
2025-10-31 21:39:27,420 - BlankSpaceAnalyzer - INFO - -> Analyzing version 0.0.0-nightly-20250709.0 (770/1240)...
2025-10-31 21:39:27,527 - BlankSpaceAnalyzer - INFO - -> Analyzing version 0.0.0-nightly-20250710.0 (771/1240)...
2025-10-31 21:39:27,635 - BlankSpaceAnalyzer - INFO - -> Analyzing version 0.0.0-nightly-20250711.0 (772/1240)...
2025-10-31 21:39:27,741 - BlankSpaceAnalyzer - INFO - -> Analyzing version 0.0.0-nightly-20250712.0 (773/1240)...
2025-10-31 21:39:27,850 - BlankSpaceAnalyzer - INFO - -> Analyzing version 0.0.0-nightly-20250713.0 (774/1240)...
2025-10-31 21:39:27,961 - BlankSpaceAnalyzer - INFO - -> Analyzing version 0.0.0-nightly-20250714.0 (775/1240)...
2025-10-31 21:39:28,066 - BlankSpaceAnalyzer - INFO - -> Analyzing version 0.0.0-nightly-20250715.0 (776/1240)...
2025-10-31 21:39:28,179 - BlankSpaceAnalyzer - INFO - -> Analyzing version 0.0.0-nightly-20250716.0 (777/1240)...
2025-10-31 21:39:28,290 - BlankSpaceAnalyzer - INFO - -> Analyzing version 0.0.0-nightly-20250717.0 (778/1240)...
2025-10-31 21:39:28,397 - BlankSpaceAnalyzer - INFO - -> Analyzing version 0.0.0-nightly-20250718.0 (779/1240)...
2025-10-31 21:39:28,508 - BlankSpaceAnalyzer - INFO - -> Analyzing version 0.0.0-nightly-20250719.0 (780/1240)...
2025-10-31 21:39:28,620 - BlankSpaceAnalyzer - INFO - -> Analyzing version 0.0.0-nightly-20250720.0 (781/1240)...
2025-10-31 21:39:28,724 - BlankSpaceAnalyzer - INFO - -> Analyzing version 0.0.0-nightly-20250721.0 (782/1240)...
2025-10-31 21:39:28,828 - BlankSpaceAnalyzer - INFO - -> Analyzing version 0.0.0-nightly-20250722.0 (783/1240)...
2025-10-31 21:39:28,931 - BlankSpaceAnalyzer - INFO - -> Analyzing version 0.0.0-nightly-20250723.0 (784/1240)...
2025-10-31 21:39:29,035 - BlankSpaceAnalyzer - INFO - -> Analyzing version 0.0.0-nightly-20250724.0 (785/1240)...
2025-10-31 21:39:29,137 - BlankSpaceAnalyzer - INFO - -> Analyzing version 0.0.0-nightly-20250726.0 (786/1240)...
2025-10-31 21:39:29,243 - BlankSpaceAnalyzer - INFO - -> Analyzing version 0.0.0-nightly-20250727.0 (787/1240)...
2025-10-31 21:39:29,350 - BlankSpaceAnalyzer - INFO - -> Analyzing version 0.0.0-nightly-20250728.0 (788/1240)...
2025-10-31 21:39:29,450 - BlankSpaceAnalyzer - INFO - -> Analyzing version 0.0.0-nightly-20250729.0 (789/1240)...
2025-10-31 21:39:29,563 - BlankSpaceAnalyzer - INFO - -> Analyzing version 0.0.0-nightly-20250730.0 (790/1240)...
2025-10-31 21:39:29,682 - BlankSpaceAnalyzer - INFO - -> Analyzing version 0.0.0-nightly-20250731.0 (791/1240)...
2025-10-31 21:39:29,785 - BlankSpaceAnalyzer - INFO - -> Analyzing version 0.0.0-nightly-20250801.0 (792/1240)...
2025-10-31 21:39:29,888 - BlankSpaceAnalyzer - INFO - -> Analyzing version 0.0.0-nightly-20250802.0 (793/1240)...
2025-10-31 21:39:29,994 - BlankSpaceAnalyzer - INFO - -> Analyzing version 0.0.0-nightly-20250803.0 (794/1240)...
2025-10-31 21:39:30,107 - BlankSpaceAnalyzer - INFO - -> Analyzing version 0.0.0-nightly-20250804.0 (795/1240)...
2025-10-31 21:39:30,219 - BlankSpaceAnalyzer - INFO - -> Analyzing version 0.0.0-nightly-20250805.0 (796/1240)...
2025-10-31 21:39:30,331 - BlankSpaceAnalyzer - INFO - -> Analyzing version 0.0.0-nightly-20250805.1 (797/1240)...
2025-10-31 21:39:30,438 - BlankSpaceAnalyzer - INFO - -> Analyzing version 0.0.0-nightly-20250806.0 (798/1240)...
2025-10-31 21:39:30,549 - BlankSpaceAnalyzer - INFO - -> Analyzing version 0.0.0-nightly-20250807.0 (799/1240)...
2025-10-31 21:39:30,653 - BlankSpaceAnalyzer - INFO - -> Analyzing version 0.0.0-nightly-20250808.0 (800/1240)...
2025-10-31 21:39:30,759 - BlankSpaceAnalyzer - INFO - -> Analyzing version 0.0.0-nightly-20250809.0 (801/1240)...
2025-10-31 21:39:30,863 - BlankSpaceAnalyzer - INFO - -> Analyzing version 0.0.0-nightly-20250810.0 (802/1240)...
2025-10-31 21:39:30,975 - BlankSpaceAnalyzer - INFO - -> Analyzing version 0.0.0-nightly-20250811.0 (803/1240)...
2025-10-31 21:39:31,077 - BlankSpaceAnalyzer - INFO - -> Analyzing version 0.0.0-nightly-20250812.0 (804/1240)...
2025-10-31 21:39:31,189 - BlankSpaceAnalyzer - INFO - -> Analyzing version 0.0.0-nightly-20250813.0 (805/1240)...
2025-10-31 21:39:31,292 - BlankSpaceAnalyzer - INFO - -> Analyzing version 0.0.0-nightly-20250814.0 (806/1240)...
2025-10-31 21:39:31,399 - BlankSpaceAnalyzer - INFO - -> Analyzing version 0.0.0-nightly-20250815.0 (807/1240)...
2025-10-31 21:39:31,508 - BlankSpaceAnalyzer - INFO - -> Analyzing version 0.0.0-nightly-20250816.0 (808/1240)...
2025-10-31 21:39:31,613 - BlankSpaceAnalyzer - INFO - -> Analyzing version 0.0.0-nightly-20250817.0 (809/1240)...
2025-10-31 21:39:31,717 - BlankSpaceAnalyzer - INFO - -> Analyzing version 0.0.0-nightly-20250818.0 (810/1240)...
2025-10-31 21:39:31,821 - BlankSpaceAnalyzer - INFO - -> Analyzing version 0.0.0-nightly-20250819.0 (811/1240)...
2025-10-31 21:39:31,931 - BlankSpaceAnalyzer - INFO - -> Analyzing version 0.0.0-nightly-20250820.0 (812/1240)...
2025-10-31 21:39:32,044 - BlankSpaceAnalyzer - INFO - -> Analyzing version 0.0.0-nightly-20250821.0 (813/1240)...
2025-10-31 21:39:32,154 - BlankSpaceAnalyzer - INFO - -> Analyzing version 0.0.0-nightly-20250822.0 (814/1240)...
2025-10-31 21:39:32,265 - BlankSpaceAnalyzer - INFO - -> Analyzing version 0.0.0-nightly-20250824.0 (815/1240)...
2025-10-31 21:39:32,368 - BlankSpaceAnalyzer - INFO - -> Analyzing version 0.0.0-nightly-20250825.0 (816/1240)...
2025-10-31 21:39:32,480 - BlankSpaceAnalyzer - INFO - -> Analyzing version 0.0.0-nightly-20250826.0 (817/1240)...
2025-10-31 21:39:32,594 - BlankSpaceAnalyzer - INFO - -> Analyzing version 0.0.0-nightly-20250827.0 (818/1240)...
2025-10-31 21:39:32,698 - BlankSpaceAnalyzer - INFO - -> Analyzing version 0.0.0-nightly-20250828.0 (819/1240)...
2025-10-31 21:39:32,806 - BlankSpaceAnalyzer - INFO - -> Analyzing version 0.0.0-nightly-20250829.0 (820/1240)...
2025-10-31 21:39:32,915 - BlankSpaceAnalyzer - INFO - -> Analyzing version 0.0.0-nightly-20250830.0 (821/1240)...
2025-10-31 21:39:33,020 - BlankSpaceAnalyzer - INFO - -> Analyzing version 0.0.0-nightly-20250831.0 (822/1240)...
2025-10-31 21:39:33,126 - BlankSpaceAnalyzer - INFO - -> Analyzing version 0.0.0-nightly-20250901.0 (823/1240)...
2025-10-31 21:39:33,233 - BlankSpaceAnalyzer - INFO - -> Analyzing version 0.0.0-nightly-20250902.0 (824/1240)...
2025-10-31 21:39:33,337 - BlankSpaceAnalyzer - INFO - -> Analyzing version 0.0.0-nightly-20250903.0 (825/1240)...
2025-10-31 21:39:33,442 - BlankSpaceAnalyzer - INFO - -> Analyzing version 0.0.0-nightly-20250904.0 (826/1240)...
2025-10-31 21:39:33,555 - BlankSpaceAnalyzer - INFO - -> Analyzing version 0.0.0-nightly-20250905.0 (827/1240)...
2025-10-31 21:39:33,668 - BlankSpaceAnalyzer - INFO - -> Analyzing version 0.0.0-nightly-20250906.0 (828/1240)...
2025-10-31 21:39:33,773 - BlankSpaceAnalyzer - INFO - -> Analyzing version 0.0.0-nightly-20250907.0 (829/1240)...
2025-10-31 21:39:33,874 - BlankSpaceAnalyzer - INFO - -> Analyzing version 0.0.0-nightly-20250908.0 (830/1240)...
2025-10-31 21:39:33,980 - BlankSpaceAnalyzer - INFO - -> Analyzing version 0.0.0-nightly-20250909.0 (831/1240)...
2025-10-31 21:39:34,095 - BlankSpaceAnalyzer - INFO - -> Analyzing version 0.0.0-nightly-20250910.0 (832/1240)...
2025-10-31 21:39:34,200 - BlankSpaceAnalyzer - INFO - -> Analyzing version 0.0.0-nightly-20250911.0 (833/1240)...
2025-10-31 21:39:34,309 - BlankSpaceAnalyzer - INFO - -> Analyzing version 0.0.0-nightly-20250912.0 (834/1240)...
2025-10-31 21:39:34,420 - BlankSpaceAnalyzer - INFO - -> Analyzing version 0.0.0-nightly-20250912.1 (835/1240)...
2025-10-31 21:39:34,525 - BlankSpaceAnalyzer - INFO - -> Analyzing version 0.0.0-nightly-20250913.0 (836/1240)...
2025-10-31 21:39:34,640 - BlankSpaceAnalyzer - INFO - -> Analyzing version 0.0.0-nightly-20250914.0 (837/1240)...
2025-10-31 21:39:34,755 - BlankSpaceAnalyzer - INFO - -> Analyzing version 0.0.0-nightly-20250915.0 (838/1240)...
2025-10-31 21:39:34,867 - BlankSpaceAnalyzer - INFO - -> Analyzing version 0.0.0-nightly-20250916.0 (839/1240)...
2025-10-31 21:39:34,974 - BlankSpaceAnalyzer - INFO - -> Analyzing version 0.0.0-nightly-20250917.0 (840/1240)...
2025-10-31 21:39:35,080 - BlankSpaceAnalyzer - INFO - -> Analyzing version 0.0.0-nightly-20250918.0 (841/1240)...
2025-10-31 21:39:35,187 - BlankSpaceAnalyzer - INFO - -> Analyzing version 0.0.0-nightly-20250919.0 (842/1240)...
2025-10-31 21:39:35,294 - BlankSpaceAnalyzer - INFO - -> Analyzing version 0.0.0-nightly-20250920.0 (843/1240)...
2025-10-31 21:39:35,406 - BlankSpaceAnalyzer - INFO - -> Analyzing version 0.0.0-nightly-20250921.0 (844/1240)...
2025-10-31 21:39:35,513 - BlankSpaceAnalyzer - INFO - -> Analyzing version 0.0.0-nightly-20250922.0 (845/1240)...
2025-10-31 21:39:35,623 - BlankSpaceAnalyzer - INFO - -> Analyzing version 0.0.0-nightly-20250923.0 (846/1240)...
2025-10-31 21:39:35,739 - BlankSpaceAnalyzer - INFO - -> Analyzing version 0.0.0-nightly-20250923.1 (847/1240)...
2025-10-31 21:39:35,847 - BlankSpaceAnalyzer - INFO - -> Analyzing version 0.0.0-nightly-20250924.0 (848/1240)...
2025-10-31 21:39:35,954 - BlankSpaceAnalyzer - INFO - -> Analyzing version 0.0.0-nightly-20250925.0 (849/1240)...
2025-10-31 21:39:36,059 - BlankSpaceAnalyzer - INFO - -> Analyzing version 0.0.0-nightly-20250926.0 (850/1240)...
2025-10-31 21:39:36,170 - BlankSpaceAnalyzer - INFO - -> Analyzing version 0.0.0-nightly-20250927.0 (851/1240)...
2025-10-31 21:39:36,274 - BlankSpaceAnalyzer - INFO - -> Analyzing version 0.0.0-nightly-20250928.0 (852/1240)...
2025-10-31 21:39:36,381 - BlankSpaceAnalyzer - INFO - -> Analyzing version 0.0.0-nightly-20250929.0 (853/1240)...
2025-10-31 21:39:36,487 - BlankSpaceAnalyzer - INFO - -> Analyzing version 0.0.0-nightly-20250930.0 (854/1240)...
2025-10-31 21:39:36,596 - BlankSpaceAnalyzer - INFO - -> Analyzing version 0.0.0-nightly-20251001.0 (855/1240)...
2025-10-31 21:39:36,701 - BlankSpaceAnalyzer - INFO - -> Analyzing version 0.0.0-nightly-20251002.0 (856/1240)...
2025-10-31 21:39:36,808 - BlankSpaceAnalyzer - INFO - -> Analyzing version 0.0.0-nightly-20251003.0 (857/1240)...
2025-10-31 21:39:36,917 - BlankSpaceAnalyzer - INFO - -> Analyzing version 0.0.0-nightly-20251004.0 (858/1240)...
2025-10-31 21:39:37,029 - BlankSpaceAnalyzer - INFO - -> Analyzing version 0.0.0-nightly-20251005.0 (859/1240)...
2025-10-31 21:39:37,135 - BlankSpaceAnalyzer - INFO - -> Analyzing version 0.0.0-nightly-20251006.0 (860/1240)...
2025-10-31 21:39:37,243 - BlankSpaceAnalyzer - INFO - -> Analyzing version 0.0.0-nightly-20251007.0 (861/1240)...
2025-10-31 21:39:37,349 - BlankSpaceAnalyzer - INFO - -> Analyzing version 0.0.0-nightly-20251008.0 (862/1240)...
2025-10-31 21:39:37,456 - BlankSpaceAnalyzer - INFO - -> Analyzing version 0.0.0-nightly-20251009.0 (863/1240)...
2025-10-31 21:39:37,571 - BlankSpaceAnalyzer - INFO - -> Analyzing version 0.0.0-nightly-20251010.0 (864/1240)...
2025-10-31 21:39:37,687 - BlankSpaceAnalyzer - INFO - -> Analyzing version 0.0.0-nightly-20251010.1 (865/1240)...
2025-10-31 21:39:37,793 - BlankSpaceAnalyzer - INFO - -> Analyzing version 0.0.0-nightly-20251011.0 (866/1240)...
2025-10-31 21:39:37,902 - BlankSpaceAnalyzer - INFO - -> Analyzing version 0.0.0-nightly-20251012.0 (867/1240)...
2025-10-31 21:39:38,014 - BlankSpaceAnalyzer - INFO - -> Analyzing version 0.0.0-nightly-20251013.0 (868/1240)...
2025-10-31 21:39:38,121 - BlankSpaceAnalyzer - INFO - -> Analyzing version 0.0.0-nightly-20251014.0 (869/1240)...
2025-10-31 21:39:38,230 - BlankSpaceAnalyzer - INFO - -> Analyzing version 0.0.0-nightly-20251015.0 (870/1240)...
2025-10-31 21:39:38,342 - BlankSpaceAnalyzer - INFO - -> Analyzing version 0.0.0-nightly-20251016.0 (871/1240)...
2025-10-31 21:39:38,448 - BlankSpaceAnalyzer - INFO - -> Analyzing version 0.0.0-nightly-20251017.0 (872/1240)...
2025-10-31 21:39:38,555 - BlankSpaceAnalyzer - INFO - -> Analyzing version 0.0.0-nightly-20251018.0 (873/1240)...
2025-10-31 21:39:38,663 - BlankSpaceAnalyzer - INFO - -> Analyzing version 0.0.0-nightly-20251019.0 (874/1240)...
2025-10-31 21:39:38,769 - BlankSpaceAnalyzer - INFO - -> Analyzing version 0.0.0-nightly-20251020.0 (875/1240)...
2025-10-31 21:39:38,876 - BlankSpaceAnalyzer - INFO - -> Analyzing version 0.0.0-nightly-20251021.0 (876/1240)...
2025-10-31 21:39:38,991 - BlankSpaceAnalyzer - INFO - -> Analyzing version 0.0.0-nightly-20251022.0 (877/1240)...
2025-10-31 21:39:39,099 - BlankSpaceAnalyzer - INFO - -> Analyzing version 0.0.0-nightly-20251023.0 (878/1240)...
2025-10-31 21:39:39,214 - BlankSpaceAnalyzer - INFO - -> Analyzing version 0.0.0-nightly-20251024.0 (879/1240)...
2025-10-31 21:39:39,328 - BlankSpaceAnalyzer - INFO - -> Analyzing version 0.0.0-nightly-20251025.0 (880/1240)...
2025-10-31 21:39:39,441 - BlankSpaceAnalyzer - INFO - -> Analyzing version 0.0.0-nightly-20251026.0 (881/1240)...
2025-10-31 21:39:39,547 - BlankSpaceAnalyzer - INFO - -> Analyzing version 0.0.0-nightly-20251027.0 (882/1240)...
2025-10-31 21:39:39,655 - BlankSpaceAnalyzer - INFO - -> Analyzing version 0.0.0-nightly-20251028.0 (883/1240)...
2025-10-31 21:39:39,761 - BlankSpaceAnalyzer - INFO - -> Analyzing version 0.0.0-nightly-20251029.0 (884/1240)...
2025-10-31 21:39:39,871 - BlankSpaceAnalyzer - INFO - -> Analyzing version 0.0.0-nightly-20251030.0 (885/1240)...
2025-10-31 21:39:39,978 - BlankSpaceAnalyzer - INFO - -> Analyzing version 0.0.0-nightly-20251031.0 (886/1240)...
2025-10-31 21:39:40,097 - BlankSpaceAnalyzer - INFO - -> Analyzing version 0.0.0-nightly-next-20250211.0 (887/1240)...
2025-10-31 21:39:40,205 - BlankSpaceAnalyzer - INFO - -> Analyzing version 0.0.0-nightly-next-20250212.0 (888/1240)...
2025-10-31 21:39:40,319 - BlankSpaceAnalyzer - INFO - -> Analyzing version 0.0.0-nightly-next-20250213.0 (889/1240)...
2025-10-31 21:39:40,435 - BlankSpaceAnalyzer - INFO - -> Analyzing version 0.0.0-nightly-next-20250214.0 (890/1240)...
2025-10-31 21:39:40,549 - BlankSpaceAnalyzer - INFO - -> Analyzing version 0.0.0-nightly-next-20250215.0 (891/1240)...
2025-10-31 21:39:40,671 - BlankSpaceAnalyzer - INFO - -> Analyzing version 0.0.0-nightly-next-20250216.0 (892/1240)...
2025-10-31 21:39:40,780 - BlankSpaceAnalyzer - INFO - -> Analyzing version 0.0.0-nightly-next-20250217.0 (893/1240)...
2025-10-31 21:39:40,886 - BlankSpaceAnalyzer - INFO - -> Analyzing version 0.0.0-nightly-next-20250218.0 (894/1240)...
2025-10-31 21:39:40,994 - BlankSpaceAnalyzer - INFO - -> Analyzing version 0.0.0-nightly-next-20250219.0 (895/1240)...
2025-10-31 21:39:41,102 - BlankSpaceAnalyzer - INFO - -> Analyzing version 0.0.0-nightly-next-20250220.0 (896/1240)...
2025-10-31 21:39:41,214 - BlankSpaceAnalyzer - INFO - -> Analyzing version 0.0.0-nightly-next-20250221.0 (897/1240)...
2025-10-31 21:39:41,319 - BlankSpaceAnalyzer - INFO - -> Analyzing version 0.0.0-nightly-next-20250222.0 (898/1240)...
2025-10-31 21:39:41,428 - BlankSpaceAnalyzer - INFO - -> Analyzing version 0.0.0-nightly-next-20250223.0 (899/1240)...
2025-10-31 21:39:41,550 - BlankSpaceAnalyzer - INFO - -> Analyzing version 0.0.0-nightly-next-20250224.0 (900/1240)...
2025-10-31 21:39:41,661 - BlankSpaceAnalyzer - INFO - -> Analyzing version 0.0.0-nightly-next-20250225.0 (901/1240)...
2025-10-31 21:39:41,775 - BlankSpaceAnalyzer - INFO - -> Analyzing version 0.0.0-nightly-next-20250226.0 (902/1240)...
2025-10-31 21:39:41,884 - BlankSpaceAnalyzer - INFO - -> Analyzing version 0.0.0-nightly-next-20250227.0 (903/1240)...
2025-10-31 21:39:41,989 - BlankSpaceAnalyzer - INFO - -> Analyzing version 0.0.0-nightly-next-20250227.1 (904/1240)...
2025-10-31 21:39:42,101 - BlankSpaceAnalyzer - INFO - -> Analyzing version 0.0.0-nightly-next-20250228.0 (905/1240)...
2025-10-31 21:39:42,207 - BlankSpaceAnalyzer - INFO - -> Analyzing version 0.0.0-nightly-next-20250301.0 (906/1240)...
2025-10-31 21:39:42,315 - BlankSpaceAnalyzer - INFO - -> Analyzing version 0.0.0-nightly-next-20250302.0 (907/1240)...
2025-10-31 21:39:42,427 - BlankSpaceAnalyzer - INFO - -> Analyzing version 0.0.0-nightly-next-20250303.0 (908/1240)...
2025-10-31 21:39:42,538 - BlankSpaceAnalyzer - INFO - -> Analyzing version 0.0.0-nightly-next-20250304.0 (909/1240)...
2025-10-31 21:39:42,650 - BlankSpaceAnalyzer - INFO - -> Analyzing version 0.0.0-nightly-next-20250305.0 (910/1240)...
2025-10-31 21:39:42,766 - BlankSpaceAnalyzer - INFO - -> Analyzing version 0.6.0 (911/1240)...
2025-10-31 21:39:42,869 - BlankSpaceAnalyzer - INFO - -> Analyzing version 0.7.0 (912/1240)...
2025-10-31 21:39:42,971 - BlankSpaceAnalyzer - INFO - -> Analyzing version 0.7.1 (913/1240)...
2025-10-31 21:39:43,083 - BlankSpaceAnalyzer - INFO - -> Analyzing version 0.8.0 (914/1240)...
2025-10-31 21:39:43,185 - BlankSpaceAnalyzer - INFO - -> Analyzing version 0.8.1 (915/1240)...
2025-10-31 21:39:43,287 - BlankSpaceAnalyzer - INFO - -> Analyzing version 0.9.0 (916/1240)...
2025-10-31 21:39:43,397 - BlankSpaceAnalyzer - INFO - -> Analyzing version 1.0.0-alpha.1 (917/1240)...
2025-10-31 21:39:43,500 - BlankSpaceAnalyzer - INFO - -> Analyzing version 1.0.0-alpha.2 (918/1240)...
2025-10-31 21:39:43,610 - BlankSpaceAnalyzer - INFO - -> Analyzing version 1.0.0-beta.1 (919/1240)...
2025-10-31 21:39:43,721 - BlankSpaceAnalyzer - INFO - -> Analyzing version 1.0.0-beta.2 (920/1240)...
2025-10-31 21:39:43,832 - BlankSpaceAnalyzer - INFO - -> Analyzing version 1.0.0-beta.4 (921/1240)...
2025-10-31 21:39:43,938 - BlankSpaceAnalyzer - INFO - -> Analyzing version 10.0.0 (922/1240)...
2025-10-31 21:39:44,048 - BlankSpaceAnalyzer - INFO - -> Analyzing version 10.0.1 (923/1240)...
2025-10-31 21:39:44,159 - BlankSpaceAnalyzer - INFO - -> Analyzing version 10.0.2 (924/1240)...
2025-10-31 21:39:44,273 - BlankSpaceAnalyzer - INFO - -> Analyzing version 10.0.3 (925/1240)...
2025-10-31 21:39:44,374 - BlankSpaceAnalyzer - INFO - -> Analyzing version 10.1.0 (926/1240)...
2025-10-31 21:39:44,488 - BlankSpaceAnalyzer - INFO - -> Analyzing version 11.0.0 (927/1240)...
2025-10-31 21:39:44,591 - BlankSpaceAnalyzer - INFO - -> Analyzing version 11.1.0 (928/1240)...
2025-10-31 21:39:44,702 - BlankSpaceAnalyzer - INFO - -> Analyzing version 11.1.1 (929/1240)...
2025-10-31 21:39:44,813 - BlankSpaceAnalyzer - INFO - -> Analyzing version 11.1.2 (930/1240)...
2025-10-31 21:39:44,924 - BlankSpaceAnalyzer - INFO - -> Analyzing version 11.1.3 (931/1240)...
2025-10-31 21:39:45,030 - BlankSpaceAnalyzer - INFO - -> Analyzing version 11.1.4 (932/1240)...
2025-10-31 21:39:45,139 - BlankSpaceAnalyzer - INFO - -> Analyzing version 15.0.0 (933/1240)...
2025-10-31 21:39:45,256 - BlankSpaceAnalyzer - INFO - -> Analyzing version 16.0.0 (934/1240)...
2025-10-31 21:39:45,367 - BlankSpaceAnalyzer - INFO - -> Analyzing version 17.0.0 (935/1240)...
2025-10-31 21:39:45,470 - BlankSpaceAnalyzer - INFO - -> Analyzing version 18.0.0 (936/1240)...
2025-10-31 21:39:45,582 - BlankSpaceAnalyzer - INFO - -> Analyzing version 19.0.0 (937/1240)...
2025-10-31 21:39:45,692 - BlankSpaceAnalyzer - INFO - -> Analyzing version 19.0.1 (938/1240)...
2025-10-31 21:39:45,796 - BlankSpaceAnalyzer - INFO - -> Analyzing version 20.0.0 (939/1240)...
2025-10-31 21:39:45,907 - BlankSpaceAnalyzer - INFO - -> Analyzing version 21.0.0 (940/1240)...
2025-10-31 21:39:46,018 - BlankSpaceAnalyzer - INFO - -> Analyzing version 22.0.0 (941/1240)...
2025-10-31 21:39:46,130 - BlankSpaceAnalyzer - INFO - -> Analyzing version 23.0.0 (942/1240)...
2025-10-31 21:39:46,235 - BlankSpaceAnalyzer - INFO - -> Analyzing version 23.1.0 (943/1240)...
2025-10-31 21:39:46,344 - BlankSpaceAnalyzer - INFO - -> Analyzing version 24.0.0 (944/1240)...
2025-10-31 21:39:46,454 - BlankSpaceAnalyzer - INFO - -> Analyzing version 25.0.0 (945/1240)...
2025-10-31 21:39:46,558 - BlankSpaceAnalyzer - INFO - -> Analyzing version 26.0.0 (946/1240)...
2025-10-31 21:39:46,669 - BlankSpaceAnalyzer - INFO - -> Analyzing version 27.0.0 (947/1240)...
2025-10-31 21:39:46,781 - BlankSpaceAnalyzer - INFO - -> Analyzing version 27.1.0 (948/1240)...
2025-10-31 21:39:46,892 - BlankSpaceAnalyzer - INFO - -> Analyzing version 28.0.0 (949/1240)...
2025-10-31 21:39:46,997 - BlankSpaceAnalyzer - INFO - -> Analyzing version 29.0.0 (950/1240)...
2025-10-31 21:39:47,108 - BlankSpaceAnalyzer - INFO - -> Analyzing version 29.1.0 (951/1240)...
2025-10-31 21:39:47,220 - BlankSpaceAnalyzer - INFO - -> Analyzing version 29.2.0 (952/1240)...
2025-10-31 21:39:47,331 - BlankSpaceAnalyzer - INFO - -> Analyzing version 30.0.0 (953/1240)...
2025-10-31 21:39:47,444 - BlankSpaceAnalyzer - INFO - -> Analyzing version 31.0.0 (954/1240)...
2025-10-31 21:39:47,560 - BlankSpaceAnalyzer - INFO - -> Analyzing version 31.1.0 (955/1240)...
2025-10-31 21:39:47,672 - BlankSpaceAnalyzer - INFO - -> Analyzing version 32.0.0 (956/1240)...
2025-10-31 21:39:47,780 - BlankSpaceAnalyzer - INFO - -> Analyzing version 33.0.0 (957/1240)...
2025-10-31 21:39:47,891 - BlankSpaceAnalyzer - INFO - -> Analyzing version 34.0.0 (958/1240)...
2025-10-31 21:39:47,996 - BlankSpaceAnalyzer - INFO - -> Analyzing version 34.1.0 (959/1240)...
2025-10-31 21:39:48,107 - BlankSpaceAnalyzer - INFO - -> Analyzing version 34.2.0 (960/1240)...
2025-10-31 21:39:48,213 - BlankSpaceAnalyzer - INFO - -> Analyzing version 35.0.0 (961/1240)...
2025-10-31 21:39:48,321 - BlankSpaceAnalyzer - INFO - -> Analyzing version 35.0.1 (962/1240)...
2025-10-31 21:39:48,428 - BlankSpaceAnalyzer - INFO - -> Analyzing version 35.1.0 (963/1240)...
2025-10-31 21:39:48,536 - BlankSpaceAnalyzer - INFO - -> Analyzing version 35.2.0 (964/1240)...
2025-10-31 21:39:48,645 - BlankSpaceAnalyzer - INFO - -> Analyzing version 35.2.1 (965/1240)...
2025-10-31 21:39:48,759 - BlankSpaceAnalyzer - INFO - -> Analyzing version 35.3.0 (966/1240)...
2025-10-31 21:39:48,863 - BlankSpaceAnalyzer - INFO - -> Analyzing version 35.3.1 (967/1240)...
2025-10-31 21:39:48,968 - BlankSpaceAnalyzer - INFO - -> Analyzing version 35.3.2 (968/1240)...
2025-10-31 21:39:49,072 - BlankSpaceAnalyzer - INFO - -> Analyzing version 35.4.0 (969/1240)...
2025-10-31 21:39:49,186 - BlankSpaceAnalyzer - INFO - -> Analyzing version 36.0.0 (970/1240)...
2025-10-31 21:39:49,292 - BlankSpaceAnalyzer - INFO - -> Analyzing version 36.0.1 (971/1240)...
2025-10-31 21:39:49,404 - BlankSpaceAnalyzer - INFO - -> Analyzing version 37.0.0 (972/1240)...
2025-10-31 21:39:49,509 - BlankSpaceAnalyzer - INFO - -> Analyzing version 37.0.0-alpha.0 (973/1240)...
2025-10-31 21:39:49,616 - BlankSpaceAnalyzer - INFO - -> Analyzing version 37.0.0-alpha.1 (974/1240)...
2025-10-31 21:39:49,724 - BlankSpaceAnalyzer - INFO - -> Analyzing version 37.0.0-alpha.2 (975/1240)...
2025-10-31 21:39:49,835 - BlankSpaceAnalyzer - INFO - -> Analyzing version 37.0.0-alpha.3 (976/1240)...
2025-10-31 21:39:49,938 - BlankSpaceAnalyzer - INFO - -> Analyzing version 37.0.0-rc.0 (977/1240)...
2025-10-31 21:39:50,046 - BlankSpaceAnalyzer - INFO - -> Analyzing version 37.0.1 (978/1240)...
2025-10-31 21:39:50,156 - BlankSpaceAnalyzer - INFO - -> Analyzing version 37.1.0 (979/1240)...
2025-10-31 21:39:50,270 - BlankSpaceAnalyzer - INFO - -> Analyzing version 38.0.0 (980/1240)...
2025-10-31 21:39:50,376 - BlankSpaceAnalyzer - INFO - -> Analyzing version 38.0.0-rc.0 (981/1240)...
2025-10-31 21:39:50,482 - BlankSpaceAnalyzer - INFO - -> Analyzing version 38.0.0-rc.1 (982/1240)...
2025-10-31 21:39:50,588 - BlankSpaceAnalyzer - INFO - -> Analyzing version 38.0.1 (983/1240)...
2025-10-31 21:39:50,696 - BlankSpaceAnalyzer - INFO - -> Analyzing version 38.1.0 (984/1240)...
2025-10-31 21:39:50,808 - BlankSpaceAnalyzer - INFO - -> Analyzing version 38.1.1 (985/1240)...
2025-10-31 21:39:50,917 - BlankSpaceAnalyzer - INFO - -> Analyzing version 38.2.0-alpha.0 (986/1240)...
2025-10-31 21:39:51,031 - BlankSpaceAnalyzer - INFO - -> Analyzing version 38.2.0-alpha.1 (987/1240)...
2025-10-31 21:39:51,139 - BlankSpaceAnalyzer - INFO - -> Analyzing version 39.0.0 (988/1240)...
2025-10-31 21:39:51,249 - BlankSpaceAnalyzer - INFO - -> Analyzing version 39.0.1 (989/1240)...
2025-10-31 21:39:51,357 - BlankSpaceAnalyzer - INFO - -> Analyzing version 39.0.2 (990/1240)...
2025-10-31 21:39:51,461 - BlankSpaceAnalyzer - INFO - -> Analyzing version 40.0.0 (991/1240)...
2025-10-31 21:39:51,566 - BlankSpaceAnalyzer - INFO - -> Analyzing version 40.1.0 (992/1240)...
2025-10-31 21:39:51,670 - BlankSpaceAnalyzer - INFO - -> Analyzing version 40.2.0 (993/1240)...
2025-10-31 21:39:51,775 - BlankSpaceAnalyzer - INFO - -> Analyzing version 41.0.0 (994/1240)...
2025-10-31 21:39:51,880 - BlankSpaceAnalyzer - INFO - -> Analyzing version 41.1.0 (995/1240)...
2025-10-31 21:39:51,992 - BlankSpaceAnalyzer - INFO - -> Analyzing version 41.2.0 (996/1240)...
2025-10-31 21:39:52,097 - BlankSpaceAnalyzer - INFO - -> Analyzing version 41.2.1 (997/1240)...
2025-10-31 21:39:52,201 - BlankSpaceAnalyzer - INFO - -> Analyzing version 41.3.0 (998/1240)...
2025-10-31 21:39:52,308 - BlankSpaceAnalyzer - INFO - -> Analyzing version 41.3.0-alpha.0 (999/1240)...
2025-10-31 21:39:52,413 - BlankSpaceAnalyzer - INFO - -> Analyzing version 41.3.0-alpha.1 (1000/1240)...
2025-10-31 21:39:52,525 - BlankSpaceAnalyzer - INFO - -> Analyzing version 41.3.0-alpha.2 (1001/1240)...
2025-10-31 21:39:52,641 - BlankSpaceAnalyzer - INFO - -> Analyzing version 41.3.0-alpha.3 (1002/1240)...
2025-10-31 21:39:52,759 - BlankSpaceAnalyzer - INFO - -> Analyzing version 41.3.0-alpha.4 (1003/1240)...
2025-10-31 21:39:52,865 - BlankSpaceAnalyzer - INFO - -> Analyzing version 41.3.1 (1004/1240)...
2025-10-31 21:39:52,970 - BlankSpaceAnalyzer - INFO - -> Analyzing version 41.3.2 (1005/1240)...
2025-10-31 21:39:53,075 - BlankSpaceAnalyzer - INFO - -> Analyzing version 41.4.0 (1006/1240)...
2025-10-31 21:39:53,184 - BlankSpaceAnalyzer - INFO - -> Analyzing version 41.4.0-alpha.0 (1007/1240)...
2025-10-31 21:39:53,292 - BlankSpaceAnalyzer - INFO - -> Analyzing version 41.4.1 (1008/1240)...
2025-10-31 21:39:53,401 - BlankSpaceAnalyzer - INFO - -> Analyzing version 41.4.2 (1009/1240)...
2025-10-31 21:39:53,509 - BlankSpaceAnalyzer - INFO - -> Analyzing version 42.0.0 (1010/1240)...
2025-10-31 21:39:53,624 - BlankSpaceAnalyzer - INFO - -> Analyzing version 42.0.0-alpha.0 (1011/1240)...
2025-10-31 21:39:53,736 - BlankSpaceAnalyzer - INFO - -> Analyzing version 42.0.0-alpha.1 (1012/1240)...
2025-10-31 21:39:53,845 - BlankSpaceAnalyzer - INFO - -> Analyzing version 42.0.0-alpha.10 (1013/1240)...
2025-10-31 21:39:53,955 - BlankSpaceAnalyzer - INFO - -> Analyzing version 42.0.0-alpha.11 (1014/1240)...
2025-10-31 21:39:54,071 - BlankSpaceAnalyzer - INFO - -> Analyzing version 42.0.0-alpha.12 (1015/1240)...
2025-10-31 21:39:54,180 - BlankSpaceAnalyzer - INFO - -> Analyzing version 42.0.0-alpha.13 (1016/1240)...
2025-10-31 21:39:54,288 - BlankSpaceAnalyzer - INFO - -> Analyzing version 42.0.0-alpha.14 (1017/1240)...
2025-10-31 21:39:54,398 - BlankSpaceAnalyzer - INFO - -> Analyzing version 42.0.0-alpha.15 (1018/1240)...
2025-10-31 21:39:54,505 - BlankSpaceAnalyzer - INFO - -> Analyzing version 42.0.0-alpha.16 (1019/1240)...
2025-10-31 21:39:54,616 - BlankSpaceAnalyzer - INFO - -> Analyzing version 42.0.0-alpha.17 (1020/1240)...
2025-10-31 21:39:54,729 - BlankSpaceAnalyzer - INFO - -> Analyzing version 42.0.0-alpha.18 (1021/1240)...
2025-10-31 21:39:54,851 - BlankSpaceAnalyzer - INFO - -> Analyzing version 42.0.0-alpha.19 (1022/1240)...
2025-10-31 21:39:54,959 - BlankSpaceAnalyzer - INFO - -> Analyzing version 42.0.0-alpha.2 (1023/1240)...
2025-10-31 21:39:55,071 - BlankSpaceAnalyzer - INFO - -> Analyzing version 42.0.0-alpha.20 (1024/1240)...
2025-10-31 21:39:55,179 - BlankSpaceAnalyzer - INFO - -> Analyzing version 42.0.0-alpha.21 (1025/1240)...
2025-10-31 21:39:55,295 - BlankSpaceAnalyzer - INFO - -> Analyzing version 42.0.0-alpha.22 (1026/1240)...
2025-10-31 21:39:55,409 - BlankSpaceAnalyzer - INFO - -> Analyzing version 42.0.0-alpha.23 (1027/1240)...
2025-10-31 21:39:55,525 - BlankSpaceAnalyzer - INFO - -> Analyzing version 42.0.0-alpha.24 (1028/1240)...
2025-10-31 21:39:55,636 - BlankSpaceAnalyzer - INFO - -> Analyzing version 42.0.0-alpha.3 (1029/1240)...
2025-10-31 21:39:55,748 - BlankSpaceAnalyzer - INFO - -> Analyzing version 42.0.0-alpha.4 (1030/1240)...
2025-10-31 21:39:55,865 - BlankSpaceAnalyzer - INFO - -> Analyzing version 42.0.0-alpha.5 (1031/1240)...
2025-10-31 21:39:55,977 - BlankSpaceAnalyzer - INFO - -> Analyzing version 42.0.0-alpha.6 (1032/1240)...
2025-10-31 21:39:56,096 - BlankSpaceAnalyzer - INFO - -> Analyzing version 42.0.0-alpha.7 (1033/1240)...
2025-10-31 21:39:56,207 - BlankSpaceAnalyzer - INFO - -> Analyzing version 42.0.0-alpha.8 (1034/1240)...
2025-10-31 21:39:56,329 - BlankSpaceAnalyzer - INFO - -> Analyzing version 42.0.0-alpha.9 (1035/1240)...
2025-10-31 21:39:56,446 - BlankSpaceAnalyzer - INFO - -> Analyzing version 42.0.1 (1036/1240)...
2025-10-31 21:39:56,558 - BlankSpaceAnalyzer - INFO - -> Analyzing version 42.0.1-alpha.0 (1037/1240)...
2025-10-31 21:39:56,675 - BlankSpaceAnalyzer - INFO - -> Analyzing version 42.0.1-alpha.1 (1038/1240)...
2025-10-31 21:39:56,784 - BlankSpaceAnalyzer - INFO - -> Analyzing version 42.0.1-alpha.2 (1039/1240)...
2025-10-31 21:39:56,895 - BlankSpaceAnalyzer - INFO - -> Analyzing version 42.0.1-alpha.3 (1040/1240)...
2025-10-31 21:39:57,004 - BlankSpaceAnalyzer - INFO - -> Analyzing version 42.0.2 (1041/1240)...
2025-10-31 21:39:57,115 - BlankSpaceAnalyzer - INFO - -> Analyzing version 42.0.2-alpha.0 (1042/1240)...
2025-10-31 21:39:57,233 - BlankSpaceAnalyzer - INFO - -> Analyzing version 42.0.2-alpha.1 (1043/1240)...
2025-10-31 21:39:57,351 - BlankSpaceAnalyzer - INFO - -> Analyzing version 42.0.2-alpha.2 (1044/1240)...
2025-10-31 21:39:57,462 - BlankSpaceAnalyzer - INFO - -> Analyzing version 43.0.0 (1045/1240)...
2025-10-31 21:39:57,583 - BlankSpaceAnalyzer - INFO - -> Analyzing version 43.0.0-alpha.0 (1046/1240)...
2025-10-31 21:39:57,692 - BlankSpaceAnalyzer - INFO - -> Analyzing version 43.0.0-alpha.1 (1047/1240)...
2025-10-31 21:39:57,805 - BlankSpaceAnalyzer - INFO - -> Analyzing version 43.0.0-alpha.2 (1048/1240)...
2025-10-31 21:39:57,924 - BlankSpaceAnalyzer - INFO - -> Analyzing version 43.0.0-alpha.3 (1049/1240)...
2025-10-31 21:39:58,045 - BlankSpaceAnalyzer - INFO - -> Analyzing version 43.0.0-alpha.4 (1050/1240)...
2025-10-31 21:39:58,156 - BlankSpaceAnalyzer - INFO - -> Analyzing version 43.0.0-alpha.5 (1051/1240)...
2025-10-31 21:39:58,273 - BlankSpaceAnalyzer - INFO - -> Analyzing version 43.0.0-alpha.6 (1052/1240)...
2025-10-31 21:39:58,382 - BlankSpaceAnalyzer - INFO - -> Analyzing version 43.1.0 (1053/1240)...
2025-10-31 21:39:58,492 - BlankSpaceAnalyzer - INFO - -> Analyzing version 43.1.0-alpha.0 (1054/1240)...
2025-10-31 21:39:58,603 - BlankSpaceAnalyzer - INFO - -> Analyzing version 43.1.0-alpha.1 (1055/1240)...
2025-10-31 21:39:58,721 - BlankSpaceAnalyzer - INFO - -> Analyzing version 43.1.0-alpha.2 (1056/1240)...
2025-10-31 21:39:58,840 - BlankSpaceAnalyzer - INFO - -> Analyzing version 43.1.0-alpha.3 (1057/1240)...
2025-10-31 21:39:58,960 - BlankSpaceAnalyzer - INFO - -> Analyzing version 43.1.0-alpha.4 (1058/1240)...
2025-10-31 21:39:59,072 - BlankSpaceAnalyzer - INFO - -> Analyzing version 43.1.0-alpha.5 (1059/1240)...
2025-10-31 21:39:59,192 - BlankSpaceAnalyzer - INFO - -> Analyzing version 43.1.0-alpha.6 (1060/1240)...
2025-10-31 21:39:59,301 - BlankSpaceAnalyzer - INFO - -> Analyzing version 43.1.0-alpha.7 (1061/1240)...
2025-10-31 21:39:59,415 - BlankSpaceAnalyzer - INFO - -> Analyzing version 43.1.0-alpha.8 (1062/1240)...
2025-10-31 21:39:59,530 - BlankSpaceAnalyzer - INFO - -> Analyzing version 43.1.1 (1063/1240)...
2025-10-31 21:39:59,642 - BlankSpaceAnalyzer - INFO - -> Analyzing version 43.2.0 (1064/1240)...
2025-10-31 21:39:59,752 - BlankSpaceAnalyzer - INFO - -> Analyzing version 43.2.0-alpha.0 (1065/1240)...
2025-10-31 21:39:59,870 - BlankSpaceAnalyzer - INFO - -> Analyzing version 43.2.0-alpha.1 (1066/1240)...
2025-10-31 21:39:59,979 - BlankSpaceAnalyzer - INFO - -> Analyzing version 43.2.0-alpha.2 (1067/1240)...
2025-10-31 21:40:00,090 - BlankSpaceAnalyzer - INFO - -> Analyzing version 43.2.0-alpha.3 (1068/1240)...
2025-10-31 21:40:00,203 - BlankSpaceAnalyzer - INFO - -> Analyzing version 43.2.0-alpha.4 (1069/1240)...
2025-10-31 21:40:00,324 - BlankSpaceAnalyzer - INFO - -> Analyzing version 43.2.0-alpha.5 (1070/1240)...
2025-10-31 21:40:00,444 - BlankSpaceAnalyzer - INFO - -> Analyzing version 43.2.0-alpha.6 (1071/1240)...
2025-10-31 21:40:00,565 - BlankSpaceAnalyzer - INFO - -> Analyzing version 43.2.0-alpha.7 (1072/1240)...
2025-10-31 21:40:00,676 - BlankSpaceAnalyzer - INFO - -> Analyzing version 43.3.0 (1073/1240)...
2025-10-31 21:40:00,791 - BlankSpaceAnalyzer - INFO - -> Analyzing version 43.3.0-alpha.0 (1074/1240)...
2025-10-31 21:40:00,900 - BlankSpaceAnalyzer - INFO - -> Analyzing version 43.3.0-alpha.1 (1075/1240)...
2025-10-31 21:40:01,013 - BlankSpaceAnalyzer - INFO - -> Analyzing version 43.3.0-alpha.10 (1076/1240)...
2025-10-31 21:40:01,123 - BlankSpaceAnalyzer - INFO - -> Analyzing version 43.3.0-alpha.11 (1077/1240)...
2025-10-31 21:40:01,234 - BlankSpaceAnalyzer - INFO - -> Analyzing version 43.3.0-alpha.12 (1078/1240)...
2025-10-31 21:40:01,344 - BlankSpaceAnalyzer - INFO - -> Analyzing version 43.3.0-alpha.2 (1079/1240)...
2025-10-31 21:40:01,457 - BlankSpaceAnalyzer - INFO - -> Analyzing version 43.3.0-alpha.3 (1080/1240)...
2025-10-31 21:40:01,567 - BlankSpaceAnalyzer - INFO - -> Analyzing version 43.3.0-alpha.4 (1081/1240)...
2025-10-31 21:40:01,678 - BlankSpaceAnalyzer - INFO - -> Analyzing version 43.3.0-alpha.5 (1082/1240)...
2025-10-31 21:40:01,791 - BlankSpaceAnalyzer - INFO - -> Analyzing version 43.3.0-alpha.6 (1083/1240)...
2025-10-31 21:40:01,903 - BlankSpaceAnalyzer - INFO - -> Analyzing version 43.3.0-alpha.7 (1084/1240)...
2025-10-31 21:40:02,053 - BlankSpaceAnalyzer - INFO - -> Analyzing version 43.3.0-alpha.8 (1085/1240)...
2025-10-31 21:40:02,174 - BlankSpaceAnalyzer - INFO - -> Analyzing version 43.3.0-alpha.9 (1086/1240)...
2025-10-31 21:40:02,289 - BlankSpaceAnalyzer - INFO - -> Analyzing version 43.3.1 (1087/1240)...
2025-10-31 21:40:02,401 - BlankSpaceAnalyzer - INFO - -> Analyzing version 43.3.1-alpha.0 (1088/1240)...
2025-10-31 21:40:02,514 - BlankSpaceAnalyzer - INFO - -> Analyzing version 44.0.0 (1089/1240)...
2025-10-31 21:40:02,625 - BlankSpaceAnalyzer - INFO - -> Analyzing version 44.0.0-alpha.0 (1090/1240)...
2025-10-31 21:40:02,737 - BlankSpaceAnalyzer - INFO - -> Analyzing version 44.0.0-alpha.1 (1091/1240)...
2025-10-31 21:40:02,851 - BlankSpaceAnalyzer - INFO - -> Analyzing version 44.0.0-alpha.10 (1092/1240)...
2025-10-31 21:40:02,965 - BlankSpaceAnalyzer - INFO - -> Analyzing version 44.0.0-alpha.11 (1093/1240)...
2025-10-31 21:40:03,080 - BlankSpaceAnalyzer - INFO - -> Analyzing version 44.0.0-alpha.12 (1094/1240)...
2025-10-31 21:40:03,199 - BlankSpaceAnalyzer - INFO - -> Analyzing version 44.0.0-alpha.2 (1095/1240)...
2025-10-31 21:40:03,442 - BlankSpaceAnalyzer - INFO - -> Analyzing version 44.0.0-alpha.3 (1096/1240)...
2025-10-31 21:40:03,554 - BlankSpaceAnalyzer - INFO - -> Analyzing version 44.0.0-alpha.4 (1097/1240)...
2025-10-31 21:40:03,668 - BlankSpaceAnalyzer - INFO - -> Analyzing version 44.0.0-alpha.5 (1098/1240)...
2025-10-31 21:40:03,791 - BlankSpaceAnalyzer - INFO - -> Analyzing version 44.0.0-alpha.6 (1099/1240)...
2025-10-31 21:40:03,901 - BlankSpaceAnalyzer - INFO - -> Analyzing version 44.0.0-alpha.7 (1100/1240)...
2025-10-31 21:40:04,013 - BlankSpaceAnalyzer - INFO - -> Analyzing version 44.0.0-alpha.8 (1101/1240)...
2025-10-31 21:40:04,126 - BlankSpaceAnalyzer - INFO - -> Analyzing version 44.0.0-alpha.9 (1102/1240)...
2025-10-31 21:40:04,236 - BlankSpaceAnalyzer - INFO - -> Analyzing version 44.1.0 (1103/1240)...
2025-10-31 21:40:04,349 - BlankSpaceAnalyzer - INFO - -> Analyzing version 44.1.0-alpha.0 (1104/1240)...
2025-10-31 21:40:04,460 - BlankSpaceAnalyzer - INFO - -> Analyzing version 44.1.0-alpha.1 (1105/1240)...
2025-10-31 21:40:04,578 - BlankSpaceAnalyzer - INFO - -> Analyzing version 44.1.0-alpha.2 (1106/1240)...
2025-10-31 21:40:04,697 - BlankSpaceAnalyzer - INFO - -> Analyzing version 44.1.0-alpha.3 (1107/1240)...
2025-10-31 21:40:04,807 - BlankSpaceAnalyzer - INFO - -> Analyzing version 44.1.0-alpha.4 (1108/1240)...
2025-10-31 21:40:04,921 - BlankSpaceAnalyzer - INFO - -> Analyzing version 44.1.0-alpha.5 (1109/1240)...
2025-10-31 21:40:05,030 - BlankSpaceAnalyzer - INFO - -> Analyzing version 44.2.0 (1110/1240)...
2025-10-31 21:40:05,144 - BlankSpaceAnalyzer - INFO - -> Analyzing version 44.2.0-alpha.0 (1111/1240)...
2025-10-31 21:40:05,254 - BlankSpaceAnalyzer - INFO - -> Analyzing version 44.2.0-alpha.1 (1112/1240)...
2025-10-31 21:40:05,365 - BlankSpaceAnalyzer - INFO - -> Analyzing version 44.2.0-alpha.10 (1113/1240)...
2025-10-31 21:40:05,476 - BlankSpaceAnalyzer - INFO - -> Analyzing version 44.2.0-alpha.11 (1114/1240)...
2025-10-31 21:40:05,595 - BlankSpaceAnalyzer - INFO - -> Analyzing version 44.2.0-alpha.12 (1115/1240)...
2025-10-31 21:40:05,708 - BlankSpaceAnalyzer - INFO - -> Analyzing version 44.2.0-alpha.13 (1116/1240)...
2025-10-31 21:40:05,831 - BlankSpaceAnalyzer - INFO - -> Analyzing version 44.2.0-alpha.14 (1117/1240)...
2025-10-31 21:40:05,946 - BlankSpaceAnalyzer - INFO - -> Analyzing version 44.2.0-alpha.15 (1118/1240)...
2025-10-31 21:40:06,067 - BlankSpaceAnalyzer - INFO - -> Analyzing version 44.2.0-alpha.16 (1119/1240)...
2025-10-31 21:40:06,187 - BlankSpaceAnalyzer - INFO - -> Analyzing version 44.2.0-alpha.2 (1120/1240)...
2025-10-31 21:40:06,298 - BlankSpaceAnalyzer - INFO - -> Analyzing version 44.2.0-alpha.3 (1121/1240)...
2025-10-31 21:40:06,411 - BlankSpaceAnalyzer - INFO - -> Analyzing version 44.2.0-alpha.4 (1122/1240)...
2025-10-31 21:40:06,532 - BlankSpaceAnalyzer - INFO - -> Analyzing version 44.2.0-alpha.5 (1123/1240)...
2025-10-31 21:40:06,652 - BlankSpaceAnalyzer - INFO - -> Analyzing version 44.2.0-alpha.6 (1124/1240)...
2025-10-31 21:40:06,765 - BlankSpaceAnalyzer - INFO - -> Analyzing version 44.2.0-alpha.7 (1125/1240)...
2025-10-31 21:40:06,878 - BlankSpaceAnalyzer - INFO - -> Analyzing version 44.2.0-alpha.8 (1126/1240)...
2025-10-31 21:40:06,999 - BlankSpaceAnalyzer - INFO - -> Analyzing version 44.2.0-alpha.9 (1127/1240)...
2025-10-31 21:40:07,112 - BlankSpaceAnalyzer - INFO - -> Analyzing version 44.2.1 (1128/1240)...
2025-10-31 21:40:07,224 - BlankSpaceAnalyzer - INFO - -> Analyzing version 44.2.1-alpha.0 (1129/1240)...
2025-10-31 21:40:07,338 - BlankSpaceAnalyzer - INFO - -> Analyzing version 44.3.0 (1130/1240)...
2025-10-31 21:40:07,450 - BlankSpaceAnalyzer - INFO - -> Analyzing version 44.3.0-alpha.0 (1131/1240)...
2025-10-31 21:40:07,562 - BlankSpaceAnalyzer - INFO - -> Analyzing version 44.3.0-alpha.1 (1132/1240)...
2025-10-31 21:40:07,674 - BlankSpaceAnalyzer - INFO - -> Analyzing version 44.3.0-alpha.2 (1133/1240)...
2025-10-31 21:40:07,788 - BlankSpaceAnalyzer - INFO - -> Analyzing version 44.3.0-alpha.3 (1134/1240)...
2025-10-31 21:40:07,898 - BlankSpaceAnalyzer - INFO - -> Analyzing version 44.3.0-alpha.4 (1135/1240)...
2025-10-31 21:40:08,010 - BlankSpaceAnalyzer - INFO - -> Analyzing version 44.3.0-alpha.5 (1136/1240)...
2025-10-31 21:40:08,122 - BlankSpaceAnalyzer - INFO - -> Analyzing version 44.3.0-alpha.6 (1137/1240)...
2025-10-31 21:40:08,234 - BlankSpaceAnalyzer - INFO - -> Analyzing version 44.3.0-alpha.7 (1138/1240)...
2025-10-31 21:40:08,351 - BlankSpaceAnalyzer - INFO - -> Analyzing version 45.0.0 (1139/1240)...
2025-10-31 21:40:08,462 - BlankSpaceAnalyzer - INFO - -> Analyzing version 45.0.0-alpha.0 (1140/1240)...
2025-10-31 21:40:08,576 - BlankSpaceAnalyzer - INFO - -> Analyzing version 45.0.0-alpha.1 (1141/1240)...
2025-10-31 21:40:08,689 - BlankSpaceAnalyzer - INFO - -> Analyzing version 45.0.0-alpha.10 (1142/1240)...
2025-10-31 21:40:08,800 - BlankSpaceAnalyzer - INFO - -> Analyzing version 45.0.0-alpha.11 (1143/1240)...
2025-10-31 21:40:08,912 - BlankSpaceAnalyzer - INFO - -> Analyzing version 45.0.0-alpha.12 (1144/1240)...
2025-10-31 21:40:09,026 - BlankSpaceAnalyzer - INFO - -> Analyzing version 45.0.0-alpha.2 (1145/1240)...
2025-10-31 21:40:09,141 - BlankSpaceAnalyzer - INFO - -> Analyzing version 45.0.0-alpha.3 (1146/1240)...
2025-10-31 21:40:09,252 - BlankSpaceAnalyzer - INFO - -> Analyzing version 45.0.0-alpha.4 (1147/1240)...
2025-10-31 21:40:09,366 - BlankSpaceAnalyzer - INFO - -> Analyzing version 45.0.0-alpha.5 (1148/1240)...
2025-10-31 21:40:09,478 - BlankSpaceAnalyzer - INFO - -> Analyzing version 45.0.0-alpha.6 (1149/1240)...
2025-10-31 21:40:09,592 - BlankSpaceAnalyzer - INFO - -> Analyzing version 45.0.0-alpha.7 (1150/1240)...
2025-10-31 21:40:09,707 - BlankSpaceAnalyzer - INFO - -> Analyzing version 45.0.0-alpha.8 (1151/1240)...
2025-10-31 21:40:09,820 - BlankSpaceAnalyzer - INFO - -> Analyzing version 45.0.0-alpha.9 (1152/1240)...
2025-10-31 21:40:09,946 - BlankSpaceAnalyzer - INFO - -> Analyzing version 45.1.0 (1153/1240)...
2025-10-31 21:40:10,066 - BlankSpaceAnalyzer - INFO - -> Analyzing version 45.1.0-alpha.0 (1154/1240)...
2025-10-31 21:40:10,177 - BlankSpaceAnalyzer - INFO - -> Analyzing version 45.1.0-alpha.1 (1155/1240)...
2025-10-31 21:40:10,289 - BlankSpaceAnalyzer - INFO - -> Analyzing version 45.1.0-alpha.2 (1156/1240)...
2025-10-31 21:40:10,405 - BlankSpaceAnalyzer - INFO - -> Analyzing version 45.1.0-alpha.3 (1157/1240)...
2025-10-31 21:40:10,518 - BlankSpaceAnalyzer - INFO - -> Analyzing version 45.1.0-alpha.4 (1158/1240)...
2025-10-31 21:40:10,629 - BlankSpaceAnalyzer - INFO - -> Analyzing version 45.1.0-alpha.5 (1159/1240)...
2025-10-31 21:40:10,744 - BlankSpaceAnalyzer - INFO - -> Analyzing version 45.1.0-alpha.6 (1160/1240)...
2025-10-31 21:40:10,856 - BlankSpaceAnalyzer - INFO - -> Analyzing version 45.1.0-alpha.7 (1161/1240)...
2025-10-31 21:40:10,969 - BlankSpaceAnalyzer - INFO - -> Analyzing version 45.2.0 (1162/1240)...
2025-10-31 21:40:11,084 - BlankSpaceAnalyzer - INFO - -> Analyzing version 45.2.0-alpha.0 (1163/1240)...
2025-10-31 21:40:11,204 - BlankSpaceAnalyzer - INFO - -> Analyzing version 45.2.0-alpha.1 (1164/1240)...
2025-10-31 21:40:11,315 - BlankSpaceAnalyzer - INFO - -> Analyzing version 45.2.0-alpha.2 (1165/1240)...
2025-10-31 21:40:11,432 - BlankSpaceAnalyzer - INFO - -> Analyzing version 45.2.0-alpha.3 (1166/1240)...
2025-10-31 21:40:11,549 - BlankSpaceAnalyzer - INFO - -> Analyzing version 45.2.0-alpha.4 (1167/1240)...
2025-10-31 21:40:11,662 - BlankSpaceAnalyzer - INFO - -> Analyzing version 45.2.0-alpha.5 (1168/1240)...
2025-10-31 21:40:11,778 - BlankSpaceAnalyzer - INFO - -> Analyzing version 45.2.0-alpha.6 (1169/1240)...
2025-10-31 21:40:11,898 - BlankSpaceAnalyzer - INFO - -> Analyzing version 45.2.0-alpha.7 (1170/1240)...
2025-10-31 21:40:12,013 - BlankSpaceAnalyzer - INFO - -> Analyzing version 45.2.1 (1171/1240)...
2025-10-31 21:40:12,130 - BlankSpaceAnalyzer - INFO - -> Analyzing version 45.2.1-alpha.0 (1172/1240)...
2025-10-31 21:40:12,253 - BlankSpaceAnalyzer - INFO - -> Analyzing version 45.2.1-alpha.1 (1173/1240)...
2025-10-31 21:40:12,374 - BlankSpaceAnalyzer - INFO - -> Analyzing version 45.2.1-alpha.10 (1174/1240)...
2025-10-31 21:40:12,486 - BlankSpaceAnalyzer - INFO - -> Analyzing version 45.2.1-alpha.2 (1175/1240)...
2025-10-31 21:40:12,599 - BlankSpaceAnalyzer - INFO - -> Analyzing version 45.2.1-alpha.3 (1176/1240)...
2025-10-31 21:40:12,718 - BlankSpaceAnalyzer - INFO - -> Analyzing version 45.2.1-alpha.4 (1177/1240)...
2025-10-31 21:40:12,831 - BlankSpaceAnalyzer - INFO - -> Analyzing version 45.2.1-alpha.5 (1178/1240)...
2025-10-31 21:40:12,944 - BlankSpaceAnalyzer - INFO - -> Analyzing version 45.2.1-alpha.6 (1179/1240)...
2025-10-31 21:40:13,059 - BlankSpaceAnalyzer - INFO - -> Analyzing version 45.2.1-alpha.7 (1180/1240)...
2025-10-31 21:40:13,181 - BlankSpaceAnalyzer - INFO - -> Analyzing version 45.2.1-alpha.8 (1181/1240)...
2025-10-31 21:40:13,295 - BlankSpaceAnalyzer - INFO - -> Analyzing version 45.2.1-alpha.9 (1182/1240)...
2025-10-31 21:40:13,411 - BlankSpaceAnalyzer - INFO - -> Analyzing version 45.2.2 (1183/1240)...
2025-10-31 21:40:13,536 - BlankSpaceAnalyzer - INFO - -> Analyzing version 46.0.0 (1184/1240)...
2025-10-31 21:40:13,646 - BlankSpaceAnalyzer - INFO - -> Analyzing version 46.0.0-alpha.0 (1185/1240)...
2025-10-31 21:40:13,760 - BlankSpaceAnalyzer - INFO - -> Analyzing version 46.0.0-alpha.1 (1186/1240)...
2025-10-31 21:40:13,874 - BlankSpaceAnalyzer - INFO - -> Analyzing version 46.0.0-alpha.2 (1187/1240)...
2025-10-31 21:40:13,988 - BlankSpaceAnalyzer - INFO - -> Analyzing version 46.0.0-alpha.3 (1188/1240)...
2025-10-31 21:40:14,104 - BlankSpaceAnalyzer - INFO - -> Analyzing version 46.0.0-alpha.4 (1189/1240)...
2025-10-31 21:40:14,221 - BlankSpaceAnalyzer - INFO - -> Analyzing version 46.0.0-alpha.5 (1190/1240)...
2025-10-31 21:40:14,335 - BlankSpaceAnalyzer - INFO - -> Analyzing version 46.0.0-alpha.6 (1191/1240)...
2025-10-31 21:40:14,452 - BlankSpaceAnalyzer - INFO - -> Analyzing version 46.0.0-alpha.7 (1192/1240)...
2025-10-31 21:40:14,573 - BlankSpaceAnalyzer - INFO - -> Analyzing version 46.0.0-alpha.8 (1193/1240)...
2025-10-31 21:40:14,698 - BlankSpaceAnalyzer - INFO - -> Analyzing version 46.0.1 (1194/1240)...
2025-10-31 21:40:14,814 - BlankSpaceAnalyzer - INFO - -> Analyzing version 46.0.1-alpha.0 (1195/1240)...
2025-10-31 21:40:14,927 - BlankSpaceAnalyzer - INFO - -> Analyzing version 46.0.1-alpha.1 (1196/1240)...
2025-10-31 21:40:15,046 - BlankSpaceAnalyzer - INFO - -> Analyzing version 46.0.1-alpha.10 (1197/1240)...
2025-10-31 21:40:15,169 - BlankSpaceAnalyzer - INFO - -> Analyzing version 46.0.1-alpha.11 (1198/1240)...
2025-10-31 21:40:15,282 - BlankSpaceAnalyzer - INFO - -> Analyzing version 46.0.1-alpha.12 (1199/1240)...
2025-10-31 21:40:15,406 - BlankSpaceAnalyzer - INFO - -> Analyzing version 46.0.1-alpha.13 (1200/1240)...
2025-10-31 21:40:15,522 - BlankSpaceAnalyzer - INFO - -> Analyzing version 46.0.1-alpha.14 (1201/1240)...
2025-10-31 21:40:15,641 - BlankSpaceAnalyzer - INFO - -> Analyzing version 46.0.1-alpha.2 (1202/1240)...
2025-10-31 21:40:15,756 - BlankSpaceAnalyzer - INFO - -> Analyzing version 46.0.1-alpha.3 (1203/1240)...
2025-10-31 21:40:15,877 - BlankSpaceAnalyzer - INFO - -> Analyzing version 46.0.1-alpha.4 (1204/1240)...
2025-10-31 21:40:15,991 - BlankSpaceAnalyzer - INFO - -> Analyzing version 46.0.1-alpha.5 (1205/1240)...
2025-10-31 21:40:16,108 - BlankSpaceAnalyzer - INFO - -> Analyzing version 46.0.1-alpha.6 (1206/1240)...
2025-10-31 21:40:16,224 - BlankSpaceAnalyzer - INFO - -> Analyzing version 46.0.1-alpha.7 (1207/1240)...
2025-10-31 21:40:16,341 - BlankSpaceAnalyzer - INFO - -> Analyzing version 46.0.1-alpha.8 (1208/1240)...
2025-10-31 21:40:16,457 - BlankSpaceAnalyzer - INFO - -> Analyzing version 46.0.1-alpha.9 (1209/1240)...
2025-10-31 21:40:16,582 - BlankSpaceAnalyzer - INFO - -> Analyzing version 46.0.2 (1210/1240)...
2025-10-31 21:40:16,698 - BlankSpaceAnalyzer - INFO - -> Analyzing version 46.0.2-alpha.0 (1211/1240)...
2025-10-31 21:40:16,814 - BlankSpaceAnalyzer - INFO - -> Analyzing version 46.0.2-alpha.1 (1212/1240)...
2025-10-31 21:40:16,928 - BlankSpaceAnalyzer - INFO - -> Analyzing version 46.0.3 (1213/1240)...
2025-10-31 21:40:17,046 - BlankSpaceAnalyzer - INFO - -> Analyzing version 46.1.0 (1214/1240)...
2025-10-31 21:40:17,169 - BlankSpaceAnalyzer - INFO - -> Analyzing version 46.1.0-alpha.0 (1215/1240)...
2025-10-31 21:40:17,287 - BlankSpaceAnalyzer - INFO - -> Analyzing version 46.1.0-alpha.1 (1216/1240)...
2025-10-31 21:40:17,407 - BlankSpaceAnalyzer - INFO - -> Analyzing version 46.1.0-alpha.2 (1217/1240)...
2025-10-31 21:40:17,523 - BlankSpaceAnalyzer - INFO - -> Analyzing version 46.1.1 (1218/1240)...
2025-10-31 21:40:17,644 - BlankSpaceAnalyzer - INFO - -> Analyzing version 46.1.1-alpha.0 (1219/1240)...
2025-10-31 21:40:17,773 - BlankSpaceAnalyzer - INFO - -> Analyzing version 46.1.1-alpha.1 (1220/1240)...
2025-10-31 21:40:17,892 - BlankSpaceAnalyzer - INFO - -> Analyzing version 46.1.1-alpha.2 (1221/1240)...
2025-10-31 21:40:18,009 - BlankSpaceAnalyzer - INFO - -> Analyzing version 46.1.1-alpha.3 (1222/1240)...
2025-10-31 21:40:18,125 - BlankSpaceAnalyzer - INFO - -> Analyzing version 47.0.0 (1223/1240)...
2025-10-31 21:40:18,240 - BlankSpaceAnalyzer - INFO - -> Analyzing version 47.0.0-alpha.0 (1224/1240)...
2025-10-31 21:40:18,357 - BlankSpaceAnalyzer - INFO - -> Analyzing version 47.0.0-alpha.1 (1225/1240)...
2025-10-31 21:40:18,476 - BlankSpaceAnalyzer - INFO - -> Analyzing version 47.0.0-alpha.2 (1226/1240)...
2025-10-31 21:40:18,589 - BlankSpaceAnalyzer - INFO - -> Analyzing version 47.0.0-alpha.3 (1227/1240)...
2025-10-31 21:40:18,707 - BlankSpaceAnalyzer - INFO - -> Analyzing version 47.0.0-alpha.4 (1228/1240)...
2025-10-31 21:40:18,830 - BlankSpaceAnalyzer - INFO - -> Analyzing version 47.0.0-alpha.5 (1229/1240)...
2025-10-31 21:40:18,953 - BlankSpaceAnalyzer - INFO - -> Analyzing version 47.0.0-alpha.6 (1230/1240)...
2025-10-31 21:40:19,078 - BlankSpaceAnalyzer - INFO - -> Analyzing version 47.0.0-alpha.7 (1231/1240)...
2025-10-31 21:40:19,194 - BlankSpaceAnalyzer - INFO - -> Analyzing version 47.0.0-alpha.8 (1232/1240)...
2025-10-31 21:40:19,309 - BlankSpaceAnalyzer - INFO - -> Analyzing version 47.0.0-alpha.9 (1233/1240)...
2025-10-31 21:40:19,429 - BlankSpaceAnalyzer - INFO - -> Analyzing version 47.1.0 (1234/1240)...
2025-10-31 21:40:19,550 - BlankSpaceAnalyzer - INFO - -> Analyzing version 47.1.0-alpha.0 (1235/1240)...
2025-10-31 21:40:19,668 - BlankSpaceAnalyzer - INFO - -> Analyzing version 47.1.0-alpha.1 (1236/1240)...
2025-10-31 21:40:19,782 - BlankSpaceAnalyzer - INFO - -> Analyzing version 47.1.0-alpha.2 (1237/1240)...
2025-10-31 21:40:19,902 - BlankSpaceAnalyzer - INFO - -> Analyzing version 47.2.0-alpha.0 (1238/1240)...
2025-10-31 21:40:20,019 - BlankSpaceAnalyzer - INFO - -> Analyzing version 47.2.0-alpha.1 (1239/1240)...
2025-10-31 21:40:20,136 - BlankSpaceAnalyzer - INFO - -> Analyzing version 47.2.0-alpha.2 (1240/1240)...
2025-10-31 21:40:20,260 - BlankSpaceAnalyzer - INFO - Exporting results for '@ckeditor/ckeditor5-basic-styles' to CSV...
2025-10-31 21:40:23,510 - BlankSpaceAnalyzer - INFO - Reports saved in: /app/npm_results/@ckeditor_ckeditor5-basic-styles
2025-10-31 21:40:23,522 - NPM_Analyzer - INFO - Cleaning temporary folder 'temp/@ckeditor_ckeditor5-basic-styles'...
2025-10-31 21:40:29,612 - NPM_Analyzer - INFO - Cleanup completed.
