2025-11-13 02:18:55,827 - NPM_HUT_Analyzer - INFO - Recupero metadata per 'react-native'...
2025-11-13 02:18:56,115 - NPM_HUT_Analyzer - INFO - Trovate 2377 versioni. Inizio download in 'temp_hut/react-native'...
2025-11-13 04:47:54,022 - UnicodeAnalyzer - INFO - Analizzando 2377 versioni per '*.js' in 'react-native'.
2025-11-13 04:47:54,023 - UnicodeAnalyzer - INFO - -> Analizzando versione 0.0.0 (1/2377)...
2025-11-13 04:47:54,023 - UnicodeAnalyzer - INFO - -> Analizzando versione 0.0.0-0060b5de5 (2/2377)...
2025-11-13 04:47:54,096 - UnicodeAnalyzer - INFO - Filtrati 6 file (es. in /dist, /test).
2025-11-13 04:47:54,417 - UnicodeAnalyzer - INFO - -> Analizzando versione 0.0.0-006f5afe1 (3/2377)...
2025-11-13 04:47:54,537 - UnicodeAnalyzer - INFO - Filtrati 8 file (es. in /dist, /test).
2025-11-13 04:47:54,954 - UnicodeAnalyzer - INFO - -> Analizzando versione 0.0.0-00b3cbfa9 (4/2377)...
2025-11-13 04:47:55,056 - UnicodeAnalyzer - INFO - Filtrati 5 file (es. in /dist, /test).
2025-11-13 04:47:55,416 - UnicodeAnalyzer - INFO - -> Analizzando versione 0.0.0-00bc09c8f (5/2377)...
2025-11-13 04:47:55,542 - UnicodeAnalyzer - INFO - Filtrati 8 file (es. in /dist, /test).
2025-11-13 04:47:55,884 - UnicodeAnalyzer - INFO - -> Analizzando versione 0.0.0-00bc73f62 (6/2377)...
2025-11-13 04:47:55,955 - UnicodeAnalyzer - INFO - Filtrati 6 file (es. in /dist, /test).
2025-11-13 04:47:56,294 - UnicodeAnalyzer - INFO - -> Analizzando versione 0.0.0-00e623ddb (7/2377)...
2025-11-13 04:47:56,392 - UnicodeAnalyzer - INFO - Filtrati 6 file (es. in /dist, /test).
2025-11-13 04:47:56,704 - UnicodeAnalyzer - INFO - -> Analizzando versione 0.0.0-02fed0634 (8/2377)...
2025-11-13 04:47:56,772 - UnicodeAnalyzer - INFO - Filtrati 6 file (es. in /dist, /test).
2025-11-13 04:47:57,055 - UnicodeAnalyzer - INFO - -> Analizzando versione 0.0.0-03385ac1d (9/2377)...
2025-11-13 04:47:57,176 - UnicodeAnalyzer - INFO - Filtrati 5 file (es. in /dist, /test).
2025-11-13 04:47:57,566 - UnicodeAnalyzer - INFO - -> Analizzando versione 0.0.0-0416f77ce (10/2377)...
2025-11-13 04:47:57,621 - UnicodeAnalyzer - INFO - Filtrati 6 file (es. in /dist, /test).
2025-11-13 04:47:57,975 - UnicodeAnalyzer - INFO - -> Analizzando versione 0.0.0-045d8fe8c (11/2377)...
2025-11-13 04:47:58,042 - UnicodeAnalyzer - INFO - Filtrati 6 file (es. in /dist, /test).
2025-11-13 04:47:58,404 - UnicodeAnalyzer - INFO - -> Analizzando versione 0.0.0-046b02628-20211005-2008 (12/2377)...
2025-11-13 04:47:58,505 - UnicodeAnalyzer - INFO - Filtrati 8 file (es. in /dist, /test).
2025-11-13 04:47:58,829 - UnicodeAnalyzer - INFO - -> Analizzando versione 0.0.0-0569221af (13/2377)...
2025-11-13 04:47:58,923 - UnicodeAnalyzer - INFO - Filtrati 5 file (es. in /dist, /test).
2025-11-13 04:47:59,208 - UnicodeAnalyzer - INFO - -> Analizzando versione 0.0.0-05e2ec601 (14/2377)...
2025-11-13 04:47:59,298 - UnicodeAnalyzer - INFO - Filtrati 5 file (es. in /dist, /test).
2025-11-13 04:47:59,588 - UnicodeAnalyzer - INFO - -> Analizzando versione 0.0.0-0675beee1 (15/2377)...
2025-11-13 04:47:59,631 - UnicodeAnalyzer - INFO - Filtrati 6 file (es. in /dist, /test).
2025-11-13 04:47:59,880 - UnicodeAnalyzer - INFO - -> Analizzando versione 0.0.0-07722cf74 (16/2377)...
2025-11-13 04:47:59,923 - UnicodeAnalyzer - INFO - Filtrati 6 file (es. in /dist, /test).
2025-11-13 04:48:00,213 - UnicodeAnalyzer - INFO - -> Analizzando versione 0.0.0-078e38602 (17/2377)...
2025-11-13 04:48:00,261 - UnicodeAnalyzer - INFO - Filtrati 5 file (es. in /dist, /test).
2025-11-13 04:48:00,487 - UnicodeAnalyzer - INFO - -> Analizzando versione 0.0.0-07e495351 (18/2377)...
2025-11-13 04:48:00,589 - UnicodeAnalyzer - INFO - Filtrati 8 file (es. in /dist, /test).
2025-11-13 04:48:00,810 - UnicodeAnalyzer - INFO - -> Analizzando versione 0.0.0-07f9d2113 (19/2377)...
2025-11-13 04:48:00,908 - UnicodeAnalyzer - INFO - Filtrati 8 file (es. in /dist, /test).
2025-11-13 04:48:01,174 - UnicodeAnalyzer - INFO - -> Analizzando versione 0.0.0-08ef1df1b (20/2377)...
2025-11-13 04:48:01,273 - UnicodeAnalyzer - INFO - Filtrati 8 file (es. in /dist, /test).
2025-11-13 04:48:01,529 - UnicodeAnalyzer - INFO - -> Analizzando versione 0.0.0-09f360b13 (21/2377)...
2025-11-13 04:48:01,611 - UnicodeAnalyzer - INFO - Filtrati 6 file (es. in /dist, /test).
2025-11-13 04:48:01,840 - UnicodeAnalyzer - INFO - -> Analizzando versione 0.0.0-0a0d2c990 (22/2377)...
2025-11-13 04:48:01,890 - UnicodeAnalyzer - INFO - Filtrati 6 file (es. in /dist, /test).
2025-11-13 04:48:02,139 - UnicodeAnalyzer - INFO - -> Analizzando versione 0.0.0-0a6713312 (23/2377)...
2025-11-13 04:48:02,190 - UnicodeAnalyzer - INFO - Filtrati 5 file (es. in /dist, /test).
2025-11-13 04:48:02,450 - UnicodeAnalyzer - INFO - -> Analizzando versione 0.0.0-0afba0e90 (24/2377)...
2025-11-13 04:48:02,547 - UnicodeAnalyzer - INFO - Filtrati 8 file (es. in /dist, /test).
2025-11-13 04:48:02,812 - UnicodeAnalyzer - INFO - -> Analizzando versione 0.0.0-0b371304a (25/2377)...
2025-11-13 04:48:02,912 - UnicodeAnalyzer - INFO - Filtrati 8 file (es. in /dist, /test).
2025-11-13 04:48:03,138 - UnicodeAnalyzer - INFO - -> Analizzando versione 0.0.0-0b96ada9a (26/2377)...
2025-11-13 04:48:03,184 - UnicodeAnalyzer - INFO - Filtrati 6 file (es. in /dist, /test).
2025-11-13 04:48:03,410 - UnicodeAnalyzer - INFO - -> Analizzando versione 0.0.0-0bbb51e8c (27/2377)...
2025-11-13 04:48:03,508 - UnicodeAnalyzer - INFO - Filtrati 8 file (es. in /dist, /test).
2025-11-13 04:48:03,717 - UnicodeAnalyzer - INFO - -> Analizzando versione 0.0.0-0c392bc40 (28/2377)...
2025-11-13 04:48:03,759 - UnicodeAnalyzer - INFO - Filtrati 6 file (es. in /dist, /test).
2025-11-13 04:48:03,984 - UnicodeAnalyzer - INFO - -> Analizzando versione 0.0.0-0d32aef3a (29/2377)...
2025-11-13 04:48:04,082 - UnicodeAnalyzer - INFO - Filtrati 8 file (es. in /dist, /test).
2025-11-13 04:48:04,279 - UnicodeAnalyzer - INFO - -> Analizzando versione 0.0.0-0f0c9866c (30/2377)...
2025-11-13 04:48:04,349 - UnicodeAnalyzer - INFO - Filtrati 5 file (es. in /dist, /test).
2025-11-13 04:48:04,583 - UnicodeAnalyzer - INFO - -> Analizzando versione 0.0.0-0f24b1bab (31/2377)...
2025-11-13 04:48:04,624 - UnicodeAnalyzer - INFO - Filtrati 6 file (es. in /dist, /test).
2025-11-13 04:48:04,887 - UnicodeAnalyzer - INFO - -> Analizzando versione 0.0.0-10ab64888 (32/2377)...
2025-11-13 04:48:04,982 - UnicodeAnalyzer - INFO - Filtrati 8 file (es. in /dist, /test).
2025-11-13 04:48:05,231 - UnicodeAnalyzer - INFO - -> Analizzando versione 0.0.0-10b4b9505 (33/2377)...
2025-11-13 04:48:05,277 - UnicodeAnalyzer - INFO - Filtrati 6 file (es. in /dist, /test).
2025-11-13 04:48:05,551 - UnicodeAnalyzer - INFO - -> Analizzando versione 0.0.0-111aab590 (34/2377)...
2025-11-13 04:48:05,610 - UnicodeAnalyzer - INFO - Filtrati 6 file (es. in /dist, /test).
2025-11-13 04:48:05,843 - UnicodeAnalyzer - INFO - -> Analizzando versione 0.0.0-116359998 (35/2377)...
2025-11-13 04:48:05,936 - UnicodeAnalyzer - INFO - Filtrati 8 file (es. in /dist, /test).
2025-11-13 04:48:06,209 - UnicodeAnalyzer - INFO - -> Analizzando versione 0.0.0-12543d557 (36/2377)...
2025-11-13 04:48:06,254 - UnicodeAnalyzer - INFO - Filtrati 6 file (es. in /dist, /test).
2025-11-13 04:48:06,498 - UnicodeAnalyzer - INFO - -> Analizzando versione 0.0.0-1433ed633 (37/2377)...
2025-11-13 04:48:06,593 - UnicodeAnalyzer - INFO - Filtrati 7 file (es. in /dist, /test).
2025-11-13 04:48:06,856 - UnicodeAnalyzer - INFO - -> Analizzando versione 0.0.0-1511bfa02 (38/2377)...
2025-11-13 04:48:06,903 - UnicodeAnalyzer - INFO - Filtrati 6 file (es. in /dist, /test).
2025-11-13 04:48:07,192 - UnicodeAnalyzer - INFO - -> Analizzando versione 0.0.0-157d5956e (39/2377)...
2025-11-13 04:48:07,300 - UnicodeAnalyzer - INFO - Filtrati 8 file (es. in /dist, /test).
2025-11-13 04:48:07,514 - UnicodeAnalyzer - INFO - -> Analizzando versione 0.0.0-16bb2ae4f (40/2377)...
2025-11-13 04:48:07,616 - UnicodeAnalyzer - INFO - Filtrati 8 file (es. in /dist, /test).
2025-11-13 04:48:07,828 - UnicodeAnalyzer - INFO - -> Analizzando versione 0.0.0-16ea9ba81 (41/2377)...
2025-11-13 04:48:07,915 - UnicodeAnalyzer - INFO - Filtrati 5 file (es. in /dist, /test).
2025-11-13 04:48:08,118 - UnicodeAnalyzer - INFO - -> Analizzando versione 0.0.0-16efb8dd5 (42/2377)...
2025-11-13 04:48:08,211 - UnicodeAnalyzer - INFO - Filtrati 8 file (es. in /dist, /test).
2025-11-13 04:48:08,436 - UnicodeAnalyzer - INFO - -> Analizzando versione 0.0.0-17be3a003 (43/2377)...
2025-11-13 04:48:08,531 - UnicodeAnalyzer - INFO - Filtrati 8 file (es. in /dist, /test).
2025-11-13 04:48:08,782 - UnicodeAnalyzer - INFO - -> Analizzando versione 0.0.0-18697adec (44/2377)...
2025-11-13 04:48:08,877 - UnicodeAnalyzer - INFO - Filtrati 8 file (es. in /dist, /test).
2025-11-13 04:48:09,167 - UnicodeAnalyzer - INFO - -> Analizzando versione 0.0.0-187fc09b9 (45/2377)...
2025-11-13 04:48:09,211 - UnicodeAnalyzer - INFO - Filtrati 6 file (es. in /dist, /test).
2025-11-13 04:48:09,476 - UnicodeAnalyzer - INFO - -> Analizzando versione 0.0.0-18f29db5a (46/2377)...
2025-11-13 04:48:09,519 - UnicodeAnalyzer - INFO - Filtrati 6 file (es. in /dist, /test).
2025-11-13 04:48:09,753 - UnicodeAnalyzer - INFO - -> Analizzando versione 0.0.0-1908d50ba (47/2377)...
2025-11-13 04:48:09,820 - UnicodeAnalyzer - INFO - Filtrati 5 file (es. in /dist, /test).
2025-11-13 04:48:10,097 - UnicodeAnalyzer - INFO - -> Analizzando versione 0.0.0-19658a1a6 (48/2377)...
2025-11-13 04:48:10,139 - UnicodeAnalyzer - INFO - Filtrati 5 file (es. in /dist, /test).
2025-11-13 04:48:10,419 - UnicodeAnalyzer - INFO - -> Analizzando versione 0.0.0-19695ed6a (49/2377)...
2025-11-13 04:48:10,461 - UnicodeAnalyzer - INFO - Filtrati 6 file (es. in /dist, /test).
2025-11-13 04:48:10,706 - UnicodeAnalyzer - INFO - -> Analizzando versione 0.0.0-19d4cc2d4 (50/2377)...
2025-11-13 04:48:10,765 - UnicodeAnalyzer - INFO - Filtrati 6 file (es. in /dist, /test).
2025-11-13 04:48:11,002 - UnicodeAnalyzer - INFO - -> Analizzando versione 0.0.0-1a8d64146 (51/2377)...
2025-11-13 04:48:11,098 - UnicodeAnalyzer - INFO - Filtrati 7 file (es. in /dist, /test).
2025-11-13 04:48:11,384 - UnicodeAnalyzer - INFO - -> Analizzando versione 0.0.0-1ae76bf0d (52/2377)...
2025-11-13 04:48:11,459 - UnicodeAnalyzer - INFO - Filtrati 6 file (es. in /dist, /test).
2025-11-13 04:48:11,696 - UnicodeAnalyzer - INFO - -> Analizzando versione 0.0.0-1b0683533 (53/2377)...
2025-11-13 04:48:11,796 - UnicodeAnalyzer - INFO - Filtrati 8 file (es. in /dist, /test).
2025-11-13 04:48:12,053 - UnicodeAnalyzer - INFO - -> Analizzando versione 0.0.0-1b592631a (54/2377)...
2025-11-13 04:48:12,150 - UnicodeAnalyzer - INFO - Filtrati 8 file (es. in /dist, /test).
2025-11-13 04:48:12,411 - UnicodeAnalyzer - INFO - -> Analizzando versione 0.0.0-1bc06f18c (55/2377)...
2025-11-13 04:48:12,508 - UnicodeAnalyzer - INFO - Filtrati 8 file (es. in /dist, /test).
2025-11-13 04:48:12,789 - UnicodeAnalyzer - INFO - -> Analizzando versione 0.0.0-1cc222938 (56/2377)...
2025-11-13 04:48:12,887 - UnicodeAnalyzer - INFO - Filtrati 8 file (es. in /dist, /test).
2025-11-13 04:48:13,157 - UnicodeAnalyzer - INFO - -> Analizzando versione 0.0.0-1d05d46e6 (57/2377)...
2025-11-13 04:48:13,200 - UnicodeAnalyzer - INFO - Filtrati 6 file (es. in /dist, /test).
2025-11-13 04:48:13,469 - UnicodeAnalyzer - INFO - -> Analizzando versione 0.0.0-1d924549c (58/2377)...
2025-11-13 04:48:13,570 - UnicodeAnalyzer - INFO - Filtrati 8 file (es. in /dist, /test).
2025-11-13 04:48:13,786 - UnicodeAnalyzer - INFO - -> Analizzando versione 0.0.0-1da2369b9 (59/2377)...
2025-11-13 04:48:13,884 - UnicodeAnalyzer - INFO - Filtrati 8 file (es. in /dist, /test).
2025-11-13 04:48:14,125 - UnicodeAnalyzer - INFO - -> Analizzando versione 0.0.0-1e39d8b82 (60/2377)...
2025-11-13 04:48:14,222 - UnicodeAnalyzer - INFO - Filtrati 8 file (es. in /dist, /test).
2025-11-13 04:48:14,436 - UnicodeAnalyzer - INFO - -> Analizzando versione 0.0.0-1e6fddbe0 (61/2377)...
2025-11-13 04:48:14,534 - UnicodeAnalyzer - INFO - Filtrati 8 file (es. in /dist, /test).
2025-11-13 04:48:14,773 - UnicodeAnalyzer - INFO - -> Analizzando versione 0.0.0-1e9f63fe2 (62/2377)...
2025-11-13 04:48:14,870 - UnicodeAnalyzer - INFO - Filtrati 8 file (es. in /dist, /test).
2025-11-13 04:48:15,130 - UnicodeAnalyzer - INFO - -> Analizzando versione 0.0.0-1ee16fc2f-20210930-2008 (63/2377)...
2025-11-13 04:48:15,229 - UnicodeAnalyzer - INFO - Filtrati 8 file (es. in /dist, /test).
2025-11-13 04:48:15,515 - UnicodeAnalyzer - INFO - -> Analizzando versione 0.0.0-1fe5cac52 (64/2377)...
2025-11-13 04:48:15,610 - UnicodeAnalyzer - INFO - Filtrati 8 file (es. in /dist, /test).
2025-11-13 04:48:15,885 - UnicodeAnalyzer - INFO - -> Analizzando versione 0.0.0-201c10733 (65/2377)...
2025-11-13 04:48:15,988 - UnicodeAnalyzer - INFO - Filtrati 7 file (es. in /dist, /test).
2025-11-13 04:48:16,249 - UnicodeAnalyzer - INFO - -> Analizzando versione 0.0.0-20211014-2009-678f2cb93 (66/2377)...
2025-11-13 04:48:16,347 - UnicodeAnalyzer - INFO - Filtrati 8 file (es. in /dist, /test).
2025-11-13 04:48:16,594 - UnicodeAnalyzer - INFO - -> Analizzando versione 0.0.0-20211015-2009-b5b1fa5f1 (67/2377)...
2025-11-13 04:48:16,686 - UnicodeAnalyzer - INFO - Filtrati 8 file (es. in /dist, /test).
2025-11-13 04:48:16,975 - UnicodeAnalyzer - INFO - -> Analizzando versione 0.0.0-20211016-2009-e1b698c5f (68/2377)...
2025-11-13 04:48:17,048 - UnicodeAnalyzer - INFO - Filtrati 8 file (es. in /dist, /test).
2025-11-13 04:48:17,324 - UnicodeAnalyzer - INFO - -> Analizzando versione 0.0.0-20211017-2009-f1b5fe1d3 (69/2377)...
2025-11-13 04:48:17,393 - UnicodeAnalyzer - INFO - Filtrati 8 file (es. in /dist, /test).
2025-11-13 04:48:17,756 - UnicodeAnalyzer - INFO - -> Analizzando versione 0.0.0-20211018-2008-0c0750018 (70/2377)...
2025-11-13 04:48:17,819 - UnicodeAnalyzer - INFO - Filtrati 8 file (es. in /dist, /test).
2025-11-13 04:48:18,113 - UnicodeAnalyzer - INFO - -> Analizzando versione 0.0.0-20211019-2008-d5689b959 (71/2377)...
2025-11-13 04:48:18,163 - UnicodeAnalyzer - INFO - Filtrati 8 file (es. in /dist, /test).
2025-11-13 04:48:18,462 - UnicodeAnalyzer - INFO - -> Analizzando versione 0.0.0-20211020-2008-c7d0c94bf (72/2377)...
2025-11-13 04:48:18,516 - UnicodeAnalyzer - INFO - Filtrati 8 file (es. in /dist, /test).
2025-11-13 04:48:18,816 - UnicodeAnalyzer - INFO - -> Analizzando versione 0.0.0-20211021-2008-eccbf9b5c (73/2377)...
2025-11-13 04:48:18,898 - UnicodeAnalyzer - INFO - Filtrati 8 file (es. in /dist, /test).
2025-11-13 04:48:19,181 - UnicodeAnalyzer - INFO - -> Analizzando versione 0.0.0-20211022-2009-4b25a0aaa (74/2377)...
2025-11-13 04:48:19,262 - UnicodeAnalyzer - INFO - Filtrati 8 file (es. in /dist, /test).
2025-11-13 04:48:19,533 - UnicodeAnalyzer - INFO - -> Analizzando versione 0.0.0-20211023-2008-ebe5417c7 (75/2377)...
2025-11-13 04:48:19,616 - UnicodeAnalyzer - INFO - Filtrati 8 file (es. in /dist, /test).
2025-11-13 04:48:19,918 - UnicodeAnalyzer - INFO - -> Analizzando versione 0.0.0-20211024-2008-ebe5417c7 (76/2377)...
2025-11-13 04:48:20,005 - UnicodeAnalyzer - INFO - Filtrati 8 file (es. in /dist, /test).
2025-11-13 04:48:20,280 - UnicodeAnalyzer - INFO - -> Analizzando versione 0.0.0-20211025-2008-8b5652201 (77/2377)...
2025-11-13 04:48:20,371 - UnicodeAnalyzer - INFO - Filtrati 8 file (es. in /dist, /test).
2025-11-13 04:48:20,645 - UnicodeAnalyzer - INFO - -> Analizzando versione 0.0.0-20211026-2008-456cf3db1 (78/2377)...
2025-11-13 04:48:20,726 - UnicodeAnalyzer - INFO - Filtrati 8 file (es. in /dist, /test).
2025-11-13 04:48:21,001 - UnicodeAnalyzer - INFO - -> Analizzando versione 0.0.0-20211027-2008-25605fb6c (79/2377)...
2025-11-13 04:48:21,100 - UnicodeAnalyzer - INFO - Filtrati 8 file (es. in /dist, /test).
2025-11-13 04:48:21,387 - UnicodeAnalyzer - INFO - -> Analizzando versione 0.0.0-20211028-2008-61e1b6f86 (80/2377)...
2025-11-13 04:48:21,484 - UnicodeAnalyzer - INFO - Filtrati 8 file (es. in /dist, /test).
2025-11-13 04:48:21,738 - UnicodeAnalyzer - INFO - -> Analizzando versione 0.0.0-20211029-2008-70785e3d5 (81/2377)...
2025-11-13 04:48:21,829 - UnicodeAnalyzer - INFO - Filtrati 8 file (es. in /dist, /test).
2025-11-13 04:48:22,105 - UnicodeAnalyzer - INFO - -> Analizzando versione 0.0.0-20211030-2008-6790cf137 (82/2377)...
2025-11-13 04:48:22,302 - UnicodeAnalyzer - INFO - Filtrati 8 file (es. in /dist, /test).
2025-11-13 04:48:22,591 - UnicodeAnalyzer - INFO - -> Analizzando versione 0.0.0-20211031-2008-6790cf137 (83/2377)...
2025-11-13 04:48:22,694 - UnicodeAnalyzer - INFO - Filtrati 8 file (es. in /dist, /test).
2025-11-13 04:48:23,277 - UnicodeAnalyzer - INFO - -> Analizzando versione 0.0.0-20211101-2009-60352a954 (84/2377)...
2025-11-13 04:48:23,886 - UnicodeAnalyzer - INFO - Filtrati 8 file (es. in /dist, /test).
2025-11-13 04:48:24,161 - UnicodeAnalyzer - INFO - -> Analizzando versione 0.0.0-20211102-2008-8fef52035 (85/2377)...
2025-11-13 04:48:24,262 - UnicodeAnalyzer - INFO - Filtrati 8 file (es. in /dist, /test).
2025-11-13 04:48:24,528 - UnicodeAnalyzer - INFO - -> Analizzando versione 0.0.0-20211103-2008-86491749e (86/2377)...
2025-11-13 04:48:24,660 - UnicodeAnalyzer - INFO - Filtrati 8 file (es. in /dist, /test).
2025-11-13 04:48:24,948 - UnicodeAnalyzer - INFO - -> Analizzando versione 0.0.0-20211104-2008-e918362be (87/2377)...
2025-11-13 04:48:25,050 - UnicodeAnalyzer - INFO - Filtrati 8 file (es. in /dist, /test).
2025-11-13 04:48:25,346 - UnicodeAnalyzer - INFO - -> Analizzando versione 0.0.0-20211105-2008-b7b59aee8 (88/2377)...
2025-11-13 04:48:25,448 - UnicodeAnalyzer - INFO - Filtrati 8 file (es. in /dist, /test).
2025-11-13 04:48:25,746 - UnicodeAnalyzer - INFO - -> Analizzando versione 0.0.0-20211106-2008-ec84a56da (89/2377)...
2025-11-13 04:48:25,841 - UnicodeAnalyzer - INFO - Filtrati 8 file (es. in /dist, /test).
2025-11-13 04:48:26,132 - UnicodeAnalyzer - INFO - -> Analizzando versione 0.0.0-20211107-2008-ec84a56da (90/2377)...
2025-11-13 04:48:26,232 - UnicodeAnalyzer - INFO - Filtrati 8 file (es. in /dist, /test).
2025-11-13 04:48:26,541 - UnicodeAnalyzer - INFO - -> Analizzando versione 0.0.0-20211108-2009-daf37a1fc (91/2377)...
2025-11-13 04:48:26,641 - UnicodeAnalyzer - INFO - Filtrati 8 file (es. in /dist, /test).
2025-11-13 04:48:26,948 - UnicodeAnalyzer - INFO - -> Analizzando versione 0.0.0-20211109-2009-e973b3afc (92/2377)...
2025-11-13 04:48:27,108 - UnicodeAnalyzer - INFO - Filtrati 8 file (es. in /dist, /test).
2025-11-13 04:48:27,452 - UnicodeAnalyzer - INFO - -> Analizzando versione 0.0.0-20211110-2008-83fab36b9 (93/2377)...
2025-11-13 04:48:27,530 - UnicodeAnalyzer - INFO - Filtrati 8 file (es. in /dist, /test).
2025-11-13 04:48:27,821 - UnicodeAnalyzer - INFO - -> Analizzando versione 0.0.0-20211111-2008-2ae06df58 (94/2377)...
2025-11-13 04:48:27,978 - UnicodeAnalyzer - INFO - Filtrati 8 file (es. in /dist, /test).
2025-11-13 04:48:28,282 - UnicodeAnalyzer - INFO - -> Analizzando versione 0.0.0-20211112-2008-a5079987b (95/2377)...
2025-11-13 04:48:28,416 - UnicodeAnalyzer - INFO - Filtrati 8 file (es. in /dist, /test).
2025-11-13 04:48:28,713 - UnicodeAnalyzer - INFO - -> Analizzando versione 0.0.0-20211113-2008-a5079987b (96/2377)...
2025-11-13 04:48:28,821 - UnicodeAnalyzer - INFO - Filtrati 8 file (es. in /dist, /test).
2025-11-13 04:48:29,238 - UnicodeAnalyzer - INFO - -> Analizzando versione 0.0.0-20211114-2008-a5079987b (97/2377)...
2025-11-13 04:48:29,670 - UnicodeAnalyzer - INFO - Filtrati 8 file (es. in /dist, /test).
2025-11-13 04:48:29,935 - UnicodeAnalyzer - INFO - -> Analizzando versione 0.0.0-20211115-2008-79cf25bdb (98/2377)...
2025-11-13 04:48:30,028 - UnicodeAnalyzer - INFO - Filtrati 8 file (es. in /dist, /test).
2025-11-13 04:48:30,322 - UnicodeAnalyzer - INFO - -> Analizzando versione 0.0.0-20211116-2008-1e7da8262 (99/2377)...
2025-11-13 04:48:30,459 - UnicodeAnalyzer - INFO - Filtrati 8 file (es. in /dist, /test).
2025-11-13 04:48:30,760 - UnicodeAnalyzer - INFO - -> Analizzando versione 0.0.0-20211117-2009-aabf7f7b9 (100/2377)...
2025-11-13 04:48:30,862 - UnicodeAnalyzer - INFO - Filtrati 8 file (es. in /dist, /test).
2025-11-13 04:48:31,166 - UnicodeAnalyzer - INFO - -> Analizzando versione 0.0.0-20211118-2009-aa4da248c (101/2377)...
2025-11-13 04:48:31,270 - UnicodeAnalyzer - INFO - Filtrati 8 file (es. in /dist, /test).
2025-11-13 04:48:31,585 - UnicodeAnalyzer - INFO - -> Analizzando versione 0.0.0-20211119-2008-437b06f39 (102/2377)...
2025-11-13 04:48:31,634 - UnicodeAnalyzer - INFO - Filtrati 8 file (es. in /dist, /test).
2025-11-13 04:48:31,986 - UnicodeAnalyzer - INFO - -> Analizzando versione 0.0.0-20211120-2008-26e30a5ee (103/2377)...
2025-11-13 04:48:32,035 - UnicodeAnalyzer - INFO - Filtrati 8 file (es. in /dist, /test).
2025-11-13 04:48:32,424 - UnicodeAnalyzer - INFO - -> Analizzando versione 0.0.0-20211121-2009-26e30a5ee (104/2377)...
2025-11-13 04:48:32,500 - UnicodeAnalyzer - INFO - Filtrati 8 file (es. in /dist, /test).
2025-11-13 04:48:32,805 - UnicodeAnalyzer - INFO - -> Analizzando versione 0.0.0-20211122-2009-527355327 (105/2377)...
2025-11-13 04:48:32,897 - UnicodeAnalyzer - INFO - Filtrati 8 file (es. in /dist, /test).
2025-11-13 04:48:33,220 - UnicodeAnalyzer - INFO - -> Analizzando versione 0.0.0-20211123-2008-31b64c261 (106/2377)...
2025-11-13 04:48:33,313 - UnicodeAnalyzer - INFO - Filtrati 8 file (es. in /dist, /test).
2025-11-13 04:48:33,695 - UnicodeAnalyzer - INFO - -> Analizzando versione 0.0.0-20211124-2008-28aeb7b86 (107/2377)...
2025-11-13 04:48:33,746 - UnicodeAnalyzer - INFO - Filtrati 8 file (es. in /dist, /test).
2025-11-13 04:48:34,051 - UnicodeAnalyzer - INFO - -> Analizzando versione 0.0.0-20211125-2009-3ba237b66 (108/2377)...
2025-11-13 04:48:34,099 - UnicodeAnalyzer - INFO - Filtrati 8 file (es. in /dist, /test).
2025-11-13 04:48:34,394 - UnicodeAnalyzer - INFO - -> Analizzando versione 0.0.0-20211126-2009-e89d494f2 (109/2377)...
2025-11-13 04:48:34,496 - UnicodeAnalyzer - INFO - Filtrati 8 file (es. in /dist, /test).
2025-11-13 04:48:34,790 - UnicodeAnalyzer - INFO - -> Analizzando versione 0.0.0-20211127-2008-e89d494f2 (110/2377)...
2025-11-13 04:48:34,842 - UnicodeAnalyzer - INFO - Filtrati 8 file (es. in /dist, /test).
2025-11-13 04:48:35,165 - UnicodeAnalyzer - INFO - -> Analizzando versione 0.0.0-20211128-2009-e89d494f2 (111/2377)...
2025-11-13 04:48:35,214 - UnicodeAnalyzer - INFO - Filtrati 8 file (es. in /dist, /test).
2025-11-13 04:48:35,510 - UnicodeAnalyzer - INFO - -> Analizzando versione 0.0.0-20211129-2008-d74e71e86 (112/2377)...
2025-11-13 04:48:35,562 - UnicodeAnalyzer - INFO - Filtrati 8 file (es. in /dist, /test).
2025-11-13 04:48:35,854 - UnicodeAnalyzer - INFO - -> Analizzando versione 0.0.0-20211130-2009-79d20a171 (113/2377)...
2025-11-13 04:48:35,902 - UnicodeAnalyzer - INFO - Filtrati 8 file (es. in /dist, /test).
2025-11-13 04:48:36,210 - UnicodeAnalyzer - INFO - -> Analizzando versione 0.0.0-20211201-2009-b2cf24f41 (114/2377)...
2025-11-13 04:48:36,295 - UnicodeAnalyzer - INFO - Filtrati 8 file (es. in /dist, /test).
2025-11-13 04:48:36,567 - UnicodeAnalyzer - INFO - -> Analizzando versione 0.0.0-20211202-2008-9e2ec4d3d (115/2377)...
2025-11-13 04:48:36,643 - UnicodeAnalyzer - INFO - Filtrati 8 file (es. in /dist, /test).
2025-11-13 04:48:36,935 - UnicodeAnalyzer - INFO - -> Analizzando versione 0.0.0-20211203-2008-771ca921b (116/2377)...
2025-11-13 04:48:36,982 - UnicodeAnalyzer - INFO - Filtrati 8 file (es. in /dist, /test).
2025-11-13 04:48:37,363 - UnicodeAnalyzer - INFO - -> Analizzando versione 0.0.0-20211204-2008-583471bc4 (117/2377)...
2025-11-13 04:48:37,413 - UnicodeAnalyzer - INFO - Filtrati 8 file (es. in /dist, /test).
2025-11-13 04:48:37,707 - UnicodeAnalyzer - INFO - -> Analizzando versione 0.0.0-20211205-2008-583471bc4 (118/2377)...
2025-11-13 04:48:37,758 - UnicodeAnalyzer - INFO - Filtrati 8 file (es. in /dist, /test).
2025-11-13 04:48:38,061 - UnicodeAnalyzer - INFO - -> Analizzando versione 0.0.0-20211206-2012-66243271a (119/2377)...
2025-11-13 04:48:38,112 - UnicodeAnalyzer - INFO - Filtrati 8 file (es. in /dist, /test).
2025-11-13 04:48:38,417 - UnicodeAnalyzer - INFO - -> Analizzando versione 0.0.0-20211207-2010-c0710244b (120/2377)...
2025-11-13 04:48:38,467 - UnicodeAnalyzer - INFO - Filtrati 8 file (es. in /dist, /test).
2025-11-13 04:48:38,752 - UnicodeAnalyzer - INFO - -> Analizzando versione 0.0.0-20211208-2009-d393e9490 (121/2377)...
2025-11-13 04:48:38,844 - UnicodeAnalyzer - INFO - Filtrati 8 file (es. in /dist, /test).
2025-11-13 04:48:39,149 - UnicodeAnalyzer - INFO - -> Analizzando versione 0.0.0-20211209-2008-2e3bcdfda (122/2377)...
2025-11-13 04:48:39,204 - UnicodeAnalyzer - INFO - Filtrati 8 file (es. in /dist, /test).
2025-11-13 04:48:39,517 - UnicodeAnalyzer - INFO - -> Analizzando versione 0.0.0-20211210-2009-9b0ed920e (123/2377)...
2025-11-13 04:48:39,634 - UnicodeAnalyzer - INFO - Filtrati 8 file (es. in /dist, /test).
2025-11-13 04:48:39,900 - UnicodeAnalyzer - INFO - -> Analizzando versione 0.0.0-20211211-2008-34efaab3a (124/2377)...
2025-11-13 04:48:40,000 - UnicodeAnalyzer - INFO - Filtrati 8 file (es. in /dist, /test).
2025-11-13 04:48:40,321 - UnicodeAnalyzer - INFO - -> Analizzando versione 0.0.0-20211212-2008-34efaab3a (125/2377)...
2025-11-13 04:48:40,370 - UnicodeAnalyzer - INFO - Filtrati 8 file (es. in /dist, /test).
2025-11-13 04:48:40,670 - UnicodeAnalyzer - INFO - -> Analizzando versione 0.0.0-20211213-2008-4fb49cd55 (126/2377)...
2025-11-13 04:48:40,721 - UnicodeAnalyzer - INFO - Filtrati 8 file (es. in /dist, /test).
2025-11-13 04:48:41,040 - UnicodeAnalyzer - INFO - -> Analizzando versione 0.0.0-20211214-2011-959c6b795 (127/2377)...
2025-11-13 04:48:41,133 - UnicodeAnalyzer - INFO - Filtrati 8 file (es. in /dist, /test).
2025-11-13 04:48:41,464 - UnicodeAnalyzer - INFO - -> Analizzando versione 0.0.0-20211215-2008-f16cbe59e (128/2377)...
2025-11-13 04:48:41,513 - UnicodeAnalyzer - INFO - Filtrati 8 file (es. in /dist, /test).
2025-11-13 04:48:41,801 - UnicodeAnalyzer - INFO - -> Analizzando versione 0.0.0-20211216-2008-8367fc383 (129/2377)...
2025-11-13 04:48:41,853 - UnicodeAnalyzer - INFO - Filtrati 8 file (es. in /dist, /test).
2025-11-13 04:48:42,156 - UnicodeAnalyzer - INFO - -> Analizzando versione 0.0.0-20211217-2008-aef843bfe (130/2377)...
2025-11-13 04:48:42,246 - UnicodeAnalyzer - INFO - Filtrati 8 file (es. in /dist, /test).
2025-11-13 04:48:42,553 - UnicodeAnalyzer - INFO - -> Analizzando versione 0.0.0-20211218-2010-3bd11599c (131/2377)...
2025-11-13 04:48:42,600 - UnicodeAnalyzer - INFO - Filtrati 8 file (es. in /dist, /test).
2025-11-13 04:48:42,863 - UnicodeAnalyzer - INFO - -> Analizzando versione 0.0.0-20211219-2009-3bd11599c (132/2377)...
2025-11-13 04:48:42,906 - UnicodeAnalyzer - INFO - Filtrati 8 file (es. in /dist, /test).
2025-11-13 04:48:43,206 - UnicodeAnalyzer - INFO - -> Analizzando versione 0.0.0-20211220-2008-3e6902244 (133/2377)...
2025-11-13 04:48:43,255 - UnicodeAnalyzer - INFO - Filtrati 8 file (es. in /dist, /test).
2025-11-13 04:48:43,555 - UnicodeAnalyzer - INFO - -> Analizzando versione 0.0.0-20211221-2009-86001da7b (134/2377)...
2025-11-13 04:48:43,662 - UnicodeAnalyzer - INFO - Filtrati 8 file (es. in /dist, /test).
2025-11-13 04:48:43,935 - UnicodeAnalyzer - INFO - -> Analizzando versione 0.0.0-20211222-2009-576313398 (135/2377)...
2025-11-13 04:48:44,014 - UnicodeAnalyzer - INFO - Filtrati 8 file (es. in /dist, /test).
2025-11-13 04:48:44,323 - UnicodeAnalyzer - INFO - -> Analizzando versione 0.0.0-20211223-2009-f85273d48 (136/2377)...
2025-11-13 04:48:44,369 - UnicodeAnalyzer - INFO - Filtrati 8 file (es. in /dist, /test).
2025-11-13 04:48:44,666 - UnicodeAnalyzer - INFO - -> Analizzando versione 0.0.0-20211224-2009-e60f0f503 (137/2377)...
2025-11-13 04:48:44,712 - UnicodeAnalyzer - INFO - Filtrati 8 file (es. in /dist, /test).
2025-11-13 04:48:44,976 - UnicodeAnalyzer - INFO - -> Analizzando versione 0.0.0-20211225-2008-725bffce5 (138/2377)...
2025-11-13 04:48:45,027 - UnicodeAnalyzer - INFO - Filtrati 8 file (es. in /dist, /test).
2025-11-13 04:48:45,317 - UnicodeAnalyzer - INFO - -> Analizzando versione 0.0.0-20211226-2008-725bffce5 (139/2377)...
2025-11-13 04:48:45,364 - UnicodeAnalyzer - INFO - Filtrati 8 file (es. in /dist, /test).
2025-11-13 04:48:45,649 - UnicodeAnalyzer - INFO - -> Analizzando versione 0.0.0-20211227-2008-725bffce5 (140/2377)...
2025-11-13 04:48:45,698 - UnicodeAnalyzer - INFO - Filtrati 8 file (es. in /dist, /test).
2025-11-13 04:48:45,962 - UnicodeAnalyzer - INFO - -> Analizzando versione 0.0.0-20211228-2009-725bffce5 (141/2377)...
2025-11-13 04:48:46,041 - UnicodeAnalyzer - INFO - Filtrati 8 file (es. in /dist, /test).
2025-11-13 04:48:46,325 - UnicodeAnalyzer - INFO - -> Analizzando versione 0.0.0-20211229-2009-f3d0a67a7 (142/2377)...
2025-11-13 04:48:46,374 - UnicodeAnalyzer - INFO - Filtrati 8 file (es. in /dist, /test).
2025-11-13 04:48:46,631 - UnicodeAnalyzer - INFO - -> Analizzando versione 0.0.0-20211230-2008-8c6a98400 (143/2377)...
2025-11-13 04:48:46,681 - UnicodeAnalyzer - INFO - Filtrati 8 file (es. in /dist, /test).
2025-11-13 04:48:46,972 - UnicodeAnalyzer - INFO - -> Analizzando versione 0.0.0-20211231-2009-8bd3edec8 (144/2377)...
2025-11-13 04:48:47,034 - UnicodeAnalyzer - INFO - Filtrati 8 file (es. in /dist, /test).
2025-11-13 04:48:47,357 - UnicodeAnalyzer - INFO - -> Analizzando versione 0.0.0-20220101-2009-e22b760e5 (145/2377)...
2025-11-13 04:48:47,438 - UnicodeAnalyzer - INFO - Filtrati 8 file (es. in /dist, /test).
2025-11-13 04:48:47,738 - UnicodeAnalyzer - INFO - -> Analizzando versione 0.0.0-20220102-2009-e22b760e5 (146/2377)...
2025-11-13 04:48:47,816 - UnicodeAnalyzer - INFO - Filtrati 8 file (es. in /dist, /test).
2025-11-13 04:48:48,099 - UnicodeAnalyzer - INFO - -> Analizzando versione 0.0.0-20220103-2010-c68c47d2b (147/2377)...
2025-11-13 04:48:48,192 - UnicodeAnalyzer - INFO - Filtrati 8 file (es. in /dist, /test).
2025-11-13 04:48:48,462 - UnicodeAnalyzer - INFO - -> Analizzando versione 0.0.0-20220104-2008-d639fe1f3 (148/2377)...
2025-11-13 04:48:48,546 - UnicodeAnalyzer - INFO - Filtrati 8 file (es. in /dist, /test).
2025-11-13 04:48:48,848 - UnicodeAnalyzer - INFO - -> Analizzando versione 0.0.0-20220105-2008-bdd25ed6a (149/2377)...
2025-11-13 04:48:48,939 - UnicodeAnalyzer - INFO - Filtrati 8 file (es. in /dist, /test).
2025-11-13 04:48:49,216 - UnicodeAnalyzer - INFO - -> Analizzando versione 0.0.0-20220106-2009-252b2a63c (150/2377)...
2025-11-13 04:48:49,292 - UnicodeAnalyzer - INFO - Filtrati 8 file (es. in /dist, /test).
2025-11-13 04:48:49,587 - UnicodeAnalyzer - INFO - -> Analizzando versione 0.0.0-20220107-2008-ca5aaa766 (151/2377)...
2025-11-13 04:48:49,671 - UnicodeAnalyzer - INFO - Filtrati 8 file (es. in /dist, /test).
2025-11-13 04:48:49,944 - UnicodeAnalyzer - INFO - -> Analizzando versione 0.0.0-20220108-2009-6be46b0bb (152/2377)...
2025-11-13 04:48:50,030 - UnicodeAnalyzer - INFO - Filtrati 8 file (es. in /dist, /test).
2025-11-13 04:48:50,317 - UnicodeAnalyzer - INFO - -> Analizzando versione 0.0.0-20220109-2008-6be46b0bb (153/2377)...
2025-11-13 04:48:50,407 - UnicodeAnalyzer - INFO - Filtrati 8 file (es. in /dist, /test).
2025-11-13 04:48:50,706 - UnicodeAnalyzer - INFO - -> Analizzando versione 0.0.0-20220110-2008-6be46b0bb (154/2377)...
2025-11-13 04:48:50,782 - UnicodeAnalyzer - INFO - Filtrati 8 file (es. in /dist, /test).
2025-11-13 04:48:51,061 - UnicodeAnalyzer - INFO - -> Analizzando versione 0.0.0-20220111-2009-bd7caa64f (155/2377)...
2025-11-13 04:48:51,116 - UnicodeAnalyzer - INFO - Filtrati 8 file (es. in /dist, /test).
2025-11-13 04:48:51,375 - UnicodeAnalyzer - INFO - -> Analizzando versione 0.0.0-20220112-2008-72d949e25 (156/2377)...
2025-11-13 04:48:51,424 - UnicodeAnalyzer - INFO - Filtrati 8 file (es. in /dist, /test).
2025-11-13 04:48:51,732 - UnicodeAnalyzer - INFO - -> Analizzando versione 0.0.0-20220113-2008-3cf029100 (157/2377)...
2025-11-13 04:48:51,785 - UnicodeAnalyzer - INFO - Filtrati 8 file (es. in /dist, /test).
2025-11-13 04:48:52,060 - UnicodeAnalyzer - INFO - -> Analizzando versione 0.0.0-20220114-2008-66dc21143 (158/2377)...
2025-11-13 04:48:52,126 - UnicodeAnalyzer - INFO - Filtrati 8 file (es. in /dist, /test).
2025-11-13 04:48:52,460 - UnicodeAnalyzer - INFO - -> Analizzando versione 0.0.0-20220115-2009-6b42bcc1f (159/2377)...
2025-11-13 04:48:52,508 - UnicodeAnalyzer - INFO - Filtrati 8 file (es. in /dist, /test).
2025-11-13 04:48:52,792 - UnicodeAnalyzer - INFO - -> Analizzando versione 0.0.0-20220116-2008-6b42bcc1f (160/2377)...
2025-11-13 04:48:52,871 - UnicodeAnalyzer - INFO - Filtrati 8 file (es. in /dist, /test).
2025-11-13 04:48:53,166 - UnicodeAnalyzer - INFO - -> Analizzando versione 0.0.0-20220117-2008-0cc80b4d0 (161/2377)...
2025-11-13 04:48:53,258 - UnicodeAnalyzer - INFO - Filtrati 8 file (es. in /dist, /test).
2025-11-13 04:48:53,531 - UnicodeAnalyzer - INFO - -> Analizzando versione 0.0.0-20220118-2009-c338fff52 (162/2377)...
2025-11-13 04:48:53,580 - UnicodeAnalyzer - INFO - Filtrati 8 file (es. in /dist, /test).
2025-11-13 04:48:53,865 - UnicodeAnalyzer - INFO - -> Analizzando versione 0.0.0-20220119-2009-3a07dcf81 (163/2377)...
2025-11-13 04:48:53,951 - UnicodeAnalyzer - INFO - Filtrati 8 file (es. in /dist, /test).
2025-11-13 04:48:54,228 - UnicodeAnalyzer - INFO - -> Analizzando versione 0.0.0-20220120-2008-2f67f5d68 (164/2377)...
2025-11-13 04:48:54,303 - UnicodeAnalyzer - INFO - Filtrati 8 file (es. in /dist, /test).
2025-11-13 04:48:54,564 - UnicodeAnalyzer - INFO - -> Analizzando versione 0.0.0-20220121-2009-d0f023465 (165/2377)...
2025-11-13 04:48:54,617 - UnicodeAnalyzer - INFO - Filtrati 8 file (es. in /dist, /test).
2025-11-13 04:48:54,922 - UnicodeAnalyzer - INFO - -> Analizzando versione 0.0.0-20220122-2009-48f6967ae (166/2377)...
2025-11-13 04:48:54,970 - UnicodeAnalyzer - INFO - Filtrati 8 file (es. in /dist, /test).
2025-11-13 04:48:55,253 - UnicodeAnalyzer - INFO - -> Analizzando versione 0.0.0-20220123-2009-48f6967ae (167/2377)...
2025-11-13 04:48:55,308 - UnicodeAnalyzer - INFO - Filtrati 8 file (es. in /dist, /test).
2025-11-13 04:48:55,602 - UnicodeAnalyzer - INFO - -> Analizzando versione 0.0.0-20220124-2008-c48e5acca (168/2377)...
2025-11-13 04:48:55,688 - UnicodeAnalyzer - INFO - Filtrati 8 file (es. in /dist, /test).
2025-11-13 04:48:55,993 - UnicodeAnalyzer - INFO - -> Analizzando versione 0.0.0-20220125-2009-8b5a5d464 (169/2377)...
2025-11-13 04:48:56,079 - UnicodeAnalyzer - INFO - Filtrati 8 file (es. in /dist, /test).
2025-11-13 04:48:56,371 - UnicodeAnalyzer - INFO - -> Analizzando versione 0.0.0-20220126-2009-86fa2a510 (170/2377)...
2025-11-13 04:48:56,439 - UnicodeAnalyzer - INFO - Filtrati 8 file (es. in /dist, /test).
2025-11-13 04:48:56,724 - UnicodeAnalyzer - INFO - -> Analizzando versione 0.0.0-20220127-2008-20b9ed91c (171/2377)...
2025-11-13 04:48:56,807 - UnicodeAnalyzer - INFO - Filtrati 8 file (es. in /dist, /test).
2025-11-13 04:48:57,103 - UnicodeAnalyzer - INFO - -> Analizzando versione 0.0.0-20220128-2009-8aa87814f (172/2377)...
2025-11-13 04:48:57,149 - UnicodeAnalyzer - INFO - Filtrati 8 file (es. in /dist, /test).
2025-11-13 04:48:57,444 - UnicodeAnalyzer - INFO - -> Analizzando versione 0.0.0-20220129-2009-0ab0c5a42 (173/2377)...
2025-11-13 04:48:57,532 - UnicodeAnalyzer - INFO - Filtrati 8 file (es. in /dist, /test).
2025-11-13 04:48:57,840 - UnicodeAnalyzer - INFO - -> Analizzando versione 0.0.0-20220130-2008-3f49e6763 (174/2377)...
2025-11-13 04:48:57,907 - UnicodeAnalyzer - INFO - Filtrati 8 file (es. in /dist, /test).
2025-11-13 04:48:58,223 - UnicodeAnalyzer - INFO - -> Analizzando versione 0.0.0-20220131-2008-50c8e973f (175/2377)...
2025-11-13 04:48:58,276 - UnicodeAnalyzer - INFO - Filtrati 8 file (es. in /dist, /test).
2025-11-13 04:48:58,586 - UnicodeAnalyzer - INFO - -> Analizzando versione 0.0.0-20220201-2008-79975d146 (176/2377)...
2025-11-13 04:48:58,675 - UnicodeAnalyzer - INFO - Filtrati 8 file (es. in /dist, /test).
2025-11-13 04:48:58,970 - UnicodeAnalyzer - INFO - -> Analizzando versione 0.0.0-20220202-2010-1bf84a63d (177/2377)...
2025-11-13 04:48:59,049 - UnicodeAnalyzer - INFO - Filtrati 8 file (es. in /dist, /test).
2025-11-13 04:48:59,354 - UnicodeAnalyzer - INFO - -> Analizzando versione 0.0.0-20220203-2009-9cd43340a (178/2377)...
2025-11-13 04:48:59,408 - UnicodeAnalyzer - INFO - Filtrati 8 file (es. in /dist, /test).
2025-11-13 04:48:59,720 - UnicodeAnalyzer - INFO - -> Analizzando versione 0.0.0-20220204-2010-7cc7e6656 (179/2377)...
2025-11-13 04:48:59,777 - UnicodeAnalyzer - INFO - Filtrati 8 file (es. in /dist, /test).
2025-11-13 04:49:00,047 - UnicodeAnalyzer - INFO - -> Analizzando versione 0.0.0-20220205-2009-113f8257c (180/2377)...
2025-11-13 04:49:00,093 - UnicodeAnalyzer - INFO - Filtrati 8 file (es. in /dist, /test).
2025-11-13 04:49:00,369 - UnicodeAnalyzer - INFO - -> Analizzando versione 0.0.0-20220206-2010-113f8257c (181/2377)...
2025-11-13 04:49:00,429 - UnicodeAnalyzer - INFO - Filtrati 8 file (es. in /dist, /test).
2025-11-13 04:49:00,726 - UnicodeAnalyzer - INFO - -> Analizzando versione 0.0.0-20220207-2008-d1c245893 (182/2377)...
2025-11-13 04:49:00,805 - UnicodeAnalyzer - INFO - Filtrati 8 file (es. in /dist, /test).
2025-11-13 04:49:01,121 - UnicodeAnalyzer - INFO - -> Analizzando versione 0.0.0-20220208-2008-1a044123f (183/2377)...
2025-11-13 04:49:01,174 - UnicodeAnalyzer - INFO - Filtrati 8 file (es. in /dist, /test).
2025-11-13 04:49:01,453 - UnicodeAnalyzer - INFO - -> Analizzando versione 0.0.0-20220209-2008-a6c792db0 (184/2377)...
2025-11-13 04:49:01,513 - UnicodeAnalyzer - INFO - Filtrati 8 file (es. in /dist, /test).
2025-11-13 04:49:01,785 - UnicodeAnalyzer - INFO - -> Analizzando versione 0.0.0-20220210-2008-49f3f47b1 (185/2377)...
2025-11-13 04:49:01,837 - UnicodeAnalyzer - INFO - Filtrati 8 file (es. in /dist, /test).
2025-11-13 04:49:02,113 - UnicodeAnalyzer - INFO - -> Analizzando versione 0.0.0-20220211-2009-1b3581e24 (186/2377)...
2025-11-13 04:49:02,198 - UnicodeAnalyzer - INFO - Filtrati 8 file (es. in /dist, /test).
2025-11-13 04:49:02,589 - UnicodeAnalyzer - INFO - -> Analizzando versione 0.0.0-20220212-2009-7cece3423 (187/2377)...
2025-11-13 04:49:02,637 - UnicodeAnalyzer - INFO - Filtrati 8 file (es. in /dist, /test).
2025-11-13 04:49:02,916 - UnicodeAnalyzer - INFO - -> Analizzando versione 0.0.0-20220213-2008-7cece3423 (188/2377)...
2025-11-13 04:49:03,002 - UnicodeAnalyzer - INFO - Filtrati 8 file (es. in /dist, /test).
2025-11-13 04:49:03,287 - UnicodeAnalyzer - INFO - -> Analizzando versione 0.0.0-20220214-2009-2b845d558 (189/2377)...
2025-11-13 04:49:03,341 - UnicodeAnalyzer - INFO - Filtrati 8 file (es. in /dist, /test).
2025-11-13 04:49:03,634 - UnicodeAnalyzer - INFO - -> Analizzando versione 0.0.0-20220215-2009-7b2d8178b (190/2377)...
2025-11-13 04:49:03,683 - UnicodeAnalyzer - INFO - Filtrati 8 file (es. in /dist, /test).
2025-11-13 04:49:03,968 - UnicodeAnalyzer - INFO - -> Analizzando versione 0.0.0-20220216-2009-f11dcfaea (191/2377)...
2025-11-13 04:49:04,016 - UnicodeAnalyzer - INFO - Filtrati 8 file (es. in /dist, /test).
2025-11-13 04:49:04,332 - UnicodeAnalyzer - INFO - -> Analizzando versione 0.0.0-20220217-2008-2db1bca95 (192/2377)...
2025-11-13 04:49:04,375 - UnicodeAnalyzer - INFO - Filtrati 8 file (es. in /dist, /test).
2025-11-13 04:49:04,678 - UnicodeAnalyzer - INFO - -> Analizzando versione 0.0.0-20220218-2008-fc35a65a7 (193/2377)...
2025-11-13 04:49:04,764 - UnicodeAnalyzer - INFO - Filtrati 8 file (es. in /dist, /test).
2025-11-13 04:49:05,039 - UnicodeAnalyzer - INFO - -> Analizzando versione 0.0.0-20220219-2008-05b4570d3 (194/2377)...
2025-11-13 04:49:05,127 - UnicodeAnalyzer - INFO - Filtrati 8 file (es. in /dist, /test).
2025-11-13 04:49:05,601 - UnicodeAnalyzer - INFO - -> Analizzando versione 0.0.0-20220220-2008-05b4570d3 (195/2377)...
2025-11-13 04:49:06,189 - UnicodeAnalyzer - INFO - Filtrati 8 file (es. in /dist, /test).
2025-11-13 04:49:06,476 - UnicodeAnalyzer - INFO - -> Analizzando versione 0.0.0-20220221-2008-4ec2d6cf0 (196/2377)...
2025-11-13 04:49:06,539 - UnicodeAnalyzer - INFO - Filtrati 8 file (es. in /dist, /test).
2025-11-13 04:49:06,809 - UnicodeAnalyzer - INFO - -> Analizzando versione 0.0.0-20220222-2008-b1a779392 (197/2377)...
2025-11-13 04:49:06,857 - UnicodeAnalyzer - INFO - Filtrati 8 file (es. in /dist, /test).
2025-11-13 04:49:07,148 - UnicodeAnalyzer - INFO - -> Analizzando versione 0.0.0-20220224-2009-8b226f9f6 (198/2377)...
2025-11-13 04:49:07,193 - UnicodeAnalyzer - INFO - Filtrati 8 file (es. in /dist, /test).
2025-11-13 04:49:07,472 - UnicodeAnalyzer - INFO - -> Analizzando versione 0.0.0-20220225-2008-1f63d6ed5 (199/2377)...
2025-11-13 04:49:07,644 - UnicodeAnalyzer - INFO - Filtrati 8 file (es. in /dist, /test).
2025-11-13 04:49:07,916 - UnicodeAnalyzer - INFO - -> Analizzando versione 0.0.0-20220226-2008-189c2c895 (200/2377)...
2025-11-13 04:49:07,962 - UnicodeAnalyzer - INFO - Filtrati 8 file (es. in /dist, /test).
2025-11-13 04:49:08,249 - UnicodeAnalyzer - INFO - -> Analizzando versione 0.0.0-20220227-2009-189c2c895 (201/2377)...
2025-11-13 04:49:08,333 - UnicodeAnalyzer - INFO - Filtrati 8 file (es. in /dist, /test).
2025-11-13 04:49:08,633 - UnicodeAnalyzer - INFO - -> Analizzando versione 0.0.0-20220228-2009-c92b64b16 (202/2377)...
2025-11-13 04:49:08,678 - UnicodeAnalyzer - INFO - Filtrati 8 file (es. in /dist, /test).
2025-11-13 04:49:09,048 - UnicodeAnalyzer - INFO - -> Analizzando versione 0.0.0-20220301-2008-ff568b0b1 (203/2377)...
2025-11-13 04:49:09,098 - UnicodeAnalyzer - INFO - Filtrati 8 file (es. in /dist, /test).
2025-11-13 04:49:09,404 - UnicodeAnalyzer - INFO - -> Analizzando versione 0.0.0-20220302-2008-2fdbf6a10 (204/2377)...
2025-11-13 04:49:09,451 - UnicodeAnalyzer - INFO - Filtrati 8 file (es. in /dist, /test).
2025-11-13 04:49:09,757 - UnicodeAnalyzer - INFO - -> Analizzando versione 0.0.0-20220303-2008-97f3eb2d3 (205/2377)...
2025-11-13 04:49:09,840 - UnicodeAnalyzer - INFO - Filtrati 8 file (es. in /dist, /test).
2025-11-13 04:49:10,143 - UnicodeAnalyzer - INFO - -> Analizzando versione 0.0.0-20220307-2008-ae3d4f700 (206/2377)...
2025-11-13 04:49:10,184 - UnicodeAnalyzer - INFO - Filtrati 8 file (es. in /dist, /test).
2025-11-13 04:49:10,482 - UnicodeAnalyzer - INFO - -> Analizzando versione 0.0.0-20220308-2009-c8067f1ff (207/2377)...
2025-11-13 04:49:10,526 - UnicodeAnalyzer - INFO - Filtrati 8 file (es. in /dist, /test).
2025-11-13 04:49:10,766 - UnicodeAnalyzer - INFO - -> Analizzando versione 0.0.0-20220309-2009-538636440 (208/2377)...
2025-11-13 04:49:10,812 - UnicodeAnalyzer - INFO - Filtrati 8 file (es. in /dist, /test).
2025-11-13 04:49:11,039 - UnicodeAnalyzer - INFO - -> Analizzando versione 0.0.0-20220310-2008-889578a14 (209/2377)...
2025-11-13 04:49:11,086 - UnicodeAnalyzer - INFO - Filtrati 8 file (es. in /dist, /test).
2025-11-13 04:49:11,294 - UnicodeAnalyzer - INFO - -> Analizzando versione 0.0.0-20220311-2009-b676ca560 (210/2377)...
2025-11-13 04:49:11,338 - UnicodeAnalyzer - INFO - Filtrati 8 file (es. in /dist, /test).
2025-11-13 04:49:11,559 - UnicodeAnalyzer - INFO - -> Analizzando versione 0.0.0-20220311-2027-b676ca560 (211/2377)...
2025-11-13 04:49:11,605 - UnicodeAnalyzer - INFO - Filtrati 8 file (es. in /dist, /test).
2025-11-13 04:49:11,838 - UnicodeAnalyzer - INFO - -> Analizzando versione 0.0.0-20220315-0950-06f504b8b (212/2377)...
2025-11-13 04:49:11,882 - UnicodeAnalyzer - INFO - Filtrati 8 file (es. in /dist, /test).
2025-11-13 04:49:12,124 - UnicodeAnalyzer - INFO - -> Analizzando versione 0.0.0-20220316-2009-8200f9159 (213/2377)...
2025-11-13 04:49:12,171 - UnicodeAnalyzer - INFO - Filtrati 8 file (es. in /dist, /test).
2025-11-13 04:49:12,383 - UnicodeAnalyzer - INFO - -> Analizzando versione 0.0.0-20220317-2009-c418bf4c8 (214/2377)...
2025-11-13 04:49:12,425 - UnicodeAnalyzer - INFO - Filtrati 8 file (es. in /dist, /test).
2025-11-13 04:49:12,762 - UnicodeAnalyzer - INFO - -> Analizzando versione 0.0.0-20220318-2008-d63bf4add (215/2377)...
2025-11-13 04:49:12,810 - UnicodeAnalyzer - INFO - Filtrati 8 file (es. in /dist, /test).
2025-11-13 04:49:13,052 - UnicodeAnalyzer - INFO - -> Analizzando versione 0.0.0-20220319-2008-d63bf4add (216/2377)...
2025-11-13 04:49:13,100 - UnicodeAnalyzer - INFO - Filtrati 8 file (es. in /dist, /test).
2025-11-13 04:49:13,322 - UnicodeAnalyzer - INFO - -> Analizzando versione 0.0.0-20220320-2008-d63bf4add (217/2377)...
2025-11-13 04:49:13,376 - UnicodeAnalyzer - INFO - Filtrati 8 file (es. in /dist, /test).
2025-11-13 04:49:13,610 - UnicodeAnalyzer - INFO - -> Analizzando versione 0.0.0-20220321-2009-322002951 (218/2377)...
2025-11-13 04:49:13,657 - UnicodeAnalyzer - INFO - Filtrati 8 file (es. in /dist, /test).
2025-11-13 04:49:13,901 - UnicodeAnalyzer - INFO - -> Analizzando versione 0.0.0-20220322-2008-8a5460ce8 (219/2377)...
2025-11-13 04:49:13,944 - UnicodeAnalyzer - INFO - Filtrati 8 file (es. in /dist, /test).
2025-11-13 04:49:14,189 - UnicodeAnalyzer - INFO - -> Analizzando versione 0.0.0-20220401-2010-16397e0d3 (220/2377)...
2025-11-13 04:49:14,232 - UnicodeAnalyzer - INFO - Filtrati 8 file (es. in /dist, /test).
2025-11-13 04:49:14,473 - UnicodeAnalyzer - INFO - -> Analizzando versione 0.0.0-20220402-2010-472d531ae (221/2377)...
2025-11-13 04:49:14,516 - UnicodeAnalyzer - INFO - Filtrati 8 file (es. in /dist, /test).
2025-11-13 04:49:14,720 - UnicodeAnalyzer - INFO - -> Analizzando versione 0.0.0-20220403-2008-472d531ae (222/2377)...
2025-11-13 04:49:14,762 - UnicodeAnalyzer - INFO - Filtrati 8 file (es. in /dist, /test).
2025-11-13 04:49:15,005 - UnicodeAnalyzer - INFO - -> Analizzando versione 0.0.0-20220404-2009-d5da70e17 (223/2377)...
2025-11-13 04:49:15,050 - UnicodeAnalyzer - INFO - Filtrati 8 file (es. in /dist, /test).
2025-11-13 04:49:15,288 - UnicodeAnalyzer - INFO - -> Analizzando versione 0.0.0-20220405-2009-daa105aba (224/2377)...
2025-11-13 04:49:15,340 - UnicodeAnalyzer - INFO - Filtrati 8 file (es. in /dist, /test).
2025-11-13 04:49:15,567 - UnicodeAnalyzer - INFO - -> Analizzando versione 0.0.0-20220406-2009-8dfbed786 (225/2377)...
2025-11-13 04:49:15,610 - UnicodeAnalyzer - INFO - Filtrati 8 file (es. in /dist, /test).
2025-11-13 04:49:15,852 - UnicodeAnalyzer - INFO - -> Analizzando versione 0.0.0-20220407-2009-c5babd993 (226/2377)...
2025-11-13 04:49:15,902 - UnicodeAnalyzer - INFO - Filtrati 8 file (es. in /dist, /test).
2025-11-13 04:49:16,149 - UnicodeAnalyzer - INFO - -> Analizzando versione 0.0.0-20220408-2010-61b013e7a (227/2377)...
2025-11-13 04:49:16,192 - UnicodeAnalyzer - INFO - Filtrati 8 file (es. in /dist, /test).
2025-11-13 04:49:16,432 - UnicodeAnalyzer - INFO - -> Analizzando versione 0.0.0-20220409-2009-61b013e7a (228/2377)...
2025-11-13 04:49:16,474 - UnicodeAnalyzer - INFO - Filtrati 8 file (es. in /dist, /test).
2025-11-13 04:49:16,698 - UnicodeAnalyzer - INFO - -> Analizzando versione 0.0.0-20220410-2008-61b013e7a (229/2377)...
2025-11-13 04:49:16,760 - UnicodeAnalyzer - INFO - Filtrati 8 file (es. in /dist, /test).
2025-11-13 04:49:16,989 - UnicodeAnalyzer - INFO - -> Analizzando versione 0.0.0-20220411-2010-f503b2120 (230/2377)...
2025-11-13 04:49:17,072 - UnicodeAnalyzer - INFO - Filtrati 8 file (es. in /dist, /test).
2025-11-13 04:49:17,338 - UnicodeAnalyzer - INFO - -> Analizzando versione 0.0.0-20220412-2010-fbeb51ef5 (231/2377)...
2025-11-13 04:49:17,382 - UnicodeAnalyzer - INFO - Filtrati 8 file (es. in /dist, /test).
2025-11-13 04:49:17,648 - UnicodeAnalyzer - INFO - -> Analizzando versione 0.0.0-20220413-2009-e331b64ea (232/2377)...
2025-11-13 04:49:17,692 - UnicodeAnalyzer - INFO - Filtrati 8 file (es. in /dist, /test).
2025-11-13 04:49:17,973 - UnicodeAnalyzer - INFO - -> Analizzando versione 0.0.0-20220414-2010-1369eb57e (233/2377)...
2025-11-13 04:49:18,020 - UnicodeAnalyzer - INFO - Filtrati 8 file (es. in /dist, /test).
2025-11-13 04:49:18,255 - UnicodeAnalyzer - INFO - -> Analizzando versione 0.0.0-20220415-2010-3c1a81446 (234/2377)...
2025-11-13 04:49:18,300 - UnicodeAnalyzer - INFO - Filtrati 8 file (es. in /dist, /test).
2025-11-13 04:49:18,548 - UnicodeAnalyzer - INFO - -> Analizzando versione 0.0.0-20220416-2009-3c1a81446 (235/2377)...
2025-11-13 04:49:18,592 - UnicodeAnalyzer - INFO - Filtrati 8 file (es. in /dist, /test).
2025-11-13 04:49:18,837 - UnicodeAnalyzer - INFO - -> Analizzando versione 0.0.0-20220417-2008-82f2b1d4e (236/2377)...
2025-11-13 04:49:18,881 - UnicodeAnalyzer - INFO - Filtrati 8 file (es. in /dist, /test).
2025-11-13 04:49:19,096 - UnicodeAnalyzer - INFO - -> Analizzando versione 0.0.0-20220418-2009-7d4f6840f (237/2377)...
2025-11-13 04:49:19,140 - UnicodeAnalyzer - INFO - Filtrati 8 file (es. in /dist, /test).
2025-11-13 04:49:19,389 - UnicodeAnalyzer - INFO - -> Analizzando versione 0.0.0-20220419-2009-18196512d (238/2377)...
2025-11-13 04:49:19,436 - UnicodeAnalyzer - INFO - Filtrati 8 file (es. in /dist, /test).
2025-11-13 04:49:19,682 - UnicodeAnalyzer - INFO - -> Analizzando versione 0.0.0-20220420-2009-0916df995 (239/2377)...
2025-11-13 04:49:19,726 - UnicodeAnalyzer - INFO - Filtrati 8 file (es. in /dist, /test).
2025-11-13 04:49:19,980 - UnicodeAnalyzer - INFO - -> Analizzando versione 0.0.0-20220422-2026-56fd85e37 (240/2377)...
2025-11-13 04:49:20,023 - UnicodeAnalyzer - INFO - Filtrati 8 file (es. in /dist, /test).
2025-11-13 04:49:20,261 - UnicodeAnalyzer - INFO - -> Analizzando versione 0.0.0-20220423-2027-17d2a27ff (241/2377)...
2025-11-13 04:49:20,307 - UnicodeAnalyzer - INFO - Filtrati 8 file (es. in /dist, /test).
2025-11-13 04:49:20,544 - UnicodeAnalyzer - INFO - -> Analizzando versione 0.0.0-20220424-2026-17d2a27ff (242/2377)...
2025-11-13 04:49:20,592 - UnicodeAnalyzer - INFO - Filtrati 8 file (es. in /dist, /test).
2025-11-13 04:49:20,821 - UnicodeAnalyzer - INFO - -> Analizzando versione 0.0.0-20220425-2028-6563c99c4 (243/2377)...
2025-11-13 04:49:20,877 - UnicodeAnalyzer - INFO - Filtrati 8 file (es. in /dist, /test).
2025-11-13 04:49:21,091 - UnicodeAnalyzer - INFO - -> Analizzando versione 0.0.0-20220426-2025-ca5e3b1dc (244/2377)...
2025-11-13 04:49:21,137 - UnicodeAnalyzer - INFO - Filtrati 8 file (es. in /dist, /test).
2025-11-13 04:49:21,378 - UnicodeAnalyzer - INFO - -> Analizzando versione 0.0.0-20220427-2028-ff80493d6 (245/2377)...
2025-11-13 04:49:21,423 - UnicodeAnalyzer - INFO - Filtrati 8 file (es. in /dist, /test).
2025-11-13 04:49:21,666 - UnicodeAnalyzer - INFO - -> Analizzando versione 0.0.0-20220428-2027-07a63a237 (246/2377)...
2025-11-13 04:49:21,709 - UnicodeAnalyzer - INFO - Filtrati 8 file (es. in /dist, /test).
2025-11-13 04:49:21,950 - UnicodeAnalyzer - INFO - -> Analizzando versione 0.0.0-20220429-2026-d992ae044 (247/2377)...
2025-11-13 04:49:22,007 - UnicodeAnalyzer - INFO - Filtrati 8 file (es. in /dist, /test).
2025-11-13 04:49:22,238 - UnicodeAnalyzer - INFO - -> Analizzando versione 0.0.0-20220430-2024-d992ae044 (248/2377)...
2025-11-13 04:49:22,285 - UnicodeAnalyzer - INFO - Filtrati 8 file (es. in /dist, /test).
2025-11-13 04:49:22,549 - UnicodeAnalyzer - INFO - -> Analizzando versione 0.0.0-20220501-2027-d992ae044 (249/2377)...
2025-11-13 04:49:22,596 - UnicodeAnalyzer - INFO - Filtrati 8 file (es. in /dist, /test).
2025-11-13 04:49:22,848 - UnicodeAnalyzer - INFO - -> Analizzando versione 0.0.0-20220503-2025-598c2e02f (250/2377)...
2025-11-13 04:49:22,891 - UnicodeAnalyzer - INFO - Filtrati 8 file (es. in /dist, /test).
2025-11-13 04:49:23,150 - UnicodeAnalyzer - INFO - -> Analizzando versione 0.0.0-20220504-2027-2596b2f69 (251/2377)...
2025-11-13 04:49:23,196 - UnicodeAnalyzer - INFO - Filtrati 8 file (es. in /dist, /test).
2025-11-13 04:49:23,409 - UnicodeAnalyzer - INFO - -> Analizzando versione 0.0.0-20220505-2027-870755fa7 (252/2377)...
2025-11-13 04:49:23,458 - UnicodeAnalyzer - INFO - Filtrati 8 file (es. in /dist, /test).
2025-11-13 04:49:23,697 - UnicodeAnalyzer - INFO - -> Analizzando versione 0.0.0-20220506-2013-6b6adcc11 (253/2377)...
2025-11-13 04:49:23,741 - UnicodeAnalyzer - INFO - Filtrati 8 file (es. in /dist, /test).
2025-11-13 04:49:23,979 - UnicodeAnalyzer - INFO - -> Analizzando versione 0.0.0-20220507-2011-23a160ebf (254/2377)...
2025-11-13 04:49:24,024 - UnicodeAnalyzer - INFO - Filtrati 8 file (es. in /dist, /test).
2025-11-13 04:49:24,279 - UnicodeAnalyzer - INFO - -> Analizzando versione 0.0.0-20220508-2010-94341f038 (255/2377)...
2025-11-13 04:49:24,361 - UnicodeAnalyzer - INFO - Filtrati 8 file (es. in /dist, /test).
2025-11-13 04:49:24,603 - UnicodeAnalyzer - INFO - -> Analizzando versione 0.0.0-20220509-2014-24a1f5c66 (256/2377)...
2025-11-13 04:49:24,649 - UnicodeAnalyzer - INFO - Filtrati 8 file (es. in /dist, /test).
2025-11-13 04:49:24,920 - UnicodeAnalyzer - INFO - -> Analizzando versione 0.0.0-20220510-2012-ee1a191cb (257/2377)...
2025-11-13 04:49:24,969 - UnicodeAnalyzer - INFO - Filtrati 8 file (es. in /dist, /test).
2025-11-13 04:49:25,212 - UnicodeAnalyzer - INFO - -> Analizzando versione 0.0.0-20220511-2025-c171a6e15 (258/2377)...
2025-11-13 04:49:25,257 - UnicodeAnalyzer - INFO - Filtrati 8 file (es. in /dist, /test).
2025-11-13 04:49:25,504 - UnicodeAnalyzer - INFO - -> Analizzando versione 0.0.0-20220512-2026-58bc9815e (259/2377)...
2025-11-13 04:49:25,551 - UnicodeAnalyzer - INFO - Filtrati 8 file (es. in /dist, /test).
2025-11-13 04:49:25,802 - UnicodeAnalyzer - INFO - -> Analizzando versione 0.0.0-20220513-2014-12f608186 (260/2377)...
2025-11-13 04:49:25,854 - UnicodeAnalyzer - INFO - Filtrati 8 file (es. in /dist, /test).
2025-11-13 04:49:26,104 - UnicodeAnalyzer - INFO - -> Analizzando versione 0.0.0-20220514-2023-a093fe5f2 (261/2377)...
2025-11-13 04:49:26,149 - UnicodeAnalyzer - INFO - Filtrati 8 file (es. in /dist, /test).
2025-11-13 04:49:26,397 - UnicodeAnalyzer - INFO - -> Analizzando versione 0.0.0-20220515-2022-a093fe5f2 (262/2377)...
2025-11-13 04:49:26,443 - UnicodeAnalyzer - INFO - Filtrati 8 file (es. in /dist, /test).
2025-11-13 04:49:26,672 - UnicodeAnalyzer - INFO - -> Analizzando versione 0.0.0-20220516-2016-4994b8b5d (263/2377)...
2025-11-13 04:49:26,720 - UnicodeAnalyzer - INFO - Filtrati 8 file (es. in /dist, /test).
2025-11-13 04:49:26,951 - UnicodeAnalyzer - INFO - -> Analizzando versione 0.0.0-20220517-2024-b331229b0 (264/2377)...
2025-11-13 04:49:26,996 - UnicodeAnalyzer - INFO - Filtrati 8 file (es. in /dist, /test).
2025-11-13 04:49:27,217 - UnicodeAnalyzer - INFO - -> Analizzando versione 0.0.0-20220519-2013-baada4e29 (265/2377)...
2025-11-13 04:49:27,260 - UnicodeAnalyzer - INFO - Filtrati 8 file (es. in /dist, /test).
2025-11-13 04:49:27,500 - UnicodeAnalyzer - INFO - -> Analizzando versione 0.0.0-20220520-2015-6838dabae (266/2377)...
2025-11-13 04:49:27,565 - UnicodeAnalyzer - INFO - Filtrati 8 file (es. in /dist, /test).
2025-11-13 04:49:27,849 - UnicodeAnalyzer - INFO - -> Analizzando versione 0.0.0-20220521-2012-bc7b5c301 (267/2377)...
2025-11-13 04:49:27,916 - UnicodeAnalyzer - INFO - Filtrati 8 file (es. in /dist, /test).
2025-11-13 04:49:28,131 - UnicodeAnalyzer - INFO - -> Analizzando versione 0.0.0-20220522-2012-bc7b5c301 (268/2377)...
2025-11-13 04:49:28,175 - UnicodeAnalyzer - INFO - Filtrati 8 file (es. in /dist, /test).
2025-11-13 04:49:28,406 - UnicodeAnalyzer - INFO - -> Analizzando versione 0.0.0-20220523-2050-0cff2efd3 (269/2377)...
2025-11-13 04:49:28,453 - UnicodeAnalyzer - INFO - Filtrati 8 file (es. in /dist, /test).
2025-11-13 04:49:28,705 - UnicodeAnalyzer - INFO - -> Analizzando versione 0.0.0-20220524-2053-55133eaa2 (270/2377)...
2025-11-13 04:49:28,748 - UnicodeAnalyzer - INFO - Filtrati 8 file (es. in /dist, /test).
2025-11-13 04:49:28,987 - UnicodeAnalyzer - INFO - -> Analizzando versione 0.0.0-20220525-2048-ddad5d126 (271/2377)...
2025-11-13 04:49:29,033 - UnicodeAnalyzer - INFO - Filtrati 8 file (es. in /dist, /test).
2025-11-13 04:49:29,268 - UnicodeAnalyzer - INFO - -> Analizzando versione 0.0.0-20220526-2051-6064fd060 (272/2377)...
2025-11-13 04:49:29,343 - UnicodeAnalyzer - INFO - Filtrati 8 file (es. in /dist, /test).
2025-11-13 04:49:29,607 - UnicodeAnalyzer - INFO - -> Analizzando versione 0.0.0-20220527-2046-4f1aa4d68 (273/2377)...
2025-11-13 04:49:29,651 - UnicodeAnalyzer - INFO - Filtrati 8 file (es. in /dist, /test).
2025-11-13 04:49:29,900 - UnicodeAnalyzer - INFO - -> Analizzando versione 0.0.0-20220528-2047-4f1aa4d68 (274/2377)...
2025-11-13 04:49:29,942 - UnicodeAnalyzer - INFO - Filtrati 8 file (es. in /dist, /test).
2025-11-13 04:49:30,198 - UnicodeAnalyzer - INFO - -> Analizzando versione 0.0.0-20220529-2046-4f1aa4d68 (275/2377)...
2025-11-13 04:49:30,295 - UnicodeAnalyzer - INFO - Filtrati 8 file (es. in /dist, /test).
2025-11-13 04:49:30,546 - UnicodeAnalyzer - INFO - -> Analizzando versione 0.0.0-20220530-2047-f4123b0bd (276/2377)...
2025-11-13 04:49:30,588 - UnicodeAnalyzer - INFO - Filtrati 8 file (es. in /dist, /test).
2025-11-13 04:49:30,845 - UnicodeAnalyzer - INFO - -> Analizzando versione 0.0.0-20220531-2049-bffad4351 (277/2377)...
2025-11-13 04:49:30,909 - UnicodeAnalyzer - INFO - Filtrati 8 file (es. in /dist, /test).
2025-11-13 04:49:31,168 - UnicodeAnalyzer - INFO - -> Analizzando versione 0.0.0-20220601-2101-0a854c7c8 (278/2377)...
2025-11-13 04:49:31,209 - UnicodeAnalyzer - INFO - Filtrati 8 file (es. in /dist, /test).
2025-11-13 04:49:31,456 - UnicodeAnalyzer - INFO - -> Analizzando versione 0.0.0-20220602-2056-d5e0659fc (279/2377)...
2025-11-13 04:49:31,497 - UnicodeAnalyzer - INFO - Filtrati 8 file (es. in /dist, /test).
2025-11-13 04:49:31,749 - UnicodeAnalyzer - INFO - -> Analizzando versione 0.0.0-20220603-2051-11141b8b3 (280/2377)...
2025-11-13 04:49:31,794 - UnicodeAnalyzer - INFO - Filtrati 8 file (es. in /dist, /test).
2025-11-13 04:49:32,043 - UnicodeAnalyzer - INFO - -> Analizzando versione 0.0.0-20220604-2046-0035cc929 (281/2377)...
2025-11-13 04:49:32,085 - UnicodeAnalyzer - INFO - Filtrati 8 file (es. in /dist, /test).
2025-11-13 04:49:32,324 - UnicodeAnalyzer - INFO - -> Analizzando versione 0.0.0-20220605-2046-5ed6ac1f2 (282/2377)...
2025-11-13 04:49:32,365 - UnicodeAnalyzer - INFO - Filtrati 8 file (es. in /dist, /test).
2025-11-13 04:49:32,688 - UnicodeAnalyzer - INFO - -> Analizzando versione 0.0.0-20220606-2052-8a2be3e14 (283/2377)...
2025-11-13 04:49:32,729 - UnicodeAnalyzer - INFO - Filtrati 8 file (es. in /dist, /test).
2025-11-13 04:49:32,973 - UnicodeAnalyzer - INFO - -> Analizzando versione 0.0.0-20220607-2051-43f831b23 (284/2377)...
2025-11-13 04:49:33,016 - UnicodeAnalyzer - INFO - Filtrati 8 file (es. in /dist, /test).
2025-11-13 04:49:33,283 - UnicodeAnalyzer - INFO - -> Analizzando versione 0.0.0-20220608-2049-77e6bff62 (285/2377)...
2025-11-13 04:49:33,324 - UnicodeAnalyzer - INFO - Filtrati 8 file (es. in /dist, /test).
2025-11-13 04:49:33,594 - UnicodeAnalyzer - INFO - -> Analizzando versione 0.0.0-20220609-2056-df80ed40c (286/2377)...
2025-11-13 04:49:33,638 - UnicodeAnalyzer - INFO - Filtrati 8 file (es. in /dist, /test).
2025-11-13 04:49:33,901 - UnicodeAnalyzer - INFO - -> Analizzando versione 0.0.0-20220610-2054-114d31fee (287/2377)...
2025-11-13 04:49:33,945 - UnicodeAnalyzer - INFO - Filtrati 8 file (es. in /dist, /test).
2025-11-13 04:49:34,175 - UnicodeAnalyzer - INFO - -> Analizzando versione 0.0.0-20220611-2054-34e51191e (288/2377)...
2025-11-13 04:49:34,217 - UnicodeAnalyzer - INFO - Filtrati 8 file (es. in /dist, /test).
2025-11-13 04:49:34,482 - UnicodeAnalyzer - INFO - -> Analizzando versione 0.0.0-20220612-2050-c80309e5a (289/2377)...
2025-11-13 04:49:34,524 - UnicodeAnalyzer - INFO - Filtrati 8 file (es. in /dist, /test).
2025-11-13 04:49:34,778 - UnicodeAnalyzer - INFO - -> Analizzando versione 0.0.0-20220613-2110-1dbc5840a (290/2377)...
2025-11-13 04:49:34,866 - UnicodeAnalyzer - INFO - Filtrati 8 file (es. in /dist, /test).
2025-11-13 04:49:35,124 - UnicodeAnalyzer - INFO - -> Analizzando versione 0.0.0-20220614-2054-bcc69dfb3 (291/2377)...
2025-11-13 04:49:35,177 - UnicodeAnalyzer - INFO - Filtrati 8 file (es. in /dist, /test).
2025-11-13 04:49:35,438 - UnicodeAnalyzer - INFO - -> Analizzando versione 0.0.0-20220615-2054-d1321d88b (292/2377)...
2025-11-13 04:49:35,480 - UnicodeAnalyzer - INFO - Filtrati 8 file (es. in /dist, /test).
2025-11-13 04:49:35,747 - UnicodeAnalyzer - INFO - -> Analizzando versione 0.0.0-20220616-2107-7b0ba6d94 (293/2377)...
2025-11-13 04:49:35,789 - UnicodeAnalyzer - INFO - Filtrati 8 file (es. in /dist, /test).
2025-11-13 04:49:36,049 - UnicodeAnalyzer - INFO - -> Analizzando versione 0.0.0-20220617-2058-4a7e4b9ca (294/2377)...
2025-11-13 04:49:36,091 - UnicodeAnalyzer - INFO - Filtrati 8 file (es. in /dist, /test).
2025-11-13 04:49:36,347 - UnicodeAnalyzer - INFO - -> Analizzando versione 0.0.0-20220618-2049-e5c5dcd9e (295/2377)...
2025-11-13 04:49:36,390 - UnicodeAnalyzer - INFO - Filtrati 3 file (es. in /dist, /test).
2025-11-13 04:49:36,663 - UnicodeAnalyzer - INFO - -> Analizzando versione 0.0.0-20220619-2048-e5c5dcd9e (296/2377)...
2025-11-13 04:49:36,705 - UnicodeAnalyzer - INFO - Filtrati 3 file (es. in /dist, /test).
2025-11-13 04:49:36,959 - UnicodeAnalyzer - INFO - -> Analizzando versione 0.0.0-20220620-2049-e5c5dcd9e (297/2377)...
2025-11-13 04:49:37,000 - UnicodeAnalyzer - INFO - Filtrati 3 file (es. in /dist, /test).
2025-11-13 04:49:37,248 - UnicodeAnalyzer - INFO - -> Analizzando versione 0.0.0-20220621-2056-68f3a42fc (298/2377)...
2025-11-13 04:49:37,290 - UnicodeAnalyzer - INFO - Filtrati 3 file (es. in /dist, /test).
2025-11-13 04:49:37,538 - UnicodeAnalyzer - INFO - -> Analizzando versione 0.0.0-20220622-2101-97291bfa3 (299/2377)...
2025-11-13 04:49:37,583 - UnicodeAnalyzer - INFO - Filtrati 3 file (es. in /dist, /test).
2025-11-13 04:49:37,926 - UnicodeAnalyzer - INFO - -> Analizzando versione 0.0.0-20220623-2102-fa814d487 (300/2377)...
2025-11-13 04:49:37,968 - UnicodeAnalyzer - INFO - Filtrati 3 file (es. in /dist, /test).
2025-11-13 04:49:38,212 - UnicodeAnalyzer - INFO - -> Analizzando versione 0.0.0-20220624-2056-1bae671d8 (301/2377)...
2025-11-13 04:49:38,255 - UnicodeAnalyzer - INFO - Filtrati 3 file (es. in /dist, /test).
2025-11-13 04:49:38,508 - UnicodeAnalyzer - INFO - -> Analizzando versione 0.0.0-20220625-2047-d666eb7a2 (302/2377)...
2025-11-13 04:49:38,581 - UnicodeAnalyzer - INFO - Filtrati 3 file (es. in /dist, /test).
2025-11-13 04:49:38,829 - UnicodeAnalyzer - INFO - -> Analizzando versione 0.0.0-20220626-2048-b6bbbf8ef (303/2377)...
2025-11-13 04:49:38,893 - UnicodeAnalyzer - INFO - Filtrati 3 file (es. in /dist, /test).
2025-11-13 04:49:39,145 - UnicodeAnalyzer - INFO - -> Analizzando versione 0.0.0-20220627-2052-0646551d7 (304/2377)...
2025-11-13 04:49:39,197 - UnicodeAnalyzer - INFO - Filtrati 3 file (es. in /dist, /test).
2025-11-13 04:49:39,497 - UnicodeAnalyzer - INFO - -> Analizzando versione 0.0.0-20220628-2101-ca8481bd7 (305/2377)...
2025-11-13 04:49:39,551 - UnicodeAnalyzer - INFO - Filtrati 3 file (es. in /dist, /test).
2025-11-13 04:49:39,852 - UnicodeAnalyzer - INFO - -> Analizzando versione 0.0.0-20220629-2108-e23520bb5 (306/2377)...
2025-11-13 04:49:39,894 - UnicodeAnalyzer - INFO - Filtrati 3 file (es. in /dist, /test).
2025-11-13 04:49:40,154 - UnicodeAnalyzer - INFO - -> Analizzando versione 0.0.0-20220630-2059-daea147cc (307/2377)...
2025-11-13 04:49:40,196 - UnicodeAnalyzer - INFO - Filtrati 3 file (es. in /dist, /test).
2025-11-13 04:49:40,465 - UnicodeAnalyzer - INFO - -> Analizzando versione 0.0.0-20220701-2048-873ff0c13 (308/2377)...
2025-11-13 04:49:40,506 - UnicodeAnalyzer - INFO - Filtrati 3 file (es. in /dist, /test).
2025-11-13 04:49:40,754 - UnicodeAnalyzer - INFO - -> Analizzando versione 0.0.0-20220702-2050-873ff0c13 (309/2377)...
2025-11-13 04:49:40,796 - UnicodeAnalyzer - INFO - Filtrati 3 file (es. in /dist, /test).
2025-11-13 04:49:41,055 - UnicodeAnalyzer - INFO - -> Analizzando versione 0.0.0-20220703-2050-873ff0c13 (310/2377)...
2025-11-13 04:49:41,098 - UnicodeAnalyzer - INFO - Filtrati 3 file (es. in /dist, /test).
2025-11-13 04:49:41,340 - UnicodeAnalyzer - INFO - -> Analizzando versione 0.0.0-20220704-2054-3da3d8232 (311/2377)...
2025-11-13 04:49:41,383 - UnicodeAnalyzer - INFO - Filtrati 3 file (es. in /dist, /test).
2025-11-13 04:49:41,620 - UnicodeAnalyzer - INFO - -> Analizzando versione 0.0.0-20220705-2052-71e89213a (312/2377)...
2025-11-13 04:49:41,662 - UnicodeAnalyzer - INFO - Filtrati 3 file (es. in /dist, /test).
2025-11-13 04:49:41,910 - UnicodeAnalyzer - INFO - -> Analizzando versione 0.0.0-20220706-2104-501e9b318 (313/2377)...
2025-11-13 04:49:41,968 - UnicodeAnalyzer - INFO - Filtrati 3 file (es. in /dist, /test).
2025-11-13 04:49:42,950 - UnicodeAnalyzer - INFO - -> Analizzando versione 0.0.0-20220707-2058-64fe67695 (314/2377)...
2025-11-13 04:49:43,058 - UnicodeAnalyzer - INFO - Filtrati 3 file (es. in /dist, /test).
2025-11-13 04:49:43,433 - UnicodeAnalyzer - INFO - -> Analizzando versione 0.0.0-20220709-2053-b834d5869 (315/2377)...
2025-11-13 04:49:43,481 - UnicodeAnalyzer - INFO - Filtrati 3 file (es. in /dist, /test).
2025-11-13 04:49:43,731 - UnicodeAnalyzer - INFO - -> Analizzando versione 0.0.0-20220710-2050-b834d5869 (316/2377)...
2025-11-13 04:49:43,822 - UnicodeAnalyzer - INFO - Filtrati 3 file (es. in /dist, /test).
2025-11-13 04:49:44,065 - UnicodeAnalyzer - INFO - -> Analizzando versione 0.0.0-20220711-2056-67e12a19c (317/2377)...
2025-11-13 04:49:44,139 - UnicodeAnalyzer - INFO - Filtrati 3 file (es. in /dist, /test).
2025-11-13 04:49:44,393 - UnicodeAnalyzer - INFO - -> Analizzando versione 0.0.0-20220712-2052-ff785dbcf (318/2377)...
2025-11-13 04:49:44,434 - UnicodeAnalyzer - INFO - Filtrati 3 file (es. in /dist, /test).
2025-11-13 04:49:44,699 - UnicodeAnalyzer - INFO - -> Analizzando versione 0.0.0-20220713-2052-c81a3c524 (319/2377)...
2025-11-13 04:49:44,746 - UnicodeAnalyzer - INFO - Filtrati 3 file (es. in /dist, /test).
2025-11-13 04:49:45,000 - UnicodeAnalyzer - INFO - -> Analizzando versione 0.0.0-20220714-2051-8af7870c6 (320/2377)...
2025-11-13 04:49:45,042 - UnicodeAnalyzer - INFO - Filtrati 3 file (es. in /dist, /test).
2025-11-13 04:49:45,293 - UnicodeAnalyzer - INFO - -> Analizzando versione 0.0.0-20220715-2052-bf54f1cae (321/2377)...
2025-11-13 04:49:45,338 - UnicodeAnalyzer - INFO - Filtrati 3 file (es. in /dist, /test).
2025-11-13 04:49:45,600 - UnicodeAnalyzer - INFO - -> Analizzando versione 0.0.0-20220716-2053-f3db6cc52 (322/2377)...
2025-11-13 04:49:45,643 - UnicodeAnalyzer - INFO - Filtrati 3 file (es. in /dist, /test).
2025-11-13 04:49:45,902 - UnicodeAnalyzer - INFO - -> Analizzando versione 0.0.0-20220717-2049-f3db6cc52 (323/2377)...
2025-11-13 04:49:45,947 - UnicodeAnalyzer - INFO - Filtrati 3 file (es. in /dist, /test).
2025-11-13 04:49:46,208 - UnicodeAnalyzer - INFO - -> Analizzando versione 0.0.0-20220718-2052-f3db6cc52 (324/2377)...
2025-11-13 04:49:46,249 - UnicodeAnalyzer - INFO - Filtrati 3 file (es. in /dist, /test).
2025-11-13 04:49:46,497 - UnicodeAnalyzer - INFO - -> Analizzando versione 0.0.0-20220720-2105-9923ac1b5 (325/2377)...
2025-11-13 04:49:46,539 - UnicodeAnalyzer - INFO - Filtrati 3 file (es. in /dist, /test).
2025-11-13 04:49:46,807 - UnicodeAnalyzer - INFO - -> Analizzando versione 0.0.0-20220721-2101-8cd63de7e (326/2377)...
2025-11-13 04:49:46,898 - UnicodeAnalyzer - INFO - Filtrati 3 file (es. in /dist, /test).
2025-11-13 04:49:47,134 - UnicodeAnalyzer - INFO - -> Analizzando versione 0.0.0-20220722-2125-ccdf9ac98 (327/2377)...
2025-11-13 04:49:47,205 - UnicodeAnalyzer - INFO - Filtrati 3 file (es. in /dist, /test).
2025-11-13 04:49:47,493 - UnicodeAnalyzer - INFO - -> Analizzando versione 0.0.0-20220723-2020-a67360b0f (328/2377)...
2025-11-13 04:49:47,535 - UnicodeAnalyzer - INFO - Filtrati 3 file (es. in /dist, /test).
2025-11-13 04:49:47,895 - UnicodeAnalyzer - INFO - -> Analizzando versione 0.0.0-20220724-2017-a67360b0f (329/2377)...
2025-11-13 04:49:47,939 - UnicodeAnalyzer - INFO - Filtrati 3 file (es. in /dist, /test).
2025-11-13 04:49:48,178 - UnicodeAnalyzer - INFO - -> Analizzando versione 0.0.0-20220725-2104-653a19a8c (330/2377)...
2025-11-13 04:49:48,221 - UnicodeAnalyzer - INFO - Filtrati 3 file (es. in /dist, /test).
2025-11-13 04:49:48,456 - UnicodeAnalyzer - INFO - -> Analizzando versione 0.0.0-20220726-2019-547220fee (331/2377)...
2025-11-13 04:49:48,498 - UnicodeAnalyzer - INFO - Filtrati 3 file (es. in /dist, /test).
2025-11-13 04:49:48,733 - UnicodeAnalyzer - INFO - -> Analizzando versione 0.0.0-20220727-2025-ccbfdd716 (332/2377)...
2025-11-13 04:49:48,777 - UnicodeAnalyzer - INFO - Filtrati 3 file (es. in /dist, /test).
2025-11-13 04:49:49,015 - UnicodeAnalyzer - INFO - -> Analizzando versione 0.0.0-20220728-2021-1a9fb6cb6 (333/2377)...
2025-11-13 04:49:49,056 - UnicodeAnalyzer - INFO - Filtrati 3 file (es. in /dist, /test).
2025-11-13 04:49:49,307 - UnicodeAnalyzer - INFO - -> Analizzando versione 0.0.0-20220729-2025-a21a1f845 (334/2377)...
2025-11-13 04:49:49,349 - UnicodeAnalyzer - INFO - Filtrati 3 file (es. in /dist, /test).
2025-11-13 04:49:49,565 - UnicodeAnalyzer - INFO - -> Analizzando versione 0.0.0-20220730-2018-1e4ebf253 (335/2377)...
2025-11-13 04:49:49,606 - UnicodeAnalyzer - INFO - Filtrati 3 file (es. in /dist, /test).
2025-11-13 04:49:49,849 - UnicodeAnalyzer - INFO - -> Analizzando versione 0.0.0-20220731-2018-1e4ebf253 (336/2377)...
2025-11-13 04:49:49,891 - UnicodeAnalyzer - INFO - Filtrati 3 file (es. in /dist, /test).
2025-11-13 04:49:50,149 - UnicodeAnalyzer - INFO - -> Analizzando versione 0.0.0-20220801-2023-c504d038c (337/2377)...
2025-11-13 04:49:50,190 - UnicodeAnalyzer - INFO - Filtrati 3 file (es. in /dist, /test).
2025-11-13 04:49:50,440 - UnicodeAnalyzer - INFO - -> Analizzando versione 0.0.0-20220802-2027-1bba59023 (338/2377)...
2025-11-13 04:49:50,501 - UnicodeAnalyzer - INFO - Filtrati 3 file (es. in /dist, /test).
2025-11-13 04:49:50,720 - UnicodeAnalyzer - INFO - -> Analizzando versione 0.0.0-20220803-2118-2e649006f (339/2377)...
2025-11-13 04:49:50,767 - UnicodeAnalyzer - INFO - Filtrati 3 file (es. in /dist, /test).
2025-11-13 04:49:51,013 - UnicodeAnalyzer - INFO - -> Analizzando versione 0.0.0-20220804-2025-402b00a51 (340/2377)...
2025-11-13 04:49:51,056 - UnicodeAnalyzer - INFO - Filtrati 3 file (es. in /dist, /test).
2025-11-13 04:49:51,305 - UnicodeAnalyzer - INFO - -> Analizzando versione 0.0.0-20220805-2022-4899f8c5e (341/2377)...
2025-11-13 04:49:51,350 - UnicodeAnalyzer - INFO - Filtrati 3 file (es. in /dist, /test).
2025-11-13 04:49:51,612 - UnicodeAnalyzer - INFO - -> Analizzando versione 0.0.0-20220806-2119-3f8071d63 (342/2377)...
2025-11-13 04:49:51,659 - UnicodeAnalyzer - INFO - Filtrati 3 file (es. in /dist, /test).
2025-11-13 04:49:52,050 - UnicodeAnalyzer - INFO - -> Analizzando versione 0.0.0-20220807-2018-3f8071d63 (343/2377)...
2025-11-13 04:49:52,095 - UnicodeAnalyzer - INFO - Filtrati 3 file (es. in /dist, /test).
2025-11-13 04:49:52,348 - UnicodeAnalyzer - INFO - -> Analizzando versione 0.0.0-20220808-2024-a4599225f (344/2377)...
2025-11-13 04:49:52,393 - UnicodeAnalyzer - INFO - Filtrati 3 file (es. in /dist, /test).
2025-11-13 04:49:52,649 - UnicodeAnalyzer - INFO - -> Analizzando versione 0.0.0-20220809-2027-1bc9ddbce (345/2377)...
2025-11-13 04:49:52,695 - UnicodeAnalyzer - INFO - Filtrati 3 file (es. in /dist, /test).
2025-11-13 04:49:52,993 - UnicodeAnalyzer - INFO - -> Analizzando versione 0.0.0-20220810-2023-0aed5d9db (346/2377)...
2025-11-13 04:49:53,033 - UnicodeAnalyzer - INFO - Filtrati 3 file (es. in /dist, /test).
2025-11-13 04:49:53,276 - UnicodeAnalyzer - INFO - -> Analizzando versione 0.0.0-20220811-2024-50e8430a8 (347/2377)...
2025-11-13 04:49:53,319 - UnicodeAnalyzer - INFO - Filtrati 3 file (es. in /dist, /test).
2025-11-13 04:49:53,569 - UnicodeAnalyzer - INFO - -> Analizzando versione 0.0.0-20220812-2104-23429330a (348/2377)...
2025-11-13 04:49:53,617 - UnicodeAnalyzer - INFO - Filtrati 3 file (es. in /dist, /test).
2025-11-13 04:49:53,870 - UnicodeAnalyzer - INFO - -> Analizzando versione 0.0.0-20220813-2021-06b55a3d0 (349/2377)...
2025-11-13 04:49:53,910 - UnicodeAnalyzer - INFO - Filtrati 3 file (es. in /dist, /test).
2025-11-13 04:49:54,170 - UnicodeAnalyzer - INFO - -> Analizzando versione 0.0.0-20220814-2118-06b55a3d0 (350/2377)...
2025-11-13 04:49:54,255 - UnicodeAnalyzer - INFO - Filtrati 3 file (es. in /dist, /test).
2025-11-13 04:49:54,513 - UnicodeAnalyzer - INFO - -> Analizzando versione 0.0.0-20220815-2119-dfcd9faaa (351/2377)...
2025-11-13 04:49:54,555 - UnicodeAnalyzer - INFO - Filtrati 3 file (es. in /dist, /test).
2025-11-13 04:49:54,811 - UnicodeAnalyzer - INFO - -> Analizzando versione 0.0.0-20220816-2027-543e11e5f (352/2377)...
2025-11-13 04:49:54,855 - UnicodeAnalyzer - INFO - Filtrati 3 file (es. in /dist, /test).
2025-11-13 04:49:55,087 - UnicodeAnalyzer - INFO - -> Analizzando versione 0.0.0-20220817-2105-4eec47344 (353/2377)...
2025-11-13 04:49:55,133 - UnicodeAnalyzer - INFO - Filtrati 3 file (es. in /dist, /test).
2025-11-13 04:49:55,372 - UnicodeAnalyzer - INFO - -> Analizzando versione 0.0.0-20220818-2028-776046b89 (354/2377)...
2025-11-13 04:49:55,413 - UnicodeAnalyzer - INFO - Filtrati 3 file (es. in /dist, /test).
2025-11-13 04:49:55,655 - UnicodeAnalyzer - INFO - -> Analizzando versione 0.0.0-20220819-2023-e0a71fc7b (355/2377)...
2025-11-13 04:49:55,696 - UnicodeAnalyzer - INFO - Filtrati 3 file (es. in /dist, /test).
2025-11-13 04:49:55,864 - UnicodeAnalyzer - INFO - -> Analizzando versione 0.0.0-20220820-2117-e0a71fc7b (356/2377)...
2025-11-13 04:49:55,914 - UnicodeAnalyzer - INFO - Filtrati 3 file (es. in /dist, /test).
2025-11-13 04:49:56,088 - UnicodeAnalyzer - INFO - -> Analizzando versione 0.0.0-20220821-2020-e0a71fc7b (357/2377)...
2025-11-13 04:49:56,136 - UnicodeAnalyzer - INFO - Filtrati 3 file (es. in /dist, /test).
2025-11-13 04:49:56,339 - UnicodeAnalyzer - INFO - -> Analizzando versione 0.0.0-20220822-2032-80d626a66 (358/2377)...
2025-11-13 04:49:56,379 - UnicodeAnalyzer - INFO - Filtrati 3 file (es. in /dist, /test).
2025-11-13 04:49:56,563 - UnicodeAnalyzer - INFO - -> Analizzando versione 0.0.0-20220823-2021-32af9e6e8 (359/2377)...
2025-11-13 04:49:56,604 - UnicodeAnalyzer - INFO - Filtrati 3 file (es. in /dist, /test).
2025-11-13 04:49:56,769 - UnicodeAnalyzer - INFO - -> Analizzando versione 0.0.0-20220824-2035-f3def13a9 (360/2377)...
2025-11-13 04:49:56,812 - UnicodeAnalyzer - INFO - Filtrati 3 file (es. in /dist, /test).
2025-11-13 04:49:57,001 - UnicodeAnalyzer - INFO - -> Analizzando versione 0.0.0-20220825-2025-18542b6ef (361/2377)...
2025-11-13 04:49:57,046 - UnicodeAnalyzer - INFO - Filtrati 3 file (es. in /dist, /test).
2025-11-13 04:49:57,302 - UnicodeAnalyzer - INFO - -> Analizzando versione 0.0.0-20220826-2018-9ac437f25 (362/2377)...
2025-11-13 04:49:57,342 - UnicodeAnalyzer - INFO - Filtrati 3 file (es. in /dist, /test).
2025-11-13 04:49:57,624 - UnicodeAnalyzer - INFO - -> Analizzando versione 0.0.0-20220827-2119-984ee76ea (363/2377)...
2025-11-13 04:49:57,666 - UnicodeAnalyzer - INFO - Filtrati 3 file (es. in /dist, /test).
2025-11-13 04:49:57,988 - UnicodeAnalyzer - INFO - -> Analizzando versione 0.0.0-20220828-2022-a45eeea17 (364/2377)...
2025-11-13 04:49:58,029 - UnicodeAnalyzer - INFO - Filtrati 3 file (es. in /dist, /test).
2025-11-13 04:49:58,291 - UnicodeAnalyzer - INFO - -> Analizzando versione 0.0.0-20220829-2022-a45eeea17 (365/2377)...
2025-11-13 04:49:58,331 - UnicodeAnalyzer - INFO - Filtrati 3 file (es. in /dist, /test).
2025-11-13 04:49:58,590 - UnicodeAnalyzer - INFO - -> Analizzando versione 0.0.0-20220830-2136-10ea6fb9a (366/2377)...
2025-11-13 04:49:58,633 - UnicodeAnalyzer - INFO - Filtrati 3 file (es. in /dist, /test).
2025-11-13 04:49:58,880 - UnicodeAnalyzer - INFO - -> Analizzando versione 0.0.0-20220831-2029-afad68f1a (367/2377)...
2025-11-13 04:49:58,921 - UnicodeAnalyzer - INFO - Filtrati 3 file (es. in /dist, /test).
2025-11-13 04:49:59,181 - UnicodeAnalyzer - INFO - -> Analizzando versione 0.0.0-20220902-2028-12e5842e1 (368/2377)...
2025-11-13 04:49:59,221 - UnicodeAnalyzer - INFO - Filtrati 3 file (es. in /dist, /test).
2025-11-13 04:49:59,477 - UnicodeAnalyzer - INFO - -> Analizzando versione 0.0.0-20220903-2023-12e5842e1 (369/2377)...
2025-11-13 04:49:59,517 - UnicodeAnalyzer - INFO - Filtrati 3 file (es. in /dist, /test).
2025-11-13 04:49:59,744 - UnicodeAnalyzer - INFO - -> Analizzando versione 0.0.0-20220904-2023-12e5842e1 (370/2377)...
2025-11-13 04:49:59,784 - UnicodeAnalyzer - INFO - Filtrati 3 file (es. in /dist, /test).
2025-11-13 04:50:00,040 - UnicodeAnalyzer - INFO - -> Analizzando versione 0.0.0-20220905-2023-7aa203bed (371/2377)...
2025-11-13 04:50:00,080 - UnicodeAnalyzer - INFO - Filtrati 3 file (es. in /dist, /test).
2025-11-13 04:50:00,302 - UnicodeAnalyzer - INFO - -> Analizzando versione 0.0.0-20220906-2028-37d0a25cb (372/2377)...
2025-11-13 04:50:00,343 - UnicodeAnalyzer - INFO - Filtrati 3 file (es. in /dist, /test).
2025-11-13 04:50:00,604 - UnicodeAnalyzer - INFO - -> Analizzando versione 0.0.0-20220907-2104-32d12e89f (373/2377)...
2025-11-13 04:50:00,644 - UnicodeAnalyzer - INFO - Filtrati 3 file (es. in /dist, /test).
2025-11-13 04:50:00,903 - UnicodeAnalyzer - INFO - -> Analizzando versione 0.0.0-20220908-2031-153aedce4 (374/2377)...
2025-11-13 04:50:00,943 - UnicodeAnalyzer - INFO - Filtrati 3 file (es. in /dist, /test).
2025-11-13 04:50:01,169 - UnicodeAnalyzer - INFO - -> Analizzando versione 0.0.0-20220909-2124-3e97d5fe5 (375/2377)...
2025-11-13 04:50:01,210 - UnicodeAnalyzer - INFO - Filtrati 3 file (es. in /dist, /test).
2025-11-13 04:50:01,388 - UnicodeAnalyzer - INFO - -> Analizzando versione 0.0.0-20220910-2121-4e70376dc (376/2377)...
2025-11-13 04:50:01,437 - UnicodeAnalyzer - INFO - Filtrati 3 file (es. in /dist, /test).
2025-11-13 04:50:01,655 - UnicodeAnalyzer - INFO - -> Analizzando versione 0.0.0-20220911-2023-4e70376dc (377/2377)...
2025-11-13 04:50:01,706 - UnicodeAnalyzer - INFO - Filtrati 3 file (es. in /dist, /test).
2025-11-13 04:50:01,905 - UnicodeAnalyzer - INFO - -> Analizzando versione 0.0.0-20220912-2028-b0aba1b6f (378/2377)...
2025-11-13 04:50:01,953 - UnicodeAnalyzer - INFO - Filtrati 3 file (es. in /dist, /test).
2025-11-13 04:50:02,141 - UnicodeAnalyzer - INFO - -> Analizzando versione 0.0.0-20220913-2036-57b6bce58 (379/2377)...
2025-11-13 04:50:02,182 - UnicodeAnalyzer - INFO - Filtrati 3 file (es. in /dist, /test).
2025-11-13 04:50:02,374 - UnicodeAnalyzer - INFO - -> Analizzando versione 0.0.0-20220914-2113-5c0536db1 (380/2377)...
2025-11-13 04:50:02,425 - UnicodeAnalyzer - INFO - Filtrati 3 file (es. in /dist, /test).
2025-11-13 04:50:02,584 - UnicodeAnalyzer - INFO - -> Analizzando versione 0.0.0-20220915-2034-a8ece43a5 (381/2377)...
2025-11-13 04:50:02,626 - UnicodeAnalyzer - INFO - Filtrati 3 file (es. in /dist, /test).
2025-11-13 04:50:02,797 - UnicodeAnalyzer - INFO - -> Analizzando versione 0.0.0-20220916-2029-dc56eb99f (382/2377)...
2025-11-13 04:50:02,846 - UnicodeAnalyzer - INFO - Filtrati 3 file (es. in /dist, /test).
2025-11-13 04:50:03,200 - UnicodeAnalyzer - INFO - -> Analizzando versione 0.0.0-20220917-2021-ab5f26bf0 (383/2377)...
2025-11-13 04:50:03,242 - UnicodeAnalyzer - INFO - Filtrati 3 file (es. in /dist, /test).
2025-11-13 04:50:03,468 - UnicodeAnalyzer - INFO - -> Analizzando versione 0.0.0-20220918-2024-ab5f26bf0 (384/2377)...
2025-11-13 04:50:03,511 - UnicodeAnalyzer - INFO - Filtrati 3 file (es. in /dist, /test).
2025-11-13 04:50:03,727 - UnicodeAnalyzer - INFO - -> Analizzando versione 0.0.0-20220919-2041-e2a446694 (385/2377)...
2025-11-13 04:50:03,769 - UnicodeAnalyzer - INFO - Filtrati 3 file (es. in /dist, /test).
2025-11-13 04:50:03,992 - UnicodeAnalyzer - INFO - -> Analizzando versione 0.0.0-20220920-2143-6eee30777 (386/2377)...
2025-11-13 04:50:04,033 - UnicodeAnalyzer - INFO - Filtrati 3 file (es. in /dist, /test).
2025-11-13 04:50:04,286 - UnicodeAnalyzer - INFO - -> Analizzando versione 0.0.0-20220921-2106-6ba5fa946 (387/2377)...
2025-11-13 04:50:04,330 - UnicodeAnalyzer - INFO - Filtrati 3 file (es. in /dist, /test).
2025-11-13 04:50:04,574 - UnicodeAnalyzer - INFO - -> Analizzando versione 0.0.0-20220922-2044-205cc9bc3 (388/2377)...
2025-11-13 04:50:04,617 - UnicodeAnalyzer - INFO - Filtrati 3 file (es. in /dist, /test).
2025-11-13 04:50:04,878 - UnicodeAnalyzer - INFO - -> Analizzando versione 0.0.0-20220924-2024-5d2a400e9 (389/2377)...
2025-11-13 04:50:04,920 - UnicodeAnalyzer - INFO - Filtrati 3 file (es. in /dist, /test).
2025-11-13 04:50:05,155 - UnicodeAnalyzer - INFO - -> Analizzando versione 0.0.0-20220925-2020-5d2a400e9 (390/2377)...
2025-11-13 04:50:05,197 - UnicodeAnalyzer - INFO - Filtrati 3 file (es. in /dist, /test).
2025-11-13 04:50:05,450 - UnicodeAnalyzer - INFO - -> Analizzando versione 0.0.0-20220926-2026-8cdc9e7f0 (391/2377)...
2025-11-13 04:50:05,490 - UnicodeAnalyzer - INFO - Filtrati 3 file (es. in /dist, /test).
2025-11-13 04:50:05,715 - UnicodeAnalyzer - INFO - -> Analizzando versione 0.0.0-20220927-2032-49b14cc60 (392/2377)...
2025-11-13 04:50:05,756 - UnicodeAnalyzer - INFO - Filtrati 3 file (es. in /dist, /test).
2025-11-13 04:50:06,002 - UnicodeAnalyzer - INFO - -> Analizzando versione 0.0.0-20220928-2025-527cc3426 (393/2377)...
2025-11-13 04:50:06,048 - UnicodeAnalyzer - INFO - Filtrati 3 file (es. in /dist, /test).
2025-11-13 04:50:06,312 - UnicodeAnalyzer - INFO - -> Analizzando versione 0.0.0-20220929-2109-30411ae1a (394/2377)...
2025-11-13 04:50:06,352 - UnicodeAnalyzer - INFO - Filtrati 3 file (es. in /dist, /test).
2025-11-13 04:50:06,618 - UnicodeAnalyzer - INFO - -> Analizzando versione 0.0.0-20220930-2133-f16455603 (395/2377)...
2025-11-13 04:50:06,658 - UnicodeAnalyzer - INFO - Filtrati 3 file (es. in /dist, /test).
2025-11-13 04:50:06,893 - UnicodeAnalyzer - INFO - -> Analizzando versione 0.0.0-20221001-2020-436362670 (396/2377)...
2025-11-13 04:50:06,933 - UnicodeAnalyzer - INFO - Filtrati 3 file (es. in /dist, /test).
2025-11-13 04:50:07,194 - UnicodeAnalyzer - INFO - -> Analizzando versione 0.0.0-20221002-2027-2319f75c8 (397/2377)...
2025-11-13 04:50:07,238 - UnicodeAnalyzer - INFO - Filtrati 3 file (es. in /dist, /test).
2025-11-13 04:50:07,496 - UnicodeAnalyzer - INFO - -> Analizzando versione 0.0.0-20221003-2023-43cf78d99 (398/2377)...
2025-11-13 04:50:07,538 - UnicodeAnalyzer - INFO - Filtrati 3 file (es. in /dist, /test).
2025-11-13 04:50:07,812 - UnicodeAnalyzer - INFO - -> Analizzando versione 0.0.0-20221004-2129-108c87620 (399/2377)...
2025-11-13 04:50:07,854 - UnicodeAnalyzer - INFO - Filtrati 3 file (es. in /dist, /test).
2025-11-13 04:50:08,161 - UnicodeAnalyzer - INFO - -> Analizzando versione 0.0.0-20221005-2105-b39e77b3d (400/2377)...
2025-11-13 04:50:08,203 - UnicodeAnalyzer - INFO - Filtrati 3 file (es. in /dist, /test).
2025-11-13 04:50:08,460 - UnicodeAnalyzer - INFO - -> Analizzando versione 0.0.0-20221006-2028-7c36d0b6a (401/2377)...
2025-11-13 04:50:08,504 - UnicodeAnalyzer - INFO - Filtrati 3 file (es. in /dist, /test).
2025-11-13 04:50:08,780 - UnicodeAnalyzer - INFO - -> Analizzando versione 0.0.0-20221007-2027-c48cb04ce (402/2377)...
2025-11-13 04:50:08,839 - UnicodeAnalyzer - INFO - Filtrati 3 file (es. in /dist, /test).
2025-11-13 04:50:09,099 - UnicodeAnalyzer - INFO - -> Analizzando versione 0.0.0-20221008-2026-24efebf83 (403/2377)...
2025-11-13 04:50:09,140 - UnicodeAnalyzer - INFO - Filtrati 3 file (es. in /dist, /test).
2025-11-13 04:50:09,403 - UnicodeAnalyzer - INFO - -> Analizzando versione 0.0.0-20221009-2019-7227bdec8 (404/2377)...
2025-11-13 04:50:09,444 - UnicodeAnalyzer - INFO - Filtrati 3 file (es. in /dist, /test).
2025-11-13 04:50:09,706 - UnicodeAnalyzer - INFO - -> Analizzando versione 0.0.0-20221010-2132-1fc27c4cb (405/2377)...
2025-11-13 04:50:09,746 - UnicodeAnalyzer - INFO - Filtrati 3 file (es. in /dist, /test).
2025-11-13 04:50:10,014 - UnicodeAnalyzer - INFO - -> Analizzando versione 0.0.0-20221011-2026-14456e712 (406/2377)...
2025-11-13 04:50:10,057 - UnicodeAnalyzer - INFO - Filtrati 3 file (es. in /dist, /test).
2025-11-13 04:50:10,294 - UnicodeAnalyzer - INFO - -> Analizzando versione 0.0.0-20221012-2018-0c5ef573f (407/2377)...
2025-11-13 04:50:10,341 - UnicodeAnalyzer - INFO - Filtrati 3 file (es. in /dist, /test).
2025-11-13 04:50:10,623 - UnicodeAnalyzer - INFO - -> Analizzando versione 0.0.0-20221013-2025-3d64d0916 (408/2377)...
2025-11-13 04:50:10,665 - UnicodeAnalyzer - INFO - Filtrati 3 file (es. in /dist, /test).
2025-11-13 04:50:10,922 - UnicodeAnalyzer - INFO - -> Analizzando versione 0.0.0-20221017-2045-a0ee6fae5 (409/2377)...
2025-11-13 04:50:10,964 - UnicodeAnalyzer - INFO - Filtrati 3 file (es. in /dist, /test).
2025-11-13 04:50:11,229 - UnicodeAnalyzer - INFO - -> Analizzando versione 0.0.0-20221018-2054-5e6a4c5b4 (410/2377)...
2025-11-13 04:50:11,272 - UnicodeAnalyzer - INFO - Filtrati 3 file (es. in /dist, /test).
2025-11-13 04:50:11,531 - UnicodeAnalyzer - INFO - -> Analizzando versione 0.0.0-20221019-2022-45db65be7 (411/2377)...
2025-11-13 04:50:11,571 - UnicodeAnalyzer - INFO - Filtrati 3 file (es. in /dist, /test).
2025-11-13 04:50:11,823 - UnicodeAnalyzer - INFO - -> Analizzando versione 0.0.0-20221020-2022-ea15c3c91 (412/2377)...
2025-11-13 04:50:11,866 - UnicodeAnalyzer - INFO - Filtrati 3 file (es. in /dist, /test).
2025-11-13 04:50:12,124 - UnicodeAnalyzer - INFO - -> Analizzando versione 0.0.0-20221021-2022-9e68eea2c (413/2377)...
2025-11-13 04:50:12,165 - UnicodeAnalyzer - INFO - Filtrati 3 file (es. in /dist, /test).
2025-11-13 04:50:12,417 - UnicodeAnalyzer - INFO - -> Analizzando versione 0.0.0-20221022-2022-e480211a5 (414/2377)...
2025-11-13 04:50:12,461 - UnicodeAnalyzer - INFO - Filtrati 3 file (es. in /dist, /test).
2025-11-13 04:50:12,725 - UnicodeAnalyzer - INFO - -> Analizzando versione 0.0.0-20221023-2023-860b4d914 (415/2377)...
2025-11-13 04:50:12,772 - UnicodeAnalyzer - INFO - Filtrati 3 file (es. in /dist, /test).
2025-11-13 04:50:13,025 - UnicodeAnalyzer - INFO - -> Analizzando versione 0.0.0-20221024-2020-c63882238 (416/2377)...
2025-11-13 04:50:13,067 - UnicodeAnalyzer - INFO - Filtrati 3 file (es. in /dist, /test).
2025-11-13 04:50:13,350 - UnicodeAnalyzer - INFO - -> Analizzando versione 0.0.0-20221025-2025-1d6b73249 (417/2377)...
2025-11-13 04:50:13,396 - UnicodeAnalyzer - INFO - Filtrati 3 file (es. in /dist, /test).
2025-11-13 04:50:13,678 - UnicodeAnalyzer - INFO - -> Analizzando versione 0.0.0-20221026-2019-51d14b9db (418/2377)...
2025-11-13 04:50:13,726 - UnicodeAnalyzer - INFO - Filtrati 3 file (es. in /dist, /test).
2025-11-13 04:50:14,090 - UnicodeAnalyzer - INFO - -> Analizzando versione 0.0.0-20221027-2059-ba5454c42 (419/2377)...
2025-11-13 04:50:14,131 - UnicodeAnalyzer - INFO - Filtrati 3 file (es. in /dist, /test).
2025-11-13 04:50:14,503 - UnicodeAnalyzer - INFO - -> Analizzando versione 0.0.0-20221028-2024-cd25fb324 (420/2377)...
2025-11-13 04:50:14,546 - UnicodeAnalyzer - INFO - Filtrati 3 file (es. in /dist, /test).
2025-11-13 04:50:14,788 - UnicodeAnalyzer - INFO - -> Analizzando versione 0.0.0-20221029-2024-87d65803a (421/2377)...
2025-11-13 04:50:14,830 - UnicodeAnalyzer - INFO - Filtrati 3 file (es. in /dist, /test).
2025-11-13 04:50:15,098 - UnicodeAnalyzer - INFO - -> Analizzando versione 0.0.0-20221030-2018-87c356d56 (422/2377)...
2025-11-13 04:50:15,139 - UnicodeAnalyzer - INFO - Filtrati 3 file (es. in /dist, /test).
2025-11-13 04:50:15,394 - UnicodeAnalyzer - INFO - -> Analizzando versione 0.0.0-20221031-2019-ab7b4d4cd (423/2377)...
2025-11-13 04:50:15,436 - UnicodeAnalyzer - INFO - Filtrati 3 file (es. in /dist, /test).
2025-11-13 04:50:15,698 - UnicodeAnalyzer - INFO - -> Analizzando versione 0.0.0-20221101-2019-cfe811ab1 (424/2377)...
2025-11-13 04:50:15,740 - UnicodeAnalyzer - INFO - Filtrati 3 file (es. in /dist, /test).
2025-11-13 04:50:16,011 - UnicodeAnalyzer - INFO - -> Analizzando versione 0.0.0-20221102-2020-b5405b295 (425/2377)...
2025-11-13 04:50:16,051 - UnicodeAnalyzer - INFO - Filtrati 3 file (es. in /dist, /test).
2025-11-13 04:50:16,322 - UnicodeAnalyzer - INFO - -> Analizzando versione 0.0.0-20221103-2056-e81c98c84 (426/2377)...
2025-11-13 04:50:16,365 - UnicodeAnalyzer - INFO - Filtrati 3 file (es. in /dist, /test).
2025-11-13 04:50:16,606 - UnicodeAnalyzer - INFO - -> Analizzando versione 0.0.0-20221104-2022-44f3234d1 (427/2377)...
2025-11-13 04:50:16,649 - UnicodeAnalyzer - INFO - Filtrati 3 file (es. in /dist, /test).
2025-11-13 04:50:17,080 - UnicodeAnalyzer - INFO - -> Analizzando versione 0.0.0-20221105-2018-f0b7cbe22 (428/2377)...
2025-11-13 04:50:17,119 - UnicodeAnalyzer - INFO - Filtrati 3 file (es. in /dist, /test).
2025-11-13 04:50:17,372 - UnicodeAnalyzer - INFO - -> Analizzando versione 0.0.0-20221106-2020-f0b7cbe22 (429/2377)...
2025-11-13 04:50:17,414 - UnicodeAnalyzer - INFO - Filtrati 3 file (es. in /dist, /test).
2025-11-13 04:50:17,665 - UnicodeAnalyzer - INFO - -> Analizzando versione 0.0.0-20221107-2017-7a327d967 (430/2377)...
2025-11-13 04:50:17,707 - UnicodeAnalyzer - INFO - Filtrati 3 file (es. in /dist, /test).
2025-11-13 04:50:17,959 - UnicodeAnalyzer - INFO - -> Analizzando versione 0.0.0-20221108-2017-8a847a30e (431/2377)...
2025-11-13 04:50:17,999 - UnicodeAnalyzer - INFO - Filtrati 3 file (es. in /dist, /test).
2025-11-13 04:50:18,302 - UnicodeAnalyzer - INFO - -> Analizzando versione 0.0.0-20221109-2052-1f0c2c289 (432/2377)...
2025-11-13 04:50:18,341 - UnicodeAnalyzer - INFO - Filtrati 3 file (es. in /dist, /test).
2025-11-13 04:50:18,608 - UnicodeAnalyzer - INFO - -> Analizzando versione 0.0.0-20221110-2022-1b1b26a09 (433/2377)...
2025-11-13 04:50:18,648 - UnicodeAnalyzer - INFO - Filtrati 3 file (es. in /dist, /test).
2025-11-13 04:50:18,887 - UnicodeAnalyzer - INFO - -> Analizzando versione 0.0.0-20221111-2018-5fb67b0fb (434/2377)...
2025-11-13 04:50:18,927 - UnicodeAnalyzer - INFO - Filtrati 3 file (es. in /dist, /test).
2025-11-13 04:50:19,172 - UnicodeAnalyzer - INFO - -> Analizzando versione 0.0.0-20221112-2017-f657d2906 (435/2377)...
2025-11-13 04:50:19,213 - UnicodeAnalyzer - INFO - Filtrati 3 file (es. in /dist, /test).
2025-11-13 04:50:19,470 - UnicodeAnalyzer - INFO - -> Analizzando versione 0.0.0-20221113-2018-f657d2906 (436/2377)...
2025-11-13 04:50:19,510 - UnicodeAnalyzer - INFO - Filtrati 3 file (es. in /dist, /test).
2025-11-13 04:50:19,753 - UnicodeAnalyzer - INFO - -> Analizzando versione 0.0.0-20221114-2057-f45329221 (437/2377)...
2025-11-13 04:50:19,794 - UnicodeAnalyzer - INFO - Filtrati 3 file (es. in /dist, /test).
2025-11-13 04:50:20,040 - UnicodeAnalyzer - INFO - -> Analizzando versione 0.0.0-20221115-2023-c8c901513 (438/2377)...
2025-11-13 04:50:20,082 - UnicodeAnalyzer - INFO - Filtrati 3 file (es. in /dist, /test).
2025-11-13 04:50:20,283 - UnicodeAnalyzer - INFO - -> Analizzando versione 0.0.0-20221116-2018-0bc4547fc (439/2377)...
2025-11-13 04:50:20,334 - UnicodeAnalyzer - INFO - Filtrati 3 file (es. in /dist, /test).
2025-11-13 04:50:20,531 - UnicodeAnalyzer - INFO - -> Analizzando versione 0.0.0-20221117-2022-e047eed2e (440/2377)...
2025-11-13 04:50:20,573 - UnicodeAnalyzer - INFO - Filtrati 3 file (es. in /dist, /test).
2025-11-13 04:50:20,764 - UnicodeAnalyzer - INFO - -> Analizzando versione 0.0.0-20221118-2017-ad0c8551c (441/2377)...
2025-11-13 04:50:20,804 - UnicodeAnalyzer - INFO - Filtrati 3 file (es. in /dist, /test).
2025-11-13 04:50:20,989 - UnicodeAnalyzer - INFO - -> Analizzando versione 0.0.0-20221119-2017-81e441ae8 (442/2377)...
2025-11-13 04:50:21,040 - UnicodeAnalyzer - INFO - Filtrati 3 file (es. in /dist, /test).
2025-11-13 04:50:21,244 - UnicodeAnalyzer - INFO - -> Analizzando versione 0.0.0-20221120-2051-81e441ae8 (443/2377)...
2025-11-13 04:50:21,285 - UnicodeAnalyzer - INFO - Filtrati 3 file (es. in /dist, /test).
2025-11-13 04:50:21,482 - UnicodeAnalyzer - INFO - -> Analizzando versione 0.0.0-20221126-2018-6e9d3bf7b (444/2377)...
2025-11-13 04:50:21,534 - UnicodeAnalyzer - INFO - Filtrati 3 file (es. in /dist, /test).
2025-11-13 04:50:21,734 - UnicodeAnalyzer - INFO - -> Analizzando versione 0.0.0-20221127-2019-6e9d3bf7b (445/2377)...
2025-11-13 04:50:21,775 - UnicodeAnalyzer - INFO - Filtrati 3 file (es. in /dist, /test).
2025-11-13 04:50:21,988 - UnicodeAnalyzer - INFO - -> Analizzando versione 0.0.0-20221128-2018-4e668167f (446/2377)...
2025-11-13 04:50:22,036 - UnicodeAnalyzer - INFO - Filtrati 3 file (es. in /dist, /test).
2025-11-13 04:50:22,232 - UnicodeAnalyzer - INFO - -> Analizzando versione 0.0.0-20221129-2018-43027b6d4 (447/2377)...
2025-11-13 04:50:22,272 - UnicodeAnalyzer - INFO - Filtrati 3 file (es. in /dist, /test).
2025-11-13 04:50:22,461 - UnicodeAnalyzer - INFO - -> Analizzando versione 0.0.0-20221130-2022-6003e70e8 (448/2377)...
2025-11-13 04:50:22,501 - UnicodeAnalyzer - INFO - Filtrati 3 file (es. in /dist, /test).
2025-11-13 04:50:22,680 - UnicodeAnalyzer - INFO - -> Analizzando versione 0.0.0-20221201-2100-07c8854a1 (449/2377)...
2025-11-13 04:50:22,731 - UnicodeAnalyzer - INFO - Filtrati 3 file (es. in /dist, /test).
2025-11-13 04:50:22,958 - UnicodeAnalyzer - INFO - -> Analizzando versione 0.0.0-20221202-2018-dfbb63996 (450/2377)...
2025-11-13 04:50:22,998 - UnicodeAnalyzer - INFO - Filtrati 3 file (es. in /dist, /test).
2025-11-13 04:50:23,313 - UnicodeAnalyzer - INFO - -> Analizzando versione 0.0.0-20221203-2022-3e9141569 (451/2377)...
2025-11-13 04:50:23,356 - UnicodeAnalyzer - INFO - Filtrati 3 file (es. in /dist, /test).
2025-11-13 04:50:23,618 - UnicodeAnalyzer - INFO - -> Analizzando versione 0.0.0-20221205-2059-56b10a835 (452/2377)...
2025-11-13 04:50:23,659 - UnicodeAnalyzer - INFO - Filtrati 3 file (es. in /dist, /test).
2025-11-13 04:50:23,897 - UnicodeAnalyzer - INFO - -> Analizzando versione 0.0.0-20221206-2020-f0b7f50b2 (453/2377)...
2025-11-13 04:50:23,938 - UnicodeAnalyzer - INFO - Filtrati 3 file (es. in /dist, /test).
2025-11-13 04:50:24,168 - UnicodeAnalyzer - INFO - -> Analizzando versione 0.0.0-20221207-2023-0df2530c9 (454/2377)...
2025-11-13 04:50:24,207 - UnicodeAnalyzer - INFO - Filtrati 3 file (es. in /dist, /test).
2025-11-13 04:50:24,433 - UnicodeAnalyzer - INFO - -> Analizzando versione 0.0.0-20221208-2019-48966ebce (455/2377)...
2025-11-13 04:50:24,474 - UnicodeAnalyzer - INFO - Filtrati 3 file (es. in /dist, /test).
2025-11-13 04:50:24,676 - UnicodeAnalyzer - INFO - -> Analizzando versione 0.0.0-20221209-2017-340c046c2 (456/2377)...
2025-11-13 04:50:24,716 - UnicodeAnalyzer - INFO - Filtrati 3 file (es. in /dist, /test).
2025-11-13 04:50:24,950 - UnicodeAnalyzer - INFO - -> Analizzando versione 0.0.0-20221210-2022-ee437bf90 (457/2377)...
2025-11-13 04:50:24,989 - UnicodeAnalyzer - INFO - Filtrati 3 file (es. in /dist, /test).
2025-11-13 04:50:25,200 - UnicodeAnalyzer - INFO - -> Analizzando versione 0.0.0-20221211-2022-1a514e514 (458/2377)...
2025-11-13 04:50:25,248 - UnicodeAnalyzer - INFO - Filtrati 3 file (es. in /dist, /test).
2025-11-13 04:50:25,477 - UnicodeAnalyzer - INFO - -> Analizzando versione 0.0.0-20221212-2056-0f089ea2d (459/2377)...
2025-11-13 04:50:25,520 - UnicodeAnalyzer - INFO - Filtrati 3 file (es. in /dist, /test).
2025-11-13 04:50:25,757 - UnicodeAnalyzer - INFO - -> Analizzando versione 0.0.0-20221213-2027-455ca8cfa (460/2377)...
2025-11-13 04:50:25,802 - UnicodeAnalyzer - INFO - Filtrati 3 file (es. in /dist, /test).
2025-11-13 04:50:26,030 - UnicodeAnalyzer - INFO - -> Analizzando versione 0.0.0-20221214-2026-25a25ea23 (461/2377)...
2025-11-13 04:50:26,070 - UnicodeAnalyzer - INFO - Filtrati 3 file (es. in /dist, /test).
2025-11-13 04:50:26,289 - UnicodeAnalyzer - INFO - -> Analizzando versione 0.0.0-20221215-2023-8d6e2f86f (462/2377)...
2025-11-13 04:50:26,334 - UnicodeAnalyzer - INFO - Filtrati 3 file (es. in /dist, /test).
2025-11-13 04:50:26,570 - UnicodeAnalyzer - INFO - -> Analizzando versione 0.0.0-20221216-2023-4eecab3a7 (463/2377)...
2025-11-13 04:50:26,609 - UnicodeAnalyzer - INFO - Filtrati 3 file (es. in /dist, /test).
2025-11-13 04:50:26,856 - UnicodeAnalyzer - INFO - -> Analizzando versione 0.0.0-20221217-2018-76a14454d (464/2377)...
2025-11-13 04:50:26,898 - UnicodeAnalyzer - INFO - Filtrati 3 file (es. in /dist, /test).
2025-11-13 04:50:27,127 - UnicodeAnalyzer - INFO - -> Analizzando versione 0.0.0-20221218-2056-76a14454d (465/2377)...
2025-11-13 04:50:27,168 - UnicodeAnalyzer - INFO - Filtrati 3 file (es. in /dist, /test).
2025-11-13 04:50:27,390 - UnicodeAnalyzer - INFO - -> Analizzando versione 0.0.0-20221219-2054-e71b094b2 (466/2377)...
2025-11-13 04:50:27,433 - UnicodeAnalyzer - INFO - Filtrati 3 file (es. in /dist, /test).
2025-11-13 04:50:27,642 - UnicodeAnalyzer - INFO - -> Analizzando versione 0.0.0-20221220-2056-9f78517d6 (467/2377)...
2025-11-13 04:50:27,684 - UnicodeAnalyzer - INFO - Filtrati 3 file (es. in /dist, /test).
2025-11-13 04:50:27,882 - UnicodeAnalyzer - INFO - -> Analizzando versione 0.0.0-20221221-2057-b4dd2088e (468/2377)...
2025-11-13 04:50:27,921 - UnicodeAnalyzer - INFO - Filtrati 3 file (es. in /dist, /test).
2025-11-13 04:50:28,307 - UnicodeAnalyzer - INFO - -> Analizzando versione 0.0.0-20221222-2025-9669c10af (469/2377)...
2025-11-13 04:50:28,349 - UnicodeAnalyzer - INFO - Filtrati 3 file (es. in /dist, /test).
2025-11-13 04:50:28,572 - UnicodeAnalyzer - INFO - -> Analizzando versione 0.0.0-20221223-2017-9669c10af (470/2377)...
2025-11-13 04:50:28,614 - UnicodeAnalyzer - INFO - Filtrati 3 file (es. in /dist, /test).
2025-11-13 04:50:28,869 - UnicodeAnalyzer - INFO - -> Analizzando versione 0.0.0-20221224-2018-874881e73 (471/2377)...
2025-11-13 04:50:28,912 - UnicodeAnalyzer - INFO - Filtrati 3 file (es. in /dist, /test).
2025-11-13 04:50:29,144 - UnicodeAnalyzer - INFO - -> Analizzando versione 0.0.0-20221225-2020-874881e73 (472/2377)...
2025-11-13 04:50:29,184 - UnicodeAnalyzer - INFO - Filtrati 3 file (es. in /dist, /test).
2025-11-13 04:50:29,421 - UnicodeAnalyzer - INFO - -> Analizzando versione 0.0.0-20221226-2016-874881e73 (473/2377)...
2025-11-13 04:50:29,464 - UnicodeAnalyzer - INFO - Filtrati 3 file (es. in /dist, /test).
2025-11-13 04:50:29,692 - UnicodeAnalyzer - INFO - -> Analizzando versione 0.0.0-20221227-2019-874881e73 (474/2377)...
2025-11-13 04:50:29,734 - UnicodeAnalyzer - INFO - Filtrati 3 file (es. in /dist, /test).
2025-11-13 04:50:29,963 - UnicodeAnalyzer - INFO - -> Analizzando versione 0.0.0-20221228-2020-ad953f6f4 (475/2377)...
2025-11-13 04:50:30,003 - UnicodeAnalyzer - INFO - Filtrati 3 file (es. in /dist, /test).
2025-11-13 04:50:30,238 - UnicodeAnalyzer - INFO - -> Analizzando versione 0.0.0-20221229-2018-58220b9c9 (476/2377)...
2025-11-13 04:50:30,278 - UnicodeAnalyzer - INFO - Filtrati 3 file (es. in /dist, /test).
2025-11-13 04:50:30,513 - UnicodeAnalyzer - INFO - -> Analizzando versione 0.0.0-20230103-1625-4ac4a5c27 (477/2377)...
2025-11-13 04:50:30,555 - UnicodeAnalyzer - INFO - Filtrati 3 file (es. in /dist, /test).
2025-11-13 04:50:30,809 - UnicodeAnalyzer - INFO - -> Analizzando versione 0.0.0-20230103-2018-e948c79bd (478/2377)...
2025-11-13 04:50:30,848 - UnicodeAnalyzer - INFO - Filtrati 3 file (es. in /dist, /test).
2025-11-13 04:50:31,111 - UnicodeAnalyzer - INFO - -> Analizzando versione 0.0.0-20230104-2019-0c53420a7 (479/2377)...
2025-11-13 04:50:31,153 - UnicodeAnalyzer - INFO - Filtrati 3 file (es. in /dist, /test).
2025-11-13 04:50:31,390 - UnicodeAnalyzer - INFO - -> Analizzando versione 0.0.0-20230105-2020-4c911a2de (480/2377)...
2025-11-13 04:50:31,432 - UnicodeAnalyzer - INFO - Filtrati 3 file (es. in /dist, /test).
2025-11-13 04:50:31,613 - UnicodeAnalyzer - INFO - -> Analizzando versione 0.0.0-20230106-2020-5a912ccc0 (481/2377)...
2025-11-13 04:50:31,659 - UnicodeAnalyzer - INFO - Filtrati 3 file (es. in /dist, /test).
2025-11-13 04:50:31,819 - UnicodeAnalyzer - INFO - -> Analizzando versione 0.0.0-20230107-2026-ac66512eb (482/2377)...
2025-11-13 04:50:31,862 - UnicodeAnalyzer - INFO - Filtrati 3 file (es. in /dist, /test).
2025-11-13 04:50:32,106 - UnicodeAnalyzer - INFO - -> Analizzando versione 0.0.0-20230108-2020-ac66512eb (483/2377)...
2025-11-13 04:50:32,149 - UnicodeAnalyzer - INFO - Filtrati 3 file (es. in /dist, /test).
2025-11-13 04:50:32,362 - UnicodeAnalyzer - INFO - -> Analizzando versione 0.0.0-20230109-2022-9e0cb5a5b (484/2377)...
2025-11-13 04:50:32,403 - UnicodeAnalyzer - INFO - Filtrati 3 file (es. in /dist, /test).
2025-11-13 04:50:32,703 - UnicodeAnalyzer - INFO - -> Analizzando versione 0.0.0-20230110-2057-a80cf96fc (485/2377)...
2025-11-13 04:50:32,743 - UnicodeAnalyzer - INFO - Filtrati 3 file (es. in /dist, /test).
2025-11-13 04:50:33,000 - UnicodeAnalyzer - INFO - -> Analizzando versione 0.0.0-20230111-2023-573734f4e (486/2377)...
2025-11-13 04:50:33,041 - UnicodeAnalyzer - INFO - Filtrati 3 file (es. in /dist, /test).
2025-11-13 04:50:33,450 - UnicodeAnalyzer - INFO - -> Analizzando versione 0.0.0-20230112-2023-8befb740d (487/2377)...
2025-11-13 04:50:33,493 - UnicodeAnalyzer - INFO - Filtrati 3 file (es. in /dist, /test).
2025-11-13 04:50:33,734 - UnicodeAnalyzer - INFO - -> Analizzando versione 0.0.0-20230113-2059-97c7c6a4b (488/2377)...
2025-11-13 04:50:33,776 - UnicodeAnalyzer - INFO - Filtrati 3 file (es. in /dist, /test).
2025-11-13 04:50:34,033 - UnicodeAnalyzer - INFO - -> Analizzando versione 0.0.0-20230114-2105-b40beebd2 (489/2377)...
2025-11-13 04:50:34,074 - UnicodeAnalyzer - INFO - Filtrati 3 file (es. in /dist, /test).
2025-11-13 04:50:34,337 - UnicodeAnalyzer - INFO - -> Analizzando versione 0.0.0-20230115-2021-b40beebd2 (490/2377)...
2025-11-13 04:50:34,376 - UnicodeAnalyzer - INFO - Filtrati 3 file (es. in /dist, /test).
2025-11-13 04:50:34,629 - UnicodeAnalyzer - INFO - -> Analizzando versione 0.0.0-20230116-2022-e6d1ab926 (491/2377)...
2025-11-13 04:50:34,674 - UnicodeAnalyzer - INFO - Filtrati 3 file (es. in /dist, /test).
2025-11-13 04:50:34,916 - UnicodeAnalyzer - INFO - -> Analizzando versione 0.0.0-20230117-2057-2430d1fcf (492/2377)...
2025-11-13 04:50:34,958 - UnicodeAnalyzer - INFO - Filtrati 3 file (es. in /dist, /test).
2025-11-13 04:50:35,195 - UnicodeAnalyzer - INFO - -> Analizzando versione 0.0.0-20230118-2101-05ff52b65 (493/2377)...
2025-11-13 04:50:35,234 - UnicodeAnalyzer - INFO - Filtrati 3 file (es. in /dist, /test).
2025-11-13 04:50:35,482 - UnicodeAnalyzer - INFO - -> Analizzando versione 0.0.0-20230119-2022-140526927 (494/2377)...
2025-11-13 04:50:35,522 - UnicodeAnalyzer - INFO - Filtrati 3 file (es. in /dist, /test).
2025-11-13 04:50:35,797 - UnicodeAnalyzer - INFO - -> Analizzando versione 0.0.0-20230120-2025-208f55950 (495/2377)...
2025-11-13 04:50:35,837 - UnicodeAnalyzer - INFO - Filtrati 3 file (es. in /dist, /test).
2025-11-13 04:50:36,122 - UnicodeAnalyzer - INFO - -> Analizzando versione 0.0.0-20230121-2022-8fbcb5cf9 (496/2377)...
2025-11-13 04:50:36,161 - UnicodeAnalyzer - INFO - Filtrati 3 file (es. in /dist, /test).
2025-11-13 04:50:36,433 - UnicodeAnalyzer - INFO - -> Analizzando versione 0.0.0-20230122-2021-cd5a8c48c (497/2377)...
2025-11-13 04:50:36,474 - UnicodeAnalyzer - INFO - Filtrati 3 file (es. in /dist, /test).
2025-11-13 04:50:36,729 - UnicodeAnalyzer - INFO - -> Analizzando versione 0.0.0-20230123-2033-04cf92fa9 (498/2377)...
2025-11-13 04:50:36,771 - UnicodeAnalyzer - INFO - Filtrati 3 file (es. in /dist, /test).
2025-11-13 04:50:37,062 - UnicodeAnalyzer - INFO - -> Analizzando versione 0.0.0-20230124-2021-d5e6d9cec (499/2377)...
2025-11-13 04:50:37,100 - UnicodeAnalyzer - INFO - Filtrati 3 file (es. in /dist, /test).
2025-11-13 04:50:37,353 - UnicodeAnalyzer - INFO - -> Analizzando versione 0.0.0-20230125-2022-6f7428e27 (500/2377)...
2025-11-13 04:50:37,392 - UnicodeAnalyzer - INFO - Filtrati 3 file (es. in /dist, /test).
2025-11-13 04:50:37,681 - UnicodeAnalyzer - INFO - -> Analizzando versione 0.0.0-20230126-2108-53932d002 (501/2377)...
2025-11-13 04:50:37,721 - UnicodeAnalyzer - INFO - Filtrati 3 file (es. in /dist, /test).
2025-11-13 04:50:37,984 - UnicodeAnalyzer - INFO - -> Analizzando versione 0.0.0-20230128-2110-8d5f8804d (502/2377)...
2025-11-13 04:50:38,027 - UnicodeAnalyzer - INFO - Filtrati 3 file (es. in /dist, /test).
2025-11-13 04:50:38,293 - UnicodeAnalyzer - INFO - -> Analizzando versione 0.0.0-20230129-2110-8d5f8804d (503/2377)...
2025-11-13 04:50:38,332 - UnicodeAnalyzer - INFO - Filtrati 3 file (es. in /dist, /test).
2025-11-13 04:50:38,675 - UnicodeAnalyzer - INFO - -> Analizzando versione 0.0.0-20230130-2111-9e65ba2b7 (504/2377)...
2025-11-13 04:50:38,714 - UnicodeAnalyzer - INFO - Filtrati 3 file (es. in /dist, /test).
2025-11-13 04:50:38,972 - UnicodeAnalyzer - INFO - -> Analizzando versione 0.0.0-20230131-2110-bf34810c5 (505/2377)...
2025-11-13 04:50:39,012 - UnicodeAnalyzer - INFO - Filtrati 3 file (es. in /dist, /test).
2025-11-13 04:50:39,276 - UnicodeAnalyzer - INFO - -> Analizzando versione 0.0.0-20230201-2114-a0800ffc7 (506/2377)...
2025-11-13 04:50:39,315 - UnicodeAnalyzer - INFO - Filtrati 3 file (es. in /dist, /test).
2025-11-13 04:50:39,580 - UnicodeAnalyzer - INFO - -> Analizzando versione 0.0.0-20230202-2145-6bbf323d6 (507/2377)...
2025-11-13 04:50:39,620 - UnicodeAnalyzer - INFO - Filtrati 3 file (es. in /dist, /test).
2025-11-13 04:50:39,885 - UnicodeAnalyzer - INFO - -> Analizzando versione 0.0.0-20230203-2108-7fedd7577 (508/2377)...
2025-11-13 04:50:39,924 - UnicodeAnalyzer - INFO - Filtrati 3 file (es. in /dist, /test).
2025-11-13 04:50:40,183 - UnicodeAnalyzer - INFO - -> Analizzando versione 0.0.0-20230204-2108-11ece22fc (509/2377)...
2025-11-13 04:50:40,223 - UnicodeAnalyzer - INFO - Filtrati 3 file (es. in /dist, /test).
2025-11-13 04:50:40,479 - UnicodeAnalyzer - INFO - -> Analizzando versione 0.0.0-20230205-2109-7f2dd1d49 (510/2377)...
2025-11-13 04:50:40,518 - UnicodeAnalyzer - INFO - Filtrati 3 file (es. in /dist, /test).
2025-11-13 04:50:40,785 - UnicodeAnalyzer - INFO - -> Analizzando versione 0.0.0-20230206-2150-62fa6d9da (511/2377)...
2025-11-13 04:50:40,825 - UnicodeAnalyzer - INFO - Filtrati 3 file (es. in /dist, /test).
2025-11-13 04:50:41,075 - UnicodeAnalyzer - INFO - -> Analizzando versione 0.0.0-20230207-2114-d31670b4d (512/2377)...
2025-11-13 04:50:41,114 - UnicodeAnalyzer - INFO - Filtrati 3 file (es. in /dist, /test).
2025-11-13 04:50:41,370 - UnicodeAnalyzer - INFO - -> Analizzando versione 0.0.0-20230208-2111-69f11cbc1 (513/2377)...
2025-11-13 04:50:41,410 - UnicodeAnalyzer - INFO - Filtrati 3 file (es. in /dist, /test).
2025-11-13 04:50:41,687 - UnicodeAnalyzer - INFO - -> Analizzando versione 0.0.0-20230210-2109-9707378ef (514/2377)...
2025-11-13 04:50:41,727 - UnicodeAnalyzer - INFO - Filtrati 3 file (es. in /dist, /test).
2025-11-13 04:50:42,007 - UnicodeAnalyzer - INFO - -> Analizzando versione 0.0.0-20230213-2113-f7e35d4ef (515/2377)...
2025-11-13 04:50:42,046 - UnicodeAnalyzer - INFO - Filtrati 3 file (es. in /dist, /test).
2025-11-13 04:50:42,312 - UnicodeAnalyzer - INFO - -> Analizzando versione 0.0.0-20230214-2150-7b1418030 (516/2377)...
2025-11-13 04:50:42,351 - UnicodeAnalyzer - INFO - Filtrati 3 file (es. in /dist, /test).
2025-11-13 04:50:42,621 - UnicodeAnalyzer - INFO - -> Analizzando versione 0.0.0-20230215-2146-cb28a2c46 (517/2377)...
2025-11-13 04:50:42,662 - UnicodeAnalyzer - INFO - Filtrati 3 file (es. in /dist, /test).
2025-11-13 04:50:42,858 - UnicodeAnalyzer - INFO - -> Analizzando versione 0.0.0-20230216-2111-1f151e0d2 (518/2377)...
2025-11-13 04:50:42,900 - UnicodeAnalyzer - INFO - Filtrati 3 file (es. in /dist, /test).
2025-11-13 04:50:43,142 - UnicodeAnalyzer - INFO - -> Analizzando versione 0.0.0-20230217-2110-ed8a3e08e (519/2377)...
2025-11-13 04:50:43,183 - UnicodeAnalyzer - INFO - Filtrati 3 file (es. in /dist, /test).
2025-11-13 04:50:43,472 - UnicodeAnalyzer - INFO - -> Analizzando versione 0.0.0-20230218-2109-1629b9f0a (520/2377)...
2025-11-13 04:50:43,516 - UnicodeAnalyzer - INFO - Filtrati 3 file (es. in /dist, /test).
2025-11-13 04:50:43,751 - UnicodeAnalyzer - INFO - -> Analizzando versione 0.0.0-20230219-2110-421df9ffd (521/2377)...
2025-11-13 04:50:43,794 - UnicodeAnalyzer - INFO - Filtrati 3 file (es. in /dist, /test).
2025-11-13 04:50:44,034 - UnicodeAnalyzer - INFO - -> Analizzando versione 0.0.0-20230220-2111-23eb380f6 (522/2377)...
2025-11-13 04:50:44,075 - UnicodeAnalyzer - INFO - Filtrati 3 file (es. in /dist, /test).
2025-11-13 04:50:44,333 - UnicodeAnalyzer - INFO - -> Analizzando versione 0.0.0-20230221-2111-d147bbbe8 (523/2377)...
2025-11-13 04:50:44,374 - UnicodeAnalyzer - INFO - Filtrati 3 file (es. in /dist, /test).
2025-11-13 04:50:44,600 - UnicodeAnalyzer - INFO - -> Analizzando versione 0.0.0-20230222-2123-2f81bb88a (524/2377)...
2025-11-13 04:50:44,639 - UnicodeAnalyzer - INFO - Filtrati 3 file (es. in /dist, /test).
2025-11-13 04:50:44,869 - UnicodeAnalyzer - INFO - -> Analizzando versione 0.0.0-20230223-2112-d528fe28a (525/2377)...
2025-11-13 04:50:44,913 - UnicodeAnalyzer - INFO - Filtrati 3 file (es. in /dist, /test).
2025-11-13 04:50:45,147 - UnicodeAnalyzer - INFO - -> Analizzando versione 0.0.0-20230224-2148-faba66b4b (526/2377)...
2025-11-13 04:50:45,189 - UnicodeAnalyzer - INFO - Filtrati 3 file (es. in /dist, /test).
2025-11-13 04:50:45,438 - UnicodeAnalyzer - INFO - -> Analizzando versione 0.0.0-20230225-2110-febf6b7f3 (527/2377)...
2025-11-13 04:50:45,479 - UnicodeAnalyzer - INFO - Filtrati 3 file (es. in /dist, /test).
2025-11-13 04:50:45,720 - UnicodeAnalyzer - INFO - -> Analizzando versione 0.0.0-20230226-2112-6e28e2dc9 (528/2377)...
2025-11-13 04:50:45,763 - UnicodeAnalyzer - INFO - Filtrati 3 file (es. in /dist, /test).
2025-11-13 04:50:45,986 - UnicodeAnalyzer - INFO - -> Analizzando versione 0.0.0-20230227-2110-7620509b8 (529/2377)...
2025-11-13 04:50:46,027 - UnicodeAnalyzer - INFO - Filtrati 3 file (es. in /dist, /test).
2025-11-13 04:50:46,260 - UnicodeAnalyzer - INFO - -> Analizzando versione 0.0.0-20230228-2111-32d03c250 (530/2377)...
2025-11-13 04:50:46,300 - UnicodeAnalyzer - INFO - Filtrati 3 file (es. in /dist, /test).
2025-11-13 04:50:46,558 - UnicodeAnalyzer - INFO - -> Analizzando versione 0.0.0-20230301-2111-dadf74fb6 (531/2377)...
2025-11-13 04:50:46,601 - UnicodeAnalyzer - INFO - Filtrati 3 file (es. in /dist, /test).
2025-11-13 04:50:46,826 - UnicodeAnalyzer - INFO - -> Analizzando versione 0.0.0-20230302-2110-caf80d442 (532/2377)...
2025-11-13 04:50:46,869 - UnicodeAnalyzer - INFO - Filtrati 3 file (es. in /dist, /test).
2025-11-13 04:50:47,115 - UnicodeAnalyzer - INFO - -> Analizzando versione 0.0.0-20230303-2110-574653319 (533/2377)...
2025-11-13 04:50:47,157 - UnicodeAnalyzer - INFO - Filtrati 3 file (es. in /dist, /test).
2025-11-13 04:50:47,419 - UnicodeAnalyzer - INFO - -> Analizzando versione 0.0.0-20230304-2109-947751fbe (534/2377)...
2025-11-13 04:50:47,460 - UnicodeAnalyzer - INFO - Filtrati 3 file (es. in /dist, /test).
2025-11-13 04:50:47,713 - UnicodeAnalyzer - INFO - -> Analizzando versione 0.0.0-20230305-2109-947751fbe (535/2377)...
2025-11-13 04:50:47,754 - UnicodeAnalyzer - INFO - Filtrati 3 file (es. in /dist, /test).
2025-11-13 04:50:48,011 - UnicodeAnalyzer - INFO - -> Analizzando versione 0.0.0-20230306-2111-24dbb5df0 (536/2377)...
2025-11-13 04:50:48,053 - UnicodeAnalyzer - INFO - Filtrati 3 file (es. in /dist, /test).
2025-11-13 04:50:48,579 - UnicodeAnalyzer - INFO - -> Analizzando versione 0.0.0-20230307-2112-96659f8e8 (537/2377)...
2025-11-13 04:50:48,618 - UnicodeAnalyzer - INFO - Filtrati 3 file (es. in /dist, /test).
2025-11-13 04:50:48,873 - UnicodeAnalyzer - INFO - -> Analizzando versione 0.0.0-20230308-2111-d41e95fb1 (538/2377)...
2025-11-13 04:50:48,913 - UnicodeAnalyzer - INFO - Filtrati 3 file (es. in /dist, /test).
2025-11-13 04:50:49,160 - UnicodeAnalyzer - INFO - -> Analizzando versione 0.0.0-20230309-2152-af86b4a56 (539/2377)...
2025-11-13 04:50:49,199 - UnicodeAnalyzer - INFO - Filtrati 3 file (es. in /dist, /test).
2025-11-13 04:50:49,454 - UnicodeAnalyzer - INFO - -> Analizzando versione 0.0.0-20230310-2109-48c7adc3b (540/2377)...
2025-11-13 04:50:49,497 - UnicodeAnalyzer - INFO - Filtrati 3 file (es. in /dist, /test).
2025-11-13 04:50:49,755 - UnicodeAnalyzer - INFO - -> Analizzando versione 0.0.0-20230311-2108-48c7adc3b (541/2377)...
2025-11-13 04:50:49,794 - UnicodeAnalyzer - INFO - Filtrati 3 file (es. in /dist, /test).
2025-11-13 04:50:50,118 - UnicodeAnalyzer - INFO - -> Analizzando versione 0.0.0-20230312-2111-cfa03db98 (542/2377)...
2025-11-13 04:50:50,158 - UnicodeAnalyzer - INFO - Filtrati 3 file (es. in /dist, /test).
2025-11-13 04:50:50,773 - UnicodeAnalyzer - INFO - -> Analizzando versione 0.0.0-20230313-2148-803bb1653 (543/2377)...
2025-11-13 04:50:50,815 - UnicodeAnalyzer - INFO - Filtrati 3 file (es. in /dist, /test).
2025-11-13 04:50:51,081 - UnicodeAnalyzer - INFO - -> Analizzando versione 0.0.0-20230315-2112-9ee0e1c78 (544/2377)...
2025-11-13 04:50:51,122 - UnicodeAnalyzer - INFO - Filtrati 3 file (es. in /dist, /test).
2025-11-13 04:50:51,399 - UnicodeAnalyzer - INFO - -> Analizzando versione 0.0.0-20230316-2109-b2fda3eca (545/2377)...
2025-11-13 04:50:51,442 - UnicodeAnalyzer - INFO - Filtrati 3 file (es. in /dist, /test).
2025-11-13 04:50:51,707 - UnicodeAnalyzer - INFO - -> Analizzando versione 0.0.0-20230320-1646-59243aa23 (546/2377)...
2025-11-13 04:50:51,749 - UnicodeAnalyzer - INFO - Filtrati 3 file (es. in /dist, /test).
2025-11-13 04:50:52,014 - UnicodeAnalyzer - INFO - -> Analizzando versione 0.0.0-20230320-2108-7b916be03 (547/2377)...
2025-11-13 04:50:52,055 - UnicodeAnalyzer - INFO - Filtrati 3 file (es. in /dist, /test).
2025-11-13 04:50:52,321 - UnicodeAnalyzer - INFO - -> Analizzando versione 0.0.0-20230321-2153-7b86e3aae (548/2377)...
2025-11-13 04:50:52,365 - UnicodeAnalyzer - INFO - Filtrati 3 file (es. in /dist, /test).
2025-11-13 04:50:52,634 - UnicodeAnalyzer - INFO - -> Analizzando versione 0.0.0-20230323-2112-987c6fd29 (549/2377)...
2025-11-13 04:50:52,675 - UnicodeAnalyzer - INFO - Filtrati 3 file (es. in /dist, /test).
2025-11-13 04:50:52,930 - UnicodeAnalyzer - INFO - -> Analizzando versione 0.0.0-20230325-2109-92b898149 (550/2377)...
2025-11-13 04:50:52,971 - UnicodeAnalyzer - INFO - Filtrati 3 file (es. in /dist, /test).
2025-11-13 04:50:53,237 - UnicodeAnalyzer - INFO - -> Analizzando versione 0.0.0-20230326-2107-92b898149 (551/2377)...
2025-11-13 04:50:53,279 - UnicodeAnalyzer - INFO - Filtrati 3 file (es. in /dist, /test).
2025-11-13 04:50:53,606 - UnicodeAnalyzer - INFO - -> Analizzando versione 0.0.0-20230327-2119-d9f7c4c18 (552/2377)...
2025-11-13 04:50:53,649 - UnicodeAnalyzer - INFO - Filtrati 3 file (es. in /dist, /test).
2025-11-13 04:50:53,924 - UnicodeAnalyzer - INFO - -> Analizzando versione 0.0.0-20230328-2110-a88126950 (553/2377)...
2025-11-13 04:50:53,965 - UnicodeAnalyzer - INFO - Filtrati 3 file (es. in /dist, /test).
2025-11-13 04:50:54,215 - UnicodeAnalyzer - INFO - -> Analizzando versione 0.0.0-20230329-2113-a4fe9b2b6 (554/2377)...
2025-11-13 04:50:54,256 - UnicodeAnalyzer - INFO - Filtrati 3 file (es. in /dist, /test).
2025-11-13 04:50:54,491 - UnicodeAnalyzer - INFO - -> Analizzando versione 0.0.0-20230330-2124-f67bd676e (555/2377)...
2025-11-13 04:50:54,532 - UnicodeAnalyzer - INFO - Filtrati 3 file (es. in /dist, /test).
2025-11-13 04:50:54,795 - UnicodeAnalyzer - INFO - -> Analizzando versione 0.0.0-20230331-2111-4890d50ed (556/2377)...
2025-11-13 04:50:54,836 - UnicodeAnalyzer - INFO - Filtrati 3 file (es. in /dist, /test).
2025-11-13 04:50:55,126 - UnicodeAnalyzer - INFO - -> Analizzando versione 0.0.0-20230401-2110-a2d2696e4 (557/2377)...
2025-11-13 04:50:55,168 - UnicodeAnalyzer - INFO - Filtrati 3 file (es. in /dist, /test).
2025-11-13 04:50:55,434 - UnicodeAnalyzer - INFO - -> Analizzando versione 0.0.0-20230402-2110-cb88e75cf (558/2377)...
2025-11-13 04:50:55,474 - UnicodeAnalyzer - INFO - Filtrati 3 file (es. in /dist, /test).
2025-11-13 04:50:55,784 - UnicodeAnalyzer - INFO - -> Analizzando versione 0.0.0-20230403-2109-12a102b92 (559/2377)...
2025-11-13 04:50:55,826 - UnicodeAnalyzer - INFO - Filtrati 3 file (es. in /dist, /test).
2025-11-13 04:50:56,093 - UnicodeAnalyzer - INFO - -> Analizzando versione 0.0.0-20230404-2109-62c4da142 (560/2377)...
2025-11-13 04:50:56,139 - UnicodeAnalyzer - INFO - Filtrati 3 file (es. in /dist, /test).
2025-11-13 04:50:56,409 - UnicodeAnalyzer - INFO - -> Analizzando versione 0.0.0-20230405-2113-9bb71650c (561/2377)...
2025-11-13 04:50:56,453 - UnicodeAnalyzer - INFO - Filtrati 3 file (es. in /dist, /test).
2025-11-13 04:50:56,721 - UnicodeAnalyzer - INFO - -> Analizzando versione 0.0.0-20230406-2110-a27270f49 (562/2377)...
2025-11-13 04:50:56,764 - UnicodeAnalyzer - INFO - Filtrati 3 file (es. in /dist, /test).
2025-11-13 04:50:57,021 - UnicodeAnalyzer - INFO - -> Analizzando versione 0.0.0-20230407-2150-95dabeb53 (563/2377)...
2025-11-13 04:50:57,065 - UnicodeAnalyzer - INFO - Filtrati 3 file (es. in /dist, /test).
2025-11-13 04:50:57,331 - UnicodeAnalyzer - INFO - -> Analizzando versione 0.0.0-20230408-2149-a6690bfb7 (564/2377)...
2025-11-13 04:50:57,373 - UnicodeAnalyzer - INFO - Filtrati 3 file (es. in /dist, /test).
2025-11-13 04:50:57,643 - UnicodeAnalyzer - INFO - -> Analizzando versione 0.0.0-20230409-2110-a6690bfb7 (565/2377)...
2025-11-13 04:50:57,686 - UnicodeAnalyzer - INFO - Filtrati 3 file (es. in /dist, /test).
2025-11-13 04:50:57,945 - UnicodeAnalyzer - INFO - -> Analizzando versione 0.0.0-20230410-2150-71506cefb (566/2377)...
2025-11-13 04:50:57,989 - UnicodeAnalyzer - INFO - Filtrati 3 file (es. in /dist, /test).
2025-11-13 04:50:58,291 - UnicodeAnalyzer - INFO - -> Analizzando versione 0.0.0-20230411-2111-ad4a857d3 (567/2377)...
2025-11-13 04:50:58,333 - UnicodeAnalyzer - INFO - Filtrati 3 file (es. in /dist, /test).
2025-11-13 04:50:58,643 - UnicodeAnalyzer - INFO - -> Analizzando versione 0.0.0-20230412-2110-846ec6dd2 (568/2377)...
2025-11-13 04:50:58,686 - UnicodeAnalyzer - INFO - Filtrati 3 file (es. in /dist, /test).
2025-11-13 04:50:58,929 - UnicodeAnalyzer - INFO - -> Analizzando versione 0.0.0-20230413-2147-7d7f48da4 (569/2377)...
2025-11-13 04:50:58,970 - UnicodeAnalyzer - INFO - Filtrati 3 file (es. in /dist, /test).
2025-11-13 04:50:59,168 - UnicodeAnalyzer - INFO - -> Analizzando versione 0.0.0-20230414-2146-adb210306 (570/2377)...
2025-11-13 04:50:59,210 - UnicodeAnalyzer - INFO - Filtrati 3 file (es. in /dist, /test).
2025-11-13 04:50:59,401 - UnicodeAnalyzer - INFO - -> Analizzando versione 0.0.0-20230415-2109-f5c060618 (571/2377)...
2025-11-13 04:50:59,448 - UnicodeAnalyzer - INFO - Filtrati 3 file (es. in /dist, /test).
2025-11-13 04:50:59,648 - UnicodeAnalyzer - INFO - -> Analizzando versione 0.0.0-20230416-2109-f5c060618 (572/2377)...
2025-11-13 04:50:59,688 - UnicodeAnalyzer - INFO - Filtrati 3 file (es. in /dist, /test).
2025-11-13 04:50:59,886 - UnicodeAnalyzer - INFO - -> Analizzando versione 0.0.0-20230417-2110-4ad2fc8a9 (573/2377)...
2025-11-13 04:50:59,936 - UnicodeAnalyzer - INFO - Filtrati 3 file (es. in /dist, /test).
2025-11-13 04:51:00,139 - UnicodeAnalyzer - INFO - -> Analizzando versione 0.0.0-20230418-2109-b68f53d44 (574/2377)...
2025-11-13 04:51:00,179 - UnicodeAnalyzer - INFO - Filtrati 3 file (es. in /dist, /test).
2025-11-13 04:51:00,359 - UnicodeAnalyzer - INFO - -> Analizzando versione 0.0.0-20230420-2108-f84256a92 (575/2377)...
2025-11-13 04:51:00,409 - UnicodeAnalyzer - INFO - Filtrati 3 file (es. in /dist, /test).
2025-11-13 04:51:00,606 - UnicodeAnalyzer - INFO - -> Analizzando versione 0.0.0-20230421-2151-bd64699f0 (576/2377)...
2025-11-13 04:51:00,650 - UnicodeAnalyzer - INFO - Filtrati 3 file (es. in /dist, /test).
2025-11-13 04:51:00,850 - UnicodeAnalyzer - INFO - -> Analizzando versione 0.0.0-20230422-2109-01d80c128 (577/2377)...
2025-11-13 04:51:00,892 - UnicodeAnalyzer - INFO - Filtrati 3 file (es. in /dist, /test).
2025-11-13 04:51:01,078 - UnicodeAnalyzer - INFO - -> Analizzando versione 0.0.0-20230423-2109-28d5c15cb (578/2377)...
2025-11-13 04:51:01,128 - UnicodeAnalyzer - INFO - Filtrati 3 file (es. in /dist, /test).
2025-11-13 04:51:01,337 - UnicodeAnalyzer - INFO - -> Analizzando versione 0.0.0-20230424-2108-3ca188bc6 (579/2377)...
2025-11-13 04:51:01,381 - UnicodeAnalyzer - INFO - Filtrati 3 file (es. in /dist, /test).
2025-11-13 04:51:01,568 - UnicodeAnalyzer - INFO - -> Analizzando versione 0.0.0-20230425-2108-fc5a7f756 (580/2377)...
2025-11-13 04:51:01,622 - UnicodeAnalyzer - INFO - Filtrati 3 file (es. in /dist, /test).
2025-11-13 04:51:01,814 - UnicodeAnalyzer - INFO - -> Analizzando versione 0.0.0-20230426-2112-c1dea41cf (581/2377)...
2025-11-13 04:51:01,854 - UnicodeAnalyzer - INFO - Filtrati 3 file (es. in /dist, /test).
2025-11-13 04:51:02,058 - UnicodeAnalyzer - INFO - -> Analizzando versione 0.0.0-20230427-2109-b0cf746c1 (582/2377)...
2025-11-13 04:51:02,101 - UnicodeAnalyzer - INFO - Filtrati 3 file (es. in /dist, /test).
2025-11-13 04:51:02,309 - UnicodeAnalyzer - INFO - -> Analizzando versione 0.0.0-20230428-2109-243a148da (583/2377)...
2025-11-13 04:51:02,354 - UnicodeAnalyzer - INFO - Filtrati 3 file (es. in /dist, /test).
2025-11-13 04:51:02,549 - UnicodeAnalyzer - INFO - -> Analizzando versione 0.0.0-20230429-2107-c4a6c3728 (584/2377)...
2025-11-13 04:51:02,592 - UnicodeAnalyzer - INFO - Filtrati 3 file (es. in /dist, /test).
2025-11-13 04:51:02,790 - UnicodeAnalyzer - INFO - -> Analizzando versione 0.0.0-20230430-2109-97b270253 (585/2377)...
2025-11-13 04:51:02,841 - UnicodeAnalyzer - INFO - Filtrati 3 file (es. in /dist, /test).
2025-11-13 04:51:03,037 - UnicodeAnalyzer - INFO - -> Analizzando versione 0.0.0-20230501-2116-97b270253 (586/2377)...
2025-11-13 04:51:03,078 - UnicodeAnalyzer - INFO - Filtrati 3 file (es. in /dist, /test).
2025-11-13 04:51:03,265 - UnicodeAnalyzer - INFO - -> Analizzando versione 0.0.0-20230502-2110-99f88ce33 (587/2377)...
2025-11-13 04:51:03,319 - UnicodeAnalyzer - INFO - Filtrati 3 file (es. in /dist, /test).
2025-11-13 04:51:03,510 - UnicodeAnalyzer - INFO - -> Analizzando versione 0.0.0-20230503-2109-1be65baf2 (588/2377)...
2025-11-13 04:51:03,557 - UnicodeAnalyzer - INFO - Filtrati 3 file (es. in /dist, /test).
2025-11-13 04:51:03,842 - UnicodeAnalyzer - INFO - -> Analizzando versione 0.0.0-20230504-2152-80ecbdf2b (589/2377)...
2025-11-13 04:51:03,884 - UnicodeAnalyzer - INFO - Filtrati 3 file (es. in /dist, /test).
2025-11-13 04:51:04,071 - UnicodeAnalyzer - INFO - -> Analizzando versione 0.0.0-20230505-2109-9b69263a1 (590/2377)...
2025-11-13 04:51:04,121 - UnicodeAnalyzer - INFO - Filtrati 3 file (es. in /dist, /test).
2025-11-13 04:51:04,301 - UnicodeAnalyzer - INFO - -> Analizzando versione 0.0.0-21a434cee (591/2377)...
2025-11-13 04:51:04,409 - UnicodeAnalyzer - INFO - Filtrati 8 file (es. in /dist, /test).
2025-11-13 04:51:04,700 - UnicodeAnalyzer - INFO - -> Analizzando versione 0.0.0-22801870f-20211006-2008 (592/2377)...
2025-11-13 04:51:04,799 - UnicodeAnalyzer - INFO - Filtrati 8 file (es. in /dist, /test).
2025-11-13 04:51:05,111 - UnicodeAnalyzer - INFO - -> Analizzando versione 0.0.0-22c1032db (593/2377)...
2025-11-13 04:51:05,153 - UnicodeAnalyzer - INFO - Filtrati 6 file (es. in /dist, /test).
2025-11-13 04:51:05,418 - UnicodeAnalyzer - INFO - -> Analizzando versione 0.0.0-232d02c5f-20211009-2008 (594/2377)...
2025-11-13 04:51:05,519 - UnicodeAnalyzer - INFO - Filtrati 8 file (es. in /dist, /test).
2025-11-13 04:51:05,818 - UnicodeAnalyzer - INFO - -> Analizzando versione 0.0.0-232d02c5f-20211010-2008 (595/2377)...
2025-11-13 04:51:05,925 - UnicodeAnalyzer - INFO - Filtrati 8 file (es. in /dist, /test).
2025-11-13 04:51:06,229 - UnicodeAnalyzer - INFO - -> Analizzando versione 0.0.0-263478b91 (596/2377)...
2025-11-13 04:51:06,326 - UnicodeAnalyzer - INFO - Filtrati 8 file (es. in /dist, /test).
2025-11-13 04:51:06,576 - UnicodeAnalyzer - INFO - -> Analizzando versione 0.0.0-268efb102 (597/2377)...
2025-11-13 04:51:06,673 - UnicodeAnalyzer - INFO - Filtrati 8 file (es. in /dist, /test).
2025-11-13 04:51:06,968 - UnicodeAnalyzer - INFO - -> Analizzando versione 0.0.0-280f524b4 (598/2377)...
2025-11-13 04:51:07,064 - UnicodeAnalyzer - INFO - Filtrati 7 file (es. in /dist, /test).
2025-11-13 04:51:07,351 - UnicodeAnalyzer - INFO - -> Analizzando versione 0.0.0-286df9000 (599/2377)...
2025-11-13 04:51:07,446 - UnicodeAnalyzer - INFO - Filtrati 8 file (es. in /dist, /test).
2025-11-13 04:51:07,713 - UnicodeAnalyzer - INFO - -> Analizzando versione 0.0.0-29bc96135 (600/2377)...
2025-11-13 04:51:07,812 - UnicodeAnalyzer - INFO - Filtrati 8 file (es. in /dist, /test).
2025-11-13 04:51:08,073 - UnicodeAnalyzer - INFO - -> Analizzando versione 0.0.0-2aab894ac (601/2377)...
2025-11-13 04:51:08,168 - UnicodeAnalyzer - INFO - Filtrati 7 file (es. in /dist, /test).
2025-11-13 04:51:08,483 - UnicodeAnalyzer - INFO - -> Analizzando versione 0.0.0-2b7366e41 (602/2377)...
2025-11-13 04:51:08,580 - UnicodeAnalyzer - INFO - Filtrati 8 file (es. in /dist, /test).
2025-11-13 04:51:08,855 - UnicodeAnalyzer - INFO - -> Analizzando versione 0.0.0-2c473e1a3 (603/2377)...
2025-11-13 04:51:08,900 - UnicodeAnalyzer - INFO - Filtrati 5 file (es. in /dist, /test).
2025-11-13 04:51:09,207 - UnicodeAnalyzer - INFO - -> Analizzando versione 0.0.0-2d2de744b-20210929-2246 (604/2377)...
2025-11-13 04:51:09,300 - UnicodeAnalyzer - INFO - Filtrati 8 file (es. in /dist, /test).
2025-11-13 04:51:09,618 - UnicodeAnalyzer - INFO - -> Analizzando versione 0.0.0-2e2c88114 (605/2377)...
2025-11-13 04:51:09,669 - UnicodeAnalyzer - INFO - Filtrati 5 file (es. in /dist, /test).
2025-11-13 04:51:09,906 - UnicodeAnalyzer - INFO - -> Analizzando versione 0.0.0-30054645c (606/2377)...
2025-11-13 04:51:09,962 - UnicodeAnalyzer - INFO - Filtrati 6 file (es. in /dist, /test).
2025-11-13 04:51:10,190 - UnicodeAnalyzer - INFO - -> Analizzando versione 0.0.0-30a89f30c (607/2377)...
2025-11-13 04:51:10,278 - UnicodeAnalyzer - INFO - Filtrati 5 file (es. in /dist, /test).
2025-11-13 04:51:10,536 - UnicodeAnalyzer - INFO - -> Analizzando versione 0.0.0-30cc158a8 (608/2377)...
2025-11-13 04:51:10,580 - UnicodeAnalyzer - INFO - Filtrati 5 file (es. in /dist, /test).
2025-11-13 04:51:10,904 - UnicodeAnalyzer - INFO - -> Analizzando versione 0.0.0-3137c443f (609/2377)...
2025-11-13 04:51:10,946 - UnicodeAnalyzer - INFO - Filtrati 6 file (es. in /dist, /test).
2025-11-13 04:51:11,188 - UnicodeAnalyzer - INFO - -> Analizzando versione 0.0.0-320398afe (610/2377)...
2025-11-13 04:51:11,285 - UnicodeAnalyzer - INFO - Filtrati 6 file (es. in /dist, /test).
2025-11-13 04:51:11,580 - UnicodeAnalyzer - INFO - -> Analizzando versione 0.0.0-3346ac7f9 (611/2377)...
2025-11-13 04:51:11,649 - UnicodeAnalyzer - INFO - Filtrati 5 file (es. in /dist, /test).
2025-11-13 04:51:11,892 - UnicodeAnalyzer - INFO - -> Analizzando versione 0.0.0-34b7d22f3-20211001-2008 (612/2377)...
2025-11-13 04:51:11,986 - UnicodeAnalyzer - INFO - Filtrati 8 file (es. in /dist, /test).
2025-11-13 04:51:12,309 - UnicodeAnalyzer - INFO - -> Analizzando versione 0.0.0-35b575fef (613/2377)...
2025-11-13 04:51:12,402 - UnicodeAnalyzer - INFO - Filtrati 8 file (es. in /dist, /test).
2025-11-13 04:51:12,666 - UnicodeAnalyzer - INFO - -> Analizzando versione 0.0.0-36f3bf2f5-20211002-2010 (614/2377)...
2025-11-13 04:51:12,760 - UnicodeAnalyzer - INFO - Filtrati 8 file (es. in /dist, /test).
2025-11-13 04:51:13,049 - UnicodeAnalyzer - INFO - -> Analizzando versione 0.0.0-36f3bf2f5-20211003-2009 (615/2377)...
2025-11-13 04:51:13,144 - UnicodeAnalyzer - INFO - Filtrati 8 file (es. in /dist, /test).
2025-11-13 04:51:13,437 - UnicodeAnalyzer - INFO - -> Analizzando versione 0.0.0-36f3bf2f5-20211004-2008 (616/2377)...
2025-11-13 04:51:13,536 - UnicodeAnalyzer - INFO - Filtrati 8 file (es. in /dist, /test).
2025-11-13 04:51:13,857 - UnicodeAnalyzer - INFO - -> Analizzando versione 0.0.0-3827ca617 (617/2377)...
2025-11-13 04:51:13,956 - UnicodeAnalyzer - INFO - Filtrati 8 file (es. in /dist, /test).
2025-11-13 04:51:14,223 - UnicodeAnalyzer - INFO - -> Analizzando versione 0.0.0-382f0898c (618/2377)...
2025-11-13 04:51:14,275 - UnicodeAnalyzer - INFO - Filtrati 5 file (es. in /dist, /test).
2025-11-13 04:51:14,524 - UnicodeAnalyzer - INFO - -> Analizzando versione 0.0.0-386dbd943 (619/2377)...
2025-11-13 04:51:14,624 - UnicodeAnalyzer - INFO - Filtrati 8 file (es. in /dist, /test).
2025-11-13 04:51:14,918 - UnicodeAnalyzer - INFO - -> Analizzando versione 0.0.0-3b751d396 (620/2377)...
2025-11-13 04:51:15,024 - UnicodeAnalyzer - INFO - Filtrati 8 file (es. in /dist, /test).
2025-11-13 04:51:15,313 - UnicodeAnalyzer - INFO - -> Analizzando versione 0.0.0-3b7679bd3 (621/2377)...
2025-11-13 04:51:15,400 - UnicodeAnalyzer - INFO - Filtrati 5 file (es. in /dist, /test).
2025-11-13 04:51:15,687 - UnicodeAnalyzer - INFO - -> Analizzando versione 0.0.0-3b96b39ab (622/2377)...
2025-11-13 04:51:15,732 - UnicodeAnalyzer - INFO - Filtrati 5 file (es. in /dist, /test).
2025-11-13 04:51:16,012 - UnicodeAnalyzer - INFO - -> Analizzando versione 0.0.0-3bc883c6c (623/2377)...
2025-11-13 04:51:16,111 - UnicodeAnalyzer - INFO - Filtrati 8 file (es. in /dist, /test).
2025-11-13 04:51:16,345 - UnicodeAnalyzer - INFO - -> Analizzando versione 0.0.0-3bce39376 (624/2377)...
2025-11-13 04:51:16,440 - UnicodeAnalyzer - INFO - Filtrati 8 file (es. in /dist, /test).
2025-11-13 04:51:16,689 - UnicodeAnalyzer - INFO - -> Analizzando versione 0.0.0-3d166a0a4 (625/2377)...
2025-11-13 04:51:16,783 - UnicodeAnalyzer - INFO - Filtrati 7 file (es. in /dist, /test).
2025-11-13 04:51:17,111 - UnicodeAnalyzer - INFO - -> Analizzando versione 0.0.0-3ed1b1f4f (626/2377)...
2025-11-13 04:51:17,182 - UnicodeAnalyzer - INFO - Filtrati 5 file (es. in /dist, /test).
2025-11-13 04:51:17,498 - UnicodeAnalyzer - INFO - -> Analizzando versione 0.0.0-4079c0454 (627/2377)...
2025-11-13 04:51:17,591 - UnicodeAnalyzer - INFO - Filtrati 8 file (es. in /dist, /test).
2025-11-13 04:51:17,870 - UnicodeAnalyzer - INFO - -> Analizzando versione 0.0.0-40a93914c (628/2377)...
2025-11-13 04:51:17,966 - UnicodeAnalyzer - INFO - Filtrati 8 file (es. in /dist, /test).
2025-11-13 04:51:18,225 - UnicodeAnalyzer - INFO - -> Analizzando versione 0.0.0-41ecccefc (629/2377)...
2025-11-13 04:51:18,325 - UnicodeAnalyzer - INFO - Filtrati 8 file (es. in /dist, /test).
2025-11-13 04:51:18,582 - UnicodeAnalyzer - INFO - -> Analizzando versione 0.0.0-41fb336ff (630/2377)...
2025-11-13 04:51:18,626 - UnicodeAnalyzer - INFO - Filtrati 6 file (es. in /dist, /test).
2025-11-13 04:51:18,932 - UnicodeAnalyzer - INFO - -> Analizzando versione 0.0.0-423155127 (631/2377)...
2025-11-13 04:51:18,974 - UnicodeAnalyzer - INFO - Filtrati 6 file (es. in /dist, /test).
2025-11-13 04:51:19,239 - UnicodeAnalyzer - INFO - -> Analizzando versione 0.0.0-42c8dead6 (632/2377)...
2025-11-13 04:51:19,292 - UnicodeAnalyzer - INFO - Filtrati 6 file (es. in /dist, /test).
2025-11-13 04:51:19,533 - UnicodeAnalyzer - INFO - -> Analizzando versione 0.0.0-42fa4a6a4 (633/2377)...
2025-11-13 04:51:19,627 - UnicodeAnalyzer - INFO - Filtrati 8 file (es. in /dist, /test).
2025-11-13 04:51:19,915 - UnicodeAnalyzer - INFO - -> Analizzando versione 0.0.0-438a4cf59 (634/2377)...
2025-11-13 04:51:20,011 - UnicodeAnalyzer - INFO - Filtrati 8 file (es. in /dist, /test).
2025-11-13 04:51:20,271 - UnicodeAnalyzer - INFO - -> Analizzando versione 0.0.0-44ec762e4 (635/2377)...
2025-11-13 04:51:20,358 - UnicodeAnalyzer - INFO - Filtrati 5 file (es. in /dist, /test).
2025-11-13 04:51:20,642 - UnicodeAnalyzer - INFO - -> Analizzando versione 0.0.0-452240baf (636/2377)...
2025-11-13 04:51:20,737 - UnicodeAnalyzer - INFO - Filtrati 8 file (es. in /dist, /test).
2025-11-13 04:51:20,986 - UnicodeAnalyzer - INFO - -> Analizzando versione 0.0.0-46c77dc29 (637/2377)...
2025-11-13 04:51:21,060 - UnicodeAnalyzer - INFO - Filtrati 5 file (es. in /dist, /test).
2025-11-13 04:51:21,370 - UnicodeAnalyzer - INFO - -> Analizzando versione 0.0.0-4716d2282 (638/2377)...
2025-11-13 04:51:21,426 - UnicodeAnalyzer - INFO - Filtrati 6 file (es. in /dist, /test).
2025-11-13 04:51:21,677 - UnicodeAnalyzer - INFO - -> Analizzando versione 0.0.0-4720ad95a (639/2377)...
2025-11-13 04:51:21,734 - UnicodeAnalyzer - INFO - Filtrati 6 file (es. in /dist, /test).
2025-11-13 04:51:22,002 - UnicodeAnalyzer - INFO - -> Analizzando versione 0.0.0-49015b0f5 (640/2377)...
2025-11-13 04:51:22,044 - UnicodeAnalyzer - INFO - Filtrati 6 file (es. in /dist, /test).
2025-11-13 04:51:22,278 - UnicodeAnalyzer - INFO - -> Analizzando versione 0.0.0-4a1820dbd (641/2377)...
2025-11-13 04:51:22,328 - UnicodeAnalyzer - INFO - Filtrati 6 file (es. in /dist, /test).
2025-11-13 04:51:22,581 - UnicodeAnalyzer - INFO - -> Analizzando versione 0.0.0-4a2232bd7 (642/2377)...
2025-11-13 04:51:22,680 - UnicodeAnalyzer - INFO - Filtrati 5 file (es. in /dist, /test).
2025-11-13 04:51:22,974 - UnicodeAnalyzer - INFO - -> Analizzando versione 0.0.0-4a48b021d (643/2377)...
2025-11-13 04:51:23,058 - UnicodeAnalyzer - INFO - Filtrati 5 file (es. in /dist, /test).
2025-11-13 04:51:23,317 - UnicodeAnalyzer - INFO - -> Analizzando versione 0.0.0-4a6039c63 (644/2377)...
2025-11-13 04:51:23,384 - UnicodeAnalyzer - INFO - Filtrati 6 file (es. in /dist, /test).
2025-11-13 04:51:23,616 - UnicodeAnalyzer - INFO - -> Analizzando versione 0.0.0-4ad4426da (645/2377)...
2025-11-13 04:51:23,779 - UnicodeAnalyzer - INFO - Filtrati 8 file (es. in /dist, /test).
2025-11-13 04:51:24,019 - UnicodeAnalyzer - INFO - -> Analizzando versione 0.0.0-4c0d802b4 (646/2377)...
2025-11-13 04:51:24,066 - UnicodeAnalyzer - INFO - Filtrati 6 file (es. in /dist, /test).
2025-11-13 04:51:24,350 - UnicodeAnalyzer - INFO - -> Analizzando versione 0.0.0-4c5182c1c (647/2377)...
2025-11-13 04:51:24,455 - UnicodeAnalyzer - INFO - Filtrati 8 file (es. in /dist, /test).
2025-11-13 04:51:24,728 - UnicodeAnalyzer - INFO - -> Analizzando versione 0.0.0-4c73ab08e (648/2377)...
2025-11-13 04:51:24,836 - UnicodeAnalyzer - INFO - Filtrati 8 file (es. in /dist, /test).
2025-11-13 04:51:25,107 - UnicodeAnalyzer - INFO - -> Analizzando versione 0.0.0-4d920fe7c (649/2377)...
2025-11-13 04:51:25,150 - UnicodeAnalyzer - INFO - Filtrati 6 file (es. in /dist, /test).
2025-11-13 04:51:25,406 - UnicodeAnalyzer - INFO - -> Analizzando versione 0.0.0-4f94d7da8 (650/2377)...
2025-11-13 04:51:25,455 - UnicodeAnalyzer - INFO - Filtrati 6 file (es. in /dist, /test).
2025-11-13 04:51:25,748 - UnicodeAnalyzer - INFO - -> Analizzando versione 0.0.0-503a6f446 (651/2377)...
2025-11-13 04:51:25,852 - UnicodeAnalyzer - INFO - Filtrati 6 file (es. in /dist, /test).
2025-11-13 04:51:26,139 - UnicodeAnalyzer - INFO - -> Analizzando versione 0.0.0-5127c71d6 (652/2377)...
2025-11-13 04:51:26,249 - UnicodeAnalyzer - INFO - Filtrati 8 file (es. in /dist, /test).
2025-11-13 04:51:26,615 - UnicodeAnalyzer - INFO - -> Analizzando versione 0.0.0-512c185fb (653/2377)...
2025-11-13 04:51:26,727 - UnicodeAnalyzer - INFO - Filtrati 8 file (es. in /dist, /test).
2025-11-13 04:51:27,013 - UnicodeAnalyzer - INFO - -> Analizzando versione 0.0.0-528d51e58 (654/2377)...
2025-11-13 04:51:27,115 - UnicodeAnalyzer - INFO - Filtrati 8 file (es. in /dist, /test).
2025-11-13 04:51:27,406 - UnicodeAnalyzer - INFO - -> Analizzando versione 0.0.0-52a9fed3d (655/2377)...
2025-11-13 04:51:27,514 - UnicodeAnalyzer - INFO - Filtrati 8 file (es. in /dist, /test).
2025-11-13 04:51:27,822 - UnicodeAnalyzer - INFO - -> Analizzando versione 0.0.0-53c649461 (656/2377)...
2025-11-13 04:51:27,933 - UnicodeAnalyzer - INFO - Filtrati 8 file (es. in /dist, /test).
2025-11-13 04:51:28,229 - UnicodeAnalyzer - INFO - -> Analizzando versione 0.0.0-558b080fb (657/2377)...
2025-11-13 04:51:28,277 - UnicodeAnalyzer - INFO - Filtrati 6 file (es. in /dist, /test).
2025-11-13 04:51:28,581 - UnicodeAnalyzer - INFO - -> Analizzando versione 0.0.0-564b944e5 (658/2377)...
2025-11-13 04:51:28,689 - UnicodeAnalyzer - INFO - Filtrati 8 file (es. in /dist, /test).
2025-11-13 04:51:29,073 - UnicodeAnalyzer - INFO - -> Analizzando versione 0.0.0-56cf99a96 (659/2377)...
2025-11-13 04:51:29,174 - UnicodeAnalyzer - INFO - Filtrati 5 file (es. in /dist, /test).
2025-11-13 04:51:29,464 - UnicodeAnalyzer - INFO - -> Analizzando versione 0.0.0-57dd48b24 (660/2377)...
2025-11-13 04:51:29,512 - UnicodeAnalyzer - INFO - Filtrati 6 file (es. in /dist, /test).
2025-11-13 04:51:29,796 - UnicodeAnalyzer - INFO - -> Analizzando versione 0.0.0-59a4d6f52 (661/2377)...
2025-11-13 04:51:29,881 - UnicodeAnalyzer - INFO - Filtrati 6 file (es. in /dist, /test).
2025-11-13 04:51:30,167 - UnicodeAnalyzer - INFO - -> Analizzando versione 0.0.0-59abb5f37 (662/2377)...
2025-11-13 04:51:30,269 - UnicodeAnalyzer - INFO - Filtrati 8 file (es. in /dist, /test).
2025-11-13 04:51:30,534 - UnicodeAnalyzer - INFO - -> Analizzando versione 0.0.0-5a1ca3830 (663/2377)...
2025-11-13 04:51:30,576 - UnicodeAnalyzer - INFO - Filtrati 6 file (es. in /dist, /test).
2025-11-13 04:51:30,832 - UnicodeAnalyzer - INFO - -> Analizzando versione 0.0.0-5a2693d78 (664/2377)...
2025-11-13 04:51:30,930 - UnicodeAnalyzer - INFO - Filtrati 8 file (es. in /dist, /test).
2025-11-13 04:51:31,210 - UnicodeAnalyzer - INFO - -> Analizzando versione 0.0.0-5bc67b658 (665/2377)...
2025-11-13 04:51:31,300 - UnicodeAnalyzer - INFO - Filtrati 6 file (es. in /dist, /test).
2025-11-13 04:51:31,606 - UnicodeAnalyzer - INFO - -> Analizzando versione 0.0.0-5c086b4e1 (666/2377)...
2025-11-13 04:51:31,697 - UnicodeAnalyzer - INFO - Filtrati 5 file (es. in /dist, /test).
2025-11-13 04:51:32,008 - UnicodeAnalyzer - INFO - -> Analizzando versione 0.0.0-5cb2debbe (667/2377)...
2025-11-13 04:51:32,104 - UnicodeAnalyzer - INFO - Filtrati 8 file (es. in /dist, /test).
2025-11-13 04:51:32,337 - UnicodeAnalyzer - INFO - -> Analizzando versione 0.0.0-6342e6e3f (668/2377)...
2025-11-13 04:51:32,391 - UnicodeAnalyzer - INFO - Filtrati 6 file (es. in /dist, /test).
2025-11-13 04:51:32,634 - UnicodeAnalyzer - INFO - -> Analizzando versione 0.0.0-635ac1ba5 (669/2377)...
2025-11-13 04:51:32,700 - UnicodeAnalyzer - INFO - Filtrati 6 file (es. in /dist, /test).
2025-11-13 04:51:32,955 - UnicodeAnalyzer - INFO - -> Analizzando versione 0.0.0-6524e611d (670/2377)...
2025-11-13 04:51:33,028 - UnicodeAnalyzer - INFO - Filtrati 6 file (es. in /dist, /test).
2025-11-13 04:51:33,261 - UnicodeAnalyzer - INFO - -> Analizzando versione 0.0.0-653d8540c (671/2377)...
2025-11-13 04:51:33,328 - UnicodeAnalyzer - INFO - Filtrati 6 file (es. in /dist, /test).
2025-11-13 04:51:33,580 - UnicodeAnalyzer - INFO - -> Analizzando versione 0.0.0-65975dd28 (672/2377)...
2025-11-13 04:51:33,674 - UnicodeAnalyzer - INFO - Filtrati 7 file (es. in /dist, /test).
2025-11-13 04:51:34,024 - UnicodeAnalyzer - INFO - -> Analizzando versione 0.0.0-66057efc6 (673/2377)...
2025-11-13 04:51:34,072 - UnicodeAnalyzer - INFO - Filtrati 6 file (es. in /dist, /test).
2025-11-13 04:51:34,299 - UnicodeAnalyzer - INFO - -> Analizzando versione 0.0.0-6651d8c34 (674/2377)...
2025-11-13 04:51:34,397 - UnicodeAnalyzer - INFO - Filtrati 8 file (es. in /dist, /test).
2025-11-13 04:51:34,689 - UnicodeAnalyzer - INFO - -> Analizzando versione 0.0.0-67699ba9f (675/2377)...
2025-11-13 04:51:34,783 - UnicodeAnalyzer - INFO - Filtrati 7 file (es. in /dist, /test).
2025-11-13 04:51:35,033 - UnicodeAnalyzer - INFO - -> Analizzando versione 0.0.0-679f38f1c (676/2377)...
2025-11-13 04:51:35,131 - UnicodeAnalyzer - INFO - Filtrati 8 file (es. in /dist, /test).
2025-11-13 04:51:35,356 - UnicodeAnalyzer - INFO - -> Analizzando versione 0.0.0-67a486e57 (677/2377)...
2025-11-13 04:51:35,456 - UnicodeAnalyzer - INFO - Filtrati 8 file (es. in /dist, /test).
2025-11-13 04:51:35,730 - UnicodeAnalyzer - INFO - -> Analizzando versione 0.0.0-67b62adf4 (678/2377)...
2025-11-13 04:51:35,827 - UnicodeAnalyzer - INFO - Filtrati 8 file (es. in /dist, /test).
2025-11-13 04:51:36,125 - UnicodeAnalyzer - INFO - -> Analizzando versione 0.0.0-6844b8e0d (679/2377)...
2025-11-13 04:51:36,222 - UnicodeAnalyzer - INFO - Filtrati 8 file (es. in /dist, /test).
2025-11-13 04:51:36,455 - UnicodeAnalyzer - INFO - -> Analizzando versione 0.0.0-6860cb077 (680/2377)...
2025-11-13 04:51:36,506 - UnicodeAnalyzer - INFO - Filtrati 5 file (es. in /dist, /test).
2025-11-13 04:51:36,806 - UnicodeAnalyzer - INFO - -> Analizzando versione 0.0.0-6a96a9f65 (681/2377)...
2025-11-13 04:51:36,905 - UnicodeAnalyzer - INFO - Filtrati 5 file (es. in /dist, /test).
2025-11-13 04:51:37,127 - UnicodeAnalyzer - INFO - -> Analizzando versione 0.0.0-6b4d8dbf1 (682/2377)...
2025-11-13 04:51:37,226 - UnicodeAnalyzer - INFO - Filtrati 8 file (es. in /dist, /test).
2025-11-13 04:51:37,462 - UnicodeAnalyzer - INFO - -> Analizzando versione 0.0.0-6b713f519 (683/2377)...
2025-11-13 04:51:37,558 - UnicodeAnalyzer - INFO - Filtrati 8 file (es. in /dist, /test).
2025-11-13 04:51:37,786 - UnicodeAnalyzer - INFO - -> Analizzando versione 0.0.0-6c080167e (684/2377)...
2025-11-13 04:51:37,884 - UnicodeAnalyzer - INFO - Filtrati 8 file (es. in /dist, /test).
2025-11-13 04:51:38,121 - UnicodeAnalyzer - INFO - -> Analizzando versione 0.0.0-6c66cef8e (685/2377)...
2025-11-13 04:51:38,224 - UnicodeAnalyzer - INFO - Filtrati 8 file (es. in /dist, /test).
2025-11-13 04:51:38,508 - UnicodeAnalyzer - INFO - -> Analizzando versione 0.0.0-6d6268e90 (686/2377)...
2025-11-13 04:51:38,550 - UnicodeAnalyzer - INFO - Filtrati 5 file (es. in /dist, /test).
2025-11-13 04:51:38,816 - UnicodeAnalyzer - INFO - -> Analizzando versione 0.0.0-6d6c68c2c (687/2377)...
2025-11-13 04:51:38,865 - UnicodeAnalyzer - INFO - Filtrati 6 file (es. in /dist, /test).
2025-11-13 04:51:39,101 - UnicodeAnalyzer - INFO - -> Analizzando versione 0.0.0-6fd684150 (688/2377)...
2025-11-13 04:51:39,203 - UnicodeAnalyzer - INFO - Filtrati 7 file (es. in /dist, /test).
2025-11-13 04:51:39,490 - UnicodeAnalyzer - INFO - -> Analizzando versione 0.0.0-722a4ba56 (689/2377)...
2025-11-13 04:51:39,544 - UnicodeAnalyzer - INFO - Filtrati 5 file (es. in /dist, /test).
2025-11-13 04:51:39,775 - UnicodeAnalyzer - INFO - -> Analizzando versione 0.0.0-7258afeea (690/2377)...
2025-11-13 04:51:39,877 - UnicodeAnalyzer - INFO - Filtrati 8 file (es. in /dist, /test).
2025-11-13 04:51:40,198 - UnicodeAnalyzer - INFO - -> Analizzando versione 0.0.0-72ac2125b (691/2377)...
2025-11-13 04:51:40,286 - UnicodeAnalyzer - INFO - Filtrati 5 file (es. in /dist, /test).
2025-11-13 04:51:40,570 - UnicodeAnalyzer - INFO - -> Analizzando versione 0.0.0-72d29ee7d (692/2377)...
2025-11-13 04:51:40,666 - UnicodeAnalyzer - INFO - Filtrati 6 file (es. in /dist, /test).
2025-11-13 04:51:40,956 - UnicodeAnalyzer - INFO - -> Analizzando versione 0.0.0-73242b45a (693/2377)...
2025-11-13 04:51:40,997 - UnicodeAnalyzer - INFO - Filtrati 6 file (es. in /dist, /test).
2025-11-13 04:51:41,285 - UnicodeAnalyzer - INFO - -> Analizzando versione 0.0.0-732ac1709 (694/2377)...
2025-11-13 04:51:41,383 - UnicodeAnalyzer - INFO - Filtrati 8 file (es. in /dist, /test).
2025-11-13 04:51:41,671 - UnicodeAnalyzer - INFO - -> Analizzando versione 0.0.0-74608417d (695/2377)...
2025-11-13 04:51:41,766 - UnicodeAnalyzer - INFO - Filtrati 8 file (es. in /dist, /test).
2025-11-13 04:51:42,026 - UnicodeAnalyzer - INFO - -> Analizzando versione 0.0.0-7463f6d0f (696/2377)...
2025-11-13 04:51:42,126 - UnicodeAnalyzer - INFO - Filtrati 8 file (es. in /dist, /test).
2025-11-13 04:51:42,394 - UnicodeAnalyzer - INFO - -> Analizzando versione 0.0.0-75197dbb1 (697/2377)...
2025-11-13 04:51:42,440 - UnicodeAnalyzer - INFO - Filtrati 6 file (es. in /dist, /test).
2025-11-13 04:51:42,728 - UnicodeAnalyzer - INFO - -> Analizzando versione 0.0.0-77012753e (698/2377)...
2025-11-13 04:51:42,770 - UnicodeAnalyzer - INFO - Filtrati 5 file (es. in /dist, /test).
2025-11-13 04:51:43,044 - UnicodeAnalyzer - INFO - -> Analizzando versione 0.0.0-77f7658e4 (699/2377)...
2025-11-13 04:51:43,089 - UnicodeAnalyzer - INFO - Filtrati 6 file (es. in /dist, /test).
2025-11-13 04:51:43,376 - UnicodeAnalyzer - INFO - -> Analizzando versione 0.0.0-78caaca76 (700/2377)...
2025-11-13 04:51:43,476 - UnicodeAnalyzer - INFO - Filtrati 8 file (es. in /dist, /test).
2025-11-13 04:51:43,713 - UnicodeAnalyzer - INFO - -> Analizzando versione 0.0.0-7a2c685ac (701/2377)...
2025-11-13 04:51:43,758 - UnicodeAnalyzer - INFO - Filtrati 5 file (es. in /dist, /test).
2025-11-13 04:51:44,067 - UnicodeAnalyzer - INFO - -> Analizzando versione 0.0.0-7b7c9f230 (702/2377)...
2025-11-13 04:51:44,110 - UnicodeAnalyzer - INFO - Filtrati 6 file (es. in /dist, /test).
2025-11-13 04:51:44,381 - UnicodeAnalyzer - INFO - -> Analizzando versione 0.0.0-7b814b467 (703/2377)...
2025-11-13 04:51:44,475 - UnicodeAnalyzer - INFO - Filtrati 8 file (es. in /dist, /test).
2025-11-13 04:51:44,751 - UnicodeAnalyzer - INFO - -> Analizzando versione 0.0.0-7b82df287 (704/2377)...
2025-11-13 04:51:44,792 - UnicodeAnalyzer - INFO - Filtrati 6 file (es. in /dist, /test).
2025-11-13 04:51:45,047 - UnicodeAnalyzer - INFO - -> Analizzando versione 0.0.0-7c6993d9f (705/2377)...
2025-11-13 04:51:45,144 - UnicodeAnalyzer - INFO - Filtrati 8 file (es. in /dist, /test).
2025-11-13 04:51:45,373 - UnicodeAnalyzer - INFO - -> Analizzando versione 0.0.0-7db89f90e (706/2377)...
2025-11-13 04:51:45,469 - UnicodeAnalyzer - INFO - Filtrati 8 file (es. in /dist, /test).
2025-11-13 04:51:45,765 - UnicodeAnalyzer - INFO - -> Analizzando versione 0.0.0-7e05480cc (707/2377)...
2025-11-13 04:51:45,868 - UnicodeAnalyzer - INFO - Filtrati 8 file (es. in /dist, /test).
2025-11-13 04:51:46,144 - UnicodeAnalyzer - INFO - -> Analizzando versione 0.0.0-7e899348c (708/2377)...
2025-11-13 04:51:46,193 - UnicodeAnalyzer - INFO - Filtrati 6 file (es. in /dist, /test).
2025-11-13 04:51:46,448 - UnicodeAnalyzer - INFO - -> Analizzando versione 0.0.0-7ee2acc6c (709/2377)...
2025-11-13 04:51:46,547 - UnicodeAnalyzer - INFO - Filtrati 8 file (es. in /dist, /test).
2025-11-13 04:51:46,768 - UnicodeAnalyzer - INFO - -> Analizzando versione 0.0.0-7f16ff8a0 (710/2377)...
2025-11-13 04:51:46,867 - UnicodeAnalyzer - INFO - Filtrati 6 file (es. in /dist, /test).
2025-11-13 04:51:47,170 - UnicodeAnalyzer - INFO - -> Analizzando versione 0.0.0-8066bc9ff (711/2377)...
2025-11-13 04:51:47,270 - UnicodeAnalyzer - INFO - Filtrati 8 file (es. in /dist, /test).
2025-11-13 04:51:47,507 - UnicodeAnalyzer - INFO - -> Analizzando versione 0.0.0-81734276b (712/2377)...
2025-11-13 04:51:47,550 - UnicodeAnalyzer - INFO - Filtrati 5 file (es. in /dist, /test).
2025-11-13 04:51:47,850 - UnicodeAnalyzer - INFO - -> Analizzando versione 0.0.0-81bdeade5 (713/2377)...
2025-11-13 04:51:47,920 - UnicodeAnalyzer - INFO - Filtrati 5 file (es. in /dist, /test).
2025-11-13 04:51:48,215 - UnicodeAnalyzer - INFO - -> Analizzando versione 0.0.0-81c61705f (714/2377)...
2025-11-13 04:51:48,257 - UnicodeAnalyzer - INFO - Filtrati 6 file (es. in /dist, /test).
2025-11-13 04:51:48,500 - UnicodeAnalyzer - INFO - -> Analizzando versione 0.0.0-8207e97f9 (715/2377)...
2025-11-13 04:51:48,596 - UnicodeAnalyzer - INFO - Filtrati 8 file (es. in /dist, /test).
2025-11-13 04:51:48,854 - UnicodeAnalyzer - INFO - -> Analizzando versione 0.0.0-8258f5e27 (716/2377)...
2025-11-13 04:51:48,931 - UnicodeAnalyzer - INFO - Filtrati 8 file (es. in /dist, /test).
2025-11-13 04:51:49,181 - UnicodeAnalyzer - INFO - -> Analizzando versione 0.0.0-83b16292c (717/2377)...
2025-11-13 04:51:49,278 - UnicodeAnalyzer - INFO - Filtrati 8 file (es. in /dist, /test).
2025-11-13 04:51:49,523 - UnicodeAnalyzer - INFO - -> Analizzando versione 0.0.0-851d01b0a (718/2377)...
2025-11-13 04:51:49,568 - UnicodeAnalyzer - INFO - Filtrati 5 file (es. in /dist, /test).
2025-11-13 04:51:49,859 - UnicodeAnalyzer - INFO - -> Analizzando versione 0.0.0-86a9c0aa8 (719/2377)...
2025-11-13 04:51:49,958 - UnicodeAnalyzer - INFO - Filtrati 7 file (es. in /dist, /test).
2025-11-13 04:51:50,269 - UnicodeAnalyzer - INFO - -> Analizzando versione 0.0.0-8719a2e9a (720/2377)...
2025-11-13 04:51:50,369 - UnicodeAnalyzer - INFO - Filtrati 8 file (es. in /dist, /test).
2025-11-13 04:51:50,668 - UnicodeAnalyzer - INFO - -> Analizzando versione 0.0.0-87d000f89 (721/2377)...
2025-11-13 04:51:50,763 - UnicodeAnalyzer - INFO - Filtrati 5 file (es. in /dist, /test).
2025-11-13 04:51:51,046 - UnicodeAnalyzer - INFO - -> Analizzando versione 0.0.0-88f0676ae (722/2377)...
2025-11-13 04:51:51,143 - UnicodeAnalyzer - INFO - Filtrati 8 file (es. in /dist, /test).
2025-11-13 04:51:51,375 - UnicodeAnalyzer - INFO - -> Analizzando versione 0.0.0-88f2356ee (723/2377)...
2025-11-13 04:51:51,472 - UnicodeAnalyzer - INFO - Filtrati 8 file (es. in /dist, /test).
2025-11-13 04:51:51,713 - UnicodeAnalyzer - INFO - -> Analizzando versione 0.0.0-8a31dfe56 (724/2377)...
2025-11-13 04:51:51,758 - UnicodeAnalyzer - INFO - Filtrati 6 file (es. in /dist, /test).
2025-11-13 04:51:52,012 - UnicodeAnalyzer - INFO - -> Analizzando versione 0.0.0-8a8c15f9f (725/2377)...
2025-11-13 04:51:52,054 - UnicodeAnalyzer - INFO - Filtrati 6 file (es. in /dist, /test).
2025-11-13 04:51:52,308 - UnicodeAnalyzer - INFO - -> Analizzando versione 0.0.0-8c2571171 (726/2377)...
2025-11-13 04:51:52,408 - UnicodeAnalyzer - INFO - Filtrati 8 file (es. in /dist, /test).
2025-11-13 04:51:52,705 - UnicodeAnalyzer - INFO - -> Analizzando versione 0.0.0-8c746dfc7 (727/2377)...
2025-11-13 04:51:52,802 - UnicodeAnalyzer - INFO - Filtrati 8 file (es. in /dist, /test).
2025-11-13 04:51:53,044 - UnicodeAnalyzer - INFO - -> Analizzando versione 0.0.0-8ca559454 (728/2377)...
2025-11-13 04:51:53,117 - UnicodeAnalyzer - INFO - Filtrati 5 file (es. in /dist, /test).
2025-11-13 04:51:53,393 - UnicodeAnalyzer - INFO - -> Analizzando versione 0.0.0-8d0a2e792 (729/2377)...
2025-11-13 04:51:53,485 - UnicodeAnalyzer - INFO - Filtrati 8 file (es. in /dist, /test).
2025-11-13 04:51:53,809 - UnicodeAnalyzer - INFO - -> Analizzando versione 0.0.0-8e66f0b35 (730/2377)...
2025-11-13 04:51:53,929 - UnicodeAnalyzer - INFO - Filtrati 8 file (es. in /dist, /test).
2025-11-13 04:51:54,209 - UnicodeAnalyzer - INFO - -> Analizzando versione 0.0.0-8e6e83be0 (731/2377)...
2025-11-13 04:51:54,262 - UnicodeAnalyzer - INFO - Filtrati 6 file (es. in /dist, /test).
2025-11-13 04:51:54,522 - UnicodeAnalyzer - INFO - -> Analizzando versione 0.0.0-8e9d3cedd (732/2377)...
2025-11-13 04:51:54,602 - UnicodeAnalyzer - INFO - Filtrati 6 file (es. in /dist, /test).
2025-11-13 04:51:54,858 - UnicodeAnalyzer - INFO - -> Analizzando versione 0.0.0-8efbb2e71 (733/2377)...
2025-11-13 04:51:54,954 - UnicodeAnalyzer - INFO - Filtrati 8 file (es. in /dist, /test).
2025-11-13 04:51:55,194 - UnicodeAnalyzer - INFO - -> Analizzando versione 0.0.0-902611f14 (734/2377)...
2025-11-13 04:51:55,243 - UnicodeAnalyzer - INFO - Filtrati 6 file (es. in /dist, /test).
2025-11-13 04:51:55,482 - UnicodeAnalyzer - INFO - -> Analizzando versione 0.0.0-903eae491 (735/2377)...
2025-11-13 04:51:55,581 - UnicodeAnalyzer - INFO - Filtrati 8 file (es. in /dist, /test).
2025-11-13 04:51:55,834 - UnicodeAnalyzer - INFO - -> Analizzando versione 0.0.0-91adb761c-20211013-2010 (736/2377)...
2025-11-13 04:51:55,927 - UnicodeAnalyzer - INFO - Filtrati 8 file (es. in /dist, /test).
2025-11-13 04:51:56,239 - UnicodeAnalyzer - INFO - -> Analizzando versione 0.0.0-91cac2028 (737/2377)...
2025-11-13 04:51:56,342 - UnicodeAnalyzer - INFO - Filtrati 8 file (es. in /dist, /test).
2025-11-13 04:51:56,587 - UnicodeAnalyzer - INFO - -> Analizzando versione 0.0.0-91d16bbd9 (738/2377)...
2025-11-13 04:51:56,630 - UnicodeAnalyzer - INFO - Filtrati 6 file (es. in /dist, /test).
2025-11-13 04:51:56,936 - UnicodeAnalyzer - INFO - -> Analizzando versione 0.0.0-92630856c (739/2377)...
2025-11-13 04:51:56,989 - UnicodeAnalyzer - INFO - Filtrati 5 file (es. in /dist, /test).
2025-11-13 04:51:57,228 - UnicodeAnalyzer - INFO - -> Analizzando versione 0.0.0-927573c58 (740/2377)...
2025-11-13 04:51:57,325 - UnicodeAnalyzer - INFO - Filtrati 8 file (es. in /dist, /test).
2025-11-13 04:51:57,612 - UnicodeAnalyzer - INFO - -> Analizzando versione 0.0.0-93e7a7a70 (741/2377)...
2025-11-13 04:51:57,657 - UnicodeAnalyzer - INFO - Filtrati 6 file (es. in /dist, /test).
2025-11-13 04:51:57,894 - UnicodeAnalyzer - INFO - -> Analizzando versione 0.0.0-949dedca9 (742/2377)...
2025-11-13 04:51:57,937 - UnicodeAnalyzer - INFO - Filtrati 6 file (es. in /dist, /test).
2025-11-13 04:51:58,238 - UnicodeAnalyzer - INFO - -> Analizzando versione 0.0.0-9528ef27b (743/2377)...
2025-11-13 04:51:58,321 - UnicodeAnalyzer - INFO - Filtrati 6 file (es. in /dist, /test).
2025-11-13 04:51:58,589 - UnicodeAnalyzer - INFO - -> Analizzando versione 0.0.0-965635f07 (744/2377)...
2025-11-13 04:51:58,651 - UnicodeAnalyzer - INFO - Filtrati 5 file (es. in /dist, /test).
2025-11-13 04:51:58,964 - UnicodeAnalyzer - INFO - -> Analizzando versione 0.0.0-974f0a328 (745/2377)...
2025-11-13 04:51:59,065 - UnicodeAnalyzer - INFO - Filtrati 8 file (es. in /dist, /test).
2025-11-13 04:51:59,354 - UnicodeAnalyzer - INFO - -> Analizzando versione 0.0.0-976a30541 (746/2377)...
2025-11-13 04:51:59,450 - UnicodeAnalyzer - INFO - Filtrati 8 file (es. in /dist, /test).
2025-11-13 04:51:59,691 - UnicodeAnalyzer - INFO - -> Analizzando versione 0.0.0-99f706e5d (747/2377)...
2025-11-13 04:51:59,788 - UnicodeAnalyzer - INFO - Filtrati 8 file (es. in /dist, /test).
2025-11-13 04:52:00,120 - UnicodeAnalyzer - INFO - -> Analizzando versione 0.0.0-9a43eac7a (748/2377)...
2025-11-13 04:52:00,215 - UnicodeAnalyzer - INFO - Filtrati 8 file (es. in /dist, /test).
2025-11-13 04:52:00,500 - UnicodeAnalyzer - INFO - -> Analizzando versione 0.0.0-9b094ee77 (749/2377)...
2025-11-13 04:52:00,551 - UnicodeAnalyzer - INFO - Filtrati 6 file (es. in /dist, /test).
2025-11-13 04:52:00,789 - UnicodeAnalyzer - INFO - -> Analizzando versione 0.0.0-9b973f32e (750/2377)...
2025-11-13 04:52:00,833 - UnicodeAnalyzer - INFO - Filtrati 6 file (es. in /dist, /test).
2025-11-13 04:52:01,122 - UnicodeAnalyzer - INFO - -> Analizzando versione 0.0.0-9c353b5ab (751/2377)...
2025-11-13 04:52:01,189 - UnicodeAnalyzer - INFO - Filtrati 6 file (es. in /dist, /test).
2025-11-13 04:52:01,450 - UnicodeAnalyzer - INFO - -> Analizzando versione 0.0.0-9cd98fa3e (752/2377)...
2025-11-13 04:52:01,545 - UnicodeAnalyzer - INFO - Filtrati 8 file (es. in /dist, /test).
2025-11-13 04:52:01,838 - UnicodeAnalyzer - INFO - -> Analizzando versione 0.0.0-9d4096b29 (753/2377)...
2025-11-13 04:52:01,932 - UnicodeAnalyzer - INFO - Filtrati 7 file (es. in /dist, /test).
2025-11-13 04:52:02,176 - UnicodeAnalyzer - INFO - -> Analizzando versione 0.0.0-9d6d39de8 (754/2377)...
2025-11-13 04:52:02,219 - UnicodeAnalyzer - INFO - Filtrati 5 file (es. in /dist, /test).
2025-11-13 04:52:02,504 - UnicodeAnalyzer - INFO - -> Analizzando versione 0.0.0-9ebd85233 (755/2377)...
2025-11-13 04:52:02,732 - UnicodeAnalyzer - INFO - Filtrati 5 file (es. in /dist, /test).
2025-11-13 04:52:03,011 - UnicodeAnalyzer - INFO - -> Analizzando versione 0.0.0-9ebdf7470 (756/2377)...
2025-11-13 04:52:03,109 - UnicodeAnalyzer - INFO - Filtrati 8 file (es. in /dist, /test).
2025-11-13 04:52:03,366 - UnicodeAnalyzer - INFO - -> Analizzando versione 0.0.0-9f7bd62f6 (757/2377)...
2025-11-13 04:52:03,462 - UnicodeAnalyzer - INFO - Filtrati 7 file (es. in /dist, /test).
2025-11-13 04:52:03,770 - UnicodeAnalyzer - INFO - -> Analizzando versione 0.0.0-a0ab68821 (758/2377)...
2025-11-13 04:52:03,894 - UnicodeAnalyzer - INFO - Filtrati 7 file (es. in /dist, /test).
2025-11-13 04:52:04,202 - UnicodeAnalyzer - INFO - -> Analizzando versione 0.0.0-a0d740a04 (759/2377)...
2025-11-13 04:52:04,298 - UnicodeAnalyzer - INFO - Filtrati 8 file (es. in /dist, /test).
2025-11-13 04:52:04,608 - UnicodeAnalyzer - INFO - -> Analizzando versione 0.0.0-a36d9cd7e (760/2377)...
2025-11-13 04:52:04,662 - UnicodeAnalyzer - INFO - Filtrati 6 file (es. in /dist, /test).
2025-11-13 04:52:04,898 - UnicodeAnalyzer - INFO - -> Analizzando versione 0.0.0-a37e45a57 (761/2377)...
2025-11-13 04:52:04,985 - UnicodeAnalyzer - INFO - Filtrati 5 file (es. in /dist, /test).
2025-11-13 04:52:05,280 - UnicodeAnalyzer - INFO - -> Analizzando versione 0.0.0-a397f736e (762/2377)...
2025-11-13 04:52:05,339 - UnicodeAnalyzer - INFO - Filtrati 6 file (es. in /dist, /test).
2025-11-13 04:52:05,629 - UnicodeAnalyzer - INFO - -> Analizzando versione 0.0.0-a5151c2b5 (763/2377)...
2025-11-13 04:52:05,682 - UnicodeAnalyzer - INFO - Filtrati 6 file (es. in /dist, /test).
2025-11-13 04:52:05,969 - UnicodeAnalyzer - INFO - -> Analizzando versione 0.0.0-a5386ff4b (764/2377)...
2025-11-13 04:52:06,023 - UnicodeAnalyzer - INFO - Filtrati 5 file (es. in /dist, /test).
2025-11-13 04:52:06,279 - UnicodeAnalyzer - INFO - -> Analizzando versione 0.0.0-a5b92f34c (765/2377)...
2025-11-13 04:52:06,384 - UnicodeAnalyzer - INFO - Filtrati 8 file (es. in /dist, /test).
2025-11-13 04:52:06,691 - UnicodeAnalyzer - INFO - -> Analizzando versione 0.0.0-a8ac5ea32 (766/2377)...
2025-11-13 04:52:06,784 - UnicodeAnalyzer - INFO - Filtrati 8 file (es. in /dist, /test).
2025-11-13 04:52:07,087 - UnicodeAnalyzer - INFO - -> Analizzando versione 0.0.0-a90f8d864 (767/2377)...
2025-11-13 04:52:07,187 - UnicodeAnalyzer - INFO - Filtrati 8 file (es. in /dist, /test).
2025-11-13 04:52:07,451 - UnicodeAnalyzer - INFO - -> Analizzando versione 0.0.0-a95063442 (768/2377)...
2025-11-13 04:52:07,548 - UnicodeAnalyzer - INFO - Filtrati 8 file (es. in /dist, /test).
2025-11-13 04:52:07,840 - UnicodeAnalyzer - INFO - -> Analizzando versione 0.0.0-a977ad007 (769/2377)...
2025-11-13 04:52:07,888 - UnicodeAnalyzer - INFO - Filtrati 6 file (es. in /dist, /test).
2025-11-13 04:52:08,185 - UnicodeAnalyzer - INFO - -> Analizzando versione 0.0.0-aa03c836b (770/2377)...
2025-11-13 04:52:08,269 - UnicodeAnalyzer - INFO - Filtrati 6 file (es. in /dist, /test).
2025-11-13 04:52:08,592 - UnicodeAnalyzer - INFO - -> Analizzando versione 0.0.0-abde0154b (771/2377)...
2025-11-13 04:52:08,670 - UnicodeAnalyzer - INFO - Filtrati 5 file (es. in /dist, /test).
2025-11-13 04:52:08,972 - UnicodeAnalyzer - INFO - -> Analizzando versione 0.0.0-abff02126 (772/2377)...
2025-11-13 04:52:09,055 - UnicodeAnalyzer - INFO - Filtrati 6 file (es. in /dist, /test).
2025-11-13 04:52:09,305 - UnicodeAnalyzer - INFO - -> Analizzando versione 0.0.0-ac0f4b42c (773/2377)...
2025-11-13 04:52:09,358 - UnicodeAnalyzer - INFO - Filtrati 6 file (es. in /dist, /test).
2025-11-13 04:52:09,590 - UnicodeAnalyzer - INFO - -> Analizzando versione 0.0.0-ac704690d (774/2377)...
2025-11-13 04:52:09,684 - UnicodeAnalyzer - INFO - Filtrati 8 file (es. in /dist, /test).
2025-11-13 04:52:09,995 - UnicodeAnalyzer - INFO - -> Analizzando versione 0.0.0-ad9030ca9 (775/2377)...
2025-11-13 04:52:10,094 - UnicodeAnalyzer - INFO - Filtrati 8 file (es. in /dist, /test).
2025-11-13 04:52:10,379 - UnicodeAnalyzer - INFO - -> Analizzando versione 0.0.0-ae07c53d0 (776/2377)...
2025-11-13 04:52:10,539 - UnicodeAnalyzer - INFO - Filtrati 8 file (es. in /dist, /test).
2025-11-13 04:52:10,824 - UnicodeAnalyzer - INFO - -> Analizzando versione 0.0.0-ae4946f98 (777/2377)...
2025-11-13 04:52:10,922 - UnicodeAnalyzer - INFO - Filtrati 8 file (es. in /dist, /test).
2025-11-13 04:52:11,173 - UnicodeAnalyzer - INFO - -> Analizzando versione 0.0.0-aece57be2 (778/2377)...
2025-11-13 04:52:11,267 - UnicodeAnalyzer - INFO - Filtrati 5 file (es. in /dist, /test).
2025-11-13 04:52:11,521 - UnicodeAnalyzer - INFO - -> Analizzando versione 0.0.0-afe0c1dae (779/2377)...
2025-11-13 04:52:11,620 - UnicodeAnalyzer - INFO - Filtrati 8 file (es. in /dist, /test).
2025-11-13 04:52:11,862 - UnicodeAnalyzer - INFO - -> Analizzando versione 0.0.0-b0006648e (780/2377)...
2025-11-13 04:52:11,903 - UnicodeAnalyzer - INFO - Filtrati 5 file (es. in /dist, /test).
2025-11-13 04:52:12,204 - UnicodeAnalyzer - INFO - -> Analizzando versione 0.0.0-b08362ade (781/2377)...
2025-11-13 04:52:12,304 - UnicodeAnalyzer - INFO - Filtrati 8 file (es. in /dist, /test).
2025-11-13 04:52:12,584 - UnicodeAnalyzer - INFO - -> Analizzando versione 0.0.0-b095432e6 (782/2377)...
2025-11-13 04:52:12,644 - UnicodeAnalyzer - INFO - Filtrati 5 file (es. in /dist, /test).
2025-11-13 04:52:12,879 - UnicodeAnalyzer - INFO - -> Analizzando versione 0.0.0-b0e39b2ed (783/2377)...
2025-11-13 04:52:12,984 - UnicodeAnalyzer - INFO - Filtrati 8 file (es. in /dist, /test).
2025-11-13 04:52:13,251 - UnicodeAnalyzer - INFO - -> Analizzando versione 0.0.0-b0fbbe544 (784/2377)...
2025-11-13 04:52:13,297 - UnicodeAnalyzer - INFO - Filtrati 6 file (es. in /dist, /test).
2025-11-13 04:52:13,622 - UnicodeAnalyzer - INFO - -> Analizzando versione 0.0.0-b2ec89fdf (785/2377)...
2025-11-13 04:52:13,721 - UnicodeAnalyzer - INFO - Filtrati 8 file (es. in /dist, /test).
2025-11-13 04:52:14,013 - UnicodeAnalyzer - INFO - -> Analizzando versione 0.0.0-b3930f935 (786/2377)...
2025-11-13 04:52:14,110 - UnicodeAnalyzer - INFO - Filtrati 8 file (es. in /dist, /test).
2025-11-13 04:52:14,404 - UnicodeAnalyzer - INFO - -> Analizzando versione 0.0.0-b440ab978 (787/2377)...
2025-11-13 04:52:14,500 - UnicodeAnalyzer - INFO - Filtrati 8 file (es. in /dist, /test).
2025-11-13 04:52:14,766 - UnicodeAnalyzer - INFO - -> Analizzando versione 0.0.0-b51a99c73 (788/2377)...
2025-11-13 04:52:14,864 - UnicodeAnalyzer - INFO - Filtrati 8 file (es. in /dist, /test).
2025-11-13 04:52:15,153 - UnicodeAnalyzer - INFO - -> Analizzando versione 0.0.0-b5c94e316 (789/2377)...
2025-11-13 04:52:15,252 - UnicodeAnalyzer - INFO - Filtrati 8 file (es. in /dist, /test).
2025-11-13 04:52:15,516 - UnicodeAnalyzer - INFO - -> Analizzando versione 0.0.0-b673e352f (790/2377)...
2025-11-13 04:52:15,612 - UnicodeAnalyzer - INFO - Filtrati 8 file (es. in /dist, /test).
2025-11-13 04:52:15,856 - UnicodeAnalyzer - INFO - -> Analizzando versione 0.0.0-b77948e33 (791/2377)...
2025-11-13 04:52:15,951 - UnicodeAnalyzer - INFO - Filtrati 8 file (es. in /dist, /test).
2025-11-13 04:52:16,203 - UnicodeAnalyzer - INFO - -> Analizzando versione 0.0.0-b78d7051e (792/2377)...
2025-11-13 04:52:16,245 - UnicodeAnalyzer - INFO - Filtrati 6 file (es. in /dist, /test).
2025-11-13 04:52:16,481 - UnicodeAnalyzer - INFO - -> Analizzando versione 0.0.0-b7c023a8c (793/2377)...
2025-11-13 04:52:16,580 - UnicodeAnalyzer - INFO - Filtrati 8 file (es. in /dist, /test).
2025-11-13 04:52:16,853 - UnicodeAnalyzer - INFO - -> Analizzando versione 0.0.0-b8664182d (794/2377)...
2025-11-13 04:52:16,940 - UnicodeAnalyzer - INFO - Filtrati 5 file (es. in /dist, /test).
2025-11-13 04:52:17,229 - UnicodeAnalyzer - INFO - -> Analizzando versione 0.0.0-b931aa735 (795/2377)...
2025-11-13 04:52:17,328 - UnicodeAnalyzer - INFO - Filtrati 8 file (es. in /dist, /test).
2025-11-13 04:52:17,560 - UnicodeAnalyzer - INFO - -> Analizzando versione 0.0.0-b98c6f208 (796/2377)...
2025-11-13 04:52:17,603 - UnicodeAnalyzer - INFO - Filtrati 6 file (es. in /dist, /test).
2025-11-13 04:52:17,864 - UnicodeAnalyzer - INFO - -> Analizzando versione 0.0.0-b9b221517 (797/2377)...
2025-11-13 04:52:17,959 - UnicodeAnalyzer - INFO - Filtrati 6 file (es. in /dist, /test).
2025-11-13 04:52:18,264 - UnicodeAnalyzer - INFO - -> Analizzando versione 0.0.0-baa824826 (798/2377)...
2025-11-13 04:52:18,328 - UnicodeAnalyzer - INFO - Filtrati 6 file (es. in /dist, /test).
2025-11-13 04:52:18,606 - UnicodeAnalyzer - INFO - -> Analizzando versione 0.0.0-bb1dcc182 (799/2377)...
2025-11-13 04:52:18,690 - UnicodeAnalyzer - INFO - Filtrati 6 file (es. in /dist, /test).
2025-11-13 04:52:18,992 - UnicodeAnalyzer - INFO - -> Analizzando versione 0.0.0-bbb7bef53 (800/2377)...
2025-11-13 04:52:19,037 - UnicodeAnalyzer - INFO - Filtrati 6 file (es. in /dist, /test).
2025-11-13 04:52:19,287 - UnicodeAnalyzer - INFO - -> Analizzando versione 0.0.0-bdfe2a517 (801/2377)...
2025-11-13 04:52:19,387 - UnicodeAnalyzer - INFO - Filtrati 8 file (es. in /dist, /test).
2025-11-13 04:52:19,704 - UnicodeAnalyzer - INFO - -> Analizzando versione 0.0.0-be5372801 (802/2377)...
2025-11-13 04:52:19,804 - UnicodeAnalyzer - INFO - Filtrati 8 file (es. in /dist, /test).
2025-11-13 04:52:20,088 - UnicodeAnalyzer - INFO - -> Analizzando versione 0.0.0-be53aae32 (803/2377)...
2025-11-13 04:52:20,130 - UnicodeAnalyzer - INFO - Filtrati 6 file (es. in /dist, /test).
2025-11-13 04:52:20,771 - UnicodeAnalyzer - INFO - -> Analizzando versione 0.0.0-bf0539fb5 (804/2377)...
2025-11-13 04:52:20,860 - UnicodeAnalyzer - INFO - Filtrati 5 file (es. in /dist, /test).
2025-11-13 04:52:21,178 - UnicodeAnalyzer - INFO - -> Analizzando versione 0.0.0-bfe3cd01b (805/2377)...
2025-11-13 04:52:21,278 - UnicodeAnalyzer - INFO - Filtrati 8 file (es. in /dist, /test).
2025-11-13 04:52:21,541 - UnicodeAnalyzer - INFO - -> Analizzando versione 0.0.0-c06d8d01c (806/2377)...
2025-11-13 04:52:21,639 - UnicodeAnalyzer - INFO - Filtrati 8 file (es. in /dist, /test).
2025-11-13 04:52:21,895 - UnicodeAnalyzer - INFO - -> Analizzando versione 0.0.0-c0a299838 (807/2377)...
2025-11-13 04:52:21,963 - UnicodeAnalyzer - INFO - Filtrati 6 file (es. in /dist, /test).
2025-11-13 04:52:22,231 - UnicodeAnalyzer - INFO - -> Analizzando versione 0.0.0-c224e9f15 (808/2377)...
2025-11-13 04:52:22,328 - UnicodeAnalyzer - INFO - Filtrati 6 file (es. in /dist, /test).
2025-11-13 04:52:22,623 - UnicodeAnalyzer - INFO - -> Analizzando versione 0.0.0-c2b971d6d (809/2377)...
2025-11-13 04:52:22,718 - UnicodeAnalyzer - INFO - Filtrati 8 file (es. in /dist, /test).
2025-11-13 04:52:22,966 - UnicodeAnalyzer - INFO - -> Analizzando versione 0.0.0-c317a709d (810/2377)...
2025-11-13 04:52:23,064 - UnicodeAnalyzer - INFO - Filtrati 8 file (es. in /dist, /test).
2025-11-13 04:52:23,333 - UnicodeAnalyzer - INFO - -> Analizzando versione 0.0.0-c360b1d92 (811/2377)...
2025-11-13 04:52:23,431 - UnicodeAnalyzer - INFO - Filtrati 8 file (es. in /dist, /test).
2025-11-13 04:52:23,727 - UnicodeAnalyzer - INFO - -> Analizzando versione 0.0.0-c3ab2a254 (812/2377)...
2025-11-13 04:52:23,775 - UnicodeAnalyzer - INFO - Filtrati 6 file (es. in /dist, /test).
2025-11-13 04:52:24,057 - UnicodeAnalyzer - INFO - -> Analizzando versione 0.0.0-c4aa411ee (813/2377)...
2025-11-13 04:52:24,156 - UnicodeAnalyzer - INFO - Filtrati 8 file (es. in /dist, /test).
2025-11-13 04:52:24,454 - UnicodeAnalyzer - INFO - -> Analizzando versione 0.0.0-c66aa8abc (814/2377)...
2025-11-13 04:52:24,546 - UnicodeAnalyzer - INFO - Filtrati 7 file (es. in /dist, /test).
2025-11-13 04:52:24,868 - UnicodeAnalyzer - INFO - -> Analizzando versione 0.0.0-c75ad2cdb-20211012-2008 (815/2377)...
2025-11-13 04:52:24,972 - UnicodeAnalyzer - INFO - Filtrati 8 file (es. in /dist, /test).
2025-11-13 04:52:25,309 - UnicodeAnalyzer - INFO - -> Analizzando versione 0.0.0-c76070412 (816/2377)...
2025-11-13 04:52:25,403 - UnicodeAnalyzer - INFO - Filtrati 8 file (es. in /dist, /test).
2025-11-13 04:52:25,706 - UnicodeAnalyzer - INFO - -> Analizzando versione 0.0.0-c901c1fbc (817/2377)...
2025-11-13 04:52:25,799 - UnicodeAnalyzer - INFO - Filtrati 6 file (es. in /dist, /test).
2025-11-13 04:52:26,096 - UnicodeAnalyzer - INFO - -> Analizzando versione 0.0.0-c901c43d1-20211008-2008 (818/2377)...
2025-11-13 04:52:26,193 - UnicodeAnalyzer - INFO - Filtrati 8 file (es. in /dist, /test).
2025-11-13 04:52:26,488 - UnicodeAnalyzer - INFO - -> Analizzando versione 0.0.0-c91e32b05 (819/2377)...
2025-11-13 04:52:26,585 - UnicodeAnalyzer - INFO - Filtrati 8 file (es. in /dist, /test).
2025-11-13 04:52:26,828 - UnicodeAnalyzer - INFO - -> Analizzando versione 0.0.0-c974cbff0 (820/2377)...
2025-11-13 04:52:26,928 - UnicodeAnalyzer - INFO - Filtrati 8 file (es. in /dist, /test).
2025-11-13 04:52:27,217 - UnicodeAnalyzer - INFO - -> Analizzando versione 0.0.0-c9f869f9c (821/2377)...
2025-11-13 04:52:27,297 - UnicodeAnalyzer - INFO - Filtrati 6 file (es. in /dist, /test).
2025-11-13 04:52:27,587 - UnicodeAnalyzer - INFO - -> Analizzando versione 0.0.0-ca440b910 (822/2377)...
2025-11-13 04:52:27,686 - UnicodeAnalyzer - INFO - Filtrati 8 file (es. in /dist, /test).
2025-11-13 04:52:27,942 - UnicodeAnalyzer - INFO - -> Analizzando versione 0.0.0-ca51dc628 (823/2377)...
2025-11-13 04:52:27,987 - UnicodeAnalyzer - INFO - Filtrati 6 file (es. in /dist, /test).
2025-11-13 04:52:28,262 - UnicodeAnalyzer - INFO - -> Analizzando versione 0.0.0-ca8a75536 (824/2377)...
2025-11-13 04:52:28,370 - UnicodeAnalyzer - INFO - Filtrati 8 file (es. in /dist, /test).
2025-11-13 04:52:28,687 - UnicodeAnalyzer - INFO - -> Analizzando versione 0.0.0-caa7829aa (825/2377)...
2025-11-13 04:52:28,775 - UnicodeAnalyzer - INFO - Filtrati 5 file (es. in /dist, /test).
2025-11-13 04:52:29,094 - UnicodeAnalyzer - INFO - -> Analizzando versione 0.0.0-cb028ee69 (826/2377)...
2025-11-13 04:52:29,191 - UnicodeAnalyzer - INFO - Filtrati 8 file (es. in /dist, /test).
2025-11-13 04:52:29,435 - UnicodeAnalyzer - INFO - -> Analizzando versione 0.0.0-cbe7c445f (827/2377)...
2025-11-13 04:52:29,529 - UnicodeAnalyzer - INFO - Filtrati 8 file (es. in /dist, /test).
2025-11-13 04:52:29,825 - UnicodeAnalyzer - INFO - -> Analizzando versione 0.0.0-cbec66ef9 (828/2377)...
2025-11-13 04:52:29,921 - UnicodeAnalyzer - INFO - Filtrati 8 file (es. in /dist, /test).
2025-11-13 04:52:30,167 - UnicodeAnalyzer - INFO - -> Analizzando versione 0.0.0-cc3064d39 (829/2377)...
2025-11-13 04:52:30,261 - UnicodeAnalyzer - INFO - Filtrati 8 file (es. in /dist, /test).
2025-11-13 04:52:30,584 - UnicodeAnalyzer - INFO - -> Analizzando versione 0.0.0-ccf5c86bd (830/2377)...
2025-11-13 04:52:30,628 - UnicodeAnalyzer - INFO - Filtrati 5 file (es. in /dist, /test).
2025-11-13 04:52:30,874 - UnicodeAnalyzer - INFO - -> Analizzando versione 0.0.0-cdce14f67 (831/2377)...
2025-11-13 04:52:30,971 - UnicodeAnalyzer - INFO - Filtrati 8 file (es. in /dist, /test).
2025-11-13 04:52:31,249 - UnicodeAnalyzer - INFO - -> Analizzando versione 0.0.0-ce44104b2 (832/2377)...
2025-11-13 04:52:31,347 - UnicodeAnalyzer - INFO - Filtrati 8 file (es. in /dist, /test).
2025-11-13 04:52:31,631 - UnicodeAnalyzer - INFO - -> Analizzando versione 0.0.0-ceb6c3de5 (833/2377)...
2025-11-13 04:52:31,676 - UnicodeAnalyzer - INFO - Filtrati 5 file (es. in /dist, /test).
2025-11-13 04:52:31,958 - UnicodeAnalyzer - INFO - -> Analizzando versione 0.0.0-cf0a6e9e2 (834/2377)...
2025-11-13 04:52:32,056 - UnicodeAnalyzer - INFO - Filtrati 8 file (es. in /dist, /test).
2025-11-13 04:52:32,370 - UnicodeAnalyzer - INFO - -> Analizzando versione 0.0.0-cf8368f20 (835/2377)...
2025-11-13 04:52:32,420 - UnicodeAnalyzer - INFO - Filtrati 6 file (es. in /dist, /test).
2025-11-13 04:52:32,708 - UnicodeAnalyzer - INFO - -> Analizzando versione 0.0.0-cfb5b5e20 (836/2377)...
2025-11-13 04:52:32,802 - UnicodeAnalyzer - INFO - Filtrati 8 file (es. in /dist, /test).
2025-11-13 04:52:33,108 - UnicodeAnalyzer - INFO - -> Analizzando versione 0.0.0-d04ec4dc6 (837/2377)...
2025-11-13 04:52:33,206 - UnicodeAnalyzer - INFO - Filtrati 8 file (es. in /dist, /test).
2025-11-13 04:52:33,455 - UnicodeAnalyzer - INFO - -> Analizzando versione 0.0.0-d29a7e7a8 (838/2377)...
2025-11-13 04:52:33,551 - UnicodeAnalyzer - INFO - Filtrati 8 file (es. in /dist, /test).
2025-11-13 04:52:33,820 - UnicodeAnalyzer - INFO - -> Analizzando versione 0.0.0-d2f314af7 (839/2377)...
2025-11-13 04:52:33,911 - UnicodeAnalyzer - INFO - Filtrati 5 file (es. in /dist, /test).
2025-11-13 04:52:34,226 - UnicodeAnalyzer - INFO - -> Analizzando versione 0.0.0-d3345f572 (840/2377)...
2025-11-13 04:52:34,292 - UnicodeAnalyzer - INFO - Filtrati 8 file (es. in /dist, /test).
2025-11-13 04:52:34,560 - UnicodeAnalyzer - INFO - -> Analizzando versione 0.0.0-d3a3ce857 (841/2377)...
2025-11-13 04:52:34,654 - UnicodeAnalyzer - INFO - Filtrati 6 file (es. in /dist, /test).
2025-11-13 04:52:35,000 - UnicodeAnalyzer - INFO - -> Analizzando versione 0.0.0-d3c7e2018 (842/2377)...
2025-11-13 04:52:35,103 - UnicodeAnalyzer - INFO - Filtrati 8 file (es. in /dist, /test).
2025-11-13 04:52:35,432 - UnicodeAnalyzer - INFO - -> Analizzando versione 0.0.0-d3e836245 (843/2377)...
2025-11-13 04:52:35,535 - UnicodeAnalyzer - INFO - Filtrati 8 file (es. in /dist, /test).
2025-11-13 04:52:35,808 - UnicodeAnalyzer - INFO - -> Analizzando versione 0.0.0-d3fb036d6 (844/2377)...
2025-11-13 04:52:35,850 - UnicodeAnalyzer - INFO - Filtrati 6 file (es. in /dist, /test).
2025-11-13 04:52:36,129 - UnicodeAnalyzer - INFO - -> Analizzando versione 0.0.0-d40cb0e1b (845/2377)...
2025-11-13 04:52:36,232 - UnicodeAnalyzer - INFO - Filtrati 8 file (es. in /dist, /test).
2025-11-13 04:52:36,525 - UnicodeAnalyzer - INFO - -> Analizzando versione 0.0.0-d435d26d8 (846/2377)...
2025-11-13 04:52:36,626 - UnicodeAnalyzer - INFO - Filtrati 6 file (es. in /dist, /test).
2025-11-13 04:52:36,950 - UnicodeAnalyzer - INFO - -> Analizzando versione 0.0.0-d477f8011 (847/2377)...
2025-11-13 04:52:37,046 - UnicodeAnalyzer - INFO - Filtrati 8 file (es. in /dist, /test).
2025-11-13 04:52:37,369 - UnicodeAnalyzer - INFO - -> Analizzando versione 0.0.0-d48f7ba74 (848/2377)...
2025-11-13 04:52:37,412 - UnicodeAnalyzer - INFO - Filtrati 6 file (es. in /dist, /test).
2025-11-13 04:52:37,730 - UnicodeAnalyzer - INFO - -> Analizzando versione 0.0.0-d540f88df (849/2377)...
2025-11-13 04:52:37,841 - UnicodeAnalyzer - INFO - Filtrati 8 file (es. in /dist, /test).
2025-11-13 04:52:38,132 - UnicodeAnalyzer - INFO - -> Analizzando versione 0.0.0-d6ed1ff58 (850/2377)...
2025-11-13 04:52:38,243 - UnicodeAnalyzer - INFO - Filtrati 8 file (es. in /dist, /test).
2025-11-13 04:52:38,512 - UnicodeAnalyzer - INFO - -> Analizzando versione 0.0.0-d770d7803 (851/2377)...
2025-11-13 04:52:38,812 - UnicodeAnalyzer - INFO - Filtrati 5 file (es. in /dist, /test).
2025-11-13 04:52:39,131 - UnicodeAnalyzer - INFO - -> Analizzando versione 0.0.0-d7d585f58 (852/2377)...
2025-11-13 04:52:39,223 - UnicodeAnalyzer - INFO - Filtrati 5 file (es. in /dist, /test).
2025-11-13 04:52:39,525 - UnicodeAnalyzer - INFO - -> Analizzando versione 0.0.0-d8d9c28b4 (853/2377)...
2025-11-13 04:52:39,632 - UnicodeAnalyzer - INFO - Filtrati 8 file (es. in /dist, /test).
2025-11-13 04:52:39,944 - UnicodeAnalyzer - INFO - -> Analizzando versione 0.0.0-d8e6c4578 (854/2377)...
2025-11-13 04:52:40,044 - UnicodeAnalyzer - INFO - Filtrati 5 file (es. in /dist, /test).
2025-11-13 04:52:40,353 - UnicodeAnalyzer - INFO - -> Analizzando versione 0.0.0-d90253da3 (855/2377)...
2025-11-13 04:52:40,461 - UnicodeAnalyzer - INFO - Filtrati 8 file (es. in /dist, /test).
2025-11-13 04:52:40,835 - UnicodeAnalyzer - INFO - -> Analizzando versione 0.0.0-da150343f (856/2377)...
2025-11-13 04:52:40,945 - UnicodeAnalyzer - INFO - Filtrati 8 file (es. in /dist, /test).
2025-11-13 04:52:41,280 - UnicodeAnalyzer - INFO - -> Analizzando versione 0.0.0-da899c0cc (857/2377)...
2025-11-13 04:52:41,382 - UnicodeAnalyzer - INFO - Filtrati 8 file (es. in /dist, /test).
2025-11-13 04:52:41,703 - UnicodeAnalyzer - INFO - -> Analizzando versione 0.0.0-da8cccb01 (858/2377)...
2025-11-13 04:52:41,796 - UnicodeAnalyzer - INFO - Filtrati 5 file (es. in /dist, /test).
2025-11-13 04:52:42,108 - UnicodeAnalyzer - INFO - -> Analizzando versione 0.0.0-daefa526a (859/2377)...
2025-11-13 04:52:42,216 - UnicodeAnalyzer - INFO - Filtrati 7 file (es. in /dist, /test).
2025-11-13 04:52:42,550 - UnicodeAnalyzer - INFO - -> Analizzando versione 0.0.0-db365b86b (860/2377)...
2025-11-13 04:52:42,594 - UnicodeAnalyzer - INFO - Filtrati 6 file (es. in /dist, /test).
2025-11-13 04:52:42,870 - UnicodeAnalyzer - INFO - -> Analizzando versione 0.0.0-dcfa0dc39 (861/2377)...
2025-11-13 04:52:42,980 - UnicodeAnalyzer - INFO - Filtrati 8 file (es. in /dist, /test).
2025-11-13 04:52:43,266 - UnicodeAnalyzer - INFO - -> Analizzando versione 0.0.0-dd040a87a (862/2377)...
2025-11-13 04:52:43,310 - UnicodeAnalyzer - INFO - Filtrati 6 file (es. in /dist, /test).
2025-11-13 04:52:43,622 - UnicodeAnalyzer - INFO - -> Analizzando versione 0.0.0-de1a72aca (863/2377)...
2025-11-13 04:52:43,727 - UnicodeAnalyzer - INFO - Filtrati 8 file (es. in /dist, /test).
2025-11-13 04:52:44,050 - UnicodeAnalyzer - INFO - -> Analizzando versione 0.0.0-de44184e0 (864/2377)...
2025-11-13 04:52:44,151 - UnicodeAnalyzer - INFO - Filtrati 8 file (es. in /dist, /test).
2025-11-13 04:52:44,435 - UnicodeAnalyzer - INFO - -> Analizzando versione 0.0.0-deda35134 (865/2377)...
2025-11-13 04:52:44,529 - UnicodeAnalyzer - INFO - Filtrati 7 file (es. in /dist, /test).
2025-11-13 04:52:44,851 - UnicodeAnalyzer - INFO - -> Analizzando versione 0.0.0-df331aeaa (866/2377)...
2025-11-13 04:52:44,948 - UnicodeAnalyzer - INFO - Filtrati 8 file (es. in /dist, /test).
2025-11-13 04:52:45,273 - UnicodeAnalyzer - INFO - -> Analizzando versione 0.0.0-e125f12c0 (867/2377)...
2025-11-13 04:52:45,316 - UnicodeAnalyzer - INFO - Filtrati 6 file (es. in /dist, /test).
2025-11-13 04:52:45,584 - UnicodeAnalyzer - INFO - -> Analizzando versione 0.0.0-e24b55ef4 (868/2377)...
2025-11-13 04:52:45,684 - UnicodeAnalyzer - INFO - Filtrati 8 file (es. in /dist, /test).
2025-11-13 04:52:46,010 - UnicodeAnalyzer - INFO - -> Analizzando versione 0.0.0-e2fd9d4f2 (869/2377)...
2025-11-13 04:52:46,066 - UnicodeAnalyzer - INFO - Filtrati 6 file (es. in /dist, /test).
2025-11-13 04:52:46,357 - UnicodeAnalyzer - INFO - -> Analizzando versione 0.0.0-e3302eeea (870/2377)...
2025-11-13 04:52:46,399 - UnicodeAnalyzer - INFO - Filtrati 6 file (es. in /dist, /test).
2025-11-13 04:52:46,706 - UnicodeAnalyzer - INFO - -> Analizzando versione 0.0.0-e35a963bf (871/2377)...
2025-11-13 04:52:46,803 - UnicodeAnalyzer - INFO - Filtrati 8 file (es. in /dist, /test).
2025-11-13 04:52:47,077 - UnicodeAnalyzer - INFO - -> Analizzando versione 0.0.0-e37e56b04 (872/2377)...
2025-11-13 04:52:47,172 - UnicodeAnalyzer - INFO - Filtrati 7 file (es. in /dist, /test).
2025-11-13 04:52:47,517 - UnicodeAnalyzer - INFO - -> Analizzando versione 0.0.0-e5080e617 (873/2377)...
2025-11-13 04:52:47,615 - UnicodeAnalyzer - INFO - Filtrati 8 file (es. in /dist, /test).
2025-11-13 04:52:47,925 - UnicodeAnalyzer - INFO - -> Analizzando versione 0.0.0-e549f6984 (874/2377)...
2025-11-13 04:52:47,974 - UnicodeAnalyzer - INFO - Filtrati 6 file (es. in /dist, /test).
2025-11-13 04:52:48,287 - UnicodeAnalyzer - INFO - -> Analizzando versione 0.0.0-e57a2d80a (875/2377)...
2025-11-13 04:52:48,376 - UnicodeAnalyzer - INFO - Filtrati 5 file (es. in /dist, /test).
2025-11-13 04:52:48,647 - UnicodeAnalyzer - INFO - -> Analizzando versione 0.0.0-e599d6c5d (876/2377)...
2025-11-13 04:52:48,690 - UnicodeAnalyzer - INFO - Filtrati 6 file (es. in /dist, /test).
2025-11-13 04:52:48,983 - UnicodeAnalyzer - INFO - -> Analizzando versione 0.0.0-e5a4d9550 (877/2377)...
2025-11-13 04:52:49,038 - UnicodeAnalyzer - INFO - Filtrati 5 file (es. in /dist, /test).
2025-11-13 04:52:49,320 - UnicodeAnalyzer - INFO - -> Analizzando versione 0.0.0-e612d3a11-20211007-2009 (878/2377)...
2025-11-13 04:52:49,417 - UnicodeAnalyzer - INFO - Filtrati 8 file (es. in /dist, /test).
2025-11-13 04:52:49,737 - UnicodeAnalyzer - INFO - -> Analizzando versione 0.0.0-e661a551c (879/2377)...
2025-11-13 04:52:49,788 - UnicodeAnalyzer - INFO - Filtrati 5 file (es. in /dist, /test).
2025-11-13 04:52:50,071 - UnicodeAnalyzer - INFO - -> Analizzando versione 0.0.0-e67811e7a (880/2377)...
2025-11-13 04:52:50,166 - UnicodeAnalyzer - INFO - Filtrati 8 file (es. in /dist, /test).
2025-11-13 04:52:50,498 - UnicodeAnalyzer - INFO - -> Analizzando versione 0.0.0-e6fc20ee6 (881/2377)...
2025-11-13 04:52:50,645 - UnicodeAnalyzer - INFO - Filtrati 5 file (es. in /dist, /test).
2025-11-13 04:52:50,925 - UnicodeAnalyzer - INFO - -> Analizzando versione 0.0.0-e75557b48 (882/2377)...
2025-11-13 04:52:50,975 - UnicodeAnalyzer - INFO - Filtrati 6 file (es. in /dist, /test).
2025-11-13 04:52:51,225 - UnicodeAnalyzer - INFO - -> Analizzando versione 0.0.0-e8060ae10 (883/2377)...
2025-11-13 04:52:51,313 - UnicodeAnalyzer - INFO - Filtrati 5 file (es. in /dist, /test).
2025-11-13 04:52:51,624 - UnicodeAnalyzer - INFO - -> Analizzando versione 0.0.0-e81029179 (884/2377)...
2025-11-13 04:52:51,716 - UnicodeAnalyzer - INFO - Filtrati 8 file (es. in /dist, /test).
2025-11-13 04:52:52,033 - UnicodeAnalyzer - INFO - -> Analizzando versione 0.0.0-e9440508e-20211011-2008 (885/2377)...
2025-11-13 04:52:52,131 - UnicodeAnalyzer - INFO - Filtrati 8 file (es. in /dist, /test).
2025-11-13 04:52:52,442 - UnicodeAnalyzer - INFO - -> Analizzando versione 0.0.0-e96f1e1d8 (886/2377)...
2025-11-13 04:52:52,493 - UnicodeAnalyzer - INFO - Filtrati 6 file (es. in /dist, /test).
2025-11-13 04:52:52,801 - UnicodeAnalyzer - INFO - -> Analizzando versione 0.0.0-e99b8bbb4 (887/2377)...
2025-11-13 04:52:52,874 - UnicodeAnalyzer - INFO - Filtrati 6 file (es. in /dist, /test).
2025-11-13 04:52:53,203 - UnicodeAnalyzer - INFO - -> Analizzando versione 0.0.0-eab7fc008 (888/2377)...
2025-11-13 04:52:53,287 - UnicodeAnalyzer - INFO - Filtrati 5 file (es. in /dist, /test).
2025-11-13 04:52:53,643 - UnicodeAnalyzer - INFO - -> Analizzando versione 0.0.0-eaba38361 (889/2377)...
2025-11-13 04:52:53,729 - UnicodeAnalyzer - INFO - Filtrati 5 file (es. in /dist, /test).
2025-11-13 04:52:54,033 - UnicodeAnalyzer - INFO - -> Analizzando versione 0.0.0-eacabe139 (890/2377)...
2025-11-13 04:52:54,133 - UnicodeAnalyzer - INFO - Filtrati 8 file (es. in /dist, /test).
2025-11-13 04:52:54,416 - UnicodeAnalyzer - INFO - -> Analizzando versione 0.0.0-eacc94005 (891/2377)...
2025-11-13 04:52:54,512 - UnicodeAnalyzer - INFO - Filtrati 8 file (es. in /dist, /test).
2025-11-13 04:52:54,809 - UnicodeAnalyzer - INFO - -> Analizzando versione 0.0.0-eae7e97f8 (892/2377)...
2025-11-13 04:52:54,908 - UnicodeAnalyzer - INFO - Filtrati 8 file (es. in /dist, /test).
2025-11-13 04:52:55,226 - UnicodeAnalyzer - INFO - -> Analizzando versione 0.0.0-ebe939b18 (893/2377)...
2025-11-13 04:52:55,323 - UnicodeAnalyzer - INFO - Filtrati 8 file (es. in /dist, /test).
2025-11-13 04:52:55,589 - UnicodeAnalyzer - INFO - -> Analizzando versione 0.0.0-ec18e35cd (894/2377)...
2025-11-13 04:52:55,643 - UnicodeAnalyzer - INFO - Filtrati 6 file (es. in /dist, /test).
2025-11-13 04:52:55,953 - UnicodeAnalyzer - INFO - -> Analizzando versione 0.0.0-ecd6927b9 (895/2377)...
2025-11-13 04:52:56,048 - UnicodeAnalyzer - INFO - Filtrati 8 file (es. in /dist, /test).
2025-11-13 04:52:56,321 - UnicodeAnalyzer - INFO - -> Analizzando versione 0.0.0-ed29ba13f (896/2377)...
2025-11-13 04:52:56,363 - UnicodeAnalyzer - INFO - Filtrati 5 file (es. in /dist, /test).
2025-11-13 04:52:56,693 - UnicodeAnalyzer - INFO - -> Analizzando versione 0.0.0-eddf90f75 (897/2377)...
2025-11-13 04:52:56,751 - UnicodeAnalyzer - INFO - Filtrati 6 file (es. in /dist, /test).
2025-11-13 04:52:57,067 - UnicodeAnalyzer - INFO - -> Analizzando versione 0.0.0-ee3994530 (898/2377)...
2025-11-13 04:52:57,112 - UnicodeAnalyzer - INFO - Filtrati 5 file (es. in /dist, /test).
2025-11-13 04:52:57,402 - UnicodeAnalyzer - INFO - -> Analizzando versione 0.0.0-ef5ff3e05 (899/2377)...
2025-11-13 04:52:57,501 - UnicodeAnalyzer - INFO - Filtrati 8 file (es. in /dist, /test).
2025-11-13 04:52:57,854 - UnicodeAnalyzer - INFO - -> Analizzando versione 0.0.0-ef765d423 (900/2377)...
2025-11-13 04:52:57,949 - UnicodeAnalyzer - INFO - Filtrati 7 file (es. in /dist, /test).
2025-11-13 04:52:58,228 - UnicodeAnalyzer - INFO - -> Analizzando versione 0.0.0-f00795dc9 (901/2377)...
2025-11-13 04:52:58,269 - UnicodeAnalyzer - INFO - Filtrati 6 file (es. in /dist, /test).
2025-11-13 04:52:58,548 - UnicodeAnalyzer - INFO - -> Analizzando versione 0.0.0-f0e80ae22 (902/2377)...
2025-11-13 04:52:58,590 - UnicodeAnalyzer - INFO - Filtrati 6 file (es. in /dist, /test).
2025-11-13 04:52:58,879 - UnicodeAnalyzer - INFO - -> Analizzando versione 0.0.0-f29238cc0 (903/2377)...
2025-11-13 04:52:58,925 - UnicodeAnalyzer - INFO - Filtrati 5 file (es. in /dist, /test).
2025-11-13 04:52:59,238 - UnicodeAnalyzer - INFO - -> Analizzando versione 0.0.0-f33e6f08b (904/2377)...
2025-11-13 04:52:59,340 - UnicodeAnalyzer - INFO - Filtrati 8 file (es. in /dist, /test).
2025-11-13 04:52:59,644 - UnicodeAnalyzer - INFO - -> Analizzando versione 0.0.0-f3b8d4976 (905/2377)...
2025-11-13 04:52:59,743 - UnicodeAnalyzer - INFO - Filtrati 8 file (es. in /dist, /test).
2025-11-13 04:53:00,071 - UnicodeAnalyzer - INFO - -> Analizzando versione 0.0.0-f3e8ea9c2 (906/2377)...
2025-11-13 04:53:00,172 - UnicodeAnalyzer - INFO - Filtrati 8 file (es. in /dist, /test).
2025-11-13 04:53:00,496 - UnicodeAnalyzer - INFO - -> Analizzando versione 0.0.0-f4fdf4b55 (907/2377)...
2025-11-13 04:53:00,652 - UnicodeAnalyzer - INFO - Filtrati 8 file (es. in /dist, /test).
2025-11-13 04:53:01,015 - UnicodeAnalyzer - INFO - -> Analizzando versione 0.0.0-f51773ecd (908/2377)...
2025-11-13 04:53:01,102 - UnicodeAnalyzer - INFO - Filtrati 8 file (es. in /dist, /test).
2025-11-13 04:53:01,395 - UnicodeAnalyzer - INFO - -> Analizzando versione 0.0.0-f535c8b4b (909/2377)...
2025-11-13 04:53:01,484 - UnicodeAnalyzer - INFO - Filtrati 5 file (es. in /dist, /test).
2025-11-13 04:53:01,771 - UnicodeAnalyzer - INFO - -> Analizzando versione 0.0.0-f592ad050 (910/2377)...
2025-11-13 04:53:01,866 - UnicodeAnalyzer - INFO - Filtrati 8 file (es. in /dist, /test).
2025-11-13 04:53:02,179 - UnicodeAnalyzer - INFO - -> Analizzando versione 0.0.0-f5f69af87 (911/2377)...
2025-11-13 04:53:02,274 - UnicodeAnalyzer - INFO - Filtrati 7 file (es. in /dist, /test).
2025-11-13 04:53:02,560 - UnicodeAnalyzer - INFO - -> Analizzando versione 0.0.0-f6166500d (912/2377)...
2025-11-13 04:53:02,657 - UnicodeAnalyzer - INFO - Filtrati 8 file (es. in /dist, /test).
2025-11-13 04:53:02,946 - UnicodeAnalyzer - INFO - -> Analizzando versione 0.0.0-f617e022c (913/2377)...
2025-11-13 04:53:03,042 - UnicodeAnalyzer - INFO - Filtrati 8 file (es. in /dist, /test).
2025-11-13 04:53:03,370 - UnicodeAnalyzer - INFO - -> Analizzando versione 0.0.0-f69e096bb (914/2377)...
2025-11-13 04:53:03,465 - UnicodeAnalyzer - INFO - Filtrati 8 file (es. in /dist, /test).
2025-11-13 04:53:03,782 - UnicodeAnalyzer - INFO - -> Analizzando versione 0.0.0-f6d0f9dea (915/2377)...
2025-11-13 04:53:03,872 - UnicodeAnalyzer - INFO - Filtrati 8 file (es. in /dist, /test).
2025-11-13 04:53:04,134 - UnicodeAnalyzer - INFO - -> Analizzando versione 0.0.0-f7d006e60 (916/2377)...
2025-11-13 04:53:04,231 - UnicodeAnalyzer - INFO - Filtrati 8 file (es. in /dist, /test).
2025-11-13 04:53:04,543 - UnicodeAnalyzer - INFO - -> Analizzando versione 0.0.0-f8bcb1063 (917/2377)...
2025-11-13 04:53:04,594 - UnicodeAnalyzer - INFO - Filtrati 5 file (es. in /dist, /test).
2025-11-13 04:53:04,875 - UnicodeAnalyzer - INFO - -> Analizzando versione 0.0.0-f8e5423c8 (918/2377)...
2025-11-13 04:53:04,917 - UnicodeAnalyzer - INFO - Filtrati 6 file (es. in /dist, /test).
2025-11-13 04:53:05,235 - UnicodeAnalyzer - INFO - -> Analizzando versione 0.0.0-fa5d3fb6b (919/2377)...
2025-11-13 04:53:05,285 - UnicodeAnalyzer - INFO - Filtrati 5 file (es. in /dist, /test).
2025-11-13 04:53:05,575 - UnicodeAnalyzer - INFO - -> Analizzando versione 0.0.0-fa768df2a (920/2377)...
2025-11-13 04:53:05,720 - UnicodeAnalyzer - INFO - Filtrati 8 file (es. in /dist, /test).
2025-11-13 04:53:06,022 - UnicodeAnalyzer - INFO - -> Analizzando versione 0.0.0-fb0a7edd6 (921/2377)...
2025-11-13 04:53:06,120 - UnicodeAnalyzer - INFO - Filtrati 8 file (es. in /dist, /test).
2025-11-13 04:53:06,444 - UnicodeAnalyzer - INFO - -> Analizzando versione 0.0.0-fe79abb32 (922/2377)...
2025-11-13 04:53:06,491 - UnicodeAnalyzer - INFO - Filtrati 6 file (es. in /dist, /test).
2025-11-13 04:53:06,781 - UnicodeAnalyzer - INFO - -> Analizzando versione 0.0.0-ff9c8cdac (923/2377)...
2025-11-13 04:53:06,877 - UnicodeAnalyzer - INFO - Filtrati 8 file (es. in /dist, /test).
2025-11-13 04:53:07,170 - UnicodeAnalyzer - INFO - -> Analizzando versione 0.0.0-ffba25c64 (924/2377)...
2025-11-13 04:53:07,263 - UnicodeAnalyzer - INFO - Filtrati 8 file (es. in /dist, /test).
2025-11-13 04:53:07,630 - UnicodeAnalyzer - INFO - -> Analizzando versione 0.0.0-ffdfbbec0 (925/2377)...
2025-11-13 04:53:07,671 - UnicodeAnalyzer - INFO - Filtrati 6 file (es. in /dist, /test).
2025-11-13 04:53:08,017 - UnicodeAnalyzer - INFO - -> Analizzando versione 0.0.5 (926/2377)...
2025-11-13 04:53:08,040 - UnicodeAnalyzer - INFO - Filtrati 42 file (es. in /dist, /test).
2025-11-13 04:53:08,175 - UnicodeAnalyzer - INFO - -> Analizzando versione 0.0.6 (927/2377)...
2025-11-13 04:53:08,200 - UnicodeAnalyzer - INFO - Filtrati 42 file (es. in /dist, /test).
2025-11-13 04:53:08,326 - UnicodeAnalyzer - INFO - -> Analizzando versione 0.1.0 (928/2377)...
2025-11-13 04:53:08,352 - UnicodeAnalyzer - INFO - Filtrati 42 file (es. in /dist, /test).
2025-11-13 04:53:08,480 - UnicodeAnalyzer - INFO - -> Analizzando versione 0.10.0 (929/2377)...
2025-11-13 04:53:08,508 - UnicodeAnalyzer - INFO - Filtrati 37 file (es. in /dist, /test).
2025-11-13 04:53:08,645 - UnicodeAnalyzer - INFO - -> Analizzando versione 0.10.0-rc (930/2377)...
2025-11-13 04:53:08,678 - UnicodeAnalyzer - INFO - Filtrati 37 file (es. in /dist, /test).
2025-11-13 04:53:08,810 - UnicodeAnalyzer - INFO - -> Analizzando versione 0.10.1 (931/2377)...
2025-11-13 04:53:08,827 - UnicodeAnalyzer - INFO - Filtrati 37 file (es. in /dist, /test).
2025-11-13 04:53:08,967 - UnicodeAnalyzer - INFO - -> Analizzando versione 0.11.0 (932/2377)...
2025-11-13 04:53:09,047 - UnicodeAnalyzer - INFO - Filtrati 38 file (es. in /dist, /test).
2025-11-13 04:53:09,186 - UnicodeAnalyzer - INFO - -> Analizzando versione 0.11.0-rc (933/2377)...
2025-11-13 04:53:09,205 - UnicodeAnalyzer - INFO - Filtrati 37 file (es. in /dist, /test).
2025-11-13 04:53:09,344 - UnicodeAnalyzer - INFO - -> Analizzando versione 0.11.1 (934/2377)...
2025-11-13 04:53:09,377 - UnicodeAnalyzer - INFO - Filtrati 37 file (es. in /dist, /test).
2025-11-13 04:53:09,514 - UnicodeAnalyzer - INFO - -> Analizzando versione 0.11.2 (935/2377)...
2025-11-13 04:53:09,548 - UnicodeAnalyzer - INFO - Filtrati 38 file (es. in /dist, /test).
2025-11-13 04:53:09,688 - UnicodeAnalyzer - INFO - -> Analizzando versione 0.11.3 (936/2377)...
2025-11-13 04:53:09,722 - UnicodeAnalyzer - INFO - Filtrati 38 file (es. in /dist, /test).
2025-11-13 04:53:09,868 - UnicodeAnalyzer - INFO - -> Analizzando versione 0.11.4 (937/2377)...
2025-11-13 04:53:09,905 - UnicodeAnalyzer - INFO - Filtrati 38 file (es. in /dist, /test).
2025-11-13 04:53:10,047 - UnicodeAnalyzer - INFO - -> Analizzando versione 0.12.0 (938/2377)...
2025-11-13 04:53:10,086 - UnicodeAnalyzer - INFO - Filtrati 38 file (es. in /dist, /test).
2025-11-13 04:53:10,221 - UnicodeAnalyzer - INFO - -> Analizzando versione 0.12.0-rc (939/2377)...
2025-11-13 04:53:10,249 - UnicodeAnalyzer - INFO - Filtrati 38 file (es. in /dist, /test).
2025-11-13 04:53:10,390 - UnicodeAnalyzer - INFO - -> Analizzando versione 0.13.0 (940/2377)...
2025-11-13 04:53:10,433 - UnicodeAnalyzer - INFO - Filtrati 35 file (es. in /dist, /test).
2025-11-13 04:53:10,574 - UnicodeAnalyzer - INFO - -> Analizzando versione 0.13.0-rc (941/2377)...
2025-11-13 04:53:10,667 - UnicodeAnalyzer - INFO - Filtrati 35 file (es. in /dist, /test).
2025-11-13 04:53:10,806 - UnicodeAnalyzer - INFO - -> Analizzando versione 0.13.1 (942/2377)...
2025-11-13 04:53:10,848 - UnicodeAnalyzer - INFO - Filtrati 35 file (es. in /dist, /test).
2025-11-13 04:53:10,988 - UnicodeAnalyzer - INFO - -> Analizzando versione 0.13.2 (943/2377)...
2025-11-13 04:53:11,024 - UnicodeAnalyzer - INFO - Filtrati 35 file (es. in /dist, /test).
2025-11-13 04:53:11,167 - UnicodeAnalyzer - INFO - -> Analizzando versione 0.14.0 (944/2377)...
2025-11-13 04:53:11,214 - UnicodeAnalyzer - INFO - Filtrati 35 file (es. in /dist, /test).
2025-11-13 04:53:11,356 - UnicodeAnalyzer - INFO - -> Analizzando versione 0.14.0-rc (945/2377)...
2025-11-13 04:53:11,404 - UnicodeAnalyzer - INFO - Filtrati 35 file (es. in /dist, /test).
2025-11-13 04:53:11,547 - UnicodeAnalyzer - INFO - -> Analizzando versione 0.14.1 (946/2377)...
2025-11-13 04:53:11,601 - UnicodeAnalyzer - INFO - Filtrati 35 file (es. in /dist, /test).
2025-11-13 04:53:11,737 - UnicodeAnalyzer - INFO - -> Analizzando versione 0.14.2 (947/2377)...
2025-11-13 04:53:11,793 - UnicodeAnalyzer - INFO - Filtrati 35 file (es. in /dist, /test).
2025-11-13 04:53:11,927 - UnicodeAnalyzer - INFO - -> Analizzando versione 0.15.0 (948/2377)...
2025-11-13 04:53:11,973 - UnicodeAnalyzer - INFO - Filtrati 35 file (es. in /dist, /test).
2025-11-13 04:53:12,116 - UnicodeAnalyzer - INFO - -> Analizzando versione 0.15.0-rc (949/2377)...
2025-11-13 04:53:12,167 - UnicodeAnalyzer - INFO - Filtrati 35 file (es. in /dist, /test).
2025-11-13 04:53:12,313 - UnicodeAnalyzer - INFO - -> Analizzando versione 0.16.0 (950/2377)...
2025-11-13 04:53:12,360 - UnicodeAnalyzer - INFO - Filtrati 34 file (es. in /dist, /test).
2025-11-13 04:53:12,497 - UnicodeAnalyzer - INFO - -> Analizzando versione 0.16.0-rc (951/2377)...
2025-11-13 04:53:12,547 - UnicodeAnalyzer - INFO - Filtrati 34 file (es. in /dist, /test).
2025-11-13 04:53:12,692 - UnicodeAnalyzer - INFO - -> Analizzando versione 0.17.0 (952/2377)...
2025-11-13 04:53:12,750 - UnicodeAnalyzer - INFO - Filtrati 34 file (es. in /dist, /test).
2025-11-13 04:53:12,889 - UnicodeAnalyzer - INFO - -> Analizzando versione 0.17.0-rc (953/2377)...
2025-11-13 04:53:12,942 - UnicodeAnalyzer - INFO - Filtrati 34 file (es. in /dist, /test).
2025-11-13 04:53:13,083 - UnicodeAnalyzer - INFO - -> Analizzando versione 0.18.0 (954/2377)...
2025-11-13 04:53:13,140 - UnicodeAnalyzer - INFO - Filtrati 33 file (es. in /dist, /test).
2025-11-13 04:53:13,284 - UnicodeAnalyzer - INFO - -> Analizzando versione 0.18.0-rc (955/2377)...
2025-11-13 04:53:13,344 - UnicodeAnalyzer - INFO - Filtrati 33 file (es. in /dist, /test).
2025-11-13 04:53:13,487 - UnicodeAnalyzer - INFO - -> Analizzando versione 0.18.1 (956/2377)...
2025-11-13 04:53:13,548 - UnicodeAnalyzer - INFO - Filtrati 33 file (es. in /dist, /test).
2025-11-13 04:53:13,689 - UnicodeAnalyzer - INFO - -> Analizzando versione 0.19.0 (957/2377)...
2025-11-13 04:53:13,748 - UnicodeAnalyzer - INFO - Filtrati 33 file (es. in /dist, /test).
2025-11-13 04:53:13,887 - UnicodeAnalyzer - INFO - -> Analizzando versione 0.19.0-rc (958/2377)...
2025-11-13 04:53:13,948 - UnicodeAnalyzer - INFO - Filtrati 33 file (es. in /dist, /test).
2025-11-13 04:53:14,101 - UnicodeAnalyzer - INFO - -> Analizzando versione 0.2.0 (959/2377)...
2025-11-13 04:53:14,128 - UnicodeAnalyzer - INFO - Filtrati 42 file (es. in /dist, /test).
2025-11-13 04:53:14,268 - UnicodeAnalyzer - INFO - -> Analizzando versione 0.2.1 (960/2377)...
2025-11-13 04:53:14,295 - UnicodeAnalyzer - INFO - Filtrati 42 file (es. in /dist, /test).
2025-11-13 04:53:14,419 - UnicodeAnalyzer - INFO - -> Analizzando versione 0.20.0 (961/2377)...
2025-11-13 04:53:14,486 - UnicodeAnalyzer - INFO - Filtrati 32 file (es. in /dist, /test).
2025-11-13 04:53:14,631 - UnicodeAnalyzer - INFO - -> Analizzando versione 0.20.0-rc1 (962/2377)...
2025-11-13 04:53:14,874 - UnicodeAnalyzer - INFO - Filtrati 32 file (es. in /dist, /test).
2025-11-13 04:53:15,012 - UnicodeAnalyzer - INFO - -> Analizzando versione 0.21.0 (963/2377)...
2025-11-13 04:53:15,062 - UnicodeAnalyzer - INFO - Filtrati 32 file (es. in /dist, /test).
2025-11-13 04:53:15,204 - UnicodeAnalyzer - INFO - -> Analizzando versione 0.21.0-rc (964/2377)...
2025-11-13 04:53:15,250 - UnicodeAnalyzer - INFO - Filtrati 32 file (es. in /dist, /test).
2025-11-13 04:53:15,385 - UnicodeAnalyzer - INFO - -> Analizzando versione 0.22.0 (965/2377)...
2025-11-13 04:53:15,443 - UnicodeAnalyzer - INFO - Filtrati 31 file (es. in /dist, /test).
2025-11-13 04:53:15,613 - UnicodeAnalyzer - INFO - -> Analizzando versione 0.22.0-rc (966/2377)...
2025-11-13 04:53:15,682 - UnicodeAnalyzer - INFO - Filtrati 31 file (es. in /dist, /test).
2025-11-13 04:53:15,825 - UnicodeAnalyzer - INFO - -> Analizzando versione 0.22.0-rc3 (967/2377)...
2025-11-13 04:53:15,871 - UnicodeAnalyzer - INFO - Filtrati 31 file (es. in /dist, /test).
2025-11-13 04:53:16,037 - UnicodeAnalyzer - INFO - -> Analizzando versione 0.22.0-rc4 (968/2377)...
2025-11-13 04:53:16,102 - UnicodeAnalyzer - INFO - Filtrati 31 file (es. in /dist, /test).
2025-11-13 04:53:16,274 - UnicodeAnalyzer - INFO - -> Analizzando versione 0.22.0-rc5 (969/2377)...
2025-11-13 04:53:16,336 - UnicodeAnalyzer - INFO - Filtrati 31 file (es. in /dist, /test).
2025-11-13 04:53:16,502 - UnicodeAnalyzer - INFO - -> Analizzando versione 0.22.1 (970/2377)...
2025-11-13 04:53:16,573 - UnicodeAnalyzer - INFO - Filtrati 31 file (es. in /dist, /test).
2025-11-13 04:53:16,742 - UnicodeAnalyzer - INFO - -> Analizzando versione 0.22.2 (971/2377)...
2025-11-13 04:53:16,820 - UnicodeAnalyzer - INFO - Filtrati 31 file (es. in /dist, /test).
2025-11-13 04:53:16,947 - UnicodeAnalyzer - INFO - -> Analizzando versione 0.23.0 (972/2377)...
2025-11-13 04:53:17,012 - UnicodeAnalyzer - INFO - Filtrati 31 file (es. in /dist, /test).
2025-11-13 04:53:17,189 - UnicodeAnalyzer - INFO - -> Analizzando versione 0.23.0-rc1 (973/2377)...
2025-11-13 04:53:17,258 - UnicodeAnalyzer - INFO - Filtrati 31 file (es. in /dist, /test).
2025-11-13 04:53:17,424 - UnicodeAnalyzer - INFO - -> Analizzando versione 0.23.0-rc3 (974/2377)...
2025-11-13 04:53:17,495 - UnicodeAnalyzer - INFO - Filtrati 31 file (es. in /dist, /test).
2025-11-13 04:53:17,667 - UnicodeAnalyzer - INFO - -> Analizzando versione 0.23.0-rc4 (975/2377)...
2025-11-13 04:53:17,734 - UnicodeAnalyzer - INFO - Filtrati 31 file (es. in /dist, /test).
2025-11-13 04:53:17,910 - UnicodeAnalyzer - INFO - -> Analizzando versione 0.23.1 (976/2377)...
2025-11-13 04:53:17,977 - UnicodeAnalyzer - INFO - Filtrati 31 file (es. in /dist, /test).
2025-11-13 04:53:18,153 - UnicodeAnalyzer - INFO - -> Analizzando versione 0.24.0 (977/2377)...
2025-11-13 04:53:18,227 - UnicodeAnalyzer - INFO - Filtrati 31 file (es. in /dist, /test).
2025-11-13 04:53:18,358 - UnicodeAnalyzer - INFO - -> Analizzando versione 0.24.0-rc (978/2377)...
2025-11-13 04:53:18,422 - UnicodeAnalyzer - INFO - Filtrati 31 file (es. in /dist, /test).
2025-11-13 04:53:18,603 - UnicodeAnalyzer - INFO - -> Analizzando versione 0.24.0-rc1 (979/2377)...
2025-11-13 04:53:18,676 - UnicodeAnalyzer - INFO - Filtrati 31 file (es. in /dist, /test).
2025-11-13 04:53:18,846 - UnicodeAnalyzer - INFO - -> Analizzando versione 0.24.0-rc2 (980/2377)...
2025-11-13 04:53:18,912 - UnicodeAnalyzer - INFO - Filtrati 31 file (es. in /dist, /test).
2025-11-13 04:53:19,078 - UnicodeAnalyzer - INFO - -> Analizzando versione 0.24.0-rc3 (981/2377)...
2025-11-13 04:53:19,142 - UnicodeAnalyzer - INFO - Filtrati 31 file (es. in /dist, /test).
2025-11-13 04:53:19,307 - UnicodeAnalyzer - INFO - -> Analizzando versione 0.24.0-rc4 (982/2377)...
2025-11-13 04:53:19,371 - UnicodeAnalyzer - INFO - Filtrati 31 file (es. in /dist, /test).
2025-11-13 04:53:19,542 - UnicodeAnalyzer - INFO - -> Analizzando versione 0.24.0-rc5 (983/2377)...
2025-11-13 04:53:19,605 - UnicodeAnalyzer - INFO - Filtrati 31 file (es. in /dist, /test).
2025-11-13 04:53:19,785 - UnicodeAnalyzer - INFO - -> Analizzando versione 0.24.1 (984/2377)...
2025-11-13 04:53:19,859 - UnicodeAnalyzer - INFO - Filtrati 31 file (es. in /dist, /test).
2025-11-13 04:53:20,025 - UnicodeAnalyzer - INFO - -> Analizzando versione 0.25.0-rc (985/2377)...
2025-11-13 04:53:20,101 - UnicodeAnalyzer - INFO - Filtrati 31 file (es. in /dist, /test).
2025-11-13 04:53:20,277 - UnicodeAnalyzer - INFO - -> Analizzando versione 0.25.1 (986/2377)...
2025-11-13 04:53:20,347 - UnicodeAnalyzer - INFO - Filtrati 31 file (es. in /dist, /test).
2025-11-13 04:53:20,517 - UnicodeAnalyzer - INFO - -> Analizzando versione 0.26.0 (987/2377)...
2025-11-13 04:53:20,585 - UnicodeAnalyzer - INFO - Filtrati 23 file (es. in /dist, /test).
2025-11-13 04:53:20,763 - UnicodeAnalyzer - INFO - -> Analizzando versione 0.26.0-rc (988/2377)...
2025-11-13 04:53:20,833 - UnicodeAnalyzer - INFO - Filtrati 23 file (es. in /dist, /test).
2025-11-13 04:53:21,000 - UnicodeAnalyzer - INFO - -> Analizzando versione 0.26.1 (989/2377)...
2025-11-13 04:53:21,061 - UnicodeAnalyzer - INFO - Filtrati 23 file (es. in /dist, /test).
2025-11-13 04:53:21,229 - UnicodeAnalyzer - INFO - -> Analizzando versione 0.26.2 (990/2377)...
2025-11-13 04:53:21,288 - UnicodeAnalyzer - INFO - Filtrati 23 file (es. in /dist, /test).
2025-11-13 04:53:21,460 - UnicodeAnalyzer - INFO - -> Analizzando versione 0.26.3 (991/2377)...
2025-11-13 04:53:21,520 - UnicodeAnalyzer - INFO - Filtrati 23 file (es. in /dist, /test).
2025-11-13 04:53:21,699 - UnicodeAnalyzer - INFO - -> Analizzando versione 0.27.0 (992/2377)...
2025-11-13 04:53:21,744 - UnicodeAnalyzer - INFO - Filtrati 63 file (es. in /dist, /test).
2025-11-13 04:53:21,964 - UnicodeAnalyzer - INFO - -> Analizzando versione 0.27.0-rc (993/2377)...
2025-11-13 04:53:22,037 - UnicodeAnalyzer - INFO - Filtrati 63 file (es. in /dist, /test).
2025-11-13 04:53:22,260 - UnicodeAnalyzer - INFO - -> Analizzando versione 0.27.0-rc1 (994/2377)...
2025-11-13 04:53:22,336 - UnicodeAnalyzer - INFO - Filtrati 63 file (es. in /dist, /test).
2025-11-13 04:53:22,555 - UnicodeAnalyzer - INFO - -> Analizzando versione 0.27.0-rc2 (995/2377)...
2025-11-13 04:53:22,636 - UnicodeAnalyzer - INFO - Filtrati 63 file (es. in /dist, /test).
2025-11-13 04:53:22,812 - UnicodeAnalyzer - INFO - -> Analizzando versione 0.27.0-rc3 (996/2377)...
2025-11-13 04:53:22,870 - UnicodeAnalyzer - INFO - Filtrati 63 file (es. in /dist, /test).
2025-11-13 04:53:23,100 - UnicodeAnalyzer - INFO - -> Analizzando versione 0.27.1 (997/2377)...
2025-11-13 04:53:23,144 - UnicodeAnalyzer - INFO - Filtrati 63 file (es. in /dist, /test).
2025-11-13 04:53:23,364 - UnicodeAnalyzer - INFO - -> Analizzando versione 0.27.2 (998/2377)...
2025-11-13 04:53:23,413 - UnicodeAnalyzer - INFO - Filtrati 63 file (es. in /dist, /test).
2025-11-13 04:53:23,644 - UnicodeAnalyzer - INFO - -> Analizzando versione 0.28.0 (999/2377)...
2025-11-13 04:53:23,691 - UnicodeAnalyzer - INFO - Filtrati 63 file (es. in /dist, /test).
2025-11-13 04:53:23,873 - UnicodeAnalyzer - INFO - -> Analizzando versione 0.28.0-rc.0 (1000/2377)...
2025-11-13 04:53:23,917 - UnicodeAnalyzer - INFO - Filtrati 63 file (es. in /dist, /test).
2025-11-13 04:53:25,566 - UnicodeAnalyzer - INFO - -> Analizzando versione 0.29.0 (1001/2377)...
2025-11-13 04:53:25,612 - UnicodeAnalyzer - INFO - Filtrati 63 file (es. in /dist, /test).
2025-11-13 04:53:25,799 - UnicodeAnalyzer - INFO - -> Analizzando versione 0.29.0-rc.0 (1002/2377)...
2025-11-13 04:53:25,849 - UnicodeAnalyzer - INFO - Filtrati 63 file (es. in /dist, /test).
2025-11-13 04:53:26,080 - UnicodeAnalyzer - INFO - -> Analizzando versione 0.29.0-rc.1 (1003/2377)...
2025-11-13 04:53:26,128 - UnicodeAnalyzer - INFO - Filtrati 63 file (es. in /dist, /test).
2025-11-13 04:53:26,309 - UnicodeAnalyzer - INFO - -> Analizzando versione 0.29.0-rc.2 (1004/2377)...
2025-11-13 04:53:26,348 - UnicodeAnalyzer - INFO - Filtrati 63 file (es. in /dist, /test).
2025-11-13 04:53:26,533 - UnicodeAnalyzer - INFO - -> Analizzando versione 0.29.0-rc.3 (1005/2377)...
2025-11-13 04:53:26,594 - UnicodeAnalyzer - INFO - Filtrati 63 file (es. in /dist, /test).
2025-11-13 04:53:26,777 - UnicodeAnalyzer - INFO - -> Analizzando versione 0.29.1 (1006/2377)...
2025-11-13 04:53:26,825 - UnicodeAnalyzer - INFO - Filtrati 63 file (es. in /dist, /test).
2025-11-13 04:53:27,007 - UnicodeAnalyzer - INFO - -> Analizzando versione 0.29.2 (1007/2377)...
2025-11-13 04:53:27,074 - UnicodeAnalyzer - INFO - Filtrati 63 file (es. in /dist, /test).
2025-11-13 04:53:27,249 - UnicodeAnalyzer - INFO - -> Analizzando versione 0.3.0 (1008/2377)...
2025-11-13 04:53:27,274 - UnicodeAnalyzer - INFO - Filtrati 42 file (es. in /dist, /test).
2025-11-13 04:53:27,394 - UnicodeAnalyzer - INFO - -> Analizzando versione 0.3.1 (1009/2377)...
2025-11-13 04:53:27,419 - UnicodeAnalyzer - INFO - Filtrati 42 file (es. in /dist, /test).
2025-11-13 04:53:27,546 - UnicodeAnalyzer - INFO - -> Analizzando versione 0.3.10 (1010/2377)...
2025-11-13 04:53:27,577 - UnicodeAnalyzer - INFO - Filtrati 42 file (es. in /dist, /test).
2025-11-13 04:53:27,699 - UnicodeAnalyzer - INFO - -> Analizzando versione 0.3.11 (1011/2377)...
2025-11-13 04:53:27,726 - UnicodeAnalyzer - INFO - Filtrati 42 file (es. in /dist, /test).
2025-11-13 04:53:27,853 - UnicodeAnalyzer - INFO - -> Analizzando versione 0.3.2 (1012/2377)...
2025-11-13 04:53:27,877 - UnicodeAnalyzer - INFO - Filtrati 42 file (es. in /dist, /test).
2025-11-13 04:53:28,003 - UnicodeAnalyzer - INFO - -> Analizzando versione 0.3.3 (1013/2377)...
2025-11-13 04:53:28,031 - UnicodeAnalyzer - INFO - Filtrati 42 file (es. in /dist, /test).
2025-11-13 04:53:28,157 - UnicodeAnalyzer - INFO - -> Analizzando versione 0.3.4 (1014/2377)...
2025-11-13 04:53:28,186 - UnicodeAnalyzer - INFO - Filtrati 42 file (es. in /dist, /test).
2025-11-13 04:53:28,313 - UnicodeAnalyzer - INFO - -> Analizzando versione 0.3.5 (1015/2377)...
2025-11-13 04:53:28,341 - UnicodeAnalyzer - INFO - Filtrati 42 file (es. in /dist, /test).
2025-11-13 04:53:28,466 - UnicodeAnalyzer - INFO - -> Analizzando versione 0.3.6 (1016/2377)...
2025-11-13 04:53:28,493 - UnicodeAnalyzer - INFO - Filtrati 42 file (es. in /dist, /test).
2025-11-13 04:53:28,622 - UnicodeAnalyzer - INFO - -> Analizzando versione 0.3.7 (1017/2377)...
2025-11-13 04:53:28,646 - UnicodeAnalyzer - INFO - Filtrati 42 file (es. in /dist, /test).
2025-11-13 04:53:28,772 - UnicodeAnalyzer - INFO - -> Analizzando versione 0.3.8 (1018/2377)...
2025-11-13 04:53:28,793 - UnicodeAnalyzer - INFO - Filtrati 42 file (es. in /dist, /test).
2025-11-13 04:53:28,916 - UnicodeAnalyzer - INFO - -> Analizzando versione 0.3.9 (1019/2377)...
2025-11-13 04:53:28,943 - UnicodeAnalyzer - INFO - Filtrati 42 file (es. in /dist, /test).
2025-11-13 04:53:29,069 - UnicodeAnalyzer - INFO - -> Analizzando versione 0.30.0 (1020/2377)...
2025-11-13 04:53:29,127 - UnicodeAnalyzer - INFO - Filtrati 63 file (es. in /dist, /test).
2025-11-13 04:53:29,314 - UnicodeAnalyzer - INFO - -> Analizzando versione 0.30.0-rc.0 (1021/2377)...
2025-11-13 04:53:29,370 - UnicodeAnalyzer - INFO - Filtrati 63 file (es. in /dist, /test).
2025-11-13 04:53:29,555 - UnicodeAnalyzer - INFO - -> Analizzando versione 0.31.0 (1022/2377)...
2025-11-13 04:53:29,619 - UnicodeAnalyzer - INFO - Filtrati 15 file (es. in /dist, /test).
2025-11-13 04:53:29,798 - UnicodeAnalyzer - INFO - -> Analizzando versione 0.31.0-rc.0 (1023/2377)...
2025-11-13 04:53:29,852 - UnicodeAnalyzer - INFO - Filtrati 63 file (es. in /dist, /test).
2025-11-13 04:53:30,027 - UnicodeAnalyzer - INFO - -> Analizzando versione 0.31.0-rc.1 (1024/2377)...
2025-11-13 04:53:30,087 - UnicodeAnalyzer - INFO - Filtrati 15 file (es. in /dist, /test).
2025-11-13 04:53:30,264 - UnicodeAnalyzer - INFO - -> Analizzando versione 0.32.0 (1025/2377)...
2025-11-13 04:53:30,341 - UnicodeAnalyzer - INFO - Filtrati 15 file (es. in /dist, /test).
2025-11-13 04:53:30,524 - UnicodeAnalyzer - INFO - -> Analizzando versione 0.32.0-rc.0 (1026/2377)...
2025-11-13 04:53:30,594 - UnicodeAnalyzer - INFO - Filtrati 15 file (es. in /dist, /test).
2025-11-13 04:53:30,780 - UnicodeAnalyzer - INFO - -> Analizzando versione 0.32.1 (1027/2377)...
2025-11-13 04:53:30,850 - UnicodeAnalyzer - INFO - Filtrati 15 file (es. in /dist, /test).
2025-11-13 04:53:31,031 - UnicodeAnalyzer - INFO - -> Analizzando versione 0.33.0 (1028/2377)...
2025-11-13 04:53:31,114 - UnicodeAnalyzer - INFO - Filtrati 12 file (es. in /dist, /test).
2025-11-13 04:53:31,299 - UnicodeAnalyzer - INFO - -> Analizzando versione 0.33.0-rc.0 (1029/2377)...
2025-11-13 04:53:31,364 - UnicodeAnalyzer - INFO - Filtrati 12 file (es. in /dist, /test).
2025-11-13 04:53:31,544 - UnicodeAnalyzer - INFO - -> Analizzando versione 0.33.0-rc.1 (1030/2377)...
2025-11-13 04:53:31,614 - UnicodeAnalyzer - INFO - Filtrati 12 file (es. in /dist, /test).
2025-11-13 04:53:31,804 - UnicodeAnalyzer - INFO - -> Analizzando versione 0.33.1 (1031/2377)...
2025-11-13 04:53:31,874 - UnicodeAnalyzer - INFO - Filtrati 12 file (es. in /dist, /test).
2025-11-13 04:53:32,060 - UnicodeAnalyzer - INFO - -> Analizzando versione 0.34.0 (1032/2377)...
2025-11-13 04:53:32,135 - UnicodeAnalyzer - INFO - Filtrati 12 file (es. in /dist, /test).
2025-11-13 04:53:32,314 - UnicodeAnalyzer - INFO - -> Analizzando versione 0.34.0-rc.0 (1033/2377)...
2025-11-13 04:53:32,386 - UnicodeAnalyzer - INFO - Filtrati 12 file (es. in /dist, /test).
2025-11-13 04:53:32,569 - UnicodeAnalyzer - INFO - -> Analizzando versione 0.34.1 (1034/2377)...
2025-11-13 04:53:32,641 - UnicodeAnalyzer - INFO - Filtrati 12 file (es. in /dist, /test).
2025-11-13 04:53:32,823 - UnicodeAnalyzer - INFO - -> Analizzando versione 0.35.0 (1035/2377)...
2025-11-13 04:53:32,896 - UnicodeAnalyzer - INFO - Filtrati 12 file (es. in /dist, /test).
2025-11-13 04:53:33,074 - UnicodeAnalyzer - INFO - -> Analizzando versione 0.35.0-rc.0 (1036/2377)...
2025-11-13 04:53:33,153 - UnicodeAnalyzer - INFO - Filtrati 12 file (es. in /dist, /test).
2025-11-13 04:53:33,333 - UnicodeAnalyzer - INFO - -> Analizzando versione 0.36.0 (1037/2377)...
2025-11-13 04:53:33,404 - UnicodeAnalyzer - INFO - Filtrati 12 file (es. in /dist, /test).
2025-11-13 04:53:33,597 - UnicodeAnalyzer - INFO - -> Analizzando versione 0.36.0-rc.0 (1038/2377)...
2025-11-13 04:53:33,677 - UnicodeAnalyzer - INFO - Filtrati 12 file (es. in /dist, /test).
2025-11-13 04:53:33,868 - UnicodeAnalyzer - INFO - -> Analizzando versione 0.36.0-rc.1 (1039/2377)...
2025-11-13 04:53:33,952 - UnicodeAnalyzer - INFO - Filtrati 12 file (es. in /dist, /test).
2025-11-13 04:53:34,132 - UnicodeAnalyzer - INFO - -> Analizzando versione 0.36.1 (1040/2377)...
2025-11-13 04:53:34,204 - UnicodeAnalyzer - INFO - Filtrati 12 file (es. in /dist, /test).
2025-11-13 04:53:34,391 - UnicodeAnalyzer - INFO - -> Analizzando versione 0.37.0 (1041/2377)...
2025-11-13 04:53:34,460 - UnicodeAnalyzer - INFO - Filtrati 12 file (es. in /dist, /test).
2025-11-13 04:53:34,641 - UnicodeAnalyzer - INFO - -> Analizzando versione 0.37.0-rc.0 (1042/2377)...
2025-11-13 04:53:34,712 - UnicodeAnalyzer - INFO - Filtrati 12 file (es. in /dist, /test).
2025-11-13 04:53:34,889 - UnicodeAnalyzer - INFO - -> Analizzando versione 0.37.0-rc.2 (1043/2377)...
2025-11-13 04:53:34,961 - UnicodeAnalyzer - INFO - Filtrati 12 file (es. in /dist, /test).
2025-11-13 04:53:35,143 - UnicodeAnalyzer - INFO - -> Analizzando versione 0.37.0-rc.3 (1044/2377)...
2025-11-13 04:53:35,223 - UnicodeAnalyzer - INFO - Filtrati 12 file (es. in /dist, /test).
2025-11-13 04:53:35,407 - UnicodeAnalyzer - INFO - -> Analizzando versione 0.37.0-rc.4 (1045/2377)...
2025-11-13 04:53:35,480 - UnicodeAnalyzer - INFO - Filtrati 12 file (es. in /dist, /test).
2025-11-13 04:53:35,666 - UnicodeAnalyzer - INFO - -> Analizzando versione 0.38.0 (1046/2377)...
2025-11-13 04:53:35,751 - UnicodeAnalyzer - INFO - Filtrati 12 file (es. in /dist, /test).
2025-11-13 04:53:35,934 - UnicodeAnalyzer - INFO - -> Analizzando versione 0.38.0-rc.0 (1047/2377)...
2025-11-13 04:53:36,021 - UnicodeAnalyzer - INFO - Filtrati 12 file (es. in /dist, /test).
2025-11-13 04:53:36,204 - UnicodeAnalyzer - INFO - -> Analizzando versione 0.38.0-rc.1 (1048/2377)...
2025-11-13 04:53:36,291 - UnicodeAnalyzer - INFO - Filtrati 12 file (es. in /dist, /test).
2025-11-13 04:53:36,477 - UnicodeAnalyzer - INFO - -> Analizzando versione 0.38.1 (1049/2377)...
2025-11-13 04:53:36,551 - UnicodeAnalyzer - INFO - Filtrati 12 file (es. in /dist, /test).
2025-11-13 04:53:36,741 - UnicodeAnalyzer - INFO - -> Analizzando versione 0.39.0 (1050/2377)...
2025-11-13 04:53:36,817 - UnicodeAnalyzer - INFO - Filtrati 12 file (es. in /dist, /test).
2025-11-13 04:53:37,003 - UnicodeAnalyzer - INFO - -> Analizzando versione 0.39.0-rc.0 (1051/2377)...
2025-11-13 04:53:37,079 - UnicodeAnalyzer - INFO - Filtrati 12 file (es. in /dist, /test).
2025-11-13 04:53:37,268 - UnicodeAnalyzer - INFO - -> Analizzando versione 0.39.1 (1052/2377)...
2025-11-13 04:53:37,344 - UnicodeAnalyzer - INFO - Filtrati 12 file (es. in /dist, /test).
2025-11-13 04:53:37,529 - UnicodeAnalyzer - INFO - -> Analizzando versione 0.39.2 (1053/2377)...
2025-11-13 04:53:37,607 - UnicodeAnalyzer - INFO - Filtrati 12 file (es. in /dist, /test).
2025-11-13 04:53:37,794 - UnicodeAnalyzer - INFO - -> Analizzando versione 0.4.0 (1054/2377)...
2025-11-13 04:53:37,818 - UnicodeAnalyzer - INFO - Filtrati 40 file (es. in /dist, /test).
2025-11-13 04:53:37,954 - UnicodeAnalyzer - INFO - -> Analizzando versione 0.4.1 (1055/2377)...
2025-11-13 04:53:37,974 - UnicodeAnalyzer - INFO - Filtrati 40 file (es. in /dist, /test).
2025-11-13 04:53:38,116 - UnicodeAnalyzer - INFO - -> Analizzando versione 0.4.2 (1056/2377)...
2025-11-13 04:53:38,145 - UnicodeAnalyzer - INFO - Filtrati 40 file (es. in /dist, /test).
2025-11-13 04:53:38,282 - UnicodeAnalyzer - INFO - -> Analizzando versione 0.4.3 (1057/2377)...
2025-11-13 04:53:38,308 - UnicodeAnalyzer - INFO - Filtrati 40 file (es. in /dist, /test).
2025-11-13 04:53:38,442 - UnicodeAnalyzer - INFO - -> Analizzando versione 0.4.4 (1058/2377)...
2025-11-13 04:53:38,474 - UnicodeAnalyzer - INFO - Filtrati 40 file (es. in /dist, /test).
2025-11-13 04:53:38,607 - UnicodeAnalyzer - INFO - -> Analizzando versione 0.40.0 (1059/2377)...
2025-11-13 04:53:38,694 - UnicodeAnalyzer - INFO - Filtrati 12 file (es. in /dist, /test).
2025-11-13 04:53:38,934 - UnicodeAnalyzer - INFO - -> Analizzando versione 0.40.0-rc.0 (1060/2377)...
2025-11-13 04:53:39,017 - UnicodeAnalyzer - INFO - Filtrati 12 file (es. in /dist, /test).
2025-11-13 04:53:39,253 - UnicodeAnalyzer - INFO - -> Analizzando versione 0.40.0-rc.1 (1061/2377)...
2025-11-13 04:53:39,329 - UnicodeAnalyzer - INFO - Filtrati 12 file (es. in /dist, /test).
2025-11-13 04:53:39,566 - UnicodeAnalyzer - INFO - -> Analizzando versione 0.40.0-rc.2 (1062/2377)...
2025-11-13 04:53:39,647 - UnicodeAnalyzer - INFO - Filtrati 12 file (es. in /dist, /test).
2025-11-13 04:53:39,900 - UnicodeAnalyzer - INFO - -> Analizzando versione 0.41.0 (1063/2377)...
2025-11-13 04:53:39,970 - UnicodeAnalyzer - INFO - Filtrati 12 file (es. in /dist, /test).
2025-11-13 04:53:40,215 - UnicodeAnalyzer - INFO - -> Analizzando versione 0.41.0-rc.0 (1064/2377)...
2025-11-13 04:53:40,300 - UnicodeAnalyzer - INFO - Filtrati 12 file (es. in /dist, /test).
2025-11-13 04:53:40,535 - UnicodeAnalyzer - INFO - -> Analizzando versione 0.41.0-rc.1 (1065/2377)...
2025-11-13 04:53:40,616 - UnicodeAnalyzer - INFO - Filtrati 12 file (es. in /dist, /test).
2025-11-13 04:53:40,863 - UnicodeAnalyzer - INFO - -> Analizzando versione 0.41.1 (1066/2377)...
2025-11-13 04:53:40,939 - UnicodeAnalyzer - INFO - Filtrati 12 file (es. in /dist, /test).
2025-11-13 04:53:41,122 - UnicodeAnalyzer - INFO - -> Analizzando versione 0.41.2 (1067/2377)...
2025-11-13 04:53:41,200 - UnicodeAnalyzer - INFO - Filtrati 12 file (es. in /dist, /test).
2025-11-13 04:53:41,385 - UnicodeAnalyzer - INFO - -> Analizzando versione 0.42.0 (1068/2377)...
2025-11-13 04:53:41,456 - UnicodeAnalyzer - INFO - Filtrati 12 file (es. in /dist, /test).
2025-11-13 04:53:41,657 - UnicodeAnalyzer - INFO - -> Analizzando versione 0.42.0-rc.0 (1069/2377)...
2025-11-13 04:53:41,726 - UnicodeAnalyzer - INFO - Filtrati 12 file (es. in /dist, /test).
2025-11-13 04:53:41,966 - UnicodeAnalyzer - INFO - -> Analizzando versione 0.42.0-rc.1 (1070/2377)...
2025-11-13 04:53:42,043 - UnicodeAnalyzer - INFO - Filtrati 12 file (es. in /dist, /test).
2025-11-13 04:53:42,239 - UnicodeAnalyzer - INFO - -> Analizzando versione 0.42.0-rc.2 (1071/2377)...
2025-11-13 04:53:42,318 - UnicodeAnalyzer - INFO - Filtrati 12 file (es. in /dist, /test).
2025-11-13 04:53:42,511 - UnicodeAnalyzer - INFO - -> Analizzando versione 0.42.0-rc.3 (1072/2377)...
2025-11-13 04:53:42,597 - UnicodeAnalyzer - INFO - Filtrati 12 file (es. in /dist, /test).
2025-11-13 04:53:42,791 - UnicodeAnalyzer - INFO - -> Analizzando versione 0.42.2 (1073/2377)...
2025-11-13 04:53:42,855 - UnicodeAnalyzer - INFO - Filtrati 12 file (es. in /dist, /test).
2025-11-13 04:53:43,050 - UnicodeAnalyzer - INFO - -> Analizzando versione 0.42.3 (1074/2377)...
2025-11-13 04:53:43,104 - UnicodeAnalyzer - INFO - Filtrati 12 file (es. in /dist, /test).
2025-11-13 04:53:43,300 - UnicodeAnalyzer - INFO - -> Analizzando versione 0.43.0 (1075/2377)...
2025-11-13 04:53:43,370 - UnicodeAnalyzer - INFO - Filtrati 12 file (es. in /dist, /test).
2025-11-13 04:53:43,573 - UnicodeAnalyzer - INFO - -> Analizzando versione 0.43.0-rc.0 (1076/2377)...
2025-11-13 04:53:43,619 - UnicodeAnalyzer - INFO - Filtrati 12 file (es. in /dist, /test).
2025-11-13 04:53:43,824 - UnicodeAnalyzer - INFO - -> Analizzando versione 0.43.0-rc.1 (1077/2377)...
2025-11-13 04:53:43,902 - UnicodeAnalyzer - INFO - Filtrati 12 file (es. in /dist, /test).
2025-11-13 04:53:44,107 - UnicodeAnalyzer - INFO - -> Analizzando versione 0.43.0-rc.2 (1078/2377)...
2025-11-13 04:53:44,178 - UnicodeAnalyzer - INFO - Filtrati 12 file (es. in /dist, /test).
2025-11-13 04:53:44,397 - UnicodeAnalyzer - INFO - -> Analizzando versione 0.43.0-rc.3 (1079/2377)...
2025-11-13 04:53:44,463 - UnicodeAnalyzer - INFO - Filtrati 12 file (es. in /dist, /test).
2025-11-13 04:53:44,670 - UnicodeAnalyzer - INFO - -> Analizzando versione 0.43.0-rc.4 (1080/2377)...
2025-11-13 04:53:44,729 - UnicodeAnalyzer - INFO - Filtrati 12 file (es. in /dist, /test).
2025-11-13 04:53:44,938 - UnicodeAnalyzer - INFO - -> Analizzando versione 0.43.1 (1081/2377)...
2025-11-13 04:53:44,995 - UnicodeAnalyzer - INFO - Filtrati 12 file (es. in /dist, /test).
2025-11-13 04:53:45,204 - UnicodeAnalyzer - INFO - -> Analizzando versione 0.43.2 (1082/2377)...
2025-11-13 04:53:45,259 - UnicodeAnalyzer - INFO - Filtrati 12 file (es. in /dist, /test).
2025-11-13 04:53:45,481 - UnicodeAnalyzer - INFO - -> Analizzando versione 0.43.3 (1083/2377)...
2025-11-13 04:53:45,544 - UnicodeAnalyzer - INFO - Filtrati 12 file (es. in /dist, /test).
2025-11-13 04:53:45,783 - UnicodeAnalyzer - INFO - -> Analizzando versione 0.43.4 (1084/2377)...
2025-11-13 04:53:45,853 - UnicodeAnalyzer - INFO - Filtrati 12 file (es. in /dist, /test).
2025-11-13 04:53:46,065 - UnicodeAnalyzer - INFO - -> Analizzando versione 0.44.0 (1085/2377)...
2025-11-13 04:53:46,138 - UnicodeAnalyzer - INFO - Filtrati 11 file (es. in /dist, /test).
2025-11-13 04:53:46,361 - UnicodeAnalyzer - INFO - -> Analizzando versione 0.44.0-rc.0 (1086/2377)...
2025-11-13 04:53:46,419 - UnicodeAnalyzer - INFO - Filtrati 11 file (es. in /dist, /test).
2025-11-13 04:53:46,635 - UnicodeAnalyzer - INFO - -> Analizzando versione 0.44.1 (1087/2377)...
2025-11-13 04:53:46,713 - UnicodeAnalyzer - INFO - Filtrati 11 file (es. in /dist, /test).
2025-11-13 04:53:46,934 - UnicodeAnalyzer - INFO - -> Analizzando versione 0.44.2 (1088/2377)...
2025-11-13 04:53:47,014 - UnicodeAnalyzer - INFO - Filtrati 11 file (es. in /dist, /test).
2025-11-13 04:53:47,228 - UnicodeAnalyzer - INFO - -> Analizzando versione 0.44.3 (1089/2377)...
2025-11-13 04:53:47,306 - UnicodeAnalyzer - INFO - Filtrati 11 file (es. in /dist, /test).
2025-11-13 04:53:47,527 - UnicodeAnalyzer - INFO - -> Analizzando versione 0.45.0 (1090/2377)...
2025-11-13 04:53:47,604 - UnicodeAnalyzer - INFO - Filtrati 17 file (es. in /dist, /test).
2025-11-13 04:53:47,825 - UnicodeAnalyzer - INFO - -> Analizzando versione 0.45.0-rc.0 (1091/2377)...
2025-11-13 04:53:47,898 - UnicodeAnalyzer - INFO - Filtrati 17 file (es. in /dist, /test).
2025-11-13 04:53:48,121 - UnicodeAnalyzer - INFO - -> Analizzando versione 0.45.0-rc.1 (1092/2377)...
2025-11-13 04:53:48,196 - UnicodeAnalyzer - INFO - Filtrati 17 file (es. in /dist, /test).
2025-11-13 04:53:48,417 - UnicodeAnalyzer - INFO - -> Analizzando versione 0.45.0-rc.2 (1093/2377)...
2025-11-13 04:53:48,499 - UnicodeAnalyzer - INFO - Filtrati 17 file (es. in /dist, /test).
2025-11-13 04:53:48,723 - UnicodeAnalyzer - INFO - -> Analizzando versione 0.45.0-rc.3 (1094/2377)...
2025-11-13 04:53:48,822 - UnicodeAnalyzer - INFO - Filtrati 17 file (es. in /dist, /test).
2025-11-13 04:53:49,043 - UnicodeAnalyzer - INFO - -> Analizzando versione 0.45.1 (1095/2377)...
2025-11-13 04:53:49,117 - UnicodeAnalyzer - INFO - Filtrati 17 file (es. in /dist, /test).
2025-11-13 04:53:49,339 - UnicodeAnalyzer - INFO - -> Analizzando versione 0.46.0 (1096/2377)...
2025-11-13 04:53:49,403 - UnicodeAnalyzer - INFO - Filtrati 11 file (es. in /dist, /test).
2025-11-13 04:53:49,641 - UnicodeAnalyzer - INFO - -> Analizzando versione 0.46.0-rc.0 (1097/2377)...
2025-11-13 04:53:49,722 - UnicodeAnalyzer - INFO - Filtrati 17 file (es. in /dist, /test).
2025-11-13 04:53:49,983 - UnicodeAnalyzer - INFO - -> Analizzando versione 0.46.0-rc.1 (1098/2377)...
2025-11-13 04:53:50,054 - UnicodeAnalyzer - INFO - Filtrati 11 file (es. in /dist, /test).
2025-11-13 04:53:50,296 - UnicodeAnalyzer - INFO - -> Analizzando versione 0.46.0-rc.2 (1099/2377)...
2025-11-13 04:53:50,356 - UnicodeAnalyzer - INFO - Filtrati 11 file (es. in /dist, /test).
2025-11-13 04:53:50,599 - UnicodeAnalyzer - INFO - -> Analizzando versione 0.46.1 (1100/2377)...
2025-11-13 04:53:50,667 - UnicodeAnalyzer - INFO - Filtrati 11 file (es. in /dist, /test).
2025-11-13 04:53:50,931 - UnicodeAnalyzer - INFO - -> Analizzando versione 0.46.2 (1101/2377)...
2025-11-13 04:53:51,000 - UnicodeAnalyzer - INFO - Filtrati 11 file (es. in /dist, /test).
2025-11-13 04:53:51,245 - UnicodeAnalyzer - INFO - -> Analizzando versione 0.46.3 (1102/2377)...
2025-11-13 04:53:51,321 - UnicodeAnalyzer - INFO - Filtrati 11 file (es. in /dist, /test).
2025-11-13 04:53:51,578 - UnicodeAnalyzer - INFO - -> Analizzando versione 0.46.4 (1103/2377)...
2025-11-13 04:53:51,651 - UnicodeAnalyzer - INFO - Filtrati 11 file (es. in /dist, /test).
2025-11-13 04:53:51,892 - UnicodeAnalyzer - INFO - -> Analizzando versione 0.47.0 (1104/2377)...
2025-11-13 04:53:51,963 - UnicodeAnalyzer - INFO - Filtrati 11 file (es. in /dist, /test).
2025-11-13 04:53:52,212 - UnicodeAnalyzer - INFO - -> Analizzando versione 0.47.0-rc.0 (1105/2377)...
2025-11-13 04:53:52,286 - UnicodeAnalyzer - INFO - Filtrati 11 file (es. in /dist, /test).
2025-11-13 04:53:52,525 - UnicodeAnalyzer - INFO - -> Analizzando versione 0.47.0-rc.1 (1106/2377)...
2025-11-13 04:53:52,597 - UnicodeAnalyzer - INFO - Filtrati 11 file (es. in /dist, /test).
2025-11-13 04:53:52,845 - UnicodeAnalyzer - INFO - -> Analizzando versione 0.47.0-rc.2 (1107/2377)...
2025-11-13 04:53:52,920 - UnicodeAnalyzer - INFO - Filtrati 11 file (es. in /dist, /test).
2025-11-13 04:53:53,173 - UnicodeAnalyzer - INFO - -> Analizzando versione 0.47.0-rc.3 (1108/2377)...
2025-11-13 04:53:53,243 - UnicodeAnalyzer - INFO - Filtrati 11 file (es. in /dist, /test).
2025-11-13 04:53:53,488 - UnicodeAnalyzer - INFO - -> Analizzando versione 0.47.0-rc.4 (1109/2377)...
2025-11-13 04:53:53,563 - UnicodeAnalyzer - INFO - Filtrati 11 file (es. in /dist, /test).
2025-11-13 04:53:53,825 - UnicodeAnalyzer - INFO - -> Analizzando versione 0.47.0-rc.5 (1110/2377)...
2025-11-13 04:53:53,895 - UnicodeAnalyzer - INFO - Filtrati 11 file (es. in /dist, /test).
2025-11-13 04:53:54,145 - UnicodeAnalyzer - INFO - -> Analizzando versione 0.47.1 (1111/2377)...
2025-11-13 04:53:54,218 - UnicodeAnalyzer - INFO - Filtrati 11 file (es. in /dist, /test).
2025-11-13 04:53:54,464 - UnicodeAnalyzer - INFO - -> Analizzando versione 0.47.2 (1112/2377)...
2025-11-13 04:53:54,536 - UnicodeAnalyzer - INFO - Filtrati 11 file (es. in /dist, /test).
2025-11-13 04:53:54,783 - UnicodeAnalyzer - INFO - -> Analizzando versione 0.48.0 (1113/2377)...
2025-11-13 04:53:54,855 - UnicodeAnalyzer - INFO - Filtrati 20 file (es. in /dist, /test).
2025-11-13 04:53:55,102 - UnicodeAnalyzer - INFO - -> Analizzando versione 0.48.0-rc.0 (1114/2377)...
2025-11-13 04:53:55,172 - UnicodeAnalyzer - INFO - Filtrati 20 file (es. in /dist, /test).
2025-11-13 04:53:55,438 - UnicodeAnalyzer - INFO - -> Analizzando versione 0.48.0-rc.1 (1115/2377)...
2025-11-13 04:53:55,511 - UnicodeAnalyzer - INFO - Filtrati 20 file (es. in /dist, /test).
2025-11-13 04:53:55,761 - UnicodeAnalyzer - INFO - -> Analizzando versione 0.48.1 (1116/2377)...
2025-11-13 04:53:55,843 - UnicodeAnalyzer - INFO - Filtrati 20 file (es. in /dist, /test).
2025-11-13 04:53:56,090 - UnicodeAnalyzer - INFO - -> Analizzando versione 0.48.2 (1117/2377)...
2025-11-13 04:53:56,155 - UnicodeAnalyzer - INFO - Filtrati 20 file (es. in /dist, /test).
2025-11-13 04:53:56,406 - UnicodeAnalyzer - INFO - -> Analizzando versione 0.48.3 (1118/2377)...
2025-11-13 04:53:56,472 - UnicodeAnalyzer - INFO - Filtrati 20 file (es. in /dist, /test).
2025-11-13 04:53:56,720 - UnicodeAnalyzer - INFO - -> Analizzando versione 0.48.4 (1119/2377)...
2025-11-13 04:53:56,785 - UnicodeAnalyzer - INFO - Filtrati 20 file (es. in /dist, /test).
2025-11-13 04:53:57,031 - UnicodeAnalyzer - INFO - -> Analizzando versione 0.49.0 (1120/2377)...
2025-11-13 04:53:57,100 - UnicodeAnalyzer - INFO - Filtrati 20 file (es. in /dist, /test).
2025-11-13 04:53:57,343 - UnicodeAnalyzer - INFO - -> Analizzando versione 0.49.0-rc.2 (1121/2377)...
2025-11-13 04:53:57,419 - UnicodeAnalyzer - INFO - Filtrati 20 file (es. in /dist, /test).
2025-11-13 04:53:57,662 - UnicodeAnalyzer - INFO - -> Analizzando versione 0.49.0-rc.4 (1122/2377)...
2025-11-13 04:53:57,728 - UnicodeAnalyzer - INFO - Filtrati 20 file (es. in /dist, /test).
2025-11-13 04:53:57,968 - UnicodeAnalyzer - INFO - -> Analizzando versione 0.49.0-rc.5 (1123/2377)...
2025-11-13 04:53:58,031 - UnicodeAnalyzer - INFO - Filtrati 20 file (es. in /dist, /test).
2025-11-13 04:53:58,277 - UnicodeAnalyzer - INFO - -> Analizzando versione 0.49.0-rc.6 (1124/2377)...
2025-11-13 04:53:58,347 - UnicodeAnalyzer - INFO - Filtrati 20 file (es. in /dist, /test).
2025-11-13 04:53:58,592 - UnicodeAnalyzer - INFO - -> Analizzando versione 0.49.1 (1125/2377)...
2025-11-13 04:53:58,659 - UnicodeAnalyzer - INFO - Filtrati 20 file (es. in /dist, /test).
2025-11-13 04:53:58,904 - UnicodeAnalyzer - INFO - -> Analizzando versione 0.49.2 (1126/2377)...
2025-11-13 04:53:58,973 - UnicodeAnalyzer - INFO - Filtrati 20 file (es. in /dist, /test).
2025-11-13 04:53:59,267 - UnicodeAnalyzer - INFO - -> Analizzando versione 0.49.3 (1127/2377)...
2025-11-13 04:53:59,335 - UnicodeAnalyzer - INFO - Filtrati 20 file (es. in /dist, /test).
2025-11-13 04:53:59,580 - UnicodeAnalyzer - INFO - -> Analizzando versione 0.49.5 (1128/2377)...
2025-11-13 04:53:59,650 - UnicodeAnalyzer - INFO - Filtrati 20 file (es. in /dist, /test).
2025-11-13 04:53:59,891 - UnicodeAnalyzer - INFO - -> Analizzando versione 0.5.0 (1129/2377)...
2025-11-13 04:53:59,921 - UnicodeAnalyzer - INFO - Filtrati 40 file (es. in /dist, /test).
2025-11-13 04:54:00,052 - UnicodeAnalyzer - INFO - -> Analizzando versione 0.5.0-rc1 (1130/2377)...
2025-11-13 04:54:00,086 - UnicodeAnalyzer - INFO - Filtrati 40 file (es. in /dist, /test).
2025-11-13 04:54:00,224 - UnicodeAnalyzer - INFO - -> Analizzando versione 0.50.0 (1131/2377)...
2025-11-13 04:54:00,298 - UnicodeAnalyzer - INFO - Filtrati 20 file (es. in /dist, /test).
2025-11-13 04:54:00,523 - UnicodeAnalyzer - INFO - -> Analizzando versione 0.50.0-rc.0 (1132/2377)...
2025-11-13 04:54:00,596 - UnicodeAnalyzer - INFO - Filtrati 20 file (es. in /dist, /test).
2025-11-13 04:54:00,822 - UnicodeAnalyzer - INFO - -> Analizzando versione 0.50.0-rc.1 (1133/2377)...
2025-11-13 04:54:00,895 - UnicodeAnalyzer - INFO - Filtrati 20 file (es. in /dist, /test).
2025-11-13 04:54:01,125 - UnicodeAnalyzer - INFO - -> Analizzando versione 0.50.0-rc.2 (1134/2377)...
2025-11-13 04:54:01,192 - UnicodeAnalyzer - INFO - Filtrati 20 file (es. in /dist, /test).
2025-11-13 04:54:01,420 - UnicodeAnalyzer - INFO - -> Analizzando versione 0.50.1 (1135/2377)...
2025-11-13 04:54:01,479 - UnicodeAnalyzer - INFO - Filtrati 20 file (es. in /dist, /test).
2025-11-13 04:54:01,699 - UnicodeAnalyzer - INFO - -> Analizzando versione 0.50.2 (1136/2377)...
2025-11-13 04:54:01,768 - UnicodeAnalyzer - INFO - Filtrati 20 file (es. in /dist, /test).
2025-11-13 04:54:01,998 - UnicodeAnalyzer - INFO - -> Analizzando versione 0.50.3 (1137/2377)...
2025-11-13 04:54:02,064 - UnicodeAnalyzer - INFO - Filtrati 20 file (es. in /dist, /test).
2025-11-13 04:54:02,289 - UnicodeAnalyzer - INFO - -> Analizzando versione 0.50.4 (1138/2377)...
2025-11-13 04:54:02,353 - UnicodeAnalyzer - INFO - Filtrati 20 file (es. in /dist, /test).
2025-11-13 04:54:02,580 - UnicodeAnalyzer - INFO - -> Analizzando versione 0.51.0 (1139/2377)...
2025-11-13 04:54:02,652 - UnicodeAnalyzer - INFO - Filtrati 20 file (es. in /dist, /test).
2025-11-13 04:54:02,809 - UnicodeAnalyzer - INFO - -> Analizzando versione 0.51.0-rc.2 (1140/2377)...
2025-11-13 04:54:02,873 - UnicodeAnalyzer - INFO - Filtrati 20 file (es. in /dist, /test).
2025-11-13 04:54:03,028 - UnicodeAnalyzer - INFO - -> Analizzando versione 0.51.0-rc.3 (1141/2377)...
2025-11-13 04:54:03,099 - UnicodeAnalyzer - INFO - Filtrati 20 file (es. in /dist, /test).
2025-11-13 04:54:03,248 - UnicodeAnalyzer - INFO - -> Analizzando versione 0.51.1 (1142/2377)...
2025-11-13 04:54:03,322 - UnicodeAnalyzer - INFO - Filtrati 20 file (es. in /dist, /test).
2025-11-13 04:54:03,481 - UnicodeAnalyzer - INFO - -> Analizzando versione 0.52.0 (1143/2377)...
2025-11-13 04:54:03,557 - UnicodeAnalyzer - INFO - Filtrati 20 file (es. in /dist, /test).
2025-11-13 04:54:03,723 - UnicodeAnalyzer - INFO - -> Analizzando versione 0.52.0-rc.0 (1144/2377)...
2025-11-13 04:54:03,798 - UnicodeAnalyzer - INFO - Filtrati 20 file (es. in /dist, /test).
2025-11-13 04:54:03,963 - UnicodeAnalyzer - INFO - -> Analizzando versione 0.52.1 (1145/2377)...
2025-11-13 04:54:04,035 - UnicodeAnalyzer - INFO - Filtrati 20 file (es. in /dist, /test).
2025-11-13 04:54:04,200 - UnicodeAnalyzer - INFO - -> Analizzando versione 0.52.2 (1146/2377)...
2025-11-13 04:54:04,274 - UnicodeAnalyzer - INFO - Filtrati 20 file (es. in /dist, /test).
2025-11-13 04:54:04,442 - UnicodeAnalyzer - INFO - -> Analizzando versione 0.52.3 (1147/2377)...
2025-11-13 04:54:04,513 - UnicodeAnalyzer - INFO - Filtrati 20 file (es. in /dist, /test).
2025-11-13 04:54:04,679 - UnicodeAnalyzer - INFO - -> Analizzando versione 0.53.0 (1148/2377)...
2025-11-13 04:54:04,749 - UnicodeAnalyzer - INFO - Filtrati 20 file (es. in /dist, /test).
2025-11-13 04:54:04,916 - UnicodeAnalyzer - INFO - -> Analizzando versione 0.53.0-rc.0 (1149/2377)...
2025-11-13 04:54:04,999 - UnicodeAnalyzer - INFO - Filtrati 20 file (es. in /dist, /test).
2025-11-13 04:54:05,167 - UnicodeAnalyzer - INFO - -> Analizzando versione 0.53.2 (1150/2377)...
2025-11-13 04:54:05,240 - UnicodeAnalyzer - INFO - Filtrati 20 file (es. in /dist, /test).
2025-11-13 04:54:05,422 - UnicodeAnalyzer - INFO - -> Analizzando versione 0.53.3 (1151/2377)...
2025-11-13 04:54:05,495 - UnicodeAnalyzer - INFO - Filtrati 20 file (es. in /dist, /test).
2025-11-13 04:54:05,660 - UnicodeAnalyzer - INFO - -> Analizzando versione 0.54.0 (1152/2377)...
2025-11-13 04:54:05,737 - UnicodeAnalyzer - INFO - Filtrati 20 file (es. in /dist, /test).
2025-11-13 04:54:05,941 - UnicodeAnalyzer - INFO - -> Analizzando versione 0.54.0-rc.0 (1153/2377)...
2025-11-13 04:54:06,034 - UnicodeAnalyzer - INFO - Filtrati 20 file (es. in /dist, /test).
2025-11-13 04:54:06,230 - UnicodeAnalyzer - INFO - -> Analizzando versione 0.54.0-rc.2 (1154/2377)...
2025-11-13 04:54:06,314 - UnicodeAnalyzer - INFO - Filtrati 20 file (es. in /dist, /test).
2025-11-13 04:54:06,511 - UnicodeAnalyzer - INFO - -> Analizzando versione 0.54.0-rc.3 (1155/2377)...
2025-11-13 04:54:06,595 - UnicodeAnalyzer - INFO - Filtrati 20 file (es. in /dist, /test).
2025-11-13 04:54:06,791 - UnicodeAnalyzer - INFO - -> Analizzando versione 0.54.0-rc.4 (1156/2377)...
2025-11-13 04:54:06,873 - UnicodeAnalyzer - INFO - Filtrati 20 file (es. in /dist, /test).
2025-11-13 04:54:07,074 - UnicodeAnalyzer - INFO - -> Analizzando versione 0.54.1 (1157/2377)...
2025-11-13 04:54:07,157 - UnicodeAnalyzer - INFO - Filtrati 20 file (es. in /dist, /test).
2025-11-13 04:54:07,355 - UnicodeAnalyzer - INFO - -> Analizzando versione 0.54.2 (1158/2377)...
2025-11-13 04:54:07,434 - UnicodeAnalyzer - INFO - Filtrati 20 file (es. in /dist, /test).
2025-11-13 04:54:07,634 - UnicodeAnalyzer - INFO - -> Analizzando versione 0.54.3 (1159/2377)...
2025-11-13 04:54:07,719 - UnicodeAnalyzer - INFO - Filtrati 20 file (es. in /dist, /test).
2025-11-13 04:54:07,915 - UnicodeAnalyzer - INFO - -> Analizzando versione 0.54.4 (1160/2377)...
2025-11-13 04:54:08,000 - UnicodeAnalyzer - INFO - Filtrati 20 file (es. in /dist, /test).
2025-11-13 04:54:08,211 - UnicodeAnalyzer - INFO - -> Analizzando versione 0.55.0 (1161/2377)...
2025-11-13 04:54:08,288 - UnicodeAnalyzer - INFO - Filtrati 20 file (es. in /dist, /test).
2025-11-13 04:54:08,477 - UnicodeAnalyzer - INFO - -> Analizzando versione 0.55.0-rc.0 (1162/2377)...
2025-11-13 04:54:08,552 - UnicodeAnalyzer - INFO - Filtrati 20 file (es. in /dist, /test).
2025-11-13 04:54:08,738 - UnicodeAnalyzer - INFO - -> Analizzando versione 0.55.0-rc.1 (1163/2377)...
2025-11-13 04:54:08,817 - UnicodeAnalyzer - INFO - Filtrati 20 file (es. in /dist, /test).
2025-11-13 04:54:09,010 - UnicodeAnalyzer - INFO - -> Analizzando versione 0.55.0-rc.2 (1164/2377)...
2025-11-13 04:54:09,086 - UnicodeAnalyzer - INFO - Filtrati 20 file (es. in /dist, /test).
2025-11-13 04:54:09,274 - UnicodeAnalyzer - INFO - -> Analizzando versione 0.55.1 (1165/2377)...
2025-11-13 04:54:09,354 - UnicodeAnalyzer - INFO - Filtrati 20 file (es. in /dist, /test).
2025-11-13 04:54:09,545 - UnicodeAnalyzer - INFO - -> Analizzando versione 0.55.2 (1166/2377)...
2025-11-13 04:54:09,625 - UnicodeAnalyzer - INFO - Filtrati 20 file (es. in /dist, /test).
2025-11-13 04:54:09,819 - UnicodeAnalyzer - INFO - -> Analizzando versione 0.55.3 (1167/2377)...
2025-11-13 04:54:09,897 - UnicodeAnalyzer - INFO - Filtrati 20 file (es. in /dist, /test).
2025-11-13 04:54:10,088 - UnicodeAnalyzer - INFO - -> Analizzando versione 0.55.4 (1168/2377)...
2025-11-13 04:54:10,169 - UnicodeAnalyzer - INFO - Filtrati 20 file (es. in /dist, /test).
2025-11-13 04:54:10,366 - UnicodeAnalyzer - INFO - -> Analizzando versione 0.56.0 (1169/2377)...
2025-11-13 04:54:10,452 - UnicodeAnalyzer - INFO - Filtrati 21 file (es. in /dist, /test).
2025-11-13 04:54:10,664 - UnicodeAnalyzer - INFO - -> Analizzando versione 0.56.0-rc (1170/2377)...
2025-11-13 04:54:10,755 - UnicodeAnalyzer - INFO - Filtrati 21 file (es. in /dist, /test).
2025-11-13 04:54:10,971 - UnicodeAnalyzer - INFO - -> Analizzando versione 0.56.0-rc.1 (1171/2377)...
2025-11-13 04:54:11,058 - UnicodeAnalyzer - INFO - Filtrati 21 file (es. in /dist, /test).
2025-11-13 04:54:11,259 - UnicodeAnalyzer - INFO - -> Analizzando versione 0.56.0-rc.2 (1172/2377)...
2025-11-13 04:54:11,346 - UnicodeAnalyzer - INFO - Filtrati 21 file (es. in /dist, /test).
2025-11-13 04:54:11,549 - UnicodeAnalyzer - INFO - -> Analizzando versione 0.56.0-rc.3 (1173/2377)...
2025-11-13 04:54:11,647 - UnicodeAnalyzer - INFO - Filtrati 21 file (es. in /dist, /test).
2025-11-13 04:54:11,854 - UnicodeAnalyzer - INFO - -> Analizzando versione 0.56.0-rc.4 (1174/2377)...
2025-11-13 04:54:11,939 - UnicodeAnalyzer - INFO - Filtrati 21 file (es. in /dist, /test).
2025-11-13 04:54:12,148 - UnicodeAnalyzer - INFO - -> Analizzando versione 0.56.0-rc.5 (1175/2377)...
2025-11-13 04:54:12,233 - UnicodeAnalyzer - INFO - Filtrati 21 file (es. in /dist, /test).
2025-11-13 04:54:12,443 - UnicodeAnalyzer - INFO - -> Analizzando versione 0.56.1 (1176/2377)...
2025-11-13 04:54:12,527 - UnicodeAnalyzer - INFO - Filtrati 21 file (es. in /dist, /test).
2025-11-13 04:54:12,736 - UnicodeAnalyzer - INFO - -> Analizzando versione 0.57.0 (1177/2377)...
2025-11-13 04:54:12,830 - UnicodeAnalyzer - INFO - Filtrati 21 file (es. in /dist, /test).
2025-11-13 04:54:13,060 - UnicodeAnalyzer - INFO - -> Analizzando versione 0.57.0-rc.0 (1178/2377)...
2025-11-13 04:54:13,156 - UnicodeAnalyzer - INFO - Filtrati 21 file (es. in /dist, /test).
2025-11-13 04:54:13,383 - UnicodeAnalyzer - INFO - -> Analizzando versione 0.57.0-rc.1 (1179/2377)...
2025-11-13 04:54:13,477 - UnicodeAnalyzer - INFO - Filtrati 21 file (es. in /dist, /test).
2025-11-13 04:54:13,704 - UnicodeAnalyzer - INFO - -> Analizzando versione 0.57.0-rc.2 (1180/2377)...
2025-11-13 04:54:13,799 - UnicodeAnalyzer - INFO - Filtrati 21 file (es. in /dist, /test).
2025-11-13 04:54:14,026 - UnicodeAnalyzer - INFO - -> Analizzando versione 0.57.0-rc.3 (1181/2377)...
2025-11-13 04:54:14,122 - UnicodeAnalyzer - INFO - Filtrati 21 file (es. in /dist, /test).
2025-11-13 04:54:14,351 - UnicodeAnalyzer - INFO - -> Analizzando versione 0.57.0-rc.4 (1182/2377)...
2025-11-13 04:54:14,454 - UnicodeAnalyzer - INFO - Filtrati 21 file (es. in /dist, /test).
2025-11-13 04:54:14,683 - UnicodeAnalyzer - INFO - -> Analizzando versione 0.57.1 (1183/2377)...
2025-11-13 04:54:14,779 - UnicodeAnalyzer - INFO - Filtrati 21 file (es. in /dist, /test).
2025-11-13 04:54:15,013 - UnicodeAnalyzer - INFO - -> Analizzando versione 0.57.2 (1184/2377)...
2025-11-13 04:54:15,110 - UnicodeAnalyzer - INFO - Filtrati 21 file (es. in /dist, /test).
2025-11-13 04:54:15,341 - UnicodeAnalyzer - INFO - -> Analizzando versione 0.57.3 (1185/2377)...
2025-11-13 04:54:15,438 - UnicodeAnalyzer - INFO - Filtrati 21 file (es. in /dist, /test).
2025-11-13 04:54:15,674 - UnicodeAnalyzer - INFO - -> Analizzando versione 0.57.4 (1186/2377)...
2025-11-13 04:54:15,772 - UnicodeAnalyzer - INFO - Filtrati 21 file (es. in /dist, /test).
2025-11-13 04:54:16,007 - UnicodeAnalyzer - INFO - -> Analizzando versione 0.57.5 (1187/2377)...
2025-11-13 04:54:16,095 - UnicodeAnalyzer - INFO - Filtrati 21 file (es. in /dist, /test).
2025-11-13 04:54:16,336 - UnicodeAnalyzer - INFO - -> Analizzando versione 0.57.6 (1188/2377)...
2025-11-13 04:54:16,468 - UnicodeAnalyzer - INFO - Filtrati 21 file (es. in /dist, /test).
2025-11-13 04:54:18,053 - UnicodeAnalyzer - INFO - -> Analizzando versione 0.57.7 (1189/2377)...
2025-11-13 04:54:18,175 - UnicodeAnalyzer - INFO - Filtrati 21 file (es. in /dist, /test).
2025-11-13 04:54:18,411 - UnicodeAnalyzer - INFO - -> Analizzando versione 0.57.8 (1190/2377)...
2025-11-13 04:54:18,508 - UnicodeAnalyzer - INFO - Filtrati 21 file (es. in /dist, /test).
2025-11-13 04:54:18,734 - UnicodeAnalyzer - INFO - -> Analizzando versione 0.58.0 (1191/2377)...
2025-11-13 04:54:18,830 - UnicodeAnalyzer - INFO - Filtrati 21 file (es. in /dist, /test).
2025-11-13 04:54:19,057 - UnicodeAnalyzer - INFO - -> Analizzando versione 0.58.0-rc.0 (1192/2377)...
2025-11-13 04:54:19,155 - UnicodeAnalyzer - INFO - Filtrati 21 file (es. in /dist, /test).
2025-11-13 04:54:19,383 - UnicodeAnalyzer - INFO - -> Analizzando versione 0.58.0-rc.1 (1193/2377)...
2025-11-13 04:54:19,480 - UnicodeAnalyzer - INFO - Filtrati 21 file (es. in /dist, /test).
2025-11-13 04:54:19,709 - UnicodeAnalyzer - INFO - -> Analizzando versione 0.58.0-rc.2 (1194/2377)...
2025-11-13 04:54:19,803 - UnicodeAnalyzer - INFO - Filtrati 21 file (es. in /dist, /test).
2025-11-13 04:54:20,042 - UnicodeAnalyzer - INFO - -> Analizzando versione 0.58.0-rc.3 (1195/2377)...
2025-11-13 04:54:20,138 - UnicodeAnalyzer - INFO - Filtrati 21 file (es. in /dist, /test).
2025-11-13 04:54:20,368 - UnicodeAnalyzer - INFO - -> Analizzando versione 0.58.1 (1196/2377)...
2025-11-13 04:54:20,464 - UnicodeAnalyzer - INFO - Filtrati 21 file (es. in /dist, /test).
2025-11-13 04:54:20,697 - UnicodeAnalyzer - INFO - -> Analizzando versione 0.58.2 (1197/2377)...
2025-11-13 04:54:20,774 - UnicodeAnalyzer - INFO - Filtrati 21 file (es. in /dist, /test).
2025-11-13 04:54:20,985 - UnicodeAnalyzer - INFO - -> Analizzando versione 0.58.3 (1198/2377)...
2025-11-13 04:54:21,092 - UnicodeAnalyzer - INFO - Filtrati 21 file (es. in /dist, /test).
2025-11-13 04:54:21,284 - UnicodeAnalyzer - INFO - -> Analizzando versione 0.58.4 (1199/2377)...
2025-11-13 04:54:21,379 - UnicodeAnalyzer - INFO - Filtrati 21 file (es. in /dist, /test).
2025-11-13 04:54:21,596 - UnicodeAnalyzer - INFO - -> Analizzando versione 0.58.5 (1200/2377)...
2025-11-13 04:54:21,688 - UnicodeAnalyzer - INFO - Filtrati 21 file (es. in /dist, /test).
2025-11-13 04:54:21,912 - UnicodeAnalyzer - INFO - -> Analizzando versione 0.58.6 (1201/2377)...
2025-11-13 04:54:22,011 - UnicodeAnalyzer - INFO - Filtrati 21 file (es. in /dist, /test).
2025-11-13 04:54:22,204 - UnicodeAnalyzer - INFO - -> Analizzando versione 0.59.0 (1202/2377)...
2025-11-13 04:54:22,296 - UnicodeAnalyzer - INFO - Filtrati 22 file (es. in /dist, /test).
2025-11-13 04:54:22,493 - UnicodeAnalyzer - INFO - -> Analizzando versione 0.59.0-rc.0 (1203/2377)...
2025-11-13 04:54:22,585 - UnicodeAnalyzer - INFO - Filtrati 22 file (es. in /dist, /test).
2025-11-13 04:54:22,810 - UnicodeAnalyzer - INFO - -> Analizzando versione 0.59.0-rc.1 (1204/2377)...
2025-11-13 04:54:22,895 - UnicodeAnalyzer - INFO - Filtrati 22 file (es. in /dist, /test).
2025-11-13 04:54:23,090 - UnicodeAnalyzer - INFO - -> Analizzando versione 0.59.0-rc.2 (1205/2377)...
2025-11-13 04:54:23,174 - UnicodeAnalyzer - INFO - Filtrati 22 file (es. in /dist, /test).
2025-11-13 04:54:23,375 - UnicodeAnalyzer - INFO - -> Analizzando versione 0.59.0-rc.3 (1206/2377)...
2025-11-13 04:54:23,460 - UnicodeAnalyzer - INFO - Filtrati 22 file (es. in /dist, /test).
2025-11-13 04:54:23,664 - UnicodeAnalyzer - INFO - -> Analizzando versione 0.59.1 (1207/2377)...
2025-11-13 04:54:23,761 - UnicodeAnalyzer - INFO - Filtrati 22 file (es. in /dist, /test).
2025-11-13 04:54:23,962 - UnicodeAnalyzer - INFO - -> Analizzando versione 0.59.10 (1208/2377)...
2025-11-13 04:54:24,066 - UnicodeAnalyzer - INFO - Filtrati 21 file (es. in /dist, /test).
2025-11-13 04:54:24,268 - UnicodeAnalyzer - INFO - -> Analizzando versione 0.59.2 (1209/2377)...
2025-11-13 04:54:24,366 - UnicodeAnalyzer - INFO - Filtrati 22 file (es. in /dist, /test).
2025-11-13 04:54:24,573 - UnicodeAnalyzer - INFO - -> Analizzando versione 0.59.3 (1210/2377)...
2025-11-13 04:54:24,673 - UnicodeAnalyzer - INFO - Filtrati 22 file (es. in /dist, /test).
2025-11-13 04:54:24,869 - UnicodeAnalyzer - INFO - -> Analizzando versione 0.59.4 (1211/2377)...
2025-11-13 04:54:24,947 - UnicodeAnalyzer - INFO - Filtrati 22 file (es. in /dist, /test).
2025-11-13 04:54:25,147 - UnicodeAnalyzer - INFO - -> Analizzando versione 0.59.5 (1212/2377)...
2025-11-13 04:54:25,249 - UnicodeAnalyzer - INFO - Filtrati 22 file (es. in /dist, /test).
2025-11-13 04:54:25,443 - UnicodeAnalyzer - INFO - -> Analizzando versione 0.59.6 (1213/2377)...
2025-11-13 04:54:25,543 - UnicodeAnalyzer - INFO - Filtrati 22 file (es. in /dist, /test).
2025-11-13 04:54:25,741 - UnicodeAnalyzer - INFO - -> Analizzando versione 0.59.7 (1214/2377)...
2025-11-13 04:54:25,839 - UnicodeAnalyzer - INFO - Filtrati 21 file (es. in /dist, /test).
2025-11-13 04:54:26,063 - UnicodeAnalyzer - INFO - -> Analizzando versione 0.59.8 (1215/2377)...
2025-11-13 04:54:26,150 - UnicodeAnalyzer - INFO - Filtrati 21 file (es. in /dist, /test).
2025-11-13 04:54:26,348 - UnicodeAnalyzer - INFO - -> Analizzando versione 0.59.9 (1216/2377)...
2025-11-13 04:54:26,436 - UnicodeAnalyzer - INFO - Filtrati 21 file (es. in /dist, /test).
2025-11-13 04:54:26,650 - UnicodeAnalyzer - INFO - -> Analizzando versione 0.6.0 (1217/2377)...
2025-11-13 04:54:26,678 - UnicodeAnalyzer - INFO - Filtrati 40 file (es. in /dist, /test).
2025-11-13 04:54:26,816 - UnicodeAnalyzer - INFO - -> Analizzando versione 0.6.0-rc (1218/2377)...
2025-11-13 04:54:26,847 - UnicodeAnalyzer - INFO - Filtrati 40 file (es. in /dist, /test).
2025-11-13 04:54:26,985 - UnicodeAnalyzer - INFO - -> Analizzando versione 0.60.0 (1219/2377)...
2025-11-13 04:54:27,079 - UnicodeAnalyzer - INFO - Filtrati 20 file (es. in /dist, /test).
2025-11-13 04:54:27,321 - UnicodeAnalyzer - INFO - -> Analizzando versione 0.60.0-rc.0 (1220/2377)...
2025-11-13 04:54:27,407 - UnicodeAnalyzer - INFO - Filtrati 21 file (es. in /dist, /test).
2025-11-13 04:54:27,649 - UnicodeAnalyzer - INFO - -> Analizzando versione 0.60.0-rc.1 (1221/2377)...
2025-11-13 04:54:27,742 - UnicodeAnalyzer - INFO - Filtrati 20 file (es. in /dist, /test).
2025-11-13 04:54:27,972 - UnicodeAnalyzer - INFO - -> Analizzando versione 0.60.0-rc.2 (1222/2377)...
2025-11-13 04:54:28,054 - UnicodeAnalyzer - INFO - Filtrati 20 file (es. in /dist, /test).
2025-11-13 04:54:28,291 - UnicodeAnalyzer - INFO - -> Analizzando versione 0.60.0-rc.3 (1223/2377)...
2025-11-13 04:54:28,374 - UnicodeAnalyzer - INFO - Filtrati 20 file (es. in /dist, /test).
2025-11-13 04:54:28,623 - UnicodeAnalyzer - INFO - -> Analizzando versione 0.60.1 (1224/2377)...
2025-11-13 04:54:28,706 - UnicodeAnalyzer - INFO - Filtrati 20 file (es. in /dist, /test).
2025-11-13 04:54:28,903 - UnicodeAnalyzer - INFO - -> Analizzando versione 0.60.2 (1225/2377)...
2025-11-13 04:54:28,985 - UnicodeAnalyzer - INFO - Filtrati 20 file (es. in /dist, /test).
2025-11-13 04:54:29,210 - UnicodeAnalyzer - INFO - -> Analizzando versione 0.60.3 (1226/2377)...
2025-11-13 04:54:29,310 - UnicodeAnalyzer - INFO - Filtrati 20 file (es. in /dist, /test).
2025-11-13 04:54:29,504 - UnicodeAnalyzer - INFO - -> Analizzando versione 0.60.4 (1227/2377)...
2025-11-13 04:54:29,601 - UnicodeAnalyzer - INFO - Filtrati 20 file (es. in /dist, /test).
2025-11-13 04:54:29,815 - UnicodeAnalyzer - INFO - -> Analizzando versione 0.60.5 (1228/2377)...
2025-11-13 04:54:29,904 - UnicodeAnalyzer - INFO - Filtrati 20 file (es. in /dist, /test).
2025-11-13 04:54:30,093 - UnicodeAnalyzer - INFO - -> Analizzando versione 0.60.6 (1229/2377)...
2025-11-13 04:54:30,181 - UnicodeAnalyzer - INFO - Filtrati 20 file (es. in /dist, /test).
2025-11-13 04:54:30,367 - UnicodeAnalyzer - INFO - -> Analizzando versione 0.61.0 (1230/2377)...
2025-11-13 04:54:30,455 - UnicodeAnalyzer - INFO - Filtrati 17 file (es. in /dist, /test).
2025-11-13 04:54:30,764 - UnicodeAnalyzer - INFO - -> Analizzando versione 0.61.0-rc.0 (1231/2377)...
2025-11-13 04:54:30,852 - UnicodeAnalyzer - INFO - Filtrati 17 file (es. in /dist, /test).
2025-11-13 04:54:31,216 - UnicodeAnalyzer - INFO - -> Analizzando versione 0.61.0-rc.2 (1232/2377)...
2025-11-13 04:54:31,308 - UnicodeAnalyzer - INFO - Filtrati 17 file (es. in /dist, /test).
2025-11-13 04:54:31,617 - UnicodeAnalyzer - INFO - -> Analizzando versione 0.61.0-rc.3 (1233/2377)...
2025-11-13 04:54:31,704 - UnicodeAnalyzer - INFO - Filtrati 17 file (es. in /dist, /test).
2025-11-13 04:54:32,066 - UnicodeAnalyzer - INFO - -> Analizzando versione 0.61.1 (1234/2377)...
2025-11-13 04:54:32,161 - UnicodeAnalyzer - INFO - Filtrati 17 file (es. in /dist, /test).
2025-11-13 04:54:32,499 - UnicodeAnalyzer - INFO - -> Analizzando versione 0.61.2 (1235/2377)...
2025-11-13 04:54:32,589 - UnicodeAnalyzer - INFO - Filtrati 17 file (es. in /dist, /test).
2025-11-13 04:54:32,888 - UnicodeAnalyzer - INFO - -> Analizzando versione 0.61.3 (1236/2377)...
2025-11-13 04:54:32,976 - UnicodeAnalyzer - INFO - Filtrati 17 file (es. in /dist, /test).
2025-11-13 04:54:33,317 - UnicodeAnalyzer - INFO - -> Analizzando versione 0.61.4 (1237/2377)...
2025-11-13 04:54:33,404 - UnicodeAnalyzer - INFO - Filtrati 17 file (es. in /dist, /test).
2025-11-13 04:54:33,735 - UnicodeAnalyzer - INFO - -> Analizzando versione 0.61.5 (1238/2377)...
2025-11-13 04:54:33,818 - UnicodeAnalyzer - INFO - Filtrati 17 file (es. in /dist, /test).
2025-11-13 04:54:34,128 - UnicodeAnalyzer - INFO - -> Analizzando versione 0.62.0 (1239/2377)...
2025-11-13 04:54:34,216 - UnicodeAnalyzer - INFO - Filtrati 5 file (es. in /dist, /test).
2025-11-13 04:54:34,533 - UnicodeAnalyzer - INFO - -> Analizzando versione 0.62.0-rc.0 (1240/2377)...
2025-11-13 04:54:34,623 - UnicodeAnalyzer - INFO - Filtrati 5 file (es. in /dist, /test).
2025-11-13 04:54:34,952 - UnicodeAnalyzer - INFO - -> Analizzando versione 0.62.0-rc.1 (1241/2377)...
2025-11-13 04:54:35,044 - UnicodeAnalyzer - INFO - Filtrati 5 file (es. in /dist, /test).
2025-11-13 04:54:35,372 - UnicodeAnalyzer - INFO - -> Analizzando versione 0.62.0-rc.2 (1242/2377)...
2025-11-13 04:54:35,462 - UnicodeAnalyzer - INFO - Filtrati 5 file (es. in /dist, /test).
2025-11-13 04:54:35,786 - UnicodeAnalyzer - INFO - -> Analizzando versione 0.62.0-rc.3 (1243/2377)...
2025-11-13 04:54:35,866 - UnicodeAnalyzer - INFO - Filtrati 5 file (es. in /dist, /test).
2025-11-13 04:54:36,218 - UnicodeAnalyzer - INFO - -> Analizzando versione 0.62.0-rc.4 (1244/2377)...
2025-11-13 04:54:36,306 - UnicodeAnalyzer - INFO - Filtrati 5 file (es. in /dist, /test).
2025-11-13 04:54:36,640 - UnicodeAnalyzer - INFO - -> Analizzando versione 0.62.0-rc.5 (1245/2377)...
2025-11-13 04:54:36,727 - UnicodeAnalyzer - INFO - Filtrati 5 file (es. in /dist, /test).
2025-11-13 04:54:37,060 - UnicodeAnalyzer - INFO - -> Analizzando versione 0.62.1 (1246/2377)...
2025-11-13 04:54:37,142 - UnicodeAnalyzer - INFO - Filtrati 5 file (es. in /dist, /test).
2025-11-13 04:54:37,485 - UnicodeAnalyzer - INFO - -> Analizzando versione 0.62.2 (1247/2377)...
2025-11-13 04:54:37,570 - UnicodeAnalyzer - INFO - Filtrati 5 file (es. in /dist, /test).
2025-11-13 04:54:37,888 - UnicodeAnalyzer - INFO - -> Analizzando versione 0.62.3 (1248/2377)...
2025-11-13 04:54:37,976 - UnicodeAnalyzer - INFO - Filtrati 5 file (es. in /dist, /test).
2025-11-13 04:54:38,363 - UnicodeAnalyzer - INFO - -> Analizzando versione 0.63.0 (1249/2377)...
2025-11-13 04:54:38,413 - UnicodeAnalyzer - INFO - Filtrati 5 file (es. in /dist, /test).
2025-11-13 04:54:38,672 - UnicodeAnalyzer - INFO - -> Analizzando versione 0.63.0-rc.0 (1250/2377)...
2025-11-13 04:54:38,759 - UnicodeAnalyzer - INFO - Filtrati 5 file (es. in /dist, /test).
2025-11-13 04:54:39,042 - UnicodeAnalyzer - INFO - -> Analizzando versione 0.63.0-rc.1 (1251/2377)...
2025-11-13 04:54:39,131 - UnicodeAnalyzer - INFO - Filtrati 5 file (es. in /dist, /test).
2025-11-13 04:54:39,412 - UnicodeAnalyzer - INFO - -> Analizzando versione 0.63.1 (1252/2377)...
2025-11-13 04:54:39,452 - UnicodeAnalyzer - INFO - Filtrati 5 file (es. in /dist, /test).
2025-11-13 04:54:39,708 - UnicodeAnalyzer - INFO - -> Analizzando versione 0.63.2 (1253/2377)...
2025-11-13 04:54:39,750 - UnicodeAnalyzer - INFO - Filtrati 5 file (es. in /dist, /test).
2025-11-13 04:54:40,038 - UnicodeAnalyzer - INFO - -> Analizzando versione 0.63.3 (1254/2377)...
2025-11-13 04:54:40,078 - UnicodeAnalyzer - INFO - Filtrati 5 file (es. in /dist, /test).
2025-11-13 04:54:40,337 - UnicodeAnalyzer - INFO - -> Analizzando versione 0.63.4 (1255/2377)...
2025-11-13 04:54:40,421 - UnicodeAnalyzer - INFO - Filtrati 5 file (es. in /dist, /test).
2025-11-13 04:54:40,673 - UnicodeAnalyzer - INFO - -> Analizzando versione 0.63.5 (1256/2377)...
2025-11-13 04:54:40,714 - UnicodeAnalyzer - INFO - Filtrati 5 file (es. in /dist, /test).
2025-11-13 04:54:40,981 - UnicodeAnalyzer - INFO - -> Analizzando versione 0.64.0 (1257/2377)...
2025-11-13 04:54:41,078 - UnicodeAnalyzer - INFO - Filtrati 6 file (es. in /dist, /test).
2025-11-13 04:54:41,389 - UnicodeAnalyzer - INFO - -> Analizzando versione 0.64.0-rc.0 (1258/2377)...
2025-11-13 04:54:41,448 - UnicodeAnalyzer - INFO - Filtrati 6 file (es. in /dist, /test).
2025-11-13 04:54:41,789 - UnicodeAnalyzer - INFO - -> Analizzando versione 0.64.0-rc.1 (1259/2377)...
2025-11-13 04:54:41,844 - UnicodeAnalyzer - INFO - Filtrati 6 file (es. in /dist, /test).
2025-11-13 04:54:42,190 - UnicodeAnalyzer - INFO - -> Analizzando versione 0.64.0-rc.2 (1260/2377)...
2025-11-13 04:54:42,284 - UnicodeAnalyzer - INFO - Filtrati 6 file (es. in /dist, /test).
2025-11-13 04:54:42,597 - UnicodeAnalyzer - INFO - -> Analizzando versione 0.64.0-rc.3 (1261/2377)...
2025-11-13 04:54:42,691 - UnicodeAnalyzer - INFO - Filtrati 6 file (es. in /dist, /test).
2025-11-13 04:54:43,026 - UnicodeAnalyzer - INFO - -> Analizzando versione 0.64.0-rc.4 (1262/2377)...
2025-11-13 04:54:43,123 - UnicodeAnalyzer - INFO - Filtrati 6 file (es. in /dist, /test).
2025-11-13 04:54:43,437 - UnicodeAnalyzer - INFO - -> Analizzando versione 0.64.1 (1263/2377)...
2025-11-13 04:54:43,541 - UnicodeAnalyzer - INFO - Filtrati 6 file (es. in /dist, /test).
2025-11-13 04:54:43,875 - UnicodeAnalyzer - INFO - -> Analizzando versione 0.64.2 (1264/2377)...
2025-11-13 04:54:43,973 - UnicodeAnalyzer - INFO - Filtrati 6 file (es. in /dist, /test).
2025-11-13 04:54:44,312 - UnicodeAnalyzer - INFO - -> Analizzando versione 0.64.3 (1265/2377)...
2025-11-13 04:54:44,411 - UnicodeAnalyzer - INFO - Filtrati 6 file (es. in /dist, /test).
2025-11-13 04:54:44,726 - UnicodeAnalyzer - INFO - -> Analizzando versione 0.64.4 (1266/2377)...
2025-11-13 04:54:44,766 - UnicodeAnalyzer - INFO - Filtrati 6 file (es. in /dist, /test).
2025-11-13 04:54:45,102 - UnicodeAnalyzer - INFO - -> Analizzando versione 0.65.0 (1267/2377)...
2025-11-13 04:54:45,199 - UnicodeAnalyzer - INFO - Filtrati 8 file (es. in /dist, /test).
2025-11-13 04:54:45,499 - UnicodeAnalyzer - INFO - -> Analizzando versione 0.65.0-rc.0 (1268/2377)...
2025-11-13 04:54:45,601 - UnicodeAnalyzer - INFO - Filtrati 8 file (es. in /dist, /test).
2025-11-13 04:54:45,924 - UnicodeAnalyzer - INFO - -> Analizzando versione 0.65.0-rc.1 (1269/2377)...
2025-11-13 04:54:46,031 - UnicodeAnalyzer - INFO - Filtrati 8 file (es. in /dist, /test).
2025-11-13 04:54:46,339 - UnicodeAnalyzer - INFO - -> Analizzando versione 0.65.0-rc.2 (1270/2377)...
2025-11-13 04:54:46,431 - UnicodeAnalyzer - INFO - Filtrati 8 file (es. in /dist, /test).
2025-11-13 04:54:46,759 - UnicodeAnalyzer - INFO - -> Analizzando versione 0.65.0-rc.3 (1271/2377)...
2025-11-13 04:54:46,858 - UnicodeAnalyzer - INFO - Filtrati 8 file (es. in /dist, /test).
2025-11-13 04:54:47,185 - UnicodeAnalyzer - INFO - -> Analizzando versione 0.65.0-rc.4 (1272/2377)...
2025-11-13 04:54:47,282 - UnicodeAnalyzer - INFO - Filtrati 8 file (es. in /dist, /test).
2025-11-13 04:54:47,593 - UnicodeAnalyzer - INFO - -> Analizzando versione 0.65.1 (1273/2377)...
2025-11-13 04:54:47,686 - UnicodeAnalyzer - INFO - Filtrati 8 file (es. in /dist, /test).
2025-11-13 04:54:47,995 - UnicodeAnalyzer - INFO - -> Analizzando versione 0.65.2 (1274/2377)...
2025-11-13 04:54:48,094 - UnicodeAnalyzer - INFO - Filtrati 8 file (es. in /dist, /test).
2025-11-13 04:54:48,407 - UnicodeAnalyzer - INFO - -> Analizzando versione 0.65.3 (1275/2377)...
2025-11-13 04:54:48,451 - UnicodeAnalyzer - INFO - Filtrati 8 file (es. in /dist, /test).
2025-11-13 04:54:48,786 - UnicodeAnalyzer - INFO - -> Analizzando versione 0.66.0 (1276/2377)...
2025-11-13 04:54:48,880 - UnicodeAnalyzer - INFO - Filtrati 8 file (es. in /dist, /test).
2025-11-13 04:54:49,157 - UnicodeAnalyzer - INFO - -> Analizzando versione 0.66.0-rc.0 (1277/2377)...
2025-11-13 04:54:49,260 - UnicodeAnalyzer - INFO - Filtrati 8 file (es. in /dist, /test).
2025-11-13 04:54:49,555 - UnicodeAnalyzer - INFO - -> Analizzando versione 0.66.0-rc.1 (1278/2377)...
2025-11-13 04:54:49,650 - UnicodeAnalyzer - INFO - Filtrati 8 file (es. in /dist, /test).
2025-11-13 04:54:49,944 - UnicodeAnalyzer - INFO - -> Analizzando versione 0.66.0-rc.2 (1279/2377)...
2025-11-13 04:54:50,043 - UnicodeAnalyzer - INFO - Filtrati 8 file (es. in /dist, /test).
2025-11-13 04:54:50,317 - UnicodeAnalyzer - INFO - -> Analizzando versione 0.66.0-rc.3 (1280/2377)...
2025-11-13 04:54:50,417 - UnicodeAnalyzer - INFO - Filtrati 8 file (es. in /dist, /test).
2025-11-13 04:54:50,689 - UnicodeAnalyzer - INFO - -> Analizzando versione 0.66.0-rc.4 (1281/2377)...
2025-11-13 04:54:50,784 - UnicodeAnalyzer - INFO - Filtrati 8 file (es. in /dist, /test).
2025-11-13 04:54:51,088 - UnicodeAnalyzer - INFO - -> Analizzando versione 0.66.1 (1282/2377)...
2025-11-13 04:54:51,183 - UnicodeAnalyzer - INFO - Filtrati 8 file (es. in /dist, /test).
2025-11-13 04:54:51,460 - UnicodeAnalyzer - INFO - -> Analizzando versione 0.66.2 (1283/2377)...
2025-11-13 04:54:51,556 - UnicodeAnalyzer - INFO - Filtrati 8 file (es. in /dist, /test).
2025-11-13 04:54:51,849 - UnicodeAnalyzer - INFO - -> Analizzando versione 0.66.3 (1284/2377)...
2025-11-13 04:54:51,944 - UnicodeAnalyzer - INFO - Filtrati 8 file (es. in /dist, /test).
2025-11-13 04:54:52,220 - UnicodeAnalyzer - INFO - -> Analizzando versione 0.66.4 (1285/2377)...
2025-11-13 04:54:52,263 - UnicodeAnalyzer - INFO - Filtrati 8 file (es. in /dist, /test).
2025-11-13 04:54:52,538 - UnicodeAnalyzer - INFO - -> Analizzando versione 0.66.5 (1286/2377)...
2025-11-13 04:54:52,581 - UnicodeAnalyzer - INFO - Filtrati 8 file (es. in /dist, /test).
2025-11-13 04:54:52,863 - UnicodeAnalyzer - INFO - -> Analizzando versione 0.67.0 (1287/2377)...
2025-11-13 04:54:52,905 - UnicodeAnalyzer - INFO - Filtrati 8 file (es. in /dist, /test).
2025-11-13 04:54:53,226 - UnicodeAnalyzer - INFO - -> Analizzando versione 0.67.0-rc.0 (1288/2377)...
2025-11-13 04:54:53,288 - UnicodeAnalyzer - INFO - Filtrati 8 file (es. in /dist, /test).
2025-11-13 04:54:53,600 - UnicodeAnalyzer - INFO - -> Analizzando versione 0.67.0-rc.1 (1289/2377)...
2025-11-13 04:54:53,696 - UnicodeAnalyzer - INFO - Filtrati 8 file (es. in /dist, /test).
2025-11-13 04:54:54,018 - UnicodeAnalyzer - INFO - -> Analizzando versione 0.67.0-rc.2 (1290/2377)...
2025-11-13 04:54:54,116 - UnicodeAnalyzer - INFO - Filtrati 8 file (es. in /dist, /test).
2025-11-13 04:54:54,440 - UnicodeAnalyzer - INFO - -> Analizzando versione 0.67.0-rc.3 (1291/2377)...
2025-11-13 04:54:54,537 - UnicodeAnalyzer - INFO - Filtrati 8 file (es. in /dist, /test).
2025-11-13 04:54:54,862 - UnicodeAnalyzer - INFO - -> Analizzando versione 0.67.0-rc.4 (1292/2377)...
2025-11-13 04:54:54,925 - UnicodeAnalyzer - INFO - Filtrati 8 file (es. in /dist, /test).
2025-11-13 04:54:55,246 - UnicodeAnalyzer - INFO - -> Analizzando versione 0.67.0-rc.5 (1293/2377)...
2025-11-13 04:54:55,289 - UnicodeAnalyzer - INFO - Filtrati 8 file (es. in /dist, /test).
2025-11-13 04:54:55,609 - UnicodeAnalyzer - INFO - -> Analizzando versione 0.67.0-rc.6 (1294/2377)...
2025-11-13 04:54:55,654 - UnicodeAnalyzer - INFO - Filtrati 8 file (es. in /dist, /test).
2025-11-13 04:54:55,977 - UnicodeAnalyzer - INFO - -> Analizzando versione 0.67.1 (1295/2377)...
2025-11-13 04:54:56,021 - UnicodeAnalyzer - INFO - Filtrati 8 file (es. in /dist, /test).
2025-11-13 04:54:56,356 - UnicodeAnalyzer - INFO - -> Analizzando versione 0.67.2 (1296/2377)...
2025-11-13 04:54:56,400 - UnicodeAnalyzer - INFO - Filtrati 8 file (es. in /dist, /test).
2025-11-13 04:54:56,716 - UnicodeAnalyzer - INFO - -> Analizzando versione 0.67.3 (1297/2377)...
2025-11-13 04:54:56,757 - UnicodeAnalyzer - INFO - Filtrati 8 file (es. in /dist, /test).
2025-11-13 04:54:57,108 - UnicodeAnalyzer - INFO - -> Analizzando versione 0.67.4 (1298/2377)...
2025-11-13 04:54:57,152 - UnicodeAnalyzer - INFO - Filtrati 8 file (es. in /dist, /test).
2025-11-13 04:54:57,488 - UnicodeAnalyzer - INFO - -> Analizzando versione 0.67.5 (1299/2377)...
2025-11-13 04:54:57,530 - UnicodeAnalyzer - INFO - Filtrati 8 file (es. in /dist, /test).
2025-11-13 04:54:57,847 - UnicodeAnalyzer - INFO - -> Analizzando versione 0.68.0 (1300/2377)...
2025-11-13 04:54:57,889 - UnicodeAnalyzer - INFO - Filtrati 8 file (es. in /dist, /test).
2025-11-13 04:54:58,215 - UnicodeAnalyzer - INFO - -> Analizzando versione 0.68.0-rc.0 (1301/2377)...
2025-11-13 04:54:58,258 - UnicodeAnalyzer - INFO - Filtrati 8 file (es. in /dist, /test).
2025-11-13 04:54:58,589 - UnicodeAnalyzer - INFO - -> Analizzando versione 0.68.0-rc.1 (1302/2377)...
2025-11-13 04:54:58,632 - UnicodeAnalyzer - INFO - Filtrati 8 file (es. in /dist, /test).
2025-11-13 04:54:58,969 - UnicodeAnalyzer - INFO - -> Analizzando versione 0.68.0-rc.2 (1303/2377)...
2025-11-13 04:54:59,011 - UnicodeAnalyzer - INFO - Filtrati 8 file (es. in /dist, /test).
2025-11-13 04:54:59,339 - UnicodeAnalyzer - INFO - -> Analizzando versione 0.68.0-rc.3 (1304/2377)...
2025-11-13 04:54:59,381 - UnicodeAnalyzer - INFO - Filtrati 8 file (es. in /dist, /test).
2025-11-13 04:54:59,691 - UnicodeAnalyzer - INFO - -> Analizzando versione 0.68.0-rc.4 (1305/2377)...
2025-11-13 04:54:59,732 - UnicodeAnalyzer - INFO - Filtrati 8 file (es. in /dist, /test).
2025-11-13 04:55:00,051 - UnicodeAnalyzer - INFO - -> Analizzando versione 0.68.1 (1306/2377)...
2025-11-13 04:55:00,097 - UnicodeAnalyzer - INFO - Filtrati 8 file (es. in /dist, /test).
2025-11-13 04:55:00,404 - UnicodeAnalyzer - INFO - -> Analizzando versione 0.68.2 (1307/2377)...
2025-11-13 04:55:00,451 - UnicodeAnalyzer - INFO - Filtrati 8 file (es. in /dist, /test).
2025-11-13 04:55:00,794 - UnicodeAnalyzer - INFO - -> Analizzando versione 0.68.3 (1308/2377)...
2025-11-13 04:55:00,838 - UnicodeAnalyzer - INFO - Filtrati 8 file (es. in /dist, /test).
2025-11-13 04:55:01,175 - UnicodeAnalyzer - INFO - -> Analizzando versione 0.68.4 (1309/2377)...
2025-11-13 04:55:01,216 - UnicodeAnalyzer - INFO - Filtrati 8 file (es. in /dist, /test).
2025-11-13 04:55:01,514 - UnicodeAnalyzer - INFO - -> Analizzando versione 0.68.5 (1310/2377)...
2025-11-13 04:55:01,556 - UnicodeAnalyzer - INFO - Filtrati 8 file (es. in /dist, /test).
2025-11-13 04:55:01,889 - UnicodeAnalyzer - INFO - -> Analizzando versione 0.68.6 (1311/2377)...
2025-11-13 04:55:01,934 - UnicodeAnalyzer - INFO - Filtrati 8 file (es. in /dist, /test).
2025-11-13 04:55:02,254 - UnicodeAnalyzer - INFO - -> Analizzando versione 0.68.7 (1312/2377)...
2025-11-13 04:55:02,297 - UnicodeAnalyzer - INFO - Filtrati 8 file (es. in /dist, /test).
2025-11-13 04:55:02,633 - UnicodeAnalyzer - INFO - -> Analizzando versione 0.69.0 (1313/2377)...
2025-11-13 04:55:02,678 - UnicodeAnalyzer - INFO - Filtrati 8 file (es. in /dist, /test).
2025-11-13 04:55:02,945 - UnicodeAnalyzer - INFO - -> Analizzando versione 0.69.0-rc.0 (1314/2377)...
2025-11-13 04:55:02,988 - UnicodeAnalyzer - INFO - Filtrati 8 file (es. in /dist, /test).
2025-11-13 04:55:03,257 - UnicodeAnalyzer - INFO - -> Analizzando versione 0.69.0-rc.1 (1315/2377)...
2025-11-13 04:55:03,301 - UnicodeAnalyzer - INFO - Filtrati 8 file (es. in /dist, /test).
2025-11-13 04:55:03,580 - UnicodeAnalyzer - INFO - -> Analizzando versione 0.69.0-rc.2 (1316/2377)...
2025-11-13 04:55:03,622 - UnicodeAnalyzer - INFO - Filtrati 8 file (es. in /dist, /test).
2025-11-13 04:55:03,896 - UnicodeAnalyzer - INFO - -> Analizzando versione 0.69.0-rc.3 (1317/2377)...
2025-11-13 04:55:03,938 - UnicodeAnalyzer - INFO - Filtrati 8 file (es. in /dist, /test).
2025-11-13 04:55:04,254 - UnicodeAnalyzer - INFO - -> Analizzando versione 0.69.0-rc.4 (1318/2377)...
2025-11-13 04:55:04,298 - UnicodeAnalyzer - INFO - Filtrati 8 file (es. in /dist, /test).
2025-11-13 04:55:04,583 - UnicodeAnalyzer - INFO - -> Analizzando versione 0.69.0-rc.5 (1319/2377)...
2025-11-13 04:55:04,653 - UnicodeAnalyzer - INFO - Filtrati 8 file (es. in /dist, /test).
2025-11-13 04:55:04,973 - UnicodeAnalyzer - INFO - -> Analizzando versione 0.69.0-rc.6 (1320/2377)...
2025-11-13 04:55:05,018 - UnicodeAnalyzer - INFO - Filtrati 8 file (es. in /dist, /test).
2025-11-13 04:55:05,294 - UnicodeAnalyzer - INFO - -> Analizzando versione 0.69.1 (1321/2377)...
2025-11-13 04:55:05,342 - UnicodeAnalyzer - INFO - Filtrati 8 file (es. in /dist, /test).
2025-11-13 04:55:05,617 - UnicodeAnalyzer - INFO - -> Analizzando versione 0.69.10 (1322/2377)...
2025-11-13 04:55:05,660 - UnicodeAnalyzer - INFO - Filtrati 8 file (es. in /dist, /test).
2025-11-13 04:55:05,930 - UnicodeAnalyzer - INFO - -> Analizzando versione 0.69.11 (1323/2377)...
2025-11-13 04:55:05,975 - UnicodeAnalyzer - INFO - Filtrati 8 file (es. in /dist, /test).
2025-11-13 04:55:06,278 - UnicodeAnalyzer - INFO - -> Analizzando versione 0.69.12 (1324/2377)...
2025-11-13 04:55:06,320 - UnicodeAnalyzer - INFO - Filtrati 8 file (es. in /dist, /test).
2025-11-13 04:55:06,593 - UnicodeAnalyzer - INFO - -> Analizzando versione 0.69.2 (1325/2377)...
2025-11-13 04:55:06,640 - UnicodeAnalyzer - INFO - Filtrati 8 file (es. in /dist, /test).
2025-11-13 04:55:06,908 - UnicodeAnalyzer - INFO - -> Analizzando versione 0.69.3 (1326/2377)...
2025-11-13 04:55:06,951 - UnicodeAnalyzer - INFO - Filtrati 8 file (es. in /dist, /test).
2025-11-13 04:55:07,250 - UnicodeAnalyzer - INFO - -> Analizzando versione 0.69.4 (1327/2377)...
2025-11-13 04:55:07,292 - UnicodeAnalyzer - INFO - Filtrati 8 file (es. in /dist, /test).
2025-11-13 04:55:07,572 - UnicodeAnalyzer - INFO - -> Analizzando versione 0.69.5 (1328/2377)...
2025-11-13 04:55:07,614 - UnicodeAnalyzer - INFO - Filtrati 8 file (es. in /dist, /test).
2025-11-13 04:55:07,890 - UnicodeAnalyzer - INFO - -> Analizzando versione 0.69.6 (1329/2377)...
2025-11-13 04:55:07,931 - UnicodeAnalyzer - INFO - Filtrati 8 file (es. in /dist, /test).
2025-11-13 04:55:08,202 - UnicodeAnalyzer - INFO - -> Analizzando versione 0.69.7 (1330/2377)...
2025-11-13 04:55:08,244 - UnicodeAnalyzer - INFO - Filtrati 8 file (es. in /dist, /test).
2025-11-13 04:55:08,524 - UnicodeAnalyzer - INFO - -> Analizzando versione 0.69.8 (1331/2377)...
2025-11-13 04:55:08,568 - UnicodeAnalyzer - INFO - Filtrati 8 file (es. in /dist, /test).
2025-11-13 04:55:08,857 - UnicodeAnalyzer - INFO - -> Analizzando versione 0.69.9 (1332/2377)...
2025-11-13 04:55:08,898 - UnicodeAnalyzer - INFO - Filtrati 8 file (es. in /dist, /test).
2025-11-13 04:55:09,171 - UnicodeAnalyzer - INFO - -> Analizzando versione 0.7.0-rc (1333/2377)...
2025-11-13 04:55:09,199 - UnicodeAnalyzer - INFO - Filtrati 40 file (es. in /dist, /test).
2025-11-13 04:55:09,351 - UnicodeAnalyzer - INFO - -> Analizzando versione 0.7.0-rc.2 (1334/2377)...
2025-11-13 04:55:09,385 - UnicodeAnalyzer - INFO - Filtrati 40 file (es. in /dist, /test).
2025-11-13 04:55:09,531 - UnicodeAnalyzer - INFO - -> Analizzando versione 0.7.1 (1335/2377)...
2025-11-13 04:55:09,566 - UnicodeAnalyzer - INFO - Filtrati 40 file (es. in /dist, /test).
2025-11-13 04:55:09,711 - UnicodeAnalyzer - INFO - -> Analizzando versione 0.70.0 (1336/2377)...
2025-11-13 04:55:09,756 - UnicodeAnalyzer - INFO - Filtrati 3 file (es. in /dist, /test).
2025-11-13 04:55:10,058 - UnicodeAnalyzer - INFO - -> Analizzando versione 0.70.0-rc.0 (1337/2377)...
2025-11-13 04:55:10,099 - UnicodeAnalyzer - INFO - Filtrati 3 file (es. in /dist, /test).
2025-11-13 04:55:10,412 - UnicodeAnalyzer - INFO - -> Analizzando versione 0.70.0-rc.1 (1338/2377)...
2025-11-13 04:55:10,453 - UnicodeAnalyzer - INFO - Filtrati 3 file (es. in /dist, /test).
2025-11-13 04:55:10,747 - UnicodeAnalyzer - INFO - -> Analizzando versione 0.70.0-rc.2 (1339/2377)...
2025-11-13 04:55:10,787 - UnicodeAnalyzer - INFO - Filtrati 3 file (es. in /dist, /test).
2025-11-13 04:55:11,059 - UnicodeAnalyzer - INFO - -> Analizzando versione 0.70.0-rc.3 (1340/2377)...
2025-11-13 04:55:11,100 - UnicodeAnalyzer - INFO - Filtrati 3 file (es. in /dist, /test).
2025-11-13 04:55:11,397 - UnicodeAnalyzer - INFO - -> Analizzando versione 0.70.0-rc.4 (1341/2377)...
2025-11-13 04:55:11,436 - UnicodeAnalyzer - INFO - Filtrati 3 file (es. in /dist, /test).
2025-11-13 04:55:11,725 - UnicodeAnalyzer - INFO - -> Analizzando versione 0.70.1 (1342/2377)...
2025-11-13 04:55:11,762 - UnicodeAnalyzer - INFO - Filtrati 3 file (es. in /dist, /test).
2025-11-13 04:55:12,057 - UnicodeAnalyzer - INFO - -> Analizzando versione 0.70.10 (1343/2377)...
2025-11-13 04:55:12,096 - UnicodeAnalyzer - INFO - Filtrati 3 file (es. in /dist, /test).
2025-11-13 04:55:12,367 - UnicodeAnalyzer - INFO - -> Analizzando versione 0.70.11 (1344/2377)...
2025-11-13 04:55:12,404 - UnicodeAnalyzer - INFO - Filtrati 3 file (es. in /dist, /test).
2025-11-13 04:55:12,676 - UnicodeAnalyzer - INFO - -> Analizzando versione 0.70.12 (1345/2377)...
2025-11-13 04:55:12,715 - UnicodeAnalyzer - INFO - Filtrati 3 file (es. in /dist, /test).
2025-11-13 04:55:12,989 - UnicodeAnalyzer - INFO - -> Analizzando versione 0.70.13 (1346/2377)...
2025-11-13 04:55:13,030 - UnicodeAnalyzer - INFO - Filtrati 3 file (es. in /dist, /test).
2025-11-13 04:55:13,308 - UnicodeAnalyzer - INFO - -> Analizzando versione 0.70.14 (1347/2377)...
2025-11-13 04:55:13,346 - UnicodeAnalyzer - INFO - Filtrati 3 file (es. in /dist, /test).
2025-11-13 04:55:13,640 - UnicodeAnalyzer - INFO - -> Analizzando versione 0.70.15 (1348/2377)...
2025-11-13 04:55:13,678 - UnicodeAnalyzer - INFO - Filtrati 3 file (es. in /dist, /test).
2025-11-13 04:55:13,976 - UnicodeAnalyzer - INFO - -> Analizzando versione 0.70.2 (1349/2377)...
2025-11-13 04:55:14,014 - UnicodeAnalyzer - INFO - Filtrati 3 file (es. in /dist, /test).
2025-11-13 04:55:14,287 - UnicodeAnalyzer - INFO - -> Analizzando versione 0.70.3 (1350/2377)...
2025-11-13 04:55:14,325 - UnicodeAnalyzer - INFO - Filtrati 3 file (es. in /dist, /test).
2025-11-13 04:55:14,596 - UnicodeAnalyzer - INFO - -> Analizzando versione 0.70.4 (1351/2377)...
2025-11-13 04:55:14,634 - UnicodeAnalyzer - INFO - Filtrati 3 file (es. in /dist, /test).
2025-11-13 04:55:14,913 - UnicodeAnalyzer - INFO - -> Analizzando versione 0.70.5 (1352/2377)...
2025-11-13 04:55:14,952 - UnicodeAnalyzer - INFO - Filtrati 3 file (es. in /dist, /test).
2025-11-13 04:55:15,245 - UnicodeAnalyzer - INFO - -> Analizzando versione 0.70.6 (1353/2377)...
2025-11-13 04:55:15,283 - UnicodeAnalyzer - INFO - Filtrati 3 file (es. in /dist, /test).
2025-11-13 04:55:15,562 - UnicodeAnalyzer - INFO - -> Analizzando versione 0.70.7 (1354/2377)...
2025-11-13 04:55:15,602 - UnicodeAnalyzer - INFO - Filtrati 3 file (es. in /dist, /test).
2025-11-13 04:55:15,876 - UnicodeAnalyzer - INFO - -> Analizzando versione 0.70.8 (1355/2377)...
2025-11-13 04:55:15,913 - UnicodeAnalyzer - INFO - Filtrati 3 file (es. in /dist, /test).
2025-11-13 04:55:16,188 - UnicodeAnalyzer - INFO - -> Analizzando versione 0.70.9 (1356/2377)...
2025-11-13 04:55:16,227 - UnicodeAnalyzer - INFO - Filtrati 3 file (es. in /dist, /test).
2025-11-13 04:55:16,521 - UnicodeAnalyzer - INFO - -> Analizzando versione 0.71.0 (1357/2377)...
2025-11-13 04:55:16,561 - UnicodeAnalyzer - INFO - Filtrati 3 file (es. in /dist, /test).
2025-11-13 04:55:16,858 - UnicodeAnalyzer - INFO - -> Analizzando versione 0.71.0-rc.0 (1358/2377)...
2025-11-13 04:55:16,896 - UnicodeAnalyzer - INFO - Filtrati 3 file (es. in /dist, /test).
2025-11-13 04:55:17,193 - UnicodeAnalyzer - INFO - -> Analizzando versione 0.71.0-rc.1 (1359/2377)...
2025-11-13 04:55:17,231 - UnicodeAnalyzer - INFO - Filtrati 3 file (es. in /dist, /test).
2025-11-13 04:55:17,494 - UnicodeAnalyzer - INFO - -> Analizzando versione 0.71.0-rc.2 (1360/2377)...
2025-11-13 04:55:17,531 - UnicodeAnalyzer - INFO - Filtrati 3 file (es. in /dist, /test).
2025-11-13 04:55:17,788 - UnicodeAnalyzer - INFO - -> Analizzando versione 0.71.0-rc.3 (1361/2377)...
2025-11-13 04:55:17,827 - UnicodeAnalyzer - INFO - Filtrati 3 file (es. in /dist, /test).
2025-11-13 04:55:18,102 - UnicodeAnalyzer - INFO - -> Analizzando versione 0.71.0-rc.4 (1362/2377)...
2025-11-13 04:55:18,140 - UnicodeAnalyzer - INFO - Filtrati 3 file (es. in /dist, /test).
2025-11-13 04:55:18,441 - UnicodeAnalyzer - INFO - -> Analizzando versione 0.71.0-rc.5 (1363/2377)...
2025-11-13 04:55:18,479 - UnicodeAnalyzer - INFO - Filtrati 3 file (es. in /dist, /test).
2025-11-13 04:55:18,761 - UnicodeAnalyzer - INFO - -> Analizzando versione 0.71.0-rc.6 (1364/2377)...
2025-11-13 04:55:18,800 - UnicodeAnalyzer - INFO - Filtrati 3 file (es. in /dist, /test).
2025-11-13 04:55:19,064 - UnicodeAnalyzer - INFO - -> Analizzando versione 0.71.1 (1365/2377)...
2025-11-13 04:55:19,103 - UnicodeAnalyzer - INFO - Filtrati 3 file (es. in /dist, /test).
2025-11-13 04:55:19,365 - UnicodeAnalyzer - INFO - -> Analizzando versione 0.71.10 (1366/2377)...
2025-11-13 04:55:19,404 - UnicodeAnalyzer - INFO - Filtrati 3 file (es. in /dist, /test).
2025-11-13 04:55:19,665 - UnicodeAnalyzer - INFO - -> Analizzando versione 0.71.11 (1367/2377)...
2025-11-13 04:55:19,705 - UnicodeAnalyzer - INFO - Filtrati 3 file (es. in /dist, /test).
2025-11-13 04:55:19,967 - UnicodeAnalyzer - INFO - -> Analizzando versione 0.71.12 (1368/2377)...
2025-11-13 04:55:20,007 - UnicodeAnalyzer - INFO - Filtrati 3 file (es. in /dist, /test).
2025-11-13 04:55:20,267 - UnicodeAnalyzer - INFO - -> Analizzando versione 0.71.13 (1369/2377)...
2025-11-13 04:55:20,304 - UnicodeAnalyzer - INFO - Filtrati 3 file (es. in /dist, /test).
2025-11-13 04:55:20,567 - UnicodeAnalyzer - INFO - -> Analizzando versione 0.71.14 (1370/2377)...
2025-11-13 04:55:20,604 - UnicodeAnalyzer - INFO - Filtrati 3 file (es. in /dist, /test).
2025-11-13 04:55:20,866 - UnicodeAnalyzer - INFO - -> Analizzando versione 0.71.15 (1371/2377)...
2025-11-13 04:55:20,904 - UnicodeAnalyzer - INFO - Filtrati 3 file (es. in /dist, /test).
2025-11-13 04:55:21,169 - UnicodeAnalyzer - INFO - -> Analizzando versione 0.71.16 (1372/2377)...
2025-11-13 04:55:21,208 - UnicodeAnalyzer - INFO - Filtrati 3 file (es. in /dist, /test).
2025-11-13 04:55:21,468 - UnicodeAnalyzer - INFO - -> Analizzando versione 0.71.17 (1373/2377)...
2025-11-13 04:55:21,507 - UnicodeAnalyzer - INFO - Filtrati 3 file (es. in /dist, /test).
2025-11-13 04:55:21,779 - UnicodeAnalyzer - INFO - -> Analizzando versione 0.71.18 (1374/2377)...
2025-11-13 04:55:21,817 - UnicodeAnalyzer - INFO - Filtrati 3 file (es. in /dist, /test).
2025-11-13 04:55:22,082 - UnicodeAnalyzer - INFO - -> Analizzando versione 0.71.19 (1375/2377)...
2025-11-13 04:55:22,121 - UnicodeAnalyzer - INFO - Filtrati 3 file (es. in /dist, /test).
2025-11-13 04:55:22,389 - UnicodeAnalyzer - INFO - -> Analizzando versione 0.71.2 (1376/2377)...
2025-11-13 04:55:22,427 - UnicodeAnalyzer - INFO - Filtrati 3 file (es. in /dist, /test).
2025-11-13 04:55:22,690 - UnicodeAnalyzer - INFO - -> Analizzando versione 0.71.3 (1377/2377)...
2025-11-13 04:55:22,727 - UnicodeAnalyzer - INFO - Filtrati 3 file (es. in /dist, /test).
2025-11-13 04:55:22,996 - UnicodeAnalyzer - INFO - -> Analizzando versione 0.71.4 (1378/2377)...
2025-11-13 04:55:23,035 - UnicodeAnalyzer - INFO - Filtrati 3 file (es. in /dist, /test).
2025-11-13 04:55:23,319 - UnicodeAnalyzer - INFO - -> Analizzando versione 0.71.5 (1379/2377)...
2025-11-13 04:55:23,357 - UnicodeAnalyzer - INFO - Filtrati 3 file (es. in /dist, /test).
2025-11-13 04:55:23,643 - UnicodeAnalyzer - INFO - -> Analizzando versione 0.71.6 (1380/2377)...
2025-11-13 04:55:23,680 - UnicodeAnalyzer - INFO - Filtrati 3 file (es. in /dist, /test).
2025-11-13 04:55:23,950 - UnicodeAnalyzer - INFO - -> Analizzando versione 0.71.7 (1381/2377)...
2025-11-13 04:55:23,990 - UnicodeAnalyzer - INFO - Filtrati 3 file (es. in /dist, /test).
2025-11-13 04:55:24,254 - UnicodeAnalyzer - INFO - -> Analizzando versione 0.71.8 (1382/2377)...
2025-11-13 04:55:24,292 - UnicodeAnalyzer - INFO - Filtrati 3 file (es. in /dist, /test).
2025-11-13 04:55:24,559 - UnicodeAnalyzer - INFO - -> Analizzando versione 0.71.9 (1383/2377)...
2025-11-13 04:55:24,599 - UnicodeAnalyzer - INFO - Filtrati 3 file (es. in /dist, /test).
2025-11-13 04:55:24,867 - UnicodeAnalyzer - INFO - -> Analizzando versione 0.72.0 (1384/2377)...
2025-11-13 04:55:24,909 - UnicodeAnalyzer - INFO - Filtrati 3 file (es. in /dist, /test).
2025-11-13 04:55:25,184 - UnicodeAnalyzer - INFO - -> Analizzando versione 0.72.0-rc.0 (1385/2377)...
2025-11-13 04:55:25,223 - UnicodeAnalyzer - INFO - Filtrati 3 file (es. in /dist, /test).
2025-11-13 04:55:25,500 - UnicodeAnalyzer - INFO - -> Analizzando versione 0.72.0-rc.1 (1386/2377)...
2025-11-13 04:55:25,539 - UnicodeAnalyzer - INFO - Filtrati 3 file (es. in /dist, /test).
2025-11-13 04:55:25,841 - UnicodeAnalyzer - INFO - -> Analizzando versione 0.72.0-rc.2 (1387/2377)...
2025-11-13 04:55:25,881 - UnicodeAnalyzer - INFO - Filtrati 3 file (es. in /dist, /test).
2025-11-13 04:55:26,159 - UnicodeAnalyzer - INFO - -> Analizzando versione 0.72.0-rc.3 (1388/2377)...
2025-11-13 04:55:26,199 - UnicodeAnalyzer - INFO - Filtrati 3 file (es. in /dist, /test).
2025-11-13 04:55:26,480 - UnicodeAnalyzer - INFO - -> Analizzando versione 0.72.0-rc.4 (1389/2377)...
2025-11-13 04:55:26,520 - UnicodeAnalyzer - INFO - Filtrati 3 file (es. in /dist, /test).
2025-11-13 04:55:26,802 - UnicodeAnalyzer - INFO - -> Analizzando versione 0.72.0-rc.5 (1390/2377)...
2025-11-13 04:55:26,842 - UnicodeAnalyzer - INFO - Filtrati 3 file (es. in /dist, /test).
2025-11-13 04:55:27,145 - UnicodeAnalyzer - INFO - -> Analizzando versione 0.72.0-rc.6 (1391/2377)...
2025-11-13 04:55:27,186 - UnicodeAnalyzer - INFO - Filtrati 3 file (es. in /dist, /test).
2025-11-13 04:55:27,468 - UnicodeAnalyzer - INFO - -> Analizzando versione 0.72.1 (1392/2377)...
2025-11-13 04:55:27,513 - UnicodeAnalyzer - INFO - Filtrati 3 file (es. in /dist, /test).
2025-11-13 04:55:27,787 - UnicodeAnalyzer - INFO - -> Analizzando versione 0.72.10 (1393/2377)...
2025-11-13 04:55:27,825 - UnicodeAnalyzer - INFO - Filtrati 3 file (es. in /dist, /test).
2025-11-13 04:55:28,107 - UnicodeAnalyzer - INFO - -> Analizzando versione 0.72.11 (1394/2377)...
2025-11-13 04:55:28,151 - UnicodeAnalyzer - INFO - Filtrati 3 file (es. in /dist, /test).
2025-11-13 04:55:28,454 - UnicodeAnalyzer - INFO - -> Analizzando versione 0.72.12 (1395/2377)...
2025-11-13 04:55:28,495 - UnicodeAnalyzer - INFO - Filtrati 3 file (es. in /dist, /test).
2025-11-13 04:55:28,775 - UnicodeAnalyzer - INFO - -> Analizzando versione 0.72.13 (1396/2377)...
2025-11-13 04:55:28,813 - UnicodeAnalyzer - INFO - Filtrati 3 file (es. in /dist, /test).
2025-11-13 04:55:29,109 - UnicodeAnalyzer - INFO - -> Analizzando versione 0.72.14 (1397/2377)...
2025-11-13 04:55:29,149 - UnicodeAnalyzer - INFO - Filtrati 3 file (es. in /dist, /test).
2025-11-13 04:55:29,448 - UnicodeAnalyzer - INFO - -> Analizzando versione 0.72.15 (1398/2377)...
2025-11-13 04:55:29,487 - UnicodeAnalyzer - INFO - Filtrati 3 file (es. in /dist, /test).
2025-11-13 04:55:29,765 - UnicodeAnalyzer - INFO - -> Analizzando versione 0.72.17 (1399/2377)...
2025-11-13 04:55:29,804 - UnicodeAnalyzer - INFO - Filtrati 3 file (es. in /dist, /test).
2025-11-13 04:55:30,088 - UnicodeAnalyzer - INFO - -> Analizzando versione 0.72.2 (1400/2377)...
2025-11-13 04:55:30,127 - UnicodeAnalyzer - INFO - Filtrati 3 file (es. in /dist, /test).
2025-11-13 04:55:30,408 - UnicodeAnalyzer - INFO - -> Analizzando versione 0.72.3 (1401/2377)...
2025-11-13 04:55:30,447 - UnicodeAnalyzer - INFO - Filtrati 3 file (es. in /dist, /test).
2025-11-13 04:55:30,725 - UnicodeAnalyzer - INFO - -> Analizzando versione 0.72.4 (1402/2377)...
2025-11-13 04:55:30,766 - UnicodeAnalyzer - INFO - Filtrati 3 file (es. in /dist, /test).
2025-11-13 04:55:31,048 - UnicodeAnalyzer - INFO - -> Analizzando versione 0.72.5 (1403/2377)...
2025-11-13 04:55:31,087 - UnicodeAnalyzer - INFO - Filtrati 3 file (es. in /dist, /test).
2025-11-13 04:55:31,369 - UnicodeAnalyzer - INFO - -> Analizzando versione 0.72.6 (1404/2377)...
2025-11-13 04:55:31,407 - UnicodeAnalyzer - INFO - Filtrati 3 file (es. in /dist, /test).
2025-11-13 04:55:31,683 - UnicodeAnalyzer - INFO - -> Analizzando versione 0.72.7 (1405/2377)...
2025-11-13 04:55:31,723 - UnicodeAnalyzer - INFO - Filtrati 3 file (es. in /dist, /test).
2025-11-13 04:55:31,999 - UnicodeAnalyzer - INFO - -> Analizzando versione 0.72.8 (1406/2377)...
2025-11-13 04:55:32,039 - UnicodeAnalyzer - INFO - Filtrati 3 file (es. in /dist, /test).
2025-11-13 04:55:32,336 - UnicodeAnalyzer - INFO - -> Analizzando versione 0.72.9 (1407/2377)...
2025-11-13 04:55:32,374 - UnicodeAnalyzer - INFO - Filtrati 3 file (es. in /dist, /test).
2025-11-13 04:55:32,685 - UnicodeAnalyzer - INFO - -> Analizzando versione 0.73.0 (1408/2377)...
2025-11-13 04:55:32,730 - UnicodeAnalyzer - INFO - Filtrati 3 file (es. in /dist, /test).
2025-11-13 04:55:33,027 - UnicodeAnalyzer - INFO - -> Analizzando versione 0.73.0-nightly-20230506-1af868c52 (1409/2377)...
2025-11-13 04:55:33,068 - UnicodeAnalyzer - INFO - Filtrati 3 file (es. in /dist, /test).
2025-11-13 04:55:33,296 - UnicodeAnalyzer - INFO - -> Analizzando versione 0.73.0-nightly-20230507-e1876af92 (1410/2377)...
2025-11-13 04:55:33,344 - UnicodeAnalyzer - INFO - Filtrati 3 file (es. in /dist, /test).
2025-11-13 04:55:33,567 - UnicodeAnalyzer - INFO - -> Analizzando versione 0.73.0-nightly-20230508-17f8c2d12 (1411/2377)...
2025-11-13 04:55:33,616 - UnicodeAnalyzer - INFO - Filtrati 3 file (es. in /dist, /test).
2025-11-13 04:55:33,830 - UnicodeAnalyzer - INFO - -> Analizzando versione 0.73.0-nightly-20230509-9cceb43c5 (1412/2377)...
2025-11-13 04:55:33,871 - UnicodeAnalyzer - INFO - Filtrati 3 file (es. in /dist, /test).
2025-11-13 04:55:34,097 - UnicodeAnalyzer - INFO - -> Analizzando versione 0.73.0-nightly-20230510-61fc1a579 (1413/2377)...
2025-11-13 04:55:34,147 - UnicodeAnalyzer - INFO - Filtrati 3 file (es. in /dist, /test).
2025-11-13 04:55:34,383 - UnicodeAnalyzer - INFO - -> Analizzando versione 0.73.0-nightly-20230511-92fc503d5 (1414/2377)...
2025-11-13 04:55:34,432 - UnicodeAnalyzer - INFO - Filtrati 3 file (es. in /dist, /test).
2025-11-13 04:55:34,646 - UnicodeAnalyzer - INFO - -> Analizzando versione 0.73.0-nightly-20230512-e98547009 (1415/2377)...
2025-11-13 04:55:34,696 - UnicodeAnalyzer - INFO - Filtrati 3 file (es. in /dist, /test).
2025-11-13 04:55:34,915 - UnicodeAnalyzer - INFO - -> Analizzando versione 0.73.0-nightly-20230513-02ec60bd3 (1416/2377)...
2025-11-13 04:55:34,955 - UnicodeAnalyzer - INFO - Filtrati 3 file (es. in /dist, /test).
2025-11-13 04:55:35,178 - UnicodeAnalyzer - INFO - -> Analizzando versione 0.73.0-nightly-20230514-02ec60bd3 (1417/2377)...
2025-11-13 04:55:35,227 - UnicodeAnalyzer - INFO - Filtrati 3 file (es. in /dist, /test).
2025-11-13 04:55:35,443 - UnicodeAnalyzer - INFO - -> Analizzando versione 0.73.0-nightly-20230515-066f0b76d (1418/2377)...
2025-11-13 04:55:35,493 - UnicodeAnalyzer - INFO - Filtrati 3 file (es. in /dist, /test).
2025-11-13 04:55:35,730 - UnicodeAnalyzer - INFO - -> Analizzando versione 0.73.0-nightly-20230516-eb0db6f9f (1419/2377)...
2025-11-13 04:55:35,770 - UnicodeAnalyzer - INFO - Filtrati 3 file (es. in /dist, /test).
2025-11-13 04:55:35,985 - UnicodeAnalyzer - INFO - -> Analizzando versione 0.73.0-nightly-20230517-012e4bd65 (1420/2377)...
2025-11-13 04:55:36,025 - UnicodeAnalyzer - INFO - Filtrati 3 file (es. in /dist, /test).
2025-11-13 04:55:36,257 - UnicodeAnalyzer - INFO - -> Analizzando versione 0.73.0-nightly-20230519-de1e9f5d1 (1421/2377)...
2025-11-13 04:55:36,297 - UnicodeAnalyzer - INFO - Filtrati 3 file (es. in /dist, /test).
2025-11-13 04:55:36,512 - UnicodeAnalyzer - INFO - -> Analizzando versione 0.73.0-nightly-20230519-fd92341cc (1422/2377)...
2025-11-13 04:55:36,553 - UnicodeAnalyzer - INFO - Filtrati 3 file (es. in /dist, /test).
2025-11-13 04:55:36,777 - UnicodeAnalyzer - INFO - -> Analizzando versione 0.73.0-nightly-20230521-6d24ee13a (1423/2377)...
2025-11-13 04:55:36,828 - UnicodeAnalyzer - INFO - Filtrati 3 file (es. in /dist, /test).
2025-11-13 04:55:37,049 - UnicodeAnalyzer - INFO - -> Analizzando versione 0.73.0-nightly-20230522-d470dee0c (1424/2377)...
2025-11-13 04:55:37,100 - UnicodeAnalyzer - INFO - Filtrati 3 file (es. in /dist, /test).
2025-11-13 04:55:37,319 - UnicodeAnalyzer - INFO - -> Analizzando versione 0.73.0-nightly-20230524-be8af2274 (1425/2377)...
2025-11-13 04:55:37,362 - UnicodeAnalyzer - INFO - Filtrati 3 file (es. in /dist, /test).
2025-11-13 04:55:37,578 - UnicodeAnalyzer - INFO - -> Analizzando versione 0.73.0-nightly-20230525-58ef9e92d (1426/2377)...
2025-11-13 04:55:37,622 - UnicodeAnalyzer - INFO - Filtrati 3 file (es. in /dist, /test).
2025-11-13 04:55:37,839 - UnicodeAnalyzer - INFO - -> Analizzando versione 0.73.0-nightly-20230526-20e66db0b (1427/2377)...
2025-11-13 04:55:37,880 - UnicodeAnalyzer - INFO - Filtrati 3 file (es. in /dist, /test).
2025-11-13 04:55:38,111 - UnicodeAnalyzer - INFO - -> Analizzando versione 0.73.0-nightly-20230527-20e66db0b (1428/2377)...
2025-11-13 04:55:38,155 - UnicodeAnalyzer - INFO - Filtrati 3 file (es. in /dist, /test).
2025-11-13 04:55:38,374 - UnicodeAnalyzer - INFO - -> Analizzando versione 0.73.0-nightly-20230528-20e66db0b (1429/2377)...
2025-11-13 04:55:38,416 - UnicodeAnalyzer - INFO - Filtrati 3 file (es. in /dist, /test).
2025-11-13 04:55:38,635 - UnicodeAnalyzer - INFO - -> Analizzando versione 0.73.0-nightly-20230529-9084ee133 (1430/2377)...
2025-11-13 04:55:38,677 - UnicodeAnalyzer - INFO - Filtrati 3 file (es. in /dist, /test).
2025-11-13 04:55:38,914 - UnicodeAnalyzer - INFO - -> Analizzando versione 0.73.0-nightly-20230530-730ca3540 (1431/2377)...
2025-11-13 04:55:38,957 - UnicodeAnalyzer - INFO - Filtrati 3 file (es. in /dist, /test).
2025-11-13 04:55:39,187 - UnicodeAnalyzer - INFO - -> Analizzando versione 0.73.0-nightly-20230531-d0fed3adb (1432/2377)...
2025-11-13 04:55:39,237 - UnicodeAnalyzer - INFO - Filtrati 3 file (es. in /dist, /test).
2025-11-13 04:55:39,456 - UnicodeAnalyzer - INFO - -> Analizzando versione 0.73.0-nightly-20230601-d9b3339ef (1433/2377)...
2025-11-13 04:55:39,507 - UnicodeAnalyzer - INFO - Filtrati 3 file (es. in /dist, /test).
2025-11-13 04:55:39,729 - UnicodeAnalyzer - INFO - -> Analizzando versione 0.73.0-nightly-20230602-e25c6632a (1434/2377)...
2025-11-13 04:55:39,770 - UnicodeAnalyzer - INFO - Filtrati 3 file (es. in /dist, /test).
2025-11-13 04:55:39,986 - UnicodeAnalyzer - INFO - -> Analizzando versione 0.73.0-nightly-20230603-fd9e295be (1435/2377)...
2025-11-13 04:55:40,027 - UnicodeAnalyzer - INFO - Filtrati 3 file (es. in /dist, /test).
2025-11-13 04:55:40,245 - UnicodeAnalyzer - INFO - -> Analizzando versione 0.73.0-nightly-20230604-2d07d5f16 (1436/2377)...
2025-11-13 04:55:40,285 - UnicodeAnalyzer - INFO - Filtrati 3 file (es. in /dist, /test).
2025-11-13 04:55:40,519 - UnicodeAnalyzer - INFO - -> Analizzando versione 0.73.0-nightly-20230605-5062553c6 (1437/2377)...
2025-11-13 04:55:40,562 - UnicodeAnalyzer - INFO - Filtrati 3 file (es. in /dist, /test).
2025-11-13 04:55:40,778 - UnicodeAnalyzer - INFO - -> Analizzando versione 0.73.0-nightly-20230606-396cdac62 (1438/2377)...
2025-11-13 04:55:40,822 - UnicodeAnalyzer - INFO - Filtrati 3 file (es. in /dist, /test).
2025-11-13 04:55:41,038 - UnicodeAnalyzer - INFO - -> Analizzando versione 0.73.0-nightly-20230607-4540668c1 (1439/2377)...
2025-11-13 04:55:41,079 - UnicodeAnalyzer - INFO - Filtrati 3 file (es. in /dist, /test).
2025-11-13 04:55:41,315 - UnicodeAnalyzer - INFO - -> Analizzando versione 0.73.0-nightly-20230608-f3c86364d (1440/2377)...
2025-11-13 04:55:41,362 - UnicodeAnalyzer - INFO - Filtrati 3 file (es. in /dist, /test).
2025-11-13 04:55:41,582 - UnicodeAnalyzer - INFO - -> Analizzando versione 0.73.0-nightly-20230609-c5e0e2d16 (1441/2377)...
2025-11-13 04:55:41,626 - UnicodeAnalyzer - INFO - Filtrati 3 file (es. in /dist, /test).
2025-11-13 04:55:41,845 - UnicodeAnalyzer - INFO - -> Analizzando versione 0.73.0-nightly-20230610-03f70bf99 (1442/2377)...
2025-11-13 04:55:41,886 - UnicodeAnalyzer - INFO - Filtrati 3 file (es. in /dist, /test).
2025-11-13 04:55:42,123 - UnicodeAnalyzer - INFO - -> Analizzando versione 0.73.0-nightly-20230611-03f70bf99 (1443/2377)...
2025-11-13 04:55:42,164 - UnicodeAnalyzer - INFO - Filtrati 3 file (es. in /dist, /test).
2025-11-13 04:55:42,394 - UnicodeAnalyzer - INFO - -> Analizzando versione 0.73.0-nightly-20230612-a300a35f2 (1444/2377)...
2025-11-13 04:55:42,441 - UnicodeAnalyzer - INFO - Filtrati 3 file (es. in /dist, /test).
2025-11-13 04:55:42,692 - UnicodeAnalyzer - INFO - -> Analizzando versione 0.73.0-nightly-20230614-b0485bed0 (1445/2377)...
2025-11-13 04:55:42,738 - UnicodeAnalyzer - INFO - Filtrati 3 file (es. in /dist, /test).
2025-11-13 04:55:43,016 - UnicodeAnalyzer - INFO - -> Analizzando versione 0.73.0-nightly-20230615-2ae163a7e (1446/2377)...
2025-11-13 04:55:43,067 - UnicodeAnalyzer - INFO - Filtrati 3 file (es. in /dist, /test).
2025-11-13 04:55:43,348 - UnicodeAnalyzer - INFO - -> Analizzando versione 0.73.0-nightly-20230616-5f8bbf2bd (1447/2377)...
2025-11-13 04:55:43,396 - UnicodeAnalyzer - INFO - Filtrati 3 file (es. in /dist, /test).
2025-11-13 04:55:43,657 - UnicodeAnalyzer - INFO - -> Analizzando versione 0.73.0-nightly-20230617-061e3245b (1448/2377)...
2025-11-13 04:55:43,703 - UnicodeAnalyzer - INFO - Filtrati 3 file (es. in /dist, /test).
2025-11-13 04:55:43,923 - UnicodeAnalyzer - INFO - -> Analizzando versione 0.73.0-nightly-20230618-564a83681 (1449/2377)...
2025-11-13 04:55:43,970 - UnicodeAnalyzer - INFO - Filtrati 3 file (es. in /dist, /test).
2025-11-13 04:55:44,203 - UnicodeAnalyzer - INFO - -> Analizzando versione 0.73.0-nightly-20230619-33deed518 (1450/2377)...
2025-11-13 04:55:44,256 - UnicodeAnalyzer - INFO - Filtrati 3 file (es. in /dist, /test).
2025-11-13 04:55:44,493 - UnicodeAnalyzer - INFO - -> Analizzando versione 0.73.0-nightly-20230620-936936ca5 (1451/2377)...
2025-11-13 04:55:44,539 - UnicodeAnalyzer - INFO - Filtrati 3 file (es. in /dist, /test).
2025-11-13 04:55:44,768 - UnicodeAnalyzer - INFO - -> Analizzando versione 0.73.0-nightly-20230622-0201e51bb (1452/2377)...
2025-11-13 04:55:44,825 - UnicodeAnalyzer - INFO - Filtrati 3 file (es. in /dist, /test).
2025-11-13 04:55:45,043 - UnicodeAnalyzer - INFO - -> Analizzando versione 0.73.0-nightly-20230623-330639f74 (1453/2377)...
2025-11-13 04:55:45,088 - UnicodeAnalyzer - INFO - Filtrati 3 file (es. in /dist, /test).
2025-11-13 04:55:45,386 - UnicodeAnalyzer - INFO - -> Analizzando versione 0.73.0-nightly-20230624-2aedda974 (1454/2377)...
2025-11-13 04:55:45,432 - UnicodeAnalyzer - INFO - Filtrati 3 file (es. in /dist, /test).
2025-11-13 04:55:45,729 - UnicodeAnalyzer - INFO - -> Analizzando versione 0.73.0-nightly-20230625-945ab0dec (1455/2377)...
2025-11-13 04:55:45,775 - UnicodeAnalyzer - INFO - Filtrati 3 file (es. in /dist, /test).
2025-11-13 04:55:46,091 - UnicodeAnalyzer - INFO - -> Analizzando versione 0.73.0-nightly-20230626-e1fd4a8fc (1456/2377)...
2025-11-13 04:55:46,139 - UnicodeAnalyzer - INFO - Filtrati 3 file (es. in /dist, /test).
2025-11-13 04:55:46,466 - UnicodeAnalyzer - INFO - -> Analizzando versione 0.73.0-nightly-20230627-6fbbe26f5 (1457/2377)...
2025-11-13 04:55:46,516 - UnicodeAnalyzer - INFO - Filtrati 3 file (es. in /dist, /test).
2025-11-13 04:55:46,803 - UnicodeAnalyzer - INFO - -> Analizzando versione 0.73.0-nightly-20230628-15d735b35 (1458/2377)...
2025-11-13 04:55:46,850 - UnicodeAnalyzer - INFO - Filtrati 3 file (es. in /dist, /test).
2025-11-13 04:55:47,151 - UnicodeAnalyzer - INFO - -> Analizzando versione 0.73.0-nightly-20230629-3f6412b93 (1459/2377)...
2025-11-13 04:55:47,199 - UnicodeAnalyzer - INFO - Filtrati 3 file (es. in /dist, /test).
2025-11-13 04:55:47,503 - UnicodeAnalyzer - INFO - -> Analizzando versione 0.73.0-nightly-20230630-5fd32d71e (1460/2377)...
2025-11-13 04:55:47,548 - UnicodeAnalyzer - INFO - Filtrati 3 file (es. in /dist, /test).
2025-11-13 04:55:47,856 - UnicodeAnalyzer - INFO - -> Analizzando versione 0.73.0-nightly-20230701-eca0d1231 (1461/2377)...
2025-11-13 04:55:47,902 - UnicodeAnalyzer - INFO - Filtrati 3 file (es. in /dist, /test).
2025-11-13 04:55:48,187 - UnicodeAnalyzer - INFO - -> Analizzando versione 0.73.0-nightly-20230702-259a31689 (1462/2377)...
2025-11-13 04:55:48,232 - UnicodeAnalyzer - INFO - Filtrati 3 file (es. in /dist, /test).
2025-11-13 04:55:48,556 - UnicodeAnalyzer - INFO - -> Analizzando versione 0.73.0-nightly-20230703-2910f87b5 (1463/2377)...
2025-11-13 04:55:48,604 - UnicodeAnalyzer - INFO - Filtrati 3 file (es. in /dist, /test).
2025-11-13 04:55:48,890 - UnicodeAnalyzer - INFO - -> Analizzando versione 0.73.0-nightly-20230704-9c0441b8a (1464/2377)...
2025-11-13 04:55:48,938 - UnicodeAnalyzer - INFO - Filtrati 3 file (es. in /dist, /test).
2025-11-13 04:55:49,733 - UnicodeAnalyzer - INFO - -> Analizzando versione 0.73.0-nightly-20230705-294b1b5a6 (1465/2377)...
2025-11-13 04:55:49,781 - UnicodeAnalyzer - INFO - Filtrati 3 file (es. in /dist, /test).
2025-11-13 04:55:50,081 - UnicodeAnalyzer - INFO - -> Analizzando versione 0.73.0-nightly-20230706-147a02039 (1466/2377)...
2025-11-13 04:55:50,127 - UnicodeAnalyzer - INFO - Filtrati 3 file (es. in /dist, /test).
2025-11-13 04:55:50,418 - UnicodeAnalyzer - INFO - -> Analizzando versione 0.73.0-nightly-20230707-170606653 (1467/2377)...
2025-11-13 04:55:50,464 - UnicodeAnalyzer - INFO - Filtrati 3 file (es. in /dist, /test).
2025-11-13 04:55:50,760 - UnicodeAnalyzer - INFO - -> Analizzando versione 0.73.0-nightly-20230708-170606653 (1468/2377)...
2025-11-13 04:55:50,809 - UnicodeAnalyzer - INFO - Filtrati 3 file (es. in /dist, /test).
2025-11-13 04:55:51,079 - UnicodeAnalyzer - INFO - -> Analizzando versione 0.73.0-nightly-20230709-50f620a1a (1469/2377)...
2025-11-13 04:55:51,127 - UnicodeAnalyzer - INFO - Filtrati 3 file (es. in /dist, /test).
2025-11-13 04:55:51,404 - UnicodeAnalyzer - INFO - -> Analizzando versione 0.73.0-nightly-20230710-43f7781c8 (1470/2377)...
2025-11-13 04:55:51,451 - UnicodeAnalyzer - INFO - Filtrati 3 file (es. in /dist, /test).
2025-11-13 04:55:51,746 - UnicodeAnalyzer - INFO - -> Analizzando versione 0.73.0-nightly-20230711-f396067cc (1471/2377)...
2025-11-13 04:55:51,792 - UnicodeAnalyzer - INFO - Filtrati 3 file (es. in /dist, /test).
2025-11-13 04:55:52,086 - UnicodeAnalyzer - INFO - -> Analizzando versione 0.73.0-nightly-20230712-6172988f4 (1472/2377)...
2025-11-13 04:55:52,135 - UnicodeAnalyzer - INFO - Filtrati 3 file (es. in /dist, /test).
2025-11-13 04:55:52,405 - UnicodeAnalyzer - INFO - -> Analizzando versione 0.73.0-nightly-20230714-4c944540f (1473/2377)...
2025-11-13 04:55:52,452 - UnicodeAnalyzer - INFO - Filtrati 3 file (es. in /dist, /test).
2025-11-13 04:55:52,754 - UnicodeAnalyzer - INFO - -> Analizzando versione 0.73.0-nightly-20230715-4c944540f (1474/2377)...
2025-11-13 04:55:52,804 - UnicodeAnalyzer - INFO - Filtrati 3 file (es. in /dist, /test).
2025-11-13 04:55:53,074 - UnicodeAnalyzer - INFO - -> Analizzando versione 0.73.0-nightly-20230716-8ab9a7767 (1475/2377)...
2025-11-13 04:55:53,123 - UnicodeAnalyzer - INFO - Filtrati 3 file (es. in /dist, /test).
2025-11-13 04:55:53,428 - UnicodeAnalyzer - INFO - -> Analizzando versione 0.73.0-nightly-20230717-eadbfb86c (1476/2377)...
2025-11-13 04:55:53,474 - UnicodeAnalyzer - INFO - Filtrati 3 file (es. in /dist, /test).
2025-11-13 04:55:53,748 - UnicodeAnalyzer - INFO - -> Analizzando versione 0.73.0-nightly-20230718-b8d60a834 (1477/2377)...
2025-11-13 04:55:53,795 - UnicodeAnalyzer - INFO - Filtrati 3 file (es. in /dist, /test).
2025-11-13 04:55:54,094 - UnicodeAnalyzer - INFO - -> Analizzando versione 0.73.0-nightly-20230719-c0b04d664 (1478/2377)...
2025-11-13 04:55:54,140 - UnicodeAnalyzer - INFO - Filtrati 3 file (es. in /dist, /test).
2025-11-13 04:55:54,417 - UnicodeAnalyzer - INFO - -> Analizzando versione 0.73.0-nightly-20230720-2669f8c38 (1479/2377)...
2025-11-13 04:55:54,463 - UnicodeAnalyzer - INFO - Filtrati 3 file (es. in /dist, /test).
2025-11-13 04:55:54,735 - UnicodeAnalyzer - INFO - -> Analizzando versione 0.73.0-nightly-20230721-ccc50ddd2 (1480/2377)...
2025-11-13 04:55:54,784 - UnicodeAnalyzer - INFO - Filtrati 3 file (es. in /dist, /test).
2025-11-13 04:55:55,084 - UnicodeAnalyzer - INFO - -> Analizzando versione 0.73.0-nightly-20230722-e6dd22c62 (1481/2377)...
2025-11-13 04:55:55,132 - UnicodeAnalyzer - INFO - Filtrati 3 file (es. in /dist, /test).
2025-11-13 04:55:55,445 - UnicodeAnalyzer - INFO - -> Analizzando versione 0.73.0-nightly-20230723-2b9349177 (1482/2377)...
2025-11-13 04:55:55,494 - UnicodeAnalyzer - INFO - Filtrati 3 file (es. in /dist, /test).
2025-11-13 04:55:55,773 - UnicodeAnalyzer - INFO - -> Analizzando versione 0.73.0-nightly-20230724-75f458891 (1483/2377)...
2025-11-13 04:55:55,819 - UnicodeAnalyzer - INFO - Filtrati 3 file (es. in /dist, /test).
2025-11-13 04:55:56,112 - UnicodeAnalyzer - INFO - -> Analizzando versione 0.73.0-nightly-20230725-e64756ae5 (1484/2377)...
2025-11-13 04:55:56,161 - UnicodeAnalyzer - INFO - Filtrati 3 file (es. in /dist, /test).
2025-11-13 04:55:56,476 - UnicodeAnalyzer - INFO - -> Analizzando versione 0.73.0-nightly-20230726-bae63d492 (1485/2377)...
2025-11-13 04:55:56,523 - UnicodeAnalyzer - INFO - Filtrati 3 file (es. in /dist, /test).
2025-11-13 04:55:56,800 - UnicodeAnalyzer - INFO - -> Analizzando versione 0.73.0-nightly-20230727-d380bb847 (1486/2377)...
2025-11-13 04:55:56,848 - UnicodeAnalyzer - INFO - Filtrati 3 file (es. in /dist, /test).
2025-11-13 04:55:57,126 - UnicodeAnalyzer - INFO - -> Analizzando versione 0.73.0-nightly-20230728-c168a4f88 (1487/2377)...
2025-11-13 04:55:57,175 - UnicodeAnalyzer - INFO - Filtrati 3 file (es. in /dist, /test).
2025-11-13 04:55:57,446 - UnicodeAnalyzer - INFO - -> Analizzando versione 0.73.0-nightly-20230729-265f72f6d (1488/2377)...
2025-11-13 04:55:57,497 - UnicodeAnalyzer - INFO - Filtrati 3 file (es. in /dist, /test).
2025-11-13 04:55:57,796 - UnicodeAnalyzer - INFO - -> Analizzando versione 0.73.0-nightly-20230730-cbf9408dd (1489/2377)...
2025-11-13 04:55:57,843 - UnicodeAnalyzer - INFO - Filtrati 3 file (es. in /dist, /test).
2025-11-13 04:55:58,118 - UnicodeAnalyzer - INFO - -> Analizzando versione 0.73.0-nightly-20230731-b0a8d45e2 (1490/2377)...
2025-11-13 04:55:58,167 - UnicodeAnalyzer - INFO - Filtrati 3 file (es. in /dist, /test).
2025-11-13 04:55:58,442 - UnicodeAnalyzer - INFO - -> Analizzando versione 0.73.0-nightly-20230807-2bf59c764 (1491/2377)...
2025-11-13 04:55:58,490 - UnicodeAnalyzer - INFO - Filtrati 3 file (es. in /dist, /test).
2025-11-13 04:55:58,787 - UnicodeAnalyzer - INFO - -> Analizzando versione 0.73.0-nightly-20230807-f9a63ec00 (1492/2377)...
2025-11-13 04:55:58,834 - UnicodeAnalyzer - INFO - Filtrati 3 file (es. in /dist, /test).
2025-11-13 04:55:59,128 - UnicodeAnalyzer - INFO - -> Analizzando versione 0.73.0-nightly-20230808-93d9248e0 (1493/2377)...
2025-11-13 04:55:59,179 - UnicodeAnalyzer - INFO - Filtrati 3 file (es. in /dist, /test).
2025-11-13 04:55:59,458 - UnicodeAnalyzer - INFO - -> Analizzando versione 0.73.0-nightly-20230809-695a03e21 (1494/2377)...
2025-11-13 04:55:59,506 - UnicodeAnalyzer - INFO - Filtrati 3 file (es. in /dist, /test).
2025-11-13 04:55:59,778 - UnicodeAnalyzer - INFO - -> Analizzando versione 0.73.0-nightly-20230809-8ccd07aa0 (1495/2377)...
2025-11-13 04:55:59,825 - UnicodeAnalyzer - INFO - Filtrati 3 file (es. in /dist, /test).
2025-11-13 04:56:00,101 - UnicodeAnalyzer - INFO - -> Analizzando versione 0.73.0-nightly-20230809-cb60e5c67 (1496/2377)...
2025-11-13 04:56:00,150 - UnicodeAnalyzer - INFO - Filtrati 3 file (es. in /dist, /test).
2025-11-13 04:56:00,460 - UnicodeAnalyzer - INFO - -> Analizzando versione 0.73.0-nightly-20230810-85eb2c95d (1497/2377)...
2025-11-13 04:56:00,509 - UnicodeAnalyzer - INFO - Filtrati 3 file (es. in /dist, /test).
2025-11-13 04:56:00,791 - UnicodeAnalyzer - INFO - -> Analizzando versione 0.73.0-nightly-20230811-68c7cfe62 (1498/2377)...
2025-11-13 04:56:00,844 - UnicodeAnalyzer - INFO - Filtrati 3 file (es. in /dist, /test).
2025-11-13 04:56:01,149 - UnicodeAnalyzer - INFO - -> Analizzando versione 0.73.0-nightly-20230812-ae88aef12 (1499/2377)...
2025-11-13 04:56:01,200 - UnicodeAnalyzer - INFO - Filtrati 3 file (es. in /dist, /test).
2025-11-13 04:56:01,501 - UnicodeAnalyzer - INFO - -> Analizzando versione 0.73.0-nightly-20230813-0279a7074 (1500/2377)...
2025-11-13 04:56:01,551 - UnicodeAnalyzer - INFO - Filtrati 3 file (es. in /dist, /test).
2025-11-13 04:56:01,852 - UnicodeAnalyzer - INFO - -> Analizzando versione 0.73.0-nightly-20230814-a978d343a (1501/2377)...
2025-11-13 04:56:01,903 - UnicodeAnalyzer - INFO - Filtrati 3 file (es. in /dist, /test).
2025-11-13 04:56:02,188 - UnicodeAnalyzer - INFO - -> Analizzando versione 0.73.0-nightly-20230815-3b43d56f3 (1502/2377)...
2025-11-13 04:56:02,235 - UnicodeAnalyzer - INFO - Filtrati 3 file (es. in /dist, /test).
2025-11-13 04:56:02,533 - UnicodeAnalyzer - INFO - -> Analizzando versione 0.73.0-nightly-20230816-676676c95 (1503/2377)...
2025-11-13 04:56:02,581 - UnicodeAnalyzer - INFO - Filtrati 3 file (es. in /dist, /test).
2025-11-13 04:56:02,858 - UnicodeAnalyzer - INFO - -> Analizzando versione 0.73.0-nightly-20230817-17f957aad (1504/2377)...
2025-11-13 04:56:02,905 - UnicodeAnalyzer - INFO - Filtrati 3 file (es. in /dist, /test).
2025-11-13 04:56:03,183 - UnicodeAnalyzer - INFO - -> Analizzando versione 0.73.0-nightly-20230818-4deb29ae1 (1505/2377)...
2025-11-13 04:56:03,233 - UnicodeAnalyzer - INFO - Filtrati 3 file (es. in /dist, /test).
2025-11-13 04:56:03,506 - UnicodeAnalyzer - INFO - -> Analizzando versione 0.73.0-nightly-20230819-84e593429 (1506/2377)...
2025-11-13 04:56:03,554 - UnicodeAnalyzer - INFO - Filtrati 3 file (es. in /dist, /test).
2025-11-13 04:56:03,833 - UnicodeAnalyzer - INFO - -> Analizzando versione 0.73.0-nightly-20230820-eb3d5a4b8 (1507/2377)...
2025-11-13 04:56:03,887 - UnicodeAnalyzer - INFO - Filtrati 3 file (es. in /dist, /test).
2025-11-13 04:56:04,236 - UnicodeAnalyzer - INFO - -> Analizzando versione 0.73.0-nightly-20230821-80685d52b (1508/2377)...
2025-11-13 04:56:04,286 - UnicodeAnalyzer - INFO - Filtrati 3 file (es. in /dist, /test).
2025-11-13 04:56:04,568 - UnicodeAnalyzer - INFO - -> Analizzando versione 0.73.0-nightly-20230822-4f7cdd572 (1509/2377)...
2025-11-13 04:56:04,614 - UnicodeAnalyzer - INFO - Filtrati 3 file (es. in /dist, /test).
2025-11-13 04:56:04,888 - UnicodeAnalyzer - INFO - -> Analizzando versione 0.73.0-nightly-20230823-0b6e9bf0d (1510/2377)...
2025-11-13 04:56:04,938 - UnicodeAnalyzer - INFO - Filtrati 3 file (es. in /dist, /test).
2025-11-13 04:56:05,214 - UnicodeAnalyzer - INFO - -> Analizzando versione 0.73.0-nightly-20230824-10a076f6e (1511/2377)...
2025-11-13 04:56:05,261 - UnicodeAnalyzer - INFO - Filtrati 3 file (es. in /dist, /test).
2025-11-13 04:56:05,537 - UnicodeAnalyzer - INFO - -> Analizzando versione 0.73.0-nightly-20230825-18c4cb119 (1512/2377)...
2025-11-13 04:56:05,583 - UnicodeAnalyzer - INFO - Filtrati 3 file (es. in /dist, /test).
2025-11-13 04:56:05,883 - UnicodeAnalyzer - INFO - -> Analizzando versione 0.73.0-nightly-20230826-246b5cf41 (1513/2377)...
2025-11-13 04:56:05,933 - UnicodeAnalyzer - INFO - Filtrati 3 file (es. in /dist, /test).
2025-11-13 04:56:06,227 - UnicodeAnalyzer - INFO - -> Analizzando versione 0.73.0-nightly-20230827-ef7ab56c3 (1514/2377)...
2025-11-13 04:56:06,277 - UnicodeAnalyzer - INFO - Filtrati 3 file (es. in /dist, /test).
2025-11-13 04:56:06,591 - UnicodeAnalyzer - INFO - -> Analizzando versione 0.73.0-nightly-20230828-ef7ab56c3 (1515/2377)...
2025-11-13 04:56:06,641 - UnicodeAnalyzer - INFO - Filtrati 3 file (es. in /dist, /test).
2025-11-13 04:56:06,957 - UnicodeAnalyzer - INFO - -> Analizzando versione 0.73.0-nightly-20230829-f60c5ddc4 (1516/2377)...
2025-11-13 04:56:07,002 - UnicodeAnalyzer - INFO - Filtrati 3 file (es. in /dist, /test).
2025-11-13 04:56:07,278 - UnicodeAnalyzer - INFO - -> Analizzando versione 0.73.0-nightly-20230830-5f1404de0 (1517/2377)...
2025-11-13 04:56:07,324 - UnicodeAnalyzer - INFO - Filtrati 3 file (es. in /dist, /test).
2025-11-13 04:56:07,602 - UnicodeAnalyzer - INFO - -> Analizzando versione 0.73.0-nightly-20230831-a5fd0f17e (1518/2377)...
2025-11-13 04:56:07,648 - UnicodeAnalyzer - INFO - Filtrati 3 file (es. in /dist, /test).
2025-11-13 04:56:07,930 - UnicodeAnalyzer - INFO - -> Analizzando versione 0.73.0-nightly-20230901-5f40f0800 (1519/2377)...
2025-11-13 04:56:07,977 - UnicodeAnalyzer - INFO - Filtrati 3 file (es. in /dist, /test).
2025-11-13 04:56:08,255 - UnicodeAnalyzer - INFO - -> Analizzando versione 0.73.0-nightly-20230902-7a0d2a06f (1520/2377)...
2025-11-13 04:56:08,302 - UnicodeAnalyzer - INFO - Filtrati 3 file (es. in /dist, /test).
2025-11-13 04:56:08,601 - UnicodeAnalyzer - INFO - -> Analizzando versione 0.73.0-nightly-20230903-041f459d8 (1521/2377)...
2025-11-13 04:56:08,648 - UnicodeAnalyzer - INFO - Filtrati 3 file (es. in /dist, /test).
2025-11-13 04:56:08,948 - UnicodeAnalyzer - INFO - -> Analizzando versione 0.73.0-nightly-20230904-3ec22c1e6 (1522/2377)...
2025-11-13 04:56:08,997 - UnicodeAnalyzer - INFO - Filtrati 3 file (es. in /dist, /test).
2025-11-13 04:56:09,276 - UnicodeAnalyzer - INFO - -> Analizzando versione 0.73.0-nightly-20230905-a04a91838 (1523/2377)...
2025-11-13 04:56:09,324 - UnicodeAnalyzer - INFO - Filtrati 3 file (es. in /dist, /test).
2025-11-13 04:56:09,624 - UnicodeAnalyzer - INFO - -> Analizzando versione 0.73.0-nightly-20230906-ef3e771a2 (1524/2377)...
2025-11-13 04:56:09,671 - UnicodeAnalyzer - INFO - Filtrati 3 file (es. in /dist, /test).
2025-11-13 04:56:09,968 - UnicodeAnalyzer - INFO - -> Analizzando versione 0.73.0-nightly-20230907-eb5e7b20b (1525/2377)...
2025-11-13 04:56:10,016 - UnicodeAnalyzer - INFO - Filtrati 3 file (es. in /dist, /test).
2025-11-13 04:56:10,301 - UnicodeAnalyzer - INFO - -> Analizzando versione 0.73.0-nightly-20230908-8658bdccb (1526/2377)...
2025-11-13 04:56:10,349 - UnicodeAnalyzer - INFO - Filtrati 3 file (es. in /dist, /test).
2025-11-13 04:56:10,646 - UnicodeAnalyzer - INFO - -> Analizzando versione 0.73.0-nightly-20230909-17ecae9ce (1527/2377)...
2025-11-13 04:56:10,693 - UnicodeAnalyzer - INFO - Filtrati 3 file (es. in /dist, /test).
2025-11-13 04:56:10,994 - UnicodeAnalyzer - INFO - -> Analizzando versione 0.73.0-nightly-20230910-bf955a035 (1528/2377)...
2025-11-13 04:56:11,043 - UnicodeAnalyzer - INFO - Filtrati 3 file (es. in /dist, /test).
2025-11-13 04:56:11,351 - UnicodeAnalyzer - INFO - -> Analizzando versione 0.73.0-nightly-20230911-db4a253c1 (1529/2377)...
2025-11-13 04:56:11,400 - UnicodeAnalyzer - INFO - Filtrati 3 file (es. in /dist, /test).
2025-11-13 04:56:11,679 - UnicodeAnalyzer - INFO - -> Analizzando versione 0.73.0-nightly-20230912-0e5ea2890 (1530/2377)...
2025-11-13 04:56:11,726 - UnicodeAnalyzer - INFO - Filtrati 3 file (es. in /dist, /test).
2025-11-13 04:56:12,023 - UnicodeAnalyzer - INFO - -> Analizzando versione 0.73.0-nightly-20230913-fe4dab970 (1531/2377)...
2025-11-13 04:56:12,070 - UnicodeAnalyzer - INFO - Filtrati 3 file (es. in /dist, /test).
2025-11-13 04:56:12,375 - UnicodeAnalyzer - INFO - -> Analizzando versione 0.73.0-nightly-20230914-4b6fd8145 (1532/2377)...
2025-11-13 04:56:12,424 - UnicodeAnalyzer - INFO - Filtrati 3 file (es. in /dist, /test).
2025-11-13 04:56:12,700 - UnicodeAnalyzer - INFO - -> Analizzando versione 0.73.0-nightly-20230915-850e55042 (1533/2377)...
2025-11-13 04:56:12,750 - UnicodeAnalyzer - INFO - Filtrati 3 file (es. in /dist, /test).
2025-11-13 04:56:13,033 - UnicodeAnalyzer - INFO - -> Analizzando versione 0.73.0-nightly-20230916-3bc402f61 (1534/2377)...
2025-11-13 04:56:13,085 - UnicodeAnalyzer - INFO - Filtrati 3 file (es. in /dist, /test).
2025-11-13 04:56:13,380 - UnicodeAnalyzer - INFO - -> Analizzando versione 0.73.0-nightly-20230917-441822923 (1535/2377)...
2025-11-13 04:56:13,429 - UnicodeAnalyzer - INFO - Filtrati 3 file (es. in /dist, /test).
2025-11-13 04:56:13,705 - UnicodeAnalyzer - INFO - -> Analizzando versione 0.73.0-nightly-20230918-1ac3dab6e (1536/2377)...
2025-11-13 04:56:13,756 - UnicodeAnalyzer - INFO - Filtrati 3 file (es. in /dist, /test).
2025-11-13 04:56:14,086 - UnicodeAnalyzer - INFO - -> Analizzando versione 0.73.0-nightly-20230919-95fb44848 (1537/2377)...
2025-11-13 04:56:14,139 - UnicodeAnalyzer - INFO - Filtrati 3 file (es. in /dist, /test).
2025-11-13 04:56:14,418 - UnicodeAnalyzer - INFO - -> Analizzando versione 0.73.0-nightly-20230920-630cf3b21 (1538/2377)...
2025-11-13 04:56:14,468 - UnicodeAnalyzer - INFO - Filtrati 3 file (es. in /dist, /test).
2025-11-13 04:56:14,769 - UnicodeAnalyzer - INFO - -> Analizzando versione 0.73.0-nightly-20230921-f39952ba7 (1539/2377)...
2025-11-13 04:56:14,818 - UnicodeAnalyzer - INFO - Filtrati 3 file (es. in /dist, /test).
2025-11-13 04:56:15,102 - UnicodeAnalyzer - INFO - -> Analizzando versione 0.73.0-nightly-20230922-2fb4547aa (1540/2377)...
2025-11-13 04:56:15,154 - UnicodeAnalyzer - INFO - Filtrati 3 file (es. in /dist, /test).
2025-11-13 04:56:15,460 - UnicodeAnalyzer - INFO - -> Analizzando versione 0.73.0-nightly-20230922-353b31c7d (1541/2377)...
2025-11-13 04:56:15,509 - UnicodeAnalyzer - INFO - Filtrati 3 file (es. in /dist, /test).
2025-11-13 04:56:15,793 - UnicodeAnalyzer - INFO - -> Analizzando versione 0.73.0-nightly-20230923-29f62a41b (1542/2377)...
2025-11-13 04:56:15,844 - UnicodeAnalyzer - INFO - Filtrati 3 file (es. in /dist, /test).
2025-11-13 04:56:16,121 - UnicodeAnalyzer - INFO - -> Analizzando versione 0.73.0-nightly-20230924-030663bb0 (1543/2377)...
2025-11-13 04:56:16,170 - UnicodeAnalyzer - INFO - Filtrati 3 file (es. in /dist, /test).
2025-11-13 04:56:16,486 - UnicodeAnalyzer - INFO - -> Analizzando versione 0.73.0-nightly-20230925-2de964cfd (1544/2377)...
2025-11-13 04:56:16,535 - UnicodeAnalyzer - INFO - Filtrati 3 file (es. in /dist, /test).
2025-11-13 04:56:16,819 - UnicodeAnalyzer - INFO - -> Analizzando versione 0.73.0-nightly-20230926-27b631e5b (1545/2377)...
2025-11-13 04:56:16,868 - UnicodeAnalyzer - INFO - Filtrati 3 file (es. in /dist, /test).
2025-11-13 04:56:17,175 - UnicodeAnalyzer - INFO - -> Analizzando versione 0.73.0-nightly-20230926-aa1dffbb4 (1546/2377)...
2025-11-13 04:56:17,224 - UnicodeAnalyzer - INFO - Filtrati 3 file (es. in /dist, /test).
2025-11-13 04:56:17,510 - UnicodeAnalyzer - INFO - -> Analizzando versione 0.73.0-nightly-20230928-8e36cc029 (1547/2377)...
2025-11-13 04:56:17,562 - UnicodeAnalyzer - INFO - Filtrati 3 file (es. in /dist, /test).
2025-11-13 04:56:17,843 - UnicodeAnalyzer - INFO - -> Analizzando versione 0.73.0-nightly-20230929-6635474e3 (1548/2377)...
2025-11-13 04:56:17,896 - UnicodeAnalyzer - INFO - Filtrati 3 file (es. in /dist, /test).
2025-11-13 04:56:18,201 - UnicodeAnalyzer - INFO - -> Analizzando versione 0.73.0-nightly-20230930-df492cc4e (1549/2377)...
2025-11-13 04:56:18,252 - UnicodeAnalyzer - INFO - Filtrati 3 file (es. in /dist, /test).
2025-11-13 04:56:18,561 - UnicodeAnalyzer - INFO - -> Analizzando versione 0.73.0-nightly-20231001-d95433f82 (1550/2377)...
2025-11-13 04:56:18,613 - UnicodeAnalyzer - INFO - Filtrati 3 file (es. in /dist, /test).
2025-11-13 04:56:18,893 - UnicodeAnalyzer - INFO - -> Analizzando versione 0.73.0-nightly-20231002-0371014a3 (1551/2377)...
2025-11-13 04:56:18,941 - UnicodeAnalyzer - INFO - Filtrati 3 file (es. in /dist, /test).
2025-11-13 04:56:19,256 - UnicodeAnalyzer - INFO - -> Analizzando versione 0.73.0-rc.0 (1552/2377)...
2025-11-13 04:56:19,303 - UnicodeAnalyzer - INFO - Filtrati 3 file (es. in /dist, /test).
2025-11-13 04:56:19,586 - UnicodeAnalyzer - INFO - -> Analizzando versione 0.73.0-rc.1 (1553/2377)...
2025-11-13 04:56:19,632 - UnicodeAnalyzer - INFO - Filtrati 3 file (es. in /dist, /test).
2025-11-13 04:56:19,941 - UnicodeAnalyzer - INFO - -> Analizzando versione 0.73.0-rc.2 (1554/2377)...
2025-11-13 04:56:19,987 - UnicodeAnalyzer - INFO - Filtrati 3 file (es. in /dist, /test).
2025-11-13 04:56:20,294 - UnicodeAnalyzer - INFO - -> Analizzando versione 0.73.0-rc.3 (1555/2377)...
2025-11-13 04:56:20,343 - UnicodeAnalyzer - INFO - Filtrati 3 file (es. in /dist, /test).
2025-11-13 04:56:20,640 - UnicodeAnalyzer - INFO - -> Analizzando versione 0.73.0-rc.4 (1556/2377)...
2025-11-13 04:56:20,690 - UnicodeAnalyzer - INFO - Filtrati 3 file (es. in /dist, /test).
2025-11-13 04:56:20,968 - UnicodeAnalyzer - INFO - -> Analizzando versione 0.73.0-rc.5 (1557/2377)...
2025-11-13 04:56:21,014 - UnicodeAnalyzer - INFO - Filtrati 3 file (es. in /dist, /test).
2025-11-13 04:56:21,293 - UnicodeAnalyzer - INFO - -> Analizzando versione 0.73.0-rc.6 (1558/2377)...
2025-11-13 04:56:21,340 - UnicodeAnalyzer - INFO - Filtrati 3 file (es. in /dist, /test).
2025-11-13 04:56:21,649 - UnicodeAnalyzer - INFO - -> Analizzando versione 0.73.0-rc.7 (1559/2377)...
2025-11-13 04:56:21,697 - UnicodeAnalyzer - INFO - Filtrati 3 file (es. in /dist, /test).
2025-11-13 04:56:21,985 - UnicodeAnalyzer - INFO - -> Analizzando versione 0.73.0-rc.8 (1560/2377)...
2025-11-13 04:56:22,030 - UnicodeAnalyzer - INFO - Filtrati 3 file (es. in /dist, /test).
2025-11-13 04:56:22,309 - UnicodeAnalyzer - INFO - -> Analizzando versione 0.73.1 (1561/2377)...
2025-11-13 04:56:22,354 - UnicodeAnalyzer - INFO - Filtrati 3 file (es. in /dist, /test).
2025-11-13 04:56:22,658 - UnicodeAnalyzer - INFO - -> Analizzando versione 0.73.10 (1562/2377)...
2025-11-13 04:56:22,703 - UnicodeAnalyzer - INFO - Filtrati 3 file (es. in /dist, /test).
2025-11-13 04:56:22,987 - UnicodeAnalyzer - INFO - -> Analizzando versione 0.73.11 (1563/2377)...
2025-11-13 04:56:23,034 - UnicodeAnalyzer - INFO - Filtrati 3 file (es. in /dist, /test).
2025-11-13 04:56:23,308 - UnicodeAnalyzer - INFO - -> Analizzando versione 0.73.2 (1564/2377)...
2025-11-13 04:56:23,354 - UnicodeAnalyzer - INFO - Filtrati 3 file (es. in /dist, /test).
2025-11-13 04:56:23,635 - UnicodeAnalyzer - INFO - -> Analizzando versione 0.73.3 (1565/2377)...
2025-11-13 04:56:23,680 - UnicodeAnalyzer - INFO - Filtrati 3 file (es. in /dist, /test).
2025-11-13 04:56:23,981 - UnicodeAnalyzer - INFO - -> Analizzando versione 0.73.4 (1566/2377)...
2025-11-13 04:56:24,027 - UnicodeAnalyzer - INFO - Filtrati 3 file (es. in /dist, /test).
2025-11-13 04:56:24,342 - UnicodeAnalyzer - INFO - -> Analizzando versione 0.73.5 (1567/2377)...
2025-11-13 04:56:24,392 - UnicodeAnalyzer - INFO - Filtrati 3 file (es. in /dist, /test).
2025-11-13 04:56:24,673 - UnicodeAnalyzer - INFO - -> Analizzando versione 0.73.6 (1568/2377)...
2025-11-13 04:56:24,718 - UnicodeAnalyzer - INFO - Filtrati 3 file (es. in /dist, /test).
2025-11-13 04:56:24,998 - UnicodeAnalyzer - INFO - -> Analizzando versione 0.73.7 (1569/2377)...
2025-11-13 04:56:25,045 - UnicodeAnalyzer - INFO - Filtrati 3 file (es. in /dist, /test).
2025-11-13 04:56:25,348 - UnicodeAnalyzer - INFO - -> Analizzando versione 0.73.8 (1570/2377)...
2025-11-13 04:56:25,396 - UnicodeAnalyzer - INFO - Filtrati 3 file (es. in /dist, /test).
2025-11-13 04:56:25,676 - UnicodeAnalyzer - INFO - -> Analizzando versione 0.73.9 (1571/2377)...
2025-11-13 04:56:25,721 - UnicodeAnalyzer - INFO - Filtrati 3 file (es. in /dist, /test).
2025-11-13 04:56:26,002 - UnicodeAnalyzer - INFO - -> Analizzando versione 0.74.0 (1572/2377)...
2025-11-13 04:56:26,049 - UnicodeAnalyzer - INFO - Filtrati 3 file (es. in /dist, /test).
2025-11-13 04:56:26,283 - UnicodeAnalyzer - INFO - -> Analizzando versione 0.74.0-nightly-20231003-5dedf277c (1573/2377)...
2025-11-13 04:56:26,333 - UnicodeAnalyzer - INFO - Filtrati 3 file (es. in /dist, /test).
2025-11-13 04:56:26,622 - UnicodeAnalyzer - INFO - -> Analizzando versione 0.74.0-nightly-20231004-2000acc6c (1574/2377)...
2025-11-13 04:56:26,665 - UnicodeAnalyzer - INFO - Filtrati 3 file (es. in /dist, /test).
2025-11-13 04:56:26,973 - UnicodeAnalyzer - INFO - -> Analizzando versione 0.74.0-nightly-20231005-1b9b13a7b (1575/2377)...
2025-11-13 04:56:27,023 - UnicodeAnalyzer - INFO - Filtrati 3 file (es. in /dist, /test).
2025-11-13 04:56:27,306 - UnicodeAnalyzer - INFO - -> Analizzando versione 0.74.0-nightly-20231006-60f5a80c1 (1576/2377)...
2025-11-13 04:56:27,355 - UnicodeAnalyzer - INFO - Filtrati 3 file (es. in /dist, /test).
2025-11-13 04:56:27,664 - UnicodeAnalyzer - INFO - -> Analizzando versione 0.74.0-nightly-20231007-60f5a80c1 (1577/2377)...
2025-11-13 04:56:27,711 - UnicodeAnalyzer - INFO - Filtrati 3 file (es. in /dist, /test).
2025-11-13 04:56:27,995 - UnicodeAnalyzer - INFO - -> Analizzando versione 0.74.0-nightly-20231008-60f5a80c1 (1578/2377)...
2025-11-13 04:56:28,047 - UnicodeAnalyzer - INFO - Filtrati 3 file (es. in /dist, /test).
2025-11-13 04:56:28,354 - UnicodeAnalyzer - INFO - -> Analizzando versione 0.74.0-nightly-20231009-ec1de6194 (1579/2377)...
2025-11-13 04:56:28,402 - UnicodeAnalyzer - INFO - Filtrati 3 file (es. in /dist, /test).
2025-11-13 04:56:28,685 - UnicodeAnalyzer - INFO - -> Analizzando versione 0.74.0-nightly-20231010-7b7f12896 (1580/2377)...
2025-11-13 04:56:28,736 - UnicodeAnalyzer - INFO - Filtrati 3 file (es. in /dist, /test).
2025-11-13 04:56:29,036 - UnicodeAnalyzer - INFO - -> Analizzando versione 0.74.0-nightly-20231012-02957718d (1581/2377)...
2025-11-13 04:56:29,083 - UnicodeAnalyzer - INFO - Filtrati 3 file (es. in /dist, /test).
2025-11-13 04:56:29,393 - UnicodeAnalyzer - INFO - -> Analizzando versione 0.74.0-nightly-20231012-02e53ebc4 (1582/2377)...
2025-11-13 04:56:29,440 - UnicodeAnalyzer - INFO - Filtrati 3 file (es. in /dist, /test).
2025-11-13 04:56:29,746 - UnicodeAnalyzer - INFO - -> Analizzando versione 0.74.0-nightly-20231013-a030224d1 (1583/2377)...
2025-11-13 04:56:29,794 - UnicodeAnalyzer - INFO - Filtrati 3 file (es. in /dist, /test).
2025-11-13 04:56:30,098 - UnicodeAnalyzer - INFO - -> Analizzando versione 0.74.0-nightly-20231014-a2f11895c (1584/2377)...
2025-11-13 04:56:30,146 - UnicodeAnalyzer - INFO - Filtrati 3 file (es. in /dist, /test).
2025-11-13 04:56:30,455 - UnicodeAnalyzer - INFO - -> Analizzando versione 0.74.0-nightly-20231015-a2f11895c (1585/2377)...
2025-11-13 04:56:30,502 - UnicodeAnalyzer - INFO - Filtrati 3 file (es. in /dist, /test).
2025-11-13 04:56:30,794 - UnicodeAnalyzer - INFO - -> Analizzando versione 0.74.0-nightly-20231016-44660019e (1586/2377)...
2025-11-13 04:56:30,843 - UnicodeAnalyzer - INFO - Filtrati 3 file (es. in /dist, /test).
2025-11-13 04:56:31,128 - UnicodeAnalyzer - INFO - -> Analizzando versione 0.74.0-nightly-20231017-81ae532dd (1587/2377)...
2025-11-13 04:56:31,177 - UnicodeAnalyzer - INFO - Filtrati 3 file (es. in /dist, /test).
2025-11-13 04:56:31,481 - UnicodeAnalyzer - INFO - -> Analizzando versione 0.74.0-nightly-20231018-191c3deae (1588/2377)...
2025-11-13 04:56:31,528 - UnicodeAnalyzer - INFO - Filtrati 3 file (es. in /dist, /test).
2025-11-13 04:56:31,829 - UnicodeAnalyzer - INFO - -> Analizzando versione 0.74.0-nightly-20231019-30b9b01e6 (1589/2377)...
2025-11-13 04:56:31,876 - UnicodeAnalyzer - INFO - Filtrati 3 file (es. in /dist, /test).
2025-11-13 04:56:32,182 - UnicodeAnalyzer - INFO - -> Analizzando versione 0.74.0-nightly-20231020-a1299938a (1590/2377)...
2025-11-13 04:56:32,229 - UnicodeAnalyzer - INFO - Filtrati 3 file (es. in /dist, /test).
2025-11-13 04:56:32,534 - UnicodeAnalyzer - INFO - -> Analizzando versione 0.74.0-nightly-20231021-02397763f (1591/2377)...
2025-11-13 04:56:32,583 - UnicodeAnalyzer - INFO - Filtrati 3 file (es. in /dist, /test).
2025-11-13 04:56:32,883 - UnicodeAnalyzer - INFO - -> Analizzando versione 0.74.0-nightly-20231022-02397763f (1592/2377)...
2025-11-13 04:56:32,929 - UnicodeAnalyzer - INFO - Filtrati 3 file (es. in /dist, /test).
2025-11-13 04:56:33,215 - UnicodeAnalyzer - INFO - -> Analizzando versione 0.74.0-nightly-20231023-1923a4e2f (1593/2377)...
2025-11-13 04:56:33,262 - UnicodeAnalyzer - INFO - Filtrati 3 file (es. in /dist, /test).
2025-11-13 04:56:33,551 - UnicodeAnalyzer - INFO - -> Analizzando versione 0.74.0-nightly-20231024-b5dae017f (1594/2377)...
2025-11-13 04:56:33,597 - UnicodeAnalyzer - INFO - Filtrati 3 file (es. in /dist, /test).
2025-11-13 04:56:33,880 - UnicodeAnalyzer - INFO - -> Analizzando versione 0.74.0-nightly-20231025-97647d118 (1595/2377)...
2025-11-13 04:56:33,930 - UnicodeAnalyzer - INFO - Filtrati 3 file (es. in /dist, /test).
2025-11-13 04:56:34,238 - UnicodeAnalyzer - INFO - -> Analizzando versione 0.74.0-nightly-20231026-6b3289bc7 (1596/2377)...
2025-11-13 04:56:34,286 - UnicodeAnalyzer - INFO - Filtrati 3 file (es. in /dist, /test).
2025-11-13 04:56:34,572 - UnicodeAnalyzer - INFO - -> Analizzando versione 0.74.0-nightly-20231027-118e651bc (1597/2377)...
2025-11-13 04:56:34,622 - UnicodeAnalyzer - INFO - Filtrati 3 file (es. in /dist, /test).
2025-11-13 04:56:34,913 - UnicodeAnalyzer - INFO - -> Analizzando versione 0.74.0-nightly-20231028-118e651bc (1598/2377)...
2025-11-13 04:56:34,963 - UnicodeAnalyzer - INFO - Filtrati 3 file (es. in /dist, /test).
2025-11-13 04:56:35,271 - UnicodeAnalyzer - INFO - -> Analizzando versione 0.74.0-nightly-20231029-118e651bc (1599/2377)...
2025-11-13 04:56:35,321 - UnicodeAnalyzer - INFO - Filtrati 3 file (es. in /dist, /test).
2025-11-13 04:56:35,617 - UnicodeAnalyzer - INFO - -> Analizzando versione 0.74.0-nightly-20231030-a4a8695ce (1600/2377)...
2025-11-13 04:56:35,668 - UnicodeAnalyzer - INFO - Filtrati 3 file (es. in /dist, /test).
2025-11-13 04:56:35,953 - UnicodeAnalyzer - INFO - -> Analizzando versione 0.74.0-nightly-20231031-572dd76ba (1601/2377)...
2025-11-13 04:56:36,001 - UnicodeAnalyzer - INFO - Filtrati 3 file (es. in /dist, /test).
2025-11-13 04:56:36,280 - UnicodeAnalyzer - INFO - -> Analizzando versione 0.74.0-nightly-20231101-0f8a83eb4 (1602/2377)...
2025-11-13 04:56:36,327 - UnicodeAnalyzer - INFO - Filtrati 3 file (es. in /dist, /test).
2025-11-13 04:56:36,634 - UnicodeAnalyzer - INFO - -> Analizzando versione 0.74.0-nightly-20231102-9240d5160 (1603/2377)...
2025-11-13 04:56:36,687 - UnicodeAnalyzer - INFO - Filtrati 3 file (es. in /dist, /test).
2025-11-13 04:56:37,014 - UnicodeAnalyzer - INFO - -> Analizzando versione 0.74.0-nightly-20231103-9b613855e (1604/2377)...
2025-11-13 04:56:37,063 - UnicodeAnalyzer - INFO - Filtrati 3 file (es. in /dist, /test).
2025-11-13 04:56:37,374 - UnicodeAnalyzer - INFO - -> Analizzando versione 0.74.0-nightly-20231104-d077239ff (1605/2377)...
2025-11-13 04:56:37,420 - UnicodeAnalyzer - INFO - Filtrati 3 file (es. in /dist, /test).
2025-11-13 04:56:37,708 - UnicodeAnalyzer - INFO - -> Analizzando versione 0.74.0-nightly-20231105-d077239ff (1606/2377)...
2025-11-13 04:56:37,754 - UnicodeAnalyzer - INFO - Filtrati 3 file (es. in /dist, /test).
2025-11-13 04:56:38,036 - UnicodeAnalyzer - INFO - -> Analizzando versione 0.74.0-nightly-20231106-1e21e3469 (1607/2377)...
2025-11-13 04:56:38,082 - UnicodeAnalyzer - INFO - Filtrati 3 file (es. in /dist, /test).
2025-11-13 04:56:38,389 - UnicodeAnalyzer - INFO - -> Analizzando versione 0.74.0-nightly-20231107-bc68794c6 (1608/2377)...
2025-11-13 04:56:38,439 - UnicodeAnalyzer - INFO - Filtrati 3 file (es. in /dist, /test).
2025-11-13 04:56:38,724 - UnicodeAnalyzer - INFO - -> Analizzando versione 0.74.0-nightly-20231108-05d92bf2a (1609/2377)...
2025-11-13 04:56:38,773 - UnicodeAnalyzer - INFO - Filtrati 3 file (es. in /dist, /test).
2025-11-13 04:56:39,060 - UnicodeAnalyzer - INFO - -> Analizzando versione 0.74.0-nightly-20231109-9320174df (1610/2377)...
2025-11-13 04:56:39,106 - UnicodeAnalyzer - INFO - Filtrati 3 file (es. in /dist, /test).
2025-11-13 04:56:39,334 - UnicodeAnalyzer - INFO - -> Analizzando versione 0.74.0-nightly-20231110-9b33e752c (1611/2377)...
2025-11-13 04:56:39,384 - UnicodeAnalyzer - INFO - Filtrati 3 file (es. in /dist, /test).
2025-11-13 04:56:39,607 - UnicodeAnalyzer - INFO - -> Analizzando versione 0.74.0-nightly-20231111-1891d9e64 (1612/2377)...
2025-11-13 04:56:39,656 - UnicodeAnalyzer - INFO - Filtrati 3 file (es. in /dist, /test).
2025-11-13 04:56:39,919 - UnicodeAnalyzer - INFO - -> Analizzando versione 0.74.0-nightly-20231112-1891d9e64 (1613/2377)...
2025-11-13 04:56:39,966 - UnicodeAnalyzer - INFO - Filtrati 3 file (es. in /dist, /test).
2025-11-13 04:56:40,207 - UnicodeAnalyzer - INFO - -> Analizzando versione 0.74.0-nightly-20231113-6962b5fdd (1614/2377)...
2025-11-13 04:56:40,262 - UnicodeAnalyzer - INFO - Filtrati 3 file (es. in /dist, /test).
2025-11-13 04:56:40,497 - UnicodeAnalyzer - INFO - -> Analizzando versione 0.74.0-nightly-20231114-255fef526 (1615/2377)...
2025-11-13 04:56:40,550 - UnicodeAnalyzer - INFO - Filtrati 3 file (es. in /dist, /test).
2025-11-13 04:56:40,775 - UnicodeAnalyzer - INFO - -> Analizzando versione 0.74.0-nightly-20231115-88233cf54 (1616/2377)...
2025-11-13 04:56:40,822 - UnicodeAnalyzer - INFO - Filtrati 3 file (es. in /dist, /test).
2025-11-13 04:56:41,043 - UnicodeAnalyzer - INFO - -> Analizzando versione 0.74.0-nightly-20231116-fa89dd68b (1617/2377)...
2025-11-13 04:56:41,090 - UnicodeAnalyzer - INFO - Filtrati 3 file (es. in /dist, /test).
2025-11-13 04:56:41,313 - UnicodeAnalyzer - INFO - -> Analizzando versione 0.74.0-nightly-20231117-ba43dd251 (1618/2377)...
2025-11-13 04:56:41,369 - UnicodeAnalyzer - INFO - Filtrati 3 file (es. in /dist, /test).
2025-11-13 04:56:41,593 - UnicodeAnalyzer - INFO - -> Analizzando versione 0.74.0-nightly-20231118-917fd25cb (1619/2377)...
2025-11-13 04:56:41,644 - UnicodeAnalyzer - INFO - Filtrati 3 file (es. in /dist, /test).
2025-11-13 04:56:41,871 - UnicodeAnalyzer - INFO - -> Analizzando versione 0.74.0-nightly-20231119-9b1f8a81e (1620/2377)...
2025-11-13 04:56:41,928 - UnicodeAnalyzer - INFO - Filtrati 3 file (es. in /dist, /test).
2025-11-13 04:56:42,165 - UnicodeAnalyzer - INFO - -> Analizzando versione 0.74.0-nightly-20231121-a6964b362 (1621/2377)...
2025-11-13 04:56:42,223 - UnicodeAnalyzer - INFO - Filtrati 3 file (es. in /dist, /test).
2025-11-13 04:56:42,448 - UnicodeAnalyzer - INFO - -> Analizzando versione 0.74.0-nightly-20231122-d4399c5f1 (1622/2377)...
2025-11-13 04:56:42,510 - UnicodeAnalyzer - INFO - Filtrati 3 file (es. in /dist, /test).
2025-11-13 04:56:42,735 - UnicodeAnalyzer - INFO - -> Analizzando versione 0.74.0-nightly-20231123-342041e9e (1623/2377)...
2025-11-13 04:56:42,785 - UnicodeAnalyzer - INFO - Filtrati 3 file (es. in /dist, /test).
2025-11-13 04:56:43,008 - UnicodeAnalyzer - INFO - -> Analizzando versione 0.74.0-nightly-20231124-c464b215e (1624/2377)...
2025-11-13 04:56:43,057 - UnicodeAnalyzer - INFO - Filtrati 3 file (es. in /dist, /test).
2025-11-13 04:56:43,291 - UnicodeAnalyzer - INFO - -> Analizzando versione 0.74.0-nightly-20231125-caae38891 (1625/2377)...
2025-11-13 04:56:43,344 - UnicodeAnalyzer - INFO - Filtrati 3 file (es. in /dist, /test).
2025-11-13 04:56:43,571 - UnicodeAnalyzer - INFO - -> Analizzando versione 0.74.0-nightly-20231126-b50a7093b (1626/2377)...
2025-11-13 04:56:43,631 - UnicodeAnalyzer - INFO - Filtrati 3 file (es. in /dist, /test).
2025-11-13 04:56:43,860 - UnicodeAnalyzer - INFO - -> Analizzando versione 0.74.0-nightly-20231127-86c5abac2 (1627/2377)...
2025-11-13 04:56:43,918 - UnicodeAnalyzer - INFO - Filtrati 3 file (es. in /dist, /test).
2025-11-13 04:56:44,155 - UnicodeAnalyzer - INFO - -> Analizzando versione 0.74.0-nightly-20231128-528f97152 (1628/2377)...
2025-11-13 04:56:44,217 - UnicodeAnalyzer - INFO - Filtrati 3 file (es. in /dist, /test).
2025-11-13 04:56:44,437 - UnicodeAnalyzer - INFO - -> Analizzando versione 0.74.0-nightly-20231129-c8db60c7a (1629/2377)...
2025-11-13 04:56:44,485 - UnicodeAnalyzer - INFO - Filtrati 3 file (es. in /dist, /test).
2025-11-13 04:56:44,723 - UnicodeAnalyzer - INFO - -> Analizzando versione 0.74.0-nightly-20231130-7e5f15b88 (1630/2377)...
2025-11-13 04:56:44,770 - UnicodeAnalyzer - INFO - Filtrati 3 file (es. in /dist, /test).
2025-11-13 04:56:45,008 - UnicodeAnalyzer - INFO - -> Analizzando versione 0.74.0-nightly-20231201-c30f2b620 (1631/2377)...
2025-11-13 04:56:45,059 - UnicodeAnalyzer - INFO - Filtrati 3 file (es. in /dist, /test).
2025-11-13 04:56:45,279 - UnicodeAnalyzer - INFO - -> Analizzando versione 0.74.0-nightly-20231202-385473522 (1632/2377)...
2025-11-13 04:56:45,329 - UnicodeAnalyzer - INFO - Filtrati 3 file (es. in /dist, /test).
2025-11-13 04:56:45,564 - UnicodeAnalyzer - INFO - -> Analizzando versione 0.74.0-nightly-20231203-385473522 (1633/2377)...
2025-11-13 04:56:45,626 - UnicodeAnalyzer - INFO - Filtrati 3 file (es. in /dist, /test).
2025-11-13 04:56:45,853 - UnicodeAnalyzer - INFO - -> Analizzando versione 0.74.0-nightly-20231204-e9b80971c (1634/2377)...
2025-11-13 04:56:45,912 - UnicodeAnalyzer - INFO - Filtrati 3 file (es. in /dist, /test).
2025-11-13 04:56:46,136 - UnicodeAnalyzer - INFO - -> Analizzando versione 0.74.0-nightly-20231205-ff7768038 (1635/2377)...
2025-11-13 04:56:46,184 - UnicodeAnalyzer - INFO - Filtrati 3 file (es. in /dist, /test).
2025-11-13 04:56:46,433 - UnicodeAnalyzer - INFO - -> Analizzando versione 0.74.0-nightly-20231206-eb661df2a (1636/2377)...
2025-11-13 04:56:46,484 - UnicodeAnalyzer - INFO - Filtrati 3 file (es. in /dist, /test).
2025-11-13 04:56:46,718 - UnicodeAnalyzer - INFO - -> Analizzando versione 0.74.0-nightly-20231207-80812658e (1637/2377)...
2025-11-13 04:56:46,769 - UnicodeAnalyzer - INFO - Filtrati 3 file (es. in /dist, /test).
2025-11-13 04:56:47,005 - UnicodeAnalyzer - INFO - -> Analizzando versione 0.74.0-nightly-20231208-82652f89c (1638/2377)...
2025-11-13 04:56:47,056 - UnicodeAnalyzer - INFO - Filtrati 3 file (es. in /dist, /test).
2025-11-13 04:56:47,299 - UnicodeAnalyzer - INFO - -> Analizzando versione 0.74.0-nightly-20231210-a9dd43c5c (1639/2377)...
2025-11-13 04:56:47,358 - UnicodeAnalyzer - INFO - Filtrati 3 file (es. in /dist, /test).
2025-11-13 04:56:47,601 - UnicodeAnalyzer - INFO - -> Analizzando versione 0.74.0-nightly-20231211-ca9b6b503 (1640/2377)...
2025-11-13 04:56:47,655 - UnicodeAnalyzer - INFO - Filtrati 3 file (es. in /dist, /test).
2025-11-13 04:56:47,889 - UnicodeAnalyzer - INFO - -> Analizzando versione 0.74.0-nightly-20231212-1c77919fc (1641/2377)...
2025-11-13 04:56:47,942 - UnicodeAnalyzer - INFO - Filtrati 3 file (es. in /dist, /test).
2025-11-13 04:56:48,174 - UnicodeAnalyzer - INFO - -> Analizzando versione 0.74.0-nightly-20231213-746ad378c (1642/2377)...
2025-11-13 04:56:48,232 - UnicodeAnalyzer - INFO - Filtrati 3 file (es. in /dist, /test).
2025-11-13 04:56:48,487 - UnicodeAnalyzer - INFO - -> Analizzando versione 0.74.0-nightly-20231214-b0982971c (1643/2377)...
2025-11-13 04:56:48,542 - UnicodeAnalyzer - INFO - Filtrati 3 file (es. in /dist, /test).
2025-11-13 04:56:48,770 - UnicodeAnalyzer - INFO - -> Analizzando versione 0.74.0-nightly-20231215-d45a01d6d (1644/2377)...
2025-11-13 04:56:48,829 - UnicodeAnalyzer - INFO - Filtrati 3 file (es. in /dist, /test).
2025-11-13 04:56:49,055 - UnicodeAnalyzer - INFO - -> Analizzando versione 0.74.0-nightly-20231216-479b4bb1b (1645/2377)...
2025-11-13 04:56:49,114 - UnicodeAnalyzer - INFO - Filtrati 3 file (es. in /dist, /test).
2025-11-13 04:56:49,358 - UnicodeAnalyzer - INFO - -> Analizzando versione 0.74.0-nightly-20231217-2441fa284 (1646/2377)...
2025-11-13 04:56:49,417 - UnicodeAnalyzer - INFO - Filtrati 3 file (es. in /dist, /test).
2025-11-13 04:56:49,644 - UnicodeAnalyzer - INFO - -> Analizzando versione 0.74.0-nightly-20231218-27f38f6f0 (1647/2377)...
2025-11-13 04:56:49,701 - UnicodeAnalyzer - INFO - Filtrati 3 file (es. in /dist, /test).
2025-11-13 04:56:49,928 - UnicodeAnalyzer - INFO - -> Analizzando versione 0.74.0-nightly-20231220-dae4a11e9 (1648/2377)...
2025-11-13 04:56:49,980 - UnicodeAnalyzer - INFO - Filtrati 3 file (es. in /dist, /test).
2025-11-13 04:56:50,220 - UnicodeAnalyzer - INFO - -> Analizzando versione 0.74.0-nightly-20231221-72b876a5a (1649/2377)...
2025-11-13 04:56:50,281 - UnicodeAnalyzer - INFO - Filtrati 3 file (es. in /dist, /test).
2025-11-13 04:56:50,524 - UnicodeAnalyzer - INFO - -> Analizzando versione 0.74.0-nightly-20231222-192a88d52 (1650/2377)...
2025-11-13 04:56:50,569 - UnicodeAnalyzer - INFO - Filtrati 3 file (es. in /dist, /test).
2025-11-13 04:56:50,804 - UnicodeAnalyzer - INFO - -> Analizzando versione 0.74.0-nightly-20231223-192a88d52 (1651/2377)...
2025-11-13 04:56:50,855 - UnicodeAnalyzer - INFO - Filtrati 3 file (es. in /dist, /test).
2025-11-13 04:56:51,097 - UnicodeAnalyzer - INFO - -> Analizzando versione 0.74.0-nightly-20231224-192a88d52 (1652/2377)...
2025-11-13 04:56:51,148 - UnicodeAnalyzer - INFO - Filtrati 3 file (es. in /dist, /test).
2025-11-13 04:56:51,370 - UnicodeAnalyzer - INFO - -> Analizzando versione 0.74.0-nightly-20231225-192a88d52 (1653/2377)...
2025-11-13 04:56:51,416 - UnicodeAnalyzer - INFO - Filtrati 3 file (es. in /dist, /test).
2025-11-13 04:56:51,637 - UnicodeAnalyzer - INFO - -> Analizzando versione 0.74.0-nightly-20231226-55e4543ee (1654/2377)...
2025-11-13 04:56:51,686 - UnicodeAnalyzer - INFO - Filtrati 3 file (es. in /dist, /test).
2025-11-13 04:56:51,920 - UnicodeAnalyzer - INFO - -> Analizzando versione 0.74.0-nightly-20231227-c75abefea (1655/2377)...
2025-11-13 04:56:51,966 - UnicodeAnalyzer - INFO - Filtrati 3 file (es. in /dist, /test).
2025-11-13 04:56:52,202 - UnicodeAnalyzer - INFO - -> Analizzando versione 0.74.0-nightly-20231228-b5e08e80d (1656/2377)...
2025-11-13 04:56:52,252 - UnicodeAnalyzer - INFO - Filtrati 3 file (es. in /dist, /test).
2025-11-13 04:56:52,477 - UnicodeAnalyzer - INFO - -> Analizzando versione 0.74.0-nightly-20231229-b5e08e80d (1657/2377)...
2025-11-13 04:56:52,524 - UnicodeAnalyzer - INFO - Filtrati 3 file (es. in /dist, /test).
2025-11-13 04:56:52,749 - UnicodeAnalyzer - INFO - -> Analizzando versione 0.74.0-nightly-20231230-95bed60a1 (1658/2377)...
2025-11-13 04:56:52,805 - UnicodeAnalyzer - INFO - Filtrati 3 file (es. in /dist, /test).
2025-11-13 04:56:53,045 - UnicodeAnalyzer - INFO - -> Analizzando versione 0.74.0-nightly-20240102-05ec058ac (1659/2377)...
2025-11-13 04:56:53,090 - UnicodeAnalyzer - INFO - Filtrati 3 file (es. in /dist, /test).
2025-11-13 04:56:53,331 - UnicodeAnalyzer - INFO - -> Analizzando versione 0.74.0-nightly-20240103-0e533f308 (1660/2377)...
2025-11-13 04:56:53,377 - UnicodeAnalyzer - INFO - Filtrati 3 file (es. in /dist, /test).
2025-11-13 04:56:53,616 - UnicodeAnalyzer - INFO - -> Analizzando versione 0.74.0-nightly-20240105-016bb24ea (1661/2377)...
2025-11-13 04:56:53,666 - UnicodeAnalyzer - INFO - Filtrati 3 file (es. in /dist, /test).
2025-11-13 04:56:53,906 - UnicodeAnalyzer - INFO - -> Analizzando versione 0.74.0-nightly-20240106-cabae397c (1662/2377)...
2025-11-13 04:56:53,956 - UnicodeAnalyzer - INFO - Filtrati 3 file (es. in /dist, /test).
2025-11-13 04:56:54,193 - UnicodeAnalyzer - INFO - -> Analizzando versione 0.74.0-nightly-20240108-05ca2c6d8 (1663/2377)...
2025-11-13 04:56:54,247 - UnicodeAnalyzer - INFO - Filtrati 3 file (es. in /dist, /test).
2025-11-13 04:56:54,493 - UnicodeAnalyzer - INFO - -> Analizzando versione 0.74.0-nightly-20240109-f7f9250f6 (1664/2377)...
2025-11-13 04:56:54,544 - UnicodeAnalyzer - INFO - Filtrati 3 file (es. in /dist, /test).
2025-11-13 04:56:54,775 - UnicodeAnalyzer - INFO - -> Analizzando versione 0.74.0-nightly-20240110-822bf52c2 (1665/2377)...
2025-11-13 04:56:54,830 - UnicodeAnalyzer - INFO - Filtrati 3 file (es. in /dist, /test).
2025-11-13 04:56:55,067 - UnicodeAnalyzer - INFO - -> Analizzando versione 0.74.0-nightly-20240111-371af3f1c (1666/2377)...
2025-11-13 04:56:55,129 - UnicodeAnalyzer - INFO - Filtrati 3 file (es. in /dist, /test).
2025-11-13 04:56:55,359 - UnicodeAnalyzer - INFO - -> Analizzando versione 0.74.0-nightly-20240112-1a6f97f94 (1667/2377)...
2025-11-13 04:56:55,415 - UnicodeAnalyzer - INFO - Filtrati 3 file (es. in /dist, /test).
2025-11-13 04:56:55,639 - UnicodeAnalyzer - INFO - -> Analizzando versione 0.74.0-nightly-20240113-e859f6c77 (1668/2377)...
2025-11-13 04:56:55,696 - UnicodeAnalyzer - INFO - Filtrati 3 file (es. in /dist, /test).
2025-11-13 04:56:55,944 - UnicodeAnalyzer - INFO - -> Analizzando versione 0.74.0-nightly-20240114-f30acc6f5 (1669/2377)...
2025-11-13 04:56:56,000 - UnicodeAnalyzer - INFO - Filtrati 3 file (es. in /dist, /test).
2025-11-13 04:56:56,226 - UnicodeAnalyzer - INFO - -> Analizzando versione 0.74.0-nightly-20240115-0c7008f28 (1670/2377)...
2025-11-13 04:56:56,272 - UnicodeAnalyzer - INFO - Filtrati 3 file (es. in /dist, /test).
2025-11-13 04:56:56,513 - UnicodeAnalyzer - INFO - -> Analizzando versione 0.74.0-nightly-20240117-67532e07c (1671/2377)...
2025-11-13 04:56:56,564 - UnicodeAnalyzer - INFO - Filtrati 3 file (es. in /dist, /test).
2025-11-13 04:56:56,859 - UnicodeAnalyzer - INFO - -> Analizzando versione 0.74.0-nightly-20240118-f30f86717 (1672/2377)...
2025-11-13 04:56:56,905 - UnicodeAnalyzer - INFO - Filtrati 3 file (es. in /dist, /test).
2025-11-13 04:56:57,166 - UnicodeAnalyzer - INFO - -> Analizzando versione 0.74.0-nightly-20240119-461edd248 (1673/2377)...
2025-11-13 04:56:57,217 - UnicodeAnalyzer - INFO - Filtrati 3 file (es. in /dist, /test).
2025-11-13 04:56:57,480 - UnicodeAnalyzer - INFO - -> Analizzando versione 0.74.0-nightly-20240120-a58ec074b (1674/2377)...
2025-11-13 04:56:57,530 - UnicodeAnalyzer - INFO - Filtrati 3 file (es. in /dist, /test).
2025-11-13 04:56:57,832 - UnicodeAnalyzer - INFO - -> Analizzando versione 0.74.0-nightly-20240121-a58ec074b (1675/2377)...
2025-11-13 04:56:57,881 - UnicodeAnalyzer - INFO - Filtrati 3 file (es. in /dist, /test).
2025-11-13 04:56:58,160 - UnicodeAnalyzer - INFO - -> Analizzando versione 0.74.0-nightly-20240122-4e92f87df (1676/2377)...
2025-11-13 04:56:58,208 - UnicodeAnalyzer - INFO - Filtrati 3 file (es. in /dist, /test).
2025-11-13 04:56:58,494 - UnicodeAnalyzer - INFO - -> Analizzando versione 0.74.0-nightly-20240123-cbd818dad (1677/2377)...
2025-11-13 04:56:58,543 - UnicodeAnalyzer - INFO - Filtrati 3 file (es. in /dist, /test).
2025-11-13 04:56:58,842 - UnicodeAnalyzer - INFO - -> Analizzando versione 0.74.0-nightly-20240124-ccff2bb8d (1678/2377)...
2025-11-13 04:56:58,891 - UnicodeAnalyzer - INFO - Filtrati 3 file (es. in /dist, /test).
2025-11-13 04:56:59,188 - UnicodeAnalyzer - INFO - -> Analizzando versione 0.74.0-nightly-20240126-751eae94d (1679/2377)...
2025-11-13 04:56:59,237 - UnicodeAnalyzer - INFO - Filtrati 3 file (es. in /dist, /test).
2025-11-13 04:56:59,525 - UnicodeAnalyzer - INFO - -> Analizzando versione 0.74.0-nightly-20240127-cfc0ba04a (1680/2377)...
2025-11-13 04:56:59,575 - UnicodeAnalyzer - INFO - Filtrati 3 file (es. in /dist, /test).
2025-11-13 04:56:59,869 - UnicodeAnalyzer - INFO - -> Analizzando versione 0.74.0-nightly-20240128-cfc0ba04a (1681/2377)...
2025-11-13 04:56:59,918 - UnicodeAnalyzer - INFO - Filtrati 3 file (es. in /dist, /test).
2025-11-13 04:57:00,258 - UnicodeAnalyzer - INFO - -> Analizzando versione 0.74.0-nightly-20240129-39cb02f6f (1682/2377)...
2025-11-13 04:57:00,309 - UnicodeAnalyzer - INFO - Filtrati 3 file (es. in /dist, /test).
2025-11-13 04:57:00,610 - UnicodeAnalyzer - INFO - -> Analizzando versione 0.74.0-nightly-20240201-107f2f997 (1683/2377)...
2025-11-13 04:57:00,660 - UnicodeAnalyzer - INFO - Filtrati 3 file (es. in /dist, /test).
2025-11-13 04:57:00,981 - UnicodeAnalyzer - INFO - -> Analizzando versione 0.74.0-nightly-20240201-aefca27c6 (1684/2377)...
2025-11-13 04:57:01,032 - UnicodeAnalyzer - INFO - Filtrati 3 file (es. in /dist, /test).
2025-11-13 04:57:01,347 - UnicodeAnalyzer - INFO - -> Analizzando versione 0.74.0-nightly-20240202-af8c82dac (1685/2377)...
2025-11-13 04:57:01,396 - UnicodeAnalyzer - INFO - Filtrati 3 file (es. in /dist, /test).
2025-11-13 04:57:01,722 - UnicodeAnalyzer - INFO - -> Analizzando versione 0.74.0-nightly-20240203-4473fe8f2 (1686/2377)...
2025-11-13 04:57:01,770 - UnicodeAnalyzer - INFO - Filtrati 3 file (es. in /dist, /test).
2025-11-13 04:57:02,089 - UnicodeAnalyzer - INFO - -> Analizzando versione 0.74.0-nightly-20240204-fafd00ab1 (1687/2377)...
2025-11-13 04:57:02,137 - UnicodeAnalyzer - INFO - Filtrati 3 file (es. in /dist, /test).
2025-11-13 04:57:02,464 - UnicodeAnalyzer - INFO - -> Analizzando versione 0.74.0-nightly-20240205-e4342f5b0 (1688/2377)...
2025-11-13 04:57:02,512 - UnicodeAnalyzer - INFO - Filtrati 3 file (es. in /dist, /test).
2025-11-13 04:57:02,836 - UnicodeAnalyzer - INFO - -> Analizzando versione 0.74.0-nightly-20240206-bc3fe0d76 (1689/2377)...
2025-11-13 04:57:02,888 - UnicodeAnalyzer - INFO - Filtrati 3 file (es. in /dist, /test).
2025-11-13 04:57:03,232 - UnicodeAnalyzer - INFO - -> Analizzando versione 0.74.0-nightly-20240207-5e03813d1 (1690/2377)...
2025-11-13 04:57:03,283 - UnicodeAnalyzer - INFO - Filtrati 3 file (es. in /dist, /test).
2025-11-13 04:57:03,597 - UnicodeAnalyzer - INFO - -> Analizzando versione 0.74.0-nightly-20240208-b796cda38 (1691/2377)...
2025-11-13 04:57:03,648 - UnicodeAnalyzer - INFO - Filtrati 3 file (es. in /dist, /test).
2025-11-13 04:57:03,965 - UnicodeAnalyzer - INFO - -> Analizzando versione 0.74.0-nightly-20240212-2090fe5cf (1692/2377)...
2025-11-13 04:57:04,017 - UnicodeAnalyzer - INFO - Filtrati 3 file (es. in /dist, /test).
2025-11-13 04:57:04,367 - UnicodeAnalyzer - INFO - -> Analizzando versione 0.74.0-nightly-20240214-b8ad91732 (1693/2377)...
2025-11-13 04:57:04,418 - UnicodeAnalyzer - INFO - Filtrati 3 file (es. in /dist, /test).
2025-11-13 04:57:04,739 - UnicodeAnalyzer - INFO - -> Analizzando versione 0.74.0-nightly-20240215-15700626c (1694/2377)...
2025-11-13 04:57:04,790 - UnicodeAnalyzer - INFO - Filtrati 3 file (es. in /dist, /test).
2025-11-13 04:57:05,133 - UnicodeAnalyzer - INFO - -> Analizzando versione 0.74.0-nightly-20240216-da03d7b82 (1695/2377)...
2025-11-13 04:57:05,189 - UnicodeAnalyzer - INFO - Filtrati 3 file (es. in /dist, /test).
2025-11-13 04:57:05,528 - UnicodeAnalyzer - INFO - -> Analizzando versione 0.74.0-nightly-20240217-8ff05b5a1 (1696/2377)...
2025-11-13 04:57:05,578 - UnicodeAnalyzer - INFO - Filtrati 3 file (es. in /dist, /test).
2025-11-13 04:57:05,898 - UnicodeAnalyzer - INFO - -> Analizzando versione 0.74.0-nightly-20240218-475a15631 (1697/2377)...
2025-11-13 04:57:05,952 - UnicodeAnalyzer - INFO - Filtrati 3 file (es. in /dist, /test).
2025-11-13 04:57:06,274 - UnicodeAnalyzer - INFO - -> Analizzando versione 0.74.0-nightly-20240219-28da7f9f5 (1698/2377)...
2025-11-13 04:57:06,328 - UnicodeAnalyzer - INFO - Filtrati 3 file (es. in /dist, /test).
2025-11-13 04:57:06,650 - UnicodeAnalyzer - INFO - -> Analizzando versione 0.74.0-nightly-20240220-e9351f0f8 (1699/2377)...
2025-11-13 04:57:06,701 - UnicodeAnalyzer - INFO - Filtrati 3 file (es. in /dist, /test).
2025-11-13 04:57:07,034 - UnicodeAnalyzer - INFO - -> Analizzando versione 0.74.0-rc.0 (1700/2377)...
2025-11-13 04:57:07,084 - UnicodeAnalyzer - INFO - Filtrati 3 file (es. in /dist, /test).
2025-11-13 04:57:07,412 - UnicodeAnalyzer - INFO - -> Analizzando versione 0.74.0-rc.1 (1701/2377)...
2025-11-13 04:57:07,463 - UnicodeAnalyzer - INFO - Filtrati 3 file (es. in /dist, /test).
2025-11-13 04:57:07,811 - UnicodeAnalyzer - INFO - -> Analizzando versione 0.74.0-rc.2 (1702/2377)...
2025-11-13 04:57:07,858 - UnicodeAnalyzer - INFO - Filtrati 3 file (es. in /dist, /test).
2025-11-13 04:57:08,104 - UnicodeAnalyzer - INFO - -> Analizzando versione 0.74.0-rc.3 (1703/2377)...
2025-11-13 04:57:08,153 - UnicodeAnalyzer - INFO - Filtrati 3 file (es. in /dist, /test).
2025-11-13 04:57:08,399 - UnicodeAnalyzer - INFO - -> Analizzando versione 0.74.0-rc.4 (1704/2377)...
2025-11-13 04:57:08,450 - UnicodeAnalyzer - INFO - Filtrati 3 file (es. in /dist, /test).
2025-11-13 04:57:08,719 - UnicodeAnalyzer - INFO - -> Analizzando versione 0.74.0-rc.5 (1705/2377)...
2025-11-13 04:57:08,766 - UnicodeAnalyzer - INFO - Filtrati 3 file (es. in /dist, /test).
2025-11-13 04:57:09,011 - UnicodeAnalyzer - INFO - -> Analizzando versione 0.74.0-rc.6 (1706/2377)...
2025-11-13 04:57:09,061 - UnicodeAnalyzer - INFO - Filtrati 3 file (es. in /dist, /test).
2025-11-13 04:57:09,307 - UnicodeAnalyzer - INFO - -> Analizzando versione 0.74.0-rc.7 (1707/2377)...
2025-11-13 04:57:09,355 - UnicodeAnalyzer - INFO - Filtrati 3 file (es. in /dist, /test).
2025-11-13 04:57:09,618 - UnicodeAnalyzer - INFO - -> Analizzando versione 0.74.0-rc.8 (1708/2377)...
2025-11-13 04:57:09,666 - UnicodeAnalyzer - INFO - Filtrati 3 file (es. in /dist, /test).
2025-11-13 04:57:09,912 - UnicodeAnalyzer - INFO - -> Analizzando versione 0.74.0-rc.9 (1709/2377)...
2025-11-13 04:57:09,968 - UnicodeAnalyzer - INFO - Filtrati 3 file (es. in /dist, /test).
2025-11-13 04:57:10,229 - UnicodeAnalyzer - INFO - -> Analizzando versione 0.74.1 (1710/2377)...
2025-11-13 04:57:10,274 - UnicodeAnalyzer - INFO - Filtrati 3 file (es. in /dist, /test).
2025-11-13 04:57:10,540 - UnicodeAnalyzer - INFO - -> Analizzando versione 0.74.1-rc.0 (1711/2377)...
2025-11-13 04:57:10,598 - UnicodeAnalyzer - INFO - Filtrati 3 file (es. in /dist, /test).
2025-11-13 04:57:10,851 - UnicodeAnalyzer - INFO - -> Analizzando versione 0.74.2 (1712/2377)...
2025-11-13 04:57:10,898 - UnicodeAnalyzer - INFO - Filtrati 3 file (es. in /dist, /test).
2025-11-13 04:57:11,138 - UnicodeAnalyzer - INFO - -> Analizzando versione 0.74.3 (1713/2377)...
2025-11-13 04:57:11,189 - UnicodeAnalyzer - INFO - Filtrati 3 file (es. in /dist, /test).
2025-11-13 04:57:11,449 - UnicodeAnalyzer - INFO - -> Analizzando versione 0.74.4 (1714/2377)...
2025-11-13 04:57:11,496 - UnicodeAnalyzer - INFO - Filtrati 3 file (es. in /dist, /test).
2025-11-13 04:57:11,742 - UnicodeAnalyzer - INFO - -> Analizzando versione 0.74.5 (1715/2377)...
2025-11-13 04:57:11,788 - UnicodeAnalyzer - INFO - Filtrati 3 file (es. in /dist, /test).
2025-11-13 04:57:12,034 - UnicodeAnalyzer - INFO - -> Analizzando versione 0.74.6 (1716/2377)...
2025-11-13 04:57:12,082 - UnicodeAnalyzer - INFO - Filtrati 3 file (es. in /dist, /test).
2025-11-13 04:57:12,334 - UnicodeAnalyzer - INFO - -> Analizzando versione 0.74.7 (1717/2377)...
2025-11-13 04:57:12,379 - UnicodeAnalyzer - INFO - Filtrati 3 file (es. in /dist, /test).
2025-11-13 04:57:12,623 - UnicodeAnalyzer - INFO - -> Analizzando versione 0.75.0 (1718/2377)...
2025-11-13 04:57:12,670 - UnicodeAnalyzer - INFO - Filtrati 3 file (es. in /dist, /test).
2025-11-13 04:57:13,011 - UnicodeAnalyzer - INFO - -> Analizzando versione 0.75.0-nightly-20240221-a1171f79f (1719/2377)...
2025-11-13 04:57:13,062 - UnicodeAnalyzer - INFO - Filtrati 3 file (es. in /dist, /test).
2025-11-13 04:57:13,379 - UnicodeAnalyzer - INFO - -> Analizzando versione 0.75.0-nightly-20240222-2dc39c26e (1720/2377)...
2025-11-13 04:57:13,428 - UnicodeAnalyzer - INFO - Filtrati 3 file (es. in /dist, /test).
2025-11-13 04:57:13,751 - UnicodeAnalyzer - INFO - -> Analizzando versione 0.75.0-nightly-20240223-c7bacf610 (1721/2377)...
2025-11-13 04:57:13,801 - UnicodeAnalyzer - INFO - Filtrati 3 file (es. in /dist, /test).
2025-11-13 04:57:14,126 - UnicodeAnalyzer - INFO - -> Analizzando versione 0.75.0-nightly-20240227-8317325fb (1722/2377)...
2025-11-13 04:57:14,177 - UnicodeAnalyzer - INFO - Filtrati 3 file (es. in /dist, /test).
2025-11-13 04:57:14,431 - UnicodeAnalyzer - INFO - -> Analizzando versione 0.75.0-nightly-20240228-252ef19c8 (1723/2377)...
2025-11-13 04:57:14,481 - UnicodeAnalyzer - INFO - Filtrati 3 file (es. in /dist, /test).
2025-11-13 04:57:14,729 - UnicodeAnalyzer - INFO - -> Analizzando versione 0.75.0-nightly-20240229-21171222e (1724/2377)...
2025-11-13 04:57:14,780 - UnicodeAnalyzer - INFO - Filtrati 3 file (es. in /dist, /test).
2025-11-13 04:57:15,041 - UnicodeAnalyzer - INFO - -> Analizzando versione 0.75.0-nightly-20240302-7d4778104 (1725/2377)...
2025-11-13 04:57:15,090 - UnicodeAnalyzer - INFO - Filtrati 3 file (es. in /dist, /test).
2025-11-13 04:57:15,337 - UnicodeAnalyzer - INFO - -> Analizzando versione 0.75.0-nightly-20240303-7d4778104 (1726/2377)...
2025-11-13 04:57:15,391 - UnicodeAnalyzer - INFO - Filtrati 3 file (es. in /dist, /test).
2025-11-13 04:57:15,655 - UnicodeAnalyzer - INFO - -> Analizzando versione 0.75.0-nightly-20240304-ec928d7a6 (1727/2377)...
2025-11-13 04:57:15,719 - UnicodeAnalyzer - INFO - Filtrati 3 file (es. in /dist, /test).
2025-11-13 04:57:15,976 - UnicodeAnalyzer - INFO - -> Analizzando versione 0.75.0-nightly-20240305-9aeb9f2f9 (1728/2377)...
2025-11-13 04:57:16,035 - UnicodeAnalyzer - INFO - Filtrati 3 file (es. in /dist, /test).
2025-11-13 04:57:16,300 - UnicodeAnalyzer - INFO - -> Analizzando versione 0.75.0-nightly-20240306-c645646a2 (1729/2377)...
2025-11-13 04:57:16,354 - UnicodeAnalyzer - INFO - Filtrati 3 file (es. in /dist, /test).
2025-11-13 04:57:16,680 - UnicodeAnalyzer - INFO - -> Analizzando versione 0.75.0-nightly-20240307-ff03b149e (1730/2377)...
2025-11-13 04:57:16,731 - UnicodeAnalyzer - INFO - Filtrati 3 file (es. in /dist, /test).
2025-11-13 04:57:17,084 - UnicodeAnalyzer - INFO - -> Analizzando versione 0.75.0-nightly-20240308-208be5000 (1731/2377)...
2025-11-13 04:57:17,136 - UnicodeAnalyzer - INFO - Filtrati 3 file (es. in /dist, /test).
2025-11-13 04:57:17,468 - UnicodeAnalyzer - INFO - -> Analizzando versione 0.75.0-nightly-20240308-6c28c87c4 (1732/2377)...
2025-11-13 04:57:17,517 - UnicodeAnalyzer - INFO - Filtrati 3 file (es. in /dist, /test).
2025-11-13 04:57:17,869 - UnicodeAnalyzer - INFO - -> Analizzando versione 0.75.0-nightly-20240309-e2157f063 (1733/2377)...
2025-11-13 04:57:17,919 - UnicodeAnalyzer - INFO - Filtrati 3 file (es. in /dist, /test).
2025-11-13 04:57:18,242 - UnicodeAnalyzer - INFO - -> Analizzando versione 0.75.0-nightly-20240310-e2157f063 (1734/2377)...
2025-11-13 04:57:18,292 - UnicodeAnalyzer - INFO - Filtrati 3 file (es. in /dist, /test).
2025-11-13 04:57:18,624 - UnicodeAnalyzer - INFO - -> Analizzando versione 0.75.0-nightly-20240311-3706bf077 (1735/2377)...
2025-11-13 04:57:18,672 - UnicodeAnalyzer - INFO - Filtrati 3 file (es. in /dist, /test).
2025-11-13 04:57:19,003 - UnicodeAnalyzer - INFO - -> Analizzando versione 0.75.0-nightly-20240312-41b637194 (1736/2377)...
2025-11-13 04:57:19,054 - UnicodeAnalyzer - INFO - Filtrati 3 file (es. in /dist, /test).
2025-11-13 04:57:19,305 - UnicodeAnalyzer - INFO - -> Analizzando versione 0.75.0-nightly-20240315-e180f805e (1737/2377)...
2025-11-13 04:57:19,356 - UnicodeAnalyzer - INFO - Filtrati 3 file (es. in /dist, /test).
2025-11-13 04:57:19,606 - UnicodeAnalyzer - INFO - -> Analizzando versione 0.75.0-nightly-20240315-f2f62cdf5 (1738/2377)...
2025-11-13 04:57:19,655 - UnicodeAnalyzer - INFO - Filtrati 3 file (es. in /dist, /test).
2025-11-13 04:57:19,902 - UnicodeAnalyzer - INFO - -> Analizzando versione 0.75.0-nightly-20240316-06dc448d8 (1739/2377)...
2025-11-13 04:57:19,955 - UnicodeAnalyzer - INFO - Filtrati 3 file (es. in /dist, /test).
2025-11-13 04:57:20,197 - UnicodeAnalyzer - INFO - -> Analizzando versione 0.75.0-nightly-20240317-06dc448d8 (1740/2377)...
2025-11-13 04:57:20,248 - UnicodeAnalyzer - INFO - Filtrati 3 file (es. in /dist, /test).
2025-11-13 04:57:20,504 - UnicodeAnalyzer - INFO - -> Analizzando versione 0.75.0-nightly-20240318-a87fb56ef (1741/2377)...
2025-11-13 04:57:20,557 - UnicodeAnalyzer - INFO - Filtrati 3 file (es. in /dist, /test).
2025-11-13 04:57:20,822 - UnicodeAnalyzer - INFO - -> Analizzando versione 0.75.0-nightly-20240319-d97741af6 (1742/2377)...
2025-11-13 04:57:20,871 - UnicodeAnalyzer - INFO - Filtrati 3 file (es. in /dist, /test).
2025-11-13 04:57:21,117 - UnicodeAnalyzer - INFO - -> Analizzando versione 0.75.0-nightly-20240320-0267ca0a4 (1743/2377)...
2025-11-13 04:57:21,169 - UnicodeAnalyzer - INFO - Filtrati 3 file (es. in /dist, /test).
2025-11-13 04:57:21,426 - UnicodeAnalyzer - INFO - -> Analizzando versione 0.75.0-nightly-20240321-7d180d712 (1744/2377)...
2025-11-13 04:57:21,477 - UnicodeAnalyzer - INFO - Filtrati 3 file (es. in /dist, /test).
2025-11-13 04:57:21,726 - UnicodeAnalyzer - INFO - -> Analizzando versione 0.75.0-nightly-20240322-b13e9f8f7 (1745/2377)...
2025-11-13 04:57:21,776 - UnicodeAnalyzer - INFO - Filtrati 3 file (es. in /dist, /test).
2025-11-13 04:57:22,021 - UnicodeAnalyzer - INFO - -> Analizzando versione 0.75.0-nightly-20240323-37e362699 (1746/2377)...
2025-11-13 04:57:22,071 - UnicodeAnalyzer - INFO - Filtrati 3 file (es. in /dist, /test).
2025-11-13 04:57:22,333 - UnicodeAnalyzer - INFO - -> Analizzando versione 0.75.0-nightly-20240324-4c8e253d8 (1747/2377)...
2025-11-13 04:57:22,382 - UnicodeAnalyzer - INFO - Filtrati 3 file (es. in /dist, /test).
2025-11-13 04:57:22,627 - UnicodeAnalyzer - INFO - -> Analizzando versione 0.75.0-nightly-20240325-ac714b1c3 (1748/2377)...
2025-11-13 04:57:22,681 - UnicodeAnalyzer - INFO - Filtrati 3 file (es. in /dist, /test).
2025-11-13 04:57:22,942 - UnicodeAnalyzer - INFO - -> Analizzando versione 0.75.0-nightly-20240327-2af1da42f (1749/2377)...
2025-11-13 04:57:22,991 - UnicodeAnalyzer - INFO - Filtrati 3 file (es. in /dist, /test).
2025-11-13 04:57:23,269 - UnicodeAnalyzer - INFO - -> Analizzando versione 0.75.0-nightly-20240328-af309127a (1750/2377)...
2025-11-13 04:57:23,321 - UnicodeAnalyzer - INFO - Filtrati 3 file (es. in /dist, /test).
2025-11-13 04:57:23,582 - UnicodeAnalyzer - INFO - -> Analizzando versione 0.75.0-nightly-20240329-3f8882116 (1751/2377)...
2025-11-13 04:57:23,632 - UnicodeAnalyzer - INFO - Filtrati 3 file (es. in /dist, /test).
2025-11-13 04:57:23,897 - UnicodeAnalyzer - INFO - -> Analizzando versione 0.75.0-nightly-20240403-3559a6c58 (1752/2377)...
2025-11-13 04:57:23,949 - UnicodeAnalyzer - INFO - Filtrati 3 file (es. in /dist, /test).
2025-11-13 04:57:24,238 - UnicodeAnalyzer - INFO - -> Analizzando versione 0.75.0-nightly-20240404-70c3158b6 (1753/2377)...
2025-11-13 04:57:24,287 - UnicodeAnalyzer - INFO - Filtrati 3 file (es. in /dist, /test).
2025-11-13 04:57:24,548 - UnicodeAnalyzer - INFO - -> Analizzando versione 0.75.0-nightly-20240405-3f05ad6e8 (1754/2377)...
2025-11-13 04:57:24,600 - UnicodeAnalyzer - INFO - Filtrati 3 file (es. in /dist, /test).
2025-11-13 04:57:24,862 - UnicodeAnalyzer - INFO - -> Analizzando versione 0.75.0-nightly-20240406-a05466c5b (1755/2377)...
2025-11-13 04:57:24,915 - UnicodeAnalyzer - INFO - Filtrati 3 file (es. in /dist, /test).
2025-11-13 04:57:25,177 - UnicodeAnalyzer - INFO - -> Analizzando versione 0.75.0-nightly-20240407-592716582 (1756/2377)...
2025-11-13 04:57:25,226 - UnicodeAnalyzer - INFO - Filtrati 3 file (es. in /dist, /test).
2025-11-13 04:57:25,488 - UnicodeAnalyzer - INFO - -> Analizzando versione 0.75.0-nightly-20240408-eae5d9711 (1757/2377)...
2025-11-13 04:57:25,538 - UnicodeAnalyzer - INFO - Filtrati 3 file (es. in /dist, /test).
2025-11-13 04:57:25,820 - UnicodeAnalyzer - INFO - -> Analizzando versione 0.75.0-nightly-20240409-881c0bc89 (1758/2377)...
2025-11-13 04:57:25,875 - UnicodeAnalyzer - INFO - Filtrati 3 file (es. in /dist, /test).
2025-11-13 04:57:26,205 - UnicodeAnalyzer - INFO - -> Analizzando versione 0.75.0-nightly-20240410-f7eaf6388 (1759/2377)...
2025-11-13 04:57:26,256 - UnicodeAnalyzer - INFO - Filtrati 3 file (es. in /dist, /test).
2025-11-13 04:57:26,581 - UnicodeAnalyzer - INFO - -> Analizzando versione 0.75.0-nightly-20240411-46b6453eb (1760/2377)...
2025-11-13 04:57:26,631 - UnicodeAnalyzer - INFO - Filtrati 3 file (es. in /dist, /test).
2025-11-13 04:57:26,956 - UnicodeAnalyzer - INFO - -> Analizzando versione 0.75.0-nightly-20240412-b72f5e998 (1761/2377)...
2025-11-13 04:57:27,006 - UnicodeAnalyzer - INFO - Filtrati 3 file (es. in /dist, /test).
2025-11-13 04:57:27,335 - UnicodeAnalyzer - INFO - -> Analizzando versione 0.75.0-nightly-20240413-1b152f6ec (1762/2377)...
2025-11-13 04:57:27,387 - UnicodeAnalyzer - INFO - Filtrati 3 file (es. in /dist, /test).
2025-11-13 04:57:27,720 - UnicodeAnalyzer - INFO - -> Analizzando versione 0.75.0-nightly-20240414-a5eeea814 (1763/2377)...
2025-11-13 04:57:27,769 - UnicodeAnalyzer - INFO - Filtrati 3 file (es. in /dist, /test).
2025-11-13 04:57:28,105 - UnicodeAnalyzer - INFO - -> Analizzando versione 0.75.0-nightly-20240415-e7154bdd9 (1764/2377)...
2025-11-13 04:57:28,155 - UnicodeAnalyzer - INFO - Filtrati 3 file (es. in /dist, /test).
2025-11-13 04:57:28,503 - UnicodeAnalyzer - INFO - -> Analizzando versione 0.75.0-nightly-20240416-8c53ac607 (1765/2377)...
2025-11-13 04:57:28,557 - UnicodeAnalyzer - INFO - Filtrati 3 file (es. in /dist, /test).
2025-11-13 04:57:28,877 - UnicodeAnalyzer - INFO - -> Analizzando versione 0.75.0-nightly-20240417-fe9942a19 (1766/2377)...
2025-11-13 04:57:28,930 - UnicodeAnalyzer - INFO - Filtrati 3 file (es. in /dist, /test).
2025-11-13 04:57:29,254 - UnicodeAnalyzer - INFO - -> Analizzando versione 0.75.0-nightly-20240418-4fbc1f2ef (1767/2377)...
2025-11-13 04:57:29,306 - UnicodeAnalyzer - INFO - Filtrati 3 file (es. in /dist, /test).
2025-11-13 04:57:29,633 - UnicodeAnalyzer - INFO - -> Analizzando versione 0.75.0-nightly-20240419-73b4d67a7 (1768/2377)...
2025-11-13 04:57:29,686 - UnicodeAnalyzer - INFO - Filtrati 3 file (es. in /dist, /test).
2025-11-13 04:57:30,016 - UnicodeAnalyzer - INFO - -> Analizzando versione 0.75.0-nightly-20240420-03a51da72 (1769/2377)...
2025-11-13 04:57:30,069 - UnicodeAnalyzer - INFO - Filtrati 3 file (es. in /dist, /test).
2025-11-13 04:57:30,380 - UnicodeAnalyzer - INFO - -> Analizzando versione 0.75.0-nightly-20240422-876914be5 (1770/2377)...
2025-11-13 04:57:30,431 - UnicodeAnalyzer - INFO - Filtrati 3 file (es. in /dist, /test).
2025-11-13 04:57:30,758 - UnicodeAnalyzer - INFO - -> Analizzando versione 0.75.0-nightly-20240423-41f525cca (1771/2377)...
2025-11-13 04:57:30,811 - UnicodeAnalyzer - INFO - Filtrati 3 file (es. in /dist, /test).
2025-11-13 04:57:31,131 - UnicodeAnalyzer - INFO - -> Analizzando versione 0.75.0-nightly-20240424-132563d81 (1772/2377)...
2025-11-13 04:57:31,186 - UnicodeAnalyzer - INFO - Filtrati 3 file (es. in /dist, /test).
2025-11-13 04:57:31,504 - UnicodeAnalyzer - INFO - -> Analizzando versione 0.75.0-nightly-20240425-2876fae8d (1773/2377)...
2025-11-13 04:57:31,555 - UnicodeAnalyzer - INFO - Filtrati 3 file (es. in /dist, /test).
2025-11-13 04:57:31,861 - UnicodeAnalyzer - INFO - -> Analizzando versione 0.75.0-nightly-20240426-9c4ee6df0 (1774/2377)...
2025-11-13 04:57:31,913 - UnicodeAnalyzer - INFO - Filtrati 3 file (es. in /dist, /test).
2025-11-13 04:57:32,220 - UnicodeAnalyzer - INFO - -> Analizzando versione 0.75.0-nightly-20240427-e2ad6696d (1775/2377)...
2025-11-13 04:57:32,272 - UnicodeAnalyzer - INFO - Filtrati 3 file (es. in /dist, /test).
2025-11-13 04:57:32,587 - UnicodeAnalyzer - INFO - -> Analizzando versione 0.75.0-nightly-20240428-bb2c13af5 (1776/2377)...
2025-11-13 04:57:32,638 - UnicodeAnalyzer - INFO - Filtrati 3 file (es. in /dist, /test).
2025-11-13 04:57:33,505 - UnicodeAnalyzer - INFO - -> Analizzando versione 0.75.0-nightly-20240429-b7de91666 (1777/2377)...
2025-11-13 04:57:33,557 - UnicodeAnalyzer - INFO - Filtrati 3 file (es. in /dist, /test).
2025-11-13 04:57:33,919 - UnicodeAnalyzer - INFO - -> Analizzando versione 0.75.0-nightly-20240430-c96c89337 (1778/2377)...
2025-11-13 04:57:33,976 - UnicodeAnalyzer - INFO - Filtrati 3 file (es. in /dist, /test).
2025-11-13 04:57:34,370 - UnicodeAnalyzer - INFO - -> Analizzando versione 0.75.0-nightly-20240501-90663081d (1779/2377)...
2025-11-13 04:57:34,422 - UnicodeAnalyzer - INFO - Filtrati 3 file (es. in /dist, /test).
2025-11-13 04:57:34,783 - UnicodeAnalyzer - INFO - -> Analizzando versione 0.75.0-nightly-20240502-88de74b2d (1780/2377)...
2025-11-13 04:57:34,834 - UnicodeAnalyzer - INFO - Filtrati 3 file (es. in /dist, /test).
2025-11-13 04:57:35,171 - UnicodeAnalyzer - INFO - -> Analizzando versione 0.75.0-nightly-20240503-1d2221ab4 (1781/2377)...
2025-11-13 04:57:35,223 - UnicodeAnalyzer - INFO - Filtrati 3 file (es. in /dist, /test).
2025-11-13 04:57:35,588 - UnicodeAnalyzer - INFO - -> Analizzando versione 0.75.0-nightly-20240506-362abb9ff (1782/2377)...
2025-11-13 04:57:35,638 - UnicodeAnalyzer - INFO - Filtrati 3 file (es. in /dist, /test).
2025-11-13 04:57:35,975 - UnicodeAnalyzer - INFO - -> Analizzando versione 0.75.0-nightly-20240507-be09d1266 (1783/2377)...
2025-11-13 04:57:36,027 - UnicodeAnalyzer - INFO - Filtrati 3 file (es. in /dist, /test).
2025-11-13 04:57:36,365 - UnicodeAnalyzer - INFO - -> Analizzando versione 0.75.0-nightly-20240508-88ab1ceea (1784/2377)...
2025-11-13 04:57:36,415 - UnicodeAnalyzer - INFO - Filtrati 3 file (es. in /dist, /test).
2025-11-13 04:57:36,774 - UnicodeAnalyzer - INFO - -> Analizzando versione 0.75.0-nightly-20240509-f4996e0b6 (1785/2377)...
2025-11-13 04:57:36,823 - UnicodeAnalyzer - INFO - Filtrati 3 file (es. in /dist, /test).
2025-11-13 04:57:37,166 - UnicodeAnalyzer - INFO - -> Analizzando versione 0.75.0-nightly-20240510-1db50a37d (1786/2377)...
2025-11-13 04:57:37,216 - UnicodeAnalyzer - INFO - Filtrati 3 file (es. in /dist, /test).
2025-11-13 04:57:37,555 - UnicodeAnalyzer - INFO - -> Analizzando versione 0.75.0-nightly-20240511-3f17c8b5f (1787/2377)...
2025-11-13 04:57:37,607 - UnicodeAnalyzer - INFO - Filtrati 3 file (es. in /dist, /test).
2025-11-13 04:57:37,950 - UnicodeAnalyzer - INFO - -> Analizzando versione 0.75.0-nightly-20240512-a37111a4d (1788/2377)...
2025-11-13 04:57:38,001 - UnicodeAnalyzer - INFO - Filtrati 3 file (es. in /dist, /test).
2025-11-13 04:57:38,336 - UnicodeAnalyzer - INFO - -> Analizzando versione 0.75.0-nightly-20240514-734ac42d6 (1789/2377)...
2025-11-13 04:57:38,386 - UnicodeAnalyzer - INFO - Filtrati 3 file (es. in /dist, /test).
2025-11-13 04:57:38,728 - UnicodeAnalyzer - INFO - -> Analizzando versione 0.75.0-nightly-20240515-ad4c39ec9 (1790/2377)...
2025-11-13 04:57:38,778 - UnicodeAnalyzer - INFO - Filtrati 3 file (es. in /dist, /test).
2025-11-13 04:57:39,131 - UnicodeAnalyzer - INFO - -> Analizzando versione 0.75.0-nightly-20240516-1aabefc5b (1791/2377)...
2025-11-13 04:57:39,182 - UnicodeAnalyzer - INFO - Filtrati 3 file (es. in /dist, /test).
2025-11-13 04:57:39,540 - UnicodeAnalyzer - INFO - -> Analizzando versione 0.75.0-nightly-20240517-044aadbaf (1792/2377)...
2025-11-13 04:57:39,592 - UnicodeAnalyzer - INFO - Filtrati 3 file (es. in /dist, /test).
2025-11-13 04:57:39,965 - UnicodeAnalyzer - INFO - -> Analizzando versione 0.75.0-nightly-20240518-93c079b92 (1793/2377)...
2025-11-13 04:57:40,015 - UnicodeAnalyzer - INFO - Filtrati 3 file (es. in /dist, /test).
2025-11-13 04:57:40,364 - UnicodeAnalyzer - INFO - -> Analizzando versione 0.75.0-nightly-20240519-93c079b92 (1794/2377)...
2025-11-13 04:57:40,414 - UnicodeAnalyzer - INFO - Filtrati 3 file (es. in /dist, /test).
2025-11-13 04:57:40,767 - UnicodeAnalyzer - INFO - -> Analizzando versione 0.75.0-nightly-20240520-2a96dba07 (1795/2377)...
2025-11-13 04:57:40,819 - UnicodeAnalyzer - INFO - Filtrati 3 file (es. in /dist, /test).
2025-11-13 04:57:41,186 - UnicodeAnalyzer - INFO - -> Analizzando versione 0.75.0-nightly-20240521-644facd19 (1796/2377)...
2025-11-13 04:57:41,235 - UnicodeAnalyzer - INFO - Filtrati 3 file (es. in /dist, /test).
2025-11-13 04:57:41,593 - UnicodeAnalyzer - INFO - -> Analizzando versione 0.75.0-nightly-20240522-95de14dc5 (1797/2377)...
2025-11-13 04:57:41,644 - UnicodeAnalyzer - INFO - Filtrati 3 file (es. in /dist, /test).
2025-11-13 04:57:41,994 - UnicodeAnalyzer - INFO - -> Analizzando versione 0.75.0-nightly-20240523-1343313dc (1798/2377)...
2025-11-13 04:57:42,046 - UnicodeAnalyzer - INFO - Filtrati 3 file (es. in /dist, /test).
2025-11-13 04:57:42,404 - UnicodeAnalyzer - INFO - -> Analizzando versione 0.75.0-nightly-20240524-91d12d9b9 (1799/2377)...
2025-11-13 04:57:42,459 - UnicodeAnalyzer - INFO - Filtrati 3 file (es. in /dist, /test).
2025-11-13 04:57:42,820 - UnicodeAnalyzer - INFO - -> Analizzando versione 0.75.0-nightly-20240525-840c31c3a (1800/2377)...
2025-11-13 04:57:42,871 - UnicodeAnalyzer - INFO - Filtrati 3 file (es. in /dist, /test).
2025-11-13 04:57:43,243 - UnicodeAnalyzer - INFO - -> Analizzando versione 0.75.0-nightly-20240527-c207708c4 (1801/2377)...
2025-11-13 04:57:43,294 - UnicodeAnalyzer - INFO - Filtrati 3 file (es. in /dist, /test).
2025-11-13 04:57:43,655 - UnicodeAnalyzer - INFO - -> Analizzando versione 0.75.0-nightly-20240528-a93a15aca (1802/2377)...
2025-11-13 04:57:43,706 - UnicodeAnalyzer - INFO - Filtrati 3 file (es. in /dist, /test).
2025-11-13 04:57:44,067 - UnicodeAnalyzer - INFO - -> Analizzando versione 0.75.0-nightly-20240529-5fbebb485 (1803/2377)...
2025-11-13 04:57:44,118 - UnicodeAnalyzer - INFO - Filtrati 3 file (es. in /dist, /test).
2025-11-13 04:57:44,475 - UnicodeAnalyzer - INFO - -> Analizzando versione 0.75.0-nightly-20240530-0bea4cd0c (1804/2377)...
2025-11-13 04:57:44,526 - UnicodeAnalyzer - INFO - Filtrati 3 file (es. in /dist, /test).
2025-11-13 04:57:44,878 - UnicodeAnalyzer - INFO - -> Analizzando versione 0.75.0-nightly-20240531-c046198cc (1805/2377)...
2025-11-13 04:57:44,929 - UnicodeAnalyzer - INFO - Filtrati 3 file (es. in /dist, /test).
2025-11-13 04:57:45,282 - UnicodeAnalyzer - INFO - -> Analizzando versione 0.75.0-nightly-20240601-033a55f7f (1806/2377)...
2025-11-13 04:57:45,332 - UnicodeAnalyzer - INFO - Filtrati 3 file (es. in /dist, /test).
2025-11-13 04:57:45,689 - UnicodeAnalyzer - INFO - -> Analizzando versione 0.75.0-nightly-20240602-033a55f7f (1807/2377)...
2025-11-13 04:57:45,740 - UnicodeAnalyzer - INFO - Filtrati 3 file (es. in /dist, /test).
2025-11-13 04:57:46,097 - UnicodeAnalyzer - INFO - -> Analizzando versione 0.75.0-nightly-20240603-a6a7cdf0b (1808/2377)...
2025-11-13 04:57:46,149 - UnicodeAnalyzer - INFO - Filtrati 3 file (es. in /dist, /test).
2025-11-13 04:57:46,516 - UnicodeAnalyzer - INFO - -> Analizzando versione 0.75.0-nightly-20240604-744024be7 (1809/2377)...
2025-11-13 04:57:46,565 - UnicodeAnalyzer - INFO - Filtrati 3 file (es. in /dist, /test).
2025-11-13 04:57:46,918 - UnicodeAnalyzer - INFO - -> Analizzando versione 0.75.0-nightly-20240605-TEMP (1810/2377)...
2025-11-13 04:57:46,972 - UnicodeAnalyzer - INFO - Filtrati 3 file (es. in /dist, /test).
2025-11-13 04:57:47,339 - UnicodeAnalyzer - INFO - -> Analizzando versione 0.75.0-nightly-20240605-a569c82eb (1811/2377)...
2025-11-13 04:57:47,390 - UnicodeAnalyzer - INFO - Filtrati 3 file (es. in /dist, /test).
2025-11-13 04:57:47,730 - UnicodeAnalyzer - INFO - -> Analizzando versione 0.75.0-nightly-20240606-4324f0874 (1812/2377)...
2025-11-13 04:57:47,780 - UnicodeAnalyzer - INFO - Filtrati 3 file (es. in /dist, /test).
2025-11-13 04:57:48,129 - UnicodeAnalyzer - INFO - -> Analizzando versione 0.75.0-nightly-20240606-cf8b25ead (1813/2377)...
2025-11-13 04:57:48,181 - UnicodeAnalyzer - INFO - Filtrati 3 file (es. in /dist, /test).
2025-11-13 04:57:48,518 - UnicodeAnalyzer - INFO - -> Analizzando versione 0.75.0-nightly-20240608-61de7da03 (1814/2377)...
2025-11-13 04:57:48,568 - UnicodeAnalyzer - INFO - Filtrati 3 file (es. in /dist, /test).
2025-11-13 04:57:48,928 - UnicodeAnalyzer - INFO - -> Analizzando versione 0.75.0-nightly-20240609-2483c6301 (1815/2377)...
2025-11-13 04:57:48,981 - UnicodeAnalyzer - INFO - Filtrati 3 file (es. in /dist, /test).
2025-11-13 04:57:49,328 - UnicodeAnalyzer - INFO - -> Analizzando versione 0.75.0-nightly-20240610-6937c7044 (1816/2377)...
2025-11-13 04:57:49,379 - UnicodeAnalyzer - INFO - Filtrati 3 file (es. in /dist, /test).
2025-11-13 04:57:49,753 - UnicodeAnalyzer - INFO - -> Analizzando versione 0.75.0-nightly-20240610-ced076210 (1817/2377)...
2025-11-13 04:57:49,804 - UnicodeAnalyzer - INFO - Filtrati 3 file (es. in /dist, /test).
2025-11-13 04:57:50,171 - UnicodeAnalyzer - INFO - -> Analizzando versione 0.75.0-nightly-20240611-5b3a32142 (1818/2377)...
2025-11-13 04:57:50,222 - UnicodeAnalyzer - INFO - Filtrati 3 file (es. in /dist, /test).
2025-11-13 04:57:50,575 - UnicodeAnalyzer - INFO - -> Analizzando versione 0.75.0-nightly-20240612-fd618819c (1819/2377)...
2025-11-13 04:57:50,631 - UnicodeAnalyzer - INFO - Filtrati 3 file (es. in /dist, /test).
2025-11-13 04:57:50,977 - UnicodeAnalyzer - INFO - -> Analizzando versione 0.75.0-nightly-20240613-f7aea0c8e (1820/2377)...
2025-11-13 04:57:51,030 - UnicodeAnalyzer - INFO - Filtrati 3 file (es. in /dist, /test).
2025-11-13 04:57:51,375 - UnicodeAnalyzer - INFO - -> Analizzando versione 0.75.0-nightly-20240614-8b53d41a8 (1821/2377)...
2025-11-13 04:57:51,429 - UnicodeAnalyzer - INFO - Filtrati 3 file (es. in /dist, /test).
2025-11-13 04:57:51,784 - UnicodeAnalyzer - INFO - -> Analizzando versione 0.75.0-nightly-20240616-2f8d4f0c2 (1822/2377)...
2025-11-13 04:57:51,834 - UnicodeAnalyzer - INFO - Filtrati 3 file (es. in /dist, /test).
2025-11-13 04:57:52,179 - UnicodeAnalyzer - INFO - -> Analizzando versione 0.75.0-nightly-20240617-9435097b1 (1823/2377)...
2025-11-13 04:57:52,228 - UnicodeAnalyzer - INFO - Filtrati 3 file (es. in /dist, /test).
2025-11-13 04:57:52,608 - UnicodeAnalyzer - INFO - -> Analizzando versione 0.75.0-nightly-20240618-5df5ed1a8 (1824/2377)...
2025-11-13 04:57:52,657 - UnicodeAnalyzer - INFO - Filtrati 3 file (es. in /dist, /test).
2025-11-13 04:57:52,973 - UnicodeAnalyzer - INFO - -> Analizzando versione 0.75.0-rc.0 (1825/2377)...
2025-11-13 04:57:53,020 - UnicodeAnalyzer - INFO - Filtrati 3 file (es. in /dist, /test).
2025-11-13 04:57:53,359 - UnicodeAnalyzer - INFO - -> Analizzando versione 0.75.0-rc.1 (1826/2377)...
2025-11-13 04:57:53,406 - UnicodeAnalyzer - INFO - Filtrati 3 file (es. in /dist, /test).
2025-11-13 04:57:53,740 - UnicodeAnalyzer - INFO - -> Analizzando versione 0.75.0-rc.2 (1827/2377)...
2025-11-13 04:57:53,786 - UnicodeAnalyzer - INFO - Filtrati 3 file (es. in /dist, /test).
2025-11-13 04:57:54,136 - UnicodeAnalyzer - INFO - -> Analizzando versione 0.75.0-rc.3 (1828/2377)...
2025-11-13 04:57:54,181 - UnicodeAnalyzer - INFO - Filtrati 3 file (es. in /dist, /test).
2025-11-13 04:57:54,508 - UnicodeAnalyzer - INFO - -> Analizzando versione 0.75.0-rc.4 (1829/2377)...
2025-11-13 04:57:54,558 - UnicodeAnalyzer - INFO - Filtrati 3 file (es. in /dist, /test).
2025-11-13 04:57:54,887 - UnicodeAnalyzer - INFO - -> Analizzando versione 0.75.0-rc.5 (1830/2377)...
2025-11-13 04:57:54,935 - UnicodeAnalyzer - INFO - Filtrati 3 file (es. in /dist, /test).
2025-11-13 04:57:55,281 - UnicodeAnalyzer - INFO - -> Analizzando versione 0.75.0-rc.6 (1831/2377)...
2025-11-13 04:57:55,331 - UnicodeAnalyzer - INFO - Filtrati 3 file (es. in /dist, /test).
2025-11-13 04:57:55,688 - UnicodeAnalyzer - INFO - -> Analizzando versione 0.75.0-rc.7 (1832/2377)...
2025-11-13 04:57:55,738 - UnicodeAnalyzer - INFO - Filtrati 3 file (es. in /dist, /test).
2025-11-13 04:57:56,097 - UnicodeAnalyzer - INFO - -> Analizzando versione 0.75.1 (1833/2377)...
2025-11-13 04:57:56,148 - UnicodeAnalyzer - INFO - Filtrati 3 file (es. in /dist, /test).
2025-11-13 04:57:56,506 - UnicodeAnalyzer - INFO - -> Analizzando versione 0.75.2 (1834/2377)...
2025-11-13 04:57:56,555 - UnicodeAnalyzer - INFO - Filtrati 3 file (es. in /dist, /test).
2025-11-13 04:57:56,908 - UnicodeAnalyzer - INFO - -> Analizzando versione 0.75.3 (1835/2377)...
2025-11-13 04:57:56,955 - UnicodeAnalyzer - INFO - Filtrati 3 file (es. in /dist, /test).
2025-11-13 04:57:57,315 - UnicodeAnalyzer - INFO - -> Analizzando versione 0.75.4 (1836/2377)...
2025-11-13 04:57:57,361 - UnicodeAnalyzer - INFO - Filtrati 3 file (es. in /dist, /test).
2025-11-13 04:57:57,721 - UnicodeAnalyzer - INFO - -> Analizzando versione 0.75.5 (1837/2377)...
2025-11-13 04:57:57,768 - UnicodeAnalyzer - INFO - Filtrati 3 file (es. in /dist, /test).
2025-11-13 04:57:58,125 - UnicodeAnalyzer - INFO - -> Analizzando versione 0.76.0 (1838/2377)...
2025-11-13 04:57:58,175 - UnicodeAnalyzer - INFO - Filtrati 3 file (es. in /dist, /test).
2025-11-13 04:57:58,530 - UnicodeAnalyzer - INFO - -> Analizzando versione 0.76.0-nightly-20240627-TEMP (1839/2377)...
2025-11-13 04:57:58,578 - UnicodeAnalyzer - INFO - Filtrati 3 file (es. in /dist, /test).
2025-11-13 04:57:58,925 - UnicodeAnalyzer - INFO - -> Analizzando versione 0.76.0-nightly-20240628-TEMP (1840/2377)...
2025-11-13 04:57:58,975 - UnicodeAnalyzer - INFO - Filtrati 3 file (es. in /dist, /test).
2025-11-13 04:57:59,285 - UnicodeAnalyzer - INFO - -> Analizzando versione 0.76.0-nightly-20240629-TEMP (1841/2377)...
2025-11-13 04:57:59,334 - UnicodeAnalyzer - INFO - Filtrati 3 file (es. in /dist, /test).
2025-11-13 04:57:59,648 - UnicodeAnalyzer - INFO - -> Analizzando versione 0.76.0-nightly-20240630-TEMP (1842/2377)...
2025-11-13 04:57:59,697 - UnicodeAnalyzer - INFO - Filtrati 3 file (es. in /dist, /test).
2025-11-13 04:58:00,023 - UnicodeAnalyzer - INFO - -> Analizzando versione 0.76.0-nightly-20240701-9f6cb21ed (1843/2377)...
2025-11-13 04:58:00,076 - UnicodeAnalyzer - INFO - Filtrati 3 file (es. in /dist, /test).
2025-11-13 04:58:00,394 - UnicodeAnalyzer - INFO - -> Analizzando versione 0.76.0-nightly-20240702-ad3df8466 (1844/2377)...
2025-11-13 04:58:00,447 - UnicodeAnalyzer - INFO - Filtrati 3 file (es. in /dist, /test).
2025-11-13 04:58:00,776 - UnicodeAnalyzer - INFO - -> Analizzando versione 0.76.0-nightly-20240704-af506372b (1845/2377)...
2025-11-13 04:58:00,829 - UnicodeAnalyzer - INFO - Filtrati 3 file (es. in /dist, /test).
2025-11-13 04:58:01,147 - UnicodeAnalyzer - INFO - -> Analizzando versione 0.76.0-nightly-20240705-62cca7acc (1846/2377)...
2025-11-13 04:58:01,196 - UnicodeAnalyzer - INFO - Filtrati 3 file (es. in /dist, /test).
2025-11-13 04:58:01,508 - UnicodeAnalyzer - INFO - -> Analizzando versione 0.76.0-nightly-20240706-8c8c77b97 (1847/2377)...
2025-11-13 04:58:01,557 - UnicodeAnalyzer - INFO - Filtrati 3 file (es. in /dist, /test).
2025-11-13 04:58:01,890 - UnicodeAnalyzer - INFO - -> Analizzando versione 0.76.0-nightly-20240709-12b64b782 (1848/2377)...
2025-11-13 04:58:01,940 - UnicodeAnalyzer - INFO - Filtrati 3 file (es. in /dist, /test).
2025-11-13 04:58:02,272 - UnicodeAnalyzer - INFO - -> Analizzando versione 0.76.0-nightly-20240710-9a1ae97c2 (1849/2377)...
2025-11-13 04:58:02,323 - UnicodeAnalyzer - INFO - Filtrati 3 file (es. in /dist, /test).
2025-11-13 04:58:02,660 - UnicodeAnalyzer - INFO - -> Analizzando versione 0.76.0-nightly-20240715-2eb7bcb8d (1850/2377)...
2025-11-13 04:58:02,709 - UnicodeAnalyzer - INFO - Filtrati 3 file (es. in /dist, /test).
2025-11-13 04:58:03,038 - UnicodeAnalyzer - INFO - -> Analizzando versione 0.76.0-nightly-20240719-6d56cea28 (1851/2377)...
2025-11-13 04:58:03,088 - UnicodeAnalyzer - INFO - Filtrati 3 file (es. in /dist, /test).
2025-11-13 04:58:03,422 - UnicodeAnalyzer - INFO - -> Analizzando versione 0.76.0-nightly-20240720-3a5eb1973 (1852/2377)...
2025-11-13 04:58:03,473 - UnicodeAnalyzer - INFO - Filtrati 3 file (es. in /dist, /test).
2025-11-13 04:58:03,790 - UnicodeAnalyzer - INFO - -> Analizzando versione 0.76.0-nightly-20240721-9af63956d (1853/2377)...
2025-11-13 04:58:03,841 - UnicodeAnalyzer - INFO - Filtrati 3 file (es. in /dist, /test).
2025-11-13 04:58:04,152 - UnicodeAnalyzer - INFO - -> Analizzando versione 0.76.0-nightly-20240722-9af63956d (1854/2377)...
2025-11-13 04:58:04,202 - UnicodeAnalyzer - INFO - Filtrati 3 file (es. in /dist, /test).
2025-11-13 04:58:04,535 - UnicodeAnalyzer - INFO - -> Analizzando versione 0.76.0-nightly-20240723-700b403e0 (1855/2377)...
2025-11-13 04:58:04,587 - UnicodeAnalyzer - INFO - Filtrati 3 file (es. in /dist, /test).
2025-11-13 04:58:04,915 - UnicodeAnalyzer - INFO - -> Analizzando versione 0.76.0-nightly-20240726-TEMP (1856/2377)...
2025-11-13 04:58:04,968 - UnicodeAnalyzer - INFO - Filtrati 3 file (es. in /dist, /test).
2025-11-13 04:58:05,281 - UnicodeAnalyzer - INFO - -> Analizzando versione 0.76.0-nightly-20240727-TEMP (1857/2377)...
2025-11-13 04:58:05,332 - UnicodeAnalyzer - INFO - Filtrati 3 file (es. in /dist, /test).
2025-11-13 04:58:05,644 - UnicodeAnalyzer - INFO - -> Analizzando versione 0.76.0-nightly-20240728-TEMP (1858/2377)...
2025-11-13 04:58:05,695 - UnicodeAnalyzer - INFO - Filtrati 3 file (es. in /dist, /test).
2025-11-13 04:58:06,049 - UnicodeAnalyzer - INFO - -> Analizzando versione 0.76.0-nightly-20240729-TEMP (1859/2377)...
2025-11-13 04:58:06,102 - UnicodeAnalyzer - INFO - Filtrati 3 file (es. in /dist, /test).
2025-11-13 04:58:06,422 - UnicodeAnalyzer - INFO - -> Analizzando versione 0.76.0-nightly-20240730-TEMP (1860/2377)...
2025-11-13 04:58:06,473 - UnicodeAnalyzer - INFO - Filtrati 3 file (es. in /dist, /test).
2025-11-13 04:58:06,788 - UnicodeAnalyzer - INFO - -> Analizzando versione 0.76.0-nightly-20240731-TEMP (1861/2377)...
2025-11-13 04:58:06,841 - UnicodeAnalyzer - INFO - Filtrati 3 file (es. in /dist, /test).
2025-11-13 04:58:07,171 - UnicodeAnalyzer - INFO - -> Analizzando versione 0.76.0-nightly-20240801-TEMP (1862/2377)...
2025-11-13 04:58:07,220 - UnicodeAnalyzer - INFO - Filtrati 3 file (es. in /dist, /test).
2025-11-13 04:58:07,574 - UnicodeAnalyzer - INFO - -> Analizzando versione 0.76.0-nightly-20240815-9bc32a010 (1863/2377)...
2025-11-13 04:58:07,623 - UnicodeAnalyzer - INFO - Filtrati 3 file (es. in /dist, /test).
2025-11-13 04:58:07,953 - UnicodeAnalyzer - INFO - -> Analizzando versione 0.76.0-nightly-20240816-17017d2b8 (1864/2377)...
2025-11-13 04:58:08,004 - UnicodeAnalyzer - INFO - Filtrati 3 file (es. in /dist, /test).
2025-11-13 04:58:08,332 - UnicodeAnalyzer - INFO - -> Analizzando versione 0.76.0-nightly-20240817-3e6b4fa23 (1865/2377)...
2025-11-13 04:58:08,383 - UnicodeAnalyzer - INFO - Filtrati 3 file (es. in /dist, /test).
2025-11-13 04:58:08,719 - UnicodeAnalyzer - INFO - -> Analizzando versione 0.76.0-nightly-20240818-25d6a152c (1866/2377)...
2025-11-13 04:58:08,771 - UnicodeAnalyzer - INFO - Filtrati 3 file (es. in /dist, /test).
2025-11-13 04:58:09,107 - UnicodeAnalyzer - INFO - -> Analizzando versione 0.76.0-nightly-20240819-d4d5ab0bb (1867/2377)...
2025-11-13 04:58:09,161 - UnicodeAnalyzer - INFO - Filtrati 3 file (es. in /dist, /test).
2025-11-13 04:58:09,491 - UnicodeAnalyzer - INFO - -> Analizzando versione 0.76.0-nightly-20240820-1a49892d5 (1868/2377)...
2025-11-13 04:58:09,540 - UnicodeAnalyzer - INFO - Filtrati 3 file (es. in /dist, /test).
2025-11-13 04:58:09,876 - UnicodeAnalyzer - INFO - -> Analizzando versione 0.76.0-nightly-20240821-387560a9a (1869/2377)...
2025-11-13 04:58:09,928 - UnicodeAnalyzer - INFO - Filtrati 3 file (es. in /dist, /test).
2025-11-13 04:58:10,279 - UnicodeAnalyzer - INFO - -> Analizzando versione 0.76.0-nightly-20240822-81a41ec97 (1870/2377)...
2025-11-13 04:58:10,332 - UnicodeAnalyzer - INFO - Filtrati 3 file (es. in /dist, /test).
2025-11-13 04:58:10,657 - UnicodeAnalyzer - INFO - -> Analizzando versione 0.76.0-nightly-20240823-858ad5e9c (1871/2377)...
2025-11-13 04:58:10,708 - UnicodeAnalyzer - INFO - Filtrati 3 file (es. in /dist, /test).
2025-11-13 04:58:11,037 - UnicodeAnalyzer - INFO - -> Analizzando versione 0.76.0-nightly-20240824-09e88448c (1872/2377)...
2025-11-13 04:58:11,088 - UnicodeAnalyzer - INFO - Filtrati 3 file (es. in /dist, /test).
2025-11-13 04:58:11,418 - UnicodeAnalyzer - INFO - -> Analizzando versione 0.76.0-nightly-20240825-6cfe51ded (1873/2377)...
2025-11-13 04:58:11,471 - UnicodeAnalyzer - INFO - Filtrati 3 file (es. in /dist, /test).
2025-11-13 04:58:11,804 - UnicodeAnalyzer - INFO - -> Analizzando versione 0.76.0-nightly-20240826-6cfe51ded (1874/2377)...
2025-11-13 04:58:11,857 - UnicodeAnalyzer - INFO - Filtrati 3 file (es. in /dist, /test).
2025-11-13 04:58:12,199 - UnicodeAnalyzer - INFO - -> Analizzando versione 0.76.0-nightly-20240827-851037d14 (1875/2377)...
2025-11-13 04:58:12,252 - UnicodeAnalyzer - INFO - Filtrati 3 file (es. in /dist, /test).
2025-11-13 04:58:12,580 - UnicodeAnalyzer - INFO - -> Analizzando versione 0.76.0-nightly-20240828-cf356bd19 (1876/2377)...
2025-11-13 04:58:12,631 - UnicodeAnalyzer - INFO - Filtrati 3 file (es. in /dist, /test).
2025-11-13 04:58:12,989 - UnicodeAnalyzer - INFO - -> Analizzando versione 0.76.0-nightly-20240829-20e3f4518 (1877/2377)...
2025-11-13 04:58:13,043 - UnicodeAnalyzer - INFO - Filtrati 3 file (es. in /dist, /test).
2025-11-13 04:58:13,374 - UnicodeAnalyzer - INFO - -> Analizzando versione 0.76.0-nightly-20240830-435124765 (1878/2377)...
2025-11-13 04:58:13,427 - UnicodeAnalyzer - INFO - Filtrati 3 file (es. in /dist, /test).
2025-11-13 04:58:13,775 - UnicodeAnalyzer - INFO - -> Analizzando versione 0.76.0-nightly-20240831-f00e8baff (1879/2377)...
2025-11-13 04:58:13,829 - UnicodeAnalyzer - INFO - Filtrati 3 file (es. in /dist, /test).
2025-11-13 04:58:14,156 - UnicodeAnalyzer - INFO - -> Analizzando versione 0.76.0-nightly-20240901-305b4357e (1880/2377)...
2025-11-13 04:58:14,206 - UnicodeAnalyzer - INFO - Filtrati 3 file (es. in /dist, /test).
2025-11-13 04:58:14,550 - UnicodeAnalyzer - INFO - -> Analizzando versione 0.76.0-nightly-20240902-305b4357e (1881/2377)...
2025-11-13 04:58:14,602 - UnicodeAnalyzer - INFO - Filtrati 3 file (es. in /dist, /test).
2025-11-13 04:58:14,932 - UnicodeAnalyzer - INFO - -> Analizzando versione 0.76.0-nightly-20240903-4ddb12c5e (1882/2377)...
2025-11-13 04:58:14,984 - UnicodeAnalyzer - INFO - Filtrati 3 file (es. in /dist, /test).
2025-11-13 04:58:15,313 - UnicodeAnalyzer - INFO - -> Analizzando versione 0.76.0-nightly-20240904-0a1ba0227 (1883/2377)...
2025-11-13 04:58:15,368 - UnicodeAnalyzer - INFO - Filtrati 3 file (es. in /dist, /test).
2025-11-13 04:58:15,686 - UnicodeAnalyzer - INFO - -> Analizzando versione 0.76.0-nightly-20240905-62ee5c9b8 (1884/2377)...
2025-11-13 04:58:15,739 - UnicodeAnalyzer - INFO - Filtrati 3 file (es. in /dist, /test).
2025-11-13 04:58:16,074 - UnicodeAnalyzer - INFO - -> Analizzando versione 0.76.0-nightly-20240906-5fe766043 (1885/2377)...
2025-11-13 04:58:16,125 - UnicodeAnalyzer - INFO - Filtrati 3 file (es. in /dist, /test).
2025-11-13 04:58:16,483 - UnicodeAnalyzer - INFO - -> Analizzando versione 0.76.0-nightly-20240907-79e4ed2b0 (1886/2377)...
2025-11-13 04:58:16,537 - UnicodeAnalyzer - INFO - Filtrati 3 file (es. in /dist, /test).
2025-11-13 04:58:16,905 - UnicodeAnalyzer - INFO - -> Analizzando versione 0.76.0-nightly-20240908-d687d3898 (1887/2377)...
2025-11-13 04:58:16,956 - UnicodeAnalyzer - INFO - Filtrati 3 file (es. in /dist, /test).
2025-11-13 04:58:17,299 - UnicodeAnalyzer - INFO - -> Analizzando versione 0.76.0-nightly-20240909-143f1ad29 (1888/2377)...
2025-11-13 04:58:17,349 - UnicodeAnalyzer - INFO - Filtrati 3 file (es. in /dist, /test).
2025-11-13 04:58:17,678 - UnicodeAnalyzer - INFO - -> Analizzando versione 0.76.0-nightly-20240909-d424c2443 (1889/2377)...
2025-11-13 04:58:17,729 - UnicodeAnalyzer - INFO - Filtrati 3 file (es. in /dist, /test).
2025-11-13 04:58:18,066 - UnicodeAnalyzer - INFO - -> Analizzando versione 0.76.0-nightly-20240910-84f2d2512 (1890/2377)...
2025-11-13 04:58:18,121 - UnicodeAnalyzer - INFO - Filtrati 3 file (es. in /dist, /test).
2025-11-13 04:58:18,466 - UnicodeAnalyzer - INFO - -> Analizzando versione 0.76.0-rc.0 (1891/2377)...
2025-11-13 04:58:18,515 - UnicodeAnalyzer - INFO - Filtrati 3 file (es. in /dist, /test).
2025-11-13 04:58:18,896 - UnicodeAnalyzer - INFO - -> Analizzando versione 0.76.0-rc.1 (1892/2377)...
2025-11-13 04:58:18,944 - UnicodeAnalyzer - INFO - Filtrati 3 file (es. in /dist, /test).
2025-11-13 04:58:19,310 - UnicodeAnalyzer - INFO - -> Analizzando versione 0.76.0-rc.2 (1893/2377)...
2025-11-13 04:58:19,357 - UnicodeAnalyzer - INFO - Filtrati 3 file (es. in /dist, /test).
2025-11-13 04:58:19,722 - UnicodeAnalyzer - INFO - -> Analizzando versione 0.76.0-rc.3 (1894/2377)...
2025-11-13 04:58:19,770 - UnicodeAnalyzer - INFO - Filtrati 3 file (es. in /dist, /test).
2025-11-13 04:58:20,127 - UnicodeAnalyzer - INFO - -> Analizzando versione 0.76.0-rc.4 (1895/2377)...
2025-11-13 04:58:20,175 - UnicodeAnalyzer - INFO - Filtrati 3 file (es. in /dist, /test).
2025-11-13 04:58:20,537 - UnicodeAnalyzer - INFO - -> Analizzando versione 0.76.0-rc.5 (1896/2377)...
2025-11-13 04:58:20,588 - UnicodeAnalyzer - INFO - Filtrati 3 file (es. in /dist, /test).
2025-11-13 04:58:20,978 - UnicodeAnalyzer - INFO - -> Analizzando versione 0.76.0-rc.6 (1897/2377)...
2025-11-13 04:58:21,026 - UnicodeAnalyzer - INFO - Filtrati 3 file (es. in /dist, /test).
2025-11-13 04:58:21,391 - UnicodeAnalyzer - INFO - -> Analizzando versione 0.76.1 (1898/2377)...
2025-11-13 04:58:21,441 - UnicodeAnalyzer - INFO - Filtrati 3 file (es. in /dist, /test).
2025-11-13 04:58:21,808 - UnicodeAnalyzer - INFO - -> Analizzando versione 0.76.2 (1899/2377)...
2025-11-13 04:58:21,855 - UnicodeAnalyzer - INFO - Filtrati 3 file (es. in /dist, /test).
2025-11-13 04:58:22,213 - UnicodeAnalyzer - INFO - -> Analizzando versione 0.76.3 (1900/2377)...
2025-11-13 04:58:22,260 - UnicodeAnalyzer - INFO - Filtrati 3 file (es. in /dist, /test).
2025-11-13 04:58:22,626 - UnicodeAnalyzer - INFO - -> Analizzando versione 0.76.4 (1901/2377)...
2025-11-13 04:58:22,677 - UnicodeAnalyzer - INFO - Filtrati 3 file (es. in /dist, /test).
2025-11-13 04:58:23,032 - UnicodeAnalyzer - INFO - -> Analizzando versione 0.76.5 (1902/2377)...
2025-11-13 04:58:23,079 - UnicodeAnalyzer - INFO - Filtrati 3 file (es. in /dist, /test).
2025-11-13 04:58:23,457 - UnicodeAnalyzer - INFO - -> Analizzando versione 0.76.6 (1903/2377)...
2025-11-13 04:58:23,505 - UnicodeAnalyzer - INFO - Filtrati 3 file (es. in /dist, /test).
2025-11-13 04:58:23,872 - UnicodeAnalyzer - INFO - -> Analizzando versione 0.76.7 (1904/2377)...
2025-11-13 04:58:23,919 - UnicodeAnalyzer - INFO - Filtrati 3 file (es. in /dist, /test).
2025-11-13 04:58:24,296 - UnicodeAnalyzer - INFO - -> Analizzando versione 0.76.8 (1905/2377)...
2025-11-13 04:58:24,343 - UnicodeAnalyzer - INFO - Filtrati 3 file (es. in /dist, /test).
2025-11-13 04:58:24,707 - UnicodeAnalyzer - INFO - -> Analizzando versione 0.76.9 (1906/2377)...
2025-11-13 04:58:24,757 - UnicodeAnalyzer - INFO - Filtrati 3 file (es. in /dist, /test).
2025-11-13 04:58:25,116 - UnicodeAnalyzer - INFO - -> Analizzando versione 0.77.0 (1907/2377)...
2025-11-13 04:58:25,169 - UnicodeAnalyzer - INFO - Filtrati 3 file (es. in /dist, /test).
2025-11-13 04:58:25,532 - UnicodeAnalyzer - INFO - -> Analizzando versione 0.77.0-nightly-20240911-a05f9c677 (1908/2377)...
2025-11-13 04:58:25,584 - UnicodeAnalyzer - INFO - Filtrati 3 file (es. in /dist, /test).
2025-11-13 04:58:25,917 - UnicodeAnalyzer - INFO - -> Analizzando versione 0.77.0-nightly-20240912-c94246970 (1909/2377)...
2025-11-13 04:58:25,968 - UnicodeAnalyzer - INFO - Filtrati 3 file (es. in /dist, /test).
2025-11-13 04:58:26,308 - UnicodeAnalyzer - INFO - -> Analizzando versione 0.77.0-nightly-20240913-5e288d0cd (1910/2377)...
2025-11-13 04:58:26,358 - UnicodeAnalyzer - INFO - Filtrati 3 file (es. in /dist, /test).
2025-11-13 04:58:26,696 - UnicodeAnalyzer - INFO - -> Analizzando versione 0.77.0-nightly-20240914-6bcaa0974 (1911/2377)...
2025-11-13 04:58:26,745 - UnicodeAnalyzer - INFO - Filtrati 3 file (es. in /dist, /test).
2025-11-13 04:58:27,083 - UnicodeAnalyzer - INFO - -> Analizzando versione 0.77.0-nightly-20240915-afb40e9f2 (1912/2377)...
2025-11-13 04:58:27,133 - UnicodeAnalyzer - INFO - Filtrati 3 file (es. in /dist, /test).
2025-11-13 04:58:27,469 - UnicodeAnalyzer - INFO - -> Analizzando versione 0.77.0-nightly-20240916-7bd4a5496 (1913/2377)...
2025-11-13 04:58:27,520 - UnicodeAnalyzer - INFO - Filtrati 3 file (es. in /dist, /test).
2025-11-13 04:58:27,853 - UnicodeAnalyzer - INFO - -> Analizzando versione 0.77.0-nightly-20240917-51673e41a (1914/2377)...
2025-11-13 04:58:27,904 - UnicodeAnalyzer - INFO - Filtrati 3 file (es. in /dist, /test).
2025-11-13 04:58:28,241 - UnicodeAnalyzer - INFO - -> Analizzando versione 0.77.0-nightly-20240918-bebd6531b (1915/2377)...
2025-11-13 04:58:28,292 - UnicodeAnalyzer - INFO - Filtrati 3 file (es. in /dist, /test).
2025-11-13 04:58:28,629 - UnicodeAnalyzer - INFO - -> Analizzando versione 0.77.0-nightly-20240919-0fe234cb6 (1916/2377)...
2025-11-13 04:58:28,682 - UnicodeAnalyzer - INFO - Filtrati 3 file (es. in /dist, /test).
2025-11-13 04:58:29,015 - UnicodeAnalyzer - INFO - -> Analizzando versione 0.77.0-nightly-20240920-1288e3842 (1917/2377)...
2025-11-13 04:58:29,064 - UnicodeAnalyzer - INFO - Filtrati 3 file (es. in /dist, /test).
2025-11-13 04:58:29,397 - UnicodeAnalyzer - INFO - -> Analizzando versione 0.77.0-nightly-20240921-1747f57c6 (1918/2377)...
2025-11-13 04:58:29,448 - UnicodeAnalyzer - INFO - Filtrati 3 file (es. in /dist, /test).
2025-11-13 04:58:29,788 - UnicodeAnalyzer - INFO - -> Analizzando versione 0.77.0-nightly-20240922-bd323929d (1919/2377)...
2025-11-13 04:58:29,838 - UnicodeAnalyzer - INFO - Filtrati 3 file (es. in /dist, /test).
2025-11-13 04:58:30,169 - UnicodeAnalyzer - INFO - -> Analizzando versione 0.77.0-nightly-20240923-bd323929d (1920/2377)...
2025-11-13 04:58:30,219 - UnicodeAnalyzer - INFO - Filtrati 3 file (es. in /dist, /test).
2025-11-13 04:58:30,574 - UnicodeAnalyzer - INFO - -> Analizzando versione 0.77.0-nightly-20240924-fc8224036 (1921/2377)...
2025-11-13 04:58:30,628 - UnicodeAnalyzer - INFO - Filtrati 3 file (es. in /dist, /test).
2025-11-13 04:58:30,963 - UnicodeAnalyzer - INFO - -> Analizzando versione 0.77.0-nightly-20240925-0cb32d5ac (1922/2377)...
2025-11-13 04:58:31,018 - UnicodeAnalyzer - INFO - Filtrati 3 file (es. in /dist, /test).
2025-11-13 04:58:31,379 - UnicodeAnalyzer - INFO - -> Analizzando versione 0.77.0-nightly-20240928-513e9669e (1923/2377)...
2025-11-13 04:58:31,433 - UnicodeAnalyzer - INFO - Filtrati 3 file (es. in /dist, /test).
2025-11-13 04:58:31,774 - UnicodeAnalyzer - INFO - -> Analizzando versione 0.77.0-nightly-20240929-513e9669e (1924/2377)...
2025-11-13 04:58:31,825 - UnicodeAnalyzer - INFO - Filtrati 3 file (es. in /dist, /test).
2025-11-13 04:58:32,163 - UnicodeAnalyzer - INFO - -> Analizzando versione 0.77.0-nightly-20240930-513e9669e (1925/2377)...
2025-11-13 04:58:32,215 - UnicodeAnalyzer - INFO - Filtrati 3 file (es. in /dist, /test).
2025-11-13 04:58:32,577 - UnicodeAnalyzer - INFO - -> Analizzando versione 0.77.0-nightly-20241001-223e98cc4 (1926/2377)...
2025-11-13 04:58:32,629 - UnicodeAnalyzer - INFO - Filtrati 3 file (es. in /dist, /test).
2025-11-13 04:58:32,978 - UnicodeAnalyzer - INFO - -> Analizzando versione 0.77.0-nightly-20241002-d19a2178b (1927/2377)...
2025-11-13 04:58:33,028 - UnicodeAnalyzer - INFO - Filtrati 3 file (es. in /dist, /test).
2025-11-13 04:58:33,368 - UnicodeAnalyzer - INFO - -> Analizzando versione 0.77.0-nightly-20241004-309cdea33 (1928/2377)...
2025-11-13 04:58:33,419 - UnicodeAnalyzer - INFO - Filtrati 3 file (es. in /dist, /test).
2025-11-13 04:58:33,760 - UnicodeAnalyzer - INFO - -> Analizzando versione 0.77.0-nightly-20241005-0b0ac81fb (1929/2377)...
2025-11-13 04:58:33,811 - UnicodeAnalyzer - INFO - Filtrati 3 file (es. in /dist, /test).
2025-11-13 04:58:34,154 - UnicodeAnalyzer - INFO - -> Analizzando versione 0.77.0-nightly-20241006-352c06358 (1930/2377)...
2025-11-13 04:58:34,208 - UnicodeAnalyzer - INFO - Filtrati 3 file (es. in /dist, /test).
2025-11-13 04:58:34,548 - UnicodeAnalyzer - INFO - -> Analizzando versione 0.77.0-nightly-20241007-d0912ed06 (1931/2377)...
2025-11-13 04:58:34,598 - UnicodeAnalyzer - INFO - Filtrati 3 file (es. in /dist, /test).
2025-11-13 04:58:34,938 - UnicodeAnalyzer - INFO - -> Analizzando versione 0.77.0-nightly-20241008-40a4feb68 (1932/2377)...
2025-11-13 04:58:34,991 - UnicodeAnalyzer - INFO - Filtrati 3 file (es. in /dist, /test).
2025-11-13 04:58:35,333 - UnicodeAnalyzer - INFO - -> Analizzando versione 0.77.0-nightly-20241009-e4814b0d6 (1933/2377)...
2025-11-13 04:58:35,387 - UnicodeAnalyzer - INFO - Filtrati 3 file (es. in /dist, /test).
2025-11-13 04:58:35,746 - UnicodeAnalyzer - INFO - -> Analizzando versione 0.77.0-nightly-20241010-0d6908f4e (1934/2377)...
2025-11-13 04:58:35,800 - UnicodeAnalyzer - INFO - Filtrati 3 file (es. in /dist, /test).
2025-11-13 04:58:36,139 - UnicodeAnalyzer - INFO - -> Analizzando versione 0.77.0-nightly-20241011-b69a92e2c (1935/2377)...
2025-11-13 04:58:36,188 - UnicodeAnalyzer - INFO - Filtrati 3 file (es. in /dist, /test).
2025-11-13 04:58:36,534 - UnicodeAnalyzer - INFO - -> Analizzando versione 0.77.0-nightly-20241013-9ba6237bf (1936/2377)...
2025-11-13 04:58:36,584 - UnicodeAnalyzer - INFO - Filtrati 3 file (es. in /dist, /test).
2025-11-13 04:58:36,919 - UnicodeAnalyzer - INFO - -> Analizzando versione 0.77.0-nightly-20241014-60bc3c5ae (1937/2377)...
2025-11-13 04:58:36,972 - UnicodeAnalyzer - INFO - Filtrati 3 file (es. in /dist, /test).
2025-11-13 04:58:37,310 - UnicodeAnalyzer - INFO - -> Analizzando versione 0.77.0-nightly-20241015-3485e9ed8 (1938/2377)...
2025-11-13 04:58:37,360 - UnicodeAnalyzer - INFO - Filtrati 3 file (es. in /dist, /test).
2025-11-13 04:58:37,704 - UnicodeAnalyzer - INFO - -> Analizzando versione 0.77.0-nightly-20241016-557e3447f (1939/2377)...
2025-11-13 04:58:37,754 - UnicodeAnalyzer - INFO - Filtrati 3 file (es. in /dist, /test).
2025-11-13 04:58:38,092 - UnicodeAnalyzer - INFO - -> Analizzando versione 0.77.0-nightly-20241018-398512a4e (1940/2377)...
2025-11-13 04:58:38,144 - UnicodeAnalyzer - INFO - Filtrati 3 file (es. in /dist, /test).
2025-11-13 04:58:38,486 - UnicodeAnalyzer - INFO - -> Analizzando versione 0.77.0-nightly-20241019-f3e37e29e (1941/2377)...
2025-11-13 04:58:38,539 - UnicodeAnalyzer - INFO - Filtrati 3 file (es. in /dist, /test).
2025-11-13 04:58:38,883 - UnicodeAnalyzer - INFO - -> Analizzando versione 0.77.0-nightly-20241020-e7a3f479f (1942/2377)...
2025-11-13 04:58:38,935 - UnicodeAnalyzer - INFO - Filtrati 3 file (es. in /dist, /test).
2025-11-13 04:58:39,274 - UnicodeAnalyzer - INFO - -> Analizzando versione 0.77.0-nightly-20241021-5697d923a (1943/2377)...
2025-11-13 04:58:39,328 - UnicodeAnalyzer - INFO - Filtrati 3 file (es. in /dist, /test).
2025-11-13 04:58:39,673 - UnicodeAnalyzer - INFO - -> Analizzando versione 0.77.0-nightly-20241022-363818ea2 (1944/2377)...
2025-11-13 04:58:39,727 - UnicodeAnalyzer - INFO - Filtrati 3 file (es. in /dist, /test).
2025-11-13 04:58:40,070 - UnicodeAnalyzer - INFO - -> Analizzando versione 0.77.0-nightly-20241023-aadb1d9eb (1945/2377)...
2025-11-13 04:58:40,122 - UnicodeAnalyzer - INFO - Filtrati 3 file (es. in /dist, /test).
2025-11-13 04:58:40,486 - UnicodeAnalyzer - INFO - -> Analizzando versione 0.77.0-nightly-20241024-538bff710 (1946/2377)...
2025-11-13 04:58:40,538 - UnicodeAnalyzer - INFO - Filtrati 3 file (es. in /dist, /test).
2025-11-13 04:58:40,893 - UnicodeAnalyzer - INFO - -> Analizzando versione 0.77.0-nightly-20241025-e851e73c1 (1947/2377)...
2025-11-13 04:58:40,947 - UnicodeAnalyzer - INFO - Filtrati 3 file (es. in /dist, /test).
2025-11-13 04:58:41,295 - UnicodeAnalyzer - INFO - -> Analizzando versione 0.77.0-nightly-20241026-33e1ae13f (1948/2377)...
2025-11-13 04:58:41,348 - UnicodeAnalyzer - INFO - Filtrati 3 file (es. in /dist, /test).
2025-11-13 04:58:41,695 - UnicodeAnalyzer - INFO - -> Analizzando versione 0.77.0-nightly-20241027-dc2000c87 (1949/2377)...
2025-11-13 04:58:41,748 - UnicodeAnalyzer - INFO - Filtrati 3 file (es. in /dist, /test).
2025-11-13 04:58:42,090 - UnicodeAnalyzer - INFO - -> Analizzando versione 0.77.0-nightly-20241028-dc2000c87 (1950/2377)...
2025-11-13 04:58:42,145 - UnicodeAnalyzer - INFO - Filtrati 3 file (es. in /dist, /test).
2025-11-13 04:58:42,492 - UnicodeAnalyzer - INFO - -> Analizzando versione 0.77.0-nightly-20241029-4076dbfc8 (1951/2377)...
2025-11-13 04:58:42,545 - UnicodeAnalyzer - INFO - Filtrati 3 file (es. in /dist, /test).
2025-11-13 04:58:42,890 - UnicodeAnalyzer - INFO - -> Analizzando versione 0.77.0-nightly-20241030-e79713524 (1952/2377)...
2025-11-13 04:58:42,945 - UnicodeAnalyzer - INFO - Filtrati 3 file (es. in /dist, /test).
2025-11-13 04:58:43,293 - UnicodeAnalyzer - INFO - -> Analizzando versione 0.77.0-nightly-20241031-3a01a0c9c (1953/2377)...
2025-11-13 04:58:43,345 - UnicodeAnalyzer - INFO - Filtrati 3 file (es. in /dist, /test).
2025-11-13 04:58:43,687 - UnicodeAnalyzer - INFO - -> Analizzando versione 0.77.0-nightly-20241101-65cdd5b82 (1954/2377)...
2025-11-13 04:58:43,742 - UnicodeAnalyzer - INFO - Filtrati 3 file (es. in /dist, /test).
2025-11-13 04:58:44,111 - UnicodeAnalyzer - INFO - -> Analizzando versione 0.77.0-nightly-20241102-7211119d2 (1955/2377)...
2025-11-13 04:58:44,162 - UnicodeAnalyzer - INFO - Filtrati 3 file (es. in /dist, /test).
2025-11-13 04:58:44,521 - UnicodeAnalyzer - INFO - -> Analizzando versione 0.77.0-nightly-20241103-7211119d2 (1956/2377)...
2025-11-13 04:58:44,572 - UnicodeAnalyzer - INFO - Filtrati 3 file (es. in /dist, /test).
2025-11-13 04:58:44,931 - UnicodeAnalyzer - INFO - -> Analizzando versione 0.77.0-nightly-20241104-7211119d2 (1957/2377)...
2025-11-13 04:58:44,981 - UnicodeAnalyzer - INFO - Filtrati 3 file (es. in /dist, /test).
2025-11-13 04:58:45,344 - UnicodeAnalyzer - INFO - -> Analizzando versione 0.77.0-nightly-20241105-fe656be26 (1958/2377)...
2025-11-13 04:58:45,394 - UnicodeAnalyzer - INFO - Filtrati 3 file (es. in /dist, /test).
2025-11-13 04:58:45,729 - UnicodeAnalyzer - INFO - -> Analizzando versione 0.77.0-nightly-20241106-b7ec7523c (1959/2377)...
2025-11-13 04:58:45,779 - UnicodeAnalyzer - INFO - Filtrati 3 file (es. in /dist, /test).
2025-11-13 04:58:46,114 - UnicodeAnalyzer - INFO - -> Analizzando versione 0.77.0-nightly-20241107-0ca2ba082 (1960/2377)...
2025-11-13 04:58:46,164 - UnicodeAnalyzer - INFO - Filtrati 3 file (es. in /dist, /test).
2025-11-13 04:58:46,513 - UnicodeAnalyzer - INFO - -> Analizzando versione 0.77.0-nightly-20241108-cbab004eb (1961/2377)...
2025-11-13 04:58:46,566 - UnicodeAnalyzer - INFO - Filtrati 3 file (es. in /dist, /test).
2025-11-13 04:58:46,906 - UnicodeAnalyzer - INFO - -> Analizzando versione 0.77.0-nightly-20241109-7794d7af4 (1962/2377)...
2025-11-13 04:58:46,959 - UnicodeAnalyzer - INFO - Filtrati 3 file (es. in /dist, /test).
2025-11-13 04:58:47,336 - UnicodeAnalyzer - INFO - -> Analizzando versione 0.77.0-nightly-20241110-44d619414 (1963/2377)...
2025-11-13 04:58:47,389 - UnicodeAnalyzer - INFO - Filtrati 3 file (es. in /dist, /test).
2025-11-13 04:58:47,754 - UnicodeAnalyzer - INFO - -> Analizzando versione 0.77.0-nightly-20241111-a9a1c86a9 (1964/2377)...
2025-11-13 04:58:47,805 - UnicodeAnalyzer - INFO - Filtrati 3 file (es. in /dist, /test).
2025-11-13 04:58:48,190 - UnicodeAnalyzer - INFO - -> Analizzando versione 0.77.0-nightly-20241112-16eb53bef (1965/2377)...
2025-11-13 04:58:48,242 - UnicodeAnalyzer - INFO - Filtrati 3 file (es. in /dist, /test).
2025-11-13 04:58:48,608 - UnicodeAnalyzer - INFO - -> Analizzando versione 0.77.0-nightly-20241113-d3c5446a6 (1966/2377)...
2025-11-13 04:58:48,660 - UnicodeAnalyzer - INFO - Filtrati 3 file (es. in /dist, /test).
2025-11-13 04:58:49,032 - UnicodeAnalyzer - INFO - -> Analizzando versione 0.77.0-nightly-20241114-316170ce8 (1967/2377)...
2025-11-13 04:58:49,082 - UnicodeAnalyzer - INFO - Filtrati 3 file (es. in /dist, /test).
2025-11-13 04:58:49,449 - UnicodeAnalyzer - INFO - -> Analizzando versione 0.77.0-nightly-20241115-74ed831a3 (1968/2377)...
2025-11-13 04:58:49,499 - UnicodeAnalyzer - INFO - Filtrati 3 file (es. in /dist, /test).
2025-11-13 04:58:49,878 - UnicodeAnalyzer - INFO - -> Analizzando versione 0.77.0-nightly-20241116-38fb83ca8 (1969/2377)...
2025-11-13 04:58:49,930 - UnicodeAnalyzer - INFO - Filtrati 3 file (es. in /dist, /test).
2025-11-13 04:58:50,298 - UnicodeAnalyzer - INFO - -> Analizzando versione 0.77.0-nightly-20241117-6f1c2a512 (1970/2377)...
2025-11-13 04:58:50,351 - UnicodeAnalyzer - INFO - Filtrati 3 file (es. in /dist, /test).
2025-11-13 04:58:50,724 - UnicodeAnalyzer - INFO - -> Analizzando versione 0.77.0-nightly-20241118-3986eefed (1971/2377)...
2025-11-13 04:58:50,774 - UnicodeAnalyzer - INFO - Filtrati 3 file (es. in /dist, /test).
2025-11-13 04:58:51,166 - UnicodeAnalyzer - INFO - -> Analizzando versione 0.77.0-nightly-20241118-89a7238ac (1972/2377)...
2025-11-13 04:58:51,217 - UnicodeAnalyzer - INFO - Filtrati 3 file (es. in /dist, /test).
2025-11-13 04:58:51,612 - UnicodeAnalyzer - INFO - -> Analizzando versione 0.77.0-nightly-20241119-fbe4c0ed3 (1973/2377)...
2025-11-13 04:58:51,669 - UnicodeAnalyzer - INFO - Filtrati 3 file (es. in /dist, /test).
2025-11-13 04:58:52,076 - UnicodeAnalyzer - INFO - -> Analizzando versione 0.77.0-nightly-20241120-a865975ce (1974/2377)...
2025-11-13 04:58:52,127 - UnicodeAnalyzer - INFO - Filtrati 3 file (es. in /dist, /test).
2025-11-13 04:58:52,498 - UnicodeAnalyzer - INFO - -> Analizzando versione 0.77.0-nightly-20241121-550b0c0ed (1975/2377)...
2025-11-13 04:58:52,548 - UnicodeAnalyzer - INFO - Filtrati 3 file (es. in /dist, /test).
2025-11-13 04:58:52,919 - UnicodeAnalyzer - INFO - -> Analizzando versione 0.77.0-nightly-20241122-e4d8c9678 (1976/2377)...
2025-11-13 04:58:52,969 - UnicodeAnalyzer - INFO - Filtrati 3 file (es. in /dist, /test).
2025-11-13 04:58:53,352 - UnicodeAnalyzer - INFO - -> Analizzando versione 0.77.0-nightly-20241123-1fed2cfde (1977/2377)...
2025-11-13 04:58:53,401 - UnicodeAnalyzer - INFO - Filtrati 3 file (es. in /dist, /test).
2025-11-13 04:58:53,773 - UnicodeAnalyzer - INFO - -> Analizzando versione 0.77.0-nightly-20241124-d4d1eb9bb (1978/2377)...
2025-11-13 04:58:53,823 - UnicodeAnalyzer - INFO - Filtrati 3 file (es. in /dist, /test).
2025-11-13 04:58:54,188 - UnicodeAnalyzer - INFO - -> Analizzando versione 0.77.0-nightly-20241125-24b0ded3c (1979/2377)...
2025-11-13 04:58:54,244 - UnicodeAnalyzer - INFO - Filtrati 3 file (es. in /dist, /test).
2025-11-13 04:58:54,620 - UnicodeAnalyzer - INFO - -> Analizzando versione 0.77.0-nightly-20241125-2781888d2 (1980/2377)...
2025-11-13 04:58:54,674 - UnicodeAnalyzer - INFO - Filtrati 3 file (es. in /dist, /test).
2025-11-13 04:58:55,048 - UnicodeAnalyzer - INFO - -> Analizzando versione 0.77.0-nightly-20241125-4cffff35e (1981/2377)...
2025-11-13 04:58:55,105 - UnicodeAnalyzer - INFO - Filtrati 3 file (es. in /dist, /test).
2025-11-13 04:58:55,470 - UnicodeAnalyzer - INFO - -> Analizzando versione 0.77.0-nightly-20241126-f70c3cae5 (1982/2377)...
2025-11-13 04:58:55,523 - UnicodeAnalyzer - INFO - Filtrati 3 file (es. in /dist, /test).
2025-11-13 04:58:55,902 - UnicodeAnalyzer - INFO - -> Analizzando versione 0.77.0-rc.0 (1983/2377)...
2025-11-13 04:58:55,951 - UnicodeAnalyzer - INFO - Filtrati 3 file (es. in /dist, /test).
2025-11-13 04:58:56,324 - UnicodeAnalyzer - INFO - -> Analizzando versione 0.77.0-rc.1 (1984/2377)...
2025-11-13 04:58:56,372 - UnicodeAnalyzer - INFO - Filtrati 3 file (es. in /dist, /test).
2025-11-13 04:58:56,740 - UnicodeAnalyzer - INFO - -> Analizzando versione 0.77.0-rc.2 (1985/2377)...
2025-11-13 04:58:56,788 - UnicodeAnalyzer - INFO - Filtrati 3 file (es. in /dist, /test).
2025-11-13 04:58:57,160 - UnicodeAnalyzer - INFO - -> Analizzando versione 0.77.0-rc.3 (1986/2377)...
2025-11-13 04:58:57,208 - UnicodeAnalyzer - INFO - Filtrati 3 file (es. in /dist, /test).
2025-11-13 04:58:57,576 - UnicodeAnalyzer - INFO - -> Analizzando versione 0.77.0-rc.4 (1987/2377)...
2025-11-13 04:58:57,625 - UnicodeAnalyzer - INFO - Filtrati 3 file (es. in /dist, /test).
2025-11-13 04:58:58,008 - UnicodeAnalyzer - INFO - -> Analizzando versione 0.77.0-rc.5 (1988/2377)...
2025-11-13 04:58:58,056 - UnicodeAnalyzer - INFO - Filtrati 3 file (es. in /dist, /test).
2025-11-13 04:58:58,426 - UnicodeAnalyzer - INFO - -> Analizzando versione 0.77.0-rc.6 (1989/2377)...
2025-11-13 04:58:58,474 - UnicodeAnalyzer - INFO - Filtrati 3 file (es. in /dist, /test).
2025-11-13 04:58:58,847 - UnicodeAnalyzer - INFO - -> Analizzando versione 0.77.0-rc.7 (1990/2377)...
2025-11-13 04:58:58,895 - UnicodeAnalyzer - INFO - Filtrati 3 file (es. in /dist, /test).
2025-11-13 04:58:59,272 - UnicodeAnalyzer - INFO - -> Analizzando versione 0.77.1 (1991/2377)...
2025-11-13 04:58:59,320 - UnicodeAnalyzer - INFO - Filtrati 3 file (es. in /dist, /test).
2025-11-13 04:58:59,690 - UnicodeAnalyzer - INFO - -> Analizzando versione 0.77.2 (1992/2377)...
2025-11-13 04:58:59,738 - UnicodeAnalyzer - INFO - Filtrati 3 file (es. in /dist, /test).
2025-11-13 04:59:00,128 - UnicodeAnalyzer - INFO - -> Analizzando versione 0.77.3 (1993/2377)...
2025-11-13 04:59:00,175 - UnicodeAnalyzer - INFO - Filtrati 3 file (es. in /dist, /test).
2025-11-13 04:59:00,544 - UnicodeAnalyzer - INFO - -> Analizzando versione 0.78.0 (1994/2377)...
2025-11-13 04:59:00,592 - UnicodeAnalyzer - INFO - Filtrati 3 file (es. in /dist, /test).
2025-11-13 04:59:00,954 - UnicodeAnalyzer - INFO - -> Analizzando versione 0.78.0-nightly-20241127-40c194cf4 (1995/2377)...
2025-11-13 04:59:01,006 - UnicodeAnalyzer - INFO - Filtrati 3 file (es. in /dist, /test).
2025-11-13 04:59:01,374 - UnicodeAnalyzer - INFO - -> Analizzando versione 0.78.0-nightly-20241128-5da7089e3 (1996/2377)...
2025-11-13 04:59:01,425 - UnicodeAnalyzer - INFO - Filtrati 3 file (es. in /dist, /test).
2025-11-13 04:59:01,798 - UnicodeAnalyzer - INFO - -> Analizzando versione 0.78.0-nightly-20241129-5ff59b448 (1997/2377)...
2025-11-13 04:59:01,851 - UnicodeAnalyzer - INFO - Filtrati 3 file (es. in /dist, /test).
2025-11-13 04:59:02,228 - UnicodeAnalyzer - INFO - -> Analizzando versione 0.78.0-nightly-20241130-91e217ff5 (1998/2377)...
2025-11-13 04:59:02,281 - UnicodeAnalyzer - INFO - Filtrati 3 file (es. in /dist, /test).
2025-11-13 04:59:02,656 - UnicodeAnalyzer - INFO - -> Analizzando versione 0.78.0-nightly-20241201-91e217ff5 (1999/2377)...
2025-11-13 04:59:02,706 - UnicodeAnalyzer - INFO - Filtrati 3 file (es. in /dist, /test).
2025-11-13 04:59:03,075 - UnicodeAnalyzer - INFO - -> Analizzando versione 0.78.0-nightly-20241202-91e217ff5 (2000/2377)...
2025-11-13 04:59:03,131 - UnicodeAnalyzer - INFO - Filtrati 3 file (es. in /dist, /test).
2025-11-13 04:59:03,505 - UnicodeAnalyzer - INFO - -> Analizzando versione 0.78.0-nightly-20241203-bfc8b3391 (2001/2377)...
2025-11-13 04:59:03,555 - UnicodeAnalyzer - INFO - Filtrati 3 file (es. in /dist, /test).
2025-11-13 04:59:03,924 - UnicodeAnalyzer - INFO - -> Analizzando versione 0.78.0-nightly-20241204-949d229b5 (2002/2377)...
2025-11-13 04:59:03,975 - UnicodeAnalyzer - INFO - Filtrati 3 file (es. in /dist, /test).
2025-11-13 04:59:04,349 - UnicodeAnalyzer - INFO - -> Analizzando versione 0.78.0-nightly-20241205-f402ed17f (2003/2377)...
2025-11-13 04:59:04,399 - UnicodeAnalyzer - INFO - Filtrati 3 file (es. in /dist, /test).
2025-11-13 04:59:04,771 - UnicodeAnalyzer - INFO - -> Analizzando versione 0.78.0-nightly-20241206-7a81fd7a8 (2004/2377)...
2025-11-13 04:59:04,822 - UnicodeAnalyzer - INFO - Filtrati 3 file (es. in /dist, /test).
2025-11-13 04:59:05,196 - UnicodeAnalyzer - INFO - -> Analizzando versione 0.78.0-nightly-20241207-6200a4d33 (2005/2377)...
2025-11-13 04:59:05,249 - UnicodeAnalyzer - INFO - Filtrati 3 file (es. in /dist, /test).
2025-11-13 04:59:05,618 - UnicodeAnalyzer - INFO - -> Analizzando versione 0.78.0-nightly-20241208-4165884b7 (2006/2377)...
2025-11-13 04:59:05,673 - UnicodeAnalyzer - INFO - Filtrati 3 file (es. in /dist, /test).
2025-11-13 04:59:06,045 - UnicodeAnalyzer - INFO - -> Analizzando versione 0.78.0-nightly-20241209-4165884b7 (2007/2377)...
2025-11-13 04:59:06,103 - UnicodeAnalyzer - INFO - Filtrati 3 file (es. in /dist, /test).
2025-11-13 04:59:06,482 - UnicodeAnalyzer - INFO - -> Analizzando versione 0.78.0-nightly-20241210-6d235853f (2008/2377)...
2025-11-13 04:59:06,536 - UnicodeAnalyzer - INFO - Filtrati 3 file (es. in /dist, /test).
2025-11-13 04:59:06,934 - UnicodeAnalyzer - INFO - -> Analizzando versione 0.78.0-nightly-20241211-7d771de8a (2009/2377)...
2025-11-13 04:59:06,985 - UnicodeAnalyzer - INFO - Filtrati 3 file (es. in /dist, /test).
2025-11-13 04:59:07,359 - UnicodeAnalyzer - INFO - -> Analizzando versione 0.78.0-nightly-20241212-7000b9b76 (2010/2377)...
2025-11-13 04:59:07,410 - UnicodeAnalyzer - INFO - Filtrati 3 file (es. in /dist, /test).
2025-11-13 04:59:07,779 - UnicodeAnalyzer - INFO - -> Analizzando versione 0.78.0-nightly-20241213-06751aa0d (2011/2377)...
2025-11-13 04:59:07,829 - UnicodeAnalyzer - INFO - Filtrati 3 file (es. in /dist, /test).
2025-11-13 04:59:08,212 - UnicodeAnalyzer - INFO - -> Analizzando versione 0.78.0-nightly-20241214-00c7174c2 (2012/2377)...
2025-11-13 04:59:08,264 - UnicodeAnalyzer - INFO - Filtrati 3 file (es. in /dist, /test).
2025-11-13 04:59:08,632 - UnicodeAnalyzer - INFO - -> Analizzando versione 0.78.0-nightly-20241215-00c7174c2 (2013/2377)...
2025-11-13 04:59:08,701 - UnicodeAnalyzer - INFO - Filtrati 3 file (es. in /dist, /test).
2025-11-13 04:59:09,082 - UnicodeAnalyzer - INFO - -> Analizzando versione 0.78.0-nightly-20241216-2fee13094 (2014/2377)...
2025-11-13 04:59:09,132 - UnicodeAnalyzer - INFO - Filtrati 3 file (es. in /dist, /test).
2025-11-13 04:59:09,516 - UnicodeAnalyzer - INFO - -> Analizzando versione 0.78.0-nightly-20241217-03a1246c3 (2015/2377)...
2025-11-13 04:59:09,569 - UnicodeAnalyzer - INFO - Filtrati 3 file (es. in /dist, /test).
2025-11-13 04:59:09,917 - UnicodeAnalyzer - INFO - -> Analizzando versione 0.78.0-nightly-20241218-f8119fc52 (2016/2377)...
2025-11-13 04:59:09,969 - UnicodeAnalyzer - INFO - Filtrati 3 file (es. in /dist, /test).
2025-11-13 04:59:10,347 - UnicodeAnalyzer - INFO - -> Analizzando versione 0.78.0-nightly-20241219-b8f3f919c (2017/2377)...
2025-11-13 04:59:10,400 - UnicodeAnalyzer - INFO - Filtrati 3 file (es. in /dist, /test).
2025-11-13 04:59:10,744 - UnicodeAnalyzer - INFO - -> Analizzando versione 0.78.0-nightly-20241220-23eb06f66 (2018/2377)...
2025-11-13 04:59:10,794 - UnicodeAnalyzer - INFO - Filtrati 3 file (es. in /dist, /test).
2025-11-13 04:59:11,165 - UnicodeAnalyzer - INFO - -> Analizzando versione 0.78.0-nightly-20241221-66342d3cc (2019/2377)...
2025-11-13 04:59:11,221 - UnicodeAnalyzer - INFO - Filtrati 3 file (es. in /dist, /test).
2025-11-13 04:59:11,582 - UnicodeAnalyzer - INFO - -> Analizzando versione 0.78.0-nightly-20241222-5b6e35afd (2020/2377)...
2025-11-13 04:59:11,632 - UnicodeAnalyzer - INFO - Filtrati 3 file (es. in /dist, /test).
2025-11-13 04:59:11,984 - UnicodeAnalyzer - INFO - -> Analizzando versione 0.78.0-nightly-20241223-5b6e35afd (2021/2377)...
2025-11-13 04:59:12,034 - UnicodeAnalyzer - INFO - Filtrati 3 file (es. in /dist, /test).
2025-11-13 04:59:12,380 - UnicodeAnalyzer - INFO - -> Analizzando versione 0.78.0-nightly-20241224-974fdf9a3 (2022/2377)...
2025-11-13 04:59:12,429 - UnicodeAnalyzer - INFO - Filtrati 3 file (es. in /dist, /test).
2025-11-13 04:59:12,790 - UnicodeAnalyzer - INFO - -> Analizzando versione 0.78.0-nightly-20241225-fcf3c8cab (2023/2377)...
2025-11-13 04:59:12,841 - UnicodeAnalyzer - INFO - Filtrati 3 file (es. in /dist, /test).
2025-11-13 04:59:13,187 - UnicodeAnalyzer - INFO - -> Analizzando versione 0.78.0-nightly-20241226-fcf3c8cab (2024/2377)...
2025-11-13 04:59:13,237 - UnicodeAnalyzer - INFO - Filtrati 3 file (es. in /dist, /test).
2025-11-13 04:59:13,589 - UnicodeAnalyzer - INFO - -> Analizzando versione 0.78.0-nightly-20241227-fcf3c8cab (2025/2377)...
2025-11-13 04:59:13,642 - UnicodeAnalyzer - INFO - Filtrati 3 file (es. in /dist, /test).
2025-11-13 04:59:13,997 - UnicodeAnalyzer - INFO - -> Analizzando versione 0.78.0-nightly-20241228-85bdd7582 (2026/2377)...
2025-11-13 04:59:14,050 - UnicodeAnalyzer - INFO - Filtrati 3 file (es. in /dist, /test).
2025-11-13 04:59:14,400 - UnicodeAnalyzer - INFO - -> Analizzando versione 0.78.0-nightly-20241229-85bdd7582 (2027/2377)...
2025-11-13 04:59:14,451 - UnicodeAnalyzer - INFO - Filtrati 3 file (es. in /dist, /test).
2025-11-13 04:59:14,799 - UnicodeAnalyzer - INFO - -> Analizzando versione 0.78.0-nightly-20241230-85bdd7582 (2028/2377)...
2025-11-13 04:59:14,852 - UnicodeAnalyzer - INFO - Filtrati 3 file (es. in /dist, /test).
2025-11-13 04:59:15,219 - UnicodeAnalyzer - INFO - -> Analizzando versione 0.78.0-nightly-20241231-a3c8e2137 (2029/2377)...
2025-11-13 04:59:15,271 - UnicodeAnalyzer - INFO - Filtrati 3 file (es. in /dist, /test).
2025-11-13 04:59:15,642 - UnicodeAnalyzer - INFO - -> Analizzando versione 0.78.0-nightly-20250101-93117ea1b (2030/2377)...
2025-11-13 04:59:15,693 - UnicodeAnalyzer - INFO - Filtrati 3 file (es. in /dist, /test).
2025-11-13 04:59:16,045 - UnicodeAnalyzer - INFO - -> Analizzando versione 0.78.0-nightly-20250102-93117ea1b (2031/2377)...
2025-11-13 04:59:16,097 - UnicodeAnalyzer - INFO - Filtrati 3 file (es. in /dist, /test).
2025-11-13 04:59:16,458 - UnicodeAnalyzer - INFO - -> Analizzando versione 0.78.0-nightly-20250103-3a7aed6ed (2032/2377)...
2025-11-13 04:59:16,510 - UnicodeAnalyzer - INFO - Filtrati 3 file (es. in /dist, /test).
2025-11-13 04:59:16,856 - UnicodeAnalyzer - INFO - -> Analizzando versione 0.78.0-nightly-20250104-a6e6f5e86 (2033/2377)...
2025-11-13 04:59:16,908 - UnicodeAnalyzer - INFO - Filtrati 3 file (es. in /dist, /test).
2025-11-13 04:59:17,267 - UnicodeAnalyzer - INFO - -> Analizzando versione 0.78.0-nightly-20250105-b867c01fa (2034/2377)...
2025-11-13 04:59:17,322 - UnicodeAnalyzer - INFO - Filtrati 3 file (es. in /dist, /test).
2025-11-13 04:59:17,678 - UnicodeAnalyzer - INFO - -> Analizzando versione 0.78.0-nightly-20250106-e99b47ce4 (2035/2377)...
2025-11-13 04:59:17,729 - UnicodeAnalyzer - INFO - Filtrati 3 file (es. in /dist, /test).
2025-11-13 04:59:18,083 - UnicodeAnalyzer - INFO - -> Analizzando versione 0.78.0-nightly-20250107-c8552519b (2036/2377)...
2025-11-13 04:59:18,133 - UnicodeAnalyzer - INFO - Filtrati 3 file (es. in /dist, /test).
2025-11-13 04:59:18,482 - UnicodeAnalyzer - INFO - -> Analizzando versione 0.78.0-nightly-20250108-ec72af403 (2037/2377)...
2025-11-13 04:59:18,532 - UnicodeAnalyzer - INFO - Filtrati 3 file (es. in /dist, /test).
2025-11-13 04:59:18,882 - UnicodeAnalyzer - INFO - -> Analizzando versione 0.78.0-nightly-20250109-cfec590f6 (2038/2377)...
2025-11-13 04:59:18,934 - UnicodeAnalyzer - INFO - Filtrati 3 file (es. in /dist, /test).
2025-11-13 04:59:19,288 - UnicodeAnalyzer - INFO - -> Analizzando versione 0.78.0-nightly-20250110-9b646c8b7 (2039/2377)...
2025-11-13 04:59:19,340 - UnicodeAnalyzer - INFO - Filtrati 3 file (es. in /dist, /test).
2025-11-13 04:59:19,689 - UnicodeAnalyzer - INFO - -> Analizzando versione 0.78.0-nightly-20250111-83699228c (2040/2377)...
2025-11-13 04:59:19,744 - UnicodeAnalyzer - INFO - Filtrati 3 file (es. in /dist, /test).
2025-11-13 04:59:20,097 - UnicodeAnalyzer - INFO - -> Analizzando versione 0.78.0-nightly-20250112-83699228c (2041/2377)...
2025-11-13 04:59:20,147 - UnicodeAnalyzer - INFO - Filtrati 3 file (es. in /dist, /test).
2025-11-13 04:59:20,494 - UnicodeAnalyzer - INFO - -> Analizzando versione 0.78.0-nightly-20250113-83699228c (2042/2377)...
2025-11-13 04:59:20,548 - UnicodeAnalyzer - INFO - Filtrati 3 file (es. in /dist, /test).
2025-11-13 04:59:20,913 - UnicodeAnalyzer - INFO - -> Analizzando versione 0.78.0-nightly-20250113-d4407d6f7 (2043/2377)...
2025-11-13 04:59:20,964 - UnicodeAnalyzer - INFO - Filtrati 3 file (es. in /dist, /test).
2025-11-13 04:59:21,313 - UnicodeAnalyzer - INFO - -> Analizzando versione 0.78.0-nightly-20250115-3420eb87b (2044/2377)...
2025-11-13 04:59:21,365 - UnicodeAnalyzer - INFO - Filtrati 3 file (es. in /dist, /test).
2025-11-13 04:59:21,724 - UnicodeAnalyzer - INFO - -> Analizzando versione 0.78.0-nightly-20250117-7278ff01d (2045/2377)...
2025-11-13 04:59:21,776 - UnicodeAnalyzer - INFO - Filtrati 3 file (es. in /dist, /test).
2025-11-13 04:59:22,133 - UnicodeAnalyzer - INFO - -> Analizzando versione 0.78.0-nightly-20250118-22e769147 (2046/2377)...
2025-11-13 04:59:22,184 - UnicodeAnalyzer - INFO - Filtrati 3 file (es. in /dist, /test).
2025-11-13 04:59:22,540 - UnicodeAnalyzer - INFO - -> Analizzando versione 0.78.0-nightly-20250119-22e769147 (2047/2377)...
2025-11-13 04:59:22,592 - UnicodeAnalyzer - INFO - Filtrati 3 file (es. in /dist, /test).
2025-11-13 04:59:22,942 - UnicodeAnalyzer - INFO - -> Analizzando versione 0.78.0-nightly-20250120-22e769147 (2048/2377)...
2025-11-13 04:59:22,993 - UnicodeAnalyzer - INFO - Filtrati 3 file (es. in /dist, /test).
2025-11-13 04:59:23,347 - UnicodeAnalyzer - INFO - -> Analizzando versione 0.78.0-rc.0 (2049/2377)...
2025-11-13 04:59:23,400 - UnicodeAnalyzer - INFO - Filtrati 3 file (es. in /dist, /test).
2025-11-13 04:59:23,772 - UnicodeAnalyzer - INFO - -> Analizzando versione 0.78.0-rc.1 (2050/2377)...
2025-11-13 04:59:23,822 - UnicodeAnalyzer - INFO - Filtrati 3 file (es. in /dist, /test).
2025-11-13 04:59:24,182 - UnicodeAnalyzer - INFO - -> Analizzando versione 0.78.0-rc.2 (2051/2377)...
2025-11-13 04:59:24,234 - UnicodeAnalyzer - INFO - Filtrati 3 file (es. in /dist, /test).
2025-11-13 04:59:24,592 - UnicodeAnalyzer - INFO - -> Analizzando versione 0.78.0-rc.3 (2052/2377)...
2025-11-13 04:59:24,641 - UnicodeAnalyzer - INFO - Filtrati 3 file (es. in /dist, /test).
2025-11-13 04:59:24,992 - UnicodeAnalyzer - INFO - -> Analizzando versione 0.78.0-rc.4 (2053/2377)...
2025-11-13 04:59:25,043 - UnicodeAnalyzer - INFO - Filtrati 3 file (es. in /dist, /test).
2025-11-13 04:59:25,392 - UnicodeAnalyzer - INFO - -> Analizzando versione 0.78.0-rc.5 (2054/2377)...
2025-11-13 04:59:25,441 - UnicodeAnalyzer - INFO - Filtrati 3 file (es. in /dist, /test).
2025-11-13 04:59:25,811 - UnicodeAnalyzer - INFO - -> Analizzando versione 0.78.1 (2055/2377)...
2025-11-13 04:59:25,862 - UnicodeAnalyzer - INFO - Filtrati 3 file (es. in /dist, /test).
2025-11-13 04:59:26,239 - UnicodeAnalyzer - INFO - -> Analizzando versione 0.78.2 (2056/2377)...
2025-11-13 04:59:26,289 - UnicodeAnalyzer - INFO - Filtrati 3 file (es. in /dist, /test).
2025-11-13 04:59:26,638 - UnicodeAnalyzer - INFO - -> Analizzando versione 0.78.3 (2057/2377)...
2025-11-13 04:59:26,689 - UnicodeAnalyzer - INFO - Filtrati 3 file (es. in /dist, /test).
2025-11-13 04:59:27,046 - UnicodeAnalyzer - INFO - -> Analizzando versione 0.79.0 (2058/2377)...
2025-11-13 04:59:27,095 - UnicodeAnalyzer - INFO - Filtrati 3 file (es. in /dist, /test).
2025-11-13 04:59:27,406 - UnicodeAnalyzer - INFO - -> Analizzando versione 0.79.0-nightly-20250116-843582b8b (2059/2377)...
2025-11-13 04:59:27,460 - UnicodeAnalyzer - INFO - Filtrati 3 file (es. in /dist, /test).
2025-11-13 04:59:27,825 - UnicodeAnalyzer - INFO - -> Analizzando versione 0.79.0-nightly-20250121-140b3b38d (2060/2377)...
2025-11-13 04:59:27,878 - UnicodeAnalyzer - INFO - Filtrati 3 file (es. in /dist, /test).
2025-11-13 04:59:28,231 - UnicodeAnalyzer - INFO - -> Analizzando versione 0.79.0-nightly-20250122-6cbdc9445 (2061/2377)...
2025-11-13 04:59:28,285 - UnicodeAnalyzer - INFO - Filtrati 3 file (es. in /dist, /test).
2025-11-13 04:59:28,657 - UnicodeAnalyzer - INFO - -> Analizzando versione 0.79.0-nightly-20250123-d1028885e (2062/2377)...
2025-11-13 04:59:28,714 - UnicodeAnalyzer - INFO - Filtrati 3 file (es. in /dist, /test).
2025-11-13 04:59:29,066 - UnicodeAnalyzer - INFO - -> Analizzando versione 0.79.0-nightly-20250124-5ea7594b5 (2063/2377)...
2025-11-13 04:59:29,120 - UnicodeAnalyzer - INFO - Filtrati 3 file (es. in /dist, /test).
2025-11-13 04:59:29,457 - UnicodeAnalyzer - INFO - -> Analizzando versione 0.79.0-nightly-20250125-e44b2fa97 (2064/2377)...
2025-11-13 04:59:29,507 - UnicodeAnalyzer - INFO - Filtrati 3 file (es. in /dist, /test).
2025-11-13 04:59:29,848 - UnicodeAnalyzer - INFO - -> Analizzando versione 0.79.0-nightly-20250126-aa5760837 (2065/2377)...
2025-11-13 04:59:29,899 - UnicodeAnalyzer - INFO - Filtrati 3 file (es. in /dist, /test).
2025-11-13 04:59:30,240 - UnicodeAnalyzer - INFO - -> Analizzando versione 0.79.0-nightly-20250127-aa5760837 (2066/2377)...
2025-11-13 04:59:30,289 - UnicodeAnalyzer - INFO - Filtrati 3 file (es. in /dist, /test).
2025-11-13 04:59:30,622 - UnicodeAnalyzer - INFO - -> Analizzando versione 0.79.0-nightly-20250128-701622506 (2067/2377)...
2025-11-13 04:59:30,675 - UnicodeAnalyzer - INFO - Filtrati 3 file (es. in /dist, /test).
2025-11-13 04:59:30,997 - UnicodeAnalyzer - INFO - -> Analizzando versione 0.79.0-nightly-20250129-3b5dc5626 (2068/2377)...
2025-11-13 04:59:31,049 - UnicodeAnalyzer - INFO - Filtrati 3 file (es. in /dist, /test).
2025-11-13 04:59:31,363 - UnicodeAnalyzer - INFO - -> Analizzando versione 0.79.0-nightly-20250130-40575f26d (2069/2377)...
2025-11-13 04:59:31,417 - UnicodeAnalyzer - INFO - Filtrati 3 file (es. in /dist, /test).
2025-11-13 04:59:31,790 - UnicodeAnalyzer - INFO - -> Analizzando versione 0.79.0-nightly-20250131-64c2a52ca (2070/2377)...
2025-11-13 04:59:31,841 - UnicodeAnalyzer - INFO - Filtrati 3 file (es. in /dist, /test).
2025-11-13 04:59:32,175 - UnicodeAnalyzer - INFO - -> Analizzando versione 0.79.0-nightly-20250201-4523fdd93 (2071/2377)...
2025-11-13 04:59:32,227 - UnicodeAnalyzer - INFO - Filtrati 3 file (es. in /dist, /test).
2025-11-13 04:59:32,562 - UnicodeAnalyzer - INFO - -> Analizzando versione 0.79.0-nightly-20250202-e45883e44 (2072/2377)...
2025-11-13 04:59:32,616 - UnicodeAnalyzer - INFO - Filtrati 3 file (es. in /dist, /test).
2025-11-13 04:59:32,952 - UnicodeAnalyzer - INFO - -> Analizzando versione 0.79.0-nightly-20250203-e45883e44 (2073/2377)...
2025-11-13 04:59:33,006 - UnicodeAnalyzer - INFO - Filtrati 3 file (es. in /dist, /test).
2025-11-13 04:59:33,337 - UnicodeAnalyzer - INFO - -> Analizzando versione 0.79.0-nightly-20250204-bc4dee94f (2074/2377)...
2025-11-13 04:59:33,393 - UnicodeAnalyzer - INFO - Filtrati 3 file (es. in /dist, /test).
2025-11-13 04:59:33,736 - UnicodeAnalyzer - INFO - -> Analizzando versione 0.79.0-nightly-20250205-b0501a5be (2075/2377)...
2025-11-13 04:59:33,788 - UnicodeAnalyzer - INFO - Filtrati 3 file (es. in /dist, /test).
2025-11-13 04:59:34,140 - UnicodeAnalyzer - INFO - -> Analizzando versione 0.79.0-nightly-20250206-fb8a6a5bb (2076/2377)...
2025-11-13 04:59:34,191 - UnicodeAnalyzer - INFO - Filtrati 3 file (es. in /dist, /test).
2025-11-13 04:59:34,523 - UnicodeAnalyzer - INFO - -> Analizzando versione 0.79.0-nightly-20250207-5d4f9467d (2077/2377)...
2025-11-13 04:59:34,578 - UnicodeAnalyzer - INFO - Filtrati 3 file (es. in /dist, /test).
2025-11-13 04:59:34,894 - UnicodeAnalyzer - INFO - -> Analizzando versione 0.79.0-nightly-20250208-7b7c45030 (2078/2377)...
2025-11-13 04:59:34,954 - UnicodeAnalyzer - INFO - Filtrati 3 file (es. in /dist, /test).
2025-11-13 04:59:35,259 - UnicodeAnalyzer - INFO - -> Analizzando versione 0.79.0-nightly-20250209-7b7c45030 (2079/2377)...
2025-11-13 04:59:35,312 - UnicodeAnalyzer - INFO - Filtrati 3 file (es. in /dist, /test).
2025-11-13 04:59:35,623 - UnicodeAnalyzer - INFO - -> Analizzando versione 0.79.0-nightly-20250210-b45a3e5cd (2080/2377)...
2025-11-13 04:59:35,675 - UnicodeAnalyzer - INFO - Filtrati 3 file (es. in /dist, /test).
2025-11-13 04:59:35,979 - UnicodeAnalyzer - INFO - -> Analizzando versione 0.79.0-nightly-20250211-fffd6d75b (2081/2377)...
2025-11-13 04:59:36,030 - UnicodeAnalyzer - INFO - Filtrati 3 file (es. in /dist, /test).
2025-11-13 04:59:36,331 - UnicodeAnalyzer - INFO - -> Analizzando versione 0.79.0-nightly-20250212-a73393001 (2082/2377)...
2025-11-13 04:59:36,384 - UnicodeAnalyzer - INFO - Filtrati 3 file (es. in /dist, /test).
2025-11-13 04:59:36,717 - UnicodeAnalyzer - INFO - -> Analizzando versione 0.79.0-nightly-20250213-9a401c810 (2083/2377)...
2025-11-13 04:59:36,771 - UnicodeAnalyzer - INFO - Filtrati 3 file (es. in /dist, /test).
2025-11-13 04:59:37,075 - UnicodeAnalyzer - INFO - -> Analizzando versione 0.79.0-nightly-20250214-b3c41cef9 (2084/2377)...
2025-11-13 04:59:37,128 - UnicodeAnalyzer - INFO - Filtrati 3 file (es. in /dist, /test).
2025-11-13 04:59:37,441 - UnicodeAnalyzer - INFO - -> Analizzando versione 0.79.0-nightly-20250215-103f8b388 (2085/2377)...
2025-11-13 04:59:37,495 - UnicodeAnalyzer - INFO - Filtrati 3 file (es. in /dist, /test).
2025-11-13 04:59:37,799 - UnicodeAnalyzer - INFO - -> Analizzando versione 0.79.0-nightly-20250216-1498566c2 (2086/2377)...
2025-11-13 04:59:37,850 - UnicodeAnalyzer - INFO - Filtrati 3 file (es. in /dist, /test).
2025-11-13 04:59:38,182 - UnicodeAnalyzer - INFO - -> Analizzando versione 0.79.0-nightly-20250217-acdddef48 (2087/2377)...
2025-11-13 04:59:38,241 - UnicodeAnalyzer - INFO - Filtrati 3 file (es. in /dist, /test).
2025-11-13 04:59:38,546 - UnicodeAnalyzer - INFO - -> Analizzando versione 0.79.0-nightly-20250218-cda2d11c1 (2088/2377)...
2025-11-13 04:59:38,598 - UnicodeAnalyzer - INFO - Filtrati 3 file (es. in /dist, /test).
2025-11-13 04:59:38,901 - UnicodeAnalyzer - INFO - -> Analizzando versione 0.79.0-nightly-20250219-b53e86b4b (2089/2377)...
2025-11-13 04:59:38,956 - UnicodeAnalyzer - INFO - Filtrati 3 file (es. in /dist, /test).
2025-11-13 04:59:39,274 - UnicodeAnalyzer - INFO - -> Analizzando versione 0.79.0-nightly-20250220-41b597c73 (2090/2377)...
2025-11-13 04:59:39,326 - UnicodeAnalyzer - INFO - Filtrati 3 file (es. in /dist, /test).
2025-11-13 04:59:39,628 - UnicodeAnalyzer - INFO - -> Analizzando versione 0.79.0-nightly-20250303-7ccb1e1fb (2091/2377)...
2025-11-13 04:59:39,680 - UnicodeAnalyzer - INFO - Filtrati 3 file (es. in /dist, /test).
2025-11-13 04:59:39,998 - UnicodeAnalyzer - INFO - -> Analizzando versione 0.79.0-nightly-20250303-cee63397b (2092/2377)...
2025-11-13 04:59:40,053 - UnicodeAnalyzer - INFO - Filtrati 3 file (es. in /dist, /test).
2025-11-13 04:59:40,374 - UnicodeAnalyzer - INFO - -> Analizzando versione 0.79.0-rc.0 (2093/2377)...
2025-11-13 04:59:40,423 - UnicodeAnalyzer - INFO - Filtrati 3 file (es. in /dist, /test).
2025-11-13 04:59:40,742 - UnicodeAnalyzer - INFO - -> Analizzando versione 0.79.0-rc.1 (2094/2377)...
2025-11-13 04:59:40,795 - UnicodeAnalyzer - INFO - Filtrati 3 file (es. in /dist, /test).
2025-11-13 04:59:41,114 - UnicodeAnalyzer - INFO - -> Analizzando versione 0.79.0-rc.2 (2095/2377)...
2025-11-13 04:59:41,164 - UnicodeAnalyzer - INFO - Filtrati 3 file (es. in /dist, /test).
2025-11-13 04:59:41,486 - UnicodeAnalyzer - INFO - -> Analizzando versione 0.79.0-rc.3 (2096/2377)...
2025-11-13 04:59:41,539 - UnicodeAnalyzer - INFO - Filtrati 3 file (es. in /dist, /test).
2025-11-13 04:59:41,874 - UnicodeAnalyzer - INFO - -> Analizzando versione 0.79.0-rc.4 (2097/2377)...
2025-11-13 04:59:41,923 - UnicodeAnalyzer - INFO - Filtrati 3 file (es. in /dist, /test).
2025-11-13 04:59:42,246 - UnicodeAnalyzer - INFO - -> Analizzando versione 0.79.1 (2098/2377)...
2025-11-13 04:59:42,296 - UnicodeAnalyzer - INFO - Filtrati 3 file (es. in /dist, /test).
2025-11-13 04:59:42,613 - UnicodeAnalyzer - INFO - -> Analizzando versione 0.79.2 (2099/2377)...
2025-11-13 04:59:42,663 - UnicodeAnalyzer - INFO - Filtrati 3 file (es. in /dist, /test).
2025-11-13 04:59:42,999 - UnicodeAnalyzer - INFO - -> Analizzando versione 0.79.3 (2100/2377)...
2025-11-13 04:59:43,051 - UnicodeAnalyzer - INFO - Filtrati 3 file (es. in /dist, /test).
2025-11-13 04:59:43,368 - UnicodeAnalyzer - INFO - -> Analizzando versione 0.79.4 (2101/2377)...
2025-11-13 04:59:43,417 - UnicodeAnalyzer - INFO - Filtrati 3 file (es. in /dist, /test).
2025-11-13 04:59:43,763 - UnicodeAnalyzer - INFO - -> Analizzando versione 0.79.5 (2102/2377)...
2025-11-13 04:59:43,815 - UnicodeAnalyzer - INFO - Filtrati 3 file (es. in /dist, /test).
2025-11-13 04:59:44,143 - UnicodeAnalyzer - INFO - -> Analizzando versione 0.79.6 (2103/2377)...
2025-11-13 04:59:44,192 - UnicodeAnalyzer - INFO - Filtrati 3 file (es. in /dist, /test).
2025-11-13 04:59:44,525 - UnicodeAnalyzer - INFO - -> Analizzando versione 0.79.7 (2104/2377)...
2025-11-13 04:59:44,575 - UnicodeAnalyzer - INFO - Filtrati 3 file (es. in /dist, /test).
2025-11-13 04:59:44,893 - UnicodeAnalyzer - INFO - -> Analizzando versione 0.8.0 (2105/2377)...
2025-11-13 04:59:44,920 - UnicodeAnalyzer - INFO - Filtrati 40 file (es. in /dist, /test).
2025-11-13 04:59:45,147 - UnicodeAnalyzer - INFO - -> Analizzando versione 0.8.0-rc (2106/2377)...
2025-11-13 04:59:45,176 - UnicodeAnalyzer - INFO - Filtrati 40 file (es. in /dist, /test).
2025-11-13 04:59:45,398 - UnicodeAnalyzer - INFO - -> Analizzando versione 0.8.0-rc.2 (2107/2377)...
2025-11-13 04:59:45,427 - UnicodeAnalyzer - INFO - Filtrati 40 file (es. in /dist, /test).
2025-11-13 04:59:45,653 - UnicodeAnalyzer - INFO - -> Analizzando versione 0.80.0 (2108/2377)...
2025-11-13 04:59:45,722 - UnicodeAnalyzer - INFO - Filtrati 2 file (es. in /dist, /test).
2025-11-13 04:59:46,078 - UnicodeAnalyzer - INFO - -> Analizzando versione 0.80.0-nightly-20250305-f5feb7302 (2109/2377)...
2025-11-13 04:59:46,134 - UnicodeAnalyzer - INFO - Filtrati 3 file (es. in /dist, /test).
2025-11-13 04:59:46,453 - UnicodeAnalyzer - INFO - -> Analizzando versione 0.80.0-nightly-20250306-8f19201c5 (2110/2377)...
2025-11-13 04:59:46,506 - UnicodeAnalyzer - INFO - Filtrati 3 file (es. in /dist, /test).
2025-11-13 04:59:46,863 - UnicodeAnalyzer - INFO - -> Analizzando versione 0.80.0-nightly-20250307-1a9adfba1 (2111/2377)...
2025-11-13 04:59:46,916 - UnicodeAnalyzer - INFO - Filtrati 3 file (es. in /dist, /test).
2025-11-13 04:59:47,249 - UnicodeAnalyzer - INFO - -> Analizzando versione 0.80.0-nightly-20250308-486d38c02 (2112/2377)...
2025-11-13 04:59:47,302 - UnicodeAnalyzer - INFO - Filtrati 3 file (es. in /dist, /test).
2025-11-13 04:59:47,649 - UnicodeAnalyzer - INFO - -> Analizzando versione 0.80.0-nightly-20250309-eeef06076 (2113/2377)...
2025-11-13 04:59:47,702 - UnicodeAnalyzer - INFO - Filtrati 3 file (es. in /dist, /test).
2025-11-13 04:59:48,053 - UnicodeAnalyzer - INFO - -> Analizzando versione 0.80.0-nightly-20250310-eeef06076 (2114/2377)...
2025-11-13 04:59:48,110 - UnicodeAnalyzer - INFO - Filtrati 3 file (es. in /dist, /test).
2025-11-13 04:59:48,460 - UnicodeAnalyzer - INFO - -> Analizzando versione 0.80.0-nightly-20250311-3b07fb742 (2115/2377)...
2025-11-13 04:59:48,518 - UnicodeAnalyzer - INFO - Filtrati 3 file (es. in /dist, /test).
2025-11-13 04:59:48,871 - UnicodeAnalyzer - INFO - -> Analizzando versione 0.80.0-nightly-20250312-99f962627 (2116/2377)...
2025-11-13 04:59:48,924 - UnicodeAnalyzer - INFO - Filtrati 3 file (es. in /dist, /test).
2025-11-13 04:59:49,296 - UnicodeAnalyzer - INFO - -> Analizzando versione 0.80.0-nightly-20250313-da3b98bbc (2117/2377)...
2025-11-13 04:59:49,351 - UnicodeAnalyzer - INFO - Filtrati 3 file (es. in /dist, /test).
2025-11-13 04:59:49,695 - UnicodeAnalyzer - INFO - -> Analizzando versione 0.80.0-nightly-20250313-dd7dccd88 (2118/2377)...
2025-11-13 04:59:49,753 - UnicodeAnalyzer - INFO - Filtrati 3 file (es. in /dist, /test).
2025-11-13 04:59:50,098 - UnicodeAnalyzer - INFO - -> Analizzando versione 0.80.0-nightly-20250314-934c4465a (2119/2377)...
2025-11-13 04:59:50,155 - UnicodeAnalyzer - INFO - Filtrati 3 file (es. in /dist, /test).
2025-11-13 04:59:50,521 - UnicodeAnalyzer - INFO - -> Analizzando versione 0.80.0-nightly-20250315-fc7385c1e (2120/2377)...
2025-11-13 04:59:50,574 - UnicodeAnalyzer - INFO - Filtrati 3 file (es. in /dist, /test).
2025-11-13 04:59:51,633 - UnicodeAnalyzer - INFO - -> Analizzando versione 0.80.0-nightly-20250316-fc7385c1e (2121/2377)...
2025-11-13 04:59:51,690 - UnicodeAnalyzer - INFO - Filtrati 3 file (es. in /dist, /test).
2025-11-13 04:59:52,068 - UnicodeAnalyzer - INFO - -> Analizzando versione 0.80.0-nightly-20250317-fc7385c1e (2122/2377)...
2025-11-13 04:59:52,123 - UnicodeAnalyzer - INFO - Filtrati 3 file (es. in /dist, /test).
2025-11-13 04:59:52,471 - UnicodeAnalyzer - INFO - -> Analizzando versione 0.80.0-nightly-20250318-cf6742740 (2123/2377)...
2025-11-13 04:59:52,524 - UnicodeAnalyzer - INFO - Filtrati 3 file (es. in /dist, /test).
2025-11-13 04:59:52,864 - UnicodeAnalyzer - INFO - -> Analizzando versione 0.80.0-nightly-20250319-adbcaef1e (2124/2377)...
2025-11-13 04:59:52,918 - UnicodeAnalyzer - INFO - Filtrati 3 file (es. in /dist, /test).
2025-11-13 04:59:53,299 - UnicodeAnalyzer - INFO - -> Analizzando versione 0.80.0-nightly-20250320-146d809b6 (2125/2377)...
2025-11-13 04:59:53,355 - UnicodeAnalyzer - INFO - Filtrati 3 file (es. in /dist, /test).
2025-11-13 04:59:53,714 - UnicodeAnalyzer - INFO - -> Analizzando versione 0.80.0-nightly-20250320-7488f66fe (2126/2377)...
2025-11-13 04:59:53,767 - UnicodeAnalyzer - INFO - Filtrati 3 file (es. in /dist, /test).
2025-11-13 04:59:54,130 - UnicodeAnalyzer - INFO - -> Analizzando versione 0.80.0-nightly-20250321-3a8f51e02 (2127/2377)...
2025-11-13 04:59:54,185 - UnicodeAnalyzer - INFO - Filtrati 3 file (es. in /dist, /test).
2025-11-13 04:59:54,532 - UnicodeAnalyzer - INFO - -> Analizzando versione 0.80.0-nightly-20250322-d1a090b0a (2128/2377)...
2025-11-13 04:59:54,588 - UnicodeAnalyzer - INFO - Filtrati 3 file (es. in /dist, /test).
2025-11-13 04:59:54,936 - UnicodeAnalyzer - INFO - -> Analizzando versione 0.80.0-nightly-20250323-d1a090b0a (2129/2377)...
2025-11-13 04:59:54,998 - UnicodeAnalyzer - INFO - Filtrati 3 file (es. in /dist, /test).
2025-11-13 04:59:55,346 - UnicodeAnalyzer - INFO - -> Analizzando versione 0.80.0-nightly-20250324-d1a090b0a (2130/2377)...
2025-11-13 04:59:55,398 - UnicodeAnalyzer - INFO - Filtrati 3 file (es. in /dist, /test).
2025-11-13 04:59:55,749 - UnicodeAnalyzer - INFO - -> Analizzando versione 0.80.0-nightly-20250325-be7abbcf3 (2131/2377)...
2025-11-13 04:59:55,803 - UnicodeAnalyzer - INFO - Filtrati 3 file (es. in /dist, /test).
2025-11-13 04:59:56,149 - UnicodeAnalyzer - INFO - -> Analizzando versione 0.80.0-nightly-20250326-171c6808b (2132/2377)...
2025-11-13 04:59:56,208 - UnicodeAnalyzer - INFO - Filtrati 3 file (es. in /dist, /test).
2025-11-13 04:59:56,551 - UnicodeAnalyzer - INFO - -> Analizzando versione 0.80.0-nightly-20250327-f3a5d1957 (2133/2377)...
2025-11-13 04:59:56,605 - UnicodeAnalyzer - INFO - Filtrati 3 file (es. in /dist, /test).
2025-11-13 04:59:56,952 - UnicodeAnalyzer - INFO - -> Analizzando versione 0.80.0-nightly-20250328-1f8d824e6 (2134/2377)...
2025-11-13 04:59:57,005 - UnicodeAnalyzer - INFO - Filtrati 3 file (es. in /dist, /test).
2025-11-13 04:59:57,349 - UnicodeAnalyzer - INFO - -> Analizzando versione 0.80.0-nightly-20250329-da1bf8d1d (2135/2377)...
2025-11-13 04:59:57,403 - UnicodeAnalyzer - INFO - Filtrati 3 file (es. in /dist, /test).
2025-11-13 04:59:57,753 - UnicodeAnalyzer - INFO - -> Analizzando versione 0.80.0-nightly-20250330-46cd9165c (2136/2377)...
2025-11-13 04:59:57,806 - UnicodeAnalyzer - INFO - Filtrati 3 file (es. in /dist, /test).
2025-11-13 04:59:58,152 - UnicodeAnalyzer - INFO - -> Analizzando versione 0.80.0-nightly-20250331-398ac1f71 (2137/2377)...
2025-11-13 04:59:58,204 - UnicodeAnalyzer - INFO - Filtrati 3 file (es. in /dist, /test).
2025-11-13 04:59:58,554 - UnicodeAnalyzer - INFO - -> Analizzando versione 0.80.0-nightly-20250401-ad8be9ada (2138/2377)...
2025-11-13 04:59:58,607 - UnicodeAnalyzer - INFO - Filtrati 3 file (es. in /dist, /test).
2025-11-13 04:59:58,971 - UnicodeAnalyzer - INFO - -> Analizzando versione 0.80.0-nightly-20250402-61bd649c9 (2139/2377)...
2025-11-13 04:59:59,024 - UnicodeAnalyzer - INFO - Filtrati 3 file (es. in /dist, /test).
2025-11-13 04:59:59,373 - UnicodeAnalyzer - INFO - -> Analizzando versione 0.80.0-nightly-20250403-fae1532f4 (2140/2377)...
2025-11-13 04:59:59,428 - UnicodeAnalyzer - INFO - Filtrati 3 file (es. in /dist, /test).
2025-11-13 04:59:59,776 - UnicodeAnalyzer - INFO - -> Analizzando versione 0.80.0-nightly-20250404-725d9683b (2141/2377)...
2025-11-13 04:59:59,830 - UnicodeAnalyzer - INFO - Filtrati 3 file (es. in /dist, /test).
2025-11-13 05:00:00,177 - UnicodeAnalyzer - INFO - -> Analizzando versione 0.80.0-nightly-20250405-a20b02efb (2142/2377)...
2025-11-13 05:00:00,230 - UnicodeAnalyzer - INFO - Filtrati 3 file (es. in /dist, /test).
2025-11-13 05:00:00,573 - UnicodeAnalyzer - INFO - -> Analizzando versione 0.80.0-nightly-20250406-f0ad39446 (2143/2377)...
2025-11-13 05:00:00,625 - UnicodeAnalyzer - INFO - Filtrati 3 file (es. in /dist, /test).
2025-11-13 05:00:00,966 - UnicodeAnalyzer - INFO - -> Analizzando versione 0.80.0-nightly-20250407-c0d96a5bc (2144/2377)...
2025-11-13 05:00:01,021 - UnicodeAnalyzer - INFO - Filtrati 3 file (es. in /dist, /test).
2025-11-13 05:00:01,364 - UnicodeAnalyzer - INFO - -> Analizzando versione 0.80.0-nightly-20250408-833ab6fe1 (2145/2377)...
2025-11-13 05:00:01,416 - UnicodeAnalyzer - INFO - Filtrati 3 file (es. in /dist, /test).
2025-11-13 05:00:01,799 - UnicodeAnalyzer - INFO - -> Analizzando versione 0.80.0-nightly-20250409-27a68616c (2146/2377)...
2025-11-13 05:00:01,863 - UnicodeAnalyzer - INFO - Filtrati 3 file (es. in /dist, /test).
2025-11-13 05:00:02,222 - UnicodeAnalyzer - INFO - -> Analizzando versione 0.80.0-nightly-20250410-b47bfcef5 (2147/2377)...
2025-11-13 05:00:02,277 - UnicodeAnalyzer - INFO - Filtrati 3 file (es. in /dist, /test).
2025-11-13 05:00:02,618 - UnicodeAnalyzer - INFO - -> Analizzando versione 0.80.0-nightly-20250412-675b51f56 (2148/2377)...
2025-11-13 05:00:02,674 - UnicodeAnalyzer - INFO - Filtrati 3 file (es. in /dist, /test).
2025-11-13 05:00:03,023 - UnicodeAnalyzer - INFO - -> Analizzando versione 0.80.0-nightly-20250413-70cdf12c4 (2149/2377)...
2025-11-13 05:00:03,078 - UnicodeAnalyzer - INFO - Filtrati 3 file (es. in /dist, /test).
2025-11-13 05:00:03,415 - UnicodeAnalyzer - INFO - -> Analizzando versione 0.80.0-nightly-20250414-70cdf12c4 (2150/2377)...
2025-11-13 05:00:03,470 - UnicodeAnalyzer - INFO - Filtrati 3 file (es. in /dist, /test).
2025-11-13 05:00:03,836 - UnicodeAnalyzer - INFO - -> Analizzando versione 0.80.0-nightly-20250415-a7e765158 (2151/2377)...
2025-11-13 05:00:03,892 - UnicodeAnalyzer - INFO - Filtrati 3 file (es. in /dist, /test).
2025-11-13 05:00:04,235 - UnicodeAnalyzer - INFO - -> Analizzando versione 0.80.0-nightly-20250417-96939f160 (2152/2377)...
2025-11-13 05:00:04,290 - UnicodeAnalyzer - INFO - Filtrati 3 file (es. in /dist, /test).
2025-11-13 05:00:04,633 - UnicodeAnalyzer - INFO - -> Analizzando versione 0.80.0-nightly-20250419-f98c227ee (2153/2377)...
2025-11-13 05:00:04,691 - UnicodeAnalyzer - INFO - Filtrati 2 file (es. in /dist, /test).
2025-11-13 05:00:04,977 - UnicodeAnalyzer - INFO - -> Analizzando versione 0.80.0-nightly-20250420-f98c227ee (2154/2377)...
2025-11-13 05:00:05,031 - UnicodeAnalyzer - INFO - Filtrati 2 file (es. in /dist, /test).
2025-11-13 05:00:05,311 - UnicodeAnalyzer - INFO - -> Analizzando versione 0.80.0-nightly-20250421-634f06688 (2155/2377)...
2025-11-13 05:00:05,365 - UnicodeAnalyzer - INFO - Filtrati 2 file (es. in /dist, /test).
2025-11-13 05:00:05,654 - UnicodeAnalyzer - INFO - -> Analizzando versione 0.80.0-nightly-20250422-f466e43a1 (2156/2377)...
2025-11-13 05:00:05,707 - UnicodeAnalyzer - INFO - Filtrati 2 file (es. in /dist, /test).
2025-11-13 05:00:05,994 - UnicodeAnalyzer - INFO - -> Analizzando versione 0.80.0-nightly-20250423-e89d2681e (2157/2377)...
2025-11-13 05:00:06,049 - UnicodeAnalyzer - INFO - Filtrati 2 file (es. in /dist, /test).
2025-11-13 05:00:06,348 - UnicodeAnalyzer - INFO - -> Analizzando versione 0.80.0-nightly-20250424-d28d4c5ff (2158/2377)...
2025-11-13 05:00:06,415 - UnicodeAnalyzer - INFO - Filtrati 2 file (es. in /dist, /test).
2025-11-13 05:00:06,699 - UnicodeAnalyzer - INFO - -> Analizzando versione 0.80.0-nightly-20250425-fcb3ef3f7 (2159/2377)...
2025-11-13 05:00:06,753 - UnicodeAnalyzer - INFO - Filtrati 2 file (es. in /dist, /test).
2025-11-13 05:00:07,044 - UnicodeAnalyzer - INFO - -> Analizzando versione 0.80.0-nightly-20250426-319ba0afd (2160/2377)...
2025-11-13 05:00:07,099 - UnicodeAnalyzer - INFO - Filtrati 2 file (es. in /dist, /test).
2025-11-13 05:00:07,386 - UnicodeAnalyzer - INFO - -> Analizzando versione 0.80.0-nightly-20250427-eb2f6b1ae (2161/2377)...
2025-11-13 05:00:07,442 - UnicodeAnalyzer - INFO - Filtrati 2 file (es. in /dist, /test).
2025-11-13 05:00:07,725 - UnicodeAnalyzer - INFO - -> Analizzando versione 0.80.0-nightly-20250428-9efcdc091 (2162/2377)...
2025-11-13 05:00:07,781 - UnicodeAnalyzer - INFO - Filtrati 2 file (es. in /dist, /test).
2025-11-13 05:00:08,071 - UnicodeAnalyzer - INFO - -> Analizzando versione 0.80.0-nightly-20250429-e486fda10 (2163/2377)...
2025-11-13 05:00:08,137 - UnicodeAnalyzer - INFO - Filtrati 2 file (es. in /dist, /test).
2025-11-13 05:00:08,482 - UnicodeAnalyzer - INFO - -> Analizzando versione 0.80.0-nightly-20250430-79d3cb7e1 (2164/2377)...
2025-11-13 05:00:08,539 - UnicodeAnalyzer - INFO - Filtrati 2 file (es. in /dist, /test).
2025-11-13 05:00:08,894 - UnicodeAnalyzer - INFO - -> Analizzando versione 0.80.0-nightly-20250501-88a04c530 (2165/2377)...
2025-11-13 05:00:08,957 - UnicodeAnalyzer - INFO - Filtrati 2 file (es. in /dist, /test).
2025-11-13 05:00:09,321 - UnicodeAnalyzer - INFO - -> Analizzando versione 0.80.0-nightly-20250502-21bf7cf6c (2166/2377)...
2025-11-13 05:00:09,379 - UnicodeAnalyzer - INFO - Filtrati 2 file (es. in /dist, /test).
2025-11-13 05:00:09,734 - UnicodeAnalyzer - INFO - -> Analizzando versione 0.80.0-nightly-20250503-989b3f61a (2167/2377)...
2025-11-13 05:00:09,794 - UnicodeAnalyzer - INFO - Filtrati 2 file (es. in /dist, /test).
2025-11-13 05:00:10,150 - UnicodeAnalyzer - INFO - -> Analizzando versione 0.80.0-nightly-20250504-5eed87246 (2168/2377)...
2025-11-13 05:00:10,210 - UnicodeAnalyzer - INFO - Filtrati 2 file (es. in /dist, /test).
2025-11-13 05:00:10,555 - UnicodeAnalyzer - INFO - -> Analizzando versione 0.80.0-nightly-20250505-69f9a9a02 (2169/2377)...
2025-11-13 05:00:10,613 - UnicodeAnalyzer - INFO - Filtrati 2 file (es. in /dist, /test).
2025-11-13 05:00:10,965 - UnicodeAnalyzer - INFO - -> Analizzando versione 0.80.0-nightly-20250506-3ac16dd6a (2170/2377)...
2025-11-13 05:00:11,025 - UnicodeAnalyzer - INFO - Filtrati 2 file (es. in /dist, /test).
2025-11-13 05:00:11,374 - UnicodeAnalyzer - INFO - -> Analizzando versione 0.80.0-nightly-20250506-f85b30b24 (2171/2377)...
2025-11-13 05:00:11,433 - UnicodeAnalyzer - INFO - Filtrati 2 file (es. in /dist, /test).
2025-11-13 05:00:11,781 - UnicodeAnalyzer - INFO - -> Analizzando versione 0.80.0-nightly-20250507-a254b5e69 (2172/2377)...
2025-11-13 05:00:11,841 - UnicodeAnalyzer - INFO - Filtrati 2 file (es. in /dist, /test).
2025-11-13 05:00:12,195 - UnicodeAnalyzer - INFO - -> Analizzando versione 0.80.0-rc.0 (2173/2377)...
2025-11-13 05:00:12,252 - UnicodeAnalyzer - INFO - Filtrati 2 file (es. in /dist, /test).
2025-11-13 05:00:12,600 - UnicodeAnalyzer - INFO - -> Analizzando versione 0.80.0-rc.1 (2174/2377)...
2025-11-13 05:00:12,656 - UnicodeAnalyzer - INFO - Filtrati 2 file (es. in /dist, /test).
2025-11-13 05:00:13,025 - UnicodeAnalyzer - INFO - -> Analizzando versione 0.80.0-rc.2 (2175/2377)...
2025-11-13 05:00:13,093 - UnicodeAnalyzer - INFO - Filtrati 2 file (es. in /dist, /test).
2025-11-13 05:00:13,463 - UnicodeAnalyzer - INFO - -> Analizzando versione 0.80.0-rc.3 (2176/2377)...
2025-11-13 05:00:13,521 - UnicodeAnalyzer - INFO - Filtrati 2 file (es. in /dist, /test).
2025-11-13 05:00:13,866 - UnicodeAnalyzer - INFO - -> Analizzando versione 0.80.0-rc.4 (2177/2377)...
2025-11-13 05:00:13,924 - UnicodeAnalyzer - INFO - Filtrati 2 file (es. in /dist, /test).
2025-11-13 05:00:14,277 - UnicodeAnalyzer - INFO - -> Analizzando versione 0.80.0-rc.5 (2178/2377)...
2025-11-13 05:00:14,335 - UnicodeAnalyzer - INFO - Filtrati 2 file (es. in /dist, /test).
2025-11-13 05:00:14,682 - UnicodeAnalyzer - INFO - -> Analizzando versione 0.80.1 (2179/2377)...
2025-11-13 05:00:14,741 - UnicodeAnalyzer - INFO - Filtrati 2 file (es. in /dist, /test).
2025-11-13 05:00:15,094 - UnicodeAnalyzer - INFO - -> Analizzando versione 0.80.2 (2180/2377)...
2025-11-13 05:00:15,151 - UnicodeAnalyzer - INFO - Filtrati 2 file (es. in /dist, /test).
2025-11-13 05:00:15,499 - UnicodeAnalyzer - INFO - -> Analizzando versione 0.81.0 (2181/2377)...
2025-11-13 05:00:15,558 - UnicodeAnalyzer - INFO - Filtrati 2 file (es. in /dist, /test).
2025-11-13 05:00:15,873 - UnicodeAnalyzer - INFO - -> Analizzando versione 0.81.0-nightly-20250508-bbc1e121c (2182/2377)...
2025-11-13 05:00:15,931 - UnicodeAnalyzer - INFO - Filtrati 2 file (es. in /dist, /test).
2025-11-13 05:00:16,282 - UnicodeAnalyzer - INFO - -> Analizzando versione 0.81.0-nightly-20250509-8ed5ccca6 (2183/2377)...
2025-11-13 05:00:16,345 - UnicodeAnalyzer - INFO - Filtrati 2 file (es. in /dist, /test).
2025-11-13 05:00:16,696 - UnicodeAnalyzer - INFO - -> Analizzando versione 0.81.0-nightly-20250510-cda82f5dd (2184/2377)...
2025-11-13 05:00:16,754 - UnicodeAnalyzer - INFO - Filtrati 2 file (es. in /dist, /test).
2025-11-13 05:00:17,103 - UnicodeAnalyzer - INFO - -> Analizzando versione 0.81.0-nightly-20250511-996be8707 (2185/2377)...
2025-11-13 05:00:17,164 - UnicodeAnalyzer - INFO - Filtrati 2 file (es. in /dist, /test).
2025-11-13 05:00:17,523 - UnicodeAnalyzer - INFO - -> Analizzando versione 0.81.0-nightly-20250512-77c1eb615 (2186/2377)...
2025-11-13 05:00:17,581 - UnicodeAnalyzer - INFO - Filtrati 2 file (es. in /dist, /test).
2025-11-13 05:00:17,928 - UnicodeAnalyzer - INFO - -> Analizzando versione 0.81.0-nightly-20250513-e30ba139b (2187/2377)...
2025-11-13 05:00:17,987 - UnicodeAnalyzer - INFO - Filtrati 2 file (es. in /dist, /test).
2025-11-13 05:00:18,346 - UnicodeAnalyzer - INFO - -> Analizzando versione 0.81.0-nightly-20250514-3391959fd (2188/2377)...
2025-11-13 05:00:18,406 - UnicodeAnalyzer - INFO - Filtrati 2 file (es. in /dist, /test).
2025-11-13 05:00:18,756 - UnicodeAnalyzer - INFO - -> Analizzando versione 0.81.0-nightly-20250515-bf26cf9c3 (2189/2377)...
2025-11-13 05:00:18,814 - UnicodeAnalyzer - INFO - Filtrati 2 file (es. in /dist, /test).
2025-11-13 05:00:19,170 - UnicodeAnalyzer - INFO - -> Analizzando versione 0.81.0-nightly-20250516-249a24ac7 (2190/2377)...
2025-11-13 05:00:19,228 - UnicodeAnalyzer - INFO - Filtrati 2 file (es. in /dist, /test).
2025-11-13 05:00:19,578 - UnicodeAnalyzer - INFO - -> Analizzando versione 0.81.0-nightly-20250517-ba092bfab (2191/2377)...
2025-11-13 05:00:19,636 - UnicodeAnalyzer - INFO - Filtrati 2 file (es. in /dist, /test).
2025-11-13 05:00:19,985 - UnicodeAnalyzer - INFO - -> Analizzando versione 0.81.0-nightly-20250518-1218a8a6d (2192/2377)...
2025-11-13 05:00:20,044 - UnicodeAnalyzer - INFO - Filtrati 2 file (es. in /dist, /test).
2025-11-13 05:00:20,391 - UnicodeAnalyzer - INFO - -> Analizzando versione 0.81.0-nightly-20250519-2fa9c850f (2193/2377)...
2025-11-13 05:00:20,452 - UnicodeAnalyzer - INFO - Filtrati 2 file (es. in /dist, /test).
2025-11-13 05:00:20,797 - UnicodeAnalyzer - INFO - -> Analizzando versione 0.81.0-nightly-20250520-9fe20d4ea (2194/2377)...
2025-11-13 05:00:20,860 - UnicodeAnalyzer - INFO - Filtrati 2 file (es. in /dist, /test).
2025-11-13 05:00:21,211 - UnicodeAnalyzer - INFO - -> Analizzando versione 0.81.0-nightly-20250521-3cb70bb6a (2195/2377)...
2025-11-13 05:00:21,272 - UnicodeAnalyzer - INFO - Filtrati 2 file (es. in /dist, /test).
2025-11-13 05:00:21,621 - UnicodeAnalyzer - INFO - -> Analizzando versione 0.81.0-nightly-20250522-12ced22f7 (2196/2377)...
2025-11-13 05:00:21,686 - UnicodeAnalyzer - INFO - Filtrati 2 file (es. in /dist, /test).
2025-11-13 05:00:22,036 - UnicodeAnalyzer - INFO - -> Analizzando versione 0.81.0-nightly-20250523-b70c73d8f (2197/2377)...
2025-11-13 05:00:22,096 - UnicodeAnalyzer - INFO - Filtrati 2 file (es. in /dist, /test).
2025-11-13 05:00:22,446 - UnicodeAnalyzer - INFO - -> Analizzando versione 0.81.0-nightly-20250524-ca5f4d172 (2198/2377)...
2025-11-13 05:00:22,510 - UnicodeAnalyzer - INFO - Filtrati 2 file (es. in /dist, /test).
2025-11-13 05:00:22,852 - UnicodeAnalyzer - INFO - -> Analizzando versione 0.81.0-nightly-20250525-1e3139221 (2199/2377)...
2025-11-13 05:00:22,911 - UnicodeAnalyzer - INFO - Filtrati 2 file (es. in /dist, /test).
2025-11-13 05:00:23,243 - UnicodeAnalyzer - INFO - -> Analizzando versione 0.81.0-nightly-20250526-5dbe32ee1 (2200/2377)...
2025-11-13 05:00:23,301 - UnicodeAnalyzer - INFO - Filtrati 2 file (es. in /dist, /test).
2025-11-13 05:00:23,640 - UnicodeAnalyzer - INFO - -> Analizzando versione 0.81.0-nightly-20250527-6c053006b (2201/2377)...
2025-11-13 05:00:23,705 - UnicodeAnalyzer - INFO - Filtrati 2 file (es. in /dist, /test).
2025-11-13 05:00:24,022 - UnicodeAnalyzer - INFO - -> Analizzando versione 0.81.0-nightly-20250528-8f2e981ab (2202/2377)...
2025-11-13 05:00:24,081 - UnicodeAnalyzer - INFO - Filtrati 2 file (es. in /dist, /test).
2025-11-13 05:00:24,366 - UnicodeAnalyzer - INFO - -> Analizzando versione 0.81.0-nightly-20250529-dd9d7c0e7 (2203/2377)...
2025-11-13 05:00:24,425 - UnicodeAnalyzer - INFO - Filtrati 2 file (es. in /dist, /test).
2025-11-13 05:00:24,716 - UnicodeAnalyzer - INFO - -> Analizzando versione 0.81.0-nightly-20250531-cddfe4a03 (2204/2377)...
2025-11-13 05:00:24,780 - UnicodeAnalyzer - INFO - Filtrati 2 file (es. in /dist, /test).
2025-11-13 05:00:25,088 - UnicodeAnalyzer - INFO - -> Analizzando versione 0.81.0-nightly-20250601-d3d92b9a1 (2205/2377)...
2025-11-13 05:00:25,154 - UnicodeAnalyzer - INFO - Filtrati 2 file (es. in /dist, /test).
2025-11-13 05:00:25,458 - UnicodeAnalyzer - INFO - -> Analizzando versione 0.81.0-nightly-20250602-93920e38e (2206/2377)...
2025-11-13 05:00:25,516 - UnicodeAnalyzer - INFO - Filtrati 2 file (es. in /dist, /test).
2025-11-13 05:00:25,827 - UnicodeAnalyzer - INFO - -> Analizzando versione 0.81.0-nightly-20250603-5c8c5388f (2207/2377)...
2025-11-13 05:00:25,886 - UnicodeAnalyzer - INFO - Filtrati 2 file (es. in /dist, /test).
2025-11-13 05:00:26,190 - UnicodeAnalyzer - INFO - -> Analizzando versione 0.81.0-nightly-20250604-1a6d466f1 (2208/2377)...
2025-11-13 05:00:26,249 - UnicodeAnalyzer - INFO - Filtrati 2 file (es. in /dist, /test).
2025-11-13 05:00:26,551 - UnicodeAnalyzer - INFO - -> Analizzando versione 0.81.0-nightly-20250605-1a335b3f2 (2209/2377)...
2025-11-13 05:00:26,610 - UnicodeAnalyzer - INFO - Filtrati 2 file (es. in /dist, /test).
2025-11-13 05:00:26,915 - UnicodeAnalyzer - INFO - -> Analizzando versione 0.81.0-nightly-20250606-79d2e2a36 (2210/2377)...
2025-11-13 05:00:26,974 - UnicodeAnalyzer - INFO - Filtrati 2 file (es. in /dist, /test).
2025-11-13 05:00:27,288 - UnicodeAnalyzer - INFO - -> Analizzando versione 0.81.0-nightly-20250607-c7cc12556 (2211/2377)...
2025-11-13 05:00:27,348 - UnicodeAnalyzer - INFO - Filtrati 2 file (es. in /dist, /test).
2025-11-13 05:00:27,649 - UnicodeAnalyzer - INFO - -> Analizzando versione 0.81.0-nightly-20250608-198c6fc81 (2212/2377)...
2025-11-13 05:00:27,709 - UnicodeAnalyzer - INFO - Filtrati 2 file (es. in /dist, /test).
2025-11-13 05:00:28,015 - UnicodeAnalyzer - INFO - -> Analizzando versione 0.81.0-nightly-20250609-198c6fc81 (2213/2377)...
2025-11-13 05:00:28,077 - UnicodeAnalyzer - INFO - Filtrati 2 file (es. in /dist, /test).
2025-11-13 05:00:28,391 - UnicodeAnalyzer - INFO - -> Analizzando versione 0.81.0-nightly-20250610-43ba9df55 (2214/2377)...
2025-11-13 05:00:28,456 - UnicodeAnalyzer - INFO - Filtrati 2 file (es. in /dist, /test).
2025-11-13 05:00:28,768 - UnicodeAnalyzer - INFO - -> Analizzando versione 0.81.0-nightly-20250611-0e1a94a33 (2215/2377)...
2025-11-13 05:00:28,830 - UnicodeAnalyzer - INFO - Filtrati 2 file (es. in /dist, /test).
2025-11-13 05:00:29,138 - UnicodeAnalyzer - INFO - -> Analizzando versione 0.81.0-nightly-20250611-d8fe9155e (2216/2377)...
2025-11-13 05:00:29,197 - UnicodeAnalyzer - INFO - Filtrati 2 file (es. in /dist, /test).
2025-11-13 05:00:29,516 - UnicodeAnalyzer - INFO - -> Analizzando versione 0.81.0-nightly-20250612-1b0851515 (2217/2377)...
2025-11-13 05:00:29,577 - UnicodeAnalyzer - INFO - Filtrati 2 file (es. in /dist, /test).
2025-11-13 05:00:29,881 - UnicodeAnalyzer - INFO - -> Analizzando versione 0.81.0-nightly-20250613-6b9d931a8 (2218/2377)...
2025-11-13 05:00:29,941 - UnicodeAnalyzer - INFO - Filtrati 2 file (es. in /dist, /test).
2025-11-13 05:00:30,252 - UnicodeAnalyzer - INFO - -> Analizzando versione 0.81.0-nightly-20250613-70962ef3e (2219/2377)...
2025-11-13 05:00:30,311 - UnicodeAnalyzer - INFO - Filtrati 2 file (es. in /dist, /test).
2025-11-13 05:00:30,619 - UnicodeAnalyzer - INFO - -> Analizzando versione 0.81.0-nightly-20250614-92af97591 (2220/2377)...
2025-11-13 05:00:30,679 - UnicodeAnalyzer - INFO - Filtrati 2 file (es. in /dist, /test).
2025-11-13 05:00:30,988 - UnicodeAnalyzer - INFO - -> Analizzando versione 0.81.0-nightly-20250615-98f5a4e11 (2221/2377)...
2025-11-13 05:00:31,053 - UnicodeAnalyzer - INFO - Filtrati 2 file (es. in /dist, /test).
2025-11-13 05:00:31,362 - UnicodeAnalyzer - INFO - -> Analizzando versione 0.81.0-nightly-20250616-98f5a4e11 (2222/2377)...
2025-11-13 05:00:31,424 - UnicodeAnalyzer - INFO - Filtrati 2 file (es. in /dist, /test).
2025-11-13 05:00:31,728 - UnicodeAnalyzer - INFO - -> Analizzando versione 0.81.0-nightly-20250618-ce75271d4 (2223/2377)...
2025-11-13 05:00:31,786 - UnicodeAnalyzer - INFO - Filtrati 2 file (es. in /dist, /test).
2025-11-13 05:00:32,097 - UnicodeAnalyzer - INFO - -> Analizzando versione 0.81.0-nightly-20250619-5e331304c (2224/2377)...
2025-11-13 05:00:32,164 - UnicodeAnalyzer - INFO - Filtrati 2 file (es. in /dist, /test).
2025-11-13 05:00:32,472 - UnicodeAnalyzer - INFO - -> Analizzando versione 0.81.0-nightly-20250620-0f7bf66bb (2225/2377)...
2025-11-13 05:00:32,534 - UnicodeAnalyzer - INFO - Filtrati 2 file (es. in /dist, /test).
2025-11-13 05:00:32,841 - UnicodeAnalyzer - INFO - -> Analizzando versione 0.81.0-nightly-20250621-710e08cd5 (2226/2377)...
2025-11-13 05:00:32,905 - UnicodeAnalyzer - INFO - Filtrati 2 file (es. in /dist, /test).
2025-11-13 05:00:33,216 - UnicodeAnalyzer - INFO - -> Analizzando versione 0.81.0-nightly-20250622-fbbd20dd6 (2227/2377)...
2025-11-13 05:00:33,275 - UnicodeAnalyzer - INFO - Filtrati 2 file (es. in /dist, /test).
2025-11-13 05:00:33,606 - UnicodeAnalyzer - INFO - -> Analizzando versione 0.81.0-nightly-20250623-18f4db44e (2228/2377)...
2025-11-13 05:00:33,667 - UnicodeAnalyzer - INFO - Filtrati 2 file (es. in /dist, /test).
2025-11-13 05:00:33,979 - UnicodeAnalyzer - INFO - -> Analizzando versione 0.81.0-nightly-20250623-fbbd20dd6 (2229/2377)...
2025-11-13 05:00:34,042 - UnicodeAnalyzer - INFO - Filtrati 2 file (es. in /dist, /test).
2025-11-13 05:00:34,348 - UnicodeAnalyzer - INFO - -> Analizzando versione 0.81.0-nightly-20250624-3306691d6 (2230/2377)...
2025-11-13 05:00:34,423 - UnicodeAnalyzer - INFO - Filtrati 2 file (es. in /dist, /test).
2025-11-13 05:00:34,741 - UnicodeAnalyzer - INFO - -> Analizzando versione 0.81.0-nightly-20250624-65ae3dafc (2231/2377)...
2025-11-13 05:00:34,802 - UnicodeAnalyzer - INFO - Filtrati 2 file (es. in /dist, /test).
2025-11-13 05:00:35,110 - UnicodeAnalyzer - INFO - -> Analizzando versione 0.81.0-nightly-20250625-a2a72e239 (2232/2377)...
2025-11-13 05:00:35,170 - UnicodeAnalyzer - INFO - Filtrati 2 file (es. in /dist, /test).
2025-11-13 05:00:35,477 - UnicodeAnalyzer - INFO - -> Analizzando versione 0.81.0-nightly-20250625-d8e00f0bb (2233/2377)...
2025-11-13 05:00:35,538 - UnicodeAnalyzer - INFO - Filtrati 2 file (es. in /dist, /test).
2025-11-13 05:00:35,851 - UnicodeAnalyzer - INFO - -> Analizzando versione 0.81.0-nightly-20250626-c6608685c (2234/2377)...
2025-11-13 05:00:35,912 - UnicodeAnalyzer - INFO - Filtrati 2 file (es. in /dist, /test).
2025-11-13 05:00:36,220 - UnicodeAnalyzer - INFO - -> Analizzando versione 0.81.0-nightly-20250626-d0770ce42 (2235/2377)...
2025-11-13 05:00:36,282 - UnicodeAnalyzer - INFO - Filtrati 2 file (es. in /dist, /test).
2025-11-13 05:00:36,595 - UnicodeAnalyzer - INFO - -> Analizzando versione 0.81.0-nightly-20250627-fbd8281ab (2236/2377)...
2025-11-13 05:00:36,655 - UnicodeAnalyzer - INFO - Filtrati 2 file (es. in /dist, /test).
2025-11-13 05:00:36,962 - UnicodeAnalyzer - INFO - -> Analizzando versione 0.81.0-nightly-20250628-132c2cdf1 (2237/2377)...
2025-11-13 05:00:37,022 - UnicodeAnalyzer - INFO - Filtrati 2 file (es. in /dist, /test).
2025-11-13 05:00:37,338 - UnicodeAnalyzer - INFO - -> Analizzando versione 0.81.0-nightly-20250629-9a2c422b8 (2238/2377)...
2025-11-13 05:00:37,402 - UnicodeAnalyzer - INFO - Filtrati 2 file (es. in /dist, /test).
2025-11-13 05:00:37,709 - UnicodeAnalyzer - INFO - -> Analizzando versione 0.81.0-nightly-20250630-9a2c422b8 (2239/2377)...
2025-11-13 05:00:37,770 - UnicodeAnalyzer - INFO - Filtrati 2 file (es. in /dist, /test).
2025-11-13 05:00:38,076 - UnicodeAnalyzer - INFO - -> Analizzando versione 0.81.0-nightly-20250701-3eeda07a6 (2240/2377)...
2025-11-13 05:00:38,136 - UnicodeAnalyzer - INFO - Filtrati 2 file (es. in /dist, /test).
2025-11-13 05:00:38,471 - UnicodeAnalyzer - INFO - -> Analizzando versione 0.81.0-nightly-20250702-b41b924b2 (2241/2377)...
2025-11-13 05:00:38,530 - UnicodeAnalyzer - INFO - Filtrati 2 file (es. in /dist, /test).
2025-11-13 05:00:38,838 - UnicodeAnalyzer - INFO - -> Analizzando versione 0.81.0-nightly-20250703-097d48244 (2242/2377)...
2025-11-13 05:00:38,898 - UnicodeAnalyzer - INFO - Filtrati 2 file (es. in /dist, /test).
2025-11-13 05:00:39,209 - UnicodeAnalyzer - INFO - -> Analizzando versione 0.81.0-nightly-20250705-dcd430721 (2243/2377)...
2025-11-13 05:00:39,269 - UnicodeAnalyzer - INFO - Filtrati 2 file (es. in /dist, /test).
2025-11-13 05:00:39,559 - UnicodeAnalyzer - INFO - -> Analizzando versione 0.81.0-nightly-20250706-987e3f8c0 (2244/2377)...
2025-11-13 05:00:39,618 - UnicodeAnalyzer - INFO - Filtrati 2 file (es. in /dist, /test).
2025-11-13 05:00:39,913 - UnicodeAnalyzer - INFO - -> Analizzando versione 0.81.0-nightly-20250707-1c51d6684 (2245/2377)...
2025-11-13 05:00:39,972 - UnicodeAnalyzer - INFO - Filtrati 2 file (es. in /dist, /test).
2025-11-13 05:00:40,324 - UnicodeAnalyzer - INFO - -> Analizzando versione 0.81.0-nightly-20250707-255977a7b (2246/2377)...
2025-11-13 05:00:40,393 - UnicodeAnalyzer - INFO - Filtrati 2 file (es. in /dist, /test).
2025-11-13 05:00:40,689 - UnicodeAnalyzer - INFO - -> Analizzando versione 0.81.0-nightly-20250708-5ec8e6058 (2247/2377)...
2025-11-13 05:00:40,748 - UnicodeAnalyzer - INFO - Filtrati 2 file (es. in /dist, /test).
2025-11-13 05:00:41,102 - UnicodeAnalyzer - INFO - -> Analizzando versione 0.81.0-nightly-20250709-6892dde36 (2248/2377)...
2025-11-13 05:00:41,161 - UnicodeAnalyzer - INFO - Filtrati 2 file (es. in /dist, /test).
2025-11-13 05:00:41,520 - UnicodeAnalyzer - INFO - -> Analizzando versione 0.81.0-rc.0 (2249/2377)...
2025-11-13 05:00:41,579 - UnicodeAnalyzer - INFO - Filtrati 2 file (es. in /dist, /test).
2025-11-13 05:00:41,933 - UnicodeAnalyzer - INFO - -> Analizzando versione 0.81.0-rc.1 (2250/2377)...
2025-11-13 05:00:41,993 - UnicodeAnalyzer - INFO - Filtrati 2 file (es. in /dist, /test).
2025-11-13 05:00:42,372 - UnicodeAnalyzer - INFO - -> Analizzando versione 0.81.0-rc.2 (2251/2377)...
2025-11-13 05:00:42,430 - UnicodeAnalyzer - INFO - Filtrati 2 file (es. in /dist, /test).
2025-11-13 05:00:42,794 - UnicodeAnalyzer - INFO - -> Analizzando versione 0.81.0-rc.3 (2252/2377)...
2025-11-13 05:00:42,854 - UnicodeAnalyzer - INFO - Filtrati 2 file (es. in /dist, /test).
2025-11-13 05:00:43,169 - UnicodeAnalyzer - INFO - -> Analizzando versione 0.81.0-rc.5 (2253/2377)...
2025-11-13 05:00:43,227 - UnicodeAnalyzer - INFO - Filtrati 2 file (es. in /dist, /test).
2025-11-13 05:00:43,548 - UnicodeAnalyzer - INFO - -> Analizzando versione 0.81.1 (2254/2377)...
2025-11-13 05:00:43,605 - UnicodeAnalyzer - INFO - Filtrati 2 file (es. in /dist, /test).
2025-11-13 05:00:43,920 - UnicodeAnalyzer - INFO - -> Analizzando versione 0.81.2 (2255/2377)...
2025-11-13 05:00:43,981 - UnicodeAnalyzer - INFO - Filtrati 2 file (es. in /dist, /test).
2025-11-13 05:00:44,327 - UnicodeAnalyzer - INFO - -> Analizzando versione 0.81.3 (2256/2377)...
2025-11-13 05:00:44,386 - UnicodeAnalyzer - INFO - Filtrati 2 file (es. in /dist, /test).
2025-11-13 05:00:44,703 - UnicodeAnalyzer - INFO - -> Analizzando versione 0.81.4 (2257/2377)...
2025-11-13 05:00:44,758 - UnicodeAnalyzer - INFO - Filtrati 2 file (es. in /dist, /test).
2025-11-13 05:00:45,101 - UnicodeAnalyzer - INFO - -> Analizzando versione 0.81.5 (2258/2377)...
2025-11-13 05:00:45,163 - UnicodeAnalyzer - INFO - Filtrati 2 file (es. in /dist, /test).
2025-11-13 05:00:45,502 - UnicodeAnalyzer - INFO - -> Analizzando versione 0.82.0 (2259/2377)...
2025-11-13 05:00:45,562 - UnicodeAnalyzer - INFO - Filtrati 2 file (es. in /dist, /test).
2025-11-13 05:00:45,917 - UnicodeAnalyzer - INFO - -> Analizzando versione 0.82.0-nightly-20250710-586f5ba89 (2260/2377)...
2025-11-13 05:00:45,981 - UnicodeAnalyzer - INFO - Filtrati 2 file (es. in /dist, /test).
2025-11-13 05:00:46,364 - UnicodeAnalyzer - INFO - -> Analizzando versione 0.82.0-nightly-20250711-263ccad3c (2261/2377)...
2025-11-13 05:00:46,424 - UnicodeAnalyzer - INFO - Filtrati 2 file (es. in /dist, /test).
2025-11-13 05:00:46,780 - UnicodeAnalyzer - INFO - -> Analizzando versione 0.82.0-nightly-20250712-8083cb4ab (2262/2377)...
2025-11-13 05:00:46,844 - UnicodeAnalyzer - INFO - Filtrati 2 file (es. in /dist, /test).
2025-11-13 05:00:47,194 - UnicodeAnalyzer - INFO - -> Analizzando versione 0.82.0-nightly-20250713-60b1b7a30 (2263/2377)...
2025-11-13 05:00:47,254 - UnicodeAnalyzer - INFO - Filtrati 2 file (es. in /dist, /test).
2025-11-13 05:00:47,623 - UnicodeAnalyzer - INFO - -> Analizzando versione 0.82.0-nightly-20250714-79ca9036d (2264/2377)...
2025-11-13 05:00:47,685 - UnicodeAnalyzer - INFO - Filtrati 2 file (es. in /dist, /test).
2025-11-13 05:00:48,041 - UnicodeAnalyzer - INFO - -> Analizzando versione 0.82.0-nightly-20250715-7f224941b (2265/2377)...
2025-11-13 05:00:48,100 - UnicodeAnalyzer - INFO - Filtrati 2 file (es. in /dist, /test).
2025-11-13 05:00:48,450 - UnicodeAnalyzer - INFO - -> Analizzando versione 0.82.0-nightly-20250719-1ceba3b47 (2266/2377)...
2025-11-13 05:00:48,510 - UnicodeAnalyzer - INFO - Filtrati 2 file (es. in /dist, /test).
2025-11-13 05:00:48,865 - UnicodeAnalyzer - INFO - -> Analizzando versione 0.82.0-nightly-20250720-8488eaece (2267/2377)...
2025-11-13 05:00:48,926 - UnicodeAnalyzer - INFO - Filtrati 2 file (es. in /dist, /test).
2025-11-13 05:00:49,278 - UnicodeAnalyzer - INFO - -> Analizzando versione 0.82.0-nightly-20250721-6d4ea946f (2268/2377)...
2025-11-13 05:00:49,338 - UnicodeAnalyzer - INFO - Filtrati 2 file (es. in /dist, /test).
2025-11-13 05:00:49,693 - UnicodeAnalyzer - INFO - -> Analizzando versione 0.82.0-nightly-20250722-2c3a00b7b (2269/2377)...
2025-11-13 05:00:49,757 - UnicodeAnalyzer - INFO - Filtrati 2 file (es. in /dist, /test).
2025-11-13 05:00:50,065 - UnicodeAnalyzer - INFO - -> Analizzando versione 0.82.0-nightly-20250723-14986a8db (2270/2377)...
2025-11-13 05:00:50,126 - UnicodeAnalyzer - INFO - Filtrati 2 file (es. in /dist, /test).
2025-11-13 05:00:50,442 - UnicodeAnalyzer - INFO - -> Analizzando versione 0.82.0-nightly-20250724-e1ae619fc (2271/2377)...
2025-11-13 05:00:50,502 - UnicodeAnalyzer - INFO - Filtrati 2 file (es. in /dist, /test).
2025-11-13 05:00:50,860 - UnicodeAnalyzer - INFO - -> Analizzando versione 0.82.0-nightly-20250725-2c683c578 (2272/2377)...
2025-11-13 05:00:50,921 - UnicodeAnalyzer - INFO - Filtrati 2 file (es. in /dist, /test).
2025-11-13 05:00:51,258 - UnicodeAnalyzer - INFO - -> Analizzando versione 0.82.0-nightly-20250726-01eaa6db9 (2273/2377)...
2025-11-13 05:00:51,318 - UnicodeAnalyzer - INFO - Filtrati 2 file (es. in /dist, /test).
2025-11-13 05:00:51,655 - UnicodeAnalyzer - INFO - -> Analizzando versione 0.82.0-nightly-20250727-df3f0967b (2274/2377)...
2025-11-13 05:00:51,715 - UnicodeAnalyzer - INFO - Filtrati 2 file (es. in /dist, /test).
2025-11-13 05:00:52,050 - UnicodeAnalyzer - INFO - -> Analizzando versione 0.82.0-nightly-20250728-869a976a5 (2275/2377)...
2025-11-13 05:00:52,110 - UnicodeAnalyzer - INFO - Filtrati 2 file (es. in /dist, /test).
2025-11-13 05:00:52,479 - UnicodeAnalyzer - INFO - -> Analizzando versione 0.82.0-nightly-20250729-e17e3e3f3 (2276/2377)...
2025-11-13 05:00:52,540 - UnicodeAnalyzer - INFO - Filtrati 2 file (es. in /dist, /test).
2025-11-13 05:00:52,877 - UnicodeAnalyzer - INFO - -> Analizzando versione 0.82.0-nightly-20250730-0d3791ca0 (2277/2377)...
2025-11-13 05:00:52,937 - UnicodeAnalyzer - INFO - Filtrati 2 file (es. in /dist, /test).
2025-11-13 05:00:53,274 - UnicodeAnalyzer - INFO - -> Analizzando versione 0.82.0-nightly-20250731-15373218e (2278/2377)...
2025-11-13 05:00:53,337 - UnicodeAnalyzer - INFO - Filtrati 2 file (es. in /dist, /test).
2025-11-13 05:00:53,688 - UnicodeAnalyzer - INFO - -> Analizzando versione 0.82.0-nightly-20250801-504cf3e93 (2279/2377)...
2025-11-13 05:00:53,750 - UnicodeAnalyzer - INFO - Filtrati 2 file (es. in /dist, /test).
2025-11-13 05:00:54,088 - UnicodeAnalyzer - INFO - -> Analizzando versione 0.82.0-nightly-20250806-5936f29d6 (2280/2377)...
2025-11-13 05:00:54,148 - UnicodeAnalyzer - INFO - Filtrati 2 file (es. in /dist, /test).
2025-11-13 05:00:54,486 - UnicodeAnalyzer - INFO - -> Analizzando versione 0.82.0-nightly-20250807-2768c8444 (2281/2377)...
2025-11-13 05:00:54,551 - UnicodeAnalyzer - INFO - Filtrati 2 file (es. in /dist, /test).
2025-11-13 05:00:54,894 - UnicodeAnalyzer - INFO - -> Analizzando versione 0.82.0-nightly-20250808-aaf471278 (2282/2377)...
2025-11-13 05:00:54,958 - UnicodeAnalyzer - INFO - Filtrati 2 file (es. in /dist, /test).
2025-11-13 05:00:55,295 - UnicodeAnalyzer - INFO - -> Analizzando versione 0.82.0-nightly-20250809-e0ea78190 (2283/2377)...
2025-11-13 05:00:55,355 - UnicodeAnalyzer - INFO - Filtrati 2 file (es. in /dist, /test).
2025-11-13 05:00:55,694 - UnicodeAnalyzer - INFO - -> Analizzando versione 0.82.0-nightly-20250810-d3bbbd893 (2284/2377)...
2025-11-13 05:00:55,759 - UnicodeAnalyzer - INFO - Filtrati 2 file (es. in /dist, /test).
2025-11-13 05:00:56,110 - UnicodeAnalyzer - INFO - -> Analizzando versione 0.82.0-nightly-20250811-d3bbbd893 (2285/2377)...
2025-11-13 05:00:56,172 - UnicodeAnalyzer - INFO - Filtrati 2 file (es. in /dist, /test).
2025-11-13 05:00:56,552 - UnicodeAnalyzer - INFO - -> Analizzando versione 0.82.0-nightly-20250812-677ee671d (2286/2377)...
2025-11-13 05:00:56,613 - UnicodeAnalyzer - INFO - Filtrati 2 file (es. in /dist, /test).
2025-11-13 05:00:56,952 - UnicodeAnalyzer - INFO - -> Analizzando versione 0.82.0-nightly-20250813-9f77d421b (2287/2377)...
2025-11-13 05:00:57,012 - UnicodeAnalyzer - INFO - Filtrati 2 file (es. in /dist, /test).
2025-11-13 05:00:57,349 - UnicodeAnalyzer - INFO - -> Analizzando versione 0.82.0-nightly-20250815-41029d8e9 (2288/2377)...
2025-11-13 05:00:57,413 - UnicodeAnalyzer - INFO - Filtrati 2 file (es. in /dist, /test).
2025-11-13 05:00:57,752 - UnicodeAnalyzer - INFO - -> Analizzando versione 0.82.0-nightly-20250816-0e6b94f4a (2289/2377)...
2025-11-13 05:00:57,812 - UnicodeAnalyzer - INFO - Filtrati 2 file (es. in /dist, /test).
2025-11-13 05:00:58,156 - UnicodeAnalyzer - INFO - -> Analizzando versione 0.82.0-nightly-20250818-0e6b94f4a (2290/2377)...
2025-11-13 05:00:58,215 - UnicodeAnalyzer - INFO - Filtrati 2 file (es. in /dist, /test).
2025-11-13 05:00:58,572 - UnicodeAnalyzer - INFO - -> Analizzando versione 0.82.0-nightly-20250819-25104de5c (2291/2377)...
2025-11-13 05:00:58,633 - UnicodeAnalyzer - INFO - Filtrati 2 file (es. in /dist, /test).
2025-11-13 05:00:58,972 - UnicodeAnalyzer - INFO - -> Analizzando versione 0.82.0-nightly-20250821-0ef21bf8a (2292/2377)...
2025-11-13 05:00:59,033 - UnicodeAnalyzer - INFO - Filtrati 2 file (es. in /dist, /test).
2025-11-13 05:00:59,381 - UnicodeAnalyzer - INFO - -> Analizzando versione 0.82.0-nightly-20250822-646945c2f (2293/2377)...
2025-11-13 05:00:59,445 - UnicodeAnalyzer - INFO - Filtrati 2 file (es. in /dist, /test).
2025-11-13 05:00:59,783 - UnicodeAnalyzer - INFO - -> Analizzando versione 0.82.0-nightly-20250823-cf528526c (2294/2377)...
2025-11-13 05:00:59,843 - UnicodeAnalyzer - INFO - Filtrati 2 file (es. in /dist, /test).
2025-11-13 05:01:00,193 - UnicodeAnalyzer - INFO - -> Analizzando versione 0.82.0-nightly-20250824-bf12e30cb (2295/2377)...
2025-11-13 05:01:00,257 - UnicodeAnalyzer - INFO - Filtrati 2 file (es. in /dist, /test).
2025-11-13 05:01:00,599 - UnicodeAnalyzer - INFO - -> Analizzando versione 0.82.0-nightly-20250825-bf12e30cb (2296/2377)...
2025-11-13 05:01:00,659 - UnicodeAnalyzer - INFO - Filtrati 2 file (es. in /dist, /test).
2025-11-13 05:01:01,017 - UnicodeAnalyzer - INFO - -> Analizzando versione 0.82.0-nightly-20250826-ec1ee19cd (2297/2377)...
2025-11-13 05:01:01,082 - UnicodeAnalyzer - INFO - Filtrati 2 file (es. in /dist, /test).
2025-11-13 05:01:01,424 - UnicodeAnalyzer - INFO - -> Analizzando versione 0.82.0-nightly-20250827-5e74dc7fc (2298/2377)...
2025-11-13 05:01:01,486 - UnicodeAnalyzer - INFO - Filtrati 2 file (es. in /dist, /test).
2025-11-13 05:01:01,855 - UnicodeAnalyzer - INFO - -> Analizzando versione 0.82.0-nightly-20250828-502325fbc (2299/2377)...
2025-11-13 05:01:01,916 - UnicodeAnalyzer - INFO - Filtrati 2 file (es. in /dist, /test).
2025-11-13 05:01:02,261 - UnicodeAnalyzer - INFO - -> Analizzando versione 0.82.0-nightly-20250829-b2d25c873 (2300/2377)...
2025-11-13 05:01:02,323 - UnicodeAnalyzer - INFO - Filtrati 2 file (es. in /dist, /test).
2025-11-13 05:01:02,660 - UnicodeAnalyzer - INFO - -> Analizzando versione 0.82.0-nightly-20250830-d3574313c (2301/2377)...
2025-11-13 05:01:02,726 - UnicodeAnalyzer - INFO - Filtrati 2 file (es. in /dist, /test).
2025-11-13 05:01:03,072 - UnicodeAnalyzer - INFO - -> Analizzando versione 0.82.0-nightly-20250901-0a0b48b5f (2302/2377)...
2025-11-13 05:01:03,133 - UnicodeAnalyzer - INFO - Filtrati 2 file (es. in /dist, /test).
2025-11-13 05:01:03,473 - UnicodeAnalyzer - INFO - -> Analizzando versione 0.82.0-nightly-20250901-544f3b345 (2303/2377)...
2025-11-13 05:01:03,535 - UnicodeAnalyzer - INFO - Filtrati 2 file (es. in /dist, /test).
2025-11-13 05:01:03,875 - UnicodeAnalyzer - INFO - -> Analizzando versione 0.82.0-nightly-20250902-9731e8ebc (2304/2377)...
2025-11-13 05:01:03,941 - UnicodeAnalyzer - INFO - Filtrati 2 file (es. in /dist, /test).
2025-11-13 05:01:04,283 - UnicodeAnalyzer - INFO - -> Analizzando versione 0.82.0-rc.0 (2305/2377)...
2025-11-13 05:01:04,343 - UnicodeAnalyzer - INFO - Filtrati 2 file (es. in /dist, /test).
2025-11-13 05:01:04,690 - UnicodeAnalyzer - INFO - -> Analizzando versione 0.82.0-rc.1 (2306/2377)...
2025-11-13 05:01:04,751 - UnicodeAnalyzer - INFO - Filtrati 2 file (es. in /dist, /test).
2025-11-13 05:01:05,092 - UnicodeAnalyzer - INFO - -> Analizzando versione 0.82.0-rc.3 (2307/2377)...
2025-11-13 05:01:05,154 - UnicodeAnalyzer - INFO - Filtrati 2 file (es. in /dist, /test).
2025-11-13 05:01:05,516 - UnicodeAnalyzer - INFO - -> Analizzando versione 0.82.0-rc.4 (2308/2377)...
2025-11-13 05:01:05,581 - UnicodeAnalyzer - INFO - Filtrati 2 file (es. in /dist, /test).
2025-11-13 05:01:05,945 - UnicodeAnalyzer - INFO - -> Analizzando versione 0.82.0-rc.5 (2309/2377)...
2025-11-13 05:01:06,011 - UnicodeAnalyzer - INFO - Filtrati 2 file (es. in /dist, /test).
2025-11-13 05:01:06,363 - UnicodeAnalyzer - INFO - -> Analizzando versione 0.82.1 (2310/2377)...
2025-11-13 05:01:06,423 - UnicodeAnalyzer - INFO - Filtrati 2 file (es. in /dist, /test).
2025-11-13 05:01:06,770 - UnicodeAnalyzer - INFO - -> Analizzando versione 0.83.0-nightly-20250903-f33a1cd26 (2311/2377)...
2025-11-13 05:01:06,834 - UnicodeAnalyzer - INFO - Filtrati 2 file (es. in /dist, /test).
2025-11-13 05:01:07,200 - UnicodeAnalyzer - INFO - -> Analizzando versione 0.83.0-nightly-20250904-5d65794ee (2312/2377)...
2025-11-13 05:01:07,265 - UnicodeAnalyzer - INFO - Filtrati 2 file (es. in /dist, /test).
2025-11-13 05:01:07,625 - UnicodeAnalyzer - INFO - -> Analizzando versione 0.83.0-nightly-20250905-a50ddf3d8 (2313/2377)...
2025-11-13 05:01:07,688 - UnicodeAnalyzer - INFO - Filtrati 2 file (es. in /dist, /test).
2025-11-13 05:01:08,038 - UnicodeAnalyzer - INFO - -> Analizzando versione 0.83.0-nightly-20250906-44b2da0df (2314/2377)...
2025-11-13 05:01:08,103 - UnicodeAnalyzer - INFO - Filtrati 2 file (es. in /dist, /test).
2025-11-13 05:01:08,460 - UnicodeAnalyzer - INFO - -> Analizzando versione 0.83.0-nightly-20250907-02e3a999e (2315/2377)...
2025-11-13 05:01:08,522 - UnicodeAnalyzer - INFO - Filtrati 2 file (es. in /dist, /test).
2025-11-13 05:01:08,872 - UnicodeAnalyzer - INFO - -> Analizzando versione 0.83.0-nightly-20250908-02e3a999e (2316/2377)...
2025-11-13 05:01:08,936 - UnicodeAnalyzer - INFO - Filtrati 2 file (es. in /dist, /test).
2025-11-13 05:01:09,283 - UnicodeAnalyzer - INFO - -> Analizzando versione 0.83.0-nightly-20250909-e7ce4ff0b (2317/2377)...
2025-11-13 05:01:09,345 - UnicodeAnalyzer - INFO - Filtrati 2 file (es. in /dist, /test).
2025-11-13 05:01:09,689 - UnicodeAnalyzer - INFO - -> Analizzando versione 0.83.0-nightly-20250910-019a553ea (2318/2377)...
2025-11-13 05:01:09,759 - UnicodeAnalyzer - INFO - Filtrati 2 file (es. in /dist, /test).
2025-11-13 05:01:10,105 - UnicodeAnalyzer - INFO - -> Analizzando versione 0.83.0-nightly-20250911-dab8a4562 (2319/2377)...
2025-11-13 05:01:10,169 - UnicodeAnalyzer - INFO - Filtrati 2 file (es. in /dist, /test).
2025-11-13 05:01:10,541 - UnicodeAnalyzer - INFO - -> Analizzando versione 0.83.0-nightly-20250912-a7dc5051d (2320/2377)...
2025-11-13 05:01:10,602 - UnicodeAnalyzer - INFO - Filtrati 2 file (es. in /dist, /test).
2025-11-13 05:01:10,946 - UnicodeAnalyzer - INFO - -> Analizzando versione 0.83.0-nightly-20250913-4fb42c84d (2321/2377)...
2025-11-13 05:01:11,009 - UnicodeAnalyzer - INFO - Filtrati 2 file (es. in /dist, /test).
2025-11-13 05:01:11,360 - UnicodeAnalyzer - INFO - -> Analizzando versione 0.83.0-nightly-20250914-09a7e0a0f (2322/2377)...
2025-11-13 05:01:11,424 - UnicodeAnalyzer - INFO - Filtrati 2 file (es. in /dist, /test).
2025-11-13 05:01:11,768 - UnicodeAnalyzer - INFO - -> Analizzando versione 0.83.0-nightly-20250915-56e5dff73 (2323/2377)...
2025-11-13 05:01:11,827 - UnicodeAnalyzer - INFO - Filtrati 2 file (es. in /dist, /test).
2025-11-13 05:01:12,167 - UnicodeAnalyzer - INFO - -> Analizzando versione 0.83.0-nightly-20250916-15daa2787 (2324/2377)...
2025-11-13 05:01:12,227 - UnicodeAnalyzer - INFO - Filtrati 2 file (es. in /dist, /test).
2025-11-13 05:01:12,568 - UnicodeAnalyzer - INFO - -> Analizzando versione 0.83.0-nightly-20250917-18cb4edfa (2325/2377)...
2025-11-13 05:01:12,629 - UnicodeAnalyzer - INFO - Filtrati 2 file (es. in /dist, /test).
2025-11-13 05:01:12,977 - UnicodeAnalyzer - INFO - -> Analizzando versione 0.83.0-nightly-20250918-4d2e38edd (2326/2377)...
2025-11-13 05:01:13,039 - UnicodeAnalyzer - INFO - Filtrati 2 file (es. in /dist, /test).
2025-11-13 05:01:13,396 - UnicodeAnalyzer - INFO - -> Analizzando versione 0.83.0-nightly-20250919-cb7453fb9 (2327/2377)...
2025-11-13 05:01:13,461 - UnicodeAnalyzer - INFO - Filtrati 2 file (es. in /dist, /test).
2025-11-13 05:01:13,816 - UnicodeAnalyzer - INFO - -> Analizzando versione 0.83.0-nightly-20250920-362ed179a (2328/2377)...
2025-11-13 05:01:13,881 - UnicodeAnalyzer - INFO - Filtrati 2 file (es. in /dist, /test).
2025-11-13 05:01:14,245 - UnicodeAnalyzer - INFO - -> Analizzando versione 0.83.0-nightly-20250921-a4d43290c (2329/2377)...
2025-11-13 05:01:14,307 - UnicodeAnalyzer - INFO - Filtrati 2 file (es. in /dist, /test).
2025-11-13 05:01:14,653 - UnicodeAnalyzer - INFO - -> Analizzando versione 0.83.0-nightly-20250922-5ef054921 (2330/2377)...
2025-11-13 05:01:14,712 - UnicodeAnalyzer - INFO - Filtrati 2 file (es. in /dist, /test).
2025-11-13 05:01:15,071 - UnicodeAnalyzer - INFO - -> Analizzando versione 0.83.0-nightly-20250923-2065c3180 (2331/2377)...
2025-11-13 05:01:15,133 - UnicodeAnalyzer - INFO - Filtrati 2 file (es. in /dist, /test).
2025-11-13 05:01:15,481 - UnicodeAnalyzer - INFO - -> Analizzando versione 0.83.0-nightly-20250924-53f89bacd (2332/2377)...
2025-11-13 05:01:15,542 - UnicodeAnalyzer - INFO - Filtrati 2 file (es. in /dist, /test).
2025-11-13 05:01:15,895 - UnicodeAnalyzer - INFO - -> Analizzando versione 0.83.0-nightly-20250926-2b5938c90 (2333/2377)...
2025-11-13 05:01:15,959 - UnicodeAnalyzer - INFO - Filtrati 2 file (es. in /dist, /test).
2025-11-13 05:01:16,323 - UnicodeAnalyzer - INFO - -> Analizzando versione 0.83.0-nightly-20250927-99b7cb77a (2334/2377)...
2025-11-13 05:01:16,384 - UnicodeAnalyzer - INFO - Filtrati 2 file (es. in /dist, /test).
2025-11-13 05:01:16,726 - UnicodeAnalyzer - INFO - -> Analizzando versione 0.83.0-nightly-20250928-fb09b3764 (2335/2377)...
2025-11-13 05:01:16,786 - UnicodeAnalyzer - INFO - Filtrati 2 file (es. in /dist, /test).
2025-11-13 05:01:17,129 - UnicodeAnalyzer - INFO - -> Analizzando versione 0.83.0-nightly-20250929-2f40224fa (2336/2377)...
2025-11-13 05:01:17,190 - UnicodeAnalyzer - INFO - Filtrati 2 file (es. in /dist, /test).
2025-11-13 05:01:17,531 - UnicodeAnalyzer - INFO - -> Analizzando versione 0.83.0-nightly-20250930-a07308081 (2337/2377)...
2025-11-13 05:01:17,593 - UnicodeAnalyzer - INFO - Filtrati 2 file (es. in /dist, /test).
2025-11-13 05:01:17,960 - UnicodeAnalyzer - INFO - -> Analizzando versione 0.83.0-nightly-20251001-990ca0d10 (2338/2377)...
2025-11-13 05:01:18,026 - UnicodeAnalyzer - INFO - Filtrati 2 file (es. in /dist, /test).
2025-11-13 05:01:18,369 - UnicodeAnalyzer - INFO - -> Analizzando versione 0.83.0-nightly-20251002-07fcdfeba (2339/2377)...
2025-11-13 05:01:18,432 - UnicodeAnalyzer - INFO - Filtrati 2 file (es. in /dist, /test).
2025-11-13 05:01:18,775 - UnicodeAnalyzer - INFO - -> Analizzando versione 0.83.0-nightly-20251003-aab0d3397 (2340/2377)...
2025-11-13 05:01:18,835 - UnicodeAnalyzer - INFO - Filtrati 2 file (es. in /dist, /test).
2025-11-13 05:01:19,183 - UnicodeAnalyzer - INFO - -> Analizzando versione 0.83.0-nightly-20251005-07f40ec6b (2341/2377)...
2025-11-13 05:01:19,244 - UnicodeAnalyzer - INFO - Filtrati 2 file (es. in /dist, /test).
2025-11-13 05:01:19,590 - UnicodeAnalyzer - INFO - -> Analizzando versione 0.83.0-nightly-20251006-07f40ec6b (2342/2377)...
2025-11-13 05:01:19,653 - UnicodeAnalyzer - INFO - Filtrati 2 file (es. in /dist, /test).
2025-11-13 05:01:19,997 - UnicodeAnalyzer - INFO - -> Analizzando versione 0.83.0-nightly-20251007-854268275 (2343/2377)...
2025-11-13 05:01:20,060 - UnicodeAnalyzer - INFO - Filtrati 2 file (es. in /dist, /test).
2025-11-13 05:01:20,409 - UnicodeAnalyzer - INFO - -> Analizzando versione 0.83.0-nightly-20251008-31bff4e09 (2344/2377)...
2025-11-13 05:01:20,472 - UnicodeAnalyzer - INFO - Filtrati 2 file (es. in /dist, /test).
2025-11-13 05:01:20,816 - UnicodeAnalyzer - INFO - -> Analizzando versione 0.83.0-nightly-20251009-24d0d4414 (2345/2377)...
2025-11-13 05:01:20,877 - UnicodeAnalyzer - INFO - Filtrati 2 file (es. in /dist, /test).
2025-11-13 05:01:21,218 - UnicodeAnalyzer - INFO - -> Analizzando versione 0.83.0-nightly-20251011-6f482708b (2346/2377)...
2025-11-13 05:01:21,279 - UnicodeAnalyzer - INFO - Filtrati 2 file (es. in /dist, /test).
2025-11-13 05:01:21,641 - UnicodeAnalyzer - INFO - -> Analizzando versione 0.83.0-nightly-20251012-6f482708b (2347/2377)...
2025-11-13 05:01:21,700 - UnicodeAnalyzer - INFO - Filtrati 2 file (es. in /dist, /test).
2025-11-13 05:01:22,071 - UnicodeAnalyzer - INFO - -> Analizzando versione 0.83.0-nightly-20251013-f4e93df55 (2348/2377)...
2025-11-13 05:01:22,132 - UnicodeAnalyzer - INFO - Filtrati 2 file (es. in /dist, /test).
2025-11-13 05:01:22,493 - UnicodeAnalyzer - INFO - -> Analizzando versione 0.83.0-nightly-20251014-69dc65500 (2349/2377)...
2025-11-13 05:01:22,556 - UnicodeAnalyzer - INFO - Filtrati 2 file (es. in /dist, /test).
2025-11-13 05:01:22,954 - UnicodeAnalyzer - INFO - -> Analizzando versione 0.83.0-nightly-20251015-094794ac9 (2350/2377)...
2025-11-13 05:01:23,014 - UnicodeAnalyzer - INFO - Filtrati 2 file (es. in /dist, /test).
2025-11-13 05:01:23,383 - UnicodeAnalyzer - INFO - -> Analizzando versione 0.83.0-nightly-20251016-e79920c66 (2351/2377)...
2025-11-13 05:01:23,446 - UnicodeAnalyzer - INFO - Filtrati 2 file (es. in /dist, /test).
2025-11-13 05:01:23,823 - UnicodeAnalyzer - INFO - -> Analizzando versione 0.83.0-nightly-20251017-ae5728bbb (2352/2377)...
2025-11-13 05:01:23,887 - UnicodeAnalyzer - INFO - Filtrati 2 file (es. in /dist, /test).
2025-11-13 05:01:24,249 - UnicodeAnalyzer - INFO - -> Analizzando versione 0.83.0-nightly-20251018-535efc140 (2353/2377)...
2025-11-13 05:01:24,312 - UnicodeAnalyzer - INFO - Filtrati 2 file (es. in /dist, /test).
2025-11-13 05:01:24,666 - UnicodeAnalyzer - INFO - -> Analizzando versione 0.83.0-nightly-20251019-d9ea1b245 (2354/2377)...
2025-11-13 05:01:24,729 - UnicodeAnalyzer - INFO - Filtrati 2 file (es. in /dist, /test).
2025-11-13 05:01:25,085 - UnicodeAnalyzer - INFO - -> Analizzando versione 0.83.0-nightly-20251021-328d07a30 (2355/2377)...
2025-11-13 05:01:25,146 - UnicodeAnalyzer - INFO - Filtrati 2 file (es. in /dist, /test).
2025-11-13 05:01:25,502 - UnicodeAnalyzer - INFO - -> Analizzando versione 0.83.0-nightly-20251022-93c17cd0c (2356/2377)...
2025-11-13 05:01:25,561 - UnicodeAnalyzer - INFO - Filtrati 2 file (es. in /dist, /test).
2025-11-13 05:01:25,942 - UnicodeAnalyzer - INFO - -> Analizzando versione 0.83.0-nightly-20251024-c7fb31ce5 (2357/2377)...
2025-11-13 05:01:26,002 - UnicodeAnalyzer - INFO - Filtrati 2 file (es. in /dist, /test).
2025-11-13 05:01:26,386 - UnicodeAnalyzer - INFO - -> Analizzando versione 0.83.0-nightly-20251028-916e53f84 (2358/2377)...
2025-11-13 05:01:26,452 - UnicodeAnalyzer - INFO - Filtrati 2 file (es. in /dist, /test).
2025-11-13 05:01:26,806 - UnicodeAnalyzer - INFO - -> Analizzando versione 0.83.0-nightly-20251029-3f971d931 (2359/2377)...
2025-11-13 05:01:26,868 - UnicodeAnalyzer - INFO - Filtrati 2 file (es. in /dist, /test).
2025-11-13 05:01:27,207 - UnicodeAnalyzer - INFO - -> Analizzando versione 0.83.0-nightly-20251030-26ad9492b (2360/2377)...
2025-11-13 05:01:27,267 - UnicodeAnalyzer - INFO - Filtrati 2 file (es. in /dist, /test).
2025-11-13 05:01:27,642 - UnicodeAnalyzer - INFO - -> Analizzando versione 0.83.0-nightly-20251101-693e9628e (2361/2377)...
2025-11-13 05:01:27,706 - UnicodeAnalyzer - INFO - Filtrati 2 file (es. in /dist, /test).
2025-11-13 05:01:28,043 - UnicodeAnalyzer - INFO - -> Analizzando versione 0.83.0-nightly-20251102-d8e6a985a (2362/2377)...
2025-11-13 05:01:28,103 - UnicodeAnalyzer - INFO - Filtrati 2 file (es. in /dist, /test).
2025-11-13 05:01:28,413 - UnicodeAnalyzer - INFO - -> Analizzando versione 0.83.0-nightly-20251103-54047f891 (2363/2377)...
2025-11-13 05:01:28,479 - UnicodeAnalyzer - INFO - Filtrati 2 file (es. in /dist, /test).
2025-11-13 05:01:28,789 - UnicodeAnalyzer - INFO - -> Analizzando versione 0.83.0-nightly-20251103-a034841fd (2364/2377)...
2025-11-13 05:01:28,850 - UnicodeAnalyzer - INFO - Filtrati 2 file (es. in /dist, /test).
2025-11-13 05:01:29,171 - UnicodeAnalyzer - INFO - -> Analizzando versione 0.83.0-nightly-20251104-502efe1cc (2365/2377)...
2025-11-13 05:01:29,236 - UnicodeAnalyzer - INFO - Filtrati 2 file (es. in /dist, /test).
2025-11-13 05:01:29,546 - UnicodeAnalyzer - INFO - -> Analizzando versione 0.83.0-rc.0 (2366/2377)...
2025-11-13 05:01:29,604 - UnicodeAnalyzer - INFO - Filtrati 2 file (es. in /dist, /test).
2025-11-13 05:01:29,911 - UnicodeAnalyzer - INFO - -> Analizzando versione 0.83.0-rc.1 (2367/2377)...
2025-11-13 05:01:29,969 - UnicodeAnalyzer - INFO - Filtrati 2 file (es. in /dist, /test).
2025-11-13 05:01:30,279 - UnicodeAnalyzer - INFO - -> Analizzando versione 0.84.0-nightly-20251105-5ec5cc3a3 (2368/2377)...
2025-11-13 05:01:30,341 - UnicodeAnalyzer - INFO - Filtrati 2 file (es. in /dist, /test).
2025-11-13 05:01:30,667 - UnicodeAnalyzer - INFO - -> Analizzando versione 0.84.0-nightly-20251106-de5141a3d (2369/2377)...
2025-11-13 05:01:30,728 - UnicodeAnalyzer - INFO - Filtrati 2 file (es. in /dist, /test).
2025-11-13 05:01:31,037 - UnicodeAnalyzer - INFO - -> Analizzando versione 0.84.0-nightly-20251107-f8198f662 (2370/2377)...
2025-11-13 05:01:31,112 - UnicodeAnalyzer - INFO - Filtrati 2 file (es. in /dist, /test).
2025-11-13 05:01:31,423 - UnicodeAnalyzer - INFO - -> Analizzando versione 0.84.0-nightly-20251108-7486a2bc5 (2371/2377)...
2025-11-13 05:01:31,486 - UnicodeAnalyzer - INFO - Filtrati 2 file (es. in /dist, /test).
2025-11-13 05:01:31,819 - UnicodeAnalyzer - INFO - -> Analizzando versione 0.84.0-nightly-20251109-b7012ba92 (2372/2377)...
2025-11-13 05:01:31,880 - UnicodeAnalyzer - INFO - Filtrati 2 file (es. in /dist, /test).
2025-11-13 05:01:32,201 - UnicodeAnalyzer - INFO - -> Analizzando versione 0.84.0-nightly-20251111-4f490818a (2373/2377)...
2025-11-13 05:01:32,267 - UnicodeAnalyzer - INFO - Filtrati 2 file (es. in /dist, /test).
2025-11-13 05:01:32,576 - UnicodeAnalyzer - INFO - -> Analizzando versione 0.84.0-nightly-20251112-7dcedf1de (2374/2377)...
2025-11-13 05:01:32,636 - UnicodeAnalyzer - INFO - Filtrati 2 file (es. in /dist, /test).
2025-11-13 05:01:32,958 - UnicodeAnalyzer - INFO - -> Analizzando versione 0.9.0 (2375/2377)...
2025-11-13 05:01:32,989 - UnicodeAnalyzer - INFO - Filtrati 40 file (es. in /dist, /test).
2025-11-13 05:01:33,231 - UnicodeAnalyzer - INFO - -> Analizzando versione 0.9.0-rc (2376/2377)...
2025-11-13 05:01:33,268 - UnicodeAnalyzer - INFO - Filtrati 40 file (es. in /dist, /test).
2025-11-13 05:01:33,506 - UnicodeAnalyzer - INFO - -> Analizzando versione 1000.0.0 (2377/2377)...
2025-11-13 05:01:33,565 - UnicodeAnalyzer - INFO - Filtrati 3 file (es. in /dist, /test).
2025-11-13 05:01:33,983 - UnicodeAnalyzer - INFO - Esportando i risultati HUT per 'react-native' in CSV...
2025-11-13 05:02:04,404 - UnicodeAnalyzer - INFO - Report salvati in: /app/npm_hut_results/react-native
2025-11-13 05:02:04,483 - NPM_HUT_Analyzer - INFO - Pulizia cartella temporanea 'temp_hut/react-native'...
2025-11-13 05:05:27,714 - NPM_HUT_Analyzer - INFO - Pulizia completata.
