2025-11-12 08:19:41,189 - NPM_HUT_Analyzer - INFO - Recupero metadata per '@typescript-eslint/visitor-keys'...
2025-11-12 08:19:41,644 - NPM_HUT_Analyzer - INFO - Trovate 3696 versioni. Inizio download in 'temp_hut/@typescript-eslint_visitor-keys'...
2025-11-12 09:47:29,586 - UnicodeAnalyzer - INFO - Analizzando 3696 versioni per '*.js' in '@typescript-eslint_visitor-keys'.
2025-11-12 09:47:29,587 - UnicodeAnalyzer - INFO - -> Analizzando versione 3.10.0 (1/3696)...
2025-11-12 09:47:29,587 - UnicodeAnalyzer - INFO - Filtrati 2 file (es. in /dist, /test).
2025-11-12 09:47:29,587 - UnicodeAnalyzer - INFO - -> Analizzando versione 3.10.1 (2/3696)...
2025-11-12 09:47:29,587 - UnicodeAnalyzer - INFO - Filtrati 2 file (es. in /dist, /test).
2025-11-12 09:47:29,587 - UnicodeAnalyzer - INFO - -> Analizzando versione 3.10.1-alpha.0 (3/3696)...
2025-11-12 09:47:29,588 - UnicodeAnalyzer - INFO - Filtrati 2 file (es. in /dist, /test).
2025-11-12 09:47:29,588 - UnicodeAnalyzer - INFO - -> Analizzando versione 3.10.1-alpha.1 (4/3696)...
2025-11-12 09:47:29,588 - UnicodeAnalyzer - INFO - Filtrati 2 file (es. in /dist, /test).
2025-11-12 09:47:29,588 - UnicodeAnalyzer - INFO - -> Analizzando versione 3.10.2-alpha.0 (5/3696)...
2025-11-12 09:47:29,588 - UnicodeAnalyzer - INFO - Filtrati 2 file (es. in /dist, /test).
2025-11-12 09:47:29,588 - UnicodeAnalyzer - INFO - -> Analizzando versione 3.10.2-alpha.16 (6/3696)...
2025-11-12 09:47:29,589 - UnicodeAnalyzer - INFO - Filtrati 3 file (es. in /dist, /test).
2025-11-12 09:47:29,589 - UnicodeAnalyzer - INFO - -> Analizzando versione 3.5.0 (7/3696)...
2025-11-12 09:47:29,589 - UnicodeAnalyzer - INFO - Filtrati 2 file (es. in /dist, /test).
2025-11-12 09:47:29,589 - UnicodeAnalyzer - INFO - -> Analizzando versione 3.5.1-alpha.0 (8/3696)...
2025-11-12 09:47:29,589 - UnicodeAnalyzer - INFO - Filtrati 2 file (es. in /dist, /test).
2025-11-12 09:47:29,589 - UnicodeAnalyzer - INFO - -> Analizzando versione 3.5.1-alpha.1 (9/3696)...
2025-11-12 09:47:29,590 - UnicodeAnalyzer - INFO - Filtrati 2 file (es. in /dist, /test).
2025-11-12 09:47:29,590 - UnicodeAnalyzer - INFO - -> Analizzando versione 3.5.1-alpha.2 (10/3696)...
2025-11-12 09:47:29,590 - UnicodeAnalyzer - INFO - Filtrati 2 file (es. in /dist, /test).
2025-11-12 09:47:29,590 - UnicodeAnalyzer - INFO - -> Analizzando versione 3.6.0 (11/3696)...
2025-11-12 09:47:29,590 - UnicodeAnalyzer - INFO - Filtrati 2 file (es. in /dist, /test).
2025-11-12 09:47:29,590 - UnicodeAnalyzer - INFO - -> Analizzando versione 3.6.1 (12/3696)...
2025-11-12 09:47:29,591 - UnicodeAnalyzer - INFO - Filtrati 2 file (es. in /dist, /test).
2025-11-12 09:47:29,591 - UnicodeAnalyzer - INFO - -> Analizzando versione 3.6.1-alpha.0 (13/3696)...
2025-11-12 09:47:29,591 - UnicodeAnalyzer - INFO - Filtrati 2 file (es. in /dist, /test).
2025-11-12 09:47:29,591 - UnicodeAnalyzer - INFO - -> Analizzando versione 3.6.1-alpha.1 (14/3696)...
2025-11-12 09:47:29,591 - UnicodeAnalyzer - INFO - Filtrati 2 file (es. in /dist, /test).
2025-11-12 09:47:29,591 - UnicodeAnalyzer - INFO - -> Analizzando versione 3.6.1-alpha.2 (15/3696)...
2025-11-12 09:47:29,592 - UnicodeAnalyzer - INFO - Filtrati 2 file (es. in /dist, /test).
2025-11-12 09:47:29,592 - UnicodeAnalyzer - INFO - -> Analizzando versione 3.6.1-alpha.3 (16/3696)...
2025-11-12 09:47:29,592 - UnicodeAnalyzer - INFO - Filtrati 2 file (es. in /dist, /test).
2025-11-12 09:47:29,592 - UnicodeAnalyzer - INFO - -> Analizzando versione 3.6.1-alpha.4 (17/3696)...
2025-11-12 09:47:29,592 - UnicodeAnalyzer - INFO - Filtrati 2 file (es. in /dist, /test).
2025-11-12 09:47:29,592 - UnicodeAnalyzer - INFO - -> Analizzando versione 3.6.2-alpha.0 (18/3696)...
2025-11-12 09:47:29,593 - UnicodeAnalyzer - INFO - Filtrati 2 file (es. in /dist, /test).
2025-11-12 09:47:29,593 - UnicodeAnalyzer - INFO - -> Analizzando versione 3.6.2-alpha.1 (19/3696)...
2025-11-12 09:47:29,593 - UnicodeAnalyzer - INFO - Filtrati 2 file (es. in /dist, /test).
2025-11-12 09:47:29,593 - UnicodeAnalyzer - INFO - -> Analizzando versione 3.6.2-alpha.2 (20/3696)...
2025-11-12 09:47:29,593 - UnicodeAnalyzer - INFO - Filtrati 2 file (es. in /dist, /test).
2025-11-12 09:47:29,593 - UnicodeAnalyzer - INFO - -> Analizzando versione 3.6.2-alpha.3 (21/3696)...
2025-11-12 09:47:29,593 - UnicodeAnalyzer - INFO - Filtrati 2 file (es. in /dist, /test).
2025-11-12 09:47:29,594 - UnicodeAnalyzer - INFO - -> Analizzando versione 3.6.2-alpha.4 (22/3696)...
2025-11-12 09:47:29,594 - UnicodeAnalyzer - INFO - Filtrati 2 file (es. in /dist, /test).
2025-11-12 09:47:29,594 - UnicodeAnalyzer - INFO - -> Analizzando versione 3.6.2-alpha.5 (23/3696)...
2025-11-12 09:47:29,594 - UnicodeAnalyzer - INFO - Filtrati 2 file (es. in /dist, /test).
2025-11-12 09:47:29,594 - UnicodeAnalyzer - INFO - -> Analizzando versione 3.6.2-alpha.6 (24/3696)...
2025-11-12 09:47:29,594 - UnicodeAnalyzer - INFO - Filtrati 2 file (es. in /dist, /test).
2025-11-12 09:47:29,594 - UnicodeAnalyzer - INFO - -> Analizzando versione 3.6.2-alpha.7 (25/3696)...
2025-11-12 09:47:29,595 - UnicodeAnalyzer - INFO - Filtrati 2 file (es. in /dist, /test).
2025-11-12 09:47:29,595 - UnicodeAnalyzer - INFO - -> Analizzando versione 3.7.0 (26/3696)...
2025-11-12 09:47:29,595 - UnicodeAnalyzer - INFO - Filtrati 2 file (es. in /dist, /test).
2025-11-12 09:47:29,595 - UnicodeAnalyzer - INFO - -> Analizzando versione 3.7.1 (27/3696)...
2025-11-12 09:47:29,595 - UnicodeAnalyzer - INFO - Filtrati 2 file (es. in /dist, /test).
2025-11-12 09:47:29,595 - UnicodeAnalyzer - INFO - -> Analizzando versione 3.7.1-alpha.0 (28/3696)...
2025-11-12 09:47:29,595 - UnicodeAnalyzer - INFO - Filtrati 2 file (es. in /dist, /test).
2025-11-12 09:47:29,595 - UnicodeAnalyzer - INFO - -> Analizzando versione 3.7.1-alpha.1 (29/3696)...
2025-11-12 09:47:29,596 - UnicodeAnalyzer - INFO - Filtrati 2 file (es. in /dist, /test).
2025-11-12 09:47:29,596 - UnicodeAnalyzer - INFO - -> Analizzando versione 3.7.1-alpha.2 (30/3696)...
2025-11-12 09:47:29,596 - UnicodeAnalyzer - INFO - Filtrati 2 file (es. in /dist, /test).
2025-11-12 09:47:29,596 - UnicodeAnalyzer - INFO - -> Analizzando versione 3.7.1-alpha.3 (31/3696)...
2025-11-12 09:47:29,596 - UnicodeAnalyzer - INFO - Filtrati 2 file (es. in /dist, /test).
2025-11-12 09:47:29,596 - UnicodeAnalyzer - INFO - -> Analizzando versione 3.7.2-alpha.0 (32/3696)...
2025-11-12 09:47:29,596 - UnicodeAnalyzer - INFO - Filtrati 2 file (es. in /dist, /test).
2025-11-12 09:47:29,597 - UnicodeAnalyzer - INFO - -> Analizzando versione 3.7.2-alpha.1 (33/3696)...
2025-11-12 09:47:29,597 - UnicodeAnalyzer - INFO - Filtrati 2 file (es. in /dist, /test).
2025-11-12 09:47:29,597 - UnicodeAnalyzer - INFO - -> Analizzando versione 3.7.2-alpha.2 (34/3696)...
2025-11-12 09:47:29,597 - UnicodeAnalyzer - INFO - Filtrati 2 file (es. in /dist, /test).
2025-11-12 09:47:29,597 - UnicodeAnalyzer - INFO - -> Analizzando versione 3.7.2-alpha.3 (35/3696)...
2025-11-12 09:47:29,597 - UnicodeAnalyzer - INFO - Filtrati 2 file (es. in /dist, /test).
2025-11-12 09:47:29,597 - UnicodeAnalyzer - INFO - -> Analizzando versione 3.8.0 (36/3696)...
2025-11-12 09:47:29,598 - UnicodeAnalyzer - INFO - Filtrati 2 file (es. in /dist, /test).
2025-11-12 09:47:29,598 - UnicodeAnalyzer - INFO - -> Analizzando versione 3.8.1-alpha.0 (37/3696)...
2025-11-12 09:47:29,598 - UnicodeAnalyzer - INFO - Filtrati 2 file (es. in /dist, /test).
2025-11-12 09:47:29,598 - UnicodeAnalyzer - INFO - -> Analizzando versione 3.8.1-alpha.1 (38/3696)...
2025-11-12 09:47:29,598 - UnicodeAnalyzer - INFO - Filtrati 2 file (es. in /dist, /test).
2025-11-12 09:47:29,598 - UnicodeAnalyzer - INFO - -> Analizzando versione 3.8.1-alpha.2 (39/3696)...
2025-11-12 09:47:29,599 - UnicodeAnalyzer - INFO - Filtrati 2 file (es. in /dist, /test).
2025-11-12 09:47:29,599 - UnicodeAnalyzer - INFO - -> Analizzando versione 3.8.1-alpha.3 (40/3696)...
2025-11-12 09:47:29,599 - UnicodeAnalyzer - INFO - Filtrati 2 file (es. in /dist, /test).
2025-11-12 09:47:29,599 - UnicodeAnalyzer - INFO - -> Analizzando versione 3.8.1-alpha.4 (41/3696)...
2025-11-12 09:47:29,599 - UnicodeAnalyzer - INFO - Filtrati 2 file (es. in /dist, /test).
2025-11-12 09:47:29,599 - UnicodeAnalyzer - INFO - -> Analizzando versione 3.9.0 (42/3696)...
2025-11-12 09:47:29,599 - UnicodeAnalyzer - INFO - Filtrati 2 file (es. in /dist, /test).
2025-11-12 09:47:29,600 - UnicodeAnalyzer - INFO - -> Analizzando versione 3.9.1 (43/3696)...
2025-11-12 09:47:29,600 - UnicodeAnalyzer - INFO - Filtrati 2 file (es. in /dist, /test).
2025-11-12 09:47:29,600 - UnicodeAnalyzer - INFO - -> Analizzando versione 3.9.1-alpha.0 (44/3696)...
2025-11-12 09:47:29,600 - UnicodeAnalyzer - INFO - Filtrati 2 file (es. in /dist, /test).
2025-11-12 09:47:29,600 - UnicodeAnalyzer - INFO - -> Analizzando versione 3.9.1-alpha.1 (45/3696)...
2025-11-12 09:47:29,600 - UnicodeAnalyzer - INFO - Filtrati 2 file (es. in /dist, /test).
2025-11-12 09:47:29,600 - UnicodeAnalyzer - INFO - -> Analizzando versione 3.9.1-alpha.2 (46/3696)...
2025-11-12 09:47:29,601 - UnicodeAnalyzer - INFO - Filtrati 2 file (es. in /dist, /test).
2025-11-12 09:47:29,601 - UnicodeAnalyzer - INFO - -> Analizzando versione 3.9.1-alpha.3 (47/3696)...
2025-11-12 09:47:29,601 - UnicodeAnalyzer - INFO - Filtrati 2 file (es. in /dist, /test).
2025-11-12 09:47:29,601 - UnicodeAnalyzer - INFO - -> Analizzando versione 3.9.2-alpha.0 (48/3696)...
2025-11-12 09:47:29,601 - UnicodeAnalyzer - INFO - Filtrati 2 file (es. in /dist, /test).
2025-11-12 09:47:29,601 - UnicodeAnalyzer - INFO - -> Analizzando versione 3.9.2-alpha.1 (49/3696)...
2025-11-12 09:47:29,602 - UnicodeAnalyzer - INFO - Filtrati 2 file (es. in /dist, /test).
2025-11-12 09:47:29,602 - UnicodeAnalyzer - INFO - -> Analizzando versione 3.9.2-alpha.10 (50/3696)...
2025-11-12 09:47:29,602 - UnicodeAnalyzer - INFO - Filtrati 2 file (es. in /dist, /test).
2025-11-12 09:47:29,602 - UnicodeAnalyzer - INFO - -> Analizzando versione 3.9.2-alpha.2 (51/3696)...
2025-11-12 09:47:29,602 - UnicodeAnalyzer - INFO - Filtrati 2 file (es. in /dist, /test).
2025-11-12 09:47:29,602 - UnicodeAnalyzer - INFO - -> Analizzando versione 3.9.2-alpha.3 (52/3696)...
2025-11-12 09:47:29,602 - UnicodeAnalyzer - INFO - Filtrati 2 file (es. in /dist, /test).
2025-11-12 09:47:29,602 - UnicodeAnalyzer - INFO - -> Analizzando versione 3.9.2-alpha.4 (53/3696)...
2025-11-12 09:47:29,603 - UnicodeAnalyzer - INFO - Filtrati 2 file (es. in /dist, /test).
2025-11-12 09:47:29,603 - UnicodeAnalyzer - INFO - -> Analizzando versione 3.9.2-alpha.5 (54/3696)...
2025-11-12 09:47:29,603 - UnicodeAnalyzer - INFO - Filtrati 2 file (es. in /dist, /test).
2025-11-12 09:47:29,603 - UnicodeAnalyzer - INFO - -> Analizzando versione 3.9.2-alpha.7 (55/3696)...
2025-11-12 09:47:29,603 - UnicodeAnalyzer - INFO - Filtrati 2 file (es. in /dist, /test).
2025-11-12 09:47:29,603 - UnicodeAnalyzer - INFO - -> Analizzando versione 3.9.2-alpha.8 (56/3696)...
2025-11-12 09:47:29,604 - UnicodeAnalyzer - INFO - Filtrati 2 file (es. in /dist, /test).
2025-11-12 09:47:29,604 - UnicodeAnalyzer - INFO - -> Analizzando versione 3.9.2-alpha.9 (57/3696)...
2025-11-12 09:47:29,604 - UnicodeAnalyzer - INFO - Filtrati 2 file (es. in /dist, /test).
2025-11-12 09:47:29,604 - UnicodeAnalyzer - INFO - -> Analizzando versione 4.0.0 (58/3696)...
2025-11-12 09:47:29,604 - UnicodeAnalyzer - INFO - Filtrati 3 file (es. in /dist, /test).
2025-11-12 09:47:29,604 - UnicodeAnalyzer - INFO - -> Analizzando versione 4.0.0-alpha.0 (59/3696)...
2025-11-12 09:47:29,605 - UnicodeAnalyzer - INFO - Filtrati 2 file (es. in /dist, /test).
2025-11-12 09:47:29,605 - UnicodeAnalyzer - INFO - -> Analizzando versione 4.0.0-alpha.1 (60/3696)...
2025-11-12 09:47:29,605 - UnicodeAnalyzer - INFO - Filtrati 3 file (es. in /dist, /test).
2025-11-12 09:47:29,605 - UnicodeAnalyzer - INFO - -> Analizzando versione 4.0.0-alpha.10 (61/3696)...
2025-11-12 09:47:29,605 - UnicodeAnalyzer - INFO - Filtrati 3 file (es. in /dist, /test).
2025-11-12 09:47:29,605 - UnicodeAnalyzer - INFO - -> Analizzando versione 4.0.0-alpha.11 (62/3696)...
2025-11-12 09:47:29,606 - UnicodeAnalyzer - INFO - Filtrati 3 file (es. in /dist, /test).
2025-11-12 09:47:29,606 - UnicodeAnalyzer - INFO - -> Analizzando versione 4.0.0-alpha.12 (63/3696)...
2025-11-12 09:47:29,606 - UnicodeAnalyzer - INFO - Filtrati 3 file (es. in /dist, /test).
2025-11-12 09:47:29,606 - UnicodeAnalyzer - INFO - -> Analizzando versione 4.0.0-alpha.13 (64/3696)...
2025-11-12 09:47:29,606 - UnicodeAnalyzer - INFO - Filtrati 3 file (es. in /dist, /test).
2025-11-12 09:47:29,606 - UnicodeAnalyzer - INFO - -> Analizzando versione 4.0.0-alpha.14 (65/3696)...
2025-11-12 09:47:29,606 - UnicodeAnalyzer - INFO - Filtrati 3 file (es. in /dist, /test).
2025-11-12 09:47:29,607 - UnicodeAnalyzer - INFO - -> Analizzando versione 4.0.0-alpha.16 (66/3696)...
2025-11-12 09:47:29,607 - UnicodeAnalyzer - INFO - Filtrati 3 file (es. in /dist, /test).
2025-11-12 09:47:29,607 - UnicodeAnalyzer - INFO - -> Analizzando versione 4.0.0-alpha.2 (67/3696)...
2025-11-12 09:47:29,607 - UnicodeAnalyzer - INFO - Filtrati 3 file (es. in /dist, /test).
2025-11-12 09:47:29,607 - UnicodeAnalyzer - INFO - -> Analizzando versione 4.0.0-alpha.3 (68/3696)...
2025-11-12 09:47:29,607 - UnicodeAnalyzer - INFO - Filtrati 3 file (es. in /dist, /test).
2025-11-12 09:47:29,607 - UnicodeAnalyzer - INFO - -> Analizzando versione 4.0.0-alpha.4 (69/3696)...
2025-11-12 09:47:29,608 - UnicodeAnalyzer - INFO - Filtrati 3 file (es. in /dist, /test).
2025-11-12 09:47:29,608 - UnicodeAnalyzer - INFO - -> Analizzando versione 4.0.0-alpha.5 (70/3696)...
2025-11-12 09:47:29,608 - UnicodeAnalyzer - INFO - Filtrati 3 file (es. in /dist, /test).
2025-11-12 09:47:29,608 - UnicodeAnalyzer - INFO - -> Analizzando versione 4.0.0-alpha.6 (71/3696)...
2025-11-12 09:47:29,608 - UnicodeAnalyzer - INFO - Filtrati 3 file (es. in /dist, /test).
2025-11-12 09:47:29,608 - UnicodeAnalyzer - INFO - -> Analizzando versione 4.0.0-alpha.7 (72/3696)...
2025-11-12 09:47:29,609 - UnicodeAnalyzer - INFO - Filtrati 3 file (es. in /dist, /test).
2025-11-12 09:47:29,609 - UnicodeAnalyzer - INFO - -> Analizzando versione 4.0.0-alpha.8 (73/3696)...
2025-11-12 09:47:29,609 - UnicodeAnalyzer - INFO - Filtrati 3 file (es. in /dist, /test).
2025-11-12 09:47:29,609 - UnicodeAnalyzer - INFO - -> Analizzando versione 4.0.0-alpha.9 (74/3696)...
2025-11-12 09:47:29,609 - UnicodeAnalyzer - INFO - Filtrati 3 file (es. in /dist, /test).
2025-11-12 09:47:29,609 - UnicodeAnalyzer - INFO - -> Analizzando versione 4.0.1 (75/3696)...
2025-11-12 09:47:29,610 - UnicodeAnalyzer - INFO - Filtrati 3 file (es. in /dist, /test).
2025-11-12 09:47:29,610 - UnicodeAnalyzer - INFO - -> Analizzando versione 4.0.1-alpha.0 (76/3696)...
2025-11-12 09:47:29,610 - UnicodeAnalyzer - INFO - Filtrati 3 file (es. in /dist, /test).
2025-11-12 09:47:29,610 - UnicodeAnalyzer - INFO - -> Analizzando versione 4.0.1-alpha.1 (77/3696)...
2025-11-12 09:47:29,610 - UnicodeAnalyzer - INFO - Filtrati 3 file (es. in /dist, /test).
2025-11-12 09:47:29,610 - UnicodeAnalyzer - INFO - -> Analizzando versione 4.0.2-alpha.0 (78/3696)...
2025-11-12 09:47:29,611 - UnicodeAnalyzer - INFO - Filtrati 3 file (es. in /dist, /test).
2025-11-12 09:47:29,611 - UnicodeAnalyzer - INFO - -> Analizzando versione 4.0.2-alpha.1 (79/3696)...
2025-11-12 09:47:29,611 - UnicodeAnalyzer - INFO - Filtrati 3 file (es. in /dist, /test).
2025-11-12 09:47:29,611 - UnicodeAnalyzer - INFO - -> Analizzando versione 4.0.2-alpha.10 (80/3696)...
2025-11-12 09:47:29,611 - UnicodeAnalyzer - INFO - Filtrati 3 file (es. in /dist, /test).
2025-11-12 09:47:29,611 - UnicodeAnalyzer - INFO - -> Analizzando versione 4.0.2-alpha.11 (81/3696)...
2025-11-12 09:47:29,612 - UnicodeAnalyzer - INFO - Filtrati 3 file (es. in /dist, /test).
2025-11-12 09:47:29,612 - UnicodeAnalyzer - INFO - -> Analizzando versione 4.0.2-alpha.12 (82/3696)...
2025-11-12 09:47:29,612 - UnicodeAnalyzer - INFO - Filtrati 3 file (es. in /dist, /test).
2025-11-12 09:47:29,612 - UnicodeAnalyzer - INFO - -> Analizzando versione 4.0.2-alpha.13 (83/3696)...
2025-11-12 09:47:29,612 - UnicodeAnalyzer - INFO - Filtrati 3 file (es. in /dist, /test).
2025-11-12 09:47:29,612 - UnicodeAnalyzer - INFO - -> Analizzando versione 4.0.2-alpha.14 (84/3696)...
2025-11-12 09:47:29,613 - UnicodeAnalyzer - INFO - Filtrati 3 file (es. in /dist, /test).
2025-11-12 09:47:29,613 - UnicodeAnalyzer - INFO - -> Analizzando versione 4.0.2-alpha.15 (85/3696)...
2025-11-12 09:47:29,613 - UnicodeAnalyzer - INFO - Filtrati 3 file (es. in /dist, /test).
2025-11-12 09:47:29,613 - UnicodeAnalyzer - INFO - -> Analizzando versione 4.0.2-alpha.16 (86/3696)...
2025-11-12 09:47:29,613 - UnicodeAnalyzer - INFO - Filtrati 3 file (es. in /dist, /test).
2025-11-12 09:47:29,613 - UnicodeAnalyzer - INFO - -> Analizzando versione 4.0.2-alpha.17 (87/3696)...
2025-11-12 09:47:29,614 - UnicodeAnalyzer - INFO - Filtrati 3 file (es. in /dist, /test).
2025-11-12 09:47:29,614 - UnicodeAnalyzer - INFO - -> Analizzando versione 4.0.2-alpha.18 (88/3696)...
2025-11-12 09:47:29,614 - UnicodeAnalyzer - INFO - Filtrati 3 file (es. in /dist, /test).
2025-11-12 09:47:29,614 - UnicodeAnalyzer - INFO - -> Analizzando versione 4.0.2-alpha.19 (89/3696)...
2025-11-12 09:47:29,614 - UnicodeAnalyzer - INFO - Filtrati 3 file (es. in /dist, /test).
2025-11-12 09:47:29,614 - UnicodeAnalyzer - INFO - -> Analizzando versione 4.0.2-alpha.2 (90/3696)...
2025-11-12 09:47:29,615 - UnicodeAnalyzer - INFO - Filtrati 3 file (es. in /dist, /test).
2025-11-12 09:47:29,615 - UnicodeAnalyzer - INFO - -> Analizzando versione 4.0.2-alpha.20 (91/3696)...
2025-11-12 09:47:29,615 - UnicodeAnalyzer - INFO - Filtrati 3 file (es. in /dist, /test).
2025-11-12 09:47:29,615 - UnicodeAnalyzer - INFO - -> Analizzando versione 4.0.2-alpha.3 (92/3696)...
2025-11-12 09:47:29,615 - UnicodeAnalyzer - INFO - Filtrati 3 file (es. in /dist, /test).
2025-11-12 09:47:29,615 - UnicodeAnalyzer - INFO - -> Analizzando versione 4.0.2-alpha.4 (93/3696)...
2025-11-12 09:47:29,616 - UnicodeAnalyzer - INFO - Filtrati 3 file (es. in /dist, /test).
2025-11-12 09:47:29,616 - UnicodeAnalyzer - INFO - -> Analizzando versione 4.0.2-alpha.5 (94/3696)...
2025-11-12 09:47:29,616 - UnicodeAnalyzer - INFO - Filtrati 3 file (es. in /dist, /test).
2025-11-12 09:47:29,616 - UnicodeAnalyzer - INFO - -> Analizzando versione 4.0.2-alpha.6 (95/3696)...
2025-11-12 09:47:29,616 - UnicodeAnalyzer - INFO - Filtrati 3 file (es. in /dist, /test).
2025-11-12 09:47:29,616 - UnicodeAnalyzer - INFO - -> Analizzando versione 4.0.2-alpha.7 (96/3696)...
2025-11-12 09:47:29,617 - UnicodeAnalyzer - INFO - Filtrati 3 file (es. in /dist, /test).
2025-11-12 09:47:29,617 - UnicodeAnalyzer - INFO - -> Analizzando versione 4.0.2-alpha.8 (97/3696)...
2025-11-12 09:47:29,617 - UnicodeAnalyzer - INFO - Filtrati 3 file (es. in /dist, /test).
2025-11-12 09:47:29,617 - UnicodeAnalyzer - INFO - -> Analizzando versione 4.0.2-alpha.9 (98/3696)...
2025-11-12 09:47:29,617 - UnicodeAnalyzer - INFO - Filtrati 3 file (es. in /dist, /test).
2025-11-12 09:47:29,617 - UnicodeAnalyzer - INFO - -> Analizzando versione 4.1.0 (99/3696)...
2025-11-12 09:47:29,618 - UnicodeAnalyzer - INFO - Filtrati 3 file (es. in /dist, /test).
2025-11-12 09:47:29,618 - UnicodeAnalyzer - INFO - -> Analizzando versione 4.1.1 (100/3696)...
2025-11-12 09:47:29,618 - UnicodeAnalyzer - INFO - Filtrati 3 file (es. in /dist, /test).
2025-11-12 09:47:29,618 - UnicodeAnalyzer - INFO - -> Analizzando versione 4.1.1-alpha.0 (101/3696)...
2025-11-12 09:47:29,618 - UnicodeAnalyzer - INFO - Filtrati 3 file (es. in /dist, /test).
2025-11-12 09:47:29,618 - UnicodeAnalyzer - INFO - -> Analizzando versione 4.1.1-alpha.1 (102/3696)...
2025-11-12 09:47:29,619 - UnicodeAnalyzer - INFO - Filtrati 3 file (es. in /dist, /test).
2025-11-12 09:47:29,619 - UnicodeAnalyzer - INFO - -> Analizzando versione 4.1.1-alpha.10 (103/3696)...
2025-11-12 09:47:29,619 - UnicodeAnalyzer - INFO - Filtrati 3 file (es. in /dist, /test).
2025-11-12 09:47:29,619 - UnicodeAnalyzer - INFO - -> Analizzando versione 4.1.1-alpha.11 (104/3696)...
2025-11-12 09:47:29,620 - UnicodeAnalyzer - INFO - Filtrati 3 file (es. in /dist, /test).
2025-11-12 09:47:29,620 - UnicodeAnalyzer - INFO - -> Analizzando versione 4.1.1-alpha.12 (105/3696)...
2025-11-12 09:47:29,620 - UnicodeAnalyzer - INFO - Filtrati 3 file (es. in /dist, /test).
2025-11-12 09:47:29,620 - UnicodeAnalyzer - INFO - -> Analizzando versione 4.1.1-alpha.13 (106/3696)...
2025-11-12 09:47:29,620 - UnicodeAnalyzer - INFO - Filtrati 3 file (es. in /dist, /test).
2025-11-12 09:47:29,620 - UnicodeAnalyzer - INFO - -> Analizzando versione 4.1.1-alpha.14 (107/3696)...
2025-11-12 09:47:29,621 - UnicodeAnalyzer - INFO - Filtrati 3 file (es. in /dist, /test).
2025-11-12 09:47:29,621 - UnicodeAnalyzer - INFO - -> Analizzando versione 4.1.1-alpha.2 (108/3696)...
2025-11-12 09:47:29,621 - UnicodeAnalyzer - INFO - Filtrati 3 file (es. in /dist, /test).
2025-11-12 09:47:29,621 - UnicodeAnalyzer - INFO - -> Analizzando versione 4.1.1-alpha.3 (109/3696)...
2025-11-12 09:47:29,621 - UnicodeAnalyzer - INFO - Filtrati 3 file (es. in /dist, /test).
2025-11-12 09:47:29,621 - UnicodeAnalyzer - INFO - -> Analizzando versione 4.1.1-alpha.4 (110/3696)...
2025-11-12 09:47:29,622 - UnicodeAnalyzer - INFO - Filtrati 3 file (es. in /dist, /test).
2025-11-12 09:47:29,622 - UnicodeAnalyzer - INFO - -> Analizzando versione 4.1.1-alpha.5 (111/3696)...
2025-11-12 09:47:29,622 - UnicodeAnalyzer - INFO - Filtrati 3 file (es. in /dist, /test).
2025-11-12 09:47:29,622 - UnicodeAnalyzer - INFO - -> Analizzando versione 4.1.1-alpha.6 (112/3696)...
2025-11-12 09:47:29,622 - UnicodeAnalyzer - INFO - Filtrati 3 file (es. in /dist, /test).
2025-11-12 09:47:29,623 - UnicodeAnalyzer - INFO - -> Analizzando versione 4.1.1-alpha.7 (113/3696)...
2025-11-12 09:47:29,623 - UnicodeAnalyzer - INFO - Filtrati 3 file (es. in /dist, /test).
2025-11-12 09:47:29,623 - UnicodeAnalyzer - INFO - -> Analizzando versione 4.1.1-alpha.8 (114/3696)...
2025-11-12 09:47:29,623 - UnicodeAnalyzer - INFO - Filtrati 3 file (es. in /dist, /test).
2025-11-12 09:47:29,623 - UnicodeAnalyzer - INFO - -> Analizzando versione 4.1.1-alpha.9 (115/3696)...
2025-11-12 09:47:29,624 - UnicodeAnalyzer - INFO - Filtrati 3 file (es. in /dist, /test).
2025-11-12 09:47:29,624 - UnicodeAnalyzer - INFO - -> Analizzando versione 4.1.2-alpha.0 (116/3696)...
2025-11-12 09:47:29,624 - UnicodeAnalyzer - INFO - Filtrati 3 file (es. in /dist, /test).
2025-11-12 09:47:29,624 - UnicodeAnalyzer - INFO - -> Analizzando versione 4.1.2-alpha.1 (117/3696)...
2025-11-12 09:47:29,624 - UnicodeAnalyzer - INFO - Filtrati 3 file (es. in /dist, /test).
2025-11-12 09:47:29,624 - UnicodeAnalyzer - INFO - -> Analizzando versione 4.1.2-alpha.2 (118/3696)...
2025-11-12 09:47:29,625 - UnicodeAnalyzer - INFO - Filtrati 3 file (es. in /dist, /test).
2025-11-12 09:47:29,625 - UnicodeAnalyzer - INFO - -> Analizzando versione 4.1.2-alpha.3 (119/3696)...
2025-11-12 09:47:29,625 - UnicodeAnalyzer - INFO - Filtrati 3 file (es. in /dist, /test).
2025-11-12 09:47:29,625 - UnicodeAnalyzer - INFO - -> Analizzando versione 4.1.2-alpha.4 (120/3696)...
2025-11-12 09:47:29,625 - UnicodeAnalyzer - INFO - Filtrati 3 file (es. in /dist, /test).
2025-11-12 09:47:29,625 - UnicodeAnalyzer - INFO - -> Analizzando versione 4.1.2-alpha.5 (121/3696)...
2025-11-12 09:47:29,625 - UnicodeAnalyzer - INFO - Filtrati 3 file (es. in /dist, /test).
2025-11-12 09:47:29,626 - UnicodeAnalyzer - INFO - -> Analizzando versione 4.1.2-alpha.6 (122/3696)...
2025-11-12 09:47:29,626 - UnicodeAnalyzer - INFO - Filtrati 3 file (es. in /dist, /test).
2025-11-12 09:47:29,626 - UnicodeAnalyzer - INFO - -> Analizzando versione 4.1.2-alpha.7 (123/3696)...
2025-11-12 09:47:29,626 - UnicodeAnalyzer - INFO - Filtrati 3 file (es. in /dist, /test).
2025-11-12 09:47:29,626 - UnicodeAnalyzer - INFO - -> Analizzando versione 4.10.0 (124/3696)...
2025-11-12 09:47:29,626 - UnicodeAnalyzer - INFO - Filtrati 3 file (es. in /dist, /test).
2025-11-12 09:47:29,626 - UnicodeAnalyzer - INFO - -> Analizzando versione 4.10.1-alpha.0 (125/3696)...
2025-11-12 09:47:29,627 - UnicodeAnalyzer - INFO - Filtrati 3 file (es. in /dist, /test).
2025-11-12 09:47:29,627 - UnicodeAnalyzer - INFO - -> Analizzando versione 4.10.1-alpha.1 (126/3696)...
2025-11-12 09:47:29,627 - UnicodeAnalyzer - INFO - Filtrati 3 file (es. in /dist, /test).
2025-11-12 09:47:29,627 - UnicodeAnalyzer - INFO - -> Analizzando versione 4.10.1-alpha.2 (127/3696)...
2025-11-12 09:47:29,627 - UnicodeAnalyzer - INFO - Filtrati 3 file (es. in /dist, /test).
2025-11-12 09:47:29,627 - UnicodeAnalyzer - INFO - -> Analizzando versione 4.11.0 (128/3696)...
2025-11-12 09:47:29,628 - UnicodeAnalyzer - INFO - Filtrati 3 file (es. in /dist, /test).
2025-11-12 09:47:29,628 - UnicodeAnalyzer - INFO - -> Analizzando versione 4.11.1 (129/3696)...
2025-11-12 09:47:29,628 - UnicodeAnalyzer - INFO - Filtrati 3 file (es. in /dist, /test).
2025-11-12 09:47:29,628 - UnicodeAnalyzer - INFO - -> Analizzando versione 4.11.1-alpha.0 (130/3696)...
2025-11-12 09:47:29,629 - UnicodeAnalyzer - INFO - Filtrati 3 file (es. in /dist, /test).
2025-11-12 09:47:29,629 - UnicodeAnalyzer - INFO - -> Analizzando versione 4.11.1-alpha.1 (131/3696)...
2025-11-12 09:47:29,629 - UnicodeAnalyzer - INFO - Filtrati 3 file (es. in /dist, /test).
2025-11-12 09:47:29,629 - UnicodeAnalyzer - INFO - -> Analizzando versione 4.11.1-alpha.2 (132/3696)...
2025-11-12 09:47:29,629 - UnicodeAnalyzer - INFO - Filtrati 3 file (es. in /dist, /test).
2025-11-12 09:47:29,629 - UnicodeAnalyzer - INFO - -> Analizzando versione 4.11.1-alpha.3 (133/3696)...
2025-11-12 09:47:29,630 - UnicodeAnalyzer - INFO - Filtrati 3 file (es. in /dist, /test).
2025-11-12 09:47:29,630 - UnicodeAnalyzer - INFO - -> Analizzando versione 4.11.2-alpha.0 (134/3696)...
2025-11-12 09:47:29,630 - UnicodeAnalyzer - INFO - Filtrati 3 file (es. in /dist, /test).
2025-11-12 09:47:29,630 - UnicodeAnalyzer - INFO - -> Analizzando versione 4.11.2-alpha.1 (135/3696)...
2025-11-12 09:47:29,630 - UnicodeAnalyzer - INFO - Filtrati 3 file (es. in /dist, /test).
2025-11-12 09:47:29,630 - UnicodeAnalyzer - INFO - -> Analizzando versione 4.12.0 (136/3696)...
2025-11-12 09:47:29,631 - UnicodeAnalyzer - INFO - Filtrati 3 file (es. in /dist, /test).
2025-11-12 09:47:29,631 - UnicodeAnalyzer - INFO - -> Analizzando versione 4.12.1-alpha.0 (137/3696)...
2025-11-12 09:47:29,631 - UnicodeAnalyzer - INFO - Filtrati 3 file (es. in /dist, /test).
2025-11-12 09:47:29,631 - UnicodeAnalyzer - INFO - -> Analizzando versione 4.12.1-alpha.1 (138/3696)...
2025-11-12 09:47:29,632 - UnicodeAnalyzer - INFO - Filtrati 3 file (es. in /dist, /test).
2025-11-12 09:47:29,632 - UnicodeAnalyzer - INFO - -> Analizzando versione 4.13.0 (139/3696)...
2025-11-12 09:47:29,632 - UnicodeAnalyzer - INFO - Filtrati 3 file (es. in /dist, /test).
2025-11-12 09:47:29,632 - UnicodeAnalyzer - INFO - -> Analizzando versione 4.13.1-alpha.0 (140/3696)...
2025-11-12 09:47:29,632 - UnicodeAnalyzer - INFO - Filtrati 3 file (es. in /dist, /test).
2025-11-12 09:47:29,632 - UnicodeAnalyzer - INFO - -> Analizzando versione 4.13.1-alpha.1 (141/3696)...
2025-11-12 09:47:29,633 - UnicodeAnalyzer - INFO - Filtrati 3 file (es. in /dist, /test).
2025-11-12 09:47:29,633 - UnicodeAnalyzer - INFO - -> Analizzando versione 4.14.0 (142/3696)...
2025-11-12 09:47:29,633 - UnicodeAnalyzer - INFO - Filtrati 3 file (es. in /dist, /test).
2025-11-12 09:47:29,633 - UnicodeAnalyzer - INFO - -> Analizzando versione 4.14.1 (143/3696)...
2025-11-12 09:47:29,633 - UnicodeAnalyzer - INFO - Filtrati 3 file (es. in /dist, /test).
2025-11-12 09:47:29,634 - UnicodeAnalyzer - INFO - -> Analizzando versione 4.14.1-alpha.0 (144/3696)...
2025-11-12 09:47:29,634 - UnicodeAnalyzer - INFO - Filtrati 3 file (es. in /dist, /test).
2025-11-12 09:47:29,634 - UnicodeAnalyzer - INFO - -> Analizzando versione 4.14.1-alpha.1 (145/3696)...
2025-11-12 09:47:29,634 - UnicodeAnalyzer - INFO - Filtrati 3 file (es. in /dist, /test).
2025-11-12 09:47:29,634 - UnicodeAnalyzer - INFO - -> Analizzando versione 4.14.1-alpha.2 (146/3696)...
2025-11-12 09:47:29,635 - UnicodeAnalyzer - INFO - Filtrati 3 file (es. in /dist, /test).
2025-11-12 09:47:29,635 - UnicodeAnalyzer - INFO - -> Analizzando versione 4.14.2 (147/3696)...
2025-11-12 09:47:29,635 - UnicodeAnalyzer - INFO - Filtrati 3 file (es. in /dist, /test).
2025-11-12 09:47:29,635 - UnicodeAnalyzer - INFO - -> Analizzando versione 4.14.2-alpha.0 (148/3696)...
2025-11-12 09:47:29,635 - UnicodeAnalyzer - INFO - Filtrati 3 file (es. in /dist, /test).
2025-11-12 09:47:29,635 - UnicodeAnalyzer - INFO - -> Analizzando versione 4.14.2-alpha.1 (149/3696)...
2025-11-12 09:47:29,636 - UnicodeAnalyzer - INFO - Filtrati 3 file (es. in /dist, /test).
2025-11-12 09:47:29,636 - UnicodeAnalyzer - INFO - -> Analizzando versione 4.14.2-alpha.2 (150/3696)...
2025-11-12 09:47:29,636 - UnicodeAnalyzer - INFO - Filtrati 3 file (es. in /dist, /test).
2025-11-12 09:47:29,636 - UnicodeAnalyzer - INFO - -> Analizzando versione 4.14.3-alpha.0 (151/3696)...
2025-11-12 09:47:29,636 - UnicodeAnalyzer - INFO - Filtrati 3 file (es. in /dist, /test).
2025-11-12 09:47:29,636 - UnicodeAnalyzer - INFO - -> Analizzando versione 4.14.3-alpha.1 (152/3696)...
2025-11-12 09:47:29,636 - UnicodeAnalyzer - INFO - Filtrati 3 file (es. in /dist, /test).
2025-11-12 09:47:29,636 - UnicodeAnalyzer - INFO - -> Analizzando versione 4.14.3-alpha.3 (153/3696)...
2025-11-12 09:47:29,637 - UnicodeAnalyzer - INFO - Filtrati 3 file (es. in /dist, /test).
2025-11-12 09:47:29,637 - UnicodeAnalyzer - INFO - -> Analizzando versione 4.14.3-alpha.4 (154/3696)...
2025-11-12 09:47:29,637 - UnicodeAnalyzer - INFO - Filtrati 3 file (es. in /dist, /test).
2025-11-12 09:47:29,637 - UnicodeAnalyzer - INFO - -> Analizzando versione 4.14.3-alpha.5 (155/3696)...
2025-11-12 09:47:29,637 - UnicodeAnalyzer - INFO - Filtrati 3 file (es. in /dist, /test).
2025-11-12 09:47:29,638 - UnicodeAnalyzer - INFO - -> Analizzando versione 4.14.3-alpha.6 (156/3696)...
2025-11-12 09:47:29,638 - UnicodeAnalyzer - INFO - Filtrati 3 file (es. in /dist, /test).
2025-11-12 09:47:29,638 - UnicodeAnalyzer - INFO - -> Analizzando versione 4.14.3-alpha.7 (157/3696)...
2025-11-12 09:47:29,638 - UnicodeAnalyzer - INFO - Filtrati 3 file (es. in /dist, /test).
2025-11-12 09:47:29,638 - UnicodeAnalyzer - INFO - -> Analizzando versione 4.15.0 (158/3696)...
2025-11-12 09:47:29,639 - UnicodeAnalyzer - INFO - Filtrati 3 file (es. in /dist, /test).
2025-11-12 09:47:29,639 - UnicodeAnalyzer - INFO - -> Analizzando versione 4.15.1 (159/3696)...
2025-11-12 09:47:29,639 - UnicodeAnalyzer - INFO - Filtrati 3 file (es. in /dist, /test).
2025-11-12 09:47:29,639 - UnicodeAnalyzer - INFO - -> Analizzando versione 4.15.1-alpha.0 (160/3696)...
2025-11-12 09:47:29,639 - UnicodeAnalyzer - INFO - Filtrati 3 file (es. in /dist, /test).
2025-11-12 09:47:29,639 - UnicodeAnalyzer - INFO - -> Analizzando versione 4.15.1-alpha.1 (161/3696)...
2025-11-12 09:47:29,640 - UnicodeAnalyzer - INFO - Filtrati 3 file (es. in /dist, /test).
2025-11-12 09:47:29,640 - UnicodeAnalyzer - INFO - -> Analizzando versione 4.15.1-alpha.10 (162/3696)...
2025-11-12 09:47:29,640 - UnicodeAnalyzer - INFO - Filtrati 3 file (es. in /dist, /test).
2025-11-12 09:47:29,640 - UnicodeAnalyzer - INFO - -> Analizzando versione 4.15.1-alpha.13 (163/3696)...
2025-11-12 09:47:29,640 - UnicodeAnalyzer - INFO - Filtrati 3 file (es. in /dist, /test).
2025-11-12 09:47:29,640 - UnicodeAnalyzer - INFO - -> Analizzando versione 4.15.1-alpha.14 (164/3696)...
2025-11-12 09:47:29,641 - UnicodeAnalyzer - INFO - Filtrati 3 file (es. in /dist, /test).
2025-11-12 09:47:29,641 - UnicodeAnalyzer - INFO - -> Analizzando versione 4.15.1-alpha.15 (165/3696)...
2025-11-12 09:47:29,641 - UnicodeAnalyzer - INFO - Filtrati 3 file (es. in /dist, /test).
2025-11-12 09:47:29,641 - UnicodeAnalyzer - INFO - -> Analizzando versione 4.15.1-alpha.16 (166/3696)...
2025-11-12 09:47:29,641 - UnicodeAnalyzer - INFO - Filtrati 3 file (es. in /dist, /test).
2025-11-12 09:47:29,641 - UnicodeAnalyzer - INFO - -> Analizzando versione 4.15.1-alpha.17 (167/3696)...
2025-11-12 09:47:29,642 - UnicodeAnalyzer - INFO - Filtrati 3 file (es. in /dist, /test).
2025-11-12 09:47:29,642 - UnicodeAnalyzer - INFO - -> Analizzando versione 4.15.1-alpha.19 (168/3696)...
2025-11-12 09:47:29,642 - UnicodeAnalyzer - INFO - Filtrati 3 file (es. in /dist, /test).
2025-11-12 09:47:29,642 - UnicodeAnalyzer - INFO - -> Analizzando versione 4.15.1-alpha.2 (169/3696)...
2025-11-12 09:47:29,642 - UnicodeAnalyzer - INFO - Filtrati 3 file (es. in /dist, /test).
2025-11-12 09:47:29,642 - UnicodeAnalyzer - INFO - -> Analizzando versione 4.15.1-alpha.20 (170/3696)...
2025-11-12 09:47:29,643 - UnicodeAnalyzer - INFO - Filtrati 3 file (es. in /dist, /test).
2025-11-12 09:47:29,643 - UnicodeAnalyzer - INFO - -> Analizzando versione 4.15.1-alpha.21 (171/3696)...
2025-11-12 09:47:29,643 - UnicodeAnalyzer - INFO - Filtrati 3 file (es. in /dist, /test).
2025-11-12 09:47:29,643 - UnicodeAnalyzer - INFO - -> Analizzando versione 4.15.1-alpha.22 (172/3696)...
2025-11-12 09:47:29,643 - UnicodeAnalyzer - INFO - Filtrati 3 file (es. in /dist, /test).
2025-11-12 09:47:29,643 - UnicodeAnalyzer - INFO - -> Analizzando versione 4.15.1-alpha.23 (173/3696)...
2025-11-12 09:47:29,644 - UnicodeAnalyzer - INFO - Filtrati 3 file (es. in /dist, /test).
2025-11-12 09:47:29,644 - UnicodeAnalyzer - INFO - -> Analizzando versione 4.15.1-alpha.24 (174/3696)...
2025-11-12 09:47:29,644 - UnicodeAnalyzer - INFO - Filtrati 3 file (es. in /dist, /test).
2025-11-12 09:47:29,644 - UnicodeAnalyzer - INFO - -> Analizzando versione 4.15.1-alpha.25 (175/3696)...
2025-11-12 09:47:29,644 - UnicodeAnalyzer - INFO - Filtrati 3 file (es. in /dist, /test).
2025-11-12 09:47:29,644 - UnicodeAnalyzer - INFO - -> Analizzando versione 4.15.1-alpha.26 (176/3696)...
2025-11-12 09:47:29,644 - UnicodeAnalyzer - INFO - Filtrati 3 file (es. in /dist, /test).
2025-11-12 09:47:29,645 - UnicodeAnalyzer - INFO - -> Analizzando versione 4.15.1-alpha.27 (177/3696)...
2025-11-12 09:47:29,645 - UnicodeAnalyzer - INFO - Filtrati 3 file (es. in /dist, /test).
2025-11-12 09:47:29,645 - UnicodeAnalyzer - INFO - -> Analizzando versione 4.15.1-alpha.28 (178/3696)...
2025-11-12 09:47:29,645 - UnicodeAnalyzer - INFO - Filtrati 3 file (es. in /dist, /test).
2025-11-12 09:47:29,645 - UnicodeAnalyzer - INFO - -> Analizzando versione 4.15.1-alpha.29 (179/3696)...
2025-11-12 09:47:29,645 - UnicodeAnalyzer - INFO - Filtrati 3 file (es. in /dist, /test).
2025-11-12 09:47:29,645 - UnicodeAnalyzer - INFO - -> Analizzando versione 4.15.1-alpha.3 (180/3696)...
2025-11-12 09:47:29,646 - UnicodeAnalyzer - INFO - Filtrati 3 file (es. in /dist, /test).
2025-11-12 09:47:29,646 - UnicodeAnalyzer - INFO - -> Analizzando versione 4.15.1-alpha.30 (181/3696)...
2025-11-12 09:47:29,646 - UnicodeAnalyzer - INFO - Filtrati 3 file (es. in /dist, /test).
2025-11-12 09:47:29,646 - UnicodeAnalyzer - INFO - -> Analizzando versione 4.15.1-alpha.32 (182/3696)...
2025-11-12 09:47:29,646 - UnicodeAnalyzer - INFO - Filtrati 3 file (es. in /dist, /test).
2025-11-12 09:47:29,646 - UnicodeAnalyzer - INFO - -> Analizzando versione 4.15.1-alpha.4 (183/3696)...
2025-11-12 09:47:29,647 - UnicodeAnalyzer - INFO - Filtrati 3 file (es. in /dist, /test).
2025-11-12 09:47:29,647 - UnicodeAnalyzer - INFO - -> Analizzando versione 4.15.1-alpha.5 (184/3696)...
2025-11-12 09:47:29,647 - UnicodeAnalyzer - INFO - Filtrati 3 file (es. in /dist, /test).
2025-11-12 09:47:29,647 - UnicodeAnalyzer - INFO - -> Analizzando versione 4.15.1-alpha.6 (185/3696)...
2025-11-12 09:47:29,647 - UnicodeAnalyzer - INFO - Filtrati 3 file (es. in /dist, /test).
2025-11-12 09:47:29,647 - UnicodeAnalyzer - INFO - -> Analizzando versione 4.15.1-alpha.7 (186/3696)...
2025-11-12 09:47:29,648 - UnicodeAnalyzer - INFO - Filtrati 3 file (es. in /dist, /test).
2025-11-12 09:47:29,648 - UnicodeAnalyzer - INFO - -> Analizzando versione 4.15.1-alpha.8 (187/3696)...
2025-11-12 09:47:29,648 - UnicodeAnalyzer - INFO - Filtrati 3 file (es. in /dist, /test).
2025-11-12 09:47:29,648 - UnicodeAnalyzer - INFO - -> Analizzando versione 4.15.1-alpha.9 (188/3696)...
2025-11-12 09:47:29,648 - UnicodeAnalyzer - INFO - Filtrati 3 file (es. in /dist, /test).
2025-11-12 09:47:29,649 - UnicodeAnalyzer - INFO - -> Analizzando versione 4.15.2 (189/3696)...
2025-11-12 09:47:29,649 - UnicodeAnalyzer - INFO - Filtrati 3 file (es. in /dist, /test).
2025-11-12 09:47:29,649 - UnicodeAnalyzer - INFO - -> Analizzando versione 4.15.2-alpha.0 (190/3696)...
2025-11-12 09:47:29,649 - UnicodeAnalyzer - INFO - Filtrati 3 file (es. in /dist, /test).
2025-11-12 09:47:29,649 - UnicodeAnalyzer - INFO - -> Analizzando versione 4.15.2-alpha.1 (191/3696)...
2025-11-12 09:47:29,650 - UnicodeAnalyzer - INFO - Filtrati 3 file (es. in /dist, /test).
2025-11-12 09:47:29,650 - UnicodeAnalyzer - INFO - -> Analizzando versione 4.15.2-alpha.2 (192/3696)...
2025-11-12 09:47:29,650 - UnicodeAnalyzer - INFO - Filtrati 3 file (es. in /dist, /test).
2025-11-12 09:47:29,650 - UnicodeAnalyzer - INFO - -> Analizzando versione 4.15.2-alpha.3 (193/3696)...
2025-11-12 09:47:29,650 - UnicodeAnalyzer - INFO - Filtrati 3 file (es. in /dist, /test).
2025-11-12 09:47:29,650 - UnicodeAnalyzer - INFO - -> Analizzando versione 4.15.2-alpha.4 (194/3696)...
2025-11-12 09:47:29,651 - UnicodeAnalyzer - INFO - Filtrati 3 file (es. in /dist, /test).
2025-11-12 09:47:29,651 - UnicodeAnalyzer - INFO - -> Analizzando versione 4.15.2-alpha.5 (195/3696)...
2025-11-12 09:47:29,651 - UnicodeAnalyzer - INFO - Filtrati 3 file (es. in /dist, /test).
2025-11-12 09:47:29,651 - UnicodeAnalyzer - INFO - -> Analizzando versione 4.15.2-alpha.6 (196/3696)...
2025-11-12 09:47:29,651 - UnicodeAnalyzer - INFO - Filtrati 3 file (es. in /dist, /test).
2025-11-12 09:47:29,651 - UnicodeAnalyzer - INFO - -> Analizzando versione 4.15.2-alpha.7 (197/3696)...
2025-11-12 09:47:29,652 - UnicodeAnalyzer - INFO - Filtrati 3 file (es. in /dist, /test).
2025-11-12 09:47:29,652 - UnicodeAnalyzer - INFO - -> Analizzando versione 4.15.2-alpha.8 (198/3696)...
2025-11-12 09:47:29,652 - UnicodeAnalyzer - INFO - Filtrati 3 file (es. in /dist, /test).
2025-11-12 09:47:29,652 - UnicodeAnalyzer - INFO - -> Analizzando versione 4.15.3-alpha.0 (199/3696)...
2025-11-12 09:47:29,652 - UnicodeAnalyzer - INFO - Filtrati 3 file (es. in /dist, /test).
2025-11-12 09:47:29,652 - UnicodeAnalyzer - INFO - -> Analizzando versione 4.15.3-alpha.1 (200/3696)...
2025-11-12 09:47:29,653 - UnicodeAnalyzer - INFO - Filtrati 3 file (es. in /dist, /test).
2025-11-12 09:47:29,653 - UnicodeAnalyzer - INFO - -> Analizzando versione 4.15.3-alpha.10 (201/3696)...
2025-11-12 09:47:29,653 - UnicodeAnalyzer - INFO - Filtrati 3 file (es. in /dist, /test).
2025-11-12 09:47:29,653 - UnicodeAnalyzer - INFO - -> Analizzando versione 4.15.3-alpha.11 (202/3696)...
2025-11-12 09:47:29,653 - UnicodeAnalyzer - INFO - Filtrati 3 file (es. in /dist, /test).
2025-11-12 09:47:29,653 - UnicodeAnalyzer - INFO - -> Analizzando versione 4.15.3-alpha.12 (203/3696)...
2025-11-12 09:47:29,654 - UnicodeAnalyzer - INFO - Filtrati 3 file (es. in /dist, /test).
2025-11-12 09:47:29,654 - UnicodeAnalyzer - INFO - -> Analizzando versione 4.15.3-alpha.13 (204/3696)...
2025-11-12 09:47:29,654 - UnicodeAnalyzer - INFO - Filtrati 3 file (es. in /dist, /test).
2025-11-12 09:47:29,654 - UnicodeAnalyzer - INFO - -> Analizzando versione 4.15.3-alpha.14 (205/3696)...
2025-11-12 09:47:29,654 - UnicodeAnalyzer - INFO - Filtrati 3 file (es. in /dist, /test).
2025-11-12 09:47:29,654 - UnicodeAnalyzer - INFO - -> Analizzando versione 4.15.3-alpha.15 (206/3696)...
2025-11-12 09:47:29,655 - UnicodeAnalyzer - INFO - Filtrati 3 file (es. in /dist, /test).
2025-11-12 09:47:29,655 - UnicodeAnalyzer - INFO - -> Analizzando versione 4.15.3-alpha.16 (207/3696)...
2025-11-12 09:47:29,655 - UnicodeAnalyzer - INFO - Filtrati 3 file (es. in /dist, /test).
2025-11-12 09:47:29,655 - UnicodeAnalyzer - INFO - -> Analizzando versione 4.15.3-alpha.17 (208/3696)...
2025-11-12 09:47:29,655 - UnicodeAnalyzer - INFO - Filtrati 3 file (es. in /dist, /test).
2025-11-12 09:47:29,655 - UnicodeAnalyzer - INFO - -> Analizzando versione 4.15.3-alpha.18 (209/3696)...
2025-11-12 09:47:29,655 - UnicodeAnalyzer - INFO - Filtrati 3 file (es. in /dist, /test).
2025-11-12 09:47:29,655 - UnicodeAnalyzer - INFO - -> Analizzando versione 4.15.3-alpha.19 (210/3696)...
2025-11-12 09:47:29,656 - UnicodeAnalyzer - INFO - Filtrati 3 file (es. in /dist, /test).
2025-11-12 09:47:29,656 - UnicodeAnalyzer - INFO - -> Analizzando versione 4.15.3-alpha.2 (211/3696)...
2025-11-12 09:47:29,656 - UnicodeAnalyzer - INFO - Filtrati 3 file (es. in /dist, /test).
2025-11-12 09:47:29,656 - UnicodeAnalyzer - INFO - -> Analizzando versione 4.15.3-alpha.20 (212/3696)...
2025-11-12 09:47:29,656 - UnicodeAnalyzer - INFO - Filtrati 3 file (es. in /dist, /test).
2025-11-12 09:47:29,656 - UnicodeAnalyzer - INFO - -> Analizzando versione 4.15.3-alpha.21 (213/3696)...
2025-11-12 09:47:29,657 - UnicodeAnalyzer - INFO - Filtrati 3 file (es. in /dist, /test).
2025-11-12 09:47:29,657 - UnicodeAnalyzer - INFO - -> Analizzando versione 4.15.3-alpha.22 (214/3696)...
2025-11-12 09:47:29,657 - UnicodeAnalyzer - INFO - Filtrati 3 file (es. in /dist, /test).
2025-11-12 09:47:29,657 - UnicodeAnalyzer - INFO - -> Analizzando versione 4.15.3-alpha.3 (215/3696)...
2025-11-12 09:47:29,657 - UnicodeAnalyzer - INFO - Filtrati 3 file (es. in /dist, /test).
2025-11-12 09:47:29,657 - UnicodeAnalyzer - INFO - -> Analizzando versione 4.15.3-alpha.4 (216/3696)...
2025-11-12 09:47:29,658 - UnicodeAnalyzer - INFO - Filtrati 3 file (es. in /dist, /test).
2025-11-12 09:47:29,658 - UnicodeAnalyzer - INFO - -> Analizzando versione 4.15.3-alpha.5 (217/3696)...
2025-11-12 09:47:29,658 - UnicodeAnalyzer - INFO - Filtrati 3 file (es. in /dist, /test).
2025-11-12 09:47:29,658 - UnicodeAnalyzer - INFO - -> Analizzando versione 4.15.3-alpha.6 (218/3696)...
2025-11-12 09:47:29,658 - UnicodeAnalyzer - INFO - Filtrati 3 file (es. in /dist, /test).
2025-11-12 09:47:29,658 - UnicodeAnalyzer - INFO - -> Analizzando versione 4.15.3-alpha.7 (219/3696)...
2025-11-12 09:47:29,659 - UnicodeAnalyzer - INFO - Filtrati 3 file (es. in /dist, /test).
2025-11-12 09:47:29,659 - UnicodeAnalyzer - INFO - -> Analizzando versione 4.15.3-alpha.8 (220/3696)...
2025-11-12 09:47:29,659 - UnicodeAnalyzer - INFO - Filtrati 3 file (es. in /dist, /test).
2025-11-12 09:47:29,659 - UnicodeAnalyzer - INFO - -> Analizzando versione 4.15.3-alpha.9 (221/3696)...
2025-11-12 09:47:29,659 - UnicodeAnalyzer - INFO - Filtrati 3 file (es. in /dist, /test).
2025-11-12 09:47:29,659 - UnicodeAnalyzer - INFO - -> Analizzando versione 4.16.0 (222/3696)...
2025-11-12 09:47:29,659 - UnicodeAnalyzer - INFO - Filtrati 3 file (es. in /dist, /test).
2025-11-12 09:47:29,659 - UnicodeAnalyzer - INFO - -> Analizzando versione 4.16.1 (223/3696)...
2025-11-12 09:47:29,660 - UnicodeAnalyzer - INFO - Filtrati 3 file (es. in /dist, /test).
2025-11-12 09:47:29,660 - UnicodeAnalyzer - INFO - -> Analizzando versione 4.16.1-alpha.0 (224/3696)...
2025-11-12 09:47:29,660 - UnicodeAnalyzer - INFO - Filtrati 3 file (es. in /dist, /test).
2025-11-12 09:47:29,660 - UnicodeAnalyzer - INFO - -> Analizzando versione 4.16.2-alpha.0 (225/3696)...
2025-11-12 09:47:29,660 - UnicodeAnalyzer - INFO - Filtrati 3 file (es. in /dist, /test).
2025-11-12 09:47:29,660 - UnicodeAnalyzer - INFO - -> Analizzando versione 4.16.2-alpha.1 (226/3696)...
2025-11-12 09:47:29,661 - UnicodeAnalyzer - INFO - Filtrati 3 file (es. in /dist, /test).
2025-11-12 09:47:29,661 - UnicodeAnalyzer - INFO - -> Analizzando versione 4.16.2-alpha.10 (227/3696)...
2025-11-12 09:47:29,661 - UnicodeAnalyzer - INFO - Filtrati 3 file (es. in /dist, /test).
2025-11-12 09:47:29,661 - UnicodeAnalyzer - INFO - -> Analizzando versione 4.16.2-alpha.11 (228/3696)...
2025-11-12 09:47:29,661 - UnicodeAnalyzer - INFO - Filtrati 3 file (es. in /dist, /test).
2025-11-12 09:47:29,661 - UnicodeAnalyzer - INFO - -> Analizzando versione 4.16.2-alpha.12 (229/3696)...
2025-11-12 09:47:29,661 - UnicodeAnalyzer - INFO - Filtrati 3 file (es. in /dist, /test).
2025-11-12 09:47:29,661 - UnicodeAnalyzer - INFO - -> Analizzando versione 4.16.2-alpha.2 (230/3696)...
2025-11-12 09:47:29,662 - UnicodeAnalyzer - INFO - Filtrati 3 file (es. in /dist, /test).
2025-11-12 09:47:29,662 - UnicodeAnalyzer - INFO - -> Analizzando versione 4.16.2-alpha.3 (231/3696)...
2025-11-12 09:47:29,662 - UnicodeAnalyzer - INFO - Filtrati 3 file (es. in /dist, /test).
2025-11-12 09:47:29,662 - UnicodeAnalyzer - INFO - -> Analizzando versione 4.16.2-alpha.4 (232/3696)...
2025-11-12 09:47:29,662 - UnicodeAnalyzer - INFO - Filtrati 3 file (es. in /dist, /test).
2025-11-12 09:47:29,662 - UnicodeAnalyzer - INFO - -> Analizzando versione 4.16.2-alpha.5 (233/3696)...
2025-11-12 09:47:29,663 - UnicodeAnalyzer - INFO - Filtrati 3 file (es. in /dist, /test).
2025-11-12 09:47:29,663 - UnicodeAnalyzer - INFO - -> Analizzando versione 4.16.2-alpha.7 (234/3696)...
2025-11-12 09:47:29,663 - UnicodeAnalyzer - INFO - Filtrati 3 file (es. in /dist, /test).
2025-11-12 09:47:29,663 - UnicodeAnalyzer - INFO - -> Analizzando versione 4.16.2-alpha.8 (235/3696)...
2025-11-12 09:47:29,663 - UnicodeAnalyzer - INFO - Filtrati 3 file (es. in /dist, /test).
2025-11-12 09:47:29,663 - UnicodeAnalyzer - INFO - -> Analizzando versione 4.16.2-alpha.9 (236/3696)...
2025-11-12 09:47:29,663 - UnicodeAnalyzer - INFO - Filtrati 3 file (es. in /dist, /test).
2025-11-12 09:47:29,663 - UnicodeAnalyzer - INFO - -> Analizzando versione 4.17.0 (237/3696)...
2025-11-12 09:47:29,664 - UnicodeAnalyzer - INFO - Filtrati 3 file (es. in /dist, /test).
2025-11-12 09:47:29,664 - UnicodeAnalyzer - INFO - -> Analizzando versione 4.17.1-alpha.0 (238/3696)...
2025-11-12 09:47:29,664 - UnicodeAnalyzer - INFO - Filtrati 3 file (es. in /dist, /test).
2025-11-12 09:47:29,664 - UnicodeAnalyzer - INFO - -> Analizzando versione 4.17.1-alpha.1 (239/3696)...
2025-11-12 09:47:29,664 - UnicodeAnalyzer - INFO - Filtrati 3 file (es. in /dist, /test).
2025-11-12 09:47:29,664 - UnicodeAnalyzer - INFO - -> Analizzando versione 4.17.1-alpha.10 (240/3696)...
2025-11-12 09:47:29,665 - UnicodeAnalyzer - INFO - Filtrati 3 file (es. in /dist, /test).
2025-11-12 09:47:29,665 - UnicodeAnalyzer - INFO - -> Analizzando versione 4.17.1-alpha.11 (241/3696)...
2025-11-12 09:47:29,665 - UnicodeAnalyzer - INFO - Filtrati 3 file (es. in /dist, /test).
2025-11-12 09:47:29,665 - UnicodeAnalyzer - INFO - -> Analizzando versione 4.17.1-alpha.12 (242/3696)...
2025-11-12 09:47:29,665 - UnicodeAnalyzer - INFO - Filtrati 3 file (es. in /dist, /test).
2025-11-12 09:47:29,665 - UnicodeAnalyzer - INFO - -> Analizzando versione 4.17.1-alpha.13 (243/3696)...
2025-11-12 09:47:29,665 - UnicodeAnalyzer - INFO - Filtrati 3 file (es. in /dist, /test).
2025-11-12 09:47:29,665 - UnicodeAnalyzer - INFO - -> Analizzando versione 4.17.1-alpha.14 (244/3696)...
2025-11-12 09:47:29,666 - UnicodeAnalyzer - INFO - Filtrati 3 file (es. in /dist, /test).
2025-11-12 09:47:29,666 - UnicodeAnalyzer - INFO - -> Analizzando versione 4.17.1-alpha.2 (245/3696)...
2025-11-12 09:47:29,666 - UnicodeAnalyzer - INFO - Filtrati 3 file (es. in /dist, /test).
2025-11-12 09:47:29,666 - UnicodeAnalyzer - INFO - -> Analizzando versione 4.17.1-alpha.3 (246/3696)...
2025-11-12 09:47:29,666 - UnicodeAnalyzer - INFO - Filtrati 3 file (es. in /dist, /test).
2025-11-12 09:47:29,666 - UnicodeAnalyzer - INFO - -> Analizzando versione 4.17.1-alpha.4 (247/3696)...
2025-11-12 09:47:29,667 - UnicodeAnalyzer - INFO - Filtrati 3 file (es. in /dist, /test).
2025-11-12 09:47:29,667 - UnicodeAnalyzer - INFO - -> Analizzando versione 4.17.1-alpha.5 (248/3696)...
2025-11-12 09:47:29,667 - UnicodeAnalyzer - INFO - Filtrati 3 file (es. in /dist, /test).
2025-11-12 09:47:29,667 - UnicodeAnalyzer - INFO - -> Analizzando versione 4.17.1-alpha.6 (249/3696)...
2025-11-12 09:47:29,667 - UnicodeAnalyzer - INFO - Filtrati 3 file (es. in /dist, /test).
2025-11-12 09:47:29,667 - UnicodeAnalyzer - INFO - -> Analizzando versione 4.17.1-alpha.7 (250/3696)...
2025-11-12 09:47:29,667 - UnicodeAnalyzer - INFO - Filtrati 3 file (es. in /dist, /test).
2025-11-12 09:47:29,667 - UnicodeAnalyzer - INFO - -> Analizzando versione 4.17.1-alpha.8 (251/3696)...
2025-11-12 09:47:29,668 - UnicodeAnalyzer - INFO - Filtrati 3 file (es. in /dist, /test).
2025-11-12 09:47:29,668 - UnicodeAnalyzer - INFO - -> Analizzando versione 4.17.1-alpha.9 (252/3696)...
2025-11-12 09:47:29,668 - UnicodeAnalyzer - INFO - Filtrati 3 file (es. in /dist, /test).
2025-11-12 09:47:29,668 - UnicodeAnalyzer - INFO - -> Analizzando versione 4.18.0 (253/3696)...
2025-11-12 09:47:29,668 - UnicodeAnalyzer - INFO - Filtrati 3 file (es. in /dist, /test).
2025-11-12 09:47:29,668 - UnicodeAnalyzer - INFO - -> Analizzando versione 4.18.1-alpha.0 (254/3696)...
2025-11-12 09:47:29,669 - UnicodeAnalyzer - INFO - Filtrati 3 file (es. in /dist, /test).
2025-11-12 09:47:29,669 - UnicodeAnalyzer - INFO - -> Analizzando versione 4.18.1-alpha.1 (255/3696)...
2025-11-12 09:47:29,669 - UnicodeAnalyzer - INFO - Filtrati 3 file (es. in /dist, /test).
2025-11-12 09:47:29,669 - UnicodeAnalyzer - INFO - -> Analizzando versione 4.18.1-alpha.2 (256/3696)...
2025-11-12 09:47:29,669 - UnicodeAnalyzer - INFO - Filtrati 3 file (es. in /dist, /test).
2025-11-12 09:47:29,669 - UnicodeAnalyzer - INFO - -> Analizzando versione 4.18.1-alpha.3 (257/3696)...
2025-11-12 09:47:29,669 - UnicodeAnalyzer - INFO - Filtrati 3 file (es. in /dist, /test).
2025-11-12 09:47:29,669 - UnicodeAnalyzer - INFO - -> Analizzando versione 4.18.1-alpha.4 (258/3696)...
2025-11-12 09:47:29,670 - UnicodeAnalyzer - INFO - Filtrati 3 file (es. in /dist, /test).
2025-11-12 09:47:29,670 - UnicodeAnalyzer - INFO - -> Analizzando versione 4.18.1-alpha.5 (259/3696)...
2025-11-12 09:47:29,670 - UnicodeAnalyzer - INFO - Filtrati 3 file (es. in /dist, /test).
2025-11-12 09:47:29,670 - UnicodeAnalyzer - INFO - -> Analizzando versione 4.18.1-alpha.6 (260/3696)...
2025-11-12 09:47:29,670 - UnicodeAnalyzer - INFO - Filtrati 3 file (es. in /dist, /test).
2025-11-12 09:47:29,670 - UnicodeAnalyzer - INFO - -> Analizzando versione 4.18.1-alpha.7 (261/3696)...
2025-11-12 09:47:29,671 - UnicodeAnalyzer - INFO - Filtrati 3 file (es. in /dist, /test).
2025-11-12 09:47:29,671 - UnicodeAnalyzer - INFO - -> Analizzando versione 4.18.1-alpha.8 (262/3696)...
2025-11-12 09:47:29,671 - UnicodeAnalyzer - INFO - Filtrati 3 file (es. in /dist, /test).
2025-11-12 09:47:29,671 - UnicodeAnalyzer - INFO - -> Analizzando versione 4.18.1-alpha.9 (263/3696)...
2025-11-12 09:47:29,671 - UnicodeAnalyzer - INFO - Filtrati 3 file (es. in /dist, /test).
2025-11-12 09:47:29,671 - UnicodeAnalyzer - INFO - -> Analizzando versione 4.19.0 (264/3696)...
2025-11-12 09:47:29,671 - UnicodeAnalyzer - INFO - Filtrati 3 file (es. in /dist, /test).
2025-11-12 09:47:29,671 - UnicodeAnalyzer - INFO - -> Analizzando versione 4.19.1-alpha.0 (265/3696)...
2025-11-12 09:47:29,672 - UnicodeAnalyzer - INFO - Filtrati 3 file (es. in /dist, /test).
2025-11-12 09:47:29,672 - UnicodeAnalyzer - INFO - -> Analizzando versione 4.19.1-alpha.1 (266/3696)...
2025-11-12 09:47:29,672 - UnicodeAnalyzer - INFO - Filtrati 3 file (es. in /dist, /test).
2025-11-12 09:47:29,672 - UnicodeAnalyzer - INFO - -> Analizzando versione 4.19.1-alpha.10 (267/3696)...
2025-11-12 09:47:29,672 - UnicodeAnalyzer - INFO - Filtrati 3 file (es. in /dist, /test).
2025-11-12 09:47:29,672 - UnicodeAnalyzer - INFO - -> Analizzando versione 4.19.1-alpha.12 (268/3696)...
2025-11-12 09:47:29,673 - UnicodeAnalyzer - INFO - Filtrati 3 file (es. in /dist, /test).
2025-11-12 09:47:29,673 - UnicodeAnalyzer - INFO - -> Analizzando versione 4.19.1-alpha.2 (269/3696)...
2025-11-12 09:47:29,673 - UnicodeAnalyzer - INFO - Filtrati 3 file (es. in /dist, /test).
2025-11-12 09:47:29,673 - UnicodeAnalyzer - INFO - -> Analizzando versione 4.19.1-alpha.3 (270/3696)...
2025-11-12 09:47:29,673 - UnicodeAnalyzer - INFO - Filtrati 3 file (es. in /dist, /test).
2025-11-12 09:47:29,673 - UnicodeAnalyzer - INFO - -> Analizzando versione 4.19.1-alpha.4 (271/3696)...
2025-11-12 09:47:29,673 - UnicodeAnalyzer - INFO - Filtrati 3 file (es. in /dist, /test).
2025-11-12 09:47:29,673 - UnicodeAnalyzer - INFO - -> Analizzando versione 4.19.1-alpha.5 (272/3696)...
2025-11-12 09:47:29,674 - UnicodeAnalyzer - INFO - Filtrati 3 file (es. in /dist, /test).
2025-11-12 09:47:29,674 - UnicodeAnalyzer - INFO - -> Analizzando versione 4.19.1-alpha.6 (273/3696)...
2025-11-12 09:47:29,674 - UnicodeAnalyzer - INFO - Filtrati 3 file (es. in /dist, /test).
2025-11-12 09:47:29,674 - UnicodeAnalyzer - INFO - -> Analizzando versione 4.19.1-alpha.7 (274/3696)...
2025-11-12 09:47:29,674 - UnicodeAnalyzer - INFO - Filtrati 3 file (es. in /dist, /test).
2025-11-12 09:47:29,674 - UnicodeAnalyzer - INFO - -> Analizzando versione 4.19.1-alpha.8 (275/3696)...
2025-11-12 09:47:29,675 - UnicodeAnalyzer - INFO - Filtrati 3 file (es. in /dist, /test).
2025-11-12 09:47:29,675 - UnicodeAnalyzer - INFO - -> Analizzando versione 4.19.1-alpha.9 (276/3696)...
2025-11-12 09:47:29,675 - UnicodeAnalyzer - INFO - Filtrati 3 file (es. in /dist, /test).
2025-11-12 09:47:29,675 - UnicodeAnalyzer - INFO - -> Analizzando versione 4.2.0 (277/3696)...
2025-11-12 09:47:29,675 - UnicodeAnalyzer - INFO - Filtrati 3 file (es. in /dist, /test).
2025-11-12 09:47:29,675 - UnicodeAnalyzer - INFO - -> Analizzando versione 4.2.1-alpha.0 (278/3696)...
2025-11-12 09:47:29,675 - UnicodeAnalyzer - INFO - Filtrati 3 file (es. in /dist, /test).
2025-11-12 09:47:29,675 - UnicodeAnalyzer - INFO - -> Analizzando versione 4.2.1-alpha.1 (279/3696)...
2025-11-12 09:47:29,676 - UnicodeAnalyzer - INFO - Filtrati 3 file (es. in /dist, /test).
2025-11-12 09:47:29,676 - UnicodeAnalyzer - INFO - -> Analizzando versione 4.2.1-alpha.2 (280/3696)...
2025-11-12 09:47:29,676 - UnicodeAnalyzer - INFO - Filtrati 3 file (es. in /dist, /test).
2025-11-12 09:47:29,676 - UnicodeAnalyzer - INFO - -> Analizzando versione 4.2.1-alpha.3 (281/3696)...
2025-11-12 09:47:29,676 - UnicodeAnalyzer - INFO - Filtrati 3 file (es. in /dist, /test).
2025-11-12 09:47:29,676 - UnicodeAnalyzer - INFO - -> Analizzando versione 4.2.1-alpha.4 (282/3696)...
2025-11-12 09:47:29,677 - UnicodeAnalyzer - INFO - Filtrati 3 file (es. in /dist, /test).
2025-11-12 09:47:29,677 - UnicodeAnalyzer - INFO - -> Analizzando versione 4.2.1-alpha.5 (283/3696)...
2025-11-12 09:47:29,677 - UnicodeAnalyzer - INFO - Filtrati 3 file (es. in /dist, /test).
2025-11-12 09:47:29,677 - UnicodeAnalyzer - INFO - -> Analizzando versione 4.2.1-alpha.6 (284/3696)...
2025-11-12 09:47:29,677 - UnicodeAnalyzer - INFO - Filtrati 3 file (es. in /dist, /test).
2025-11-12 09:47:29,677 - UnicodeAnalyzer - INFO - -> Analizzando versione 4.20.0 (285/3696)...
2025-11-12 09:47:29,678 - UnicodeAnalyzer - INFO - Filtrati 3 file (es. in /dist, /test).
2025-11-12 09:47:29,678 - UnicodeAnalyzer - INFO - -> Analizzando versione 4.20.1-alpha.0 (286/3696)...
2025-11-12 09:47:29,678 - UnicodeAnalyzer - INFO - Filtrati 3 file (es. in /dist, /test).
2025-11-12 09:47:29,678 - UnicodeAnalyzer - INFO - -> Analizzando versione 4.20.1-alpha.1 (287/3696)...
2025-11-12 09:47:29,678 - UnicodeAnalyzer - INFO - Filtrati 3 file (es. in /dist, /test).
2025-11-12 09:47:29,678 - UnicodeAnalyzer - INFO - -> Analizzando versione 4.20.1-alpha.10 (288/3696)...
2025-11-12 09:47:29,679 - UnicodeAnalyzer - INFO - Filtrati 3 file (es. in /dist, /test).
2025-11-12 09:47:29,679 - UnicodeAnalyzer - INFO - -> Analizzando versione 4.20.1-alpha.11 (289/3696)...
2025-11-12 09:47:29,679 - UnicodeAnalyzer - INFO - Filtrati 3 file (es. in /dist, /test).
2025-11-12 09:47:29,679 - UnicodeAnalyzer - INFO - -> Analizzando versione 4.20.1-alpha.12 (290/3696)...
2025-11-12 09:47:29,679 - UnicodeAnalyzer - INFO - Filtrati 3 file (es. in /dist, /test).
2025-11-12 09:47:29,679 - UnicodeAnalyzer - INFO - -> Analizzando versione 4.20.1-alpha.2 (291/3696)...
2025-11-12 09:47:29,680 - UnicodeAnalyzer - INFO - Filtrati 3 file (es. in /dist, /test).
2025-11-12 09:47:29,680 - UnicodeAnalyzer - INFO - -> Analizzando versione 4.20.1-alpha.3 (292/3696)...
2025-11-12 09:47:29,680 - UnicodeAnalyzer - INFO - Filtrati 3 file (es. in /dist, /test).
2025-11-12 09:47:29,680 - UnicodeAnalyzer - INFO - -> Analizzando versione 4.20.1-alpha.4 (293/3696)...
2025-11-12 09:47:29,680 - UnicodeAnalyzer - INFO - Filtrati 3 file (es. in /dist, /test).
2025-11-12 09:47:29,680 - UnicodeAnalyzer - INFO - -> Analizzando versione 4.20.1-alpha.5 (294/3696)...
2025-11-12 09:47:29,681 - UnicodeAnalyzer - INFO - Filtrati 3 file (es. in /dist, /test).
2025-11-12 09:47:29,681 - UnicodeAnalyzer - INFO - -> Analizzando versione 4.20.1-alpha.6 (295/3696)...
2025-11-12 09:47:29,681 - UnicodeAnalyzer - INFO - Filtrati 3 file (es. in /dist, /test).
2025-11-12 09:47:29,681 - UnicodeAnalyzer - INFO - -> Analizzando versione 4.20.1-alpha.7 (296/3696)...
2025-11-12 09:47:29,681 - UnicodeAnalyzer - INFO - Filtrati 3 file (es. in /dist, /test).
2025-11-12 09:47:29,681 - UnicodeAnalyzer - INFO - -> Analizzando versione 4.20.1-alpha.8 (297/3696)...
2025-11-12 09:47:29,682 - UnicodeAnalyzer - INFO - Filtrati 3 file (es. in /dist, /test).
2025-11-12 09:47:29,682 - UnicodeAnalyzer - INFO - -> Analizzando versione 4.20.1-alpha.9 (298/3696)...
2025-11-12 09:47:29,682 - UnicodeAnalyzer - INFO - Filtrati 3 file (es. in /dist, /test).
2025-11-12 09:47:29,682 - UnicodeAnalyzer - INFO - -> Analizzando versione 4.21.0 (299/3696)...
2025-11-12 09:47:29,682 - UnicodeAnalyzer - INFO - Filtrati 3 file (es. in /dist, /test).
2025-11-12 09:47:29,682 - UnicodeAnalyzer - INFO - -> Analizzando versione 4.21.1-alpha.0 (300/3696)...
2025-11-12 09:47:29,683 - UnicodeAnalyzer - INFO - Filtrati 3 file (es. in /dist, /test).
2025-11-12 09:47:29,683 - UnicodeAnalyzer - INFO - -> Analizzando versione 4.21.1-alpha.1 (301/3696)...
2025-11-12 09:47:29,683 - UnicodeAnalyzer - INFO - Filtrati 3 file (es. in /dist, /test).
2025-11-12 09:47:29,683 - UnicodeAnalyzer - INFO - -> Analizzando versione 4.21.1-alpha.10 (302/3696)...
2025-11-12 09:47:29,683 - UnicodeAnalyzer - INFO - Filtrati 3 file (es. in /dist, /test).
2025-11-12 09:47:29,683 - UnicodeAnalyzer - INFO - -> Analizzando versione 4.21.1-alpha.2 (303/3696)...
2025-11-12 09:47:29,684 - UnicodeAnalyzer - INFO - Filtrati 3 file (es. in /dist, /test).
2025-11-12 09:47:29,684 - UnicodeAnalyzer - INFO - -> Analizzando versione 4.21.1-alpha.3 (304/3696)...
2025-11-12 09:47:29,684 - UnicodeAnalyzer - INFO - Filtrati 3 file (es. in /dist, /test).
2025-11-12 09:47:29,684 - UnicodeAnalyzer - INFO - -> Analizzando versione 4.21.1-alpha.4 (305/3696)...
2025-11-12 09:47:29,684 - UnicodeAnalyzer - INFO - Filtrati 3 file (es. in /dist, /test).
2025-11-12 09:47:29,684 - UnicodeAnalyzer - INFO - -> Analizzando versione 4.21.1-alpha.5 (306/3696)...
2025-11-12 09:47:29,685 - UnicodeAnalyzer - INFO - Filtrati 3 file (es. in /dist, /test).
2025-11-12 09:47:29,685 - UnicodeAnalyzer - INFO - -> Analizzando versione 4.21.1-alpha.6 (307/3696)...
2025-11-12 09:47:29,685 - UnicodeAnalyzer - INFO - Filtrati 3 file (es. in /dist, /test).
2025-11-12 09:47:29,685 - UnicodeAnalyzer - INFO - -> Analizzando versione 4.21.1-alpha.7 (308/3696)...
2025-11-12 09:47:29,685 - UnicodeAnalyzer - INFO - Filtrati 3 file (es. in /dist, /test).
2025-11-12 09:47:29,685 - UnicodeAnalyzer - INFO - -> Analizzando versione 4.21.1-alpha.8 (309/3696)...
2025-11-12 09:47:29,686 - UnicodeAnalyzer - INFO - Filtrati 3 file (es. in /dist, /test).
2025-11-12 09:47:29,686 - UnicodeAnalyzer - INFO - -> Analizzando versione 4.21.1-alpha.9 (310/3696)...
2025-11-12 09:47:29,686 - UnicodeAnalyzer - INFO - Filtrati 3 file (es. in /dist, /test).
2025-11-12 09:47:29,686 - UnicodeAnalyzer - INFO - -> Analizzando versione 4.22.0 (311/3696)...
2025-11-12 09:47:29,686 - UnicodeAnalyzer - INFO - Filtrati 3 file (es. in /dist, /test).
2025-11-12 09:47:29,686 - UnicodeAnalyzer - INFO - -> Analizzando versione 4.22.1 (312/3696)...
2025-11-12 09:47:29,687 - UnicodeAnalyzer - INFO - Filtrati 3 file (es. in /dist, /test).
2025-11-12 09:47:29,687 - UnicodeAnalyzer - INFO - -> Analizzando versione 4.22.1-alpha.0 (313/3696)...
2025-11-12 09:47:29,687 - UnicodeAnalyzer - INFO - Filtrati 3 file (es. in /dist, /test).
2025-11-12 09:47:29,687 - UnicodeAnalyzer - INFO - -> Analizzando versione 4.22.1-alpha.1 (314/3696)...
2025-11-12 09:47:29,687 - UnicodeAnalyzer - INFO - Filtrati 3 file (es. in /dist, /test).
2025-11-12 09:47:29,687 - UnicodeAnalyzer - INFO - -> Analizzando versione 4.22.1-alpha.10 (315/3696)...
2025-11-12 09:47:29,688 - UnicodeAnalyzer - INFO - Filtrati 3 file (es. in /dist, /test).
2025-11-12 09:47:29,688 - UnicodeAnalyzer - INFO - -> Analizzando versione 4.22.1-alpha.11 (316/3696)...
2025-11-12 09:47:29,688 - UnicodeAnalyzer - INFO - Filtrati 3 file (es. in /dist, /test).
2025-11-12 09:47:29,688 - UnicodeAnalyzer - INFO - -> Analizzando versione 4.22.1-alpha.12 (317/3696)...
2025-11-12 09:47:29,688 - UnicodeAnalyzer - INFO - Filtrati 3 file (es. in /dist, /test).
2025-11-12 09:47:29,688 - UnicodeAnalyzer - INFO - -> Analizzando versione 4.22.1-alpha.13 (318/3696)...
2025-11-12 09:47:29,689 - UnicodeAnalyzer - INFO - Filtrati 3 file (es. in /dist, /test).
2025-11-12 09:47:29,689 - UnicodeAnalyzer - INFO - -> Analizzando versione 4.22.1-alpha.2 (319/3696)...
2025-11-12 09:47:29,689 - UnicodeAnalyzer - INFO - Filtrati 3 file (es. in /dist, /test).
2025-11-12 09:47:29,689 - UnicodeAnalyzer - INFO - -> Analizzando versione 4.22.1-alpha.3 (320/3696)...
2025-11-12 09:47:29,689 - UnicodeAnalyzer - INFO - Filtrati 3 file (es. in /dist, /test).
2025-11-12 09:47:29,689 - UnicodeAnalyzer - INFO - -> Analizzando versione 4.22.1-alpha.4 (321/3696)...
2025-11-12 09:47:29,689 - UnicodeAnalyzer - INFO - Filtrati 3 file (es. in /dist, /test).
2025-11-12 09:47:29,690 - UnicodeAnalyzer - INFO - -> Analizzando versione 4.22.1-alpha.5 (322/3696)...
2025-11-12 09:47:29,690 - UnicodeAnalyzer - INFO - Filtrati 3 file (es. in /dist, /test).
2025-11-12 09:47:29,690 - UnicodeAnalyzer - INFO - -> Analizzando versione 4.22.1-alpha.6 (323/3696)...
2025-11-12 09:47:29,690 - UnicodeAnalyzer - INFO - Filtrati 3 file (es. in /dist, /test).
2025-11-12 09:47:29,690 - UnicodeAnalyzer - INFO - -> Analizzando versione 4.22.1-alpha.8 (324/3696)...
2025-11-12 09:47:29,690 - UnicodeAnalyzer - INFO - Filtrati 3 file (es. in /dist, /test).
2025-11-12 09:47:29,690 - UnicodeAnalyzer - INFO - -> Analizzando versione 4.22.1-alpha.9 (325/3696)...
2025-11-12 09:47:29,691 - UnicodeAnalyzer - INFO - Filtrati 3 file (es. in /dist, /test).
2025-11-12 09:47:29,691 - UnicodeAnalyzer - INFO - -> Analizzando versione 4.22.2-alpha.0 (326/3696)...
2025-11-12 09:47:29,691 - UnicodeAnalyzer - INFO - Filtrati 3 file (es. in /dist, /test).
2025-11-12 09:47:29,691 - UnicodeAnalyzer - INFO - -> Analizzando versione 4.22.2-alpha.1 (327/3696)...
2025-11-12 09:47:29,691 - UnicodeAnalyzer - INFO - Filtrati 3 file (es. in /dist, /test).
2025-11-12 09:47:29,691 - UnicodeAnalyzer - INFO - -> Analizzando versione 4.22.2-alpha.2 (328/3696)...
2025-11-12 09:47:29,692 - UnicodeAnalyzer - INFO - Filtrati 3 file (es. in /dist, /test).
2025-11-12 09:47:29,692 - UnicodeAnalyzer - INFO - -> Analizzando versione 4.22.2-alpha.3 (329/3696)...
2025-11-12 09:47:29,692 - UnicodeAnalyzer - INFO - Filtrati 3 file (es. in /dist, /test).
2025-11-12 09:47:29,692 - UnicodeAnalyzer - INFO - -> Analizzando versione 4.22.2-alpha.4 (330/3696)...
2025-11-12 09:47:29,692 - UnicodeAnalyzer - INFO - Filtrati 3 file (es. in /dist, /test).
2025-11-12 09:47:29,692 - UnicodeAnalyzer - INFO - -> Analizzando versione 4.22.2-alpha.5 (331/3696)...
2025-11-12 09:47:29,693 - UnicodeAnalyzer - INFO - Filtrati 3 file (es. in /dist, /test).
2025-11-12 09:47:29,693 - UnicodeAnalyzer - INFO - -> Analizzando versione 4.22.2-alpha.6 (332/3696)...
2025-11-12 09:47:29,693 - UnicodeAnalyzer - INFO - Filtrati 3 file (es. in /dist, /test).
2025-11-12 09:47:29,693 - UnicodeAnalyzer - INFO - -> Analizzando versione 4.22.2-alpha.7 (333/3696)...
2025-11-12 09:47:29,693 - UnicodeAnalyzer - INFO - Filtrati 3 file (es. in /dist, /test).
2025-11-12 09:47:29,693 - UnicodeAnalyzer - INFO - -> Analizzando versione 4.22.2-alpha.8 (334/3696)...
2025-11-12 09:47:29,694 - UnicodeAnalyzer - INFO - Filtrati 3 file (es. in /dist, /test).
2025-11-12 09:47:29,694 - UnicodeAnalyzer - INFO - -> Analizzando versione 4.22.2-alpha.9 (335/3696)...
2025-11-12 09:47:29,694 - UnicodeAnalyzer - INFO - Filtrati 3 file (es. in /dist, /test).
2025-11-12 09:47:29,694 - UnicodeAnalyzer - INFO - -> Analizzando versione 4.23.0 (336/3696)...
2025-11-12 09:47:29,694 - UnicodeAnalyzer - INFO - Filtrati 3 file (es. in /dist, /test).
2025-11-12 09:47:29,694 - UnicodeAnalyzer - INFO - -> Analizzando versione 4.23.1-alpha.0 (337/3696)...
2025-11-12 09:47:29,695 - UnicodeAnalyzer - INFO - Filtrati 3 file (es. in /dist, /test).
2025-11-12 09:47:29,695 - UnicodeAnalyzer - INFO - -> Analizzando versione 4.23.1-alpha.1 (338/3696)...
2025-11-12 09:47:29,695 - UnicodeAnalyzer - INFO - Filtrati 3 file (es. in /dist, /test).
2025-11-12 09:47:29,695 - UnicodeAnalyzer - INFO - -> Analizzando versione 4.23.1-alpha.11 (339/3696)...
2025-11-12 09:47:29,695 - UnicodeAnalyzer - INFO - Filtrati 3 file (es. in /dist, /test).
2025-11-12 09:47:29,695 - UnicodeAnalyzer - INFO - -> Analizzando versione 4.23.1-alpha.12 (340/3696)...
2025-11-12 09:47:29,696 - UnicodeAnalyzer - INFO - Filtrati 3 file (es. in /dist, /test).
2025-11-12 09:47:29,696 - UnicodeAnalyzer - INFO - -> Analizzando versione 4.23.1-alpha.13 (341/3696)...
2025-11-12 09:47:29,696 - UnicodeAnalyzer - INFO - Filtrati 3 file (es. in /dist, /test).
2025-11-12 09:47:29,696 - UnicodeAnalyzer - INFO - -> Analizzando versione 4.23.1-alpha.14 (342/3696)...
2025-11-12 09:47:29,696 - UnicodeAnalyzer - INFO - Filtrati 3 file (es. in /dist, /test).
2025-11-12 09:47:29,696 - UnicodeAnalyzer - INFO - -> Analizzando versione 4.23.1-alpha.2 (343/3696)...
2025-11-12 09:47:29,697 - UnicodeAnalyzer - INFO - Filtrati 3 file (es. in /dist, /test).
2025-11-12 09:47:29,697 - UnicodeAnalyzer - INFO - -> Analizzando versione 4.23.1-alpha.3 (344/3696)...
2025-11-12 09:47:29,697 - UnicodeAnalyzer - INFO - Filtrati 3 file (es. in /dist, /test).
2025-11-12 09:47:29,697 - UnicodeAnalyzer - INFO - -> Analizzando versione 4.23.1-alpha.4 (345/3696)...
2025-11-12 09:47:29,697 - UnicodeAnalyzer - INFO - Filtrati 3 file (es. in /dist, /test).
2025-11-12 09:47:29,697 - UnicodeAnalyzer - INFO - -> Analizzando versione 4.23.1-alpha.5 (346/3696)...
2025-11-12 09:47:29,698 - UnicodeAnalyzer - INFO - Filtrati 3 file (es. in /dist, /test).
2025-11-12 09:47:29,698 - UnicodeAnalyzer - INFO - -> Analizzando versione 4.23.1-alpha.6 (347/3696)...
2025-11-12 09:47:29,698 - UnicodeAnalyzer - INFO - Filtrati 3 file (es. in /dist, /test).
2025-11-12 09:47:29,698 - UnicodeAnalyzer - INFO - -> Analizzando versione 4.23.1-alpha.7 (348/3696)...
2025-11-12 09:47:29,698 - UnicodeAnalyzer - INFO - Filtrati 3 file (es. in /dist, /test).
2025-11-12 09:47:29,698 - UnicodeAnalyzer - INFO - -> Analizzando versione 4.23.1-alpha.8 (349/3696)...
2025-11-12 09:47:29,699 - UnicodeAnalyzer - INFO - Filtrati 3 file (es. in /dist, /test).
2025-11-12 09:47:29,699 - UnicodeAnalyzer - INFO - -> Analizzando versione 4.23.1-alpha.9 (350/3696)...
2025-11-12 09:47:29,699 - UnicodeAnalyzer - INFO - Filtrati 3 file (es. in /dist, /test).
2025-11-12 09:47:29,699 - UnicodeAnalyzer - INFO - -> Analizzando versione 4.24.0 (351/3696)...
2025-11-12 09:47:29,699 - UnicodeAnalyzer - INFO - Filtrati 3 file (es. in /dist, /test).
2025-11-12 09:47:29,699 - UnicodeAnalyzer - INFO - -> Analizzando versione 4.24.1-alpha.0 (352/3696)...
2025-11-12 09:47:29,700 - UnicodeAnalyzer - INFO - Filtrati 3 file (es. in /dist, /test).
2025-11-12 09:47:29,700 - UnicodeAnalyzer - INFO - -> Analizzando versione 4.24.1-alpha.1 (353/3696)...
2025-11-12 09:47:29,700 - UnicodeAnalyzer - INFO - Filtrati 3 file (es. in /dist, /test).
2025-11-12 09:47:29,700 - UnicodeAnalyzer - INFO - -> Analizzando versione 4.24.1-alpha.10 (354/3696)...
2025-11-12 09:47:29,700 - UnicodeAnalyzer - INFO - Filtrati 3 file (es. in /dist, /test).
2025-11-12 09:47:29,700 - UnicodeAnalyzer - INFO - -> Analizzando versione 4.24.1-alpha.11 (355/3696)...
2025-11-12 09:47:29,700 - UnicodeAnalyzer - INFO - Filtrati 3 file (es. in /dist, /test).
2025-11-12 09:47:29,701 - UnicodeAnalyzer - INFO - -> Analizzando versione 4.24.1-alpha.12 (356/3696)...
2025-11-12 09:47:29,701 - UnicodeAnalyzer - INFO - Filtrati 3 file (es. in /dist, /test).
2025-11-12 09:47:29,701 - UnicodeAnalyzer - INFO - -> Analizzando versione 4.24.1-alpha.13 (357/3696)...
2025-11-12 09:47:29,701 - UnicodeAnalyzer - INFO - Filtrati 3 file (es. in /dist, /test).
2025-11-12 09:47:29,701 - UnicodeAnalyzer - INFO - -> Analizzando versione 4.24.1-alpha.14 (358/3696)...
2025-11-12 09:47:29,701 - UnicodeAnalyzer - INFO - Filtrati 3 file (es. in /dist, /test).
2025-11-12 09:47:29,701 - UnicodeAnalyzer - INFO - -> Analizzando versione 4.24.1-alpha.16 (359/3696)...
2025-11-12 09:47:29,702 - UnicodeAnalyzer - INFO - Filtrati 3 file (es. in /dist, /test).
2025-11-12 09:47:29,702 - UnicodeAnalyzer - INFO - -> Analizzando versione 4.24.1-alpha.17 (360/3696)...
2025-11-12 09:47:29,702 - UnicodeAnalyzer - INFO - Filtrati 3 file (es. in /dist, /test).
2025-11-12 09:47:29,702 - UnicodeAnalyzer - INFO - -> Analizzando versione 4.24.1-alpha.2 (361/3696)...
2025-11-12 09:47:29,702 - UnicodeAnalyzer - INFO - Filtrati 3 file (es. in /dist, /test).
2025-11-12 09:47:29,702 - UnicodeAnalyzer - INFO - -> Analizzando versione 4.24.1-alpha.3 (362/3696)...
2025-11-12 09:47:29,703 - UnicodeAnalyzer - INFO - Filtrati 3 file (es. in /dist, /test).
2025-11-12 09:47:29,703 - UnicodeAnalyzer - INFO - -> Analizzando versione 4.24.1-alpha.5 (363/3696)...
2025-11-12 09:47:29,703 - UnicodeAnalyzer - INFO - Filtrati 3 file (es. in /dist, /test).
2025-11-12 09:47:29,703 - UnicodeAnalyzer - INFO - -> Analizzando versione 4.24.1-alpha.6 (364/3696)...
2025-11-12 09:47:29,703 - UnicodeAnalyzer - INFO - Filtrati 3 file (es. in /dist, /test).
2025-11-12 09:47:29,703 - UnicodeAnalyzer - INFO - -> Analizzando versione 4.24.1-alpha.7 (365/3696)...
2025-11-12 09:47:29,704 - UnicodeAnalyzer - INFO - Filtrati 3 file (es. in /dist, /test).
2025-11-12 09:47:29,704 - UnicodeAnalyzer - INFO - -> Analizzando versione 4.24.1-alpha.8 (366/3696)...
2025-11-12 09:47:29,704 - UnicodeAnalyzer - INFO - Filtrati 3 file (es. in /dist, /test).
2025-11-12 09:47:29,704 - UnicodeAnalyzer - INFO - -> Analizzando versione 4.24.1-alpha.9 (367/3696)...
2025-11-12 09:47:29,704 - UnicodeAnalyzer - INFO - Filtrati 3 file (es. in /dist, /test).
2025-11-12 09:47:29,704 - UnicodeAnalyzer - INFO - -> Analizzando versione 4.25.0 (368/3696)...
2025-11-12 09:47:29,705 - UnicodeAnalyzer - INFO - Filtrati 3 file (es. in /dist, /test).
2025-11-12 09:47:29,705 - UnicodeAnalyzer - INFO - -> Analizzando versione 4.25.1-alpha.0 (369/3696)...
2025-11-12 09:47:29,705 - UnicodeAnalyzer - INFO - Filtrati 3 file (es. in /dist, /test).
2025-11-12 09:47:29,705 - UnicodeAnalyzer - INFO - -> Analizzando versione 4.25.1-alpha.1 (370/3696)...
2025-11-12 09:47:29,705 - UnicodeAnalyzer - INFO - Filtrati 3 file (es. in /dist, /test).
2025-11-12 09:47:29,705 - UnicodeAnalyzer - INFO - -> Analizzando versione 4.25.1-alpha.10 (371/3696)...
2025-11-12 09:47:29,706 - UnicodeAnalyzer - INFO - Filtrati 3 file (es. in /dist, /test).
2025-11-12 09:47:29,706 - UnicodeAnalyzer - INFO - -> Analizzando versione 4.25.1-alpha.11 (372/3696)...
2025-11-12 09:47:29,706 - UnicodeAnalyzer - INFO - Filtrati 3 file (es. in /dist, /test).
2025-11-12 09:47:29,706 - UnicodeAnalyzer - INFO - -> Analizzando versione 4.25.1-alpha.12 (373/3696)...
2025-11-12 09:47:29,706 - UnicodeAnalyzer - INFO - Filtrati 3 file (es. in /dist, /test).
2025-11-12 09:47:29,706 - UnicodeAnalyzer - INFO - -> Analizzando versione 4.25.1-alpha.13 (374/3696)...
2025-11-12 09:47:29,706 - UnicodeAnalyzer - INFO - Filtrati 3 file (es. in /dist, /test).
2025-11-12 09:47:29,707 - UnicodeAnalyzer - INFO - -> Analizzando versione 4.25.1-alpha.14 (375/3696)...
2025-11-12 09:47:29,707 - UnicodeAnalyzer - INFO - Filtrati 3 file (es. in /dist, /test).
2025-11-12 09:47:29,707 - UnicodeAnalyzer - INFO - -> Analizzando versione 4.25.1-alpha.15 (376/3696)...
2025-11-12 09:47:29,707 - UnicodeAnalyzer - INFO - Filtrati 3 file (es. in /dist, /test).
2025-11-12 09:47:29,707 - UnicodeAnalyzer - INFO - -> Analizzando versione 4.25.1-alpha.16 (377/3696)...
2025-11-12 09:47:29,707 - UnicodeAnalyzer - INFO - Filtrati 3 file (es. in /dist, /test).
2025-11-12 09:47:29,708 - UnicodeAnalyzer - INFO - -> Analizzando versione 4.25.1-alpha.17 (378/3696)...
2025-11-12 09:47:29,708 - UnicodeAnalyzer - INFO - Filtrati 3 file (es. in /dist, /test).
2025-11-12 09:47:29,708 - UnicodeAnalyzer - INFO - -> Analizzando versione 4.25.1-alpha.18 (379/3696)...
2025-11-12 09:47:29,708 - UnicodeAnalyzer - INFO - Filtrati 3 file (es. in /dist, /test).
2025-11-12 09:47:29,708 - UnicodeAnalyzer - INFO - -> Analizzando versione 4.25.1-alpha.19 (380/3696)...
2025-11-12 09:47:29,708 - UnicodeAnalyzer - INFO - Filtrati 3 file (es. in /dist, /test).
2025-11-12 09:47:29,708 - UnicodeAnalyzer - INFO - -> Analizzando versione 4.25.1-alpha.2 (381/3696)...
2025-11-12 09:47:29,709 - UnicodeAnalyzer - INFO - Filtrati 3 file (es. in /dist, /test).
2025-11-12 09:47:29,709 - UnicodeAnalyzer - INFO - -> Analizzando versione 4.25.1-alpha.20 (382/3696)...
2025-11-12 09:47:29,709 - UnicodeAnalyzer - INFO - Filtrati 3 file (es. in /dist, /test).
2025-11-12 09:47:29,709 - UnicodeAnalyzer - INFO - -> Analizzando versione 4.25.1-alpha.21 (383/3696)...
2025-11-12 09:47:29,709 - UnicodeAnalyzer - INFO - Filtrati 3 file (es. in /dist, /test).
2025-11-12 09:47:29,709 - UnicodeAnalyzer - INFO - -> Analizzando versione 4.25.1-alpha.23 (384/3696)...
2025-11-12 09:47:29,710 - UnicodeAnalyzer - INFO - Filtrati 3 file (es. in /dist, /test).
2025-11-12 09:47:29,710 - UnicodeAnalyzer - INFO - -> Analizzando versione 4.25.1-alpha.24 (385/3696)...
2025-11-12 09:47:29,710 - UnicodeAnalyzer - INFO - Filtrati 3 file (es. in /dist, /test).
2025-11-12 09:47:29,710 - UnicodeAnalyzer - INFO - -> Analizzando versione 4.25.1-alpha.3 (386/3696)...
2025-11-12 09:47:29,710 - UnicodeAnalyzer - INFO - Filtrati 3 file (es. in /dist, /test).
2025-11-12 09:47:29,710 - UnicodeAnalyzer - INFO - -> Analizzando versione 4.25.1-alpha.4 (387/3696)...
2025-11-12 09:47:29,711 - UnicodeAnalyzer - INFO - Filtrati 3 file (es. in /dist, /test).
2025-11-12 09:47:29,711 - UnicodeAnalyzer - INFO - -> Analizzando versione 4.25.1-alpha.5 (388/3696)...
2025-11-12 09:47:29,711 - UnicodeAnalyzer - INFO - Filtrati 3 file (es. in /dist, /test).
2025-11-12 09:47:29,711 - UnicodeAnalyzer - INFO - -> Analizzando versione 4.25.1-alpha.6 (389/3696)...
2025-11-12 09:47:29,711 - UnicodeAnalyzer - INFO - Filtrati 3 file (es. in /dist, /test).
2025-11-12 09:47:29,711 - UnicodeAnalyzer - INFO - -> Analizzando versione 4.25.1-alpha.7 (390/3696)...
2025-11-12 09:47:29,712 - UnicodeAnalyzer - INFO - Filtrati 3 file (es. in /dist, /test).
2025-11-12 09:47:29,712 - UnicodeAnalyzer - INFO - -> Analizzando versione 4.25.1-alpha.8 (391/3696)...
2025-11-12 09:47:29,712 - UnicodeAnalyzer - INFO - Filtrati 3 file (es. in /dist, /test).
2025-11-12 09:47:29,712 - UnicodeAnalyzer - INFO - -> Analizzando versione 4.25.1-alpha.9 (392/3696)...
2025-11-12 09:47:29,712 - UnicodeAnalyzer - INFO - Filtrati 3 file (es. in /dist, /test).
2025-11-12 09:47:29,712 - UnicodeAnalyzer - INFO - -> Analizzando versione 4.26.0 (393/3696)...
2025-11-12 09:47:29,713 - UnicodeAnalyzer - INFO - Filtrati 3 file (es. in /dist, /test).
2025-11-12 09:47:29,713 - UnicodeAnalyzer - INFO - -> Analizzando versione 4.26.1 (394/3696)...
2025-11-12 09:47:29,713 - UnicodeAnalyzer - INFO - Filtrati 3 file (es. in /dist, /test).
2025-11-12 09:47:29,713 - UnicodeAnalyzer - INFO - -> Analizzando versione 4.26.1-alpha.0 (395/3696)...
2025-11-12 09:47:29,713 - UnicodeAnalyzer - INFO - Filtrati 3 file (es. in /dist, /test).
2025-11-12 09:47:29,713 - UnicodeAnalyzer - INFO - -> Analizzando versione 4.26.1-alpha.1 (396/3696)...
2025-11-12 09:47:29,714 - UnicodeAnalyzer - INFO - Filtrati 3 file (es. in /dist, /test).
2025-11-12 09:47:29,714 - UnicodeAnalyzer - INFO - -> Analizzando versione 4.26.1-alpha.2 (397/3696)...
2025-11-12 09:47:29,714 - UnicodeAnalyzer - INFO - Filtrati 3 file (es. in /dist, /test).
2025-11-12 09:47:29,714 - UnicodeAnalyzer - INFO - -> Analizzando versione 4.26.2-alpha.0 (398/3696)...
2025-11-12 09:47:29,714 - UnicodeAnalyzer - INFO - Filtrati 3 file (es. in /dist, /test).
2025-11-12 09:47:29,714 - UnicodeAnalyzer - INFO - -> Analizzando versione 4.26.2-alpha.1 (399/3696)...
2025-11-12 09:47:29,715 - UnicodeAnalyzer - INFO - Filtrati 3 file (es. in /dist, /test).
2025-11-12 09:47:29,715 - UnicodeAnalyzer - INFO - -> Analizzando versione 4.26.2-alpha.10 (400/3696)...
2025-11-12 09:47:29,715 - UnicodeAnalyzer - INFO - Filtrati 3 file (es. in /dist, /test).
2025-11-12 09:47:29,715 - UnicodeAnalyzer - INFO - -> Analizzando versione 4.26.2-alpha.11 (401/3696)...
2025-11-12 09:47:29,715 - UnicodeAnalyzer - INFO - Filtrati 3 file (es. in /dist, /test).
2025-11-12 09:47:29,715 - UnicodeAnalyzer - INFO - -> Analizzando versione 4.26.2-alpha.12 (402/3696)...
2025-11-12 09:47:29,716 - UnicodeAnalyzer - INFO - Filtrati 3 file (es. in /dist, /test).
2025-11-12 09:47:29,716 - UnicodeAnalyzer - INFO - -> Analizzando versione 4.26.2-alpha.13 (403/3696)...
2025-11-12 09:47:29,716 - UnicodeAnalyzer - INFO - Filtrati 3 file (es. in /dist, /test).
2025-11-12 09:47:29,716 - UnicodeAnalyzer - INFO - -> Analizzando versione 4.26.2-alpha.14 (404/3696)...
2025-11-12 09:47:29,716 - UnicodeAnalyzer - INFO - Filtrati 3 file (es. in /dist, /test).
2025-11-12 09:47:29,716 - UnicodeAnalyzer - INFO - -> Analizzando versione 4.26.2-alpha.15 (405/3696)...
2025-11-12 09:47:29,717 - UnicodeAnalyzer - INFO - Filtrati 3 file (es. in /dist, /test).
2025-11-12 09:47:29,717 - UnicodeAnalyzer - INFO - -> Analizzando versione 4.26.2-alpha.16 (406/3696)...
2025-11-12 09:47:29,717 - UnicodeAnalyzer - INFO - Filtrati 3 file (es. in /dist, /test).
2025-11-12 09:47:29,717 - UnicodeAnalyzer - INFO - -> Analizzando versione 4.26.2-alpha.17 (407/3696)...
2025-11-12 09:47:29,717 - UnicodeAnalyzer - INFO - Filtrati 3 file (es. in /dist, /test).
2025-11-12 09:47:29,717 - UnicodeAnalyzer - INFO - -> Analizzando versione 4.26.2-alpha.2 (408/3696)...
2025-11-12 09:47:29,718 - UnicodeAnalyzer - INFO - Filtrati 3 file (es. in /dist, /test).
2025-11-12 09:47:29,718 - UnicodeAnalyzer - INFO - -> Analizzando versione 4.26.2-alpha.3 (409/3696)...
2025-11-12 09:47:29,718 - UnicodeAnalyzer - INFO - Filtrati 3 file (es. in /dist, /test).
2025-11-12 09:47:29,718 - UnicodeAnalyzer - INFO - -> Analizzando versione 4.26.2-alpha.4 (410/3696)...
2025-11-12 09:47:29,718 - UnicodeAnalyzer - INFO - Filtrati 3 file (es. in /dist, /test).
2025-11-12 09:47:29,718 - UnicodeAnalyzer - INFO - -> Analizzando versione 4.26.2-alpha.5 (411/3696)...
2025-11-12 09:47:29,718 - UnicodeAnalyzer - INFO - Filtrati 3 file (es. in /dist, /test).
2025-11-12 09:47:29,719 - UnicodeAnalyzer - INFO - -> Analizzando versione 4.26.2-alpha.6 (412/3696)...
2025-11-12 09:47:29,719 - UnicodeAnalyzer - INFO - Filtrati 3 file (es. in /dist, /test).
2025-11-12 09:47:29,719 - UnicodeAnalyzer - INFO - -> Analizzando versione 4.26.2-alpha.7 (413/3696)...
2025-11-12 09:47:29,719 - UnicodeAnalyzer - INFO - Filtrati 3 file (es. in /dist, /test).
2025-11-12 09:47:29,719 - UnicodeAnalyzer - INFO - -> Analizzando versione 4.26.2-alpha.8 (414/3696)...
2025-11-12 09:47:29,719 - UnicodeAnalyzer - INFO - Filtrati 3 file (es. in /dist, /test).
2025-11-12 09:47:29,719 - UnicodeAnalyzer - INFO - -> Analizzando versione 4.26.2-alpha.9 (415/3696)...
2025-11-12 09:47:29,720 - UnicodeAnalyzer - INFO - Filtrati 3 file (es. in /dist, /test).
2025-11-12 09:47:29,720 - UnicodeAnalyzer - INFO - -> Analizzando versione 4.27.0 (416/3696)...
2025-11-12 09:47:29,720 - UnicodeAnalyzer - INFO - Filtrati 3 file (es. in /dist, /test).
2025-11-12 09:47:29,720 - UnicodeAnalyzer - INFO - -> Analizzando versione 4.27.1-alpha.0 (417/3696)...
2025-11-12 09:47:29,720 - UnicodeAnalyzer - INFO - Filtrati 3 file (es. in /dist, /test).
2025-11-12 09:47:29,720 - UnicodeAnalyzer - INFO - -> Analizzando versione 4.27.1-alpha.1 (418/3696)...
2025-11-12 09:47:29,721 - UnicodeAnalyzer - INFO - Filtrati 3 file (es. in /dist, /test).
2025-11-12 09:47:29,721 - UnicodeAnalyzer - INFO - -> Analizzando versione 4.27.1-alpha.10 (419/3696)...
2025-11-12 09:47:29,721 - UnicodeAnalyzer - INFO - Filtrati 3 file (es. in /dist, /test).
2025-11-12 09:47:29,721 - UnicodeAnalyzer - INFO - -> Analizzando versione 4.27.1-alpha.12 (420/3696)...
2025-11-12 09:47:29,721 - UnicodeAnalyzer - INFO - Filtrati 3 file (es. in /dist, /test).
2025-11-12 09:47:29,721 - UnicodeAnalyzer - INFO - -> Analizzando versione 4.27.1-alpha.13 (421/3696)...
2025-11-12 09:47:29,722 - UnicodeAnalyzer - INFO - Filtrati 3 file (es. in /dist, /test).
2025-11-12 09:47:29,722 - UnicodeAnalyzer - INFO - -> Analizzando versione 4.27.1-alpha.14 (422/3696)...
2025-11-12 09:47:29,722 - UnicodeAnalyzer - INFO - Filtrati 3 file (es. in /dist, /test).
2025-11-12 09:47:29,722 - UnicodeAnalyzer - INFO - -> Analizzando versione 4.27.1-alpha.15 (423/3696)...
2025-11-12 09:47:29,722 - UnicodeAnalyzer - INFO - Filtrati 3 file (es. in /dist, /test).
2025-11-12 09:47:29,722 - UnicodeAnalyzer - INFO - -> Analizzando versione 4.27.1-alpha.16 (424/3696)...
2025-11-12 09:47:29,722 - UnicodeAnalyzer - INFO - Filtrati 3 file (es. in /dist, /test).
2025-11-12 09:47:29,722 - UnicodeAnalyzer - INFO - -> Analizzando versione 4.27.1-alpha.17 (425/3696)...
2025-11-12 09:47:29,723 - UnicodeAnalyzer - INFO - Filtrati 3 file (es. in /dist, /test).
2025-11-12 09:47:29,723 - UnicodeAnalyzer - INFO - -> Analizzando versione 4.27.1-alpha.18 (426/3696)...
2025-11-12 09:47:29,723 - UnicodeAnalyzer - INFO - Filtrati 3 file (es. in /dist, /test).
2025-11-12 09:47:29,723 - UnicodeAnalyzer - INFO - -> Analizzando versione 4.27.1-alpha.19 (427/3696)...
2025-11-12 09:47:29,723 - UnicodeAnalyzer - INFO - Filtrati 3 file (es. in /dist, /test).
2025-11-12 09:47:29,723 - UnicodeAnalyzer - INFO - -> Analizzando versione 4.27.1-alpha.2 (428/3696)...
2025-11-12 09:47:29,724 - UnicodeAnalyzer - INFO - Filtrati 3 file (es. in /dist, /test).
2025-11-12 09:47:29,724 - UnicodeAnalyzer - INFO - -> Analizzando versione 4.27.1-alpha.20 (429/3696)...
2025-11-12 09:47:29,724 - UnicodeAnalyzer - INFO - Filtrati 3 file (es. in /dist, /test).
2025-11-12 09:47:29,724 - UnicodeAnalyzer - INFO - -> Analizzando versione 4.27.1-alpha.21 (430/3696)...
2025-11-12 09:47:29,724 - UnicodeAnalyzer - INFO - Filtrati 3 file (es. in /dist, /test).
2025-11-12 09:47:29,724 - UnicodeAnalyzer - INFO - -> Analizzando versione 4.27.1-alpha.22 (431/3696)...
2025-11-12 09:47:29,725 - UnicodeAnalyzer - INFO - Filtrati 3 file (es. in /dist, /test).
2025-11-12 09:47:29,725 - UnicodeAnalyzer - INFO - -> Analizzando versione 4.27.1-alpha.23 (432/3696)...
2025-11-12 09:47:29,725 - UnicodeAnalyzer - INFO - Filtrati 3 file (es. in /dist, /test).
2025-11-12 09:47:29,725 - UnicodeAnalyzer - INFO - -> Analizzando versione 4.27.1-alpha.24 (433/3696)...
2025-11-12 09:47:29,725 - UnicodeAnalyzer - INFO - Filtrati 3 file (es. in /dist, /test).
2025-11-12 09:47:29,725 - UnicodeAnalyzer - INFO - -> Analizzando versione 4.27.1-alpha.4 (434/3696)...
2025-11-12 09:47:29,725 - UnicodeAnalyzer - INFO - Filtrati 3 file (es. in /dist, /test).
2025-11-12 09:47:29,725 - UnicodeAnalyzer - INFO - -> Analizzando versione 4.27.1-alpha.5 (435/3696)...
2025-11-12 09:47:29,726 - UnicodeAnalyzer - INFO - Filtrati 3 file (es. in /dist, /test).
2025-11-12 09:47:29,726 - UnicodeAnalyzer - INFO - -> Analizzando versione 4.27.1-alpha.6 (436/3696)...
2025-11-12 09:47:29,726 - UnicodeAnalyzer - INFO - Filtrati 3 file (es. in /dist, /test).
2025-11-12 09:47:29,726 - UnicodeAnalyzer - INFO - -> Analizzando versione 4.27.1-alpha.7 (437/3696)...
2025-11-12 09:47:29,726 - UnicodeAnalyzer - INFO - Filtrati 3 file (es. in /dist, /test).
2025-11-12 09:47:29,726 - UnicodeAnalyzer - INFO - -> Analizzando versione 4.27.1-alpha.8 (438/3696)...
2025-11-12 09:47:29,727 - UnicodeAnalyzer - INFO - Filtrati 3 file (es. in /dist, /test).
2025-11-12 09:47:29,727 - UnicodeAnalyzer - INFO - -> Analizzando versione 4.27.1-alpha.9 (439/3696)...
2025-11-12 09:47:29,727 - UnicodeAnalyzer - INFO - Filtrati 3 file (es. in /dist, /test).
2025-11-12 09:47:29,727 - UnicodeAnalyzer - INFO - -> Analizzando versione 4.28.0 (440/3696)...
2025-11-12 09:47:29,727 - UnicodeAnalyzer - INFO - Filtrati 3 file (es. in /dist, /test).
2025-11-12 09:47:29,727 - UnicodeAnalyzer - INFO - -> Analizzando versione 4.28.1 (441/3696)...
2025-11-12 09:47:29,728 - UnicodeAnalyzer - INFO - Filtrati 3 file (es. in /dist, /test).
2025-11-12 09:47:29,728 - UnicodeAnalyzer - INFO - -> Analizzando versione 4.28.1-alpha.0 (442/3696)...
2025-11-12 09:47:29,728 - UnicodeAnalyzer - INFO - Filtrati 3 file (es. in /dist, /test).
2025-11-12 09:47:29,728 - UnicodeAnalyzer - INFO - -> Analizzando versione 4.28.2 (443/3696)...
2025-11-12 09:47:29,728 - UnicodeAnalyzer - INFO - Filtrati 3 file (es. in /dist, /test).
2025-11-12 09:47:29,728 - UnicodeAnalyzer - INFO - -> Analizzando versione 4.28.2-alpha.0 (444/3696)...
2025-11-12 09:47:29,728 - UnicodeAnalyzer - INFO - Filtrati 3 file (es. in /dist, /test).
2025-11-12 09:47:29,728 - UnicodeAnalyzer - INFO - -> Analizzando versione 4.28.3 (445/3696)...
2025-11-12 09:47:29,729 - UnicodeAnalyzer - INFO - Filtrati 3 file (es. in /dist, /test).
2025-11-12 09:47:29,729 - UnicodeAnalyzer - INFO - -> Analizzando versione 4.28.3-alpha.0 (446/3696)...
2025-11-12 09:47:29,729 - UnicodeAnalyzer - INFO - Filtrati 3 file (es. in /dist, /test).
2025-11-12 09:47:29,729 - UnicodeAnalyzer - INFO - -> Analizzando versione 4.28.4 (447/3696)...
2025-11-12 09:47:29,729 - UnicodeAnalyzer - INFO - Filtrati 3 file (es. in /dist, /test).
2025-11-12 09:47:29,729 - UnicodeAnalyzer - INFO - -> Analizzando versione 4.28.4-alpha.0 (448/3696)...
2025-11-12 09:47:29,730 - UnicodeAnalyzer - INFO - Filtrati 3 file (es. in /dist, /test).
2025-11-12 09:47:29,730 - UnicodeAnalyzer - INFO - -> Analizzando versione 4.28.5 (449/3696)...
2025-11-12 09:47:29,730 - UnicodeAnalyzer - INFO - Filtrati 3 file (es. in /dist, /test).
2025-11-12 09:47:29,730 - UnicodeAnalyzer - INFO - -> Analizzando versione 4.28.5-alpha.0 (450/3696)...
2025-11-12 09:47:29,730 - UnicodeAnalyzer - INFO - Filtrati 3 file (es. in /dist, /test).
2025-11-12 09:47:29,730 - UnicodeAnalyzer - INFO - -> Analizzando versione 4.28.6-alpha.0 (451/3696)...
2025-11-12 09:47:29,731 - UnicodeAnalyzer - INFO - Filtrati 3 file (es. in /dist, /test).
2025-11-12 09:47:29,731 - UnicodeAnalyzer - INFO - -> Analizzando versione 4.28.6-alpha.10 (452/3696)...
2025-11-12 09:47:29,731 - UnicodeAnalyzer - INFO - Filtrati 3 file (es. in /dist, /test).
2025-11-12 09:47:29,731 - UnicodeAnalyzer - INFO - -> Analizzando versione 4.28.6-alpha.11 (453/3696)...
2025-11-12 09:47:29,731 - UnicodeAnalyzer - INFO - Filtrati 3 file (es. in /dist, /test).
2025-11-12 09:47:29,731 - UnicodeAnalyzer - INFO - -> Analizzando versione 4.28.6-alpha.12 (454/3696)...
2025-11-12 09:47:29,732 - UnicodeAnalyzer - INFO - Filtrati 3 file (es. in /dist, /test).
2025-11-12 09:47:29,732 - UnicodeAnalyzer - INFO - -> Analizzando versione 4.28.6-alpha.13 (455/3696)...
2025-11-12 09:47:29,732 - UnicodeAnalyzer - INFO - Filtrati 3 file (es. in /dist, /test).
2025-11-12 09:47:29,732 - UnicodeAnalyzer - INFO - -> Analizzando versione 4.28.6-alpha.14 (456/3696)...
2025-11-12 09:47:29,732 - UnicodeAnalyzer - INFO - Filtrati 3 file (es. in /dist, /test).
2025-11-12 09:47:29,732 - UnicodeAnalyzer - INFO - -> Analizzando versione 4.28.6-alpha.15 (457/3696)...
2025-11-12 09:47:29,733 - UnicodeAnalyzer - INFO - Filtrati 3 file (es. in /dist, /test).
2025-11-12 09:47:29,733 - UnicodeAnalyzer - INFO - -> Analizzando versione 4.28.6-alpha.16 (458/3696)...
2025-11-12 09:47:29,733 - UnicodeAnalyzer - INFO - Filtrati 3 file (es. in /dist, /test).
2025-11-12 09:47:29,733 - UnicodeAnalyzer - INFO - -> Analizzando versione 4.28.6-alpha.17 (459/3696)...
2025-11-12 09:47:29,733 - UnicodeAnalyzer - INFO - Filtrati 3 file (es. in /dist, /test).
2025-11-12 09:47:29,733 - UnicodeAnalyzer - INFO - -> Analizzando versione 4.28.6-alpha.18 (460/3696)...
2025-11-12 09:47:29,734 - UnicodeAnalyzer - INFO - Filtrati 3 file (es. in /dist, /test).
2025-11-12 09:47:29,734 - UnicodeAnalyzer - INFO - -> Analizzando versione 4.28.6-alpha.19 (461/3696)...
2025-11-12 09:47:29,734 - UnicodeAnalyzer - INFO - Filtrati 3 file (es. in /dist, /test).
2025-11-12 09:47:29,734 - UnicodeAnalyzer - INFO - -> Analizzando versione 4.28.6-alpha.20 (462/3696)...
2025-11-12 09:47:29,734 - UnicodeAnalyzer - INFO - Filtrati 3 file (es. in /dist, /test).
2025-11-12 09:47:29,734 - UnicodeAnalyzer - INFO - -> Analizzando versione 4.28.6-alpha.21 (463/3696)...
2025-11-12 09:47:29,734 - UnicodeAnalyzer - INFO - Filtrati 3 file (es. in /dist, /test).
2025-11-12 09:47:29,735 - UnicodeAnalyzer - INFO - -> Analizzando versione 4.28.6-alpha.22 (464/3696)...
2025-11-12 09:47:29,735 - UnicodeAnalyzer - INFO - Filtrati 3 file (es. in /dist, /test).
2025-11-12 09:47:29,735 - UnicodeAnalyzer - INFO - -> Analizzando versione 4.28.6-alpha.23 (465/3696)...
2025-11-12 09:47:29,735 - UnicodeAnalyzer - INFO - Filtrati 3 file (es. in /dist, /test).
2025-11-12 09:47:29,735 - UnicodeAnalyzer - INFO - -> Analizzando versione 4.28.6-alpha.24 (466/3696)...
2025-11-12 09:47:29,735 - UnicodeAnalyzer - INFO - Filtrati 3 file (es. in /dist, /test).
2025-11-12 09:47:29,736 - UnicodeAnalyzer - INFO - -> Analizzando versione 4.28.6-alpha.25 (467/3696)...
2025-11-12 09:47:29,736 - UnicodeAnalyzer - INFO - Filtrati 3 file (es. in /dist, /test).
2025-11-12 09:47:29,736 - UnicodeAnalyzer - INFO - -> Analizzando versione 4.28.6-alpha.26 (468/3696)...
2025-11-12 09:47:29,736 - UnicodeAnalyzer - INFO - Filtrati 3 file (es. in /dist, /test).
2025-11-12 09:47:29,736 - UnicodeAnalyzer - INFO - -> Analizzando versione 4.28.6-alpha.27 (469/3696)...
2025-11-12 09:47:29,736 - UnicodeAnalyzer - INFO - Filtrati 3 file (es. in /dist, /test).
2025-11-12 09:47:29,736 - UnicodeAnalyzer - INFO - -> Analizzando versione 4.28.6-alpha.28 (470/3696)...
2025-11-12 09:47:29,737 - UnicodeAnalyzer - INFO - Filtrati 3 file (es. in /dist, /test).
2025-11-12 09:47:29,737 - UnicodeAnalyzer - INFO - -> Analizzando versione 4.28.6-alpha.29 (471/3696)...
2025-11-12 09:47:29,737 - UnicodeAnalyzer - INFO - Filtrati 3 file (es. in /dist, /test).
2025-11-12 09:47:29,737 - UnicodeAnalyzer - INFO - -> Analizzando versione 4.28.6-alpha.30 (472/3696)...
2025-11-12 09:47:29,737 - UnicodeAnalyzer - INFO - Filtrati 3 file (es. in /dist, /test).
2025-11-12 09:47:29,737 - UnicodeAnalyzer - INFO - -> Analizzando versione 4.28.6-alpha.31 (473/3696)...
2025-11-12 09:47:29,738 - UnicodeAnalyzer - INFO - Filtrati 3 file (es. in /dist, /test).
2025-11-12 09:47:29,738 - UnicodeAnalyzer - INFO - -> Analizzando versione 4.28.6-alpha.32 (474/3696)...
2025-11-12 09:47:29,738 - UnicodeAnalyzer - INFO - Filtrati 3 file (es. in /dist, /test).
2025-11-12 09:47:29,738 - UnicodeAnalyzer - INFO - -> Analizzando versione 4.28.6-alpha.33 (475/3696)...
2025-11-12 09:47:29,738 - UnicodeAnalyzer - INFO - Filtrati 3 file (es. in /dist, /test).
2025-11-12 09:47:29,738 - UnicodeAnalyzer - INFO - -> Analizzando versione 4.28.6-alpha.34 (476/3696)...
2025-11-12 09:47:29,739 - UnicodeAnalyzer - INFO - Filtrati 3 file (es. in /dist, /test).
2025-11-12 09:47:29,739 - UnicodeAnalyzer - INFO - -> Analizzando versione 4.28.6-alpha.35 (477/3696)...
2025-11-12 09:47:29,739 - UnicodeAnalyzer - INFO - Filtrati 3 file (es. in /dist, /test).
2025-11-12 09:47:29,739 - UnicodeAnalyzer - INFO - -> Analizzando versione 4.28.6-alpha.36 (478/3696)...
2025-11-12 09:47:29,739 - UnicodeAnalyzer - INFO - Filtrati 3 file (es. in /dist, /test).
2025-11-12 09:47:29,739 - UnicodeAnalyzer - INFO - -> Analizzando versione 4.28.6-alpha.37 (479/3696)...
2025-11-12 09:47:29,740 - UnicodeAnalyzer - INFO - Filtrati 3 file (es. in /dist, /test).
2025-11-12 09:47:29,740 - UnicodeAnalyzer - INFO - -> Analizzando versione 4.28.6-alpha.39 (480/3696)...
2025-11-12 09:47:29,740 - UnicodeAnalyzer - INFO - Filtrati 3 file (es. in /dist, /test).
2025-11-12 09:47:29,740 - UnicodeAnalyzer - INFO - -> Analizzando versione 4.28.6-alpha.4 (481/3696)...
2025-11-12 09:47:29,740 - UnicodeAnalyzer - INFO - Filtrati 3 file (es. in /dist, /test).
2025-11-12 09:47:29,740 - UnicodeAnalyzer - INFO - -> Analizzando versione 4.28.6-alpha.40 (482/3696)...
2025-11-12 09:47:29,741 - UnicodeAnalyzer - INFO - Filtrati 3 file (es. in /dist, /test).
2025-11-12 09:47:29,741 - UnicodeAnalyzer - INFO - -> Analizzando versione 4.28.6-alpha.41 (483/3696)...
2025-11-12 09:47:29,741 - UnicodeAnalyzer - INFO - Filtrati 3 file (es. in /dist, /test).
2025-11-12 09:47:29,741 - UnicodeAnalyzer - INFO - -> Analizzando versione 4.28.6-alpha.42 (484/3696)...
2025-11-12 09:47:29,741 - UnicodeAnalyzer - INFO - Filtrati 3 file (es. in /dist, /test).
2025-11-12 09:47:29,741 - UnicodeAnalyzer - INFO - -> Analizzando versione 4.28.6-alpha.44 (485/3696)...
2025-11-12 09:47:29,742 - UnicodeAnalyzer - INFO - Filtrati 3 file (es. in /dist, /test).
2025-11-12 09:47:29,742 - UnicodeAnalyzer - INFO - -> Analizzando versione 4.28.6-alpha.45 (486/3696)...
2025-11-12 09:47:29,742 - UnicodeAnalyzer - INFO - Filtrati 3 file (es. in /dist, /test).
2025-11-12 09:47:29,742 - UnicodeAnalyzer - INFO - -> Analizzando versione 4.28.6-alpha.46 (487/3696)...
2025-11-12 09:47:29,742 - UnicodeAnalyzer - INFO - Filtrati 3 file (es. in /dist, /test).
2025-11-12 09:47:29,742 - UnicodeAnalyzer - INFO - -> Analizzando versione 4.28.6-alpha.47 (488/3696)...
2025-11-12 09:47:29,743 - UnicodeAnalyzer - INFO - Filtrati 3 file (es. in /dist, /test).
2025-11-12 09:47:29,743 - UnicodeAnalyzer - INFO - -> Analizzando versione 4.28.6-alpha.48 (489/3696)...
2025-11-12 09:47:29,743 - UnicodeAnalyzer - INFO - Filtrati 3 file (es. in /dist, /test).
2025-11-12 09:47:29,743 - UnicodeAnalyzer - INFO - -> Analizzando versione 4.28.6-alpha.49 (490/3696)...
2025-11-12 09:47:29,743 - UnicodeAnalyzer - INFO - Filtrati 3 file (es. in /dist, /test).
2025-11-12 09:47:29,743 - UnicodeAnalyzer - INFO - -> Analizzando versione 4.28.6-alpha.5 (491/3696)...
2025-11-12 09:47:29,743 - UnicodeAnalyzer - INFO - Filtrati 3 file (es. in /dist, /test).
2025-11-12 09:47:29,744 - UnicodeAnalyzer - INFO - -> Analizzando versione 4.28.6-alpha.50 (492/3696)...
2025-11-12 09:47:29,744 - UnicodeAnalyzer - INFO - Filtrati 3 file (es. in /dist, /test).
2025-11-12 09:47:29,744 - UnicodeAnalyzer - INFO - -> Analizzando versione 4.28.6-alpha.51 (493/3696)...
2025-11-12 09:47:29,744 - UnicodeAnalyzer - INFO - Filtrati 3 file (es. in /dist, /test).
2025-11-12 09:47:29,744 - UnicodeAnalyzer - INFO - -> Analizzando versione 4.28.6-alpha.52 (494/3696)...
2025-11-12 09:47:29,744 - UnicodeAnalyzer - INFO - Filtrati 3 file (es. in /dist, /test).
2025-11-12 09:47:29,744 - UnicodeAnalyzer - INFO - -> Analizzando versione 4.28.6-alpha.53 (495/3696)...
2025-11-12 09:47:29,745 - UnicodeAnalyzer - INFO - Filtrati 3 file (es. in /dist, /test).
2025-11-12 09:47:29,745 - UnicodeAnalyzer - INFO - -> Analizzando versione 4.28.6-alpha.54 (496/3696)...
2025-11-12 09:47:29,745 - UnicodeAnalyzer - INFO - Filtrati 3 file (es. in /dist, /test).
2025-11-12 09:47:29,745 - UnicodeAnalyzer - INFO - -> Analizzando versione 4.28.6-alpha.55 (497/3696)...
2025-11-12 09:47:29,745 - UnicodeAnalyzer - INFO - Filtrati 3 file (es. in /dist, /test).
2025-11-12 09:47:29,745 - UnicodeAnalyzer - INFO - -> Analizzando versione 4.28.6-alpha.56 (498/3696)...
2025-11-12 09:47:29,746 - UnicodeAnalyzer - INFO - Filtrati 3 file (es. in /dist, /test).
2025-11-12 09:47:29,746 - UnicodeAnalyzer - INFO - -> Analizzando versione 4.28.6-alpha.57 (499/3696)...
2025-11-12 09:47:29,746 - UnicodeAnalyzer - INFO - Filtrati 3 file (es. in /dist, /test).
2025-11-12 09:47:29,746 - UnicodeAnalyzer - INFO - -> Analizzando versione 4.28.6-alpha.6 (500/3696)...
2025-11-12 09:47:29,746 - UnicodeAnalyzer - INFO - Filtrati 3 file (es. in /dist, /test).
2025-11-12 09:47:29,746 - UnicodeAnalyzer - INFO - -> Analizzando versione 4.28.6-alpha.7 (501/3696)...
2025-11-12 09:47:29,746 - UnicodeAnalyzer - INFO - Filtrati 3 file (es. in /dist, /test).
2025-11-12 09:47:29,746 - UnicodeAnalyzer - INFO - -> Analizzando versione 4.28.6-alpha.8 (502/3696)...
2025-11-12 09:47:29,747 - UnicodeAnalyzer - INFO - Filtrati 3 file (es. in /dist, /test).
2025-11-12 09:47:29,747 - UnicodeAnalyzer - INFO - -> Analizzando versione 4.28.6-alpha.9 (503/3696)...
2025-11-12 09:47:29,747 - UnicodeAnalyzer - INFO - Filtrati 3 file (es. in /dist, /test).
2025-11-12 09:47:29,747 - UnicodeAnalyzer - INFO - -> Analizzando versione 4.29.0 (504/3696)...
2025-11-12 09:47:29,747 - UnicodeAnalyzer - INFO - Filtrati 3 file (es. in /dist, /test).
2025-11-12 09:47:29,747 - UnicodeAnalyzer - INFO - -> Analizzando versione 4.29.1 (505/3696)...
2025-11-12 09:47:29,748 - UnicodeAnalyzer - INFO - Filtrati 3 file (es. in /dist, /test).
2025-11-12 09:47:29,748 - UnicodeAnalyzer - INFO - -> Analizzando versione 4.29.1-alpha.0 (506/3696)...
2025-11-12 09:47:29,748 - UnicodeAnalyzer - INFO - Filtrati 3 file (es. in /dist, /test).
2025-11-12 09:47:29,748 - UnicodeAnalyzer - INFO - -> Analizzando versione 4.29.2 (507/3696)...
2025-11-12 09:47:29,748 - UnicodeAnalyzer - INFO - Filtrati 3 file (es. in /dist, /test).
2025-11-12 09:47:29,748 - UnicodeAnalyzer - INFO - -> Analizzando versione 4.29.2-alpha.0 (508/3696)...
2025-11-12 09:47:29,749 - UnicodeAnalyzer - INFO - Filtrati 3 file (es. in /dist, /test).
2025-11-12 09:47:29,749 - UnicodeAnalyzer - INFO - -> Analizzando versione 4.29.2-alpha.1 (509/3696)...
2025-11-12 09:47:29,749 - UnicodeAnalyzer - INFO - Filtrati 3 file (es. in /dist, /test).
2025-11-12 09:47:29,749 - UnicodeAnalyzer - INFO - -> Analizzando versione 4.29.2-alpha.2 (510/3696)...
2025-11-12 09:47:29,749 - UnicodeAnalyzer - INFO - Filtrati 3 file (es. in /dist, /test).
2025-11-12 09:47:29,749 - UnicodeAnalyzer - INFO - -> Analizzando versione 4.29.2-alpha.3 (511/3696)...
2025-11-12 09:47:29,749 - UnicodeAnalyzer - INFO - Filtrati 3 file (es. in /dist, /test).
2025-11-12 09:47:29,750 - UnicodeAnalyzer - INFO - -> Analizzando versione 4.29.2-alpha.4 (512/3696)...
2025-11-12 09:47:29,750 - UnicodeAnalyzer - INFO - Filtrati 3 file (es. in /dist, /test).
2025-11-12 09:47:29,750 - UnicodeAnalyzer - INFO - -> Analizzando versione 4.29.2-alpha.5 (513/3696)...
2025-11-12 09:47:29,750 - UnicodeAnalyzer - INFO - Filtrati 3 file (es. in /dist, /test).
2025-11-12 09:47:29,750 - UnicodeAnalyzer - INFO - -> Analizzando versione 4.29.3 (514/3696)...
2025-11-12 09:47:29,750 - UnicodeAnalyzer - INFO - Filtrati 3 file (es. in /dist, /test).
2025-11-12 09:47:29,751 - UnicodeAnalyzer - INFO - -> Analizzando versione 4.29.3-alpha.0 (515/3696)...
2025-11-12 09:47:29,751 - UnicodeAnalyzer - INFO - Filtrati 3 file (es. in /dist, /test).
2025-11-12 09:47:29,751 - UnicodeAnalyzer - INFO - -> Analizzando versione 4.29.3-alpha.1 (516/3696)...
2025-11-12 09:47:29,751 - UnicodeAnalyzer - INFO - Filtrati 3 file (es. in /dist, /test).
2025-11-12 09:47:29,751 - UnicodeAnalyzer - INFO - -> Analizzando versione 4.29.3-alpha.2 (517/3696)...
2025-11-12 09:47:29,752 - UnicodeAnalyzer - INFO - Filtrati 3 file (es. in /dist, /test).
2025-11-12 09:47:29,752 - UnicodeAnalyzer - INFO - -> Analizzando versione 4.29.3-alpha.3 (518/3696)...
2025-11-12 09:47:29,752 - UnicodeAnalyzer - INFO - Filtrati 3 file (es. in /dist, /test).
2025-11-12 09:47:29,752 - UnicodeAnalyzer - INFO - -> Analizzando versione 4.29.3-alpha.4 (519/3696)...
2025-11-12 09:47:29,752 - UnicodeAnalyzer - INFO - Filtrati 3 file (es. in /dist, /test).
2025-11-12 09:47:29,752 - UnicodeAnalyzer - INFO - -> Analizzando versione 4.29.4-alpha.0 (520/3696)...
2025-11-12 09:47:29,753 - UnicodeAnalyzer - INFO - Filtrati 3 file (es. in /dist, /test).
2025-11-12 09:47:29,753 - UnicodeAnalyzer - INFO - -> Analizzando versione 4.29.4-alpha.1 (521/3696)...
2025-11-12 09:47:29,753 - UnicodeAnalyzer - INFO - Filtrati 3 file (es. in /dist, /test).
2025-11-12 09:47:29,753 - UnicodeAnalyzer - INFO - -> Analizzando versione 4.29.4-alpha.2 (522/3696)...
2025-11-12 09:47:29,753 - UnicodeAnalyzer - INFO - Filtrati 3 file (es. in /dist, /test).
2025-11-12 09:47:29,753 - UnicodeAnalyzer - INFO - -> Analizzando versione 4.29.4-alpha.3 (523/3696)...
2025-11-12 09:47:29,754 - UnicodeAnalyzer - INFO - Filtrati 3 file (es. in /dist, /test).
2025-11-12 09:47:29,754 - UnicodeAnalyzer - INFO - -> Analizzando versione 4.29.4-alpha.4 (524/3696)...
2025-11-12 09:47:29,754 - UnicodeAnalyzer - INFO - Filtrati 3 file (es. in /dist, /test).
2025-11-12 09:47:29,754 - UnicodeAnalyzer - INFO - -> Analizzando versione 4.29.4-alpha.5 (525/3696)...
2025-11-12 09:47:29,754 - UnicodeAnalyzer - INFO - Filtrati 3 file (es. in /dist, /test).
2025-11-12 09:47:29,754 - UnicodeAnalyzer - INFO - -> Analizzando versione 4.29.4-alpha.6 (526/3696)...
2025-11-12 09:47:29,754 - UnicodeAnalyzer - INFO - Filtrati 3 file (es. in /dist, /test).
2025-11-12 09:47:29,755 - UnicodeAnalyzer - INFO - -> Analizzando versione 4.29.4-alpha.7 (527/3696)...
2025-11-12 09:47:29,755 - UnicodeAnalyzer - INFO - Filtrati 3 file (es. in /dist, /test).
2025-11-12 09:47:29,755 - UnicodeAnalyzer - INFO - -> Analizzando versione 4.3.0 (528/3696)...
2025-11-12 09:47:29,755 - UnicodeAnalyzer - INFO - Filtrati 3 file (es. in /dist, /test).
2025-11-12 09:47:29,755 - UnicodeAnalyzer - INFO - -> Analizzando versione 4.3.1-alpha.0 (529/3696)...
2025-11-12 09:47:29,755 - UnicodeAnalyzer - INFO - Filtrati 3 file (es. in /dist, /test).
2025-11-12 09:47:29,755 - UnicodeAnalyzer - INFO - -> Analizzando versione 4.3.1-alpha.1 (530/3696)...
2025-11-12 09:47:29,756 - UnicodeAnalyzer - INFO - Filtrati 3 file (es. in /dist, /test).
2025-11-12 09:47:29,756 - UnicodeAnalyzer - INFO - -> Analizzando versione 4.3.1-alpha.2 (531/3696)...
2025-11-12 09:47:29,756 - UnicodeAnalyzer - INFO - Filtrati 3 file (es. in /dist, /test).
2025-11-12 09:47:29,756 - UnicodeAnalyzer - INFO - -> Analizzando versione 4.30.0 (532/3696)...
2025-11-12 09:47:29,756 - UnicodeAnalyzer - INFO - Filtrati 3 file (es. in /dist, /test).
2025-11-12 09:47:29,756 - UnicodeAnalyzer - INFO - -> Analizzando versione 4.30.1-alpha.0 (533/3696)...
2025-11-12 09:47:29,757 - UnicodeAnalyzer - INFO - Filtrati 3 file (es. in /dist, /test).
2025-11-12 09:47:29,757 - UnicodeAnalyzer - INFO - -> Analizzando versione 4.30.1-alpha.1 (534/3696)...
2025-11-12 09:47:29,757 - UnicodeAnalyzer - INFO - Filtrati 3 file (es. in /dist, /test).
2025-11-12 09:47:29,757 - UnicodeAnalyzer - INFO - -> Analizzando versione 4.30.1-alpha.10 (535/3696)...
2025-11-12 09:47:29,757 - UnicodeAnalyzer - INFO - Filtrati 3 file (es. in /dist, /test).
2025-11-12 09:47:29,757 - UnicodeAnalyzer - INFO - -> Analizzando versione 4.30.1-alpha.11 (536/3696)...
2025-11-12 09:47:29,758 - UnicodeAnalyzer - INFO - Filtrati 3 file (es. in /dist, /test).
2025-11-12 09:47:29,758 - UnicodeAnalyzer - INFO - -> Analizzando versione 4.30.1-alpha.13 (537/3696)...
2025-11-12 09:47:29,758 - UnicodeAnalyzer - INFO - Filtrati 3 file (es. in /dist, /test).
2025-11-12 09:47:29,758 - UnicodeAnalyzer - INFO - -> Analizzando versione 4.30.1-alpha.14 (538/3696)...
2025-11-12 09:47:29,758 - UnicodeAnalyzer - INFO - Filtrati 3 file (es. in /dist, /test).
2025-11-12 09:47:29,758 - UnicodeAnalyzer - INFO - -> Analizzando versione 4.30.1-alpha.15 (539/3696)...
2025-11-12 09:47:29,758 - UnicodeAnalyzer - INFO - Filtrati 3 file (es. in /dist, /test).
2025-11-12 09:47:29,758 - UnicodeAnalyzer - INFO - -> Analizzando versione 4.30.1-alpha.16 (540/3696)...
2025-11-12 09:47:29,759 - UnicodeAnalyzer - INFO - Filtrati 3 file (es. in /dist, /test).
2025-11-12 09:47:29,759 - UnicodeAnalyzer - INFO - -> Analizzando versione 4.30.1-alpha.17 (541/3696)...
2025-11-12 09:47:29,759 - UnicodeAnalyzer - INFO - Filtrati 3 file (es. in /dist, /test).
2025-11-12 09:47:29,759 - UnicodeAnalyzer - INFO - -> Analizzando versione 4.30.1-alpha.2 (542/3696)...
2025-11-12 09:47:29,759 - UnicodeAnalyzer - INFO - Filtrati 3 file (es. in /dist, /test).
2025-11-12 09:47:29,759 - UnicodeAnalyzer - INFO - -> Analizzando versione 4.30.1-alpha.3 (543/3696)...
2025-11-12 09:47:29,760 - UnicodeAnalyzer - INFO - Filtrati 3 file (es. in /dist, /test).
2025-11-12 09:47:29,760 - UnicodeAnalyzer - INFO - -> Analizzando versione 4.30.1-alpha.4 (544/3696)...
2025-11-12 09:47:29,760 - UnicodeAnalyzer - INFO - Filtrati 3 file (es. in /dist, /test).
2025-11-12 09:47:29,760 - UnicodeAnalyzer - INFO - -> Analizzando versione 4.30.1-alpha.6 (545/3696)...
2025-11-12 09:47:29,760 - UnicodeAnalyzer - INFO - Filtrati 3 file (es. in /dist, /test).
2025-11-12 09:47:29,760 - UnicodeAnalyzer - INFO - -> Analizzando versione 4.30.1-alpha.7 (546/3696)...
2025-11-12 09:47:29,761 - UnicodeAnalyzer - INFO - Filtrati 3 file (es. in /dist, /test).
2025-11-12 09:47:29,761 - UnicodeAnalyzer - INFO - -> Analizzando versione 4.30.1-alpha.8 (547/3696)...
2025-11-12 09:47:29,761 - UnicodeAnalyzer - INFO - Filtrati 3 file (es. in /dist, /test).
2025-11-12 09:47:29,761 - UnicodeAnalyzer - INFO - -> Analizzando versione 4.31.0 (548/3696)...
2025-11-12 09:47:29,761 - UnicodeAnalyzer - INFO - Filtrati 3 file (es. in /dist, /test).
2025-11-12 09:47:29,761 - UnicodeAnalyzer - INFO - -> Analizzando versione 4.31.1 (549/3696)...
2025-11-12 09:47:29,761 - UnicodeAnalyzer - INFO - Filtrati 3 file (es. in /dist, /test).
2025-11-12 09:47:29,761 - UnicodeAnalyzer - INFO - -> Analizzando versione 4.31.1-alpha.0 (550/3696)...
2025-11-12 09:47:29,762 - UnicodeAnalyzer - INFO - Filtrati 3 file (es. in /dist, /test).
2025-11-12 09:47:29,762 - UnicodeAnalyzer - INFO - -> Analizzando versione 4.31.2 (551/3696)...
2025-11-12 09:47:29,762 - UnicodeAnalyzer - INFO - Filtrati 3 file (es. in /dist, /test).
2025-11-12 09:47:29,762 - UnicodeAnalyzer - INFO - -> Analizzando versione 4.31.2-alpha.0 (552/3696)...
2025-11-12 09:47:29,762 - UnicodeAnalyzer - INFO - Filtrati 3 file (es. in /dist, /test).
2025-11-12 09:47:29,762 - UnicodeAnalyzer - INFO - -> Analizzando versione 4.31.2-alpha.1 (553/3696)...
2025-11-12 09:47:29,763 - UnicodeAnalyzer - INFO - Filtrati 3 file (es. in /dist, /test).
2025-11-12 09:47:29,763 - UnicodeAnalyzer - INFO - -> Analizzando versione 4.31.2-alpha.2 (554/3696)...
2025-11-12 09:47:29,763 - UnicodeAnalyzer - INFO - Filtrati 3 file (es. in /dist, /test).
2025-11-12 09:47:29,763 - UnicodeAnalyzer - INFO - -> Analizzando versione 4.31.2-alpha.3 (555/3696)...
2025-11-12 09:47:29,763 - UnicodeAnalyzer - INFO - Filtrati 3 file (es. in /dist, /test).
2025-11-12 09:47:29,763 - UnicodeAnalyzer - INFO - -> Analizzando versione 4.31.2-alpha.4 (556/3696)...
2025-11-12 09:47:29,764 - UnicodeAnalyzer - INFO - Filtrati 3 file (es. in /dist, /test).
2025-11-12 09:47:29,764 - UnicodeAnalyzer - INFO - -> Analizzando versione 4.31.3-alpha.0 (557/3696)...
2025-11-12 09:47:29,764 - UnicodeAnalyzer - INFO - Filtrati 3 file (es. in /dist, /test).
2025-11-12 09:47:29,764 - UnicodeAnalyzer - INFO - -> Analizzando versione 4.31.3-alpha.1 (558/3696)...
2025-11-12 09:47:29,764 - UnicodeAnalyzer - INFO - Filtrati 3 file (es. in /dist, /test).
2025-11-12 09:47:29,764 - UnicodeAnalyzer - INFO - -> Analizzando versione 4.31.3-alpha.10 (559/3696)...
2025-11-12 09:47:29,764 - UnicodeAnalyzer - INFO - Filtrati 3 file (es. in /dist, /test).
2025-11-12 09:47:29,764 - UnicodeAnalyzer - INFO - -> Analizzando versione 4.31.3-alpha.11 (560/3696)...
2025-11-12 09:47:29,765 - UnicodeAnalyzer - INFO - Filtrati 3 file (es. in /dist, /test).
2025-11-12 09:47:29,765 - UnicodeAnalyzer - INFO - -> Analizzando versione 4.31.3-alpha.12 (561/3696)...
2025-11-12 09:47:29,765 - UnicodeAnalyzer - INFO - Filtrati 3 file (es. in /dist, /test).
2025-11-12 09:47:29,765 - UnicodeAnalyzer - INFO - -> Analizzando versione 4.31.3-alpha.13 (562/3696)...
2025-11-12 09:47:29,765 - UnicodeAnalyzer - INFO - Filtrati 3 file (es. in /dist, /test).
2025-11-12 09:47:29,765 - UnicodeAnalyzer - INFO - -> Analizzando versione 4.31.3-alpha.14 (563/3696)...
2025-11-12 09:47:29,766 - UnicodeAnalyzer - INFO - Filtrati 3 file (es. in /dist, /test).
2025-11-12 09:47:29,766 - UnicodeAnalyzer - INFO - -> Analizzando versione 4.31.3-alpha.15 (564/3696)...
2025-11-12 09:47:29,766 - UnicodeAnalyzer - INFO - Filtrati 3 file (es. in /dist, /test).
2025-11-12 09:47:29,766 - UnicodeAnalyzer - INFO - -> Analizzando versione 4.31.3-alpha.16 (565/3696)...
2025-11-12 09:47:29,766 - UnicodeAnalyzer - INFO - Filtrati 3 file (es. in /dist, /test).
2025-11-12 09:47:29,766 - UnicodeAnalyzer - INFO - -> Analizzando versione 4.31.3-alpha.17 (566/3696)...
2025-11-12 09:47:29,767 - UnicodeAnalyzer - INFO - Filtrati 3 file (es. in /dist, /test).
2025-11-12 09:47:29,767 - UnicodeAnalyzer - INFO - -> Analizzando versione 4.31.3-alpha.18 (567/3696)...
2025-11-12 09:47:29,767 - UnicodeAnalyzer - INFO - Filtrati 3 file (es. in /dist, /test).
2025-11-12 09:47:29,767 - UnicodeAnalyzer - INFO - -> Analizzando versione 4.31.3-alpha.19 (568/3696)...
2025-11-12 09:47:29,767 - UnicodeAnalyzer - INFO - Filtrati 3 file (es. in /dist, /test).
2025-11-12 09:47:29,767 - UnicodeAnalyzer - INFO - -> Analizzando versione 4.31.3-alpha.2 (569/3696)...
2025-11-12 09:47:29,767 - UnicodeAnalyzer - INFO - Filtrati 3 file (es. in /dist, /test).
2025-11-12 09:47:29,767 - UnicodeAnalyzer - INFO - -> Analizzando versione 4.31.3-alpha.20 (570/3696)...
2025-11-12 09:47:29,768 - UnicodeAnalyzer - INFO - Filtrati 3 file (es. in /dist, /test).
2025-11-12 09:47:29,768 - UnicodeAnalyzer - INFO - -> Analizzando versione 4.31.3-alpha.21 (571/3696)...
2025-11-12 09:47:29,768 - UnicodeAnalyzer - INFO - Filtrati 3 file (es. in /dist, /test).
2025-11-12 09:47:29,768 - UnicodeAnalyzer - INFO - -> Analizzando versione 4.31.3-alpha.22 (572/3696)...
2025-11-12 09:47:29,768 - UnicodeAnalyzer - INFO - Filtrati 3 file (es. in /dist, /test).
2025-11-12 09:47:29,768 - UnicodeAnalyzer - INFO - -> Analizzando versione 4.31.3-alpha.23 (573/3696)...
2025-11-12 09:47:29,769 - UnicodeAnalyzer - INFO - Filtrati 3 file (es. in /dist, /test).
2025-11-12 09:47:29,769 - UnicodeAnalyzer - INFO - -> Analizzando versione 4.31.3-alpha.24 (574/3696)...
2025-11-12 09:47:29,769 - UnicodeAnalyzer - INFO - Filtrati 3 file (es. in /dist, /test).
2025-11-12 09:47:29,769 - UnicodeAnalyzer - INFO - -> Analizzando versione 4.31.3-alpha.25 (575/3696)...
2025-11-12 09:47:29,769 - UnicodeAnalyzer - INFO - Filtrati 3 file (es. in /dist, /test).
2025-11-12 09:47:29,769 - UnicodeAnalyzer - INFO - -> Analizzando versione 4.31.3-alpha.26 (576/3696)...
2025-11-12 09:47:29,769 - UnicodeAnalyzer - INFO - Filtrati 3 file (es. in /dist, /test).
2025-11-12 09:47:29,770 - UnicodeAnalyzer - INFO - -> Analizzando versione 4.31.3-alpha.27 (577/3696)...
2025-11-12 09:47:29,770 - UnicodeAnalyzer - INFO - Filtrati 3 file (es. in /dist, /test).
2025-11-12 09:47:29,770 - UnicodeAnalyzer - INFO - -> Analizzando versione 4.31.3-alpha.28 (578/3696)...
2025-11-12 09:47:29,770 - UnicodeAnalyzer - INFO - Filtrati 3 file (es. in /dist, /test).
2025-11-12 09:47:29,770 - UnicodeAnalyzer - INFO - -> Analizzando versione 4.31.3-alpha.3 (579/3696)...
2025-11-12 09:47:29,770 - UnicodeAnalyzer - INFO - Filtrati 3 file (es. in /dist, /test).
2025-11-12 09:47:29,771 - UnicodeAnalyzer - INFO - -> Analizzando versione 4.31.3-alpha.4 (580/3696)...
2025-11-12 09:47:29,771 - UnicodeAnalyzer - INFO - Filtrati 3 file (es. in /dist, /test).
2025-11-12 09:47:29,771 - UnicodeAnalyzer - INFO - -> Analizzando versione 4.31.3-alpha.5 (581/3696)...
2025-11-12 09:47:29,771 - UnicodeAnalyzer - INFO - Filtrati 3 file (es. in /dist, /test).
2025-11-12 09:47:29,771 - UnicodeAnalyzer - INFO - -> Analizzando versione 4.31.3-alpha.6 (582/3696)...
2025-11-12 09:47:29,771 - UnicodeAnalyzer - INFO - Filtrati 3 file (es. in /dist, /test).
2025-11-12 09:47:29,771 - UnicodeAnalyzer - INFO - -> Analizzando versione 4.31.3-alpha.7 (583/3696)...
2025-11-12 09:47:29,772 - UnicodeAnalyzer - INFO - Filtrati 3 file (es. in /dist, /test).
2025-11-12 09:47:29,772 - UnicodeAnalyzer - INFO - -> Analizzando versione 4.31.3-alpha.8 (584/3696)...
2025-11-12 09:47:29,772 - UnicodeAnalyzer - INFO - Filtrati 3 file (es. in /dist, /test).
2025-11-12 09:47:29,772 - UnicodeAnalyzer - INFO - -> Analizzando versione 4.31.3-alpha.9 (585/3696)...
2025-11-12 09:47:29,772 - UnicodeAnalyzer - INFO - Filtrati 3 file (es. in /dist, /test).
2025-11-12 09:47:29,772 - UnicodeAnalyzer - INFO - -> Analizzando versione 4.32.0 (586/3696)...
2025-11-12 09:47:29,773 - UnicodeAnalyzer - INFO - Filtrati 3 file (es. in /dist, /test).
2025-11-12 09:47:29,773 - UnicodeAnalyzer - INFO - -> Analizzando versione 4.32.1-alpha.0 (587/3696)...
2025-11-12 09:47:29,773 - UnicodeAnalyzer - INFO - Filtrati 3 file (es. in /dist, /test).
2025-11-12 09:47:29,773 - UnicodeAnalyzer - INFO - -> Analizzando versione 4.32.1-alpha.1 (588/3696)...
2025-11-12 09:47:29,773 - UnicodeAnalyzer - INFO - Filtrati 3 file (es. in /dist, /test).
2025-11-12 09:47:29,773 - UnicodeAnalyzer - INFO - -> Analizzando versione 4.32.1-alpha.10 (589/3696)...
2025-11-12 09:47:29,774 - UnicodeAnalyzer - INFO - Filtrati 3 file (es. in /dist, /test).
2025-11-12 09:47:29,774 - UnicodeAnalyzer - INFO - -> Analizzando versione 4.32.1-alpha.11 (590/3696)...
2025-11-12 09:47:29,774 - UnicodeAnalyzer - INFO - Filtrati 3 file (es. in /dist, /test).
2025-11-12 09:47:29,774 - UnicodeAnalyzer - INFO - -> Analizzando versione 4.32.1-alpha.13 (591/3696)...
2025-11-12 09:47:29,774 - UnicodeAnalyzer - INFO - Filtrati 3 file (es. in /dist, /test).
2025-11-12 09:47:29,774 - UnicodeAnalyzer - INFO - -> Analizzando versione 4.32.1-alpha.14 (592/3696)...
2025-11-12 09:47:29,775 - UnicodeAnalyzer - INFO - Filtrati 3 file (es. in /dist, /test).
2025-11-12 09:47:29,775 - UnicodeAnalyzer - INFO - -> Analizzando versione 4.32.1-alpha.15 (593/3696)...
2025-11-12 09:47:29,775 - UnicodeAnalyzer - INFO - Filtrati 3 file (es. in /dist, /test).
2025-11-12 09:47:29,775 - UnicodeAnalyzer - INFO - -> Analizzando versione 4.32.1-alpha.16 (594/3696)...
2025-11-12 09:47:29,775 - UnicodeAnalyzer - INFO - Filtrati 3 file (es. in /dist, /test).
2025-11-12 09:47:29,775 - UnicodeAnalyzer - INFO - -> Analizzando versione 4.32.1-alpha.17 (595/3696)...
2025-11-12 09:47:29,776 - UnicodeAnalyzer - INFO - Filtrati 3 file (es. in /dist, /test).
2025-11-12 09:47:29,776 - UnicodeAnalyzer - INFO - -> Analizzando versione 4.32.1-alpha.18 (596/3696)...
2025-11-12 09:47:29,776 - UnicodeAnalyzer - INFO - Filtrati 3 file (es. in /dist, /test).
2025-11-12 09:47:29,776 - UnicodeAnalyzer - INFO - -> Analizzando versione 4.32.1-alpha.2 (597/3696)...
2025-11-12 09:47:29,776 - UnicodeAnalyzer - INFO - Filtrati 3 file (es. in /dist, /test).
2025-11-12 09:47:29,776 - UnicodeAnalyzer - INFO - -> Analizzando versione 4.32.1-alpha.3 (598/3696)...
2025-11-12 09:47:29,777 - UnicodeAnalyzer - INFO - Filtrati 3 file (es. in /dist, /test).
2025-11-12 09:47:29,777 - UnicodeAnalyzer - INFO - -> Analizzando versione 4.32.1-alpha.4 (599/3696)...
2025-11-12 09:47:29,777 - UnicodeAnalyzer - INFO - Filtrati 3 file (es. in /dist, /test).
2025-11-12 09:47:29,777 - UnicodeAnalyzer - INFO - -> Analizzando versione 4.32.1-alpha.5 (600/3696)...
2025-11-12 09:47:29,777 - UnicodeAnalyzer - INFO - Filtrati 3 file (es. in /dist, /test).
2025-11-12 09:47:29,777 - UnicodeAnalyzer - INFO - -> Analizzando versione 4.32.1-alpha.6 (601/3696)...
2025-11-12 09:47:29,778 - UnicodeAnalyzer - INFO - Filtrati 3 file (es. in /dist, /test).
2025-11-12 09:47:29,778 - UnicodeAnalyzer - INFO - -> Analizzando versione 4.32.1-alpha.7 (602/3696)...
2025-11-12 09:47:29,778 - UnicodeAnalyzer - INFO - Filtrati 3 file (es. in /dist, /test).
2025-11-12 09:47:29,778 - UnicodeAnalyzer - INFO - -> Analizzando versione 4.32.1-alpha.8 (603/3696)...
2025-11-12 09:47:29,778 - UnicodeAnalyzer - INFO - Filtrati 3 file (es. in /dist, /test).
2025-11-12 09:47:29,778 - UnicodeAnalyzer - INFO - -> Analizzando versione 4.32.1-alpha.9 (604/3696)...
2025-11-12 09:47:29,779 - UnicodeAnalyzer - INFO - Filtrati 3 file (es. in /dist, /test).
2025-11-12 09:47:29,779 - UnicodeAnalyzer - INFO - -> Analizzando versione 4.33.0 (605/3696)...
2025-11-12 09:47:29,779 - UnicodeAnalyzer - INFO - Filtrati 3 file (es. in /dist, /test).
2025-11-12 09:47:29,779 - UnicodeAnalyzer - INFO - -> Analizzando versione 4.33.1-alpha.0 (606/3696)...
2025-11-12 09:47:29,779 - UnicodeAnalyzer - INFO - Filtrati 3 file (es. in /dist, /test).
2025-11-12 09:47:29,779 - UnicodeAnalyzer - INFO - -> Analizzando versione 4.33.1-alpha.10 (607/3696)...
2025-11-12 09:47:29,779 - UnicodeAnalyzer - INFO - Filtrati 3 file (es. in /dist, /test).
2025-11-12 09:47:29,780 - UnicodeAnalyzer - INFO - -> Analizzando versione 4.33.1-alpha.11 (608/3696)...
2025-11-12 09:47:29,780 - UnicodeAnalyzer - INFO - Filtrati 3 file (es. in /dist, /test).
2025-11-12 09:47:29,780 - UnicodeAnalyzer - INFO - -> Analizzando versione 4.33.1-alpha.12 (609/3696)...
2025-11-12 09:47:29,780 - UnicodeAnalyzer - INFO - Filtrati 3 file (es. in /dist, /test).
2025-11-12 09:47:29,780 - UnicodeAnalyzer - INFO - -> Analizzando versione 4.33.1-alpha.13 (610/3696)...
2025-11-12 09:47:29,780 - UnicodeAnalyzer - INFO - Filtrati 3 file (es. in /dist, /test).
2025-11-12 09:47:29,781 - UnicodeAnalyzer - INFO - -> Analizzando versione 4.33.1-alpha.14 (611/3696)...
2025-11-12 09:47:29,781 - UnicodeAnalyzer - INFO - Filtrati 3 file (es. in /dist, /test).
2025-11-12 09:47:29,781 - UnicodeAnalyzer - INFO - -> Analizzando versione 4.33.1-alpha.15 (612/3696)...
2025-11-12 09:47:29,781 - UnicodeAnalyzer - INFO - Filtrati 3 file (es. in /dist, /test).
2025-11-12 09:47:29,781 - UnicodeAnalyzer - INFO - -> Analizzando versione 4.33.1-alpha.2 (613/3696)...
2025-11-12 09:47:29,781 - UnicodeAnalyzer - INFO - Filtrati 3 file (es. in /dist, /test).
2025-11-12 09:47:29,782 - UnicodeAnalyzer - INFO - -> Analizzando versione 4.33.1-alpha.4 (614/3696)...
2025-11-12 09:47:29,782 - UnicodeAnalyzer - INFO - Filtrati 3 file (es. in /dist, /test).
2025-11-12 09:47:29,782 - UnicodeAnalyzer - INFO - -> Analizzando versione 4.33.1-alpha.5 (615/3696)...
2025-11-12 09:47:29,782 - UnicodeAnalyzer - INFO - Filtrati 3 file (es. in /dist, /test).
2025-11-12 09:47:29,782 - UnicodeAnalyzer - INFO - -> Analizzando versione 4.33.1-alpha.6 (616/3696)...
2025-11-12 09:47:29,782 - UnicodeAnalyzer - INFO - Filtrati 3 file (es. in /dist, /test).
2025-11-12 09:47:29,782 - UnicodeAnalyzer - INFO - -> Analizzando versione 4.33.1-alpha.7 (617/3696)...
2025-11-12 09:47:29,783 - UnicodeAnalyzer - INFO - Filtrati 3 file (es. in /dist, /test).
2025-11-12 09:47:29,783 - UnicodeAnalyzer - INFO - -> Analizzando versione 4.33.1-alpha.8 (618/3696)...
2025-11-12 09:47:29,783 - UnicodeAnalyzer - INFO - Filtrati 3 file (es. in /dist, /test).
2025-11-12 09:47:29,783 - UnicodeAnalyzer - INFO - -> Analizzando versione 4.33.1-alpha.9 (619/3696)...
2025-11-12 09:47:29,783 - UnicodeAnalyzer - INFO - Filtrati 3 file (es. in /dist, /test).
2025-11-12 09:47:29,784 - UnicodeAnalyzer - INFO - -> Analizzando versione 4.4.0 (620/3696)...
2025-11-12 09:47:29,784 - UnicodeAnalyzer - INFO - Filtrati 3 file (es. in /dist, /test).
2025-11-12 09:47:29,784 - UnicodeAnalyzer - INFO - -> Analizzando versione 4.4.1 (621/3696)...
2025-11-12 09:47:29,784 - UnicodeAnalyzer - INFO - Filtrati 3 file (es. in /dist, /test).
2025-11-12 09:47:29,784 - UnicodeAnalyzer - INFO - -> Analizzando versione 4.4.1-alpha.0 (622/3696)...
2025-11-12 09:47:29,784 - UnicodeAnalyzer - INFO - Filtrati 3 file (es. in /dist, /test).
2025-11-12 09:47:29,784 - UnicodeAnalyzer - INFO - -> Analizzando versione 4.4.1-alpha.1 (623/3696)...
2025-11-12 09:47:29,785 - UnicodeAnalyzer - INFO - Filtrati 3 file (es. in /dist, /test).
2025-11-12 09:47:29,785 - UnicodeAnalyzer - INFO - -> Analizzando versione 4.4.1-alpha.10 (624/3696)...
2025-11-12 09:47:29,785 - UnicodeAnalyzer - INFO - Filtrati 3 file (es. in /dist, /test).
2025-11-12 09:47:29,785 - UnicodeAnalyzer - INFO - -> Analizzando versione 4.4.1-alpha.11 (625/3696)...
2025-11-12 09:47:29,785 - UnicodeAnalyzer - INFO - Filtrati 3 file (es. in /dist, /test).
2025-11-12 09:47:29,785 - UnicodeAnalyzer - INFO - -> Analizzando versione 4.4.1-alpha.2 (626/3696)...
2025-11-12 09:47:29,786 - UnicodeAnalyzer - INFO - Filtrati 3 file (es. in /dist, /test).
2025-11-12 09:47:29,786 - UnicodeAnalyzer - INFO - -> Analizzando versione 4.4.1-alpha.3 (627/3696)...
2025-11-12 09:47:29,786 - UnicodeAnalyzer - INFO - Filtrati 3 file (es. in /dist, /test).
2025-11-12 09:47:29,786 - UnicodeAnalyzer - INFO - -> Analizzando versione 4.4.1-alpha.4 (628/3696)...
2025-11-12 09:47:29,786 - UnicodeAnalyzer - INFO - Filtrati 3 file (es. in /dist, /test).
2025-11-12 09:47:29,786 - UnicodeAnalyzer - INFO - -> Analizzando versione 4.4.1-alpha.5 (629/3696)...
2025-11-12 09:47:29,787 - UnicodeAnalyzer - INFO - Filtrati 3 file (es. in /dist, /test).
2025-11-12 09:47:29,787 - UnicodeAnalyzer - INFO - -> Analizzando versione 4.4.1-alpha.6 (630/3696)...
2025-11-12 09:47:29,787 - UnicodeAnalyzer - INFO - Filtrati 3 file (es. in /dist, /test).
2025-11-12 09:47:29,787 - UnicodeAnalyzer - INFO - -> Analizzando versione 4.4.1-alpha.7 (631/3696)...
2025-11-12 09:47:29,787 - UnicodeAnalyzer - INFO - Filtrati 3 file (es. in /dist, /test).
2025-11-12 09:47:29,787 - UnicodeAnalyzer - INFO - -> Analizzando versione 4.4.1-alpha.8 (632/3696)...
2025-11-12 09:47:29,788 - UnicodeAnalyzer - INFO - Filtrati 3 file (es. in /dist, /test).
2025-11-12 09:47:29,788 - UnicodeAnalyzer - INFO - -> Analizzando versione 4.4.1-alpha.9 (633/3696)...
2025-11-12 09:47:29,788 - UnicodeAnalyzer - INFO - Filtrati 3 file (es. in /dist, /test).
2025-11-12 09:47:29,788 - UnicodeAnalyzer - INFO - -> Analizzando versione 4.4.2-alpha.0 (634/3696)...
2025-11-12 09:47:29,788 - UnicodeAnalyzer - INFO - Filtrati 3 file (es. in /dist, /test).
2025-11-12 09:47:29,788 - UnicodeAnalyzer - INFO - -> Analizzando versione 4.4.2-alpha.1 (635/3696)...
2025-11-12 09:47:29,789 - UnicodeAnalyzer - INFO - Filtrati 3 file (es. in /dist, /test).
2025-11-12 09:47:29,789 - UnicodeAnalyzer - INFO - -> Analizzando versione 4.4.2-alpha.10 (636/3696)...
2025-11-12 09:47:29,789 - UnicodeAnalyzer - INFO - Filtrati 3 file (es. in /dist, /test).
2025-11-12 09:47:29,789 - UnicodeAnalyzer - INFO - -> Analizzando versione 4.4.2-alpha.11 (637/3696)...
2025-11-12 09:47:29,789 - UnicodeAnalyzer - INFO - Filtrati 3 file (es. in /dist, /test).
2025-11-12 09:47:29,789 - UnicodeAnalyzer - INFO - -> Analizzando versione 4.4.2-alpha.12 (638/3696)...
2025-11-12 09:47:29,790 - UnicodeAnalyzer - INFO - Filtrati 3 file (es. in /dist, /test).
2025-11-12 09:47:29,790 - UnicodeAnalyzer - INFO - -> Analizzando versione 4.4.2-alpha.2 (639/3696)...
2025-11-12 09:47:29,790 - UnicodeAnalyzer - INFO - Filtrati 3 file (es. in /dist, /test).
2025-11-12 09:47:29,790 - UnicodeAnalyzer - INFO - -> Analizzando versione 4.4.2-alpha.3 (640/3696)...
2025-11-12 09:47:29,790 - UnicodeAnalyzer - INFO - Filtrati 3 file (es. in /dist, /test).
2025-11-12 09:47:29,790 - UnicodeAnalyzer - INFO - -> Analizzando versione 4.4.2-alpha.4 (641/3696)...
2025-11-12 09:47:29,791 - UnicodeAnalyzer - INFO - Filtrati 3 file (es. in /dist, /test).
2025-11-12 09:47:29,791 - UnicodeAnalyzer - INFO - -> Analizzando versione 4.4.2-alpha.5 (642/3696)...
2025-11-12 09:47:29,791 - UnicodeAnalyzer - INFO - Filtrati 3 file (es. in /dist, /test).
2025-11-12 09:47:29,791 - UnicodeAnalyzer - INFO - -> Analizzando versione 4.4.2-alpha.6 (643/3696)...
2025-11-12 09:47:29,791 - UnicodeAnalyzer - INFO - Filtrati 3 file (es. in /dist, /test).
2025-11-12 09:47:29,791 - UnicodeAnalyzer - INFO - -> Analizzando versione 4.4.2-alpha.7 (644/3696)...
2025-11-12 09:47:29,792 - UnicodeAnalyzer - INFO - Filtrati 3 file (es. in /dist, /test).
2025-11-12 09:47:29,792 - UnicodeAnalyzer - INFO - -> Analizzando versione 4.4.2-alpha.8 (645/3696)...
2025-11-12 09:47:29,792 - UnicodeAnalyzer - INFO - Filtrati 3 file (es. in /dist, /test).
2025-11-12 09:47:29,792 - UnicodeAnalyzer - INFO - -> Analizzando versione 4.4.2-alpha.9 (646/3696)...
2025-11-12 09:47:29,792 - UnicodeAnalyzer - INFO - Filtrati 3 file (es. in /dist, /test).
2025-11-12 09:47:29,792 - UnicodeAnalyzer - INFO - -> Analizzando versione 4.5.0 (647/3696)...
2025-11-12 09:47:29,793 - UnicodeAnalyzer - INFO - Filtrati 3 file (es. in /dist, /test).
2025-11-12 09:47:29,793 - UnicodeAnalyzer - INFO - -> Analizzando versione 4.5.1-alpha.0 (648/3696)...
2025-11-12 09:47:29,793 - UnicodeAnalyzer - INFO - Filtrati 3 file (es. in /dist, /test).
2025-11-12 09:47:29,793 - UnicodeAnalyzer - INFO - -> Analizzando versione 4.5.1-alpha.1 (649/3696)...
2025-11-12 09:47:29,793 - UnicodeAnalyzer - INFO - Filtrati 3 file (es. in /dist, /test).
2025-11-12 09:47:29,793 - UnicodeAnalyzer - INFO - -> Analizzando versione 4.5.1-alpha.2 (650/3696)...
2025-11-12 09:47:29,794 - UnicodeAnalyzer - INFO - Filtrati 3 file (es. in /dist, /test).
2025-11-12 09:47:29,794 - UnicodeAnalyzer - INFO - -> Analizzando versione 4.5.1-alpha.3 (651/3696)...
2025-11-12 09:47:29,794 - UnicodeAnalyzer - INFO - Filtrati 3 file (es. in /dist, /test).
2025-11-12 09:47:29,794 - UnicodeAnalyzer - INFO - -> Analizzando versione 4.5.1-alpha.4 (652/3696)...
2025-11-12 09:47:29,794 - UnicodeAnalyzer - INFO - Filtrati 3 file (es. in /dist, /test).
2025-11-12 09:47:29,794 - UnicodeAnalyzer - INFO - -> Analizzando versione 4.5.1-alpha.5 (653/3696)...
2025-11-12 09:47:29,794 - UnicodeAnalyzer - INFO - Filtrati 3 file (es. in /dist, /test).
2025-11-12 09:47:29,795 - UnicodeAnalyzer - INFO - -> Analizzando versione 4.6.0 (654/3696)...
2025-11-12 09:47:29,795 - UnicodeAnalyzer - INFO - Filtrati 3 file (es. in /dist, /test).
2025-11-12 09:47:29,795 - UnicodeAnalyzer - INFO - -> Analizzando versione 4.6.1 (655/3696)...
2025-11-12 09:47:29,795 - UnicodeAnalyzer - INFO - Filtrati 3 file (es. in /dist, /test).
2025-11-12 09:47:29,795 - UnicodeAnalyzer - INFO - -> Analizzando versione 4.6.1-alpha.0 (656/3696)...
2025-11-12 09:47:29,795 - UnicodeAnalyzer - INFO - Filtrati 3 file (es. in /dist, /test).
2025-11-12 09:47:29,796 - UnicodeAnalyzer - INFO - -> Analizzando versione 4.6.1-alpha.1 (657/3696)...
2025-11-12 09:47:29,796 - UnicodeAnalyzer - INFO - Filtrati 3 file (es. in /dist, /test).
2025-11-12 09:47:29,796 - UnicodeAnalyzer - INFO - -> Analizzando versione 4.6.1-alpha.2 (658/3696)...
2025-11-12 09:47:29,796 - UnicodeAnalyzer - INFO - Filtrati 3 file (es. in /dist, /test).
2025-11-12 09:47:29,796 - UnicodeAnalyzer - INFO - -> Analizzando versione 4.6.2-alpha.0 (659/3696)...
2025-11-12 09:47:29,796 - UnicodeAnalyzer - INFO - Filtrati 3 file (es. in /dist, /test).
2025-11-12 09:47:29,797 - UnicodeAnalyzer - INFO - -> Analizzando versione 4.6.2-alpha.1 (660/3696)...
2025-11-12 09:47:29,797 - UnicodeAnalyzer - INFO - Filtrati 3 file (es. in /dist, /test).
2025-11-12 09:47:29,797 - UnicodeAnalyzer - INFO - -> Analizzando versione 4.6.2-alpha.2 (661/3696)...
2025-11-12 09:47:29,797 - UnicodeAnalyzer - INFO - Filtrati 3 file (es. in /dist, /test).
2025-11-12 09:47:29,797 - UnicodeAnalyzer - INFO - -> Analizzando versione 4.6.2-alpha.3 (662/3696)...
2025-11-12 09:47:29,797 - UnicodeAnalyzer - INFO - Filtrati 3 file (es. in /dist, /test).
2025-11-12 09:47:29,797 - UnicodeAnalyzer - INFO - -> Analizzando versione 4.6.2-alpha.4 (663/3696)...
2025-11-12 09:47:29,798 - UnicodeAnalyzer - INFO - Filtrati 3 file (es. in /dist, /test).
2025-11-12 09:47:29,798 - UnicodeAnalyzer - INFO - -> Analizzando versione 4.7.0 (664/3696)...
2025-11-12 09:47:29,798 - UnicodeAnalyzer - INFO - Filtrati 3 file (es. in /dist, /test).
2025-11-12 09:47:29,798 - UnicodeAnalyzer - INFO - -> Analizzando versione 4.7.1-alpha.0 (665/3696)...
2025-11-12 09:47:29,798 - UnicodeAnalyzer - INFO - Filtrati 3 file (es. in /dist, /test).
2025-11-12 09:47:29,798 - UnicodeAnalyzer - INFO - -> Analizzando versione 4.7.1-alpha.1 (666/3696)...
2025-11-12 09:47:29,799 - UnicodeAnalyzer - INFO - Filtrati 3 file (es. in /dist, /test).
2025-11-12 09:47:29,799 - UnicodeAnalyzer - INFO - -> Analizzando versione 4.7.1-alpha.2 (667/3696)...
2025-11-12 09:47:29,799 - UnicodeAnalyzer - INFO - Filtrati 3 file (es. in /dist, /test).
2025-11-12 09:47:29,799 - UnicodeAnalyzer - INFO - -> Analizzando versione 4.7.1-alpha.3 (668/3696)...
2025-11-12 09:47:29,799 - UnicodeAnalyzer - INFO - Filtrati 3 file (es. in /dist, /test).
2025-11-12 09:47:29,799 - UnicodeAnalyzer - INFO - -> Analizzando versione 4.7.1-alpha.4 (669/3696)...
2025-11-12 09:47:29,800 - UnicodeAnalyzer - INFO - Filtrati 3 file (es. in /dist, /test).
2025-11-12 09:47:29,800 - UnicodeAnalyzer - INFO - -> Analizzando versione 4.7.1-alpha.5 (670/3696)...
2025-11-12 09:47:29,800 - UnicodeAnalyzer - INFO - Filtrati 3 file (es. in /dist, /test).
2025-11-12 09:47:29,800 - UnicodeAnalyzer - INFO - -> Analizzando versione 4.8.0 (671/3696)...
2025-11-12 09:47:29,800 - UnicodeAnalyzer - INFO - Filtrati 3 file (es. in /dist, /test).
2025-11-12 09:47:29,800 - UnicodeAnalyzer - INFO - -> Analizzando versione 4.8.1 (672/3696)...
2025-11-12 09:47:29,801 - UnicodeAnalyzer - INFO - Filtrati 3 file (es. in /dist, /test).
2025-11-12 09:47:29,801 - UnicodeAnalyzer - INFO - -> Analizzando versione 4.8.1-alpha.0 (673/3696)...
2025-11-12 09:47:29,801 - UnicodeAnalyzer - INFO - Filtrati 3 file (es. in /dist, /test).
2025-11-12 09:47:29,801 - UnicodeAnalyzer - INFO - -> Analizzando versione 4.8.1-alpha.1 (674/3696)...
2025-11-12 09:47:29,801 - UnicodeAnalyzer - INFO - Filtrati 3 file (es. in /dist, /test).
2025-11-12 09:47:29,801 - UnicodeAnalyzer - INFO - -> Analizzando versione 4.8.2 (675/3696)...
2025-11-12 09:47:29,802 - UnicodeAnalyzer - INFO - Filtrati 3 file (es. in /dist, /test).
2025-11-12 09:47:29,802 - UnicodeAnalyzer - INFO - -> Analizzando versione 4.8.2-alpha.0 (676/3696)...
2025-11-12 09:47:29,802 - UnicodeAnalyzer - INFO - Filtrati 3 file (es. in /dist, /test).
2025-11-12 09:47:29,802 - UnicodeAnalyzer - INFO - -> Analizzando versione 4.8.2-alpha.1 (677/3696)...
2025-11-12 09:47:29,802 - UnicodeAnalyzer - INFO - Filtrati 3 file (es. in /dist, /test).
2025-11-12 09:47:29,802 - UnicodeAnalyzer - INFO - -> Analizzando versione 4.8.2-alpha.2 (678/3696)...
2025-11-12 09:47:29,802 - UnicodeAnalyzer - INFO - Filtrati 3 file (es. in /dist, /test).
2025-11-12 09:47:29,803 - UnicodeAnalyzer - INFO - -> Analizzando versione 4.8.2-alpha.3 (679/3696)...
2025-11-12 09:47:29,803 - UnicodeAnalyzer - INFO - Filtrati 3 file (es. in /dist, /test).
2025-11-12 09:47:29,803 - UnicodeAnalyzer - INFO - -> Analizzando versione 4.8.3-alpha.0 (680/3696)...
2025-11-12 09:47:29,803 - UnicodeAnalyzer - INFO - Filtrati 3 file (es. in /dist, /test).
2025-11-12 09:47:29,803 - UnicodeAnalyzer - INFO - -> Analizzando versione 4.8.3-alpha.1 (681/3696)...
2025-11-12 09:47:29,803 - UnicodeAnalyzer - INFO - Filtrati 3 file (es. in /dist, /test).
2025-11-12 09:47:29,803 - UnicodeAnalyzer - INFO - -> Analizzando versione 4.8.3-alpha.10 (682/3696)...
2025-11-12 09:47:29,804 - UnicodeAnalyzer - INFO - Filtrati 3 file (es. in /dist, /test).
2025-11-12 09:47:29,804 - UnicodeAnalyzer - INFO - -> Analizzando versione 4.8.3-alpha.11 (683/3696)...
2025-11-12 09:47:29,804 - UnicodeAnalyzer - INFO - Filtrati 3 file (es. in /dist, /test).
2025-11-12 09:47:29,804 - UnicodeAnalyzer - INFO - -> Analizzando versione 4.8.3-alpha.12 (684/3696)...
2025-11-12 09:47:29,804 - UnicodeAnalyzer - INFO - Filtrati 3 file (es. in /dist, /test).
2025-11-12 09:47:29,804 - UnicodeAnalyzer - INFO - -> Analizzando versione 4.8.3-alpha.13 (685/3696)...
2025-11-12 09:47:29,805 - UnicodeAnalyzer - INFO - Filtrati 3 file (es. in /dist, /test).
2025-11-12 09:47:29,805 - UnicodeAnalyzer - INFO - -> Analizzando versione 4.8.3-alpha.14 (686/3696)...
2025-11-12 09:47:29,805 - UnicodeAnalyzer - INFO - Filtrati 3 file (es. in /dist, /test).
2025-11-12 09:47:29,805 - UnicodeAnalyzer - INFO - -> Analizzando versione 4.8.3-alpha.15 (687/3696)...
2025-11-12 09:47:29,805 - UnicodeAnalyzer - INFO - Filtrati 3 file (es. in /dist, /test).
2025-11-12 09:47:29,805 - UnicodeAnalyzer - INFO - -> Analizzando versione 4.8.3-alpha.16 (688/3696)...
2025-11-12 09:47:29,805 - UnicodeAnalyzer - INFO - Filtrati 3 file (es. in /dist, /test).
2025-11-12 09:47:29,805 - UnicodeAnalyzer - INFO - -> Analizzando versione 4.8.3-alpha.17 (689/3696)...
2025-11-12 09:47:29,806 - UnicodeAnalyzer - INFO - Filtrati 3 file (es. in /dist, /test).
2025-11-12 09:47:29,806 - UnicodeAnalyzer - INFO - -> Analizzando versione 4.8.3-alpha.2 (690/3696)...
2025-11-12 09:47:29,806 - UnicodeAnalyzer - INFO - Filtrati 3 file (es. in /dist, /test).
2025-11-12 09:47:29,806 - UnicodeAnalyzer - INFO - -> Analizzando versione 4.8.3-alpha.3 (691/3696)...
2025-11-12 09:47:29,806 - UnicodeAnalyzer - INFO - Filtrati 3 file (es. in /dist, /test).
2025-11-12 09:47:29,806 - UnicodeAnalyzer - INFO - -> Analizzando versione 4.8.3-alpha.4 (692/3696)...
2025-11-12 09:47:29,807 - UnicodeAnalyzer - INFO - Filtrati 3 file (es. in /dist, /test).
2025-11-12 09:47:29,807 - UnicodeAnalyzer - INFO - -> Analizzando versione 4.8.3-alpha.5 (693/3696)...
2025-11-12 09:47:29,807 - UnicodeAnalyzer - INFO - Filtrati 3 file (es. in /dist, /test).
2025-11-12 09:47:29,807 - UnicodeAnalyzer - INFO - -> Analizzando versione 4.8.3-alpha.6 (694/3696)...
2025-11-12 09:47:29,807 - UnicodeAnalyzer - INFO - Filtrati 3 file (es. in /dist, /test).
2025-11-12 09:47:29,807 - UnicodeAnalyzer - INFO - -> Analizzando versione 4.8.3-alpha.7 (695/3696)...
2025-11-12 09:47:29,807 - UnicodeAnalyzer - INFO - Filtrati 3 file (es. in /dist, /test).
2025-11-12 09:47:29,807 - UnicodeAnalyzer - INFO - -> Analizzando versione 4.8.3-alpha.8 (696/3696)...
2025-11-12 09:47:29,808 - UnicodeAnalyzer - INFO - Filtrati 3 file (es. in /dist, /test).
2025-11-12 09:47:29,808 - UnicodeAnalyzer - INFO - -> Analizzando versione 4.8.3-alpha.9 (697/3696)...
2025-11-12 09:47:29,808 - UnicodeAnalyzer - INFO - Filtrati 3 file (es. in /dist, /test).
2025-11-12 09:47:29,808 - UnicodeAnalyzer - INFO - -> Analizzando versione 4.9.0 (698/3696)...
2025-11-12 09:47:29,808 - UnicodeAnalyzer - INFO - Filtrati 3 file (es. in /dist, /test).
2025-11-12 09:47:29,808 - UnicodeAnalyzer - INFO - -> Analizzando versione 4.9.1 (699/3696)...
2025-11-12 09:47:29,808 - UnicodeAnalyzer - INFO - Filtrati 3 file (es. in /dist, /test).
2025-11-12 09:47:29,809 - UnicodeAnalyzer - INFO - -> Analizzando versione 4.9.1-alpha.0 (700/3696)...
2025-11-12 09:47:29,809 - UnicodeAnalyzer - INFO - Filtrati 3 file (es. in /dist, /test).
2025-11-12 09:47:29,809 - UnicodeAnalyzer - INFO - -> Analizzando versione 4.9.1-alpha.1 (701/3696)...
2025-11-12 09:47:29,809 - UnicodeAnalyzer - INFO - Filtrati 3 file (es. in /dist, /test).
2025-11-12 09:47:29,809 - UnicodeAnalyzer - INFO - -> Analizzando versione 4.9.1-alpha.2 (702/3696)...
2025-11-12 09:47:29,809 - UnicodeAnalyzer - INFO - Filtrati 3 file (es. in /dist, /test).
2025-11-12 09:47:29,809 - UnicodeAnalyzer - INFO - -> Analizzando versione 4.9.1-alpha.3 (703/3696)...
2025-11-12 09:47:29,810 - UnicodeAnalyzer - INFO - Filtrati 3 file (es. in /dist, /test).
2025-11-12 09:47:29,810 - UnicodeAnalyzer - INFO - -> Analizzando versione 4.9.2-alpha.0 (704/3696)...
2025-11-12 09:47:29,810 - UnicodeAnalyzer - INFO - Filtrati 3 file (es. in /dist, /test).
2025-11-12 09:47:29,810 - UnicodeAnalyzer - INFO - -> Analizzando versione 4.9.2-alpha.1 (705/3696)...
2025-11-12 09:47:29,810 - UnicodeAnalyzer - INFO - Filtrati 3 file (es. in /dist, /test).
2025-11-12 09:47:29,810 - UnicodeAnalyzer - INFO - -> Analizzando versione 4.9.2-alpha.2 (706/3696)...
2025-11-12 09:47:29,810 - UnicodeAnalyzer - INFO - Filtrati 3 file (es. in /dist, /test).
2025-11-12 09:47:29,811 - UnicodeAnalyzer - INFO - -> Analizzando versione 5.0.0 (707/3696)...
2025-11-12 09:47:29,811 - UnicodeAnalyzer - INFO - Filtrati 3 file (es. in /dist, /test).
2025-11-12 09:47:29,811 - UnicodeAnalyzer - INFO - -> Analizzando versione 5.0.0-alpha.17 (708/3696)...
2025-11-12 09:47:29,811 - UnicodeAnalyzer - INFO - Filtrati 3 file (es. in /dist, /test).
2025-11-12 09:47:29,811 - UnicodeAnalyzer - INFO - -> Analizzando versione 5.0.0-alpha.18 (709/3696)...
2025-11-12 09:47:29,811 - UnicodeAnalyzer - INFO - Filtrati 3 file (es. in /dist, /test).
2025-11-12 09:47:29,811 - UnicodeAnalyzer - INFO - -> Analizzando versione 5.0.0-alpha.19 (710/3696)...
2025-11-12 09:47:29,812 - UnicodeAnalyzer - INFO - Filtrati 3 file (es. in /dist, /test).
2025-11-12 09:47:29,812 - UnicodeAnalyzer - INFO - -> Analizzando versione 5.0.0-alpha.20 (711/3696)...
2025-11-12 09:47:29,812 - UnicodeAnalyzer - INFO - Filtrati 3 file (es. in /dist, /test).
2025-11-12 09:47:29,812 - UnicodeAnalyzer - INFO - -> Analizzando versione 5.0.0-alpha.21 (712/3696)...
2025-11-12 09:47:29,812 - UnicodeAnalyzer - INFO - Filtrati 3 file (es. in /dist, /test).
2025-11-12 09:47:29,812 - UnicodeAnalyzer - INFO - -> Analizzando versione 5.0.0-alpha.22 (713/3696)...
2025-11-12 09:47:29,813 - UnicodeAnalyzer - INFO - Filtrati 3 file (es. in /dist, /test).
2025-11-12 09:47:29,813 - UnicodeAnalyzer - INFO - -> Analizzando versione 5.0.0-alpha.23 (714/3696)...
2025-11-12 09:47:29,813 - UnicodeAnalyzer - INFO - Filtrati 3 file (es. in /dist, /test).
2025-11-12 09:47:29,813 - UnicodeAnalyzer - INFO - -> Analizzando versione 5.0.0-alpha.24 (715/3696)...
2025-11-12 09:47:29,813 - UnicodeAnalyzer - INFO - Filtrati 3 file (es. in /dist, /test).
2025-11-12 09:47:29,813 - UnicodeAnalyzer - INFO - -> Analizzando versione 5.0.0-alpha.25 (716/3696)...
2025-11-12 09:47:29,814 - UnicodeAnalyzer - INFO - Filtrati 3 file (es. in /dist, /test).
2025-11-12 09:47:29,814 - UnicodeAnalyzer - INFO - -> Analizzando versione 5.0.0-alpha.39 (717/3696)...
2025-11-12 09:47:29,814 - UnicodeAnalyzer - INFO - Filtrati 3 file (es. in /dist, /test).
2025-11-12 09:47:29,814 - UnicodeAnalyzer - INFO - -> Analizzando versione 5.0.0-alpha.40 (718/3696)...
2025-11-12 09:47:29,814 - UnicodeAnalyzer - INFO - Filtrati 3 file (es. in /dist, /test).
2025-11-12 09:47:29,814 - UnicodeAnalyzer - INFO - -> Analizzando versione 5.0.0-alpha.41 (719/3696)...
2025-11-12 09:47:29,814 - UnicodeAnalyzer - INFO - Filtrati 3 file (es. in /dist, /test).
2025-11-12 09:47:29,814 - UnicodeAnalyzer - INFO - -> Analizzando versione 5.0.0-alpha.42 (720/3696)...
2025-11-12 09:47:29,815 - UnicodeAnalyzer - INFO - Filtrati 3 file (es. in /dist, /test).
2025-11-12 09:47:29,815 - UnicodeAnalyzer - INFO - -> Analizzando versione 5.0.0-alpha.47 (721/3696)...
2025-11-12 09:47:29,815 - UnicodeAnalyzer - INFO - Filtrati 3 file (es. in /dist, /test).
2025-11-12 09:47:29,815 - UnicodeAnalyzer - INFO - -> Analizzando versione 5.0.0-alpha.48 (722/3696)...
2025-11-12 09:47:29,815 - UnicodeAnalyzer - INFO - Filtrati 3 file (es. in /dist, /test).
2025-11-12 09:47:29,815 - UnicodeAnalyzer - INFO - -> Analizzando versione 5.0.1-alpha.0 (723/3696)...
2025-11-12 09:47:29,816 - UnicodeAnalyzer - INFO - Filtrati 3 file (es. in /dist, /test).
2025-11-12 09:47:29,816 - UnicodeAnalyzer - INFO - -> Analizzando versione 5.0.1-alpha.1 (724/3696)...
2025-11-12 09:47:29,816 - UnicodeAnalyzer - INFO - Filtrati 3 file (es. in /dist, /test).
2025-11-12 09:47:29,816 - UnicodeAnalyzer - INFO - -> Analizzando versione 5.0.1-alpha.10 (725/3696)...
2025-11-12 09:47:29,816 - UnicodeAnalyzer - INFO - Filtrati 3 file (es. in /dist, /test).
2025-11-12 09:47:29,816 - UnicodeAnalyzer - INFO - -> Analizzando versione 5.0.1-alpha.11 (726/3696)...
2025-11-12 09:47:29,817 - UnicodeAnalyzer - INFO - Filtrati 3 file (es. in /dist, /test).
2025-11-12 09:47:29,817 - UnicodeAnalyzer - INFO - -> Analizzando versione 5.0.1-alpha.12 (727/3696)...
2025-11-12 09:47:29,817 - UnicodeAnalyzer - INFO - Filtrati 3 file (es. in /dist, /test).
2025-11-12 09:47:29,817 - UnicodeAnalyzer - INFO - -> Analizzando versione 5.0.1-alpha.13 (728/3696)...
2025-11-12 09:47:29,817 - UnicodeAnalyzer - INFO - Filtrati 3 file (es. in /dist, /test).
2025-11-12 09:47:29,817 - UnicodeAnalyzer - INFO - -> Analizzando versione 5.0.1-alpha.14 (729/3696)...
2025-11-12 09:47:29,818 - UnicodeAnalyzer - INFO - Filtrati 3 file (es. in /dist, /test).
2025-11-12 09:47:29,818 - UnicodeAnalyzer - INFO - -> Analizzando versione 5.0.1-alpha.16 (730/3696)...
2025-11-12 09:47:29,818 - UnicodeAnalyzer - INFO - Filtrati 3 file (es. in /dist, /test).
2025-11-12 09:47:29,818 - UnicodeAnalyzer - INFO - -> Analizzando versione 5.0.1-alpha.17 (731/3696)...
2025-11-12 09:47:29,818 - UnicodeAnalyzer - INFO - Filtrati 3 file (es. in /dist, /test).
2025-11-12 09:47:29,818 - UnicodeAnalyzer - INFO - -> Analizzando versione 5.0.1-alpha.18 (732/3696)...
2025-11-12 09:47:29,818 - UnicodeAnalyzer - INFO - Filtrati 3 file (es. in /dist, /test).
2025-11-12 09:47:29,819 - UnicodeAnalyzer - INFO - -> Analizzando versione 5.0.1-alpha.19 (733/3696)...
2025-11-12 09:47:29,819 - UnicodeAnalyzer - INFO - Filtrati 3 file (es. in /dist, /test).
2025-11-12 09:47:29,819 - UnicodeAnalyzer - INFO - -> Analizzando versione 5.0.1-alpha.2 (734/3696)...
2025-11-12 09:47:29,819 - UnicodeAnalyzer - INFO - Filtrati 3 file (es. in /dist, /test).
2025-11-12 09:47:29,819 - UnicodeAnalyzer - INFO - -> Analizzando versione 5.0.1-alpha.20 (735/3696)...
2025-11-12 09:47:29,819 - UnicodeAnalyzer - INFO - Filtrati 3 file (es. in /dist, /test).
2025-11-12 09:47:29,820 - UnicodeAnalyzer - INFO - -> Analizzando versione 5.0.1-alpha.21 (736/3696)...
2025-11-12 09:47:29,820 - UnicodeAnalyzer - INFO - Filtrati 3 file (es. in /dist, /test).
2025-11-12 09:47:29,820 - UnicodeAnalyzer - INFO - -> Analizzando versione 5.0.1-alpha.22 (737/3696)...
2025-11-12 09:47:29,820 - UnicodeAnalyzer - INFO - Filtrati 3 file (es. in /dist, /test).
2025-11-12 09:47:29,820 - UnicodeAnalyzer - INFO - -> Analizzando versione 5.0.1-alpha.3 (738/3696)...
2025-11-12 09:47:29,820 - UnicodeAnalyzer - INFO - Filtrati 3 file (es. in /dist, /test).
2025-11-12 09:47:29,820 - UnicodeAnalyzer - INFO - -> Analizzando versione 5.0.1-alpha.4 (739/3696)...
2025-11-12 09:47:29,821 - UnicodeAnalyzer - INFO - Filtrati 3 file (es. in /dist, /test).
2025-11-12 09:47:29,821 - UnicodeAnalyzer - INFO - -> Analizzando versione 5.0.1-alpha.5 (740/3696)...
2025-11-12 09:47:29,821 - UnicodeAnalyzer - INFO - Filtrati 3 file (es. in /dist, /test).
2025-11-12 09:47:29,821 - UnicodeAnalyzer - INFO - -> Analizzando versione 5.0.1-alpha.6 (741/3696)...
2025-11-12 09:47:29,821 - UnicodeAnalyzer - INFO - Filtrati 3 file (es. in /dist, /test).
2025-11-12 09:47:29,821 - UnicodeAnalyzer - INFO - -> Analizzando versione 5.0.1-alpha.7 (742/3696)...
2025-11-12 09:47:29,822 - UnicodeAnalyzer - INFO - Filtrati 3 file (es. in /dist, /test).
2025-11-12 09:47:29,822 - UnicodeAnalyzer - INFO - -> Analizzando versione 5.0.1-alpha.8 (743/3696)...
2025-11-12 09:47:29,822 - UnicodeAnalyzer - INFO - Filtrati 3 file (es. in /dist, /test).
2025-11-12 09:47:29,822 - UnicodeAnalyzer - INFO - -> Analizzando versione 5.0.1-alpha.9 (744/3696)...
2025-11-12 09:47:29,822 - UnicodeAnalyzer - INFO - Filtrati 3 file (es. in /dist, /test).
2025-11-12 09:47:29,822 - UnicodeAnalyzer - INFO - -> Analizzando versione 5.1.0 (745/3696)...
2025-11-12 09:47:29,823 - UnicodeAnalyzer - INFO - Filtrati 3 file (es. in /dist, /test).
2025-11-12 09:47:29,823 - UnicodeAnalyzer - INFO - -> Analizzando versione 5.1.1-alpha.0 (746/3696)...
2025-11-12 09:47:29,823 - UnicodeAnalyzer - INFO - Filtrati 3 file (es. in /dist, /test).
2025-11-12 09:47:29,823 - UnicodeAnalyzer - INFO - -> Analizzando versione 5.1.1-alpha.1 (747/3696)...
2025-11-12 09:47:29,823 - UnicodeAnalyzer - INFO - Filtrati 3 file (es. in /dist, /test).
2025-11-12 09:47:29,823 - UnicodeAnalyzer - INFO - -> Analizzando versione 5.1.1-alpha.10 (748/3696)...
2025-11-12 09:47:29,824 - UnicodeAnalyzer - INFO - Filtrati 3 file (es. in /dist, /test).
2025-11-12 09:47:29,824 - UnicodeAnalyzer - INFO - -> Analizzando versione 5.1.1-alpha.2 (749/3696)...
2025-11-12 09:47:29,824 - UnicodeAnalyzer - INFO - Filtrati 3 file (es. in /dist, /test).
2025-11-12 09:47:29,824 - UnicodeAnalyzer - INFO - -> Analizzando versione 5.1.1-alpha.3 (750/3696)...
2025-11-12 09:47:29,824 - UnicodeAnalyzer - INFO - Filtrati 3 file (es. in /dist, /test).
2025-11-12 09:47:29,824 - UnicodeAnalyzer - INFO - -> Analizzando versione 5.1.1-alpha.4 (751/3696)...
2025-11-12 09:47:29,825 - UnicodeAnalyzer - INFO - Filtrati 3 file (es. in /dist, /test).
2025-11-12 09:47:29,825 - UnicodeAnalyzer - INFO - -> Analizzando versione 5.1.1-alpha.5 (752/3696)...
2025-11-12 09:47:29,825 - UnicodeAnalyzer - INFO - Filtrati 3 file (es. in /dist, /test).
2025-11-12 09:47:29,825 - UnicodeAnalyzer - INFO - -> Analizzando versione 5.1.1-alpha.6 (753/3696)...
2025-11-12 09:47:29,825 - UnicodeAnalyzer - INFO - Filtrati 3 file (es. in /dist, /test).
2025-11-12 09:47:29,825 - UnicodeAnalyzer - INFO - -> Analizzando versione 5.1.1-alpha.7 (754/3696)...
2025-11-12 09:47:29,826 - UnicodeAnalyzer - INFO - Filtrati 3 file (es. in /dist, /test).
2025-11-12 09:47:29,826 - UnicodeAnalyzer - INFO - -> Analizzando versione 5.1.1-alpha.8 (755/3696)...
2025-11-12 09:47:29,826 - UnicodeAnalyzer - INFO - Filtrati 3 file (es. in /dist, /test).
2025-11-12 09:47:29,826 - UnicodeAnalyzer - INFO - -> Analizzando versione 5.1.1-alpha.9 (756/3696)...
2025-11-12 09:47:29,826 - UnicodeAnalyzer - INFO - Filtrati 3 file (es. in /dist, /test).
2025-11-12 09:47:29,826 - UnicodeAnalyzer - INFO - -> Analizzando versione 5.10.0 (757/3696)...
2025-11-12 09:47:29,827 - UnicodeAnalyzer - INFO - Filtrati 3 file (es. in /dist, /test).
2025-11-12 09:47:29,827 - UnicodeAnalyzer - INFO - -> Analizzando versione 5.10.1 (758/3696)...
2025-11-12 09:47:29,827 - UnicodeAnalyzer - INFO - Filtrati 3 file (es. in /dist, /test).
2025-11-12 09:47:29,827 - UnicodeAnalyzer - INFO - -> Analizzando versione 5.10.1-alpha.0 (759/3696)...
2025-11-12 09:47:29,827 - UnicodeAnalyzer - INFO - Filtrati 3 file (es. in /dist, /test).
2025-11-12 09:47:29,827 - UnicodeAnalyzer - INFO - -> Analizzando versione 5.10.1-alpha.1 (760/3696)...
2025-11-12 09:47:29,828 - UnicodeAnalyzer - INFO - Filtrati 3 file (es. in /dist, /test).
2025-11-12 09:47:29,828 - UnicodeAnalyzer - INFO - -> Analizzando versione 5.10.1-alpha.2 (761/3696)...
2025-11-12 09:47:29,828 - UnicodeAnalyzer - INFO - Filtrati 3 file (es. in /dist, /test).
2025-11-12 09:47:29,828 - UnicodeAnalyzer - INFO - -> Analizzando versione 5.10.1-alpha.3 (762/3696)...
2025-11-12 09:47:29,828 - UnicodeAnalyzer - INFO - Filtrati 3 file (es. in /dist, /test).
2025-11-12 09:47:29,828 - UnicodeAnalyzer - INFO - -> Analizzando versione 5.10.1-alpha.4 (763/3696)...
2025-11-12 09:47:29,828 - UnicodeAnalyzer - INFO - Filtrati 3 file (es. in /dist, /test).
2025-11-12 09:47:29,829 - UnicodeAnalyzer - INFO - -> Analizzando versione 5.10.1-alpha.5 (764/3696)...
2025-11-12 09:47:29,829 - UnicodeAnalyzer - INFO - Filtrati 3 file (es. in /dist, /test).
2025-11-12 09:47:29,829 - UnicodeAnalyzer - INFO - -> Analizzando versione 5.10.1-alpha.6 (765/3696)...
2025-11-12 09:47:29,829 - UnicodeAnalyzer - INFO - Filtrati 3 file (es. in /dist, /test).
2025-11-12 09:47:29,829 - UnicodeAnalyzer - INFO - -> Analizzando versione 5.10.1-alpha.7 (766/3696)...
2025-11-12 09:47:29,829 - UnicodeAnalyzer - INFO - Filtrati 3 file (es. in /dist, /test).
2025-11-12 09:47:29,830 - UnicodeAnalyzer - INFO - -> Analizzando versione 5.10.2 (767/3696)...
2025-11-12 09:47:29,830 - UnicodeAnalyzer - INFO - Filtrati 3 file (es. in /dist, /test).
2025-11-12 09:47:29,830 - UnicodeAnalyzer - INFO - -> Analizzando versione 5.10.2-alpha.0 (768/3696)...
2025-11-12 09:47:29,830 - UnicodeAnalyzer - INFO - Filtrati 3 file (es. in /dist, /test).
2025-11-12 09:47:29,830 - UnicodeAnalyzer - INFO - -> Analizzando versione 5.10.2-alpha.1 (769/3696)...
2025-11-12 09:47:29,830 - UnicodeAnalyzer - INFO - Filtrati 3 file (es. in /dist, /test).
2025-11-12 09:47:29,830 - UnicodeAnalyzer - INFO - -> Analizzando versione 5.10.2-alpha.2 (770/3696)...
2025-11-12 09:47:29,831 - UnicodeAnalyzer - INFO - Filtrati 3 file (es. in /dist, /test).
2025-11-12 09:47:29,831 - UnicodeAnalyzer - INFO - -> Analizzando versione 5.10.2-alpha.3 (771/3696)...
2025-11-12 09:47:29,831 - UnicodeAnalyzer - INFO - Filtrati 3 file (es. in /dist, /test).
2025-11-12 09:47:29,831 - UnicodeAnalyzer - INFO - -> Analizzando versione 5.10.3-alpha.0 (772/3696)...
2025-11-12 09:47:29,831 - UnicodeAnalyzer - INFO - Filtrati 3 file (es. in /dist, /test).
2025-11-12 09:47:29,831 - UnicodeAnalyzer - INFO - -> Analizzando versione 5.10.3-alpha.1 (773/3696)...
2025-11-12 09:47:29,832 - UnicodeAnalyzer - INFO - Filtrati 3 file (es. in /dist, /test).
2025-11-12 09:47:29,832 - UnicodeAnalyzer - INFO - -> Analizzando versione 5.10.3-alpha.2 (774/3696)...
2025-11-12 09:47:29,832 - UnicodeAnalyzer - INFO - Filtrati 3 file (es. in /dist, /test).
2025-11-12 09:47:29,832 - UnicodeAnalyzer - INFO - -> Analizzando versione 5.10.3-alpha.3 (775/3696)...
2025-11-12 09:47:29,832 - UnicodeAnalyzer - INFO - Filtrati 3 file (es. in /dist, /test).
2025-11-12 09:47:29,832 - UnicodeAnalyzer - INFO - -> Analizzando versione 5.10.3-alpha.4 (776/3696)...
2025-11-12 09:47:29,833 - UnicodeAnalyzer - INFO - Filtrati 3 file (es. in /dist, /test).
2025-11-12 09:47:29,833 - UnicodeAnalyzer - INFO - -> Analizzando versione 5.10.3-alpha.5 (777/3696)...
2025-11-12 09:47:29,833 - UnicodeAnalyzer - INFO - Filtrati 3 file (es. in /dist, /test).
2025-11-12 09:47:29,833 - UnicodeAnalyzer - INFO - -> Analizzando versione 5.10.3-alpha.6 (778/3696)...
2025-11-12 09:47:29,833 - UnicodeAnalyzer - INFO - Filtrati 3 file (es. in /dist, /test).
2025-11-12 09:47:29,833 - UnicodeAnalyzer - INFO - -> Analizzando versione 5.10.3-alpha.7 (779/3696)...
2025-11-12 09:47:29,834 - UnicodeAnalyzer - INFO - Filtrati 3 file (es. in /dist, /test).
2025-11-12 09:47:29,834 - UnicodeAnalyzer - INFO - -> Analizzando versione 5.10.3-alpha.8 (780/3696)...
2025-11-12 09:47:29,834 - UnicodeAnalyzer - INFO - Filtrati 3 file (es. in /dist, /test).
2025-11-12 09:47:29,834 - UnicodeAnalyzer - INFO - -> Analizzando versione 5.11.0 (781/3696)...
2025-11-12 09:47:29,834 - UnicodeAnalyzer - INFO - Filtrati 3 file (es. in /dist, /test).
2025-11-12 09:47:29,834 - UnicodeAnalyzer - INFO - -> Analizzando versione 5.11.1-alpha.0 (782/3696)...
2025-11-12 09:47:29,834 - UnicodeAnalyzer - INFO - Filtrati 3 file (es. in /dist, /test).
2025-11-12 09:47:29,834 - UnicodeAnalyzer - INFO - -> Analizzando versione 5.11.1-alpha.1 (783/3696)...
2025-11-12 09:47:29,835 - UnicodeAnalyzer - INFO - Filtrati 3 file (es. in /dist, /test).
2025-11-12 09:47:29,835 - UnicodeAnalyzer - INFO - -> Analizzando versione 5.11.1-alpha.10 (784/3696)...
2025-11-12 09:47:29,835 - UnicodeAnalyzer - INFO - Filtrati 3 file (es. in /dist, /test).
2025-11-12 09:47:29,835 - UnicodeAnalyzer - INFO - -> Analizzando versione 5.11.1-alpha.11 (785/3696)...
2025-11-12 09:47:29,835 - UnicodeAnalyzer - INFO - Filtrati 3 file (es. in /dist, /test).
2025-11-12 09:47:29,835 - UnicodeAnalyzer - INFO - -> Analizzando versione 5.11.1-alpha.12 (786/3696)...
2025-11-12 09:47:29,836 - UnicodeAnalyzer - INFO - Filtrati 3 file (es. in /dist, /test).
2025-11-12 09:47:29,836 - UnicodeAnalyzer - INFO - -> Analizzando versione 5.11.1-alpha.13 (787/3696)...
2025-11-12 09:47:29,836 - UnicodeAnalyzer - INFO - Filtrati 3 file (es. in /dist, /test).
2025-11-12 09:47:29,836 - UnicodeAnalyzer - INFO - -> Analizzando versione 5.11.1-alpha.14 (788/3696)...
2025-11-12 09:47:29,836 - UnicodeAnalyzer - INFO - Filtrati 3 file (es. in /dist, /test).
2025-11-12 09:47:29,836 - UnicodeAnalyzer - INFO - -> Analizzando versione 5.11.1-alpha.15 (789/3696)...
2025-11-12 09:47:29,837 - UnicodeAnalyzer - INFO - Filtrati 3 file (es. in /dist, /test).
2025-11-12 09:47:29,837 - UnicodeAnalyzer - INFO - -> Analizzando versione 5.11.1-alpha.16 (790/3696)...
2025-11-12 09:47:29,837 - UnicodeAnalyzer - INFO - Filtrati 3 file (es. in /dist, /test).
2025-11-12 09:47:29,837 - UnicodeAnalyzer - INFO - -> Analizzando versione 5.11.1-alpha.2 (791/3696)...
2025-11-12 09:47:29,837 - UnicodeAnalyzer - INFO - Filtrati 3 file (es. in /dist, /test).
2025-11-12 09:47:29,837 - UnicodeAnalyzer - INFO - -> Analizzando versione 5.11.1-alpha.3 (792/3696)...
2025-11-12 09:47:29,837 - UnicodeAnalyzer - INFO - Filtrati 3 file (es. in /dist, /test).
2025-11-12 09:47:29,837 - UnicodeAnalyzer - INFO - -> Analizzando versione 5.11.1-alpha.4 (793/3696)...
2025-11-12 09:47:29,838 - UnicodeAnalyzer - INFO - Filtrati 3 file (es. in /dist, /test).
2025-11-12 09:47:29,838 - UnicodeAnalyzer - INFO - -> Analizzando versione 5.11.1-alpha.5 (794/3696)...
2025-11-12 09:47:29,838 - UnicodeAnalyzer - INFO - Filtrati 3 file (es. in /dist, /test).
2025-11-12 09:47:29,838 - UnicodeAnalyzer - INFO - -> Analizzando versione 5.11.1-alpha.6 (795/3696)...
2025-11-12 09:47:29,838 - UnicodeAnalyzer - INFO - Filtrati 3 file (es. in /dist, /test).
2025-11-12 09:47:29,838 - UnicodeAnalyzer - INFO - -> Analizzando versione 5.11.1-alpha.7 (796/3696)...
2025-11-12 09:47:29,839 - UnicodeAnalyzer - INFO - Filtrati 3 file (es. in /dist, /test).
2025-11-12 09:47:29,839 - UnicodeAnalyzer - INFO - -> Analizzando versione 5.11.1-alpha.8 (797/3696)...
2025-11-12 09:47:29,839 - UnicodeAnalyzer - INFO - Filtrati 3 file (es. in /dist, /test).
2025-11-12 09:47:29,839 - UnicodeAnalyzer - INFO - -> Analizzando versione 5.11.1-alpha.9 (798/3696)...
2025-11-12 09:47:29,839 - UnicodeAnalyzer - INFO - Filtrati 3 file (es. in /dist, /test).
2025-11-12 09:47:29,839 - UnicodeAnalyzer - INFO - -> Analizzando versione 5.12.0 (799/3696)...
2025-11-12 09:47:29,839 - UnicodeAnalyzer - INFO - Filtrati 3 file (es. in /dist, /test).
2025-11-12 09:47:29,840 - UnicodeAnalyzer - INFO - -> Analizzando versione 5.12.1 (800/3696)...
2025-11-12 09:47:29,840 - UnicodeAnalyzer - INFO - Filtrati 3 file (es. in /dist, /test).
2025-11-12 09:47:29,840 - UnicodeAnalyzer - INFO - -> Analizzando versione 5.12.1-alpha.0 (801/3696)...
2025-11-12 09:47:29,840 - UnicodeAnalyzer - INFO - Filtrati 3 file (es. in /dist, /test).
2025-11-12 09:47:29,840 - UnicodeAnalyzer - INFO - -> Analizzando versione 5.12.1-alpha.1 (802/3696)...
2025-11-12 09:47:29,840 - UnicodeAnalyzer - INFO - Filtrati 3 file (es. in /dist, /test).
2025-11-12 09:47:29,840 - UnicodeAnalyzer - INFO - -> Analizzando versione 5.12.1-alpha.10 (803/3696)...
2025-11-12 09:47:29,841 - UnicodeAnalyzer - INFO - Filtrati 3 file (es. in /dist, /test).
2025-11-12 09:47:29,841 - UnicodeAnalyzer - INFO - -> Analizzando versione 5.12.1-alpha.11 (804/3696)...
2025-11-12 09:47:29,841 - UnicodeAnalyzer - INFO - Filtrati 3 file (es. in /dist, /test).
2025-11-12 09:47:29,841 - UnicodeAnalyzer - INFO - -> Analizzando versione 5.12.1-alpha.12 (805/3696)...
2025-11-12 09:47:29,841 - UnicodeAnalyzer - INFO - Filtrati 3 file (es. in /dist, /test).
2025-11-12 09:47:29,841 - UnicodeAnalyzer - INFO - -> Analizzando versione 5.12.1-alpha.13 (806/3696)...
2025-11-12 09:47:29,842 - UnicodeAnalyzer - INFO - Filtrati 3 file (es. in /dist, /test).
2025-11-12 09:47:29,842 - UnicodeAnalyzer - INFO - -> Analizzando versione 5.12.1-alpha.14 (807/3696)...
2025-11-12 09:47:29,842 - UnicodeAnalyzer - INFO - Filtrati 3 file (es. in /dist, /test).
2025-11-12 09:47:29,842 - UnicodeAnalyzer - INFO - -> Analizzando versione 5.12.1-alpha.15 (808/3696)...
2025-11-12 09:47:29,842 - UnicodeAnalyzer - INFO - Filtrati 3 file (es. in /dist, /test).
2025-11-12 09:47:29,842 - UnicodeAnalyzer - INFO - -> Analizzando versione 5.12.1-alpha.2 (809/3696)...
2025-11-12 09:47:29,843 - UnicodeAnalyzer - INFO - Filtrati 3 file (es. in /dist, /test).
2025-11-12 09:47:29,843 - UnicodeAnalyzer - INFO - -> Analizzando versione 5.12.1-alpha.3 (810/3696)...
2025-11-12 09:47:29,843 - UnicodeAnalyzer - INFO - Filtrati 3 file (es. in /dist, /test).
2025-11-12 09:47:29,843 - UnicodeAnalyzer - INFO - -> Analizzando versione 5.12.1-alpha.4 (811/3696)...
2025-11-12 09:47:29,843 - UnicodeAnalyzer - INFO - Filtrati 3 file (es. in /dist, /test).
2025-11-12 09:47:29,843 - UnicodeAnalyzer - INFO - -> Analizzando versione 5.12.1-alpha.5 (812/3696)...
2025-11-12 09:47:29,844 - UnicodeAnalyzer - INFO - Filtrati 3 file (es. in /dist, /test).
2025-11-12 09:47:29,844 - UnicodeAnalyzer - INFO - -> Analizzando versione 5.12.1-alpha.6 (813/3696)...
2025-11-12 09:47:29,844 - UnicodeAnalyzer - INFO - Filtrati 3 file (es. in /dist, /test).
2025-11-12 09:47:29,844 - UnicodeAnalyzer - INFO - -> Analizzando versione 5.12.1-alpha.7 (814/3696)...
2025-11-12 09:47:29,844 - UnicodeAnalyzer - INFO - Filtrati 3 file (es. in /dist, /test).
2025-11-12 09:47:29,844 - UnicodeAnalyzer - INFO - -> Analizzando versione 5.12.1-alpha.8 (815/3696)...
2025-11-12 09:47:29,845 - UnicodeAnalyzer - INFO - Filtrati 3 file (es. in /dist, /test).
2025-11-12 09:47:29,845 - UnicodeAnalyzer - INFO - -> Analizzando versione 5.12.1-alpha.9 (816/3696)...
2025-11-12 09:47:29,845 - UnicodeAnalyzer - INFO - Filtrati 3 file (es. in /dist, /test).
2025-11-12 09:47:29,845 - UnicodeAnalyzer - INFO - -> Analizzando versione 5.12.2-alpha.0 (817/3696)...
2025-11-12 09:47:29,845 - UnicodeAnalyzer - INFO - Filtrati 3 file (es. in /dist, /test).
2025-11-12 09:47:29,845 - UnicodeAnalyzer - INFO - -> Analizzando versione 5.12.2-alpha.1 (818/3696)...
2025-11-12 09:47:29,845 - UnicodeAnalyzer - INFO - Filtrati 3 file (es. in /dist, /test).
2025-11-12 09:47:29,845 - UnicodeAnalyzer - INFO - -> Analizzando versione 5.12.2-alpha.10 (819/3696)...
2025-11-12 09:47:29,846 - UnicodeAnalyzer - INFO - Filtrati 3 file (es. in /dist, /test).
2025-11-12 09:47:29,846 - UnicodeAnalyzer - INFO - -> Analizzando versione 5.12.2-alpha.2 (820/3696)...
2025-11-12 09:47:29,846 - UnicodeAnalyzer - INFO - Filtrati 3 file (es. in /dist, /test).
2025-11-12 09:47:29,846 - UnicodeAnalyzer - INFO - -> Analizzando versione 5.12.2-alpha.3 (821/3696)...
2025-11-12 09:47:29,846 - UnicodeAnalyzer - INFO - Filtrati 3 file (es. in /dist, /test).
2025-11-12 09:47:29,846 - UnicodeAnalyzer - INFO - -> Analizzando versione 5.12.2-alpha.4 (822/3696)...
2025-11-12 09:47:29,847 - UnicodeAnalyzer - INFO - Filtrati 3 file (es. in /dist, /test).
2025-11-12 09:47:29,847 - UnicodeAnalyzer - INFO - -> Analizzando versione 5.12.2-alpha.5 (823/3696)...
2025-11-12 09:47:29,847 - UnicodeAnalyzer - INFO - Filtrati 3 file (es. in /dist, /test).
2025-11-12 09:47:29,847 - UnicodeAnalyzer - INFO - -> Analizzando versione 5.12.2-alpha.6 (824/3696)...
2025-11-12 09:47:29,847 - UnicodeAnalyzer - INFO - Filtrati 3 file (es. in /dist, /test).
2025-11-12 09:47:29,847 - UnicodeAnalyzer - INFO - -> Analizzando versione 5.12.2-alpha.7 (825/3696)...
2025-11-12 09:47:29,847 - UnicodeAnalyzer - INFO - Filtrati 3 file (es. in /dist, /test).
2025-11-12 09:47:29,848 - UnicodeAnalyzer - INFO - -> Analizzando versione 5.12.2-alpha.8 (826/3696)...
2025-11-12 09:47:29,848 - UnicodeAnalyzer - INFO - Filtrati 3 file (es. in /dist, /test).
2025-11-12 09:47:29,848 - UnicodeAnalyzer - INFO - -> Analizzando versione 5.12.2-alpha.9 (827/3696)...
2025-11-12 09:47:29,848 - UnicodeAnalyzer - INFO - Filtrati 3 file (es. in /dist, /test).
2025-11-12 09:47:29,848 - UnicodeAnalyzer - INFO - -> Analizzando versione 5.13.0 (828/3696)...
2025-11-12 09:47:29,848 - UnicodeAnalyzer - INFO - Filtrati 3 file (es. in /dist, /test).
2025-11-12 09:47:29,848 - UnicodeAnalyzer - INFO - -> Analizzando versione 5.13.1-alpha.0 (829/3696)...
2025-11-12 09:47:29,849 - UnicodeAnalyzer - INFO - Filtrati 3 file (es. in /dist, /test).
2025-11-12 09:47:29,849 - UnicodeAnalyzer - INFO - -> Analizzando versione 5.13.1-alpha.1 (830/3696)...
2025-11-12 09:47:29,849 - UnicodeAnalyzer - INFO - Filtrati 3 file (es. in /dist, /test).
2025-11-12 09:47:29,849 - UnicodeAnalyzer - INFO - -> Analizzando versione 5.13.1-alpha.10 (831/3696)...
2025-11-12 09:47:29,849 - UnicodeAnalyzer - INFO - Filtrati 3 file (es. in /dist, /test).
2025-11-12 09:47:29,849 - UnicodeAnalyzer - INFO - -> Analizzando versione 5.13.1-alpha.11 (832/3696)...
2025-11-12 09:47:29,850 - UnicodeAnalyzer - INFO - Filtrati 3 file (es. in /dist, /test).
2025-11-12 09:47:29,850 - UnicodeAnalyzer - INFO - -> Analizzando versione 5.13.1-alpha.12 (833/3696)...
2025-11-12 09:47:29,850 - UnicodeAnalyzer - INFO - Filtrati 3 file (es. in /dist, /test).
2025-11-12 09:47:29,850 - UnicodeAnalyzer - INFO - -> Analizzando versione 5.13.1-alpha.13 (834/3696)...
2025-11-12 09:47:29,850 - UnicodeAnalyzer - INFO - Filtrati 3 file (es. in /dist, /test).
2025-11-12 09:47:29,850 - UnicodeAnalyzer - INFO - -> Analizzando versione 5.13.1-alpha.14 (835/3696)...
2025-11-12 09:47:29,850 - UnicodeAnalyzer - INFO - Filtrati 3 file (es. in /dist, /test).
2025-11-12 09:47:29,851 - UnicodeAnalyzer - INFO - -> Analizzando versione 5.13.1-alpha.15 (836/3696)...
2025-11-12 09:47:29,851 - UnicodeAnalyzer - INFO - Filtrati 3 file (es. in /dist, /test).
2025-11-12 09:47:29,851 - UnicodeAnalyzer - INFO - -> Analizzando versione 5.13.1-alpha.16 (837/3696)...
2025-11-12 09:47:29,851 - UnicodeAnalyzer - INFO - Filtrati 3 file (es. in /dist, /test).
2025-11-12 09:47:29,851 - UnicodeAnalyzer - INFO - -> Analizzando versione 5.13.1-alpha.17 (838/3696)...
2025-11-12 09:47:29,851 - UnicodeAnalyzer - INFO - Filtrati 3 file (es. in /dist, /test).
2025-11-12 09:47:29,851 - UnicodeAnalyzer - INFO - -> Analizzando versione 5.13.1-alpha.18 (839/3696)...
2025-11-12 09:47:29,852 - UnicodeAnalyzer - INFO - Filtrati 3 file (es. in /dist, /test).
2025-11-12 09:47:29,852 - UnicodeAnalyzer - INFO - -> Analizzando versione 5.13.1-alpha.19 (840/3696)...
2025-11-12 09:47:29,852 - UnicodeAnalyzer - INFO - Filtrati 3 file (es. in /dist, /test).
2025-11-12 09:47:29,852 - UnicodeAnalyzer - INFO - -> Analizzando versione 5.13.1-alpha.2 (841/3696)...
2025-11-12 09:47:29,852 - UnicodeAnalyzer - INFO - Filtrati 3 file (es. in /dist, /test).
2025-11-12 09:47:29,852 - UnicodeAnalyzer - INFO - -> Analizzando versione 5.13.1-alpha.20 (842/3696)...
2025-11-12 09:47:29,853 - UnicodeAnalyzer - INFO - Filtrati 3 file (es. in /dist, /test).
2025-11-12 09:47:29,853 - UnicodeAnalyzer - INFO - -> Analizzando versione 5.13.1-alpha.21 (843/3696)...
2025-11-12 09:47:29,853 - UnicodeAnalyzer - INFO - Filtrati 3 file (es. in /dist, /test).
2025-11-12 09:47:29,853 - UnicodeAnalyzer - INFO - -> Analizzando versione 5.13.1-alpha.3 (844/3696)...
2025-11-12 09:47:29,853 - UnicodeAnalyzer - INFO - Filtrati 3 file (es. in /dist, /test).
2025-11-12 09:47:29,853 - UnicodeAnalyzer - INFO - -> Analizzando versione 5.13.1-alpha.4 (845/3696)...
2025-11-12 09:47:29,854 - UnicodeAnalyzer - INFO - Filtrati 3 file (es. in /dist, /test).
2025-11-12 09:47:29,854 - UnicodeAnalyzer - INFO - -> Analizzando versione 5.13.1-alpha.5 (846/3696)...
2025-11-12 09:47:29,854 - UnicodeAnalyzer - INFO - Filtrati 3 file (es. in /dist, /test).
2025-11-12 09:47:29,854 - UnicodeAnalyzer - INFO - -> Analizzando versione 5.13.1-alpha.6 (847/3696)...
2025-11-12 09:47:29,854 - UnicodeAnalyzer - INFO - Filtrati 3 file (es. in /dist, /test).
2025-11-12 09:47:29,854 - UnicodeAnalyzer - INFO - -> Analizzando versione 5.13.1-alpha.7 (848/3696)...
2025-11-12 09:47:29,854 - UnicodeAnalyzer - INFO - Filtrati 3 file (es. in /dist, /test).
2025-11-12 09:47:29,855 - UnicodeAnalyzer - INFO - -> Analizzando versione 5.13.1-alpha.8 (849/3696)...
2025-11-12 09:47:29,855 - UnicodeAnalyzer - INFO - Filtrati 3 file (es. in /dist, /test).
2025-11-12 09:47:29,855 - UnicodeAnalyzer - INFO - -> Analizzando versione 5.13.1-alpha.9 (850/3696)...
2025-11-12 09:47:29,855 - UnicodeAnalyzer - INFO - Filtrati 3 file (es. in /dist, /test).
2025-11-12 09:47:29,855 - UnicodeAnalyzer - INFO - -> Analizzando versione 5.14.0 (851/3696)...
2025-11-12 09:47:29,855 - UnicodeAnalyzer - INFO - Filtrati 3 file (es. in /dist, /test).
2025-11-12 09:47:29,856 - UnicodeAnalyzer - INFO - -> Analizzando versione 5.14.1-alpha.0 (852/3696)...
2025-11-12 09:47:29,856 - UnicodeAnalyzer - INFO - Filtrati 3 file (es. in /dist, /test).
2025-11-12 09:47:29,856 - UnicodeAnalyzer - INFO - -> Analizzando versione 5.14.1-alpha.1 (853/3696)...
2025-11-12 09:47:29,856 - UnicodeAnalyzer - INFO - Filtrati 3 file (es. in /dist, /test).
2025-11-12 09:47:29,856 - UnicodeAnalyzer - INFO - -> Analizzando versione 5.14.1-alpha.10 (854/3696)...
2025-11-12 09:47:29,856 - UnicodeAnalyzer - INFO - Filtrati 3 file (es. in /dist, /test).
2025-11-12 09:47:29,856 - UnicodeAnalyzer - INFO - -> Analizzando versione 5.14.1-alpha.11 (855/3696)...
2025-11-12 09:47:29,857 - UnicodeAnalyzer - INFO - Filtrati 3 file (es. in /dist, /test).
2025-11-12 09:47:29,857 - UnicodeAnalyzer - INFO - -> Analizzando versione 5.14.1-alpha.12 (856/3696)...
2025-11-12 09:47:29,857 - UnicodeAnalyzer - INFO - Filtrati 3 file (es. in /dist, /test).
2025-11-12 09:47:29,857 - UnicodeAnalyzer - INFO - -> Analizzando versione 5.14.1-alpha.13 (857/3696)...
2025-11-12 09:47:29,857 - UnicodeAnalyzer - INFO - Filtrati 3 file (es. in /dist, /test).
2025-11-12 09:47:29,857 - UnicodeAnalyzer - INFO - -> Analizzando versione 5.14.1-alpha.14 (858/3696)...
2025-11-12 09:47:29,857 - UnicodeAnalyzer - INFO - Filtrati 3 file (es. in /dist, /test).
2025-11-12 09:47:29,858 - UnicodeAnalyzer - INFO - -> Analizzando versione 5.14.1-alpha.15 (859/3696)...
2025-11-12 09:47:29,858 - UnicodeAnalyzer - INFO - Filtrati 3 file (es. in /dist, /test).
2025-11-12 09:47:29,858 - UnicodeAnalyzer - INFO - -> Analizzando versione 5.14.1-alpha.16 (860/3696)...
2025-11-12 09:47:29,858 - UnicodeAnalyzer - INFO - Filtrati 3 file (es. in /dist, /test).
2025-11-12 09:47:29,858 - UnicodeAnalyzer - INFO - -> Analizzando versione 5.14.1-alpha.17 (861/3696)...
2025-11-12 09:47:29,858 - UnicodeAnalyzer - INFO - Filtrati 3 file (es. in /dist, /test).
2025-11-12 09:47:29,858 - UnicodeAnalyzer - INFO - -> Analizzando versione 5.14.1-alpha.18 (862/3696)...
2025-11-12 09:47:29,859 - UnicodeAnalyzer - INFO - Filtrati 3 file (es. in /dist, /test).
2025-11-12 09:47:29,859 - UnicodeAnalyzer - INFO - -> Analizzando versione 5.14.1-alpha.19 (863/3696)...
2025-11-12 09:47:29,859 - UnicodeAnalyzer - INFO - Filtrati 3 file (es. in /dist, /test).
2025-11-12 09:47:29,859 - UnicodeAnalyzer - INFO - -> Analizzando versione 5.14.1-alpha.2 (864/3696)...
2025-11-12 09:47:29,859 - UnicodeAnalyzer - INFO - Filtrati 3 file (es. in /dist, /test).
2025-11-12 09:47:29,859 - UnicodeAnalyzer - INFO - -> Analizzando versione 5.14.1-alpha.20 (865/3696)...
2025-11-12 09:47:29,860 - UnicodeAnalyzer - INFO - Filtrati 3 file (es. in /dist, /test).
2025-11-12 09:47:29,860 - UnicodeAnalyzer - INFO - -> Analizzando versione 5.14.1-alpha.21 (866/3696)...
2025-11-12 09:47:29,860 - UnicodeAnalyzer - INFO - Filtrati 3 file (es. in /dist, /test).
2025-11-12 09:47:29,860 - UnicodeAnalyzer - INFO - -> Analizzando versione 5.14.1-alpha.22 (867/3696)...
2025-11-12 09:47:29,860 - UnicodeAnalyzer - INFO - Filtrati 3 file (es. in /dist, /test).
2025-11-12 09:47:29,860 - UnicodeAnalyzer - INFO - -> Analizzando versione 5.14.1-alpha.3 (868/3696)...
2025-11-12 09:47:29,861 - UnicodeAnalyzer - INFO - Filtrati 3 file (es. in /dist, /test).
2025-11-12 09:47:29,861 - UnicodeAnalyzer - INFO - -> Analizzando versione 5.14.1-alpha.4 (869/3696)...
2025-11-12 09:47:29,861 - UnicodeAnalyzer - INFO - Filtrati 3 file (es. in /dist, /test).
2025-11-12 09:47:29,861 - UnicodeAnalyzer - INFO - -> Analizzando versione 5.14.1-alpha.5 (870/3696)...
2025-11-12 09:47:29,861 - UnicodeAnalyzer - INFO - Filtrati 3 file (es. in /dist, /test).
2025-11-12 09:47:29,861 - UnicodeAnalyzer - INFO - -> Analizzando versione 5.14.1-alpha.6 (871/3696)...
2025-11-12 09:47:29,862 - UnicodeAnalyzer - INFO - Filtrati 3 file (es. in /dist, /test).
2025-11-12 09:47:29,862 - UnicodeAnalyzer - INFO - -> Analizzando versione 5.14.1-alpha.7 (872/3696)...
2025-11-12 09:47:29,862 - UnicodeAnalyzer - INFO - Filtrati 3 file (es. in /dist, /test).
2025-11-12 09:47:29,862 - UnicodeAnalyzer - INFO - -> Analizzando versione 5.14.1-alpha.8 (873/3696)...
2025-11-12 09:47:29,862 - UnicodeAnalyzer - INFO - Filtrati 3 file (es. in /dist, /test).
2025-11-12 09:47:29,862 - UnicodeAnalyzer - INFO - -> Analizzando versione 5.14.1-alpha.9 (874/3696)...
2025-11-12 09:47:29,862 - UnicodeAnalyzer - INFO - Filtrati 3 file (es. in /dist, /test).
2025-11-12 09:47:29,863 - UnicodeAnalyzer - INFO - -> Analizzando versione 5.15.0 (875/3696)...
2025-11-12 09:47:29,863 - UnicodeAnalyzer - INFO - Filtrati 3 file (es. in /dist, /test).
2025-11-12 09:47:29,863 - UnicodeAnalyzer - INFO - -> Analizzando versione 5.15.1-alpha.0 (876/3696)...
2025-11-12 09:47:29,863 - UnicodeAnalyzer - INFO - Filtrati 3 file (es. in /dist, /test).
2025-11-12 09:47:29,863 - UnicodeAnalyzer - INFO - -> Analizzando versione 5.15.1-alpha.1 (877/3696)...
2025-11-12 09:47:29,864 - UnicodeAnalyzer - INFO - Filtrati 3 file (es. in /dist, /test).
2025-11-12 09:47:29,864 - UnicodeAnalyzer - INFO - -> Analizzando versione 5.15.1-alpha.2 (878/3696)...
2025-11-12 09:47:29,864 - UnicodeAnalyzer - INFO - Filtrati 3 file (es. in /dist, /test).
2025-11-12 09:47:29,864 - UnicodeAnalyzer - INFO - -> Analizzando versione 5.15.1-alpha.3 (879/3696)...
2025-11-12 09:47:29,864 - UnicodeAnalyzer - INFO - Filtrati 3 file (es. in /dist, /test).
2025-11-12 09:47:29,864 - UnicodeAnalyzer - INFO - -> Analizzando versione 5.15.1-alpha.4 (880/3696)...
2025-11-12 09:47:29,864 - UnicodeAnalyzer - INFO - Filtrati 3 file (es. in /dist, /test).
2025-11-12 09:47:29,865 - UnicodeAnalyzer - INFO - -> Analizzando versione 5.15.1-alpha.5 (881/3696)...
2025-11-12 09:47:29,865 - UnicodeAnalyzer - INFO - Filtrati 3 file (es. in /dist, /test).
2025-11-12 09:47:29,865 - UnicodeAnalyzer - INFO - -> Analizzando versione 5.15.1-alpha.6 (882/3696)...
2025-11-12 09:47:29,865 - UnicodeAnalyzer - INFO - Filtrati 3 file (es. in /dist, /test).
2025-11-12 09:47:29,865 - UnicodeAnalyzer - INFO - -> Analizzando versione 5.16.0 (883/3696)...
2025-11-12 09:47:29,865 - UnicodeAnalyzer - INFO - Filtrati 3 file (es. in /dist, /test).
2025-11-12 09:47:29,865 - UnicodeAnalyzer - INFO - -> Analizzando versione 5.16.1-alpha.0 (884/3696)...
2025-11-12 09:47:29,866 - UnicodeAnalyzer - INFO - Filtrati 3 file (es. in /dist, /test).
2025-11-12 09:47:29,866 - UnicodeAnalyzer - INFO - -> Analizzando versione 5.16.1-alpha.1 (885/3696)...
2025-11-12 09:47:29,866 - UnicodeAnalyzer - INFO - Filtrati 3 file (es. in /dist, /test).
2025-11-12 09:47:29,866 - UnicodeAnalyzer - INFO - -> Analizzando versione 5.16.1-alpha.10 (886/3696)...
2025-11-12 09:47:29,866 - UnicodeAnalyzer - INFO - Filtrati 3 file (es. in /dist, /test).
2025-11-12 09:47:29,866 - UnicodeAnalyzer - INFO - -> Analizzando versione 5.16.1-alpha.11 (887/3696)...
2025-11-12 09:47:29,867 - UnicodeAnalyzer - INFO - Filtrati 3 file (es. in /dist, /test).
2025-11-12 09:47:29,867 - UnicodeAnalyzer - INFO - -> Analizzando versione 5.16.1-alpha.12 (888/3696)...
2025-11-12 09:47:29,867 - UnicodeAnalyzer - INFO - Filtrati 3 file (es. in /dist, /test).
2025-11-12 09:47:29,867 - UnicodeAnalyzer - INFO - -> Analizzando versione 5.16.1-alpha.13 (889/3696)...
2025-11-12 09:47:29,867 - UnicodeAnalyzer - INFO - Filtrati 3 file (es. in /dist, /test).
2025-11-12 09:47:29,867 - UnicodeAnalyzer - INFO - -> Analizzando versione 5.16.1-alpha.14 (890/3696)...
2025-11-12 09:47:29,868 - UnicodeAnalyzer - INFO - Filtrati 3 file (es. in /dist, /test).
2025-11-12 09:47:29,868 - UnicodeAnalyzer - INFO - -> Analizzando versione 5.16.1-alpha.15 (891/3696)...
2025-11-12 09:47:29,868 - UnicodeAnalyzer - INFO - Filtrati 3 file (es. in /dist, /test).
2025-11-12 09:47:29,868 - UnicodeAnalyzer - INFO - -> Analizzando versione 5.16.1-alpha.16 (892/3696)...
2025-11-12 09:47:29,868 - UnicodeAnalyzer - INFO - Filtrati 3 file (es. in /dist, /test).
2025-11-12 09:47:29,868 - UnicodeAnalyzer - INFO - -> Analizzando versione 5.16.1-alpha.17 (893/3696)...
2025-11-12 09:47:29,869 - UnicodeAnalyzer - INFO - Filtrati 3 file (es. in /dist, /test).
2025-11-12 09:47:29,869 - UnicodeAnalyzer - INFO - -> Analizzando versione 5.16.1-alpha.18 (894/3696)...
2025-11-12 09:47:29,869 - UnicodeAnalyzer - INFO - Filtrati 3 file (es. in /dist, /test).
2025-11-12 09:47:29,869 - UnicodeAnalyzer - INFO - -> Analizzando versione 5.16.1-alpha.19 (895/3696)...
2025-11-12 09:47:29,869 - UnicodeAnalyzer - INFO - Filtrati 3 file (es. in /dist, /test).
2025-11-12 09:47:29,869 - UnicodeAnalyzer - INFO - -> Analizzando versione 5.16.1-alpha.2 (896/3696)...
2025-11-12 09:47:29,870 - UnicodeAnalyzer - INFO - Filtrati 3 file (es. in /dist, /test).
2025-11-12 09:47:29,870 - UnicodeAnalyzer - INFO - -> Analizzando versione 5.16.1-alpha.20 (897/3696)...
2025-11-12 09:47:29,870 - UnicodeAnalyzer - INFO - Filtrati 3 file (es. in /dist, /test).
2025-11-12 09:47:29,870 - UnicodeAnalyzer - INFO - -> Analizzando versione 5.16.1-alpha.3 (898/3696)...
2025-11-12 09:47:29,870 - UnicodeAnalyzer - INFO - Filtrati 3 file (es. in /dist, /test).
2025-11-12 09:47:29,870 - UnicodeAnalyzer - INFO - -> Analizzando versione 5.16.1-alpha.4 (899/3696)...
2025-11-12 09:47:29,871 - UnicodeAnalyzer - INFO - Filtrati 3 file (es. in /dist, /test).
2025-11-12 09:47:29,871 - UnicodeAnalyzer - INFO - -> Analizzando versione 5.16.1-alpha.5 (900/3696)...
2025-11-12 09:47:29,871 - UnicodeAnalyzer - INFO - Filtrati 3 file (es. in /dist, /test).
2025-11-12 09:47:29,871 - UnicodeAnalyzer - INFO - -> Analizzando versione 5.16.1-alpha.6 (901/3696)...
2025-11-12 09:47:29,871 - UnicodeAnalyzer - INFO - Filtrati 3 file (es. in /dist, /test).
2025-11-12 09:47:29,871 - UnicodeAnalyzer - INFO - -> Analizzando versione 5.16.1-alpha.7 (902/3696)...
2025-11-12 09:47:29,871 - UnicodeAnalyzer - INFO - Filtrati 3 file (es. in /dist, /test).
2025-11-12 09:47:29,871 - UnicodeAnalyzer - INFO - -> Analizzando versione 5.16.1-alpha.8 (903/3696)...
2025-11-12 09:47:29,872 - UnicodeAnalyzer - INFO - Filtrati 3 file (es. in /dist, /test).
2025-11-12 09:47:29,872 - UnicodeAnalyzer - INFO - -> Analizzando versione 5.16.1-alpha.9 (904/3696)...
2025-11-12 09:47:29,872 - UnicodeAnalyzer - INFO - Filtrati 3 file (es. in /dist, /test).
2025-11-12 09:47:29,872 - UnicodeAnalyzer - INFO - -> Analizzando versione 5.17.0 (905/3696)...
2025-11-12 09:47:29,872 - UnicodeAnalyzer - INFO - Filtrati 3 file (es. in /dist, /test).
2025-11-12 09:47:29,872 - UnicodeAnalyzer - INFO - -> Analizzando versione 5.17.1-alpha.0 (906/3696)...
2025-11-12 09:47:29,873 - UnicodeAnalyzer - INFO - Filtrati 3 file (es. in /dist, /test).
2025-11-12 09:47:29,873 - UnicodeAnalyzer - INFO - -> Analizzando versione 5.17.1-alpha.1 (907/3696)...
2025-11-12 09:47:29,873 - UnicodeAnalyzer - INFO - Filtrati 3 file (es. in /dist, /test).
2025-11-12 09:47:29,873 - UnicodeAnalyzer - INFO - -> Analizzando versione 5.17.1-alpha.10 (908/3696)...
2025-11-12 09:47:29,873 - UnicodeAnalyzer - INFO - Filtrati 3 file (es. in /dist, /test).
2025-11-12 09:47:29,873 - UnicodeAnalyzer - INFO - -> Analizzando versione 5.17.1-alpha.2 (909/3696)...
2025-11-12 09:47:29,874 - UnicodeAnalyzer - INFO - Filtrati 3 file (es. in /dist, /test).
2025-11-12 09:47:29,874 - UnicodeAnalyzer - INFO - -> Analizzando versione 5.17.1-alpha.3 (910/3696)...
2025-11-12 09:47:29,874 - UnicodeAnalyzer - INFO - Filtrati 3 file (es. in /dist, /test).
2025-11-12 09:47:29,874 - UnicodeAnalyzer - INFO - -> Analizzando versione 5.17.1-alpha.4 (911/3696)...
2025-11-12 09:47:29,874 - UnicodeAnalyzer - INFO - Filtrati 3 file (es. in /dist, /test).
2025-11-12 09:47:29,874 - UnicodeAnalyzer - INFO - -> Analizzando versione 5.17.1-alpha.5 (912/3696)...
2025-11-12 09:47:29,874 - UnicodeAnalyzer - INFO - Filtrati 3 file (es. in /dist, /test).
2025-11-12 09:47:29,875 - UnicodeAnalyzer - INFO - -> Analizzando versione 5.17.1-alpha.6 (913/3696)...
2025-11-12 09:47:29,875 - UnicodeAnalyzer - INFO - Filtrati 3 file (es. in /dist, /test).
2025-11-12 09:47:29,875 - UnicodeAnalyzer - INFO - -> Analizzando versione 5.17.1-alpha.7 (914/3696)...
2025-11-12 09:47:29,875 - UnicodeAnalyzer - INFO - Filtrati 3 file (es. in /dist, /test).
2025-11-12 09:47:29,875 - UnicodeAnalyzer - INFO - -> Analizzando versione 5.17.1-alpha.8 (915/3696)...
2025-11-12 09:47:29,875 - UnicodeAnalyzer - INFO - Filtrati 3 file (es. in /dist, /test).
2025-11-12 09:47:29,875 - UnicodeAnalyzer - INFO - -> Analizzando versione 5.17.1-alpha.9 (916/3696)...
2025-11-12 09:47:29,876 - UnicodeAnalyzer - INFO - Filtrati 3 file (es. in /dist, /test).
2025-11-12 09:47:29,876 - UnicodeAnalyzer - INFO - -> Analizzando versione 5.18.0 (917/3696)...
2025-11-12 09:47:29,876 - UnicodeAnalyzer - INFO - Filtrati 3 file (es. in /dist, /test).
2025-11-12 09:47:29,876 - UnicodeAnalyzer - INFO - -> Analizzando versione 5.18.1-alpha.0 (918/3696)...
2025-11-12 09:47:29,876 - UnicodeAnalyzer - INFO - Filtrati 3 file (es. in /dist, /test).
2025-11-12 09:47:29,876 - UnicodeAnalyzer - INFO - -> Analizzando versione 5.18.1-alpha.1 (919/3696)...
2025-11-12 09:47:29,877 - UnicodeAnalyzer - INFO - Filtrati 3 file (es. in /dist, /test).
2025-11-12 09:47:29,877 - UnicodeAnalyzer - INFO - -> Analizzando versione 5.18.1-alpha.10 (920/3696)...
2025-11-12 09:47:29,877 - UnicodeAnalyzer - INFO - Filtrati 3 file (es. in /dist, /test).
2025-11-12 09:47:29,877 - UnicodeAnalyzer - INFO - -> Analizzando versione 5.18.1-alpha.11 (921/3696)...
2025-11-12 09:47:29,877 - UnicodeAnalyzer - INFO - Filtrati 3 file (es. in /dist, /test).
2025-11-12 09:47:29,877 - UnicodeAnalyzer - INFO - -> Analizzando versione 5.18.1-alpha.2 (922/3696)...
2025-11-12 09:47:29,878 - UnicodeAnalyzer - INFO - Filtrati 3 file (es. in /dist, /test).
2025-11-12 09:47:29,878 - UnicodeAnalyzer - INFO - -> Analizzando versione 5.18.1-alpha.3 (923/3696)...
2025-11-12 09:47:29,878 - UnicodeAnalyzer - INFO - Filtrati 3 file (es. in /dist, /test).
2025-11-12 09:47:29,878 - UnicodeAnalyzer - INFO - -> Analizzando versione 5.18.1-alpha.4 (924/3696)...
2025-11-12 09:47:29,878 - UnicodeAnalyzer - INFO - Filtrati 3 file (es. in /dist, /test).
2025-11-12 09:47:29,878 - UnicodeAnalyzer - INFO - -> Analizzando versione 5.18.1-alpha.5 (925/3696)...
2025-11-12 09:47:29,879 - UnicodeAnalyzer - INFO - Filtrati 3 file (es. in /dist, /test).
2025-11-12 09:47:29,879 - UnicodeAnalyzer - INFO - -> Analizzando versione 5.18.1-alpha.6 (926/3696)...
2025-11-12 09:47:29,879 - UnicodeAnalyzer - INFO - Filtrati 3 file (es. in /dist, /test).
2025-11-12 09:47:29,879 - UnicodeAnalyzer - INFO - -> Analizzando versione 5.18.1-alpha.7 (927/3696)...
2025-11-12 09:47:29,879 - UnicodeAnalyzer - INFO - Filtrati 3 file (es. in /dist, /test).
2025-11-12 09:47:29,879 - UnicodeAnalyzer - INFO - -> Analizzando versione 5.18.1-alpha.8 (928/3696)...
2025-11-12 09:47:29,880 - UnicodeAnalyzer - INFO - Filtrati 3 file (es. in /dist, /test).
2025-11-12 09:47:29,880 - UnicodeAnalyzer - INFO - -> Analizzando versione 5.18.1-alpha.9 (929/3696)...
2025-11-12 09:47:29,880 - UnicodeAnalyzer - INFO - Filtrati 3 file (es. in /dist, /test).
2025-11-12 09:47:29,880 - UnicodeAnalyzer - INFO - -> Analizzando versione 5.19.0 (930/3696)...
2025-11-12 09:47:29,880 - UnicodeAnalyzer - INFO - Filtrati 3 file (es. in /dist, /test).
2025-11-12 09:47:29,880 - UnicodeAnalyzer - INFO - -> Analizzando versione 5.19.1-alpha.0 (931/3696)...
2025-11-12 09:47:29,881 - UnicodeAnalyzer - INFO - Filtrati 3 file (es. in /dist, /test).
2025-11-12 09:47:29,881 - UnicodeAnalyzer - INFO - -> Analizzando versione 5.19.1-alpha.1 (932/3696)...
2025-11-12 09:47:29,881 - UnicodeAnalyzer - INFO - Filtrati 3 file (es. in /dist, /test).
2025-11-12 09:47:29,881 - UnicodeAnalyzer - INFO - -> Analizzando versione 5.19.1-alpha.10 (933/3696)...
2025-11-12 09:47:29,881 - UnicodeAnalyzer - INFO - Filtrati 3 file (es. in /dist, /test).
2025-11-12 09:47:29,881 - UnicodeAnalyzer - INFO - -> Analizzando versione 5.19.1-alpha.11 (934/3696)...
2025-11-12 09:47:29,881 - UnicodeAnalyzer - INFO - Filtrati 3 file (es. in /dist, /test).
2025-11-12 09:47:29,882 - UnicodeAnalyzer - INFO - -> Analizzando versione 5.19.1-alpha.12 (935/3696)...
2025-11-12 09:47:29,882 - UnicodeAnalyzer - INFO - Filtrati 3 file (es. in /dist, /test).
2025-11-12 09:47:29,882 - UnicodeAnalyzer - INFO - -> Analizzando versione 5.19.1-alpha.13 (936/3696)...
2025-11-12 09:47:29,882 - UnicodeAnalyzer - INFO - Filtrati 3 file (es. in /dist, /test).
2025-11-12 09:47:29,882 - UnicodeAnalyzer - INFO - -> Analizzando versione 5.19.1-alpha.14 (937/3696)...
2025-11-12 09:47:29,882 - UnicodeAnalyzer - INFO - Filtrati 3 file (es. in /dist, /test).
2025-11-12 09:47:29,882 - UnicodeAnalyzer - INFO - -> Analizzando versione 5.19.1-alpha.15 (938/3696)...
2025-11-12 09:47:29,883 - UnicodeAnalyzer - INFO - Filtrati 3 file (es. in /dist, /test).
2025-11-12 09:47:29,883 - UnicodeAnalyzer - INFO - -> Analizzando versione 5.19.1-alpha.2 (939/3696)...
2025-11-12 09:47:29,883 - UnicodeAnalyzer - INFO - Filtrati 3 file (es. in /dist, /test).
2025-11-12 09:47:29,883 - UnicodeAnalyzer - INFO - -> Analizzando versione 5.19.1-alpha.3 (940/3696)...
2025-11-12 09:47:29,883 - UnicodeAnalyzer - INFO - Filtrati 3 file (es. in /dist, /test).
2025-11-12 09:47:29,883 - UnicodeAnalyzer - INFO - -> Analizzando versione 5.19.1-alpha.4 (941/3696)...
2025-11-12 09:47:29,884 - UnicodeAnalyzer - INFO - Filtrati 3 file (es. in /dist, /test).
2025-11-12 09:47:29,884 - UnicodeAnalyzer - INFO - -> Analizzando versione 5.19.1-alpha.5 (942/3696)...
2025-11-12 09:47:29,884 - UnicodeAnalyzer - INFO - Filtrati 3 file (es. in /dist, /test).
2025-11-12 09:47:29,884 - UnicodeAnalyzer - INFO - -> Analizzando versione 5.19.1-alpha.6 (943/3696)...
2025-11-12 09:47:29,884 - UnicodeAnalyzer - INFO - Filtrati 3 file (es. in /dist, /test).
2025-11-12 09:47:29,884 - UnicodeAnalyzer - INFO - -> Analizzando versione 5.19.1-alpha.7 (944/3696)...
2025-11-12 09:47:29,884 - UnicodeAnalyzer - INFO - Filtrati 3 file (es. in /dist, /test).
2025-11-12 09:47:29,885 - UnicodeAnalyzer - INFO - -> Analizzando versione 5.19.1-alpha.8 (945/3696)...
2025-11-12 09:47:29,885 - UnicodeAnalyzer - INFO - Filtrati 3 file (es. in /dist, /test).
2025-11-12 09:47:29,885 - UnicodeAnalyzer - INFO - -> Analizzando versione 5.19.1-alpha.9 (946/3696)...
2025-11-12 09:47:29,885 - UnicodeAnalyzer - INFO - Filtrati 3 file (es. in /dist, /test).
2025-11-12 09:47:29,885 - UnicodeAnalyzer - INFO - -> Analizzando versione 5.2.0 (947/3696)...
2025-11-12 09:47:29,885 - UnicodeAnalyzer - INFO - Filtrati 3 file (es. in /dist, /test).
2025-11-12 09:47:29,886 - UnicodeAnalyzer - INFO - -> Analizzando versione 5.2.1-alpha.0 (948/3696)...
2025-11-12 09:47:29,886 - UnicodeAnalyzer - INFO - Filtrati 3 file (es. in /dist, /test).
2025-11-12 09:47:29,886 - UnicodeAnalyzer - INFO - -> Analizzando versione 5.2.1-alpha.3 (949/3696)...
2025-11-12 09:47:29,886 - UnicodeAnalyzer - INFO - Filtrati 3 file (es. in /dist, /test).
2025-11-12 09:47:29,886 - UnicodeAnalyzer - INFO - -> Analizzando versione 5.2.1-alpha.4 (950/3696)...
2025-11-12 09:47:29,887 - UnicodeAnalyzer - INFO - Filtrati 3 file (es. in /dist, /test).
2025-11-12 09:47:29,887 - UnicodeAnalyzer - INFO - -> Analizzando versione 5.2.1-alpha.5 (951/3696)...
2025-11-12 09:47:29,887 - UnicodeAnalyzer - INFO - Filtrati 3 file (es. in /dist, /test).
2025-11-12 09:47:29,887 - UnicodeAnalyzer - INFO - -> Analizzando versione 5.2.1-alpha.6 (952/3696)...
2025-11-12 09:47:29,887 - UnicodeAnalyzer - INFO - Filtrati 3 file (es. in /dist, /test).
2025-11-12 09:47:29,887 - UnicodeAnalyzer - INFO - -> Analizzando versione 5.2.1-alpha.7 (953/3696)...
2025-11-12 09:47:29,887 - UnicodeAnalyzer - INFO - Filtrati 3 file (es. in /dist, /test).
2025-11-12 09:47:29,888 - UnicodeAnalyzer - INFO - -> Analizzando versione 5.2.1-alpha.8 (954/3696)...
2025-11-12 09:47:29,888 - UnicodeAnalyzer - INFO - Filtrati 3 file (es. in /dist, /test).
2025-11-12 09:47:29,888 - UnicodeAnalyzer - INFO - -> Analizzando versione 5.20.0 (955/3696)...
2025-11-12 09:47:29,888 - UnicodeAnalyzer - INFO - Filtrati 3 file (es. in /dist, /test).
2025-11-12 09:47:29,888 - UnicodeAnalyzer - INFO - -> Analizzando versione 5.20.1-alpha.0 (956/3696)...
2025-11-12 09:47:29,888 - UnicodeAnalyzer - INFO - Filtrati 3 file (es. in /dist, /test).
2025-11-12 09:47:29,889 - UnicodeAnalyzer - INFO - -> Analizzando versione 5.20.1-alpha.1 (957/3696)...
2025-11-12 09:47:29,889 - UnicodeAnalyzer - INFO - Filtrati 3 file (es. in /dist, /test).
2025-11-12 09:47:29,889 - UnicodeAnalyzer - INFO - -> Analizzando versione 5.20.1-alpha.10 (958/3696)...
2025-11-12 09:47:29,889 - UnicodeAnalyzer - INFO - Filtrati 3 file (es. in /dist, /test).
2025-11-12 09:47:29,889 - UnicodeAnalyzer - INFO - -> Analizzando versione 5.20.1-alpha.11 (959/3696)...
2025-11-12 09:47:29,889 - UnicodeAnalyzer - INFO - Filtrati 3 file (es. in /dist, /test).
2025-11-12 09:47:29,889 - UnicodeAnalyzer - INFO - -> Analizzando versione 5.20.1-alpha.12 (960/3696)...
2025-11-12 09:47:29,890 - UnicodeAnalyzer - INFO - Filtrati 3 file (es. in /dist, /test).
2025-11-12 09:47:29,890 - UnicodeAnalyzer - INFO - -> Analizzando versione 5.20.1-alpha.14 (961/3696)...
2025-11-12 09:47:29,890 - UnicodeAnalyzer - INFO - Filtrati 3 file (es. in /dist, /test).
2025-11-12 09:47:29,890 - UnicodeAnalyzer - INFO - -> Analizzando versione 5.20.1-alpha.15 (962/3696)...
2025-11-12 09:47:29,890 - UnicodeAnalyzer - INFO - Filtrati 3 file (es. in /dist, /test).
2025-11-12 09:47:29,890 - UnicodeAnalyzer - INFO - -> Analizzando versione 5.20.1-alpha.16 (963/3696)...
2025-11-12 09:47:29,891 - UnicodeAnalyzer - INFO - Filtrati 3 file (es. in /dist, /test).
2025-11-12 09:47:29,891 - UnicodeAnalyzer - INFO - -> Analizzando versione 5.20.1-alpha.2 (964/3696)...
2025-11-12 09:47:29,891 - UnicodeAnalyzer - INFO - Filtrati 3 file (es. in /dist, /test).
2025-11-12 09:47:29,891 - UnicodeAnalyzer - INFO - -> Analizzando versione 5.20.1-alpha.3 (965/3696)...
2025-11-12 09:47:29,891 - UnicodeAnalyzer - INFO - Filtrati 3 file (es. in /dist, /test).
2025-11-12 09:47:29,891 - UnicodeAnalyzer - INFO - -> Analizzando versione 5.20.1-alpha.4 (966/3696)...
2025-11-12 09:47:29,892 - UnicodeAnalyzer - INFO - Filtrati 3 file (es. in /dist, /test).
2025-11-12 09:47:29,892 - UnicodeAnalyzer - INFO - -> Analizzando versione 5.20.1-alpha.5 (967/3696)...
2025-11-12 09:47:29,892 - UnicodeAnalyzer - INFO - Filtrati 3 file (es. in /dist, /test).
2025-11-12 09:47:29,892 - UnicodeAnalyzer - INFO - -> Analizzando versione 5.20.1-alpha.6 (968/3696)...
2025-11-12 09:47:29,892 - UnicodeAnalyzer - INFO - Filtrati 3 file (es. in /dist, /test).
2025-11-12 09:47:29,892 - UnicodeAnalyzer - INFO - -> Analizzando versione 5.20.1-alpha.7 (969/3696)...
2025-11-12 09:47:29,893 - UnicodeAnalyzer - INFO - Filtrati 3 file (es. in /dist, /test).
2025-11-12 09:47:29,893 - UnicodeAnalyzer - INFO - -> Analizzando versione 5.20.1-alpha.8 (970/3696)...
2025-11-12 09:47:29,893 - UnicodeAnalyzer - INFO - Filtrati 3 file (es. in /dist, /test).
2025-11-12 09:47:29,893 - UnicodeAnalyzer - INFO - -> Analizzando versione 5.20.1-alpha.9 (971/3696)...
2025-11-12 09:47:29,893 - UnicodeAnalyzer - INFO - Filtrati 3 file (es. in /dist, /test).
2025-11-12 09:47:29,893 - UnicodeAnalyzer - INFO - -> Analizzando versione 5.21.0 (972/3696)...
2025-11-12 09:47:29,894 - UnicodeAnalyzer - INFO - Filtrati 3 file (es. in /dist, /test).
2025-11-12 09:47:29,894 - UnicodeAnalyzer - INFO - -> Analizzando versione 5.21.1-alpha.0 (973/3696)...
2025-11-12 09:47:29,894 - UnicodeAnalyzer - INFO - Filtrati 3 file (es. in /dist, /test).
2025-11-12 09:47:29,894 - UnicodeAnalyzer - INFO - -> Analizzando versione 5.21.1-alpha.1 (974/3696)...
2025-11-12 09:47:29,894 - UnicodeAnalyzer - INFO - Filtrati 3 file (es. in /dist, /test).
2025-11-12 09:47:29,894 - UnicodeAnalyzer - INFO - -> Analizzando versione 5.21.1-alpha.10 (975/3696)...
2025-11-12 09:47:29,895 - UnicodeAnalyzer - INFO - Filtrati 3 file (es. in /dist, /test).
2025-11-12 09:47:29,895 - UnicodeAnalyzer - INFO - -> Analizzando versione 5.21.1-alpha.11 (976/3696)...
2025-11-12 09:47:29,895 - UnicodeAnalyzer - INFO - Filtrati 3 file (es. in /dist, /test).
2025-11-12 09:47:29,895 - UnicodeAnalyzer - INFO - -> Analizzando versione 5.21.1-alpha.2 (977/3696)...
2025-11-12 09:47:29,895 - UnicodeAnalyzer - INFO - Filtrati 3 file (es. in /dist, /test).
2025-11-12 09:47:29,895 - UnicodeAnalyzer - INFO - -> Analizzando versione 5.21.1-alpha.3 (978/3696)...
2025-11-12 09:47:29,896 - UnicodeAnalyzer - INFO - Filtrati 3 file (es. in /dist, /test).
2025-11-12 09:47:29,896 - UnicodeAnalyzer - INFO - -> Analizzando versione 5.21.1-alpha.4 (979/3696)...
2025-11-12 09:47:29,896 - UnicodeAnalyzer - INFO - Filtrati 3 file (es. in /dist, /test).
2025-11-12 09:47:29,896 - UnicodeAnalyzer - INFO - -> Analizzando versione 5.21.1-alpha.6 (980/3696)...
2025-11-12 09:47:29,896 - UnicodeAnalyzer - INFO - Filtrati 3 file (es. in /dist, /test).
2025-11-12 09:47:29,896 - UnicodeAnalyzer - INFO - -> Analizzando versione 5.21.1-alpha.7 (981/3696)...
2025-11-12 09:47:29,897 - UnicodeAnalyzer - INFO - Filtrati 3 file (es. in /dist, /test).
2025-11-12 09:47:29,897 - UnicodeAnalyzer - INFO - -> Analizzando versione 5.21.1-alpha.8 (982/3696)...
2025-11-12 09:47:29,897 - UnicodeAnalyzer - INFO - Filtrati 3 file (es. in /dist, /test).
2025-11-12 09:47:29,897 - UnicodeAnalyzer - INFO - -> Analizzando versione 5.21.1-alpha.9 (983/3696)...
2025-11-12 09:47:29,897 - UnicodeAnalyzer - INFO - Filtrati 3 file (es. in /dist, /test).
2025-11-12 09:47:29,897 - UnicodeAnalyzer - INFO - -> Analizzando versione 5.22.0 (984/3696)...
2025-11-12 09:47:29,898 - UnicodeAnalyzer - INFO - Filtrati 3 file (es. in /dist, /test).
2025-11-12 09:47:29,898 - UnicodeAnalyzer - INFO - -> Analizzando versione 5.22.1-alpha.0 (985/3696)...
2025-11-12 09:47:29,898 - UnicodeAnalyzer - INFO - Filtrati 3 file (es. in /dist, /test).
2025-11-12 09:47:29,898 - UnicodeAnalyzer - INFO - -> Analizzando versione 5.22.1-alpha.1 (986/3696)...
2025-11-12 09:47:29,898 - UnicodeAnalyzer - INFO - Filtrati 3 file (es. in /dist, /test).
2025-11-12 09:47:29,898 - UnicodeAnalyzer - INFO - -> Analizzando versione 5.22.1-alpha.10 (987/3696)...
2025-11-12 09:47:29,899 - UnicodeAnalyzer - INFO - Filtrati 3 file (es. in /dist, /test).
2025-11-12 09:47:29,899 - UnicodeAnalyzer - INFO - -> Analizzando versione 5.22.1-alpha.11 (988/3696)...
2025-11-12 09:47:29,899 - UnicodeAnalyzer - INFO - Filtrati 3 file (es. in /dist, /test).
2025-11-12 09:47:29,899 - UnicodeAnalyzer - INFO - -> Analizzando versione 5.22.1-alpha.13 (989/3696)...
2025-11-12 09:47:29,899 - UnicodeAnalyzer - INFO - Filtrati 3 file (es. in /dist, /test).
2025-11-12 09:47:29,899 - UnicodeAnalyzer - INFO - -> Analizzando versione 5.22.1-alpha.14 (990/3696)...
2025-11-12 09:47:29,899 - UnicodeAnalyzer - INFO - Filtrati 3 file (es. in /dist, /test).
2025-11-12 09:47:29,900 - UnicodeAnalyzer - INFO - -> Analizzando versione 5.22.1-alpha.2 (991/3696)...
2025-11-12 09:47:29,900 - UnicodeAnalyzer - INFO - Filtrati 3 file (es. in /dist, /test).
2025-11-12 09:47:29,900 - UnicodeAnalyzer - INFO - -> Analizzando versione 5.22.1-alpha.4 (992/3696)...
2025-11-12 09:47:29,900 - UnicodeAnalyzer - INFO - Filtrati 3 file (es. in /dist, /test).
2025-11-12 09:47:29,900 - UnicodeAnalyzer - INFO - -> Analizzando versione 5.22.1-alpha.5 (993/3696)...
2025-11-12 09:47:29,900 - UnicodeAnalyzer - INFO - Filtrati 3 file (es. in /dist, /test).
2025-11-12 09:47:29,901 - UnicodeAnalyzer - INFO - -> Analizzando versione 5.22.1-alpha.6 (994/3696)...
2025-11-12 09:47:29,901 - UnicodeAnalyzer - INFO - Filtrati 3 file (es. in /dist, /test).
2025-11-12 09:47:29,901 - UnicodeAnalyzer - INFO - -> Analizzando versione 5.22.1-alpha.7 (995/3696)...
2025-11-12 09:47:29,901 - UnicodeAnalyzer - INFO - Filtrati 3 file (es. in /dist, /test).
2025-11-12 09:47:29,901 - UnicodeAnalyzer - INFO - -> Analizzando versione 5.22.1-alpha.8 (996/3696)...
2025-11-12 09:47:29,901 - UnicodeAnalyzer - INFO - Filtrati 3 file (es. in /dist, /test).
2025-11-12 09:47:29,901 - UnicodeAnalyzer - INFO - -> Analizzando versione 5.22.1-alpha.9 (997/3696)...
2025-11-12 09:47:29,902 - UnicodeAnalyzer - INFO - Filtrati 3 file (es. in /dist, /test).
2025-11-12 09:47:29,902 - UnicodeAnalyzer - INFO - -> Analizzando versione 5.23.0 (998/3696)...
2025-11-12 09:47:29,902 - UnicodeAnalyzer - INFO - Filtrati 3 file (es. in /dist, /test).
2025-11-12 09:47:29,902 - UnicodeAnalyzer - INFO - -> Analizzando versione 5.23.1-alpha.0 (999/3696)...
2025-11-12 09:47:29,902 - UnicodeAnalyzer - INFO - Filtrati 3 file (es. in /dist, /test).
2025-11-12 09:47:29,902 - UnicodeAnalyzer - INFO - -> Analizzando versione 5.23.1-alpha.1 (1000/3696)...
2025-11-12 09:47:29,903 - UnicodeAnalyzer - INFO - Filtrati 3 file (es. in /dist, /test).
2025-11-12 09:47:29,903 - UnicodeAnalyzer - INFO - -> Analizzando versione 5.23.1-alpha.10 (1001/3696)...
2025-11-12 09:47:29,903 - UnicodeAnalyzer - INFO - Filtrati 3 file (es. in /dist, /test).
2025-11-12 09:47:29,903 - UnicodeAnalyzer - INFO - -> Analizzando versione 5.23.1-alpha.11 (1002/3696)...
2025-11-12 09:47:29,903 - UnicodeAnalyzer - INFO - Filtrati 3 file (es. in /dist, /test).
2025-11-12 09:47:29,903 - UnicodeAnalyzer - INFO - -> Analizzando versione 5.23.1-alpha.12 (1003/3696)...
2025-11-12 09:47:29,904 - UnicodeAnalyzer - INFO - Filtrati 3 file (es. in /dist, /test).
2025-11-12 09:47:29,904 - UnicodeAnalyzer - INFO - -> Analizzando versione 5.23.1-alpha.13 (1004/3696)...
2025-11-12 09:47:29,904 - UnicodeAnalyzer - INFO - Filtrati 3 file (es. in /dist, /test).
2025-11-12 09:47:29,904 - UnicodeAnalyzer - INFO - -> Analizzando versione 5.23.1-alpha.14 (1005/3696)...
2025-11-12 09:47:29,904 - UnicodeAnalyzer - INFO - Filtrati 3 file (es. in /dist, /test).
2025-11-12 09:47:29,904 - UnicodeAnalyzer - INFO - -> Analizzando versione 5.23.1-alpha.15 (1006/3696)...
2025-11-12 09:47:29,905 - UnicodeAnalyzer - INFO - Filtrati 3 file (es. in /dist, /test).
2025-11-12 09:47:29,905 - UnicodeAnalyzer - INFO - -> Analizzando versione 5.23.1-alpha.17 (1007/3696)...
2025-11-12 09:47:29,905 - UnicodeAnalyzer - INFO - Filtrati 3 file (es. in /dist, /test).
2025-11-12 09:47:29,905 - UnicodeAnalyzer - INFO - -> Analizzando versione 5.23.1-alpha.18 (1008/3696)...
2025-11-12 09:47:29,905 - UnicodeAnalyzer - INFO - Filtrati 3 file (es. in /dist, /test).
2025-11-12 09:47:29,905 - UnicodeAnalyzer - INFO - -> Analizzando versione 5.23.1-alpha.19 (1009/3696)...
2025-11-12 09:47:29,906 - UnicodeAnalyzer - INFO - Filtrati 3 file (es. in /dist, /test).
2025-11-12 09:47:29,906 - UnicodeAnalyzer - INFO - -> Analizzando versione 5.23.1-alpha.2 (1010/3696)...
2025-11-12 09:47:29,906 - UnicodeAnalyzer - INFO - Filtrati 3 file (es. in /dist, /test).
2025-11-12 09:47:29,906 - UnicodeAnalyzer - INFO - -> Analizzando versione 5.23.1-alpha.20 (1011/3696)...
2025-11-12 09:47:29,906 - UnicodeAnalyzer - INFO - Filtrati 3 file (es. in /dist, /test).
2025-11-12 09:47:29,906 - UnicodeAnalyzer - INFO - -> Analizzando versione 5.23.1-alpha.21 (1012/3696)...
2025-11-12 09:47:29,907 - UnicodeAnalyzer - INFO - Filtrati 3 file (es. in /dist, /test).
2025-11-12 09:47:29,907 - UnicodeAnalyzer - INFO - -> Analizzando versione 5.23.1-alpha.22 (1013/3696)...
2025-11-12 09:47:29,907 - UnicodeAnalyzer - INFO - Filtrati 3 file (es. in /dist, /test).
2025-11-12 09:47:29,907 - UnicodeAnalyzer - INFO - -> Analizzando versione 5.23.1-alpha.23 (1014/3696)...
2025-11-12 09:47:29,907 - UnicodeAnalyzer - INFO - Filtrati 3 file (es. in /dist, /test).
2025-11-12 09:47:29,907 - UnicodeAnalyzer - INFO - -> Analizzando versione 5.23.1-alpha.24 (1015/3696)...
2025-11-12 09:47:29,908 - UnicodeAnalyzer - INFO - Filtrati 3 file (es. in /dist, /test).
2025-11-12 09:47:29,908 - UnicodeAnalyzer - INFO - -> Analizzando versione 5.23.1-alpha.25 (1016/3696)...
2025-11-12 09:47:29,908 - UnicodeAnalyzer - INFO - Filtrati 3 file (es. in /dist, /test).
2025-11-12 09:47:29,908 - UnicodeAnalyzer - INFO - -> Analizzando versione 5.23.1-alpha.3 (1017/3696)...
2025-11-12 09:47:29,908 - UnicodeAnalyzer - INFO - Filtrati 3 file (es. in /dist, /test).
2025-11-12 09:47:29,908 - UnicodeAnalyzer - INFO - -> Analizzando versione 5.23.1-alpha.4 (1018/3696)...
2025-11-12 09:47:29,908 - UnicodeAnalyzer - INFO - Filtrati 3 file (es. in /dist, /test).
2025-11-12 09:47:29,909 - UnicodeAnalyzer - INFO - -> Analizzando versione 5.23.1-alpha.5 (1019/3696)...
2025-11-12 09:47:29,909 - UnicodeAnalyzer - INFO - Filtrati 3 file (es. in /dist, /test).
2025-11-12 09:47:29,909 - UnicodeAnalyzer - INFO - -> Analizzando versione 5.23.1-alpha.6 (1020/3696)...
2025-11-12 09:47:29,909 - UnicodeAnalyzer - INFO - Filtrati 3 file (es. in /dist, /test).
2025-11-12 09:47:29,909 - UnicodeAnalyzer - INFO - -> Analizzando versione 5.23.1-alpha.7 (1021/3696)...
2025-11-12 09:47:29,909 - UnicodeAnalyzer - INFO - Filtrati 3 file (es. in /dist, /test).
2025-11-12 09:47:29,910 - UnicodeAnalyzer - INFO - -> Analizzando versione 5.23.1-alpha.8 (1022/3696)...
2025-11-12 09:47:29,910 - UnicodeAnalyzer - INFO - Filtrati 3 file (es. in /dist, /test).
2025-11-12 09:47:29,910 - UnicodeAnalyzer - INFO - -> Analizzando versione 5.24.0 (1023/3696)...
2025-11-12 09:47:29,910 - UnicodeAnalyzer - INFO - Filtrati 3 file (es. in /dist, /test).
2025-11-12 09:47:29,910 - UnicodeAnalyzer - INFO - -> Analizzando versione 5.24.1-alpha.0 (1024/3696)...
2025-11-12 09:47:29,910 - UnicodeAnalyzer - INFO - Filtrati 3 file (es. in /dist, /test).
2025-11-12 09:47:29,910 - UnicodeAnalyzer - INFO - -> Analizzando versione 5.24.1-alpha.1 (1025/3696)...
2025-11-12 09:47:29,911 - UnicodeAnalyzer - INFO - Filtrati 3 file (es. in /dist, /test).
2025-11-12 09:47:29,911 - UnicodeAnalyzer - INFO - -> Analizzando versione 5.24.1-alpha.10 (1026/3696)...
2025-11-12 09:47:29,911 - UnicodeAnalyzer - INFO - Filtrati 3 file (es. in /dist, /test).
2025-11-12 09:47:29,911 - UnicodeAnalyzer - INFO - -> Analizzando versione 5.24.1-alpha.11 (1027/3696)...
2025-11-12 09:47:29,911 - UnicodeAnalyzer - INFO - Filtrati 3 file (es. in /dist, /test).
2025-11-12 09:47:29,911 - UnicodeAnalyzer - INFO - -> Analizzando versione 5.24.1-alpha.12 (1028/3696)...
2025-11-12 09:47:29,912 - UnicodeAnalyzer - INFO - Filtrati 3 file (es. in /dist, /test).
2025-11-12 09:47:29,912 - UnicodeAnalyzer - INFO - -> Analizzando versione 5.24.1-alpha.13 (1029/3696)...
2025-11-12 09:47:29,912 - UnicodeAnalyzer - INFO - Filtrati 3 file (es. in /dist, /test).
2025-11-12 09:47:29,912 - UnicodeAnalyzer - INFO - -> Analizzando versione 5.24.1-alpha.14 (1030/3696)...
2025-11-12 09:47:29,912 - UnicodeAnalyzer - INFO - Filtrati 3 file (es. in /dist, /test).
2025-11-12 09:47:29,912 - UnicodeAnalyzer - INFO - -> Analizzando versione 5.24.1-alpha.2 (1031/3696)...
2025-11-12 09:47:29,913 - UnicodeAnalyzer - INFO - Filtrati 3 file (es. in /dist, /test).
2025-11-12 09:47:29,913 - UnicodeAnalyzer - INFO - -> Analizzando versione 5.24.1-alpha.3 (1032/3696)...
2025-11-12 09:47:29,913 - UnicodeAnalyzer - INFO - Filtrati 3 file (es. in /dist, /test).
2025-11-12 09:47:29,913 - UnicodeAnalyzer - INFO - -> Analizzando versione 5.24.1-alpha.4 (1033/3696)...
2025-11-12 09:47:29,913 - UnicodeAnalyzer - INFO - Filtrati 3 file (es. in /dist, /test).
2025-11-12 09:47:29,913 - UnicodeAnalyzer - INFO - -> Analizzando versione 5.24.1-alpha.5 (1034/3696)...
2025-11-12 09:47:29,914 - UnicodeAnalyzer - INFO - Filtrati 3 file (es. in /dist, /test).
2025-11-12 09:47:29,914 - UnicodeAnalyzer - INFO - -> Analizzando versione 5.24.1-alpha.6 (1035/3696)...
2025-11-12 09:47:29,914 - UnicodeAnalyzer - INFO - Filtrati 3 file (es. in /dist, /test).
2025-11-12 09:47:29,914 - UnicodeAnalyzer - INFO - -> Analizzando versione 5.24.1-alpha.7 (1036/3696)...
2025-11-12 09:47:29,914 - UnicodeAnalyzer - INFO - Filtrati 3 file (es. in /dist, /test).
2025-11-12 09:47:29,914 - UnicodeAnalyzer - INFO - -> Analizzando versione 5.24.1-alpha.8 (1037/3696)...
2025-11-12 09:47:29,915 - UnicodeAnalyzer - INFO - Filtrati 3 file (es. in /dist, /test).
2025-11-12 09:47:29,915 - UnicodeAnalyzer - INFO - -> Analizzando versione 5.24.1-alpha.9 (1038/3696)...
2025-11-12 09:47:29,915 - UnicodeAnalyzer - INFO - Filtrati 3 file (es. in /dist, /test).
2025-11-12 09:47:29,915 - UnicodeAnalyzer - INFO - -> Analizzando versione 5.25.0 (1039/3696)...
2025-11-12 09:47:29,915 - UnicodeAnalyzer - INFO - Filtrati 3 file (es. in /dist, /test).
2025-11-12 09:47:29,915 - UnicodeAnalyzer - INFO - -> Analizzando versione 5.25.1-alpha.0 (1040/3696)...
2025-11-12 09:47:29,916 - UnicodeAnalyzer - INFO - Filtrati 3 file (es. in /dist, /test).
2025-11-12 09:47:29,916 - UnicodeAnalyzer - INFO - -> Analizzando versione 5.25.1-alpha.1 (1041/3696)...
2025-11-12 09:47:29,916 - UnicodeAnalyzer - INFO - Filtrati 3 file (es. in /dist, /test).
2025-11-12 09:47:29,916 - UnicodeAnalyzer - INFO - -> Analizzando versione 5.25.1-alpha.10 (1042/3696)...
2025-11-12 09:47:29,916 - UnicodeAnalyzer - INFO - Filtrati 3 file (es. in /dist, /test).
2025-11-12 09:47:29,916 - UnicodeAnalyzer - INFO - -> Analizzando versione 5.25.1-alpha.11 (1043/3696)...
2025-11-12 09:47:29,917 - UnicodeAnalyzer - INFO - Filtrati 3 file (es. in /dist, /test).
2025-11-12 09:47:29,917 - UnicodeAnalyzer - INFO - -> Analizzando versione 5.25.1-alpha.12 (1044/3696)...
2025-11-12 09:47:29,917 - UnicodeAnalyzer - INFO - Filtrati 3 file (es. in /dist, /test).
2025-11-12 09:47:29,917 - UnicodeAnalyzer - INFO - -> Analizzando versione 5.25.1-alpha.13 (1045/3696)...
2025-11-12 09:47:29,917 - UnicodeAnalyzer - INFO - Filtrati 3 file (es. in /dist, /test).
2025-11-12 09:47:29,917 - UnicodeAnalyzer - INFO - -> Analizzando versione 5.25.1-alpha.14 (1046/3696)...
2025-11-12 09:47:29,918 - UnicodeAnalyzer - INFO - Filtrati 3 file (es. in /dist, /test).
2025-11-12 09:47:29,918 - UnicodeAnalyzer - INFO - -> Analizzando versione 5.25.1-alpha.15 (1047/3696)...
2025-11-12 09:47:29,918 - UnicodeAnalyzer - INFO - Filtrati 3 file (es. in /dist, /test).
2025-11-12 09:47:29,918 - UnicodeAnalyzer - INFO - -> Analizzando versione 5.25.1-alpha.16 (1048/3696)...
2025-11-12 09:47:29,918 - UnicodeAnalyzer - INFO - Filtrati 3 file (es. in /dist, /test).
2025-11-12 09:47:29,918 - UnicodeAnalyzer - INFO - -> Analizzando versione 5.25.1-alpha.18 (1049/3696)...
2025-11-12 09:47:29,918 - UnicodeAnalyzer - INFO - Filtrati 3 file (es. in /dist, /test).
2025-11-12 09:47:29,919 - UnicodeAnalyzer - INFO - -> Analizzando versione 5.25.1-alpha.19 (1050/3696)...
2025-11-12 09:47:29,919 - UnicodeAnalyzer - INFO - Filtrati 3 file (es. in /dist, /test).
2025-11-12 09:47:29,919 - UnicodeAnalyzer - INFO - -> Analizzando versione 5.25.1-alpha.2 (1051/3696)...
2025-11-12 09:47:29,919 - UnicodeAnalyzer - INFO - Filtrati 3 file (es. in /dist, /test).
2025-11-12 09:47:29,919 - UnicodeAnalyzer - INFO - -> Analizzando versione 5.25.1-alpha.4 (1052/3696)...
2025-11-12 09:47:29,919 - UnicodeAnalyzer - INFO - Filtrati 3 file (es. in /dist, /test).
2025-11-12 09:47:29,919 - UnicodeAnalyzer - INFO - -> Analizzando versione 5.25.1-alpha.5 (1053/3696)...
2025-11-12 09:47:29,920 - UnicodeAnalyzer - INFO - Filtrati 3 file (es. in /dist, /test).
2025-11-12 09:47:29,920 - UnicodeAnalyzer - INFO - -> Analizzando versione 5.25.1-alpha.6 (1054/3696)...
2025-11-12 09:47:29,920 - UnicodeAnalyzer - INFO - Filtrati 3 file (es. in /dist, /test).
2025-11-12 09:47:29,920 - UnicodeAnalyzer - INFO - -> Analizzando versione 5.25.1-alpha.7 (1055/3696)...
2025-11-12 09:47:29,920 - UnicodeAnalyzer - INFO - Filtrati 3 file (es. in /dist, /test).
2025-11-12 09:47:29,920 - UnicodeAnalyzer - INFO - -> Analizzando versione 5.25.1-alpha.8 (1056/3696)...
2025-11-12 09:47:29,921 - UnicodeAnalyzer - INFO - Filtrati 3 file (es. in /dist, /test).
2025-11-12 09:47:29,921 - UnicodeAnalyzer - INFO - -> Analizzando versione 5.25.1-alpha.9 (1057/3696)...
2025-11-12 09:47:29,921 - UnicodeAnalyzer - INFO - Filtrati 3 file (es. in /dist, /test).
2025-11-12 09:47:29,921 - UnicodeAnalyzer - INFO - -> Analizzando versione 5.26.0 (1058/3696)...
2025-11-12 09:47:29,921 - UnicodeAnalyzer - INFO - Filtrati 3 file (es. in /dist, /test).
2025-11-12 09:47:29,921 - UnicodeAnalyzer - INFO - -> Analizzando versione 5.26.1-alpha.0 (1059/3696)...
2025-11-12 09:47:29,922 - UnicodeAnalyzer - INFO - Filtrati 3 file (es. in /dist, /test).
2025-11-12 09:47:29,922 - UnicodeAnalyzer - INFO - -> Analizzando versione 5.26.1-alpha.1 (1060/3696)...
2025-11-12 09:47:29,922 - UnicodeAnalyzer - INFO - Filtrati 3 file (es. in /dist, /test).
2025-11-12 09:47:29,922 - UnicodeAnalyzer - INFO - -> Analizzando versione 5.26.1-alpha.10 (1061/3696)...
2025-11-12 09:47:29,922 - UnicodeAnalyzer - INFO - Filtrati 3 file (es. in /dist, /test).
2025-11-12 09:47:29,922 - UnicodeAnalyzer - INFO - -> Analizzando versione 5.26.1-alpha.11 (1062/3696)...
2025-11-12 09:47:29,923 - UnicodeAnalyzer - INFO - Filtrati 3 file (es. in /dist, /test).
2025-11-12 09:47:29,923 - UnicodeAnalyzer - INFO - -> Analizzando versione 5.26.1-alpha.12 (1063/3696)...
2025-11-12 09:47:29,923 - UnicodeAnalyzer - INFO - Filtrati 3 file (es. in /dist, /test).
2025-11-12 09:47:29,923 - UnicodeAnalyzer - INFO - -> Analizzando versione 5.26.1-alpha.13 (1064/3696)...
2025-11-12 09:47:29,923 - UnicodeAnalyzer - INFO - Filtrati 3 file (es. in /dist, /test).
2025-11-12 09:47:29,923 - UnicodeAnalyzer - INFO - -> Analizzando versione 5.26.1-alpha.14 (1065/3696)...
2025-11-12 09:47:29,924 - UnicodeAnalyzer - INFO - Filtrati 3 file (es. in /dist, /test).
2025-11-12 09:47:29,924 - UnicodeAnalyzer - INFO - -> Analizzando versione 5.26.1-alpha.15 (1066/3696)...
2025-11-12 09:47:29,924 - UnicodeAnalyzer - INFO - Filtrati 3 file (es. in /dist, /test).
2025-11-12 09:47:29,924 - UnicodeAnalyzer - INFO - -> Analizzando versione 5.26.1-alpha.16 (1067/3696)...
2025-11-12 09:47:29,924 - UnicodeAnalyzer - INFO - Filtrati 3 file (es. in /dist, /test).
2025-11-12 09:47:29,924 - UnicodeAnalyzer - INFO - -> Analizzando versione 5.26.1-alpha.17 (1068/3696)...
2025-11-12 09:47:29,925 - UnicodeAnalyzer - INFO - Filtrati 3 file (es. in /dist, /test).
2025-11-12 09:47:29,925 - UnicodeAnalyzer - INFO - -> Analizzando versione 5.26.1-alpha.18 (1069/3696)...
2025-11-12 09:47:29,925 - UnicodeAnalyzer - INFO - Filtrati 3 file (es. in /dist, /test).
2025-11-12 09:47:29,925 - UnicodeAnalyzer - INFO - -> Analizzando versione 5.26.1-alpha.19 (1070/3696)...
2025-11-12 09:47:29,925 - UnicodeAnalyzer - INFO - Filtrati 3 file (es. in /dist, /test).
2025-11-12 09:47:29,925 - UnicodeAnalyzer - INFO - -> Analizzando versione 5.26.1-alpha.2 (1071/3696)...
2025-11-12 09:47:29,926 - UnicodeAnalyzer - INFO - Filtrati 3 file (es. in /dist, /test).
2025-11-12 09:47:29,926 - UnicodeAnalyzer - INFO - -> Analizzando versione 5.26.1-alpha.20 (1072/3696)...
2025-11-12 09:47:29,926 - UnicodeAnalyzer - INFO - Filtrati 3 file (es. in /dist, /test).
2025-11-12 09:47:29,926 - UnicodeAnalyzer - INFO - -> Analizzando versione 5.26.1-alpha.21 (1073/3696)...
2025-11-12 09:47:29,926 - UnicodeAnalyzer - INFO - Filtrati 3 file (es. in /dist, /test).
2025-11-12 09:47:29,926 - UnicodeAnalyzer - INFO - -> Analizzando versione 5.26.1-alpha.22 (1074/3696)...
2025-11-12 09:47:29,926 - UnicodeAnalyzer - INFO - Filtrati 3 file (es. in /dist, /test).
2025-11-12 09:47:29,927 - UnicodeAnalyzer - INFO - -> Analizzando versione 5.26.1-alpha.23 (1075/3696)...
2025-11-12 09:47:29,927 - UnicodeAnalyzer - INFO - Filtrati 3 file (es. in /dist, /test).
2025-11-12 09:47:29,927 - UnicodeAnalyzer - INFO - -> Analizzando versione 5.26.1-alpha.25 (1076/3696)...
2025-11-12 09:47:29,927 - UnicodeAnalyzer - INFO - Filtrati 3 file (es. in /dist, /test).
2025-11-12 09:47:29,927 - UnicodeAnalyzer - INFO - -> Analizzando versione 5.26.1-alpha.26 (1077/3696)...
2025-11-12 09:47:29,928 - UnicodeAnalyzer - INFO - Filtrati 3 file (es. in /dist, /test).
2025-11-12 09:47:29,928 - UnicodeAnalyzer - INFO - -> Analizzando versione 5.26.1-alpha.27 (1078/3696)...
2025-11-12 09:47:29,928 - UnicodeAnalyzer - INFO - Filtrati 3 file (es. in /dist, /test).
2025-11-12 09:47:29,928 - UnicodeAnalyzer - INFO - -> Analizzando versione 5.26.1-alpha.28 (1079/3696)...
2025-11-12 09:47:29,928 - UnicodeAnalyzer - INFO - Filtrati 3 file (es. in /dist, /test).
2025-11-12 09:47:29,928 - UnicodeAnalyzer - INFO - -> Analizzando versione 5.26.1-alpha.29 (1080/3696)...
2025-11-12 09:47:29,928 - UnicodeAnalyzer - INFO - Filtrati 3 file (es. in /dist, /test).
2025-11-12 09:47:29,929 - UnicodeAnalyzer - INFO - -> Analizzando versione 5.26.1-alpha.3 (1081/3696)...
2025-11-12 09:47:29,929 - UnicodeAnalyzer - INFO - Filtrati 3 file (es. in /dist, /test).
2025-11-12 09:47:29,929 - UnicodeAnalyzer - INFO - -> Analizzando versione 5.26.1-alpha.30 (1082/3696)...
2025-11-12 09:47:29,929 - UnicodeAnalyzer - INFO - Filtrati 3 file (es. in /dist, /test).
2025-11-12 09:47:29,929 - UnicodeAnalyzer - INFO - -> Analizzando versione 5.26.1-alpha.31 (1083/3696)...
2025-11-12 09:47:29,929 - UnicodeAnalyzer - INFO - Filtrati 3 file (es. in /dist, /test).
2025-11-12 09:47:29,929 - UnicodeAnalyzer - INFO - -> Analizzando versione 5.26.1-alpha.32 (1084/3696)...
2025-11-12 09:47:29,930 - UnicodeAnalyzer - INFO - Filtrati 3 file (es. in /dist, /test).
2025-11-12 09:47:29,930 - UnicodeAnalyzer - INFO - -> Analizzando versione 5.26.1-alpha.33 (1085/3696)...
2025-11-12 09:47:29,930 - UnicodeAnalyzer - INFO - Filtrati 3 file (es. in /dist, /test).
2025-11-12 09:47:29,930 - UnicodeAnalyzer - INFO - -> Analizzando versione 5.26.1-alpha.34 (1086/3696)...
2025-11-12 09:47:29,930 - UnicodeAnalyzer - INFO - Filtrati 3 file (es. in /dist, /test).
2025-11-12 09:47:29,930 - UnicodeAnalyzer - INFO - -> Analizzando versione 5.26.1-alpha.35 (1087/3696)...
2025-11-12 09:47:29,931 - UnicodeAnalyzer - INFO - Filtrati 3 file (es. in /dist, /test).
2025-11-12 09:47:29,931 - UnicodeAnalyzer - INFO - -> Analizzando versione 5.26.1-alpha.36 (1088/3696)...
2025-11-12 09:47:29,931 - UnicodeAnalyzer - INFO - Filtrati 3 file (es. in /dist, /test).
2025-11-12 09:47:29,931 - UnicodeAnalyzer - INFO - -> Analizzando versione 5.26.1-alpha.37 (1089/3696)...
2025-11-12 09:47:29,931 - UnicodeAnalyzer - INFO - Filtrati 3 file (es. in /dist, /test).
2025-11-12 09:47:29,931 - UnicodeAnalyzer - INFO - -> Analizzando versione 5.26.1-alpha.38 (1090/3696)...
2025-11-12 09:47:29,932 - UnicodeAnalyzer - INFO - Filtrati 3 file (es. in /dist, /test).
2025-11-12 09:47:29,932 - UnicodeAnalyzer - INFO - -> Analizzando versione 5.26.1-alpha.39 (1091/3696)...
2025-11-12 09:47:29,932 - UnicodeAnalyzer - INFO - Filtrati 3 file (es. in /dist, /test).
2025-11-12 09:47:29,932 - UnicodeAnalyzer - INFO - -> Analizzando versione 5.26.1-alpha.4 (1092/3696)...
2025-11-12 09:47:29,932 - UnicodeAnalyzer - INFO - Filtrati 3 file (es. in /dist, /test).
2025-11-12 09:47:29,932 - UnicodeAnalyzer - INFO - -> Analizzando versione 5.26.1-alpha.40 (1093/3696)...
2025-11-12 09:47:29,933 - UnicodeAnalyzer - INFO - Filtrati 3 file (es. in /dist, /test).
2025-11-12 09:47:29,933 - UnicodeAnalyzer - INFO - -> Analizzando versione 5.26.1-alpha.41 (1094/3696)...
2025-11-12 09:47:29,933 - UnicodeAnalyzer - INFO - Filtrati 3 file (es. in /dist, /test).
2025-11-12 09:47:29,933 - UnicodeAnalyzer - INFO - -> Analizzando versione 5.26.1-alpha.42 (1095/3696)...
2025-11-12 09:47:29,933 - UnicodeAnalyzer - INFO - Filtrati 3 file (es. in /dist, /test).
2025-11-12 09:47:29,933 - UnicodeAnalyzer - INFO - -> Analizzando versione 5.26.1-alpha.5 (1096/3696)...
2025-11-12 09:47:29,934 - UnicodeAnalyzer - INFO - Filtrati 3 file (es. in /dist, /test).
2025-11-12 09:47:29,934 - UnicodeAnalyzer - INFO - -> Analizzando versione 5.26.1-alpha.6 (1097/3696)...
2025-11-12 09:47:29,934 - UnicodeAnalyzer - INFO - Filtrati 3 file (es. in /dist, /test).
2025-11-12 09:47:29,934 - UnicodeAnalyzer - INFO - -> Analizzando versione 5.26.1-alpha.7 (1098/3696)...
2025-11-12 09:47:29,934 - UnicodeAnalyzer - INFO - Filtrati 3 file (es. in /dist, /test).
2025-11-12 09:47:29,934 - UnicodeAnalyzer - INFO - -> Analizzando versione 5.26.1-alpha.8 (1099/3696)...
2025-11-12 09:47:29,935 - UnicodeAnalyzer - INFO - Filtrati 3 file (es. in /dist, /test).
2025-11-12 09:47:29,935 - UnicodeAnalyzer - INFO - -> Analizzando versione 5.26.1-alpha.9 (1100/3696)...
2025-11-12 09:47:29,935 - UnicodeAnalyzer - INFO - Filtrati 3 file (es. in /dist, /test).
2025-11-12 09:47:29,935 - UnicodeAnalyzer - INFO - -> Analizzando versione 5.27.0 (1101/3696)...
2025-11-12 09:47:29,935 - UnicodeAnalyzer - INFO - Filtrati 3 file (es. in /dist, /test).
2025-11-12 09:47:29,935 - UnicodeAnalyzer - INFO - -> Analizzando versione 5.27.1 (1102/3696)...
2025-11-12 09:47:29,936 - UnicodeAnalyzer - INFO - Filtrati 3 file (es. in /dist, /test).
2025-11-12 09:47:29,936 - UnicodeAnalyzer - INFO - -> Analizzando versione 5.27.1-alpha.0 (1103/3696)...
2025-11-12 09:47:29,936 - UnicodeAnalyzer - INFO - Filtrati 3 file (es. in /dist, /test).
2025-11-12 09:47:29,936 - UnicodeAnalyzer - INFO - -> Analizzando versione 5.27.1-alpha.1 (1104/3696)...
2025-11-12 09:47:29,936 - UnicodeAnalyzer - INFO - Filtrati 3 file (es. in /dist, /test).
2025-11-12 09:47:29,936 - UnicodeAnalyzer - INFO - -> Analizzando versione 5.27.1-alpha.10 (1105/3696)...
2025-11-12 09:47:29,936 - UnicodeAnalyzer - INFO - Filtrati 3 file (es. in /dist, /test).
2025-11-12 09:47:29,937 - UnicodeAnalyzer - INFO - -> Analizzando versione 5.27.1-alpha.11 (1106/3696)...
2025-11-12 09:47:29,937 - UnicodeAnalyzer - INFO - Filtrati 3 file (es. in /dist, /test).
2025-11-12 09:47:29,937 - UnicodeAnalyzer - INFO - -> Analizzando versione 5.27.1-alpha.12 (1107/3696)...
2025-11-12 09:47:29,937 - UnicodeAnalyzer - INFO - Filtrati 3 file (es. in /dist, /test).
2025-11-12 09:47:29,937 - UnicodeAnalyzer - INFO - -> Analizzando versione 5.27.1-alpha.13 (1108/3696)...
2025-11-12 09:47:29,937 - UnicodeAnalyzer - INFO - Filtrati 3 file (es. in /dist, /test).
2025-11-12 09:47:29,938 - UnicodeAnalyzer - INFO - -> Analizzando versione 5.27.1-alpha.14 (1109/3696)...
2025-11-12 09:47:29,938 - UnicodeAnalyzer - INFO - Filtrati 3 file (es. in /dist, /test).
2025-11-12 09:47:29,938 - UnicodeAnalyzer - INFO - -> Analizzando versione 5.27.1-alpha.15 (1110/3696)...
2025-11-12 09:47:29,938 - UnicodeAnalyzer - INFO - Filtrati 3 file (es. in /dist, /test).
2025-11-12 09:47:29,938 - UnicodeAnalyzer - INFO - -> Analizzando versione 5.27.1-alpha.16 (1111/3696)...
2025-11-12 09:47:29,938 - UnicodeAnalyzer - INFO - Filtrati 3 file (es. in /dist, /test).
2025-11-12 09:47:29,938 - UnicodeAnalyzer - INFO - -> Analizzando versione 5.27.1-alpha.17 (1112/3696)...
2025-11-12 09:47:29,939 - UnicodeAnalyzer - INFO - Filtrati 3 file (es. in /dist, /test).
2025-11-12 09:47:29,939 - UnicodeAnalyzer - INFO - -> Analizzando versione 5.27.1-alpha.2 (1113/3696)...
2025-11-12 09:47:29,939 - UnicodeAnalyzer - INFO - Filtrati 3 file (es. in /dist, /test).
2025-11-12 09:47:29,939 - UnicodeAnalyzer - INFO - -> Analizzando versione 5.27.1-alpha.3 (1114/3696)...
2025-11-12 09:47:29,939 - UnicodeAnalyzer - INFO - Filtrati 3 file (es. in /dist, /test).
2025-11-12 09:47:29,939 - UnicodeAnalyzer - INFO - -> Analizzando versione 5.27.1-alpha.4 (1115/3696)...
2025-11-12 09:47:29,940 - UnicodeAnalyzer - INFO - Filtrati 3 file (es. in /dist, /test).
2025-11-12 09:47:29,940 - UnicodeAnalyzer - INFO - -> Analizzando versione 5.27.1-alpha.5 (1116/3696)...
2025-11-12 09:47:29,940 - UnicodeAnalyzer - INFO - Filtrati 3 file (es. in /dist, /test).
2025-11-12 09:47:29,940 - UnicodeAnalyzer - INFO - -> Analizzando versione 5.27.1-alpha.6 (1117/3696)...
2025-11-12 09:47:29,940 - UnicodeAnalyzer - INFO - Filtrati 3 file (es. in /dist, /test).
2025-11-12 09:47:29,940 - UnicodeAnalyzer - INFO - -> Analizzando versione 5.27.1-alpha.7 (1118/3696)...
2025-11-12 09:47:29,941 - UnicodeAnalyzer - INFO - Filtrati 3 file (es. in /dist, /test).
2025-11-12 09:47:29,941 - UnicodeAnalyzer - INFO - -> Analizzando versione 5.27.1-alpha.8 (1119/3696)...
2025-11-12 09:47:29,941 - UnicodeAnalyzer - INFO - Filtrati 3 file (es. in /dist, /test).
2025-11-12 09:47:29,941 - UnicodeAnalyzer - INFO - -> Analizzando versione 5.27.1-alpha.9 (1120/3696)...
2025-11-12 09:47:29,941 - UnicodeAnalyzer - INFO - Filtrati 3 file (es. in /dist, /test).
2025-11-12 09:47:29,941 - UnicodeAnalyzer - INFO - -> Analizzando versione 5.27.2-alpha.0 (1121/3696)...
2025-11-12 09:47:29,942 - UnicodeAnalyzer - INFO - Filtrati 3 file (es. in /dist, /test).
2025-11-12 09:47:29,942 - UnicodeAnalyzer - INFO - -> Analizzando versione 5.27.2-alpha.1 (1122/3696)...
2025-11-12 09:47:29,942 - UnicodeAnalyzer - INFO - Filtrati 3 file (es. in /dist, /test).
2025-11-12 09:47:29,942 - UnicodeAnalyzer - INFO - -> Analizzando versione 5.27.2-alpha.10 (1123/3696)...
2025-11-12 09:47:29,942 - UnicodeAnalyzer - INFO - Filtrati 3 file (es. in /dist, /test).
2025-11-12 09:47:29,942 - UnicodeAnalyzer - INFO - -> Analizzando versione 5.27.2-alpha.11 (1124/3696)...
2025-11-12 09:47:29,943 - UnicodeAnalyzer - INFO - Filtrati 3 file (es. in /dist, /test).
2025-11-12 09:47:29,943 - UnicodeAnalyzer - INFO - -> Analizzando versione 5.27.2-alpha.12 (1125/3696)...
2025-11-12 09:47:29,943 - UnicodeAnalyzer - INFO - Filtrati 3 file (es. in /dist, /test).
2025-11-12 09:47:29,943 - UnicodeAnalyzer - INFO - -> Analizzando versione 5.27.2-alpha.13 (1126/3696)...
2025-11-12 09:47:29,943 - UnicodeAnalyzer - INFO - Filtrati 3 file (es. in /dist, /test).
2025-11-12 09:47:29,943 - UnicodeAnalyzer - INFO - -> Analizzando versione 5.27.2-alpha.14 (1127/3696)...
2025-11-12 09:47:29,944 - UnicodeAnalyzer - INFO - Filtrati 3 file (es. in /dist, /test).
2025-11-12 09:47:29,944 - UnicodeAnalyzer - INFO - -> Analizzando versione 5.27.2-alpha.15 (1128/3696)...
2025-11-12 09:47:29,944 - UnicodeAnalyzer - INFO - Filtrati 3 file (es. in /dist, /test).
2025-11-12 09:47:29,944 - UnicodeAnalyzer - INFO - -> Analizzando versione 5.27.2-alpha.16 (1129/3696)...
2025-11-12 09:47:29,944 - UnicodeAnalyzer - INFO - Filtrati 3 file (es. in /dist, /test).
2025-11-12 09:47:29,944 - UnicodeAnalyzer - INFO - -> Analizzando versione 5.27.2-alpha.2 (1130/3696)...
2025-11-12 09:47:29,945 - UnicodeAnalyzer - INFO - Filtrati 3 file (es. in /dist, /test).
2025-11-12 09:47:29,945 - UnicodeAnalyzer - INFO - -> Analizzando versione 5.27.2-alpha.3 (1131/3696)...
2025-11-12 09:47:29,945 - UnicodeAnalyzer - INFO - Filtrati 3 file (es. in /dist, /test).
2025-11-12 09:47:29,945 - UnicodeAnalyzer - INFO - -> Analizzando versione 5.27.2-alpha.4 (1132/3696)...
2025-11-12 09:47:29,945 - UnicodeAnalyzer - INFO - Filtrati 3 file (es. in /dist, /test).
2025-11-12 09:47:29,945 - UnicodeAnalyzer - INFO - -> Analizzando versione 5.27.2-alpha.5 (1133/3696)...
2025-11-12 09:47:29,946 - UnicodeAnalyzer - INFO - Filtrati 3 file (es. in /dist, /test).
2025-11-12 09:47:29,946 - UnicodeAnalyzer - INFO - -> Analizzando versione 5.27.2-alpha.6 (1134/3696)...
2025-11-12 09:47:29,946 - UnicodeAnalyzer - INFO - Filtrati 3 file (es. in /dist, /test).
2025-11-12 09:47:29,946 - UnicodeAnalyzer - INFO - -> Analizzando versione 5.27.2-alpha.7 (1135/3696)...
2025-11-12 09:47:29,946 - UnicodeAnalyzer - INFO - Filtrati 3 file (es. in /dist, /test).
2025-11-12 09:47:29,946 - UnicodeAnalyzer - INFO - -> Analizzando versione 5.27.2-alpha.8 (1136/3696)...
2025-11-12 09:47:29,947 - UnicodeAnalyzer - INFO - Filtrati 3 file (es. in /dist, /test).
2025-11-12 09:47:29,947 - UnicodeAnalyzer - INFO - -> Analizzando versione 5.27.2-alpha.9 (1137/3696)...
2025-11-12 09:47:29,947 - UnicodeAnalyzer - INFO - Filtrati 3 file (es. in /dist, /test).
2025-11-12 09:47:29,947 - UnicodeAnalyzer - INFO - -> Analizzando versione 5.28.0 (1138/3696)...
2025-11-12 09:47:29,947 - UnicodeAnalyzer - INFO - Filtrati 3 file (es. in /dist, /test).
2025-11-12 09:47:29,947 - UnicodeAnalyzer - INFO - -> Analizzando versione 5.28.1-alpha.0 (1139/3696)...
2025-11-12 09:47:29,947 - UnicodeAnalyzer - INFO - Filtrati 3 file (es. in /dist, /test).
2025-11-12 09:47:29,948 - UnicodeAnalyzer - INFO - -> Analizzando versione 5.28.1-alpha.1 (1140/3696)...
2025-11-12 09:47:29,948 - UnicodeAnalyzer - INFO - Filtrati 3 file (es. in /dist, /test).
2025-11-12 09:47:29,948 - UnicodeAnalyzer - INFO - -> Analizzando versione 5.28.1-alpha.2 (1141/3696)...
2025-11-12 09:47:29,948 - UnicodeAnalyzer - INFO - Filtrati 3 file (es. in /dist, /test).
2025-11-12 09:47:29,948 - UnicodeAnalyzer - INFO - -> Analizzando versione 5.28.1-alpha.3 (1142/3696)...
2025-11-12 09:47:29,948 - UnicodeAnalyzer - INFO - Filtrati 3 file (es. in /dist, /test).
2025-11-12 09:47:29,949 - UnicodeAnalyzer - INFO - -> Analizzando versione 5.28.1-alpha.4 (1143/3696)...
2025-11-12 09:47:29,949 - UnicodeAnalyzer - INFO - Filtrati 3 file (es. in /dist, /test).
2025-11-12 09:47:29,949 - UnicodeAnalyzer - INFO - -> Analizzando versione 5.28.1-alpha.5 (1144/3696)...
2025-11-12 09:47:29,949 - UnicodeAnalyzer - INFO - Filtrati 3 file (es. in /dist, /test).
2025-11-12 09:47:29,949 - UnicodeAnalyzer - INFO - -> Analizzando versione 5.28.1-alpha.6 (1145/3696)...
2025-11-12 09:47:29,949 - UnicodeAnalyzer - INFO - Filtrati 3 file (es. in /dist, /test).
2025-11-12 09:47:29,949 - UnicodeAnalyzer - INFO - -> Analizzando versione 5.28.1-alpha.7 (1146/3696)...
2025-11-12 09:47:29,950 - UnicodeAnalyzer - INFO - Filtrati 3 file (es. in /dist, /test).
2025-11-12 09:47:29,950 - UnicodeAnalyzer - INFO - -> Analizzando versione 5.28.1-alpha.8 (1147/3696)...
2025-11-12 09:47:29,950 - UnicodeAnalyzer - INFO - Filtrati 3 file (es. in /dist, /test).
2025-11-12 09:47:29,950 - UnicodeAnalyzer - INFO - -> Analizzando versione 5.29.0 (1148/3696)...
2025-11-12 09:47:29,950 - UnicodeAnalyzer - INFO - Filtrati 3 file (es. in /dist, /test).
2025-11-12 09:47:29,950 - UnicodeAnalyzer - INFO - -> Analizzando versione 5.29.1-alpha.0 (1149/3696)...
2025-11-12 09:47:29,951 - UnicodeAnalyzer - INFO - Filtrati 3 file (es. in /dist, /test).
2025-11-12 09:47:29,951 - UnicodeAnalyzer - INFO - -> Analizzando versione 5.29.1-alpha.1 (1150/3696)...
2025-11-12 09:47:29,951 - UnicodeAnalyzer - INFO - Filtrati 3 file (es. in /dist, /test).
2025-11-12 09:47:29,951 - UnicodeAnalyzer - INFO - -> Analizzando versione 5.29.1-alpha.10 (1151/3696)...
2025-11-12 09:47:29,951 - UnicodeAnalyzer - INFO - Filtrati 3 file (es. in /dist, /test).
2025-11-12 09:47:29,951 - UnicodeAnalyzer - INFO - -> Analizzando versione 5.29.1-alpha.11 (1152/3696)...
2025-11-12 09:47:29,952 - UnicodeAnalyzer - INFO - Filtrati 3 file (es. in /dist, /test).
2025-11-12 09:47:29,952 - UnicodeAnalyzer - INFO - -> Analizzando versione 5.29.1-alpha.12 (1153/3696)...
2025-11-12 09:47:29,952 - UnicodeAnalyzer - INFO - Filtrati 3 file (es. in /dist, /test).
2025-11-12 09:47:29,952 - UnicodeAnalyzer - INFO - -> Analizzando versione 5.29.1-alpha.13 (1154/3696)...
2025-11-12 09:47:29,952 - UnicodeAnalyzer - INFO - Filtrati 3 file (es. in /dist, /test).
2025-11-12 09:47:29,952 - UnicodeAnalyzer - INFO - -> Analizzando versione 5.29.1-alpha.14 (1155/3696)...
2025-11-12 09:47:29,953 - UnicodeAnalyzer - INFO - Filtrati 3 file (es. in /dist, /test).
2025-11-12 09:47:29,953 - UnicodeAnalyzer - INFO - -> Analizzando versione 5.29.1-alpha.15 (1156/3696)...
2025-11-12 09:47:29,953 - UnicodeAnalyzer - INFO - Filtrati 3 file (es. in /dist, /test).
2025-11-12 09:47:29,953 - UnicodeAnalyzer - INFO - -> Analizzando versione 5.29.1-alpha.16 (1157/3696)...
2025-11-12 09:47:29,953 - UnicodeAnalyzer - INFO - Filtrati 3 file (es. in /dist, /test).
2025-11-12 09:47:29,953 - UnicodeAnalyzer - INFO - -> Analizzando versione 5.29.1-alpha.2 (1158/3696)...
2025-11-12 09:47:29,954 - UnicodeAnalyzer - INFO - Filtrati 3 file (es. in /dist, /test).
2025-11-12 09:47:29,954 - UnicodeAnalyzer - INFO - -> Analizzando versione 5.29.1-alpha.3 (1159/3696)...
2025-11-12 09:47:29,954 - UnicodeAnalyzer - INFO - Filtrati 3 file (es. in /dist, /test).
2025-11-12 09:47:29,954 - UnicodeAnalyzer - INFO - -> Analizzando versione 5.29.1-alpha.4 (1160/3696)...
2025-11-12 09:47:29,954 - UnicodeAnalyzer - INFO - Filtrati 3 file (es. in /dist, /test).
2025-11-12 09:47:29,954 - UnicodeAnalyzer - INFO - -> Analizzando versione 5.29.1-alpha.5 (1161/3696)...
2025-11-12 09:47:29,955 - UnicodeAnalyzer - INFO - Filtrati 3 file (es. in /dist, /test).
2025-11-12 09:47:29,955 - UnicodeAnalyzer - INFO - -> Analizzando versione 5.29.1-alpha.6 (1162/3696)...
2025-11-12 09:47:29,955 - UnicodeAnalyzer - INFO - Filtrati 3 file (es. in /dist, /test).
2025-11-12 09:47:29,955 - UnicodeAnalyzer - INFO - -> Analizzando versione 5.29.1-alpha.7 (1163/3696)...
2025-11-12 09:47:29,955 - UnicodeAnalyzer - INFO - Filtrati 3 file (es. in /dist, /test).
2025-11-12 09:47:29,955 - UnicodeAnalyzer - INFO - -> Analizzando versione 5.29.1-alpha.8 (1164/3696)...
2025-11-12 09:47:29,956 - UnicodeAnalyzer - INFO - Filtrati 3 file (es. in /dist, /test).
2025-11-12 09:47:29,956 - UnicodeAnalyzer - INFO - -> Analizzando versione 5.29.1-alpha.9 (1165/3696)...
2025-11-12 09:47:29,956 - UnicodeAnalyzer - INFO - Filtrati 3 file (es. in /dist, /test).
2025-11-12 09:47:29,956 - UnicodeAnalyzer - INFO - -> Analizzando versione 5.3.0 (1166/3696)...
2025-11-12 09:47:29,956 - UnicodeAnalyzer - INFO - Filtrati 3 file (es. in /dist, /test).
2025-11-12 09:47:29,956 - UnicodeAnalyzer - INFO - -> Analizzando versione 5.3.1 (1167/3696)...
2025-11-12 09:47:29,957 - UnicodeAnalyzer - INFO - Filtrati 3 file (es. in /dist, /test).
2025-11-12 09:47:29,957 - UnicodeAnalyzer - INFO - -> Analizzando versione 5.3.1-alpha.0 (1168/3696)...
2025-11-12 09:47:29,957 - UnicodeAnalyzer - INFO - Filtrati 3 file (es. in /dist, /test).
2025-11-12 09:47:29,957 - UnicodeAnalyzer - INFO - -> Analizzando versione 5.3.1-alpha.1 (1169/3696)...
2025-11-12 09:47:29,957 - UnicodeAnalyzer - INFO - Filtrati 3 file (es. in /dist, /test).
2025-11-12 09:47:29,957 - UnicodeAnalyzer - INFO - -> Analizzando versione 5.3.2-alpha.0 (1170/3696)...
2025-11-12 09:47:29,958 - UnicodeAnalyzer - INFO - Filtrati 3 file (es. in /dist, /test).
2025-11-12 09:47:29,958 - UnicodeAnalyzer - INFO - -> Analizzando versione 5.3.2-alpha.1 (1171/3696)...
2025-11-12 09:47:29,958 - UnicodeAnalyzer - INFO - Filtrati 3 file (es. in /dist, /test).
2025-11-12 09:47:29,958 - UnicodeAnalyzer - INFO - -> Analizzando versione 5.3.2-alpha.10 (1172/3696)...
2025-11-12 09:47:29,958 - UnicodeAnalyzer - INFO - Filtrati 3 file (es. in /dist, /test).
2025-11-12 09:47:29,958 - UnicodeAnalyzer - INFO - -> Analizzando versione 5.3.2-alpha.11 (1173/3696)...
2025-11-12 09:47:29,958 - UnicodeAnalyzer - INFO - Filtrati 3 file (es. in /dist, /test).
2025-11-12 09:47:29,959 - UnicodeAnalyzer - INFO - -> Analizzando versione 5.3.2-alpha.12 (1174/3696)...
2025-11-12 09:47:29,959 - UnicodeAnalyzer - INFO - Filtrati 3 file (es. in /dist, /test).
2025-11-12 09:47:29,959 - UnicodeAnalyzer - INFO - -> Analizzando versione 5.3.2-alpha.13 (1175/3696)...
2025-11-12 09:47:29,959 - UnicodeAnalyzer - INFO - Filtrati 3 file (es. in /dist, /test).
2025-11-12 09:47:29,959 - UnicodeAnalyzer - INFO - -> Analizzando versione 5.3.2-alpha.14 (1176/3696)...
2025-11-12 09:47:29,959 - UnicodeAnalyzer - INFO - Filtrati 3 file (es. in /dist, /test).
2025-11-12 09:47:29,960 - UnicodeAnalyzer - INFO - -> Analizzando versione 5.3.2-alpha.15 (1177/3696)...
2025-11-12 09:47:29,960 - UnicodeAnalyzer - INFO - Filtrati 3 file (es. in /dist, /test).
2025-11-12 09:47:29,960 - UnicodeAnalyzer - INFO - -> Analizzando versione 5.3.2-alpha.16 (1178/3696)...
2025-11-12 09:47:29,960 - UnicodeAnalyzer - INFO - Filtrati 3 file (es. in /dist, /test).
2025-11-12 09:47:29,960 - UnicodeAnalyzer - INFO - -> Analizzando versione 5.3.2-alpha.17 (1179/3696)...
2025-11-12 09:47:29,960 - UnicodeAnalyzer - INFO - Filtrati 3 file (es. in /dist, /test).
2025-11-12 09:47:29,961 - UnicodeAnalyzer - INFO - -> Analizzando versione 5.3.2-alpha.18 (1180/3696)...
2025-11-12 09:47:29,961 - UnicodeAnalyzer - INFO - Filtrati 3 file (es. in /dist, /test).
2025-11-12 09:47:29,961 - UnicodeAnalyzer - INFO - -> Analizzando versione 5.3.2-alpha.19 (1181/3696)...
2025-11-12 09:47:29,961 - UnicodeAnalyzer - INFO - Filtrati 3 file (es. in /dist, /test).
2025-11-12 09:47:29,961 - UnicodeAnalyzer - INFO - -> Analizzando versione 5.3.2-alpha.2 (1182/3696)...
2025-11-12 09:47:29,961 - UnicodeAnalyzer - INFO - Filtrati 3 file (es. in /dist, /test).
2025-11-12 09:47:29,961 - UnicodeAnalyzer - INFO - -> Analizzando versione 5.3.2-alpha.20 (1183/3696)...
2025-11-12 09:47:29,962 - UnicodeAnalyzer - INFO - Filtrati 3 file (es. in /dist, /test).
2025-11-12 09:47:29,962 - UnicodeAnalyzer - INFO - -> Analizzando versione 5.3.2-alpha.21 (1184/3696)...
2025-11-12 09:47:29,962 - UnicodeAnalyzer - INFO - Filtrati 3 file (es. in /dist, /test).
2025-11-12 09:47:29,962 - UnicodeAnalyzer - INFO - -> Analizzando versione 5.3.2-alpha.22 (1185/3696)...
2025-11-12 09:47:29,962 - UnicodeAnalyzer - INFO - Filtrati 3 file (es. in /dist, /test).
2025-11-12 09:47:29,962 - UnicodeAnalyzer - INFO - -> Analizzando versione 5.3.2-alpha.23 (1186/3696)...
2025-11-12 09:47:29,963 - UnicodeAnalyzer - INFO - Filtrati 3 file (es. in /dist, /test).
2025-11-12 09:47:29,963 - UnicodeAnalyzer - INFO - -> Analizzando versione 5.3.2-alpha.24 (1187/3696)...
2025-11-12 09:47:29,963 - UnicodeAnalyzer - INFO - Filtrati 3 file (es. in /dist, /test).
2025-11-12 09:47:29,963 - UnicodeAnalyzer - INFO - -> Analizzando versione 5.3.2-alpha.26 (1188/3696)...
2025-11-12 09:47:29,963 - UnicodeAnalyzer - INFO - Filtrati 3 file (es. in /dist, /test).
2025-11-12 09:47:29,963 - UnicodeAnalyzer - INFO - -> Analizzando versione 5.3.2-alpha.28 (1189/3696)...
2025-11-12 09:47:29,964 - UnicodeAnalyzer - INFO - Filtrati 3 file (es. in /dist, /test).
2025-11-12 09:47:29,964 - UnicodeAnalyzer - INFO - -> Analizzando versione 5.3.2-alpha.29 (1190/3696)...
2025-11-12 09:47:29,964 - UnicodeAnalyzer - INFO - Filtrati 3 file (es. in /dist, /test).
2025-11-12 09:47:29,964 - UnicodeAnalyzer - INFO - -> Analizzando versione 5.3.2-alpha.3 (1191/3696)...
2025-11-12 09:47:29,964 - UnicodeAnalyzer - INFO - Filtrati 3 file (es. in /dist, /test).
2025-11-12 09:47:29,964 - UnicodeAnalyzer - INFO - -> Analizzando versione 5.3.2-alpha.30 (1192/3696)...
2025-11-12 09:47:29,965 - UnicodeAnalyzer - INFO - Filtrati 3 file (es. in /dist, /test).
2025-11-12 09:47:29,965 - UnicodeAnalyzer - INFO - -> Analizzando versione 5.3.2-alpha.31 (1193/3696)...
2025-11-12 09:47:29,965 - UnicodeAnalyzer - INFO - Filtrati 3 file (es. in /dist, /test).
2025-11-12 09:47:29,965 - UnicodeAnalyzer - INFO - -> Analizzando versione 5.3.2-alpha.4 (1194/3696)...
2025-11-12 09:47:29,965 - UnicodeAnalyzer - INFO - Filtrati 3 file (es. in /dist, /test).
2025-11-12 09:47:29,965 - UnicodeAnalyzer - INFO - -> Analizzando versione 5.3.2-alpha.5 (1195/3696)...
2025-11-12 09:47:29,966 - UnicodeAnalyzer - INFO - Filtrati 3 file (es. in /dist, /test).
2025-11-12 09:47:29,966 - UnicodeAnalyzer - INFO - -> Analizzando versione 5.3.2-alpha.6 (1196/3696)...
2025-11-12 09:47:29,966 - UnicodeAnalyzer - INFO - Filtrati 3 file (es. in /dist, /test).
2025-11-12 09:47:29,966 - UnicodeAnalyzer - INFO - -> Analizzando versione 5.3.2-alpha.7 (1197/3696)...
2025-11-12 09:47:29,966 - UnicodeAnalyzer - INFO - Filtrati 3 file (es. in /dist, /test).
2025-11-12 09:47:29,966 - UnicodeAnalyzer - INFO - -> Analizzando versione 5.3.2-alpha.8 (1198/3696)...
2025-11-12 09:47:29,967 - UnicodeAnalyzer - INFO - Filtrati 3 file (es. in /dist, /test).
2025-11-12 09:47:29,967 - UnicodeAnalyzer - INFO - -> Analizzando versione 5.3.2-alpha.9 (1199/3696)...
2025-11-12 09:47:29,967 - UnicodeAnalyzer - INFO - Filtrati 3 file (es. in /dist, /test).
2025-11-12 09:47:29,967 - UnicodeAnalyzer - INFO - -> Analizzando versione 5.30.0 (1200/3696)...
2025-11-12 09:47:29,967 - UnicodeAnalyzer - INFO - Filtrati 3 file (es. in /dist, /test).
2025-11-12 09:47:29,967 - UnicodeAnalyzer - INFO - -> Analizzando versione 5.30.1 (1201/3696)...
2025-11-12 09:47:29,968 - UnicodeAnalyzer - INFO - Filtrati 3 file (es. in /dist, /test).
2025-11-12 09:47:29,968 - UnicodeAnalyzer - INFO - -> Analizzando versione 5.30.1-alpha.1 (1202/3696)...
2025-11-12 09:47:29,968 - UnicodeAnalyzer - INFO - Filtrati 3 file (es. in /dist, /test).
2025-11-12 09:47:29,968 - UnicodeAnalyzer - INFO - -> Analizzando versione 5.30.1-alpha.2 (1203/3696)...
2025-11-12 09:47:29,968 - UnicodeAnalyzer - INFO - Filtrati 3 file (es. in /dist, /test).
2025-11-12 09:47:29,968 - UnicodeAnalyzer - INFO - -> Analizzando versione 5.30.1-alpha.3 (1204/3696)...
2025-11-12 09:47:29,968 - UnicodeAnalyzer - INFO - Filtrati 3 file (es. in /dist, /test).
2025-11-12 09:47:29,969 - UnicodeAnalyzer - INFO - -> Analizzando versione 5.30.1-alpha.4 (1205/3696)...
2025-11-12 09:47:29,969 - UnicodeAnalyzer - INFO - Filtrati 3 file (es. in /dist, /test).
2025-11-12 09:47:29,969 - UnicodeAnalyzer - INFO - -> Analizzando versione 5.30.1-alpha.5 (1206/3696)...
2025-11-12 09:47:29,969 - UnicodeAnalyzer - INFO - Filtrati 3 file (es. in /dist, /test).
2025-11-12 09:47:29,969 - UnicodeAnalyzer - INFO - -> Analizzando versione 5.30.1-alpha.6 (1207/3696)...
2025-11-12 09:47:29,969 - UnicodeAnalyzer - INFO - Filtrati 3 file (es. in /dist, /test).
2025-11-12 09:47:29,970 - UnicodeAnalyzer - INFO - -> Analizzando versione 5.30.1-alpha.7 (1208/3696)...
2025-11-12 09:47:29,970 - UnicodeAnalyzer - INFO - Filtrati 3 file (es. in /dist, /test).
2025-11-12 09:47:29,970 - UnicodeAnalyzer - INFO - -> Analizzando versione 5.30.1-alpha.8 (1209/3696)...
2025-11-12 09:47:29,970 - UnicodeAnalyzer - INFO - Filtrati 3 file (es. in /dist, /test).
2025-11-12 09:47:29,970 - UnicodeAnalyzer - INFO - -> Analizzando versione 5.30.1-alpha.9 (1210/3696)...
2025-11-12 09:47:29,970 - UnicodeAnalyzer - INFO - Filtrati 3 file (es. in /dist, /test).
2025-11-12 09:47:29,970 - UnicodeAnalyzer - INFO - -> Analizzando versione 5.30.2 (1211/3696)...
2025-11-12 09:47:29,971 - UnicodeAnalyzer - INFO - Filtrati 3 file (es. in /dist, /test).
2025-11-12 09:47:29,971 - UnicodeAnalyzer - INFO - -> Analizzando versione 5.30.2-alpha.0 (1212/3696)...
2025-11-12 09:47:29,971 - UnicodeAnalyzer - INFO - Filtrati 3 file (es. in /dist, /test).
2025-11-12 09:47:29,971 - UnicodeAnalyzer - INFO - -> Analizzando versione 5.30.3 (1213/3696)...
2025-11-12 09:47:29,971 - UnicodeAnalyzer - INFO - Filtrati 3 file (es. in /dist, /test).
2025-11-12 09:47:29,971 - UnicodeAnalyzer - INFO - -> Analizzando versione 5.30.3-alpha.0 (1214/3696)...
2025-11-12 09:47:29,972 - UnicodeAnalyzer - INFO - Filtrati 3 file (es. in /dist, /test).
2025-11-12 09:47:29,972 - UnicodeAnalyzer - INFO - -> Analizzando versione 5.30.4 (1215/3696)...
2025-11-12 09:47:29,972 - UnicodeAnalyzer - INFO - Filtrati 3 file (es. in /dist, /test).
2025-11-12 09:47:29,972 - UnicodeAnalyzer - INFO - -> Analizzando versione 5.30.4-alpha.0 (1216/3696)...
2025-11-12 09:47:29,972 - UnicodeAnalyzer - INFO - Filtrati 3 file (es. in /dist, /test).
2025-11-12 09:47:29,972 - UnicodeAnalyzer - INFO - -> Analizzando versione 5.30.4-alpha.1 (1217/3696)...
2025-11-12 09:47:29,973 - UnicodeAnalyzer - INFO - Filtrati 3 file (es. in /dist, /test).
2025-11-12 09:47:29,973 - UnicodeAnalyzer - INFO - -> Analizzando versione 5.30.5 (1218/3696)...
2025-11-12 09:47:29,973 - UnicodeAnalyzer - INFO - Filtrati 3 file (es. in /dist, /test).
2025-11-12 09:47:29,973 - UnicodeAnalyzer - INFO - -> Analizzando versione 5.30.5-alpha.0 (1219/3696)...
2025-11-12 09:47:29,973 - UnicodeAnalyzer - INFO - Filtrati 3 file (es. in /dist, /test).
2025-11-12 09:47:29,973 - UnicodeAnalyzer - INFO - -> Analizzando versione 5.30.5-alpha.1 (1220/3696)...
2025-11-12 09:47:29,974 - UnicodeAnalyzer - INFO - Filtrati 3 file (es. in /dist, /test).
2025-11-12 09:47:29,974 - UnicodeAnalyzer - INFO - -> Analizzando versione 5.30.5-alpha.2 (1221/3696)...
2025-11-12 09:47:29,974 - UnicodeAnalyzer - INFO - Filtrati 3 file (es. in /dist, /test).
2025-11-12 09:47:29,974 - UnicodeAnalyzer - INFO - -> Analizzando versione 5.30.5-alpha.3 (1222/3696)...
2025-11-12 09:47:29,974 - UnicodeAnalyzer - INFO - Filtrati 3 file (es. in /dist, /test).
2025-11-12 09:47:29,974 - UnicodeAnalyzer - INFO - -> Analizzando versione 5.30.5-alpha.4 (1223/3696)...
2025-11-12 09:47:29,975 - UnicodeAnalyzer - INFO - Filtrati 3 file (es. in /dist, /test).
2025-11-12 09:47:29,975 - UnicodeAnalyzer - INFO - -> Analizzando versione 5.30.5-alpha.5 (1224/3696)...
2025-11-12 09:47:29,975 - UnicodeAnalyzer - INFO - Filtrati 3 file (es. in /dist, /test).
2025-11-12 09:47:29,975 - UnicodeAnalyzer - INFO - -> Analizzando versione 5.30.5-alpha.6 (1225/3696)...
2025-11-12 09:47:29,975 - UnicodeAnalyzer - INFO - Filtrati 3 file (es. in /dist, /test).
2025-11-12 09:47:29,975 - UnicodeAnalyzer - INFO - -> Analizzando versione 5.30.5-alpha.7 (1226/3696)...
2025-11-12 09:47:29,976 - UnicodeAnalyzer - INFO - Filtrati 3 file (es. in /dist, /test).
2025-11-12 09:47:29,976 - UnicodeAnalyzer - INFO - -> Analizzando versione 5.30.5-alpha.8 (1227/3696)...
2025-11-12 09:47:29,976 - UnicodeAnalyzer - INFO - Filtrati 3 file (es. in /dist, /test).
2025-11-12 09:47:29,976 - UnicodeAnalyzer - INFO - -> Analizzando versione 5.30.6 (1228/3696)...
2025-11-12 09:47:29,976 - UnicodeAnalyzer - INFO - Filtrati 3 file (es. in /dist, /test).
2025-11-12 09:47:29,976 - UnicodeAnalyzer - INFO - -> Analizzando versione 5.30.6-alpha.0 (1229/3696)...
2025-11-12 09:47:29,977 - UnicodeAnalyzer - INFO - Filtrati 3 file (es. in /dist, /test).
2025-11-12 09:47:29,977 - UnicodeAnalyzer - INFO - -> Analizzando versione 5.30.6-alpha.1 (1230/3696)...
2025-11-12 09:47:29,977 - UnicodeAnalyzer - INFO - Filtrati 3 file (es. in /dist, /test).
2025-11-12 09:47:29,977 - UnicodeAnalyzer - INFO - -> Analizzando versione 5.30.6-alpha.2 (1231/3696)...
2025-11-12 09:47:29,977 - UnicodeAnalyzer - INFO - Filtrati 3 file (es. in /dist, /test).
2025-11-12 09:47:29,977 - UnicodeAnalyzer - INFO - -> Analizzando versione 5.30.6-alpha.3 (1232/3696)...
2025-11-12 09:47:29,978 - UnicodeAnalyzer - INFO - Filtrati 3 file (es. in /dist, /test).
2025-11-12 09:47:29,978 - UnicodeAnalyzer - INFO - -> Analizzando versione 5.30.6-alpha.4 (1233/3696)...
2025-11-12 09:47:29,978 - UnicodeAnalyzer - INFO - Filtrati 3 file (es. in /dist, /test).
2025-11-12 09:47:29,978 - UnicodeAnalyzer - INFO - -> Analizzando versione 5.30.6-alpha.5 (1234/3696)...
2025-11-12 09:47:29,978 - UnicodeAnalyzer - INFO - Filtrati 3 file (es. in /dist, /test).
2025-11-12 09:47:29,978 - UnicodeAnalyzer - INFO - -> Analizzando versione 5.30.6-alpha.6 (1235/3696)...
2025-11-12 09:47:29,979 - UnicodeAnalyzer - INFO - Filtrati 3 file (es. in /dist, /test).
2025-11-12 09:47:29,979 - UnicodeAnalyzer - INFO - -> Analizzando versione 5.30.7 (1236/3696)...
2025-11-12 09:47:29,979 - UnicodeAnalyzer - INFO - Filtrati 3 file (es. in /dist, /test).
2025-11-12 09:47:29,979 - UnicodeAnalyzer - INFO - -> Analizzando versione 5.30.7-alpha.0 (1237/3696)...
2025-11-12 09:47:29,979 - UnicodeAnalyzer - INFO - Filtrati 3 file (es. in /dist, /test).
2025-11-12 09:47:29,979 - UnicodeAnalyzer - INFO - -> Analizzando versione 5.30.7-alpha.1 (1238/3696)...
2025-11-12 09:47:29,980 - UnicodeAnalyzer - INFO - Filtrati 3 file (es. in /dist, /test).
2025-11-12 09:47:29,980 - UnicodeAnalyzer - INFO - -> Analizzando versione 5.30.7-alpha.2 (1239/3696)...
2025-11-12 09:47:29,980 - UnicodeAnalyzer - INFO - Filtrati 3 file (es. in /dist, /test).
2025-11-12 09:47:29,980 - UnicodeAnalyzer - INFO - -> Analizzando versione 5.30.7-alpha.3 (1240/3696)...
2025-11-12 09:47:29,980 - UnicodeAnalyzer - INFO - Filtrati 3 file (es. in /dist, /test).
2025-11-12 09:47:29,980 - UnicodeAnalyzer - INFO - -> Analizzando versione 5.30.7-alpha.4 (1241/3696)...
2025-11-12 09:47:29,981 - UnicodeAnalyzer - INFO - Filtrati 3 file (es. in /dist, /test).
2025-11-12 09:47:29,981 - UnicodeAnalyzer - INFO - -> Analizzando versione 5.30.7-alpha.5 (1242/3696)...
2025-11-12 09:47:29,981 - UnicodeAnalyzer - INFO - Filtrati 3 file (es. in /dist, /test).
2025-11-12 09:47:29,981 - UnicodeAnalyzer - INFO - -> Analizzando versione 5.30.7-alpha.6 (1243/3696)...
2025-11-12 09:47:29,981 - UnicodeAnalyzer - INFO - Filtrati 3 file (es. in /dist, /test).
2025-11-12 09:47:29,981 - UnicodeAnalyzer - INFO - -> Analizzando versione 5.30.7-alpha.7 (1244/3696)...
2025-11-12 09:47:29,981 - UnicodeAnalyzer - INFO - Filtrati 3 file (es. in /dist, /test).
2025-11-12 09:47:29,982 - UnicodeAnalyzer - INFO - -> Analizzando versione 5.30.7-alpha.8 (1245/3696)...
2025-11-12 09:47:29,982 - UnicodeAnalyzer - INFO - Filtrati 3 file (es. in /dist, /test).
2025-11-12 09:47:29,982 - UnicodeAnalyzer - INFO - -> Analizzando versione 5.30.8-alpha.0 (1246/3696)...
2025-11-12 09:47:29,982 - UnicodeAnalyzer - INFO - Filtrati 3 file (es. in /dist, /test).
2025-11-12 09:47:29,982 - UnicodeAnalyzer - INFO - -> Analizzando versione 5.30.8-alpha.1 (1247/3696)...
2025-11-12 09:47:29,982 - UnicodeAnalyzer - INFO - Filtrati 3 file (es. in /dist, /test).
2025-11-12 09:47:29,982 - UnicodeAnalyzer - INFO - -> Analizzando versione 5.30.8-alpha.10 (1248/3696)...
2025-11-12 09:47:29,983 - UnicodeAnalyzer - INFO - Filtrati 3 file (es. in /dist, /test).
2025-11-12 09:47:29,983 - UnicodeAnalyzer - INFO - -> Analizzando versione 5.30.8-alpha.11 (1249/3696)...
2025-11-12 09:47:29,983 - UnicodeAnalyzer - INFO - Filtrati 3 file (es. in /dist, /test).
2025-11-12 09:47:29,983 - UnicodeAnalyzer - INFO - -> Analizzando versione 5.30.8-alpha.12 (1250/3696)...
2025-11-12 09:47:29,983 - UnicodeAnalyzer - INFO - Filtrati 3 file (es. in /dist, /test).
2025-11-12 09:47:29,983 - UnicodeAnalyzer - INFO - -> Analizzando versione 5.30.8-alpha.13 (1251/3696)...
2025-11-12 09:47:29,984 - UnicodeAnalyzer - INFO - Filtrati 3 file (es. in /dist, /test).
2025-11-12 09:47:29,984 - UnicodeAnalyzer - INFO - -> Analizzando versione 5.30.8-alpha.2 (1252/3696)...
2025-11-12 09:47:29,984 - UnicodeAnalyzer - INFO - Filtrati 3 file (es. in /dist, /test).
2025-11-12 09:47:29,984 - UnicodeAnalyzer - INFO - -> Analizzando versione 5.30.8-alpha.3 (1253/3696)...
2025-11-12 09:47:29,984 - UnicodeAnalyzer - INFO - Filtrati 3 file (es. in /dist, /test).
2025-11-12 09:47:29,984 - UnicodeAnalyzer - INFO - -> Analizzando versione 5.30.8-alpha.4 (1254/3696)...
2025-11-12 09:47:29,985 - UnicodeAnalyzer - INFO - Filtrati 3 file (es. in /dist, /test).
2025-11-12 09:47:29,985 - UnicodeAnalyzer - INFO - -> Analizzando versione 5.30.8-alpha.5 (1255/3696)...
2025-11-12 09:47:29,985 - UnicodeAnalyzer - INFO - Filtrati 3 file (es. in /dist, /test).
2025-11-12 09:47:29,985 - UnicodeAnalyzer - INFO - -> Analizzando versione 5.30.8-alpha.6 (1256/3696)...
2025-11-12 09:47:29,985 - UnicodeAnalyzer - INFO - Filtrati 3 file (es. in /dist, /test).
2025-11-12 09:47:29,985 - UnicodeAnalyzer - INFO - -> Analizzando versione 5.30.8-alpha.7 (1257/3696)...
2025-11-12 09:47:29,986 - UnicodeAnalyzer - INFO - Filtrati 3 file (es. in /dist, /test).
2025-11-12 09:47:29,986 - UnicodeAnalyzer - INFO - -> Analizzando versione 5.30.8-alpha.8 (1258/3696)...
2025-11-12 09:47:29,986 - UnicodeAnalyzer - INFO - Filtrati 3 file (es. in /dist, /test).
2025-11-12 09:47:29,986 - UnicodeAnalyzer - INFO - -> Analizzando versione 5.30.8-alpha.9 (1259/3696)...
2025-11-12 09:47:29,986 - UnicodeAnalyzer - INFO - Filtrati 3 file (es. in /dist, /test).
2025-11-12 09:47:29,986 - UnicodeAnalyzer - INFO - -> Analizzando versione 5.31.0 (1260/3696)...
2025-11-12 09:47:29,987 - UnicodeAnalyzer - INFO - Filtrati 3 file (es. in /dist, /test).
2025-11-12 09:47:29,987 - UnicodeAnalyzer - INFO - -> Analizzando versione 5.31.1-alpha.0 (1261/3696)...
2025-11-12 09:47:29,987 - UnicodeAnalyzer - INFO - Filtrati 3 file (es. in /dist, /test).
2025-11-12 09:47:29,987 - UnicodeAnalyzer - INFO - -> Analizzando versione 5.31.1-alpha.1 (1262/3696)...
2025-11-12 09:47:29,987 - UnicodeAnalyzer - INFO - Filtrati 3 file (es. in /dist, /test).
2025-11-12 09:47:29,987 - UnicodeAnalyzer - INFO - -> Analizzando versione 5.31.1-alpha.10 (1263/3696)...
2025-11-12 09:47:29,988 - UnicodeAnalyzer - INFO - Filtrati 3 file (es. in /dist, /test).
2025-11-12 09:47:29,988 - UnicodeAnalyzer - INFO - -> Analizzando versione 5.31.1-alpha.2 (1264/3696)...
2025-11-12 09:47:29,988 - UnicodeAnalyzer - INFO - Filtrati 3 file (es. in /dist, /test).
2025-11-12 09:47:29,988 - UnicodeAnalyzer - INFO - -> Analizzando versione 5.31.1-alpha.4 (1265/3696)...
2025-11-12 09:47:29,988 - UnicodeAnalyzer - INFO - Filtrati 3 file (es. in /dist, /test).
2025-11-12 09:47:29,988 - UnicodeAnalyzer - INFO - -> Analizzando versione 5.31.1-alpha.5 (1266/3696)...
2025-11-12 09:47:29,989 - UnicodeAnalyzer - INFO - Filtrati 3 file (es. in /dist, /test).
2025-11-12 09:47:29,989 - UnicodeAnalyzer - INFO - -> Analizzando versione 5.31.1-alpha.6 (1267/3696)...
2025-11-12 09:47:29,989 - UnicodeAnalyzer - INFO - Filtrati 3 file (es. in /dist, /test).
2025-11-12 09:47:29,989 - UnicodeAnalyzer - INFO - -> Analizzando versione 5.31.1-alpha.7 (1268/3696)...
2025-11-12 09:47:29,989 - UnicodeAnalyzer - INFO - Filtrati 3 file (es. in /dist, /test).
2025-11-12 09:47:29,989 - UnicodeAnalyzer - INFO - -> Analizzando versione 5.31.1-alpha.8 (1269/3696)...
2025-11-12 09:47:29,990 - UnicodeAnalyzer - INFO - Filtrati 3 file (es. in /dist, /test).
2025-11-12 09:47:29,990 - UnicodeAnalyzer - INFO - -> Analizzando versione 5.31.1-alpha.9 (1270/3696)...
2025-11-12 09:47:29,990 - UnicodeAnalyzer - INFO - Filtrati 3 file (es. in /dist, /test).
2025-11-12 09:47:29,990 - UnicodeAnalyzer - INFO - -> Analizzando versione 5.32.0 (1271/3696)...
2025-11-12 09:47:29,990 - UnicodeAnalyzer - INFO - Filtrati 3 file (es. in /dist, /test).
2025-11-12 09:47:29,990 - UnicodeAnalyzer - INFO - -> Analizzando versione 5.32.1-alpha.0 (1272/3696)...
2025-11-12 09:47:29,991 - UnicodeAnalyzer - INFO - Filtrati 3 file (es. in /dist, /test).
2025-11-12 09:47:29,991 - UnicodeAnalyzer - INFO - -> Analizzando versione 5.32.1-alpha.1 (1273/3696)...
2025-11-12 09:47:29,991 - UnicodeAnalyzer - INFO - Filtrati 3 file (es. in /dist, /test).
2025-11-12 09:47:29,991 - UnicodeAnalyzer - INFO - -> Analizzando versione 5.32.1-alpha.10 (1274/3696)...
2025-11-12 09:47:29,991 - UnicodeAnalyzer - INFO - Filtrati 3 file (es. in /dist, /test).
2025-11-12 09:47:29,991 - UnicodeAnalyzer - INFO - -> Analizzando versione 5.32.1-alpha.11 (1275/3696)...
2025-11-12 09:47:29,992 - UnicodeAnalyzer - INFO - Filtrati 3 file (es. in /dist, /test).
2025-11-12 09:47:29,992 - UnicodeAnalyzer - INFO - -> Analizzando versione 5.32.1-alpha.12 (1276/3696)...
2025-11-12 09:47:29,992 - UnicodeAnalyzer - INFO - Filtrati 3 file (es. in /dist, /test).
2025-11-12 09:47:29,992 - UnicodeAnalyzer - INFO - -> Analizzando versione 5.32.1-alpha.2 (1277/3696)...
2025-11-12 09:47:29,992 - UnicodeAnalyzer - INFO - Filtrati 3 file (es. in /dist, /test).
2025-11-12 09:47:29,992 - UnicodeAnalyzer - INFO - -> Analizzando versione 5.32.1-alpha.3 (1278/3696)...
2025-11-12 09:47:29,992 - UnicodeAnalyzer - INFO - Filtrati 3 file (es. in /dist, /test).
2025-11-12 09:47:29,993 - UnicodeAnalyzer - INFO - -> Analizzando versione 5.32.1-alpha.4 (1279/3696)...
2025-11-12 09:47:29,993 - UnicodeAnalyzer - INFO - Filtrati 3 file (es. in /dist, /test).
2025-11-12 09:47:29,993 - UnicodeAnalyzer - INFO - -> Analizzando versione 5.32.1-alpha.5 (1280/3696)...
2025-11-12 09:47:29,993 - UnicodeAnalyzer - INFO - Filtrati 3 file (es. in /dist, /test).
2025-11-12 09:47:29,993 - UnicodeAnalyzer - INFO - -> Analizzando versione 5.32.1-alpha.6 (1281/3696)...
2025-11-12 09:47:29,993 - UnicodeAnalyzer - INFO - Filtrati 3 file (es. in /dist, /test).
2025-11-12 09:47:29,994 - UnicodeAnalyzer - INFO - -> Analizzando versione 5.32.1-alpha.7 (1282/3696)...
2025-11-12 09:47:29,994 - UnicodeAnalyzer - INFO - Filtrati 3 file (es. in /dist, /test).
2025-11-12 09:47:29,994 - UnicodeAnalyzer - INFO - -> Analizzando versione 5.32.1-alpha.8 (1283/3696)...
2025-11-12 09:47:29,994 - UnicodeAnalyzer - INFO - Filtrati 3 file (es. in /dist, /test).
2025-11-12 09:47:29,994 - UnicodeAnalyzer - INFO - -> Analizzando versione 5.32.1-alpha.9 (1284/3696)...
2025-11-12 09:47:29,994 - UnicodeAnalyzer - INFO - Filtrati 3 file (es. in /dist, /test).
2025-11-12 09:47:29,994 - UnicodeAnalyzer - INFO - -> Analizzando versione 5.33.0 (1285/3696)...
2025-11-12 09:47:29,995 - UnicodeAnalyzer - INFO - Filtrati 3 file (es. in /dist, /test).
2025-11-12 09:47:29,995 - UnicodeAnalyzer - INFO - -> Analizzando versione 5.33.1 (1286/3696)...
2025-11-12 09:47:29,995 - UnicodeAnalyzer - INFO - Filtrati 3 file (es. in /dist, /test).
2025-11-12 09:47:29,995 - UnicodeAnalyzer - INFO - -> Analizzando versione 5.33.1-alpha.0 (1287/3696)...
2025-11-12 09:47:29,995 - UnicodeAnalyzer - INFO - Filtrati 3 file (es. in /dist, /test).
2025-11-12 09:47:29,996 - UnicodeAnalyzer - INFO - -> Analizzando versione 5.33.1-alpha.10 (1288/3696)...
2025-11-12 09:47:29,996 - UnicodeAnalyzer - INFO - Filtrati 3 file (es. in /dist, /test).
2025-11-12 09:47:29,996 - UnicodeAnalyzer - INFO - -> Analizzando versione 5.33.1-alpha.11 (1289/3696)...
2025-11-12 09:47:29,996 - UnicodeAnalyzer - INFO - Filtrati 3 file (es. in /dist, /test).
2025-11-12 09:47:29,996 - UnicodeAnalyzer - INFO - -> Analizzando versione 5.33.1-alpha.2 (1290/3696)...
2025-11-12 09:47:29,996 - UnicodeAnalyzer - INFO - Filtrati 3 file (es. in /dist, /test).
2025-11-12 09:47:29,996 - UnicodeAnalyzer - INFO - -> Analizzando versione 5.33.1-alpha.3 (1291/3696)...
2025-11-12 09:47:29,997 - UnicodeAnalyzer - INFO - Filtrati 3 file (es. in /dist, /test).
2025-11-12 09:47:29,997 - UnicodeAnalyzer - INFO - -> Analizzando versione 5.33.1-alpha.4 (1292/3696)...
2025-11-12 09:47:29,997 - UnicodeAnalyzer - INFO - Filtrati 3 file (es. in /dist, /test).
2025-11-12 09:47:29,997 - UnicodeAnalyzer - INFO - -> Analizzando versione 5.33.1-alpha.5 (1293/3696)...
2025-11-12 09:47:29,997 - UnicodeAnalyzer - INFO - Filtrati 3 file (es. in /dist, /test).
2025-11-12 09:47:29,997 - UnicodeAnalyzer - INFO - -> Analizzando versione 5.33.1-alpha.6 (1294/3696)...
2025-11-12 09:47:29,998 - UnicodeAnalyzer - INFO - Filtrati 3 file (es. in /dist, /test).
2025-11-12 09:47:29,998 - UnicodeAnalyzer - INFO - -> Analizzando versione 5.33.1-alpha.7 (1295/3696)...
2025-11-12 09:47:29,998 - UnicodeAnalyzer - INFO - Filtrati 3 file (es. in /dist, /test).
2025-11-12 09:47:29,998 - UnicodeAnalyzer - INFO - -> Analizzando versione 5.33.1-alpha.8 (1296/3696)...
2025-11-12 09:47:29,998 - UnicodeAnalyzer - INFO - Filtrati 3 file (es. in /dist, /test).
2025-11-12 09:47:29,998 - UnicodeAnalyzer - INFO - -> Analizzando versione 5.33.1-alpha.9 (1297/3696)...
2025-11-12 09:47:29,999 - UnicodeAnalyzer - INFO - Filtrati 3 file (es. in /dist, /test).
2025-11-12 09:47:29,999 - UnicodeAnalyzer - INFO - -> Analizzando versione 5.33.2-alpha.0 (1298/3696)...
2025-11-12 09:47:29,999 - UnicodeAnalyzer - INFO - Filtrati 3 file (es. in /dist, /test).
2025-11-12 09:47:29,999 - UnicodeAnalyzer - INFO - -> Analizzando versione 5.33.2-alpha.1 (1299/3696)...
2025-11-12 09:47:29,999 - UnicodeAnalyzer - INFO - Filtrati 3 file (es. in /dist, /test).
2025-11-12 09:47:29,999 - UnicodeAnalyzer - INFO - -> Analizzando versione 5.33.2-alpha.10 (1300/3696)...
2025-11-12 09:47:30,000 - UnicodeAnalyzer - INFO - Filtrati 3 file (es. in /dist, /test).
2025-11-12 09:47:30,000 - UnicodeAnalyzer - INFO - -> Analizzando versione 5.33.2-alpha.11 (1301/3696)...
2025-11-12 09:47:30,000 - UnicodeAnalyzer - INFO - Filtrati 3 file (es. in /dist, /test).
2025-11-12 09:47:30,000 - UnicodeAnalyzer - INFO - -> Analizzando versione 5.33.2-alpha.12 (1302/3696)...
2025-11-12 09:47:30,000 - UnicodeAnalyzer - INFO - Filtrati 3 file (es. in /dist, /test).
2025-11-12 09:47:30,000 - UnicodeAnalyzer - INFO - -> Analizzando versione 5.33.2-alpha.13 (1303/3696)...
2025-11-12 09:47:30,001 - UnicodeAnalyzer - INFO - Filtrati 3 file (es. in /dist, /test).
2025-11-12 09:47:30,001 - UnicodeAnalyzer - INFO - -> Analizzando versione 5.33.2-alpha.14 (1304/3696)...
2025-11-12 09:47:30,001 - UnicodeAnalyzer - INFO - Filtrati 3 file (es. in /dist, /test).
2025-11-12 09:47:30,001 - UnicodeAnalyzer - INFO - -> Analizzando versione 5.33.2-alpha.15 (1305/3696)...
2025-11-12 09:47:30,001 - UnicodeAnalyzer - INFO - Filtrati 3 file (es. in /dist, /test).
2025-11-12 09:47:30,001 - UnicodeAnalyzer - INFO - -> Analizzando versione 5.33.2-alpha.16 (1306/3696)...
2025-11-12 09:47:30,002 - UnicodeAnalyzer - INFO - Filtrati 3 file (es. in /dist, /test).
2025-11-12 09:47:30,002 - UnicodeAnalyzer - INFO - -> Analizzando versione 5.33.2-alpha.17 (1307/3696)...
2025-11-12 09:47:30,002 - UnicodeAnalyzer - INFO - Filtrati 3 file (es. in /dist, /test).
2025-11-12 09:47:30,002 - UnicodeAnalyzer - INFO - -> Analizzando versione 5.33.2-alpha.18 (1308/3696)...
2025-11-12 09:47:30,002 - UnicodeAnalyzer - INFO - Filtrati 3 file (es. in /dist, /test).
2025-11-12 09:47:30,002 - UnicodeAnalyzer - INFO - -> Analizzando versione 5.33.2-alpha.19 (1309/3696)...
2025-11-12 09:47:30,003 - UnicodeAnalyzer - INFO - Filtrati 3 file (es. in /dist, /test).
2025-11-12 09:47:30,003 - UnicodeAnalyzer - INFO - -> Analizzando versione 5.33.2-alpha.2 (1310/3696)...
2025-11-12 09:47:30,003 - UnicodeAnalyzer - INFO - Filtrati 3 file (es. in /dist, /test).
2025-11-12 09:47:30,003 - UnicodeAnalyzer - INFO - -> Analizzando versione 5.33.2-alpha.3 (1311/3696)...
2025-11-12 09:47:30,003 - UnicodeAnalyzer - INFO - Filtrati 3 file (es. in /dist, /test).
2025-11-12 09:47:30,003 - UnicodeAnalyzer - INFO - -> Analizzando versione 5.33.2-alpha.4 (1312/3696)...
2025-11-12 09:47:30,003 - UnicodeAnalyzer - INFO - Filtrati 3 file (es. in /dist, /test).
2025-11-12 09:47:30,004 - UnicodeAnalyzer - INFO - -> Analizzando versione 5.33.2-alpha.5 (1313/3696)...
2025-11-12 09:47:30,004 - UnicodeAnalyzer - INFO - Filtrati 3 file (es. in /dist, /test).
2025-11-12 09:47:30,004 - UnicodeAnalyzer - INFO - -> Analizzando versione 5.33.2-alpha.7 (1314/3696)...
2025-11-12 09:47:30,004 - UnicodeAnalyzer - INFO - Filtrati 3 file (es. in /dist, /test).
2025-11-12 09:47:30,004 - UnicodeAnalyzer - INFO - -> Analizzando versione 5.33.2-alpha.8 (1315/3696)...
2025-11-12 09:47:30,004 - UnicodeAnalyzer - INFO - Filtrati 3 file (es. in /dist, /test).
2025-11-12 09:47:30,005 - UnicodeAnalyzer - INFO - -> Analizzando versione 5.33.2-alpha.9 (1316/3696)...
2025-11-12 09:47:30,005 - UnicodeAnalyzer - INFO - Filtrati 3 file (es. in /dist, /test).
2025-11-12 09:47:30,005 - UnicodeAnalyzer - INFO - -> Analizzando versione 5.34.0 (1317/3696)...
2025-11-12 09:47:30,005 - UnicodeAnalyzer - INFO - Filtrati 3 file (es. in /dist, /test).
2025-11-12 09:47:30,005 - UnicodeAnalyzer - INFO - -> Analizzando versione 5.34.1-alpha.0 (1318/3696)...
2025-11-12 09:47:30,005 - UnicodeAnalyzer - INFO - Filtrati 3 file (es. in /dist, /test).
2025-11-12 09:47:30,006 - UnicodeAnalyzer - INFO - -> Analizzando versione 5.34.1-alpha.1 (1319/3696)...
2025-11-12 09:47:30,006 - UnicodeAnalyzer - INFO - Filtrati 3 file (es. in /dist, /test).
2025-11-12 09:47:30,006 - UnicodeAnalyzer - INFO - -> Analizzando versione 5.34.1-alpha.10 (1320/3696)...
2025-11-12 09:47:30,006 - UnicodeAnalyzer - INFO - Filtrati 3 file (es. in /dist, /test).
2025-11-12 09:47:30,006 - UnicodeAnalyzer - INFO - -> Analizzando versione 5.34.1-alpha.2 (1321/3696)...
2025-11-12 09:47:30,006 - UnicodeAnalyzer - INFO - Filtrati 3 file (es. in /dist, /test).
2025-11-12 09:47:30,006 - UnicodeAnalyzer - INFO - -> Analizzando versione 5.34.1-alpha.3 (1322/3696)...
2025-11-12 09:47:30,007 - UnicodeAnalyzer - INFO - Filtrati 3 file (es. in /dist, /test).
2025-11-12 09:47:30,007 - UnicodeAnalyzer - INFO - -> Analizzando versione 5.34.1-alpha.4 (1323/3696)...
2025-11-12 09:47:30,007 - UnicodeAnalyzer - INFO - Filtrati 3 file (es. in /dist, /test).
2025-11-12 09:47:30,007 - UnicodeAnalyzer - INFO - -> Analizzando versione 5.34.1-alpha.5 (1324/3696)...
2025-11-12 09:47:30,007 - UnicodeAnalyzer - INFO - Filtrati 3 file (es. in /dist, /test).
2025-11-12 09:47:30,008 - UnicodeAnalyzer - INFO - -> Analizzando versione 5.34.1-alpha.6 (1325/3696)...
2025-11-12 09:47:30,008 - UnicodeAnalyzer - INFO - Filtrati 3 file (es. in /dist, /test).
2025-11-12 09:47:30,008 - UnicodeAnalyzer - INFO - -> Analizzando versione 5.34.1-alpha.7 (1326/3696)...
2025-11-12 09:47:30,008 - UnicodeAnalyzer - INFO - Filtrati 3 file (es. in /dist, /test).
2025-11-12 09:47:30,008 - UnicodeAnalyzer - INFO - -> Analizzando versione 5.34.1-alpha.8 (1327/3696)...
2025-11-12 09:47:30,008 - UnicodeAnalyzer - INFO - Filtrati 3 file (es. in /dist, /test).
2025-11-12 09:47:30,009 - UnicodeAnalyzer - INFO - -> Analizzando versione 5.34.1-alpha.9 (1328/3696)...
2025-11-12 09:47:30,009 - UnicodeAnalyzer - INFO - Filtrati 3 file (es. in /dist, /test).
2025-11-12 09:47:30,009 - UnicodeAnalyzer - INFO - -> Analizzando versione 5.35.0 (1329/3696)...
2025-11-12 09:47:30,009 - UnicodeAnalyzer - INFO - Filtrati 3 file (es. in /dist, /test).
2025-11-12 09:47:30,009 - UnicodeAnalyzer - INFO - -> Analizzando versione 5.35.1 (1330/3696)...
2025-11-12 09:47:30,009 - UnicodeAnalyzer - INFO - Filtrati 3 file (es. in /dist, /test).
2025-11-12 09:47:30,010 - UnicodeAnalyzer - INFO - -> Analizzando versione 5.35.1-alpha.0 (1331/3696)...
2025-11-12 09:47:30,010 - UnicodeAnalyzer - INFO - Filtrati 3 file (es. in /dist, /test).
2025-11-12 09:47:30,010 - UnicodeAnalyzer - INFO - -> Analizzando versione 5.35.2-alpha.0 (1332/3696)...
2025-11-12 09:47:30,010 - UnicodeAnalyzer - INFO - Filtrati 3 file (es. in /dist, /test).
2025-11-12 09:47:30,010 - UnicodeAnalyzer - INFO - -> Analizzando versione 5.35.2-alpha.1 (1333/3696)...
2025-11-12 09:47:30,010 - UnicodeAnalyzer - INFO - Filtrati 3 file (es. in /dist, /test).
2025-11-12 09:47:30,011 - UnicodeAnalyzer - INFO - -> Analizzando versione 5.35.2-alpha.2 (1334/3696)...
2025-11-12 09:47:30,011 - UnicodeAnalyzer - INFO - Filtrati 3 file (es. in /dist, /test).
2025-11-12 09:47:30,011 - UnicodeAnalyzer - INFO - -> Analizzando versione 5.35.2-alpha.3 (1335/3696)...
2025-11-12 09:47:30,011 - UnicodeAnalyzer - INFO - Filtrati 3 file (es. in /dist, /test).
2025-11-12 09:47:30,011 - UnicodeAnalyzer - INFO - -> Analizzando versione 5.35.2-alpha.4 (1336/3696)...
2025-11-12 09:47:30,011 - UnicodeAnalyzer - INFO - Filtrati 3 file (es. in /dist, /test).
2025-11-12 09:47:30,011 - UnicodeAnalyzer - INFO - -> Analizzando versione 5.35.2-alpha.5 (1337/3696)...
2025-11-12 09:47:30,012 - UnicodeAnalyzer - INFO - Filtrati 3 file (es. in /dist, /test).
2025-11-12 09:47:30,012 - UnicodeAnalyzer - INFO - -> Analizzando versione 5.35.2-alpha.6 (1338/3696)...
2025-11-12 09:47:30,012 - UnicodeAnalyzer - INFO - Filtrati 3 file (es. in /dist, /test).
2025-11-12 09:47:30,012 - UnicodeAnalyzer - INFO - -> Analizzando versione 5.35.2-alpha.7 (1339/3696)...
2025-11-12 09:47:30,012 - UnicodeAnalyzer - INFO - Filtrati 3 file (es. in /dist, /test).
2025-11-12 09:47:30,012 - UnicodeAnalyzer - INFO - -> Analizzando versione 5.35.2-alpha.8 (1340/3696)...
2025-11-12 09:47:30,013 - UnicodeAnalyzer - INFO - Filtrati 3 file (es. in /dist, /test).
2025-11-12 09:47:30,013 - UnicodeAnalyzer - INFO - -> Analizzando versione 5.36.0 (1341/3696)...
2025-11-12 09:47:30,013 - UnicodeAnalyzer - INFO - Filtrati 3 file (es. in /dist, /test).
2025-11-12 09:47:30,013 - UnicodeAnalyzer - INFO - -> Analizzando versione 5.36.1 (1342/3696)...
2025-11-12 09:47:30,013 - UnicodeAnalyzer - INFO - Filtrati 3 file (es. in /dist, /test).
2025-11-12 09:47:30,013 - UnicodeAnalyzer - INFO - -> Analizzando versione 5.36.1-alpha.0 (1343/3696)...
2025-11-12 09:47:30,014 - UnicodeAnalyzer - INFO - Filtrati 3 file (es. in /dist, /test).
2025-11-12 09:47:30,014 - UnicodeAnalyzer - INFO - -> Analizzando versione 5.36.1-alpha.1 (1344/3696)...
2025-11-12 09:47:30,014 - UnicodeAnalyzer - INFO - Filtrati 3 file (es. in /dist, /test).
2025-11-12 09:47:30,014 - UnicodeAnalyzer - INFO - -> Analizzando versione 5.36.2 (1345/3696)...
2025-11-12 09:47:30,014 - UnicodeAnalyzer - INFO - Filtrati 3 file (es. in /dist, /test).
2025-11-12 09:47:30,014 - UnicodeAnalyzer - INFO - -> Analizzando versione 5.36.2-alpha.0 (1346/3696)...
2025-11-12 09:47:30,015 - UnicodeAnalyzer - INFO - Filtrati 3 file (es. in /dist, /test).
2025-11-12 09:47:30,015 - UnicodeAnalyzer - INFO - -> Analizzando versione 5.36.2-alpha.1 (1347/3696)...
2025-11-12 09:47:30,015 - UnicodeAnalyzer - INFO - Filtrati 3 file (es. in /dist, /test).
2025-11-12 09:47:30,015 - UnicodeAnalyzer - INFO - -> Analizzando versione 5.36.2-alpha.2 (1348/3696)...
2025-11-12 09:47:30,015 - UnicodeAnalyzer - INFO - Filtrati 3 file (es. in /dist, /test).
2025-11-12 09:47:30,015 - UnicodeAnalyzer - INFO - -> Analizzando versione 5.36.2-alpha.3 (1349/3696)...
2025-11-12 09:47:30,016 - UnicodeAnalyzer - INFO - Filtrati 3 file (es. in /dist, /test).
2025-11-12 09:47:30,016 - UnicodeAnalyzer - INFO - -> Analizzando versione 5.36.2-alpha.4 (1350/3696)...
2025-11-12 09:47:30,016 - UnicodeAnalyzer - INFO - Filtrati 3 file (es. in /dist, /test).
2025-11-12 09:47:30,016 - UnicodeAnalyzer - INFO - -> Analizzando versione 5.36.2-alpha.5 (1351/3696)...
2025-11-12 09:47:30,016 - UnicodeAnalyzer - INFO - Filtrati 3 file (es. in /dist, /test).
2025-11-12 09:47:30,016 - UnicodeAnalyzer - INFO - -> Analizzando versione 5.36.2-alpha.6 (1352/3696)...
2025-11-12 09:47:30,017 - UnicodeAnalyzer - INFO - Filtrati 3 file (es. in /dist, /test).
2025-11-12 09:47:30,017 - UnicodeAnalyzer - INFO - -> Analizzando versione 5.36.2-alpha.7 (1353/3696)...
2025-11-12 09:47:30,017 - UnicodeAnalyzer - INFO - Filtrati 3 file (es. in /dist, /test).
2025-11-12 09:47:30,017 - UnicodeAnalyzer - INFO - -> Analizzando versione 5.36.2-alpha.8 (1354/3696)...
2025-11-12 09:47:30,017 - UnicodeAnalyzer - INFO - Filtrati 3 file (es. in /dist, /test).
2025-11-12 09:47:30,017 - UnicodeAnalyzer - INFO - -> Analizzando versione 5.36.3-alpha.0 (1355/3696)...
2025-11-12 09:47:30,018 - UnicodeAnalyzer - INFO - Filtrati 3 file (es. in /dist, /test).
2025-11-12 09:47:30,018 - UnicodeAnalyzer - INFO - -> Analizzando versione 5.36.3-alpha.1 (1356/3696)...
2025-11-12 09:47:30,018 - UnicodeAnalyzer - INFO - Filtrati 3 file (es. in /dist, /test).
2025-11-12 09:47:30,018 - UnicodeAnalyzer - INFO - -> Analizzando versione 5.36.3-alpha.2 (1357/3696)...
2025-11-12 09:47:30,018 - UnicodeAnalyzer - INFO - Filtrati 3 file (es. in /dist, /test).
2025-11-12 09:47:30,018 - UnicodeAnalyzer - INFO - -> Analizzando versione 5.36.3-alpha.3 (1358/3696)...
2025-11-12 09:47:30,019 - UnicodeAnalyzer - INFO - Filtrati 3 file (es. in /dist, /test).
2025-11-12 09:47:30,019 - UnicodeAnalyzer - INFO - -> Analizzando versione 5.36.3-alpha.4 (1359/3696)...
2025-11-12 09:47:30,019 - UnicodeAnalyzer - INFO - Filtrati 3 file (es. in /dist, /test).
2025-11-12 09:47:30,019 - UnicodeAnalyzer - INFO - -> Analizzando versione 5.36.3-alpha.5 (1360/3696)...
2025-11-12 09:47:30,019 - UnicodeAnalyzer - INFO - Filtrati 3 file (es. in /dist, /test).
2025-11-12 09:47:30,019 - UnicodeAnalyzer - INFO - -> Analizzando versione 5.36.3-alpha.6 (1361/3696)...
2025-11-12 09:47:30,020 - UnicodeAnalyzer - INFO - Filtrati 3 file (es. in /dist, /test).
2025-11-12 09:47:30,020 - UnicodeAnalyzer - INFO - -> Analizzando versione 5.36.3-alpha.7 (1362/3696)...
2025-11-12 09:47:30,020 - UnicodeAnalyzer - INFO - Filtrati 3 file (es. in /dist, /test).
2025-11-12 09:47:30,020 - UnicodeAnalyzer - INFO - -> Analizzando versione 5.37.0 (1363/3696)...
2025-11-12 09:47:30,020 - UnicodeAnalyzer - INFO - Filtrati 3 file (es. in /dist, /test).
2025-11-12 09:47:30,020 - UnicodeAnalyzer - INFO - -> Analizzando versione 5.37.1-alpha.0 (1364/3696)...
2025-11-12 09:47:30,021 - UnicodeAnalyzer - INFO - Filtrati 3 file (es. in /dist, /test).
2025-11-12 09:47:30,021 - UnicodeAnalyzer - INFO - -> Analizzando versione 5.37.1-alpha.1 (1365/3696)...
2025-11-12 09:47:30,021 - UnicodeAnalyzer - INFO - Filtrati 3 file (es. in /dist, /test).
2025-11-12 09:47:30,021 - UnicodeAnalyzer - INFO - -> Analizzando versione 5.37.1-alpha.10 (1366/3696)...
2025-11-12 09:47:30,021 - UnicodeAnalyzer - INFO - Filtrati 3 file (es. in /dist, /test).
2025-11-12 09:47:30,021 - UnicodeAnalyzer - INFO - -> Analizzando versione 5.37.1-alpha.11 (1367/3696)...
2025-11-12 09:47:30,022 - UnicodeAnalyzer - INFO - Filtrati 3 file (es. in /dist, /test).
2025-11-12 09:47:30,022 - UnicodeAnalyzer - INFO - -> Analizzando versione 5.37.1-alpha.12 (1368/3696)...
2025-11-12 09:47:30,022 - UnicodeAnalyzer - INFO - Filtrati 3 file (es. in /dist, /test).
2025-11-12 09:47:30,022 - UnicodeAnalyzer - INFO - -> Analizzando versione 5.37.1-alpha.13 (1369/3696)...
2025-11-12 09:47:30,022 - UnicodeAnalyzer - INFO - Filtrati 3 file (es. in /dist, /test).
2025-11-12 09:47:30,022 - UnicodeAnalyzer - INFO - -> Analizzando versione 5.37.1-alpha.14 (1370/3696)...
2025-11-12 09:47:30,022 - UnicodeAnalyzer - INFO - Filtrati 3 file (es. in /dist, /test).
2025-11-12 09:47:30,023 - UnicodeAnalyzer - INFO - -> Analizzando versione 5.37.1-alpha.15 (1371/3696)...
2025-11-12 09:47:30,023 - UnicodeAnalyzer - INFO - Filtrati 3 file (es. in /dist, /test).
2025-11-12 09:47:30,023 - UnicodeAnalyzer - INFO - -> Analizzando versione 5.37.1-alpha.16 (1372/3696)...
2025-11-12 09:47:30,023 - UnicodeAnalyzer - INFO - Filtrati 3 file (es. in /dist, /test).
2025-11-12 09:47:30,023 - UnicodeAnalyzer - INFO - -> Analizzando versione 5.37.1-alpha.17 (1373/3696)...
2025-11-12 09:47:30,023 - UnicodeAnalyzer - INFO - Filtrati 3 file (es. in /dist, /test).
2025-11-12 09:47:30,024 - UnicodeAnalyzer - INFO - -> Analizzando versione 5.37.1-alpha.18 (1374/3696)...
2025-11-12 09:47:30,024 - UnicodeAnalyzer - INFO - Filtrati 3 file (es. in /dist, /test).
2025-11-12 09:47:30,024 - UnicodeAnalyzer - INFO - -> Analizzando versione 5.37.1-alpha.19 (1375/3696)...
2025-11-12 09:47:30,024 - UnicodeAnalyzer - INFO - Filtrati 3 file (es. in /dist, /test).
2025-11-12 09:47:30,024 - UnicodeAnalyzer - INFO - -> Analizzando versione 5.37.1-alpha.2 (1376/3696)...
2025-11-12 09:47:30,024 - UnicodeAnalyzer - INFO - Filtrati 3 file (es. in /dist, /test).
2025-11-12 09:47:30,024 - UnicodeAnalyzer - INFO - -> Analizzando versione 5.37.1-alpha.20 (1377/3696)...
2025-11-12 09:47:30,025 - UnicodeAnalyzer - INFO - Filtrati 3 file (es. in /dist, /test).
2025-11-12 09:47:30,025 - UnicodeAnalyzer - INFO - -> Analizzando versione 5.37.1-alpha.21 (1378/3696)...
2025-11-12 09:47:30,025 - UnicodeAnalyzer - INFO - Filtrati 3 file (es. in /dist, /test).
2025-11-12 09:47:30,025 - UnicodeAnalyzer - INFO - -> Analizzando versione 5.37.1-alpha.3 (1379/3696)...
2025-11-12 09:47:30,025 - UnicodeAnalyzer - INFO - Filtrati 3 file (es. in /dist, /test).
2025-11-12 09:47:30,025 - UnicodeAnalyzer - INFO - -> Analizzando versione 5.37.1-alpha.4 (1380/3696)...
2025-11-12 09:47:30,026 - UnicodeAnalyzer - INFO - Filtrati 3 file (es. in /dist, /test).
2025-11-12 09:47:30,026 - UnicodeAnalyzer - INFO - -> Analizzando versione 5.37.1-alpha.5 (1381/3696)...
2025-11-12 09:47:30,026 - UnicodeAnalyzer - INFO - Filtrati 3 file (es. in /dist, /test).
2025-11-12 09:47:30,026 - UnicodeAnalyzer - INFO - -> Analizzando versione 5.37.1-alpha.6 (1382/3696)...
2025-11-12 09:47:30,026 - UnicodeAnalyzer - INFO - Filtrati 3 file (es. in /dist, /test).
2025-11-12 09:47:30,026 - UnicodeAnalyzer - INFO - -> Analizzando versione 5.37.1-alpha.7 (1383/3696)...
2025-11-12 09:47:30,027 - UnicodeAnalyzer - INFO - Filtrati 3 file (es. in /dist, /test).
2025-11-12 09:47:30,027 - UnicodeAnalyzer - INFO - -> Analizzando versione 5.37.1-alpha.8 (1384/3696)...
2025-11-12 09:47:30,027 - UnicodeAnalyzer - INFO - Filtrati 3 file (es. in /dist, /test).
2025-11-12 09:47:30,027 - UnicodeAnalyzer - INFO - -> Analizzando versione 5.37.1-alpha.9 (1385/3696)...
2025-11-12 09:47:30,027 - UnicodeAnalyzer - INFO - Filtrati 3 file (es. in /dist, /test).
2025-11-12 09:47:30,027 - UnicodeAnalyzer - INFO - -> Analizzando versione 5.38.0 (1386/3696)...
2025-11-12 09:47:30,028 - UnicodeAnalyzer - INFO - Filtrati 3 file (es. in /dist, /test).
2025-11-12 09:47:30,028 - UnicodeAnalyzer - INFO - -> Analizzando versione 5.38.1 (1387/3696)...
2025-11-12 09:47:30,028 - UnicodeAnalyzer - INFO - Filtrati 3 file (es. in /dist, /test).
2025-11-12 09:47:30,028 - UnicodeAnalyzer - INFO - -> Analizzando versione 5.38.1-alpha.0 (1388/3696)...
2025-11-12 09:47:30,028 - UnicodeAnalyzer - INFO - Filtrati 3 file (es. in /dist, /test).
2025-11-12 09:47:30,028 - UnicodeAnalyzer - INFO - -> Analizzando versione 5.38.1-alpha.1 (1389/3696)...
2025-11-12 09:47:30,029 - UnicodeAnalyzer - INFO - Filtrati 3 file (es. in /dist, /test).
2025-11-12 09:47:30,029 - UnicodeAnalyzer - INFO - -> Analizzando versione 5.38.1-alpha.2 (1390/3696)...
2025-11-12 09:47:30,029 - UnicodeAnalyzer - INFO - Filtrati 3 file (es. in /dist, /test).
2025-11-12 09:47:30,029 - UnicodeAnalyzer - INFO - -> Analizzando versione 5.38.1-alpha.3 (1391/3696)...
2025-11-12 09:47:30,029 - UnicodeAnalyzer - INFO - Filtrati 3 file (es. in /dist, /test).
2025-11-12 09:47:30,029 - UnicodeAnalyzer - INFO - -> Analizzando versione 5.38.1-alpha.4 (1392/3696)...
2025-11-12 09:47:30,030 - UnicodeAnalyzer - INFO - Filtrati 3 file (es. in /dist, /test).
2025-11-12 09:47:30,030 - UnicodeAnalyzer - INFO - -> Analizzando versione 5.38.1-alpha.5 (1393/3696)...
2025-11-12 09:47:30,030 - UnicodeAnalyzer - INFO - Filtrati 3 file (es. in /dist, /test).
2025-11-12 09:47:30,030 - UnicodeAnalyzer - INFO - -> Analizzando versione 5.38.1-alpha.6 (1394/3696)...
2025-11-12 09:47:30,030 - UnicodeAnalyzer - INFO - Filtrati 3 file (es. in /dist, /test).
2025-11-12 09:47:30,030 - UnicodeAnalyzer - INFO - -> Analizzando versione 5.38.1-alpha.7 (1395/3696)...
2025-11-12 09:47:30,031 - UnicodeAnalyzer - INFO - Filtrati 3 file (es. in /dist, /test).
2025-11-12 09:47:30,031 - UnicodeAnalyzer - INFO - -> Analizzando versione 5.38.1-alpha.8 (1396/3696)...
2025-11-12 09:47:30,031 - UnicodeAnalyzer - INFO - Filtrati 3 file (es. in /dist, /test).
2025-11-12 09:47:30,031 - UnicodeAnalyzer - INFO - -> Analizzando versione 5.38.2-alpha.0 (1397/3696)...
2025-11-12 09:47:30,031 - UnicodeAnalyzer - INFO - Filtrati 3 file (es. in /dist, /test).
2025-11-12 09:47:30,031 - UnicodeAnalyzer - INFO - -> Analizzando versione 5.38.2-alpha.1 (1398/3696)...
2025-11-12 09:47:30,032 - UnicodeAnalyzer - INFO - Filtrati 3 file (es. in /dist, /test).
2025-11-12 09:47:30,032 - UnicodeAnalyzer - INFO - -> Analizzando versione 5.38.2-alpha.2 (1399/3696)...
2025-11-12 09:47:30,032 - UnicodeAnalyzer - INFO - Filtrati 3 file (es. in /dist, /test).
2025-11-12 09:47:30,032 - UnicodeAnalyzer - INFO - -> Analizzando versione 5.38.2-alpha.3 (1400/3696)...
2025-11-12 09:47:30,032 - UnicodeAnalyzer - INFO - Filtrati 3 file (es. in /dist, /test).
2025-11-12 09:47:30,032 - UnicodeAnalyzer - INFO - -> Analizzando versione 5.38.2-alpha.4 (1401/3696)...
2025-11-12 09:47:30,033 - UnicodeAnalyzer - INFO - Filtrati 3 file (es. in /dist, /test).
2025-11-12 09:47:30,033 - UnicodeAnalyzer - INFO - -> Analizzando versione 5.38.2-alpha.5 (1402/3696)...
2025-11-12 09:47:30,033 - UnicodeAnalyzer - INFO - Filtrati 3 file (es. in /dist, /test).
2025-11-12 09:47:30,033 - UnicodeAnalyzer - INFO - -> Analizzando versione 5.39.0 (1403/3696)...
2025-11-12 09:47:30,033 - UnicodeAnalyzer - INFO - Filtrati 3 file (es. in /dist, /test).
2025-11-12 09:47:30,033 - UnicodeAnalyzer - INFO - -> Analizzando versione 5.39.1-alpha.0 (1404/3696)...
2025-11-12 09:47:30,034 - UnicodeAnalyzer - INFO - Filtrati 3 file (es. in /dist, /test).
2025-11-12 09:47:30,034 - UnicodeAnalyzer - INFO - -> Analizzando versione 5.39.1-alpha.1 (1405/3696)...
2025-11-12 09:47:30,034 - UnicodeAnalyzer - INFO - Filtrati 3 file (es. in /dist, /test).
2025-11-12 09:47:30,034 - UnicodeAnalyzer - INFO - -> Analizzando versione 5.39.1-alpha.10 (1406/3696)...
2025-11-12 09:47:30,034 - UnicodeAnalyzer - INFO - Filtrati 3 file (es. in /dist, /test).
2025-11-12 09:47:30,034 - UnicodeAnalyzer - INFO - -> Analizzando versione 5.39.1-alpha.11 (1407/3696)...
2025-11-12 09:47:30,035 - UnicodeAnalyzer - INFO - Filtrati 3 file (es. in /dist, /test).
2025-11-12 09:47:30,035 - UnicodeAnalyzer - INFO - -> Analizzando versione 5.39.1-alpha.12 (1408/3696)...
2025-11-12 09:47:30,035 - UnicodeAnalyzer - INFO - Filtrati 3 file (es. in /dist, /test).
2025-11-12 09:47:30,035 - UnicodeAnalyzer - INFO - -> Analizzando versione 5.39.1-alpha.13 (1409/3696)...
2025-11-12 09:47:30,035 - UnicodeAnalyzer - INFO - Filtrati 3 file (es. in /dist, /test).
2025-11-12 09:47:30,035 - UnicodeAnalyzer - INFO - -> Analizzando versione 5.39.1-alpha.14 (1410/3696)...
2025-11-12 09:47:30,036 - UnicodeAnalyzer - INFO - Filtrati 3 file (es. in /dist, /test).
2025-11-12 09:47:30,036 - UnicodeAnalyzer - INFO - -> Analizzando versione 5.39.1-alpha.15 (1411/3696)...
2025-11-12 09:47:30,036 - UnicodeAnalyzer - INFO - Filtrati 3 file (es. in /dist, /test).
2025-11-12 09:47:30,036 - UnicodeAnalyzer - INFO - -> Analizzando versione 5.39.1-alpha.16 (1412/3696)...
2025-11-12 09:47:30,036 - UnicodeAnalyzer - INFO - Filtrati 3 file (es. in /dist, /test).
2025-11-12 09:47:30,036 - UnicodeAnalyzer - INFO - -> Analizzando versione 5.39.1-alpha.17 (1413/3696)...
2025-11-12 09:47:30,037 - UnicodeAnalyzer - INFO - Filtrati 3 file (es. in /dist, /test).
2025-11-12 09:47:30,037 - UnicodeAnalyzer - INFO - -> Analizzando versione 5.39.1-alpha.18 (1414/3696)...
2025-11-12 09:47:30,037 - UnicodeAnalyzer - INFO - Filtrati 3 file (es. in /dist, /test).
2025-11-12 09:47:30,037 - UnicodeAnalyzer - INFO - -> Analizzando versione 5.39.1-alpha.19 (1415/3696)...
2025-11-12 09:47:30,037 - UnicodeAnalyzer - INFO - Filtrati 3 file (es. in /dist, /test).
2025-11-12 09:47:30,037 - UnicodeAnalyzer - INFO - -> Analizzando versione 5.39.1-alpha.2 (1416/3696)...
2025-11-12 09:47:30,037 - UnicodeAnalyzer - INFO - Filtrati 3 file (es. in /dist, /test).
2025-11-12 09:47:30,038 - UnicodeAnalyzer - INFO - -> Analizzando versione 5.39.1-alpha.20 (1417/3696)...
2025-11-12 09:47:30,038 - UnicodeAnalyzer - INFO - Filtrati 3 file (es. in /dist, /test).
2025-11-12 09:47:30,038 - UnicodeAnalyzer - INFO - -> Analizzando versione 5.39.1-alpha.21 (1418/3696)...
2025-11-12 09:47:30,038 - UnicodeAnalyzer - INFO - Filtrati 3 file (es. in /dist, /test).
2025-11-12 09:47:30,038 - UnicodeAnalyzer - INFO - -> Analizzando versione 5.39.1-alpha.22 (1419/3696)...
2025-11-12 09:47:30,038 - UnicodeAnalyzer - INFO - Filtrati 3 file (es. in /dist, /test).
2025-11-12 09:47:30,038 - UnicodeAnalyzer - INFO - -> Analizzando versione 5.39.1-alpha.23 (1420/3696)...
2025-11-12 09:47:30,039 - UnicodeAnalyzer - INFO - Filtrati 3 file (es. in /dist, /test).
2025-11-12 09:47:30,039 - UnicodeAnalyzer - INFO - -> Analizzando versione 5.39.1-alpha.24 (1421/3696)...
2025-11-12 09:47:30,039 - UnicodeAnalyzer - INFO - Filtrati 3 file (es. in /dist, /test).
2025-11-12 09:47:30,039 - UnicodeAnalyzer - INFO - -> Analizzando versione 5.39.1-alpha.25 (1422/3696)...
2025-11-12 09:47:30,039 - UnicodeAnalyzer - INFO - Filtrati 3 file (es. in /dist, /test).
2025-11-12 09:47:30,039 - UnicodeAnalyzer - INFO - -> Analizzando versione 5.39.1-alpha.26 (1423/3696)...
2025-11-12 09:47:30,040 - UnicodeAnalyzer - INFO - Filtrati 3 file (es. in /dist, /test).
2025-11-12 09:47:30,040 - UnicodeAnalyzer - INFO - -> Analizzando versione 5.39.1-alpha.27 (1424/3696)...
2025-11-12 09:47:30,040 - UnicodeAnalyzer - INFO - Filtrati 3 file (es. in /dist, /test).
2025-11-12 09:47:30,040 - UnicodeAnalyzer - INFO - -> Analizzando versione 5.39.1-alpha.28 (1425/3696)...
2025-11-12 09:47:30,040 - UnicodeAnalyzer - INFO - Filtrati 3 file (es. in /dist, /test).
2025-11-12 09:47:30,040 - UnicodeAnalyzer - INFO - -> Analizzando versione 5.39.1-alpha.29 (1426/3696)...
2025-11-12 09:47:30,041 - UnicodeAnalyzer - INFO - Filtrati 3 file (es. in /dist, /test).
2025-11-12 09:47:30,041 - UnicodeAnalyzer - INFO - -> Analizzando versione 5.39.1-alpha.3 (1427/3696)...
2025-11-12 09:47:30,041 - UnicodeAnalyzer - INFO - Filtrati 3 file (es. in /dist, /test).
2025-11-12 09:47:30,041 - UnicodeAnalyzer - INFO - -> Analizzando versione 5.39.1-alpha.32 (1428/3696)...
2025-11-12 09:47:30,041 - UnicodeAnalyzer - INFO - Filtrati 3 file (es. in /dist, /test).
2025-11-12 09:47:30,041 - UnicodeAnalyzer - INFO - -> Analizzando versione 5.39.1-alpha.33 (1429/3696)...
2025-11-12 09:47:30,042 - UnicodeAnalyzer - INFO - Filtrati 3 file (es. in /dist, /test).
2025-11-12 09:47:30,042 - UnicodeAnalyzer - INFO - -> Analizzando versione 5.39.1-alpha.4 (1430/3696)...
2025-11-12 09:47:30,042 - UnicodeAnalyzer - INFO - Filtrati 3 file (es. in /dist, /test).
2025-11-12 09:47:30,042 - UnicodeAnalyzer - INFO - -> Analizzando versione 5.39.1-alpha.5 (1431/3696)...
2025-11-12 09:47:30,042 - UnicodeAnalyzer - INFO - Filtrati 3 file (es. in /dist, /test).
2025-11-12 09:47:30,042 - UnicodeAnalyzer - INFO - -> Analizzando versione 5.39.1-alpha.6 (1432/3696)...
2025-11-12 09:47:30,043 - UnicodeAnalyzer - INFO - Filtrati 3 file (es. in /dist, /test).
2025-11-12 09:47:30,043 - UnicodeAnalyzer - INFO - -> Analizzando versione 5.39.1-alpha.7 (1433/3696)...
2025-11-12 09:47:30,043 - UnicodeAnalyzer - INFO - Filtrati 3 file (es. in /dist, /test).
2025-11-12 09:47:30,043 - UnicodeAnalyzer - INFO - -> Analizzando versione 5.39.1-alpha.8 (1434/3696)...
2025-11-12 09:47:30,043 - UnicodeAnalyzer - INFO - Filtrati 3 file (es. in /dist, /test).
2025-11-12 09:47:30,043 - UnicodeAnalyzer - INFO - -> Analizzando versione 5.39.1-alpha.9 (1435/3696)...
2025-11-12 09:47:30,044 - UnicodeAnalyzer - INFO - Filtrati 3 file (es. in /dist, /test).
2025-11-12 09:47:30,044 - UnicodeAnalyzer - INFO - -> Analizzando versione 5.4.0 (1436/3696)...
2025-11-12 09:47:30,044 - UnicodeAnalyzer - INFO - Filtrati 3 file (es. in /dist, /test).
2025-11-12 09:47:30,044 - UnicodeAnalyzer - INFO - -> Analizzando versione 5.4.1-alpha.0 (1437/3696)...
2025-11-12 09:47:30,044 - UnicodeAnalyzer - INFO - Filtrati 3 file (es. in /dist, /test).
2025-11-12 09:47:30,044 - UnicodeAnalyzer - INFO - -> Analizzando versione 5.4.1-alpha.1 (1438/3696)...
2025-11-12 09:47:30,045 - UnicodeAnalyzer - INFO - Filtrati 3 file (es. in /dist, /test).
2025-11-12 09:47:30,045 - UnicodeAnalyzer - INFO - -> Analizzando versione 5.4.1-alpha.10 (1439/3696)...
2025-11-12 09:47:30,045 - UnicodeAnalyzer - INFO - Filtrati 3 file (es. in /dist, /test).
2025-11-12 09:47:30,045 - UnicodeAnalyzer - INFO - -> Analizzando versione 5.4.1-alpha.11 (1440/3696)...
2025-11-12 09:47:30,045 - UnicodeAnalyzer - INFO - Filtrati 3 file (es. in /dist, /test).
2025-11-12 09:47:30,045 - UnicodeAnalyzer - INFO - -> Analizzando versione 5.4.1-alpha.13 (1441/3696)...
2025-11-12 09:47:30,045 - UnicodeAnalyzer - INFO - Filtrati 3 file (es. in /dist, /test).
2025-11-12 09:47:30,046 - UnicodeAnalyzer - INFO - -> Analizzando versione 5.4.1-alpha.14 (1442/3696)...
2025-11-12 09:47:30,046 - UnicodeAnalyzer - INFO - Filtrati 3 file (es. in /dist, /test).
2025-11-12 09:47:30,046 - UnicodeAnalyzer - INFO - -> Analizzando versione 5.4.1-alpha.15 (1443/3696)...
2025-11-12 09:47:30,046 - UnicodeAnalyzer - INFO - Filtrati 3 file (es. in /dist, /test).
2025-11-12 09:47:30,046 - UnicodeAnalyzer - INFO - -> Analizzando versione 5.4.1-alpha.16 (1444/3696)...
2025-11-12 09:47:30,046 - UnicodeAnalyzer - INFO - Filtrati 3 file (es. in /dist, /test).
2025-11-12 09:47:30,046 - UnicodeAnalyzer - INFO - -> Analizzando versione 5.4.1-alpha.17 (1445/3696)...
2025-11-12 09:47:30,047 - UnicodeAnalyzer - INFO - Filtrati 3 file (es. in /dist, /test).
2025-11-12 09:47:30,047 - UnicodeAnalyzer - INFO - -> Analizzando versione 5.4.1-alpha.18 (1446/3696)...
2025-11-12 09:47:30,047 - UnicodeAnalyzer - INFO - Filtrati 3 file (es. in /dist, /test).
2025-11-12 09:47:30,047 - UnicodeAnalyzer - INFO - -> Analizzando versione 5.4.1-alpha.19 (1447/3696)...
2025-11-12 09:47:30,047 - UnicodeAnalyzer - INFO - Filtrati 3 file (es. in /dist, /test).
2025-11-12 09:47:30,047 - UnicodeAnalyzer - INFO - -> Analizzando versione 5.4.1-alpha.2 (1448/3696)...
2025-11-12 09:47:30,048 - UnicodeAnalyzer - INFO - Filtrati 3 file (es. in /dist, /test).
2025-11-12 09:47:30,048 - UnicodeAnalyzer - INFO - -> Analizzando versione 5.4.1-alpha.20 (1449/3696)...
2025-11-12 09:47:30,048 - UnicodeAnalyzer - INFO - Filtrati 3 file (es. in /dist, /test).
2025-11-12 09:47:30,048 - UnicodeAnalyzer - INFO - -> Analizzando versione 5.4.1-alpha.21 (1450/3696)...
2025-11-12 09:47:30,048 - UnicodeAnalyzer - INFO - Filtrati 3 file (es. in /dist, /test).
2025-11-12 09:47:30,048 - UnicodeAnalyzer - INFO - -> Analizzando versione 5.4.1-alpha.23 (1451/3696)...
2025-11-12 09:47:30,049 - UnicodeAnalyzer - INFO - Filtrati 3 file (es. in /dist, /test).
2025-11-12 09:47:30,049 - UnicodeAnalyzer - INFO - -> Analizzando versione 5.4.1-alpha.24 (1452/3696)...
2025-11-12 09:47:30,049 - UnicodeAnalyzer - INFO - Filtrati 3 file (es. in /dist, /test).
2025-11-12 09:47:30,049 - UnicodeAnalyzer - INFO - -> Analizzando versione 5.4.1-alpha.25 (1453/3696)...
2025-11-12 09:47:30,049 - UnicodeAnalyzer - INFO - Filtrati 3 file (es. in /dist, /test).
2025-11-12 09:47:30,049 - UnicodeAnalyzer - INFO - -> Analizzando versione 5.4.1-alpha.26 (1454/3696)...
2025-11-12 09:47:30,050 - UnicodeAnalyzer - INFO - Filtrati 3 file (es. in /dist, /test).
2025-11-12 09:47:30,050 - UnicodeAnalyzer - INFO - -> Analizzando versione 5.4.1-alpha.27 (1455/3696)...
2025-11-12 09:47:30,050 - UnicodeAnalyzer - INFO - Filtrati 3 file (es. in /dist, /test).
2025-11-12 09:47:30,050 - UnicodeAnalyzer - INFO - -> Analizzando versione 5.4.1-alpha.28 (1456/3696)...
2025-11-12 09:47:30,050 - UnicodeAnalyzer - INFO - Filtrati 3 file (es. in /dist, /test).
2025-11-12 09:47:30,050 - UnicodeAnalyzer - INFO - -> Analizzando versione 5.4.1-alpha.3 (1457/3696)...
2025-11-12 09:47:30,051 - UnicodeAnalyzer - INFO - Filtrati 3 file (es. in /dist, /test).
2025-11-12 09:47:30,051 - UnicodeAnalyzer - INFO - -> Analizzando versione 5.4.1-alpha.30 (1458/3696)...
2025-11-12 09:47:30,051 - UnicodeAnalyzer - INFO - Filtrati 3 file (es. in /dist, /test).
2025-11-12 09:47:30,051 - UnicodeAnalyzer - INFO - -> Analizzando versione 5.4.1-alpha.31 (1459/3696)...
2025-11-12 09:47:30,051 - UnicodeAnalyzer - INFO - Filtrati 3 file (es. in /dist, /test).
2025-11-12 09:47:30,051 - UnicodeAnalyzer - INFO - -> Analizzando versione 5.4.1-alpha.32 (1460/3696)...
2025-11-12 09:47:30,052 - UnicodeAnalyzer - INFO - Filtrati 3 file (es. in /dist, /test).
2025-11-12 09:47:30,052 - UnicodeAnalyzer - INFO - -> Analizzando versione 5.4.1-alpha.33 (1461/3696)...
2025-11-12 09:47:30,052 - UnicodeAnalyzer - INFO - Filtrati 3 file (es. in /dist, /test).
2025-11-12 09:47:30,052 - UnicodeAnalyzer - INFO - -> Analizzando versione 5.4.1-alpha.34 (1462/3696)...
2025-11-12 09:47:30,052 - UnicodeAnalyzer - INFO - Filtrati 3 file (es. in /dist, /test).
2025-11-12 09:47:30,052 - UnicodeAnalyzer - INFO - -> Analizzando versione 5.4.1-alpha.35 (1463/3696)...
2025-11-12 09:47:30,053 - UnicodeAnalyzer - INFO - Filtrati 3 file (es. in /dist, /test).
2025-11-12 09:47:30,053 - UnicodeAnalyzer - INFO - -> Analizzando versione 5.4.1-alpha.36 (1464/3696)...
2025-11-12 09:47:30,053 - UnicodeAnalyzer - INFO - Filtrati 3 file (es. in /dist, /test).
2025-11-12 09:47:30,053 - UnicodeAnalyzer - INFO - -> Analizzando versione 5.4.1-alpha.37 (1465/3696)...
2025-11-12 09:47:30,053 - UnicodeAnalyzer - INFO - Filtrati 3 file (es. in /dist, /test).
2025-11-12 09:47:30,053 - UnicodeAnalyzer - INFO - -> Analizzando versione 5.4.1-alpha.38 (1466/3696)...
2025-11-12 09:47:30,054 - UnicodeAnalyzer - INFO - Filtrati 3 file (es. in /dist, /test).
2025-11-12 09:47:30,054 - UnicodeAnalyzer - INFO - -> Analizzando versione 5.4.1-alpha.39 (1467/3696)...
2025-11-12 09:47:30,054 - UnicodeAnalyzer - INFO - Filtrati 3 file (es. in /dist, /test).
2025-11-12 09:47:30,054 - UnicodeAnalyzer - INFO - -> Analizzando versione 5.4.1-alpha.4 (1468/3696)...
2025-11-12 09:47:30,054 - UnicodeAnalyzer - INFO - Filtrati 3 file (es. in /dist, /test).
2025-11-12 09:47:30,054 - UnicodeAnalyzer - INFO - -> Analizzando versione 5.4.1-alpha.40 (1469/3696)...
2025-11-12 09:47:30,054 - UnicodeAnalyzer - INFO - Filtrati 3 file (es. in /dist, /test).
2025-11-12 09:47:30,055 - UnicodeAnalyzer - INFO - -> Analizzando versione 5.4.1-alpha.41 (1470/3696)...
2025-11-12 09:47:30,055 - UnicodeAnalyzer - INFO - Filtrati 3 file (es. in /dist, /test).
2025-11-12 09:47:30,055 - UnicodeAnalyzer - INFO - -> Analizzando versione 5.4.1-alpha.42 (1471/3696)...
2025-11-12 09:47:30,055 - UnicodeAnalyzer - INFO - Filtrati 3 file (es. in /dist, /test).
2025-11-12 09:47:30,055 - UnicodeAnalyzer - INFO - -> Analizzando versione 5.4.1-alpha.43 (1472/3696)...
2025-11-12 09:47:30,055 - UnicodeAnalyzer - INFO - Filtrati 3 file (es. in /dist, /test).
2025-11-12 09:47:30,056 - UnicodeAnalyzer - INFO - -> Analizzando versione 5.4.1-alpha.44 (1473/3696)...
2025-11-12 09:47:30,056 - UnicodeAnalyzer - INFO - Filtrati 3 file (es. in /dist, /test).
2025-11-12 09:47:30,056 - UnicodeAnalyzer - INFO - -> Analizzando versione 5.4.1-alpha.5 (1474/3696)...
2025-11-12 09:47:30,056 - UnicodeAnalyzer - INFO - Filtrati 3 file (es. in /dist, /test).
2025-11-12 09:47:30,056 - UnicodeAnalyzer - INFO - -> Analizzando versione 5.4.1-alpha.6 (1475/3696)...
2025-11-12 09:47:30,056 - UnicodeAnalyzer - INFO - Filtrati 3 file (es. in /dist, /test).
2025-11-12 09:47:30,056 - UnicodeAnalyzer - INFO - -> Analizzando versione 5.4.1-alpha.7 (1476/3696)...
2025-11-12 09:47:30,057 - UnicodeAnalyzer - INFO - Filtrati 3 file (es. in /dist, /test).
2025-11-12 09:47:30,057 - UnicodeAnalyzer - INFO - -> Analizzando versione 5.4.1-alpha.8 (1477/3696)...
2025-11-12 09:47:30,057 - UnicodeAnalyzer - INFO - Filtrati 3 file (es. in /dist, /test).
2025-11-12 09:47:30,057 - UnicodeAnalyzer - INFO - -> Analizzando versione 5.40.0 (1478/3696)...
2025-11-12 09:47:30,057 - UnicodeAnalyzer - INFO - Filtrati 3 file (es. in /dist, /test).
2025-11-12 09:47:30,057 - UnicodeAnalyzer - INFO - -> Analizzando versione 5.40.1 (1479/3696)...
2025-11-12 09:47:30,058 - UnicodeAnalyzer - INFO - Filtrati 3 file (es. in /dist, /test).
2025-11-12 09:47:30,058 - UnicodeAnalyzer - INFO - -> Analizzando versione 5.40.1-alpha.0 (1480/3696)...
2025-11-12 09:47:30,058 - UnicodeAnalyzer - INFO - Filtrati 3 file (es. in /dist, /test).
2025-11-12 09:47:30,058 - UnicodeAnalyzer - INFO - -> Analizzando versione 5.40.1-alpha.1 (1481/3696)...
2025-11-12 09:47:30,058 - UnicodeAnalyzer - INFO - Filtrati 3 file (es. in /dist, /test).
2025-11-12 09:47:30,059 - UnicodeAnalyzer - INFO - -> Analizzando versione 5.40.1-alpha.10 (1482/3696)...
2025-11-12 09:47:30,059 - UnicodeAnalyzer - INFO - Filtrati 3 file (es. in /dist, /test).
2025-11-12 09:47:30,059 - UnicodeAnalyzer - INFO - -> Analizzando versione 5.40.1-alpha.11 (1483/3696)...
2025-11-12 09:47:30,059 - UnicodeAnalyzer - INFO - Filtrati 3 file (es. in /dist, /test).
2025-11-12 09:47:30,059 - UnicodeAnalyzer - INFO - -> Analizzando versione 5.40.1-alpha.12 (1484/3696)...
2025-11-12 09:47:30,059 - UnicodeAnalyzer - INFO - Filtrati 3 file (es. in /dist, /test).
2025-11-12 09:47:30,059 - UnicodeAnalyzer - INFO - -> Analizzando versione 5.40.1-alpha.13 (1485/3696)...
2025-11-12 09:47:30,060 - UnicodeAnalyzer - INFO - Filtrati 3 file (es. in /dist, /test).
2025-11-12 09:47:30,060 - UnicodeAnalyzer - INFO - -> Analizzando versione 5.40.1-alpha.14 (1486/3696)...
2025-11-12 09:47:30,060 - UnicodeAnalyzer - INFO - Filtrati 3 file (es. in /dist, /test).
2025-11-12 09:47:30,060 - UnicodeAnalyzer - INFO - -> Analizzando versione 5.40.1-alpha.15 (1487/3696)...
2025-11-12 09:47:30,060 - UnicodeAnalyzer - INFO - Filtrati 3 file (es. in /dist, /test).
2025-11-12 09:47:30,060 - UnicodeAnalyzer - INFO - -> Analizzando versione 5.40.1-alpha.16 (1488/3696)...
2025-11-12 09:47:30,061 - UnicodeAnalyzer - INFO - Filtrati 3 file (es. in /dist, /test).
2025-11-12 09:47:30,061 - UnicodeAnalyzer - INFO - -> Analizzando versione 5.40.1-alpha.18 (1489/3696)...
2025-11-12 09:47:30,061 - UnicodeAnalyzer - INFO - Filtrati 3 file (es. in /dist, /test).
2025-11-12 09:47:30,061 - UnicodeAnalyzer - INFO - -> Analizzando versione 5.40.1-alpha.19 (1490/3696)...
2025-11-12 09:47:30,061 - UnicodeAnalyzer - INFO - Filtrati 3 file (es. in /dist, /test).
2025-11-12 09:47:30,061 - UnicodeAnalyzer - INFO - -> Analizzando versione 5.40.1-alpha.2 (1491/3696)...
2025-11-12 09:47:30,062 - UnicodeAnalyzer - INFO - Filtrati 3 file (es. in /dist, /test).
2025-11-12 09:47:30,062 - UnicodeAnalyzer - INFO - -> Analizzando versione 5.40.1-alpha.3 (1492/3696)...
2025-11-12 09:47:30,062 - UnicodeAnalyzer - INFO - Filtrati 3 file (es. in /dist, /test).
2025-11-12 09:47:30,062 - UnicodeAnalyzer - INFO - -> Analizzando versione 5.40.1-alpha.4 (1493/3696)...
2025-11-12 09:47:30,062 - UnicodeAnalyzer - INFO - Filtrati 3 file (es. in /dist, /test).
2025-11-12 09:47:30,062 - UnicodeAnalyzer - INFO - -> Analizzando versione 5.40.1-alpha.5 (1494/3696)...
2025-11-12 09:47:30,063 - UnicodeAnalyzer - INFO - Filtrati 3 file (es. in /dist, /test).
2025-11-12 09:47:30,063 - UnicodeAnalyzer - INFO - -> Analizzando versione 5.40.1-alpha.6 (1495/3696)...
2025-11-12 09:47:30,063 - UnicodeAnalyzer - INFO - Filtrati 3 file (es. in /dist, /test).
2025-11-12 09:47:30,063 - UnicodeAnalyzer - INFO - -> Analizzando versione 5.40.1-alpha.7 (1496/3696)...
2025-11-12 09:47:30,063 - UnicodeAnalyzer - INFO - Filtrati 3 file (es. in /dist, /test).
2025-11-12 09:47:30,063 - UnicodeAnalyzer - INFO - -> Analizzando versione 5.40.1-alpha.8 (1497/3696)...
2025-11-12 09:47:30,064 - UnicodeAnalyzer - INFO - Filtrati 3 file (es. in /dist, /test).
2025-11-12 09:47:30,064 - UnicodeAnalyzer - INFO - -> Analizzando versione 5.40.1-alpha.9 (1498/3696)...
2025-11-12 09:47:30,064 - UnicodeAnalyzer - INFO - Filtrati 3 file (es. in /dist, /test).
2025-11-12 09:47:30,064 - UnicodeAnalyzer - INFO - -> Analizzando versione 5.40.2-alpha.0 (1499/3696)...
2025-11-12 09:47:30,064 - UnicodeAnalyzer - INFO - Filtrati 3 file (es. in /dist, /test).
2025-11-12 09:47:30,064 - UnicodeAnalyzer - INFO - -> Analizzando versione 5.40.2-alpha.1 (1500/3696)...
2025-11-12 09:47:30,065 - UnicodeAnalyzer - INFO - Filtrati 3 file (es. in /dist, /test).
2025-11-12 09:47:30,065 - UnicodeAnalyzer - INFO - -> Analizzando versione 5.40.2-alpha.2 (1501/3696)...
2025-11-12 09:47:30,065 - UnicodeAnalyzer - INFO - Filtrati 3 file (es. in /dist, /test).
2025-11-12 09:47:30,065 - UnicodeAnalyzer - INFO - -> Analizzando versione 5.40.2-alpha.3 (1502/3696)...
2025-11-12 09:47:30,065 - UnicodeAnalyzer - INFO - Filtrati 3 file (es. in /dist, /test).
2025-11-12 09:47:30,065 - UnicodeAnalyzer - INFO - -> Analizzando versione 5.40.2-alpha.4 (1503/3696)...
2025-11-12 09:47:30,066 - UnicodeAnalyzer - INFO - Filtrati 3 file (es. in /dist, /test).
2025-11-12 09:47:30,066 - UnicodeAnalyzer - INFO - -> Analizzando versione 5.40.2-alpha.5 (1504/3696)...
2025-11-12 09:47:30,066 - UnicodeAnalyzer - INFO - Filtrati 3 file (es. in /dist, /test).
2025-11-12 09:47:30,066 - UnicodeAnalyzer - INFO - -> Analizzando versione 5.40.2-alpha.6 (1505/3696)...
2025-11-12 09:47:30,066 - UnicodeAnalyzer - INFO - Filtrati 3 file (es. in /dist, /test).
2025-11-12 09:47:30,066 - UnicodeAnalyzer - INFO - -> Analizzando versione 5.41.0 (1506/3696)...
2025-11-12 09:47:30,067 - UnicodeAnalyzer - INFO - Filtrati 3 file (es. in /dist, /test).
2025-11-12 09:47:30,067 - UnicodeAnalyzer - INFO - -> Analizzando versione 5.41.1-alpha.0 (1507/3696)...
2025-11-12 09:47:30,067 - UnicodeAnalyzer - INFO - Filtrati 3 file (es. in /dist, /test).
2025-11-12 09:47:30,067 - UnicodeAnalyzer - INFO - -> Analizzando versione 5.41.1-alpha.1 (1508/3696)...
2025-11-12 09:47:30,067 - UnicodeAnalyzer - INFO - Filtrati 3 file (es. in /dist, /test).
2025-11-12 09:47:30,067 - UnicodeAnalyzer - INFO - -> Analizzando versione 5.41.1-alpha.10 (1509/3696)...
2025-11-12 09:47:30,068 - UnicodeAnalyzer - INFO - Filtrati 3 file (es. in /dist, /test).
2025-11-12 09:47:30,068 - UnicodeAnalyzer - INFO - -> Analizzando versione 5.41.1-alpha.11 (1510/3696)...
2025-11-12 09:47:30,068 - UnicodeAnalyzer - INFO - Filtrati 3 file (es. in /dist, /test).
2025-11-12 09:47:30,068 - UnicodeAnalyzer - INFO - -> Analizzando versione 5.41.1-alpha.12 (1511/3696)...
2025-11-12 09:47:30,068 - UnicodeAnalyzer - INFO - Filtrati 3 file (es. in /dist, /test).
2025-11-12 09:47:30,068 - UnicodeAnalyzer - INFO - -> Analizzando versione 5.41.1-alpha.13 (1512/3696)...
2025-11-12 09:47:30,069 - UnicodeAnalyzer - INFO - Filtrati 3 file (es. in /dist, /test).
2025-11-12 09:47:30,069 - UnicodeAnalyzer - INFO - -> Analizzando versione 5.41.1-alpha.14 (1513/3696)...
2025-11-12 09:47:30,069 - UnicodeAnalyzer - INFO - Filtrati 3 file (es. in /dist, /test).
2025-11-12 09:47:30,069 - UnicodeAnalyzer - INFO - -> Analizzando versione 5.41.1-alpha.15 (1514/3696)...
2025-11-12 09:47:30,069 - UnicodeAnalyzer - INFO - Filtrati 3 file (es. in /dist, /test).
2025-11-12 09:47:30,069 - UnicodeAnalyzer - INFO - -> Analizzando versione 5.41.1-alpha.16 (1515/3696)...
2025-11-12 09:47:30,070 - UnicodeAnalyzer - INFO - Filtrati 3 file (es. in /dist, /test).
2025-11-12 09:47:30,070 - UnicodeAnalyzer - INFO - -> Analizzando versione 5.41.1-alpha.17 (1516/3696)...
2025-11-12 09:47:30,070 - UnicodeAnalyzer - INFO - Filtrati 3 file (es. in /dist, /test).
2025-11-12 09:47:30,070 - UnicodeAnalyzer - INFO - -> Analizzando versione 5.41.1-alpha.18 (1517/3696)...
2025-11-12 09:47:30,070 - UnicodeAnalyzer - INFO - Filtrati 3 file (es. in /dist, /test).
2025-11-12 09:47:30,070 - UnicodeAnalyzer - INFO - -> Analizzando versione 5.41.1-alpha.2 (1518/3696)...
2025-11-12 09:47:30,070 - UnicodeAnalyzer - INFO - Filtrati 3 file (es. in /dist, /test).
2025-11-12 09:47:30,071 - UnicodeAnalyzer - INFO - -> Analizzando versione 5.41.1-alpha.3 (1519/3696)...
2025-11-12 09:47:30,071 - UnicodeAnalyzer - INFO - Filtrati 3 file (es. in /dist, /test).
2025-11-12 09:47:30,071 - UnicodeAnalyzer - INFO - -> Analizzando versione 5.41.1-alpha.4 (1520/3696)...
2025-11-12 09:47:30,071 - UnicodeAnalyzer - INFO - Filtrati 3 file (es. in /dist, /test).
2025-11-12 09:47:30,071 - UnicodeAnalyzer - INFO - -> Analizzando versione 5.41.1-alpha.5 (1521/3696)...
2025-11-12 09:47:30,071 - UnicodeAnalyzer - INFO - Filtrati 3 file (es. in /dist, /test).
2025-11-12 09:47:30,071 - UnicodeAnalyzer - INFO - -> Analizzando versione 5.41.1-alpha.6 (1522/3696)...
2025-11-12 09:47:30,072 - UnicodeAnalyzer - INFO - Filtrati 3 file (es. in /dist, /test).
2025-11-12 09:47:30,072 - UnicodeAnalyzer - INFO - -> Analizzando versione 5.41.1-alpha.7 (1523/3696)...
2025-11-12 09:47:30,072 - UnicodeAnalyzer - INFO - Filtrati 3 file (es. in /dist, /test).
2025-11-12 09:47:30,072 - UnicodeAnalyzer - INFO - -> Analizzando versione 5.41.1-alpha.8 (1524/3696)...
2025-11-12 09:47:30,072 - UnicodeAnalyzer - INFO - Filtrati 3 file (es. in /dist, /test).
2025-11-12 09:47:30,072 - UnicodeAnalyzer - INFO - -> Analizzando versione 5.41.1-alpha.9 (1525/3696)...
2025-11-12 09:47:30,073 - UnicodeAnalyzer - INFO - Filtrati 3 file (es. in /dist, /test).
2025-11-12 09:47:30,073 - UnicodeAnalyzer - INFO - -> Analizzando versione 5.42.0 (1526/3696)...
2025-11-12 09:47:30,073 - UnicodeAnalyzer - INFO - Filtrati 3 file (es. in /dist, /test).
2025-11-12 09:47:30,073 - UnicodeAnalyzer - INFO - -> Analizzando versione 5.42.1 (1527/3696)...
2025-11-12 09:47:30,074 - UnicodeAnalyzer - INFO - Filtrati 3 file (es. in /dist, /test).
2025-11-12 09:47:30,074 - UnicodeAnalyzer - INFO - -> Analizzando versione 5.42.1-alpha.0 (1528/3696)...
2025-11-12 09:47:30,074 - UnicodeAnalyzer - INFO - Filtrati 3 file (es. in /dist, /test).
2025-11-12 09:47:30,074 - UnicodeAnalyzer - INFO - -> Analizzando versione 5.42.1-alpha.1 (1529/3696)...
2025-11-12 09:47:30,074 - UnicodeAnalyzer - INFO - Filtrati 3 file (es. in /dist, /test).
2025-11-12 09:47:30,074 - UnicodeAnalyzer - INFO - -> Analizzando versione 5.42.1-alpha.2 (1530/3696)...
2025-11-12 09:47:30,074 - UnicodeAnalyzer - INFO - Filtrati 3 file (es. in /dist, /test).
2025-11-12 09:47:30,075 - UnicodeAnalyzer - INFO - -> Analizzando versione 5.42.1-alpha.3 (1531/3696)...
2025-11-12 09:47:30,075 - UnicodeAnalyzer - INFO - Filtrati 3 file (es. in /dist, /test).
2025-11-12 09:47:30,075 - UnicodeAnalyzer - INFO - -> Analizzando versione 5.42.1-alpha.4 (1532/3696)...
2025-11-12 09:47:30,075 - UnicodeAnalyzer - INFO - Filtrati 3 file (es. in /dist, /test).
2025-11-12 09:47:30,075 - UnicodeAnalyzer - INFO - -> Analizzando versione 5.42.1-alpha.5 (1533/3696)...
2025-11-12 09:47:30,075 - UnicodeAnalyzer - INFO - Filtrati 3 file (es. in /dist, /test).
2025-11-12 09:47:30,076 - UnicodeAnalyzer - INFO - -> Analizzando versione 5.42.1-alpha.6 (1534/3696)...
2025-11-12 09:47:30,076 - UnicodeAnalyzer - INFO - Filtrati 3 file (es. in /dist, /test).
2025-11-12 09:47:30,076 - UnicodeAnalyzer - INFO - -> Analizzando versione 5.42.2-alpha.0 (1535/3696)...
2025-11-12 09:47:30,076 - UnicodeAnalyzer - INFO - Filtrati 3 file (es. in /dist, /test).
2025-11-12 09:47:30,076 - UnicodeAnalyzer - INFO - -> Analizzando versione 5.42.2-alpha.1 (1536/3696)...
2025-11-12 09:47:30,076 - UnicodeAnalyzer - INFO - Filtrati 3 file (es. in /dist, /test).
2025-11-12 09:47:30,076 - UnicodeAnalyzer - INFO - -> Analizzando versione 5.42.2-alpha.10 (1537/3696)...
2025-11-12 09:47:30,077 - UnicodeAnalyzer - INFO - Filtrati 3 file (es. in /dist, /test).
2025-11-12 09:47:30,077 - UnicodeAnalyzer - INFO - -> Analizzando versione 5.42.2-alpha.2 (1538/3696)...
2025-11-12 09:47:30,077 - UnicodeAnalyzer - INFO - Filtrati 3 file (es. in /dist, /test).
2025-11-12 09:47:30,077 - UnicodeAnalyzer - INFO - -> Analizzando versione 5.42.2-alpha.3 (1539/3696)...
2025-11-12 09:47:30,077 - UnicodeAnalyzer - INFO - Filtrati 3 file (es. in /dist, /test).
2025-11-12 09:47:30,077 - UnicodeAnalyzer - INFO - -> Analizzando versione 5.42.2-alpha.4 (1540/3696)...
2025-11-12 09:47:30,078 - UnicodeAnalyzer - INFO - Filtrati 3 file (es. in /dist, /test).
2025-11-12 09:47:30,078 - UnicodeAnalyzer - INFO - -> Analizzando versione 5.42.2-alpha.5 (1541/3696)...
2025-11-12 09:47:30,078 - UnicodeAnalyzer - INFO - Filtrati 3 file (es. in /dist, /test).
2025-11-12 09:47:30,078 - UnicodeAnalyzer - INFO - -> Analizzando versione 5.42.2-alpha.6 (1542/3696)...
2025-11-12 09:47:30,078 - UnicodeAnalyzer - INFO - Filtrati 3 file (es. in /dist, /test).
2025-11-12 09:47:30,078 - UnicodeAnalyzer - INFO - -> Analizzando versione 5.42.2-alpha.7 (1543/3696)...
2025-11-12 09:47:30,079 - UnicodeAnalyzer - INFO - Filtrati 3 file (es. in /dist, /test).
2025-11-12 09:47:30,079 - UnicodeAnalyzer - INFO - -> Analizzando versione 5.42.2-alpha.8 (1544/3696)...
2025-11-12 09:47:30,079 - UnicodeAnalyzer - INFO - Filtrati 3 file (es. in /dist, /test).
2025-11-12 09:47:30,079 - UnicodeAnalyzer - INFO - -> Analizzando versione 5.42.2-alpha.9 (1545/3696)...
2025-11-12 09:47:30,079 - UnicodeAnalyzer - INFO - Filtrati 3 file (es. in /dist, /test).
2025-11-12 09:47:30,079 - UnicodeAnalyzer - INFO - -> Analizzando versione 5.43.0 (1546/3696)...
2025-11-12 09:47:30,080 - UnicodeAnalyzer - INFO - Filtrati 3 file (es. in /dist, /test).
2025-11-12 09:47:30,080 - UnicodeAnalyzer - INFO - -> Analizzando versione 5.43.1-alpha.0 (1547/3696)...
2025-11-12 09:47:30,080 - UnicodeAnalyzer - INFO - Filtrati 3 file (es. in /dist, /test).
2025-11-12 09:47:30,080 - UnicodeAnalyzer - INFO - -> Analizzando versione 5.43.1-alpha.1 (1548/3696)...
2025-11-12 09:47:30,080 - UnicodeAnalyzer - INFO - Filtrati 3 file (es. in /dist, /test).
2025-11-12 09:47:30,080 - UnicodeAnalyzer - INFO - -> Analizzando versione 5.43.1-alpha.10 (1549/3696)...
2025-11-12 09:47:30,081 - UnicodeAnalyzer - INFO - Filtrati 3 file (es. in /dist, /test).
2025-11-12 09:47:30,081 - UnicodeAnalyzer - INFO - -> Analizzando versione 5.43.1-alpha.11 (1550/3696)...
2025-11-12 09:47:30,081 - UnicodeAnalyzer - INFO - Filtrati 3 file (es. in /dist, /test).
2025-11-12 09:47:30,081 - UnicodeAnalyzer - INFO - -> Analizzando versione 5.43.1-alpha.12 (1551/3696)...
2025-11-12 09:47:30,081 - UnicodeAnalyzer - INFO - Filtrati 3 file (es. in /dist, /test).
2025-11-12 09:47:30,081 - UnicodeAnalyzer - INFO - -> Analizzando versione 5.43.1-alpha.13 (1552/3696)...
2025-11-12 09:47:30,082 - UnicodeAnalyzer - INFO - Filtrati 3 file (es. in /dist, /test).
2025-11-12 09:47:30,082 - UnicodeAnalyzer - INFO - -> Analizzando versione 5.43.1-alpha.14 (1553/3696)...
2025-11-12 09:47:30,082 - UnicodeAnalyzer - INFO - Filtrati 3 file (es. in /dist, /test).
2025-11-12 09:47:30,082 - UnicodeAnalyzer - INFO - -> Analizzando versione 5.43.1-alpha.15 (1554/3696)...
2025-11-12 09:47:30,082 - UnicodeAnalyzer - INFO - Filtrati 3 file (es. in /dist, /test).
2025-11-12 09:47:30,082 - UnicodeAnalyzer - INFO - -> Analizzando versione 5.43.1-alpha.16 (1555/3696)...
2025-11-12 09:47:30,083 - UnicodeAnalyzer - INFO - Filtrati 3 file (es. in /dist, /test).
2025-11-12 09:47:30,083 - UnicodeAnalyzer - INFO - -> Analizzando versione 5.43.1-alpha.17 (1556/3696)...
2025-11-12 09:47:30,083 - UnicodeAnalyzer - INFO - Filtrati 3 file (es. in /dist, /test).
2025-11-12 09:47:30,083 - UnicodeAnalyzer - INFO - -> Analizzando versione 5.43.1-alpha.18 (1557/3696)...
2025-11-12 09:47:30,083 - UnicodeAnalyzer - INFO - Filtrati 3 file (es. in /dist, /test).
2025-11-12 09:47:30,083 - UnicodeAnalyzer - INFO - -> Analizzando versione 5.43.1-alpha.19 (1558/3696)...
2025-11-12 09:47:30,084 - UnicodeAnalyzer - INFO - Filtrati 3 file (es. in /dist, /test).
2025-11-12 09:47:30,084 - UnicodeAnalyzer - INFO - -> Analizzando versione 5.43.1-alpha.2 (1559/3696)...
2025-11-12 09:47:30,084 - UnicodeAnalyzer - INFO - Filtrati 3 file (es. in /dist, /test).
2025-11-12 09:47:30,084 - UnicodeAnalyzer - INFO - -> Analizzando versione 5.43.1-alpha.20 (1560/3696)...
2025-11-12 09:47:30,084 - UnicodeAnalyzer - INFO - Filtrati 3 file (es. in /dist, /test).
2025-11-12 09:47:30,084 - UnicodeAnalyzer - INFO - -> Analizzando versione 5.43.1-alpha.21 (1561/3696)...
2025-11-12 09:47:30,085 - UnicodeAnalyzer - INFO - Filtrati 3 file (es. in /dist, /test).
2025-11-12 09:47:30,085 - UnicodeAnalyzer - INFO - -> Analizzando versione 5.43.1-alpha.22 (1562/3696)...
2025-11-12 09:47:30,085 - UnicodeAnalyzer - INFO - Filtrati 3 file (es. in /dist, /test).
2025-11-12 09:47:30,085 - UnicodeAnalyzer - INFO - -> Analizzando versione 5.43.1-alpha.23 (1563/3696)...
2025-11-12 09:47:30,085 - UnicodeAnalyzer - INFO - Filtrati 3 file (es. in /dist, /test).
2025-11-12 09:47:30,085 - UnicodeAnalyzer - INFO - -> Analizzando versione 5.43.1-alpha.24 (1564/3696)...
2025-11-12 09:47:30,086 - UnicodeAnalyzer - INFO - Filtrati 3 file (es. in /dist, /test).
2025-11-12 09:47:30,086 - UnicodeAnalyzer - INFO - -> Analizzando versione 5.43.1-alpha.25 (1565/3696)...
2025-11-12 09:47:30,086 - UnicodeAnalyzer - INFO - Filtrati 3 file (es. in /dist, /test).
2025-11-12 09:47:30,086 - UnicodeAnalyzer - INFO - -> Analizzando versione 5.43.1-alpha.3 (1566/3696)...
2025-11-12 09:47:30,086 - UnicodeAnalyzer - INFO - Filtrati 3 file (es. in /dist, /test).
2025-11-12 09:47:30,086 - UnicodeAnalyzer - INFO - -> Analizzando versione 5.43.1-alpha.4 (1567/3696)...
2025-11-12 09:47:30,087 - UnicodeAnalyzer - INFO - Filtrati 3 file (es. in /dist, /test).
2025-11-12 09:47:30,087 - UnicodeAnalyzer - INFO - -> Analizzando versione 5.43.1-alpha.5 (1568/3696)...
2025-11-12 09:47:30,087 - UnicodeAnalyzer - INFO - Filtrati 3 file (es. in /dist, /test).
2025-11-12 09:47:30,087 - UnicodeAnalyzer - INFO - -> Analizzando versione 5.43.1-alpha.6 (1569/3696)...
2025-11-12 09:47:30,087 - UnicodeAnalyzer - INFO - Filtrati 3 file (es. in /dist, /test).
2025-11-12 09:47:30,087 - UnicodeAnalyzer - INFO - -> Analizzando versione 5.43.1-alpha.7 (1570/3696)...
2025-11-12 09:47:30,088 - UnicodeAnalyzer - INFO - Filtrati 3 file (es. in /dist, /test).
2025-11-12 09:47:30,088 - UnicodeAnalyzer - INFO - -> Analizzando versione 5.43.1-alpha.8 (1571/3696)...
2025-11-12 09:47:30,088 - UnicodeAnalyzer - INFO - Filtrati 3 file (es. in /dist, /test).
2025-11-12 09:47:30,088 - UnicodeAnalyzer - INFO - -> Analizzando versione 5.43.1-alpha.9 (1572/3696)...
2025-11-12 09:47:30,088 - UnicodeAnalyzer - INFO - Filtrati 3 file (es. in /dist, /test).
2025-11-12 09:47:30,088 - UnicodeAnalyzer - INFO - -> Analizzando versione 5.44.0 (1573/3696)...
2025-11-12 09:47:30,089 - UnicodeAnalyzer - INFO - Filtrati 3 file (es. in /dist, /test).
2025-11-12 09:47:30,089 - UnicodeAnalyzer - INFO - -> Analizzando versione 5.44.1-alpha.0 (1574/3696)...
2025-11-12 09:47:30,089 - UnicodeAnalyzer - INFO - Filtrati 3 file (es. in /dist, /test).
2025-11-12 09:47:30,089 - UnicodeAnalyzer - INFO - -> Analizzando versione 5.44.1-alpha.1 (1575/3696)...
2025-11-12 09:47:30,089 - UnicodeAnalyzer - INFO - Filtrati 3 file (es. in /dist, /test).
2025-11-12 09:47:30,089 - UnicodeAnalyzer - INFO - -> Analizzando versione 5.44.1-alpha.10 (1576/3696)...
2025-11-12 09:47:30,090 - UnicodeAnalyzer - INFO - Filtrati 3 file (es. in /dist, /test).
2025-11-12 09:47:30,090 - UnicodeAnalyzer - INFO - -> Analizzando versione 5.44.1-alpha.11 (1577/3696)...
2025-11-12 09:47:30,090 - UnicodeAnalyzer - INFO - Filtrati 3 file (es. in /dist, /test).
2025-11-12 09:47:30,090 - UnicodeAnalyzer - INFO - -> Analizzando versione 5.44.1-alpha.12 (1578/3696)...
2025-11-12 09:47:30,090 - UnicodeAnalyzer - INFO - Filtrati 3 file (es. in /dist, /test).
2025-11-12 09:47:30,090 - UnicodeAnalyzer - INFO - -> Analizzando versione 5.44.1-alpha.13 (1579/3696)...
2025-11-12 09:47:30,090 - UnicodeAnalyzer - INFO - Filtrati 3 file (es. in /dist, /test).
2025-11-12 09:47:30,091 - UnicodeAnalyzer - INFO - -> Analizzando versione 5.44.1-alpha.14 (1580/3696)...
2025-11-12 09:47:30,091 - UnicodeAnalyzer - INFO - Filtrati 3 file (es. in /dist, /test).
2025-11-12 09:47:30,091 - UnicodeAnalyzer - INFO - -> Analizzando versione 5.44.1-alpha.15 (1581/3696)...
2025-11-12 09:47:30,091 - UnicodeAnalyzer - INFO - Filtrati 3 file (es. in /dist, /test).
2025-11-12 09:47:30,091 - UnicodeAnalyzer - INFO - -> Analizzando versione 5.44.1-alpha.16 (1582/3696)...
2025-11-12 09:47:30,091 - UnicodeAnalyzer - INFO - Filtrati 3 file (es. in /dist, /test).
2025-11-12 09:47:30,092 - UnicodeAnalyzer - INFO - -> Analizzando versione 5.44.1-alpha.2 (1583/3696)...
2025-11-12 09:47:30,092 - UnicodeAnalyzer - INFO - Filtrati 3 file (es. in /dist, /test).
2025-11-12 09:47:30,092 - UnicodeAnalyzer - INFO - -> Analizzando versione 5.44.1-alpha.3 (1584/3696)...
2025-11-12 09:47:30,092 - UnicodeAnalyzer - INFO - Filtrati 3 file (es. in /dist, /test).
2025-11-12 09:47:30,092 - UnicodeAnalyzer - INFO - -> Analizzando versione 5.44.1-alpha.4 (1585/3696)...
2025-11-12 09:47:30,092 - UnicodeAnalyzer - INFO - Filtrati 3 file (es. in /dist, /test).
2025-11-12 09:47:30,092 - UnicodeAnalyzer - INFO - -> Analizzando versione 5.44.1-alpha.5 (1586/3696)...
2025-11-12 09:47:30,093 - UnicodeAnalyzer - INFO - Filtrati 3 file (es. in /dist, /test).
2025-11-12 09:47:30,093 - UnicodeAnalyzer - INFO - -> Analizzando versione 5.44.1-alpha.6 (1587/3696)...
2025-11-12 09:47:30,093 - UnicodeAnalyzer - INFO - Filtrati 3 file (es. in /dist, /test).
2025-11-12 09:47:30,093 - UnicodeAnalyzer - INFO - -> Analizzando versione 5.44.1-alpha.7 (1588/3696)...
2025-11-12 09:47:30,093 - UnicodeAnalyzer - INFO - Filtrati 3 file (es. in /dist, /test).
2025-11-12 09:47:30,093 - UnicodeAnalyzer - INFO - -> Analizzando versione 5.44.1-alpha.8 (1589/3696)...
2025-11-12 09:47:30,094 - UnicodeAnalyzer - INFO - Filtrati 3 file (es. in /dist, /test).
2025-11-12 09:47:30,094 - UnicodeAnalyzer - INFO - -> Analizzando versione 5.44.1-alpha.9 (1590/3696)...
2025-11-12 09:47:30,094 - UnicodeAnalyzer - INFO - Filtrati 3 file (es. in /dist, /test).
2025-11-12 09:47:30,094 - UnicodeAnalyzer - INFO - -> Analizzando versione 5.45.0 (1591/3696)...
2025-11-12 09:47:30,094 - UnicodeAnalyzer - INFO - Filtrati 3 file (es. in /dist, /test).
2025-11-12 09:47:30,094 - UnicodeAnalyzer - INFO - -> Analizzando versione 5.45.1 (1592/3696)...
2025-11-12 09:47:30,095 - UnicodeAnalyzer - INFO - Filtrati 3 file (es. in /dist, /test).
2025-11-12 09:47:30,095 - UnicodeAnalyzer - INFO - -> Analizzando versione 5.45.1-alpha.0 (1593/3696)...
2025-11-12 09:47:30,095 - UnicodeAnalyzer - INFO - Filtrati 3 file (es. in /dist, /test).
2025-11-12 09:47:30,095 - UnicodeAnalyzer - INFO - -> Analizzando versione 5.45.1-alpha.1 (1594/3696)...
2025-11-12 09:47:30,096 - UnicodeAnalyzer - INFO - Filtrati 3 file (es. in /dist, /test).
2025-11-12 09:47:30,096 - UnicodeAnalyzer - INFO - -> Analizzando versione 5.45.1-alpha.10 (1595/3696)...
2025-11-12 09:47:30,096 - UnicodeAnalyzer - INFO - Filtrati 3 file (es. in /dist, /test).
2025-11-12 09:47:30,096 - UnicodeAnalyzer - INFO - -> Analizzando versione 5.45.1-alpha.11 (1596/3696)...
2025-11-12 09:47:30,096 - UnicodeAnalyzer - INFO - Filtrati 3 file (es. in /dist, /test).
2025-11-12 09:47:30,096 - UnicodeAnalyzer - INFO - -> Analizzando versione 5.45.1-alpha.12 (1597/3696)...
2025-11-12 09:47:30,097 - UnicodeAnalyzer - INFO - Filtrati 3 file (es. in /dist, /test).
2025-11-12 09:47:30,097 - UnicodeAnalyzer - INFO - -> Analizzando versione 5.45.1-alpha.13 (1598/3696)...
2025-11-12 09:47:30,097 - UnicodeAnalyzer - INFO - Filtrati 3 file (es. in /dist, /test).
2025-11-12 09:47:30,097 - UnicodeAnalyzer - INFO - -> Analizzando versione 5.45.1-alpha.14 (1599/3696)...
2025-11-12 09:47:30,097 - UnicodeAnalyzer - INFO - Filtrati 3 file (es. in /dist, /test).
2025-11-12 09:47:30,097 - UnicodeAnalyzer - INFO - -> Analizzando versione 5.45.1-alpha.15 (1600/3696)...
2025-11-12 09:47:30,097 - UnicodeAnalyzer - INFO - Filtrati 3 file (es. in /dist, /test).
2025-11-12 09:47:30,098 - UnicodeAnalyzer - INFO - -> Analizzando versione 5.45.1-alpha.16 (1601/3696)...
2025-11-12 09:47:30,098 - UnicodeAnalyzer - INFO - Filtrati 3 file (es. in /dist, /test).
2025-11-12 09:47:30,098 - UnicodeAnalyzer - INFO - -> Analizzando versione 5.45.1-alpha.17 (1602/3696)...
2025-11-12 09:47:30,098 - UnicodeAnalyzer - INFO - Filtrati 3 file (es. in /dist, /test).
2025-11-12 09:47:30,098 - UnicodeAnalyzer - INFO - -> Analizzando versione 5.45.1-alpha.18 (1603/3696)...
2025-11-12 09:47:30,098 - UnicodeAnalyzer - INFO - Filtrati 3 file (es. in /dist, /test).
2025-11-12 09:47:30,098 - UnicodeAnalyzer - INFO - -> Analizzando versione 5.45.1-alpha.19 (1604/3696)...
2025-11-12 09:47:30,099 - UnicodeAnalyzer - INFO - Filtrati 3 file (es. in /dist, /test).
2025-11-12 09:47:30,099 - UnicodeAnalyzer - INFO - -> Analizzando versione 5.45.1-alpha.2 (1605/3696)...
2025-11-12 09:47:30,099 - UnicodeAnalyzer - INFO - Filtrati 3 file (es. in /dist, /test).
2025-11-12 09:47:30,099 - UnicodeAnalyzer - INFO - -> Analizzando versione 5.45.1-alpha.3 (1606/3696)...
2025-11-12 09:47:30,099 - UnicodeAnalyzer - INFO - Filtrati 3 file (es. in /dist, /test).
2025-11-12 09:47:30,099 - UnicodeAnalyzer - INFO - -> Analizzando versione 5.45.1-alpha.4 (1607/3696)...
2025-11-12 09:47:30,100 - UnicodeAnalyzer - INFO - Filtrati 3 file (es. in /dist, /test).
2025-11-12 09:47:30,100 - UnicodeAnalyzer - INFO - -> Analizzando versione 5.45.1-alpha.5 (1608/3696)...
2025-11-12 09:47:30,100 - UnicodeAnalyzer - INFO - Filtrati 3 file (es. in /dist, /test).
2025-11-12 09:47:30,100 - UnicodeAnalyzer - INFO - -> Analizzando versione 5.45.1-alpha.6 (1609/3696)...
2025-11-12 09:47:30,100 - UnicodeAnalyzer - INFO - Filtrati 3 file (es. in /dist, /test).
2025-11-12 09:47:30,101 - UnicodeAnalyzer - INFO - -> Analizzando versione 5.45.1-alpha.7 (1610/3696)...
2025-11-12 09:47:30,101 - UnicodeAnalyzer - INFO - Filtrati 3 file (es. in /dist, /test).
2025-11-12 09:47:30,101 - UnicodeAnalyzer - INFO - -> Analizzando versione 5.45.1-alpha.8 (1611/3696)...
2025-11-12 09:47:30,101 - UnicodeAnalyzer - INFO - Filtrati 3 file (es. in /dist, /test).
2025-11-12 09:47:30,101 - UnicodeAnalyzer - INFO - -> Analizzando versione 5.45.1-alpha.9 (1612/3696)...
2025-11-12 09:47:30,101 - UnicodeAnalyzer - INFO - Filtrati 3 file (es. in /dist, /test).
2025-11-12 09:47:30,102 - UnicodeAnalyzer - INFO - -> Analizzando versione 5.45.2-alpha.0 (1613/3696)...
2025-11-12 09:47:30,102 - UnicodeAnalyzer - INFO - Filtrati 3 file (es. in /dist, /test).
2025-11-12 09:47:30,102 - UnicodeAnalyzer - INFO - -> Analizzando versione 5.45.2-alpha.1 (1614/3696)...
2025-11-12 09:47:30,102 - UnicodeAnalyzer - INFO - Filtrati 3 file (es. in /dist, /test).
2025-11-12 09:47:30,102 - UnicodeAnalyzer - INFO - -> Analizzando versione 5.45.2-alpha.2 (1615/3696)...
2025-11-12 09:47:30,102 - UnicodeAnalyzer - INFO - Filtrati 3 file (es. in /dist, /test).
2025-11-12 09:47:30,102 - UnicodeAnalyzer - INFO - -> Analizzando versione 5.45.2-alpha.4 (1616/3696)...
2025-11-12 09:47:30,103 - UnicodeAnalyzer - INFO - Filtrati 3 file (es. in /dist, /test).
2025-11-12 09:47:30,103 - UnicodeAnalyzer - INFO - -> Analizzando versione 5.45.2-alpha.5 (1617/3696)...
2025-11-12 09:47:30,103 - UnicodeAnalyzer - INFO - Filtrati 3 file (es. in /dist, /test).
2025-11-12 09:47:30,103 - UnicodeAnalyzer - INFO - -> Analizzando versione 5.45.2-alpha.6 (1618/3696)...
2025-11-12 09:47:30,103 - UnicodeAnalyzer - INFO - Filtrati 3 file (es. in /dist, /test).
2025-11-12 09:47:30,103 - UnicodeAnalyzer - INFO - -> Analizzando versione 5.46.0 (1619/3696)...
2025-11-12 09:47:30,104 - UnicodeAnalyzer - INFO - Filtrati 3 file (es. in /dist, /test).
2025-11-12 09:47:30,104 - UnicodeAnalyzer - INFO - -> Analizzando versione 5.46.1 (1620/3696)...
2025-11-12 09:47:30,104 - UnicodeAnalyzer - INFO - Filtrati 3 file (es. in /dist, /test).
2025-11-12 09:47:30,104 - UnicodeAnalyzer - INFO - -> Analizzando versione 5.46.1-alpha.0 (1621/3696)...
2025-11-12 09:47:30,105 - UnicodeAnalyzer - INFO - Filtrati 3 file (es. in /dist, /test).
2025-11-12 09:47:30,105 - UnicodeAnalyzer - INFO - -> Analizzando versione 5.46.1-alpha.1 (1622/3696)...
2025-11-12 09:47:30,105 - UnicodeAnalyzer - INFO - Filtrati 3 file (es. in /dist, /test).
2025-11-12 09:47:30,105 - UnicodeAnalyzer - INFO - -> Analizzando versione 5.46.1-alpha.2 (1623/3696)...
2025-11-12 09:47:30,105 - UnicodeAnalyzer - INFO - Filtrati 3 file (es. in /dist, /test).
2025-11-12 09:47:30,105 - UnicodeAnalyzer - INFO - -> Analizzando versione 5.46.1-alpha.3 (1624/3696)...
2025-11-12 09:47:30,105 - UnicodeAnalyzer - INFO - Filtrati 3 file (es. in /dist, /test).
2025-11-12 09:47:30,106 - UnicodeAnalyzer - INFO - -> Analizzando versione 5.46.2-alpha.0 (1625/3696)...
2025-11-12 09:47:30,106 - UnicodeAnalyzer - INFO - Filtrati 3 file (es. in /dist, /test).
2025-11-12 09:47:30,106 - UnicodeAnalyzer - INFO - -> Analizzando versione 5.46.2-alpha.1 (1626/3696)...
2025-11-12 09:47:30,106 - UnicodeAnalyzer - INFO - Filtrati 3 file (es. in /dist, /test).
2025-11-12 09:47:30,106 - UnicodeAnalyzer - INFO - -> Analizzando versione 5.46.2-alpha.2 (1627/3696)...
2025-11-12 09:47:30,106 - UnicodeAnalyzer - INFO - Filtrati 3 file (es. in /dist, /test).
2025-11-12 09:47:30,106 - UnicodeAnalyzer - INFO - -> Analizzando versione 5.46.2-alpha.3 (1628/3696)...
2025-11-12 09:47:30,107 - UnicodeAnalyzer - INFO - Filtrati 3 file (es. in /dist, /test).
2025-11-12 09:47:30,107 - UnicodeAnalyzer - INFO - -> Analizzando versione 5.46.2-alpha.4 (1629/3696)...
2025-11-12 09:47:30,107 - UnicodeAnalyzer - INFO - Filtrati 3 file (es. in /dist, /test).
2025-11-12 09:47:30,107 - UnicodeAnalyzer - INFO - -> Analizzando versione 5.46.2-alpha.5 (1630/3696)...
2025-11-12 09:47:30,107 - UnicodeAnalyzer - INFO - Filtrati 3 file (es. in /dist, /test).
2025-11-12 09:47:30,107 - UnicodeAnalyzer - INFO - -> Analizzando versione 5.46.2-alpha.6 (1631/3696)...
2025-11-12 09:47:30,108 - UnicodeAnalyzer - INFO - Filtrati 3 file (es. in /dist, /test).
2025-11-12 09:47:30,108 - UnicodeAnalyzer - INFO - -> Analizzando versione 5.46.2-alpha.7 (1632/3696)...
2025-11-12 09:47:30,108 - UnicodeAnalyzer - INFO - Filtrati 3 file (es. in /dist, /test).
2025-11-12 09:47:30,108 - UnicodeAnalyzer - INFO - -> Analizzando versione 5.46.2-alpha.8 (1633/3696)...
2025-11-12 09:47:30,108 - UnicodeAnalyzer - INFO - Filtrati 3 file (es. in /dist, /test).
2025-11-12 09:47:30,108 - UnicodeAnalyzer - INFO - -> Analizzando versione 5.46.2-alpha.9 (1634/3696)...
2025-11-12 09:47:30,109 - UnicodeAnalyzer - INFO - Filtrati 3 file (es. in /dist, /test).
2025-11-12 09:47:30,109 - UnicodeAnalyzer - INFO - -> Analizzando versione 5.47.0 (1635/3696)...
2025-11-12 09:47:30,109 - UnicodeAnalyzer - INFO - Filtrati 3 file (es. in /dist, /test).
2025-11-12 09:47:30,109 - UnicodeAnalyzer - INFO - -> Analizzando versione 5.47.1 (1636/3696)...
2025-11-12 09:47:30,109 - UnicodeAnalyzer - INFO - Filtrati 3 file (es. in /dist, /test).
2025-11-12 09:47:30,110 - UnicodeAnalyzer - INFO - -> Analizzando versione 5.47.1-alpha.0 (1637/3696)...
2025-11-12 09:47:30,110 - UnicodeAnalyzer - INFO - Filtrati 3 file (es. in /dist, /test).
2025-11-12 09:47:30,110 - UnicodeAnalyzer - INFO - -> Analizzando versione 5.47.1-alpha.1 (1638/3696)...
2025-11-12 09:47:30,110 - UnicodeAnalyzer - INFO - Filtrati 3 file (es. in /dist, /test).
2025-11-12 09:47:30,110 - UnicodeAnalyzer - INFO - -> Analizzando versione 5.47.1-alpha.2 (1639/3696)...
2025-11-12 09:47:30,110 - UnicodeAnalyzer - INFO - Filtrati 3 file (es. in /dist, /test).
2025-11-12 09:47:30,111 - UnicodeAnalyzer - INFO - -> Analizzando versione 5.47.2-alpha.0 (1640/3696)...
2025-11-12 09:47:30,111 - UnicodeAnalyzer - INFO - Filtrati 3 file (es. in /dist, /test).
2025-11-12 09:47:30,111 - UnicodeAnalyzer - INFO - -> Analizzando versione 5.47.2-alpha.1 (1641/3696)...
2025-11-12 09:47:30,111 - UnicodeAnalyzer - INFO - Filtrati 3 file (es. in /dist, /test).
2025-11-12 09:47:30,111 - UnicodeAnalyzer - INFO - -> Analizzando versione 5.47.2-alpha.2 (1642/3696)...
2025-11-12 09:47:30,111 - UnicodeAnalyzer - INFO - Filtrati 3 file (es. in /dist, /test).
2025-11-12 09:47:30,112 - UnicodeAnalyzer - INFO - -> Analizzando versione 5.47.2-alpha.3 (1643/3696)...
2025-11-12 09:47:30,112 - UnicodeAnalyzer - INFO - Filtrati 3 file (es. in /dist, /test).
2025-11-12 09:47:30,112 - UnicodeAnalyzer - INFO - -> Analizzando versione 5.48.0 (1644/3696)...
2025-11-12 09:47:30,112 - UnicodeAnalyzer - INFO - Filtrati 3 file (es. in /dist, /test).
2025-11-12 09:47:30,112 - UnicodeAnalyzer - INFO - -> Analizzando versione 5.48.1 (1645/3696)...
2025-11-12 09:47:30,113 - UnicodeAnalyzer - INFO - Filtrati 3 file (es. in /dist, /test).
2025-11-12 09:47:30,113 - UnicodeAnalyzer - INFO - -> Analizzando versione 5.48.1-alpha.0 (1646/3696)...
2025-11-12 09:47:30,113 - UnicodeAnalyzer - INFO - Filtrati 3 file (es. in /dist, /test).
2025-11-12 09:47:30,113 - UnicodeAnalyzer - INFO - -> Analizzando versione 5.48.1-alpha.2 (1647/3696)...
2025-11-12 09:47:30,113 - UnicodeAnalyzer - INFO - Filtrati 3 file (es. in /dist, /test).
2025-11-12 09:47:30,113 - UnicodeAnalyzer - INFO - -> Analizzando versione 5.48.1-alpha.3 (1648/3696)...
2025-11-12 09:47:30,114 - UnicodeAnalyzer - INFO - Filtrati 3 file (es. in /dist, /test).
2025-11-12 09:47:30,114 - UnicodeAnalyzer - INFO - -> Analizzando versione 5.48.1-alpha.4 (1649/3696)...
2025-11-12 09:47:30,114 - UnicodeAnalyzer - INFO - Filtrati 3 file (es. in /dist, /test).
2025-11-12 09:47:30,114 - UnicodeAnalyzer - INFO - -> Analizzando versione 5.48.2 (1650/3696)...
2025-11-12 09:47:30,114 - UnicodeAnalyzer - INFO - Filtrati 3 file (es. in /dist, /test).
2025-11-12 09:47:30,114 - UnicodeAnalyzer - INFO - -> Analizzando versione 5.48.2-alpha.0 (1651/3696)...
2025-11-12 09:47:30,114 - UnicodeAnalyzer - INFO - Filtrati 3 file (es. in /dist, /test).
2025-11-12 09:47:30,115 - UnicodeAnalyzer - INFO - -> Analizzando versione 5.48.3-alpha.0 (1652/3696)...
2025-11-12 09:47:30,115 - UnicodeAnalyzer - INFO - Filtrati 3 file (es. in /dist, /test).
2025-11-12 09:47:30,115 - UnicodeAnalyzer - INFO - -> Analizzando versione 5.48.3-alpha.1 (1653/3696)...
2025-11-12 09:47:30,115 - UnicodeAnalyzer - INFO - Filtrati 3 file (es. in /dist, /test).
2025-11-12 09:47:30,115 - UnicodeAnalyzer - INFO - -> Analizzando versione 5.48.3-alpha.10 (1654/3696)...
2025-11-12 09:47:30,115 - UnicodeAnalyzer - INFO - Filtrati 3 file (es. in /dist, /test).
2025-11-12 09:47:30,116 - UnicodeAnalyzer - INFO - -> Analizzando versione 5.48.3-alpha.11 (1655/3696)...
2025-11-12 09:47:30,116 - UnicodeAnalyzer - INFO - Filtrati 3 file (es. in /dist, /test).
2025-11-12 09:47:30,116 - UnicodeAnalyzer - INFO - -> Analizzando versione 5.48.3-alpha.12 (1656/3696)...
2025-11-12 09:47:30,116 - UnicodeAnalyzer - INFO - Filtrati 3 file (es. in /dist, /test).
2025-11-12 09:47:30,116 - UnicodeAnalyzer - INFO - -> Analizzando versione 5.48.3-alpha.2 (1657/3696)...
2025-11-12 09:47:30,116 - UnicodeAnalyzer - INFO - Filtrati 3 file (es. in /dist, /test).
2025-11-12 09:47:30,116 - UnicodeAnalyzer - INFO - -> Analizzando versione 5.48.3-alpha.3 (1658/3696)...
2025-11-12 09:47:30,117 - UnicodeAnalyzer - INFO - Filtrati 3 file (es. in /dist, /test).
2025-11-12 09:47:30,117 - UnicodeAnalyzer - INFO - -> Analizzando versione 5.48.3-alpha.4 (1659/3696)...
2025-11-12 09:47:30,117 - UnicodeAnalyzer - INFO - Filtrati 3 file (es. in /dist, /test).
2025-11-12 09:47:30,117 - UnicodeAnalyzer - INFO - -> Analizzando versione 5.48.3-alpha.5 (1660/3696)...
2025-11-12 09:47:30,117 - UnicodeAnalyzer - INFO - Filtrati 3 file (es. in /dist, /test).
2025-11-12 09:47:30,117 - UnicodeAnalyzer - INFO - -> Analizzando versione 5.48.3-alpha.6 (1661/3696)...
2025-11-12 09:47:30,118 - UnicodeAnalyzer - INFO - Filtrati 3 file (es. in /dist, /test).
2025-11-12 09:47:30,118 - UnicodeAnalyzer - INFO - -> Analizzando versione 5.48.3-alpha.7 (1662/3696)...
2025-11-12 09:47:30,118 - UnicodeAnalyzer - INFO - Filtrati 3 file (es. in /dist, /test).
2025-11-12 09:47:30,118 - UnicodeAnalyzer - INFO - -> Analizzando versione 5.48.3-alpha.8 (1663/3696)...
2025-11-12 09:47:30,118 - UnicodeAnalyzer - INFO - Filtrati 3 file (es. in /dist, /test).
2025-11-12 09:47:30,118 - UnicodeAnalyzer - INFO - -> Analizzando versione 5.48.3-alpha.9 (1664/3696)...
2025-11-12 09:47:30,119 - UnicodeAnalyzer - INFO - Filtrati 3 file (es. in /dist, /test).
2025-11-12 09:47:30,119 - UnicodeAnalyzer - INFO - -> Analizzando versione 5.49.0 (1665/3696)...
2025-11-12 09:47:30,119 - UnicodeAnalyzer - INFO - Filtrati 3 file (es. in /dist, /test).
2025-11-12 09:47:30,119 - UnicodeAnalyzer - INFO - -> Analizzando versione 5.49.1-alpha.0 (1666/3696)...
2025-11-12 09:47:30,119 - UnicodeAnalyzer - INFO - Filtrati 3 file (es. in /dist, /test).
2025-11-12 09:47:30,119 - UnicodeAnalyzer - INFO - -> Analizzando versione 5.49.1-alpha.1 (1667/3696)...
2025-11-12 09:47:30,120 - UnicodeAnalyzer - INFO - Filtrati 3 file (es. in /dist, /test).
2025-11-12 09:47:30,120 - UnicodeAnalyzer - INFO - -> Analizzando versione 5.49.1-alpha.10 (1668/3696)...
2025-11-12 09:47:30,120 - UnicodeAnalyzer - INFO - Filtrati 3 file (es. in /dist, /test).
2025-11-12 09:47:30,120 - UnicodeAnalyzer - INFO - -> Analizzando versione 5.49.1-alpha.11 (1669/3696)...
2025-11-12 09:47:30,120 - UnicodeAnalyzer - INFO - Filtrati 3 file (es. in /dist, /test).
2025-11-12 09:47:30,120 - UnicodeAnalyzer - INFO - -> Analizzando versione 5.49.1-alpha.12 (1670/3696)...
2025-11-12 09:47:30,121 - UnicodeAnalyzer - INFO - Filtrati 3 file (es. in /dist, /test).
2025-11-12 09:47:30,121 - UnicodeAnalyzer - INFO - -> Analizzando versione 5.49.1-alpha.13 (1671/3696)...
2025-11-12 09:47:30,121 - UnicodeAnalyzer - INFO - Filtrati 3 file (es. in /dist, /test).
2025-11-12 09:47:30,121 - UnicodeAnalyzer - INFO - -> Analizzando versione 5.49.1-alpha.14 (1672/3696)...
2025-11-12 09:47:30,121 - UnicodeAnalyzer - INFO - Filtrati 3 file (es. in /dist, /test).
2025-11-12 09:47:30,121 - UnicodeAnalyzer - INFO - -> Analizzando versione 5.49.1-alpha.15 (1673/3696)...
2025-11-12 09:47:30,122 - UnicodeAnalyzer - INFO - Filtrati 3 file (es. in /dist, /test).
2025-11-12 09:47:30,122 - UnicodeAnalyzer - INFO - -> Analizzando versione 5.49.1-alpha.16 (1674/3696)...
2025-11-12 09:47:30,122 - UnicodeAnalyzer - INFO - Filtrati 3 file (es. in /dist, /test).
2025-11-12 09:47:30,122 - UnicodeAnalyzer - INFO - -> Analizzando versione 5.49.1-alpha.17 (1675/3696)...
2025-11-12 09:47:30,122 - UnicodeAnalyzer - INFO - Filtrati 3 file (es. in /dist, /test).
2025-11-12 09:47:30,122 - UnicodeAnalyzer - INFO - -> Analizzando versione 5.49.1-alpha.2 (1676/3696)...
2025-11-12 09:47:30,123 - UnicodeAnalyzer - INFO - Filtrati 3 file (es. in /dist, /test).
2025-11-12 09:47:30,123 - UnicodeAnalyzer - INFO - -> Analizzando versione 5.49.1-alpha.3 (1677/3696)...
2025-11-12 09:47:30,123 - UnicodeAnalyzer - INFO - Filtrati 3 file (es. in /dist, /test).
2025-11-12 09:47:30,123 - UnicodeAnalyzer - INFO - -> Analizzando versione 5.49.1-alpha.4 (1678/3696)...
2025-11-12 09:47:30,123 - UnicodeAnalyzer - INFO - Filtrati 3 file (es. in /dist, /test).
2025-11-12 09:47:30,123 - UnicodeAnalyzer - INFO - -> Analizzando versione 5.49.1-alpha.5 (1679/3696)...
2025-11-12 09:47:30,124 - UnicodeAnalyzer - INFO - Filtrati 3 file (es. in /dist, /test).
2025-11-12 09:47:30,124 - UnicodeAnalyzer - INFO - -> Analizzando versione 5.49.1-alpha.6 (1680/3696)...
2025-11-12 09:47:30,124 - UnicodeAnalyzer - INFO - Filtrati 3 file (es. in /dist, /test).
2025-11-12 09:47:30,124 - UnicodeAnalyzer - INFO - -> Analizzando versione 5.49.1-alpha.7 (1681/3696)...
2025-11-12 09:47:30,124 - UnicodeAnalyzer - INFO - Filtrati 3 file (es. in /dist, /test).
2025-11-12 09:47:30,124 - UnicodeAnalyzer - INFO - -> Analizzando versione 5.49.1-alpha.8 (1682/3696)...
2025-11-12 09:47:30,125 - UnicodeAnalyzer - INFO - Filtrati 3 file (es. in /dist, /test).
2025-11-12 09:47:30,125 - UnicodeAnalyzer - INFO - -> Analizzando versione 5.49.1-alpha.9 (1683/3696)...
2025-11-12 09:47:30,125 - UnicodeAnalyzer - INFO - Filtrati 3 file (es. in /dist, /test).
2025-11-12 09:47:30,125 - UnicodeAnalyzer - INFO - -> Analizzando versione 5.5.0 (1684/3696)...
2025-11-12 09:47:30,125 - UnicodeAnalyzer - INFO - Filtrati 3 file (es. in /dist, /test).
2025-11-12 09:47:30,125 - UnicodeAnalyzer - INFO - -> Analizzando versione 5.5.1-alpha.0 (1685/3696)...
2025-11-12 09:47:30,126 - UnicodeAnalyzer - INFO - Filtrati 3 file (es. in /dist, /test).
2025-11-12 09:47:30,126 - UnicodeAnalyzer - INFO - -> Analizzando versione 5.5.1-alpha.1 (1686/3696)...
2025-11-12 09:47:30,126 - UnicodeAnalyzer - INFO - Filtrati 3 file (es. in /dist, /test).
2025-11-12 09:47:30,126 - UnicodeAnalyzer - INFO - -> Analizzando versione 5.5.1-alpha.2 (1687/3696)...
2025-11-12 09:47:30,126 - UnicodeAnalyzer - INFO - Filtrati 3 file (es. in /dist, /test).
2025-11-12 09:47:30,126 - UnicodeAnalyzer - INFO - -> Analizzando versione 5.50.0 (1688/3696)...
2025-11-12 09:47:30,127 - UnicodeAnalyzer - INFO - Filtrati 3 file (es. in /dist, /test).
2025-11-12 09:47:30,127 - UnicodeAnalyzer - INFO - -> Analizzando versione 5.50.1-alpha.0 (1689/3696)...
2025-11-12 09:47:30,127 - UnicodeAnalyzer - INFO - Filtrati 3 file (es. in /dist, /test).
2025-11-12 09:47:30,127 - UnicodeAnalyzer - INFO - -> Analizzando versione 5.50.1-alpha.1 (1690/3696)...
2025-11-12 09:47:30,127 - UnicodeAnalyzer - INFO - Filtrati 3 file (es. in /dist, /test).
2025-11-12 09:47:30,127 - UnicodeAnalyzer - INFO - -> Analizzando versione 5.50.1-alpha.10 (1691/3696)...
2025-11-12 09:47:30,128 - UnicodeAnalyzer - INFO - Filtrati 3 file (es. in /dist, /test).
2025-11-12 09:47:30,128 - UnicodeAnalyzer - INFO - -> Analizzando versione 5.50.1-alpha.11 (1692/3696)...
2025-11-12 09:47:30,128 - UnicodeAnalyzer - INFO - Filtrati 3 file (es. in /dist, /test).
2025-11-12 09:47:30,128 - UnicodeAnalyzer - INFO - -> Analizzando versione 5.50.1-alpha.12 (1693/3696)...
2025-11-12 09:47:30,128 - UnicodeAnalyzer - INFO - Filtrati 3 file (es. in /dist, /test).
2025-11-12 09:47:30,128 - UnicodeAnalyzer - INFO - -> Analizzando versione 5.50.1-alpha.13 (1694/3696)...
2025-11-12 09:47:30,128 - UnicodeAnalyzer - INFO - Filtrati 3 file (es. in /dist, /test).
2025-11-12 09:47:30,129 - UnicodeAnalyzer - INFO - -> Analizzando versione 5.50.1-alpha.14 (1695/3696)...
2025-11-12 09:47:30,129 - UnicodeAnalyzer - INFO - Filtrati 3 file (es. in /dist, /test).
2025-11-12 09:47:30,129 - UnicodeAnalyzer - INFO - -> Analizzando versione 5.50.1-alpha.15 (1696/3696)...
2025-11-12 09:47:30,129 - UnicodeAnalyzer - INFO - Filtrati 3 file (es. in /dist, /test).
2025-11-12 09:47:30,129 - UnicodeAnalyzer - INFO - -> Analizzando versione 5.50.1-alpha.2 (1697/3696)...
2025-11-12 09:47:30,129 - UnicodeAnalyzer - INFO - Filtrati 3 file (es. in /dist, /test).
2025-11-12 09:47:30,129 - UnicodeAnalyzer - INFO - -> Analizzando versione 5.50.1-alpha.3 (1698/3696)...
2025-11-12 09:47:30,130 - UnicodeAnalyzer - INFO - Filtrati 3 file (es. in /dist, /test).
2025-11-12 09:47:30,130 - UnicodeAnalyzer - INFO - -> Analizzando versione 5.50.1-alpha.4 (1699/3696)...
2025-11-12 09:47:30,130 - UnicodeAnalyzer - INFO - Filtrati 3 file (es. in /dist, /test).
2025-11-12 09:47:30,130 - UnicodeAnalyzer - INFO - -> Analizzando versione 5.50.1-alpha.5 (1700/3696)...
2025-11-12 09:47:30,130 - UnicodeAnalyzer - INFO - Filtrati 3 file (es. in /dist, /test).
2025-11-12 09:47:30,130 - UnicodeAnalyzer - INFO - -> Analizzando versione 5.50.1-alpha.6 (1701/3696)...
2025-11-12 09:47:30,131 - UnicodeAnalyzer - INFO - Filtrati 3 file (es. in /dist, /test).
2025-11-12 09:47:30,131 - UnicodeAnalyzer - INFO - -> Analizzando versione 5.50.1-alpha.7 (1702/3696)...
2025-11-12 09:47:30,131 - UnicodeAnalyzer - INFO - Filtrati 3 file (es. in /dist, /test).
2025-11-12 09:47:30,131 - UnicodeAnalyzer - INFO - -> Analizzando versione 5.50.1-alpha.8 (1703/3696)...
2025-11-12 09:47:30,131 - UnicodeAnalyzer - INFO - Filtrati 3 file (es. in /dist, /test).
2025-11-12 09:47:30,131 - UnicodeAnalyzer - INFO - -> Analizzando versione 5.50.1-alpha.9 (1704/3696)...
2025-11-12 09:47:30,132 - UnicodeAnalyzer - INFO - Filtrati 3 file (es. in /dist, /test).
2025-11-12 09:47:30,132 - UnicodeAnalyzer - INFO - -> Analizzando versione 5.51.0 (1705/3696)...
2025-11-12 09:47:30,132 - UnicodeAnalyzer - INFO - Filtrati 3 file (es. in /dist, /test).
2025-11-12 09:47:30,132 - UnicodeAnalyzer - INFO - -> Analizzando versione 5.51.1-alpha.0 (1706/3696)...
2025-11-12 09:47:30,132 - UnicodeAnalyzer - INFO - Filtrati 3 file (es. in /dist, /test).
2025-11-12 09:47:30,132 - UnicodeAnalyzer - INFO - -> Analizzando versione 5.51.1-alpha.1 (1707/3696)...
2025-11-12 09:47:30,133 - UnicodeAnalyzer - INFO - Filtrati 3 file (es. in /dist, /test).
2025-11-12 09:47:30,133 - UnicodeAnalyzer - INFO - -> Analizzando versione 5.51.1-alpha.10 (1708/3696)...
2025-11-12 09:47:30,133 - UnicodeAnalyzer - INFO - Filtrati 3 file (es. in /dist, /test).
2025-11-12 09:47:30,133 - UnicodeAnalyzer - INFO - -> Analizzando versione 5.51.1-alpha.12 (1709/3696)...
2025-11-12 09:47:30,133 - UnicodeAnalyzer - INFO - Filtrati 3 file (es. in /dist, /test).
2025-11-12 09:47:30,133 - UnicodeAnalyzer - INFO - -> Analizzando versione 5.51.1-alpha.13 (1710/3696)...
2025-11-12 09:47:30,134 - UnicodeAnalyzer - INFO - Filtrati 3 file (es. in /dist, /test).
2025-11-12 09:47:30,134 - UnicodeAnalyzer - INFO - -> Analizzando versione 5.51.1-alpha.2 (1711/3696)...
2025-11-12 09:47:30,134 - UnicodeAnalyzer - INFO - Filtrati 3 file (es. in /dist, /test).
2025-11-12 09:47:30,134 - UnicodeAnalyzer - INFO - -> Analizzando versione 5.51.1-alpha.3 (1712/3696)...
2025-11-12 09:47:30,134 - UnicodeAnalyzer - INFO - Filtrati 3 file (es. in /dist, /test).
2025-11-12 09:47:30,134 - UnicodeAnalyzer - INFO - -> Analizzando versione 5.51.1-alpha.4 (1713/3696)...
2025-11-12 09:47:30,135 - UnicodeAnalyzer - INFO - Filtrati 3 file (es. in /dist, /test).
2025-11-12 09:47:30,135 - UnicodeAnalyzer - INFO - -> Analizzando versione 5.51.1-alpha.5 (1714/3696)...
2025-11-12 09:47:30,135 - UnicodeAnalyzer - INFO - Filtrati 3 file (es. in /dist, /test).
2025-11-12 09:47:30,135 - UnicodeAnalyzer - INFO - -> Analizzando versione 5.51.1-alpha.6 (1715/3696)...
2025-11-12 09:47:30,135 - UnicodeAnalyzer - INFO - Filtrati 3 file (es. in /dist, /test).
2025-11-12 09:47:30,135 - UnicodeAnalyzer - INFO - -> Analizzando versione 5.51.1-alpha.7 (1716/3696)...
2025-11-12 09:47:30,136 - UnicodeAnalyzer - INFO - Filtrati 3 file (es. in /dist, /test).
2025-11-12 09:47:30,136 - UnicodeAnalyzer - INFO - -> Analizzando versione 5.51.1-alpha.8 (1717/3696)...
2025-11-12 09:47:30,136 - UnicodeAnalyzer - INFO - Filtrati 3 file (es. in /dist, /test).
2025-11-12 09:47:30,136 - UnicodeAnalyzer - INFO - -> Analizzando versione 5.51.1-alpha.9 (1718/3696)...
2025-11-12 09:47:30,136 - UnicodeAnalyzer - INFO - Filtrati 3 file (es. in /dist, /test).
2025-11-12 09:47:30,136 - UnicodeAnalyzer - INFO - -> Analizzando versione 5.52.0 (1719/3696)...
2025-11-12 09:47:30,137 - UnicodeAnalyzer - INFO - Filtrati 3 file (es. in /dist, /test).
2025-11-12 09:47:30,137 - UnicodeAnalyzer - INFO - -> Analizzando versione 5.52.1-alpha.0 (1720/3696)...
2025-11-12 09:47:30,137 - UnicodeAnalyzer - INFO - Filtrati 3 file (es. in /dist, /test).
2025-11-12 09:47:30,137 - UnicodeAnalyzer - INFO - -> Analizzando versione 5.52.1-alpha.1 (1721/3696)...
2025-11-12 09:47:30,137 - UnicodeAnalyzer - INFO - Filtrati 3 file (es. in /dist, /test).
2025-11-12 09:47:30,137 - UnicodeAnalyzer - INFO - -> Analizzando versione 5.52.1-alpha.2 (1722/3696)...
2025-11-12 09:47:30,138 - UnicodeAnalyzer - INFO - Filtrati 3 file (es. in /dist, /test).
2025-11-12 09:47:30,138 - UnicodeAnalyzer - INFO - -> Analizzando versione 5.52.1-alpha.3 (1723/3696)...
2025-11-12 09:47:30,138 - UnicodeAnalyzer - INFO - Filtrati 3 file (es. in /dist, /test).
2025-11-12 09:47:30,138 - UnicodeAnalyzer - INFO - -> Analizzando versione 5.52.1-alpha.4 (1724/3696)...
2025-11-12 09:47:30,138 - UnicodeAnalyzer - INFO - Filtrati 3 file (es. in /dist, /test).
2025-11-12 09:47:30,138 - UnicodeAnalyzer - INFO - -> Analizzando versione 5.52.1-alpha.5 (1725/3696)...
2025-11-12 09:47:30,138 - UnicodeAnalyzer - INFO - Filtrati 3 file (es. in /dist, /test).
2025-11-12 09:47:30,139 - UnicodeAnalyzer - INFO - -> Analizzando versione 5.52.1-alpha.6 (1726/3696)...
2025-11-12 09:47:30,139 - UnicodeAnalyzer - INFO - Filtrati 3 file (es. in /dist, /test).
2025-11-12 09:47:30,139 - UnicodeAnalyzer - INFO - -> Analizzando versione 5.52.1-alpha.7 (1727/3696)...
2025-11-12 09:47:30,139 - UnicodeAnalyzer - INFO - Filtrati 3 file (es. in /dist, /test).
2025-11-12 09:47:30,139 - UnicodeAnalyzer - INFO - -> Analizzando versione 5.52.1-alpha.8 (1728/3696)...
2025-11-12 09:47:30,140 - UnicodeAnalyzer - INFO - Filtrati 3 file (es. in /dist, /test).
2025-11-12 09:47:30,140 - UnicodeAnalyzer - INFO - -> Analizzando versione 5.53.0 (1729/3696)...
2025-11-12 09:47:30,140 - UnicodeAnalyzer - INFO - Filtrati 3 file (es. in /dist, /test).
2025-11-12 09:47:30,140 - UnicodeAnalyzer - INFO - -> Analizzando versione 5.53.1-alpha.0 (1730/3696)...
2025-11-12 09:47:30,140 - UnicodeAnalyzer - INFO - Filtrati 3 file (es. in /dist, /test).
2025-11-12 09:47:30,140 - UnicodeAnalyzer - INFO - -> Analizzando versione 5.53.1-alpha.1 (1731/3696)...
2025-11-12 09:47:30,141 - UnicodeAnalyzer - INFO - Filtrati 3 file (es. in /dist, /test).
2025-11-12 09:47:30,141 - UnicodeAnalyzer - INFO - -> Analizzando versione 5.53.1-alpha.2 (1732/3696)...
2025-11-12 09:47:30,141 - UnicodeAnalyzer - INFO - Filtrati 3 file (es. in /dist, /test).
2025-11-12 09:47:30,141 - UnicodeAnalyzer - INFO - -> Analizzando versione 5.53.1-alpha.3 (1733/3696)...
2025-11-12 09:47:30,141 - UnicodeAnalyzer - INFO - Filtrati 3 file (es. in /dist, /test).
2025-11-12 09:47:30,141 - UnicodeAnalyzer - INFO - -> Analizzando versione 5.53.1-alpha.4 (1734/3696)...
2025-11-12 09:47:30,141 - UnicodeAnalyzer - INFO - Filtrati 3 file (es. in /dist, /test).
2025-11-12 09:47:30,142 - UnicodeAnalyzer - INFO - -> Analizzando versione 5.53.1-alpha.5 (1735/3696)...
2025-11-12 09:47:30,142 - UnicodeAnalyzer - INFO - Filtrati 3 file (es. in /dist, /test).
2025-11-12 09:47:30,142 - UnicodeAnalyzer - INFO - -> Analizzando versione 5.53.1-alpha.6 (1736/3696)...
2025-11-12 09:47:30,142 - UnicodeAnalyzer - INFO - Filtrati 3 file (es. in /dist, /test).
2025-11-12 09:47:30,142 - UnicodeAnalyzer - INFO - -> Analizzando versione 5.53.1-alpha.7 (1737/3696)...
2025-11-12 09:47:30,142 - UnicodeAnalyzer - INFO - Filtrati 3 file (es. in /dist, /test).
2025-11-12 09:47:30,142 - UnicodeAnalyzer - INFO - -> Analizzando versione 5.53.1-alpha.8 (1738/3696)...
2025-11-12 09:47:30,143 - UnicodeAnalyzer - INFO - Filtrati 3 file (es. in /dist, /test).
2025-11-12 09:47:30,143 - UnicodeAnalyzer - INFO - -> Analizzando versione 5.53.1-alpha.9 (1739/3696)...
2025-11-12 09:47:30,143 - UnicodeAnalyzer - INFO - Filtrati 3 file (es. in /dist, /test).
2025-11-12 09:47:30,143 - UnicodeAnalyzer - INFO - -> Analizzando versione 5.54.0 (1740/3696)...
2025-11-12 09:47:30,144 - UnicodeAnalyzer - INFO - Filtrati 3 file (es. in /dist, /test).
2025-11-12 09:47:30,144 - UnicodeAnalyzer - INFO - -> Analizzando versione 5.54.1 (1741/3696)...
2025-11-12 09:47:30,144 - UnicodeAnalyzer - INFO - Filtrati 3 file (es. in /dist, /test).
2025-11-12 09:47:30,144 - UnicodeAnalyzer - INFO - -> Analizzando versione 5.54.1-alpha.0 (1742/3696)...
2025-11-12 09:47:30,144 - UnicodeAnalyzer - INFO - Filtrati 3 file (es. in /dist, /test).
2025-11-12 09:47:30,144 - UnicodeAnalyzer - INFO - -> Analizzando versione 5.54.1-alpha.1 (1743/3696)...
2025-11-12 09:47:30,145 - UnicodeAnalyzer - INFO - Filtrati 3 file (es. in /dist, /test).
2025-11-12 09:47:30,145 - UnicodeAnalyzer - INFO - -> Analizzando versione 5.54.1-alpha.10 (1744/3696)...
2025-11-12 09:47:30,145 - UnicodeAnalyzer - INFO - Filtrati 3 file (es. in /dist, /test).
2025-11-12 09:47:30,145 - UnicodeAnalyzer - INFO - -> Analizzando versione 5.54.1-alpha.11 (1745/3696)...
2025-11-12 09:47:30,145 - UnicodeAnalyzer - INFO - Filtrati 3 file (es. in /dist, /test).
2025-11-12 09:47:30,145 - UnicodeAnalyzer - INFO - -> Analizzando versione 5.54.1-alpha.12 (1746/3696)...
2025-11-12 09:47:30,146 - UnicodeAnalyzer - INFO - Filtrati 3 file (es. in /dist, /test).
2025-11-12 09:47:30,146 - UnicodeAnalyzer - INFO - -> Analizzando versione 5.54.1-alpha.13 (1747/3696)...
2025-11-12 09:47:30,146 - UnicodeAnalyzer - INFO - Filtrati 3 file (es. in /dist, /test).
2025-11-12 09:47:30,146 - UnicodeAnalyzer - INFO - -> Analizzando versione 5.54.1-alpha.14 (1748/3696)...
2025-11-12 09:47:30,146 - UnicodeAnalyzer - INFO - Filtrati 3 file (es. in /dist, /test).
2025-11-12 09:47:30,146 - UnicodeAnalyzer - INFO - -> Analizzando versione 5.54.1-alpha.15 (1749/3696)...
2025-11-12 09:47:30,147 - UnicodeAnalyzer - INFO - Filtrati 3 file (es. in /dist, /test).
2025-11-12 09:47:30,147 - UnicodeAnalyzer - INFO - -> Analizzando versione 5.54.1-alpha.2 (1750/3696)...
2025-11-12 09:47:30,147 - UnicodeAnalyzer - INFO - Filtrati 3 file (es. in /dist, /test).
2025-11-12 09:47:30,147 - UnicodeAnalyzer - INFO - -> Analizzando versione 5.54.1-alpha.3 (1751/3696)...
2025-11-12 09:47:30,147 - UnicodeAnalyzer - INFO - Filtrati 3 file (es. in /dist, /test).
2025-11-12 09:47:30,148 - UnicodeAnalyzer - INFO - -> Analizzando versione 5.54.1-alpha.4 (1752/3696)...
2025-11-12 09:47:30,148 - UnicodeAnalyzer - INFO - Filtrati 3 file (es. in /dist, /test).
2025-11-12 09:47:30,148 - UnicodeAnalyzer - INFO - -> Analizzando versione 5.54.1-alpha.5 (1753/3696)...
2025-11-12 09:47:30,148 - UnicodeAnalyzer - INFO - Filtrati 3 file (es. in /dist, /test).
2025-11-12 09:47:30,148 - UnicodeAnalyzer - INFO - -> Analizzando versione 5.54.1-alpha.6 (1754/3696)...
2025-11-12 09:47:30,149 - UnicodeAnalyzer - INFO - Filtrati 3 file (es. in /dist, /test).
2025-11-12 09:47:30,149 - UnicodeAnalyzer - INFO - -> Analizzando versione 5.54.1-alpha.7 (1755/3696)...
2025-11-12 09:47:30,149 - UnicodeAnalyzer - INFO - Filtrati 3 file (es. in /dist, /test).
2025-11-12 09:47:30,149 - UnicodeAnalyzer - INFO - -> Analizzando versione 5.54.1-alpha.8 (1756/3696)...
2025-11-12 09:47:30,149 - UnicodeAnalyzer - INFO - Filtrati 3 file (es. in /dist, /test).
2025-11-12 09:47:30,149 - UnicodeAnalyzer - INFO - -> Analizzando versione 5.54.1-alpha.9 (1757/3696)...
2025-11-12 09:47:30,150 - UnicodeAnalyzer - INFO - Filtrati 3 file (es. in /dist, /test).
2025-11-12 09:47:30,150 - UnicodeAnalyzer - INFO - -> Analizzando versione 5.54.2-alpha.0 (1758/3696)...
2025-11-12 09:47:30,150 - UnicodeAnalyzer - INFO - Filtrati 3 file (es. in /dist, /test).
2025-11-12 09:47:30,150 - UnicodeAnalyzer - INFO - -> Analizzando versione 5.54.2-alpha.1 (1759/3696)...
2025-11-12 09:47:30,150 - UnicodeAnalyzer - INFO - Filtrati 3 file (es. in /dist, /test).
2025-11-12 09:47:30,150 - UnicodeAnalyzer - INFO - -> Analizzando versione 5.54.2-alpha.10 (1760/3696)...
2025-11-12 09:47:30,151 - UnicodeAnalyzer - INFO - Filtrati 3 file (es. in /dist, /test).
2025-11-12 09:47:30,151 - UnicodeAnalyzer - INFO - -> Analizzando versione 5.54.2-alpha.11 (1761/3696)...
2025-11-12 09:47:30,151 - UnicodeAnalyzer - INFO - Filtrati 3 file (es. in /dist, /test).
2025-11-12 09:47:30,151 - UnicodeAnalyzer - INFO - -> Analizzando versione 5.54.2-alpha.12 (1762/3696)...
2025-11-12 09:47:30,151 - UnicodeAnalyzer - INFO - Filtrati 3 file (es. in /dist, /test).
2025-11-12 09:47:30,151 - UnicodeAnalyzer - INFO - -> Analizzando versione 5.54.2-alpha.13 (1763/3696)...
2025-11-12 09:47:30,152 - UnicodeAnalyzer - INFO - Filtrati 3 file (es. in /dist, /test).
2025-11-12 09:47:30,152 - UnicodeAnalyzer - INFO - -> Analizzando versione 5.54.2-alpha.14 (1764/3696)...
2025-11-12 09:47:30,152 - UnicodeAnalyzer - INFO - Filtrati 3 file (es. in /dist, /test).
2025-11-12 09:47:30,152 - UnicodeAnalyzer - INFO - -> Analizzando versione 5.54.2-alpha.15 (1765/3696)...
2025-11-12 09:47:30,153 - UnicodeAnalyzer - INFO - Filtrati 3 file (es. in /dist, /test).
2025-11-12 09:47:30,153 - UnicodeAnalyzer - INFO - -> Analizzando versione 5.54.2-alpha.16 (1766/3696)...
2025-11-12 09:47:30,153 - UnicodeAnalyzer - INFO - Filtrati 3 file (es. in /dist, /test).
2025-11-12 09:47:30,153 - UnicodeAnalyzer - INFO - -> Analizzando versione 5.54.2-alpha.17 (1767/3696)...
2025-11-12 09:47:30,153 - UnicodeAnalyzer - INFO - Filtrati 3 file (es. in /dist, /test).
2025-11-12 09:47:30,153 - UnicodeAnalyzer - INFO - -> Analizzando versione 5.54.2-alpha.2 (1768/3696)...
2025-11-12 09:47:30,154 - UnicodeAnalyzer - INFO - Filtrati 3 file (es. in /dist, /test).
2025-11-12 09:47:30,154 - UnicodeAnalyzer - INFO - -> Analizzando versione 5.54.2-alpha.22 (1769/3696)...
2025-11-12 09:47:30,154 - UnicodeAnalyzer - INFO - Filtrati 3 file (es. in /dist, /test).
2025-11-12 09:47:30,154 - UnicodeAnalyzer - INFO - -> Analizzando versione 5.54.2-alpha.3 (1770/3696)...
2025-11-12 09:47:30,154 - UnicodeAnalyzer - INFO - Filtrati 3 file (es. in /dist, /test).
2025-11-12 09:47:30,154 - UnicodeAnalyzer - INFO - -> Analizzando versione 5.54.2-alpha.4 (1771/3696)...
2025-11-12 09:47:30,155 - UnicodeAnalyzer - INFO - Filtrati 3 file (es. in /dist, /test).
2025-11-12 09:47:30,155 - UnicodeAnalyzer - INFO - -> Analizzando versione 5.54.2-alpha.5 (1772/3696)...
2025-11-12 09:47:30,155 - UnicodeAnalyzer - INFO - Filtrati 3 file (es. in /dist, /test).
2025-11-12 09:47:30,155 - UnicodeAnalyzer - INFO - -> Analizzando versione 5.54.2-alpha.6 (1773/3696)...
2025-11-12 09:47:30,155 - UnicodeAnalyzer - INFO - Filtrati 3 file (es. in /dist, /test).
2025-11-12 09:47:30,156 - UnicodeAnalyzer - INFO - -> Analizzando versione 5.54.2-alpha.7 (1774/3696)...
2025-11-12 09:47:30,156 - UnicodeAnalyzer - INFO - Filtrati 3 file (es. in /dist, /test).
2025-11-12 09:47:30,156 - UnicodeAnalyzer - INFO - -> Analizzando versione 5.54.2-alpha.8 (1775/3696)...
2025-11-12 09:47:30,156 - UnicodeAnalyzer - INFO - Filtrati 3 file (es. in /dist, /test).
2025-11-12 09:47:30,156 - UnicodeAnalyzer - INFO - -> Analizzando versione 5.54.2-alpha.9 (1776/3696)...
2025-11-12 09:47:30,157 - UnicodeAnalyzer - INFO - Filtrati 3 file (es. in /dist, /test).
2025-11-12 09:47:30,157 - UnicodeAnalyzer - INFO - -> Analizzando versione 5.55.0 (1777/3696)...
2025-11-12 09:47:30,157 - UnicodeAnalyzer - INFO - Filtrati 3 file (es. in /dist, /test).
2025-11-12 09:47:30,157 - UnicodeAnalyzer - INFO - -> Analizzando versione 5.55.1-alpha.0 (1778/3696)...
2025-11-12 09:47:30,157 - UnicodeAnalyzer - INFO - Filtrati 3 file (es. in /dist, /test).
2025-11-12 09:47:30,157 - UnicodeAnalyzer - INFO - -> Analizzando versione 5.55.1-alpha.1 (1779/3696)...
2025-11-12 09:47:30,158 - UnicodeAnalyzer - INFO - Filtrati 3 file (es. in /dist, /test).
2025-11-12 09:47:30,158 - UnicodeAnalyzer - INFO - -> Analizzando versione 5.55.1-alpha.10 (1780/3696)...
2025-11-12 09:47:30,158 - UnicodeAnalyzer - INFO - Filtrati 3 file (es. in /dist, /test).
2025-11-12 09:47:30,158 - UnicodeAnalyzer - INFO - -> Analizzando versione 5.55.1-alpha.11 (1781/3696)...
2025-11-12 09:47:30,158 - UnicodeAnalyzer - INFO - Filtrati 3 file (es. in /dist, /test).
2025-11-12 09:47:30,158 - UnicodeAnalyzer - INFO - -> Analizzando versione 5.55.1-alpha.12 (1782/3696)...
2025-11-12 09:47:30,158 - UnicodeAnalyzer - INFO - Filtrati 3 file (es. in /dist, /test).
2025-11-12 09:47:30,159 - UnicodeAnalyzer - INFO - -> Analizzando versione 5.55.1-alpha.13 (1783/3696)...
2025-11-12 09:47:30,159 - UnicodeAnalyzer - INFO - Filtrati 3 file (es. in /dist, /test).
2025-11-12 09:47:30,159 - UnicodeAnalyzer - INFO - -> Analizzando versione 5.55.1-alpha.14 (1784/3696)...
2025-11-12 09:47:30,159 - UnicodeAnalyzer - INFO - Filtrati 3 file (es. in /dist, /test).
2025-11-12 09:47:30,159 - UnicodeAnalyzer - INFO - -> Analizzando versione 5.55.1-alpha.15 (1785/3696)...
2025-11-12 09:47:30,159 - UnicodeAnalyzer - INFO - Filtrati 3 file (es. in /dist, /test).
2025-11-12 09:47:30,159 - UnicodeAnalyzer - INFO - -> Analizzando versione 5.55.1-alpha.16 (1786/3696)...
2025-11-12 09:47:30,160 - UnicodeAnalyzer - INFO - Filtrati 3 file (es. in /dist, /test).
2025-11-12 09:47:30,160 - UnicodeAnalyzer - INFO - -> Analizzando versione 5.55.1-alpha.17 (1787/3696)...
2025-11-12 09:47:30,160 - UnicodeAnalyzer - INFO - Filtrati 3 file (es. in /dist, /test).
2025-11-12 09:47:30,160 - UnicodeAnalyzer - INFO - -> Analizzando versione 5.55.1-alpha.18 (1788/3696)...
2025-11-12 09:47:30,160 - UnicodeAnalyzer - INFO - Filtrati 3 file (es. in /dist, /test).
2025-11-12 09:47:30,160 - UnicodeAnalyzer - INFO - -> Analizzando versione 5.55.1-alpha.19 (1789/3696)...
2025-11-12 09:47:30,160 - UnicodeAnalyzer - INFO - Filtrati 3 file (es. in /dist, /test).
2025-11-12 09:47:30,161 - UnicodeAnalyzer - INFO - -> Analizzando versione 5.55.1-alpha.2 (1790/3696)...
2025-11-12 09:47:30,161 - UnicodeAnalyzer - INFO - Filtrati 3 file (es. in /dist, /test).
2025-11-12 09:47:30,161 - UnicodeAnalyzer - INFO - -> Analizzando versione 5.55.1-alpha.20 (1791/3696)...
2025-11-12 09:47:30,161 - UnicodeAnalyzer - INFO - Filtrati 3 file (es. in /dist, /test).
2025-11-12 09:47:30,161 - UnicodeAnalyzer - INFO - -> Analizzando versione 5.55.1-alpha.21 (1792/3696)...
2025-11-12 09:47:30,161 - UnicodeAnalyzer - INFO - Filtrati 3 file (es. in /dist, /test).
2025-11-12 09:47:30,161 - UnicodeAnalyzer - INFO - -> Analizzando versione 5.55.1-alpha.22 (1793/3696)...
2025-11-12 09:47:30,162 - UnicodeAnalyzer - INFO - Filtrati 3 file (es. in /dist, /test).
2025-11-12 09:47:30,162 - UnicodeAnalyzer - INFO - -> Analizzando versione 5.55.1-alpha.23 (1794/3696)...
2025-11-12 09:47:30,162 - UnicodeAnalyzer - INFO - Filtrati 3 file (es. in /dist, /test).
2025-11-12 09:47:30,162 - UnicodeAnalyzer - INFO - -> Analizzando versione 5.55.1-alpha.24 (1795/3696)...
2025-11-12 09:47:30,162 - UnicodeAnalyzer - INFO - Filtrati 3 file (es. in /dist, /test).
2025-11-12 09:47:30,162 - UnicodeAnalyzer - INFO - -> Analizzando versione 5.55.1-alpha.25 (1796/3696)...
2025-11-12 09:47:30,163 - UnicodeAnalyzer - INFO - Filtrati 3 file (es. in /dist, /test).
2025-11-12 09:47:30,163 - UnicodeAnalyzer - INFO - -> Analizzando versione 5.55.1-alpha.26 (1797/3696)...
2025-11-12 09:47:30,163 - UnicodeAnalyzer - INFO - Filtrati 3 file (es. in /dist, /test).
2025-11-12 09:47:30,163 - UnicodeAnalyzer - INFO - -> Analizzando versione 5.55.1-alpha.27 (1798/3696)...
2025-11-12 09:47:30,163 - UnicodeAnalyzer - INFO - Filtrati 3 file (es. in /dist, /test).
2025-11-12 09:47:30,163 - UnicodeAnalyzer - INFO - -> Analizzando versione 5.55.1-alpha.28 (1799/3696)...
2025-11-12 09:47:30,163 - UnicodeAnalyzer - INFO - Filtrati 3 file (es. in /dist, /test).
2025-11-12 09:47:30,163 - UnicodeAnalyzer - INFO - -> Analizzando versione 5.55.1-alpha.29 (1800/3696)...
2025-11-12 09:47:30,164 - UnicodeAnalyzer - INFO - Filtrati 3 file (es. in /dist, /test).
2025-11-12 09:47:30,164 - UnicodeAnalyzer - INFO - -> Analizzando versione 5.55.1-alpha.3 (1801/3696)...
2025-11-12 09:47:30,164 - UnicodeAnalyzer - INFO - Filtrati 3 file (es. in /dist, /test).
2025-11-12 09:47:30,164 - UnicodeAnalyzer - INFO - -> Analizzando versione 5.55.1-alpha.30 (1802/3696)...
2025-11-12 09:47:30,164 - UnicodeAnalyzer - INFO - Filtrati 3 file (es. in /dist, /test).
2025-11-12 09:47:30,164 - UnicodeAnalyzer - INFO - -> Analizzando versione 5.55.1-alpha.31 (1803/3696)...
2025-11-12 09:47:30,165 - UnicodeAnalyzer - INFO - Filtrati 3 file (es. in /dist, /test).
2025-11-12 09:47:30,165 - UnicodeAnalyzer - INFO - -> Analizzando versione 5.55.1-alpha.32 (1804/3696)...
2025-11-12 09:47:30,165 - UnicodeAnalyzer - INFO - Filtrati 3 file (es. in /dist, /test).
2025-11-12 09:47:30,165 - UnicodeAnalyzer - INFO - -> Analizzando versione 5.55.1-alpha.33 (1805/3696)...
2025-11-12 09:47:30,165 - UnicodeAnalyzer - INFO - Filtrati 3 file (es. in /dist, /test).
2025-11-12 09:47:30,165 - UnicodeAnalyzer - INFO - -> Analizzando versione 5.55.1-alpha.34 (1806/3696)...
2025-11-12 09:47:30,165 - UnicodeAnalyzer - INFO - Filtrati 3 file (es. in /dist, /test).
2025-11-12 09:47:30,165 - UnicodeAnalyzer - INFO - -> Analizzando versione 5.55.1-alpha.35 (1807/3696)...
2025-11-12 09:47:30,166 - UnicodeAnalyzer - INFO - Filtrati 3 file (es. in /dist, /test).
2025-11-12 09:47:30,166 - UnicodeAnalyzer - INFO - -> Analizzando versione 5.55.1-alpha.36 (1808/3696)...
2025-11-12 09:47:30,166 - UnicodeAnalyzer - INFO - Filtrati 3 file (es. in /dist, /test).
2025-11-12 09:47:30,166 - UnicodeAnalyzer - INFO - -> Analizzando versione 5.55.1-alpha.37 (1809/3696)...
2025-11-12 09:47:30,166 - UnicodeAnalyzer - INFO - Filtrati 3 file (es. in /dist, /test).
2025-11-12 09:47:30,166 - UnicodeAnalyzer - INFO - -> Analizzando versione 5.55.1-alpha.38 (1810/3696)...
2025-11-12 09:47:30,167 - UnicodeAnalyzer - INFO - Filtrati 3 file (es. in /dist, /test).
2025-11-12 09:47:30,167 - UnicodeAnalyzer - INFO - -> Analizzando versione 5.55.1-alpha.4 (1811/3696)...
2025-11-12 09:47:30,167 - UnicodeAnalyzer - INFO - Filtrati 3 file (es. in /dist, /test).
2025-11-12 09:47:30,167 - UnicodeAnalyzer - INFO - -> Analizzando versione 5.55.1-alpha.41 (1812/3696)...
2025-11-12 09:47:30,167 - UnicodeAnalyzer - INFO - Filtrati 3 file (es. in /dist, /test).
2025-11-12 09:47:30,167 - UnicodeAnalyzer - INFO - -> Analizzando versione 5.55.1-alpha.42 (1813/3696)...
2025-11-12 09:47:30,167 - UnicodeAnalyzer - INFO - Filtrati 3 file (es. in /dist, /test).
2025-11-12 09:47:30,168 - UnicodeAnalyzer - INFO - -> Analizzando versione 5.55.1-alpha.5 (1814/3696)...
2025-11-12 09:47:30,168 - UnicodeAnalyzer - INFO - Filtrati 3 file (es. in /dist, /test).
2025-11-12 09:47:30,168 - UnicodeAnalyzer - INFO - -> Analizzando versione 5.55.1-alpha.6 (1815/3696)...
2025-11-12 09:47:30,168 - UnicodeAnalyzer - INFO - Filtrati 3 file (es. in /dist, /test).
2025-11-12 09:47:30,168 - UnicodeAnalyzer - INFO - -> Analizzando versione 5.55.1-alpha.7 (1816/3696)...
2025-11-12 09:47:30,168 - UnicodeAnalyzer - INFO - Filtrati 3 file (es. in /dist, /test).
2025-11-12 09:47:30,168 - UnicodeAnalyzer - INFO - -> Analizzando versione 5.55.1-alpha.8 (1817/3696)...
2025-11-12 09:47:30,169 - UnicodeAnalyzer - INFO - Filtrati 3 file (es. in /dist, /test).
2025-11-12 09:47:30,169 - UnicodeAnalyzer - INFO - -> Analizzando versione 5.55.1-alpha.9 (1818/3696)...
2025-11-12 09:47:30,169 - UnicodeAnalyzer - INFO - Filtrati 3 file (es. in /dist, /test).
2025-11-12 09:47:30,169 - UnicodeAnalyzer - INFO - -> Analizzando versione 5.56.0 (1819/3696)...
2025-11-12 09:47:30,169 - UnicodeAnalyzer - INFO - Filtrati 3 file (es. in /dist, /test).
2025-11-12 09:47:30,169 - UnicodeAnalyzer - INFO - -> Analizzando versione 5.56.1-alpha.0 (1820/3696)...
2025-11-12 09:47:30,170 - UnicodeAnalyzer - INFO - Filtrati 3 file (es. in /dist, /test).
2025-11-12 09:47:30,170 - UnicodeAnalyzer - INFO - -> Analizzando versione 5.56.1-alpha.1 (1821/3696)...
2025-11-12 09:47:30,170 - UnicodeAnalyzer - INFO - Filtrati 3 file (es. in /dist, /test).
2025-11-12 09:47:30,170 - UnicodeAnalyzer - INFO - -> Analizzando versione 5.56.1-alpha.10 (1822/3696)...
2025-11-12 09:47:30,170 - UnicodeAnalyzer - INFO - Filtrati 3 file (es. in /dist, /test).
2025-11-12 09:47:30,170 - UnicodeAnalyzer - INFO - -> Analizzando versione 5.56.1-alpha.11 (1823/3696)...
2025-11-12 09:47:30,170 - UnicodeAnalyzer - INFO - Filtrati 3 file (es. in /dist, /test).
2025-11-12 09:47:30,170 - UnicodeAnalyzer - INFO - -> Analizzando versione 5.56.1-alpha.12 (1824/3696)...
2025-11-12 09:47:30,171 - UnicodeAnalyzer - INFO - Filtrati 3 file (es. in /dist, /test).
2025-11-12 09:47:30,171 - UnicodeAnalyzer - INFO - -> Analizzando versione 5.56.1-alpha.13 (1825/3696)...
2025-11-12 09:47:30,171 - UnicodeAnalyzer - INFO - Filtrati 3 file (es. in /dist, /test).
2025-11-12 09:47:30,171 - UnicodeAnalyzer - INFO - -> Analizzando versione 5.56.1-alpha.14 (1826/3696)...
2025-11-12 09:47:30,171 - UnicodeAnalyzer - INFO - Filtrati 3 file (es. in /dist, /test).
2025-11-12 09:47:30,171 - UnicodeAnalyzer - INFO - -> Analizzando versione 5.56.1-alpha.15 (1827/3696)...
2025-11-12 09:47:30,172 - UnicodeAnalyzer - INFO - Filtrati 3 file (es. in /dist, /test).
2025-11-12 09:47:30,172 - UnicodeAnalyzer - INFO - -> Analizzando versione 5.56.1-alpha.16 (1828/3696)...
2025-11-12 09:47:30,172 - UnicodeAnalyzer - INFO - Filtrati 3 file (es. in /dist, /test).
2025-11-12 09:47:30,172 - UnicodeAnalyzer - INFO - -> Analizzando versione 5.56.1-alpha.17 (1829/3696)...
2025-11-12 09:47:30,172 - UnicodeAnalyzer - INFO - Filtrati 3 file (es. in /dist, /test).
2025-11-12 09:47:30,172 - UnicodeAnalyzer - INFO - -> Analizzando versione 5.56.1-alpha.18 (1830/3696)...
2025-11-12 09:47:30,172 - UnicodeAnalyzer - INFO - Filtrati 3 file (es. in /dist, /test).
2025-11-12 09:47:30,172 - UnicodeAnalyzer - INFO - -> Analizzando versione 5.56.1-alpha.19 (1831/3696)...
2025-11-12 09:47:30,173 - UnicodeAnalyzer - INFO - Filtrati 3 file (es. in /dist, /test).
2025-11-12 09:47:30,173 - UnicodeAnalyzer - INFO - -> Analizzando versione 5.56.1-alpha.2 (1832/3696)...
2025-11-12 09:47:30,173 - UnicodeAnalyzer - INFO - Filtrati 3 file (es. in /dist, /test).
2025-11-12 09:47:30,173 - UnicodeAnalyzer - INFO - -> Analizzando versione 5.56.1-alpha.20 (1833/3696)...
2025-11-12 09:47:30,173 - UnicodeAnalyzer - INFO - Filtrati 3 file (es. in /dist, /test).
2025-11-12 09:47:30,173 - UnicodeAnalyzer - INFO - -> Analizzando versione 5.56.1-alpha.22 (1834/3696)...
2025-11-12 09:47:30,173 - UnicodeAnalyzer - INFO - Filtrati 3 file (es. in /dist, /test).
2025-11-12 09:47:30,174 - UnicodeAnalyzer - INFO - -> Analizzando versione 5.56.1-alpha.23 (1835/3696)...
2025-11-12 09:47:30,174 - UnicodeAnalyzer - INFO - Filtrati 3 file (es. in /dist, /test).
2025-11-12 09:47:30,174 - UnicodeAnalyzer - INFO - -> Analizzando versione 5.56.1-alpha.24 (1836/3696)...
2025-11-12 09:47:30,174 - UnicodeAnalyzer - INFO - Filtrati 3 file (es. in /dist, /test).
2025-11-12 09:47:30,174 - UnicodeAnalyzer - INFO - -> Analizzando versione 5.56.1-alpha.25 (1837/3696)...
2025-11-12 09:47:30,174 - UnicodeAnalyzer - INFO - Filtrati 3 file (es. in /dist, /test).
2025-11-12 09:47:30,174 - UnicodeAnalyzer - INFO - -> Analizzando versione 5.56.1-alpha.26 (1838/3696)...
2025-11-12 09:47:30,175 - UnicodeAnalyzer - INFO - Filtrati 3 file (es. in /dist, /test).
2025-11-12 09:47:30,175 - UnicodeAnalyzer - INFO - -> Analizzando versione 5.56.1-alpha.27 (1839/3696)...
2025-11-12 09:47:30,175 - UnicodeAnalyzer - INFO - Filtrati 3 file (es. in /dist, /test).
2025-11-12 09:47:30,175 - UnicodeAnalyzer - INFO - -> Analizzando versione 5.56.1-alpha.28 (1840/3696)...
2025-11-12 09:47:30,175 - UnicodeAnalyzer - INFO - Filtrati 3 file (es. in /dist, /test).
2025-11-12 09:47:30,175 - UnicodeAnalyzer - INFO - -> Analizzando versione 5.56.1-alpha.29 (1841/3696)...
2025-11-12 09:47:30,175 - UnicodeAnalyzer - INFO - Filtrati 3 file (es. in /dist, /test).
2025-11-12 09:47:30,175 - UnicodeAnalyzer - INFO - -> Analizzando versione 5.56.1-alpha.30 (1842/3696)...
2025-11-12 09:47:30,176 - UnicodeAnalyzer - INFO - Filtrati 3 file (es. in /dist, /test).
2025-11-12 09:47:30,176 - UnicodeAnalyzer - INFO - -> Analizzando versione 5.56.1-alpha.4 (1843/3696)...
2025-11-12 09:47:30,176 - UnicodeAnalyzer - INFO - Filtrati 3 file (es. in /dist, /test).
2025-11-12 09:47:30,176 - UnicodeAnalyzer - INFO - -> Analizzando versione 5.56.1-alpha.5 (1844/3696)...
2025-11-12 09:47:30,176 - UnicodeAnalyzer - INFO - Filtrati 3 file (es. in /dist, /test).
2025-11-12 09:47:30,176 - UnicodeAnalyzer - INFO - -> Analizzando versione 5.56.1-alpha.6 (1845/3696)...
2025-11-12 09:47:30,177 - UnicodeAnalyzer - INFO - Filtrati 3 file (es. in /dist, /test).
2025-11-12 09:47:30,177 - UnicodeAnalyzer - INFO - -> Analizzando versione 5.56.1-alpha.7 (1846/3696)...
2025-11-12 09:47:30,177 - UnicodeAnalyzer - INFO - Filtrati 3 file (es. in /dist, /test).
2025-11-12 09:47:30,177 - UnicodeAnalyzer - INFO - -> Analizzando versione 5.56.1-alpha.8 (1847/3696)...
2025-11-12 09:47:30,177 - UnicodeAnalyzer - INFO - Filtrati 3 file (es. in /dist, /test).
2025-11-12 09:47:30,177 - UnicodeAnalyzer - INFO - -> Analizzando versione 5.56.1-alpha.9 (1848/3696)...
2025-11-12 09:47:30,177 - UnicodeAnalyzer - INFO - Filtrati 3 file (es. in /dist, /test).
2025-11-12 09:47:30,177 - UnicodeAnalyzer - INFO - -> Analizzando versione 5.57.0 (1849/3696)...
2025-11-12 09:47:30,178 - UnicodeAnalyzer - INFO - Filtrati 3 file (es. in /dist, /test).
2025-11-12 09:47:30,178 - UnicodeAnalyzer - INFO - -> Analizzando versione 5.57.1 (1850/3696)...
2025-11-12 09:47:30,178 - UnicodeAnalyzer - INFO - Filtrati 3 file (es. in /dist, /test).
2025-11-12 09:47:30,178 - UnicodeAnalyzer - INFO - -> Analizzando versione 5.57.1-alpha.0 (1851/3696)...
2025-11-12 09:47:30,178 - UnicodeAnalyzer - INFO - Filtrati 3 file (es. in /dist, /test).
2025-11-12 09:47:30,178 - UnicodeAnalyzer - INFO - -> Analizzando versione 5.57.1-alpha.1 (1852/3696)...
2025-11-12 09:47:30,179 - UnicodeAnalyzer - INFO - Filtrati 3 file (es. in /dist, /test).
2025-11-12 09:47:30,179 - UnicodeAnalyzer - INFO - -> Analizzando versione 5.57.1-alpha.10 (1853/3696)...
2025-11-12 09:47:30,179 - UnicodeAnalyzer - INFO - Filtrati 3 file (es. in /dist, /test).
2025-11-12 09:47:30,179 - UnicodeAnalyzer - INFO - -> Analizzando versione 5.57.1-alpha.2 (1854/3696)...
2025-11-12 09:47:30,179 - UnicodeAnalyzer - INFO - Filtrati 3 file (es. in /dist, /test).
2025-11-12 09:47:30,179 - UnicodeAnalyzer - INFO - -> Analizzando versione 5.57.1-alpha.3 (1855/3696)...
2025-11-12 09:47:30,180 - UnicodeAnalyzer - INFO - Filtrati 3 file (es. in /dist, /test).
2025-11-12 09:47:30,180 - UnicodeAnalyzer - INFO - -> Analizzando versione 5.57.1-alpha.4 (1856/3696)...
2025-11-12 09:47:30,180 - UnicodeAnalyzer - INFO - Filtrati 3 file (es. in /dist, /test).
2025-11-12 09:47:30,180 - UnicodeAnalyzer - INFO - -> Analizzando versione 5.57.1-alpha.5 (1857/3696)...
2025-11-12 09:47:30,180 - UnicodeAnalyzer - INFO - Filtrati 3 file (es. in /dist, /test).
2025-11-12 09:47:30,180 - UnicodeAnalyzer - INFO - -> Analizzando versione 5.57.1-alpha.6 (1858/3696)...
2025-11-12 09:47:30,180 - UnicodeAnalyzer - INFO - Filtrati 3 file (es. in /dist, /test).
2025-11-12 09:47:30,180 - UnicodeAnalyzer - INFO - -> Analizzando versione 5.57.1-alpha.7 (1859/3696)...
2025-11-12 09:47:30,181 - UnicodeAnalyzer - INFO - Filtrati 3 file (es. in /dist, /test).
2025-11-12 09:47:30,181 - UnicodeAnalyzer - INFO - -> Analizzando versione 5.57.1-alpha.8 (1860/3696)...
2025-11-12 09:47:30,181 - UnicodeAnalyzer - INFO - Filtrati 3 file (es. in /dist, /test).
2025-11-12 09:47:30,181 - UnicodeAnalyzer - INFO - -> Analizzando versione 5.57.1-alpha.9 (1861/3696)...
2025-11-12 09:47:30,181 - UnicodeAnalyzer - INFO - Filtrati 3 file (es. in /dist, /test).
2025-11-12 09:47:30,181 - UnicodeAnalyzer - INFO - -> Analizzando versione 5.58.0 (1862/3696)...
2025-11-12 09:47:30,182 - UnicodeAnalyzer - INFO - Filtrati 3 file (es. in /dist, /test).
2025-11-12 09:47:30,182 - UnicodeAnalyzer - INFO - -> Analizzando versione 5.59.0 (1863/3696)...
2025-11-12 09:47:30,182 - UnicodeAnalyzer - INFO - Filtrati 3 file (es. in /dist, /test).
2025-11-12 09:47:30,182 - UnicodeAnalyzer - INFO - -> Analizzando versione 5.59.1 (1864/3696)...
2025-11-12 09:47:30,182 - UnicodeAnalyzer - INFO - Filtrati 3 file (es. in /dist, /test).
2025-11-12 09:47:30,182 - UnicodeAnalyzer - INFO - -> Analizzando versione 5.59.10 (1865/3696)...
2025-11-12 09:47:30,183 - UnicodeAnalyzer - INFO - Filtrati 3 file (es. in /dist, /test).
2025-11-12 09:47:30,183 - UnicodeAnalyzer - INFO - -> Analizzando versione 5.59.10-alpha.0 (1866/3696)...
2025-11-12 09:47:30,183 - UnicodeAnalyzer - INFO - Filtrati 3 file (es. in /dist, /test).
2025-11-12 09:47:30,183 - UnicodeAnalyzer - INFO - -> Analizzando versione 5.59.11 (1867/3696)...
2025-11-12 09:47:30,183 - UnicodeAnalyzer - INFO - Filtrati 3 file (es. in /dist, /test).
2025-11-12 09:47:30,183 - UnicodeAnalyzer - INFO - -> Analizzando versione 5.59.11-alpha.0 (1868/3696)...
2025-11-12 09:47:30,184 - UnicodeAnalyzer - INFO - Filtrati 3 file (es. in /dist, /test).
2025-11-12 09:47:30,184 - UnicodeAnalyzer - INFO - -> Analizzando versione 5.59.12-alpha.0 (1869/3696)...
2025-11-12 09:47:30,184 - UnicodeAnalyzer - INFO - Filtrati 3 file (es. in /dist, /test).
2025-11-12 09:47:30,184 - UnicodeAnalyzer - INFO - -> Analizzando versione 5.59.2 (1870/3696)...
2025-11-12 09:47:30,184 - UnicodeAnalyzer - INFO - Filtrati 3 file (es. in /dist, /test).
2025-11-12 09:47:30,184 - UnicodeAnalyzer - INFO - -> Analizzando versione 5.59.2-alpha.3 (1871/3696)...
2025-11-12 09:47:30,185 - UnicodeAnalyzer - INFO - Filtrati 3 file (es. in /dist, /test).
2025-11-12 09:47:30,185 - UnicodeAnalyzer - INFO - -> Analizzando versione 5.59.2-alpha.4 (1872/3696)...
2025-11-12 09:47:30,185 - UnicodeAnalyzer - INFO - Filtrati 3 file (es. in /dist, /test).
2025-11-12 09:47:30,185 - UnicodeAnalyzer - INFO - -> Analizzando versione 5.59.3-alpha.0 (1873/3696)...
2025-11-12 09:47:30,185 - UnicodeAnalyzer - INFO - Filtrati 3 file (es. in /dist, /test).
2025-11-12 09:47:30,185 - UnicodeAnalyzer - INFO - -> Analizzando versione 5.59.3-alpha.10 (1874/3696)...
2025-11-12 09:47:30,185 - UnicodeAnalyzer - INFO - Filtrati 3 file (es. in /dist, /test).
2025-11-12 09:47:30,185 - UnicodeAnalyzer - INFO - -> Analizzando versione 5.59.3-alpha.11 (1875/3696)...
2025-11-12 09:47:30,186 - UnicodeAnalyzer - INFO - Filtrati 3 file (es. in /dist, /test).
2025-11-12 09:47:30,186 - UnicodeAnalyzer - INFO - -> Analizzando versione 5.59.3-alpha.12 (1876/3696)...
2025-11-12 09:47:30,186 - UnicodeAnalyzer - INFO - Filtrati 3 file (es. in /dist, /test).
2025-11-12 09:47:30,186 - UnicodeAnalyzer - INFO - -> Analizzando versione 5.59.3-alpha.13 (1877/3696)...
2025-11-12 09:47:30,186 - UnicodeAnalyzer - INFO - Filtrati 3 file (es. in /dist, /test).
2025-11-12 09:47:30,186 - UnicodeAnalyzer - INFO - -> Analizzando versione 5.59.3-alpha.14 (1878/3696)...
2025-11-12 09:47:30,187 - UnicodeAnalyzer - INFO - Filtrati 3 file (es. in /dist, /test).
2025-11-12 09:47:30,187 - UnicodeAnalyzer - INFO - -> Analizzando versione 5.59.3-alpha.15 (1879/3696)...
2025-11-12 09:47:30,187 - UnicodeAnalyzer - INFO - Filtrati 3 file (es. in /dist, /test).
2025-11-12 09:47:30,187 - UnicodeAnalyzer - INFO - -> Analizzando versione 5.59.3-alpha.16 (1880/3696)...
2025-11-12 09:47:30,187 - UnicodeAnalyzer - INFO - Filtrati 3 file (es. in /dist, /test).
2025-11-12 09:47:30,187 - UnicodeAnalyzer - INFO - -> Analizzando versione 5.59.3-alpha.18 (1881/3696)...
2025-11-12 09:47:30,187 - UnicodeAnalyzer - INFO - Filtrati 3 file (es. in /dist, /test).
2025-11-12 09:47:30,187 - UnicodeAnalyzer - INFO - -> Analizzando versione 5.59.3-alpha.19 (1882/3696)...
2025-11-12 09:47:30,188 - UnicodeAnalyzer - INFO - Filtrati 3 file (es. in /dist, /test).
2025-11-12 09:47:30,188 - UnicodeAnalyzer - INFO - -> Analizzando versione 5.59.3-alpha.2 (1883/3696)...
2025-11-12 09:47:30,188 - UnicodeAnalyzer - INFO - Filtrati 3 file (es. in /dist, /test).
2025-11-12 09:47:30,188 - UnicodeAnalyzer - INFO - -> Analizzando versione 5.59.3-alpha.20 (1884/3696)...
2025-11-12 09:47:30,188 - UnicodeAnalyzer - INFO - Filtrati 3 file (es. in /dist, /test).
2025-11-12 09:47:30,188 - UnicodeAnalyzer - INFO - -> Analizzando versione 5.59.3-alpha.3 (1885/3696)...
2025-11-12 09:47:30,189 - UnicodeAnalyzer - INFO - Filtrati 3 file (es. in /dist, /test).
2025-11-12 09:47:30,189 - UnicodeAnalyzer - INFO - -> Analizzando versione 5.59.3-alpha.4 (1886/3696)...
2025-11-12 09:47:30,189 - UnicodeAnalyzer - INFO - Filtrati 3 file (es. in /dist, /test).
2025-11-12 09:47:30,189 - UnicodeAnalyzer - INFO - -> Analizzando versione 5.59.3-alpha.5 (1887/3696)...
2025-11-12 09:47:30,189 - UnicodeAnalyzer - INFO - Filtrati 3 file (es. in /dist, /test).
2025-11-12 09:47:30,189 - UnicodeAnalyzer - INFO - -> Analizzando versione 5.59.3-alpha.6 (1888/3696)...
2025-11-12 09:47:30,189 - UnicodeAnalyzer - INFO - Filtrati 3 file (es. in /dist, /test).
2025-11-12 09:47:30,189 - UnicodeAnalyzer - INFO - -> Analizzando versione 5.59.3-alpha.7 (1889/3696)...
2025-11-12 09:47:30,190 - UnicodeAnalyzer - INFO - Filtrati 3 file (es. in /dist, /test).
2025-11-12 09:47:30,190 - UnicodeAnalyzer - INFO - -> Analizzando versione 5.59.3-alpha.8 (1890/3696)...
2025-11-12 09:47:30,190 - UnicodeAnalyzer - INFO - Filtrati 3 file (es. in /dist, /test).
2025-11-12 09:47:30,190 - UnicodeAnalyzer - INFO - -> Analizzando versione 5.59.3-alpha.9 (1891/3696)...
2025-11-12 09:47:30,190 - UnicodeAnalyzer - INFO - Filtrati 3 file (es. in /dist, /test).
2025-11-12 09:47:30,190 - UnicodeAnalyzer - INFO - -> Analizzando versione 5.59.4-alpha.0 (1892/3696)...
2025-11-12 09:47:30,190 - UnicodeAnalyzer - INFO - Filtrati 3 file (es. in /dist, /test).
2025-11-12 09:47:30,191 - UnicodeAnalyzer - INFO - -> Analizzando versione 5.59.5 (1893/3696)...
2025-11-12 09:47:30,191 - UnicodeAnalyzer - INFO - Filtrati 3 file (es. in /dist, /test).
2025-11-12 09:47:30,191 - UnicodeAnalyzer - INFO - -> Analizzando versione 5.59.5-alpha.0 (1894/3696)...
2025-11-12 09:47:30,191 - UnicodeAnalyzer - INFO - Filtrati 3 file (es. in /dist, /test).
2025-11-12 09:47:30,191 - UnicodeAnalyzer - INFO - -> Analizzando versione 5.59.6 (1895/3696)...
2025-11-12 09:47:30,191 - UnicodeAnalyzer - INFO - Filtrati 3 file (es. in /dist, /test).
2025-11-12 09:47:30,192 - UnicodeAnalyzer - INFO - -> Analizzando versione 5.59.6-alpha.0 (1896/3696)...
2025-11-12 09:47:30,192 - UnicodeAnalyzer - INFO - Filtrati 3 file (es. in /dist, /test).
2025-11-12 09:47:30,192 - UnicodeAnalyzer - INFO - -> Analizzando versione 5.59.7 (1897/3696)...
2025-11-12 09:47:30,192 - UnicodeAnalyzer - INFO - Filtrati 3 file (es. in /dist, /test).
2025-11-12 09:47:30,192 - UnicodeAnalyzer - INFO - -> Analizzando versione 5.59.7-alpha.0 (1898/3696)...
2025-11-12 09:47:30,192 - UnicodeAnalyzer - INFO - Filtrati 3 file (es. in /dist, /test).
2025-11-12 09:47:30,192 - UnicodeAnalyzer - INFO - -> Analizzando versione 5.59.8 (1899/3696)...
2025-11-12 09:47:30,193 - UnicodeAnalyzer - INFO - Filtrati 3 file (es. in /dist, /test).
2025-11-12 09:47:30,193 - UnicodeAnalyzer - INFO - -> Analizzando versione 5.59.8-alpha.0 (1900/3696)...
2025-11-12 09:47:30,193 - UnicodeAnalyzer - INFO - Filtrati 3 file (es. in /dist, /test).
2025-11-12 09:47:30,193 - UnicodeAnalyzer - INFO - -> Analizzando versione 5.59.8-alpha.1 (1901/3696)...
2025-11-12 09:47:30,193 - UnicodeAnalyzer - INFO - Filtrati 3 file (es. in /dist, /test).
2025-11-12 09:47:30,193 - UnicodeAnalyzer - INFO - -> Analizzando versione 5.59.8-alpha.2 (1902/3696)...
2025-11-12 09:47:30,194 - UnicodeAnalyzer - INFO - Filtrati 3 file (es. in /dist, /test).
2025-11-12 09:47:30,194 - UnicodeAnalyzer - INFO - -> Analizzando versione 5.59.8-alpha.3 (1903/3696)...
2025-11-12 09:47:30,194 - UnicodeAnalyzer - INFO - Filtrati 3 file (es. in /dist, /test).
2025-11-12 09:47:30,194 - UnicodeAnalyzer - INFO - -> Analizzando versione 5.59.8-alpha.4 (1904/3696)...
2025-11-12 09:47:30,194 - UnicodeAnalyzer - INFO - Filtrati 3 file (es. in /dist, /test).
2025-11-12 09:47:30,194 - UnicodeAnalyzer - INFO - -> Analizzando versione 5.59.8-alpha.5 (1905/3696)...
2025-11-12 09:47:30,194 - UnicodeAnalyzer - INFO - Filtrati 3 file (es. in /dist, /test).
2025-11-12 09:47:30,194 - UnicodeAnalyzer - INFO - -> Analizzando versione 5.59.8-alpha.6 (1906/3696)...
2025-11-12 09:47:30,195 - UnicodeAnalyzer - INFO - Filtrati 3 file (es. in /dist, /test).
2025-11-12 09:47:30,195 - UnicodeAnalyzer - INFO - -> Analizzando versione 5.59.9 (1907/3696)...
2025-11-12 09:47:30,195 - UnicodeAnalyzer - INFO - Filtrati 3 file (es. in /dist, /test).
2025-11-12 09:47:30,195 - UnicodeAnalyzer - INFO - -> Analizzando versione 5.59.9-alpha.0 (1908/3696)...
2025-11-12 09:47:30,195 - UnicodeAnalyzer - INFO - Filtrati 3 file (es. in /dist, /test).
2025-11-12 09:47:30,195 - UnicodeAnalyzer - INFO - -> Analizzando versione 5.59.9-alpha.1 (1909/3696)...
2025-11-12 09:47:30,196 - UnicodeAnalyzer - INFO - Filtrati 3 file (es. in /dist, /test).
2025-11-12 09:47:30,196 - UnicodeAnalyzer - INFO - -> Analizzando versione 5.59.9-alpha.10 (1910/3696)...
2025-11-12 09:47:30,196 - UnicodeAnalyzer - INFO - Filtrati 3 file (es. in /dist, /test).
2025-11-12 09:47:30,196 - UnicodeAnalyzer - INFO - -> Analizzando versione 5.59.9-alpha.2 (1911/3696)...
2025-11-12 09:47:30,196 - UnicodeAnalyzer - INFO - Filtrati 3 file (es. in /dist, /test).
2025-11-12 09:47:30,196 - UnicodeAnalyzer - INFO - -> Analizzando versione 5.59.9-alpha.3 (1912/3696)...
2025-11-12 09:47:30,196 - UnicodeAnalyzer - INFO - Filtrati 3 file (es. in /dist, /test).
2025-11-12 09:47:30,197 - UnicodeAnalyzer - INFO - -> Analizzando versione 5.59.9-alpha.4 (1913/3696)...
2025-11-12 09:47:30,197 - UnicodeAnalyzer - INFO - Filtrati 3 file (es. in /dist, /test).
2025-11-12 09:47:30,197 - UnicodeAnalyzer - INFO - -> Analizzando versione 5.59.9-alpha.5 (1914/3696)...
2025-11-12 09:47:30,197 - UnicodeAnalyzer - INFO - Filtrati 3 file (es. in /dist, /test).
2025-11-12 09:47:30,197 - UnicodeAnalyzer - INFO - -> Analizzando versione 5.59.9-alpha.6 (1915/3696)...
2025-11-12 09:47:30,197 - UnicodeAnalyzer - INFO - Filtrati 3 file (es. in /dist, /test).
2025-11-12 09:47:30,197 - UnicodeAnalyzer - INFO - -> Analizzando versione 5.59.9-alpha.8 (1916/3696)...
2025-11-12 09:47:30,198 - UnicodeAnalyzer - INFO - Filtrati 3 file (es. in /dist, /test).
2025-11-12 09:47:30,198 - UnicodeAnalyzer - INFO - -> Analizzando versione 5.6.0 (1917/3696)...
2025-11-12 09:47:30,198 - UnicodeAnalyzer - INFO - Filtrati 3 file (es. in /dist, /test).
2025-11-12 09:47:30,198 - UnicodeAnalyzer - INFO - -> Analizzando versione 5.6.1-alpha.0 (1918/3696)...
2025-11-12 09:47:30,198 - UnicodeAnalyzer - INFO - Filtrati 3 file (es. in /dist, /test).
2025-11-12 09:47:30,198 - UnicodeAnalyzer - INFO - -> Analizzando versione 5.6.1-alpha.1 (1919/3696)...
2025-11-12 09:47:30,198 - UnicodeAnalyzer - INFO - Filtrati 3 file (es. in /dist, /test).
2025-11-12 09:47:30,198 - UnicodeAnalyzer - INFO - -> Analizzando versione 5.6.1-alpha.10 (1920/3696)...
2025-11-12 09:47:30,199 - UnicodeAnalyzer - INFO - Filtrati 3 file (es. in /dist, /test).
2025-11-12 09:47:30,199 - UnicodeAnalyzer - INFO - -> Analizzando versione 5.6.1-alpha.11 (1921/3696)...
2025-11-12 09:47:30,199 - UnicodeAnalyzer - INFO - Filtrati 3 file (es. in /dist, /test).
2025-11-12 09:47:30,199 - UnicodeAnalyzer - INFO - -> Analizzando versione 5.6.1-alpha.12 (1922/3696)...
2025-11-12 09:47:30,199 - UnicodeAnalyzer - INFO - Filtrati 3 file (es. in /dist, /test).
2025-11-12 09:47:30,199 - UnicodeAnalyzer - INFO - -> Analizzando versione 5.6.1-alpha.13 (1923/3696)...
2025-11-12 09:47:30,200 - UnicodeAnalyzer - INFO - Filtrati 3 file (es. in /dist, /test).
2025-11-12 09:47:30,200 - UnicodeAnalyzer - INFO - -> Analizzando versione 5.6.1-alpha.14 (1924/3696)...
2025-11-12 09:47:30,200 - UnicodeAnalyzer - INFO - Filtrati 3 file (es. in /dist, /test).
2025-11-12 09:47:30,200 - UnicodeAnalyzer - INFO - -> Analizzando versione 5.6.1-alpha.15 (1925/3696)...
2025-11-12 09:47:30,200 - UnicodeAnalyzer - INFO - Filtrati 3 file (es. in /dist, /test).
2025-11-12 09:47:30,200 - UnicodeAnalyzer - INFO - -> Analizzando versione 5.6.1-alpha.16 (1926/3696)...
2025-11-12 09:47:30,200 - UnicodeAnalyzer - INFO - Filtrati 3 file (es. in /dist, /test).
2025-11-12 09:47:30,201 - UnicodeAnalyzer - INFO - -> Analizzando versione 5.6.1-alpha.17 (1927/3696)...
2025-11-12 09:47:30,201 - UnicodeAnalyzer - INFO - Filtrati 3 file (es. in /dist, /test).
2025-11-12 09:47:30,201 - UnicodeAnalyzer - INFO - -> Analizzando versione 5.6.1-alpha.2 (1928/3696)...
2025-11-12 09:47:30,201 - UnicodeAnalyzer - INFO - Filtrati 3 file (es. in /dist, /test).
2025-11-12 09:47:30,201 - UnicodeAnalyzer - INFO - -> Analizzando versione 5.6.1-alpha.3 (1929/3696)...
2025-11-12 09:47:30,201 - UnicodeAnalyzer - INFO - Filtrati 3 file (es. in /dist, /test).
2025-11-12 09:47:30,201 - UnicodeAnalyzer - INFO - -> Analizzando versione 5.6.1-alpha.4 (1930/3696)...
2025-11-12 09:47:30,202 - UnicodeAnalyzer - INFO - Filtrati 3 file (es. in /dist, /test).
2025-11-12 09:47:30,202 - UnicodeAnalyzer - INFO - -> Analizzando versione 5.6.1-alpha.5 (1931/3696)...
2025-11-12 09:47:30,202 - UnicodeAnalyzer - INFO - Filtrati 3 file (es. in /dist, /test).
2025-11-12 09:47:30,202 - UnicodeAnalyzer - INFO - -> Analizzando versione 5.6.1-alpha.6 (1932/3696)...
2025-11-12 09:47:30,202 - UnicodeAnalyzer - INFO - Filtrati 3 file (es. in /dist, /test).
2025-11-12 09:47:30,202 - UnicodeAnalyzer - INFO - -> Analizzando versione 5.6.1-alpha.7 (1933/3696)...
2025-11-12 09:47:30,202 - UnicodeAnalyzer - INFO - Filtrati 3 file (es. in /dist, /test).
2025-11-12 09:47:30,203 - UnicodeAnalyzer - INFO - -> Analizzando versione 5.6.1-alpha.8 (1934/3696)...
2025-11-12 09:47:30,203 - UnicodeAnalyzer - INFO - Filtrati 3 file (es. in /dist, /test).
2025-11-12 09:47:30,203 - UnicodeAnalyzer - INFO - -> Analizzando versione 5.6.1-alpha.9 (1935/3696)...
2025-11-12 09:47:30,203 - UnicodeAnalyzer - INFO - Filtrati 3 file (es. in /dist, /test).
2025-11-12 09:47:30,203 - UnicodeAnalyzer - INFO - -> Analizzando versione 5.60.0 (1936/3696)...
2025-11-12 09:47:30,203 - UnicodeAnalyzer - INFO - Filtrati 3 file (es. in /dist, /test).
2025-11-12 09:47:30,203 - UnicodeAnalyzer - INFO - -> Analizzando versione 5.60.1 (1937/3696)...
2025-11-12 09:47:30,204 - UnicodeAnalyzer - INFO - Filtrati 3 file (es. in /dist, /test).
2025-11-12 09:47:30,204 - UnicodeAnalyzer - INFO - -> Analizzando versione 5.60.1-alpha.0 (1938/3696)...
2025-11-12 09:47:30,204 - UnicodeAnalyzer - INFO - Filtrati 3 file (es. in /dist, /test).
2025-11-12 09:47:30,204 - UnicodeAnalyzer - INFO - -> Analizzando versione 5.60.1-alpha.1 (1939/3696)...
2025-11-12 09:47:30,204 - UnicodeAnalyzer - INFO - Filtrati 3 file (es. in /dist, /test).
2025-11-12 09:47:30,204 - UnicodeAnalyzer - INFO - -> Analizzando versione 5.60.2-alpha.0 (1940/3696)...
2025-11-12 09:47:30,205 - UnicodeAnalyzer - INFO - Filtrati 3 file (es. in /dist, /test).
2025-11-12 09:47:30,205 - UnicodeAnalyzer - INFO - -> Analizzando versione 5.60.2-alpha.1 (1941/3696)...
2025-11-12 09:47:30,205 - UnicodeAnalyzer - INFO - Filtrati 3 file (es. in /dist, /test).
2025-11-12 09:47:30,205 - UnicodeAnalyzer - INFO - -> Analizzando versione 5.60.2-alpha.2 (1942/3696)...
2025-11-12 09:47:30,205 - UnicodeAnalyzer - INFO - Filtrati 3 file (es. in /dist, /test).
2025-11-12 09:47:30,205 - UnicodeAnalyzer - INFO - -> Analizzando versione 5.60.2-alpha.3 (1943/3696)...
2025-11-12 09:47:30,205 - UnicodeAnalyzer - INFO - Filtrati 3 file (es. in /dist, /test).
2025-11-12 09:47:30,205 - UnicodeAnalyzer - INFO - -> Analizzando versione 5.61.0 (1944/3696)...
2025-11-12 09:47:30,206 - UnicodeAnalyzer - INFO - Filtrati 3 file (es. in /dist, /test).
2025-11-12 09:47:30,206 - UnicodeAnalyzer - INFO - -> Analizzando versione 5.61.1-alpha.0 (1945/3696)...
2025-11-12 09:47:30,206 - UnicodeAnalyzer - INFO - Filtrati 3 file (es. in /dist, /test).
2025-11-12 09:47:30,206 - UnicodeAnalyzer - INFO - -> Analizzando versione 5.61.1-alpha.1 (1946/3696)...
2025-11-12 09:47:30,206 - UnicodeAnalyzer - INFO - Filtrati 3 file (es. in /dist, /test).
2025-11-12 09:47:30,206 - UnicodeAnalyzer - INFO - -> Analizzando versione 5.61.1-alpha.2 (1947/3696)...
2025-11-12 09:47:30,207 - UnicodeAnalyzer - INFO - Filtrati 3 file (es. in /dist, /test).
2025-11-12 09:47:30,207 - UnicodeAnalyzer - INFO - -> Analizzando versione 5.61.1-alpha.3 (1948/3696)...
2025-11-12 09:47:30,207 - UnicodeAnalyzer - INFO - Filtrati 3 file (es. in /dist, /test).
2025-11-12 09:47:30,207 - UnicodeAnalyzer - INFO - -> Analizzando versione 5.61.1-alpha.4 (1949/3696)...
2025-11-12 09:47:30,207 - UnicodeAnalyzer - INFO - Filtrati 3 file (es. in /dist, /test).
2025-11-12 09:47:30,207 - UnicodeAnalyzer - INFO - -> Analizzando versione 5.61.1-alpha.5 (1950/3696)...
2025-11-12 09:47:30,207 - UnicodeAnalyzer - INFO - Filtrati 3 file (es. in /dist, /test).
2025-11-12 09:47:30,208 - UnicodeAnalyzer - INFO - -> Analizzando versione 5.61.1-alpha.6 (1951/3696)...
2025-11-12 09:47:30,208 - UnicodeAnalyzer - INFO - Filtrati 3 file (es. in /dist, /test).
2025-11-12 09:47:30,208 - UnicodeAnalyzer - INFO - -> Analizzando versione 5.61.1-alpha.7 (1952/3696)...
2025-11-12 09:47:30,208 - UnicodeAnalyzer - INFO - Filtrati 3 file (es. in /dist, /test).
2025-11-12 09:47:30,208 - UnicodeAnalyzer - INFO - -> Analizzando versione 5.61.1-alpha.8 (1953/3696)...
2025-11-12 09:47:30,208 - UnicodeAnalyzer - INFO - Filtrati 3 file (es. in /dist, /test).
2025-11-12 09:47:30,208 - UnicodeAnalyzer - INFO - -> Analizzando versione 5.61.1-alpha.9 (1954/3696)...
2025-11-12 09:47:30,209 - UnicodeAnalyzer - INFO - Filtrati 3 file (es. in /dist, /test).
2025-11-12 09:47:30,209 - UnicodeAnalyzer - INFO - -> Analizzando versione 5.62.0 (1955/3696)...
2025-11-12 09:47:30,209 - UnicodeAnalyzer - INFO - Filtrati 3 file (es. in /dist, /test).
2025-11-12 09:47:30,209 - UnicodeAnalyzer - INFO - -> Analizzando versione 5.62.1-alpha.0 (1956/3696)...
2025-11-12 09:47:30,209 - UnicodeAnalyzer - INFO - Filtrati 3 file (es. in /dist, /test).
2025-11-12 09:47:30,209 - UnicodeAnalyzer - INFO - -> Analizzando versione 5.7.0 (1957/3696)...
2025-11-12 09:47:30,210 - UnicodeAnalyzer - INFO - Filtrati 3 file (es. in /dist, /test).
2025-11-12 09:47:30,210 - UnicodeAnalyzer - INFO - -> Analizzando versione 5.7.1-alpha.0 (1958/3696)...
2025-11-12 09:47:30,210 - UnicodeAnalyzer - INFO - Filtrati 3 file (es. in /dist, /test).
2025-11-12 09:47:30,210 - UnicodeAnalyzer - INFO - -> Analizzando versione 5.7.1-alpha.1 (1959/3696)...
2025-11-12 09:47:30,210 - UnicodeAnalyzer - INFO - Filtrati 3 file (es. in /dist, /test).
2025-11-12 09:47:30,210 - UnicodeAnalyzer - INFO - -> Analizzando versione 5.7.1-alpha.10 (1960/3696)...
2025-11-12 09:47:30,210 - UnicodeAnalyzer - INFO - Filtrati 3 file (es. in /dist, /test).
2025-11-12 09:47:30,210 - UnicodeAnalyzer - INFO - -> Analizzando versione 5.7.1-alpha.11 (1961/3696)...
2025-11-12 09:47:30,211 - UnicodeAnalyzer - INFO - Filtrati 3 file (es. in /dist, /test).
2025-11-12 09:47:30,211 - UnicodeAnalyzer - INFO - -> Analizzando versione 5.7.1-alpha.12 (1962/3696)...
2025-11-12 09:47:30,211 - UnicodeAnalyzer - INFO - Filtrati 3 file (es. in /dist, /test).
2025-11-12 09:47:30,211 - UnicodeAnalyzer - INFO - -> Analizzando versione 5.7.1-alpha.13 (1963/3696)...
2025-11-12 09:47:30,211 - UnicodeAnalyzer - INFO - Filtrati 3 file (es. in /dist, /test).
2025-11-12 09:47:30,211 - UnicodeAnalyzer - INFO - -> Analizzando versione 5.7.1-alpha.14 (1964/3696)...
2025-11-12 09:47:30,211 - UnicodeAnalyzer - INFO - Filtrati 3 file (es. in /dist, /test).
2025-11-12 09:47:30,212 - UnicodeAnalyzer - INFO - -> Analizzando versione 5.7.1-alpha.15 (1965/3696)...
2025-11-12 09:47:30,212 - UnicodeAnalyzer - INFO - Filtrati 3 file (es. in /dist, /test).
2025-11-12 09:47:30,212 - UnicodeAnalyzer - INFO - -> Analizzando versione 5.7.1-alpha.16 (1966/3696)...
2025-11-12 09:47:30,212 - UnicodeAnalyzer - INFO - Filtrati 3 file (es. in /dist, /test).
2025-11-12 09:47:30,212 - UnicodeAnalyzer - INFO - -> Analizzando versione 5.7.1-alpha.17 (1967/3696)...
2025-11-12 09:47:30,212 - UnicodeAnalyzer - INFO - Filtrati 3 file (es. in /dist, /test).
2025-11-12 09:47:30,212 - UnicodeAnalyzer - INFO - -> Analizzando versione 5.7.1-alpha.18 (1968/3696)...
2025-11-12 09:47:30,213 - UnicodeAnalyzer - INFO - Filtrati 3 file (es. in /dist, /test).
2025-11-12 09:47:30,213 - UnicodeAnalyzer - INFO - -> Analizzando versione 5.7.1-alpha.19 (1969/3696)...
2025-11-12 09:47:30,213 - UnicodeAnalyzer - INFO - Filtrati 3 file (es. in /dist, /test).
2025-11-12 09:47:30,213 - UnicodeAnalyzer - INFO - -> Analizzando versione 5.7.1-alpha.2 (1970/3696)...
2025-11-12 09:47:30,213 - UnicodeAnalyzer - INFO - Filtrati 3 file (es. in /dist, /test).
2025-11-12 09:47:30,213 - UnicodeAnalyzer - INFO - -> Analizzando versione 5.7.1-alpha.20 (1971/3696)...
2025-11-12 09:47:30,213 - UnicodeAnalyzer - INFO - Filtrati 3 file (es. in /dist, /test).
2025-11-12 09:47:30,214 - UnicodeAnalyzer - INFO - -> Analizzando versione 5.7.1-alpha.21 (1972/3696)...
2025-11-12 09:47:30,214 - UnicodeAnalyzer - INFO - Filtrati 3 file (es. in /dist, /test).
2025-11-12 09:47:30,214 - UnicodeAnalyzer - INFO - -> Analizzando versione 5.7.1-alpha.22 (1973/3696)...
2025-11-12 09:47:30,214 - UnicodeAnalyzer - INFO - Filtrati 3 file (es. in /dist, /test).
2025-11-12 09:47:30,214 - UnicodeAnalyzer - INFO - -> Analizzando versione 5.7.1-alpha.23 (1974/3696)...
2025-11-12 09:47:30,214 - UnicodeAnalyzer - INFO - Filtrati 3 file (es. in /dist, /test).
2025-11-12 09:47:30,214 - UnicodeAnalyzer - INFO - -> Analizzando versione 5.7.1-alpha.24 (1975/3696)...
2025-11-12 09:47:30,215 - UnicodeAnalyzer - INFO - Filtrati 3 file (es. in /dist, /test).
2025-11-12 09:47:30,215 - UnicodeAnalyzer - INFO - -> Analizzando versione 5.7.1-alpha.25 (1976/3696)...
2025-11-12 09:47:30,215 - UnicodeAnalyzer - INFO - Filtrati 3 file (es. in /dist, /test).
2025-11-12 09:47:30,215 - UnicodeAnalyzer - INFO - -> Analizzando versione 5.7.1-alpha.26 (1977/3696)...
2025-11-12 09:47:30,215 - UnicodeAnalyzer - INFO - Filtrati 3 file (es. in /dist, /test).
2025-11-12 09:47:30,215 - UnicodeAnalyzer - INFO - -> Analizzando versione 5.7.1-alpha.27 (1978/3696)...
2025-11-12 09:47:30,216 - UnicodeAnalyzer - INFO - Filtrati 3 file (es. in /dist, /test).
2025-11-12 09:47:30,216 - UnicodeAnalyzer - INFO - -> Analizzando versione 5.7.1-alpha.28 (1979/3696)...
2025-11-12 09:47:30,216 - UnicodeAnalyzer - INFO - Filtrati 3 file (es. in /dist, /test).
2025-11-12 09:47:30,216 - UnicodeAnalyzer - INFO - -> Analizzando versione 5.7.1-alpha.29 (1980/3696)...
2025-11-12 09:47:30,216 - UnicodeAnalyzer - INFO - Filtrati 3 file (es. in /dist, /test).
2025-11-12 09:47:30,216 - UnicodeAnalyzer - INFO - -> Analizzando versione 5.7.1-alpha.3 (1981/3696)...
2025-11-12 09:47:30,216 - UnicodeAnalyzer - INFO - Filtrati 3 file (es. in /dist, /test).
2025-11-12 09:47:30,216 - UnicodeAnalyzer - INFO - -> Analizzando versione 5.7.1-alpha.30 (1982/3696)...
2025-11-12 09:47:30,217 - UnicodeAnalyzer - INFO - Filtrati 3 file (es. in /dist, /test).
2025-11-12 09:47:30,217 - UnicodeAnalyzer - INFO - -> Analizzando versione 5.7.1-alpha.31 (1983/3696)...
2025-11-12 09:47:30,217 - UnicodeAnalyzer - INFO - Filtrati 3 file (es. in /dist, /test).
2025-11-12 09:47:30,217 - UnicodeAnalyzer - INFO - -> Analizzando versione 5.7.1-alpha.32 (1984/3696)...
2025-11-12 09:47:30,217 - UnicodeAnalyzer - INFO - Filtrati 3 file (es. in /dist, /test).
2025-11-12 09:47:30,217 - UnicodeAnalyzer - INFO - -> Analizzando versione 5.7.1-alpha.4 (1985/3696)...
2025-11-12 09:47:30,217 - UnicodeAnalyzer - INFO - Filtrati 3 file (es. in /dist, /test).
2025-11-12 09:47:30,218 - UnicodeAnalyzer - INFO - -> Analizzando versione 5.7.1-alpha.5 (1986/3696)...
2025-11-12 09:47:30,218 - UnicodeAnalyzer - INFO - Filtrati 3 file (es. in /dist, /test).
2025-11-12 09:47:30,218 - UnicodeAnalyzer - INFO - -> Analizzando versione 5.7.1-alpha.6 (1987/3696)...
2025-11-12 09:47:30,218 - UnicodeAnalyzer - INFO - Filtrati 3 file (es. in /dist, /test).
2025-11-12 09:47:30,218 - UnicodeAnalyzer - INFO - -> Analizzando versione 5.7.1-alpha.7 (1988/3696)...
2025-11-12 09:47:30,218 - UnicodeAnalyzer - INFO - Filtrati 3 file (es. in /dist, /test).
2025-11-12 09:47:30,218 - UnicodeAnalyzer - INFO - -> Analizzando versione 5.7.1-alpha.8 (1989/3696)...
2025-11-12 09:47:30,219 - UnicodeAnalyzer - INFO - Filtrati 3 file (es. in /dist, /test).
2025-11-12 09:47:30,219 - UnicodeAnalyzer - INFO - -> Analizzando versione 5.7.1-alpha.9 (1990/3696)...
2025-11-12 09:47:30,219 - UnicodeAnalyzer - INFO - Filtrati 3 file (es. in /dist, /test).
2025-11-12 09:47:30,219 - UnicodeAnalyzer - INFO - -> Analizzando versione 5.8.0 (1991/3696)...
2025-11-12 09:47:30,219 - UnicodeAnalyzer - INFO - Filtrati 3 file (es. in /dist, /test).
2025-11-12 09:47:30,219 - UnicodeAnalyzer - INFO - -> Analizzando versione 5.8.1 (1992/3696)...
2025-11-12 09:47:30,219 - UnicodeAnalyzer - INFO - Filtrati 3 file (es. in /dist, /test).
2025-11-12 09:47:30,220 - UnicodeAnalyzer - INFO - -> Analizzando versione 5.8.1-alpha.0 (1993/3696)...
2025-11-12 09:47:30,220 - UnicodeAnalyzer - INFO - Filtrati 3 file (es. in /dist, /test).
2025-11-12 09:47:30,220 - UnicodeAnalyzer - INFO - -> Analizzando versione 5.8.1-alpha.1 (1994/3696)...
2025-11-12 09:47:30,220 - UnicodeAnalyzer - INFO - Filtrati 3 file (es. in /dist, /test).
2025-11-12 09:47:30,220 - UnicodeAnalyzer - INFO - -> Analizzando versione 5.8.1-alpha.2 (1995/3696)...
2025-11-12 09:47:30,220 - UnicodeAnalyzer - INFO - Filtrati 3 file (es. in /dist, /test).
2025-11-12 09:47:30,220 - UnicodeAnalyzer - INFO - -> Analizzando versione 5.8.1-alpha.3 (1996/3696)...
2025-11-12 09:47:30,221 - UnicodeAnalyzer - INFO - Filtrati 3 file (es. in /dist, /test).
2025-11-12 09:47:30,221 - UnicodeAnalyzer - INFO - -> Analizzando versione 5.8.1-alpha.4 (1997/3696)...
2025-11-12 09:47:30,221 - UnicodeAnalyzer - INFO - Filtrati 3 file (es. in /dist, /test).
2025-11-12 09:47:30,221 - UnicodeAnalyzer - INFO - -> Analizzando versione 5.8.2-alpha.0 (1998/3696)...
2025-11-12 09:47:30,221 - UnicodeAnalyzer - INFO - Filtrati 3 file (es. in /dist, /test).
2025-11-12 09:47:30,221 - UnicodeAnalyzer - INFO - -> Analizzando versione 5.8.2-alpha.10 (1999/3696)...
2025-11-12 09:47:30,221 - UnicodeAnalyzer - INFO - Filtrati 3 file (es. in /dist, /test).
2025-11-12 09:47:30,221 - UnicodeAnalyzer - INFO - -> Analizzando versione 5.8.2-alpha.11 (2000/3696)...
2025-11-12 09:47:30,222 - UnicodeAnalyzer - INFO - Filtrati 3 file (es. in /dist, /test).
2025-11-12 09:47:30,222 - UnicodeAnalyzer - INFO - -> Analizzando versione 5.8.2-alpha.12 (2001/3696)...
2025-11-12 09:47:30,222 - UnicodeAnalyzer - INFO - Filtrati 3 file (es. in /dist, /test).
2025-11-12 09:47:30,222 - UnicodeAnalyzer - INFO - -> Analizzando versione 5.8.2-alpha.13 (2002/3696)...
2025-11-12 09:47:30,222 - UnicodeAnalyzer - INFO - Filtrati 3 file (es. in /dist, /test).
2025-11-12 09:47:30,222 - UnicodeAnalyzer - INFO - -> Analizzando versione 5.8.2-alpha.14 (2003/3696)...
2025-11-12 09:47:30,223 - UnicodeAnalyzer - INFO - Filtrati 3 file (es. in /dist, /test).
2025-11-12 09:47:30,223 - UnicodeAnalyzer - INFO - -> Analizzando versione 5.8.2-alpha.4 (2004/3696)...
2025-11-12 09:47:30,223 - UnicodeAnalyzer - INFO - Filtrati 3 file (es. in /dist, /test).
2025-11-12 09:47:30,223 - UnicodeAnalyzer - INFO - -> Analizzando versione 5.8.2-alpha.5 (2005/3696)...
2025-11-12 09:47:30,223 - UnicodeAnalyzer - INFO - Filtrati 3 file (es. in /dist, /test).
2025-11-12 09:47:30,223 - UnicodeAnalyzer - INFO - -> Analizzando versione 5.8.2-alpha.6 (2006/3696)...
2025-11-12 09:47:30,223 - UnicodeAnalyzer - INFO - Filtrati 3 file (es. in /dist, /test).
2025-11-12 09:47:30,223 - UnicodeAnalyzer - INFO - -> Analizzando versione 5.8.2-alpha.7 (2007/3696)...
2025-11-12 09:47:30,224 - UnicodeAnalyzer - INFO - Filtrati 3 file (es. in /dist, /test).
2025-11-12 09:47:30,224 - UnicodeAnalyzer - INFO - -> Analizzando versione 5.8.2-alpha.8 (2008/3696)...
2025-11-12 09:47:30,224 - UnicodeAnalyzer - INFO - Filtrati 3 file (es. in /dist, /test).
2025-11-12 09:47:30,224 - UnicodeAnalyzer - INFO - -> Analizzando versione 5.8.2-alpha.9 (2009/3696)...
2025-11-12 09:47:30,224 - UnicodeAnalyzer - INFO - Filtrati 3 file (es. in /dist, /test).
2025-11-12 09:47:30,224 - UnicodeAnalyzer - INFO - -> Analizzando versione 5.9.0 (2010/3696)...
2025-11-12 09:47:30,225 - UnicodeAnalyzer - INFO - Filtrati 3 file (es. in /dist, /test).
2025-11-12 09:47:30,225 - UnicodeAnalyzer - INFO - -> Analizzando versione 5.9.1 (2011/3696)...
2025-11-12 09:47:30,225 - UnicodeAnalyzer - INFO - Filtrati 3 file (es. in /dist, /test).
2025-11-12 09:47:30,225 - UnicodeAnalyzer - INFO - -> Analizzando versione 5.9.1-alpha.0 (2012/3696)...
2025-11-12 09:47:30,225 - UnicodeAnalyzer - INFO - Filtrati 3 file (es. in /dist, /test).
2025-11-12 09:47:30,225 - UnicodeAnalyzer - INFO - -> Analizzando versione 5.9.1-alpha.1 (2013/3696)...
2025-11-12 09:47:30,225 - UnicodeAnalyzer - INFO - Filtrati 3 file (es. in /dist, /test).
2025-11-12 09:47:30,225 - UnicodeAnalyzer - INFO - -> Analizzando versione 5.9.1-alpha.10 (2014/3696)...
2025-11-12 09:47:30,226 - UnicodeAnalyzer - INFO - Filtrati 3 file (es. in /dist, /test).
2025-11-12 09:47:30,226 - UnicodeAnalyzer - INFO - -> Analizzando versione 5.9.1-alpha.11 (2015/3696)...
2025-11-12 09:47:30,226 - UnicodeAnalyzer - INFO - Filtrati 3 file (es. in /dist, /test).
2025-11-12 09:47:30,226 - UnicodeAnalyzer - INFO - -> Analizzando versione 5.9.1-alpha.12 (2016/3696)...
2025-11-12 09:47:30,226 - UnicodeAnalyzer - INFO - Filtrati 3 file (es. in /dist, /test).
2025-11-12 09:47:30,226 - UnicodeAnalyzer - INFO - -> Analizzando versione 5.9.1-alpha.13 (2017/3696)...
2025-11-12 09:47:30,226 - UnicodeAnalyzer - INFO - Filtrati 3 file (es. in /dist, /test).
2025-11-12 09:47:30,227 - UnicodeAnalyzer - INFO - -> Analizzando versione 5.9.1-alpha.14 (2018/3696)...
2025-11-12 09:47:30,227 - UnicodeAnalyzer - INFO - Filtrati 3 file (es. in /dist, /test).
2025-11-12 09:47:30,227 - UnicodeAnalyzer - INFO - -> Analizzando versione 5.9.1-alpha.15 (2019/3696)...
2025-11-12 09:47:30,227 - UnicodeAnalyzer - INFO - Filtrati 3 file (es. in /dist, /test).
2025-11-12 09:47:30,227 - UnicodeAnalyzer - INFO - -> Analizzando versione 5.9.1-alpha.16 (2020/3696)...
2025-11-12 09:47:30,227 - UnicodeAnalyzer - INFO - Filtrati 3 file (es. in /dist, /test).
2025-11-12 09:47:30,227 - UnicodeAnalyzer - INFO - -> Analizzando versione 5.9.1-alpha.2 (2021/3696)...
2025-11-12 09:47:30,228 - UnicodeAnalyzer - INFO - Filtrati 3 file (es. in /dist, /test).
2025-11-12 09:47:30,228 - UnicodeAnalyzer - INFO - -> Analizzando versione 5.9.1-alpha.3 (2022/3696)...
2025-11-12 09:47:30,228 - UnicodeAnalyzer - INFO - Filtrati 3 file (es. in /dist, /test).
2025-11-12 09:47:30,228 - UnicodeAnalyzer - INFO - -> Analizzando versione 5.9.1-alpha.4 (2023/3696)...
2025-11-12 09:47:30,228 - UnicodeAnalyzer - INFO - Filtrati 3 file (es. in /dist, /test).
2025-11-12 09:47:30,228 - UnicodeAnalyzer - INFO - -> Analizzando versione 5.9.1-alpha.5 (2024/3696)...
2025-11-12 09:47:30,228 - UnicodeAnalyzer - INFO - Filtrati 3 file (es. in /dist, /test).
2025-11-12 09:47:30,229 - UnicodeAnalyzer - INFO - -> Analizzando versione 5.9.1-alpha.6 (2025/3696)...
2025-11-12 09:47:30,229 - UnicodeAnalyzer - INFO - Filtrati 3 file (es. in /dist, /test).
2025-11-12 09:47:30,229 - UnicodeAnalyzer - INFO - -> Analizzando versione 5.9.1-alpha.7 (2026/3696)...
2025-11-12 09:47:30,229 - UnicodeAnalyzer - INFO - Filtrati 3 file (es. in /dist, /test).
2025-11-12 09:47:30,229 - UnicodeAnalyzer - INFO - -> Analizzando versione 5.9.1-alpha.8 (2027/3696)...
2025-11-12 09:47:30,229 - UnicodeAnalyzer - INFO - Filtrati 3 file (es. in /dist, /test).
2025-11-12 09:47:30,229 - UnicodeAnalyzer - INFO - -> Analizzando versione 5.9.1-alpha.9 (2028/3696)...
2025-11-12 09:47:30,230 - UnicodeAnalyzer - INFO - Filtrati 3 file (es. in /dist, /test).
2025-11-12 09:47:30,230 - UnicodeAnalyzer - INFO - -> Analizzando versione 5.9.2-alpha.0 (2029/3696)...
2025-11-12 09:47:30,230 - UnicodeAnalyzer - INFO - Filtrati 3 file (es. in /dist, /test).
2025-11-12 09:47:30,230 - UnicodeAnalyzer - INFO - -> Analizzando versione 5.9.2-alpha.1 (2030/3696)...
2025-11-12 09:47:30,230 - UnicodeAnalyzer - INFO - Filtrati 3 file (es. in /dist, /test).
2025-11-12 09:47:30,230 - UnicodeAnalyzer - INFO - -> Analizzando versione 5.9.2-alpha.12 (2031/3696)...
2025-11-12 09:47:30,230 - UnicodeAnalyzer - INFO - Filtrati 3 file (es. in /dist, /test).
2025-11-12 09:47:30,231 - UnicodeAnalyzer - INFO - -> Analizzando versione 5.9.2-alpha.13 (2032/3696)...
2025-11-12 09:47:30,231 - UnicodeAnalyzer - INFO - Filtrati 3 file (es. in /dist, /test).
2025-11-12 09:47:30,231 - UnicodeAnalyzer - INFO - -> Analizzando versione 5.9.2-alpha.14 (2033/3696)...
2025-11-12 09:47:30,231 - UnicodeAnalyzer - INFO - Filtrati 3 file (es. in /dist, /test).
2025-11-12 09:47:30,231 - UnicodeAnalyzer - INFO - -> Analizzando versione 5.9.2-alpha.15 (2034/3696)...
2025-11-12 09:47:30,231 - UnicodeAnalyzer - INFO - Filtrati 3 file (es. in /dist, /test).
2025-11-12 09:47:30,231 - UnicodeAnalyzer - INFO - -> Analizzando versione 5.9.2-alpha.16 (2035/3696)...
2025-11-12 09:47:30,232 - UnicodeAnalyzer - INFO - Filtrati 3 file (es. in /dist, /test).
2025-11-12 09:47:30,232 - UnicodeAnalyzer - INFO - -> Analizzando versione 5.9.2-alpha.17 (2036/3696)...
2025-11-12 09:47:30,232 - UnicodeAnalyzer - INFO - Filtrati 3 file (es. in /dist, /test).
2025-11-12 09:47:30,232 - UnicodeAnalyzer - INFO - -> Analizzando versione 5.9.2-alpha.2 (2037/3696)...
2025-11-12 09:47:30,232 - UnicodeAnalyzer - INFO - Filtrati 3 file (es. in /dist, /test).
2025-11-12 09:47:30,232 - UnicodeAnalyzer - INFO - -> Analizzando versione 5.9.2-alpha.21 (2038/3696)...
2025-11-12 09:47:30,232 - UnicodeAnalyzer - INFO - Filtrati 3 file (es. in /dist, /test).
2025-11-12 09:47:30,233 - UnicodeAnalyzer - INFO - -> Analizzando versione 5.9.2-alpha.23 (2039/3696)...
2025-11-12 09:47:30,233 - UnicodeAnalyzer - INFO - Filtrati 3 file (es. in /dist, /test).
2025-11-12 09:47:30,233 - UnicodeAnalyzer - INFO - -> Analizzando versione 5.9.2-alpha.24 (2040/3696)...
2025-11-12 09:47:30,233 - UnicodeAnalyzer - INFO - Filtrati 3 file (es. in /dist, /test).
2025-11-12 09:47:30,233 - UnicodeAnalyzer - INFO - -> Analizzando versione 5.9.2-alpha.25 (2041/3696)...
2025-11-12 09:47:30,233 - UnicodeAnalyzer - INFO - Filtrati 3 file (es. in /dist, /test).
2025-11-12 09:47:30,233 - UnicodeAnalyzer - INFO - -> Analizzando versione 5.9.2-alpha.26 (2042/3696)...
2025-11-12 09:47:30,234 - UnicodeAnalyzer - INFO - Filtrati 3 file (es. in /dist, /test).
2025-11-12 09:47:30,234 - UnicodeAnalyzer - INFO - -> Analizzando versione 5.9.2-alpha.27 (2043/3696)...
2025-11-12 09:47:30,234 - UnicodeAnalyzer - INFO - Filtrati 3 file (es. in /dist, /test).
2025-11-12 09:47:30,234 - UnicodeAnalyzer - INFO - -> Analizzando versione 5.9.2-alpha.3 (2044/3696)...
2025-11-12 09:47:30,234 - UnicodeAnalyzer - INFO - Filtrati 3 file (es. in /dist, /test).
2025-11-12 09:47:30,234 - UnicodeAnalyzer - INFO - -> Analizzando versione 5.9.2-alpha.4 (2045/3696)...
2025-11-12 09:47:30,234 - UnicodeAnalyzer - INFO - Filtrati 3 file (es. in /dist, /test).
2025-11-12 09:47:30,235 - UnicodeAnalyzer - INFO - -> Analizzando versione 5.9.2-alpha.5 (2046/3696)...
2025-11-12 09:47:30,235 - UnicodeAnalyzer - INFO - Filtrati 3 file (es. in /dist, /test).
2025-11-12 09:47:30,235 - UnicodeAnalyzer - INFO - -> Analizzando versione 5.9.2-alpha.6 (2047/3696)...
2025-11-12 09:47:30,235 - UnicodeAnalyzer - INFO - Filtrati 3 file (es. in /dist, /test).
2025-11-12 09:47:30,235 - UnicodeAnalyzer - INFO - -> Analizzando versione 5.9.2-alpha.7 (2048/3696)...
2025-11-12 09:47:30,235 - UnicodeAnalyzer - INFO - Filtrati 3 file (es. in /dist, /test).
2025-11-12 09:47:30,235 - UnicodeAnalyzer - INFO - -> Analizzando versione 5.9.2-alpha.8 (2049/3696)...
2025-11-12 09:47:30,236 - UnicodeAnalyzer - INFO - Filtrati 3 file (es. in /dist, /test).
2025-11-12 09:47:30,236 - UnicodeAnalyzer - INFO - -> Analizzando versione 5.9.2-alpha.9 (2050/3696)...
2025-11-12 09:47:30,236 - UnicodeAnalyzer - INFO - Filtrati 3 file (es. in /dist, /test).
2025-11-12 09:47:30,236 - UnicodeAnalyzer - INFO - -> Analizzando versione 6.0.0 (2051/3696)...
2025-11-12 09:47:30,236 - UnicodeAnalyzer - INFO - Filtrati 3 file (es. in /dist, /test).
2025-11-12 09:47:30,236 - UnicodeAnalyzer - INFO - -> Analizzando versione 6.0.0-alpha.100 (2052/3696)...
2025-11-12 09:47:30,237 - UnicodeAnalyzer - INFO - Filtrati 3 file (es. in /dist, /test).
2025-11-12 09:47:30,237 - UnicodeAnalyzer - INFO - -> Analizzando versione 6.0.0-alpha.101 (2053/3696)...
2025-11-12 09:47:30,237 - UnicodeAnalyzer - INFO - Filtrati 3 file (es. in /dist, /test).
2025-11-12 09:47:30,237 - UnicodeAnalyzer - INFO - -> Analizzando versione 6.0.0-alpha.102 (2054/3696)...
2025-11-12 09:47:30,237 - UnicodeAnalyzer - INFO - Filtrati 3 file (es. in /dist, /test).
2025-11-12 09:47:30,237 - UnicodeAnalyzer - INFO - -> Analizzando versione 6.0.0-alpha.103 (2055/3696)...
2025-11-12 09:47:30,238 - UnicodeAnalyzer - INFO - Filtrati 3 file (es. in /dist, /test).
2025-11-12 09:47:30,238 - UnicodeAnalyzer - INFO - -> Analizzando versione 6.0.0-alpha.104 (2056/3696)...
2025-11-12 09:47:30,238 - UnicodeAnalyzer - INFO - Filtrati 3 file (es. in /dist, /test).
2025-11-12 09:47:30,238 - UnicodeAnalyzer - INFO - -> Analizzando versione 6.0.0-alpha.106 (2057/3696)...
2025-11-12 09:47:30,238 - UnicodeAnalyzer - INFO - Filtrati 3 file (es. in /dist, /test).
2025-11-12 09:47:30,238 - UnicodeAnalyzer - INFO - -> Analizzando versione 6.0.0-alpha.107 (2058/3696)...
2025-11-12 09:47:30,239 - UnicodeAnalyzer - INFO - Filtrati 3 file (es. in /dist, /test).
2025-11-12 09:47:30,239 - UnicodeAnalyzer - INFO - -> Analizzando versione 6.0.0-alpha.109 (2059/3696)...
2025-11-12 09:47:30,239 - UnicodeAnalyzer - INFO - Filtrati 3 file (es. in /dist, /test).
2025-11-12 09:47:30,239 - UnicodeAnalyzer - INFO - -> Analizzando versione 6.0.0-alpha.110 (2060/3696)...
2025-11-12 09:47:30,239 - UnicodeAnalyzer - INFO - Filtrati 3 file (es. in /dist, /test).
2025-11-12 09:47:30,240 - UnicodeAnalyzer - INFO - -> Analizzando versione 6.0.0-alpha.111 (2061/3696)...
2025-11-12 09:47:30,240 - UnicodeAnalyzer - INFO - Filtrati 3 file (es. in /dist, /test).
2025-11-12 09:47:30,240 - UnicodeAnalyzer - INFO - -> Analizzando versione 6.0.0-alpha.112 (2062/3696)...
2025-11-12 09:47:30,240 - UnicodeAnalyzer - INFO - Filtrati 3 file (es. in /dist, /test).
2025-11-12 09:47:30,240 - UnicodeAnalyzer - INFO - -> Analizzando versione 6.0.0-alpha.113 (2063/3696)...
2025-11-12 09:47:30,241 - UnicodeAnalyzer - INFO - Filtrati 3 file (es. in /dist, /test).
2025-11-12 09:47:30,241 - UnicodeAnalyzer - INFO - -> Analizzando versione 6.0.0-alpha.117 (2064/3696)...
2025-11-12 09:47:30,241 - UnicodeAnalyzer - INFO - Filtrati 3 file (es. in /dist, /test).
2025-11-12 09:47:30,241 - UnicodeAnalyzer - INFO - -> Analizzando versione 6.0.0-alpha.118 (2065/3696)...
2025-11-12 09:47:30,241 - UnicodeAnalyzer - INFO - Filtrati 3 file (es. in /dist, /test).
2025-11-12 09:47:30,241 - UnicodeAnalyzer - INFO - -> Analizzando versione 6.0.0-alpha.119 (2066/3696)...
2025-11-12 09:47:30,242 - UnicodeAnalyzer - INFO - Filtrati 3 file (es. in /dist, /test).
2025-11-12 09:47:30,242 - UnicodeAnalyzer - INFO - -> Analizzando versione 6.0.0-alpha.120 (2067/3696)...
2025-11-12 09:47:30,242 - UnicodeAnalyzer - INFO - Filtrati 3 file (es. in /dist, /test).
2025-11-12 09:47:30,242 - UnicodeAnalyzer - INFO - -> Analizzando versione 6.0.0-alpha.121 (2068/3696)...
2025-11-12 09:47:30,242 - UnicodeAnalyzer - INFO - Filtrati 3 file (es. in /dist, /test).
2025-11-12 09:47:30,242 - UnicodeAnalyzer - INFO - -> Analizzando versione 6.0.0-alpha.124 (2069/3696)...
2025-11-12 09:47:30,243 - UnicodeAnalyzer - INFO - Filtrati 3 file (es. in /dist, /test).
2025-11-12 09:47:30,243 - UnicodeAnalyzer - INFO - -> Analizzando versione 6.0.0-alpha.125 (2070/3696)...
2025-11-12 09:47:30,243 - UnicodeAnalyzer - INFO - Filtrati 3 file (es. in /dist, /test).
2025-11-12 09:47:30,243 - UnicodeAnalyzer - INFO - -> Analizzando versione 6.0.0-alpha.126 (2071/3696)...
2025-11-12 09:47:30,243 - UnicodeAnalyzer - INFO - Filtrati 3 file (es. in /dist, /test).
2025-11-12 09:47:30,244 - UnicodeAnalyzer - INFO - -> Analizzando versione 6.0.0-alpha.127 (2072/3696)...
2025-11-12 09:47:30,244 - UnicodeAnalyzer - INFO - Filtrati 3 file (es. in /dist, /test).
2025-11-12 09:47:30,244 - UnicodeAnalyzer - INFO - -> Analizzando versione 6.0.0-alpha.128 (2073/3696)...
2025-11-12 09:47:30,244 - UnicodeAnalyzer - INFO - Filtrati 3 file (es. in /dist, /test).
2025-11-12 09:47:30,244 - UnicodeAnalyzer - INFO - -> Analizzando versione 6.0.0-alpha.129 (2074/3696)...
2025-11-12 09:47:30,245 - UnicodeAnalyzer - INFO - Filtrati 3 file (es. in /dist, /test).
2025-11-12 09:47:30,245 - UnicodeAnalyzer - INFO - -> Analizzando versione 6.0.0-alpha.130 (2075/3696)...
2025-11-12 09:47:30,245 - UnicodeAnalyzer - INFO - Filtrati 3 file (es. in /dist, /test).
2025-11-12 09:47:30,245 - UnicodeAnalyzer - INFO - -> Analizzando versione 6.0.0-alpha.131 (2076/3696)...
2025-11-12 09:47:30,245 - UnicodeAnalyzer - INFO - Filtrati 3 file (es. in /dist, /test).
2025-11-12 09:47:30,245 - UnicodeAnalyzer - INFO - -> Analizzando versione 6.0.0-alpha.132 (2077/3696)...
2025-11-12 09:47:30,246 - UnicodeAnalyzer - INFO - Filtrati 3 file (es. in /dist, /test).
2025-11-12 09:47:30,246 - UnicodeAnalyzer - INFO - -> Analizzando versione 6.0.0-alpha.133 (2078/3696)...
2025-11-12 09:47:30,246 - UnicodeAnalyzer - INFO - Filtrati 3 file (es. in /dist, /test).
2025-11-12 09:47:30,246 - UnicodeAnalyzer - INFO - -> Analizzando versione 6.0.0-alpha.134 (2079/3696)...
2025-11-12 09:47:30,246 - UnicodeAnalyzer - INFO - Filtrati 3 file (es. in /dist, /test).
2025-11-12 09:47:30,246 - UnicodeAnalyzer - INFO - -> Analizzando versione 6.0.0-alpha.135 (2080/3696)...
2025-11-12 09:47:30,247 - UnicodeAnalyzer - INFO - Filtrati 3 file (es. in /dist, /test).
2025-11-12 09:47:30,247 - UnicodeAnalyzer - INFO - -> Analizzando versione 6.0.0-alpha.136 (2081/3696)...
2025-11-12 09:47:30,247 - UnicodeAnalyzer - INFO - Filtrati 3 file (es. in /dist, /test).
2025-11-12 09:47:30,247 - UnicodeAnalyzer - INFO - -> Analizzando versione 6.0.0-alpha.137 (2082/3696)...
2025-11-12 09:47:30,247 - UnicodeAnalyzer - INFO - Filtrati 3 file (es. in /dist, /test).
2025-11-12 09:47:30,247 - UnicodeAnalyzer - INFO - -> Analizzando versione 6.0.0-alpha.138 (2083/3696)...
2025-11-12 09:47:30,248 - UnicodeAnalyzer - INFO - Filtrati 3 file (es. in /dist, /test).
2025-11-12 09:47:30,248 - UnicodeAnalyzer - INFO - -> Analizzando versione 6.0.0-alpha.139 (2084/3696)...
2025-11-12 09:47:30,248 - UnicodeAnalyzer - INFO - Filtrati 3 file (es. in /dist, /test).
2025-11-12 09:47:30,248 - UnicodeAnalyzer - INFO - -> Analizzando versione 6.0.0-alpha.140 (2085/3696)...
2025-11-12 09:47:30,249 - UnicodeAnalyzer - INFO - Filtrati 3 file (es. in /dist, /test).
2025-11-12 09:47:30,249 - UnicodeAnalyzer - INFO - -> Analizzando versione 6.0.0-alpha.141 (2086/3696)...
2025-11-12 09:47:30,249 - UnicodeAnalyzer - INFO - Filtrati 3 file (es. in /dist, /test).
2025-11-12 09:47:30,249 - UnicodeAnalyzer - INFO - -> Analizzando versione 6.0.0-alpha.142 (2087/3696)...
2025-11-12 09:47:30,249 - UnicodeAnalyzer - INFO - Filtrati 3 file (es. in /dist, /test).
2025-11-12 09:47:30,249 - UnicodeAnalyzer - INFO - -> Analizzando versione 6.0.0-alpha.143 (2088/3696)...
2025-11-12 09:47:30,250 - UnicodeAnalyzer - INFO - Filtrati 3 file (es. in /dist, /test).
2025-11-12 09:47:30,250 - UnicodeAnalyzer - INFO - -> Analizzando versione 6.0.0-alpha.144 (2089/3696)...
2025-11-12 09:47:30,250 - UnicodeAnalyzer - INFO - Filtrati 3 file (es. in /dist, /test).
2025-11-12 09:47:30,250 - UnicodeAnalyzer - INFO - -> Analizzando versione 6.0.0-alpha.145 (2090/3696)...
2025-11-12 09:47:30,250 - UnicodeAnalyzer - INFO - Filtrati 3 file (es. in /dist, /test).
2025-11-12 09:47:30,250 - UnicodeAnalyzer - INFO - -> Analizzando versione 6.0.0-alpha.151 (2091/3696)...
2025-11-12 09:47:30,251 - UnicodeAnalyzer - INFO - Filtrati 3 file (es. in /dist, /test).
2025-11-12 09:47:30,251 - UnicodeAnalyzer - INFO - -> Analizzando versione 6.0.0-alpha.152 (2092/3696)...
2025-11-12 09:47:30,251 - UnicodeAnalyzer - INFO - Filtrati 3 file (es. in /dist, /test).
2025-11-12 09:47:30,251 - UnicodeAnalyzer - INFO - -> Analizzando versione 6.0.0-alpha.153 (2093/3696)...
2025-11-12 09:47:30,251 - UnicodeAnalyzer - INFO - Filtrati 3 file (es. in /dist, /test).
2025-11-12 09:47:30,252 - UnicodeAnalyzer - INFO - -> Analizzando versione 6.0.0-alpha.154 (2094/3696)...
2025-11-12 09:47:30,252 - UnicodeAnalyzer - INFO - Filtrati 3 file (es. in /dist, /test).
2025-11-12 09:47:30,252 - UnicodeAnalyzer - INFO - -> Analizzando versione 6.0.0-alpha.155 (2095/3696)...
2025-11-12 09:47:30,252 - UnicodeAnalyzer - INFO - Filtrati 3 file (es. in /dist, /test).
2025-11-12 09:47:30,252 - UnicodeAnalyzer - INFO - -> Analizzando versione 6.0.0-alpha.156 (2096/3696)...
2025-11-12 09:47:30,253 - UnicodeAnalyzer - INFO - Filtrati 3 file (es. in /dist, /test).
2025-11-12 09:47:30,253 - UnicodeAnalyzer - INFO - -> Analizzando versione 6.0.0-alpha.157 (2097/3696)...
2025-11-12 09:47:30,253 - UnicodeAnalyzer - INFO - Filtrati 3 file (es. in /dist, /test).
2025-11-12 09:47:30,253 - UnicodeAnalyzer - INFO - -> Analizzando versione 6.0.0-alpha.158 (2098/3696)...
2025-11-12 09:47:30,253 - UnicodeAnalyzer - INFO - Filtrati 3 file (es. in /dist, /test).
2025-11-12 09:47:30,253 - UnicodeAnalyzer - INFO - -> Analizzando versione 6.0.0-alpha.159 (2099/3696)...
2025-11-12 09:47:30,254 - UnicodeAnalyzer - INFO - Filtrati 3 file (es. in /dist, /test).
2025-11-12 09:47:30,254 - UnicodeAnalyzer - INFO - -> Analizzando versione 6.0.0-alpha.160 (2100/3696)...
2025-11-12 09:47:30,254 - UnicodeAnalyzer - INFO - Filtrati 3 file (es. in /dist, /test).
2025-11-12 09:47:30,254 - UnicodeAnalyzer - INFO - -> Analizzando versione 6.0.0-alpha.161 (2101/3696)...
2025-11-12 09:47:30,254 - UnicodeAnalyzer - INFO - Filtrati 3 file (es. in /dist, /test).
2025-11-12 09:47:30,254 - UnicodeAnalyzer - INFO - -> Analizzando versione 6.0.0-alpha.162 (2102/3696)...
2025-11-12 09:47:30,255 - UnicodeAnalyzer - INFO - Filtrati 3 file (es. in /dist, /test).
2025-11-12 09:47:30,255 - UnicodeAnalyzer - INFO - -> Analizzando versione 6.0.0-alpha.163 (2103/3696)...
2025-11-12 09:47:30,255 - UnicodeAnalyzer - INFO - Filtrati 3 file (es. in /dist, /test).
2025-11-12 09:47:30,255 - UnicodeAnalyzer - INFO - -> Analizzando versione 6.0.0-alpha.164 (2104/3696)...
2025-11-12 09:47:30,255 - UnicodeAnalyzer - INFO - Filtrati 3 file (es. in /dist, /test).
2025-11-12 09:47:30,256 - UnicodeAnalyzer - INFO - -> Analizzando versione 6.0.0-alpha.165 (2105/3696)...
2025-11-12 09:47:30,256 - UnicodeAnalyzer - INFO - Filtrati 3 file (es. in /dist, /test).
2025-11-12 09:47:30,256 - UnicodeAnalyzer - INFO - -> Analizzando versione 6.0.0-alpha.172 (2106/3696)...
2025-11-12 09:47:30,256 - UnicodeAnalyzer - INFO - Filtrati 3 file (es. in /dist, /test).
2025-11-12 09:47:30,256 - UnicodeAnalyzer - INFO - -> Analizzando versione 6.0.0-alpha.173 (2107/3696)...
2025-11-12 09:47:30,257 - UnicodeAnalyzer - INFO - Filtrati 3 file (es. in /dist, /test).
2025-11-12 09:47:30,257 - UnicodeAnalyzer - INFO - -> Analizzando versione 6.0.0-alpha.174 (2108/3696)...
2025-11-12 09:47:30,257 - UnicodeAnalyzer - INFO - Filtrati 3 file (es. in /dist, /test).
2025-11-12 09:47:30,257 - UnicodeAnalyzer - INFO - -> Analizzando versione 6.0.0-alpha.175 (2109/3696)...
2025-11-12 09:47:30,257 - UnicodeAnalyzer - INFO - Filtrati 3 file (es. in /dist, /test).
2025-11-12 09:47:30,257 - UnicodeAnalyzer - INFO - -> Analizzando versione 6.0.0-alpha.180 (2110/3696)...
2025-11-12 09:47:30,258 - UnicodeAnalyzer - INFO - Filtrati 3 file (es. in /dist, /test).
2025-11-12 09:47:30,258 - UnicodeAnalyzer - INFO - -> Analizzando versione 6.0.0-alpha.58 (2111/3696)...
2025-11-12 09:47:30,258 - UnicodeAnalyzer - INFO - Filtrati 3 file (es. in /dist, /test).
2025-11-12 09:47:30,258 - UnicodeAnalyzer - INFO - -> Analizzando versione 6.0.0-alpha.59 (2112/3696)...
2025-11-12 09:47:30,258 - UnicodeAnalyzer - INFO - Filtrati 3 file (es. in /dist, /test).
2025-11-12 09:47:30,258 - UnicodeAnalyzer - INFO - -> Analizzando versione 6.0.0-alpha.60 (2113/3696)...
2025-11-12 09:47:30,259 - UnicodeAnalyzer - INFO - Filtrati 3 file (es. in /dist, /test).
2025-11-12 09:47:30,259 - UnicodeAnalyzer - INFO - -> Analizzando versione 6.0.0-alpha.61 (2114/3696)...
2025-11-12 09:47:30,259 - UnicodeAnalyzer - INFO - Filtrati 3 file (es. in /dist, /test).
2025-11-12 09:47:30,259 - UnicodeAnalyzer - INFO - -> Analizzando versione 6.0.0-alpha.64 (2115/3696)...
2025-11-12 09:47:30,259 - UnicodeAnalyzer - INFO - Filtrati 3 file (es. in /dist, /test).
2025-11-12 09:47:30,259 - UnicodeAnalyzer - INFO - -> Analizzando versione 6.0.0-alpha.65 (2116/3696)...
2025-11-12 09:47:30,260 - UnicodeAnalyzer - INFO - Filtrati 3 file (es. in /dist, /test).
2025-11-12 09:47:30,260 - UnicodeAnalyzer - INFO - -> Analizzando versione 6.0.0-alpha.66 (2117/3696)...
2025-11-12 09:47:30,260 - UnicodeAnalyzer - INFO - Filtrati 3 file (es. in /dist, /test).
2025-11-12 09:47:30,260 - UnicodeAnalyzer - INFO - -> Analizzando versione 6.0.0-alpha.68 (2118/3696)...
2025-11-12 09:47:30,261 - UnicodeAnalyzer - INFO - Filtrati 3 file (es. in /dist, /test).
2025-11-12 09:47:30,261 - UnicodeAnalyzer - INFO - -> Analizzando versione 6.0.0-alpha.69 (2119/3696)...
2025-11-12 09:47:30,261 - UnicodeAnalyzer - INFO - Filtrati 3 file (es. in /dist, /test).
2025-11-12 09:47:30,261 - UnicodeAnalyzer - INFO - -> Analizzando versione 6.0.0-alpha.75 (2120/3696)...
2025-11-12 09:47:30,261 - UnicodeAnalyzer - INFO - Filtrati 3 file (es. in /dist, /test).
2025-11-12 09:47:30,261 - UnicodeAnalyzer - INFO - -> Analizzando versione 6.0.0-alpha.76 (2121/3696)...
2025-11-12 09:47:30,262 - UnicodeAnalyzer - INFO - Filtrati 3 file (es. in /dist, /test).
2025-11-12 09:47:30,262 - UnicodeAnalyzer - INFO - -> Analizzando versione 6.0.0-alpha.77 (2122/3696)...
2025-11-12 09:47:30,262 - UnicodeAnalyzer - INFO - Filtrati 3 file (es. in /dist, /test).
2025-11-12 09:47:30,262 - UnicodeAnalyzer - INFO - -> Analizzando versione 6.0.0-alpha.78 (2123/3696)...
2025-11-12 09:47:30,262 - UnicodeAnalyzer - INFO - Filtrati 3 file (es. in /dist, /test).
2025-11-12 09:47:30,262 - UnicodeAnalyzer - INFO - -> Analizzando versione 6.0.0-alpha.79 (2124/3696)...
2025-11-12 09:47:30,263 - UnicodeAnalyzer - INFO - Filtrati 3 file (es. in /dist, /test).
2025-11-12 09:47:30,263 - UnicodeAnalyzer - INFO - -> Analizzando versione 6.0.0-alpha.80 (2125/3696)...
2025-11-12 09:47:30,263 - UnicodeAnalyzer - INFO - Filtrati 3 file (es. in /dist, /test).
2025-11-12 09:47:30,263 - UnicodeAnalyzer - INFO - -> Analizzando versione 6.0.0-alpha.81 (2126/3696)...
2025-11-12 09:47:30,263 - UnicodeAnalyzer - INFO - Filtrati 3 file (es. in /dist, /test).
2025-11-12 09:47:30,263 - UnicodeAnalyzer - INFO - -> Analizzando versione 6.0.0-alpha.90 (2127/3696)...
2025-11-12 09:47:30,264 - UnicodeAnalyzer - INFO - Filtrati 3 file (es. in /dist, /test).
2025-11-12 09:47:30,264 - UnicodeAnalyzer - INFO - -> Analizzando versione 6.0.0-alpha.91 (2128/3696)...
2025-11-12 09:47:30,264 - UnicodeAnalyzer - INFO - Filtrati 3 file (es. in /dist, /test).
2025-11-12 09:47:30,264 - UnicodeAnalyzer - INFO - -> Analizzando versione 6.0.0-alpha.92 (2129/3696)...
2025-11-12 09:47:30,265 - UnicodeAnalyzer - INFO - Filtrati 3 file (es. in /dist, /test).
2025-11-12 09:47:30,265 - UnicodeAnalyzer - INFO - -> Analizzando versione 6.0.0-alpha.93 (2130/3696)...
2025-11-12 09:47:30,265 - UnicodeAnalyzer - INFO - Filtrati 3 file (es. in /dist, /test).
2025-11-12 09:47:30,265 - UnicodeAnalyzer - INFO - -> Analizzando versione 6.0.0-alpha.94 (2131/3696)...
2025-11-12 09:47:30,265 - UnicodeAnalyzer - INFO - Filtrati 3 file (es. in /dist, /test).
2025-11-12 09:47:30,265 - UnicodeAnalyzer - INFO - -> Analizzando versione 6.0.0-alpha.95 (2132/3696)...
2025-11-12 09:47:30,266 - UnicodeAnalyzer - INFO - Filtrati 3 file (es. in /dist, /test).
2025-11-12 09:47:30,266 - UnicodeAnalyzer - INFO - -> Analizzando versione 6.0.0-alpha.96 (2133/3696)...
2025-11-12 09:47:30,266 - UnicodeAnalyzer - INFO - Filtrati 3 file (es. in /dist, /test).
2025-11-12 09:47:30,266 - UnicodeAnalyzer - INFO - -> Analizzando versione 6.0.0-alpha.97 (2134/3696)...
2025-11-12 09:47:30,266 - UnicodeAnalyzer - INFO - Filtrati 3 file (es. in /dist, /test).
2025-11-12 09:47:30,266 - UnicodeAnalyzer - INFO - -> Analizzando versione 6.0.0-alpha.98 (2135/3696)...
2025-11-12 09:47:30,267 - UnicodeAnalyzer - INFO - Filtrati 3 file (es. in /dist, /test).
2025-11-12 09:47:30,267 - UnicodeAnalyzer - INFO - -> Analizzando versione 6.0.0-alpha.99 (2136/3696)...
2025-11-12 09:47:30,267 - UnicodeAnalyzer - INFO - Filtrati 3 file (es. in /dist, /test).
2025-11-12 09:47:30,267 - UnicodeAnalyzer - INFO - -> Analizzando versione 6.0.1-alpha.0 (2137/3696)...
2025-11-12 09:47:30,267 - UnicodeAnalyzer - INFO - Filtrati 3 file (es. in /dist, /test).
2025-11-12 09:47:30,267 - UnicodeAnalyzer - INFO - -> Analizzando versione 6.0.1-alpha.1 (2138/3696)...
2025-11-12 09:47:30,268 - UnicodeAnalyzer - INFO - Filtrati 3 file (es. in /dist, /test).
2025-11-12 09:47:30,268 - UnicodeAnalyzer - INFO - -> Analizzando versione 6.0.1-alpha.10 (2139/3696)...
2025-11-12 09:47:30,268 - UnicodeAnalyzer - INFO - Filtrati 3 file (es. in /dist, /test).
2025-11-12 09:47:30,268 - UnicodeAnalyzer - INFO - -> Analizzando versione 6.0.1-alpha.11 (2140/3696)...
2025-11-12 09:47:30,268 - UnicodeAnalyzer - INFO - Filtrati 3 file (es. in /dist, /test).
2025-11-12 09:47:30,268 - UnicodeAnalyzer - INFO - -> Analizzando versione 6.0.1-alpha.12 (2141/3696)...
2025-11-12 09:47:30,269 - UnicodeAnalyzer - INFO - Filtrati 3 file (es. in /dist, /test).
2025-11-12 09:47:30,269 - UnicodeAnalyzer - INFO - -> Analizzando versione 6.0.1-alpha.13 (2142/3696)...
2025-11-12 09:47:30,269 - UnicodeAnalyzer - INFO - Filtrati 3 file (es. in /dist, /test).
2025-11-12 09:47:30,269 - UnicodeAnalyzer - INFO - -> Analizzando versione 6.0.1-alpha.14 (2143/3696)...
2025-11-12 09:47:30,269 - UnicodeAnalyzer - INFO - Filtrati 3 file (es. in /dist, /test).
2025-11-12 09:47:30,269 - UnicodeAnalyzer - INFO - -> Analizzando versione 6.0.1-alpha.15 (2144/3696)...
2025-11-12 09:47:30,270 - UnicodeAnalyzer - INFO - Filtrati 3 file (es. in /dist, /test).
2025-11-12 09:47:30,270 - UnicodeAnalyzer - INFO - -> Analizzando versione 6.0.1-alpha.17 (2145/3696)...
2025-11-12 09:47:30,270 - UnicodeAnalyzer - INFO - Filtrati 3 file (es. in /dist, /test).
2025-11-12 09:47:30,270 - UnicodeAnalyzer - INFO - -> Analizzando versione 6.0.1-alpha.18 (2146/3696)...
2025-11-12 09:47:30,270 - UnicodeAnalyzer - INFO - Filtrati 3 file (es. in /dist, /test).
2025-11-12 09:47:30,270 - UnicodeAnalyzer - INFO - -> Analizzando versione 6.0.1-alpha.19 (2147/3696)...
2025-11-12 09:47:30,271 - UnicodeAnalyzer - INFO - Filtrati 3 file (es. in /dist, /test).
2025-11-12 09:47:30,271 - UnicodeAnalyzer - INFO - -> Analizzando versione 6.0.1-alpha.2 (2148/3696)...
2025-11-12 09:47:30,271 - UnicodeAnalyzer - INFO - Filtrati 3 file (es. in /dist, /test).
2025-11-12 09:47:30,271 - UnicodeAnalyzer - INFO - -> Analizzando versione 6.0.1-alpha.20 (2149/3696)...
2025-11-12 09:47:30,271 - UnicodeAnalyzer - INFO - Filtrati 3 file (es. in /dist, /test).
2025-11-12 09:47:30,271 - UnicodeAnalyzer - INFO - -> Analizzando versione 6.0.1-alpha.22 (2150/3696)...
2025-11-12 09:47:30,272 - UnicodeAnalyzer - INFO - Filtrati 3 file (es. in /dist, /test).
2025-11-12 09:47:30,272 - UnicodeAnalyzer - INFO - -> Analizzando versione 6.0.1-alpha.23 (2151/3696)...
2025-11-12 09:47:30,272 - UnicodeAnalyzer - INFO - Filtrati 3 file (es. in /dist, /test).
2025-11-12 09:47:30,272 - UnicodeAnalyzer - INFO - -> Analizzando versione 6.0.1-alpha.24 (2152/3696)...
2025-11-12 09:47:30,272 - UnicodeAnalyzer - INFO - Filtrati 3 file (es. in /dist, /test).
2025-11-12 09:47:30,272 - UnicodeAnalyzer - INFO - -> Analizzando versione 6.0.1-alpha.25 (2153/3696)...
2025-11-12 09:47:30,273 - UnicodeAnalyzer - INFO - Filtrati 3 file (es. in /dist, /test).
2025-11-12 09:47:30,273 - UnicodeAnalyzer - INFO - -> Analizzando versione 6.0.1-alpha.26 (2154/3696)...
2025-11-12 09:47:30,273 - UnicodeAnalyzer - INFO - Filtrati 3 file (es. in /dist, /test).
2025-11-12 09:47:30,273 - UnicodeAnalyzer - INFO - -> Analizzando versione 6.0.1-alpha.28 (2155/3696)...
2025-11-12 09:47:30,273 - UnicodeAnalyzer - INFO - Filtrati 3 file (es. in /dist, /test).
2025-11-12 09:47:30,273 - UnicodeAnalyzer - INFO - -> Analizzando versione 6.0.1-alpha.3 (2156/3696)...
2025-11-12 09:47:30,274 - UnicodeAnalyzer - INFO - Filtrati 3 file (es. in /dist, /test).
2025-11-12 09:47:30,274 - UnicodeAnalyzer - INFO - -> Analizzando versione 6.0.1-alpha.30 (2157/3696)...
2025-11-12 09:47:30,274 - UnicodeAnalyzer - INFO - Filtrati 3 file (es. in /dist, /test).
2025-11-12 09:47:30,274 - UnicodeAnalyzer - INFO - -> Analizzando versione 6.0.1-alpha.31 (2158/3696)...
2025-11-12 09:47:30,274 - UnicodeAnalyzer - INFO - Filtrati 3 file (es. in /dist, /test).
2025-11-12 09:47:30,274 - UnicodeAnalyzer - INFO - -> Analizzando versione 6.0.1-alpha.32 (2159/3696)...
2025-11-12 09:47:30,275 - UnicodeAnalyzer - INFO - Filtrati 3 file (es. in /dist, /test).
2025-11-12 09:47:30,275 - UnicodeAnalyzer - INFO - -> Analizzando versione 6.0.1-alpha.33 (2160/3696)...
2025-11-12 09:47:30,275 - UnicodeAnalyzer - INFO - Filtrati 3 file (es. in /dist, /test).
2025-11-12 09:47:30,275 - UnicodeAnalyzer - INFO - -> Analizzando versione 6.0.1-alpha.35 (2161/3696)...
2025-11-12 09:47:30,275 - UnicodeAnalyzer - INFO - Filtrati 3 file (es. in /dist, /test).
2025-11-12 09:47:30,275 - UnicodeAnalyzer - INFO - -> Analizzando versione 6.0.1-alpha.4 (2162/3696)...
2025-11-12 09:47:30,275 - UnicodeAnalyzer - INFO - Filtrati 3 file (es. in /dist, /test).
2025-11-12 09:47:30,276 - UnicodeAnalyzer - INFO - -> Analizzando versione 6.0.1-alpha.5 (2163/3696)...
2025-11-12 09:47:30,276 - UnicodeAnalyzer - INFO - Filtrati 3 file (es. in /dist, /test).
2025-11-12 09:47:30,276 - UnicodeAnalyzer - INFO - -> Analizzando versione 6.0.1-alpha.6 (2164/3696)...
2025-11-12 09:47:30,276 - UnicodeAnalyzer - INFO - Filtrati 3 file (es. in /dist, /test).
2025-11-12 09:47:30,276 - UnicodeAnalyzer - INFO - -> Analizzando versione 6.0.1-alpha.7 (2165/3696)...
2025-11-12 09:47:30,276 - UnicodeAnalyzer - INFO - Filtrati 3 file (es. in /dist, /test).
2025-11-12 09:47:30,276 - UnicodeAnalyzer - INFO - -> Analizzando versione 6.0.1-alpha.8 (2166/3696)...
2025-11-12 09:47:30,277 - UnicodeAnalyzer - INFO - Filtrati 3 file (es. in /dist, /test).
2025-11-12 09:47:30,277 - UnicodeAnalyzer - INFO - -> Analizzando versione 6.0.1-alpha.9 (2167/3696)...
2025-11-12 09:47:30,277 - UnicodeAnalyzer - INFO - Filtrati 3 file (es. in /dist, /test).
2025-11-12 09:47:30,277 - UnicodeAnalyzer - INFO - -> Analizzando versione 6.1.0 (2168/3696)...
2025-11-12 09:47:30,277 - UnicodeAnalyzer - INFO - Filtrati 3 file (es. in /dist, /test).
2025-11-12 09:47:30,278 - UnicodeAnalyzer - INFO - -> Analizzando versione 6.1.1-alpha.0 (2169/3696)...
2025-11-12 09:47:30,278 - UnicodeAnalyzer - INFO - Filtrati 3 file (es. in /dist, /test).
2025-11-12 09:47:30,278 - UnicodeAnalyzer - INFO - -> Analizzando versione 6.1.1-alpha.1 (2170/3696)...
2025-11-12 09:47:30,278 - UnicodeAnalyzer - INFO - Filtrati 3 file (es. in /dist, /test).
2025-11-12 09:47:30,278 - UnicodeAnalyzer - INFO - -> Analizzando versione 6.1.1-alpha.10 (2171/3696)...
2025-11-12 09:47:30,278 - UnicodeAnalyzer - INFO - Filtrati 3 file (es. in /dist, /test).
2025-11-12 09:47:30,279 - UnicodeAnalyzer - INFO - -> Analizzando versione 6.1.1-alpha.11 (2172/3696)...
2025-11-12 09:47:30,279 - UnicodeAnalyzer - INFO - Filtrati 3 file (es. in /dist, /test).
2025-11-12 09:47:30,279 - UnicodeAnalyzer - INFO - -> Analizzando versione 6.1.1-alpha.12 (2173/3696)...
2025-11-12 09:47:30,279 - UnicodeAnalyzer - INFO - Filtrati 3 file (es. in /dist, /test).
2025-11-12 09:47:30,279 - UnicodeAnalyzer - INFO - -> Analizzando versione 6.1.1-alpha.13 (2174/3696)...
2025-11-12 09:47:30,279 - UnicodeAnalyzer - INFO - Filtrati 3 file (es. in /dist, /test).
2025-11-12 09:47:30,279 - UnicodeAnalyzer - INFO - -> Analizzando versione 6.1.1-alpha.14 (2175/3696)...
2025-11-12 09:47:30,280 - UnicodeAnalyzer - INFO - Filtrati 3 file (es. in /dist, /test).
2025-11-12 09:47:30,280 - UnicodeAnalyzer - INFO - -> Analizzando versione 6.1.1-alpha.15 (2176/3696)...
2025-11-12 09:47:30,280 - UnicodeAnalyzer - INFO - Filtrati 3 file (es. in /dist, /test).
2025-11-12 09:47:30,280 - UnicodeAnalyzer - INFO - -> Analizzando versione 6.1.1-alpha.16 (2177/3696)...
2025-11-12 09:47:30,280 - UnicodeAnalyzer - INFO - Filtrati 3 file (es. in /dist, /test).
2025-11-12 09:47:30,281 - UnicodeAnalyzer - INFO - -> Analizzando versione 6.1.1-alpha.17 (2178/3696)...
2025-11-12 09:47:30,281 - UnicodeAnalyzer - INFO - Filtrati 3 file (es. in /dist, /test).
2025-11-12 09:47:30,281 - UnicodeAnalyzer - INFO - -> Analizzando versione 6.1.1-alpha.18 (2179/3696)...
2025-11-12 09:47:30,281 - UnicodeAnalyzer - INFO - Filtrati 3 file (es. in /dist, /test).
2025-11-12 09:47:30,281 - UnicodeAnalyzer - INFO - -> Analizzando versione 6.1.1-alpha.19 (2180/3696)...
2025-11-12 09:47:30,281 - UnicodeAnalyzer - INFO - Filtrati 3 file (es. in /dist, /test).
2025-11-12 09:47:30,282 - UnicodeAnalyzer - INFO - -> Analizzando versione 6.1.1-alpha.2 (2181/3696)...
2025-11-12 09:47:30,282 - UnicodeAnalyzer - INFO - Filtrati 3 file (es. in /dist, /test).
2025-11-12 09:47:30,282 - UnicodeAnalyzer - INFO - -> Analizzando versione 6.1.1-alpha.20 (2182/3696)...
2025-11-12 09:47:30,282 - UnicodeAnalyzer - INFO - Filtrati 3 file (es. in /dist, /test).
2025-11-12 09:47:30,282 - UnicodeAnalyzer - INFO - -> Analizzando versione 6.1.1-alpha.3 (2183/3696)...
2025-11-12 09:47:30,282 - UnicodeAnalyzer - INFO - Filtrati 3 file (es. in /dist, /test).
2025-11-12 09:47:30,283 - UnicodeAnalyzer - INFO - -> Analizzando versione 6.1.1-alpha.4 (2184/3696)...
2025-11-12 09:47:30,283 - UnicodeAnalyzer - INFO - Filtrati 3 file (es. in /dist, /test).
2025-11-12 09:47:30,283 - UnicodeAnalyzer - INFO - -> Analizzando versione 6.1.1-alpha.5 (2185/3696)...
2025-11-12 09:47:30,283 - UnicodeAnalyzer - INFO - Filtrati 3 file (es. in /dist, /test).
2025-11-12 09:47:30,283 - UnicodeAnalyzer - INFO - -> Analizzando versione 6.1.1-alpha.6 (2186/3696)...
2025-11-12 09:47:30,283 - UnicodeAnalyzer - INFO - Filtrati 3 file (es. in /dist, /test).
2025-11-12 09:47:30,283 - UnicodeAnalyzer - INFO - -> Analizzando versione 6.1.1-alpha.7 (2187/3696)...
2025-11-12 09:47:30,284 - UnicodeAnalyzer - INFO - Filtrati 3 file (es. in /dist, /test).
2025-11-12 09:47:30,284 - UnicodeAnalyzer - INFO - -> Analizzando versione 6.1.1-alpha.8 (2188/3696)...
2025-11-12 09:47:30,284 - UnicodeAnalyzer - INFO - Filtrati 3 file (es. in /dist, /test).
2025-11-12 09:47:30,284 - UnicodeAnalyzer - INFO - -> Analizzando versione 6.1.1-alpha.9 (2189/3696)...
2025-11-12 09:47:30,284 - UnicodeAnalyzer - INFO - Filtrati 3 file (es. in /dist, /test).
2025-11-12 09:47:30,284 - UnicodeAnalyzer - INFO - -> Analizzando versione 6.10.0 (2190/3696)...
2025-11-12 09:47:30,285 - UnicodeAnalyzer - INFO - Filtrati 3 file (es. in /dist, /test).
2025-11-12 09:47:30,285 - UnicodeAnalyzer - INFO - -> Analizzando versione 6.10.1-alpha.1 (2191/3696)...
2025-11-12 09:47:30,285 - UnicodeAnalyzer - INFO - Filtrati 3 file (es. in /dist, /test).
2025-11-12 09:47:30,285 - UnicodeAnalyzer - INFO - -> Analizzando versione 6.10.1-alpha.10 (2192/3696)...
2025-11-12 09:47:30,285 - UnicodeAnalyzer - INFO - Filtrati 3 file (es. in /dist, /test).
2025-11-12 09:47:30,285 - UnicodeAnalyzer - INFO - -> Analizzando versione 6.10.1-alpha.11 (2193/3696)...
2025-11-12 09:47:30,285 - UnicodeAnalyzer - INFO - Filtrati 3 file (es. in /dist, /test).
2025-11-12 09:47:30,285 - UnicodeAnalyzer - INFO - -> Analizzando versione 6.10.1-alpha.7 (2194/3696)...
2025-11-12 09:47:30,286 - UnicodeAnalyzer - INFO - Filtrati 3 file (es. in /dist, /test).
2025-11-12 09:47:30,286 - UnicodeAnalyzer - INFO - -> Analizzando versione 6.10.1-alpha.8 (2195/3696)...
2025-11-12 09:47:30,286 - UnicodeAnalyzer - INFO - Filtrati 3 file (es. in /dist, /test).
2025-11-12 09:47:30,286 - UnicodeAnalyzer - INFO - -> Analizzando versione 6.10.1-alpha.9 (2196/3696)...
2025-11-12 09:47:30,286 - UnicodeAnalyzer - INFO - Filtrati 3 file (es. in /dist, /test).
2025-11-12 09:47:30,286 - UnicodeAnalyzer - INFO - -> Analizzando versione 6.11.0 (2197/3696)...
2025-11-12 09:47:30,287 - UnicodeAnalyzer - INFO - Filtrati 3 file (es. in /dist, /test).
2025-11-12 09:47:30,287 - UnicodeAnalyzer - INFO - -> Analizzando versione 6.11.1-alpha.0 (2198/3696)...
2025-11-12 09:47:30,287 - UnicodeAnalyzer - INFO - Filtrati 3 file (es. in /dist, /test).
2025-11-12 09:47:30,287 - UnicodeAnalyzer - INFO - -> Analizzando versione 6.11.1-alpha.10 (2199/3696)...
2025-11-12 09:47:30,287 - UnicodeAnalyzer - INFO - Filtrati 3 file (es. in /dist, /test).
2025-11-12 09:47:30,287 - UnicodeAnalyzer - INFO - -> Analizzando versione 6.11.1-alpha.12 (2200/3696)...
2025-11-12 09:47:30,287 - UnicodeAnalyzer - INFO - Filtrati 3 file (es. in /dist, /test).
2025-11-12 09:47:30,287 - UnicodeAnalyzer - INFO - -> Analizzando versione 6.11.1-alpha.14 (2201/3696)...
2025-11-12 09:47:30,288 - UnicodeAnalyzer - INFO - Filtrati 3 file (es. in /dist, /test).
2025-11-12 09:47:30,288 - UnicodeAnalyzer - INFO - -> Analizzando versione 6.11.1-alpha.15 (2202/3696)...
2025-11-12 09:47:30,288 - UnicodeAnalyzer - INFO - Filtrati 3 file (es. in /dist, /test).
2025-11-12 09:47:30,288 - UnicodeAnalyzer - INFO - -> Analizzando versione 6.11.1-alpha.16 (2203/3696)...
2025-11-12 09:47:30,288 - UnicodeAnalyzer - INFO - Filtrati 3 file (es. in /dist, /test).
2025-11-12 09:47:30,288 - UnicodeAnalyzer - INFO - -> Analizzando versione 6.11.1-alpha.17 (2204/3696)...
2025-11-12 09:47:30,289 - UnicodeAnalyzer - INFO - Filtrati 3 file (es. in /dist, /test).
2025-11-12 09:47:30,289 - UnicodeAnalyzer - INFO - -> Analizzando versione 6.11.1-alpha.18 (2205/3696)...
2025-11-12 09:47:30,289 - UnicodeAnalyzer - INFO - Filtrati 3 file (es. in /dist, /test).
2025-11-12 09:47:30,289 - UnicodeAnalyzer - INFO - -> Analizzando versione 6.11.1-alpha.19 (2206/3696)...
2025-11-12 09:47:30,289 - UnicodeAnalyzer - INFO - Filtrati 3 file (es. in /dist, /test).
2025-11-12 09:47:30,289 - UnicodeAnalyzer - INFO - -> Analizzando versione 6.11.1-alpha.20 (2207/3696)...
2025-11-12 09:47:30,289 - UnicodeAnalyzer - INFO - Filtrati 3 file (es. in /dist, /test).
2025-11-12 09:47:30,289 - UnicodeAnalyzer - INFO - -> Analizzando versione 6.11.1-alpha.21 (2208/3696)...
2025-11-12 09:47:30,290 - UnicodeAnalyzer - INFO - Filtrati 3 file (es. in /dist, /test).
2025-11-12 09:47:30,290 - UnicodeAnalyzer - INFO - -> Analizzando versione 6.11.1-alpha.22 (2209/3696)...
2025-11-12 09:47:30,290 - UnicodeAnalyzer - INFO - Filtrati 3 file (es. in /dist, /test).
2025-11-12 09:47:30,290 - UnicodeAnalyzer - INFO - -> Analizzando versione 6.11.1-alpha.23 (2210/3696)...
2025-11-12 09:47:30,290 - UnicodeAnalyzer - INFO - Filtrati 3 file (es. in /dist, /test).
2025-11-12 09:47:30,290 - UnicodeAnalyzer - INFO - -> Analizzando versione 6.11.1-alpha.24 (2211/3696)...
2025-11-12 09:47:30,291 - UnicodeAnalyzer - INFO - Filtrati 3 file (es. in /dist, /test).
2025-11-12 09:47:30,291 - UnicodeAnalyzer - INFO - -> Analizzando versione 6.11.1-alpha.27 (2212/3696)...
2025-11-12 09:47:30,291 - UnicodeAnalyzer - INFO - Filtrati 3 file (es. in /dist, /test).
2025-11-12 09:47:30,291 - UnicodeAnalyzer - INFO - -> Analizzando versione 6.11.1-alpha.28 (2213/3696)...
2025-11-12 09:47:30,291 - UnicodeAnalyzer - INFO - Filtrati 3 file (es. in /dist, /test).
2025-11-12 09:47:30,291 - UnicodeAnalyzer - INFO - -> Analizzando versione 6.11.1-alpha.3 (2214/3696)...
2025-11-12 09:47:30,291 - UnicodeAnalyzer - INFO - Filtrati 3 file (es. in /dist, /test).
2025-11-12 09:47:30,291 - UnicodeAnalyzer - INFO - -> Analizzando versione 6.11.1-alpha.36 (2215/3696)...
2025-11-12 09:47:30,292 - UnicodeAnalyzer - INFO - Filtrati 3 file (es. in /dist, /test).
2025-11-12 09:47:30,292 - UnicodeAnalyzer - INFO - -> Analizzando versione 6.11.1-alpha.38 (2216/3696)...
2025-11-12 09:47:30,292 - UnicodeAnalyzer - INFO - Filtrati 3 file (es. in /dist, /test).
2025-11-12 09:47:30,292 - UnicodeAnalyzer - INFO - -> Analizzando versione 6.11.1-alpha.9 (2217/3696)...
2025-11-12 09:47:30,292 - UnicodeAnalyzer - INFO - Filtrati 3 file (es. in /dist, /test).
2025-11-12 09:47:30,292 - UnicodeAnalyzer - INFO - -> Analizzando versione 6.12.0 (2218/3696)...
2025-11-12 09:47:30,292 - UnicodeAnalyzer - INFO - Filtrati 3 file (es. in /dist, /test).
2025-11-12 09:47:30,293 - UnicodeAnalyzer - INFO - -> Analizzando versione 6.12.1-alpha.0 (2219/3696)...
2025-11-12 09:47:30,293 - UnicodeAnalyzer - INFO - Filtrati 3 file (es. in /dist, /test).
2025-11-12 09:47:30,293 - UnicodeAnalyzer - INFO - -> Analizzando versione 6.12.1-alpha.1 (2220/3696)...
2025-11-12 09:47:30,293 - UnicodeAnalyzer - INFO - Filtrati 3 file (es. in /dist, /test).
2025-11-12 09:47:30,293 - UnicodeAnalyzer - INFO - -> Analizzando versione 6.12.1-alpha.2 (2221/3696)...
2025-11-12 09:47:30,293 - UnicodeAnalyzer - INFO - Filtrati 3 file (es. in /dist, /test).
2025-11-12 09:47:30,293 - UnicodeAnalyzer - INFO - -> Analizzando versione 6.12.1-alpha.3 (2222/3696)...
2025-11-12 09:47:30,294 - UnicodeAnalyzer - INFO - Filtrati 3 file (es. in /dist, /test).
2025-11-12 09:47:30,294 - UnicodeAnalyzer - INFO - -> Analizzando versione 6.12.1-alpha.4 (2223/3696)...
2025-11-12 09:47:30,294 - UnicodeAnalyzer - INFO - Filtrati 3 file (es. in /dist, /test).
2025-11-12 09:47:30,294 - UnicodeAnalyzer - INFO - -> Analizzando versione 6.12.1-alpha.5 (2224/3696)...
2025-11-12 09:47:30,294 - UnicodeAnalyzer - INFO - Filtrati 3 file (es. in /dist, /test).
2025-11-12 09:47:30,294 - UnicodeAnalyzer - INFO - -> Analizzando versione 6.12.1-alpha.6 (2225/3696)...
2025-11-12 09:47:30,294 - UnicodeAnalyzer - INFO - Filtrati 3 file (es. in /dist, /test).
2025-11-12 09:47:30,295 - UnicodeAnalyzer - INFO - -> Analizzando versione 6.12.1-alpha.7 (2226/3696)...
2025-11-12 09:47:30,295 - UnicodeAnalyzer - INFO - Filtrati 3 file (es. in /dist, /test).
2025-11-12 09:47:30,295 - UnicodeAnalyzer - INFO - -> Analizzando versione 6.13.0 (2227/3696)...
2025-11-12 09:47:30,295 - UnicodeAnalyzer - INFO - Filtrati 3 file (es. in /dist, /test).
2025-11-12 09:47:30,295 - UnicodeAnalyzer - INFO - -> Analizzando versione 6.13.1 (2228/3696)...
2025-11-12 09:47:30,295 - UnicodeAnalyzer - INFO - Filtrati 3 file (es. in /dist, /test).
2025-11-12 09:47:30,295 - UnicodeAnalyzer - INFO - -> Analizzando versione 6.13.1-alpha.0 (2229/3696)...
2025-11-12 09:47:30,296 - UnicodeAnalyzer - INFO - Filtrati 3 file (es. in /dist, /test).
2025-11-12 09:47:30,296 - UnicodeAnalyzer - INFO - -> Analizzando versione 6.13.2 (2230/3696)...
2025-11-12 09:47:30,296 - UnicodeAnalyzer - INFO - Filtrati 3 file (es. in /dist, /test).
2025-11-12 09:47:30,296 - UnicodeAnalyzer - INFO - -> Analizzando versione 6.13.2-alpha.0 (2231/3696)...
2025-11-12 09:47:30,296 - UnicodeAnalyzer - INFO - Filtrati 3 file (es. in /dist, /test).
2025-11-12 09:47:30,296 - UnicodeAnalyzer - INFO - -> Analizzando versione 6.13.2-alpha.1 (2232/3696)...
2025-11-12 09:47:30,297 - UnicodeAnalyzer - INFO - Filtrati 3 file (es. in /dist, /test).
2025-11-12 09:47:30,297 - UnicodeAnalyzer - INFO - -> Analizzando versione 6.13.2-alpha.2 (2233/3696)...
2025-11-12 09:47:30,297 - UnicodeAnalyzer - INFO - Filtrati 3 file (es. in /dist, /test).
2025-11-12 09:47:30,297 - UnicodeAnalyzer - INFO - -> Analizzando versione 6.13.2-alpha.3 (2234/3696)...
2025-11-12 09:47:30,297 - UnicodeAnalyzer - INFO - Filtrati 3 file (es. in /dist, /test).
2025-11-12 09:47:30,297 - UnicodeAnalyzer - INFO - -> Analizzando versione 6.13.2-alpha.4 (2235/3696)...
2025-11-12 09:47:30,297 - UnicodeAnalyzer - INFO - Filtrati 3 file (es. in /dist, /test).
2025-11-12 09:47:30,297 - UnicodeAnalyzer - INFO - -> Analizzando versione 6.13.2-alpha.5 (2236/3696)...
2025-11-12 09:47:30,298 - UnicodeAnalyzer - INFO - Filtrati 3 file (es. in /dist, /test).
2025-11-12 09:47:30,298 - UnicodeAnalyzer - INFO - -> Analizzando versione 6.13.2-alpha.7 (2237/3696)...
2025-11-12 09:47:30,298 - UnicodeAnalyzer - INFO - Filtrati 3 file (es. in /dist, /test).
2025-11-12 09:47:30,298 - UnicodeAnalyzer - INFO - -> Analizzando versione 6.14.0 (2238/3696)...
2025-11-12 09:47:30,298 - UnicodeAnalyzer - INFO - Filtrati 3 file (es. in /dist, /test).
2025-11-12 09:47:30,298 - UnicodeAnalyzer - INFO - -> Analizzando versione 6.15.0 (2239/3696)...
2025-11-12 09:47:30,299 - UnicodeAnalyzer - INFO - Filtrati 3 file (es. in /dist, /test).
2025-11-12 09:47:30,299 - UnicodeAnalyzer - INFO - -> Analizzando versione 6.16.0 (2240/3696)...
2025-11-12 09:47:30,299 - UnicodeAnalyzer - INFO - Filtrati 3 file (es. in /dist, /test).
2025-11-12 09:47:30,299 - UnicodeAnalyzer - INFO - -> Analizzando versione 6.17.0 (2241/3696)...
2025-11-12 09:47:30,299 - UnicodeAnalyzer - INFO - Filtrati 3 file (es. in /dist, /test).
2025-11-12 09:47:30,299 - UnicodeAnalyzer - INFO - -> Analizzando versione 6.17.1-alpha.0 (2242/3696)...
2025-11-12 09:47:30,299 - UnicodeAnalyzer - INFO - Filtrati 3 file (es. in /dist, /test).
2025-11-12 09:47:30,299 - UnicodeAnalyzer - INFO - -> Analizzando versione 6.17.1-alpha.1 (2243/3696)...
2025-11-12 09:47:30,300 - UnicodeAnalyzer - INFO - Filtrati 3 file (es. in /dist, /test).
2025-11-12 09:47:30,300 - UnicodeAnalyzer - INFO - -> Analizzando versione 6.18.0 (2244/3696)...
2025-11-12 09:47:30,300 - UnicodeAnalyzer - INFO - Filtrati 3 file (es. in /dist, /test).
2025-11-12 09:47:30,300 - UnicodeAnalyzer - INFO - -> Analizzando versione 6.18.1 (2245/3696)...
2025-11-12 09:47:30,300 - UnicodeAnalyzer - INFO - Filtrati 3 file (es. in /dist, /test).
2025-11-12 09:47:30,300 - UnicodeAnalyzer - INFO - -> Analizzando versione 6.18.1-alpha.0 (2246/3696)...
2025-11-12 09:47:30,300 - UnicodeAnalyzer - INFO - Filtrati 3 file (es. in /dist, /test).
2025-11-12 09:47:30,301 - UnicodeAnalyzer - INFO - -> Analizzando versione 6.18.1-alpha.1 (2247/3696)...
2025-11-12 09:47:30,301 - UnicodeAnalyzer - INFO - Filtrati 3 file (es. in /dist, /test).
2025-11-12 09:47:30,301 - UnicodeAnalyzer - INFO - -> Analizzando versione 6.18.1-alpha.2 (2248/3696)...
2025-11-12 09:47:30,301 - UnicodeAnalyzer - INFO - Filtrati 3 file (es. in /dist, /test).
2025-11-12 09:47:30,301 - UnicodeAnalyzer - INFO - -> Analizzando versione 6.18.1-alpha.3 (2249/3696)...
2025-11-12 09:47:30,301 - UnicodeAnalyzer - INFO - Filtrati 3 file (es. in /dist, /test).
2025-11-12 09:47:30,301 - UnicodeAnalyzer - INFO - -> Analizzando versione 6.18.1-alpha.4 (2250/3696)...
2025-11-12 09:47:30,302 - UnicodeAnalyzer - INFO - Filtrati 3 file (es. in /dist, /test).
2025-11-12 09:47:30,302 - UnicodeAnalyzer - INFO - -> Analizzando versione 6.18.1-alpha.5 (2251/3696)...
2025-11-12 09:47:30,302 - UnicodeAnalyzer - INFO - Filtrati 3 file (es. in /dist, /test).
2025-11-12 09:47:30,302 - UnicodeAnalyzer - INFO - -> Analizzando versione 6.18.1-alpha.6 (2252/3696)...
2025-11-12 09:47:30,302 - UnicodeAnalyzer - INFO - Filtrati 3 file (es. in /dist, /test).
2025-11-12 09:47:30,302 - UnicodeAnalyzer - INFO - -> Analizzando versione 6.18.2-alpha.0 (2253/3696)...
2025-11-12 09:47:30,302 - UnicodeAnalyzer - INFO - Filtrati 3 file (es. in /dist, /test).
2025-11-12 09:47:30,302 - UnicodeAnalyzer - INFO - -> Analizzando versione 6.18.2-alpha.1 (2254/3696)...
2025-11-12 09:47:30,303 - UnicodeAnalyzer - INFO - Filtrati 3 file (es. in /dist, /test).
2025-11-12 09:47:30,303 - UnicodeAnalyzer - INFO - -> Analizzando versione 6.18.2-alpha.2 (2255/3696)...
2025-11-12 09:47:30,303 - UnicodeAnalyzer - INFO - Filtrati 3 file (es. in /dist, /test).
2025-11-12 09:47:30,303 - UnicodeAnalyzer - INFO - -> Analizzando versione 6.18.2-alpha.3 (2256/3696)...
2025-11-12 09:47:30,303 - UnicodeAnalyzer - INFO - Filtrati 3 file (es. in /dist, /test).
2025-11-12 09:47:30,303 - UnicodeAnalyzer - INFO - -> Analizzando versione 6.18.2-alpha.4 (2257/3696)...
2025-11-12 09:47:30,304 - UnicodeAnalyzer - INFO - Filtrati 3 file (es. in /dist, /test).
2025-11-12 09:47:30,304 - UnicodeAnalyzer - INFO - -> Analizzando versione 6.18.2-alpha.5 (2258/3696)...
2025-11-12 09:47:30,304 - UnicodeAnalyzer - INFO - Filtrati 3 file (es. in /dist, /test).
2025-11-12 09:47:30,304 - UnicodeAnalyzer - INFO - -> Analizzando versione 6.18.2-alpha.6 (2259/3696)...
2025-11-12 09:47:30,304 - UnicodeAnalyzer - INFO - Filtrati 3 file (es. in /dist, /test).
2025-11-12 09:47:30,304 - UnicodeAnalyzer - INFO - -> Analizzando versione 6.18.2-alpha.7 (2260/3696)...
2025-11-12 09:47:30,304 - UnicodeAnalyzer - INFO - Filtrati 3 file (es. in /dist, /test).
2025-11-12 09:47:30,304 - UnicodeAnalyzer - INFO - -> Analizzando versione 6.19.0 (2261/3696)...
2025-11-12 09:47:30,305 - UnicodeAnalyzer - INFO - Filtrati 3 file (es. in /dist, /test).
2025-11-12 09:47:30,305 - UnicodeAnalyzer - INFO - -> Analizzando versione 6.19.1 (2262/3696)...
2025-11-12 09:47:30,305 - UnicodeAnalyzer - INFO - Filtrati 3 file (es. in /dist, /test).
2025-11-12 09:47:30,305 - UnicodeAnalyzer - INFO - -> Analizzando versione 6.19.1-alpha.0 (2263/3696)...
2025-11-12 09:47:30,305 - UnicodeAnalyzer - INFO - Filtrati 3 file (es. in /dist, /test).
2025-11-12 09:47:30,305 - UnicodeAnalyzer - INFO - -> Analizzando versione 6.19.1-alpha.1 (2264/3696)...
2025-11-12 09:47:30,306 - UnicodeAnalyzer - INFO - Filtrati 3 file (es. in /dist, /test).
2025-11-12 09:47:30,306 - UnicodeAnalyzer - INFO - -> Analizzando versione 6.19.1-alpha.2 (2265/3696)...
2025-11-12 09:47:30,306 - UnicodeAnalyzer - INFO - Filtrati 3 file (es. in /dist, /test).
2025-11-12 09:47:30,306 - UnicodeAnalyzer - INFO - -> Analizzando versione 6.19.2-alpha.0 (2266/3696)...
2025-11-12 09:47:30,306 - UnicodeAnalyzer - INFO - Filtrati 3 file (es. in /dist, /test).
2025-11-12 09:47:30,306 - UnicodeAnalyzer - INFO - -> Analizzando versione 6.19.2-alpha.1 (2267/3696)...
2025-11-12 09:47:30,307 - UnicodeAnalyzer - INFO - Filtrati 3 file (es. in /dist, /test).
2025-11-12 09:47:30,307 - UnicodeAnalyzer - INFO - -> Analizzando versione 6.19.2-alpha.2 (2268/3696)...
2025-11-12 09:47:30,307 - UnicodeAnalyzer - INFO - Filtrati 3 file (es. in /dist, /test).
2025-11-12 09:47:30,307 - UnicodeAnalyzer - INFO - -> Analizzando versione 6.19.2-alpha.3 (2269/3696)...
2025-11-12 09:47:30,307 - UnicodeAnalyzer - INFO - Filtrati 3 file (es. in /dist, /test).
2025-11-12 09:47:30,307 - UnicodeAnalyzer - INFO - -> Analizzando versione 6.19.2-alpha.4 (2270/3696)...
2025-11-12 09:47:30,307 - UnicodeAnalyzer - INFO - Filtrati 3 file (es. in /dist, /test).
2025-11-12 09:47:30,308 - UnicodeAnalyzer - INFO - -> Analizzando versione 6.19.2-alpha.5 (2271/3696)...
2025-11-12 09:47:30,308 - UnicodeAnalyzer - INFO - Filtrati 3 file (es. in /dist, /test).
2025-11-12 09:47:30,308 - UnicodeAnalyzer - INFO - -> Analizzando versione 6.19.2-alpha.6 (2272/3696)...
2025-11-12 09:47:30,308 - UnicodeAnalyzer - INFO - Filtrati 3 file (es. in /dist, /test).
2025-11-12 09:47:30,308 - UnicodeAnalyzer - INFO - -> Analizzando versione 6.19.2-alpha.7 (2273/3696)...
2025-11-12 09:47:30,308 - UnicodeAnalyzer - INFO - Filtrati 3 file (es. in /dist, /test).
2025-11-12 09:47:30,308 - UnicodeAnalyzer - INFO - -> Analizzando versione 6.19.2-alpha.8 (2274/3696)...
2025-11-12 09:47:30,309 - UnicodeAnalyzer - INFO - Filtrati 3 file (es. in /dist, /test).
2025-11-12 09:47:30,309 - UnicodeAnalyzer - INFO - -> Analizzando versione 6.2.0 (2275/3696)...
2025-11-12 09:47:30,309 - UnicodeAnalyzer - INFO - Filtrati 3 file (es. in /dist, /test).
2025-11-12 09:47:30,309 - UnicodeAnalyzer - INFO - -> Analizzando versione 6.2.1 (2276/3696)...
2025-11-12 09:47:30,309 - UnicodeAnalyzer - INFO - Filtrati 3 file (es. in /dist, /test).
2025-11-12 09:47:30,309 - UnicodeAnalyzer - INFO - -> Analizzando versione 6.2.1-alpha.0 (2277/3696)...
2025-11-12 09:47:30,310 - UnicodeAnalyzer - INFO - Filtrati 3 file (es. in /dist, /test).
2025-11-12 09:47:30,310 - UnicodeAnalyzer - INFO - -> Analizzando versione 6.2.1-alpha.1 (2278/3696)...
2025-11-12 09:47:30,310 - UnicodeAnalyzer - INFO - Filtrati 3 file (es. in /dist, /test).
2025-11-12 09:47:30,310 - UnicodeAnalyzer - INFO - -> Analizzando versione 6.2.1-alpha.10 (2279/3696)...
2025-11-12 09:47:30,310 - UnicodeAnalyzer - INFO - Filtrati 3 file (es. in /dist, /test).
2025-11-12 09:47:30,310 - UnicodeAnalyzer - INFO - -> Analizzando versione 6.2.1-alpha.11 (2280/3696)...
2025-11-12 09:47:30,311 - UnicodeAnalyzer - INFO - Filtrati 3 file (es. in /dist, /test).
2025-11-12 09:47:30,311 - UnicodeAnalyzer - INFO - -> Analizzando versione 6.2.1-alpha.12 (2281/3696)...
2025-11-12 09:47:30,311 - UnicodeAnalyzer - INFO - Filtrati 3 file (es. in /dist, /test).
2025-11-12 09:47:30,311 - UnicodeAnalyzer - INFO - -> Analizzando versione 6.2.1-alpha.13 (2282/3696)...
2025-11-12 09:47:30,311 - UnicodeAnalyzer - INFO - Filtrati 3 file (es. in /dist, /test).
2025-11-12 09:47:30,311 - UnicodeAnalyzer - INFO - -> Analizzando versione 6.2.1-alpha.14 (2283/3696)...
2025-11-12 09:47:30,311 - UnicodeAnalyzer - INFO - Filtrati 3 file (es. in /dist, /test).
2025-11-12 09:47:30,312 - UnicodeAnalyzer - INFO - -> Analizzando versione 6.2.1-alpha.15 (2284/3696)...
2025-11-12 09:47:30,312 - UnicodeAnalyzer - INFO - Filtrati 3 file (es. in /dist, /test).
2025-11-12 09:47:30,312 - UnicodeAnalyzer - INFO - -> Analizzando versione 6.2.1-alpha.16 (2285/3696)...
2025-11-12 09:47:30,312 - UnicodeAnalyzer - INFO - Filtrati 3 file (es. in /dist, /test).
2025-11-12 09:47:30,312 - UnicodeAnalyzer - INFO - -> Analizzando versione 6.2.1-alpha.17 (2286/3696)...
2025-11-12 09:47:30,312 - UnicodeAnalyzer - INFO - Filtrati 3 file (es. in /dist, /test).
2025-11-12 09:47:30,312 - UnicodeAnalyzer - INFO - -> Analizzando versione 6.2.1-alpha.18 (2287/3696)...
2025-11-12 09:47:30,313 - UnicodeAnalyzer - INFO - Filtrati 3 file (es. in /dist, /test).
2025-11-12 09:47:30,313 - UnicodeAnalyzer - INFO - -> Analizzando versione 6.2.1-alpha.19 (2288/3696)...
2025-11-12 09:47:30,313 - UnicodeAnalyzer - INFO - Filtrati 3 file (es. in /dist, /test).
2025-11-12 09:47:30,313 - UnicodeAnalyzer - INFO - -> Analizzando versione 6.2.1-alpha.2 (2289/3696)...
2025-11-12 09:47:30,313 - UnicodeAnalyzer - INFO - Filtrati 3 file (es. in /dist, /test).
2025-11-12 09:47:30,313 - UnicodeAnalyzer - INFO - -> Analizzando versione 6.2.1-alpha.20 (2290/3696)...
2025-11-12 09:47:30,314 - UnicodeAnalyzer - INFO - Filtrati 3 file (es. in /dist, /test).
2025-11-12 09:47:30,314 - UnicodeAnalyzer - INFO - -> Analizzando versione 6.2.1-alpha.21 (2291/3696)...
2025-11-12 09:47:30,314 - UnicodeAnalyzer - INFO - Filtrati 3 file (es. in /dist, /test).
2025-11-12 09:47:30,314 - UnicodeAnalyzer - INFO - -> Analizzando versione 6.2.1-alpha.22 (2292/3696)...
2025-11-12 09:47:30,314 - UnicodeAnalyzer - INFO - Filtrati 3 file (es. in /dist, /test).
2025-11-12 09:47:30,314 - UnicodeAnalyzer - INFO - -> Analizzando versione 6.2.1-alpha.23 (2293/3696)...
2025-11-12 09:47:30,315 - UnicodeAnalyzer - INFO - Filtrati 3 file (es. in /dist, /test).
2025-11-12 09:47:30,315 - UnicodeAnalyzer - INFO - -> Analizzando versione 6.2.1-alpha.25 (2294/3696)...
2025-11-12 09:47:30,315 - UnicodeAnalyzer - INFO - Filtrati 3 file (es. in /dist, /test).
2025-11-12 09:47:30,315 - UnicodeAnalyzer - INFO - -> Analizzando versione 6.2.1-alpha.26 (2295/3696)...
2025-11-12 09:47:30,315 - UnicodeAnalyzer - INFO - Filtrati 3 file (es. in /dist, /test).
2025-11-12 09:47:30,315 - UnicodeAnalyzer - INFO - -> Analizzando versione 6.2.1-alpha.27 (2296/3696)...
2025-11-12 09:47:30,316 - UnicodeAnalyzer - INFO - Filtrati 3 file (es. in /dist, /test).
2025-11-12 09:47:30,316 - UnicodeAnalyzer - INFO - -> Analizzando versione 6.2.1-alpha.28 (2297/3696)...
2025-11-12 09:47:30,316 - UnicodeAnalyzer - INFO - Filtrati 3 file (es. in /dist, /test).
2025-11-12 09:47:30,316 - UnicodeAnalyzer - INFO - -> Analizzando versione 6.2.1-alpha.29 (2298/3696)...
2025-11-12 09:47:30,316 - UnicodeAnalyzer - INFO - Filtrati 3 file (es. in /dist, /test).
2025-11-12 09:47:30,316 - UnicodeAnalyzer - INFO - -> Analizzando versione 6.2.1-alpha.3 (2299/3696)...
2025-11-12 09:47:30,317 - UnicodeAnalyzer - INFO - Filtrati 3 file (es. in /dist, /test).
2025-11-12 09:47:30,317 - UnicodeAnalyzer - INFO - -> Analizzando versione 6.2.1-alpha.30 (2300/3696)...
2025-11-12 09:47:30,317 - UnicodeAnalyzer - INFO - Filtrati 3 file (es. in /dist, /test).
2025-11-12 09:47:30,317 - UnicodeAnalyzer - INFO - -> Analizzando versione 6.2.1-alpha.31 (2301/3696)...
2025-11-12 09:47:30,317 - UnicodeAnalyzer - INFO - Filtrati 3 file (es. in /dist, /test).
2025-11-12 09:47:30,317 - UnicodeAnalyzer - INFO - -> Analizzando versione 6.2.1-alpha.32 (2302/3696)...
2025-11-12 09:47:30,318 - UnicodeAnalyzer - INFO - Filtrati 3 file (es. in /dist, /test).
2025-11-12 09:47:30,318 - UnicodeAnalyzer - INFO - -> Analizzando versione 6.2.1-alpha.5 (2303/3696)...
2025-11-12 09:47:30,318 - UnicodeAnalyzer - INFO - Filtrati 3 file (es. in /dist, /test).
2025-11-12 09:47:30,318 - UnicodeAnalyzer - INFO - -> Analizzando versione 6.2.1-alpha.6 (2304/3696)...
2025-11-12 09:47:30,318 - UnicodeAnalyzer - INFO - Filtrati 3 file (es. in /dist, /test).
2025-11-12 09:47:30,318 - UnicodeAnalyzer - INFO - -> Analizzando versione 6.2.1-alpha.7 (2305/3696)...
2025-11-12 09:47:30,318 - UnicodeAnalyzer - INFO - Filtrati 3 file (es. in /dist, /test).
2025-11-12 09:47:30,318 - UnicodeAnalyzer - INFO - -> Analizzando versione 6.2.1-alpha.8 (2306/3696)...
2025-11-12 09:47:30,319 - UnicodeAnalyzer - INFO - Filtrati 3 file (es. in /dist, /test).
2025-11-12 09:47:30,319 - UnicodeAnalyzer - INFO - -> Analizzando versione 6.2.1-alpha.9 (2307/3696)...
2025-11-12 09:47:30,319 - UnicodeAnalyzer - INFO - Filtrati 3 file (es. in /dist, /test).
2025-11-12 09:47:30,319 - UnicodeAnalyzer - INFO - -> Analizzando versione 6.2.2-alpha.0 (2308/3696)...
2025-11-12 09:47:30,319 - UnicodeAnalyzer - INFO - Filtrati 3 file (es. in /dist, /test).
2025-11-12 09:47:30,319 - UnicodeAnalyzer - INFO - -> Analizzando versione 6.2.2-alpha.1 (2309/3696)...
2025-11-12 09:47:30,320 - UnicodeAnalyzer - INFO - Filtrati 3 file (es. in /dist, /test).
2025-11-12 09:47:30,320 - UnicodeAnalyzer - INFO - -> Analizzando versione 6.2.2-alpha.10 (2310/3696)...
2025-11-12 09:47:30,320 - UnicodeAnalyzer - INFO - Filtrati 3 file (es. in /dist, /test).
2025-11-12 09:47:30,320 - UnicodeAnalyzer - INFO - -> Analizzando versione 6.2.2-alpha.11 (2311/3696)...
2025-11-12 09:47:30,320 - UnicodeAnalyzer - INFO - Filtrati 3 file (es. in /dist, /test).
2025-11-12 09:47:30,320 - UnicodeAnalyzer - INFO - -> Analizzando versione 6.2.2-alpha.12 (2312/3696)...
2025-11-12 09:47:30,321 - UnicodeAnalyzer - INFO - Filtrati 3 file (es. in /dist, /test).
2025-11-12 09:47:30,321 - UnicodeAnalyzer - INFO - -> Analizzando versione 6.2.2-alpha.13 (2313/3696)...
2025-11-12 09:47:30,321 - UnicodeAnalyzer - INFO - Filtrati 3 file (es. in /dist, /test).
2025-11-12 09:47:30,321 - UnicodeAnalyzer - INFO - -> Analizzando versione 6.2.2-alpha.14 (2314/3696)...
2025-11-12 09:47:30,321 - UnicodeAnalyzer - INFO - Filtrati 3 file (es. in /dist, /test).
2025-11-12 09:47:30,321 - UnicodeAnalyzer - INFO - -> Analizzando versione 6.2.2-alpha.15 (2315/3696)...
2025-11-12 09:47:30,322 - UnicodeAnalyzer - INFO - Filtrati 3 file (es. in /dist, /test).
2025-11-12 09:47:30,322 - UnicodeAnalyzer - INFO - -> Analizzando versione 6.2.2-alpha.16 (2316/3696)...
2025-11-12 09:47:30,322 - UnicodeAnalyzer - INFO - Filtrati 3 file (es. in /dist, /test).
2025-11-12 09:47:30,322 - UnicodeAnalyzer - INFO - -> Analizzando versione 6.2.2-alpha.17 (2317/3696)...
2025-11-12 09:47:30,322 - UnicodeAnalyzer - INFO - Filtrati 3 file (es. in /dist, /test).
2025-11-12 09:47:30,322 - UnicodeAnalyzer - INFO - -> Analizzando versione 6.2.2-alpha.18 (2318/3696)...
2025-11-12 09:47:30,323 - UnicodeAnalyzer - INFO - Filtrati 3 file (es. in /dist, /test).
2025-11-12 09:47:30,323 - UnicodeAnalyzer - INFO - -> Analizzando versione 6.2.2-alpha.2 (2319/3696)...
2025-11-12 09:47:30,323 - UnicodeAnalyzer - INFO - Filtrati 3 file (es. in /dist, /test).
2025-11-12 09:47:30,323 - UnicodeAnalyzer - INFO - -> Analizzando versione 6.2.2-alpha.20 (2320/3696)...
2025-11-12 09:47:30,323 - UnicodeAnalyzer - INFO - Filtrati 3 file (es. in /dist, /test).
2025-11-12 09:47:30,323 - UnicodeAnalyzer - INFO - -> Analizzando versione 6.2.2-alpha.21 (2321/3696)...
2025-11-12 09:47:30,324 - UnicodeAnalyzer - INFO - Filtrati 3 file (es. in /dist, /test).
2025-11-12 09:47:30,324 - UnicodeAnalyzer - INFO - -> Analizzando versione 6.2.2-alpha.22 (2322/3696)...
2025-11-12 09:47:30,324 - UnicodeAnalyzer - INFO - Filtrati 3 file (es. in /dist, /test).
2025-11-12 09:47:30,324 - UnicodeAnalyzer - INFO - -> Analizzando versione 6.2.2-alpha.23 (2323/3696)...
2025-11-12 09:47:30,324 - UnicodeAnalyzer - INFO - Filtrati 3 file (es. in /dist, /test).
2025-11-12 09:47:30,325 - UnicodeAnalyzer - INFO - -> Analizzando versione 6.2.2-alpha.3 (2324/3696)...
2025-11-12 09:47:30,325 - UnicodeAnalyzer - INFO - Filtrati 3 file (es. in /dist, /test).
2025-11-12 09:47:30,325 - UnicodeAnalyzer - INFO - -> Analizzando versione 6.2.2-alpha.4 (2325/3696)...
2025-11-12 09:47:30,325 - UnicodeAnalyzer - INFO - Filtrati 3 file (es. in /dist, /test).
2025-11-12 09:47:30,325 - UnicodeAnalyzer - INFO - -> Analizzando versione 6.2.2-alpha.5 (2326/3696)...
2025-11-12 09:47:30,325 - UnicodeAnalyzer - INFO - Filtrati 3 file (es. in /dist, /test).
2025-11-12 09:47:30,326 - UnicodeAnalyzer - INFO - -> Analizzando versione 6.2.2-alpha.6 (2327/3696)...
2025-11-12 09:47:30,326 - UnicodeAnalyzer - INFO - Filtrati 3 file (es. in /dist, /test).
2025-11-12 09:47:30,326 - UnicodeAnalyzer - INFO - -> Analizzando versione 6.2.2-alpha.7 (2328/3696)...
2025-11-12 09:47:30,326 - UnicodeAnalyzer - INFO - Filtrati 3 file (es. in /dist, /test).
2025-11-12 09:47:30,326 - UnicodeAnalyzer - INFO - -> Analizzando versione 6.2.2-alpha.8 (2329/3696)...
2025-11-12 09:47:30,326 - UnicodeAnalyzer - INFO - Filtrati 3 file (es. in /dist, /test).
2025-11-12 09:47:30,326 - UnicodeAnalyzer - INFO - -> Analizzando versione 6.2.2-alpha.9 (2330/3696)...
2025-11-12 09:47:30,327 - UnicodeAnalyzer - INFO - Filtrati 3 file (es. in /dist, /test).
2025-11-12 09:47:30,327 - UnicodeAnalyzer - INFO - -> Analizzando versione 6.20.0 (2331/3696)...
2025-11-12 09:47:30,327 - UnicodeAnalyzer - INFO - Filtrati 3 file (es. in /dist, /test).
2025-11-12 09:47:30,327 - UnicodeAnalyzer - INFO - -> Analizzando versione 6.20.1-alpha.0 (2332/3696)...
2025-11-12 09:47:30,327 - UnicodeAnalyzer - INFO - Filtrati 3 file (es. in /dist, /test).
2025-11-12 09:47:30,327 - UnicodeAnalyzer - INFO - -> Analizzando versione 6.20.1-alpha.1 (2333/3696)...
2025-11-12 09:47:30,328 - UnicodeAnalyzer - INFO - Filtrati 3 file (es. in /dist, /test).
2025-11-12 09:47:30,328 - UnicodeAnalyzer - INFO - -> Analizzando versione 6.20.1-alpha.10 (2334/3696)...
2025-11-12 09:47:30,328 - UnicodeAnalyzer - INFO - Filtrati 3 file (es. in /dist, /test).
2025-11-12 09:47:30,328 - UnicodeAnalyzer - INFO - -> Analizzando versione 6.20.1-alpha.11 (2335/3696)...
2025-11-12 09:47:30,328 - UnicodeAnalyzer - INFO - Filtrati 3 file (es. in /dist, /test).
2025-11-12 09:47:30,328 - UnicodeAnalyzer - INFO - -> Analizzando versione 6.20.1-alpha.12 (2336/3696)...
2025-11-12 09:47:30,328 - UnicodeAnalyzer - INFO - Filtrati 3 file (es. in /dist, /test).
2025-11-12 09:47:30,328 - UnicodeAnalyzer - INFO - -> Analizzando versione 6.20.1-alpha.13 (2337/3696)...
2025-11-12 09:47:30,329 - UnicodeAnalyzer - INFO - Filtrati 3 file (es. in /dist, /test).
2025-11-12 09:47:30,329 - UnicodeAnalyzer - INFO - -> Analizzando versione 6.20.1-alpha.14 (2338/3696)...
2025-11-12 09:47:30,329 - UnicodeAnalyzer - INFO - Filtrati 3 file (es. in /dist, /test).
2025-11-12 09:47:30,329 - UnicodeAnalyzer - INFO - -> Analizzando versione 6.20.1-alpha.15 (2339/3696)...
2025-11-12 09:47:30,329 - UnicodeAnalyzer - INFO - Filtrati 3 file (es. in /dist, /test).
2025-11-12 09:47:30,329 - UnicodeAnalyzer - INFO - -> Analizzando versione 6.20.1-alpha.16 (2340/3696)...
2025-11-12 09:47:30,330 - UnicodeAnalyzer - INFO - Filtrati 3 file (es. in /dist, /test).
2025-11-12 09:47:30,330 - UnicodeAnalyzer - INFO - -> Analizzando versione 6.20.1-alpha.17 (2341/3696)...
2025-11-12 09:47:30,330 - UnicodeAnalyzer - INFO - Filtrati 3 file (es. in /dist, /test).
2025-11-12 09:47:30,330 - UnicodeAnalyzer - INFO - -> Analizzando versione 6.20.1-alpha.18 (2342/3696)...
2025-11-12 09:47:30,330 - UnicodeAnalyzer - INFO - Filtrati 3 file (es. in /dist, /test).
2025-11-12 09:47:30,330 - UnicodeAnalyzer - INFO - -> Analizzando versione 6.20.1-alpha.19 (2343/3696)...
2025-11-12 09:47:30,330 - UnicodeAnalyzer - INFO - Filtrati 3 file (es. in /dist, /test).
2025-11-12 09:47:30,330 - UnicodeAnalyzer - INFO - -> Analizzando versione 6.20.1-alpha.2 (2344/3696)...
2025-11-12 09:47:30,331 - UnicodeAnalyzer - INFO - Filtrati 3 file (es. in /dist, /test).
2025-11-12 09:47:30,331 - UnicodeAnalyzer - INFO - -> Analizzando versione 6.20.1-alpha.3 (2345/3696)...
2025-11-12 09:47:30,331 - UnicodeAnalyzer - INFO - Filtrati 3 file (es. in /dist, /test).
2025-11-12 09:47:30,331 - UnicodeAnalyzer - INFO - -> Analizzando versione 6.20.1-alpha.4 (2346/3696)...
2025-11-12 09:47:30,331 - UnicodeAnalyzer - INFO - Filtrati 3 file (es. in /dist, /test).
2025-11-12 09:47:30,331 - UnicodeAnalyzer - INFO - -> Analizzando versione 6.20.1-alpha.5 (2347/3696)...
2025-11-12 09:47:30,332 - UnicodeAnalyzer - INFO - Filtrati 3 file (es. in /dist, /test).
2025-11-12 09:47:30,332 - UnicodeAnalyzer - INFO - -> Analizzando versione 6.20.1-alpha.6 (2348/3696)...
2025-11-12 09:47:30,332 - UnicodeAnalyzer - INFO - Filtrati 3 file (es. in /dist, /test).
2025-11-12 09:47:30,332 - UnicodeAnalyzer - INFO - -> Analizzando versione 6.20.1-alpha.7 (2349/3696)...
2025-11-12 09:47:30,332 - UnicodeAnalyzer - INFO - Filtrati 3 file (es. in /dist, /test).
2025-11-12 09:47:30,332 - UnicodeAnalyzer - INFO - -> Analizzando versione 6.20.1-alpha.8 (2350/3696)...
2025-11-12 09:47:30,333 - UnicodeAnalyzer - INFO - Filtrati 3 file (es. in /dist, /test).
2025-11-12 09:47:30,333 - UnicodeAnalyzer - INFO - -> Analizzando versione 6.20.1-alpha.9 (2351/3696)...
2025-11-12 09:47:30,333 - UnicodeAnalyzer - INFO - Filtrati 3 file (es. in /dist, /test).
2025-11-12 09:47:30,333 - UnicodeAnalyzer - INFO - -> Analizzando versione 6.21.0 (2352/3696)...
2025-11-12 09:47:30,333 - UnicodeAnalyzer - INFO - Filtrati 3 file (es. in /dist, /test).
2025-11-12 09:47:30,333 - UnicodeAnalyzer - INFO - -> Analizzando versione 6.21.1-alpha.0 (2353/3696)...
2025-11-12 09:47:30,333 - UnicodeAnalyzer - INFO - Filtrati 3 file (es. in /dist, /test).
2025-11-12 09:47:30,333 - UnicodeAnalyzer - INFO - -> Analizzando versione 6.21.1-alpha.1 (2354/3696)...
2025-11-12 09:47:30,334 - UnicodeAnalyzer - INFO - Filtrati 3 file (es. in /dist, /test).
2025-11-12 09:47:30,334 - UnicodeAnalyzer - INFO - -> Analizzando versione 6.3.0 (2355/3696)...
2025-11-12 09:47:30,334 - UnicodeAnalyzer - INFO - Filtrati 3 file (es. in /dist, /test).
2025-11-12 09:47:30,334 - UnicodeAnalyzer - INFO - -> Analizzando versione 6.3.1-alpha.0 (2356/3696)...
2025-11-12 09:47:30,334 - UnicodeAnalyzer - INFO - Filtrati 3 file (es. in /dist, /test).
2025-11-12 09:47:30,334 - UnicodeAnalyzer - INFO - -> Analizzando versione 6.3.1-alpha.1 (2357/3696)...
2025-11-12 09:47:30,335 - UnicodeAnalyzer - INFO - Filtrati 3 file (es. in /dist, /test).
2025-11-12 09:47:30,335 - UnicodeAnalyzer - INFO - -> Analizzando versione 6.3.1-alpha.10 (2358/3696)...
2025-11-12 09:47:30,335 - UnicodeAnalyzer - INFO - Filtrati 3 file (es. in /dist, /test).
2025-11-12 09:47:30,335 - UnicodeAnalyzer - INFO - -> Analizzando versione 6.3.1-alpha.11 (2359/3696)...
2025-11-12 09:47:30,335 - UnicodeAnalyzer - INFO - Filtrati 3 file (es. in /dist, /test).
2025-11-12 09:47:30,335 - UnicodeAnalyzer - INFO - -> Analizzando versione 6.3.1-alpha.12 (2360/3696)...
2025-11-12 09:47:30,336 - UnicodeAnalyzer - INFO - Filtrati 3 file (es. in /dist, /test).
2025-11-12 09:47:30,336 - UnicodeAnalyzer - INFO - -> Analizzando versione 6.3.1-alpha.13 (2361/3696)...
2025-11-12 09:47:30,336 - UnicodeAnalyzer - INFO - Filtrati 3 file (es. in /dist, /test).
2025-11-12 09:47:30,336 - UnicodeAnalyzer - INFO - -> Analizzando versione 6.3.1-alpha.14 (2362/3696)...
2025-11-12 09:47:30,336 - UnicodeAnalyzer - INFO - Filtrati 3 file (es. in /dist, /test).
2025-11-12 09:47:30,337 - UnicodeAnalyzer - INFO - -> Analizzando versione 6.3.1-alpha.15 (2363/3696)...
2025-11-12 09:47:30,337 - UnicodeAnalyzer - INFO - Filtrati 3 file (es. in /dist, /test).
2025-11-12 09:47:30,337 - UnicodeAnalyzer - INFO - -> Analizzando versione 6.3.1-alpha.16 (2364/3696)...
2025-11-12 09:47:30,337 - UnicodeAnalyzer - INFO - Filtrati 3 file (es. in /dist, /test).
2025-11-12 09:47:30,337 - UnicodeAnalyzer - INFO - -> Analizzando versione 6.3.1-alpha.17 (2365/3696)...
2025-11-12 09:47:30,338 - UnicodeAnalyzer - INFO - Filtrati 3 file (es. in /dist, /test).
2025-11-12 09:47:30,338 - UnicodeAnalyzer - INFO - -> Analizzando versione 6.3.1-alpha.18 (2366/3696)...
2025-11-12 09:47:30,338 - UnicodeAnalyzer - INFO - Filtrati 3 file (es. in /dist, /test).
2025-11-12 09:47:30,338 - UnicodeAnalyzer - INFO - -> Analizzando versione 6.3.1-alpha.19 (2367/3696)...
2025-11-12 09:47:30,338 - UnicodeAnalyzer - INFO - Filtrati 3 file (es. in /dist, /test).
2025-11-12 09:47:30,338 - UnicodeAnalyzer - INFO - -> Analizzando versione 6.3.1-alpha.2 (2368/3696)...
2025-11-12 09:47:30,339 - UnicodeAnalyzer - INFO - Filtrati 3 file (es. in /dist, /test).
2025-11-12 09:47:30,339 - UnicodeAnalyzer - INFO - -> Analizzando versione 6.3.1-alpha.20 (2369/3696)...
2025-11-12 09:47:30,339 - UnicodeAnalyzer - INFO - Filtrati 3 file (es. in /dist, /test).
2025-11-12 09:47:30,339 - UnicodeAnalyzer - INFO - -> Analizzando versione 6.3.1-alpha.21 (2370/3696)...
2025-11-12 09:47:30,339 - UnicodeAnalyzer - INFO - Filtrati 3 file (es. in /dist, /test).
2025-11-12 09:47:30,339 - UnicodeAnalyzer - INFO - -> Analizzando versione 6.3.1-alpha.3 (2371/3696)...
2025-11-12 09:47:30,340 - UnicodeAnalyzer - INFO - Filtrati 3 file (es. in /dist, /test).
2025-11-12 09:47:30,340 - UnicodeAnalyzer - INFO - -> Analizzando versione 6.3.1-alpha.4 (2372/3696)...
2025-11-12 09:47:30,340 - UnicodeAnalyzer - INFO - Filtrati 3 file (es. in /dist, /test).
2025-11-12 09:47:30,340 - UnicodeAnalyzer - INFO - -> Analizzando versione 6.3.1-alpha.5 (2373/3696)...
2025-11-12 09:47:30,340 - UnicodeAnalyzer - INFO - Filtrati 3 file (es. in /dist, /test).
2025-11-12 09:47:30,340 - UnicodeAnalyzer - INFO - -> Analizzando versione 6.3.1-alpha.6 (2374/3696)...
2025-11-12 09:47:30,340 - UnicodeAnalyzer - INFO - Filtrati 3 file (es. in /dist, /test).
2025-11-12 09:47:30,340 - UnicodeAnalyzer - INFO - -> Analizzando versione 6.3.1-alpha.7 (2375/3696)...
2025-11-12 09:47:30,341 - UnicodeAnalyzer - INFO - Filtrati 3 file (es. in /dist, /test).
2025-11-12 09:47:30,341 - UnicodeAnalyzer - INFO - -> Analizzando versione 6.3.1-alpha.8 (2376/3696)...
2025-11-12 09:47:30,341 - UnicodeAnalyzer - INFO - Filtrati 3 file (es. in /dist, /test).
2025-11-12 09:47:30,341 - UnicodeAnalyzer - INFO - -> Analizzando versione 6.3.1-alpha.9 (2377/3696)...
2025-11-12 09:47:30,341 - UnicodeAnalyzer - INFO - Filtrati 3 file (es. in /dist, /test).
2025-11-12 09:47:30,341 - UnicodeAnalyzer - INFO - -> Analizzando versione 6.4.0 (2378/3696)...
2025-11-12 09:47:30,342 - UnicodeAnalyzer - INFO - Filtrati 3 file (es. in /dist, /test).
2025-11-12 09:47:30,342 - UnicodeAnalyzer - INFO - -> Analizzando versione 6.4.1 (2379/3696)...
2025-11-12 09:47:30,342 - UnicodeAnalyzer - INFO - Filtrati 3 file (es. in /dist, /test).
2025-11-12 09:47:30,342 - UnicodeAnalyzer - INFO - -> Analizzando versione 6.4.1-alpha.0 (2380/3696)...
2025-11-12 09:47:30,342 - UnicodeAnalyzer - INFO - Filtrati 3 file (es. in /dist, /test).
2025-11-12 09:47:30,342 - UnicodeAnalyzer - INFO - -> Analizzando versione 6.4.1-alpha.1 (2381/3696)...
2025-11-12 09:47:30,343 - UnicodeAnalyzer - INFO - Filtrati 3 file (es. in /dist, /test).
2025-11-12 09:47:30,343 - UnicodeAnalyzer - INFO - -> Analizzando versione 6.4.1-alpha.10 (2382/3696)...
2025-11-12 09:47:30,343 - UnicodeAnalyzer - INFO - Filtrati 3 file (es. in /dist, /test).
2025-11-12 09:47:30,343 - UnicodeAnalyzer - INFO - -> Analizzando versione 6.4.1-alpha.11 (2383/3696)...
2025-11-12 09:47:30,343 - UnicodeAnalyzer - INFO - Filtrati 3 file (es. in /dist, /test).
2025-11-12 09:47:30,343 - UnicodeAnalyzer - INFO - -> Analizzando versione 6.4.1-alpha.12 (2384/3696)...
2025-11-12 09:47:30,344 - UnicodeAnalyzer - INFO - Filtrati 3 file (es. in /dist, /test).
2025-11-12 09:47:30,344 - UnicodeAnalyzer - INFO - -> Analizzando versione 6.4.1-alpha.13 (2385/3696)...
2025-11-12 09:47:30,344 - UnicodeAnalyzer - INFO - Filtrati 3 file (es. in /dist, /test).
2025-11-12 09:47:30,344 - UnicodeAnalyzer - INFO - -> Analizzando versione 6.4.1-alpha.14 (2386/3696)...
2025-11-12 09:47:30,344 - UnicodeAnalyzer - INFO - Filtrati 3 file (es. in /dist, /test).
2025-11-12 09:47:30,344 - UnicodeAnalyzer - INFO - -> Analizzando versione 6.4.1-alpha.15 (2387/3696)...
2025-11-12 09:47:30,345 - UnicodeAnalyzer - INFO - Filtrati 3 file (es. in /dist, /test).
2025-11-12 09:47:30,345 - UnicodeAnalyzer - INFO - -> Analizzando versione 6.4.1-alpha.16 (2388/3696)...
2025-11-12 09:47:30,345 - UnicodeAnalyzer - INFO - Filtrati 3 file (es. in /dist, /test).
2025-11-12 09:47:30,345 - UnicodeAnalyzer - INFO - -> Analizzando versione 6.4.1-alpha.17 (2389/3696)...
2025-11-12 09:47:30,345 - UnicodeAnalyzer - INFO - Filtrati 3 file (es. in /dist, /test).
2025-11-12 09:47:30,345 - UnicodeAnalyzer - INFO - -> Analizzando versione 6.4.1-alpha.18 (2390/3696)...
2025-11-12 09:47:30,346 - UnicodeAnalyzer - INFO - Filtrati 3 file (es. in /dist, /test).
2025-11-12 09:47:30,346 - UnicodeAnalyzer - INFO - -> Analizzando versione 6.4.1-alpha.2 (2391/3696)...
2025-11-12 09:47:30,346 - UnicodeAnalyzer - INFO - Filtrati 3 file (es. in /dist, /test).
2025-11-12 09:47:30,346 - UnicodeAnalyzer - INFO - -> Analizzando versione 6.4.1-alpha.3 (2392/3696)...
2025-11-12 09:47:30,346 - UnicodeAnalyzer - INFO - Filtrati 3 file (es. in /dist, /test).
2025-11-12 09:47:30,346 - UnicodeAnalyzer - INFO - -> Analizzando versione 6.4.1-alpha.4 (2393/3696)...
2025-11-12 09:47:30,347 - UnicodeAnalyzer - INFO - Filtrati 3 file (es. in /dist, /test).
2025-11-12 09:47:30,347 - UnicodeAnalyzer - INFO - -> Analizzando versione 6.4.1-alpha.5 (2394/3696)...
2025-11-12 09:47:30,347 - UnicodeAnalyzer - INFO - Filtrati 3 file (es. in /dist, /test).
2025-11-12 09:47:30,347 - UnicodeAnalyzer - INFO - -> Analizzando versione 6.4.1-alpha.6 (2395/3696)...
2025-11-12 09:47:30,347 - UnicodeAnalyzer - INFO - Filtrati 3 file (es. in /dist, /test).
2025-11-12 09:47:30,347 - UnicodeAnalyzer - INFO - -> Analizzando versione 6.4.1-alpha.7 (2396/3696)...
2025-11-12 09:47:30,348 - UnicodeAnalyzer - INFO - Filtrati 3 file (es. in /dist, /test).
2025-11-12 09:47:30,348 - UnicodeAnalyzer - INFO - -> Analizzando versione 6.4.1-alpha.8 (2397/3696)...
2025-11-12 09:47:30,348 - UnicodeAnalyzer - INFO - Filtrati 3 file (es. in /dist, /test).
2025-11-12 09:47:30,348 - UnicodeAnalyzer - INFO - -> Analizzando versione 6.4.1-alpha.9 (2398/3696)...
2025-11-12 09:47:30,348 - UnicodeAnalyzer - INFO - Filtrati 3 file (es. in /dist, /test).
2025-11-12 09:47:30,348 - UnicodeAnalyzer - INFO - -> Analizzando versione 6.4.2-alpha.0 (2399/3696)...
2025-11-12 09:47:30,349 - UnicodeAnalyzer - INFO - Filtrati 3 file (es. in /dist, /test).
2025-11-12 09:47:30,349 - UnicodeAnalyzer - INFO - -> Analizzando versione 6.4.2-alpha.1 (2400/3696)...
2025-11-12 09:47:30,349 - UnicodeAnalyzer - INFO - Filtrati 3 file (es. in /dist, /test).
2025-11-12 09:47:30,349 - UnicodeAnalyzer - INFO - -> Analizzando versione 6.4.2-alpha.10 (2401/3696)...
2025-11-12 09:47:30,349 - UnicodeAnalyzer - INFO - Filtrati 3 file (es. in /dist, /test).
2025-11-12 09:47:30,349 - UnicodeAnalyzer - INFO - -> Analizzando versione 6.4.2-alpha.11 (2402/3696)...
2025-11-12 09:47:30,349 - UnicodeAnalyzer - INFO - Filtrati 3 file (es. in /dist, /test).
2025-11-12 09:47:30,349 - UnicodeAnalyzer - INFO - -> Analizzando versione 6.4.2-alpha.12 (2403/3696)...
2025-11-12 09:47:30,350 - UnicodeAnalyzer - INFO - Filtrati 3 file (es. in /dist, /test).
2025-11-12 09:47:30,350 - UnicodeAnalyzer - INFO - -> Analizzando versione 6.4.2-alpha.2 (2404/3696)...
2025-11-12 09:47:30,350 - UnicodeAnalyzer - INFO - Filtrati 3 file (es. in /dist, /test).
2025-11-12 09:47:30,350 - UnicodeAnalyzer - INFO - -> Analizzando versione 6.4.2-alpha.3 (2405/3696)...
2025-11-12 09:47:30,350 - UnicodeAnalyzer - INFO - Filtrati 3 file (es. in /dist, /test).
2025-11-12 09:47:30,350 - UnicodeAnalyzer - INFO - -> Analizzando versione 6.4.2-alpha.4 (2406/3696)...
2025-11-12 09:47:30,351 - UnicodeAnalyzer - INFO - Filtrati 3 file (es. in /dist, /test).
2025-11-12 09:47:30,351 - UnicodeAnalyzer - INFO - -> Analizzando versione 6.4.2-alpha.5 (2407/3696)...
2025-11-12 09:47:30,351 - UnicodeAnalyzer - INFO - Filtrati 3 file (es. in /dist, /test).
2025-11-12 09:47:30,351 - UnicodeAnalyzer - INFO - -> Analizzando versione 6.4.2-alpha.6 (2408/3696)...
2025-11-12 09:47:30,351 - UnicodeAnalyzer - INFO - Filtrati 3 file (es. in /dist, /test).
2025-11-12 09:47:30,351 - UnicodeAnalyzer - INFO - -> Analizzando versione 6.4.2-alpha.7 (2409/3696)...
2025-11-12 09:47:30,352 - UnicodeAnalyzer - INFO - Filtrati 3 file (es. in /dist, /test).
2025-11-12 09:47:30,352 - UnicodeAnalyzer - INFO - -> Analizzando versione 6.4.2-alpha.8 (2410/3696)...
2025-11-12 09:47:30,352 - UnicodeAnalyzer - INFO - Filtrati 3 file (es. in /dist, /test).
2025-11-12 09:47:30,352 - UnicodeAnalyzer - INFO - -> Analizzando versione 6.4.2-alpha.9 (2411/3696)...
2025-11-12 09:47:30,352 - UnicodeAnalyzer - INFO - Filtrati 3 file (es. in /dist, /test).
2025-11-12 09:47:30,352 - UnicodeAnalyzer - INFO - -> Analizzando versione 6.5.0 (2412/3696)...
2025-11-12 09:47:30,352 - UnicodeAnalyzer - INFO - Filtrati 3 file (es. in /dist, /test).
2025-11-12 09:47:30,352 - UnicodeAnalyzer - INFO - -> Analizzando versione 6.5.1-alpha.0 (2413/3696)...
2025-11-12 09:47:30,353 - UnicodeAnalyzer - INFO - Filtrati 3 file (es. in /dist, /test).
2025-11-12 09:47:30,353 - UnicodeAnalyzer - INFO - -> Analizzando versione 6.5.1-alpha.10 (2414/3696)...
2025-11-12 09:47:30,353 - UnicodeAnalyzer - INFO - Filtrati 3 file (es. in /dist, /test).
2025-11-12 09:47:30,353 - UnicodeAnalyzer - INFO - -> Analizzando versione 6.5.1-alpha.11 (2415/3696)...
2025-11-12 09:47:30,353 - UnicodeAnalyzer - INFO - Filtrati 3 file (es. in /dist, /test).
2025-11-12 09:47:30,353 - UnicodeAnalyzer - INFO - -> Analizzando versione 6.5.1-alpha.12 (2416/3696)...
2025-11-12 09:47:30,353 - UnicodeAnalyzer - INFO - Filtrati 3 file (es. in /dist, /test).
2025-11-12 09:47:30,354 - UnicodeAnalyzer - INFO - -> Analizzando versione 6.5.1-alpha.13 (2417/3696)...
2025-11-12 09:47:30,354 - UnicodeAnalyzer - INFO - Filtrati 3 file (es. in /dist, /test).
2025-11-12 09:47:30,354 - UnicodeAnalyzer - INFO - -> Analizzando versione 6.5.1-alpha.14 (2418/3696)...
2025-11-12 09:47:30,354 - UnicodeAnalyzer - INFO - Filtrati 3 file (es. in /dist, /test).
2025-11-12 09:47:30,354 - UnicodeAnalyzer - INFO - -> Analizzando versione 6.5.1-alpha.15 (2419/3696)...
2025-11-12 09:47:30,354 - UnicodeAnalyzer - INFO - Filtrati 3 file (es. in /dist, /test).
2025-11-12 09:47:30,354 - UnicodeAnalyzer - INFO - -> Analizzando versione 6.5.1-alpha.16 (2420/3696)...
2025-11-12 09:47:30,355 - UnicodeAnalyzer - INFO - Filtrati 3 file (es. in /dist, /test).
2025-11-12 09:47:30,355 - UnicodeAnalyzer - INFO - -> Analizzando versione 6.5.1-alpha.17 (2421/3696)...
2025-11-12 09:47:30,355 - UnicodeAnalyzer - INFO - Filtrati 3 file (es. in /dist, /test).
2025-11-12 09:47:30,355 - UnicodeAnalyzer - INFO - -> Analizzando versione 6.5.1-alpha.18 (2422/3696)...
2025-11-12 09:47:30,355 - UnicodeAnalyzer - INFO - Filtrati 3 file (es. in /dist, /test).
2025-11-12 09:47:30,355 - UnicodeAnalyzer - INFO - -> Analizzando versione 6.5.1-alpha.19 (2423/3696)...
2025-11-12 09:47:30,355 - UnicodeAnalyzer - INFO - Filtrati 3 file (es. in /dist, /test).
2025-11-12 09:47:30,356 - UnicodeAnalyzer - INFO - -> Analizzando versione 6.5.1-alpha.2 (2424/3696)...
2025-11-12 09:47:30,356 - UnicodeAnalyzer - INFO - Filtrati 3 file (es. in /dist, /test).
2025-11-12 09:47:30,356 - UnicodeAnalyzer - INFO - -> Analizzando versione 6.5.1-alpha.20 (2425/3696)...
2025-11-12 09:47:30,356 - UnicodeAnalyzer - INFO - Filtrati 3 file (es. in /dist, /test).
2025-11-12 09:47:30,356 - UnicodeAnalyzer - INFO - -> Analizzando versione 6.5.1-alpha.21 (2426/3696)...
2025-11-12 09:47:30,356 - UnicodeAnalyzer - INFO - Filtrati 3 file (es. in /dist, /test).
2025-11-12 09:47:30,356 - UnicodeAnalyzer - INFO - -> Analizzando versione 6.5.1-alpha.22 (2427/3696)...
2025-11-12 09:47:30,357 - UnicodeAnalyzer - INFO - Filtrati 3 file (es. in /dist, /test).
2025-11-12 09:47:30,357 - UnicodeAnalyzer - INFO - -> Analizzando versione 6.5.1-alpha.4 (2428/3696)...
2025-11-12 09:47:30,357 - UnicodeAnalyzer - INFO - Filtrati 3 file (es. in /dist, /test).
2025-11-12 09:47:30,357 - UnicodeAnalyzer - INFO - -> Analizzando versione 6.5.1-alpha.5 (2429/3696)...
2025-11-12 09:47:30,357 - UnicodeAnalyzer - INFO - Filtrati 3 file (es. in /dist, /test).
2025-11-12 09:47:30,357 - UnicodeAnalyzer - INFO - -> Analizzando versione 6.5.1-alpha.6 (2430/3696)...
2025-11-12 09:47:30,357 - UnicodeAnalyzer - INFO - Filtrati 3 file (es. in /dist, /test).
2025-11-12 09:47:30,357 - UnicodeAnalyzer - INFO - -> Analizzando versione 6.5.1-alpha.7 (2431/3696)...
2025-11-12 09:47:30,358 - UnicodeAnalyzer - INFO - Filtrati 3 file (es. in /dist, /test).
2025-11-12 09:47:30,358 - UnicodeAnalyzer - INFO - -> Analizzando versione 6.5.1-alpha.8 (2432/3696)...
2025-11-12 09:47:30,358 - UnicodeAnalyzer - INFO - Filtrati 3 file (es. in /dist, /test).
2025-11-12 09:47:30,358 - UnicodeAnalyzer - INFO - -> Analizzando versione 6.5.1-alpha.9 (2433/3696)...
2025-11-12 09:47:30,358 - UnicodeAnalyzer - INFO - Filtrati 3 file (es. in /dist, /test).
2025-11-12 09:47:30,358 - UnicodeAnalyzer - INFO - -> Analizzando versione 6.6.0 (2434/3696)...
2025-11-12 09:47:30,359 - UnicodeAnalyzer - INFO - Filtrati 3 file (es. in /dist, /test).
2025-11-12 09:47:30,359 - UnicodeAnalyzer - INFO - -> Analizzando versione 6.6.1-alpha.0 (2435/3696)...
2025-11-12 09:47:30,359 - UnicodeAnalyzer - INFO - Filtrati 3 file (es. in /dist, /test).
2025-11-12 09:47:30,359 - UnicodeAnalyzer - INFO - -> Analizzando versione 6.6.1-alpha.1 (2436/3696)...
2025-11-12 09:47:30,359 - UnicodeAnalyzer - INFO - Filtrati 3 file (es. in /dist, /test).
2025-11-12 09:47:30,359 - UnicodeAnalyzer - INFO - -> Analizzando versione 6.6.1-alpha.10 (2437/3696)...
2025-11-12 09:47:30,359 - UnicodeAnalyzer - INFO - Filtrati 3 file (es. in /dist, /test).
2025-11-12 09:47:30,359 - UnicodeAnalyzer - INFO - -> Analizzando versione 6.6.1-alpha.11 (2438/3696)...
2025-11-12 09:47:30,360 - UnicodeAnalyzer - INFO - Filtrati 3 file (es. in /dist, /test).
2025-11-12 09:47:30,360 - UnicodeAnalyzer - INFO - -> Analizzando versione 6.6.1-alpha.12 (2439/3696)...
2025-11-12 09:47:30,360 - UnicodeAnalyzer - INFO - Filtrati 3 file (es. in /dist, /test).
2025-11-12 09:47:30,360 - UnicodeAnalyzer - INFO - -> Analizzando versione 6.6.1-alpha.13 (2440/3696)...
2025-11-12 09:47:30,360 - UnicodeAnalyzer - INFO - Filtrati 3 file (es. in /dist, /test).
2025-11-12 09:47:30,360 - UnicodeAnalyzer - INFO - -> Analizzando versione 6.6.1-alpha.14 (2441/3696)...
2025-11-12 09:47:30,361 - UnicodeAnalyzer - INFO - Filtrati 3 file (es. in /dist, /test).
2025-11-12 09:47:30,361 - UnicodeAnalyzer - INFO - -> Analizzando versione 6.6.1-alpha.15 (2442/3696)...
2025-11-12 09:47:30,361 - UnicodeAnalyzer - INFO - Filtrati 3 file (es. in /dist, /test).
2025-11-12 09:47:30,361 - UnicodeAnalyzer - INFO - -> Analizzando versione 6.6.1-alpha.16 (2443/3696)...
2025-11-12 09:47:30,361 - UnicodeAnalyzer - INFO - Filtrati 3 file (es. in /dist, /test).
2025-11-12 09:47:30,361 - UnicodeAnalyzer - INFO - -> Analizzando versione 6.6.1-alpha.2 (2444/3696)...
2025-11-12 09:47:30,361 - UnicodeAnalyzer - INFO - Filtrati 3 file (es. in /dist, /test).
2025-11-12 09:47:30,361 - UnicodeAnalyzer - INFO - -> Analizzando versione 6.6.1-alpha.3 (2445/3696)...
2025-11-12 09:47:30,362 - UnicodeAnalyzer - INFO - Filtrati 3 file (es. in /dist, /test).
2025-11-12 09:47:30,362 - UnicodeAnalyzer - INFO - -> Analizzando versione 6.6.1-alpha.4 (2446/3696)...
2025-11-12 09:47:30,362 - UnicodeAnalyzer - INFO - Filtrati 3 file (es. in /dist, /test).
2025-11-12 09:47:30,362 - UnicodeAnalyzer - INFO - -> Analizzando versione 6.6.1-alpha.5 (2447/3696)...
2025-11-12 09:47:30,362 - UnicodeAnalyzer - INFO - Filtrati 3 file (es. in /dist, /test).
2025-11-12 09:47:30,362 - UnicodeAnalyzer - INFO - -> Analizzando versione 6.6.1-alpha.6 (2448/3696)...
2025-11-12 09:47:30,363 - UnicodeAnalyzer - INFO - Filtrati 3 file (es. in /dist, /test).
2025-11-12 09:47:30,363 - UnicodeAnalyzer - INFO - -> Analizzando versione 6.6.1-alpha.7 (2449/3696)...
2025-11-12 09:47:30,363 - UnicodeAnalyzer - INFO - Filtrati 3 file (es. in /dist, /test).
2025-11-12 09:47:30,363 - UnicodeAnalyzer - INFO - -> Analizzando versione 6.6.1-alpha.8 (2450/3696)...
2025-11-12 09:47:30,363 - UnicodeAnalyzer - INFO - Filtrati 3 file (es. in /dist, /test).
2025-11-12 09:47:30,363 - UnicodeAnalyzer - INFO - -> Analizzando versione 6.7.0 (2451/3696)...
2025-11-12 09:47:30,363 - UnicodeAnalyzer - INFO - Filtrati 3 file (es. in /dist, /test).
2025-11-12 09:47:30,363 - UnicodeAnalyzer - INFO - -> Analizzando versione 6.7.1 (2452/3696)...
2025-11-12 09:47:30,364 - UnicodeAnalyzer - INFO - Filtrati 3 file (es. in /dist, /test).
2025-11-12 09:47:30,364 - UnicodeAnalyzer - INFO - -> Analizzando versione 6.7.1-alpha.0 (2453/3696)...
2025-11-12 09:47:30,364 - UnicodeAnalyzer - INFO - Filtrati 3 file (es. in /dist, /test).
2025-11-12 09:47:30,364 - UnicodeAnalyzer - INFO - -> Analizzando versione 6.7.1-alpha.1 (2454/3696)...
2025-11-12 09:47:30,364 - UnicodeAnalyzer - INFO - Filtrati 3 file (es. in /dist, /test).
2025-11-12 09:47:30,364 - UnicodeAnalyzer - INFO - -> Analizzando versione 6.7.1-alpha.10 (2455/3696)...
2025-11-12 09:47:30,364 - UnicodeAnalyzer - INFO - Filtrati 3 file (es. in /dist, /test).
2025-11-12 09:47:30,365 - UnicodeAnalyzer - INFO - -> Analizzando versione 6.7.1-alpha.11 (2456/3696)...
2025-11-12 09:47:30,365 - UnicodeAnalyzer - INFO - Filtrati 3 file (es. in /dist, /test).
2025-11-12 09:47:30,365 - UnicodeAnalyzer - INFO - -> Analizzando versione 6.7.1-alpha.12 (2457/3696)...
2025-11-12 09:47:30,365 - UnicodeAnalyzer - INFO - Filtrati 3 file (es. in /dist, /test).
2025-11-12 09:47:30,365 - UnicodeAnalyzer - INFO - -> Analizzando versione 6.7.1-alpha.13 (2458/3696)...
2025-11-12 09:47:30,365 - UnicodeAnalyzer - INFO - Filtrati 3 file (es. in /dist, /test).
2025-11-12 09:47:30,365 - UnicodeAnalyzer - INFO - -> Analizzando versione 6.7.1-alpha.15 (2459/3696)...
2025-11-12 09:47:30,366 - UnicodeAnalyzer - INFO - Filtrati 3 file (es. in /dist, /test).
2025-11-12 09:47:30,366 - UnicodeAnalyzer - INFO - -> Analizzando versione 6.7.1-alpha.16 (2460/3696)...
2025-11-12 09:47:30,366 - UnicodeAnalyzer - INFO - Filtrati 3 file (es. in /dist, /test).
2025-11-12 09:47:30,366 - UnicodeAnalyzer - INFO - -> Analizzando versione 6.7.1-alpha.17 (2461/3696)...
2025-11-12 09:47:30,366 - UnicodeAnalyzer - INFO - Filtrati 3 file (es. in /dist, /test).
2025-11-12 09:47:30,366 - UnicodeAnalyzer - INFO - -> Analizzando versione 6.7.1-alpha.18 (2462/3696)...
2025-11-12 09:47:30,366 - UnicodeAnalyzer - INFO - Filtrati 3 file (es. in /dist, /test).
2025-11-12 09:47:30,366 - UnicodeAnalyzer - INFO - -> Analizzando versione 6.7.1-alpha.19 (2463/3696)...
2025-11-12 09:47:30,367 - UnicodeAnalyzer - INFO - Filtrati 3 file (es. in /dist, /test).
2025-11-12 09:47:30,367 - UnicodeAnalyzer - INFO - -> Analizzando versione 6.7.1-alpha.2 (2464/3696)...
2025-11-12 09:47:30,367 - UnicodeAnalyzer - INFO - Filtrati 3 file (es. in /dist, /test).
2025-11-12 09:47:30,367 - UnicodeAnalyzer - INFO - -> Analizzando versione 6.7.1-alpha.3 (2465/3696)...
2025-11-12 09:47:30,367 - UnicodeAnalyzer - INFO - Filtrati 3 file (es. in /dist, /test).
2025-11-12 09:47:30,367 - UnicodeAnalyzer - INFO - -> Analizzando versione 6.7.1-alpha.5 (2466/3696)...
2025-11-12 09:47:30,368 - UnicodeAnalyzer - INFO - Filtrati 3 file (es. in /dist, /test).
2025-11-12 09:47:30,368 - UnicodeAnalyzer - INFO - -> Analizzando versione 6.7.2 (2467/3696)...
2025-11-12 09:47:30,368 - UnicodeAnalyzer - INFO - Filtrati 3 file (es. in /dist, /test).
2025-11-12 09:47:30,368 - UnicodeAnalyzer - INFO - -> Analizzando versione 6.7.2-alpha.0 (2468/3696)...
2025-11-12 09:47:30,368 - UnicodeAnalyzer - INFO - Filtrati 3 file (es. in /dist, /test).
2025-11-12 09:47:30,368 - UnicodeAnalyzer - INFO - -> Analizzando versione 6.7.3 (2469/3696)...
2025-11-12 09:47:30,368 - UnicodeAnalyzer - INFO - Filtrati 3 file (es. in /dist, /test).
2025-11-12 09:47:30,368 - UnicodeAnalyzer - INFO - -> Analizzando versione 6.7.3-alpha.0 (2470/3696)...
2025-11-12 09:47:30,369 - UnicodeAnalyzer - INFO - Filtrati 3 file (es. in /dist, /test).
2025-11-12 09:47:30,369 - UnicodeAnalyzer - INFO - -> Analizzando versione 6.7.3-alpha.1 (2471/3696)...
2025-11-12 09:47:30,369 - UnicodeAnalyzer - INFO - Filtrati 3 file (es. in /dist, /test).
2025-11-12 09:47:30,369 - UnicodeAnalyzer - INFO - -> Analizzando versione 6.7.3-alpha.2 (2472/3696)...
2025-11-12 09:47:30,369 - UnicodeAnalyzer - INFO - Filtrati 3 file (es. in /dist, /test).
2025-11-12 09:47:30,369 - UnicodeAnalyzer - INFO - -> Analizzando versione 6.7.3-alpha.3 (2473/3696)...
2025-11-12 09:47:30,370 - UnicodeAnalyzer - INFO - Filtrati 3 file (es. in /dist, /test).
2025-11-12 09:47:30,370 - UnicodeAnalyzer - INFO - -> Analizzando versione 6.7.3-alpha.4 (2474/3696)...
2025-11-12 09:47:30,370 - UnicodeAnalyzer - INFO - Filtrati 3 file (es. in /dist, /test).
2025-11-12 09:47:30,370 - UnicodeAnalyzer - INFO - -> Analizzando versione 6.7.3-alpha.5 (2475/3696)...
2025-11-12 09:47:30,370 - UnicodeAnalyzer - INFO - Filtrati 3 file (es. in /dist, /test).
2025-11-12 09:47:30,370 - UnicodeAnalyzer - INFO - -> Analizzando versione 6.7.3-alpha.6 (2476/3696)...
2025-11-12 09:47:30,370 - UnicodeAnalyzer - INFO - Filtrati 3 file (es. in /dist, /test).
2025-11-12 09:47:30,370 - UnicodeAnalyzer - INFO - -> Analizzando versione 6.7.3-alpha.7 (2477/3696)...
2025-11-12 09:47:30,371 - UnicodeAnalyzer - INFO - Filtrati 3 file (es. in /dist, /test).
2025-11-12 09:47:30,371 - UnicodeAnalyzer - INFO - -> Analizzando versione 6.7.3-alpha.8 (2478/3696)...
2025-11-12 09:47:30,371 - UnicodeAnalyzer - INFO - Filtrati 3 file (es. in /dist, /test).
2025-11-12 09:47:30,371 - UnicodeAnalyzer - INFO - -> Analizzando versione 6.7.3-alpha.9 (2479/3696)...
2025-11-12 09:47:30,371 - UnicodeAnalyzer - INFO - Filtrati 3 file (es. in /dist, /test).
2025-11-12 09:47:30,371 - UnicodeAnalyzer - INFO - -> Analizzando versione 6.7.4 (2480/3696)...
2025-11-12 09:47:30,372 - UnicodeAnalyzer - INFO - Filtrati 3 file (es. in /dist, /test).
2025-11-12 09:47:30,372 - UnicodeAnalyzer - INFO - -> Analizzando versione 6.7.4-alpha.0 (2481/3696)...
2025-11-12 09:47:30,372 - UnicodeAnalyzer - INFO - Filtrati 3 file (es. in /dist, /test).
2025-11-12 09:47:30,372 - UnicodeAnalyzer - INFO - -> Analizzando versione 6.7.5 (2482/3696)...
2025-11-12 09:47:30,372 - UnicodeAnalyzer - INFO - Filtrati 3 file (es. in /dist, /test).
2025-11-12 09:47:30,372 - UnicodeAnalyzer - INFO - -> Analizzando versione 6.7.5-alpha.0 (2483/3696)...
2025-11-12 09:47:30,372 - UnicodeAnalyzer - INFO - Filtrati 3 file (es. in /dist, /test).
2025-11-12 09:47:30,372 - UnicodeAnalyzer - INFO - -> Analizzando versione 6.7.5-alpha.1 (2484/3696)...
2025-11-12 09:47:30,373 - UnicodeAnalyzer - INFO - Filtrati 3 file (es. in /dist, /test).
2025-11-12 09:47:30,373 - UnicodeAnalyzer - INFO - -> Analizzando versione 6.7.5-alpha.2 (2485/3696)...
2025-11-12 09:47:30,373 - UnicodeAnalyzer - INFO - Filtrati 3 file (es. in /dist, /test).
2025-11-12 09:47:30,373 - UnicodeAnalyzer - INFO - -> Analizzando versione 6.7.6-alpha.0 (2486/3696)...
2025-11-12 09:47:30,373 - UnicodeAnalyzer - INFO - Filtrati 3 file (es. in /dist, /test).
2025-11-12 09:47:30,373 - UnicodeAnalyzer - INFO - -> Analizzando versione 6.7.6-alpha.1 (2487/3696)...
2025-11-12 09:47:30,373 - UnicodeAnalyzer - INFO - Filtrati 3 file (es. in /dist, /test).
2025-11-12 09:47:30,374 - UnicodeAnalyzer - INFO - -> Analizzando versione 6.7.6-alpha.11 (2488/3696)...
2025-11-12 09:47:30,374 - UnicodeAnalyzer - INFO - Filtrati 3 file (es. in /dist, /test).
2025-11-12 09:47:30,374 - UnicodeAnalyzer - INFO - -> Analizzando versione 6.7.6-alpha.2 (2489/3696)...
2025-11-12 09:47:30,374 - UnicodeAnalyzer - INFO - Filtrati 3 file (es. in /dist, /test).
2025-11-12 09:47:30,374 - UnicodeAnalyzer - INFO - -> Analizzando versione 6.7.6-alpha.3 (2490/3696)...
2025-11-12 09:47:30,374 - UnicodeAnalyzer - INFO - Filtrati 3 file (es. in /dist, /test).
2025-11-12 09:47:30,374 - UnicodeAnalyzer - INFO - -> Analizzando versione 6.7.6-alpha.4 (2491/3696)...
2025-11-12 09:47:30,375 - UnicodeAnalyzer - INFO - Filtrati 3 file (es. in /dist, /test).
2025-11-12 09:47:30,375 - UnicodeAnalyzer - INFO - -> Analizzando versione 6.7.6-alpha.5 (2492/3696)...
2025-11-12 09:47:30,375 - UnicodeAnalyzer - INFO - Filtrati 3 file (es. in /dist, /test).
2025-11-12 09:47:30,375 - UnicodeAnalyzer - INFO - -> Analizzando versione 6.7.6-alpha.6 (2493/3696)...
2025-11-12 09:47:30,375 - UnicodeAnalyzer - INFO - Filtrati 3 file (es. in /dist, /test).
2025-11-12 09:47:30,375 - UnicodeAnalyzer - INFO - -> Analizzando versione 6.8.0 (2494/3696)...
2025-11-12 09:47:30,375 - UnicodeAnalyzer - INFO - Filtrati 3 file (es. in /dist, /test).
2025-11-12 09:47:30,376 - UnicodeAnalyzer - INFO - -> Analizzando versione 6.8.1-alpha.0 (2495/3696)...
2025-11-12 09:47:30,376 - UnicodeAnalyzer - INFO - Filtrati 3 file (es. in /dist, /test).
2025-11-12 09:47:30,376 - UnicodeAnalyzer - INFO - -> Analizzando versione 6.8.1-alpha.1 (2496/3696)...
2025-11-12 09:47:30,376 - UnicodeAnalyzer - INFO - Filtrati 3 file (es. in /dist, /test).
2025-11-12 09:47:30,376 - UnicodeAnalyzer - INFO - -> Analizzando versione 6.8.1-alpha.12 (2497/3696)...
2025-11-12 09:47:30,376 - UnicodeAnalyzer - INFO - Filtrati 3 file (es. in /dist, /test).
2025-11-12 09:47:30,376 - UnicodeAnalyzer - INFO - -> Analizzando versione 6.8.1-alpha.13 (2498/3696)...
2025-11-12 09:47:30,377 - UnicodeAnalyzer - INFO - Filtrati 3 file (es. in /dist, /test).
2025-11-12 09:47:30,377 - UnicodeAnalyzer - INFO - -> Analizzando versione 6.8.1-alpha.14 (2499/3696)...
2025-11-12 09:47:30,377 - UnicodeAnalyzer - INFO - Filtrati 3 file (es. in /dist, /test).
2025-11-12 09:47:30,377 - UnicodeAnalyzer - INFO - -> Analizzando versione 6.8.1-alpha.15 (2500/3696)...
2025-11-12 09:47:30,377 - UnicodeAnalyzer - INFO - Filtrati 3 file (es. in /dist, /test).
2025-11-12 09:47:30,377 - UnicodeAnalyzer - INFO - -> Analizzando versione 6.8.1-alpha.16 (2501/3696)...
2025-11-12 09:47:30,377 - UnicodeAnalyzer - INFO - Filtrati 3 file (es. in /dist, /test).
2025-11-12 09:47:30,377 - UnicodeAnalyzer - INFO - -> Analizzando versione 6.8.1-alpha.17 (2502/3696)...
2025-11-12 09:47:30,378 - UnicodeAnalyzer - INFO - Filtrati 3 file (es. in /dist, /test).
2025-11-12 09:47:30,378 - UnicodeAnalyzer - INFO - -> Analizzando versione 6.8.1-alpha.18 (2503/3696)...
2025-11-12 09:47:30,378 - UnicodeAnalyzer - INFO - Filtrati 3 file (es. in /dist, /test).
2025-11-12 09:47:30,378 - UnicodeAnalyzer - INFO - -> Analizzando versione 6.8.1-alpha.19 (2504/3696)...
2025-11-12 09:47:30,378 - UnicodeAnalyzer - INFO - Filtrati 3 file (es. in /dist, /test).
2025-11-12 09:47:30,378 - UnicodeAnalyzer - INFO - -> Analizzando versione 6.8.1-alpha.2 (2505/3696)...
2025-11-12 09:47:30,379 - UnicodeAnalyzer - INFO - Filtrati 3 file (es. in /dist, /test).
2025-11-12 09:47:30,379 - UnicodeAnalyzer - INFO - -> Analizzando versione 6.8.1-alpha.20 (2506/3696)...
2025-11-12 09:47:30,379 - UnicodeAnalyzer - INFO - Filtrati 3 file (es. in /dist, /test).
2025-11-12 09:47:30,379 - UnicodeAnalyzer - INFO - -> Analizzando versione 6.8.1-alpha.21 (2507/3696)...
2025-11-12 09:47:30,379 - UnicodeAnalyzer - INFO - Filtrati 3 file (es. in /dist, /test).
2025-11-12 09:47:30,379 - UnicodeAnalyzer - INFO - -> Analizzando versione 6.8.1-alpha.22 (2508/3696)...
2025-11-12 09:47:30,379 - UnicodeAnalyzer - INFO - Filtrati 3 file (es. in /dist, /test).
2025-11-12 09:47:30,379 - UnicodeAnalyzer - INFO - -> Analizzando versione 6.8.1-alpha.23 (2509/3696)...
2025-11-12 09:47:30,380 - UnicodeAnalyzer - INFO - Filtrati 3 file (es. in /dist, /test).
2025-11-12 09:47:30,380 - UnicodeAnalyzer - INFO - -> Analizzando versione 6.8.1-alpha.24 (2510/3696)...
2025-11-12 09:47:30,380 - UnicodeAnalyzer - INFO - Filtrati 3 file (es. in /dist, /test).
2025-11-12 09:47:30,380 - UnicodeAnalyzer - INFO - -> Analizzando versione 6.8.1-alpha.25 (2511/3696)...
2025-11-12 09:47:30,380 - UnicodeAnalyzer - INFO - Filtrati 3 file (es. in /dist, /test).
2025-11-12 09:47:30,380 - UnicodeAnalyzer - INFO - -> Analizzando versione 6.8.1-alpha.26 (2512/3696)...
2025-11-12 09:47:30,381 - UnicodeAnalyzer - INFO - Filtrati 3 file (es. in /dist, /test).
2025-11-12 09:47:30,381 - UnicodeAnalyzer - INFO - -> Analizzando versione 6.8.1-alpha.27 (2513/3696)...
2025-11-12 09:47:30,381 - UnicodeAnalyzer - INFO - Filtrati 3 file (es. in /dist, /test).
2025-11-12 09:47:30,381 - UnicodeAnalyzer - INFO - -> Analizzando versione 6.8.1-alpha.28 (2514/3696)...
2025-11-12 09:47:30,381 - UnicodeAnalyzer - INFO - Filtrati 3 file (es. in /dist, /test).
2025-11-12 09:47:30,381 - UnicodeAnalyzer - INFO - -> Analizzando versione 6.8.1-alpha.29 (2515/3696)...
2025-11-12 09:47:30,381 - UnicodeAnalyzer - INFO - Filtrati 3 file (es. in /dist, /test).
2025-11-12 09:47:30,381 - UnicodeAnalyzer - INFO - -> Analizzando versione 6.8.1-alpha.3 (2516/3696)...
2025-11-12 09:47:30,382 - UnicodeAnalyzer - INFO - Filtrati 3 file (es. in /dist, /test).
2025-11-12 09:47:30,382 - UnicodeAnalyzer - INFO - -> Analizzando versione 6.8.1-alpha.30 (2517/3696)...
2025-11-12 09:47:30,382 - UnicodeAnalyzer - INFO - Filtrati 3 file (es. in /dist, /test).
2025-11-12 09:47:30,382 - UnicodeAnalyzer - INFO - -> Analizzando versione 6.8.1-alpha.31 (2518/3696)...
2025-11-12 09:47:30,382 - UnicodeAnalyzer - INFO - Filtrati 3 file (es. in /dist, /test).
2025-11-12 09:47:30,382 - UnicodeAnalyzer - INFO - -> Analizzando versione 6.8.1-alpha.33 (2519/3696)...
2025-11-12 09:47:30,383 - UnicodeAnalyzer - INFO - Filtrati 3 file (es. in /dist, /test).
2025-11-12 09:47:30,383 - UnicodeAnalyzer - INFO - -> Analizzando versione 6.8.1-alpha.34 (2520/3696)...
2025-11-12 09:47:30,383 - UnicodeAnalyzer - INFO - Filtrati 3 file (es. in /dist, /test).
2025-11-12 09:47:30,383 - UnicodeAnalyzer - INFO - -> Analizzando versione 6.8.1-alpha.35 (2521/3696)...
2025-11-12 09:47:30,383 - UnicodeAnalyzer - INFO - Filtrati 3 file (es. in /dist, /test).
2025-11-12 09:47:30,383 - UnicodeAnalyzer - INFO - -> Analizzando versione 6.8.1-alpha.36 (2522/3696)...
2025-11-12 09:47:30,383 - UnicodeAnalyzer - INFO - Filtrati 3 file (es. in /dist, /test).
2025-11-12 09:47:30,384 - UnicodeAnalyzer - INFO - -> Analizzando versione 6.8.1-alpha.37 (2523/3696)...
2025-11-12 09:47:30,384 - UnicodeAnalyzer - INFO - Filtrati 3 file (es. in /dist, /test).
2025-11-12 09:47:30,384 - UnicodeAnalyzer - INFO - -> Analizzando versione 6.8.1-alpha.39 (2524/3696)...
2025-11-12 09:47:30,384 - UnicodeAnalyzer - INFO - Filtrati 3 file (es. in /dist, /test).
2025-11-12 09:47:30,384 - UnicodeAnalyzer - INFO - -> Analizzando versione 6.8.1-alpha.4 (2525/3696)...
2025-11-12 09:47:30,384 - UnicodeAnalyzer - INFO - Filtrati 3 file (es. in /dist, /test).
2025-11-12 09:47:30,384 - UnicodeAnalyzer - INFO - -> Analizzando versione 6.8.1-alpha.40 (2526/3696)...
2025-11-12 09:47:30,385 - UnicodeAnalyzer - INFO - Filtrati 3 file (es. in /dist, /test).
2025-11-12 09:47:30,385 - UnicodeAnalyzer - INFO - -> Analizzando versione 6.8.1-alpha.41 (2527/3696)...
2025-11-12 09:47:30,385 - UnicodeAnalyzer - INFO - Filtrati 3 file (es. in /dist, /test).
2025-11-12 09:47:30,385 - UnicodeAnalyzer - INFO - -> Analizzando versione 6.8.1-alpha.42 (2528/3696)...
2025-11-12 09:47:30,385 - UnicodeAnalyzer - INFO - Filtrati 3 file (es. in /dist, /test).
2025-11-12 09:47:30,385 - UnicodeAnalyzer - INFO - -> Analizzando versione 6.8.1-alpha.43 (2529/3696)...
2025-11-12 09:47:30,385 - UnicodeAnalyzer - INFO - Filtrati 3 file (es. in /dist, /test).
2025-11-12 09:47:30,385 - UnicodeAnalyzer - INFO - -> Analizzando versione 6.8.1-alpha.45 (2530/3696)...
2025-11-12 09:47:30,386 - UnicodeAnalyzer - INFO - Filtrati 3 file (es. in /dist, /test).
2025-11-12 09:47:30,386 - UnicodeAnalyzer - INFO - -> Analizzando versione 6.8.1-alpha.46 (2531/3696)...
2025-11-12 09:47:30,386 - UnicodeAnalyzer - INFO - Filtrati 3 file (es. in /dist, /test).
2025-11-12 09:47:30,386 - UnicodeAnalyzer - INFO - -> Analizzando versione 6.8.1-alpha.47 (2532/3696)...
2025-11-12 09:47:30,386 - UnicodeAnalyzer - INFO - Filtrati 3 file (es. in /dist, /test).
2025-11-12 09:47:30,386 - UnicodeAnalyzer - INFO - -> Analizzando versione 6.8.1-alpha.48 (2533/3696)...
2025-11-12 09:47:30,387 - UnicodeAnalyzer - INFO - Filtrati 3 file (es. in /dist, /test).
2025-11-12 09:47:30,387 - UnicodeAnalyzer - INFO - -> Analizzando versione 6.8.1-alpha.49 (2534/3696)...
2025-11-12 09:47:30,387 - UnicodeAnalyzer - INFO - Filtrati 3 file (es. in /dist, /test).
2025-11-12 09:47:30,387 - UnicodeAnalyzer - INFO - -> Analizzando versione 6.8.1-alpha.5 (2535/3696)...
2025-11-12 09:47:30,387 - UnicodeAnalyzer - INFO - Filtrati 3 file (es. in /dist, /test).
2025-11-12 09:47:30,387 - UnicodeAnalyzer - INFO - -> Analizzando versione 6.8.1-alpha.50 (2536/3696)...
2025-11-12 09:47:30,387 - UnicodeAnalyzer - INFO - Filtrati 3 file (es. in /dist, /test).
2025-11-12 09:47:30,387 - UnicodeAnalyzer - INFO - -> Analizzando versione 6.8.1-alpha.52 (2537/3696)...
2025-11-12 09:47:30,388 - UnicodeAnalyzer - INFO - Filtrati 3 file (es. in /dist, /test).
2025-11-12 09:47:30,388 - UnicodeAnalyzer - INFO - -> Analizzando versione 6.8.1-alpha.53 (2538/3696)...
2025-11-12 09:47:30,388 - UnicodeAnalyzer - INFO - Filtrati 3 file (es. in /dist, /test).
2025-11-12 09:47:30,388 - UnicodeAnalyzer - INFO - -> Analizzando versione 6.8.1-alpha.54 (2539/3696)...
2025-11-12 09:47:30,388 - UnicodeAnalyzer - INFO - Filtrati 3 file (es. in /dist, /test).
2025-11-12 09:47:30,388 - UnicodeAnalyzer - INFO - -> Analizzando versione 6.8.1-alpha.55 (2540/3696)...
2025-11-12 09:47:30,389 - UnicodeAnalyzer - INFO - Filtrati 3 file (es. in /dist, /test).
2025-11-12 09:47:30,389 - UnicodeAnalyzer - INFO - -> Analizzando versione 6.8.1-alpha.56 (2541/3696)...
2025-11-12 09:47:30,389 - UnicodeAnalyzer - INFO - Filtrati 3 file (es. in /dist, /test).
2025-11-12 09:47:30,389 - UnicodeAnalyzer - INFO - -> Analizzando versione 6.8.1-alpha.57 (2542/3696)...
2025-11-12 09:47:30,389 - UnicodeAnalyzer - INFO - Filtrati 3 file (es. in /dist, /test).
2025-11-12 09:47:30,389 - UnicodeAnalyzer - INFO - -> Analizzando versione 6.8.1-alpha.58 (2543/3696)...
2025-11-12 09:47:30,389 - UnicodeAnalyzer - INFO - Filtrati 3 file (es. in /dist, /test).
2025-11-12 09:47:30,389 - UnicodeAnalyzer - INFO - -> Analizzando versione 6.8.1-alpha.59 (2544/3696)...
2025-11-12 09:47:30,390 - UnicodeAnalyzer - INFO - Filtrati 3 file (es. in /dist, /test).
2025-11-12 09:47:30,390 - UnicodeAnalyzer - INFO - -> Analizzando versione 6.8.1-alpha.6 (2545/3696)...
2025-11-12 09:47:30,390 - UnicodeAnalyzer - INFO - Filtrati 3 file (es. in /dist, /test).
2025-11-12 09:47:30,390 - UnicodeAnalyzer - INFO - -> Analizzando versione 6.8.1-alpha.60 (2546/3696)...
2025-11-12 09:47:30,390 - UnicodeAnalyzer - INFO - Filtrati 3 file (es. in /dist, /test).
2025-11-12 09:47:30,390 - UnicodeAnalyzer - INFO - -> Analizzando versione 6.8.1-alpha.61 (2547/3696)...
2025-11-12 09:47:30,390 - UnicodeAnalyzer - INFO - Filtrati 3 file (es. in /dist, /test).
2025-11-12 09:47:30,391 - UnicodeAnalyzer - INFO - -> Analizzando versione 6.8.1-alpha.62 (2548/3696)...
2025-11-12 09:47:30,391 - UnicodeAnalyzer - INFO - Filtrati 3 file (es. in /dist, /test).
2025-11-12 09:47:30,391 - UnicodeAnalyzer - INFO - -> Analizzando versione 6.8.1-alpha.7 (2549/3696)...
2025-11-12 09:47:30,391 - UnicodeAnalyzer - INFO - Filtrati 3 file (es. in /dist, /test).
2025-11-12 09:47:30,391 - UnicodeAnalyzer - INFO - -> Analizzando versione 6.9.0 (2550/3696)...
2025-11-12 09:47:30,391 - UnicodeAnalyzer - INFO - Filtrati 3 file (es. in /dist, /test).
2025-11-12 09:47:30,391 - UnicodeAnalyzer - INFO - -> Analizzando versione 6.9.1 (2551/3696)...
2025-11-12 09:47:30,392 - UnicodeAnalyzer - INFO - Filtrati 3 file (es. in /dist, /test).
2025-11-12 09:47:30,392 - UnicodeAnalyzer - INFO - -> Analizzando versione 6.9.1-alpha.0 (2552/3696)...
2025-11-12 09:47:30,392 - UnicodeAnalyzer - INFO - Filtrati 3 file (es. in /dist, /test).
2025-11-12 09:47:30,392 - UnicodeAnalyzer - INFO - -> Analizzando versione 6.9.1-alpha.3 (2553/3696)...
2025-11-12 09:47:30,392 - UnicodeAnalyzer - INFO - Filtrati 3 file (es. in /dist, /test).
2025-11-12 09:47:30,392 - UnicodeAnalyzer - INFO - -> Analizzando versione 6.9.1-alpha.4 (2554/3696)...
2025-11-12 09:47:30,392 - UnicodeAnalyzer - INFO - Filtrati 3 file (es. in /dist, /test).
2025-11-12 09:47:30,393 - UnicodeAnalyzer - INFO - -> Analizzando versione 6.9.1-alpha.5 (2555/3696)...
2025-11-12 09:47:30,393 - UnicodeAnalyzer - INFO - Filtrati 3 file (es. in /dist, /test).
2025-11-12 09:47:30,393 - UnicodeAnalyzer - INFO - -> Analizzando versione 6.9.1-alpha.6 (2556/3696)...
2025-11-12 09:47:30,393 - UnicodeAnalyzer - INFO - Filtrati 3 file (es. in /dist, /test).
2025-11-12 09:47:30,393 - UnicodeAnalyzer - INFO - -> Analizzando versione 6.9.1-alpha.7 (2557/3696)...
2025-11-12 09:47:30,393 - UnicodeAnalyzer - INFO - Filtrati 3 file (es. in /dist, /test).
2025-11-12 09:47:30,393 - UnicodeAnalyzer - INFO - -> Analizzando versione 6.9.1-alpha.8 (2558/3696)...
2025-11-12 09:47:30,394 - UnicodeAnalyzer - INFO - Filtrati 3 file (es. in /dist, /test).
2025-11-12 09:47:30,394 - UnicodeAnalyzer - INFO - -> Analizzando versione 6.9.1-alpha.9 (2559/3696)...
2025-11-12 09:47:30,394 - UnicodeAnalyzer - INFO - Filtrati 3 file (es. in /dist, /test).
2025-11-12 09:47:30,394 - UnicodeAnalyzer - INFO - -> Analizzando versione 6.9.2-alpha.0 (2560/3696)...
2025-11-12 09:47:30,394 - UnicodeAnalyzer - INFO - Filtrati 3 file (es. in /dist, /test).
2025-11-12 09:47:30,394 - UnicodeAnalyzer - INFO - -> Analizzando versione 6.9.2-alpha.1 (2561/3696)...
2025-11-12 09:47:30,394 - UnicodeAnalyzer - INFO - Filtrati 3 file (es. in /dist, /test).
2025-11-12 09:47:30,394 - UnicodeAnalyzer - INFO - -> Analizzando versione 6.9.2-alpha.2 (2562/3696)...
2025-11-12 09:47:30,395 - UnicodeAnalyzer - INFO - Filtrati 3 file (es. in /dist, /test).
2025-11-12 09:47:30,395 - UnicodeAnalyzer - INFO - -> Analizzando versione 6.9.2-alpha.3 (2563/3696)...
2025-11-12 09:47:30,395 - UnicodeAnalyzer - INFO - Filtrati 3 file (es. in /dist, /test).
2025-11-12 09:47:30,395 - UnicodeAnalyzer - INFO - -> Analizzando versione 6.9.2-alpha.4 (2564/3696)...
2025-11-12 09:47:30,395 - UnicodeAnalyzer - INFO - Filtrati 3 file (es. in /dist, /test).
2025-11-12 09:47:30,395 - UnicodeAnalyzer - INFO - -> Analizzando versione 6.9.2-alpha.5 (2565/3696)...
2025-11-12 09:47:30,396 - UnicodeAnalyzer - INFO - Filtrati 3 file (es. in /dist, /test).
2025-11-12 09:47:30,396 - UnicodeAnalyzer - INFO - -> Analizzando versione 6.9.2-alpha.6 (2566/3696)...
2025-11-12 09:47:30,396 - UnicodeAnalyzer - INFO - Filtrati 3 file (es. in /dist, /test).
2025-11-12 09:47:30,396 - UnicodeAnalyzer - INFO - -> Analizzando versione 6.9.2-alpha.7 (2567/3696)...
2025-11-12 09:47:30,396 - UnicodeAnalyzer - INFO - Filtrati 3 file (es. in /dist, /test).
2025-11-12 09:47:30,396 - UnicodeAnalyzer - INFO - -> Analizzando versione 7.0.0 (2568/3696)...
2025-11-12 09:47:30,396 - UnicodeAnalyzer - INFO - Filtrati 3 file (es. in /dist, /test).
2025-11-12 09:47:30,396 - UnicodeAnalyzer - INFO - -> Analizzando versione 7.0.0-alpha.0 (2569/3696)...
2025-11-12 09:47:30,397 - UnicodeAnalyzer - INFO - Filtrati 3 file (es. in /dist, /test).
2025-11-12 09:47:30,397 - UnicodeAnalyzer - INFO - -> Analizzando versione 7.0.1 (2570/3696)...
2025-11-12 09:47:30,397 - UnicodeAnalyzer - INFO - Filtrati 3 file (es. in /dist, /test).
2025-11-12 09:47:30,397 - UnicodeAnalyzer - INFO - -> Analizzando versione 7.0.2 (2571/3696)...
2025-11-12 09:47:30,397 - UnicodeAnalyzer - INFO - Filtrati 3 file (es. in /dist, /test).
2025-11-12 09:47:30,397 - UnicodeAnalyzer - INFO - -> Analizzando versione 7.0.2-alpha.0 (2572/3696)...
2025-11-12 09:47:30,398 - UnicodeAnalyzer - INFO - Filtrati 3 file (es. in /dist, /test).
2025-11-12 09:47:30,398 - UnicodeAnalyzer - INFO - -> Analizzando versione 7.0.2-alpha.1 (2573/3696)...
2025-11-12 09:47:30,398 - UnicodeAnalyzer - INFO - Filtrati 3 file (es. in /dist, /test).
2025-11-12 09:47:30,398 - UnicodeAnalyzer - INFO - -> Analizzando versione 7.0.2-alpha.10 (2574/3696)...
2025-11-12 09:47:30,398 - UnicodeAnalyzer - INFO - Filtrati 3 file (es. in /dist, /test).
2025-11-12 09:47:30,398 - UnicodeAnalyzer - INFO - -> Analizzando versione 7.0.2-alpha.11 (2575/3696)...
2025-11-12 09:47:30,398 - UnicodeAnalyzer - INFO - Filtrati 3 file (es. in /dist, /test).
2025-11-12 09:47:30,398 - UnicodeAnalyzer - INFO - -> Analizzando versione 7.0.2-alpha.2 (2576/3696)...
2025-11-12 09:47:30,399 - UnicodeAnalyzer - INFO - Filtrati 3 file (es. in /dist, /test).
2025-11-12 09:47:30,399 - UnicodeAnalyzer - INFO - -> Analizzando versione 7.0.2-alpha.3 (2577/3696)...
2025-11-12 09:47:30,399 - UnicodeAnalyzer - INFO - Filtrati 3 file (es. in /dist, /test).
2025-11-12 09:47:30,399 - UnicodeAnalyzer - INFO - -> Analizzando versione 7.0.2-alpha.4 (2578/3696)...
2025-11-12 09:47:30,399 - UnicodeAnalyzer - INFO - Filtrati 3 file (es. in /dist, /test).
2025-11-12 09:47:30,399 - UnicodeAnalyzer - INFO - -> Analizzando versione 7.0.2-alpha.5 (2579/3696)...
2025-11-12 09:47:30,400 - UnicodeAnalyzer - INFO - Filtrati 3 file (es. in /dist, /test).
2025-11-12 09:47:30,400 - UnicodeAnalyzer - INFO - -> Analizzando versione 7.0.2-alpha.6 (2580/3696)...
2025-11-12 09:47:30,400 - UnicodeAnalyzer - INFO - Filtrati 3 file (es. in /dist, /test).
2025-11-12 09:47:30,400 - UnicodeAnalyzer - INFO - -> Analizzando versione 7.0.2-alpha.7 (2581/3696)...
2025-11-12 09:47:30,400 - UnicodeAnalyzer - INFO - Filtrati 3 file (es. in /dist, /test).
2025-11-12 09:47:30,400 - UnicodeAnalyzer - INFO - -> Analizzando versione 7.0.2-alpha.8 (2582/3696)...
2025-11-12 09:47:30,400 - UnicodeAnalyzer - INFO - Filtrati 3 file (es. in /dist, /test).
2025-11-12 09:47:30,401 - UnicodeAnalyzer - INFO - -> Analizzando versione 7.0.2-alpha.9 (2583/3696)...
2025-11-12 09:47:30,401 - UnicodeAnalyzer - INFO - Filtrati 3 file (es. in /dist, /test).
2025-11-12 09:47:30,401 - UnicodeAnalyzer - INFO - -> Analizzando versione 7.0.3-alpha.0 (2584/3696)...
2025-11-12 09:47:30,401 - UnicodeAnalyzer - INFO - Filtrati 3 file (es. in /dist, /test).
2025-11-12 09:47:30,401 - UnicodeAnalyzer - INFO - -> Analizzando versione 7.0.3-alpha.1 (2585/3696)...
2025-11-12 09:47:30,401 - UnicodeAnalyzer - INFO - Filtrati 3 file (es. in /dist, /test).
2025-11-12 09:47:30,401 - UnicodeAnalyzer - INFO - -> Analizzando versione 7.0.3-alpha.10 (2586/3696)...
2025-11-12 09:47:30,402 - UnicodeAnalyzer - INFO - Filtrati 3 file (es. in /dist, /test).
2025-11-12 09:47:30,402 - UnicodeAnalyzer - INFO - -> Analizzando versione 7.0.3-alpha.11 (2587/3696)...
2025-11-12 09:47:30,402 - UnicodeAnalyzer - INFO - Filtrati 3 file (es. in /dist, /test).
2025-11-12 09:47:30,402 - UnicodeAnalyzer - INFO - -> Analizzando versione 7.0.3-alpha.12 (2588/3696)...
2025-11-12 09:47:30,402 - UnicodeAnalyzer - INFO - Filtrati 3 file (es. in /dist, /test).
2025-11-12 09:47:30,402 - UnicodeAnalyzer - INFO - -> Analizzando versione 7.0.3-alpha.13 (2589/3696)...
2025-11-12 09:47:30,402 - UnicodeAnalyzer - INFO - Filtrati 3 file (es. in /dist, /test).
2025-11-12 09:47:30,402 - UnicodeAnalyzer - INFO - -> Analizzando versione 7.0.3-alpha.14 (2590/3696)...
2025-11-12 09:47:30,403 - UnicodeAnalyzer - INFO - Filtrati 3 file (es. in /dist, /test).
2025-11-12 09:47:30,403 - UnicodeAnalyzer - INFO - -> Analizzando versione 7.0.3-alpha.15 (2591/3696)...
2025-11-12 09:47:30,403 - UnicodeAnalyzer - INFO - Filtrati 3 file (es. in /dist, /test).
2025-11-12 09:47:30,403 - UnicodeAnalyzer - INFO - -> Analizzando versione 7.0.3-alpha.16 (2592/3696)...
2025-11-12 09:47:30,403 - UnicodeAnalyzer - INFO - Filtrati 3 file (es. in /dist, /test).
2025-11-12 09:47:30,403 - UnicodeAnalyzer - INFO - -> Analizzando versione 7.0.3-alpha.17 (2593/3696)...
2025-11-12 09:47:30,404 - UnicodeAnalyzer - INFO - Filtrati 3 file (es. in /dist, /test).
2025-11-12 09:47:30,404 - UnicodeAnalyzer - INFO - -> Analizzando versione 7.0.3-alpha.18 (2594/3696)...
2025-11-12 09:47:30,404 - UnicodeAnalyzer - INFO - Filtrati 3 file (es. in /dist, /test).
2025-11-12 09:47:30,404 - UnicodeAnalyzer - INFO - -> Analizzando versione 7.0.3-alpha.19 (2595/3696)...
2025-11-12 09:47:30,404 - UnicodeAnalyzer - INFO - Filtrati 3 file (es. in /dist, /test).
2025-11-12 09:47:30,404 - UnicodeAnalyzer - INFO - -> Analizzando versione 7.0.3-alpha.2 (2596/3696)...
2025-11-12 09:47:30,404 - UnicodeAnalyzer - INFO - Filtrati 3 file (es. in /dist, /test).
2025-11-12 09:47:30,404 - UnicodeAnalyzer - INFO - -> Analizzando versione 7.0.3-alpha.20 (2597/3696)...
2025-11-12 09:47:30,405 - UnicodeAnalyzer - INFO - Filtrati 3 file (es. in /dist, /test).
2025-11-12 09:47:30,405 - UnicodeAnalyzer - INFO - -> Analizzando versione 7.0.3-alpha.3 (2598/3696)...
2025-11-12 09:47:30,405 - UnicodeAnalyzer - INFO - Filtrati 3 file (es. in /dist, /test).
2025-11-12 09:47:30,405 - UnicodeAnalyzer - INFO - -> Analizzando versione 7.0.3-alpha.4 (2599/3696)...
2025-11-12 09:47:30,405 - UnicodeAnalyzer - INFO - Filtrati 3 file (es. in /dist, /test).
2025-11-12 09:47:30,405 - UnicodeAnalyzer - INFO - -> Analizzando versione 7.0.3-alpha.5 (2600/3696)...
2025-11-12 09:47:30,406 - UnicodeAnalyzer - INFO - Filtrati 3 file (es. in /dist, /test).
2025-11-12 09:47:30,406 - UnicodeAnalyzer - INFO - -> Analizzando versione 7.0.3-alpha.6 (2601/3696)...
2025-11-12 09:47:30,406 - UnicodeAnalyzer - INFO - Filtrati 3 file (es. in /dist, /test).
2025-11-12 09:47:30,406 - UnicodeAnalyzer - INFO - -> Analizzando versione 7.0.3-alpha.7 (2602/3696)...
2025-11-12 09:47:30,406 - UnicodeAnalyzer - INFO - Filtrati 3 file (es. in /dist, /test).
2025-11-12 09:47:30,406 - UnicodeAnalyzer - INFO - -> Analizzando versione 7.0.3-alpha.8 (2603/3696)...
2025-11-12 09:47:30,406 - UnicodeAnalyzer - INFO - Filtrati 3 file (es. in /dist, /test).
2025-11-12 09:47:30,406 - UnicodeAnalyzer - INFO - -> Analizzando versione 7.0.3-alpha.9 (2604/3696)...
2025-11-12 09:47:30,407 - UnicodeAnalyzer - INFO - Filtrati 3 file (es. in /dist, /test).
2025-11-12 09:47:30,407 - UnicodeAnalyzer - INFO - -> Analizzando versione 7.1.0 (2605/3696)...
2025-11-12 09:47:30,407 - UnicodeAnalyzer - INFO - Filtrati 3 file (es. in /dist, /test).
2025-11-12 09:47:30,407 - UnicodeAnalyzer - INFO - -> Analizzando versione 7.1.1 (2606/3696)...
2025-11-12 09:47:30,407 - UnicodeAnalyzer - INFO - Filtrati 3 file (es. in /dist, /test).
2025-11-12 09:47:30,407 - UnicodeAnalyzer - INFO - -> Analizzando versione 7.1.1-alpha.0 (2607/3696)...
2025-11-12 09:47:30,408 - UnicodeAnalyzer - INFO - Filtrati 3 file (es. in /dist, /test).
2025-11-12 09:47:30,408 - UnicodeAnalyzer - INFO - -> Analizzando versione 7.1.1-alpha.1 (2608/3696)...
2025-11-12 09:47:30,408 - UnicodeAnalyzer - INFO - Filtrati 3 file (es. in /dist, /test).
2025-11-12 09:47:30,408 - UnicodeAnalyzer - INFO - -> Analizzando versione 7.1.1-alpha.2 (2609/3696)...
2025-11-12 09:47:30,408 - UnicodeAnalyzer - INFO - Filtrati 3 file (es. in /dist, /test).
2025-11-12 09:47:30,408 - UnicodeAnalyzer - INFO - -> Analizzando versione 7.1.2-alpha.0 (2610/3696)...
2025-11-12 09:47:30,408 - UnicodeAnalyzer - INFO - Filtrati 3 file (es. in /dist, /test).
2025-11-12 09:47:30,408 - UnicodeAnalyzer - INFO - -> Analizzando versione 7.1.2-alpha.1 (2611/3696)...
2025-11-12 09:47:30,409 - UnicodeAnalyzer - INFO - Filtrati 3 file (es. in /dist, /test).
2025-11-12 09:47:30,409 - UnicodeAnalyzer - INFO - -> Analizzando versione 7.1.2-alpha.10 (2612/3696)...
2025-11-12 09:47:30,409 - UnicodeAnalyzer - INFO - Filtrati 3 file (es. in /dist, /test).
2025-11-12 09:47:30,409 - UnicodeAnalyzer - INFO - -> Analizzando versione 7.1.2-alpha.11 (2613/3696)...
2025-11-12 09:47:30,409 - UnicodeAnalyzer - INFO - Filtrati 3 file (es. in /dist, /test).
2025-11-12 09:47:30,409 - UnicodeAnalyzer - INFO - -> Analizzando versione 7.1.2-alpha.12 (2614/3696)...
2025-11-12 09:47:30,410 - UnicodeAnalyzer - INFO - Filtrati 3 file (es. in /dist, /test).
2025-11-12 09:47:30,410 - UnicodeAnalyzer - INFO - -> Analizzando versione 7.1.2-alpha.13 (2615/3696)...
2025-11-12 09:47:30,410 - UnicodeAnalyzer - INFO - Filtrati 3 file (es. in /dist, /test).
2025-11-12 09:47:30,410 - UnicodeAnalyzer - INFO - -> Analizzando versione 7.1.2-alpha.14 (2616/3696)...
2025-11-12 09:47:30,410 - UnicodeAnalyzer - INFO - Filtrati 3 file (es. in /dist, /test).
2025-11-12 09:47:30,410 - UnicodeAnalyzer - INFO - -> Analizzando versione 7.1.2-alpha.15 (2617/3696)...
2025-11-12 09:47:30,410 - UnicodeAnalyzer - INFO - Filtrati 3 file (es. in /dist, /test).
2025-11-12 09:47:30,410 - UnicodeAnalyzer - INFO - -> Analizzando versione 7.1.2-alpha.16 (2618/3696)...
2025-11-12 09:47:30,411 - UnicodeAnalyzer - INFO - Filtrati 3 file (es. in /dist, /test).
2025-11-12 09:47:30,411 - UnicodeAnalyzer - INFO - -> Analizzando versione 7.1.2-alpha.2 (2619/3696)...
2025-11-12 09:47:30,411 - UnicodeAnalyzer - INFO - Filtrati 3 file (es. in /dist, /test).
2025-11-12 09:47:30,411 - UnicodeAnalyzer - INFO - -> Analizzando versione 7.1.2-alpha.3 (2620/3696)...
2025-11-12 09:47:30,411 - UnicodeAnalyzer - INFO - Filtrati 3 file (es. in /dist, /test).
2025-11-12 09:47:30,411 - UnicodeAnalyzer - INFO - -> Analizzando versione 7.1.2-alpha.4 (2621/3696)...
2025-11-12 09:47:30,412 - UnicodeAnalyzer - INFO - Filtrati 3 file (es. in /dist, /test).
2025-11-12 09:47:30,412 - UnicodeAnalyzer - INFO - -> Analizzando versione 7.1.2-alpha.5 (2622/3696)...
2025-11-12 09:47:30,412 - UnicodeAnalyzer - INFO - Filtrati 3 file (es. in /dist, /test).
2025-11-12 09:47:30,412 - UnicodeAnalyzer - INFO - -> Analizzando versione 7.1.2-alpha.6 (2623/3696)...
2025-11-12 09:47:30,412 - UnicodeAnalyzer - INFO - Filtrati 3 file (es. in /dist, /test).
2025-11-12 09:47:30,412 - UnicodeAnalyzer - INFO - -> Analizzando versione 7.1.2-alpha.7 (2624/3696)...
2025-11-12 09:47:30,412 - UnicodeAnalyzer - INFO - Filtrati 3 file (es. in /dist, /test).
2025-11-12 09:47:30,412 - UnicodeAnalyzer - INFO - -> Analizzando versione 7.1.2-alpha.8 (2625/3696)...
2025-11-12 09:47:30,413 - UnicodeAnalyzer - INFO - Filtrati 3 file (es. in /dist, /test).
2025-11-12 09:47:30,413 - UnicodeAnalyzer - INFO - -> Analizzando versione 7.1.2-alpha.9 (2626/3696)...
2025-11-12 09:47:30,413 - UnicodeAnalyzer - INFO - Filtrati 3 file (es. in /dist, /test).
2025-11-12 09:47:30,413 - UnicodeAnalyzer - INFO - -> Analizzando versione 7.10.0 (2627/3696)...
2025-11-12 09:47:30,413 - UnicodeAnalyzer - INFO - Filtrati 3 file (es. in /dist, /test).
2025-11-12 09:47:30,413 - UnicodeAnalyzer - INFO - -> Analizzando versione 7.10.1-alpha.0 (2628/3696)...
2025-11-12 09:47:30,413 - UnicodeAnalyzer - INFO - Filtrati 3 file (es. in /dist, /test).
2025-11-12 09:47:30,414 - UnicodeAnalyzer - INFO - -> Analizzando versione 7.10.1-alpha.1 (2629/3696)...
2025-11-12 09:47:30,414 - UnicodeAnalyzer - INFO - Filtrati 3 file (es. in /dist, /test).
2025-11-12 09:47:30,414 - UnicodeAnalyzer - INFO - -> Analizzando versione 7.10.1-alpha.10 (2630/3696)...
2025-11-12 09:47:30,414 - UnicodeAnalyzer - INFO - Filtrati 3 file (es. in /dist, /test).
2025-11-12 09:47:30,414 - UnicodeAnalyzer - INFO - -> Analizzando versione 7.10.1-alpha.11 (2631/3696)...
2025-11-12 09:47:30,414 - UnicodeAnalyzer - INFO - Filtrati 3 file (es. in /dist, /test).
2025-11-12 09:47:30,414 - UnicodeAnalyzer - INFO - -> Analizzando versione 7.10.1-alpha.12 (2632/3696)...
2025-11-12 09:47:30,415 - UnicodeAnalyzer - INFO - Filtrati 3 file (es. in /dist, /test).
2025-11-12 09:47:30,415 - UnicodeAnalyzer - INFO - -> Analizzando versione 7.10.1-alpha.13 (2633/3696)...
2025-11-12 09:47:30,415 - UnicodeAnalyzer - INFO - Filtrati 3 file (es. in /dist, /test).
2025-11-12 09:47:30,415 - UnicodeAnalyzer - INFO - -> Analizzando versione 7.10.1-alpha.14 (2634/3696)...
2025-11-12 09:47:30,415 - UnicodeAnalyzer - INFO - Filtrati 3 file (es. in /dist, /test).
2025-11-12 09:47:30,415 - UnicodeAnalyzer - INFO - -> Analizzando versione 7.10.1-alpha.15 (2635/3696)...
2025-11-12 09:47:30,415 - UnicodeAnalyzer - INFO - Filtrati 3 file (es. in /dist, /test).
2025-11-12 09:47:30,416 - UnicodeAnalyzer - INFO - -> Analizzando versione 7.10.1-alpha.16 (2636/3696)...
2025-11-12 09:47:30,416 - UnicodeAnalyzer - INFO - Filtrati 3 file (es. in /dist, /test).
2025-11-12 09:47:30,416 - UnicodeAnalyzer - INFO - -> Analizzando versione 7.10.1-alpha.17 (2637/3696)...
2025-11-12 09:47:30,416 - UnicodeAnalyzer - INFO - Filtrati 3 file (es. in /dist, /test).
2025-11-12 09:47:30,416 - UnicodeAnalyzer - INFO - -> Analizzando versione 7.10.1-alpha.18 (2638/3696)...
2025-11-12 09:47:30,416 - UnicodeAnalyzer - INFO - Filtrati 3 file (es. in /dist, /test).
2025-11-12 09:47:30,416 - UnicodeAnalyzer - INFO - -> Analizzando versione 7.10.1-alpha.19 (2639/3696)...
2025-11-12 09:47:30,417 - UnicodeAnalyzer - INFO - Filtrati 3 file (es. in /dist, /test).
2025-11-12 09:47:30,417 - UnicodeAnalyzer - INFO - -> Analizzando versione 7.10.1-alpha.2 (2640/3696)...
2025-11-12 09:47:30,417 - UnicodeAnalyzer - INFO - Filtrati 3 file (es. in /dist, /test).
2025-11-12 09:47:30,417 - UnicodeAnalyzer - INFO - -> Analizzando versione 7.10.1-alpha.3 (2641/3696)...
2025-11-12 09:47:30,417 - UnicodeAnalyzer - INFO - Filtrati 3 file (es. in /dist, /test).
2025-11-12 09:47:30,417 - UnicodeAnalyzer - INFO - -> Analizzando versione 7.10.1-alpha.4 (2642/3696)...
2025-11-12 09:47:30,417 - UnicodeAnalyzer - INFO - Filtrati 3 file (es. in /dist, /test).
2025-11-12 09:47:30,417 - UnicodeAnalyzer - INFO - -> Analizzando versione 7.10.1-alpha.5 (2643/3696)...
2025-11-12 09:47:30,418 - UnicodeAnalyzer - INFO - Filtrati 3 file (es. in /dist, /test).
2025-11-12 09:47:30,418 - UnicodeAnalyzer - INFO - -> Analizzando versione 7.10.1-alpha.6 (2644/3696)...
2025-11-12 09:47:30,418 - UnicodeAnalyzer - INFO - Filtrati 3 file (es. in /dist, /test).
2025-11-12 09:47:30,418 - UnicodeAnalyzer - INFO - -> Analizzando versione 7.10.1-alpha.7 (2645/3696)...
2025-11-12 09:47:30,418 - UnicodeAnalyzer - INFO - Filtrati 3 file (es. in /dist, /test).
2025-11-12 09:47:30,418 - UnicodeAnalyzer - INFO - -> Analizzando versione 7.10.1-alpha.8 (2646/3696)...
2025-11-12 09:47:30,419 - UnicodeAnalyzer - INFO - Filtrati 3 file (es. in /dist, /test).
2025-11-12 09:47:30,419 - UnicodeAnalyzer - INFO - -> Analizzando versione 7.10.1-alpha.9 (2647/3696)...
2025-11-12 09:47:30,419 - UnicodeAnalyzer - INFO - Filtrati 3 file (es. in /dist, /test).
2025-11-12 09:47:30,419 - UnicodeAnalyzer - INFO - -> Analizzando versione 7.11.0 (2648/3696)...
2025-11-12 09:47:30,419 - UnicodeAnalyzer - INFO - Filtrati 3 file (es. in /dist, /test).
2025-11-12 09:47:30,419 - UnicodeAnalyzer - INFO - -> Analizzando versione 7.11.1-alpha.0 (2649/3696)...
2025-11-12 09:47:30,419 - UnicodeAnalyzer - INFO - Filtrati 3 file (es. in /dist, /test).
2025-11-12 09:47:30,419 - UnicodeAnalyzer - INFO - -> Analizzando versione 7.11.1-alpha.1 (2650/3696)...
2025-11-12 09:47:30,420 - UnicodeAnalyzer - INFO - Filtrati 3 file (es. in /dist, /test).
2025-11-12 09:47:30,420 - UnicodeAnalyzer - INFO - -> Analizzando versione 7.11.1-alpha.10 (2651/3696)...
2025-11-12 09:47:30,420 - UnicodeAnalyzer - INFO - Filtrati 3 file (es. in /dist, /test).
2025-11-12 09:47:30,420 - UnicodeAnalyzer - INFO - -> Analizzando versione 7.11.1-alpha.11 (2652/3696)...
2025-11-12 09:47:30,420 - UnicodeAnalyzer - INFO - Filtrati 3 file (es. in /dist, /test).
2025-11-12 09:47:30,420 - UnicodeAnalyzer - INFO - -> Analizzando versione 7.11.1-alpha.12 (2653/3696)...
2025-11-12 09:47:30,421 - UnicodeAnalyzer - INFO - Filtrati 3 file (es. in /dist, /test).
2025-11-12 09:47:30,421 - UnicodeAnalyzer - INFO - -> Analizzando versione 7.11.1-alpha.13 (2654/3696)...
2025-11-12 09:47:30,421 - UnicodeAnalyzer - INFO - Filtrati 3 file (es. in /dist, /test).
2025-11-12 09:47:30,421 - UnicodeAnalyzer - INFO - -> Analizzando versione 7.11.1-alpha.14 (2655/3696)...
2025-11-12 09:47:30,421 - UnicodeAnalyzer - INFO - Filtrati 3 file (es. in /dist, /test).
2025-11-12 09:47:30,421 - UnicodeAnalyzer - INFO - -> Analizzando versione 7.11.1-alpha.15 (2656/3696)...
2025-11-12 09:47:30,421 - UnicodeAnalyzer - INFO - Filtrati 3 file (es. in /dist, /test).
2025-11-12 09:47:30,421 - UnicodeAnalyzer - INFO - -> Analizzando versione 7.11.1-alpha.16 (2657/3696)...
2025-11-12 09:47:30,422 - UnicodeAnalyzer - INFO - Filtrati 3 file (es. in /dist, /test).
2025-11-12 09:47:30,422 - UnicodeAnalyzer - INFO - -> Analizzando versione 7.11.1-alpha.17 (2658/3696)...
2025-11-12 09:47:30,422 - UnicodeAnalyzer - INFO - Filtrati 3 file (es. in /dist, /test).
2025-11-12 09:47:30,422 - UnicodeAnalyzer - INFO - -> Analizzando versione 7.11.1-alpha.18 (2659/3696)...
2025-11-12 09:47:30,422 - UnicodeAnalyzer - INFO - Filtrati 3 file (es. in /dist, /test).
2025-11-12 09:47:30,422 - UnicodeAnalyzer - INFO - -> Analizzando versione 7.11.1-alpha.19 (2660/3696)...
2025-11-12 09:47:30,423 - UnicodeAnalyzer - INFO - Filtrati 3 file (es. in /dist, /test).
2025-11-12 09:47:30,423 - UnicodeAnalyzer - INFO - -> Analizzando versione 7.11.1-alpha.2 (2661/3696)...
2025-11-12 09:47:30,423 - UnicodeAnalyzer - INFO - Filtrati 3 file (es. in /dist, /test).
2025-11-12 09:47:30,423 - UnicodeAnalyzer - INFO - -> Analizzando versione 7.11.1-alpha.20 (2662/3696)...
2025-11-12 09:47:30,423 - UnicodeAnalyzer - INFO - Filtrati 3 file (es. in /dist, /test).
2025-11-12 09:47:30,423 - UnicodeAnalyzer - INFO - -> Analizzando versione 7.11.1-alpha.21 (2663/3696)...
2025-11-12 09:47:30,423 - UnicodeAnalyzer - INFO - Filtrati 3 file (es. in /dist, /test).
2025-11-12 09:47:30,424 - UnicodeAnalyzer - INFO - -> Analizzando versione 7.11.1-alpha.22 (2664/3696)...
2025-11-12 09:47:30,424 - UnicodeAnalyzer - INFO - Filtrati 3 file (es. in /dist, /test).
2025-11-12 09:47:30,424 - UnicodeAnalyzer - INFO - -> Analizzando versione 7.11.1-alpha.23 (2665/3696)...
2025-11-12 09:47:30,424 - UnicodeAnalyzer - INFO - Filtrati 3 file (es. in /dist, /test).
2025-11-12 09:47:30,424 - UnicodeAnalyzer - INFO - -> Analizzando versione 7.11.1-alpha.24 (2666/3696)...
2025-11-12 09:47:30,424 - UnicodeAnalyzer - INFO - Filtrati 3 file (es. in /dist, /test).
2025-11-12 09:47:30,424 - UnicodeAnalyzer - INFO - -> Analizzando versione 7.11.1-alpha.25 (2667/3696)...
2025-11-12 09:47:30,425 - UnicodeAnalyzer - INFO - Filtrati 3 file (es. in /dist, /test).
2025-11-12 09:47:30,425 - UnicodeAnalyzer - INFO - -> Analizzando versione 7.11.1-alpha.26 (2668/3696)...
2025-11-12 09:47:30,425 - UnicodeAnalyzer - INFO - Filtrati 3 file (es. in /dist, /test).
2025-11-12 09:47:30,425 - UnicodeAnalyzer - INFO - -> Analizzando versione 7.11.1-alpha.27 (2669/3696)...
2025-11-12 09:47:30,425 - UnicodeAnalyzer - INFO - Filtrati 3 file (es. in /dist, /test).
2025-11-12 09:47:30,425 - UnicodeAnalyzer - INFO - -> Analizzando versione 7.11.1-alpha.3 (2670/3696)...
2025-11-12 09:47:30,425 - UnicodeAnalyzer - INFO - Filtrati 3 file (es. in /dist, /test).
2025-11-12 09:47:30,425 - UnicodeAnalyzer - INFO - -> Analizzando versione 7.11.1-alpha.4 (2671/3696)...
2025-11-12 09:47:30,426 - UnicodeAnalyzer - INFO - Filtrati 3 file (es. in /dist, /test).
2025-11-12 09:47:30,426 - UnicodeAnalyzer - INFO - -> Analizzando versione 7.11.1-alpha.5 (2672/3696)...
2025-11-12 09:47:30,426 - UnicodeAnalyzer - INFO - Filtrati 3 file (es. in /dist, /test).
2025-11-12 09:47:30,426 - UnicodeAnalyzer - INFO - -> Analizzando versione 7.11.1-alpha.6 (2673/3696)...
2025-11-12 09:47:30,426 - UnicodeAnalyzer - INFO - Filtrati 3 file (es. in /dist, /test).
2025-11-12 09:47:30,426 - UnicodeAnalyzer - INFO - -> Analizzando versione 7.11.1-alpha.7 (2674/3696)...
2025-11-12 09:47:30,427 - UnicodeAnalyzer - INFO - Filtrati 3 file (es. in /dist, /test).
2025-11-12 09:47:30,427 - UnicodeAnalyzer - INFO - -> Analizzando versione 7.11.1-alpha.8 (2675/3696)...
2025-11-12 09:47:30,427 - UnicodeAnalyzer - INFO - Filtrati 3 file (es. in /dist, /test).
2025-11-12 09:47:30,427 - UnicodeAnalyzer - INFO - -> Analizzando versione 7.11.1-alpha.9 (2676/3696)...
2025-11-12 09:47:30,427 - UnicodeAnalyzer - INFO - Filtrati 3 file (es. in /dist, /test).
2025-11-12 09:47:30,427 - UnicodeAnalyzer - INFO - -> Analizzando versione 7.12.0 (2677/3696)...
2025-11-12 09:47:30,427 - UnicodeAnalyzer - INFO - Filtrati 3 file (es. in /dist, /test).
2025-11-12 09:47:30,427 - UnicodeAnalyzer - INFO - -> Analizzando versione 7.12.1-alpha.0 (2678/3696)...
2025-11-12 09:47:30,428 - UnicodeAnalyzer - INFO - Filtrati 3 file (es. in /dist, /test).
2025-11-12 09:47:30,428 - UnicodeAnalyzer - INFO - -> Analizzando versione 7.12.1-alpha.1 (2679/3696)...
2025-11-12 09:47:30,428 - UnicodeAnalyzer - INFO - Filtrati 3 file (es. in /dist, /test).
2025-11-12 09:47:30,428 - UnicodeAnalyzer - INFO - -> Analizzando versione 7.12.1-alpha.10 (2680/3696)...
2025-11-12 09:47:30,428 - UnicodeAnalyzer - INFO - Filtrati 3 file (es. in /dist, /test).
2025-11-12 09:47:30,428 - UnicodeAnalyzer - INFO - -> Analizzando versione 7.12.1-alpha.11 (2681/3696)...
2025-11-12 09:47:30,429 - UnicodeAnalyzer - INFO - Filtrati 3 file (es. in /dist, /test).
2025-11-12 09:47:30,429 - UnicodeAnalyzer - INFO - -> Analizzando versione 7.12.1-alpha.12 (2682/3696)...
2025-11-12 09:47:30,429 - UnicodeAnalyzer - INFO - Filtrati 3 file (es. in /dist, /test).
2025-11-12 09:47:30,429 - UnicodeAnalyzer - INFO - -> Analizzando versione 7.12.1-alpha.13 (2683/3696)...
2025-11-12 09:47:30,429 - UnicodeAnalyzer - INFO - Filtrati 3 file (es. in /dist, /test).
2025-11-12 09:47:30,429 - UnicodeAnalyzer - INFO - -> Analizzando versione 7.12.1-alpha.14 (2684/3696)...
2025-11-12 09:47:30,429 - UnicodeAnalyzer - INFO - Filtrati 3 file (es. in /dist, /test).
2025-11-12 09:47:30,429 - UnicodeAnalyzer - INFO - -> Analizzando versione 7.12.1-alpha.15 (2685/3696)...
2025-11-12 09:47:30,430 - UnicodeAnalyzer - INFO - Filtrati 3 file (es. in /dist, /test).
2025-11-12 09:47:30,430 - UnicodeAnalyzer - INFO - -> Analizzando versione 7.12.1-alpha.16 (2686/3696)...
2025-11-12 09:47:30,430 - UnicodeAnalyzer - INFO - Filtrati 3 file (es. in /dist, /test).
2025-11-12 09:47:30,430 - UnicodeAnalyzer - INFO - -> Analizzando versione 7.12.1-alpha.17 (2687/3696)...
2025-11-12 09:47:30,430 - UnicodeAnalyzer - INFO - Filtrati 3 file (es. in /dist, /test).
2025-11-12 09:47:30,430 - UnicodeAnalyzer - INFO - -> Analizzando versione 7.12.1-alpha.18 (2688/3696)...
2025-11-12 09:47:30,431 - UnicodeAnalyzer - INFO - Filtrati 3 file (es. in /dist, /test).
2025-11-12 09:47:30,431 - UnicodeAnalyzer - INFO - -> Analizzando versione 7.12.1-alpha.19 (2689/3696)...
2025-11-12 09:47:30,431 - UnicodeAnalyzer - INFO - Filtrati 3 file (es. in /dist, /test).
2025-11-12 09:47:30,431 - UnicodeAnalyzer - INFO - -> Analizzando versione 7.12.1-alpha.2 (2690/3696)...
2025-11-12 09:47:30,431 - UnicodeAnalyzer - INFO - Filtrati 3 file (es. in /dist, /test).
2025-11-12 09:47:30,431 - UnicodeAnalyzer - INFO - -> Analizzando versione 7.12.1-alpha.20 (2691/3696)...
2025-11-12 09:47:30,431 - UnicodeAnalyzer - INFO - Filtrati 3 file (es. in /dist, /test).
2025-11-12 09:47:30,431 - UnicodeAnalyzer - INFO - -> Analizzando versione 7.12.1-alpha.21 (2692/3696)...
2025-11-12 09:47:30,432 - UnicodeAnalyzer - INFO - Filtrati 3 file (es. in /dist, /test).
2025-11-12 09:47:30,432 - UnicodeAnalyzer - INFO - -> Analizzando versione 7.12.1-alpha.22 (2693/3696)...
2025-11-12 09:47:30,432 - UnicodeAnalyzer - INFO - Filtrati 3 file (es. in /dist, /test).
2025-11-12 09:47:30,432 - UnicodeAnalyzer - INFO - -> Analizzando versione 7.12.1-alpha.23 (2694/3696)...
2025-11-12 09:47:30,432 - UnicodeAnalyzer - INFO - Filtrati 3 file (es. in /dist, /test).
2025-11-12 09:47:30,432 - UnicodeAnalyzer - INFO - -> Analizzando versione 7.12.1-alpha.24 (2695/3696)...
2025-11-12 09:47:30,433 - UnicodeAnalyzer - INFO - Filtrati 3 file (es. in /dist, /test).
2025-11-12 09:47:30,433 - UnicodeAnalyzer - INFO - -> Analizzando versione 7.12.1-alpha.25 (2696/3696)...
2025-11-12 09:47:30,433 - UnicodeAnalyzer - INFO - Filtrati 3 file (es. in /dist, /test).
2025-11-12 09:47:30,433 - UnicodeAnalyzer - INFO - -> Analizzando versione 7.12.1-alpha.26 (2697/3696)...
2025-11-12 09:47:30,433 - UnicodeAnalyzer - INFO - Filtrati 3 file (es. in /dist, /test).
2025-11-12 09:47:30,433 - UnicodeAnalyzer - INFO - -> Analizzando versione 7.12.1-alpha.27 (2698/3696)...
2025-11-12 09:47:30,433 - UnicodeAnalyzer - INFO - Filtrati 3 file (es. in /dist, /test).
2025-11-12 09:47:30,433 - UnicodeAnalyzer - INFO - -> Analizzando versione 7.12.1-alpha.28 (2699/3696)...
2025-11-12 09:47:30,434 - UnicodeAnalyzer - INFO - Filtrati 3 file (es. in /dist, /test).
2025-11-12 09:47:30,434 - UnicodeAnalyzer - INFO - -> Analizzando versione 7.12.1-alpha.29 (2700/3696)...
2025-11-12 09:47:30,434 - UnicodeAnalyzer - INFO - Filtrati 3 file (es. in /dist, /test).
2025-11-12 09:47:30,434 - UnicodeAnalyzer - INFO - -> Analizzando versione 7.12.1-alpha.3 (2701/3696)...
2025-11-12 09:47:30,434 - UnicodeAnalyzer - INFO - Filtrati 3 file (es. in /dist, /test).
2025-11-12 09:47:30,434 - UnicodeAnalyzer - INFO - -> Analizzando versione 7.12.1-alpha.30 (2702/3696)...
2025-11-12 09:47:30,434 - UnicodeAnalyzer - INFO - Filtrati 3 file (es. in /dist, /test).
2025-11-12 09:47:30,435 - UnicodeAnalyzer - INFO - -> Analizzando versione 7.12.1-alpha.31 (2703/3696)...
2025-11-12 09:47:30,435 - UnicodeAnalyzer - INFO - Filtrati 3 file (es. in /dist, /test).
2025-11-12 09:47:30,435 - UnicodeAnalyzer - INFO - -> Analizzando versione 7.12.1-alpha.32 (2704/3696)...
2025-11-12 09:47:30,435 - UnicodeAnalyzer - INFO - Filtrati 3 file (es. in /dist, /test).
2025-11-12 09:47:30,435 - UnicodeAnalyzer - INFO - -> Analizzando versione 7.12.1-alpha.33 (2705/3696)...
2025-11-12 09:47:30,435 - UnicodeAnalyzer - INFO - Filtrati 3 file (es. in /dist, /test).
2025-11-12 09:47:30,435 - UnicodeAnalyzer - INFO - -> Analizzando versione 7.12.1-alpha.4 (2706/3696)...
2025-11-12 09:47:30,436 - UnicodeAnalyzer - INFO - Filtrati 3 file (es. in /dist, /test).
2025-11-12 09:47:30,436 - UnicodeAnalyzer - INFO - -> Analizzando versione 7.12.1-alpha.5 (2707/3696)...
2025-11-12 09:47:30,436 - UnicodeAnalyzer - INFO - Filtrati 3 file (es. in /dist, /test).
2025-11-12 09:47:30,436 - UnicodeAnalyzer - INFO - -> Analizzando versione 7.12.1-alpha.6 (2708/3696)...
2025-11-12 09:47:30,436 - UnicodeAnalyzer - INFO - Filtrati 3 file (es. in /dist, /test).
2025-11-12 09:47:30,436 - UnicodeAnalyzer - INFO - -> Analizzando versione 7.12.1-alpha.7 (2709/3696)...
2025-11-12 09:47:30,436 - UnicodeAnalyzer - INFO - Filtrati 3 file (es. in /dist, /test).
2025-11-12 09:47:30,437 - UnicodeAnalyzer - INFO - -> Analizzando versione 7.12.1-alpha.8 (2710/3696)...
2025-11-12 09:47:30,437 - UnicodeAnalyzer - INFO - Filtrati 3 file (es. in /dist, /test).
2025-11-12 09:47:30,437 - UnicodeAnalyzer - INFO - -> Analizzando versione 7.12.1-alpha.9 (2711/3696)...
2025-11-12 09:47:30,437 - UnicodeAnalyzer - INFO - Filtrati 3 file (es. in /dist, /test).
2025-11-12 09:47:30,437 - UnicodeAnalyzer - INFO - -> Analizzando versione 7.13.0 (2712/3696)...
2025-11-12 09:47:30,437 - UnicodeAnalyzer - INFO - Filtrati 3 file (es. in /dist, /test).
2025-11-12 09:47:30,437 - UnicodeAnalyzer - INFO - -> Analizzando versione 7.13.1 (2713/3696)...
2025-11-12 09:47:30,438 - UnicodeAnalyzer - INFO - Filtrati 3 file (es. in /dist, /test).
2025-11-12 09:47:30,438 - UnicodeAnalyzer - INFO - -> Analizzando versione 7.13.1-alpha.0 (2714/3696)...
2025-11-12 09:47:30,438 - UnicodeAnalyzer - INFO - Filtrati 3 file (es. in /dist, /test).
2025-11-12 09:47:30,438 - UnicodeAnalyzer - INFO - -> Analizzando versione 7.13.1-alpha.1 (2715/3696)...
2025-11-12 09:47:30,438 - UnicodeAnalyzer - INFO - Filtrati 3 file (es. in /dist, /test).
2025-11-12 09:47:30,438 - UnicodeAnalyzer - INFO - -> Analizzando versione 7.13.1-alpha.2 (2716/3696)...
2025-11-12 09:47:30,438 - UnicodeAnalyzer - INFO - Filtrati 3 file (es. in /dist, /test).
2025-11-12 09:47:30,438 - UnicodeAnalyzer - INFO - -> Analizzando versione 7.13.1-alpha.3 (2717/3696)...
2025-11-12 09:47:30,439 - UnicodeAnalyzer - INFO - Filtrati 3 file (es. in /dist, /test).
2025-11-12 09:47:30,439 - UnicodeAnalyzer - INFO - -> Analizzando versione 7.13.1-alpha.4 (2718/3696)...
2025-11-12 09:47:30,439 - UnicodeAnalyzer - INFO - Filtrati 3 file (es. in /dist, /test).
2025-11-12 09:47:30,439 - UnicodeAnalyzer - INFO - -> Analizzando versione 7.13.1-alpha.5 (2719/3696)...
2025-11-12 09:47:30,439 - UnicodeAnalyzer - INFO - Filtrati 3 file (es. in /dist, /test).
2025-11-12 09:47:30,439 - UnicodeAnalyzer - INFO - -> Analizzando versione 7.13.1-alpha.6 (2720/3696)...
2025-11-12 09:47:30,440 - UnicodeAnalyzer - INFO - Filtrati 3 file (es. in /dist, /test).
2025-11-12 09:47:30,440 - UnicodeAnalyzer - INFO - -> Analizzando versione 7.13.2-alpha.0 (2721/3696)...
2025-11-12 09:47:30,440 - UnicodeAnalyzer - INFO - Filtrati 3 file (es. in /dist, /test).
2025-11-12 09:47:30,440 - UnicodeAnalyzer - INFO - -> Analizzando versione 7.13.2-alpha.1 (2722/3696)...
2025-11-12 09:47:30,440 - UnicodeAnalyzer - INFO - Filtrati 3 file (es. in /dist, /test).
2025-11-12 09:47:30,440 - UnicodeAnalyzer - INFO - -> Analizzando versione 7.13.2-alpha.10 (2723/3696)...
2025-11-12 09:47:30,440 - UnicodeAnalyzer - INFO - Filtrati 3 file (es. in /dist, /test).
2025-11-12 09:47:30,440 - UnicodeAnalyzer - INFO - -> Analizzando versione 7.13.2-alpha.11 (2724/3696)...
2025-11-12 09:47:30,441 - UnicodeAnalyzer - INFO - Filtrati 3 file (es. in /dist, /test).
2025-11-12 09:47:30,441 - UnicodeAnalyzer - INFO - -> Analizzando versione 7.13.2-alpha.2 (2725/3696)...
2025-11-12 09:47:30,441 - UnicodeAnalyzer - INFO - Filtrati 3 file (es. in /dist, /test).
2025-11-12 09:47:30,441 - UnicodeAnalyzer - INFO - -> Analizzando versione 7.13.2-alpha.3 (2726/3696)...
2025-11-12 09:47:30,441 - UnicodeAnalyzer - INFO - Filtrati 3 file (es. in /dist, /test).
2025-11-12 09:47:30,441 - UnicodeAnalyzer - INFO - -> Analizzando versione 7.13.2-alpha.4 (2727/3696)...
2025-11-12 09:47:30,442 - UnicodeAnalyzer - INFO - Filtrati 3 file (es. in /dist, /test).
2025-11-12 09:47:30,442 - UnicodeAnalyzer - INFO - -> Analizzando versione 7.13.2-alpha.5 (2728/3696)...
2025-11-12 09:47:30,442 - UnicodeAnalyzer - INFO - Filtrati 3 file (es. in /dist, /test).
2025-11-12 09:47:30,442 - UnicodeAnalyzer - INFO - -> Analizzando versione 7.13.2-alpha.6 (2729/3696)...
2025-11-12 09:47:30,442 - UnicodeAnalyzer - INFO - Filtrati 3 file (es. in /dist, /test).
2025-11-12 09:47:30,442 - UnicodeAnalyzer - INFO - -> Analizzando versione 7.13.2-alpha.7 (2730/3696)...
2025-11-12 09:47:30,442 - UnicodeAnalyzer - INFO - Filtrati 3 file (es. in /dist, /test).
2025-11-12 09:47:30,442 - UnicodeAnalyzer - INFO - -> Analizzando versione 7.13.2-alpha.8 (2731/3696)...
2025-11-12 09:47:30,443 - UnicodeAnalyzer - INFO - Filtrati 3 file (es. in /dist, /test).
2025-11-12 09:47:30,443 - UnicodeAnalyzer - INFO - -> Analizzando versione 7.13.2-alpha.9 (2732/3696)...
2025-11-12 09:47:30,443 - UnicodeAnalyzer - INFO - Filtrati 3 file (es. in /dist, /test).
2025-11-12 09:47:30,443 - UnicodeAnalyzer - INFO - -> Analizzando versione 7.14.0 (2733/3696)...
2025-11-12 09:47:30,443 - UnicodeAnalyzer - INFO - Filtrati 3 file (es. in /dist, /test).
2025-11-12 09:47:30,443 - UnicodeAnalyzer - INFO - -> Analizzando versione 7.14.1 (2734/3696)...
2025-11-12 09:47:30,444 - UnicodeAnalyzer - INFO - Filtrati 3 file (es. in /dist, /test).
2025-11-12 09:47:30,444 - UnicodeAnalyzer - INFO - -> Analizzando versione 7.14.1-alpha.0 (2735/3696)...
2025-11-12 09:47:30,444 - UnicodeAnalyzer - INFO - Filtrati 3 file (es. in /dist, /test).
2025-11-12 09:47:30,444 - UnicodeAnalyzer - INFO - -> Analizzando versione 7.14.2-alpha.0 (2736/3696)...
2025-11-12 09:47:30,444 - UnicodeAnalyzer - INFO - Filtrati 3 file (es. in /dist, /test).
2025-11-12 09:47:30,444 - UnicodeAnalyzer - INFO - -> Analizzando versione 7.14.2-alpha.1 (2737/3696)...
2025-11-12 09:47:30,444 - UnicodeAnalyzer - INFO - Filtrati 3 file (es. in /dist, /test).
2025-11-12 09:47:30,445 - UnicodeAnalyzer - INFO - -> Analizzando versione 7.14.2-alpha.10 (2738/3696)...
2025-11-12 09:47:30,445 - UnicodeAnalyzer - INFO - Filtrati 3 file (es. in /dist, /test).
2025-11-12 09:47:30,445 - UnicodeAnalyzer - INFO - -> Analizzando versione 7.14.2-alpha.11 (2739/3696)...
2025-11-12 09:47:30,445 - UnicodeAnalyzer - INFO - Filtrati 3 file (es. in /dist, /test).
2025-11-12 09:47:30,445 - UnicodeAnalyzer - INFO - -> Analizzando versione 7.14.2-alpha.12 (2740/3696)...
2025-11-12 09:47:30,445 - UnicodeAnalyzer - INFO - Filtrati 3 file (es. in /dist, /test).
2025-11-12 09:47:30,445 - UnicodeAnalyzer - INFO - -> Analizzando versione 7.14.2-alpha.13 (2741/3696)...
2025-11-12 09:47:30,446 - UnicodeAnalyzer - INFO - Filtrati 3 file (es. in /dist, /test).
2025-11-12 09:47:30,446 - UnicodeAnalyzer - INFO - -> Analizzando versione 7.14.2-alpha.14 (2742/3696)...
2025-11-12 09:47:30,446 - UnicodeAnalyzer - INFO - Filtrati 3 file (es. in /dist, /test).
2025-11-12 09:47:30,446 - UnicodeAnalyzer - INFO - -> Analizzando versione 7.14.2-alpha.15 (2743/3696)...
2025-11-12 09:47:30,446 - UnicodeAnalyzer - INFO - Filtrati 3 file (es. in /dist, /test).
2025-11-12 09:47:30,446 - UnicodeAnalyzer - INFO - -> Analizzando versione 7.14.2-alpha.16 (2744/3696)...
2025-11-12 09:47:30,446 - UnicodeAnalyzer - INFO - Filtrati 3 file (es. in /dist, /test).
2025-11-12 09:47:30,446 - UnicodeAnalyzer - INFO - -> Analizzando versione 7.14.2-alpha.2 (2745/3696)...
2025-11-12 09:47:30,447 - UnicodeAnalyzer - INFO - Filtrati 3 file (es. in /dist, /test).
2025-11-12 09:47:30,447 - UnicodeAnalyzer - INFO - -> Analizzando versione 7.14.2-alpha.3 (2746/3696)...
2025-11-12 09:47:30,447 - UnicodeAnalyzer - INFO - Filtrati 3 file (es. in /dist, /test).
2025-11-12 09:47:30,447 - UnicodeAnalyzer - INFO - -> Analizzando versione 7.14.2-alpha.4 (2747/3696)...
2025-11-12 09:47:30,447 - UnicodeAnalyzer - INFO - Filtrati 3 file (es. in /dist, /test).
2025-11-12 09:47:30,447 - UnicodeAnalyzer - INFO - -> Analizzando versione 7.14.2-alpha.5 (2748/3696)...
2025-11-12 09:47:30,448 - UnicodeAnalyzer - INFO - Filtrati 3 file (es. in /dist, /test).
2025-11-12 09:47:30,448 - UnicodeAnalyzer - INFO - -> Analizzando versione 7.14.2-alpha.6 (2749/3696)...
2025-11-12 09:47:30,448 - UnicodeAnalyzer - INFO - Filtrati 3 file (es. in /dist, /test).
2025-11-12 09:47:30,448 - UnicodeAnalyzer - INFO - -> Analizzando versione 7.14.2-alpha.7 (2750/3696)...
2025-11-12 09:47:30,448 - UnicodeAnalyzer - INFO - Filtrati 3 file (es. in /dist, /test).
2025-11-12 09:47:30,448 - UnicodeAnalyzer - INFO - -> Analizzando versione 7.14.2-alpha.8 (2751/3696)...
2025-11-12 09:47:30,448 - UnicodeAnalyzer - INFO - Filtrati 3 file (es. in /dist, /test).
2025-11-12 09:47:30,448 - UnicodeAnalyzer - INFO - -> Analizzando versione 7.14.2-alpha.9 (2752/3696)...
2025-11-12 09:47:30,449 - UnicodeAnalyzer - INFO - Filtrati 3 file (es. in /dist, /test).
2025-11-12 09:47:30,449 - UnicodeAnalyzer - INFO - -> Analizzando versione 7.15.0 (2753/3696)...
2025-11-12 09:47:30,449 - UnicodeAnalyzer - INFO - Filtrati 3 file (es. in /dist, /test).
2025-11-12 09:47:30,449 - UnicodeAnalyzer - INFO - -> Analizzando versione 7.15.1-alpha.0 (2754/3696)...
2025-11-12 09:47:30,449 - UnicodeAnalyzer - INFO - Filtrati 3 file (es. in /dist, /test).
2025-11-12 09:47:30,449 - UnicodeAnalyzer - INFO - -> Analizzando versione 7.15.1-alpha.1 (2755/3696)...
2025-11-12 09:47:30,450 - UnicodeAnalyzer - INFO - Filtrati 3 file (es. in /dist, /test).
2025-11-12 09:47:30,450 - UnicodeAnalyzer - INFO - -> Analizzando versione 7.15.1-alpha.10 (2756/3696)...
2025-11-12 09:47:30,450 - UnicodeAnalyzer - INFO - Filtrati 3 file (es. in /dist, /test).
2025-11-12 09:47:30,450 - UnicodeAnalyzer - INFO - -> Analizzando versione 7.15.1-alpha.11 (2757/3696)...
2025-11-12 09:47:30,450 - UnicodeAnalyzer - INFO - Filtrati 3 file (es. in /dist, /test).
2025-11-12 09:47:30,450 - UnicodeAnalyzer - INFO - -> Analizzando versione 7.15.1-alpha.12 (2758/3696)...
2025-11-12 09:47:30,450 - UnicodeAnalyzer - INFO - Filtrati 3 file (es. in /dist, /test).
2025-11-12 09:47:30,450 - UnicodeAnalyzer - INFO - -> Analizzando versione 7.15.1-alpha.13 (2759/3696)...
2025-11-12 09:47:30,451 - UnicodeAnalyzer - INFO - Filtrati 3 file (es. in /dist, /test).
2025-11-12 09:47:30,451 - UnicodeAnalyzer - INFO - -> Analizzando versione 7.15.1-alpha.2 (2760/3696)...
2025-11-12 09:47:30,451 - UnicodeAnalyzer - INFO - Filtrati 3 file (es. in /dist, /test).
2025-11-12 09:47:30,451 - UnicodeAnalyzer - INFO - -> Analizzando versione 7.15.1-alpha.3 (2761/3696)...
2025-11-12 09:47:30,451 - UnicodeAnalyzer - INFO - Filtrati 3 file (es. in /dist, /test).
2025-11-12 09:47:30,451 - UnicodeAnalyzer - INFO - -> Analizzando versione 7.15.1-alpha.4 (2762/3696)...
2025-11-12 09:47:30,452 - UnicodeAnalyzer - INFO - Filtrati 3 file (es. in /dist, /test).
2025-11-12 09:47:30,452 - UnicodeAnalyzer - INFO - -> Analizzando versione 7.15.1-alpha.5 (2763/3696)...
2025-11-12 09:47:30,452 - UnicodeAnalyzer - INFO - Filtrati 3 file (es. in /dist, /test).
2025-11-12 09:47:30,452 - UnicodeAnalyzer - INFO - -> Analizzando versione 7.15.1-alpha.6 (2764/3696)...
2025-11-12 09:47:30,452 - UnicodeAnalyzer - INFO - Filtrati 3 file (es. in /dist, /test).
2025-11-12 09:47:30,452 - UnicodeAnalyzer - INFO - -> Analizzando versione 7.15.1-alpha.7 (2765/3696)...
2025-11-12 09:47:30,452 - UnicodeAnalyzer - INFO - Filtrati 3 file (es. in /dist, /test).
2025-11-12 09:47:30,452 - UnicodeAnalyzer - INFO - -> Analizzando versione 7.15.1-alpha.8 (2766/3696)...
2025-11-12 09:47:30,453 - UnicodeAnalyzer - INFO - Filtrati 3 file (es. in /dist, /test).
2025-11-12 09:47:30,453 - UnicodeAnalyzer - INFO - -> Analizzando versione 7.15.1-alpha.9 (2767/3696)...
2025-11-12 09:47:30,453 - UnicodeAnalyzer - INFO - Filtrati 3 file (es. in /dist, /test).
2025-11-12 09:47:30,453 - UnicodeAnalyzer - INFO - -> Analizzando versione 7.16.0 (2768/3696)...
2025-11-12 09:47:30,453 - UnicodeAnalyzer - INFO - Filtrati 3 file (es. in /dist, /test).
2025-11-12 09:47:30,453 - UnicodeAnalyzer - INFO - -> Analizzando versione 7.16.1 (2769/3696)...
2025-11-12 09:47:30,454 - UnicodeAnalyzer - INFO - Filtrati 3 file (es. in /dist, /test).
2025-11-12 09:47:30,454 - UnicodeAnalyzer - INFO - -> Analizzando versione 7.16.1-alpha.0 (2770/3696)...
2025-11-12 09:47:30,454 - UnicodeAnalyzer - INFO - Filtrati 3 file (es. in /dist, /test).
2025-11-12 09:47:30,454 - UnicodeAnalyzer - INFO - -> Analizzando versione 7.16.1-alpha.1 (2771/3696)...
2025-11-12 09:47:30,454 - UnicodeAnalyzer - INFO - Filtrati 3 file (es. in /dist, /test).
2025-11-12 09:47:30,454 - UnicodeAnalyzer - INFO - -> Analizzando versione 7.16.1-alpha.2 (2772/3696)...
2025-11-12 09:47:30,454 - UnicodeAnalyzer - INFO - Filtrati 3 file (es. in /dist, /test).
2025-11-12 09:47:30,454 - UnicodeAnalyzer - INFO - -> Analizzando versione 7.16.1-alpha.3 (2773/3696)...
2025-11-12 09:47:30,455 - UnicodeAnalyzer - INFO - Filtrati 3 file (es. in /dist, /test).
2025-11-12 09:47:30,455 - UnicodeAnalyzer - INFO - -> Analizzando versione 7.16.1-alpha.4 (2774/3696)...
2025-11-12 09:47:30,455 - UnicodeAnalyzer - INFO - Filtrati 3 file (es. in /dist, /test).
2025-11-12 09:47:30,455 - UnicodeAnalyzer - INFO - -> Analizzando versione 7.16.1-alpha.5 (2775/3696)...
2025-11-12 09:47:30,455 - UnicodeAnalyzer - INFO - Filtrati 3 file (es. in /dist, /test).
2025-11-12 09:47:30,455 - UnicodeAnalyzer - INFO - -> Analizzando versione 7.16.1-alpha.6 (2776/3696)...
2025-11-12 09:47:30,456 - UnicodeAnalyzer - INFO - Filtrati 3 file (es. in /dist, /test).
2025-11-12 09:47:30,456 - UnicodeAnalyzer - INFO - -> Analizzando versione 7.16.1-alpha.7 (2777/3696)...
2025-11-12 09:47:30,456 - UnicodeAnalyzer - INFO - Filtrati 3 file (es. in /dist, /test).
2025-11-12 09:47:30,456 - UnicodeAnalyzer - INFO - -> Analizzando versione 7.16.2-alpha.0 (2778/3696)...
2025-11-12 09:47:30,456 - UnicodeAnalyzer - INFO - Filtrati 3 file (es. in /dist, /test).
2025-11-12 09:47:30,456 - UnicodeAnalyzer - INFO - -> Analizzando versione 7.16.2-alpha.1 (2779/3696)...
2025-11-12 09:47:30,456 - UnicodeAnalyzer - INFO - Filtrati 3 file (es. in /dist, /test).
2025-11-12 09:47:30,456 - UnicodeAnalyzer - INFO - -> Analizzando versione 7.16.2-alpha.10 (2780/3696)...
2025-11-12 09:47:30,457 - UnicodeAnalyzer - INFO - Filtrati 3 file (es. in /dist, /test).
2025-11-12 09:47:30,457 - UnicodeAnalyzer - INFO - -> Analizzando versione 7.16.2-alpha.11 (2781/3696)...
2025-11-12 09:47:30,457 - UnicodeAnalyzer - INFO - Filtrati 3 file (es. in /dist, /test).
2025-11-12 09:47:30,457 - UnicodeAnalyzer - INFO - -> Analizzando versione 7.16.2-alpha.12 (2782/3696)...
2025-11-12 09:47:30,457 - UnicodeAnalyzer - INFO - Filtrati 3 file (es. in /dist, /test).
2025-11-12 09:47:30,457 - UnicodeAnalyzer - INFO - -> Analizzando versione 7.16.2-alpha.13 (2783/3696)...
2025-11-12 09:47:30,458 - UnicodeAnalyzer - INFO - Filtrati 3 file (es. in /dist, /test).
2025-11-12 09:47:30,458 - UnicodeAnalyzer - INFO - -> Analizzando versione 7.16.2-alpha.14 (2784/3696)...
2025-11-12 09:47:30,458 - UnicodeAnalyzer - INFO - Filtrati 3 file (es. in /dist, /test).
2025-11-12 09:47:30,458 - UnicodeAnalyzer - INFO - -> Analizzando versione 7.16.2-alpha.15 (2785/3696)...
2025-11-12 09:47:30,458 - UnicodeAnalyzer - INFO - Filtrati 3 file (es. in /dist, /test).
2025-11-12 09:47:30,458 - UnicodeAnalyzer - INFO - -> Analizzando versione 7.16.2-alpha.16 (2786/3696)...
2025-11-12 09:47:30,458 - UnicodeAnalyzer - INFO - Filtrati 3 file (es. in /dist, /test).
2025-11-12 09:47:30,458 - UnicodeAnalyzer - INFO - -> Analizzando versione 7.16.2-alpha.17 (2787/3696)...
2025-11-12 09:47:30,459 - UnicodeAnalyzer - INFO - Filtrati 3 file (es. in /dist, /test).
2025-11-12 09:47:30,459 - UnicodeAnalyzer - INFO - -> Analizzando versione 7.16.2-alpha.18 (2788/3696)...
2025-11-12 09:47:30,459 - UnicodeAnalyzer - INFO - Filtrati 3 file (es. in /dist, /test).
2025-11-12 09:47:30,459 - UnicodeAnalyzer - INFO - -> Analizzando versione 7.16.2-alpha.19 (2789/3696)...
2025-11-12 09:47:30,459 - UnicodeAnalyzer - INFO - Filtrati 3 file (es. in /dist, /test).
2025-11-12 09:47:30,459 - UnicodeAnalyzer - INFO - -> Analizzando versione 7.16.2-alpha.2 (2790/3696)...
2025-11-12 09:47:30,460 - UnicodeAnalyzer - INFO - Filtrati 3 file (es. in /dist, /test).
2025-11-12 09:47:30,460 - UnicodeAnalyzer - INFO - -> Analizzando versione 7.16.2-alpha.20 (2791/3696)...
2025-11-12 09:47:30,460 - UnicodeAnalyzer - INFO - Filtrati 3 file (es. in /dist, /test).
2025-11-12 09:47:30,460 - UnicodeAnalyzer - INFO - -> Analizzando versione 7.16.2-alpha.21 (2792/3696)...
2025-11-12 09:47:30,460 - UnicodeAnalyzer - INFO - Filtrati 3 file (es. in /dist, /test).
2025-11-12 09:47:30,460 - UnicodeAnalyzer - INFO - -> Analizzando versione 7.16.2-alpha.22 (2793/3696)...
2025-11-12 09:47:30,460 - UnicodeAnalyzer - INFO - Filtrati 3 file (es. in /dist, /test).
2025-11-12 09:47:30,460 - UnicodeAnalyzer - INFO - -> Analizzando versione 7.16.2-alpha.3 (2794/3696)...
2025-11-12 09:47:30,461 - UnicodeAnalyzer - INFO - Filtrati 3 file (es. in /dist, /test).
2025-11-12 09:47:30,461 - UnicodeAnalyzer - INFO - -> Analizzando versione 7.16.2-alpha.4 (2795/3696)...
2025-11-12 09:47:30,461 - UnicodeAnalyzer - INFO - Filtrati 3 file (es. in /dist, /test).
2025-11-12 09:47:30,461 - UnicodeAnalyzer - INFO - -> Analizzando versione 7.16.2-alpha.5 (2796/3696)...
2025-11-12 09:47:30,461 - UnicodeAnalyzer - INFO - Filtrati 3 file (es. in /dist, /test).
2025-11-12 09:47:30,461 - UnicodeAnalyzer - INFO - -> Analizzando versione 7.16.2-alpha.6 (2797/3696)...
2025-11-12 09:47:30,462 - UnicodeAnalyzer - INFO - Filtrati 3 file (es. in /dist, /test).
2025-11-12 09:47:30,462 - UnicodeAnalyzer - INFO - -> Analizzando versione 7.16.2-alpha.7 (2798/3696)...
2025-11-12 09:47:30,462 - UnicodeAnalyzer - INFO - Filtrati 3 file (es. in /dist, /test).
2025-11-12 09:47:30,462 - UnicodeAnalyzer - INFO - -> Analizzando versione 7.16.2-alpha.8 (2799/3696)...
2025-11-12 09:47:30,462 - UnicodeAnalyzer - INFO - Filtrati 3 file (es. in /dist, /test).
2025-11-12 09:47:30,462 - UnicodeAnalyzer - INFO - -> Analizzando versione 7.16.2-alpha.9 (2800/3696)...
2025-11-12 09:47:30,462 - UnicodeAnalyzer - INFO - Filtrati 3 file (es. in /dist, /test).
2025-11-12 09:47:30,462 - UnicodeAnalyzer - INFO - -> Analizzando versione 7.17.0 (2801/3696)...
2025-11-12 09:47:30,463 - UnicodeAnalyzer - INFO - Filtrati 3 file (es. in /dist, /test).
2025-11-12 09:47:30,463 - UnicodeAnalyzer - INFO - -> Analizzando versione 7.17.1-alpha.0 (2802/3696)...
2025-11-12 09:47:30,463 - UnicodeAnalyzer - INFO - Filtrati 3 file (es. in /dist, /test).
2025-11-12 09:47:30,463 - UnicodeAnalyzer - INFO - -> Analizzando versione 7.17.1-alpha.1 (2803/3696)...
2025-11-12 09:47:30,463 - UnicodeAnalyzer - INFO - Filtrati 3 file (es. in /dist, /test).
2025-11-12 09:47:30,463 - UnicodeAnalyzer - INFO - -> Analizzando versione 7.17.1-alpha.2 (2804/3696)...
2025-11-12 09:47:30,464 - UnicodeAnalyzer - INFO - Filtrati 3 file (es. in /dist, /test).
2025-11-12 09:47:30,464 - UnicodeAnalyzer - INFO - -> Analizzando versione 7.17.1-alpha.3 (2805/3696)...
2025-11-12 09:47:30,464 - UnicodeAnalyzer - INFO - Filtrati 3 file (es. in /dist, /test).
2025-11-12 09:47:30,464 - UnicodeAnalyzer - INFO - -> Analizzando versione 7.17.1-alpha.4 (2806/3696)...
2025-11-12 09:47:30,464 - UnicodeAnalyzer - INFO - Filtrati 3 file (es. in /dist, /test).
2025-11-12 09:47:30,464 - UnicodeAnalyzer - INFO - -> Analizzando versione 7.17.1-alpha.5 (2807/3696)...
2025-11-12 09:47:30,464 - UnicodeAnalyzer - INFO - Filtrati 3 file (es. in /dist, /test).
2025-11-12 09:47:30,464 - UnicodeAnalyzer - INFO - -> Analizzando versione 7.17.1-alpha.6 (2808/3696)...
2025-11-12 09:47:30,465 - UnicodeAnalyzer - INFO - Filtrati 3 file (es. in /dist, /test).
2025-11-12 09:47:30,465 - UnicodeAnalyzer - INFO - -> Analizzando versione 7.17.1-alpha.7 (2809/3696)...
2025-11-12 09:47:30,465 - UnicodeAnalyzer - INFO - Filtrati 3 file (es. in /dist, /test).
2025-11-12 09:47:30,465 - UnicodeAnalyzer - INFO - -> Analizzando versione 7.17.1-alpha.8 (2810/3696)...
2025-11-12 09:47:30,465 - UnicodeAnalyzer - INFO - Filtrati 3 file (es. in /dist, /test).
2025-11-12 09:47:30,465 - UnicodeAnalyzer - INFO - -> Analizzando versione 7.17.1-alpha.9 (2811/3696)...
2025-11-12 09:47:30,466 - UnicodeAnalyzer - INFO - Filtrati 3 file (es. in /dist, /test).
2025-11-12 09:47:30,466 - UnicodeAnalyzer - INFO - -> Analizzando versione 7.18.0 (2812/3696)...
2025-11-12 09:47:30,466 - UnicodeAnalyzer - INFO - Filtrati 3 file (es. in /dist, /test).
2025-11-12 09:47:30,466 - UnicodeAnalyzer - INFO - -> Analizzando versione 7.18.1-alpha.0 (2813/3696)...
2025-11-12 09:47:30,466 - UnicodeAnalyzer - INFO - Filtrati 3 file (es. in /dist, /test).
2025-11-12 09:47:30,466 - UnicodeAnalyzer - INFO - -> Analizzando versione 7.18.1-alpha.1 (2814/3696)...
2025-11-12 09:47:30,466 - UnicodeAnalyzer - INFO - Filtrati 3 file (es. in /dist, /test).
2025-11-12 09:47:30,466 - UnicodeAnalyzer - INFO - -> Analizzando versione 7.18.1-alpha.2 (2815/3696)...
2025-11-12 09:47:30,467 - UnicodeAnalyzer - INFO - Filtrati 3 file (es. in /dist, /test).
2025-11-12 09:47:30,467 - UnicodeAnalyzer - INFO - -> Analizzando versione 7.18.1-alpha.3 (2816/3696)...
2025-11-12 09:47:30,467 - UnicodeAnalyzer - INFO - Filtrati 3 file (es. in /dist, /test).
2025-11-12 09:47:30,467 - UnicodeAnalyzer - INFO - -> Analizzando versione 7.2.0 (2817/3696)...
2025-11-12 09:47:30,467 - UnicodeAnalyzer - INFO - Filtrati 3 file (es. in /dist, /test).
2025-11-12 09:47:30,467 - UnicodeAnalyzer - INFO - -> Analizzando versione 7.2.1-alpha.0 (2818/3696)...
2025-11-12 09:47:30,468 - UnicodeAnalyzer - INFO - Filtrati 3 file (es. in /dist, /test).
2025-11-12 09:47:30,468 - UnicodeAnalyzer - INFO - -> Analizzando versione 7.2.1-alpha.1 (2819/3696)...
2025-11-12 09:47:30,468 - UnicodeAnalyzer - INFO - Filtrati 3 file (es. in /dist, /test).
2025-11-12 09:47:30,468 - UnicodeAnalyzer - INFO - -> Analizzando versione 7.2.1-alpha.2 (2820/3696)...
2025-11-12 09:47:30,468 - UnicodeAnalyzer - INFO - Filtrati 3 file (es. in /dist, /test).
2025-11-12 09:47:30,468 - UnicodeAnalyzer - INFO - -> Analizzando versione 7.2.1-alpha.3 (2821/3696)...
2025-11-12 09:47:30,468 - UnicodeAnalyzer - INFO - Filtrati 3 file (es. in /dist, /test).
2025-11-12 09:47:30,468 - UnicodeAnalyzer - INFO - -> Analizzando versione 7.2.1-alpha.4 (2822/3696)...
2025-11-12 09:47:30,469 - UnicodeAnalyzer - INFO - Filtrati 3 file (es. in /dist, /test).
2025-11-12 09:47:30,469 - UnicodeAnalyzer - INFO - -> Analizzando versione 7.2.1-alpha.5 (2823/3696)...
2025-11-12 09:47:30,469 - UnicodeAnalyzer - INFO - Filtrati 3 file (es. in /dist, /test).
2025-11-12 09:47:30,469 - UnicodeAnalyzer - INFO - -> Analizzando versione 7.3.0 (2824/3696)...
2025-11-12 09:47:30,469 - UnicodeAnalyzer - INFO - Filtrati 3 file (es. in /dist, /test).
2025-11-12 09:47:30,469 - UnicodeAnalyzer - INFO - -> Analizzando versione 7.3.1 (2825/3696)...
2025-11-12 09:47:30,470 - UnicodeAnalyzer - INFO - Filtrati 3 file (es. in /dist, /test).
2025-11-12 09:47:30,470 - UnicodeAnalyzer - INFO - -> Analizzando versione 7.3.1-alpha.0 (2826/3696)...
2025-11-12 09:47:30,470 - UnicodeAnalyzer - INFO - Filtrati 3 file (es. in /dist, /test).
2025-11-12 09:47:30,470 - UnicodeAnalyzer - INFO - -> Analizzando versione 7.3.1-alpha.1 (2827/3696)...
2025-11-12 09:47:30,470 - UnicodeAnalyzer - INFO - Filtrati 3 file (es. in /dist, /test).
2025-11-12 09:47:30,470 - UnicodeAnalyzer - INFO - -> Analizzando versione 7.3.2-alpha.0 (2828/3696)...
2025-11-12 09:47:30,470 - UnicodeAnalyzer - INFO - Filtrati 3 file (es. in /dist, /test).
2025-11-12 09:47:30,470 - UnicodeAnalyzer - INFO - -> Analizzando versione 7.3.2-alpha.1 (2829/3696)...
2025-11-12 09:47:30,471 - UnicodeAnalyzer - INFO - Filtrati 3 file (es. in /dist, /test).
2025-11-12 09:47:30,471 - UnicodeAnalyzer - INFO - -> Analizzando versione 7.3.2-alpha.10 (2830/3696)...
2025-11-12 09:47:30,471 - UnicodeAnalyzer - INFO - Filtrati 3 file (es. in /dist, /test).
2025-11-12 09:47:30,471 - UnicodeAnalyzer - INFO - -> Analizzando versione 7.3.2-alpha.11 (2831/3696)...
2025-11-12 09:47:30,471 - UnicodeAnalyzer - INFO - Filtrati 3 file (es. in /dist, /test).
2025-11-12 09:47:30,471 - UnicodeAnalyzer - INFO - -> Analizzando versione 7.3.2-alpha.2 (2832/3696)...
2025-11-12 09:47:30,472 - UnicodeAnalyzer - INFO - Filtrati 3 file (es. in /dist, /test).
2025-11-12 09:47:30,472 - UnicodeAnalyzer - INFO - -> Analizzando versione 7.3.2-alpha.3 (2833/3696)...
2025-11-12 09:47:30,472 - UnicodeAnalyzer - INFO - Filtrati 3 file (es. in /dist, /test).
2025-11-12 09:47:30,472 - UnicodeAnalyzer - INFO - -> Analizzando versione 7.3.2-alpha.4 (2834/3696)...
2025-11-12 09:47:30,472 - UnicodeAnalyzer - INFO - Filtrati 3 file (es. in /dist, /test).
2025-11-12 09:47:30,472 - UnicodeAnalyzer - INFO - -> Analizzando versione 7.3.2-alpha.5 (2835/3696)...
2025-11-12 09:47:30,472 - UnicodeAnalyzer - INFO - Filtrati 3 file (es. in /dist, /test).
2025-11-12 09:47:30,472 - UnicodeAnalyzer - INFO - -> Analizzando versione 7.3.2-alpha.6 (2836/3696)...
2025-11-12 09:47:30,473 - UnicodeAnalyzer - INFO - Filtrati 3 file (es. in /dist, /test).
2025-11-12 09:47:30,473 - UnicodeAnalyzer - INFO - -> Analizzando versione 7.3.2-alpha.7 (2837/3696)...
2025-11-12 09:47:30,473 - UnicodeAnalyzer - INFO - Filtrati 3 file (es. in /dist, /test).
2025-11-12 09:47:30,473 - UnicodeAnalyzer - INFO - -> Analizzando versione 7.3.2-alpha.8 (2838/3696)...
2025-11-12 09:47:30,473 - UnicodeAnalyzer - INFO - Filtrati 3 file (es. in /dist, /test).
2025-11-12 09:47:30,473 - UnicodeAnalyzer - INFO - -> Analizzando versione 7.3.2-alpha.9 (2839/3696)...
2025-11-12 09:47:30,474 - UnicodeAnalyzer - INFO - Filtrati 3 file (es. in /dist, /test).
2025-11-12 09:47:30,474 - UnicodeAnalyzer - INFO - -> Analizzando versione 7.4.0 (2840/3696)...
2025-11-12 09:47:30,474 - UnicodeAnalyzer - INFO - Filtrati 3 file (es. in /dist, /test).
2025-11-12 09:47:30,474 - UnicodeAnalyzer - INFO - -> Analizzando versione 7.4.1-alpha.0 (2841/3696)...
2025-11-12 09:47:30,474 - UnicodeAnalyzer - INFO - Filtrati 3 file (es. in /dist, /test).
2025-11-12 09:47:30,474 - UnicodeAnalyzer - INFO - -> Analizzando versione 7.4.1-alpha.1 (2842/3696)...
2025-11-12 09:47:30,474 - UnicodeAnalyzer - INFO - Filtrati 3 file (es. in /dist, /test).
2025-11-12 09:47:30,474 - UnicodeAnalyzer - INFO - -> Analizzando versione 7.4.1-alpha.2 (2843/3696)...
2025-11-12 09:47:30,475 - UnicodeAnalyzer - INFO - Filtrati 3 file (es. in /dist, /test).
2025-11-12 09:47:30,475 - UnicodeAnalyzer - INFO - -> Analizzando versione 7.4.1-alpha.3 (2844/3696)...
2025-11-12 09:47:30,475 - UnicodeAnalyzer - INFO - Filtrati 3 file (es. in /dist, /test).
2025-11-12 09:47:30,475 - UnicodeAnalyzer - INFO - -> Analizzando versione 7.4.1-alpha.4 (2845/3696)...
2025-11-12 09:47:30,475 - UnicodeAnalyzer - INFO - Filtrati 3 file (es. in /dist, /test).
2025-11-12 09:47:30,475 - UnicodeAnalyzer - INFO - -> Analizzando versione 7.4.1-alpha.5 (2846/3696)...
2025-11-12 09:47:30,476 - UnicodeAnalyzer - INFO - Filtrati 3 file (es. in /dist, /test).
2025-11-12 09:47:30,476 - UnicodeAnalyzer - INFO - -> Analizzando versione 7.5.0 (2847/3696)...
2025-11-12 09:47:30,476 - UnicodeAnalyzer - INFO - Filtrati 3 file (es. in /dist, /test).
2025-11-12 09:47:30,476 - UnicodeAnalyzer - INFO - -> Analizzando versione 7.5.1-alpha.0 (2848/3696)...
2025-11-12 09:47:30,476 - UnicodeAnalyzer - INFO - Filtrati 3 file (es. in /dist, /test).
2025-11-12 09:47:30,476 - UnicodeAnalyzer - INFO - -> Analizzando versione 7.5.1-alpha.1 (2849/3696)...
2025-11-12 09:47:30,476 - UnicodeAnalyzer - INFO - Filtrati 3 file (es. in /dist, /test).
2025-11-12 09:47:30,476 - UnicodeAnalyzer - INFO - -> Analizzando versione 7.5.1-alpha.10 (2850/3696)...
2025-11-12 09:47:30,477 - UnicodeAnalyzer - INFO - Filtrati 3 file (es. in /dist, /test).
2025-11-12 09:47:30,477 - UnicodeAnalyzer - INFO - -> Analizzando versione 7.5.1-alpha.11 (2851/3696)...
2025-11-12 09:47:30,477 - UnicodeAnalyzer - INFO - Filtrati 3 file (es. in /dist, /test).
2025-11-12 09:47:30,477 - UnicodeAnalyzer - INFO - -> Analizzando versione 7.5.1-alpha.12 (2852/3696)...
2025-11-12 09:47:30,477 - UnicodeAnalyzer - INFO - Filtrati 3 file (es. in /dist, /test).
2025-11-12 09:47:30,477 - UnicodeAnalyzer - INFO - -> Analizzando versione 7.5.1-alpha.13 (2853/3696)...
2025-11-12 09:47:30,478 - UnicodeAnalyzer - INFO - Filtrati 3 file (es. in /dist, /test).
2025-11-12 09:47:30,478 - UnicodeAnalyzer - INFO - -> Analizzando versione 7.5.1-alpha.14 (2854/3696)...
2025-11-12 09:47:30,478 - UnicodeAnalyzer - INFO - Filtrati 3 file (es. in /dist, /test).
2025-11-12 09:47:30,478 - UnicodeAnalyzer - INFO - -> Analizzando versione 7.5.1-alpha.15 (2855/3696)...
2025-11-12 09:47:30,478 - UnicodeAnalyzer - INFO - Filtrati 3 file (es. in /dist, /test).
2025-11-12 09:47:30,478 - UnicodeAnalyzer - INFO - -> Analizzando versione 7.5.1-alpha.2 (2856/3696)...
2025-11-12 09:47:30,478 - UnicodeAnalyzer - INFO - Filtrati 3 file (es. in /dist, /test).
2025-11-12 09:47:30,478 - UnicodeAnalyzer - INFO - -> Analizzando versione 7.5.1-alpha.3 (2857/3696)...
2025-11-12 09:47:30,479 - UnicodeAnalyzer - INFO - Filtrati 3 file (es. in /dist, /test).
2025-11-12 09:47:30,479 - UnicodeAnalyzer - INFO - -> Analizzando versione 7.5.1-alpha.4 (2858/3696)...
2025-11-12 09:47:30,479 - UnicodeAnalyzer - INFO - Filtrati 3 file (es. in /dist, /test).
2025-11-12 09:47:30,479 - UnicodeAnalyzer - INFO - -> Analizzando versione 7.5.1-alpha.5 (2859/3696)...
2025-11-12 09:47:30,479 - UnicodeAnalyzer - INFO - Filtrati 3 file (es. in /dist, /test).
2025-11-12 09:47:30,479 - UnicodeAnalyzer - INFO - -> Analizzando versione 7.5.1-alpha.6 (2860/3696)...
2025-11-12 09:47:30,479 - UnicodeAnalyzer - INFO - Filtrati 3 file (es. in /dist, /test).
2025-11-12 09:47:30,480 - UnicodeAnalyzer - INFO - -> Analizzando versione 7.5.1-alpha.7 (2861/3696)...
2025-11-12 09:47:30,480 - UnicodeAnalyzer - INFO - Filtrati 3 file (es. in /dist, /test).
2025-11-12 09:47:30,480 - UnicodeAnalyzer - INFO - -> Analizzando versione 7.5.1-alpha.8 (2862/3696)...
2025-11-12 09:47:30,480 - UnicodeAnalyzer - INFO - Filtrati 3 file (es. in /dist, /test).
2025-11-12 09:47:30,480 - UnicodeAnalyzer - INFO - -> Analizzando versione 7.5.1-alpha.9 (2863/3696)...
2025-11-12 09:47:30,480 - UnicodeAnalyzer - INFO - Filtrati 3 file (es. in /dist, /test).
2025-11-12 09:47:30,480 - UnicodeAnalyzer - INFO - -> Analizzando versione 7.6.0 (2864/3696)...
2025-11-12 09:47:30,481 - UnicodeAnalyzer - INFO - Filtrati 3 file (es. in /dist, /test).
2025-11-12 09:47:30,481 - UnicodeAnalyzer - INFO - -> Analizzando versione 7.6.1-alpha.0 (2865/3696)...
2025-11-12 09:47:30,481 - UnicodeAnalyzer - INFO - Filtrati 3 file (es. in /dist, /test).
2025-11-12 09:47:30,481 - UnicodeAnalyzer - INFO - -> Analizzando versione 7.6.1-alpha.1 (2866/3696)...
2025-11-12 09:47:30,481 - UnicodeAnalyzer - INFO - Filtrati 3 file (es. in /dist, /test).
2025-11-12 09:47:30,481 - UnicodeAnalyzer - INFO - -> Analizzando versione 7.6.1-alpha.2 (2867/3696)...
2025-11-12 09:47:30,481 - UnicodeAnalyzer - INFO - Filtrati 3 file (es. in /dist, /test).
2025-11-12 09:47:30,481 - UnicodeAnalyzer - INFO - -> Analizzando versione 7.6.1-alpha.3 (2868/3696)...
2025-11-12 09:47:30,482 - UnicodeAnalyzer - INFO - Filtrati 3 file (es. in /dist, /test).
2025-11-12 09:47:30,482 - UnicodeAnalyzer - INFO - -> Analizzando versione 7.6.1-alpha.4 (2869/3696)...
2025-11-12 09:47:30,482 - UnicodeAnalyzer - INFO - Filtrati 3 file (es. in /dist, /test).
2025-11-12 09:47:30,482 - UnicodeAnalyzer - INFO - -> Analizzando versione 7.7.0 (2870/3696)...
2025-11-12 09:47:30,482 - UnicodeAnalyzer - INFO - Filtrati 3 file (es. in /dist, /test).
2025-11-12 09:47:30,482 - UnicodeAnalyzer - INFO - -> Analizzando versione 7.7.1 (2871/3696)...
2025-11-12 09:47:30,483 - UnicodeAnalyzer - INFO - Filtrati 3 file (es. in /dist, /test).
2025-11-12 09:47:30,483 - UnicodeAnalyzer - INFO - -> Analizzando versione 7.7.1-alpha.0 (2872/3696)...
2025-11-12 09:47:30,483 - UnicodeAnalyzer - INFO - Filtrati 3 file (es. in /dist, /test).
2025-11-12 09:47:30,483 - UnicodeAnalyzer - INFO - -> Analizzando versione 7.7.1-alpha.1 (2873/3696)...
2025-11-12 09:47:30,483 - UnicodeAnalyzer - INFO - Filtrati 3 file (es. in /dist, /test).
2025-11-12 09:47:30,483 - UnicodeAnalyzer - INFO - -> Analizzando versione 7.7.1-alpha.2 (2874/3696)...
2025-11-12 09:47:30,483 - UnicodeAnalyzer - INFO - Filtrati 3 file (es. in /dist, /test).
2025-11-12 09:47:30,483 - UnicodeAnalyzer - INFO - -> Analizzando versione 7.7.1-alpha.3 (2875/3696)...
2025-11-12 09:47:30,484 - UnicodeAnalyzer - INFO - Filtrati 3 file (es. in /dist, /test).
2025-11-12 09:47:30,484 - UnicodeAnalyzer - INFO - -> Analizzando versione 7.7.1-alpha.4 (2876/3696)...
2025-11-12 09:47:30,484 - UnicodeAnalyzer - INFO - Filtrati 3 file (es. in /dist, /test).
2025-11-12 09:47:30,484 - UnicodeAnalyzer - INFO - -> Analizzando versione 7.7.1-alpha.5 (2877/3696)...
2025-11-12 09:47:30,484 - UnicodeAnalyzer - INFO - Filtrati 3 file (es. in /dist, /test).
2025-11-12 09:47:30,484 - UnicodeAnalyzer - INFO - -> Analizzando versione 7.7.2-alpha.0 (2878/3696)...
2025-11-12 09:47:30,485 - UnicodeAnalyzer - INFO - Filtrati 3 file (es. in /dist, /test).
2025-11-12 09:47:30,485 - UnicodeAnalyzer - INFO - -> Analizzando versione 7.7.2-alpha.1 (2879/3696)...
2025-11-12 09:47:30,485 - UnicodeAnalyzer - INFO - Filtrati 3 file (es. in /dist, /test).
2025-11-12 09:47:30,485 - UnicodeAnalyzer - INFO - -> Analizzando versione 7.7.2-alpha.10 (2880/3696)...
2025-11-12 09:47:30,485 - UnicodeAnalyzer - INFO - Filtrati 3 file (es. in /dist, /test).
2025-11-12 09:47:30,485 - UnicodeAnalyzer - INFO - -> Analizzando versione 7.7.2-alpha.11 (2881/3696)...
2025-11-12 09:47:30,485 - UnicodeAnalyzer - INFO - Filtrati 3 file (es. in /dist, /test).
2025-11-12 09:47:30,485 - UnicodeAnalyzer - INFO - -> Analizzando versione 7.7.2-alpha.12 (2882/3696)...
2025-11-12 09:47:30,486 - UnicodeAnalyzer - INFO - Filtrati 3 file (es. in /dist, /test).
2025-11-12 09:47:30,486 - UnicodeAnalyzer - INFO - -> Analizzando versione 7.7.2-alpha.13 (2883/3696)...
2025-11-12 09:47:30,486 - UnicodeAnalyzer - INFO - Filtrati 3 file (es. in /dist, /test).
2025-11-12 09:47:30,486 - UnicodeAnalyzer - INFO - -> Analizzando versione 7.7.2-alpha.2 (2884/3696)...
2025-11-12 09:47:30,486 - UnicodeAnalyzer - INFO - Filtrati 3 file (es. in /dist, /test).
2025-11-12 09:47:30,486 - UnicodeAnalyzer - INFO - -> Analizzando versione 7.7.2-alpha.3 (2885/3696)...
2025-11-12 09:47:30,487 - UnicodeAnalyzer - INFO - Filtrati 3 file (es. in /dist, /test).
2025-11-12 09:47:30,487 - UnicodeAnalyzer - INFO - -> Analizzando versione 7.7.2-alpha.4 (2886/3696)...
2025-11-12 09:47:30,487 - UnicodeAnalyzer - INFO - Filtrati 3 file (es. in /dist, /test).
2025-11-12 09:47:30,487 - UnicodeAnalyzer - INFO - -> Analizzando versione 7.7.2-alpha.5 (2887/3696)...
2025-11-12 09:47:30,487 - UnicodeAnalyzer - INFO - Filtrati 3 file (es. in /dist, /test).
2025-11-12 09:47:30,487 - UnicodeAnalyzer - INFO - -> Analizzando versione 7.7.2-alpha.6 (2888/3696)...
2025-11-12 09:47:30,487 - UnicodeAnalyzer - INFO - Filtrati 3 file (es. in /dist, /test).
2025-11-12 09:47:30,487 - UnicodeAnalyzer - INFO - -> Analizzando versione 7.7.2-alpha.7 (2889/3696)...
2025-11-12 09:47:30,488 - UnicodeAnalyzer - INFO - Filtrati 3 file (es. in /dist, /test).
2025-11-12 09:47:30,488 - UnicodeAnalyzer - INFO - -> Analizzando versione 7.7.2-alpha.8 (2890/3696)...
2025-11-12 09:47:30,488 - UnicodeAnalyzer - INFO - Filtrati 3 file (es. in /dist, /test).
2025-11-12 09:47:30,488 - UnicodeAnalyzer - INFO - -> Analizzando versione 7.7.2-alpha.9 (2891/3696)...
2025-11-12 09:47:30,488 - UnicodeAnalyzer - INFO - Filtrati 3 file (es. in /dist, /test).
2025-11-12 09:47:30,488 - UnicodeAnalyzer - INFO - -> Analizzando versione 7.8.0 (2892/3696)...
2025-11-12 09:47:30,489 - UnicodeAnalyzer - INFO - Filtrati 3 file (es. in /dist, /test).
2025-11-12 09:47:30,489 - UnicodeAnalyzer - INFO - -> Analizzando versione 7.8.1-alpha.0 (2893/3696)...
2025-11-12 09:47:30,489 - UnicodeAnalyzer - INFO - Filtrati 3 file (es. in /dist, /test).
2025-11-12 09:47:30,489 - UnicodeAnalyzer - INFO - -> Analizzando versione 7.8.1-alpha.1 (2894/3696)...
2025-11-12 09:47:30,489 - UnicodeAnalyzer - INFO - Filtrati 3 file (es. in /dist, /test).
2025-11-12 09:47:30,489 - UnicodeAnalyzer - INFO - -> Analizzando versione 7.8.1-alpha.10 (2895/3696)...
2025-11-12 09:47:30,489 - UnicodeAnalyzer - INFO - Filtrati 3 file (es. in /dist, /test).
2025-11-12 09:47:30,489 - UnicodeAnalyzer - INFO - -> Analizzando versione 7.8.1-alpha.11 (2896/3696)...
2025-11-12 09:47:30,490 - UnicodeAnalyzer - INFO - Filtrati 3 file (es. in /dist, /test).
2025-11-12 09:47:30,490 - UnicodeAnalyzer - INFO - -> Analizzando versione 7.8.1-alpha.2 (2897/3696)...
2025-11-12 09:47:30,490 - UnicodeAnalyzer - INFO - Filtrati 3 file (es. in /dist, /test).
2025-11-12 09:47:30,490 - UnicodeAnalyzer - INFO - -> Analizzando versione 7.8.1-alpha.3 (2898/3696)...
2025-11-12 09:47:30,490 - UnicodeAnalyzer - INFO - Filtrati 3 file (es. in /dist, /test).
2025-11-12 09:47:30,490 - UnicodeAnalyzer - INFO - -> Analizzando versione 7.8.1-alpha.4 (2899/3696)...
2025-11-12 09:47:30,490 - UnicodeAnalyzer - INFO - Filtrati 3 file (es. in /dist, /test).
2025-11-12 09:47:30,491 - UnicodeAnalyzer - INFO - -> Analizzando versione 7.8.1-alpha.5 (2900/3696)...
2025-11-12 09:47:30,491 - UnicodeAnalyzer - INFO - Filtrati 3 file (es. in /dist, /test).
2025-11-12 09:47:30,491 - UnicodeAnalyzer - INFO - -> Analizzando versione 7.8.1-alpha.6 (2901/3696)...
2025-11-12 09:47:30,491 - UnicodeAnalyzer - INFO - Filtrati 3 file (es. in /dist, /test).
2025-11-12 09:47:30,491 - UnicodeAnalyzer - INFO - -> Analizzando versione 7.8.1-alpha.7 (2902/3696)...
2025-11-12 09:47:30,491 - UnicodeAnalyzer - INFO - Filtrati 3 file (es. in /dist, /test).
2025-11-12 09:47:30,491 - UnicodeAnalyzer - INFO - -> Analizzando versione 7.8.1-alpha.8 (2903/3696)...
2025-11-12 09:47:30,492 - UnicodeAnalyzer - INFO - Filtrati 3 file (es. in /dist, /test).
2025-11-12 09:47:30,492 - UnicodeAnalyzer - INFO - -> Analizzando versione 7.8.1-alpha.9 (2904/3696)...
2025-11-12 09:47:30,492 - UnicodeAnalyzer - INFO - Filtrati 3 file (es. in /dist, /test).
2025-11-12 09:47:30,492 - UnicodeAnalyzer - INFO - -> Analizzando versione 7.9.0 (2905/3696)...
2025-11-12 09:47:30,492 - UnicodeAnalyzer - INFO - Filtrati 3 file (es. in /dist, /test).
2025-11-12 09:47:30,492 - UnicodeAnalyzer - INFO - -> Analizzando versione 7.9.1-alpha.0 (2906/3696)...
2025-11-12 09:47:30,492 - UnicodeAnalyzer - INFO - Filtrati 3 file (es. in /dist, /test).
2025-11-12 09:47:30,493 - UnicodeAnalyzer - INFO - -> Analizzando versione 7.9.1-alpha.1 (2907/3696)...
2025-11-12 09:47:30,493 - UnicodeAnalyzer - INFO - Filtrati 3 file (es. in /dist, /test).
2025-11-12 09:47:30,493 - UnicodeAnalyzer - INFO - -> Analizzando versione 7.9.1-alpha.2 (2908/3696)...
2025-11-12 09:47:30,493 - UnicodeAnalyzer - INFO - Filtrati 3 file (es. in /dist, /test).
2025-11-12 09:47:30,493 - UnicodeAnalyzer - INFO - -> Analizzando versione 7.9.1-alpha.3 (2909/3696)...
2025-11-12 09:47:30,493 - UnicodeAnalyzer - INFO - Filtrati 3 file (es. in /dist, /test).
2025-11-12 09:47:30,493 - UnicodeAnalyzer - INFO - -> Analizzando versione 7.9.1-alpha.4 (2910/3696)...
2025-11-12 09:47:30,494 - UnicodeAnalyzer - INFO - Filtrati 3 file (es. in /dist, /test).
2025-11-12 09:47:30,494 - UnicodeAnalyzer - INFO - -> Analizzando versione 7.9.1-alpha.5 (2911/3696)...
2025-11-12 09:47:30,494 - UnicodeAnalyzer - INFO - Filtrati 3 file (es. in /dist, /test).
2025-11-12 09:47:30,494 - UnicodeAnalyzer - INFO - -> Analizzando versione 7.9.1-alpha.6 (2912/3696)...
2025-11-12 09:47:30,494 - UnicodeAnalyzer - INFO - Filtrati 3 file (es. in /dist, /test).
2025-11-12 09:47:30,494 - UnicodeAnalyzer - INFO - -> Analizzando versione 7.9.1-alpha.7 (2913/3696)...
2025-11-12 09:47:30,494 - UnicodeAnalyzer - INFO - Filtrati 3 file (es. in /dist, /test).
2025-11-12 09:47:30,494 - UnicodeAnalyzer - INFO - -> Analizzando versione 8.0.0 (2914/3696)...
2025-11-12 09:47:30,495 - UnicodeAnalyzer - INFO - Filtrati 3 file (es. in /dist, /test).
2025-11-12 09:47:30,495 - UnicodeAnalyzer - INFO - -> Analizzando versione 8.0.0-alpha.0 (2915/3696)...
2025-11-12 09:47:30,495 - UnicodeAnalyzer - INFO - Filtrati 3 file (es. in /dist, /test).
2025-11-12 09:47:30,495 - UnicodeAnalyzer - INFO - -> Analizzando versione 8.0.0-alpha.1 (2916/3696)...
2025-11-12 09:47:30,495 - UnicodeAnalyzer - INFO - Filtrati 3 file (es. in /dist, /test).
2025-11-12 09:47:30,495 - UnicodeAnalyzer - INFO - -> Analizzando versione 8.0.0-alpha.10 (2917/3696)...
2025-11-12 09:47:30,496 - UnicodeAnalyzer - INFO - Filtrati 3 file (es. in /dist, /test).
2025-11-12 09:47:30,496 - UnicodeAnalyzer - INFO - -> Analizzando versione 8.0.0-alpha.11 (2918/3696)...
2025-11-12 09:47:30,496 - UnicodeAnalyzer - INFO - Filtrati 3 file (es. in /dist, /test).
2025-11-12 09:47:30,496 - UnicodeAnalyzer - INFO - -> Analizzando versione 8.0.0-alpha.12 (2919/3696)...
2025-11-12 09:47:30,496 - UnicodeAnalyzer - INFO - Filtrati 3 file (es. in /dist, /test).
2025-11-12 09:47:30,496 - UnicodeAnalyzer - INFO - -> Analizzando versione 8.0.0-alpha.13 (2920/3696)...
2025-11-12 09:47:30,496 - UnicodeAnalyzer - INFO - Filtrati 3 file (es. in /dist, /test).
2025-11-12 09:47:30,496 - UnicodeAnalyzer - INFO - -> Analizzando versione 8.0.0-alpha.14 (2921/3696)...
2025-11-12 09:47:30,497 - UnicodeAnalyzer - INFO - Filtrati 3 file (es. in /dist, /test).
2025-11-12 09:47:30,497 - UnicodeAnalyzer - INFO - -> Analizzando versione 8.0.0-alpha.15 (2922/3696)...
2025-11-12 09:47:30,497 - UnicodeAnalyzer - INFO - Filtrati 3 file (es. in /dist, /test).
2025-11-12 09:47:30,497 - UnicodeAnalyzer - INFO - -> Analizzando versione 8.0.0-alpha.16 (2923/3696)...
2025-11-12 09:47:30,497 - UnicodeAnalyzer - INFO - Filtrati 3 file (es. in /dist, /test).
2025-11-12 09:47:30,497 - UnicodeAnalyzer - INFO - -> Analizzando versione 8.0.0-alpha.17 (2924/3696)...
2025-11-12 09:47:30,498 - UnicodeAnalyzer - INFO - Filtrati 3 file (es. in /dist, /test).
2025-11-12 09:47:30,498 - UnicodeAnalyzer - INFO - -> Analizzando versione 8.0.0-alpha.18 (2925/3696)...
2025-11-12 09:47:30,498 - UnicodeAnalyzer - INFO - Filtrati 3 file (es. in /dist, /test).
2025-11-12 09:47:30,498 - UnicodeAnalyzer - INFO - -> Analizzando versione 8.0.0-alpha.19 (2926/3696)...
2025-11-12 09:47:30,498 - UnicodeAnalyzer - INFO - Filtrati 3 file (es. in /dist, /test).
2025-11-12 09:47:30,498 - UnicodeAnalyzer - INFO - -> Analizzando versione 8.0.0-alpha.2 (2927/3696)...
2025-11-12 09:47:30,499 - UnicodeAnalyzer - INFO - Filtrati 3 file (es. in /dist, /test).
2025-11-12 09:47:30,499 - UnicodeAnalyzer - INFO - -> Analizzando versione 8.0.0-alpha.20 (2928/3696)...
2025-11-12 09:47:30,499 - UnicodeAnalyzer - INFO - Filtrati 3 file (es. in /dist, /test).
2025-11-12 09:47:30,499 - UnicodeAnalyzer - INFO - -> Analizzando versione 8.0.0-alpha.21 (2929/3696)...
2025-11-12 09:47:30,499 - UnicodeAnalyzer - INFO - Filtrati 3 file (es. in /dist, /test).
2025-11-12 09:47:30,499 - UnicodeAnalyzer - INFO - -> Analizzando versione 8.0.0-alpha.22 (2930/3696)...
2025-11-12 09:47:30,499 - UnicodeAnalyzer - INFO - Filtrati 3 file (es. in /dist, /test).
2025-11-12 09:47:30,499 - UnicodeAnalyzer - INFO - -> Analizzando versione 8.0.0-alpha.23 (2931/3696)...
2025-11-12 09:47:30,500 - UnicodeAnalyzer - INFO - Filtrati 3 file (es. in /dist, /test).
2025-11-12 09:47:30,500 - UnicodeAnalyzer - INFO - -> Analizzando versione 8.0.0-alpha.24 (2932/3696)...
2025-11-12 09:47:30,500 - UnicodeAnalyzer - INFO - Filtrati 3 file (es. in /dist, /test).
2025-11-12 09:47:30,500 - UnicodeAnalyzer - INFO - -> Analizzando versione 8.0.0-alpha.25 (2933/3696)...
2025-11-12 09:47:30,500 - UnicodeAnalyzer - INFO - Filtrati 3 file (es. in /dist, /test).
2025-11-12 09:47:30,500 - UnicodeAnalyzer - INFO - -> Analizzando versione 8.0.0-alpha.26 (2934/3696)...
2025-11-12 09:47:30,501 - UnicodeAnalyzer - INFO - Filtrati 3 file (es. in /dist, /test).
2025-11-12 09:47:30,501 - UnicodeAnalyzer - INFO - -> Analizzando versione 8.0.0-alpha.27 (2935/3696)...
2025-11-12 09:47:30,501 - UnicodeAnalyzer - INFO - Filtrati 3 file (es. in /dist, /test).
2025-11-12 09:47:30,501 - UnicodeAnalyzer - INFO - -> Analizzando versione 8.0.0-alpha.28 (2936/3696)...
2025-11-12 09:47:30,501 - UnicodeAnalyzer - INFO - Filtrati 3 file (es. in /dist, /test).
2025-11-12 09:47:30,501 - UnicodeAnalyzer - INFO - -> Analizzando versione 8.0.0-alpha.29 (2937/3696)...
2025-11-12 09:47:30,501 - UnicodeAnalyzer - INFO - Filtrati 3 file (es. in /dist, /test).
2025-11-12 09:47:30,501 - UnicodeAnalyzer - INFO - -> Analizzando versione 8.0.0-alpha.3 (2938/3696)...
2025-11-12 09:47:30,502 - UnicodeAnalyzer - INFO - Filtrati 3 file (es. in /dist, /test).
2025-11-12 09:47:30,502 - UnicodeAnalyzer - INFO - -> Analizzando versione 8.0.0-alpha.30 (2939/3696)...
2025-11-12 09:47:30,502 - UnicodeAnalyzer - INFO - Filtrati 3 file (es. in /dist, /test).
2025-11-12 09:47:30,502 - UnicodeAnalyzer - INFO - -> Analizzando versione 8.0.0-alpha.31 (2940/3696)...
2025-11-12 09:47:30,502 - UnicodeAnalyzer - INFO - Filtrati 3 file (es. in /dist, /test).
2025-11-12 09:47:30,502 - UnicodeAnalyzer - INFO - -> Analizzando versione 8.0.0-alpha.32 (2941/3696)...
2025-11-12 09:47:30,503 - UnicodeAnalyzer - INFO - Filtrati 3 file (es. in /dist, /test).
2025-11-12 09:47:30,503 - UnicodeAnalyzer - INFO - -> Analizzando versione 8.0.0-alpha.33 (2942/3696)...
2025-11-12 09:47:30,503 - UnicodeAnalyzer - INFO - Filtrati 3 file (es. in /dist, /test).
2025-11-12 09:47:30,503 - UnicodeAnalyzer - INFO - -> Analizzando versione 8.0.0-alpha.34 (2943/3696)...
2025-11-12 09:47:30,503 - UnicodeAnalyzer - INFO - Filtrati 3 file (es. in /dist, /test).
2025-11-12 09:47:30,503 - UnicodeAnalyzer - INFO - -> Analizzando versione 8.0.0-alpha.35 (2944/3696)...
2025-11-12 09:47:30,503 - UnicodeAnalyzer - INFO - Filtrati 3 file (es. in /dist, /test).
2025-11-12 09:47:30,503 - UnicodeAnalyzer - INFO - -> Analizzando versione 8.0.0-alpha.36 (2945/3696)...
2025-11-12 09:47:30,504 - UnicodeAnalyzer - INFO - Filtrati 3 file (es. in /dist, /test).
2025-11-12 09:47:30,504 - UnicodeAnalyzer - INFO - -> Analizzando versione 8.0.0-alpha.37 (2946/3696)...
2025-11-12 09:47:30,504 - UnicodeAnalyzer - INFO - Filtrati 3 file (es. in /dist, /test).
2025-11-12 09:47:30,504 - UnicodeAnalyzer - INFO - -> Analizzando versione 8.0.0-alpha.38 (2947/3696)...
2025-11-12 09:47:30,504 - UnicodeAnalyzer - INFO - Filtrati 3 file (es. in /dist, /test).
2025-11-12 09:47:30,504 - UnicodeAnalyzer - INFO - -> Analizzando versione 8.0.0-alpha.39 (2948/3696)...
2025-11-12 09:47:30,505 - UnicodeAnalyzer - INFO - Filtrati 3 file (es. in /dist, /test).
2025-11-12 09:47:30,505 - UnicodeAnalyzer - INFO - -> Analizzando versione 8.0.0-alpha.4 (2949/3696)...
2025-11-12 09:47:30,505 - UnicodeAnalyzer - INFO - Filtrati 3 file (es. in /dist, /test).
2025-11-12 09:47:30,505 - UnicodeAnalyzer - INFO - -> Analizzando versione 8.0.0-alpha.40 (2950/3696)...
2025-11-12 09:47:30,505 - UnicodeAnalyzer - INFO - Filtrati 3 file (es. in /dist, /test).
2025-11-12 09:47:30,505 - UnicodeAnalyzer - INFO - -> Analizzando versione 8.0.0-alpha.41 (2951/3696)...
2025-11-12 09:47:30,505 - UnicodeAnalyzer - INFO - Filtrati 3 file (es. in /dist, /test).
2025-11-12 09:47:30,505 - UnicodeAnalyzer - INFO - -> Analizzando versione 8.0.0-alpha.42 (2952/3696)...
2025-11-12 09:47:30,506 - UnicodeAnalyzer - INFO - Filtrati 3 file (es. in /dist, /test).
2025-11-12 09:47:30,506 - UnicodeAnalyzer - INFO - -> Analizzando versione 8.0.0-alpha.43 (2953/3696)...
2025-11-12 09:47:30,506 - UnicodeAnalyzer - INFO - Filtrati 3 file (es. in /dist, /test).
2025-11-12 09:47:30,506 - UnicodeAnalyzer - INFO - -> Analizzando versione 8.0.0-alpha.44 (2954/3696)...
2025-11-12 09:47:30,506 - UnicodeAnalyzer - INFO - Filtrati 3 file (es. in /dist, /test).
2025-11-12 09:47:30,506 - UnicodeAnalyzer - INFO - -> Analizzando versione 8.0.0-alpha.45 (2955/3696)...
2025-11-12 09:47:30,507 - UnicodeAnalyzer - INFO - Filtrati 3 file (es. in /dist, /test).
2025-11-12 09:47:30,507 - UnicodeAnalyzer - INFO - -> Analizzando versione 8.0.0-alpha.46 (2956/3696)...
2025-11-12 09:47:30,507 - UnicodeAnalyzer - INFO - Filtrati 3 file (es. in /dist, /test).
2025-11-12 09:47:30,507 - UnicodeAnalyzer - INFO - -> Analizzando versione 8.0.0-alpha.47 (2957/3696)...
2025-11-12 09:47:30,507 - UnicodeAnalyzer - INFO - Filtrati 3 file (es. in /dist, /test).
2025-11-12 09:47:30,507 - UnicodeAnalyzer - INFO - -> Analizzando versione 8.0.0-alpha.48 (2958/3696)...
2025-11-12 09:47:30,507 - UnicodeAnalyzer - INFO - Filtrati 3 file (es. in /dist, /test).
2025-11-12 09:47:30,507 - UnicodeAnalyzer - INFO - -> Analizzando versione 8.0.0-alpha.49 (2959/3696)...
2025-11-12 09:47:30,508 - UnicodeAnalyzer - INFO - Filtrati 3 file (es. in /dist, /test).
2025-11-12 09:47:30,508 - UnicodeAnalyzer - INFO - -> Analizzando versione 8.0.0-alpha.5 (2960/3696)...
2025-11-12 09:47:30,508 - UnicodeAnalyzer - INFO - Filtrati 3 file (es. in /dist, /test).
2025-11-12 09:47:30,508 - UnicodeAnalyzer - INFO - -> Analizzando versione 8.0.0-alpha.50 (2961/3696)...
2025-11-12 09:47:30,508 - UnicodeAnalyzer - INFO - Filtrati 3 file (es. in /dist, /test).
2025-11-12 09:47:30,508 - UnicodeAnalyzer - INFO - -> Analizzando versione 8.0.0-alpha.51 (2962/3696)...
2025-11-12 09:47:30,509 - UnicodeAnalyzer - INFO - Filtrati 3 file (es. in /dist, /test).
2025-11-12 09:47:30,509 - UnicodeAnalyzer - INFO - -> Analizzando versione 8.0.0-alpha.52 (2963/3696)...
2025-11-12 09:47:30,509 - UnicodeAnalyzer - INFO - Filtrati 3 file (es. in /dist, /test).
2025-11-12 09:47:30,509 - UnicodeAnalyzer - INFO - -> Analizzando versione 8.0.0-alpha.53 (2964/3696)...
2025-11-12 09:47:30,509 - UnicodeAnalyzer - INFO - Filtrati 3 file (es. in /dist, /test).
2025-11-12 09:47:30,509 - UnicodeAnalyzer - INFO - -> Analizzando versione 8.0.0-alpha.54 (2965/3696)...
2025-11-12 09:47:30,509 - UnicodeAnalyzer - INFO - Filtrati 3 file (es. in /dist, /test).
2025-11-12 09:47:30,509 - UnicodeAnalyzer - INFO - -> Analizzando versione 8.0.0-alpha.55 (2966/3696)...
2025-11-12 09:47:30,510 - UnicodeAnalyzer - INFO - Filtrati 3 file (es. in /dist, /test).
2025-11-12 09:47:30,510 - UnicodeAnalyzer - INFO - -> Analizzando versione 8.0.0-alpha.56 (2967/3696)...
2025-11-12 09:47:30,510 - UnicodeAnalyzer - INFO - Filtrati 3 file (es. in /dist, /test).
2025-11-12 09:47:30,510 - UnicodeAnalyzer - INFO - -> Analizzando versione 8.0.0-alpha.57 (2968/3696)...
2025-11-12 09:47:30,510 - UnicodeAnalyzer - INFO - Filtrati 3 file (es. in /dist, /test).
2025-11-12 09:47:30,510 - UnicodeAnalyzer - INFO - -> Analizzando versione 8.0.0-alpha.58 (2969/3696)...
2025-11-12 09:47:30,511 - UnicodeAnalyzer - INFO - Filtrati 3 file (es. in /dist, /test).
2025-11-12 09:47:30,511 - UnicodeAnalyzer - INFO - -> Analizzando versione 8.0.0-alpha.59 (2970/3696)...
2025-11-12 09:47:30,511 - UnicodeAnalyzer - INFO - Filtrati 3 file (es. in /dist, /test).
2025-11-12 09:47:30,511 - UnicodeAnalyzer - INFO - -> Analizzando versione 8.0.0-alpha.6 (2971/3696)...
2025-11-12 09:47:30,511 - UnicodeAnalyzer - INFO - Filtrati 3 file (es. in /dist, /test).
2025-11-12 09:47:30,511 - UnicodeAnalyzer - INFO - -> Analizzando versione 8.0.0-alpha.60 (2972/3696)...
2025-11-12 09:47:30,511 - UnicodeAnalyzer - INFO - Filtrati 3 file (es. in /dist, /test).
2025-11-12 09:47:30,511 - UnicodeAnalyzer - INFO - -> Analizzando versione 8.0.0-alpha.61 (2973/3696)...
2025-11-12 09:47:30,512 - UnicodeAnalyzer - INFO - Filtrati 3 file (es. in /dist, /test).
2025-11-12 09:47:30,512 - UnicodeAnalyzer - INFO - -> Analizzando versione 8.0.0-alpha.62 (2974/3696)...
2025-11-12 09:47:30,512 - UnicodeAnalyzer - INFO - Filtrati 3 file (es. in /dist, /test).
2025-11-12 09:47:30,512 - UnicodeAnalyzer - INFO - -> Analizzando versione 8.0.0-alpha.7 (2975/3696)...
2025-11-12 09:47:30,512 - UnicodeAnalyzer - INFO - Filtrati 3 file (es. in /dist, /test).
2025-11-12 09:47:30,512 - UnicodeAnalyzer - INFO - -> Analizzando versione 8.0.0-alpha.8 (2976/3696)...
2025-11-12 09:47:30,513 - UnicodeAnalyzer - INFO - Filtrati 3 file (es. in /dist, /test).
2025-11-12 09:47:30,513 - UnicodeAnalyzer - INFO - -> Analizzando versione 8.0.0-alpha.9 (2977/3696)...
2025-11-12 09:47:30,513 - UnicodeAnalyzer - INFO - Filtrati 3 file (es. in /dist, /test).
2025-11-12 09:47:30,513 - UnicodeAnalyzer - INFO - -> Analizzando versione 8.0.1 (2978/3696)...
2025-11-12 09:47:30,513 - UnicodeAnalyzer - INFO - Filtrati 3 file (es. in /dist, /test).
2025-11-12 09:47:30,513 - UnicodeAnalyzer - INFO - -> Analizzando versione 8.0.1-alpha.0 (2979/3696)...
2025-11-12 09:47:30,513 - UnicodeAnalyzer - INFO - Filtrati 3 file (es. in /dist, /test).
2025-11-12 09:47:30,513 - UnicodeAnalyzer - INFO - -> Analizzando versione 8.0.1-alpha.1 (2980/3696)...
2025-11-12 09:47:30,514 - UnicodeAnalyzer - INFO - Filtrati 3 file (es. in /dist, /test).
2025-11-12 09:47:30,514 - UnicodeAnalyzer - INFO - -> Analizzando versione 8.0.1-alpha.2 (2981/3696)...
2025-11-12 09:47:30,514 - UnicodeAnalyzer - INFO - Filtrati 3 file (es. in /dist, /test).
2025-11-12 09:47:30,514 - UnicodeAnalyzer - INFO - -> Analizzando versione 8.0.1-alpha.3 (2982/3696)...
2025-11-12 09:47:30,514 - UnicodeAnalyzer - INFO - Filtrati 3 file (es. in /dist, /test).
2025-11-12 09:47:30,514 - UnicodeAnalyzer - INFO - -> Analizzando versione 8.0.1-alpha.4 (2983/3696)...
2025-11-12 09:47:30,514 - UnicodeAnalyzer - INFO - Filtrati 3 file (es. in /dist, /test).
2025-11-12 09:47:30,515 - UnicodeAnalyzer - INFO - -> Analizzando versione 8.0.1-alpha.5 (2984/3696)...
2025-11-12 09:47:30,515 - UnicodeAnalyzer - INFO - Filtrati 3 file (es. in /dist, /test).
2025-11-12 09:47:30,515 - UnicodeAnalyzer - INFO - -> Analizzando versione 8.0.1-alpha.6 (2985/3696)...
2025-11-12 09:47:30,515 - UnicodeAnalyzer - INFO - Filtrati 3 file (es. in /dist, /test).
2025-11-12 09:47:30,515 - UnicodeAnalyzer - INFO - -> Analizzando versione 8.0.1-alpha.7 (2986/3696)...
2025-11-12 09:47:30,515 - UnicodeAnalyzer - INFO - Filtrati 3 file (es. in /dist, /test).
2025-11-12 09:47:30,515 - UnicodeAnalyzer - INFO - -> Analizzando versione 8.0.2-alpha.0 (2987/3696)...
2025-11-12 09:47:30,516 - UnicodeAnalyzer - INFO - Filtrati 3 file (es. in /dist, /test).
2025-11-12 09:47:30,516 - UnicodeAnalyzer - INFO - -> Analizzando versione 8.0.2-alpha.1 (2988/3696)...
2025-11-12 09:47:30,516 - UnicodeAnalyzer - INFO - Filtrati 3 file (es. in /dist, /test).
2025-11-12 09:47:30,516 - UnicodeAnalyzer - INFO - -> Analizzando versione 8.0.2-alpha.10 (2989/3696)...
2025-11-12 09:47:30,516 - UnicodeAnalyzer - INFO - Filtrati 3 file (es. in /dist, /test).
2025-11-12 09:47:30,516 - UnicodeAnalyzer - INFO - -> Analizzando versione 8.0.2-alpha.11 (2990/3696)...
2025-11-12 09:47:30,516 - UnicodeAnalyzer - INFO - Filtrati 3 file (es. in /dist, /test).
2025-11-12 09:47:30,517 - UnicodeAnalyzer - INFO - -> Analizzando versione 8.0.2-alpha.2 (2991/3696)...
2025-11-12 09:47:30,517 - UnicodeAnalyzer - INFO - Filtrati 3 file (es. in /dist, /test).
2025-11-12 09:47:30,517 - UnicodeAnalyzer - INFO - -> Analizzando versione 8.0.2-alpha.3 (2992/3696)...
2025-11-12 09:47:30,517 - UnicodeAnalyzer - INFO - Filtrati 3 file (es. in /dist, /test).
2025-11-12 09:47:30,517 - UnicodeAnalyzer - INFO - -> Analizzando versione 8.0.2-alpha.4 (2993/3696)...
2025-11-12 09:47:30,517 - UnicodeAnalyzer - INFO - Filtrati 3 file (es. in /dist, /test).
2025-11-12 09:47:30,517 - UnicodeAnalyzer - INFO - -> Analizzando versione 8.0.2-alpha.5 (2994/3696)...
2025-11-12 09:47:30,518 - UnicodeAnalyzer - INFO - Filtrati 3 file (es. in /dist, /test).
2025-11-12 09:47:30,518 - UnicodeAnalyzer - INFO - -> Analizzando versione 8.0.2-alpha.6 (2995/3696)...
2025-11-12 09:47:30,518 - UnicodeAnalyzer - INFO - Filtrati 3 file (es. in /dist, /test).
2025-11-12 09:47:30,518 - UnicodeAnalyzer - INFO - -> Analizzando versione 8.0.2-alpha.7 (2996/3696)...
2025-11-12 09:47:30,518 - UnicodeAnalyzer - INFO - Filtrati 3 file (es. in /dist, /test).
2025-11-12 09:47:30,518 - UnicodeAnalyzer - INFO - -> Analizzando versione 8.0.2-alpha.8 (2997/3696)...
2025-11-12 09:47:30,518 - UnicodeAnalyzer - INFO - Filtrati 3 file (es. in /dist, /test).
2025-11-12 09:47:30,518 - UnicodeAnalyzer - INFO - -> Analizzando versione 8.0.2-alpha.9 (2998/3696)...
2025-11-12 09:47:30,519 - UnicodeAnalyzer - INFO - Filtrati 3 file (es. in /dist, /test).
2025-11-12 09:47:30,519 - UnicodeAnalyzer - INFO - -> Analizzando versione 8.1.0 (2999/3696)...
2025-11-12 09:47:30,519 - UnicodeAnalyzer - INFO - Filtrati 3 file (es. in /dist, /test).
2025-11-12 09:47:30,519 - UnicodeAnalyzer - INFO - -> Analizzando versione 8.1.1-alpha.0 (3000/3696)...
2025-11-12 09:47:30,519 - UnicodeAnalyzer - INFO - Filtrati 3 file (es. in /dist, /test).
2025-11-12 09:47:30,519 - UnicodeAnalyzer - INFO - -> Analizzando versione 8.1.1-alpha.1 (3001/3696)...
2025-11-12 09:47:30,520 - UnicodeAnalyzer - INFO - Filtrati 3 file (es. in /dist, /test).
2025-11-12 09:47:30,520 - UnicodeAnalyzer - INFO - -> Analizzando versione 8.1.1-alpha.10 (3002/3696)...
2025-11-12 09:47:30,520 - UnicodeAnalyzer - INFO - Filtrati 3 file (es. in /dist, /test).
2025-11-12 09:47:30,520 - UnicodeAnalyzer - INFO - -> Analizzando versione 8.1.1-alpha.11 (3003/3696)...
2025-11-12 09:47:30,520 - UnicodeAnalyzer - INFO - Filtrati 3 file (es. in /dist, /test).
2025-11-12 09:47:30,520 - UnicodeAnalyzer - INFO - -> Analizzando versione 8.1.1-alpha.2 (3004/3696)...
2025-11-12 09:47:30,520 - UnicodeAnalyzer - INFO - Filtrati 3 file (es. in /dist, /test).
2025-11-12 09:47:30,520 - UnicodeAnalyzer - INFO - -> Analizzando versione 8.1.1-alpha.3 (3005/3696)...
2025-11-12 09:47:30,521 - UnicodeAnalyzer - INFO - Filtrati 3 file (es. in /dist, /test).
2025-11-12 09:47:30,521 - UnicodeAnalyzer - INFO - -> Analizzando versione 8.1.1-alpha.4 (3006/3696)...
2025-11-12 09:47:30,521 - UnicodeAnalyzer - INFO - Filtrati 3 file (es. in /dist, /test).
2025-11-12 09:47:30,521 - UnicodeAnalyzer - INFO - -> Analizzando versione 8.1.1-alpha.5 (3007/3696)...
2025-11-12 09:47:30,521 - UnicodeAnalyzer - INFO - Filtrati 3 file (es. in /dist, /test).
2025-11-12 09:47:30,521 - UnicodeAnalyzer - INFO - -> Analizzando versione 8.1.1-alpha.6 (3008/3696)...
2025-11-12 09:47:30,522 - UnicodeAnalyzer - INFO - Filtrati 3 file (es. in /dist, /test).
2025-11-12 09:47:30,522 - UnicodeAnalyzer - INFO - -> Analizzando versione 8.1.1-alpha.7 (3009/3696)...
2025-11-12 09:47:30,522 - UnicodeAnalyzer - INFO - Filtrati 3 file (es. in /dist, /test).
2025-11-12 09:47:30,522 - UnicodeAnalyzer - INFO - -> Analizzando versione 8.1.1-alpha.8 (3010/3696)...
2025-11-12 09:47:30,522 - UnicodeAnalyzer - INFO - Filtrati 3 file (es. in /dist, /test).
2025-11-12 09:47:30,522 - UnicodeAnalyzer - INFO - -> Analizzando versione 8.1.1-alpha.9 (3011/3696)...
2025-11-12 09:47:30,522 - UnicodeAnalyzer - INFO - Filtrati 3 file (es. in /dist, /test).
2025-11-12 09:47:30,522 - UnicodeAnalyzer - INFO - -> Analizzando versione 8.10.0 (3012/3696)...
2025-11-12 09:47:30,523 - UnicodeAnalyzer - INFO - Filtrati 3 file (es. in /dist, /test).
2025-11-12 09:47:30,523 - UnicodeAnalyzer - INFO - -> Analizzando versione 8.10.1-alpha.0 (3013/3696)...
2025-11-12 09:47:30,523 - UnicodeAnalyzer - INFO - Filtrati 3 file (es. in /dist, /test).
2025-11-12 09:47:30,523 - UnicodeAnalyzer - INFO - -> Analizzando versione 8.10.1-alpha.1 (3014/3696)...
2025-11-12 09:47:30,523 - UnicodeAnalyzer - INFO - Filtrati 3 file (es. in /dist, /test).
2025-11-12 09:47:30,523 - UnicodeAnalyzer - INFO - -> Analizzando versione 8.10.1-alpha.2 (3015/3696)...
2025-11-12 09:47:30,524 - UnicodeAnalyzer - INFO - Filtrati 3 file (es. in /dist, /test).
2025-11-12 09:47:30,524 - UnicodeAnalyzer - INFO - -> Analizzando versione 8.10.1-alpha.3 (3016/3696)...
2025-11-12 09:47:30,524 - UnicodeAnalyzer - INFO - Filtrati 3 file (es. in /dist, /test).
2025-11-12 09:47:30,524 - UnicodeAnalyzer - INFO - -> Analizzando versione 8.10.1-alpha.4 (3017/3696)...
2025-11-12 09:47:30,524 - UnicodeAnalyzer - INFO - Filtrati 3 file (es. in /dist, /test).
2025-11-12 09:47:30,524 - UnicodeAnalyzer - INFO - -> Analizzando versione 8.10.1-alpha.5 (3018/3696)...
2025-11-12 09:47:30,524 - UnicodeAnalyzer - INFO - Filtrati 3 file (es. in /dist, /test).
2025-11-12 09:47:30,524 - UnicodeAnalyzer - INFO - -> Analizzando versione 8.10.1-alpha.6 (3019/3696)...
2025-11-12 09:47:30,525 - UnicodeAnalyzer - INFO - Filtrati 3 file (es. in /dist, /test).
2025-11-12 09:47:30,525 - UnicodeAnalyzer - INFO - -> Analizzando versione 8.10.1-alpha.7 (3020/3696)...
2025-11-12 09:47:30,525 - UnicodeAnalyzer - INFO - Filtrati 3 file (es. in /dist, /test).
2025-11-12 09:47:30,525 - UnicodeAnalyzer - INFO - -> Analizzando versione 8.11.0 (3021/3696)...
2025-11-12 09:47:30,525 - UnicodeAnalyzer - INFO - Filtrati 3 file (es. in /dist, /test).
2025-11-12 09:47:30,525 - UnicodeAnalyzer - INFO - -> Analizzando versione 8.11.1-alpha.0 (3022/3696)...
2025-11-12 09:47:30,526 - UnicodeAnalyzer - INFO - Filtrati 3 file (es. in /dist, /test).
2025-11-12 09:47:30,526 - UnicodeAnalyzer - INFO - -> Analizzando versione 8.11.1-alpha.1 (3023/3696)...
2025-11-12 09:47:30,526 - UnicodeAnalyzer - INFO - Filtrati 3 file (es. in /dist, /test).
2025-11-12 09:47:30,526 - UnicodeAnalyzer - INFO - -> Analizzando versione 8.11.1-alpha.2 (3024/3696)...
2025-11-12 09:47:30,526 - UnicodeAnalyzer - INFO - Filtrati 3 file (es. in /dist, /test).
2025-11-12 09:47:30,526 - UnicodeAnalyzer - INFO - -> Analizzando versione 8.11.1-alpha.3 (3025/3696)...
2025-11-12 09:47:30,526 - UnicodeAnalyzer - INFO - Filtrati 3 file (es. in /dist, /test).
2025-11-12 09:47:30,526 - UnicodeAnalyzer - INFO - -> Analizzando versione 8.11.1-alpha.4 (3026/3696)...
2025-11-12 09:47:30,527 - UnicodeAnalyzer - INFO - Filtrati 3 file (es. in /dist, /test).
2025-11-12 09:47:30,527 - UnicodeAnalyzer - INFO - -> Analizzando versione 8.11.1-alpha.5 (3027/3696)...
2025-11-12 09:47:30,527 - UnicodeAnalyzer - INFO - Filtrati 3 file (es. in /dist, /test).
2025-11-12 09:47:30,527 - UnicodeAnalyzer - INFO - -> Analizzando versione 8.11.1-alpha.6 (3028/3696)...
2025-11-12 09:47:30,527 - UnicodeAnalyzer - INFO - Filtrati 3 file (es. in /dist, /test).
2025-11-12 09:47:30,527 - UnicodeAnalyzer - INFO - -> Analizzando versione 8.11.1-alpha.7 (3029/3696)...
2025-11-12 09:47:30,528 - UnicodeAnalyzer - INFO - Filtrati 3 file (es. in /dist, /test).
2025-11-12 09:47:30,528 - UnicodeAnalyzer - INFO - -> Analizzando versione 8.12.0 (3030/3696)...
2025-11-12 09:47:30,528 - UnicodeAnalyzer - INFO - Filtrati 3 file (es. in /dist, /test).
2025-11-12 09:47:30,528 - UnicodeAnalyzer - INFO - -> Analizzando versione 8.12.1 (3031/3696)...
2025-11-12 09:47:30,528 - UnicodeAnalyzer - INFO - Filtrati 3 file (es. in /dist, /test).
2025-11-12 09:47:30,528 - UnicodeAnalyzer - INFO - -> Analizzando versione 8.12.1-alpha.0 (3032/3696)...
2025-11-12 09:47:30,528 - UnicodeAnalyzer - INFO - Filtrati 3 file (es. in /dist, /test).
2025-11-12 09:47:30,528 - UnicodeAnalyzer - INFO - -> Analizzando versione 8.12.1-alpha.1 (3033/3696)...
2025-11-12 09:47:30,529 - UnicodeAnalyzer - INFO - Filtrati 3 file (es. in /dist, /test).
2025-11-12 09:47:30,529 - UnicodeAnalyzer - INFO - -> Analizzando versione 8.12.2 (3034/3696)...
2025-11-12 09:47:30,529 - UnicodeAnalyzer - INFO - Filtrati 3 file (es. in /dist, /test).
2025-11-12 09:47:30,529 - UnicodeAnalyzer - INFO - -> Analizzando versione 8.12.2-alpha.0 (3035/3696)...
2025-11-12 09:47:30,529 - UnicodeAnalyzer - INFO - Filtrati 3 file (es. in /dist, /test).
2025-11-12 09:47:30,529 - UnicodeAnalyzer - INFO - -> Analizzando versione 8.12.2-alpha.1 (3036/3696)...
2025-11-12 09:47:30,530 - UnicodeAnalyzer - INFO - Filtrati 3 file (es. in /dist, /test).
2025-11-12 09:47:30,530 - UnicodeAnalyzer - INFO - -> Analizzando versione 8.12.3-alpha.0 (3037/3696)...
2025-11-12 09:47:30,530 - UnicodeAnalyzer - INFO - Filtrati 3 file (es. in /dist, /test).
2025-11-12 09:47:30,530 - UnicodeAnalyzer - INFO - -> Analizzando versione 8.12.3-alpha.1 (3038/3696)...
2025-11-12 09:47:30,530 - UnicodeAnalyzer - INFO - Filtrati 3 file (es. in /dist, /test).
2025-11-12 09:47:30,530 - UnicodeAnalyzer - INFO - -> Analizzando versione 8.12.3-alpha.10 (3039/3696)...
2025-11-12 09:47:30,530 - UnicodeAnalyzer - INFO - Filtrati 3 file (es. in /dist, /test).
2025-11-12 09:47:30,530 - UnicodeAnalyzer - INFO - -> Analizzando versione 8.12.3-alpha.11 (3040/3696)...
2025-11-12 09:47:30,531 - UnicodeAnalyzer - INFO - Filtrati 3 file (es. in /dist, /test).
2025-11-12 09:47:30,531 - UnicodeAnalyzer - INFO - -> Analizzando versione 8.12.3-alpha.12 (3041/3696)...
2025-11-12 09:47:30,531 - UnicodeAnalyzer - INFO - Filtrati 3 file (es. in /dist, /test).
2025-11-12 09:47:30,531 - UnicodeAnalyzer - INFO - -> Analizzando versione 8.12.3-alpha.13 (3042/3696)...
2025-11-12 09:47:30,531 - UnicodeAnalyzer - INFO - Filtrati 3 file (es. in /dist, /test).
2025-11-12 09:47:30,531 - UnicodeAnalyzer - INFO - -> Analizzando versione 8.12.3-alpha.14 (3043/3696)...
2025-11-12 09:47:30,532 - UnicodeAnalyzer - INFO - Filtrati 3 file (es. in /dist, /test).
2025-11-12 09:47:30,532 - UnicodeAnalyzer - INFO - -> Analizzando versione 8.12.3-alpha.15 (3044/3696)...
2025-11-12 09:47:30,532 - UnicodeAnalyzer - INFO - Filtrati 3 file (es. in /dist, /test).
2025-11-12 09:47:30,532 - UnicodeAnalyzer - INFO - -> Analizzando versione 8.12.3-alpha.16 (3045/3696)...
2025-11-12 09:47:30,532 - UnicodeAnalyzer - INFO - Filtrati 3 file (es. in /dist, /test).
2025-11-12 09:47:30,532 - UnicodeAnalyzer - INFO - -> Analizzando versione 8.12.3-alpha.17 (3046/3696)...
2025-11-12 09:47:30,532 - UnicodeAnalyzer - INFO - Filtrati 3 file (es. in /dist, /test).
2025-11-12 09:47:30,532 - UnicodeAnalyzer - INFO - -> Analizzando versione 8.12.3-alpha.18 (3047/3696)...
2025-11-12 09:47:30,533 - UnicodeAnalyzer - INFO - Filtrati 3 file (es. in /dist, /test).
2025-11-12 09:47:30,533 - UnicodeAnalyzer - INFO - -> Analizzando versione 8.12.3-alpha.19 (3048/3696)...
2025-11-12 09:47:30,533 - UnicodeAnalyzer - INFO - Filtrati 3 file (es. in /dist, /test).
2025-11-12 09:47:30,533 - UnicodeAnalyzer - INFO - -> Analizzando versione 8.12.3-alpha.2 (3049/3696)...
2025-11-12 09:47:30,533 - UnicodeAnalyzer - INFO - Filtrati 3 file (es. in /dist, /test).
2025-11-12 09:47:30,533 - UnicodeAnalyzer - INFO - -> Analizzando versione 8.12.3-alpha.20 (3050/3696)...
2025-11-12 09:47:30,534 - UnicodeAnalyzer - INFO - Filtrati 3 file (es. in /dist, /test).
2025-11-12 09:47:30,534 - UnicodeAnalyzer - INFO - -> Analizzando versione 8.12.3-alpha.21 (3051/3696)...
2025-11-12 09:47:30,534 - UnicodeAnalyzer - INFO - Filtrati 3 file (es. in /dist, /test).
2025-11-12 09:47:30,534 - UnicodeAnalyzer - INFO - -> Analizzando versione 8.12.3-alpha.22 (3052/3696)...
2025-11-12 09:47:30,534 - UnicodeAnalyzer - INFO - Filtrati 3 file (es. in /dist, /test).
2025-11-12 09:47:30,534 - UnicodeAnalyzer - INFO - -> Analizzando versione 8.12.3-alpha.23 (3053/3696)...
2025-11-12 09:47:30,534 - UnicodeAnalyzer - INFO - Filtrati 3 file (es. in /dist, /test).
2025-11-12 09:47:30,534 - UnicodeAnalyzer - INFO - -> Analizzando versione 8.12.3-alpha.24 (3054/3696)...
2025-11-12 09:47:30,535 - UnicodeAnalyzer - INFO - Filtrati 3 file (es. in /dist, /test).
2025-11-12 09:47:30,535 - UnicodeAnalyzer - INFO - -> Analizzando versione 8.12.3-alpha.3 (3055/3696)...
2025-11-12 09:47:30,535 - UnicodeAnalyzer - INFO - Filtrati 3 file (es. in /dist, /test).
2025-11-12 09:47:30,535 - UnicodeAnalyzer - INFO - -> Analizzando versione 8.12.3-alpha.4 (3056/3696)...
2025-11-12 09:47:30,535 - UnicodeAnalyzer - INFO - Filtrati 3 file (es. in /dist, /test).
2025-11-12 09:47:30,535 - UnicodeAnalyzer - INFO - -> Analizzando versione 8.12.3-alpha.5 (3057/3696)...
2025-11-12 09:47:30,535 - UnicodeAnalyzer - INFO - Filtrati 3 file (es. in /dist, /test).
2025-11-12 09:47:30,536 - UnicodeAnalyzer - INFO - -> Analizzando versione 8.12.3-alpha.6 (3058/3696)...
2025-11-12 09:47:30,536 - UnicodeAnalyzer - INFO - Filtrati 3 file (es. in /dist, /test).
2025-11-12 09:47:30,536 - UnicodeAnalyzer - INFO - -> Analizzando versione 8.12.3-alpha.7 (3059/3696)...
2025-11-12 09:47:30,536 - UnicodeAnalyzer - INFO - Filtrati 3 file (es. in /dist, /test).
2025-11-12 09:47:30,536 - UnicodeAnalyzer - INFO - -> Analizzando versione 8.12.3-alpha.8 (3060/3696)...
2025-11-12 09:47:30,536 - UnicodeAnalyzer - INFO - Filtrati 3 file (es. in /dist, /test).
2025-11-12 09:47:30,536 - UnicodeAnalyzer - INFO - -> Analizzando versione 8.12.3-alpha.9 (3061/3696)...
2025-11-12 09:47:30,537 - UnicodeAnalyzer - INFO - Filtrati 3 file (es. in /dist, /test).
2025-11-12 09:47:30,537 - UnicodeAnalyzer - INFO - -> Analizzando versione 8.13.0 (3062/3696)...
2025-11-12 09:47:30,537 - UnicodeAnalyzer - INFO - Filtrati 3 file (es. in /dist, /test).
2025-11-12 09:47:30,537 - UnicodeAnalyzer - INFO - -> Analizzando versione 8.13.1-alpha.0 (3063/3696)...
2025-11-12 09:47:30,537 - UnicodeAnalyzer - INFO - Filtrati 3 file (es. in /dist, /test).
2025-11-12 09:47:30,537 - UnicodeAnalyzer - INFO - -> Analizzando versione 8.13.1-alpha.1 (3064/3696)...
2025-11-12 09:47:30,537 - UnicodeAnalyzer - INFO - Filtrati 3 file (es. in /dist, /test).
2025-11-12 09:47:30,537 - UnicodeAnalyzer - INFO - -> Analizzando versione 8.13.1-alpha.2 (3065/3696)...
2025-11-12 09:47:30,538 - UnicodeAnalyzer - INFO - Filtrati 3 file (es. in /dist, /test).
2025-11-12 09:47:30,538 - UnicodeAnalyzer - INFO - -> Analizzando versione 8.13.1-alpha.3 (3066/3696)...
2025-11-12 09:47:30,538 - UnicodeAnalyzer - INFO - Filtrati 3 file (es. in /dist, /test).
2025-11-12 09:47:30,538 - UnicodeAnalyzer - INFO - -> Analizzando versione 8.13.1-alpha.4 (3067/3696)...
2025-11-12 09:47:30,538 - UnicodeAnalyzer - INFO - Filtrati 3 file (es. in /dist, /test).
2025-11-12 09:47:30,538 - UnicodeAnalyzer - INFO - -> Analizzando versione 8.14.0 (3068/3696)...
2025-11-12 09:47:30,539 - UnicodeAnalyzer - INFO - Filtrati 3 file (es. in /dist, /test).
2025-11-12 09:47:30,539 - UnicodeAnalyzer - INFO - -> Analizzando versione 8.14.1-alpha.0 (3069/3696)...
2025-11-12 09:47:30,539 - UnicodeAnalyzer - INFO - Filtrati 3 file (es. in /dist, /test).
2025-11-12 09:47:30,539 - UnicodeAnalyzer - INFO - -> Analizzando versione 8.14.1-alpha.1 (3070/3696)...
2025-11-12 09:47:30,539 - UnicodeAnalyzer - INFO - Filtrati 3 file (es. in /dist, /test).
2025-11-12 09:47:30,539 - UnicodeAnalyzer - INFO - -> Analizzando versione 8.14.1-alpha.2 (3071/3696)...
2025-11-12 09:47:30,539 - UnicodeAnalyzer - INFO - Filtrati 3 file (es. in /dist, /test).
2025-11-12 09:47:30,539 - UnicodeAnalyzer - INFO - -> Analizzando versione 8.14.1-alpha.3 (3072/3696)...
2025-11-12 09:47:30,540 - UnicodeAnalyzer - INFO - Filtrati 3 file (es. in /dist, /test).
2025-11-12 09:47:30,540 - UnicodeAnalyzer - INFO - -> Analizzando versione 8.14.1-alpha.4 (3073/3696)...
2025-11-12 09:47:30,540 - UnicodeAnalyzer - INFO - Filtrati 3 file (es. in /dist, /test).
2025-11-12 09:47:30,540 - UnicodeAnalyzer - INFO - -> Analizzando versione 8.14.1-alpha.5 (3074/3696)...
2025-11-12 09:47:30,540 - UnicodeAnalyzer - INFO - Filtrati 3 file (es. in /dist, /test).
2025-11-12 09:47:30,540 - UnicodeAnalyzer - INFO - -> Analizzando versione 8.14.1-alpha.6 (3075/3696)...
2025-11-12 09:47:30,541 - UnicodeAnalyzer - INFO - Filtrati 3 file (es. in /dist, /test).
2025-11-12 09:47:30,541 - UnicodeAnalyzer - INFO - -> Analizzando versione 8.14.1-alpha.7 (3076/3696)...
2025-11-12 09:47:30,541 - UnicodeAnalyzer - INFO - Filtrati 3 file (es. in /dist, /test).
2025-11-12 09:47:30,541 - UnicodeAnalyzer - INFO - -> Analizzando versione 8.14.1-alpha.8 (3077/3696)...
2025-11-12 09:47:30,541 - UnicodeAnalyzer - INFO - Filtrati 3 file (es. in /dist, /test).
2025-11-12 09:47:30,541 - UnicodeAnalyzer - INFO - -> Analizzando versione 8.15.0 (3078/3696)...
2025-11-12 09:47:30,541 - UnicodeAnalyzer - INFO - Filtrati 3 file (es. in /dist, /test).
2025-11-12 09:47:30,541 - UnicodeAnalyzer - INFO - -> Analizzando versione 8.15.1-alpha.0 (3079/3696)...
2025-11-12 09:47:30,542 - UnicodeAnalyzer - INFO - Filtrati 3 file (es. in /dist, /test).
2025-11-12 09:47:30,542 - UnicodeAnalyzer - INFO - -> Analizzando versione 8.15.1-alpha.1 (3080/3696)...
2025-11-12 09:47:30,542 - UnicodeAnalyzer - INFO - Filtrati 3 file (es. in /dist, /test).
2025-11-12 09:47:30,542 - UnicodeAnalyzer - INFO - -> Analizzando versione 8.15.1-alpha.2 (3081/3696)...
2025-11-12 09:47:30,542 - UnicodeAnalyzer - INFO - Filtrati 3 file (es. in /dist, /test).
2025-11-12 09:47:30,542 - UnicodeAnalyzer - INFO - -> Analizzando versione 8.15.1-alpha.3 (3082/3696)...
2025-11-12 09:47:30,542 - UnicodeAnalyzer - INFO - Filtrati 3 file (es. in /dist, /test).
2025-11-12 09:47:30,543 - UnicodeAnalyzer - INFO - -> Analizzando versione 8.15.1-alpha.4 (3083/3696)...
2025-11-12 09:47:30,543 - UnicodeAnalyzer - INFO - Filtrati 3 file (es. in /dist, /test).
2025-11-12 09:47:30,543 - UnicodeAnalyzer - INFO - -> Analizzando versione 8.15.1-alpha.5 (3084/3696)...
2025-11-12 09:47:30,543 - UnicodeAnalyzer - INFO - Filtrati 3 file (es. in /dist, /test).
2025-11-12 09:47:30,543 - UnicodeAnalyzer - INFO - -> Analizzando versione 8.15.1-alpha.6 (3085/3696)...
2025-11-12 09:47:30,543 - UnicodeAnalyzer - INFO - Filtrati 3 file (es. in /dist, /test).
2025-11-12 09:47:30,543 - UnicodeAnalyzer - INFO - -> Analizzando versione 8.15.1-alpha.7 (3086/3696)...
2025-11-12 09:47:30,544 - UnicodeAnalyzer - INFO - Filtrati 3 file (es. in /dist, /test).
2025-11-12 09:47:30,544 - UnicodeAnalyzer - INFO - -> Analizzando versione 8.15.1-alpha.8 (3087/3696)...
2025-11-12 09:47:30,544 - UnicodeAnalyzer - INFO - Filtrati 3 file (es. in /dist, /test).
2025-11-12 09:47:30,544 - UnicodeAnalyzer - INFO - -> Analizzando versione 8.16.0 (3088/3696)...
2025-11-12 09:47:30,544 - UnicodeAnalyzer - INFO - Filtrati 3 file (es. in /dist, /test).
2025-11-12 09:47:30,544 - UnicodeAnalyzer - INFO - -> Analizzando versione 8.16.1-alpha.0 (3089/3696)...
2025-11-12 09:47:30,544 - UnicodeAnalyzer - INFO - Filtrati 3 file (es. in /dist, /test).
2025-11-12 09:47:30,545 - UnicodeAnalyzer - INFO - -> Analizzando versione 8.16.1-alpha.1 (3090/3696)...
2025-11-12 09:47:30,545 - UnicodeAnalyzer - INFO - Filtrati 3 file (es. in /dist, /test).
2025-11-12 09:47:30,545 - UnicodeAnalyzer - INFO - -> Analizzando versione 8.16.1-alpha.2 (3091/3696)...
2025-11-12 09:47:30,545 - UnicodeAnalyzer - INFO - Filtrati 3 file (es. in /dist, /test).
2025-11-12 09:47:30,545 - UnicodeAnalyzer - INFO - -> Analizzando versione 8.16.1-alpha.3 (3092/3696)...
2025-11-12 09:47:30,545 - UnicodeAnalyzer - INFO - Filtrati 3 file (es. in /dist, /test).
2025-11-12 09:47:30,545 - UnicodeAnalyzer - INFO - -> Analizzando versione 8.16.1-alpha.4 (3093/3696)...
2025-11-12 09:47:30,546 - UnicodeAnalyzer - INFO - Filtrati 3 file (es. in /dist, /test).
2025-11-12 09:47:30,546 - UnicodeAnalyzer - INFO - -> Analizzando versione 8.16.1-alpha.5 (3094/3696)...
2025-11-12 09:47:30,546 - UnicodeAnalyzer - INFO - Filtrati 3 file (es. in /dist, /test).
2025-11-12 09:47:30,546 - UnicodeAnalyzer - INFO - -> Analizzando versione 8.16.1-alpha.6 (3095/3696)...
2025-11-12 09:47:30,546 - UnicodeAnalyzer - INFO - Filtrati 3 file (es. in /dist, /test).
2025-11-12 09:47:30,546 - UnicodeAnalyzer - INFO - -> Analizzando versione 8.16.1-alpha.7 (3096/3696)...
2025-11-12 09:47:30,546 - UnicodeAnalyzer - INFO - Filtrati 3 file (es. in /dist, /test).
2025-11-12 09:47:30,547 - UnicodeAnalyzer - INFO - -> Analizzando versione 8.16.1-alpha.8 (3097/3696)...
2025-11-12 09:47:30,547 - UnicodeAnalyzer - INFO - Filtrati 3 file (es. in /dist, /test).
2025-11-12 09:47:30,547 - UnicodeAnalyzer - INFO - -> Analizzando versione 8.16.1-alpha.9 (3098/3696)...
2025-11-12 09:47:30,547 - UnicodeAnalyzer - INFO - Filtrati 3 file (es. in /dist, /test).
2025-11-12 09:47:30,547 - UnicodeAnalyzer - INFO - -> Analizzando versione 8.17.0 (3099/3696)...
2025-11-12 09:47:30,547 - UnicodeAnalyzer - INFO - Filtrati 3 file (es. in /dist, /test).
2025-11-12 09:47:30,547 - UnicodeAnalyzer - INFO - -> Analizzando versione 8.17.1-alpha.0 (3100/3696)...
2025-11-12 09:47:30,548 - UnicodeAnalyzer - INFO - Filtrati 3 file (es. in /dist, /test).
2025-11-12 09:47:30,548 - UnicodeAnalyzer - INFO - -> Analizzando versione 8.17.1-alpha.1 (3101/3696)...
2025-11-12 09:47:30,548 - UnicodeAnalyzer - INFO - Filtrati 3 file (es. in /dist, /test).
2025-11-12 09:47:30,548 - UnicodeAnalyzer - INFO - -> Analizzando versione 8.17.1-alpha.10 (3102/3696)...
2025-11-12 09:47:30,548 - UnicodeAnalyzer - INFO - Filtrati 3 file (es. in /dist, /test).
2025-11-12 09:47:30,548 - UnicodeAnalyzer - INFO - -> Analizzando versione 8.17.1-alpha.11 (3103/3696)...
2025-11-12 09:47:30,549 - UnicodeAnalyzer - INFO - Filtrati 3 file (es. in /dist, /test).
2025-11-12 09:47:30,549 - UnicodeAnalyzer - INFO - -> Analizzando versione 8.17.1-alpha.12 (3104/3696)...
2025-11-12 09:47:30,549 - UnicodeAnalyzer - INFO - Filtrati 3 file (es. in /dist, /test).
2025-11-12 09:47:30,549 - UnicodeAnalyzer - INFO - -> Analizzando versione 8.17.1-alpha.13 (3105/3696)...
2025-11-12 09:47:30,549 - UnicodeAnalyzer - INFO - Filtrati 3 file (es. in /dist, /test).
2025-11-12 09:47:30,549 - UnicodeAnalyzer - INFO - -> Analizzando versione 8.17.1-alpha.2 (3106/3696)...
2025-11-12 09:47:30,549 - UnicodeAnalyzer - INFO - Filtrati 3 file (es. in /dist, /test).
2025-11-12 09:47:30,549 - UnicodeAnalyzer - INFO - -> Analizzando versione 8.17.1-alpha.3 (3107/3696)...
2025-11-12 09:47:30,550 - UnicodeAnalyzer - INFO - Filtrati 3 file (es. in /dist, /test).
2025-11-12 09:47:30,550 - UnicodeAnalyzer - INFO - -> Analizzando versione 8.17.1-alpha.4 (3108/3696)...
2025-11-12 09:47:30,550 - UnicodeAnalyzer - INFO - Filtrati 3 file (es. in /dist, /test).
2025-11-12 09:47:30,550 - UnicodeAnalyzer - INFO - -> Analizzando versione 8.17.1-alpha.5 (3109/3696)...
2025-11-12 09:47:30,550 - UnicodeAnalyzer - INFO - Filtrati 3 file (es. in /dist, /test).
2025-11-12 09:47:30,550 - UnicodeAnalyzer - INFO - -> Analizzando versione 8.17.1-alpha.6 (3110/3696)...
2025-11-12 09:47:30,550 - UnicodeAnalyzer - INFO - Filtrati 3 file (es. in /dist, /test).
2025-11-12 09:47:30,551 - UnicodeAnalyzer - INFO - -> Analizzando versione 8.17.1-alpha.7 (3111/3696)...
2025-11-12 09:47:30,551 - UnicodeAnalyzer - INFO - Filtrati 3 file (es. in /dist, /test).
2025-11-12 09:47:30,551 - UnicodeAnalyzer - INFO - -> Analizzando versione 8.17.1-alpha.8 (3112/3696)...
2025-11-12 09:47:30,551 - UnicodeAnalyzer - INFO - Filtrati 3 file (es. in /dist, /test).
2025-11-12 09:47:30,551 - UnicodeAnalyzer - INFO - -> Analizzando versione 8.17.1-alpha.9 (3113/3696)...
2025-11-12 09:47:30,551 - UnicodeAnalyzer - INFO - Filtrati 3 file (es. in /dist, /test).
2025-11-12 09:47:30,551 - UnicodeAnalyzer - INFO - -> Analizzando versione 8.18.0 (3114/3696)...
2025-11-12 09:47:30,552 - UnicodeAnalyzer - INFO - Filtrati 3 file (es. in /dist, /test).
2025-11-12 09:47:30,552 - UnicodeAnalyzer - INFO - -> Analizzando versione 8.18.1 (3115/3696)...
2025-11-12 09:47:30,552 - UnicodeAnalyzer - INFO - Filtrati 3 file (es. in /dist, /test).
2025-11-12 09:47:30,552 - UnicodeAnalyzer - INFO - -> Analizzando versione 8.18.1-alpha.0 (3116/3696)...
2025-11-12 09:47:30,552 - UnicodeAnalyzer - INFO - Filtrati 3 file (es. in /dist, /test).
2025-11-12 09:47:30,552 - UnicodeAnalyzer - INFO - -> Analizzando versione 8.18.1-alpha.1 (3117/3696)...
2025-11-12 09:47:30,552 - UnicodeAnalyzer - INFO - Filtrati 3 file (es. in /dist, /test).
2025-11-12 09:47:30,553 - UnicodeAnalyzer - INFO - -> Analizzando versione 8.18.1-alpha.10 (3118/3696)...
2025-11-12 09:47:30,553 - UnicodeAnalyzer - INFO - Filtrati 3 file (es. in /dist, /test).
2025-11-12 09:47:30,553 - UnicodeAnalyzer - INFO - -> Analizzando versione 8.18.1-alpha.11 (3119/3696)...
2025-11-12 09:47:30,553 - UnicodeAnalyzer - INFO - Filtrati 3 file (es. in /dist, /test).
2025-11-12 09:47:30,553 - UnicodeAnalyzer - INFO - -> Analizzando versione 8.18.1-alpha.12 (3120/3696)...
2025-11-12 09:47:30,553 - UnicodeAnalyzer - INFO - Filtrati 3 file (es. in /dist, /test).
2025-11-12 09:47:30,553 - UnicodeAnalyzer - INFO - -> Analizzando versione 8.18.1-alpha.13 (3121/3696)...
2025-11-12 09:47:30,554 - UnicodeAnalyzer - INFO - Filtrati 3 file (es. in /dist, /test).
2025-11-12 09:47:30,554 - UnicodeAnalyzer - INFO - -> Analizzando versione 8.18.1-alpha.2 (3122/3696)...
2025-11-12 09:47:30,554 - UnicodeAnalyzer - INFO - Filtrati 3 file (es. in /dist, /test).
2025-11-12 09:47:30,554 - UnicodeAnalyzer - INFO - -> Analizzando versione 8.18.1-alpha.3 (3123/3696)...
2025-11-12 09:47:30,554 - UnicodeAnalyzer - INFO - Filtrati 3 file (es. in /dist, /test).
2025-11-12 09:47:30,554 - UnicodeAnalyzer - INFO - -> Analizzando versione 8.18.1-alpha.4 (3124/3696)...
2025-11-12 09:47:30,554 - UnicodeAnalyzer - INFO - Filtrati 3 file (es. in /dist, /test).
2025-11-12 09:47:30,554 - UnicodeAnalyzer - INFO - -> Analizzando versione 8.18.1-alpha.5 (3125/3696)...
2025-11-12 09:47:30,555 - UnicodeAnalyzer - INFO - Filtrati 3 file (es. in /dist, /test).
2025-11-12 09:47:30,555 - UnicodeAnalyzer - INFO - -> Analizzando versione 8.18.1-alpha.6 (3126/3696)...
2025-11-12 09:47:30,555 - UnicodeAnalyzer - INFO - Filtrati 3 file (es. in /dist, /test).
2025-11-12 09:47:30,555 - UnicodeAnalyzer - INFO - -> Analizzando versione 8.18.1-alpha.7 (3127/3696)...
2025-11-12 09:47:30,555 - UnicodeAnalyzer - INFO - Filtrati 3 file (es. in /dist, /test).
2025-11-12 09:47:30,555 - UnicodeAnalyzer - INFO - -> Analizzando versione 8.18.1-alpha.8 (3128/3696)...
2025-11-12 09:47:30,556 - UnicodeAnalyzer - INFO - Filtrati 3 file (es. in /dist, /test).
2025-11-12 09:47:30,556 - UnicodeAnalyzer - INFO - -> Analizzando versione 8.18.1-alpha.9 (3129/3696)...
2025-11-12 09:47:30,556 - UnicodeAnalyzer - INFO - Filtrati 3 file (es. in /dist, /test).
2025-11-12 09:47:30,556 - UnicodeAnalyzer - INFO - -> Analizzando versione 8.18.2 (3130/3696)...
2025-11-12 09:47:30,556 - UnicodeAnalyzer - INFO - Filtrati 3 file (es. in /dist, /test).
2025-11-12 09:47:30,556 - UnicodeAnalyzer - INFO - -> Analizzando versione 8.18.2-alpha.0 (3131/3696)...
2025-11-12 09:47:30,556 - UnicodeAnalyzer - INFO - Filtrati 3 file (es. in /dist, /test).
2025-11-12 09:47:30,556 - UnicodeAnalyzer - INFO - -> Analizzando versione 8.18.2-alpha.1 (3132/3696)...
2025-11-12 09:47:30,557 - UnicodeAnalyzer - INFO - Filtrati 3 file (es. in /dist, /test).
2025-11-12 09:47:30,557 - UnicodeAnalyzer - INFO - -> Analizzando versione 8.18.2-alpha.2 (3133/3696)...
2025-11-12 09:47:30,557 - UnicodeAnalyzer - INFO - Filtrati 3 file (es. in /dist, /test).
2025-11-12 09:47:30,557 - UnicodeAnalyzer - INFO - -> Analizzando versione 8.18.2-alpha.3 (3134/3696)...
2025-11-12 09:47:30,557 - UnicodeAnalyzer - INFO - Filtrati 3 file (es. in /dist, /test).
2025-11-12 09:47:30,557 - UnicodeAnalyzer - INFO - -> Analizzando versione 8.18.2-alpha.4 (3135/3696)...
2025-11-12 09:47:30,558 - UnicodeAnalyzer - INFO - Filtrati 3 file (es. in /dist, /test).
2025-11-12 09:47:30,558 - UnicodeAnalyzer - INFO - -> Analizzando versione 8.18.2-alpha.5 (3136/3696)...
2025-11-12 09:47:30,558 - UnicodeAnalyzer - INFO - Filtrati 3 file (es. in /dist, /test).
2025-11-12 09:47:30,558 - UnicodeAnalyzer - INFO - -> Analizzando versione 8.18.2-alpha.6 (3137/3696)...
2025-11-12 09:47:30,558 - UnicodeAnalyzer - INFO - Filtrati 3 file (es. in /dist, /test).
2025-11-12 09:47:30,558 - UnicodeAnalyzer - INFO - -> Analizzando versione 8.18.3-alpha.0 (3138/3696)...
2025-11-12 09:47:30,558 - UnicodeAnalyzer - INFO - Filtrati 3 file (es. in /dist, /test).
2025-11-12 09:47:30,558 - UnicodeAnalyzer - INFO - -> Analizzando versione 8.18.3-alpha.1 (3139/3696)...
2025-11-12 09:47:30,559 - UnicodeAnalyzer - INFO - Filtrati 3 file (es. in /dist, /test).
2025-11-12 09:47:30,559 - UnicodeAnalyzer - INFO - -> Analizzando versione 8.18.3-alpha.2 (3140/3696)...
2025-11-12 09:47:30,559 - UnicodeAnalyzer - INFO - Filtrati 3 file (es. in /dist, /test).
2025-11-12 09:47:30,559 - UnicodeAnalyzer - INFO - -> Analizzando versione 8.18.3-alpha.3 (3141/3696)...
2025-11-12 09:47:30,559 - UnicodeAnalyzer - INFO - Filtrati 3 file (es. in /dist, /test).
2025-11-12 09:47:30,559 - UnicodeAnalyzer - INFO - -> Analizzando versione 8.18.3-alpha.4 (3142/3696)...
2025-11-12 09:47:30,560 - UnicodeAnalyzer - INFO - Filtrati 3 file (es. in /dist, /test).
2025-11-12 09:47:30,560 - UnicodeAnalyzer - INFO - -> Analizzando versione 8.18.3-alpha.5 (3143/3696)...
2025-11-12 09:47:30,560 - UnicodeAnalyzer - INFO - Filtrati 3 file (es. in /dist, /test).
2025-11-12 09:47:30,560 - UnicodeAnalyzer - INFO - -> Analizzando versione 8.18.3-alpha.6 (3144/3696)...
2025-11-12 09:47:30,560 - UnicodeAnalyzer - INFO - Filtrati 3 file (es. in /dist, /test).
2025-11-12 09:47:30,560 - UnicodeAnalyzer - INFO - -> Analizzando versione 8.19.0 (3145/3696)...
2025-11-12 09:47:30,560 - UnicodeAnalyzer - INFO - Filtrati 3 file (es. in /dist, /test).
2025-11-12 09:47:30,560 - UnicodeAnalyzer - INFO - -> Analizzando versione 8.19.1 (3146/3696)...
2025-11-12 09:47:30,561 - UnicodeAnalyzer - INFO - Filtrati 3 file (es. in /dist, /test).
2025-11-12 09:47:30,561 - UnicodeAnalyzer - INFO - -> Analizzando versione 8.19.1-alpha.0 (3147/3696)...
2025-11-12 09:47:30,561 - UnicodeAnalyzer - INFO - Filtrati 3 file (es. in /dist, /test).
2025-11-12 09:47:30,561 - UnicodeAnalyzer - INFO - -> Analizzando versione 8.19.1-alpha.1 (3148/3696)...
2025-11-12 09:47:30,561 - UnicodeAnalyzer - INFO - Filtrati 3 file (es. in /dist, /test).
2025-11-12 09:47:30,561 - UnicodeAnalyzer - INFO - -> Analizzando versione 8.19.1-alpha.2 (3149/3696)...
2025-11-12 09:47:30,562 - UnicodeAnalyzer - INFO - Filtrati 3 file (es. in /dist, /test).
2025-11-12 09:47:30,562 - UnicodeAnalyzer - INFO - -> Analizzando versione 8.19.1-alpha.3 (3150/3696)...
2025-11-12 09:47:30,562 - UnicodeAnalyzer - INFO - Filtrati 3 file (es. in /dist, /test).
2025-11-12 09:47:30,562 - UnicodeAnalyzer - INFO - -> Analizzando versione 8.19.1-alpha.4 (3151/3696)...
2025-11-12 09:47:30,562 - UnicodeAnalyzer - INFO - Filtrati 3 file (es. in /dist, /test).
2025-11-12 09:47:30,562 - UnicodeAnalyzer - INFO - -> Analizzando versione 8.19.1-alpha.5 (3152/3696)...
2025-11-12 09:47:30,562 - UnicodeAnalyzer - INFO - Filtrati 3 file (es. in /dist, /test).
2025-11-12 09:47:30,562 - UnicodeAnalyzer - INFO - -> Analizzando versione 8.19.1-alpha.6 (3153/3696)...
2025-11-12 09:47:30,563 - UnicodeAnalyzer - INFO - Filtrati 3 file (es. in /dist, /test).
2025-11-12 09:47:30,563 - UnicodeAnalyzer - INFO - -> Analizzando versione 8.19.1-alpha.7 (3154/3696)...
2025-11-12 09:47:30,563 - UnicodeAnalyzer - INFO - Filtrati 3 file (es. in /dist, /test).
2025-11-12 09:47:30,563 - UnicodeAnalyzer - INFO - -> Analizzando versione 8.19.1-alpha.8 (3155/3696)...
2025-11-12 09:47:30,563 - UnicodeAnalyzer - INFO - Filtrati 3 file (es. in /dist, /test).
2025-11-12 09:47:30,563 - UnicodeAnalyzer - INFO - -> Analizzando versione 8.19.1-alpha.9 (3156/3696)...
2025-11-12 09:47:30,563 - UnicodeAnalyzer - INFO - Filtrati 3 file (es. in /dist, /test).
2025-11-12 09:47:30,564 - UnicodeAnalyzer - INFO - -> Analizzando versione 8.19.2-alpha.0 (3157/3696)...
2025-11-12 09:47:30,564 - UnicodeAnalyzer - INFO - Filtrati 3 file (es. in /dist, /test).
2025-11-12 09:47:30,564 - UnicodeAnalyzer - INFO - -> Analizzando versione 8.19.2-alpha.1 (3158/3696)...
2025-11-12 09:47:30,564 - UnicodeAnalyzer - INFO - Filtrati 3 file (es. in /dist, /test).
2025-11-12 09:47:30,564 - UnicodeAnalyzer - INFO - -> Analizzando versione 8.19.2-alpha.10 (3159/3696)...
2025-11-12 09:47:30,564 - UnicodeAnalyzer - INFO - Filtrati 3 file (es. in /dist, /test).
2025-11-12 09:47:30,564 - UnicodeAnalyzer - INFO - -> Analizzando versione 8.19.2-alpha.11 (3160/3696)...
2025-11-12 09:47:30,565 - UnicodeAnalyzer - INFO - Filtrati 3 file (es. in /dist, /test).
2025-11-12 09:47:30,565 - UnicodeAnalyzer - INFO - -> Analizzando versione 8.19.2-alpha.12 (3161/3696)...
2025-11-12 09:47:30,565 - UnicodeAnalyzer - INFO - Filtrati 3 file (es. in /dist, /test).
2025-11-12 09:47:30,565 - UnicodeAnalyzer - INFO - -> Analizzando versione 8.19.2-alpha.2 (3162/3696)...
2025-11-12 09:47:30,565 - UnicodeAnalyzer - INFO - Filtrati 3 file (es. in /dist, /test).
2025-11-12 09:47:30,565 - UnicodeAnalyzer - INFO - -> Analizzando versione 8.19.2-alpha.3 (3163/3696)...
2025-11-12 09:47:30,565 - UnicodeAnalyzer - INFO - Filtrati 3 file (es. in /dist, /test).
2025-11-12 09:47:30,566 - UnicodeAnalyzer - INFO - -> Analizzando versione 8.19.2-alpha.4 (3164/3696)...
2025-11-12 09:47:30,566 - UnicodeAnalyzer - INFO - Filtrati 3 file (es. in /dist, /test).
2025-11-12 09:47:30,566 - UnicodeAnalyzer - INFO - -> Analizzando versione 8.19.2-alpha.5 (3165/3696)...
2025-11-12 09:47:30,566 - UnicodeAnalyzer - INFO - Filtrati 3 file (es. in /dist, /test).
2025-11-12 09:47:30,566 - UnicodeAnalyzer - INFO - -> Analizzando versione 8.19.2-alpha.6 (3166/3696)...
2025-11-12 09:47:30,566 - UnicodeAnalyzer - INFO - Filtrati 3 file (es. in /dist, /test).
2025-11-12 09:47:30,566 - UnicodeAnalyzer - INFO - -> Analizzando versione 8.19.2-alpha.7 (3167/3696)...
2025-11-12 09:47:30,567 - UnicodeAnalyzer - INFO - Filtrati 3 file (es. in /dist, /test).
2025-11-12 09:47:30,567 - UnicodeAnalyzer - INFO - -> Analizzando versione 8.19.2-alpha.8 (3168/3696)...
2025-11-12 09:47:30,567 - UnicodeAnalyzer - INFO - Filtrati 3 file (es. in /dist, /test).
2025-11-12 09:47:30,567 - UnicodeAnalyzer - INFO - -> Analizzando versione 8.19.2-alpha.9 (3169/3696)...
2025-11-12 09:47:30,567 - UnicodeAnalyzer - INFO - Filtrati 3 file (es. in /dist, /test).
2025-11-12 09:47:30,567 - UnicodeAnalyzer - INFO - -> Analizzando versione 8.2.0 (3170/3696)...
2025-11-12 09:47:30,567 - UnicodeAnalyzer - INFO - Filtrati 3 file (es. in /dist, /test).
2025-11-12 09:47:30,568 - UnicodeAnalyzer - INFO - -> Analizzando versione 8.2.1-alpha.0 (3171/3696)...
2025-11-12 09:47:30,568 - UnicodeAnalyzer - INFO - Filtrati 3 file (es. in /dist, /test).
2025-11-12 09:47:30,568 - UnicodeAnalyzer - INFO - -> Analizzando versione 8.2.1-alpha.1 (3172/3696)...
2025-11-12 09:47:30,568 - UnicodeAnalyzer - INFO - Filtrati 3 file (es. in /dist, /test).
2025-11-12 09:47:30,568 - UnicodeAnalyzer - INFO - -> Analizzando versione 8.2.1-alpha.10 (3173/3696)...
2025-11-12 09:47:30,568 - UnicodeAnalyzer - INFO - Filtrati 3 file (es. in /dist, /test).
2025-11-12 09:47:30,568 - UnicodeAnalyzer - INFO - -> Analizzando versione 8.2.1-alpha.11 (3174/3696)...
2025-11-12 09:47:30,569 - UnicodeAnalyzer - INFO - Filtrati 3 file (es. in /dist, /test).
2025-11-12 09:47:30,569 - UnicodeAnalyzer - INFO - -> Analizzando versione 8.2.1-alpha.12 (3175/3696)...
2025-11-12 09:47:30,569 - UnicodeAnalyzer - INFO - Filtrati 3 file (es. in /dist, /test).
2025-11-12 09:47:30,569 - UnicodeAnalyzer - INFO - -> Analizzando versione 8.2.1-alpha.13 (3176/3696)...
2025-11-12 09:47:30,569 - UnicodeAnalyzer - INFO - Filtrati 3 file (es. in /dist, /test).
2025-11-12 09:47:30,569 - UnicodeAnalyzer - INFO - -> Analizzando versione 8.2.1-alpha.14 (3177/3696)...
2025-11-12 09:47:30,569 - UnicodeAnalyzer - INFO - Filtrati 3 file (es. in /dist, /test).
2025-11-12 09:47:30,569 - UnicodeAnalyzer - INFO - -> Analizzando versione 8.2.1-alpha.15 (3178/3696)...
2025-11-12 09:47:30,570 - UnicodeAnalyzer - INFO - Filtrati 3 file (es. in /dist, /test).
2025-11-12 09:47:30,570 - UnicodeAnalyzer - INFO - -> Analizzando versione 8.2.1-alpha.16 (3179/3696)...
2025-11-12 09:47:30,570 - UnicodeAnalyzer - INFO - Filtrati 3 file (es. in /dist, /test).
2025-11-12 09:47:30,570 - UnicodeAnalyzer - INFO - -> Analizzando versione 8.2.1-alpha.17 (3180/3696)...
2025-11-12 09:47:30,570 - UnicodeAnalyzer - INFO - Filtrati 3 file (es. in /dist, /test).
2025-11-12 09:47:30,570 - UnicodeAnalyzer - INFO - -> Analizzando versione 8.2.1-alpha.18 (3181/3696)...
2025-11-12 09:47:30,571 - UnicodeAnalyzer - INFO - Filtrati 3 file (es. in /dist, /test).
2025-11-12 09:47:30,571 - UnicodeAnalyzer - INFO - -> Analizzando versione 8.2.1-alpha.19 (3182/3696)...
2025-11-12 09:47:30,571 - UnicodeAnalyzer - INFO - Filtrati 3 file (es. in /dist, /test).
2025-11-12 09:47:30,571 - UnicodeAnalyzer - INFO - -> Analizzando versione 8.2.1-alpha.2 (3183/3696)...
2025-11-12 09:47:30,571 - UnicodeAnalyzer - INFO - Filtrati 3 file (es. in /dist, /test).
2025-11-12 09:47:30,571 - UnicodeAnalyzer - INFO - -> Analizzando versione 8.2.1-alpha.20 (3184/3696)...
2025-11-12 09:47:30,571 - UnicodeAnalyzer - INFO - Filtrati 3 file (es. in /dist, /test).
2025-11-12 09:47:30,572 - UnicodeAnalyzer - INFO - -> Analizzando versione 8.2.1-alpha.21 (3185/3696)...
2025-11-12 09:47:30,572 - UnicodeAnalyzer - INFO - Filtrati 3 file (es. in /dist, /test).
2025-11-12 09:47:30,572 - UnicodeAnalyzer - INFO - -> Analizzando versione 8.2.1-alpha.22 (3186/3696)...
2025-11-12 09:47:30,572 - UnicodeAnalyzer - INFO - Filtrati 3 file (es. in /dist, /test).
2025-11-12 09:47:30,572 - UnicodeAnalyzer - INFO - -> Analizzando versione 8.2.1-alpha.23 (3187/3696)...
2025-11-12 09:47:30,572 - UnicodeAnalyzer - INFO - Filtrati 3 file (es. in /dist, /test).
2025-11-12 09:47:30,572 - UnicodeAnalyzer - INFO - -> Analizzando versione 8.2.1-alpha.24 (3188/3696)...
2025-11-12 09:47:30,573 - UnicodeAnalyzer - INFO - Filtrati 3 file (es. in /dist, /test).
2025-11-12 09:47:30,573 - UnicodeAnalyzer - INFO - -> Analizzando versione 8.2.1-alpha.25 (3189/3696)...
2025-11-12 09:47:30,573 - UnicodeAnalyzer - INFO - Filtrati 3 file (es. in /dist, /test).
2025-11-12 09:47:30,573 - UnicodeAnalyzer - INFO - -> Analizzando versione 8.2.1-alpha.26 (3190/3696)...
2025-11-12 09:47:30,573 - UnicodeAnalyzer - INFO - Filtrati 3 file (es. in /dist, /test).
2025-11-12 09:47:30,573 - UnicodeAnalyzer - INFO - -> Analizzando versione 8.2.1-alpha.27 (3191/3696)...
2025-11-12 09:47:30,573 - UnicodeAnalyzer - INFO - Filtrati 3 file (es. in /dist, /test).
2025-11-12 09:47:30,574 - UnicodeAnalyzer - INFO - -> Analizzando versione 8.2.1-alpha.28 (3192/3696)...
2025-11-12 09:47:30,574 - UnicodeAnalyzer - INFO - Filtrati 3 file (es. in /dist, /test).
2025-11-12 09:47:30,574 - UnicodeAnalyzer - INFO - -> Analizzando versione 8.2.1-alpha.3 (3193/3696)...
2025-11-12 09:47:30,574 - UnicodeAnalyzer - INFO - Filtrati 3 file (es. in /dist, /test).
2025-11-12 09:47:30,574 - UnicodeAnalyzer - INFO - -> Analizzando versione 8.2.1-alpha.4 (3194/3696)...
2025-11-12 09:47:30,574 - UnicodeAnalyzer - INFO - Filtrati 3 file (es. in /dist, /test).
2025-11-12 09:47:30,574 - UnicodeAnalyzer - INFO - -> Analizzando versione 8.2.1-alpha.5 (3195/3696)...
2025-11-12 09:47:30,575 - UnicodeAnalyzer - INFO - Filtrati 3 file (es. in /dist, /test).
2025-11-12 09:47:30,575 - UnicodeAnalyzer - INFO - -> Analizzando versione 8.2.1-alpha.6 (3196/3696)...
2025-11-12 09:47:30,575 - UnicodeAnalyzer - INFO - Filtrati 3 file (es. in /dist, /test).
2025-11-12 09:47:30,575 - UnicodeAnalyzer - INFO - -> Analizzando versione 8.2.1-alpha.7 (3197/3696)...
2025-11-12 09:47:30,575 - UnicodeAnalyzer - INFO - Filtrati 3 file (es. in /dist, /test).
2025-11-12 09:47:30,575 - UnicodeAnalyzer - INFO - -> Analizzando versione 8.2.1-alpha.8 (3198/3696)...
2025-11-12 09:47:30,575 - UnicodeAnalyzer - INFO - Filtrati 3 file (es. in /dist, /test).
2025-11-12 09:47:30,575 - UnicodeAnalyzer - INFO - -> Analizzando versione 8.2.1-alpha.9 (3199/3696)...
2025-11-12 09:47:30,576 - UnicodeAnalyzer - INFO - Filtrati 3 file (es. in /dist, /test).
2025-11-12 09:47:30,576 - UnicodeAnalyzer - INFO - -> Analizzando versione 8.20.0 (3200/3696)...
2025-11-12 09:47:30,576 - UnicodeAnalyzer - INFO - Filtrati 3 file (es. in /dist, /test).
2025-11-12 09:47:30,576 - UnicodeAnalyzer - INFO - -> Analizzando versione 8.20.1-alpha.0 (3201/3696)...
2025-11-12 09:47:30,576 - UnicodeAnalyzer - INFO - Filtrati 3 file (es. in /dist, /test).
2025-11-12 09:47:30,576 - UnicodeAnalyzer - INFO - -> Analizzando versione 8.20.1-alpha.1 (3202/3696)...
2025-11-12 09:47:30,577 - UnicodeAnalyzer - INFO - Filtrati 3 file (es. in /dist, /test).
2025-11-12 09:47:30,577 - UnicodeAnalyzer - INFO - -> Analizzando versione 8.20.1-alpha.10 (3203/3696)...
2025-11-12 09:47:30,577 - UnicodeAnalyzer - INFO - Filtrati 3 file (es. in /dist, /test).
2025-11-12 09:47:30,577 - UnicodeAnalyzer - INFO - -> Analizzando versione 8.20.1-alpha.11 (3204/3696)...
2025-11-12 09:47:30,577 - UnicodeAnalyzer - INFO - Filtrati 3 file (es. in /dist, /test).
2025-11-12 09:47:30,577 - UnicodeAnalyzer - INFO - -> Analizzando versione 8.20.1-alpha.2 (3205/3696)...
2025-11-12 09:47:30,577 - UnicodeAnalyzer - INFO - Filtrati 3 file (es. in /dist, /test).
2025-11-12 09:47:30,577 - UnicodeAnalyzer - INFO - -> Analizzando versione 8.20.1-alpha.3 (3206/3696)...
2025-11-12 09:47:30,578 - UnicodeAnalyzer - INFO - Filtrati 3 file (es. in /dist, /test).
2025-11-12 09:47:30,578 - UnicodeAnalyzer - INFO - -> Analizzando versione 8.20.1-alpha.4 (3207/3696)...
2025-11-12 09:47:30,578 - UnicodeAnalyzer - INFO - Filtrati 3 file (es. in /dist, /test).
2025-11-12 09:47:30,578 - UnicodeAnalyzer - INFO - -> Analizzando versione 8.20.1-alpha.5 (3208/3696)...
2025-11-12 09:47:30,578 - UnicodeAnalyzer - INFO - Filtrati 3 file (es. in /dist, /test).
2025-11-12 09:47:30,578 - UnicodeAnalyzer - INFO - -> Analizzando versione 8.20.1-alpha.6 (3209/3696)...
2025-11-12 09:47:30,579 - UnicodeAnalyzer - INFO - Filtrati 3 file (es. in /dist, /test).
2025-11-12 09:47:30,579 - UnicodeAnalyzer - INFO - -> Analizzando versione 8.20.1-alpha.7 (3210/3696)...
2025-11-12 09:47:30,579 - UnicodeAnalyzer - INFO - Filtrati 3 file (es. in /dist, /test).
2025-11-12 09:47:30,579 - UnicodeAnalyzer - INFO - -> Analizzando versione 8.20.1-alpha.8 (3211/3696)...
2025-11-12 09:47:30,579 - UnicodeAnalyzer - INFO - Filtrati 3 file (es. in /dist, /test).
2025-11-12 09:47:30,579 - UnicodeAnalyzer - INFO - -> Analizzando versione 8.20.1-alpha.9 (3212/3696)...
2025-11-12 09:47:30,579 - UnicodeAnalyzer - INFO - Filtrati 3 file (es. in /dist, /test).
2025-11-12 09:47:30,579 - UnicodeAnalyzer - INFO - -> Analizzando versione 8.21.0 (3213/3696)...
2025-11-12 09:47:30,580 - UnicodeAnalyzer - INFO - Filtrati 3 file (es. in /dist, /test).
2025-11-12 09:47:30,580 - UnicodeAnalyzer - INFO - -> Analizzando versione 8.21.1-alpha.0 (3214/3696)...
2025-11-12 09:47:30,580 - UnicodeAnalyzer - INFO - Filtrati 3 file (es. in /dist, /test).
2025-11-12 09:47:30,580 - UnicodeAnalyzer - INFO - -> Analizzando versione 8.21.1-alpha.1 (3215/3696)...
2025-11-12 09:47:30,580 - UnicodeAnalyzer - INFO - Filtrati 3 file (es. in /dist, /test).
2025-11-12 09:47:30,580 - UnicodeAnalyzer - INFO - -> Analizzando versione 8.21.1-alpha.10 (3216/3696)...
2025-11-12 09:47:30,581 - UnicodeAnalyzer - INFO - Filtrati 3 file (es. in /dist, /test).
2025-11-12 09:47:30,581 - UnicodeAnalyzer - INFO - -> Analizzando versione 8.21.1-alpha.11 (3217/3696)...
2025-11-12 09:47:30,581 - UnicodeAnalyzer - INFO - Filtrati 3 file (es. in /dist, /test).
2025-11-12 09:47:30,581 - UnicodeAnalyzer - INFO - -> Analizzando versione 8.21.1-alpha.2 (3218/3696)...
2025-11-12 09:47:30,581 - UnicodeAnalyzer - INFO - Filtrati 3 file (es. in /dist, /test).
2025-11-12 09:47:30,581 - UnicodeAnalyzer - INFO - -> Analizzando versione 8.21.1-alpha.3 (3219/3696)...
2025-11-12 09:47:30,581 - UnicodeAnalyzer - INFO - Filtrati 3 file (es. in /dist, /test).
2025-11-12 09:47:30,581 - UnicodeAnalyzer - INFO - -> Analizzando versione 8.21.1-alpha.4 (3220/3696)...
2025-11-12 09:47:30,582 - UnicodeAnalyzer - INFO - Filtrati 3 file (es. in /dist, /test).
2025-11-12 09:47:30,582 - UnicodeAnalyzer - INFO - -> Analizzando versione 8.21.1-alpha.5 (3221/3696)...
2025-11-12 09:47:30,582 - UnicodeAnalyzer - INFO - Filtrati 3 file (es. in /dist, /test).
2025-11-12 09:47:30,582 - UnicodeAnalyzer - INFO - -> Analizzando versione 8.21.1-alpha.6 (3222/3696)...
2025-11-12 09:47:30,582 - UnicodeAnalyzer - INFO - Filtrati 3 file (es. in /dist, /test).
2025-11-12 09:47:30,582 - UnicodeAnalyzer - INFO - -> Analizzando versione 8.21.1-alpha.7 (3223/3696)...
2025-11-12 09:47:30,582 - UnicodeAnalyzer - INFO - Filtrati 3 file (es. in /dist, /test).
2025-11-12 09:47:30,583 - UnicodeAnalyzer - INFO - -> Analizzando versione 8.21.1-alpha.8 (3224/3696)...
2025-11-12 09:47:30,583 - UnicodeAnalyzer - INFO - Filtrati 3 file (es. in /dist, /test).
2025-11-12 09:47:30,583 - UnicodeAnalyzer - INFO - -> Analizzando versione 8.21.1-alpha.9 (3225/3696)...
2025-11-12 09:47:30,583 - UnicodeAnalyzer - INFO - Filtrati 3 file (es. in /dist, /test).
2025-11-12 09:47:30,583 - UnicodeAnalyzer - INFO - -> Analizzando versione 8.22.0 (3226/3696)...
2025-11-12 09:47:30,583 - UnicodeAnalyzer - INFO - Filtrati 3 file (es. in /dist, /test).
2025-11-12 09:47:30,583 - UnicodeAnalyzer - INFO - -> Analizzando versione 8.22.1-alpha.0 (3227/3696)...
2025-11-12 09:47:30,584 - UnicodeAnalyzer - INFO - Filtrati 3 file (es. in /dist, /test).
2025-11-12 09:47:30,584 - UnicodeAnalyzer - INFO - -> Analizzando versione 8.22.1-alpha.1 (3228/3696)...
2025-11-12 09:47:30,584 - UnicodeAnalyzer - INFO - Filtrati 3 file (es. in /dist, /test).
2025-11-12 09:47:30,584 - UnicodeAnalyzer - INFO - -> Analizzando versione 8.22.1-alpha.10 (3229/3696)...
2025-11-12 09:47:30,584 - UnicodeAnalyzer - INFO - Filtrati 3 file (es. in /dist, /test).
2025-11-12 09:47:30,584 - UnicodeAnalyzer - INFO - -> Analizzando versione 8.22.1-alpha.11 (3230/3696)...
2025-11-12 09:47:30,584 - UnicodeAnalyzer - INFO - Filtrati 3 file (es. in /dist, /test).
2025-11-12 09:47:30,585 - UnicodeAnalyzer - INFO - -> Analizzando versione 8.22.1-alpha.12 (3231/3696)...
2025-11-12 09:47:30,585 - UnicodeAnalyzer - INFO - Filtrati 3 file (es. in /dist, /test).
2025-11-12 09:47:30,585 - UnicodeAnalyzer - INFO - -> Analizzando versione 8.22.1-alpha.13 (3232/3696)...
2025-11-12 09:47:30,585 - UnicodeAnalyzer - INFO - Filtrati 3 file (es. in /dist, /test).
2025-11-12 09:47:30,585 - UnicodeAnalyzer - INFO - -> Analizzando versione 8.22.1-alpha.14 (3233/3696)...
2025-11-12 09:47:30,585 - UnicodeAnalyzer - INFO - Filtrati 3 file (es. in /dist, /test).
2025-11-12 09:47:30,585 - UnicodeAnalyzer - INFO - -> Analizzando versione 8.22.1-alpha.2 (3234/3696)...
2025-11-12 09:47:30,586 - UnicodeAnalyzer - INFO - Filtrati 3 file (es. in /dist, /test).
2025-11-12 09:47:30,586 - UnicodeAnalyzer - INFO - -> Analizzando versione 8.22.1-alpha.3 (3235/3696)...
2025-11-12 09:47:30,586 - UnicodeAnalyzer - INFO - Filtrati 3 file (es. in /dist, /test).
2025-11-12 09:47:30,586 - UnicodeAnalyzer - INFO - -> Analizzando versione 8.22.1-alpha.4 (3236/3696)...
2025-11-12 09:47:30,586 - UnicodeAnalyzer - INFO - Filtrati 3 file (es. in /dist, /test).
2025-11-12 09:47:30,586 - UnicodeAnalyzer - INFO - -> Analizzando versione 8.22.1-alpha.5 (3237/3696)...
2025-11-12 09:47:30,586 - UnicodeAnalyzer - INFO - Filtrati 3 file (es. in /dist, /test).
2025-11-12 09:47:30,586 - UnicodeAnalyzer - INFO - -> Analizzando versione 8.22.1-alpha.6 (3238/3696)...
2025-11-12 09:47:30,587 - UnicodeAnalyzer - INFO - Filtrati 3 file (es. in /dist, /test).
2025-11-12 09:47:30,587 - UnicodeAnalyzer - INFO - -> Analizzando versione 8.22.1-alpha.7 (3239/3696)...
2025-11-12 09:47:30,587 - UnicodeAnalyzer - INFO - Filtrati 3 file (es. in /dist, /test).
2025-11-12 09:47:30,587 - UnicodeAnalyzer - INFO - -> Analizzando versione 8.22.1-alpha.8 (3240/3696)...
2025-11-12 09:47:30,587 - UnicodeAnalyzer - INFO - Filtrati 3 file (es. in /dist, /test).
2025-11-12 09:47:30,587 - UnicodeAnalyzer - INFO - -> Analizzando versione 8.22.1-alpha.9 (3241/3696)...
2025-11-12 09:47:30,588 - UnicodeAnalyzer - INFO - Filtrati 3 file (es. in /dist, /test).
2025-11-12 09:47:30,588 - UnicodeAnalyzer - INFO - -> Analizzando versione 8.23.0 (3242/3696)...
2025-11-12 09:47:30,588 - UnicodeAnalyzer - INFO - Filtrati 3 file (es. in /dist, /test).
2025-11-12 09:47:30,588 - UnicodeAnalyzer - INFO - -> Analizzando versione 8.23.1-alpha.0 (3243/3696)...
2025-11-12 09:47:30,588 - UnicodeAnalyzer - INFO - Filtrati 3 file (es. in /dist, /test).
2025-11-12 09:47:30,588 - UnicodeAnalyzer - INFO - -> Analizzando versione 8.23.1-alpha.1 (3244/3696)...
2025-11-12 09:47:30,588 - UnicodeAnalyzer - INFO - Filtrati 3 file (es. in /dist, /test).
2025-11-12 09:47:30,589 - UnicodeAnalyzer - INFO - -> Analizzando versione 8.23.1-alpha.2 (3245/3696)...
2025-11-12 09:47:30,589 - UnicodeAnalyzer - INFO - Filtrati 3 file (es. in /dist, /test).
2025-11-12 09:47:30,589 - UnicodeAnalyzer - INFO - -> Analizzando versione 8.23.1-alpha.3 (3246/3696)...
2025-11-12 09:47:30,589 - UnicodeAnalyzer - INFO - Filtrati 3 file (es. in /dist, /test).
2025-11-12 09:47:30,589 - UnicodeAnalyzer - INFO - -> Analizzando versione 8.23.1-alpha.4 (3247/3696)...
2025-11-12 09:47:30,589 - UnicodeAnalyzer - INFO - Filtrati 3 file (es. in /dist, /test).
2025-11-12 09:47:30,589 - UnicodeAnalyzer - INFO - -> Analizzando versione 8.23.1-alpha.5 (3248/3696)...
2025-11-12 09:47:30,590 - UnicodeAnalyzer - INFO - Filtrati 3 file (es. in /dist, /test).
2025-11-12 09:47:30,590 - UnicodeAnalyzer - INFO - -> Analizzando versione 8.23.1-alpha.6 (3249/3696)...
2025-11-12 09:47:30,590 - UnicodeAnalyzer - INFO - Filtrati 3 file (es. in /dist, /test).
2025-11-12 09:47:30,590 - UnicodeAnalyzer - INFO - -> Analizzando versione 8.23.1-alpha.7 (3250/3696)...
2025-11-12 09:47:30,590 - UnicodeAnalyzer - INFO - Filtrati 3 file (es. in /dist, /test).
2025-11-12 09:47:30,590 - UnicodeAnalyzer - INFO - -> Analizzando versione 8.24.0 (3251/3696)...
2025-11-12 09:47:30,590 - UnicodeAnalyzer - INFO - Filtrati 3 file (es. in /dist, /test).
2025-11-12 09:47:30,591 - UnicodeAnalyzer - INFO - -> Analizzando versione 8.24.1 (3252/3696)...
2025-11-12 09:47:30,591 - UnicodeAnalyzer - INFO - Filtrati 3 file (es. in /dist, /test).
2025-11-12 09:47:30,591 - UnicodeAnalyzer - INFO - -> Analizzando versione 8.24.1-alpha.0 (3253/3696)...
2025-11-12 09:47:30,591 - UnicodeAnalyzer - INFO - Filtrati 3 file (es. in /dist, /test).
2025-11-12 09:47:30,591 - UnicodeAnalyzer - INFO - -> Analizzando versione 8.24.1-alpha.1 (3254/3696)...
2025-11-12 09:47:30,591 - UnicodeAnalyzer - INFO - Filtrati 3 file (es. in /dist, /test).
2025-11-12 09:47:30,591 - UnicodeAnalyzer - INFO - -> Analizzando versione 8.24.1-alpha.10 (3255/3696)...
2025-11-12 09:47:30,592 - UnicodeAnalyzer - INFO - Filtrati 3 file (es. in /dist, /test).
2025-11-12 09:47:30,592 - UnicodeAnalyzer - INFO - -> Analizzando versione 8.24.1-alpha.2 (3256/3696)...
2025-11-12 09:47:30,592 - UnicodeAnalyzer - INFO - Filtrati 3 file (es. in /dist, /test).
2025-11-12 09:47:30,592 - UnicodeAnalyzer - INFO - -> Analizzando versione 8.24.1-alpha.3 (3257/3696)...
2025-11-12 09:47:30,592 - UnicodeAnalyzer - INFO - Filtrati 3 file (es. in /dist, /test).
2025-11-12 09:47:30,592 - UnicodeAnalyzer - INFO - -> Analizzando versione 8.24.1-alpha.4 (3258/3696)...
2025-11-12 09:47:30,592 - UnicodeAnalyzer - INFO - Filtrati 3 file (es. in /dist, /test).
2025-11-12 09:47:30,593 - UnicodeAnalyzer - INFO - -> Analizzando versione 8.24.1-alpha.5 (3259/3696)...
2025-11-12 09:47:30,593 - UnicodeAnalyzer - INFO - Filtrati 3 file (es. in /dist, /test).
2025-11-12 09:47:30,593 - UnicodeAnalyzer - INFO - -> Analizzando versione 8.24.1-alpha.6 (3260/3696)...
2025-11-12 09:47:30,593 - UnicodeAnalyzer - INFO - Filtrati 3 file (es. in /dist, /test).
2025-11-12 09:47:30,593 - UnicodeAnalyzer - INFO - -> Analizzando versione 8.24.1-alpha.7 (3261/3696)...
2025-11-12 09:47:30,593 - UnicodeAnalyzer - INFO - Filtrati 3 file (es. in /dist, /test).
2025-11-12 09:47:30,593 - UnicodeAnalyzer - INFO - -> Analizzando versione 8.24.1-alpha.8 (3262/3696)...
2025-11-12 09:47:30,594 - UnicodeAnalyzer - INFO - Filtrati 3 file (es. in /dist, /test).
2025-11-12 09:47:30,594 - UnicodeAnalyzer - INFO - -> Analizzando versione 8.24.1-alpha.9 (3263/3696)...
2025-11-12 09:47:30,594 - UnicodeAnalyzer - INFO - Filtrati 3 file (es. in /dist, /test).
2025-11-12 09:47:30,594 - UnicodeAnalyzer - INFO - -> Analizzando versione 8.24.2-alpha.0 (3264/3696)...
2025-11-12 09:47:30,594 - UnicodeAnalyzer - INFO - Filtrati 3 file (es. in /dist, /test).
2025-11-12 09:47:30,594 - UnicodeAnalyzer - INFO - -> Analizzando versione 8.24.2-alpha.1 (3265/3696)...
2025-11-12 09:47:30,594 - UnicodeAnalyzer - INFO - Filtrati 3 file (es. in /dist, /test).
2025-11-12 09:47:30,594 - UnicodeAnalyzer - INFO - -> Analizzando versione 8.24.2-alpha.2 (3266/3696)...
2025-11-12 09:47:30,595 - UnicodeAnalyzer - INFO - Filtrati 3 file (es. in /dist, /test).
2025-11-12 09:47:30,595 - UnicodeAnalyzer - INFO - -> Analizzando versione 8.24.2-alpha.3 (3267/3696)...
2025-11-12 09:47:30,595 - UnicodeAnalyzer - INFO - Filtrati 3 file (es. in /dist, /test).
2025-11-12 09:47:30,595 - UnicodeAnalyzer - INFO - -> Analizzando versione 8.24.2-alpha.4 (3268/3696)...
2025-11-12 09:47:30,595 - UnicodeAnalyzer - INFO - Filtrati 3 file (es. in /dist, /test).
2025-11-12 09:47:30,595 - UnicodeAnalyzer - INFO - -> Analizzando versione 8.25.0 (3269/3696)...
2025-11-12 09:47:30,596 - UnicodeAnalyzer - INFO - Filtrati 3 file (es. in /dist, /test).
2025-11-12 09:47:30,596 - UnicodeAnalyzer - INFO - -> Analizzando versione 8.25.1-alpha.0 (3270/3696)...
2025-11-12 09:47:30,596 - UnicodeAnalyzer - INFO - Filtrati 3 file (es. in /dist, /test).
2025-11-12 09:47:30,596 - UnicodeAnalyzer - INFO - -> Analizzando versione 8.25.1-alpha.1 (3271/3696)...
2025-11-12 09:47:30,596 - UnicodeAnalyzer - INFO - Filtrati 3 file (es. in /dist, /test).
2025-11-12 09:47:30,596 - UnicodeAnalyzer - INFO - -> Analizzando versione 8.25.1-alpha.10 (3272/3696)...
2025-11-12 09:47:30,596 - UnicodeAnalyzer - INFO - Filtrati 3 file (es. in /dist, /test).
2025-11-12 09:47:30,596 - UnicodeAnalyzer - INFO - -> Analizzando versione 8.25.1-alpha.11 (3273/3696)...
2025-11-12 09:47:30,597 - UnicodeAnalyzer - INFO - Filtrati 3 file (es. in /dist, /test).
2025-11-12 09:47:30,597 - UnicodeAnalyzer - INFO - -> Analizzando versione 8.25.1-alpha.12 (3274/3696)...
2025-11-12 09:47:30,597 - UnicodeAnalyzer - INFO - Filtrati 3 file (es. in /dist, /test).
2025-11-12 09:47:30,597 - UnicodeAnalyzer - INFO - -> Analizzando versione 8.25.1-alpha.13 (3275/3696)...
2025-11-12 09:47:30,597 - UnicodeAnalyzer - INFO - Filtrati 3 file (es. in /dist, /test).
2025-11-12 09:47:30,597 - UnicodeAnalyzer - INFO - -> Analizzando versione 8.25.1-alpha.14 (3276/3696)...
2025-11-12 09:47:30,598 - UnicodeAnalyzer - INFO - Filtrati 3 file (es. in /dist, /test).
2025-11-12 09:47:30,598 - UnicodeAnalyzer - INFO - -> Analizzando versione 8.25.1-alpha.15 (3277/3696)...
2025-11-12 09:47:30,598 - UnicodeAnalyzer - INFO - Filtrati 3 file (es. in /dist, /test).
2025-11-12 09:47:30,598 - UnicodeAnalyzer - INFO - -> Analizzando versione 8.25.1-alpha.16 (3278/3696)...
2025-11-12 09:47:30,598 - UnicodeAnalyzer - INFO - Filtrati 3 file (es. in /dist, /test).
2025-11-12 09:47:30,598 - UnicodeAnalyzer - INFO - -> Analizzando versione 8.25.1-alpha.17 (3279/3696)...
2025-11-12 09:47:30,598 - UnicodeAnalyzer - INFO - Filtrati 3 file (es. in /dist, /test).
2025-11-12 09:47:30,598 - UnicodeAnalyzer - INFO - -> Analizzando versione 8.25.1-alpha.18 (3280/3696)...
2025-11-12 09:47:30,599 - UnicodeAnalyzer - INFO - Filtrati 3 file (es. in /dist, /test).
2025-11-12 09:47:30,599 - UnicodeAnalyzer - INFO - -> Analizzando versione 8.25.1-alpha.2 (3281/3696)...
2025-11-12 09:47:30,599 - UnicodeAnalyzer - INFO - Filtrati 3 file (es. in /dist, /test).
2025-11-12 09:47:30,599 - UnicodeAnalyzer - INFO - -> Analizzando versione 8.25.1-alpha.3 (3282/3696)...
2025-11-12 09:47:30,599 - UnicodeAnalyzer - INFO - Filtrati 3 file (es. in /dist, /test).
2025-11-12 09:47:30,599 - UnicodeAnalyzer - INFO - -> Analizzando versione 8.25.1-alpha.4 (3283/3696)...
2025-11-12 09:47:30,599 - UnicodeAnalyzer - INFO - Filtrati 3 file (es. in /dist, /test).
2025-11-12 09:47:30,600 - UnicodeAnalyzer - INFO - -> Analizzando versione 8.25.1-alpha.5 (3284/3696)...
2025-11-12 09:47:30,600 - UnicodeAnalyzer - INFO - Filtrati 3 file (es. in /dist, /test).
2025-11-12 09:47:30,600 - UnicodeAnalyzer - INFO - -> Analizzando versione 8.25.1-alpha.6 (3285/3696)...
2025-11-12 09:47:30,600 - UnicodeAnalyzer - INFO - Filtrati 3 file (es. in /dist, /test).
2025-11-12 09:47:30,600 - UnicodeAnalyzer - INFO - -> Analizzando versione 8.25.1-alpha.7 (3286/3696)...
2025-11-12 09:47:30,600 - UnicodeAnalyzer - INFO - Filtrati 3 file (es. in /dist, /test).
2025-11-12 09:47:30,600 - UnicodeAnalyzer - INFO - -> Analizzando versione 8.25.1-alpha.8 (3287/3696)...
2025-11-12 09:47:30,601 - UnicodeAnalyzer - INFO - Filtrati 3 file (es. in /dist, /test).
2025-11-12 09:47:30,601 - UnicodeAnalyzer - INFO - -> Analizzando versione 8.25.1-alpha.9 (3288/3696)...
2025-11-12 09:47:30,601 - UnicodeAnalyzer - INFO - Filtrati 3 file (es. in /dist, /test).
2025-11-12 09:47:30,601 - UnicodeAnalyzer - INFO - -> Analizzando versione 8.26.0 (3289/3696)...
2025-11-12 09:47:30,601 - UnicodeAnalyzer - INFO - Filtrati 3 file (es. in /dist, /test).
2025-11-12 09:47:30,601 - UnicodeAnalyzer - INFO - -> Analizzando versione 8.26.1 (3290/3696)...
2025-11-12 09:47:30,601 - UnicodeAnalyzer - INFO - Filtrati 3 file (es. in /dist, /test).
2025-11-12 09:47:30,601 - UnicodeAnalyzer - INFO - -> Analizzando versione 8.26.1-alpha.0 (3291/3696)...
2025-11-12 09:47:30,602 - UnicodeAnalyzer - INFO - Filtrati 3 file (es. in /dist, /test).
2025-11-12 09:47:30,602 - UnicodeAnalyzer - INFO - -> Analizzando versione 8.26.1-alpha.1 (3292/3696)...
2025-11-12 09:47:30,602 - UnicodeAnalyzer - INFO - Filtrati 3 file (es. in /dist, /test).
2025-11-12 09:47:30,602 - UnicodeAnalyzer - INFO - -> Analizzando versione 8.26.1-alpha.2 (3293/3696)...
2025-11-12 09:47:30,602 - UnicodeAnalyzer - INFO - Filtrati 3 file (es. in /dist, /test).
2025-11-12 09:47:30,602 - UnicodeAnalyzer - INFO - -> Analizzando versione 8.26.1-alpha.3 (3294/3696)...
2025-11-12 09:47:30,603 - UnicodeAnalyzer - INFO - Filtrati 3 file (es. in /dist, /test).
2025-11-12 09:47:30,603 - UnicodeAnalyzer - INFO - -> Analizzando versione 8.26.1-alpha.4 (3295/3696)...
2025-11-12 09:47:30,603 - UnicodeAnalyzer - INFO - Filtrati 3 file (es. in /dist, /test).
2025-11-12 09:47:30,603 - UnicodeAnalyzer - INFO - -> Analizzando versione 8.26.1-alpha.5 (3296/3696)...
2025-11-12 09:47:30,603 - UnicodeAnalyzer - INFO - Filtrati 3 file (es. in /dist, /test).
2025-11-12 09:47:30,603 - UnicodeAnalyzer - INFO - -> Analizzando versione 8.26.2-alpha.0 (3297/3696)...
2025-11-12 09:47:30,603 - UnicodeAnalyzer - INFO - Filtrati 3 file (es. in /dist, /test).
2025-11-12 09:47:30,603 - UnicodeAnalyzer - INFO - -> Analizzando versione 8.26.2-alpha.1 (3298/3696)...
2025-11-12 09:47:30,604 - UnicodeAnalyzer - INFO - Filtrati 3 file (es. in /dist, /test).
2025-11-12 09:47:30,604 - UnicodeAnalyzer - INFO - -> Analizzando versione 8.26.2-alpha.2 (3299/3696)...
2025-11-12 09:47:30,604 - UnicodeAnalyzer - INFO - Filtrati 3 file (es. in /dist, /test).
2025-11-12 09:47:30,604 - UnicodeAnalyzer - INFO - -> Analizzando versione 8.26.2-alpha.3 (3300/3696)...
2025-11-12 09:47:30,604 - UnicodeAnalyzer - INFO - Filtrati 3 file (es. in /dist, /test).
2025-11-12 09:47:30,604 - UnicodeAnalyzer - INFO - -> Analizzando versione 8.26.2-alpha.4 (3301/3696)...
2025-11-12 09:47:30,604 - UnicodeAnalyzer - INFO - Filtrati 3 file (es. in /dist, /test).
2025-11-12 09:47:30,605 - UnicodeAnalyzer - INFO - -> Analizzando versione 8.26.2-alpha.5 (3302/3696)...
2025-11-12 09:47:30,605 - UnicodeAnalyzer - INFO - Filtrati 3 file (es. in /dist, /test).
2025-11-12 09:47:30,605 - UnicodeAnalyzer - INFO - -> Analizzando versione 8.26.2-alpha.6 (3303/3696)...
2025-11-12 09:47:30,605 - UnicodeAnalyzer - INFO - Filtrati 3 file (es. in /dist, /test).
2025-11-12 09:47:30,605 - UnicodeAnalyzer - INFO - -> Analizzando versione 8.26.2-alpha.7 (3304/3696)...
2025-11-12 09:47:30,605 - UnicodeAnalyzer - INFO - Filtrati 3 file (es. in /dist, /test).
2025-11-12 09:47:30,605 - UnicodeAnalyzer - INFO - -> Analizzando versione 8.26.2-alpha.8 (3305/3696)...
2025-11-12 09:47:30,606 - UnicodeAnalyzer - INFO - Filtrati 3 file (es. in /dist, /test).
2025-11-12 09:47:30,606 - UnicodeAnalyzer - INFO - -> Analizzando versione 8.26.2-alpha.9 (3306/3696)...
2025-11-12 09:47:30,606 - UnicodeAnalyzer - INFO - Filtrati 3 file (es. in /dist, /test).
2025-11-12 09:47:30,606 - UnicodeAnalyzer - INFO - -> Analizzando versione 8.27.0 (3307/3696)...
2025-11-12 09:47:30,606 - UnicodeAnalyzer - INFO - Filtrati 3 file (es. in /dist, /test).
2025-11-12 09:47:30,606 - UnicodeAnalyzer - INFO - -> Analizzando versione 8.27.1-alpha.0 (3308/3696)...
2025-11-12 09:47:30,606 - UnicodeAnalyzer - INFO - Filtrati 3 file (es. in /dist, /test).
2025-11-12 09:47:30,606 - UnicodeAnalyzer - INFO - -> Analizzando versione 8.27.1-alpha.1 (3309/3696)...
2025-11-12 09:47:30,607 - UnicodeAnalyzer - INFO - Filtrati 3 file (es. in /dist, /test).
2025-11-12 09:47:30,607 - UnicodeAnalyzer - INFO - -> Analizzando versione 8.27.1-alpha.2 (3310/3696)...
2025-11-12 09:47:30,607 - UnicodeAnalyzer - INFO - Filtrati 3 file (es. in /dist, /test).
2025-11-12 09:47:30,607 - UnicodeAnalyzer - INFO - -> Analizzando versione 8.28.0 (3311/3696)...
2025-11-12 09:47:30,607 - UnicodeAnalyzer - INFO - Filtrati 3 file (es. in /dist, /test).
2025-11-12 09:47:30,607 - UnicodeAnalyzer - INFO - -> Analizzando versione 8.28.1-alpha.0 (3312/3696)...
2025-11-12 09:47:30,608 - UnicodeAnalyzer - INFO - Filtrati 3 file (es. in /dist, /test).
2025-11-12 09:47:30,608 - UnicodeAnalyzer - INFO - -> Analizzando versione 8.28.1-alpha.1 (3313/3696)...
2025-11-12 09:47:30,608 - UnicodeAnalyzer - INFO - Filtrati 3 file (es. in /dist, /test).
2025-11-12 09:47:30,608 - UnicodeAnalyzer - INFO - -> Analizzando versione 8.28.1-alpha.2 (3314/3696)...
2025-11-12 09:47:30,608 - UnicodeAnalyzer - INFO - Filtrati 3 file (es. in /dist, /test).
2025-11-12 09:47:30,608 - UnicodeAnalyzer - INFO - -> Analizzando versione 8.29.0 (3315/3696)...
2025-11-12 09:47:30,608 - UnicodeAnalyzer - INFO - Filtrati 3 file (es. in /dist, /test).
2025-11-12 09:47:30,608 - UnicodeAnalyzer - INFO - -> Analizzando versione 8.29.1 (3316/3696)...
2025-11-12 09:47:30,609 - UnicodeAnalyzer - INFO - Filtrati 3 file (es. in /dist, /test).
2025-11-12 09:47:30,609 - UnicodeAnalyzer - INFO - -> Analizzando versione 8.29.1-alpha.0 (3317/3696)...
2025-11-12 09:47:30,609 - UnicodeAnalyzer - INFO - Filtrati 3 file (es. in /dist, /test).
2025-11-12 09:47:30,609 - UnicodeAnalyzer - INFO - -> Analizzando versione 8.29.1-alpha.1 (3318/3696)...
2025-11-12 09:47:30,609 - UnicodeAnalyzer - INFO - Filtrati 3 file (es. in /dist, /test).
2025-11-12 09:47:30,609 - UnicodeAnalyzer - INFO - -> Analizzando versione 8.29.1-alpha.2 (3319/3696)...
2025-11-12 09:47:30,609 - UnicodeAnalyzer - INFO - Filtrati 3 file (es. in /dist, /test).
2025-11-12 09:47:30,610 - UnicodeAnalyzer - INFO - -> Analizzando versione 8.29.1-alpha.3 (3320/3696)...
2025-11-12 09:47:30,610 - UnicodeAnalyzer - INFO - Filtrati 3 file (es. in /dist, /test).
2025-11-12 09:47:30,610 - UnicodeAnalyzer - INFO - -> Analizzando versione 8.29.1-alpha.4 (3321/3696)...
2025-11-12 09:47:30,610 - UnicodeAnalyzer - INFO - Filtrati 3 file (es. in /dist, /test).
2025-11-12 09:47:30,610 - UnicodeAnalyzer - INFO - -> Analizzando versione 8.29.2-alpha.0 (3322/3696)...
2025-11-12 09:47:30,610 - UnicodeAnalyzer - INFO - Filtrati 3 file (es. in /dist, /test).
2025-11-12 09:47:30,610 - UnicodeAnalyzer - INFO - -> Analizzando versione 8.29.2-alpha.1 (3323/3696)...
2025-11-12 09:47:30,611 - UnicodeAnalyzer - INFO - Filtrati 3 file (es. in /dist, /test).
2025-11-12 09:47:30,611 - UnicodeAnalyzer - INFO - -> Analizzando versione 8.29.2-alpha.10 (3324/3696)...
2025-11-12 09:47:30,611 - UnicodeAnalyzer - INFO - Filtrati 3 file (es. in /dist, /test).
2025-11-12 09:47:30,611 - UnicodeAnalyzer - INFO - -> Analizzando versione 8.29.2-alpha.11 (3325/3696)...
2025-11-12 09:47:30,611 - UnicodeAnalyzer - INFO - Filtrati 3 file (es. in /dist, /test).
2025-11-12 09:47:30,611 - UnicodeAnalyzer - INFO - -> Analizzando versione 8.29.2-alpha.2 (3326/3696)...
2025-11-12 09:47:30,612 - UnicodeAnalyzer - INFO - Filtrati 3 file (es. in /dist, /test).
2025-11-12 09:47:30,612 - UnicodeAnalyzer - INFO - -> Analizzando versione 8.29.2-alpha.3 (3327/3696)...
2025-11-12 09:47:30,612 - UnicodeAnalyzer - INFO - Filtrati 3 file (es. in /dist, /test).
2025-11-12 09:47:30,612 - UnicodeAnalyzer - INFO - -> Analizzando versione 8.29.2-alpha.4 (3328/3696)...
2025-11-12 09:47:30,612 - UnicodeAnalyzer - INFO - Filtrati 3 file (es. in /dist, /test).
2025-11-12 09:47:30,612 - UnicodeAnalyzer - INFO - -> Analizzando versione 8.29.2-alpha.5 (3329/3696)...
2025-11-12 09:47:30,612 - UnicodeAnalyzer - INFO - Filtrati 3 file (es. in /dist, /test).
2025-11-12 09:47:30,612 - UnicodeAnalyzer - INFO - -> Analizzando versione 8.29.2-alpha.6 (3330/3696)...
2025-11-12 09:47:30,613 - UnicodeAnalyzer - INFO - Filtrati 3 file (es. in /dist, /test).
2025-11-12 09:47:30,613 - UnicodeAnalyzer - INFO - -> Analizzando versione 8.29.2-alpha.7 (3331/3696)...
2025-11-12 09:47:30,613 - UnicodeAnalyzer - INFO - Filtrati 3 file (es. in /dist, /test).
2025-11-12 09:47:30,613 - UnicodeAnalyzer - INFO - -> Analizzando versione 8.29.2-alpha.8 (3332/3696)...
2025-11-12 09:47:30,613 - UnicodeAnalyzer - INFO - Filtrati 3 file (es. in /dist, /test).
2025-11-12 09:47:30,613 - UnicodeAnalyzer - INFO - -> Analizzando versione 8.29.2-alpha.9 (3333/3696)...
2025-11-12 09:47:30,613 - UnicodeAnalyzer - INFO - Filtrati 3 file (es. in /dist, /test).
2025-11-12 09:47:30,614 - UnicodeAnalyzer - INFO - -> Analizzando versione 8.3.0 (3334/3696)...
2025-11-12 09:47:30,614 - UnicodeAnalyzer - INFO - Filtrati 3 file (es. in /dist, /test).
2025-11-12 09:47:30,614 - UnicodeAnalyzer - INFO - -> Analizzando versione 8.3.1-alpha.0 (3335/3696)...
2025-11-12 09:47:30,614 - UnicodeAnalyzer - INFO - Filtrati 3 file (es. in /dist, /test).
2025-11-12 09:47:30,614 - UnicodeAnalyzer - INFO - -> Analizzando versione 8.3.1-alpha.1 (3336/3696)...
2025-11-12 09:47:30,614 - UnicodeAnalyzer - INFO - Filtrati 3 file (es. in /dist, /test).
2025-11-12 09:47:30,614 - UnicodeAnalyzer - INFO - -> Analizzando versione 8.3.1-alpha.10 (3337/3696)...
2025-11-12 09:47:30,615 - UnicodeAnalyzer - INFO - Filtrati 3 file (es. in /dist, /test).
2025-11-12 09:47:30,615 - UnicodeAnalyzer - INFO - -> Analizzando versione 8.3.1-alpha.11 (3338/3696)...
2025-11-12 09:47:30,615 - UnicodeAnalyzer - INFO - Filtrati 3 file (es. in /dist, /test).
2025-11-12 09:47:30,615 - UnicodeAnalyzer - INFO - -> Analizzando versione 8.3.1-alpha.2 (3339/3696)...
2025-11-12 09:47:30,615 - UnicodeAnalyzer - INFO - Filtrati 3 file (es. in /dist, /test).
2025-11-12 09:47:30,615 - UnicodeAnalyzer - INFO - -> Analizzando versione 8.3.1-alpha.3 (3340/3696)...
2025-11-12 09:47:30,615 - UnicodeAnalyzer - INFO - Filtrati 3 file (es. in /dist, /test).
2025-11-12 09:47:30,616 - UnicodeAnalyzer - INFO - -> Analizzando versione 8.3.1-alpha.4 (3341/3696)...
2025-11-12 09:47:30,616 - UnicodeAnalyzer - INFO - Filtrati 3 file (es. in /dist, /test).
2025-11-12 09:47:30,616 - UnicodeAnalyzer - INFO - -> Analizzando versione 8.3.1-alpha.5 (3342/3696)...
2025-11-12 09:47:30,616 - UnicodeAnalyzer - INFO - Filtrati 3 file (es. in /dist, /test).
2025-11-12 09:47:30,616 - UnicodeAnalyzer - INFO - -> Analizzando versione 8.3.1-alpha.6 (3343/3696)...
2025-11-12 09:47:30,616 - UnicodeAnalyzer - INFO - Filtrati 3 file (es. in /dist, /test).
2025-11-12 09:47:30,616 - UnicodeAnalyzer - INFO - -> Analizzando versione 8.3.1-alpha.7 (3344/3696)...
2025-11-12 09:47:30,617 - UnicodeAnalyzer - INFO - Filtrati 3 file (es. in /dist, /test).
2025-11-12 09:47:30,617 - UnicodeAnalyzer - INFO - -> Analizzando versione 8.3.1-alpha.8 (3345/3696)...
2025-11-12 09:47:30,617 - UnicodeAnalyzer - INFO - Filtrati 3 file (es. in /dist, /test).
2025-11-12 09:47:30,617 - UnicodeAnalyzer - INFO - -> Analizzando versione 8.3.1-alpha.9 (3346/3696)...
2025-11-12 09:47:30,617 - UnicodeAnalyzer - INFO - Filtrati 3 file (es. in /dist, /test).
2025-11-12 09:47:30,617 - UnicodeAnalyzer - INFO - -> Analizzando versione 8.30.0 (3347/3696)...
2025-11-12 09:47:30,617 - UnicodeAnalyzer - INFO - Filtrati 3 file (es. in /dist, /test).
2025-11-12 09:47:30,617 - UnicodeAnalyzer - INFO - -> Analizzando versione 8.30.1 (3348/3696)...
2025-11-12 09:47:30,618 - UnicodeAnalyzer - INFO - Filtrati 3 file (es. in /dist, /test).
2025-11-12 09:47:30,618 - UnicodeAnalyzer - INFO - -> Analizzando versione 8.30.1-alpha.0 (3349/3696)...
2025-11-12 09:47:30,618 - UnicodeAnalyzer - INFO - Filtrati 3 file (es. in /dist, /test).
2025-11-12 09:47:30,618 - UnicodeAnalyzer - INFO - -> Analizzando versione 8.30.2-alpha.0 (3350/3696)...
2025-11-12 09:47:30,618 - UnicodeAnalyzer - INFO - Filtrati 3 file (es. in /dist, /test).
2025-11-12 09:47:30,618 - UnicodeAnalyzer - INFO - -> Analizzando versione 8.30.2-alpha.1 (3351/3696)...
2025-11-12 09:47:30,619 - UnicodeAnalyzer - INFO - Filtrati 3 file (es. in /dist, /test).
2025-11-12 09:47:30,619 - UnicodeAnalyzer - INFO - -> Analizzando versione 8.30.2-alpha.2 (3352/3696)...
2025-11-12 09:47:30,619 - UnicodeAnalyzer - INFO - Filtrati 3 file (es. in /dist, /test).
2025-11-12 09:47:30,619 - UnicodeAnalyzer - INFO - -> Analizzando versione 8.30.2-alpha.3 (3353/3696)...
2025-11-12 09:47:30,619 - UnicodeAnalyzer - INFO - Filtrati 3 file (es. in /dist, /test).
2025-11-12 09:47:30,619 - UnicodeAnalyzer - INFO - -> Analizzando versione 8.30.2-alpha.4 (3354/3696)...
2025-11-12 09:47:30,619 - UnicodeAnalyzer - INFO - Filtrati 3 file (es. in /dist, /test).
2025-11-12 09:47:30,619 - UnicodeAnalyzer - INFO - -> Analizzando versione 8.30.2-alpha.5 (3355/3696)...
2025-11-12 09:47:30,620 - UnicodeAnalyzer - INFO - Filtrati 3 file (es. in /dist, /test).
2025-11-12 09:47:30,620 - UnicodeAnalyzer - INFO - -> Analizzando versione 8.30.2-alpha.6 (3356/3696)...
2025-11-12 09:47:30,620 - UnicodeAnalyzer - INFO - Filtrati 3 file (es. in /dist, /test).
2025-11-12 09:47:30,620 - UnicodeAnalyzer - INFO - -> Analizzando versione 8.30.2-alpha.7 (3357/3696)...
2025-11-12 09:47:30,620 - UnicodeAnalyzer - INFO - Filtrati 3 file (es. in /dist, /test).
2025-11-12 09:47:30,620 - UnicodeAnalyzer - INFO - -> Analizzando versione 8.31.0 (3358/3696)...
2025-11-12 09:47:30,620 - UnicodeAnalyzer - INFO - Filtrati 3 file (es. in /dist, /test).
2025-11-12 09:47:30,621 - UnicodeAnalyzer - INFO - -> Analizzando versione 8.31.1 (3359/3696)...
2025-11-12 09:47:30,621 - UnicodeAnalyzer - INFO - Filtrati 3 file (es. in /dist, /test).
2025-11-12 09:47:30,621 - UnicodeAnalyzer - INFO - -> Analizzando versione 8.31.1-alpha.0 (3360/3696)...
2025-11-12 09:47:30,621 - UnicodeAnalyzer - INFO - Filtrati 3 file (es. in /dist, /test).
2025-11-12 09:47:30,621 - UnicodeAnalyzer - INFO - -> Analizzando versione 8.31.1-alpha.1 (3361/3696)...
2025-11-12 09:47:30,621 - UnicodeAnalyzer - INFO - Filtrati 3 file (es. in /dist, /test).
2025-11-12 09:47:30,621 - UnicodeAnalyzer - INFO - -> Analizzando versione 8.31.1-alpha.2 (3362/3696)...
2025-11-12 09:47:30,622 - UnicodeAnalyzer - INFO - Filtrati 3 file (es. in /dist, /test).
2025-11-12 09:47:30,622 - UnicodeAnalyzer - INFO - -> Analizzando versione 8.31.1-alpha.3 (3363/3696)...
2025-11-12 09:47:30,622 - UnicodeAnalyzer - INFO - Filtrati 3 file (es. in /dist, /test).
2025-11-12 09:47:30,622 - UnicodeAnalyzer - INFO - -> Analizzando versione 8.31.2-alpha.0 (3364/3696)...
2025-11-12 09:47:30,622 - UnicodeAnalyzer - INFO - Filtrati 3 file (es. in /dist, /test).
2025-11-12 09:47:30,622 - UnicodeAnalyzer - INFO - -> Analizzando versione 8.31.2-alpha.1 (3365/3696)...
2025-11-12 09:47:30,622 - UnicodeAnalyzer - INFO - Filtrati 3 file (es. in /dist, /test).
2025-11-12 09:47:30,622 - UnicodeAnalyzer - INFO - -> Analizzando versione 8.31.2-alpha.2 (3366/3696)...
2025-11-12 09:47:30,623 - UnicodeAnalyzer - INFO - Filtrati 3 file (es. in /dist, /test).
2025-11-12 09:47:30,623 - UnicodeAnalyzer - INFO - -> Analizzando versione 8.31.2-alpha.3 (3367/3696)...
2025-11-12 09:47:30,623 - UnicodeAnalyzer - INFO - Filtrati 3 file (es. in /dist, /test).
2025-11-12 09:47:30,623 - UnicodeAnalyzer - INFO - -> Analizzando versione 8.31.2-alpha.4 (3368/3696)...
2025-11-12 09:47:30,623 - UnicodeAnalyzer - INFO - Filtrati 3 file (es. in /dist, /test).
2025-11-12 09:47:30,623 - UnicodeAnalyzer - INFO - -> Analizzando versione 8.31.2-alpha.5 (3369/3696)...
2025-11-12 09:47:30,624 - UnicodeAnalyzer - INFO - Filtrati 3 file (es. in /dist, /test).
2025-11-12 09:47:30,624 - UnicodeAnalyzer - INFO - -> Analizzando versione 8.31.2-alpha.6 (3370/3696)...
2025-11-12 09:47:30,624 - UnicodeAnalyzer - INFO - Filtrati 3 file (es. in /dist, /test).
2025-11-12 09:47:30,624 - UnicodeAnalyzer - INFO - -> Analizzando versione 8.31.2-alpha.7 (3371/3696)...
2025-11-12 09:47:30,624 - UnicodeAnalyzer - INFO - Filtrati 3 file (es. in /dist, /test).
2025-11-12 09:47:30,624 - UnicodeAnalyzer - INFO - -> Analizzando versione 8.31.2-alpha.8 (3372/3696)...
2025-11-12 09:47:30,624 - UnicodeAnalyzer - INFO - Filtrati 3 file (es. in /dist, /test).
2025-11-12 09:47:30,624 - UnicodeAnalyzer - INFO - -> Analizzando versione 8.32.0 (3373/3696)...
2025-11-12 09:47:30,625 - UnicodeAnalyzer - INFO - Filtrati 3 file (es. in /dist, /test).
2025-11-12 09:47:30,625 - UnicodeAnalyzer - INFO - -> Analizzando versione 8.32.1 (3374/3696)...
2025-11-12 09:47:30,625 - UnicodeAnalyzer - INFO - Filtrati 3 file (es. in /dist, /test).
2025-11-12 09:47:30,625 - UnicodeAnalyzer - INFO - -> Analizzando versione 8.32.1-alpha.0 (3375/3696)...
2025-11-12 09:47:30,625 - UnicodeAnalyzer - INFO - Filtrati 3 file (es. in /dist, /test).
2025-11-12 09:47:30,625 - UnicodeAnalyzer - INFO - -> Analizzando versione 8.32.1-alpha.1 (3376/3696)...
2025-11-12 09:47:30,625 - UnicodeAnalyzer - INFO - Filtrati 3 file (es. in /dist, /test).
2025-11-12 09:47:30,626 - UnicodeAnalyzer - INFO - -> Analizzando versione 8.32.1-alpha.2 (3377/3696)...
2025-11-12 09:47:30,626 - UnicodeAnalyzer - INFO - Filtrati 3 file (es. in /dist, /test).
2025-11-12 09:47:30,626 - UnicodeAnalyzer - INFO - -> Analizzando versione 8.32.1-alpha.3 (3378/3696)...
2025-11-12 09:47:30,626 - UnicodeAnalyzer - INFO - Filtrati 3 file (es. in /dist, /test).
2025-11-12 09:47:30,626 - UnicodeAnalyzer - INFO - -> Analizzando versione 8.32.1-alpha.4 (3379/3696)...
2025-11-12 09:47:30,626 - UnicodeAnalyzer - INFO - Filtrati 3 file (es. in /dist, /test).
2025-11-12 09:47:30,626 - UnicodeAnalyzer - INFO - -> Analizzando versione 8.32.1-alpha.5 (3380/3696)...
2025-11-12 09:47:30,627 - UnicodeAnalyzer - INFO - Filtrati 3 file (es. in /dist, /test).
2025-11-12 09:47:30,627 - UnicodeAnalyzer - INFO - -> Analizzando versione 8.32.1-alpha.6 (3381/3696)...
2025-11-12 09:47:30,627 - UnicodeAnalyzer - INFO - Filtrati 3 file (es. in /dist, /test).
2025-11-12 09:47:30,627 - UnicodeAnalyzer - INFO - -> Analizzando versione 8.32.1-alpha.7 (3382/3696)...
2025-11-12 09:47:30,627 - UnicodeAnalyzer - INFO - Filtrati 3 file (es. in /dist, /test).
2025-11-12 09:47:30,627 - UnicodeAnalyzer - INFO - -> Analizzando versione 8.32.1-alpha.8 (3383/3696)...
2025-11-12 09:47:30,627 - UnicodeAnalyzer - INFO - Filtrati 3 file (es. in /dist, /test).
2025-11-12 09:47:30,627 - UnicodeAnalyzer - INFO - -> Analizzando versione 8.32.2-alpha.0 (3384/3696)...
2025-11-12 09:47:30,628 - UnicodeAnalyzer - INFO - Filtrati 3 file (es. in /dist, /test).
2025-11-12 09:47:30,628 - UnicodeAnalyzer - INFO - -> Analizzando versione 8.32.2-alpha.1 (3385/3696)...
2025-11-12 09:47:30,628 - UnicodeAnalyzer - INFO - Filtrati 3 file (es. in /dist, /test).
2025-11-12 09:47:30,628 - UnicodeAnalyzer - INFO - -> Analizzando versione 8.32.2-alpha.10 (3386/3696)...
2025-11-12 09:47:30,628 - UnicodeAnalyzer - INFO - Filtrati 3 file (es. in /dist, /test).
2025-11-12 09:47:30,628 - UnicodeAnalyzer - INFO - -> Analizzando versione 8.32.2-alpha.11 (3387/3696)...
2025-11-12 09:47:30,629 - UnicodeAnalyzer - INFO - Filtrati 3 file (es. in /dist, /test).
2025-11-12 09:47:30,629 - UnicodeAnalyzer - INFO - -> Analizzando versione 8.32.2-alpha.12 (3388/3696)...
2025-11-12 09:47:30,629 - UnicodeAnalyzer - INFO - Filtrati 3 file (es. in /dist, /test).
2025-11-12 09:47:30,629 - UnicodeAnalyzer - INFO - -> Analizzando versione 8.32.2-alpha.2 (3389/3696)...
2025-11-12 09:47:30,629 - UnicodeAnalyzer - INFO - Filtrati 3 file (es. in /dist, /test).
2025-11-12 09:47:30,629 - UnicodeAnalyzer - INFO - -> Analizzando versione 8.32.2-alpha.3 (3390/3696)...
2025-11-12 09:47:30,629 - UnicodeAnalyzer - INFO - Filtrati 3 file (es. in /dist, /test).
2025-11-12 09:47:30,629 - UnicodeAnalyzer - INFO - -> Analizzando versione 8.32.2-alpha.4 (3391/3696)...
2025-11-12 09:47:30,630 - UnicodeAnalyzer - INFO - Filtrati 3 file (es. in /dist, /test).
2025-11-12 09:47:30,630 - UnicodeAnalyzer - INFO - -> Analizzando versione 8.32.2-alpha.5 (3392/3696)...
2025-11-12 09:47:30,630 - UnicodeAnalyzer - INFO - Filtrati 3 file (es. in /dist, /test).
2025-11-12 09:47:30,630 - UnicodeAnalyzer - INFO - -> Analizzando versione 8.32.2-alpha.6 (3393/3696)...
2025-11-12 09:47:30,630 - UnicodeAnalyzer - INFO - Filtrati 3 file (es. in /dist, /test).
2025-11-12 09:47:30,630 - UnicodeAnalyzer - INFO - -> Analizzando versione 8.32.2-alpha.7 (3394/3696)...
2025-11-12 09:47:30,630 - UnicodeAnalyzer - INFO - Filtrati 3 file (es. in /dist, /test).
2025-11-12 09:47:30,630 - UnicodeAnalyzer - INFO - -> Analizzando versione 8.32.2-alpha.8 (3395/3696)...
2025-11-12 09:47:30,631 - UnicodeAnalyzer - INFO - Filtrati 3 file (es. in /dist, /test).
2025-11-12 09:47:30,631 - UnicodeAnalyzer - INFO - -> Analizzando versione 8.32.2-alpha.9 (3396/3696)...
2025-11-12 09:47:30,631 - UnicodeAnalyzer - INFO - Filtrati 3 file (es. in /dist, /test).
2025-11-12 09:47:30,631 - UnicodeAnalyzer - INFO - -> Analizzando versione 8.33.0 (3397/3696)...
2025-11-12 09:47:30,631 - UnicodeAnalyzer - INFO - Filtrati 3 file (es. in /dist, /test).
2025-11-12 09:47:30,631 - UnicodeAnalyzer - INFO - -> Analizzando versione 8.33.1 (3398/3696)...
2025-11-12 09:47:30,632 - UnicodeAnalyzer - INFO - Filtrati 3 file (es. in /dist, /test).
2025-11-12 09:47:30,632 - UnicodeAnalyzer - INFO - -> Analizzando versione 8.33.1-alpha.0 (3399/3696)...
2025-11-12 09:47:30,632 - UnicodeAnalyzer - INFO - Filtrati 3 file (es. in /dist, /test).
2025-11-12 09:47:30,632 - UnicodeAnalyzer - INFO - -> Analizzando versione 8.33.1-alpha.1 (3400/3696)...
2025-11-12 09:47:30,632 - UnicodeAnalyzer - INFO - Filtrati 3 file (es. in /dist, /test).
2025-11-12 09:47:30,632 - UnicodeAnalyzer - INFO - -> Analizzando versione 8.33.1-alpha.2 (3401/3696)...
2025-11-12 09:47:30,632 - UnicodeAnalyzer - INFO - Filtrati 3 file (es. in /dist, /test).
2025-11-12 09:47:30,632 - UnicodeAnalyzer - INFO - -> Analizzando versione 8.33.1-alpha.3 (3402/3696)...
2025-11-12 09:47:30,633 - UnicodeAnalyzer - INFO - Filtrati 3 file (es. in /dist, /test).
2025-11-12 09:47:30,633 - UnicodeAnalyzer - INFO - -> Analizzando versione 8.33.1-alpha.4 (3403/3696)...
2025-11-12 09:47:30,633 - UnicodeAnalyzer - INFO - Filtrati 3 file (es. in /dist, /test).
2025-11-12 09:47:30,633 - UnicodeAnalyzer - INFO - -> Analizzando versione 8.33.1-alpha.5 (3404/3696)...
2025-11-12 09:47:30,633 - UnicodeAnalyzer - INFO - Filtrati 3 file (es. in /dist, /test).
2025-11-12 09:47:30,633 - UnicodeAnalyzer - INFO - -> Analizzando versione 8.33.1-alpha.6 (3405/3696)...
2025-11-12 09:47:30,633 - UnicodeAnalyzer - INFO - Filtrati 3 file (es. in /dist, /test).
2025-11-12 09:47:30,634 - UnicodeAnalyzer - INFO - -> Analizzando versione 8.33.2-alpha.0 (3406/3696)...
2025-11-12 09:47:30,634 - UnicodeAnalyzer - INFO - Filtrati 3 file (es. in /dist, /test).
2025-11-12 09:47:30,634 - UnicodeAnalyzer - INFO - -> Analizzando versione 8.33.2-alpha.1 (3407/3696)...
2025-11-12 09:47:30,634 - UnicodeAnalyzer - INFO - Filtrati 3 file (es. in /dist, /test).
2025-11-12 09:47:30,634 - UnicodeAnalyzer - INFO - -> Analizzando versione 8.33.2-alpha.2 (3408/3696)...
2025-11-12 09:47:30,634 - UnicodeAnalyzer - INFO - Filtrati 3 file (es. in /dist, /test).
2025-11-12 09:47:30,634 - UnicodeAnalyzer - INFO - -> Analizzando versione 8.33.2-alpha.3 (3409/3696)...
2025-11-12 09:47:30,635 - UnicodeAnalyzer - INFO - Filtrati 3 file (es. in /dist, /test).
2025-11-12 09:47:30,635 - UnicodeAnalyzer - INFO - -> Analizzando versione 8.33.2-alpha.4 (3410/3696)...
2025-11-12 09:47:30,635 - UnicodeAnalyzer - INFO - Filtrati 3 file (es. in /dist, /test).
2025-11-12 09:47:30,635 - UnicodeAnalyzer - INFO - -> Analizzando versione 8.33.2-alpha.5 (3411/3696)...
2025-11-12 09:47:30,635 - UnicodeAnalyzer - INFO - Filtrati 3 file (es. in /dist, /test).
2025-11-12 09:47:30,635 - UnicodeAnalyzer - INFO - -> Analizzando versione 8.33.2-alpha.6 (3412/3696)...
2025-11-12 09:47:30,635 - UnicodeAnalyzer - INFO - Filtrati 3 file (es. in /dist, /test).
2025-11-12 09:47:30,635 - UnicodeAnalyzer - INFO - -> Analizzando versione 8.33.2-alpha.7 (3413/3696)...
2025-11-12 09:47:30,636 - UnicodeAnalyzer - INFO - Filtrati 3 file (es. in /dist, /test).
2025-11-12 09:47:30,636 - UnicodeAnalyzer - INFO - -> Analizzando versione 8.33.2-alpha.8 (3414/3696)...
2025-11-12 09:47:30,636 - UnicodeAnalyzer - INFO - Filtrati 3 file (es. in /dist, /test).
2025-11-12 09:47:30,636 - UnicodeAnalyzer - INFO - -> Analizzando versione 8.33.2-alpha.9 (3415/3696)...
2025-11-12 09:47:30,636 - UnicodeAnalyzer - INFO - Filtrati 3 file (es. in /dist, /test).
2025-11-12 09:47:30,636 - UnicodeAnalyzer - INFO - -> Analizzando versione 8.34.0 (3416/3696)...
2025-11-12 09:47:30,637 - UnicodeAnalyzer - INFO - Filtrati 3 file (es. in /dist, /test).
2025-11-12 09:47:30,637 - UnicodeAnalyzer - INFO - -> Analizzando versione 8.34.1 (3417/3696)...
2025-11-12 09:47:30,637 - UnicodeAnalyzer - INFO - Filtrati 3 file (es. in /dist, /test).
2025-11-12 09:47:30,637 - UnicodeAnalyzer - INFO - -> Analizzando versione 8.34.1-alpha.0 (3418/3696)...
2025-11-12 09:47:30,637 - UnicodeAnalyzer - INFO - Filtrati 3 file (es. in /dist, /test).
2025-11-12 09:47:30,637 - UnicodeAnalyzer - INFO - -> Analizzando versione 8.34.1-alpha.1 (3419/3696)...
2025-11-12 09:47:30,637 - UnicodeAnalyzer - INFO - Filtrati 3 file (es. in /dist, /test).
2025-11-12 09:47:30,637 - UnicodeAnalyzer - INFO - -> Analizzando versione 8.34.1-alpha.2 (3420/3696)...
2025-11-12 09:47:30,638 - UnicodeAnalyzer - INFO - Filtrati 3 file (es. in /dist, /test).
2025-11-12 09:47:30,638 - UnicodeAnalyzer - INFO - -> Analizzando versione 8.34.1-alpha.3 (3421/3696)...
2025-11-12 09:47:30,638 - UnicodeAnalyzer - INFO - Filtrati 3 file (es. in /dist, /test).
2025-11-12 09:47:30,638 - UnicodeAnalyzer - INFO - -> Analizzando versione 8.34.1-alpha.4 (3422/3696)...
2025-11-12 09:47:30,638 - UnicodeAnalyzer - INFO - Filtrati 3 file (es. in /dist, /test).
2025-11-12 09:47:30,638 - UnicodeAnalyzer - INFO - -> Analizzando versione 8.34.1-alpha.5 (3423/3696)...
2025-11-12 09:47:30,638 - UnicodeAnalyzer - INFO - Filtrati 3 file (es. in /dist, /test).
2025-11-12 09:47:30,638 - UnicodeAnalyzer - INFO - -> Analizzando versione 8.34.1-alpha.6 (3424/3696)...
2025-11-12 09:47:30,639 - UnicodeAnalyzer - INFO - Filtrati 3 file (es. in /dist, /test).
2025-11-12 09:47:30,639 - UnicodeAnalyzer - INFO - -> Analizzando versione 8.34.1-alpha.7 (3425/3696)...
2025-11-12 09:47:30,639 - UnicodeAnalyzer - INFO - Filtrati 3 file (es. in /dist, /test).
2025-11-12 09:47:30,639 - UnicodeAnalyzer - INFO - -> Analizzando versione 8.34.1-alpha.8 (3426/3696)...
2025-11-12 09:47:30,639 - UnicodeAnalyzer - INFO - Filtrati 3 file (es. in /dist, /test).
2025-11-12 09:47:30,639 - UnicodeAnalyzer - INFO - -> Analizzando versione 8.34.2-alpha.0 (3427/3696)...
2025-11-12 09:47:30,640 - UnicodeAnalyzer - INFO - Filtrati 3 file (es. in /dist, /test).
2025-11-12 09:47:30,640 - UnicodeAnalyzer - INFO - -> Analizzando versione 8.34.2-alpha.1 (3428/3696)...
2025-11-12 09:47:30,640 - UnicodeAnalyzer - INFO - Filtrati 3 file (es. in /dist, /test).
2025-11-12 09:47:30,640 - UnicodeAnalyzer - INFO - -> Analizzando versione 8.34.2-alpha.2 (3429/3696)...
2025-11-12 09:47:30,640 - UnicodeAnalyzer - INFO - Filtrati 3 file (es. in /dist, /test).
2025-11-12 09:47:30,640 - UnicodeAnalyzer - INFO - -> Analizzando versione 8.34.2-alpha.3 (3430/3696)...
2025-11-12 09:47:30,640 - UnicodeAnalyzer - INFO - Filtrati 3 file (es. in /dist, /test).
2025-11-12 09:47:30,641 - UnicodeAnalyzer - INFO - -> Analizzando versione 8.35.0 (3431/3696)...
2025-11-12 09:47:30,641 - UnicodeAnalyzer - INFO - Filtrati 3 file (es. in /dist, /test).
2025-11-12 09:47:30,641 - UnicodeAnalyzer - INFO - -> Analizzando versione 8.35.1 (3432/3696)...
2025-11-12 09:47:30,641 - UnicodeAnalyzer - INFO - Filtrati 3 file (es. in /dist, /test).
2025-11-12 09:47:30,641 - UnicodeAnalyzer - INFO - -> Analizzando versione 8.35.1-alpha.0 (3433/3696)...
2025-11-12 09:47:30,641 - UnicodeAnalyzer - INFO - Filtrati 3 file (es. in /dist, /test).
2025-11-12 09:47:30,641 - UnicodeAnalyzer - INFO - -> Analizzando versione 8.35.1-alpha.1 (3434/3696)...
2025-11-12 09:47:30,642 - UnicodeAnalyzer - INFO - Filtrati 3 file (es. in /dist, /test).
2025-11-12 09:47:30,642 - UnicodeAnalyzer - INFO - -> Analizzando versione 8.35.1-alpha.2 (3435/3696)...
2025-11-12 09:47:30,642 - UnicodeAnalyzer - INFO - Filtrati 3 file (es. in /dist, /test).
2025-11-12 09:47:30,642 - UnicodeAnalyzer - INFO - -> Analizzando versione 8.35.1-alpha.3 (3436/3696)...
2025-11-12 09:47:30,642 - UnicodeAnalyzer - INFO - Filtrati 3 file (es. in /dist, /test).
2025-11-12 09:47:30,642 - UnicodeAnalyzer - INFO - -> Analizzando versione 8.35.1-alpha.4 (3437/3696)...
2025-11-12 09:47:30,642 - UnicodeAnalyzer - INFO - Filtrati 3 file (es. in /dist, /test).
2025-11-12 09:47:30,642 - UnicodeAnalyzer - INFO - -> Analizzando versione 8.35.1-alpha.5 (3438/3696)...
2025-11-12 09:47:30,643 - UnicodeAnalyzer - INFO - Filtrati 3 file (es. in /dist, /test).
2025-11-12 09:47:30,643 - UnicodeAnalyzer - INFO - -> Analizzando versione 8.35.1-alpha.6 (3439/3696)...
2025-11-12 09:47:30,643 - UnicodeAnalyzer - INFO - Filtrati 3 file (es. in /dist, /test).
2025-11-12 09:47:30,643 - UnicodeAnalyzer - INFO - -> Analizzando versione 8.35.2-alpha.0 (3440/3696)...
2025-11-12 09:47:30,643 - UnicodeAnalyzer - INFO - Filtrati 3 file (es. in /dist, /test).
2025-11-12 09:47:30,643 - UnicodeAnalyzer - INFO - -> Analizzando versione 8.35.2-alpha.1 (3441/3696)...
2025-11-12 09:47:30,644 - UnicodeAnalyzer - INFO - Filtrati 3 file (es. in /dist, /test).
2025-11-12 09:47:30,644 - UnicodeAnalyzer - INFO - -> Analizzando versione 8.35.2-alpha.10 (3442/3696)...
2025-11-12 09:47:30,644 - UnicodeAnalyzer - INFO - Filtrati 3 file (es. in /dist, /test).
2025-11-12 09:47:30,644 - UnicodeAnalyzer - INFO - -> Analizzando versione 8.35.2-alpha.11 (3443/3696)...
2025-11-12 09:47:30,644 - UnicodeAnalyzer - INFO - Filtrati 3 file (es. in /dist, /test).
2025-11-12 09:47:30,644 - UnicodeAnalyzer - INFO - -> Analizzando versione 8.35.2-alpha.2 (3444/3696)...
2025-11-12 09:47:30,644 - UnicodeAnalyzer - INFO - Filtrati 3 file (es. in /dist, /test).
2025-11-12 09:47:30,644 - UnicodeAnalyzer - INFO - -> Analizzando versione 8.35.2-alpha.3 (3445/3696)...
2025-11-12 09:47:30,645 - UnicodeAnalyzer - INFO - Filtrati 3 file (es. in /dist, /test).
2025-11-12 09:47:30,645 - UnicodeAnalyzer - INFO - -> Analizzando versione 8.35.2-alpha.4 (3446/3696)...
2025-11-12 09:47:30,645 - UnicodeAnalyzer - INFO - Filtrati 3 file (es. in /dist, /test).
2025-11-12 09:47:30,645 - UnicodeAnalyzer - INFO - -> Analizzando versione 8.35.2-alpha.5 (3447/3696)...
2025-11-12 09:47:30,645 - UnicodeAnalyzer - INFO - Filtrati 3 file (es. in /dist, /test).
2025-11-12 09:47:30,645 - UnicodeAnalyzer - INFO - -> Analizzando versione 8.35.2-alpha.6 (3448/3696)...
2025-11-12 09:47:30,645 - UnicodeAnalyzer - INFO - Filtrati 3 file (es. in /dist, /test).
2025-11-12 09:47:30,646 - UnicodeAnalyzer - INFO - -> Analizzando versione 8.35.2-alpha.7 (3449/3696)...
2025-11-12 09:47:30,646 - UnicodeAnalyzer - INFO - Filtrati 3 file (es. in /dist, /test).
2025-11-12 09:47:30,646 - UnicodeAnalyzer - INFO - -> Analizzando versione 8.35.2-alpha.8 (3450/3696)...
2025-11-12 09:47:30,646 - UnicodeAnalyzer - INFO - Filtrati 3 file (es. in /dist, /test).
2025-11-12 09:47:30,646 - UnicodeAnalyzer - INFO - -> Analizzando versione 8.35.2-alpha.9 (3451/3696)...
2025-11-12 09:47:30,646 - UnicodeAnalyzer - INFO - Filtrati 3 file (es. in /dist, /test).
2025-11-12 09:47:30,646 - UnicodeAnalyzer - INFO - -> Analizzando versione 8.36.0 (3452/3696)...
2025-11-12 09:47:30,647 - UnicodeAnalyzer - INFO - Filtrati 3 file (es. in /dist, /test).
2025-11-12 09:47:30,647 - UnicodeAnalyzer - INFO - -> Analizzando versione 8.36.1-alpha.0 (3453/3696)...
2025-11-12 09:47:30,647 - UnicodeAnalyzer - INFO - Filtrati 3 file (es. in /dist, /test).
2025-11-12 09:47:30,647 - UnicodeAnalyzer - INFO - -> Analizzando versione 8.36.1-alpha.1 (3454/3696)...
2025-11-12 09:47:30,647 - UnicodeAnalyzer - INFO - Filtrati 3 file (es. in /dist, /test).
2025-11-12 09:47:30,647 - UnicodeAnalyzer - INFO - -> Analizzando versione 8.36.1-alpha.2 (3455/3696)...
2025-11-12 09:47:30,647 - UnicodeAnalyzer - INFO - Filtrati 3 file (es. in /dist, /test).
2025-11-12 09:47:30,647 - UnicodeAnalyzer - INFO - -> Analizzando versione 8.36.1-alpha.3 (3456/3696)...
2025-11-12 09:47:30,648 - UnicodeAnalyzer - INFO - Filtrati 3 file (es. in /dist, /test).
2025-11-12 09:47:30,648 - UnicodeAnalyzer - INFO - -> Analizzando versione 8.36.1-alpha.4 (3457/3696)...
2025-11-12 09:47:30,648 - UnicodeAnalyzer - INFO - Filtrati 3 file (es. in /dist, /test).
2025-11-12 09:47:30,648 - UnicodeAnalyzer - INFO - -> Analizzando versione 8.37.0 (3458/3696)...
2025-11-12 09:47:30,648 - UnicodeAnalyzer - INFO - Filtrati 3 file (es. in /dist, /test).
2025-11-12 09:47:30,648 - UnicodeAnalyzer - INFO - -> Analizzando versione 8.37.1-alpha.0 (3459/3696)...
2025-11-12 09:47:30,649 - UnicodeAnalyzer - INFO - Filtrati 3 file (es. in /dist, /test).
2025-11-12 09:47:30,649 - UnicodeAnalyzer - INFO - -> Analizzando versione 8.37.1-alpha.1 (3460/3696)...
2025-11-12 09:47:30,649 - UnicodeAnalyzer - INFO - Filtrati 3 file (es. in /dist, /test).
2025-11-12 09:47:30,649 - UnicodeAnalyzer - INFO - -> Analizzando versione 8.37.1-alpha.2 (3461/3696)...
2025-11-12 09:47:30,649 - UnicodeAnalyzer - INFO - Filtrati 3 file (es. in /dist, /test).
2025-11-12 09:47:30,649 - UnicodeAnalyzer - INFO - -> Analizzando versione 8.37.1-alpha.3 (3462/3696)...
2025-11-12 09:47:30,649 - UnicodeAnalyzer - INFO - Filtrati 3 file (es. in /dist, /test).
2025-11-12 09:47:30,649 - UnicodeAnalyzer - INFO - -> Analizzando versione 8.37.1-alpha.4 (3463/3696)...
2025-11-12 09:47:30,650 - UnicodeAnalyzer - INFO - Filtrati 3 file (es. in /dist, /test).
2025-11-12 09:47:30,650 - UnicodeAnalyzer - INFO - -> Analizzando versione 8.37.1-alpha.5 (3464/3696)...
2025-11-12 09:47:30,650 - UnicodeAnalyzer - INFO - Filtrati 3 file (es. in /dist, /test).
2025-11-12 09:47:30,650 - UnicodeAnalyzer - INFO - -> Analizzando versione 8.37.1-alpha.6 (3465/3696)...
2025-11-12 09:47:30,650 - UnicodeAnalyzer - INFO - Filtrati 3 file (es. in /dist, /test).
2025-11-12 09:47:30,650 - UnicodeAnalyzer - INFO - -> Analizzando versione 8.38.0 (3466/3696)...
2025-11-12 09:47:30,650 - UnicodeAnalyzer - INFO - Filtrati 3 file (es. in /dist, /test).
2025-11-12 09:47:30,651 - UnicodeAnalyzer - INFO - -> Analizzando versione 8.38.1-alpha.0 (3467/3696)...
2025-11-12 09:47:30,651 - UnicodeAnalyzer - INFO - Filtrati 3 file (es. in /dist, /test).
2025-11-12 09:47:30,651 - UnicodeAnalyzer - INFO - -> Analizzando versione 8.38.1-alpha.1 (3468/3696)...
2025-11-12 09:47:30,651 - UnicodeAnalyzer - INFO - Filtrati 3 file (es. in /dist, /test).
2025-11-12 09:47:30,651 - UnicodeAnalyzer - INFO - -> Analizzando versione 8.38.1-alpha.2 (3469/3696)...
2025-11-12 09:47:30,651 - UnicodeAnalyzer - INFO - Filtrati 3 file (es. in /dist, /test).
2025-11-12 09:47:30,651 - UnicodeAnalyzer - INFO - -> Analizzando versione 8.38.1-alpha.3 (3470/3696)...
2025-11-12 09:47:30,652 - UnicodeAnalyzer - INFO - Filtrati 3 file (es. in /dist, /test).
2025-11-12 09:47:30,652 - UnicodeAnalyzer - INFO - -> Analizzando versione 8.38.1-alpha.4 (3471/3696)...
2025-11-12 09:47:30,652 - UnicodeAnalyzer - INFO - Filtrati 3 file (es. in /dist, /test).
2025-11-12 09:47:30,652 - UnicodeAnalyzer - INFO - -> Analizzando versione 8.38.1-alpha.5 (3472/3696)...
2025-11-12 09:47:30,652 - UnicodeAnalyzer - INFO - Filtrati 3 file (es. in /dist, /test).
2025-11-12 09:47:30,652 - UnicodeAnalyzer - INFO - -> Analizzando versione 8.38.1-alpha.6 (3473/3696)...
2025-11-12 09:47:30,652 - UnicodeAnalyzer - INFO - Filtrati 3 file (es. in /dist, /test).
2025-11-12 09:47:30,652 - UnicodeAnalyzer - INFO - -> Analizzando versione 8.38.1-alpha.7 (3474/3696)...
2025-11-12 09:47:30,653 - UnicodeAnalyzer - INFO - Filtrati 3 file (es. in /dist, /test).
2025-11-12 09:47:30,653 - UnicodeAnalyzer - INFO - -> Analizzando versione 8.38.1-alpha.8 (3475/3696)...
2025-11-12 09:47:30,653 - UnicodeAnalyzer - INFO - Filtrati 3 file (es. in /dist, /test).
2025-11-12 09:47:30,653 - UnicodeAnalyzer - INFO - -> Analizzando versione 8.39.0 (3476/3696)...
2025-11-12 09:47:30,653 - UnicodeAnalyzer - INFO - Filtrati 3 file (es. in /dist, /test).
2025-11-12 09:47:30,653 - UnicodeAnalyzer - INFO - -> Analizzando versione 8.39.1 (3477/3696)...
2025-11-12 09:47:30,654 - UnicodeAnalyzer - INFO - Filtrati 3 file (es. in /dist, /test).
2025-11-12 09:47:30,654 - UnicodeAnalyzer - INFO - -> Analizzando versione 8.39.1-alpha.0 (3478/3696)...
2025-11-12 09:47:30,654 - UnicodeAnalyzer - INFO - Filtrati 3 file (es. in /dist, /test).
2025-11-12 09:47:30,654 - UnicodeAnalyzer - INFO - -> Analizzando versione 8.39.1-alpha.1 (3479/3696)...
2025-11-12 09:47:30,654 - UnicodeAnalyzer - INFO - Filtrati 3 file (es. in /dist, /test).
2025-11-12 09:47:30,654 - UnicodeAnalyzer - INFO - -> Analizzando versione 8.39.1-alpha.2 (3480/3696)...
2025-11-12 09:47:30,654 - UnicodeAnalyzer - INFO - Filtrati 3 file (es. in /dist, /test).
2025-11-12 09:47:30,654 - UnicodeAnalyzer - INFO - -> Analizzando versione 8.39.1-alpha.3 (3481/3696)...
2025-11-12 09:47:30,655 - UnicodeAnalyzer - INFO - Filtrati 3 file (es. in /dist, /test).
2025-11-12 09:47:30,655 - UnicodeAnalyzer - INFO - -> Analizzando versione 8.39.1-alpha.4 (3482/3696)...
2025-11-12 09:47:30,655 - UnicodeAnalyzer - INFO - Filtrati 3 file (es. in /dist, /test).
2025-11-12 09:47:30,655 - UnicodeAnalyzer - INFO - -> Analizzando versione 8.39.2-alpha.0 (3483/3696)...
2025-11-12 09:47:30,655 - UnicodeAnalyzer - INFO - Filtrati 3 file (es. in /dist, /test).
2025-11-12 09:47:30,655 - UnicodeAnalyzer - INFO - -> Analizzando versione 8.39.2-alpha.1 (3484/3696)...
2025-11-12 09:47:30,655 - UnicodeAnalyzer - INFO - Filtrati 3 file (es. in /dist, /test).
2025-11-12 09:47:30,656 - UnicodeAnalyzer - INFO - -> Analizzando versione 8.4.0 (3485/3696)...
2025-11-12 09:47:30,656 - UnicodeAnalyzer - INFO - Filtrati 3 file (es. in /dist, /test).
2025-11-12 09:47:30,656 - UnicodeAnalyzer - INFO - -> Analizzando versione 8.4.1-alpha.0 (3486/3696)...
2025-11-12 09:47:30,656 - UnicodeAnalyzer - INFO - Filtrati 3 file (es. in /dist, /test).
2025-11-12 09:47:30,656 - UnicodeAnalyzer - INFO - -> Analizzando versione 8.4.1-alpha.1 (3487/3696)...
2025-11-12 09:47:30,656 - UnicodeAnalyzer - INFO - Filtrati 3 file (es. in /dist, /test).
2025-11-12 09:47:30,656 - UnicodeAnalyzer - INFO - -> Analizzando versione 8.4.1-alpha.10 (3488/3696)...
2025-11-12 09:47:30,657 - UnicodeAnalyzer - INFO - Filtrati 3 file (es. in /dist, /test).
2025-11-12 09:47:30,657 - UnicodeAnalyzer - INFO - -> Analizzando versione 8.4.1-alpha.11 (3489/3696)...
2025-11-12 09:47:30,657 - UnicodeAnalyzer - INFO - Filtrati 3 file (es. in /dist, /test).
2025-11-12 09:47:30,657 - UnicodeAnalyzer - INFO - -> Analizzando versione 8.4.1-alpha.12 (3490/3696)...
2025-11-12 09:47:30,657 - UnicodeAnalyzer - INFO - Filtrati 3 file (es. in /dist, /test).
2025-11-12 09:47:30,657 - UnicodeAnalyzer - INFO - -> Analizzando versione 8.4.1-alpha.13 (3491/3696)...
2025-11-12 09:47:30,657 - UnicodeAnalyzer - INFO - Filtrati 3 file (es. in /dist, /test).
2025-11-12 09:47:30,657 - UnicodeAnalyzer - INFO - -> Analizzando versione 8.4.1-alpha.14 (3492/3696)...
2025-11-12 09:47:30,658 - UnicodeAnalyzer - INFO - Filtrati 3 file (es. in /dist, /test).
2025-11-12 09:47:30,658 - UnicodeAnalyzer - INFO - -> Analizzando versione 8.4.1-alpha.15 (3493/3696)...
2025-11-12 09:47:30,658 - UnicodeAnalyzer - INFO - Filtrati 3 file (es. in /dist, /test).
2025-11-12 09:47:30,658 - UnicodeAnalyzer - INFO - -> Analizzando versione 8.4.1-alpha.2 (3494/3696)...
2025-11-12 09:47:30,658 - UnicodeAnalyzer - INFO - Filtrati 3 file (es. in /dist, /test).
2025-11-12 09:47:30,658 - UnicodeAnalyzer - INFO - -> Analizzando versione 8.4.1-alpha.3 (3495/3696)...
2025-11-12 09:47:30,659 - UnicodeAnalyzer - INFO - Filtrati 3 file (es. in /dist, /test).
2025-11-12 09:47:30,659 - UnicodeAnalyzer - INFO - -> Analizzando versione 8.4.1-alpha.4 (3496/3696)...
2025-11-12 09:47:30,659 - UnicodeAnalyzer - INFO - Filtrati 3 file (es. in /dist, /test).
2025-11-12 09:47:30,659 - UnicodeAnalyzer - INFO - -> Analizzando versione 8.4.1-alpha.5 (3497/3696)...
2025-11-12 09:47:30,659 - UnicodeAnalyzer - INFO - Filtrati 3 file (es. in /dist, /test).
2025-11-12 09:47:30,659 - UnicodeAnalyzer - INFO - -> Analizzando versione 8.4.1-alpha.6 (3498/3696)...
2025-11-12 09:47:30,659 - UnicodeAnalyzer - INFO - Filtrati 3 file (es. in /dist, /test).
2025-11-12 09:47:30,659 - UnicodeAnalyzer - INFO - -> Analizzando versione 8.4.1-alpha.7 (3499/3696)...
2025-11-12 09:47:30,660 - UnicodeAnalyzer - INFO - Filtrati 3 file (es. in /dist, /test).
2025-11-12 09:47:30,660 - UnicodeAnalyzer - INFO - -> Analizzando versione 8.4.1-alpha.8 (3500/3696)...
2025-11-12 09:47:30,660 - UnicodeAnalyzer - INFO - Filtrati 3 file (es. in /dist, /test).
2025-11-12 09:47:30,660 - UnicodeAnalyzer - INFO - -> Analizzando versione 8.4.1-alpha.9 (3501/3696)...
2025-11-12 09:47:30,660 - UnicodeAnalyzer - INFO - Filtrati 3 file (es. in /dist, /test).
2025-11-12 09:47:30,660 - UnicodeAnalyzer - INFO - -> Analizzando versione 8.40.0 (3502/3696)...
2025-11-12 09:47:30,661 - UnicodeAnalyzer - INFO - Filtrati 3 file (es. in /dist, /test).
2025-11-12 09:47:30,661 - UnicodeAnalyzer - INFO - -> Analizzando versione 8.40.1-alpha.0 (3503/3696)...
2025-11-12 09:47:30,661 - UnicodeAnalyzer - INFO - Filtrati 3 file (es. in /dist, /test).
2025-11-12 09:47:30,661 - UnicodeAnalyzer - INFO - -> Analizzando versione 8.40.1-alpha.1 (3504/3696)...
2025-11-12 09:47:30,661 - UnicodeAnalyzer - INFO - Filtrati 3 file (es. in /dist, /test).
2025-11-12 09:47:30,661 - UnicodeAnalyzer - INFO - -> Analizzando versione 8.40.1-alpha.10 (3505/3696)...
2025-11-12 09:47:30,661 - UnicodeAnalyzer - INFO - Filtrati 3 file (es. in /dist, /test).
2025-11-12 09:47:30,661 - UnicodeAnalyzer - INFO - -> Analizzando versione 8.40.1-alpha.11 (3506/3696)...
2025-11-12 09:47:30,662 - UnicodeAnalyzer - INFO - Filtrati 3 file (es. in /dist, /test).
2025-11-12 09:47:30,662 - UnicodeAnalyzer - INFO - -> Analizzando versione 8.40.1-alpha.12 (3507/3696)...
2025-11-12 09:47:30,662 - UnicodeAnalyzer - INFO - Filtrati 3 file (es. in /dist, /test).
2025-11-12 09:47:30,662 - UnicodeAnalyzer - INFO - -> Analizzando versione 8.40.1-alpha.13 (3508/3696)...
2025-11-12 09:47:30,662 - UnicodeAnalyzer - INFO - Filtrati 3 file (es. in /dist, /test).
2025-11-12 09:47:30,662 - UnicodeAnalyzer - INFO - -> Analizzando versione 8.40.1-alpha.14 (3509/3696)...
2025-11-12 09:47:30,662 - UnicodeAnalyzer - INFO - Filtrati 3 file (es. in /dist, /test).
2025-11-12 09:47:30,663 - UnicodeAnalyzer - INFO - -> Analizzando versione 8.40.1-alpha.15 (3510/3696)...
2025-11-12 09:47:30,663 - UnicodeAnalyzer - INFO - Filtrati 3 file (es. in /dist, /test).
2025-11-12 09:47:30,663 - UnicodeAnalyzer - INFO - -> Analizzando versione 8.40.1-alpha.16 (3511/3696)...
2025-11-12 09:47:30,663 - UnicodeAnalyzer - INFO - Filtrati 3 file (es. in /dist, /test).
2025-11-12 09:47:30,663 - UnicodeAnalyzer - INFO - -> Analizzando versione 8.40.1-alpha.17 (3512/3696)...
2025-11-12 09:47:30,663 - UnicodeAnalyzer - INFO - Filtrati 3 file (es. in /dist, /test).
2025-11-12 09:47:30,663 - UnicodeAnalyzer - INFO - -> Analizzando versione 8.40.1-alpha.2 (3513/3696)...
2025-11-12 09:47:30,664 - UnicodeAnalyzer - INFO - Filtrati 3 file (es. in /dist, /test).
2025-11-12 09:47:30,664 - UnicodeAnalyzer - INFO - -> Analizzando versione 8.40.1-alpha.3 (3514/3696)...
2025-11-12 09:47:30,664 - UnicodeAnalyzer - INFO - Filtrati 3 file (es. in /dist, /test).
2025-11-12 09:47:30,664 - UnicodeAnalyzer - INFO - -> Analizzando versione 8.40.1-alpha.4 (3515/3696)...
2025-11-12 09:47:30,664 - UnicodeAnalyzer - INFO - Filtrati 3 file (es. in /dist, /test).
2025-11-12 09:47:30,664 - UnicodeAnalyzer - INFO - -> Analizzando versione 8.40.1-alpha.5 (3516/3696)...
2025-11-12 09:47:30,664 - UnicodeAnalyzer - INFO - Filtrati 3 file (es. in /dist, /test).
2025-11-12 09:47:30,665 - UnicodeAnalyzer - INFO - -> Analizzando versione 8.40.1-alpha.6 (3517/3696)...
2025-11-12 09:47:30,665 - UnicodeAnalyzer - INFO - Filtrati 3 file (es. in /dist, /test).
2025-11-12 09:47:30,665 - UnicodeAnalyzer - INFO - -> Analizzando versione 8.40.1-alpha.7 (3518/3696)...
2025-11-12 09:47:30,665 - UnicodeAnalyzer - INFO - Filtrati 3 file (es. in /dist, /test).
2025-11-12 09:47:30,665 - UnicodeAnalyzer - INFO - -> Analizzando versione 8.40.1-alpha.8 (3519/3696)...
2025-11-12 09:47:30,665 - UnicodeAnalyzer - INFO - Filtrati 3 file (es. in /dist, /test).
2025-11-12 09:47:30,665 - UnicodeAnalyzer - INFO - -> Analizzando versione 8.40.1-alpha.9 (3520/3696)...
2025-11-12 09:47:30,666 - UnicodeAnalyzer - INFO - Filtrati 3 file (es. in /dist, /test).
2025-11-12 09:47:30,666 - UnicodeAnalyzer - INFO - -> Analizzando versione 8.41.0 (3521/3696)...
2025-11-12 09:47:30,666 - UnicodeAnalyzer - INFO - Filtrati 3 file (es. in /dist, /test).
2025-11-12 09:47:30,666 - UnicodeAnalyzer - INFO - -> Analizzando versione 8.41.1-alpha.0 (3522/3696)...
2025-11-12 09:47:30,666 - UnicodeAnalyzer - INFO - Filtrati 3 file (es. in /dist, /test).
2025-11-12 09:47:30,666 - UnicodeAnalyzer - INFO - -> Analizzando versione 8.41.1-alpha.1 (3523/3696)...
2025-11-12 09:47:30,666 - UnicodeAnalyzer - INFO - Filtrati 3 file (es. in /dist, /test).
2025-11-12 09:47:30,666 - UnicodeAnalyzer - INFO - -> Analizzando versione 8.41.1-alpha.10 (3524/3696)...
2025-11-12 09:47:30,667 - UnicodeAnalyzer - INFO - Filtrati 3 file (es. in /dist, /test).
2025-11-12 09:47:30,667 - UnicodeAnalyzer - INFO - -> Analizzando versione 8.41.1-alpha.11 (3525/3696)...
2025-11-12 09:47:30,667 - UnicodeAnalyzer - INFO - Filtrati 3 file (es. in /dist, /test).
2025-11-12 09:47:30,667 - UnicodeAnalyzer - INFO - -> Analizzando versione 8.41.1-alpha.12 (3526/3696)...
2025-11-12 09:47:30,667 - UnicodeAnalyzer - INFO - Filtrati 3 file (es. in /dist, /test).
2025-11-12 09:47:30,667 - UnicodeAnalyzer - INFO - -> Analizzando versione 8.41.1-alpha.13 (3527/3696)...
2025-11-12 09:47:30,668 - UnicodeAnalyzer - INFO - Filtrati 3 file (es. in /dist, /test).
2025-11-12 09:47:30,668 - UnicodeAnalyzer - INFO - -> Analizzando versione 8.41.1-alpha.14 (3528/3696)...
2025-11-12 09:47:30,668 - UnicodeAnalyzer - INFO - Filtrati 3 file (es. in /dist, /test).
2025-11-12 09:47:30,668 - UnicodeAnalyzer - INFO - -> Analizzando versione 8.41.1-alpha.15 (3529/3696)...
2025-11-12 09:47:30,668 - UnicodeAnalyzer - INFO - Filtrati 3 file (es. in /dist, /test).
2025-11-12 09:47:30,668 - UnicodeAnalyzer - INFO - -> Analizzando versione 8.41.1-alpha.16 (3530/3696)...
2025-11-12 09:47:30,668 - UnicodeAnalyzer - INFO - Filtrati 3 file (es. in /dist, /test).
2025-11-12 09:47:30,668 - UnicodeAnalyzer - INFO - -> Analizzando versione 8.41.1-alpha.2 (3531/3696)...
2025-11-12 09:47:30,669 - UnicodeAnalyzer - INFO - Filtrati 3 file (es. in /dist, /test).
2025-11-12 09:47:30,669 - UnicodeAnalyzer - INFO - -> Analizzando versione 8.41.1-alpha.3 (3532/3696)...
2025-11-12 09:47:30,669 - UnicodeAnalyzer - INFO - Filtrati 3 file (es. in /dist, /test).
2025-11-12 09:47:30,669 - UnicodeAnalyzer - INFO - -> Analizzando versione 8.41.1-alpha.4 (3533/3696)...
2025-11-12 09:47:30,669 - UnicodeAnalyzer - INFO - Filtrati 3 file (es. in /dist, /test).
2025-11-12 09:47:30,669 - UnicodeAnalyzer - INFO - -> Analizzando versione 8.41.1-alpha.5 (3534/3696)...
2025-11-12 09:47:30,669 - UnicodeAnalyzer - INFO - Filtrati 3 file (es. in /dist, /test).
2025-11-12 09:47:30,670 - UnicodeAnalyzer - INFO - -> Analizzando versione 8.41.1-alpha.6 (3535/3696)...
2025-11-12 09:47:30,670 - UnicodeAnalyzer - INFO - Filtrati 3 file (es. in /dist, /test).
2025-11-12 09:47:30,670 - UnicodeAnalyzer - INFO - -> Analizzando versione 8.41.1-alpha.7 (3536/3696)...
2025-11-12 09:47:30,670 - UnicodeAnalyzer - INFO - Filtrati 3 file (es. in /dist, /test).
2025-11-12 09:47:30,670 - UnicodeAnalyzer - INFO - -> Analizzando versione 8.41.1-alpha.8 (3537/3696)...
2025-11-12 09:47:30,670 - UnicodeAnalyzer - INFO - Filtrati 3 file (es. in /dist, /test).
2025-11-12 09:47:30,670 - UnicodeAnalyzer - INFO - -> Analizzando versione 8.41.1-alpha.9 (3538/3696)...
2025-11-12 09:47:30,671 - UnicodeAnalyzer - INFO - Filtrati 3 file (es. in /dist, /test).
2025-11-12 09:47:30,671 - UnicodeAnalyzer - INFO - -> Analizzando versione 8.42.0 (3539/3696)...
2025-11-12 09:47:30,671 - UnicodeAnalyzer - INFO - Filtrati 3 file (es. in /dist, /test).
2025-11-12 09:47:30,671 - UnicodeAnalyzer - INFO - -> Analizzando versione 8.42.1-alpha.0 (3540/3696)...
2025-11-12 09:47:30,671 - UnicodeAnalyzer - INFO - Filtrati 3 file (es. in /dist, /test).
2025-11-12 09:47:30,671 - UnicodeAnalyzer - INFO - -> Analizzando versione 8.42.1-alpha.1 (3541/3696)...
2025-11-12 09:47:30,671 - UnicodeAnalyzer - INFO - Filtrati 3 file (es. in /dist, /test).
2025-11-12 09:47:30,671 - UnicodeAnalyzer - INFO - -> Analizzando versione 8.42.1-alpha.10 (3542/3696)...
2025-11-12 09:47:30,672 - UnicodeAnalyzer - INFO - Filtrati 3 file (es. in /dist, /test).
2025-11-12 09:47:30,672 - UnicodeAnalyzer - INFO - -> Analizzando versione 8.42.1-alpha.11 (3543/3696)...
2025-11-12 09:47:30,672 - UnicodeAnalyzer - INFO - Filtrati 3 file (es. in /dist, /test).
2025-11-12 09:47:30,672 - UnicodeAnalyzer - INFO - -> Analizzando versione 8.42.1-alpha.12 (3544/3696)...
2025-11-12 09:47:30,672 - UnicodeAnalyzer - INFO - Filtrati 3 file (es. in /dist, /test).
2025-11-12 09:47:30,672 - UnicodeAnalyzer - INFO - -> Analizzando versione 8.42.1-alpha.13 (3545/3696)...
2025-11-12 09:47:30,673 - UnicodeAnalyzer - INFO - Filtrati 3 file (es. in /dist, /test).
2025-11-12 09:47:30,673 - UnicodeAnalyzer - INFO - -> Analizzando versione 8.42.1-alpha.14 (3546/3696)...
2025-11-12 09:47:30,673 - UnicodeAnalyzer - INFO - Filtrati 3 file (es. in /dist, /test).
2025-11-12 09:47:30,673 - UnicodeAnalyzer - INFO - -> Analizzando versione 8.42.1-alpha.2 (3547/3696)...
2025-11-12 09:47:30,673 - UnicodeAnalyzer - INFO - Filtrati 3 file (es. in /dist, /test).
2025-11-12 09:47:30,673 - UnicodeAnalyzer - INFO - -> Analizzando versione 8.42.1-alpha.3 (3548/3696)...
2025-11-12 09:47:30,673 - UnicodeAnalyzer - INFO - Filtrati 3 file (es. in /dist, /test).
2025-11-12 09:47:30,673 - UnicodeAnalyzer - INFO - -> Analizzando versione 8.42.1-alpha.4 (3549/3696)...
2025-11-12 09:47:30,674 - UnicodeAnalyzer - INFO - Filtrati 3 file (es. in /dist, /test).
2025-11-12 09:47:30,674 - UnicodeAnalyzer - INFO - -> Analizzando versione 8.42.1-alpha.5 (3550/3696)...
2025-11-12 09:47:30,674 - UnicodeAnalyzer - INFO - Filtrati 3 file (es. in /dist, /test).
2025-11-12 09:47:30,674 - UnicodeAnalyzer - INFO - -> Analizzando versione 8.42.1-alpha.6 (3551/3696)...
2025-11-12 09:47:30,674 - UnicodeAnalyzer - INFO - Filtrati 3 file (es. in /dist, /test).
2025-11-12 09:47:30,674 - UnicodeAnalyzer - INFO - -> Analizzando versione 8.42.1-alpha.7 (3552/3696)...
2025-11-12 09:47:30,674 - UnicodeAnalyzer - INFO - Filtrati 3 file (es. in /dist, /test).
2025-11-12 09:47:30,675 - UnicodeAnalyzer - INFO - -> Analizzando versione 8.42.1-alpha.8 (3553/3696)...
2025-11-12 09:47:30,675 - UnicodeAnalyzer - INFO - Filtrati 3 file (es. in /dist, /test).
2025-11-12 09:47:30,675 - UnicodeAnalyzer - INFO - -> Analizzando versione 8.42.1-alpha.9 (3554/3696)...
2025-11-12 09:47:30,675 - UnicodeAnalyzer - INFO - Filtrati 3 file (es. in /dist, /test).
2025-11-12 09:47:30,675 - UnicodeAnalyzer - INFO - -> Analizzando versione 8.43.0 (3555/3696)...
2025-11-12 09:47:30,675 - UnicodeAnalyzer - INFO - Filtrati 3 file (es. in /dist, /test).
2025-11-12 09:47:30,675 - UnicodeAnalyzer - INFO - -> Analizzando versione 8.43.1-alpha.0 (3556/3696)...
2025-11-12 09:47:30,676 - UnicodeAnalyzer - INFO - Filtrati 3 file (es. in /dist, /test).
2025-11-12 09:47:30,676 - UnicodeAnalyzer - INFO - -> Analizzando versione 8.43.1-alpha.1 (3557/3696)...
2025-11-12 09:47:30,676 - UnicodeAnalyzer - INFO - Filtrati 3 file (es. in /dist, /test).
2025-11-12 09:47:30,676 - UnicodeAnalyzer - INFO - -> Analizzando versione 8.43.1-alpha.2 (3558/3696)...
2025-11-12 09:47:30,676 - UnicodeAnalyzer - INFO - Filtrati 3 file (es. in /dist, /test).
2025-11-12 09:47:30,676 - UnicodeAnalyzer - INFO - -> Analizzando versione 8.43.1-alpha.3 (3559/3696)...
2025-11-12 09:47:30,676 - UnicodeAnalyzer - INFO - Filtrati 3 file (es. in /dist, /test).
2025-11-12 09:47:30,677 - UnicodeAnalyzer - INFO - -> Analizzando versione 8.43.1-alpha.4 (3560/3696)...
2025-11-12 09:47:30,677 - UnicodeAnalyzer - INFO - Filtrati 3 file (es. in /dist, /test).
2025-11-12 09:47:30,677 - UnicodeAnalyzer - INFO - -> Analizzando versione 8.43.1-alpha.5 (3561/3696)...
2025-11-12 09:47:30,677 - UnicodeAnalyzer - INFO - Filtrati 3 file (es. in /dist, /test).
2025-11-12 09:47:30,677 - UnicodeAnalyzer - INFO - -> Analizzando versione 8.43.1-alpha.6 (3562/3696)...
2025-11-12 09:47:30,677 - UnicodeAnalyzer - INFO - Filtrati 3 file (es. in /dist, /test).
2025-11-12 09:47:30,677 - UnicodeAnalyzer - INFO - -> Analizzando versione 8.44.0 (3563/3696)...
2025-11-12 09:47:30,678 - UnicodeAnalyzer - INFO - Filtrati 3 file (es. in /dist, /test).
2025-11-12 09:47:30,678 - UnicodeAnalyzer - INFO - -> Analizzando versione 8.44.1 (3564/3696)...
2025-11-12 09:47:30,678 - UnicodeAnalyzer - INFO - Filtrati 3 file (es. in /dist, /test).
2025-11-12 09:47:30,678 - UnicodeAnalyzer - INFO - -> Analizzando versione 8.44.1-alpha.0 (3565/3696)...
2025-11-12 09:47:30,678 - UnicodeAnalyzer - INFO - Filtrati 3 file (es. in /dist, /test).
2025-11-12 09:47:30,678 - UnicodeAnalyzer - INFO - -> Analizzando versione 8.44.1-alpha.1 (3566/3696)...
2025-11-12 09:47:30,678 - UnicodeAnalyzer - INFO - Filtrati 3 file (es. in /dist, /test).
2025-11-12 09:47:30,678 - UnicodeAnalyzer - INFO - -> Analizzando versione 8.44.1-alpha.2 (3567/3696)...
2025-11-12 09:47:30,679 - UnicodeAnalyzer - INFO - Filtrati 3 file (es. in /dist, /test).
2025-11-12 09:47:30,679 - UnicodeAnalyzer - INFO - -> Analizzando versione 8.44.1-alpha.3 (3568/3696)...
2025-11-12 09:47:30,679 - UnicodeAnalyzer - INFO - Filtrati 3 file (es. in /dist, /test).
2025-11-12 09:47:30,679 - UnicodeAnalyzer - INFO - -> Analizzando versione 8.44.2-alpha.0 (3569/3696)...
2025-11-12 09:47:30,679 - UnicodeAnalyzer - INFO - Filtrati 3 file (es. in /dist, /test).
2025-11-12 09:47:30,679 - UnicodeAnalyzer - INFO - -> Analizzando versione 8.44.2-alpha.1 (3570/3696)...
2025-11-12 09:47:30,680 - UnicodeAnalyzer - INFO - Filtrati 3 file (es. in /dist, /test).
2025-11-12 09:47:30,680 - UnicodeAnalyzer - INFO - -> Analizzando versione 8.44.2-alpha.2 (3571/3696)...
2025-11-12 09:47:30,680 - UnicodeAnalyzer - INFO - Filtrati 3 file (es. in /dist, /test).
2025-11-12 09:47:30,680 - UnicodeAnalyzer - INFO - -> Analizzando versione 8.44.2-alpha.3 (3572/3696)...
2025-11-12 09:47:30,680 - UnicodeAnalyzer - INFO - Filtrati 3 file (es. in /dist, /test).
2025-11-12 09:47:30,680 - UnicodeAnalyzer - INFO - -> Analizzando versione 8.44.2-alpha.4 (3573/3696)...
2025-11-12 09:47:30,680 - UnicodeAnalyzer - INFO - Filtrati 3 file (es. in /dist, /test).
2025-11-12 09:47:30,680 - UnicodeAnalyzer - INFO - -> Analizzando versione 8.44.2-alpha.5 (3574/3696)...
2025-11-12 09:47:30,681 - UnicodeAnalyzer - INFO - Filtrati 3 file (es. in /dist, /test).
2025-11-12 09:47:30,681 - UnicodeAnalyzer - INFO - -> Analizzando versione 8.44.2-alpha.6 (3575/3696)...
2025-11-12 09:47:30,681 - UnicodeAnalyzer - INFO - Filtrati 3 file (es. in /dist, /test).
2025-11-12 09:47:30,681 - UnicodeAnalyzer - INFO - -> Analizzando versione 8.44.2-alpha.7 (3576/3696)...
2025-11-12 09:47:30,681 - UnicodeAnalyzer - INFO - Filtrati 3 file (es. in /dist, /test).
2025-11-12 09:47:30,681 - UnicodeAnalyzer - INFO - -> Analizzando versione 8.44.2-alpha.8 (3577/3696)...
2025-11-12 09:47:30,682 - UnicodeAnalyzer - INFO - Filtrati 3 file (es. in /dist, /test).
2025-11-12 09:47:30,682 - UnicodeAnalyzer - INFO - -> Analizzando versione 8.44.2-alpha.9 (3578/3696)...
2025-11-12 09:47:30,682 - UnicodeAnalyzer - INFO - Filtrati 3 file (es. in /dist, /test).
2025-11-12 09:47:30,682 - UnicodeAnalyzer - INFO - -> Analizzando versione 8.45.0 (3579/3696)...
2025-11-12 09:47:30,682 - UnicodeAnalyzer - INFO - Filtrati 3 file (es. in /dist, /test).
2025-11-12 09:47:30,682 - UnicodeAnalyzer - INFO - -> Analizzando versione 8.45.1-alpha.0 (3580/3696)...
2025-11-12 09:47:30,682 - UnicodeAnalyzer - INFO - Filtrati 3 file (es. in /dist, /test).
2025-11-12 09:47:30,682 - UnicodeAnalyzer - INFO - -> Analizzando versione 8.45.1-alpha.1 (3581/3696)...
2025-11-12 09:47:30,683 - UnicodeAnalyzer - INFO - Filtrati 3 file (es. in /dist, /test).
2025-11-12 09:47:30,683 - UnicodeAnalyzer - INFO - -> Analizzando versione 8.45.1-alpha.10 (3582/3696)...
2025-11-12 09:47:30,683 - UnicodeAnalyzer - INFO - Filtrati 3 file (es. in /dist, /test).
2025-11-12 09:47:30,683 - UnicodeAnalyzer - INFO - -> Analizzando versione 8.45.1-alpha.11 (3583/3696)...
2025-11-12 09:47:30,683 - UnicodeAnalyzer - INFO - Filtrati 3 file (es. in /dist, /test).
2025-11-12 09:47:30,683 - UnicodeAnalyzer - INFO - -> Analizzando versione 8.45.1-alpha.12 (3584/3696)...
2025-11-12 09:47:30,684 - UnicodeAnalyzer - INFO - Filtrati 3 file (es. in /dist, /test).
2025-11-12 09:47:30,684 - UnicodeAnalyzer - INFO - -> Analizzando versione 8.45.1-alpha.13 (3585/3696)...
2025-11-12 09:47:30,684 - UnicodeAnalyzer - INFO - Filtrati 3 file (es. in /dist, /test).
2025-11-12 09:47:30,684 - UnicodeAnalyzer - INFO - -> Analizzando versione 8.45.1-alpha.14 (3586/3696)...
2025-11-12 09:47:30,684 - UnicodeAnalyzer - INFO - Filtrati 3 file (es. in /dist, /test).
2025-11-12 09:47:30,684 - UnicodeAnalyzer - INFO - -> Analizzando versione 8.45.1-alpha.15 (3587/3696)...
2025-11-12 09:47:30,684 - UnicodeAnalyzer - INFO - Filtrati 3 file (es. in /dist, /test).
2025-11-12 09:47:30,684 - UnicodeAnalyzer - INFO - -> Analizzando versione 8.45.1-alpha.2 (3588/3696)...
2025-11-12 09:47:30,685 - UnicodeAnalyzer - INFO - Filtrati 3 file (es. in /dist, /test).
2025-11-12 09:47:30,685 - UnicodeAnalyzer - INFO - -> Analizzando versione 8.45.1-alpha.3 (3589/3696)...
2025-11-12 09:47:30,685 - UnicodeAnalyzer - INFO - Filtrati 3 file (es. in /dist, /test).
2025-11-12 09:47:30,685 - UnicodeAnalyzer - INFO - -> Analizzando versione 8.45.1-alpha.4 (3590/3696)...
2025-11-12 09:47:30,685 - UnicodeAnalyzer - INFO - Filtrati 3 file (es. in /dist, /test).
2025-11-12 09:47:30,685 - UnicodeAnalyzer - INFO - -> Analizzando versione 8.45.1-alpha.5 (3591/3696)...
2025-11-12 09:47:30,685 - UnicodeAnalyzer - INFO - Filtrati 3 file (es. in /dist, /test).
2025-11-12 09:47:30,686 - UnicodeAnalyzer - INFO - -> Analizzando versione 8.45.1-alpha.6 (3592/3696)...
2025-11-12 09:47:30,686 - UnicodeAnalyzer - INFO - Filtrati 3 file (es. in /dist, /test).
2025-11-12 09:47:30,686 - UnicodeAnalyzer - INFO - -> Analizzando versione 8.45.1-alpha.7 (3593/3696)...
2025-11-12 09:47:30,686 - UnicodeAnalyzer - INFO - Filtrati 3 file (es. in /dist, /test).
2025-11-12 09:47:30,686 - UnicodeAnalyzer - INFO - -> Analizzando versione 8.45.1-alpha.8 (3594/3696)...
2025-11-12 09:47:30,686 - UnicodeAnalyzer - INFO - Filtrati 3 file (es. in /dist, /test).
2025-11-12 09:47:30,686 - UnicodeAnalyzer - INFO - -> Analizzando versione 8.45.1-alpha.9 (3595/3696)...
2025-11-12 09:47:30,687 - UnicodeAnalyzer - INFO - Filtrati 3 file (es. in /dist, /test).
2025-11-12 09:47:30,687 - UnicodeAnalyzer - INFO - -> Analizzando versione 8.46.0 (3596/3696)...
2025-11-12 09:47:30,687 - UnicodeAnalyzer - INFO - Filtrati 3 file (es. in /dist, /test).
2025-11-12 09:47:30,687 - UnicodeAnalyzer - INFO - -> Analizzando versione 8.46.1 (3597/3696)...
2025-11-12 09:47:30,687 - UnicodeAnalyzer - INFO - Filtrati 3 file (es. in /dist, /test).
2025-11-12 09:47:30,687 - UnicodeAnalyzer - INFO - -> Analizzando versione 8.46.1-alpha.0 (3598/3696)...
2025-11-12 09:47:30,687 - UnicodeAnalyzer - INFO - Filtrati 3 file (es. in /dist, /test).
2025-11-12 09:47:30,687 - UnicodeAnalyzer - INFO - -> Analizzando versione 8.46.1-alpha.1 (3599/3696)...
2025-11-12 09:47:30,688 - UnicodeAnalyzer - INFO - Filtrati 3 file (es. in /dist, /test).
2025-11-12 09:47:30,688 - UnicodeAnalyzer - INFO - -> Analizzando versione 8.46.1-alpha.2 (3600/3696)...
2025-11-12 09:47:30,688 - UnicodeAnalyzer - INFO - Filtrati 3 file (es. in /dist, /test).
2025-11-12 09:47:30,688 - UnicodeAnalyzer - INFO - -> Analizzando versione 8.46.1-alpha.3 (3601/3696)...
2025-11-12 09:47:30,688 - UnicodeAnalyzer - INFO - Filtrati 3 file (es. in /dist, /test).
2025-11-12 09:47:30,688 - UnicodeAnalyzer - INFO - -> Analizzando versione 8.46.2 (3602/3696)...
2025-11-12 09:47:30,688 - UnicodeAnalyzer - INFO - Filtrati 3 file (es. in /dist, /test).
2025-11-12 09:47:30,689 - UnicodeAnalyzer - INFO - -> Analizzando versione 8.46.2-alpha.0 (3603/3696)...
2025-11-12 09:47:30,689 - UnicodeAnalyzer - INFO - Filtrati 3 file (es. in /dist, /test).
2025-11-12 09:47:30,689 - UnicodeAnalyzer - INFO - -> Analizzando versione 8.46.2-alpha.1 (3604/3696)...
2025-11-12 09:47:30,689 - UnicodeAnalyzer - INFO - Filtrati 3 file (es. in /dist, /test).
2025-11-12 09:47:30,689 - UnicodeAnalyzer - INFO - -> Analizzando versione 8.46.2-alpha.2 (3605/3696)...
2025-11-12 09:47:30,689 - UnicodeAnalyzer - INFO - Filtrati 3 file (es. in /dist, /test).
2025-11-12 09:47:30,689 - UnicodeAnalyzer - INFO - -> Analizzando versione 8.46.3 (3606/3696)...
2025-11-12 09:47:30,690 - UnicodeAnalyzer - INFO - Filtrati 3 file (es. in /dist, /test).
2025-11-12 09:47:30,690 - UnicodeAnalyzer - INFO - -> Analizzando versione 8.46.4 (3607/3696)...
2025-11-12 09:47:30,690 - UnicodeAnalyzer - INFO - Filtrati 3 file (es. in /dist, /test).
2025-11-12 09:47:30,690 - UnicodeAnalyzer - INFO - -> Analizzando versione 8.46.4-alpha.0 (3608/3696)...
2025-11-12 09:47:30,690 - UnicodeAnalyzer - INFO - Filtrati 3 file (es. in /dist, /test).
2025-11-12 09:47:30,690 - UnicodeAnalyzer - INFO - -> Analizzando versione 8.46.4-alpha.1 (3609/3696)...
2025-11-12 09:47:30,690 - UnicodeAnalyzer - INFO - Filtrati 3 file (es. in /dist, /test).
2025-11-12 09:47:30,690 - UnicodeAnalyzer - INFO - -> Analizzando versione 8.46.4-alpha.2 (3610/3696)...
2025-11-12 09:47:30,691 - UnicodeAnalyzer - INFO - Filtrati 3 file (es. in /dist, /test).
2025-11-12 09:47:30,691 - UnicodeAnalyzer - INFO - -> Analizzando versione 8.46.4-alpha.3 (3611/3696)...
2025-11-12 09:47:30,691 - UnicodeAnalyzer - INFO - Filtrati 3 file (es. in /dist, /test).
2025-11-12 09:47:30,691 - UnicodeAnalyzer - INFO - -> Analizzando versione 8.46.4-alpha.4 (3612/3696)...
2025-11-12 09:47:30,691 - UnicodeAnalyzer - INFO - Filtrati 3 file (es. in /dist, /test).
2025-11-12 09:47:30,691 - UnicodeAnalyzer - INFO - -> Analizzando versione 8.46.4-alpha.5 (3613/3696)...
2025-11-12 09:47:30,691 - UnicodeAnalyzer - INFO - Filtrati 3 file (es. in /dist, /test).
2025-11-12 09:47:30,692 - UnicodeAnalyzer - INFO - -> Analizzando versione 8.46.4-alpha.6 (3614/3696)...
2025-11-12 09:47:30,692 - UnicodeAnalyzer - INFO - Filtrati 3 file (es. in /dist, /test).
2025-11-12 09:47:30,692 - UnicodeAnalyzer - INFO - -> Analizzando versione 8.46.5-alpha.0 (3615/3696)...
2025-11-12 09:47:30,692 - UnicodeAnalyzer - INFO - Filtrati 3 file (es. in /dist, /test).
2025-11-12 09:47:30,692 - UnicodeAnalyzer - INFO - -> Analizzando versione 8.46.5-alpha.1 (3616/3696)...
2025-11-12 09:47:30,692 - UnicodeAnalyzer - INFO - Filtrati 3 file (es. in /dist, /test).
2025-11-12 09:47:30,692 - UnicodeAnalyzer - INFO - -> Analizzando versione 8.46.5-alpha.2 (3617/3696)...
2025-11-12 09:47:30,693 - UnicodeAnalyzer - INFO - Filtrati 3 file (es. in /dist, /test).
2025-11-12 09:47:30,693 - UnicodeAnalyzer - INFO - -> Analizzando versione 8.46.5-alpha.3 (3618/3696)...
2025-11-12 09:47:30,693 - UnicodeAnalyzer - INFO - Filtrati 3 file (es. in /dist, /test).
2025-11-12 09:47:30,693 - UnicodeAnalyzer - INFO - -> Analizzando versione 8.46.5-alpha.4 (3619/3696)...
2025-11-12 09:47:30,693 - UnicodeAnalyzer - INFO - Filtrati 3 file (es. in /dist, /test).
2025-11-12 09:47:30,693 - UnicodeAnalyzer - INFO - -> Analizzando versione 8.5.0 (3620/3696)...
2025-11-12 09:47:30,693 - UnicodeAnalyzer - INFO - Filtrati 3 file (es. in /dist, /test).
2025-11-12 09:47:30,693 - UnicodeAnalyzer - INFO - -> Analizzando versione 8.5.1-alpha.0 (3621/3696)...
2025-11-12 09:47:30,694 - UnicodeAnalyzer - INFO - Filtrati 3 file (es. in /dist, /test).
2025-11-12 09:47:30,694 - UnicodeAnalyzer - INFO - -> Analizzando versione 8.5.1-alpha.1 (3622/3696)...
2025-11-12 09:47:30,694 - UnicodeAnalyzer - INFO - Filtrati 3 file (es. in /dist, /test).
2025-11-12 09:47:30,694 - UnicodeAnalyzer - INFO - -> Analizzando versione 8.5.1-alpha.10 (3623/3696)...
2025-11-12 09:47:30,694 - UnicodeAnalyzer - INFO - Filtrati 3 file (es. in /dist, /test).
2025-11-12 09:47:30,694 - UnicodeAnalyzer - INFO - -> Analizzando versione 8.5.1-alpha.11 (3624/3696)...
2025-11-12 09:47:30,695 - UnicodeAnalyzer - INFO - Filtrati 3 file (es. in /dist, /test).
2025-11-12 09:47:30,695 - UnicodeAnalyzer - INFO - -> Analizzando versione 8.5.1-alpha.12 (3625/3696)...
2025-11-12 09:47:30,695 - UnicodeAnalyzer - INFO - Filtrati 3 file (es. in /dist, /test).
2025-11-12 09:47:30,695 - UnicodeAnalyzer - INFO - -> Analizzando versione 8.5.1-alpha.13 (3626/3696)...
2025-11-12 09:47:30,695 - UnicodeAnalyzer - INFO - Filtrati 3 file (es. in /dist, /test).
2025-11-12 09:47:30,695 - UnicodeAnalyzer - INFO - -> Analizzando versione 8.5.1-alpha.14 (3627/3696)...
2025-11-12 09:47:30,695 - UnicodeAnalyzer - INFO - Filtrati 3 file (es. in /dist, /test).
2025-11-12 09:47:30,696 - UnicodeAnalyzer - INFO - -> Analizzando versione 8.5.1-alpha.15 (3628/3696)...
2025-11-12 09:47:30,696 - UnicodeAnalyzer - INFO - Filtrati 3 file (es. in /dist, /test).
2025-11-12 09:47:30,696 - UnicodeAnalyzer - INFO - -> Analizzando versione 8.5.1-alpha.16 (3629/3696)...
2025-11-12 09:47:30,696 - UnicodeAnalyzer - INFO - Filtrati 3 file (es. in /dist, /test).
2025-11-12 09:47:30,696 - UnicodeAnalyzer - INFO - -> Analizzando versione 8.5.1-alpha.2 (3630/3696)...
2025-11-12 09:47:30,696 - UnicodeAnalyzer - INFO - Filtrati 3 file (es. in /dist, /test).
2025-11-12 09:47:30,696 - UnicodeAnalyzer - INFO - -> Analizzando versione 8.5.1-alpha.3 (3631/3696)...
2025-11-12 09:47:30,697 - UnicodeAnalyzer - INFO - Filtrati 3 file (es. in /dist, /test).
2025-11-12 09:47:30,697 - UnicodeAnalyzer - INFO - -> Analizzando versione 8.5.1-alpha.4 (3632/3696)...
2025-11-12 09:47:30,697 - UnicodeAnalyzer - INFO - Filtrati 3 file (es. in /dist, /test).
2025-11-12 09:47:30,697 - UnicodeAnalyzer - INFO - -> Analizzando versione 8.5.1-alpha.5 (3633/3696)...
2025-11-12 09:47:30,697 - UnicodeAnalyzer - INFO - Filtrati 3 file (es. in /dist, /test).
2025-11-12 09:47:30,697 - UnicodeAnalyzer - INFO - -> Analizzando versione 8.5.1-alpha.6 (3634/3696)...
2025-11-12 09:47:30,697 - UnicodeAnalyzer - INFO - Filtrati 3 file (es. in /dist, /test).
2025-11-12 09:47:30,697 - UnicodeAnalyzer - INFO - -> Analizzando versione 8.5.1-alpha.7 (3635/3696)...
2025-11-12 09:47:30,698 - UnicodeAnalyzer - INFO - Filtrati 3 file (es. in /dist, /test).
2025-11-12 09:47:30,698 - UnicodeAnalyzer - INFO - -> Analizzando versione 8.5.1-alpha.8 (3636/3696)...
2025-11-12 09:47:30,698 - UnicodeAnalyzer - INFO - Filtrati 3 file (es. in /dist, /test).
2025-11-12 09:47:30,698 - UnicodeAnalyzer - INFO - -> Analizzando versione 8.5.1-alpha.9 (3637/3696)...
2025-11-12 09:47:30,698 - UnicodeAnalyzer - INFO - Filtrati 3 file (es. in /dist, /test).
2025-11-12 09:47:30,698 - UnicodeAnalyzer - INFO - -> Analizzando versione 8.6.0 (3638/3696)...
2025-11-12 09:47:30,699 - UnicodeAnalyzer - INFO - Filtrati 3 file (es. in /dist, /test).
2025-11-12 09:47:30,699 - UnicodeAnalyzer - INFO - -> Analizzando versione 8.6.1-alpha.0 (3639/3696)...
2025-11-12 09:47:30,699 - UnicodeAnalyzer - INFO - Filtrati 3 file (es. in /dist, /test).
2025-11-12 09:47:30,699 - UnicodeAnalyzer - INFO - -> Analizzando versione 8.6.1-alpha.1 (3640/3696)...
2025-11-12 09:47:30,699 - UnicodeAnalyzer - INFO - Filtrati 3 file (es. in /dist, /test).
2025-11-12 09:47:30,699 - UnicodeAnalyzer - INFO - -> Analizzando versione 8.6.1-alpha.2 (3641/3696)...
2025-11-12 09:47:30,699 - UnicodeAnalyzer - INFO - Filtrati 3 file (es. in /dist, /test).
2025-11-12 09:47:30,699 - UnicodeAnalyzer - INFO - -> Analizzando versione 8.6.1-alpha.3 (3642/3696)...
2025-11-12 09:47:30,700 - UnicodeAnalyzer - INFO - Filtrati 3 file (es. in /dist, /test).
2025-11-12 09:47:30,700 - UnicodeAnalyzer - INFO - -> Analizzando versione 8.6.1-alpha.4 (3643/3696)...
2025-11-12 09:47:30,700 - UnicodeAnalyzer - INFO - Filtrati 3 file (es. in /dist, /test).
2025-11-12 09:47:30,700 - UnicodeAnalyzer - INFO - -> Analizzando versione 8.6.1-alpha.5 (3644/3696)...
2025-11-12 09:47:30,700 - UnicodeAnalyzer - INFO - Filtrati 3 file (es. in /dist, /test).
2025-11-12 09:47:30,700 - UnicodeAnalyzer - INFO - -> Analizzando versione 8.6.1-alpha.6 (3645/3696)...
2025-11-12 09:47:30,701 - UnicodeAnalyzer - INFO - Filtrati 3 file (es. in /dist, /test).
2025-11-12 09:47:30,701 - UnicodeAnalyzer - INFO - -> Analizzando versione 8.6.1-alpha.7 (3646/3696)...
2025-11-12 09:47:30,701 - UnicodeAnalyzer - INFO - Filtrati 3 file (es. in /dist, /test).
2025-11-12 09:47:30,701 - UnicodeAnalyzer - INFO - -> Analizzando versione 8.6.1-alpha.8 (3647/3696)...
2025-11-12 09:47:30,701 - UnicodeAnalyzer - INFO - Filtrati 3 file (es. in /dist, /test).
2025-11-12 09:47:30,701 - UnicodeAnalyzer - INFO - -> Analizzando versione 8.7.0 (3648/3696)...
2025-11-12 09:47:30,701 - UnicodeAnalyzer - INFO - Filtrati 3 file (es. in /dist, /test).
2025-11-12 09:47:30,701 - UnicodeAnalyzer - INFO - -> Analizzando versione 8.7.1-alpha.0 (3649/3696)...
2025-11-12 09:47:30,702 - UnicodeAnalyzer - INFO - Filtrati 3 file (es. in /dist, /test).
2025-11-12 09:47:30,702 - UnicodeAnalyzer - INFO - -> Analizzando versione 8.7.1-alpha.1 (3650/3696)...
2025-11-12 09:47:30,702 - UnicodeAnalyzer - INFO - Filtrati 3 file (es. in /dist, /test).
2025-11-12 09:47:30,702 - UnicodeAnalyzer - INFO - -> Analizzando versione 8.7.1-alpha.10 (3651/3696)...
2025-11-12 09:47:30,702 - UnicodeAnalyzer - INFO - Filtrati 3 file (es. in /dist, /test).
2025-11-12 09:47:30,702 - UnicodeAnalyzer - INFO - -> Analizzando versione 8.7.1-alpha.11 (3652/3696)...
2025-11-12 09:47:30,702 - UnicodeAnalyzer - INFO - Filtrati 3 file (es. in /dist, /test).
2025-11-12 09:47:30,703 - UnicodeAnalyzer - INFO - -> Analizzando versione 8.7.1-alpha.12 (3653/3696)...
2025-11-12 09:47:30,703 - UnicodeAnalyzer - INFO - Filtrati 3 file (es. in /dist, /test).
2025-11-12 09:47:30,703 - UnicodeAnalyzer - INFO - -> Analizzando versione 8.7.1-alpha.2 (3654/3696)...
2025-11-12 09:47:30,703 - UnicodeAnalyzer - INFO - Filtrati 3 file (es. in /dist, /test).
2025-11-12 09:47:30,703 - UnicodeAnalyzer - INFO - -> Analizzando versione 8.7.1-alpha.3 (3655/3696)...
2025-11-12 09:47:30,703 - UnicodeAnalyzer - INFO - Filtrati 3 file (es. in /dist, /test).
2025-11-12 09:47:30,703 - UnicodeAnalyzer - INFO - -> Analizzando versione 8.7.1-alpha.4 (3656/3696)...
2025-11-12 09:47:30,704 - UnicodeAnalyzer - INFO - Filtrati 3 file (es. in /dist, /test).
2025-11-12 09:47:30,704 - UnicodeAnalyzer - INFO - -> Analizzando versione 8.7.1-alpha.5 (3657/3696)...
2025-11-12 09:47:30,704 - UnicodeAnalyzer - INFO - Filtrati 3 file (es. in /dist, /test).
2025-11-12 09:47:30,704 - UnicodeAnalyzer - INFO - -> Analizzando versione 8.7.1-alpha.6 (3658/3696)...
2025-11-12 09:47:30,704 - UnicodeAnalyzer - INFO - Filtrati 3 file (es. in /dist, /test).
2025-11-12 09:47:30,704 - UnicodeAnalyzer - INFO - -> Analizzando versione 8.7.1-alpha.7 (3659/3696)...
2025-11-12 09:47:30,704 - UnicodeAnalyzer - INFO - Filtrati 3 file (es. in /dist, /test).
2025-11-12 09:47:30,705 - UnicodeAnalyzer - INFO - -> Analizzando versione 8.7.1-alpha.8 (3660/3696)...
2025-11-12 09:47:30,705 - UnicodeAnalyzer - INFO - Filtrati 3 file (es. in /dist, /test).
2025-11-12 09:47:30,705 - UnicodeAnalyzer - INFO - -> Analizzando versione 8.7.1-alpha.9 (3661/3696)...
2025-11-12 09:47:30,705 - UnicodeAnalyzer - INFO - Filtrati 3 file (es. in /dist, /test).
2025-11-12 09:47:30,705 - UnicodeAnalyzer - INFO - -> Analizzando versione 8.8.0 (3662/3696)...
2025-11-12 09:47:30,705 - UnicodeAnalyzer - INFO - Filtrati 3 file (es. in /dist, /test).
2025-11-12 09:47:30,705 - UnicodeAnalyzer - INFO - -> Analizzando versione 8.8.1 (3663/3696)...
2025-11-12 09:47:30,706 - UnicodeAnalyzer - INFO - Filtrati 3 file (es. in /dist, /test).
2025-11-12 09:47:30,706 - UnicodeAnalyzer - INFO - -> Analizzando versione 8.8.1-alpha.0 (3664/3696)...
2025-11-12 09:47:30,706 - UnicodeAnalyzer - INFO - Filtrati 3 file (es. in /dist, /test).
2025-11-12 09:47:30,706 - UnicodeAnalyzer - INFO - -> Analizzando versione 8.8.1-alpha.1 (3665/3696)...
2025-11-12 09:47:30,706 - UnicodeAnalyzer - INFO - Filtrati 3 file (es. in /dist, /test).
2025-11-12 09:47:30,706 - UnicodeAnalyzer - INFO - -> Analizzando versione 8.8.1-alpha.2 (3666/3696)...
2025-11-12 09:47:30,706 - UnicodeAnalyzer - INFO - Filtrati 3 file (es. in /dist, /test).
2025-11-12 09:47:30,706 - UnicodeAnalyzer - INFO - -> Analizzando versione 8.8.1-alpha.3 (3667/3696)...
2025-11-12 09:47:30,707 - UnicodeAnalyzer - INFO - Filtrati 3 file (es. in /dist, /test).
2025-11-12 09:47:30,707 - UnicodeAnalyzer - INFO - -> Analizzando versione 8.8.1-alpha.4 (3668/3696)...
2025-11-12 09:47:30,707 - UnicodeAnalyzer - INFO - Filtrati 3 file (es. in /dist, /test).
2025-11-12 09:47:30,707 - UnicodeAnalyzer - INFO - -> Analizzando versione 8.8.2-alpha.0 (3669/3696)...
2025-11-12 09:47:30,707 - UnicodeAnalyzer - INFO - Filtrati 3 file (es. in /dist, /test).
2025-11-12 09:47:30,707 - UnicodeAnalyzer - INFO - -> Analizzando versione 8.8.2-alpha.1 (3670/3696)...
2025-11-12 09:47:30,708 - UnicodeAnalyzer - INFO - Filtrati 3 file (es. in /dist, /test).
2025-11-12 09:47:30,708 - UnicodeAnalyzer - INFO - -> Analizzando versione 8.8.2-alpha.10 (3671/3696)...
2025-11-12 09:47:30,708 - UnicodeAnalyzer - INFO - Filtrati 3 file (es. in /dist, /test).
2025-11-12 09:47:30,708 - UnicodeAnalyzer - INFO - -> Analizzando versione 8.8.2-alpha.11 (3672/3696)...
2025-11-12 09:47:30,708 - UnicodeAnalyzer - INFO - Filtrati 3 file (es. in /dist, /test).
2025-11-12 09:47:30,708 - UnicodeAnalyzer - INFO - -> Analizzando versione 8.8.2-alpha.12 (3673/3696)...
2025-11-12 09:47:30,708 - UnicodeAnalyzer - INFO - Filtrati 3 file (es. in /dist, /test).
2025-11-12 09:47:30,708 - UnicodeAnalyzer - INFO - -> Analizzando versione 8.8.2-alpha.13 (3674/3696)...
2025-11-12 09:47:30,709 - UnicodeAnalyzer - INFO - Filtrati 3 file (es. in /dist, /test).
2025-11-12 09:47:30,709 - UnicodeAnalyzer - INFO - -> Analizzando versione 8.8.2-alpha.14 (3675/3696)...
2025-11-12 09:47:30,709 - UnicodeAnalyzer - INFO - Filtrati 3 file (es. in /dist, /test).
2025-11-12 09:47:30,709 - UnicodeAnalyzer - INFO - -> Analizzando versione 8.8.2-alpha.15 (3676/3696)...
2025-11-12 09:47:30,709 - UnicodeAnalyzer - INFO - Filtrati 3 file (es. in /dist, /test).
2025-11-12 09:47:30,709 - UnicodeAnalyzer - INFO - -> Analizzando versione 8.8.2-alpha.2 (3677/3696)...
2025-11-12 09:47:30,710 - UnicodeAnalyzer - INFO - Filtrati 3 file (es. in /dist, /test).
2025-11-12 09:47:30,710 - UnicodeAnalyzer - INFO - -> Analizzando versione 8.8.2-alpha.3 (3678/3696)...
2025-11-12 09:47:30,710 - UnicodeAnalyzer - INFO - Filtrati 3 file (es. in /dist, /test).
2025-11-12 09:47:30,710 - UnicodeAnalyzer - INFO - -> Analizzando versione 8.8.2-alpha.4 (3679/3696)...
2025-11-12 09:47:30,710 - UnicodeAnalyzer - INFO - Filtrati 3 file (es. in /dist, /test).
2025-11-12 09:47:30,710 - UnicodeAnalyzer - INFO - -> Analizzando versione 8.8.2-alpha.5 (3680/3696)...
2025-11-12 09:47:30,710 - UnicodeAnalyzer - INFO - Filtrati 3 file (es. in /dist, /test).
2025-11-12 09:47:30,710 - UnicodeAnalyzer - INFO - -> Analizzando versione 8.8.2-alpha.6 (3681/3696)...
2025-11-12 09:47:30,711 - UnicodeAnalyzer - INFO - Filtrati 3 file (es. in /dist, /test).
2025-11-12 09:47:30,711 - UnicodeAnalyzer - INFO - -> Analizzando versione 8.8.2-alpha.7 (3682/3696)...
2025-11-12 09:47:30,711 - UnicodeAnalyzer - INFO - Filtrati 3 file (es. in /dist, /test).
2025-11-12 09:47:30,711 - UnicodeAnalyzer - INFO - -> Analizzando versione 8.8.2-alpha.8 (3683/3696)...
2025-11-12 09:47:30,711 - UnicodeAnalyzer - INFO - Filtrati 3 file (es. in /dist, /test).
2025-11-12 09:47:30,711 - UnicodeAnalyzer - INFO - -> Analizzando versione 8.8.2-alpha.9 (3684/3696)...
2025-11-12 09:47:30,712 - UnicodeAnalyzer - INFO - Filtrati 3 file (es. in /dist, /test).
2025-11-12 09:47:30,712 - UnicodeAnalyzer - INFO - -> Analizzando versione 8.9.0 (3685/3696)...
2025-11-12 09:47:30,712 - UnicodeAnalyzer - INFO - Filtrati 3 file (es. in /dist, /test).
2025-11-12 09:47:30,712 - UnicodeAnalyzer - INFO - -> Analizzando versione 8.9.1-alpha.0 (3686/3696)...
2025-11-12 09:47:30,712 - UnicodeAnalyzer - INFO - Filtrati 3 file (es. in /dist, /test).
2025-11-12 09:47:30,712 - UnicodeAnalyzer - INFO - -> Analizzando versione 8.9.1-alpha.1 (3687/3696)...
2025-11-12 09:47:30,712 - UnicodeAnalyzer - INFO - Filtrati 3 file (es. in /dist, /test).
2025-11-12 09:47:30,713 - UnicodeAnalyzer - INFO - -> Analizzando versione 8.9.1-alpha.10 (3688/3696)...
2025-11-12 09:47:30,713 - UnicodeAnalyzer - INFO - Filtrati 3 file (es. in /dist, /test).
2025-11-12 09:47:30,713 - UnicodeAnalyzer - INFO - -> Analizzando versione 8.9.1-alpha.2 (3689/3696)...
2025-11-12 09:47:30,713 - UnicodeAnalyzer - INFO - Filtrati 3 file (es. in /dist, /test).
2025-11-12 09:47:30,713 - UnicodeAnalyzer - INFO - -> Analizzando versione 8.9.1-alpha.3 (3690/3696)...
2025-11-12 09:47:30,713 - UnicodeAnalyzer - INFO - Filtrati 3 file (es. in /dist, /test).
2025-11-12 09:47:30,713 - UnicodeAnalyzer - INFO - -> Analizzando versione 8.9.1-alpha.4 (3691/3696)...
2025-11-12 09:47:30,714 - UnicodeAnalyzer - INFO - Filtrati 3 file (es. in /dist, /test).
2025-11-12 09:47:30,714 - UnicodeAnalyzer - INFO - -> Analizzando versione 8.9.1-alpha.5 (3692/3696)...
2025-11-12 09:47:30,714 - UnicodeAnalyzer - INFO - Filtrati 3 file (es. in /dist, /test).
2025-11-12 09:47:30,714 - UnicodeAnalyzer - INFO - -> Analizzando versione 8.9.1-alpha.6 (3693/3696)...
2025-11-12 09:47:30,714 - UnicodeAnalyzer - INFO - Filtrati 3 file (es. in /dist, /test).
2025-11-12 09:47:30,714 - UnicodeAnalyzer - INFO - -> Analizzando versione 8.9.1-alpha.7 (3694/3696)...
2025-11-12 09:47:30,714 - UnicodeAnalyzer - INFO - Filtrati 3 file (es. in /dist, /test).
2025-11-12 09:47:30,714 - UnicodeAnalyzer - INFO - -> Analizzando versione 8.9.1-alpha.8 (3695/3696)...
2025-11-12 09:47:30,715 - UnicodeAnalyzer - INFO - Filtrati 3 file (es. in /dist, /test).
2025-11-12 09:47:30,715 - UnicodeAnalyzer - INFO - -> Analizzando versione 8.9.1-alpha.9 (3696/3696)...
2025-11-12 09:47:30,715 - UnicodeAnalyzer - INFO - Filtrati 3 file (es. in /dist, /test).
2025-11-12 09:47:30,717 - UnicodeAnalyzer - INFO - Esportando i risultati HUT per '@typescript-eslint/visitor-keys' in CSV...
2025-11-12 09:47:30,718 - UnicodeAnalyzer - WARNING - Nessun file analizzato. I file CSV saranno vuoti.
2025-11-12 09:47:30,719 - NPM_HUT_Analyzer - INFO - Pulizia cartella temporanea 'temp_hut/@typescript-eslint_visitor-keys'...
2025-11-12 09:47:31,696 - NPM_HUT_Analyzer - INFO - Pulizia completata.
