2025-10-25 19:53:15,295 - NPM_Analyzer - INFO - Fetching metadata for '@storybook/addon-actions'...
2025-10-25 19:53:15,691 - NPM_Analyzer - INFO - Found 2261 versions. Starting download into 'temp/@storybook_addon-actions'...
2025-10-25 20:52:37,910 - BlankSpaceAnalyzer - INFO - Analyzing 2261 versions for '*.js' in '@storybook_addon-actions'.
2025-10-25 20:52:37,910 - BlankSpaceAnalyzer - INFO - -> Analyzing version 0.0.0-pr-22236-sha-107ce09c (1/2261)...
2025-10-25 20:52:37,981 - BlankSpaceAnalyzer - INFO - -> Analyzing version 0.0.0-pr-22285-sha-21557c1b (2/2261)...
2025-10-25 20:52:38,054 - BlankSpaceAnalyzer - INFO - -> Analyzing version 0.0.0-pr-22285-sha-87d007dc (3/2261)...
2025-10-25 20:52:38,125 - BlankSpaceAnalyzer - INFO - -> Analyzing version 0.0.0-pr-22285-sha-d07bfc52 (4/2261)...
2025-10-25 20:52:38,197 - BlankSpaceAnalyzer - INFO - -> Analyzing version 0.0.0-pr-22285-sha-d5e7fdba (5/2261)...
2025-10-25 20:52:38,275 - BlankSpaceAnalyzer - INFO - -> Analyzing version 0.0.0-pr-22285-sha-d60d546d (6/2261)...
2025-10-25 20:52:38,349 - BlankSpaceAnalyzer - INFO - -> Analyzing version 0.0.0-pr-22285-sha-dd857017 (7/2261)...
2025-10-25 20:52:38,422 - BlankSpaceAnalyzer - INFO - -> Analyzing version 0.0.0-pr-22285-sha-f910dccb (8/2261)...
2025-10-25 20:52:38,492 - BlankSpaceAnalyzer - INFO - -> Analyzing version 0.0.0-pr-22499-sha-edffc853 (9/2261)...
2025-10-25 20:52:38,569 - BlankSpaceAnalyzer - INFO - -> Analyzing version 0.0.0-pr-22545-sha-1caa0752 (10/2261)...
2025-10-25 20:52:38,643 - BlankSpaceAnalyzer - INFO - -> Analyzing version 0.0.0-pr-23435-sha-7496d4ba (11/2261)...
2025-10-25 20:52:38,714 - BlankSpaceAnalyzer - INFO - -> Analyzing version 0.0.0-pr-23435-sha-bd98198e (12/2261)...
2025-10-25 20:52:38,791 - BlankSpaceAnalyzer - INFO - -> Analyzing version 0.0.0-pr-23479-sha-bcda497a (13/2261)...
2025-10-25 20:52:38,869 - BlankSpaceAnalyzer - INFO - -> Analyzing version 0.0.0-pr-23609-sha-f47ef339 (14/2261)...
2025-10-25 20:52:38,947 - BlankSpaceAnalyzer - INFO - -> Analyzing version 0.0.0-pr-23611-sha-0c8cd76e (15/2261)...
2025-10-25 20:52:39,025 - BlankSpaceAnalyzer - INFO - -> Analyzing version 0.0.0-pr-23611-sha-3be4580c (16/2261)...
2025-10-25 20:52:39,103 - BlankSpaceAnalyzer - INFO - -> Analyzing version 0.0.0-pr-23611-sha-82d2a4fa (17/2261)...
2025-10-25 20:52:39,181 - BlankSpaceAnalyzer - INFO - -> Analyzing version 0.0.0-pr-23611-sha-99ac2482 (18/2261)...
2025-10-25 20:52:39,255 - BlankSpaceAnalyzer - INFO - -> Analyzing version 0.0.0-pr-23611-sha-cb880262 (19/2261)...
2025-10-25 20:52:39,327 - BlankSpaceAnalyzer - INFO - -> Analyzing version 0.0.0-pr-23611-sha-d83da132 (20/2261)...
2025-10-25 20:52:39,398 - BlankSpaceAnalyzer - INFO - -> Analyzing version 0.0.0-pr-23626-sha-0d5a537f (21/2261)...
2025-10-25 20:52:39,477 - BlankSpaceAnalyzer - INFO - -> Analyzing version 0.0.0-pr-23626-sha-e84041f2 (22/2261)...
2025-10-25 20:52:39,552 - BlankSpaceAnalyzer - INFO - -> Analyzing version 0.0.0-pr-23691-sha-8f3fbd86 (23/2261)...
2025-10-25 20:52:39,624 - BlankSpaceAnalyzer - INFO - -> Analyzing version 0.0.0-pr-23697-sha-615db423 (24/2261)...
2025-10-25 20:52:39,701 - BlankSpaceAnalyzer - INFO - -> Analyzing version 0.0.0-pr-23724-sha-117cb2b3 (25/2261)...
2025-10-25 20:52:39,779 - BlankSpaceAnalyzer - INFO - -> Analyzing version 0.0.0-pr-23724-sha-4dae46aa (26/2261)...
2025-10-25 20:52:39,858 - BlankSpaceAnalyzer - INFO - -> Analyzing version 0.0.0-pr-23778-sha-b8dbbd21 (27/2261)...
2025-10-25 20:52:39,936 - BlankSpaceAnalyzer - INFO - -> Analyzing version 0.0.0-pr-23778-sha-fa3b4d8f (28/2261)...
2025-10-25 20:52:40,012 - BlankSpaceAnalyzer - INFO - -> Analyzing version 0.0.0-pr-23811-sha-d3c4b6e3 (29/2261)...
2025-10-25 20:52:40,091 - BlankSpaceAnalyzer - INFO - -> Analyzing version 0.0.0-pr-23825-sha-7875282b (30/2261)...
2025-10-25 20:52:40,168 - BlankSpaceAnalyzer - INFO - -> Analyzing version 0.0.0-pr-23853-sha-93b33e06 (31/2261)...
2025-10-25 20:52:40,242 - BlankSpaceAnalyzer - INFO - -> Analyzing version 0.0.0-pr-23882-sha-6c4dd3dd (32/2261)...
2025-10-25 20:52:40,313 - BlankSpaceAnalyzer - INFO - -> Analyzing version 0.0.0-pr-23888-sha-032c0a61 (33/2261)...
2025-10-25 20:52:40,390 - BlankSpaceAnalyzer - INFO - -> Analyzing version 0.0.0-pr-23888-sha-2b9981a9 (34/2261)...
2025-10-25 20:52:40,467 - BlankSpaceAnalyzer - INFO - -> Analyzing version 0.0.0-pr-23888-sha-39ed28da (35/2261)...
2025-10-25 20:52:40,542 - BlankSpaceAnalyzer - INFO - -> Analyzing version 0.0.0-pr-23888-sha-6ee27f2b (36/2261)...
2025-10-25 20:52:40,612 - BlankSpaceAnalyzer - INFO - -> Analyzing version 0.0.0-pr-23888-sha-8657c59a (37/2261)...
2025-10-25 20:52:40,690 - BlankSpaceAnalyzer - INFO - -> Analyzing version 0.0.0-pr-23888-sha-a5cdd319 (38/2261)...
2025-10-25 20:52:40,767 - BlankSpaceAnalyzer - INFO - -> Analyzing version 0.0.0-pr-23888-sha-db9bb66b (39/2261)...
2025-10-25 20:52:40,844 - BlankSpaceAnalyzer - INFO - -> Analyzing version 0.0.0-pr-23897-sha-78c2d886 (40/2261)...
2025-10-25 20:52:40,922 - BlankSpaceAnalyzer - INFO - -> Analyzing version 0.0.0-pr-23913-sha-45573ae9 (41/2261)...
2025-10-25 20:52:41,000 - BlankSpaceAnalyzer - INFO - -> Analyzing version 0.0.0-pr-23913-sha-f5776796 (42/2261)...
2025-10-25 20:52:41,082 - BlankSpaceAnalyzer - INFO - -> Analyzing version 0.0.0-pr-23941-sha-8f1ed079 (43/2261)...
2025-10-25 20:52:41,156 - BlankSpaceAnalyzer - INFO - -> Analyzing version 0.0.0-pr-24007-sha-c31c498a (44/2261)...
2025-10-25 20:52:41,227 - BlankSpaceAnalyzer - INFO - -> Analyzing version 0.0.0-pr-24031-sha-553789e8 (45/2261)...
2025-10-25 20:52:41,298 - BlankSpaceAnalyzer - INFO - -> Analyzing version 0.0.0-pr-24038-sha-abd016e1 (46/2261)...
2025-10-25 20:52:41,377 - BlankSpaceAnalyzer - INFO - -> Analyzing version 0.0.0-pr-24038-sha-e7e31321 (47/2261)...
2025-10-25 20:52:41,450 - BlankSpaceAnalyzer - INFO - -> Analyzing version 0.0.0-pr-24110-sha-9e9d8374 (48/2261)...
2025-10-25 20:52:41,522 - BlankSpaceAnalyzer - INFO - -> Analyzing version 0.0.0-pr-24165-sha-acaa9f93 (49/2261)...
2025-10-25 20:52:41,594 - BlankSpaceAnalyzer - INFO - -> Analyzing version 0.0.0-pr-24225-sha-4257f39c (50/2261)...
2025-10-25 20:52:41,671 - BlankSpaceAnalyzer - INFO - -> Analyzing version 0.0.0-pr-24225-sha-5ffd56a7 (51/2261)...
2025-10-25 20:52:41,746 - BlankSpaceAnalyzer - INFO - -> Analyzing version 0.0.0-pr-24225-sha-97ddc35a (52/2261)...
2025-10-25 20:52:41,817 - BlankSpaceAnalyzer - INFO - -> Analyzing version 0.0.0-pr-24225-sha-d42b137f (53/2261)...
2025-10-25 20:52:41,894 - BlankSpaceAnalyzer - INFO - -> Analyzing version 0.0.0-pr-24225-sha-fa4f5fec (54/2261)...
2025-10-25 20:52:41,974 - BlankSpaceAnalyzer - INFO - -> Analyzing version 0.0.0-pr-24251-sha-8604570b (55/2261)...
2025-10-25 20:52:42,053 - BlankSpaceAnalyzer - INFO - -> Analyzing version 0.0.0-pr-24251-sha-bccb9ebf (56/2261)...
2025-10-25 20:52:42,129 - BlankSpaceAnalyzer - INFO - -> Analyzing version 0.0.0-pr-24271-sha-4a56eddc (57/2261)...
2025-10-25 20:52:42,200 - BlankSpaceAnalyzer - INFO - -> Analyzing version 0.0.0-pr-24271-sha-79e96fb3 (58/2261)...
2025-10-25 20:52:42,277 - BlankSpaceAnalyzer - INFO - -> Analyzing version 0.0.0-pr-24271-sha-b8f97f09 (59/2261)...
2025-10-25 20:52:42,355 - BlankSpaceAnalyzer - INFO - -> Analyzing version 0.0.0-pr-24271-sha-f6cb6ac2 (60/2261)...
2025-10-25 20:52:42,431 - BlankSpaceAnalyzer - INFO - -> Analyzing version 0.0.0-pr-24271-sha-fc247b9e (61/2261)...
2025-10-25 20:52:42,502 - BlankSpaceAnalyzer - INFO - -> Analyzing version 0.0.0-pr-24281-sha-534a6350 (62/2261)...
2025-10-25 20:52:42,580 - BlankSpaceAnalyzer - INFO - -> Analyzing version 0.0.0-pr-24281-sha-930b9750 (63/2261)...
2025-10-25 20:52:42,657 - BlankSpaceAnalyzer - INFO - -> Analyzing version 0.0.0-pr-24291-sha-4df967a3 (64/2261)...
2025-10-25 20:52:42,733 - BlankSpaceAnalyzer - INFO - -> Analyzing version 0.0.0-pr-24389-sha-88c59837 (65/2261)...
2025-10-25 20:52:42,804 - BlankSpaceAnalyzer - INFO - -> Analyzing version 0.0.0-pr-24392-sha-2b9981a9 (66/2261)...
2025-10-25 20:52:42,882 - BlankSpaceAnalyzer - INFO - -> Analyzing version 0.0.0-pr-24392-sha-bcf87ea5 (67/2261)...
2025-10-25 20:52:42,960 - BlankSpaceAnalyzer - INFO - -> Analyzing version 0.0.0-pr-24392-sha-d8435144 (68/2261)...
2025-10-25 20:52:43,036 - BlankSpaceAnalyzer - INFO - -> Analyzing version 0.0.0-pr-24395-sha-2aacb587 (69/2261)...
2025-10-25 20:52:43,108 - BlankSpaceAnalyzer - INFO - -> Analyzing version 0.0.0-pr-24396-sha-51edf4aa (70/2261)...
2025-10-25 20:52:43,186 - BlankSpaceAnalyzer - INFO - -> Analyzing version 0.0.0-pr-24434-sha-0d375607 (71/2261)...
2025-10-25 20:52:43,259 - BlankSpaceAnalyzer - INFO - -> Analyzing version 0.0.0-pr-24437-sha-55d6b8d8 (72/2261)...
2025-10-25 20:52:43,331 - BlankSpaceAnalyzer - INFO - -> Analyzing version 0.0.0-pr-24447-sha-0e9b8a79 (73/2261)...
2025-10-25 20:52:43,409 - BlankSpaceAnalyzer - INFO - -> Analyzing version 0.0.0-pr-24447-sha-191688a0 (74/2261)...
2025-10-25 20:52:43,487 - BlankSpaceAnalyzer - INFO - -> Analyzing version 0.0.0-pr-24447-sha-3011241c (75/2261)...
2025-10-25 20:52:43,565 - BlankSpaceAnalyzer - INFO - -> Analyzing version 0.0.0-pr-24447-sha-48644e16 (76/2261)...
2025-10-25 20:52:43,643 - BlankSpaceAnalyzer - INFO - -> Analyzing version 0.0.0-pr-24447-sha-52cbbfc2 (77/2261)...
2025-10-25 20:52:43,721 - BlankSpaceAnalyzer - INFO - -> Analyzing version 0.0.0-pr-24447-sha-7ac01473 (78/2261)...
2025-10-25 20:52:43,792 - BlankSpaceAnalyzer - INFO - -> Analyzing version 0.0.0-pr-24447-sha-7f15dc25 (79/2261)...
2025-10-25 20:52:43,868 - BlankSpaceAnalyzer - INFO - -> Analyzing version 0.0.0-pr-24447-sha-830916e6 (80/2261)...
2025-10-25 20:52:43,946 - BlankSpaceAnalyzer - INFO - -> Analyzing version 0.0.0-pr-24447-sha-83c43462 (81/2261)...
2025-10-25 20:52:44,024 - BlankSpaceAnalyzer - INFO - -> Analyzing version 0.0.0-pr-24447-sha-8406fc11 (82/2261)...
2025-10-25 20:52:44,102 - BlankSpaceAnalyzer - INFO - -> Analyzing version 0.0.0-pr-24447-sha-8889347a (83/2261)...
2025-10-25 20:52:44,180 - BlankSpaceAnalyzer - INFO - -> Analyzing version 0.0.0-pr-24447-sha-9ac58a2d (84/2261)...
2025-10-25 20:52:44,258 - BlankSpaceAnalyzer - INFO - -> Analyzing version 0.0.0-pr-24447-sha-b18bd92d (85/2261)...
2025-10-25 20:52:44,334 - BlankSpaceAnalyzer - INFO - -> Analyzing version 0.0.0-pr-24447-sha-c98bddd2 (86/2261)...
2025-10-25 20:52:44,405 - BlankSpaceAnalyzer - INFO - -> Analyzing version 0.0.0-pr-24447-sha-d63baba1 (87/2261)...
2025-10-25 20:52:44,483 - BlankSpaceAnalyzer - INFO - -> Analyzing version 0.0.0-pr-24447-sha-da48fb11 (88/2261)...
2025-10-25 20:52:44,560 - BlankSpaceAnalyzer - INFO - -> Analyzing version 0.0.0-pr-24447-sha-dc0980d9 (89/2261)...
2025-10-25 20:52:44,638 - BlankSpaceAnalyzer - INFO - -> Analyzing version 0.0.0-pr-24504-sha-5d9e47a4 (90/2261)...
2025-10-25 20:52:44,716 - BlankSpaceAnalyzer - INFO - -> Analyzing version 0.0.0-pr-24504-sha-9e0d3224 (91/2261)...
2025-10-25 20:52:44,794 - BlankSpaceAnalyzer - INFO - -> Analyzing version 0.0.0-pr-24565-sha-2d556c14 (92/2261)...
2025-10-25 20:52:44,871 - BlankSpaceAnalyzer - INFO - -> Analyzing version 0.0.0-pr-24575-sha-3de4e9e0 (93/2261)...
2025-10-25 20:52:44,950 - BlankSpaceAnalyzer - INFO - -> Analyzing version 0.0.0-pr-24575-sha-94eee1ff (94/2261)...
2025-10-25 20:52:45,027 - BlankSpaceAnalyzer - INFO - -> Analyzing version 0.0.0-pr-24596-sha-031534ff (95/2261)...
2025-10-25 20:52:45,105 - BlankSpaceAnalyzer - INFO - -> Analyzing version 0.0.0-pr-24604-sha-a206c3eb (96/2261)...
2025-10-25 20:52:45,182 - BlankSpaceAnalyzer - INFO - -> Analyzing version 0.0.0-pr-24676-sha-1388c64f (97/2261)...
2025-10-25 20:52:45,260 - BlankSpaceAnalyzer - INFO - -> Analyzing version 0.0.0-pr-24676-sha-214a6f84 (98/2261)...
2025-10-25 20:52:45,337 - BlankSpaceAnalyzer - INFO - -> Analyzing version 0.0.0-pr-24676-sha-7d703fa3 (99/2261)...
2025-10-25 20:52:45,408 - BlankSpaceAnalyzer - INFO - -> Analyzing version 0.0.0-pr-24676-sha-c841f892 (100/2261)...
2025-10-25 20:52:45,486 - BlankSpaceAnalyzer - INFO - -> Analyzing version 0.0.0-pr-24698-sha-758c0de1 (101/2261)...
2025-10-25 20:52:45,565 - BlankSpaceAnalyzer - INFO - -> Analyzing version 0.0.0-pr-24728-sha-30e1599c (102/2261)...
2025-10-25 20:52:45,641 - BlankSpaceAnalyzer - INFO - -> Analyzing version 0.0.0-pr-24740-sha-c34bd874 (103/2261)...
2025-10-25 20:52:45,712 - BlankSpaceAnalyzer - INFO - -> Analyzing version 0.0.0-pr-24741-sha-397c2cab (104/2261)...
2025-10-25 20:52:45,790 - BlankSpaceAnalyzer - INFO - -> Analyzing version 0.0.0-pr-24741-sha-ea66c9c8 (105/2261)...
2025-10-25 20:52:45,868 - BlankSpaceAnalyzer - INFO - -> Analyzing version 0.0.0-pr-24782-sha-bb0e7d7c (106/2261)...
2025-10-25 20:52:45,943 - BlankSpaceAnalyzer - INFO - -> Analyzing version 0.0.0-pr-24798-sha-f16de2fb (107/2261)...
2025-10-25 20:52:46,014 - BlankSpaceAnalyzer - INFO - -> Analyzing version 0.0.0-pr-24819-sha-347fb4f6 (108/2261)...
2025-10-25 20:52:46,093 - BlankSpaceAnalyzer - INFO - -> Analyzing version 0.0.0-pr-24820-sha-2ada0f90 (109/2261)...
2025-10-25 20:52:46,170 - BlankSpaceAnalyzer - INFO - -> Analyzing version 0.0.0-pr-24820-sha-5859dece (110/2261)...
2025-10-25 20:52:46,245 - BlankSpaceAnalyzer - INFO - -> Analyzing version 0.0.0-pr-24820-sha-5a288064 (111/2261)...
2025-10-25 20:52:46,316 - BlankSpaceAnalyzer - INFO - -> Analyzing version 0.0.0-pr-24844-sha-520c653e (112/2261)...
2025-10-25 20:52:46,394 - BlankSpaceAnalyzer - INFO - -> Analyzing version 0.0.0-pr-24844-sha-d241a3e8 (113/2261)...
2025-10-25 20:52:46,473 - BlankSpaceAnalyzer - INFO - -> Analyzing version 0.0.0-pr-24881-sha-6ea23655 (114/2261)...
2025-10-25 20:52:46,552 - BlankSpaceAnalyzer - INFO - -> Analyzing version 0.0.0-pr-24881-sha-d0979bc9 (115/2261)...
2025-10-25 20:52:46,629 - BlankSpaceAnalyzer - INFO - -> Analyzing version 0.0.0-pr-24889-sha-7abeedf4 (116/2261)...
2025-10-25 20:52:46,702 - BlankSpaceAnalyzer - INFO - -> Analyzing version 0.0.0-pr-24948-sha-038ec6fd (117/2261)...
2025-10-25 20:52:46,779 - BlankSpaceAnalyzer - INFO - -> Analyzing version 0.0.0-pr-24948-sha-12960c76 (118/2261)...
2025-10-25 20:52:46,858 - BlankSpaceAnalyzer - INFO - -> Analyzing version 0.0.0-pr-24948-sha-9cde885a (119/2261)...
2025-10-25 20:52:46,935 - BlankSpaceAnalyzer - INFO - -> Analyzing version 0.0.0-pr-24956-sha-878677ed (120/2261)...
2025-10-25 20:52:47,006 - BlankSpaceAnalyzer - INFO - -> Analyzing version 0.0.0-pr-24959-sha-01ff0210 (121/2261)...
2025-10-25 20:52:47,085 - BlankSpaceAnalyzer - INFO - -> Analyzing version 0.0.0-pr-24973-sha-64de488b (122/2261)...
2025-10-25 20:52:47,165 - BlankSpaceAnalyzer - INFO - -> Analyzing version 0.0.0-pr-24975-sha-7ac48cba (123/2261)...
2025-10-25 20:52:47,241 - BlankSpaceAnalyzer - INFO - -> Analyzing version 0.0.0-pr-24997-sha-135e638f (124/2261)...
2025-10-25 20:52:47,314 - BlankSpaceAnalyzer - INFO - -> Analyzing version 0.0.0-pr-24997-sha-392f1b57 (125/2261)...
2025-10-25 20:52:47,394 - BlankSpaceAnalyzer - INFO - -> Analyzing version 0.0.0-pr-24997-sha-4ed6f992 (126/2261)...
2025-10-25 20:52:47,472 - BlankSpaceAnalyzer - INFO - -> Analyzing version 0.0.0-pr-24997-sha-6379ff8d (127/2261)...
2025-10-25 20:52:47,551 - BlankSpaceAnalyzer - INFO - -> Analyzing version 0.0.0-pr-24997-sha-972ed44e (128/2261)...
2025-10-25 20:52:47,630 - BlankSpaceAnalyzer - INFO - -> Analyzing version 0.0.0-pr-24997-sha-c414978b (129/2261)...
2025-10-25 20:52:47,709 - BlankSpaceAnalyzer - INFO - -> Analyzing version 0.0.0-pr-24997-sha-ed9cb676 (130/2261)...
2025-10-25 20:52:47,788 - BlankSpaceAnalyzer - INFO - -> Analyzing version 0.0.0-pr-24997-sha-f3766dc1 (131/2261)...
2025-10-25 20:52:47,866 - BlankSpaceAnalyzer - INFO - -> Analyzing version 0.0.0-pr-25004-sha-c5268c93 (132/2261)...
2025-10-25 20:52:47,944 - BlankSpaceAnalyzer - INFO - -> Analyzing version 0.0.0-pr-25031-sha-f8489ef6 (133/2261)...
2025-10-25 20:52:48,022 - BlankSpaceAnalyzer - INFO - -> Analyzing version 0.0.0-pr-25045-sha-cc9ccee0 (134/2261)...
2025-10-25 20:52:48,095 - BlankSpaceAnalyzer - INFO - -> Analyzing version 0.0.0-pr-25077-sha-830be219 (135/2261)...
2025-10-25 20:52:48,173 - BlankSpaceAnalyzer - INFO - -> Analyzing version 0.0.0-pr-25079-sha-65111396 (136/2261)...
2025-10-25 20:52:48,251 - BlankSpaceAnalyzer - INFO - -> Analyzing version 0.0.0-pr-25086-sha-b3010f16 (137/2261)...
2025-10-25 20:52:48,329 - BlankSpaceAnalyzer - INFO - -> Analyzing version 0.0.0-pr-25086-sha-fa16f873 (138/2261)...
2025-10-25 20:52:48,402 - BlankSpaceAnalyzer - INFO - -> Analyzing version 0.0.0-pr-25238-sha-829df7a0 (139/2261)...
2025-10-25 20:52:48,480 - BlankSpaceAnalyzer - INFO - -> Analyzing version 0.0.0-pr-25244-sha-bd2cf8e0 (140/2261)...
2025-10-25 20:52:48,555 - BlankSpaceAnalyzer - INFO - -> Analyzing version 0.0.0-pr-25254-sha-63c0cc3b (141/2261)...
2025-10-25 20:52:48,628 - BlankSpaceAnalyzer - INFO - -> Analyzing version 0.0.0-pr-25254-sha-a6f30dbc (142/2261)...
2025-10-25 20:52:48,706 - BlankSpaceAnalyzer - INFO - -> Analyzing version 0.0.0-pr-25254-sha-f2fdcdf1 (143/2261)...
2025-10-25 20:52:48,784 - BlankSpaceAnalyzer - INFO - -> Analyzing version 0.0.0-pr-25303-sha-3dcf056f (144/2261)...
2025-10-25 20:52:48,862 - BlankSpaceAnalyzer - INFO - -> Analyzing version 0.0.0-pr-25303-sha-7c4e18ec (145/2261)...
2025-10-25 20:52:48,939 - BlankSpaceAnalyzer - INFO - -> Analyzing version 0.0.0-pr-25303-sha-f3c003d0 (146/2261)...
2025-10-25 20:52:49,011 - BlankSpaceAnalyzer - INFO - -> Analyzing version 0.0.0-pr-25311-sha-2ae4efa4 (147/2261)...
2025-10-25 20:52:49,090 - BlankSpaceAnalyzer - INFO - -> Analyzing version 0.0.0-pr-25328-sha-5fe992e9 (148/2261)...
2025-10-25 20:52:49,169 - BlankSpaceAnalyzer - INFO - -> Analyzing version 0.0.0-pr-25328-sha-685b825e (149/2261)...
2025-10-25 20:52:49,245 - BlankSpaceAnalyzer - INFO - -> Analyzing version 0.0.0-pr-25328-sha-bf8289f2 (150/2261)...
2025-10-25 20:52:49,317 - BlankSpaceAnalyzer - INFO - -> Analyzing version 0.0.0-pr-25328-sha-e894c0b3 (151/2261)...
2025-10-25 20:52:49,395 - BlankSpaceAnalyzer - INFO - -> Analyzing version 0.0.0-pr-25329-sha-028652d7 (152/2261)...
2025-10-25 20:52:49,473 - BlankSpaceAnalyzer - INFO - -> Analyzing version 0.0.0-pr-25379-sha-d343aef0 (153/2261)...
2025-10-25 20:52:49,551 - BlankSpaceAnalyzer - INFO - -> Analyzing version 0.0.0-pr-25474-sha-c0c8ae28 (154/2261)...
2025-10-25 20:52:49,630 - BlankSpaceAnalyzer - INFO - -> Analyzing version 0.0.0-pr-25540-sha-c0037961 (155/2261)...
2025-10-25 20:52:49,708 - BlankSpaceAnalyzer - INFO - -> Analyzing version 0.0.0-pr-25567-sha-604112e1 (156/2261)...
2025-10-25 20:52:49,786 - BlankSpaceAnalyzer - INFO - -> Analyzing version 0.0.0-pr-25575-sha-8fad0180 (157/2261)...
2025-10-25 20:52:49,859 - BlankSpaceAnalyzer - INFO - -> Analyzing version 0.0.0-pr-25591-sha-337ab526 (158/2261)...
2025-10-25 20:52:49,931 - BlankSpaceAnalyzer - INFO - -> Analyzing version 0.0.0-pr-25596-sha-579fbffd (159/2261)...
2025-10-25 20:52:50,004 - BlankSpaceAnalyzer - INFO - -> Analyzing version 0.0.0-pr-25642-sha-bb79636f (160/2261)...
2025-10-25 20:52:50,082 - BlankSpaceAnalyzer - INFO - -> Analyzing version 0.0.0-pr-25664-sha-00f9feb2 (161/2261)...
2025-10-25 20:52:50,161 - BlankSpaceAnalyzer - INFO - -> Analyzing version 0.0.0-pr-25664-sha-900501bb (162/2261)...
2025-10-25 20:52:50,238 - BlankSpaceAnalyzer - INFO - -> Analyzing version 0.0.0-pr-25678-sha-560d4141 (163/2261)...
2025-10-25 20:52:50,312 - BlankSpaceAnalyzer - INFO - -> Analyzing version 0.0.0-pr-25678-sha-c0f17d75 (164/2261)...
2025-10-25 20:52:50,391 - BlankSpaceAnalyzer - INFO - -> Analyzing version 0.0.0-pr-25713-sha-6d618302 (165/2261)...
2025-10-25 20:52:50,470 - BlankSpaceAnalyzer - INFO - -> Analyzing version 0.0.0-pr-25713-sha-ffc35e8c (166/2261)...
2025-10-25 20:52:50,548 - BlankSpaceAnalyzer - INFO - -> Analyzing version 0.0.0-pr-25752-sha-424630b7 (167/2261)...
2025-10-25 20:52:50,625 - BlankSpaceAnalyzer - INFO - -> Analyzing version 0.0.0-pr-25752-sha-b5efbfe0 (168/2261)...
2025-10-25 20:52:50,698 - BlankSpaceAnalyzer - INFO - -> Analyzing version 0.0.0-pr-25787-sha-ce3d85aa (169/2261)...
2025-10-25 20:52:50,776 - BlankSpaceAnalyzer - INFO - -> Analyzing version 0.0.0-pr-25791-sha-731531eb (170/2261)...
2025-10-25 20:52:50,850 - BlankSpaceAnalyzer - INFO - -> Analyzing version 0.0.0-pr-25825-sha-bbd3f181 (171/2261)...
2025-10-25 20:52:50,924 - BlankSpaceAnalyzer - INFO - -> Analyzing version 0.0.0-pr-25827-sha-620cb807 (172/2261)...
2025-10-25 20:52:51,003 - BlankSpaceAnalyzer - INFO - -> Analyzing version 0.0.0-pr-25851-sha-9cfc856f (173/2261)...
2025-10-25 20:52:51,082 - BlankSpaceAnalyzer - INFO - -> Analyzing version 0.0.0-pr-25889-sha-0e66ecf5 (174/2261)...
2025-10-25 20:52:51,157 - BlankSpaceAnalyzer - INFO - -> Analyzing version 0.0.0-pr-25889-sha-1ae9e0b6 (175/2261)...
2025-10-25 20:52:51,230 - BlankSpaceAnalyzer - INFO - -> Analyzing version 0.0.0-pr-25889-sha-d1a3f51c (176/2261)...
2025-10-25 20:52:51,309 - BlankSpaceAnalyzer - INFO - -> Analyzing version 0.0.0-pr-25925-sha-38205a1c (177/2261)...
2025-10-25 20:52:51,387 - BlankSpaceAnalyzer - INFO - -> Analyzing version 0.0.0-pr-25934-sha-a4d40871 (178/2261)...
2025-10-25 20:52:51,465 - BlankSpaceAnalyzer - INFO - -> Analyzing version 0.0.0-pr-25958-sha-570b3ba2 (179/2261)...
2025-10-25 20:52:51,543 - BlankSpaceAnalyzer - INFO - -> Analyzing version 0.0.0-pr-26000-sha-a16f2ba7 (180/2261)...
2025-10-25 20:52:51,622 - BlankSpaceAnalyzer - INFO - -> Analyzing version 0.0.0-pr-26000-sha-e0e439e7 (181/2261)...
2025-10-25 20:52:51,694 - BlankSpaceAnalyzer - INFO - -> Analyzing version 0.0.0-pr-26024-sha-87bf8f0d (182/2261)...
2025-10-25 20:52:51,771 - BlankSpaceAnalyzer - INFO - -> Analyzing version 0.0.0-pr-26024-sha-c64041e4 (183/2261)...
2025-10-25 20:52:51,850 - BlankSpaceAnalyzer - INFO - -> Analyzing version 0.0.0-pr-26025-sha-9ddb0c81 (184/2261)...
2025-10-25 20:52:51,927 - BlankSpaceAnalyzer - INFO - -> Analyzing version 0.0.0-pr-26033-sha-152d96d1 (185/2261)...
2025-10-25 20:52:51,999 - BlankSpaceAnalyzer - INFO - -> Analyzing version 0.0.0-pr-26033-sha-fe0448b1 (186/2261)...
2025-10-25 20:52:52,078 - BlankSpaceAnalyzer - INFO - -> Analyzing version 0.0.0-pr-26035-sha-a321a58d (187/2261)...
2025-10-25 20:52:52,154 - BlankSpaceAnalyzer - INFO - -> Analyzing version 0.0.0-pr-26049-sha-b8adcad0 (188/2261)...
2025-10-25 20:52:52,226 - BlankSpaceAnalyzer - INFO - -> Analyzing version 0.0.0-pr-26055-sha-bcc55126 (189/2261)...
2025-10-25 20:52:52,299 - BlankSpaceAnalyzer - INFO - -> Analyzing version 0.0.0-pr-26067-sha-1d9e1147 (190/2261)...
2025-10-25 20:52:52,375 - BlankSpaceAnalyzer - INFO - -> Analyzing version 0.0.0-pr-26067-sha-847cb0b0 (191/2261)...
2025-10-25 20:52:52,450 - BlankSpaceAnalyzer - INFO - -> Analyzing version 0.0.0-pr-26077-sha-aea7ea3d (192/2261)...
2025-10-25 20:52:52,522 - BlankSpaceAnalyzer - INFO - -> Analyzing version 0.0.0-pr-26100-sha-c827d17a (193/2261)...
2025-10-25 20:52:52,600 - BlankSpaceAnalyzer - INFO - -> Analyzing version 0.0.0-pr-26142-sha-d413d537 (194/2261)...
2025-10-25 20:52:52,679 - BlankSpaceAnalyzer - INFO - -> Analyzing version 0.0.0-pr-26142-sha-e8dfde81 (195/2261)...
2025-10-25 20:52:52,757 - BlankSpaceAnalyzer - INFO - -> Analyzing version 0.0.0-pr-26145-sha-32b8346f (196/2261)...
2025-10-25 20:52:52,833 - BlankSpaceAnalyzer - INFO - -> Analyzing version 0.0.0-pr-26164-sha-8cb78c9f (197/2261)...
2025-10-25 20:52:52,904 - BlankSpaceAnalyzer - INFO - -> Analyzing version 0.0.0-pr-26176-sha-e072ee44 (198/2261)...
2025-10-25 20:52:52,982 - BlankSpaceAnalyzer - INFO - -> Analyzing version 0.0.0-pr-26188-sha-2d5f1f55 (199/2261)...
2025-10-25 20:52:53,062 - BlankSpaceAnalyzer - INFO - -> Analyzing version 0.0.0-pr-26188-sha-982be2de (200/2261)...
2025-10-25 20:52:53,138 - BlankSpaceAnalyzer - INFO - -> Analyzing version 0.0.0-pr-26188-sha-f37524b8 (201/2261)...
2025-10-25 20:52:53,210 - BlankSpaceAnalyzer - INFO - -> Analyzing version 0.0.0-pr-26201-sha-690050fb (202/2261)...
2025-10-25 20:52:53,288 - BlankSpaceAnalyzer - INFO - -> Analyzing version 0.0.0-pr-26210-sha-0190219a (203/2261)...
2025-10-25 20:52:53,366 - BlankSpaceAnalyzer - INFO - -> Analyzing version 0.0.0-pr-26219-sha-460e98af (204/2261)...
2025-10-25 20:52:53,445 - BlankSpaceAnalyzer - INFO - -> Analyzing version 0.0.0-pr-26219-sha-4865e2ff (205/2261)...
2025-10-25 20:52:53,525 - BlankSpaceAnalyzer - INFO - -> Analyzing version 0.0.0-pr-26219-sha-d52adbb1 (206/2261)...
2025-10-25 20:52:53,602 - BlankSpaceAnalyzer - INFO - -> Analyzing version 0.0.0-pr-26219-sha-d5781350 (207/2261)...
2025-10-25 20:52:53,680 - BlankSpaceAnalyzer - INFO - -> Analyzing version 0.0.0-pr-26228-sha-c671ac97 (208/2261)...
2025-10-25 20:52:53,754 - BlankSpaceAnalyzer - INFO - -> Analyzing version 0.0.0-pr-26243-sha-393e9350 (209/2261)...
2025-10-25 20:52:53,826 - BlankSpaceAnalyzer - INFO - -> Analyzing version 0.0.0-pr-26243-sha-c7b1761e (210/2261)...
2025-10-25 20:52:53,897 - BlankSpaceAnalyzer - INFO - -> Analyzing version 0.0.0-pr-26262-sha-4d24ee07 (211/2261)...
2025-10-25 20:52:53,975 - BlankSpaceAnalyzer - INFO - -> Analyzing version 0.0.0-pr-26262-sha-bb8590c9 (212/2261)...
2025-10-25 20:52:54,050 - BlankSpaceAnalyzer - INFO - -> Analyzing version 0.0.0-pr-26282-sha-c3335f7d (213/2261)...
2025-10-25 20:52:54,121 - BlankSpaceAnalyzer - INFO - -> Analyzing version 0.0.0-pr-26304-sha-8cbb06d9 (214/2261)...
2025-10-25 20:52:54,192 - BlankSpaceAnalyzer - INFO - -> Analyzing version 0.0.0-pr-26308-sha-1b9b8c88 (215/2261)...
2025-10-25 20:52:54,270 - BlankSpaceAnalyzer - INFO - -> Analyzing version 0.0.0-pr-26317-sha-fcd8bf2c (216/2261)...
2025-10-25 20:52:54,346 - BlankSpaceAnalyzer - INFO - -> Analyzing version 0.0.0-pr-26362-sha-ec71ddb7 (217/2261)...
2025-10-25 20:52:54,417 - BlankSpaceAnalyzer - INFO - -> Analyzing version 0.0.0-pr-26387-sha-0dbe3e46 (218/2261)...
2025-10-25 20:52:54,494 - BlankSpaceAnalyzer - INFO - -> Analyzing version 0.0.0-pr-26413-sha-81812663 (219/2261)...
2025-10-25 20:52:54,573 - BlankSpaceAnalyzer - INFO - -> Analyzing version 0.0.0-pr-26500-sha-4eef9b4c (220/2261)...
2025-10-25 20:52:54,646 - BlankSpaceAnalyzer - INFO - -> Analyzing version 0.0.0-pr-26527-sha-db4e08ae (221/2261)...
2025-10-25 20:52:54,718 - BlankSpaceAnalyzer - INFO - -> Analyzing version 0.0.0-pr-26557-sha-7290a2c2 (222/2261)...
2025-10-25 20:52:54,795 - BlankSpaceAnalyzer - INFO - -> Analyzing version 0.0.0-pr-26654-sha-49d01553 (223/2261)...
2025-10-25 20:52:54,872 - BlankSpaceAnalyzer - INFO - -> Analyzing version 0.0.0-pr-26688-sha-494cdb01 (224/2261)...
2025-10-25 20:52:54,946 - BlankSpaceAnalyzer - INFO - -> Analyzing version 0.0.0-pr-26688-sha-553a642b (225/2261)...
2025-10-25 20:52:55,018 - BlankSpaceAnalyzer - INFO - -> Analyzing version 0.0.0-pr-26688-sha-5f6b1107 (226/2261)...
2025-10-25 20:52:55,095 - BlankSpaceAnalyzer - INFO - -> Analyzing version 0.0.0-pr-26688-sha-d43fe28e (227/2261)...
2025-10-25 20:52:55,174 - BlankSpaceAnalyzer - INFO - -> Analyzing version 0.0.0-pr-26696-sha-63254fdd (228/2261)...
2025-10-25 20:52:55,252 - BlankSpaceAnalyzer - INFO - -> Analyzing version 0.0.0-pr-26721-sha-65e66987 (229/2261)...
2025-10-25 20:52:55,330 - BlankSpaceAnalyzer - INFO - -> Analyzing version 0.0.0-pr-26750-sha-e1401088 (230/2261)...
2025-10-25 20:52:55,408 - BlankSpaceAnalyzer - INFO - -> Analyzing version 0.0.0-pr-26764-sha-e9d28dba (231/2261)...
2025-10-25 20:52:55,485 - BlankSpaceAnalyzer - INFO - -> Analyzing version 0.0.0-pr-26773-sha-d494a465 (232/2261)...
2025-10-25 20:52:55,558 - BlankSpaceAnalyzer - INFO - -> Analyzing version 0.0.0-pr-26815-sha-3a4c4ac8 (233/2261)...
2025-10-25 20:52:55,629 - BlankSpaceAnalyzer - INFO - -> Analyzing version 0.0.0-pr-26815-sha-5b526683 (234/2261)...
2025-10-25 20:52:55,701 - BlankSpaceAnalyzer - INFO - -> Analyzing version 0.0.0-pr-26815-sha-7374e125 (235/2261)...
2025-10-25 20:52:55,778 - BlankSpaceAnalyzer - INFO - -> Analyzing version 0.0.0-pr-26821-sha-9e7cde97 (236/2261)...
2025-10-25 20:52:55,852 - BlankSpaceAnalyzer - INFO - -> Analyzing version 0.0.0-pr-26827-sha-1298227d (237/2261)...
2025-10-25 20:52:55,923 - BlankSpaceAnalyzer - INFO - -> Analyzing version 0.0.0-pr-26827-sha-2e5a457b (238/2261)...
2025-10-25 20:52:55,994 - BlankSpaceAnalyzer - INFO - -> Analyzing version 0.0.0-pr-26827-sha-8d21fb2c (239/2261)...
2025-10-25 20:52:56,072 - BlankSpaceAnalyzer - INFO - -> Analyzing version 0.0.0-pr-26827-sha-907fb3aa (240/2261)...
2025-10-25 20:52:56,146 - BlankSpaceAnalyzer - INFO - -> Analyzing version 0.0.0-pr-26827-sha-9b2b60fc (241/2261)...
2025-10-25 20:52:56,217 - BlankSpaceAnalyzer - INFO - -> Analyzing version 0.0.0-pr-26827-sha-b1063c83 (242/2261)...
2025-10-25 20:52:56,296 - BlankSpaceAnalyzer - INFO - -> Analyzing version 0.0.0-pr-26827-sha-bc129cb2 (243/2261)...
2025-10-25 20:52:56,374 - BlankSpaceAnalyzer - INFO - -> Analyzing version 0.0.0-pr-26827-sha-e9f42642 (244/2261)...
2025-10-25 20:52:56,452 - BlankSpaceAnalyzer - INFO - -> Analyzing version 0.0.0-pr-26837-sha-6fdb569c (245/2261)...
2025-10-25 20:52:56,528 - BlankSpaceAnalyzer - INFO - -> Analyzing version 0.0.0-pr-26853-sha-30de294c (246/2261)...
2025-10-25 20:52:56,600 - BlankSpaceAnalyzer - INFO - -> Analyzing version 0.0.0-pr-26853-sha-310aaf5a (247/2261)...
2025-10-25 20:52:56,678 - BlankSpaceAnalyzer - INFO - -> Analyzing version 0.0.0-pr-26853-sha-8b6bbbfe (248/2261)...
2025-10-25 20:52:56,752 - BlankSpaceAnalyzer - INFO - -> Analyzing version 0.0.0-pr-26853-sha-8dbd04c4 (249/2261)...
2025-10-25 20:52:56,824 - BlankSpaceAnalyzer - INFO - -> Analyzing version 0.0.0-pr-26853-sha-b51db447 (250/2261)...
2025-10-25 20:52:56,895 - BlankSpaceAnalyzer - INFO - -> Analyzing version 0.0.0-pr-26875-sha-1378113c (251/2261)...
2025-10-25 20:52:56,973 - BlankSpaceAnalyzer - INFO - -> Analyzing version 0.0.0-pr-26875-sha-3cf98467 (252/2261)...
2025-10-25 20:52:57,051 - BlankSpaceAnalyzer - INFO - -> Analyzing version 0.0.0-pr-26875-sha-9077f9e9 (253/2261)...
2025-10-25 20:52:57,128 - BlankSpaceAnalyzer - INFO - -> Analyzing version 0.0.0-pr-26884-sha-09b7a3da (254/2261)...
2025-10-25 20:52:57,199 - BlankSpaceAnalyzer - INFO - -> Analyzing version 0.0.0-pr-26884-sha-1ec720b9 (255/2261)...
2025-10-25 20:52:57,276 - BlankSpaceAnalyzer - INFO - -> Analyzing version 0.0.0-pr-26886-sha-3e6e7e2b (256/2261)...
2025-10-25 20:52:57,350 - BlankSpaceAnalyzer - INFO - -> Analyzing version 0.0.0-pr-26886-sha-640213e0 (257/2261)...
2025-10-25 20:52:57,421 - BlankSpaceAnalyzer - INFO - -> Analyzing version 0.0.0-pr-26886-sha-76a14be0 (258/2261)...
2025-10-25 20:52:57,500 - BlankSpaceAnalyzer - INFO - -> Analyzing version 0.0.0-pr-26886-sha-b094da7b (259/2261)...
2025-10-25 20:52:57,577 - BlankSpaceAnalyzer - INFO - -> Analyzing version 0.0.0-pr-26923-sha-300a6ba8 (260/2261)...
2025-10-25 20:52:57,652 - BlankSpaceAnalyzer - INFO - -> Analyzing version 0.0.0-pr-27008-sha-307d4fb3 (261/2261)...
2025-10-25 20:52:57,725 - BlankSpaceAnalyzer - INFO - -> Analyzing version 0.0.0-pr-27039-sha-248e1a1b (262/2261)...
2025-10-25 20:52:57,803 - BlankSpaceAnalyzer - INFO - -> Analyzing version 0.0.0-pr-27039-sha-3c144552 (263/2261)...
2025-10-25 20:52:57,882 - BlankSpaceAnalyzer - INFO - -> Analyzing version 0.0.0-pr-27039-sha-65814b9a (264/2261)...
2025-10-25 20:52:57,956 - BlankSpaceAnalyzer - INFO - -> Analyzing version 0.0.0-pr-27039-sha-9bd21423 (265/2261)...
2025-10-25 20:52:58,028 - BlankSpaceAnalyzer - INFO - -> Analyzing version 0.0.0-pr-27039-sha-a8fe2125 (266/2261)...
2025-10-25 20:52:58,099 - BlankSpaceAnalyzer - INFO - -> Analyzing version 0.0.0-pr-27039-sha-b18a4164 (267/2261)...
2025-10-25 20:52:58,176 - BlankSpaceAnalyzer - INFO - -> Analyzing version 0.0.0-pr-27039-sha-c071d1be (268/2261)...
2025-10-25 20:52:58,249 - BlankSpaceAnalyzer - INFO - -> Analyzing version 0.0.0-pr-27039-sha-c5b7b6ce (269/2261)...
2025-10-25 20:52:58,322 - BlankSpaceAnalyzer - INFO - -> Analyzing version 0.0.0-pr-27039-sha-dca9edef (270/2261)...
2025-10-25 20:52:58,399 - BlankSpaceAnalyzer - INFO - -> Analyzing version 0.0.0-pr-27039-sha-f879c505 (271/2261)...
2025-10-25 20:52:58,476 - BlankSpaceAnalyzer - INFO - -> Analyzing version 0.0.0-pr-27039-sha-fbc11962 (272/2261)...
2025-10-25 20:52:58,551 - BlankSpaceAnalyzer - INFO - -> Analyzing version 0.0.0-pr-27070-sha-e0acab3b (273/2261)...
2025-10-25 20:52:58,621 - BlankSpaceAnalyzer - INFO - -> Analyzing version 0.0.0-pr-27107-sha-ce5fc536 (274/2261)...
2025-10-25 20:52:58,693 - BlankSpaceAnalyzer - INFO - -> Analyzing version 0.0.0-pr-27108-sha-2470133a (275/2261)...
2025-10-25 20:52:58,770 - BlankSpaceAnalyzer - INFO - -> Analyzing version 0.0.0-pr-27171-sha-0200052e (276/2261)...
2025-10-25 20:52:58,844 - BlankSpaceAnalyzer - INFO - -> Analyzing version 0.0.0-pr-27171-sha-04378b75 (277/2261)...
2025-10-25 20:52:58,916 - BlankSpaceAnalyzer - INFO - -> Analyzing version 0.0.0-pr-27171-sha-0f74c006 (278/2261)...
2025-10-25 20:52:58,994 - BlankSpaceAnalyzer - INFO - -> Analyzing version 0.0.0-pr-27171-sha-780ef97f (279/2261)...
2025-10-25 20:52:59,067 - BlankSpaceAnalyzer - INFO - -> Analyzing version 0.0.0-pr-27171-sha-a9f1e1db (280/2261)...
2025-10-25 20:52:59,139 - BlankSpaceAnalyzer - INFO - -> Analyzing version 0.0.0-pr-27171-sha-f81ba26a (281/2261)...
2025-10-25 20:52:59,209 - BlankSpaceAnalyzer - INFO - -> Analyzing version 0.0.0-pr-27202-sha-9b58ef19 (282/2261)...
2025-10-25 20:52:59,287 - BlankSpaceAnalyzer - INFO - -> Analyzing version 0.0.0-pr-27359-sha-2d459478 (283/2261)...
2025-10-25 20:52:59,359 - BlankSpaceAnalyzer - INFO - -> Analyzing version 0.0.0-pr-27361-sha-2255ede9 (284/2261)...
2025-10-25 20:52:59,432 - BlankSpaceAnalyzer - INFO - -> Analyzing version 0.0.0-pr-27418-sha-ab9c6633 (285/2261)...
2025-10-25 20:52:59,510 - BlankSpaceAnalyzer - INFO - -> Analyzing version 0.0.0-pr-27423-sha-1f1adcc7 (286/2261)...
2025-10-25 20:52:59,587 - BlankSpaceAnalyzer - INFO - -> Analyzing version 0.0.0-pr-27423-sha-a431b1dc (287/2261)...
2025-10-25 20:52:59,664 - BlankSpaceAnalyzer - INFO - -> Analyzing version 0.0.0-pr-27522-sha-4e7fd5c5 (288/2261)...
2025-10-25 20:52:59,742 - BlankSpaceAnalyzer - INFO - -> Analyzing version 0.0.0-pr-27522-sha-b32386a1 (289/2261)...
2025-10-25 20:52:59,823 - BlankSpaceAnalyzer - INFO - -> Analyzing version 0.0.0-pr-27529-sha-07e8bc7b (290/2261)...
2025-10-25 20:52:59,899 - BlankSpaceAnalyzer - INFO - -> Analyzing version 0.0.0-pr-28144-sha-88097b55 (291/2261)...
2025-10-25 20:52:59,979 - BlankSpaceAnalyzer - INFO - -> Analyzing version 0.0.0-pr-28247-sha-834d31db (292/2261)...
2025-10-25 20:53:00,054 - BlankSpaceAnalyzer - INFO - -> Analyzing version 0.0.0-pr-28255-sha-9d564a0d (293/2261)...
2025-10-25 20:53:00,125 - BlankSpaceAnalyzer - INFO - -> Analyzing version 0.0.0-pr-28255-sha-b988fb35 (294/2261)...
2025-10-25 20:53:00,196 - BlankSpaceAnalyzer - INFO - -> Analyzing version 0.0.0-pr-28288-sha-00631c78 (295/2261)...
2025-10-25 20:53:00,273 - BlankSpaceAnalyzer - INFO - -> Analyzing version 0.0.0-pr-28288-sha-0190663b (296/2261)...
2025-10-25 20:53:00,352 - BlankSpaceAnalyzer - INFO - -> Analyzing version 0.0.0-pr-28288-sha-18b220e4 (297/2261)...
2025-10-25 20:53:00,421 - BlankSpaceAnalyzer - INFO - -> Analyzing version 0.0.0-pr-28288-sha-44851e1f (298/2261)...
2025-10-25 20:53:00,493 - BlankSpaceAnalyzer - INFO - -> Analyzing version 0.0.0-pr-28288-sha-868da8f7 (299/2261)...
2025-10-25 20:53:00,570 - BlankSpaceAnalyzer - INFO - -> Analyzing version 0.0.0-pr-28288-sha-a1dffdc0 (300/2261)...
2025-10-25 20:53:00,646 - BlankSpaceAnalyzer - INFO - -> Analyzing version 0.0.0-pr-28288-sha-f4b255c5 (301/2261)...
2025-10-25 20:53:00,719 - BlankSpaceAnalyzer - INFO - -> Analyzing version 0.0.0-pr-28310-sha-4e2aa1c7 (302/2261)...
2025-10-25 20:53:00,797 - BlankSpaceAnalyzer - INFO - -> Analyzing version 0.0.0-pr-28318-sha-24019b5c (303/2261)...
2025-10-25 20:53:00,875 - BlankSpaceAnalyzer - INFO - -> Analyzing version 0.0.0-pr-28319-sha-5c2d5dd4 (304/2261)...
2025-10-25 20:53:00,950 - BlankSpaceAnalyzer - INFO - -> Analyzing version 0.0.0-pr-28319-sha-b5e94723 (305/2261)...
2025-10-25 20:53:01,022 - BlankSpaceAnalyzer - INFO - -> Analyzing version 0.0.0-pr-28385-sha-61d0ddf0 (306/2261)...
2025-10-25 20:53:01,100 - BlankSpaceAnalyzer - INFO - -> Analyzing version 0.0.0-pr-28385-sha-9aab3bd7 (307/2261)...
2025-10-25 20:53:01,179 - BlankSpaceAnalyzer - INFO - -> Analyzing version 0.0.0-pr-28410-sha-1e4b8fe0 (308/2261)...
2025-10-25 20:53:01,252 - BlankSpaceAnalyzer - INFO - -> Analyzing version 0.0.0-pr-28415-sha-49a96170 (309/2261)...
2025-10-25 20:53:01,325 - BlankSpaceAnalyzer - INFO - -> Analyzing version 0.0.0-pr-28415-sha-98c4ca6f (310/2261)...
2025-10-25 20:53:01,402 - BlankSpaceAnalyzer - INFO - -> Analyzing version 0.0.0-pr-28418-sha-1934512b (311/2261)...
2025-10-25 20:53:01,480 - BlankSpaceAnalyzer - INFO - -> Analyzing version 0.0.0-pr-28455-sha-92218b55 (312/2261)...
2025-10-25 20:53:01,553 - BlankSpaceAnalyzer - INFO - -> Analyzing version 0.0.0-pr-28460-sha-b938a95e (313/2261)...
2025-10-25 20:53:01,625 - BlankSpaceAnalyzer - INFO - -> Analyzing version 0.0.0-pr-28471-sha-0136d9a2 (314/2261)...
2025-10-25 20:53:01,696 - BlankSpaceAnalyzer - INFO - -> Analyzing version 0.0.0-pr-28471-sha-3051a5b2 (315/2261)...
2025-10-25 20:53:01,774 - BlankSpaceAnalyzer - INFO - -> Analyzing version 0.0.0-pr-28481-sha-0c1a3b1c (316/2261)...
2025-10-25 20:53:01,848 - BlankSpaceAnalyzer - INFO - -> Analyzing version 0.0.0-pr-28481-sha-85821163 (317/2261)...
2025-10-25 20:53:01,919 - BlankSpaceAnalyzer - INFO - -> Analyzing version 0.0.0-pr-28483-sha-98ec3d9e (318/2261)...
2025-10-25 20:53:01,996 - BlankSpaceAnalyzer - INFO - -> Analyzing version 0.0.0-pr-28483-sha-b6e8d097 (319/2261)...
2025-10-25 20:53:02,075 - BlankSpaceAnalyzer - INFO - -> Analyzing version 0.0.0-pr-28483-sha-c6902abe (320/2261)...
2025-10-25 20:53:02,149 - BlankSpaceAnalyzer - INFO - -> Analyzing version 0.0.0-pr-28483-sha-d7c2f6b8 (321/2261)...
2025-10-25 20:53:02,220 - BlankSpaceAnalyzer - INFO - -> Analyzing version 0.0.0-pr-28492-sha-08d3f4f1 (322/2261)...
2025-10-25 20:53:02,291 - BlankSpaceAnalyzer - INFO - -> Analyzing version 0.0.0-pr-28492-sha-789c232a (323/2261)...
2025-10-25 20:53:02,368 - BlankSpaceAnalyzer - INFO - -> Analyzing version 0.0.0-pr-28519-sha-34a61f2f (324/2261)...
2025-10-25 20:53:02,442 - BlankSpaceAnalyzer - INFO - -> Analyzing version 0.0.0-pr-28519-sha-435dfc14 (325/2261)...
2025-10-25 20:53:02,514 - BlankSpaceAnalyzer - INFO - -> Analyzing version 0.0.0-pr-28519-sha-55a2fd41 (326/2261)...
2025-10-25 20:53:02,591 - BlankSpaceAnalyzer - INFO - -> Analyzing version 0.0.0-pr-28519-sha-8fbf6907 (327/2261)...
2025-10-25 20:53:02,669 - BlankSpaceAnalyzer - INFO - -> Analyzing version 0.0.0-pr-28519-sha-9507c102 (328/2261)...
2025-10-25 20:53:02,743 - BlankSpaceAnalyzer - INFO - -> Analyzing version 0.0.0-pr-28519-sha-bb99ab9c (329/2261)...
2025-10-25 20:53:02,815 - BlankSpaceAnalyzer - INFO - -> Analyzing version 0.0.0-pr-28519-sha-bcd8b77c (330/2261)...
2025-10-25 20:53:02,893 - BlankSpaceAnalyzer - INFO - -> Analyzing version 0.0.0-pr-28519-sha-c31b2497 (331/2261)...
2025-10-25 20:53:02,971 - BlankSpaceAnalyzer - INFO - -> Analyzing version 0.0.0-pr-28519-sha-d0855031 (332/2261)...
2025-10-25 20:53:03,048 - BlankSpaceAnalyzer - INFO - -> Analyzing version 0.0.0-pr-28519-sha-d9144630 (333/2261)...
2025-10-25 20:53:03,126 - BlankSpaceAnalyzer - INFO - -> Analyzing version 0.0.0-pr-28519-sha-dc715316 (334/2261)...
2025-10-25 20:53:03,204 - BlankSpaceAnalyzer - INFO - -> Analyzing version 0.0.0-pr-28552-sha-231a9ce2 (335/2261)...
2025-10-25 20:53:03,281 - BlankSpaceAnalyzer - INFO - -> Analyzing version 0.0.0-pr-28552-sha-be84deb3 (336/2261)...
2025-10-25 20:53:03,358 - BlankSpaceAnalyzer - INFO - -> Analyzing version 0.0.0-pr-28564-sha-ee053642 (337/2261)...
2025-10-25 20:53:03,437 - BlankSpaceAnalyzer - INFO - -> Analyzing version 0.0.0-pr-28571-sha-b97df212 (338/2261)...
2025-10-25 20:53:03,515 - BlankSpaceAnalyzer - INFO - -> Analyzing version 0.0.0-pr-28579-sha-08603e88 (339/2261)...
2025-10-25 20:53:03,594 - BlankSpaceAnalyzer - INFO - -> Analyzing version 0.0.0-pr-28579-sha-24215f08 (340/2261)...
2025-10-25 20:53:03,675 - BlankSpaceAnalyzer - INFO - -> Analyzing version 0.0.0-pr-28581-sha-1dc31136 (341/2261)...
2025-10-25 20:53:03,748 - BlankSpaceAnalyzer - INFO - -> Analyzing version 0.0.0-pr-28585-sha-af48f0d6 (342/2261)...
2025-10-25 20:53:03,819 - BlankSpaceAnalyzer - INFO - -> Analyzing version 0.0.0-pr-28607-sha-54ec63fe (343/2261)...
2025-10-25 20:53:03,890 - BlankSpaceAnalyzer - INFO - -> Analyzing version 0.0.0-pr-28607-sha-b9bf7d39 (344/2261)...
2025-10-25 20:53:03,967 - BlankSpaceAnalyzer - INFO - -> Analyzing version 0.0.0-pr-28609-sha-1103d7ff (345/2261)...
2025-10-25 20:53:04,046 - BlankSpaceAnalyzer - INFO - -> Analyzing version 0.0.0-pr-28693-sha-ed560db4 (346/2261)...
2025-10-25 20:53:04,123 - BlankSpaceAnalyzer - INFO - -> Analyzing version 0.0.0-pr-28694-sha-b28ec221 (347/2261)...
2025-10-25 20:53:04,202 - BlankSpaceAnalyzer - INFO - -> Analyzing version 0.0.0-pr-28699-sha-3cca421e (348/2261)...
2025-10-25 20:53:04,280 - BlankSpaceAnalyzer - INFO - -> Analyzing version 0.0.0-pr-28700-sha-917b9cbd (349/2261)...
2025-10-25 20:53:04,362 - BlankSpaceAnalyzer - INFO - -> Analyzing version 0.0.0-pr-28730-sha-19917266 (350/2261)...
2025-10-25 20:53:04,436 - BlankSpaceAnalyzer - INFO - -> Analyzing version 0.0.0-pr-28730-sha-8f30c5c8 (351/2261)...
2025-10-25 20:53:04,507 - BlankSpaceAnalyzer - INFO - -> Analyzing version 0.0.0-pr-28730-sha-c76facfe (352/2261)...
2025-10-25 20:53:04,585 - BlankSpaceAnalyzer - INFO - -> Analyzing version 0.0.0-pr-28752-sha-a65743e5 (353/2261)...
2025-10-25 20:53:04,662 - BlankSpaceAnalyzer - INFO - -> Analyzing version 0.0.0-pr-28756-sha-b7d9207d (354/2261)...
2025-10-25 20:53:04,739 - BlankSpaceAnalyzer - INFO - -> Analyzing version 0.0.0-pr-28756-sha-d271575c (355/2261)...
2025-10-25 20:53:04,810 - BlankSpaceAnalyzer - INFO - -> Analyzing version 0.0.0-pr-28761-sha-b7b04012 (356/2261)...
2025-10-25 20:53:04,889 - BlankSpaceAnalyzer - INFO - -> Analyzing version 0.0.0-pr-28768-sha-2e4b1992 (357/2261)...
2025-10-25 20:53:04,968 - BlankSpaceAnalyzer - INFO - -> Analyzing version 0.0.0-pr-28768-sha-416cd00d (358/2261)...
2025-10-25 20:53:05,044 - BlankSpaceAnalyzer - INFO - -> Analyzing version 0.0.0-pr-28768-sha-4bf04455 (359/2261)...
2025-10-25 20:53:05,117 - BlankSpaceAnalyzer - INFO - -> Analyzing version 0.0.0-pr-28768-sha-6d4caba0 (360/2261)...
2025-10-25 20:53:05,196 - BlankSpaceAnalyzer - INFO - -> Analyzing version 0.0.0-pr-28768-sha-81281ec6 (361/2261)...
2025-10-25 20:53:05,274 - BlankSpaceAnalyzer - INFO - -> Analyzing version 0.0.0-pr-28768-sha-87c6223c (362/2261)...
2025-10-25 20:53:05,351 - BlankSpaceAnalyzer - INFO - -> Analyzing version 0.0.0-pr-28768-sha-89e4a1ff (363/2261)...
2025-10-25 20:53:05,428 - BlankSpaceAnalyzer - INFO - -> Analyzing version 0.0.0-pr-28768-sha-9b4d61ce (364/2261)...
2025-10-25 20:53:05,500 - BlankSpaceAnalyzer - INFO - -> Analyzing version 0.0.0-pr-28768-sha-be894e9d (365/2261)...
2025-10-25 20:53:05,577 - BlankSpaceAnalyzer - INFO - -> Analyzing version 0.0.0-pr-28768-sha-f4bf860e (366/2261)...
2025-10-25 20:53:05,653 - BlankSpaceAnalyzer - INFO - -> Analyzing version 0.0.0-pr-28797-sha-2c38805d (367/2261)...
2025-10-25 20:53:05,724 - BlankSpaceAnalyzer - INFO - -> Analyzing version 0.0.0-pr-28797-sha-e221ee7e (368/2261)...
2025-10-25 20:53:05,797 - BlankSpaceAnalyzer - INFO - -> Analyzing version 0.0.0-pr-28800-sha-2528064a (369/2261)...
2025-10-25 20:53:05,875 - BlankSpaceAnalyzer - INFO - -> Analyzing version 0.0.0-pr-28882-sha-2310d8df (370/2261)...
2025-10-25 20:53:05,953 - BlankSpaceAnalyzer - INFO - -> Analyzing version 0.0.0-pr-28882-sha-2e6a0c80 (371/2261)...
2025-10-25 20:53:06,031 - BlankSpaceAnalyzer - INFO - -> Analyzing version 0.0.0-pr-28882-sha-441ae2cd (372/2261)...
2025-10-25 20:53:06,104 - BlankSpaceAnalyzer - INFO - -> Analyzing version 0.0.0-pr-28882-sha-90fe4bc9 (373/2261)...
2025-10-25 20:53:06,181 - BlankSpaceAnalyzer - INFO - -> Analyzing version 0.0.0-pr-28882-sha-a04fe375 (374/2261)...
2025-10-25 20:53:06,256 - BlankSpaceAnalyzer - INFO - -> Analyzing version 0.0.0-pr-28882-sha-e607100a (375/2261)...
2025-10-25 20:53:06,327 - BlankSpaceAnalyzer - INFO - -> Analyzing version 0.0.0-pr-28916-sha-7e83d7e4 (376/2261)...
2025-10-25 20:53:06,399 - BlankSpaceAnalyzer - INFO - -> Analyzing version 0.0.0-pr-28920-sha-0a35a32c (377/2261)...
2025-10-25 20:53:06,477 - BlankSpaceAnalyzer - INFO - -> Analyzing version 0.0.0-pr-28920-sha-480f404a (378/2261)...
2025-10-25 20:53:06,551 - BlankSpaceAnalyzer - INFO - -> Analyzing version 0.0.0-pr-28920-sha-cd8f1f27 (379/2261)...
2025-10-25 20:53:06,624 - BlankSpaceAnalyzer - INFO - -> Analyzing version 0.0.0-pr-28920-sha-f1031cb2 (380/2261)...
2025-10-25 20:53:06,702 - BlankSpaceAnalyzer - INFO - -> Analyzing version 0.0.0-pr-28920-sha-f4db6c03 (381/2261)...
2025-10-25 20:53:06,781 - BlankSpaceAnalyzer - INFO - -> Analyzing version 0.0.0-pr-28975-sha-896e3f06 (382/2261)...
2025-10-25 20:53:06,854 - BlankSpaceAnalyzer - INFO - -> Analyzing version 0.0.0-pr-28975-sha-d3d6fd2e (383/2261)...
2025-10-25 20:53:06,928 - BlankSpaceAnalyzer - INFO - -> Analyzing version 0.0.0-pr-28978-sha-d1099143 (384/2261)...
2025-10-25 20:53:06,999 - BlankSpaceAnalyzer - INFO - -> Analyzing version 0.0.0-pr-28980-sha-5147e88f (385/2261)...
2025-10-25 20:53:07,078 - BlankSpaceAnalyzer - INFO - -> Analyzing version 0.0.0-pr-28984-sha-29839935 (386/2261)...
2025-10-25 20:53:07,155 - BlankSpaceAnalyzer - INFO - -> Analyzing version 0.0.0-pr-28993-sha-5e4d9ae9 (387/2261)...
2025-10-25 20:53:07,232 - BlankSpaceAnalyzer - INFO - -> Analyzing version 0.0.0-pr-29012-sha-dea51a74 (388/2261)...
2025-10-25 20:53:07,304 - BlankSpaceAnalyzer - INFO - -> Analyzing version 0.0.0-pr-29012-sha-f9454736 (389/2261)...
2025-10-25 20:53:07,382 - BlankSpaceAnalyzer - INFO - -> Analyzing version 0.0.0-pr-29014-sha-a0ccf5b8 (390/2261)...
2025-10-25 20:53:07,460 - BlankSpaceAnalyzer - INFO - -> Analyzing version 0.0.0-pr-29036-sha-7d2e30bf (391/2261)...
2025-10-25 20:53:07,536 - BlankSpaceAnalyzer - INFO - -> Analyzing version 0.0.0-pr-29036-sha-b6b6c248 (392/2261)...
2025-10-25 20:53:07,607 - BlankSpaceAnalyzer - INFO - -> Analyzing version 0.0.0-pr-29044-sha-67f91ec6 (393/2261)...
2025-10-25 20:53:07,685 - BlankSpaceAnalyzer - INFO - -> Analyzing version 0.0.0-pr-29044-sha-ad08bfc3 (394/2261)...
2025-10-25 20:53:07,762 - BlankSpaceAnalyzer - INFO - -> Analyzing version 0.0.0-pr-29133-sha-2f4658bd (395/2261)...
2025-10-25 20:53:07,841 - BlankSpaceAnalyzer - INFO - -> Analyzing version 0.0.0-pr-29134-sha-a3d75f58 (396/2261)...
2025-10-25 20:53:07,918 - BlankSpaceAnalyzer - INFO - -> Analyzing version 0.0.0-pr-29152-sha-0d238e2d (397/2261)...
2025-10-25 20:53:07,990 - BlankSpaceAnalyzer - INFO - -> Analyzing version 0.0.0-pr-29157-sha-6bbffdff (398/2261)...
2025-10-25 20:53:08,068 - BlankSpaceAnalyzer - INFO - -> Analyzing version 0.0.0-pr-29157-sha-987feb44 (399/2261)...
2025-10-25 20:53:08,143 - BlankSpaceAnalyzer - INFO - -> Analyzing version 0.0.0-pr-29184-sha-d5ba8e56 (400/2261)...
2025-10-25 20:53:08,216 - BlankSpaceAnalyzer - INFO - -> Analyzing version 0.0.0-pr-29223-sha-d3f5ad98 (401/2261)...
2025-10-25 20:53:08,294 - BlankSpaceAnalyzer - INFO - -> Analyzing version 0.0.0-pr-29230-sha-6c3a0bb1 (402/2261)...
2025-10-25 20:53:08,372 - BlankSpaceAnalyzer - INFO - -> Analyzing version 0.0.0-pr-29230-sha-baa53b14 (403/2261)...
2025-10-25 20:53:08,447 - BlankSpaceAnalyzer - INFO - -> Analyzing version 0.0.0-pr-29230-sha-ffef33ce (404/2261)...
2025-10-25 20:53:08,519 - BlankSpaceAnalyzer - INFO - -> Analyzing version 0.0.0-pr-29241-sha-1ad5dc04 (405/2261)...
2025-10-25 20:53:08,592 - BlankSpaceAnalyzer - INFO - -> Analyzing version 0.0.0-pr-29241-sha-2ecb9573 (406/2261)...
2025-10-25 20:53:08,669 - BlankSpaceAnalyzer - INFO - -> Analyzing version 0.0.0-pr-29241-sha-4da1ec12 (407/2261)...
2025-10-25 20:53:08,744 - BlankSpaceAnalyzer - INFO - -> Analyzing version 0.0.0-pr-29241-sha-6b6537be (408/2261)...
2025-10-25 20:53:08,817 - BlankSpaceAnalyzer - INFO - -> Analyzing version 0.0.0-pr-29241-sha-6ff1a8b2 (409/2261)...
2025-10-25 20:53:08,895 - BlankSpaceAnalyzer - INFO - -> Analyzing version 0.0.0-pr-29241-sha-786ddd72 (410/2261)...
2025-10-25 20:53:08,975 - BlankSpaceAnalyzer - INFO - -> Analyzing version 0.0.0-pr-29241-sha-95704996 (411/2261)...
2025-10-25 20:53:09,054 - BlankSpaceAnalyzer - INFO - -> Analyzing version 0.0.0-pr-29241-sha-c875a271 (412/2261)...
2025-10-25 20:53:09,126 - BlankSpaceAnalyzer - INFO - -> Analyzing version 0.0.0-pr-29241-sha-d29f0c6b (413/2261)...
2025-10-25 20:53:09,204 - BlankSpaceAnalyzer - INFO - -> Analyzing version 0.0.0-pr-29241-sha-f30996d6 (414/2261)...
2025-10-25 20:53:09,282 - BlankSpaceAnalyzer - INFO - -> Analyzing version 0.0.0-pr-29254-sha-27a5decc (415/2261)...
2025-10-25 20:53:09,360 - BlankSpaceAnalyzer - INFO - -> Analyzing version 0.0.0-pr-29256-sha-cd1d83f5 (416/2261)...
2025-10-25 20:53:09,436 - BlankSpaceAnalyzer - INFO - -> Analyzing version 0.0.0-pr-29267-sha-1523974d (417/2261)...
2025-10-25 20:53:09,508 - BlankSpaceAnalyzer - INFO - -> Analyzing version 0.0.0-pr-29267-sha-d499768c (418/2261)...
2025-10-25 20:53:09,586 - BlankSpaceAnalyzer - INFO - -> Analyzing version 0.0.0-pr-29301-sha-991d41fc (419/2261)...
2025-10-25 20:53:09,664 - BlankSpaceAnalyzer - INFO - -> Analyzing version 0.0.0-pr-29302-sha-21f4ff11 (420/2261)...
2025-10-25 20:53:09,741 - BlankSpaceAnalyzer - INFO - -> Analyzing version 0.0.0-pr-29311-sha-c4d3ed03 (421/2261)...
2025-10-25 20:53:09,818 - BlankSpaceAnalyzer - INFO - -> Analyzing version 0.0.0-pr-29333-sha-c7603f3d (422/2261)...
2025-10-25 20:53:09,899 - BlankSpaceAnalyzer - INFO - -> Analyzing version 0.0.0-pr-29353-sha-3b7a5f8f (423/2261)...
2025-10-25 20:53:09,976 - BlankSpaceAnalyzer - INFO - -> Analyzing version 0.0.0-pr-29353-sha-c7d17a36 (424/2261)...
2025-10-25 20:53:10,054 - BlankSpaceAnalyzer - INFO - -> Analyzing version 0.0.0-pr-29382-sha-f608e224 (425/2261)...
2025-10-25 20:53:10,132 - BlankSpaceAnalyzer - INFO - -> Analyzing version 0.0.0-pr-29424-sha-612c2fbc (426/2261)...
2025-10-25 20:53:10,209 - BlankSpaceAnalyzer - INFO - -> Analyzing version 0.0.0-pr-29434-sha-c02fe507 (427/2261)...
2025-10-25 20:53:10,287 - BlankSpaceAnalyzer - INFO - -> Analyzing version 0.0.0-pr-29476-sha-18b82d85 (428/2261)...
2025-10-25 20:53:10,364 - BlankSpaceAnalyzer - INFO - -> Analyzing version 0.0.0-pr-29479-sha-9aac063c (429/2261)...
2025-10-25 20:53:10,439 - BlankSpaceAnalyzer - INFO - -> Analyzing version 0.0.0-pr-29482-sha-5d433a45 (430/2261)...
2025-10-25 20:53:10,512 - BlankSpaceAnalyzer - INFO - -> Analyzing version 0.0.0-pr-29510-sha-059f75bd (431/2261)...
2025-10-25 20:53:10,589 - BlankSpaceAnalyzer - INFO - -> Analyzing version 0.0.0-pr-29520-sha-627893bc (432/2261)...
2025-10-25 20:53:10,667 - BlankSpaceAnalyzer - INFO - -> Analyzing version 0.0.0-pr-29520-sha-80319502 (433/2261)...
2025-10-25 20:53:10,743 - BlankSpaceAnalyzer - INFO - -> Analyzing version 0.0.0-pr-29520-sha-c92aa93a (434/2261)...
2025-10-25 20:53:10,816 - BlankSpaceAnalyzer - INFO - -> Analyzing version 0.0.0-pr-29544-sha-fd7f82f1 (435/2261)...
2025-10-25 20:53:10,893 - BlankSpaceAnalyzer - INFO - -> Analyzing version 0.0.0-pr-29627-sha-69905647 (436/2261)...
2025-10-25 20:53:10,972 - BlankSpaceAnalyzer - INFO - -> Analyzing version 0.0.0-pr-29639-sha-4154c3cb (437/2261)...
2025-10-25 20:53:11,051 - BlankSpaceAnalyzer - INFO - -> Analyzing version 0.0.0-pr-29640-sha-3521df0d (438/2261)...
2025-10-25 20:53:11,128 - BlankSpaceAnalyzer - INFO - -> Analyzing version 0.0.0-pr-29640-sha-e762e5df (439/2261)...
2025-10-25 20:53:11,203 - BlankSpaceAnalyzer - INFO - -> Analyzing version 0.0.0-pr-29643-sha-0437d77f (440/2261)...
2025-10-25 20:53:11,281 - BlankSpaceAnalyzer - INFO - -> Analyzing version 0.0.0-pr-29643-sha-1abb89dc (441/2261)...
2025-10-25 20:53:11,359 - BlankSpaceAnalyzer - INFO - -> Analyzing version 0.0.0-pr-29643-sha-32a95d9e (442/2261)...
2025-10-25 20:53:11,435 - BlankSpaceAnalyzer - INFO - -> Analyzing version 0.0.0-pr-29643-sha-45c9a76c (443/2261)...
2025-10-25 20:53:11,509 - BlankSpaceAnalyzer - INFO - -> Analyzing version 0.0.0-pr-29643-sha-7f596df3 (444/2261)...
2025-10-25 20:53:11,585 - BlankSpaceAnalyzer - INFO - -> Analyzing version 0.0.0-pr-29643-sha-82899600 (445/2261)...
2025-10-25 20:53:11,658 - BlankSpaceAnalyzer - INFO - -> Analyzing version 0.0.0-pr-29643-sha-8ee5ed6e (446/2261)...
2025-10-25 20:53:11,731 - BlankSpaceAnalyzer - INFO - -> Analyzing version 0.0.0-pr-29643-sha-91c07f18 (447/2261)...
2025-10-25 20:53:11,808 - BlankSpaceAnalyzer - INFO - -> Analyzing version 0.0.0-pr-29643-sha-9a3ec6dc (448/2261)...
2025-10-25 20:53:11,883 - BlankSpaceAnalyzer - INFO - -> Analyzing version 0.0.0-pr-29643-sha-9cd7e771 (449/2261)...
2025-10-25 20:53:11,960 - BlankSpaceAnalyzer - INFO - -> Analyzing version 0.0.0-pr-29643-sha-aa40afae (450/2261)...
2025-10-25 20:53:12,036 - BlankSpaceAnalyzer - INFO - -> Analyzing version 0.0.0-pr-29643-sha-c0d50cca (451/2261)...
2025-10-25 20:53:12,108 - BlankSpaceAnalyzer - INFO - -> Analyzing version 0.0.0-pr-29643-sha-d0cc243e (452/2261)...
2025-10-25 20:53:12,185 - BlankSpaceAnalyzer - INFO - -> Analyzing version 0.0.0-pr-29643-sha-dd3f1df2 (453/2261)...
2025-10-25 20:53:12,263 - BlankSpaceAnalyzer - INFO - -> Analyzing version 0.0.0-pr-29643-sha-de6b1f23 (454/2261)...
2025-10-25 20:53:12,339 - BlankSpaceAnalyzer - INFO - -> Analyzing version 0.0.0-pr-29643-sha-ed794c84 (455/2261)...
2025-10-25 20:53:12,410 - BlankSpaceAnalyzer - INFO - -> Analyzing version 0.0.0-pr-29654-sha-2a02e134 (456/2261)...
2025-10-25 20:53:12,488 - BlankSpaceAnalyzer - INFO - -> Analyzing version 0.0.0-pr-29654-sha-83a1f24f (457/2261)...
2025-10-25 20:53:12,565 - BlankSpaceAnalyzer - INFO - -> Analyzing version 0.0.0-pr-29659-sha-1f47b682 (458/2261)...
2025-10-25 20:53:12,641 - BlankSpaceAnalyzer - INFO - -> Analyzing version 0.0.0-pr-29661-sha-2eebee12 (459/2261)...
2025-10-25 20:53:12,713 - BlankSpaceAnalyzer - INFO - -> Analyzing version 0.0.0-pr-29676-sha-13e54a02 (460/2261)...
2025-10-25 20:53:12,790 - BlankSpaceAnalyzer - INFO - -> Analyzing version 0.0.0-pr-29679-sha-7def7127 (461/2261)...
2025-10-25 20:53:12,868 - BlankSpaceAnalyzer - INFO - -> Analyzing version 0.0.0-pr-29687-sha-bf73c124 (462/2261)...
2025-10-25 20:53:12,942 - BlankSpaceAnalyzer - INFO - -> Analyzing version 0.0.0-pr-29687-sha-d977033a (463/2261)...
2025-10-25 20:53:13,014 - BlankSpaceAnalyzer - INFO - -> Analyzing version 0.0.0-pr-29736-sha-1cc488e7 (464/2261)...
2025-10-25 20:53:13,092 - BlankSpaceAnalyzer - INFO - -> Analyzing version 0.0.0-pr-29754-sha-834368b9 (465/2261)...
2025-10-25 20:53:13,170 - BlankSpaceAnalyzer - INFO - -> Analyzing version 0.0.0-pr-29756-sha-18442450 (466/2261)...
2025-10-25 20:53:13,247 - BlankSpaceAnalyzer - INFO - -> Analyzing version 0.0.0-pr-29756-sha-24626315 (467/2261)...
2025-10-25 20:53:13,325 - BlankSpaceAnalyzer - INFO - -> Analyzing version 0.0.0-pr-29802-sha-ecb67932 (468/2261)...
2025-10-25 20:53:13,397 - BlankSpaceAnalyzer - INFO - -> Analyzing version 0.0.0-pr-29824-sha-bac7061d (469/2261)...
2025-10-25 20:53:13,475 - BlankSpaceAnalyzer - INFO - -> Analyzing version 0.0.0-pr-29952-sha-41e4fd31 (470/2261)...
2025-10-25 20:53:13,549 - BlankSpaceAnalyzer - INFO - -> Analyzing version 0.0.0-pr-29953-sha-bbfabab3 (471/2261)...
2025-10-25 20:53:13,620 - BlankSpaceAnalyzer - INFO - -> Analyzing version 0.0.0-pr-29996-sha-871eec73 (472/2261)...
2025-10-25 20:53:13,698 - BlankSpaceAnalyzer - INFO - -> Analyzing version 0.0.0-pr-30004-sha-11628b25 (473/2261)...
2025-10-25 20:53:13,781 - BlankSpaceAnalyzer - INFO - -> Analyzing version 0.0.0-pr-30004-sha-3fbd9480 (474/2261)...
2025-10-25 20:53:13,856 - BlankSpaceAnalyzer - INFO - -> Analyzing version 0.0.0-pr-30004-sha-dc094300 (475/2261)...
2025-10-25 20:53:13,933 - BlankSpaceAnalyzer - INFO - -> Analyzing version 0.0.0-pr-30005-sha-ba51dda0 (476/2261)...
2025-10-25 20:53:14,004 - BlankSpaceAnalyzer - INFO - -> Analyzing version 0.0.0-pr-30021-sha-b1cc74da (477/2261)...
2025-10-25 20:53:14,082 - BlankSpaceAnalyzer - INFO - -> Analyzing version 0.0.0-pr-30031-sha-5acb6e15 (478/2261)...
2025-10-25 20:53:14,155 - BlankSpaceAnalyzer - INFO - -> Analyzing version 0.0.0-pr-30037-sha-13e3869b (479/2261)...
2025-10-25 20:53:14,228 - BlankSpaceAnalyzer - INFO - -> Analyzing version 0.0.0-pr-30037-sha-26535162 (480/2261)...
2025-10-25 20:53:14,306 - BlankSpaceAnalyzer - INFO - -> Analyzing version 0.0.0-pr-30037-sha-45971d9d (481/2261)...
2025-10-25 20:53:14,383 - BlankSpaceAnalyzer - INFO - -> Analyzing version 0.0.0-pr-30037-sha-4bf0f029 (482/2261)...
2025-10-25 20:53:14,461 - BlankSpaceAnalyzer - INFO - -> Analyzing version 0.0.0-pr-30037-sha-95e24299 (483/2261)...
2025-10-25 20:53:14,539 - BlankSpaceAnalyzer - INFO - -> Analyzing version 0.0.0-pr-30037-sha-b4a1714b (484/2261)...
2025-10-25 20:53:14,608 - BlankSpaceAnalyzer - INFO - -> Analyzing version 0.0.0-pr-30044-sha-f88023ad (485/2261)...
2025-10-25 20:53:14,686 - BlankSpaceAnalyzer - INFO - -> Analyzing version 0.0.0-pr-30047-sha-10ab439e (486/2261)...
2025-10-25 20:53:14,765 - BlankSpaceAnalyzer - INFO - -> Analyzing version 0.0.0-pr-30054-sha-fb986dc5 (487/2261)...
2025-10-25 20:53:14,839 - BlankSpaceAnalyzer - INFO - -> Analyzing version 0.0.0-pr-30055-sha-75c4665d (488/2261)...
2025-10-25 20:53:14,911 - BlankSpaceAnalyzer - INFO - -> Analyzing version 0.0.0-pr-30070-sha-0b45cb37 (489/2261)...
2025-10-25 20:53:14,989 - BlankSpaceAnalyzer - INFO - -> Analyzing version 0.0.0-pr-30070-sha-11e0729d (490/2261)...
2025-10-25 20:53:15,067 - BlankSpaceAnalyzer - INFO - -> Analyzing version 0.0.0-pr-30071-sha-26d114f9 (491/2261)...
2025-10-25 20:53:15,141 - BlankSpaceAnalyzer - INFO - -> Analyzing version 0.0.0-pr-30071-sha-7ddaf71e (492/2261)...
2025-10-25 20:53:15,212 - BlankSpaceAnalyzer - INFO - -> Analyzing version 0.0.0-pr-30077-sha-3cded02f (493/2261)...
2025-10-25 20:53:15,290 - BlankSpaceAnalyzer - INFO - -> Analyzing version 0.0.0-pr-30105-sha-a2609294 (494/2261)...
2025-10-25 20:53:15,369 - BlankSpaceAnalyzer - INFO - -> Analyzing version 0.0.0-pr-30117-sha-7ec361e1 (495/2261)...
2025-10-25 20:53:15,447 - BlankSpaceAnalyzer - INFO - -> Analyzing version 0.0.0-pr-30127-sha-cb69dbf6 (496/2261)...
2025-10-25 20:53:15,524 - BlankSpaceAnalyzer - INFO - -> Analyzing version 0.0.0-pr-30127-sha-f52a7f9c (497/2261)...
2025-10-25 20:53:15,596 - BlankSpaceAnalyzer - INFO - -> Analyzing version 0.0.0-pr-30134-sha-dcd49108 (498/2261)...
2025-10-25 20:53:15,674 - BlankSpaceAnalyzer - INFO - -> Analyzing version 0.0.0-pr-30135-sha-0f78a4ff (499/2261)...
2025-10-25 20:53:15,748 - BlankSpaceAnalyzer - INFO - -> Analyzing version 0.0.0-pr-30162-sha-335c760f (500/2261)...
2025-10-25 20:53:15,820 - BlankSpaceAnalyzer - INFO - -> Analyzing version 0.0.0-pr-30162-sha-3ff5a62d (501/2261)...
2025-10-25 20:53:15,891 - BlankSpaceAnalyzer - INFO - -> Analyzing version 0.0.0-pr-30162-sha-4283a92c (502/2261)...
2025-10-25 20:53:15,968 - BlankSpaceAnalyzer - INFO - -> Analyzing version 0.0.0-pr-30162-sha-b0d96bc5 (503/2261)...
2025-10-25 20:53:16,046 - BlankSpaceAnalyzer - INFO - -> Analyzing version 0.0.0-pr-30162-sha-c43aa097 (504/2261)...
2025-10-25 20:53:16,124 - BlankSpaceAnalyzer - INFO - -> Analyzing version 0.0.0-pr-30162-sha-e7b81bcf (505/2261)...
2025-10-25 20:53:16,202 - BlankSpaceAnalyzer - INFO - -> Analyzing version 0.0.0-pr-30162-sha-fc2610f4 (506/2261)...
2025-10-25 20:53:16,279 - BlankSpaceAnalyzer - INFO - -> Analyzing version 0.0.0-pr-30181-sha-2fdb0bfe (507/2261)...
2025-10-25 20:53:16,353 - BlankSpaceAnalyzer - INFO - -> Analyzing version 0.0.0-pr-30181-sha-dba7ad37 (508/2261)...
2025-10-25 20:53:16,425 - BlankSpaceAnalyzer - INFO - -> Analyzing version 0.0.0-pr-30188-sha-30f73684 (509/2261)...
2025-10-25 20:53:16,496 - BlankSpaceAnalyzer - INFO - -> Analyzing version 0.0.0-pr-30188-sha-7794b8ec (510/2261)...
2025-10-25 20:53:16,575 - BlankSpaceAnalyzer - INFO - -> Analyzing version 0.0.0-pr-30197-sha-3753cde1 (511/2261)...
2025-10-25 20:53:16,654 - BlankSpaceAnalyzer - INFO - -> Analyzing version 0.0.0-pr-30197-sha-3a606792 (512/2261)...
2025-10-25 20:53:16,731 - BlankSpaceAnalyzer - INFO - -> Analyzing version 0.0.0-pr-30197-sha-7b4f8199 (513/2261)...
2025-10-25 20:53:16,809 - BlankSpaceAnalyzer - INFO - -> Analyzing version 0.0.0-pr-30197-sha-7e96e461 (514/2261)...
2025-10-25 20:53:16,887 - BlankSpaceAnalyzer - INFO - -> Analyzing version 0.0.0-pr-30197-sha-861625a8 (515/2261)...
2025-10-25 20:53:16,965 - BlankSpaceAnalyzer - INFO - -> Analyzing version 0.0.0-pr-30197-sha-8babc1dd (516/2261)...
2025-10-25 20:53:17,044 - BlankSpaceAnalyzer - INFO - -> Analyzing version 0.0.0-pr-30197-sha-99c86eb2 (517/2261)...
2025-10-25 20:53:17,122 - BlankSpaceAnalyzer - INFO - -> Analyzing version 0.0.0-pr-30197-sha-a3d613d5 (518/2261)...
2025-10-25 20:53:17,193 - BlankSpaceAnalyzer - INFO - -> Analyzing version 0.0.0-pr-30197-sha-de13df08 (519/2261)...
2025-10-25 20:53:17,270 - BlankSpaceAnalyzer - INFO - -> Analyzing version 0.0.0-pr-30202-sha-0063c5e6 (520/2261)...
2025-10-25 20:53:17,345 - BlankSpaceAnalyzer - INFO - -> Analyzing version 0.0.0-pr-30202-sha-078ba9c5 (521/2261)...
2025-10-25 20:53:17,416 - BlankSpaceAnalyzer - INFO - -> Analyzing version 0.0.0-pr-30202-sha-1dd4f35d (522/2261)...
2025-10-25 20:53:17,494 - BlankSpaceAnalyzer - INFO - -> Analyzing version 0.0.0-pr-30202-sha-35656f03 (523/2261)...
2025-10-25 20:53:17,572 - BlankSpaceAnalyzer - INFO - -> Analyzing version 0.0.0-pr-30202-sha-4958640a (524/2261)...
2025-10-25 20:53:17,650 - BlankSpaceAnalyzer - INFO - -> Analyzing version 0.0.0-pr-30202-sha-78a2d725 (525/2261)...
2025-10-25 20:53:17,727 - BlankSpaceAnalyzer - INFO - -> Analyzing version 0.0.0-pr-30202-sha-8c13344f (526/2261)...
2025-10-25 20:53:17,806 - BlankSpaceAnalyzer - INFO - -> Analyzing version 0.0.0-pr-30202-sha-958e81ef (527/2261)...
2025-10-25 20:53:17,883 - BlankSpaceAnalyzer - INFO - -> Analyzing version 0.0.0-pr-30202-sha-985843b3 (528/2261)...
2025-10-25 20:53:17,960 - BlankSpaceAnalyzer - INFO - -> Analyzing version 0.0.0-pr-30202-sha-a2a9f276 (529/2261)...
2025-10-25 20:53:18,037 - BlankSpaceAnalyzer - INFO - -> Analyzing version 0.0.0-pr-30202-sha-f7878745 (530/2261)...
2025-10-25 20:53:18,108 - BlankSpaceAnalyzer - INFO - -> Analyzing version 0.0.0-pr-30214-sha-be91380a (531/2261)...
2025-10-25 20:53:18,186 - BlankSpaceAnalyzer - INFO - -> Analyzing version 0.0.0-pr-30216-sha-fd79fd61 (532/2261)...
2025-10-25 20:53:18,263 - BlankSpaceAnalyzer - INFO - -> Analyzing version 0.0.0-pr-30265-sha-4af18ebe (533/2261)...
2025-10-25 20:53:18,339 - BlankSpaceAnalyzer - INFO - -> Analyzing version 0.0.0-pr-30305-sha-c7104654 (534/2261)...
2025-10-25 20:53:18,410 - BlankSpaceAnalyzer - INFO - -> Analyzing version 0.0.0-pr-30309-sha-678fb8fb (535/2261)...
2025-10-25 20:53:18,488 - BlankSpaceAnalyzer - INFO - -> Analyzing version 0.0.0-pr-30309-sha-d2c3d566 (536/2261)...
2025-10-25 20:53:18,566 - BlankSpaceAnalyzer - INFO - -> Analyzing version 0.0.0-pr-30371-sha-07dc4675 (537/2261)...
2025-10-25 20:53:18,644 - BlankSpaceAnalyzer - INFO - -> Analyzing version 0.0.0-pr-30371-sha-ebe7f62f (538/2261)...
2025-10-25 20:53:18,722 - BlankSpaceAnalyzer - INFO - -> Analyzing version 0.0.0-pr-30422-sha-3b8c2a95 (539/2261)...
2025-10-25 20:53:18,794 - BlankSpaceAnalyzer - INFO - -> Analyzing version 0.0.0-pr-30442-sha-6e0c6f13 (540/2261)...
2025-10-25 20:53:18,870 - BlankSpaceAnalyzer - INFO - -> Analyzing version 0.0.0-pr-30457-sha-ca5962ea (541/2261)...
2025-10-25 20:53:18,945 - BlankSpaceAnalyzer - INFO - -> Analyzing version 0.0.0-pr-30457-sha-dfac046c (542/2261)...
2025-10-25 20:53:19,016 - BlankSpaceAnalyzer - INFO - -> Analyzing version 0.0.0-pr-30457-sha-e6b0c6dc (543/2261)...
2025-10-25 20:53:19,094 - BlankSpaceAnalyzer - INFO - -> Analyzing version 0.0.0-pr-30516-sha-086477d9 (544/2261)...
2025-10-25 20:53:19,173 - BlankSpaceAnalyzer - INFO - -> Analyzing version 0.0.0-pr-30516-sha-0cd4ee4f (545/2261)...
2025-10-25 20:53:19,251 - BlankSpaceAnalyzer - INFO - -> Analyzing version 0.0.0-pr-30534-sha-79a2a1e9 (546/2261)...
2025-10-25 20:53:19,329 - BlankSpaceAnalyzer - INFO - -> Analyzing version 0.0.0-pr-30534-sha-aad85260 (547/2261)...
2025-10-25 20:53:19,407 - BlankSpaceAnalyzer - INFO - -> Analyzing version 0.0.0-pr-30534-sha-e6f5d6b7 (548/2261)...
2025-10-25 20:53:19,484 - BlankSpaceAnalyzer - INFO - -> Analyzing version 0.0.0-pr-30562-sha-f0b573b7 (549/2261)...
2025-10-25 20:53:19,562 - BlankSpaceAnalyzer - INFO - -> Analyzing version 0.0.0-pr-30563-sha-6397c214 (550/2261)...
2025-10-25 20:53:19,638 - BlankSpaceAnalyzer - INFO - -> Analyzing version 0.0.0-pr-30567-sha-4b84ac24 (551/2261)...
2025-10-25 20:53:19,709 - BlankSpaceAnalyzer - INFO - -> Analyzing version 0.0.0-pr-30567-sha-597faff8 (552/2261)...
2025-10-25 20:53:19,787 - BlankSpaceAnalyzer - INFO - -> Analyzing version 0.0.0-pr-30567-sha-cd9d89ab (553/2261)...
2025-10-25 20:53:19,864 - BlankSpaceAnalyzer - INFO - -> Analyzing version 0.0.0-pr-30567-sha-dc7a53af (554/2261)...
2025-10-25 20:53:19,942 - BlankSpaceAnalyzer - INFO - -> Analyzing version 0.0.0-pr-30567-sha-f5452a43 (555/2261)...
2025-10-25 20:53:20,020 - BlankSpaceAnalyzer - INFO - -> Analyzing version 0.0.0-pr-30600-sha-1dd6fce2 (556/2261)...
2025-10-25 20:53:20,091 - BlankSpaceAnalyzer - INFO - -> Analyzing version 0.0.0-pr-30600-sha-4c65bea0 (557/2261)...
2025-10-25 20:53:20,167 - BlankSpaceAnalyzer - INFO - -> Analyzing version 0.0.0-pr-30601-sha-07fbadc3 (558/2261)...
2025-10-25 20:53:20,243 - BlankSpaceAnalyzer - INFO - -> Analyzing version 0.0.0-pr-30601-sha-0a804a51 (559/2261)...
2025-10-25 20:53:20,314 - BlankSpaceAnalyzer - INFO - -> Analyzing version 0.0.0-pr-30601-sha-0cdccd73 (560/2261)...
2025-10-25 20:53:20,391 - BlankSpaceAnalyzer - INFO - -> Analyzing version 0.0.0-pr-30601-sha-1401ccea (561/2261)...
2025-10-25 20:53:20,463 - BlankSpaceAnalyzer - INFO - -> Analyzing version 0.0.0-pr-30601-sha-1bd4318f (562/2261)...
2025-10-25 20:53:20,534 - BlankSpaceAnalyzer - INFO - -> Analyzing version 0.0.0-pr-30601-sha-40d66b1f (563/2261)...
2025-10-25 20:53:20,605 - BlankSpaceAnalyzer - INFO - -> Analyzing version 0.0.0-pr-30601-sha-4f06e568 (564/2261)...
2025-10-25 20:53:20,682 - BlankSpaceAnalyzer - INFO - -> Analyzing version 0.0.0-pr-30601-sha-5fdc6ab6 (565/2261)...
2025-10-25 20:53:20,760 - BlankSpaceAnalyzer - INFO - -> Analyzing version 0.0.0-pr-30601-sha-69ee7af2 (566/2261)...
2025-10-25 20:53:20,835 - BlankSpaceAnalyzer - INFO - -> Analyzing version 0.0.0-pr-30601-sha-7813e8c3 (567/2261)...
2025-10-25 20:53:20,907 - BlankSpaceAnalyzer - INFO - -> Analyzing version 0.0.0-pr-30601-sha-7dd57361 (568/2261)...
2025-10-25 20:53:20,984 - BlankSpaceAnalyzer - INFO - -> Analyzing version 0.0.0-pr-30601-sha-825a252a (569/2261)...
2025-10-25 20:53:21,062 - BlankSpaceAnalyzer - INFO - -> Analyzing version 0.0.0-pr-30601-sha-93ac5199 (570/2261)...
2025-10-25 20:53:21,138 - BlankSpaceAnalyzer - INFO - -> Analyzing version 0.0.0-pr-30601-sha-a667e87d (571/2261)...
2025-10-25 20:53:21,209 - BlankSpaceAnalyzer - INFO - -> Analyzing version 0.0.0-pr-30601-sha-b41ef60b (572/2261)...
2025-10-25 20:53:21,286 - BlankSpaceAnalyzer - INFO - -> Analyzing version 0.0.0-pr-30601-sha-cc6bc62f (573/2261)...
2025-10-25 20:53:21,364 - BlankSpaceAnalyzer - INFO - -> Analyzing version 0.0.0-pr-30601-sha-d13935a4 (574/2261)...
2025-10-25 20:53:21,439 - BlankSpaceAnalyzer - INFO - -> Analyzing version 0.0.0-pr-30601-sha-d70f67e1 (575/2261)...
2025-10-25 20:53:21,510 - BlankSpaceAnalyzer - INFO - -> Analyzing version 0.0.0-pr-30601-sha-dcb271d0 (576/2261)...
2025-10-25 20:53:21,587 - BlankSpaceAnalyzer - INFO - -> Analyzing version 0.0.0-pr-30601-sha-dda04ad5 (577/2261)...
2025-10-25 20:53:21,665 - BlankSpaceAnalyzer - INFO - -> Analyzing version 0.0.0-pr-30601-sha-e8fbce4c (578/2261)...
2025-10-25 20:53:21,743 - BlankSpaceAnalyzer - INFO - -> Analyzing version 0.0.0-pr-30601-sha-ec299491 (579/2261)...
2025-10-25 20:53:21,820 - BlankSpaceAnalyzer - INFO - -> Analyzing version 0.0.0-pr-30601-sha-fa988c0f (580/2261)...
2025-10-25 20:53:21,892 - BlankSpaceAnalyzer - INFO - -> Analyzing version 0.0.0-pr-30605-sha-3a6ed43c (581/2261)...
2025-10-25 20:53:21,968 - BlankSpaceAnalyzer - INFO - -> Analyzing version 0.0.0-pr-30636-sha-c6ea358f (582/2261)...
2025-10-25 20:53:22,043 - BlankSpaceAnalyzer - INFO - -> Analyzing version 0.0.0-pr-30638-sha-e89b3763 (583/2261)...
2025-10-25 20:53:22,114 - BlankSpaceAnalyzer - INFO - -> Analyzing version 0.0.0-pr-30643-sha-a749cf8f (584/2261)...
2025-10-25 20:53:22,192 - BlankSpaceAnalyzer - INFO - -> Analyzing version 0.0.0-pr-30643-sha-b11ab119 (585/2261)...
2025-10-25 20:53:22,270 - BlankSpaceAnalyzer - INFO - -> Analyzing version 0.0.0-pr-30711-sha-c594b56f (586/2261)...
2025-10-25 20:53:22,344 - BlankSpaceAnalyzer - INFO - -> Analyzing version 0.0.0-pr-30727-sha-eedd8941 (587/2261)...
2025-10-25 20:53:22,415 - BlankSpaceAnalyzer - INFO - -> Analyzing version 0.0.0-pr-30727-sha-eefe2c70 (588/2261)...
2025-10-25 20:53:22,493 - BlankSpaceAnalyzer - INFO - -> Analyzing version 0.0.0-pr-30727-sha-fe615277 (589/2261)...
2025-10-25 20:53:22,570 - BlankSpaceAnalyzer - INFO - -> Analyzing version 0.0.0-pr-30740-sha-04411b17 (590/2261)...
2025-10-25 20:53:22,645 - BlankSpaceAnalyzer - INFO - -> Analyzing version 0.0.0-pr-30742-sha-cd7cb3d8 (591/2261)...
2025-10-25 20:53:22,716 - BlankSpaceAnalyzer - INFO - -> Analyzing version 0.0.0-pr-30753-sha-0519e608 (592/2261)...
2025-10-25 20:53:22,793 - BlankSpaceAnalyzer - INFO - -> Analyzing version 0.0.0-pr-30753-sha-2213e7f1 (593/2261)...
2025-10-25 20:53:22,870 - BlankSpaceAnalyzer - INFO - -> Analyzing version 0.0.0-pr-30753-sha-a8450d77 (594/2261)...
2025-10-25 20:53:22,946 - BlankSpaceAnalyzer - INFO - -> Analyzing version 0.0.0-pr-30761-sha-a2b89812 (595/2261)...
2025-10-25 20:53:23,017 - BlankSpaceAnalyzer - INFO - -> Analyzing version 0.0.0-pr-30761-sha-acc3c232 (596/2261)...
2025-10-25 20:53:23,095 - BlankSpaceAnalyzer - INFO - -> Analyzing version 0.0.0-pr-30761-sha-c5072ae0 (597/2261)...
2025-10-25 20:53:23,172 - BlankSpaceAnalyzer - INFO - -> Analyzing version 0.0.0-pr-30764-sha-1b1e4113 (598/2261)...
2025-10-25 20:53:23,250 - BlankSpaceAnalyzer - INFO - -> Analyzing version 0.0.0-pr-30764-sha-1daedbb4 (599/2261)...
2025-10-25 20:53:23,328 - BlankSpaceAnalyzer - INFO - -> Analyzing version 0.0.0-pr-30773-sha-82bd1734 (600/2261)...
2025-10-25 20:53:23,407 - BlankSpaceAnalyzer - INFO - -> Analyzing version 0.0.0-pr-31494-sha-c99bda03 (601/2261)...
2025-10-25 20:53:23,486 - BlankSpaceAnalyzer - INFO - -> Analyzing version 0.0.0-pr-31553-sha-1239c0fa (602/2261)...
2025-10-25 20:53:23,563 - BlankSpaceAnalyzer - INFO - -> Analyzing version 0.0.0-pr-31553-sha-6436065b (603/2261)...
2025-10-25 20:53:23,638 - BlankSpaceAnalyzer - INFO - -> Analyzing version 0.0.0-pr-31553-sha-c13b712a (604/2261)...
2025-10-25 20:53:23,709 - BlankSpaceAnalyzer - INFO - -> Analyzing version 0.0.0-pr-31553-sha-eac26474 (605/2261)...
2025-10-25 20:53:23,787 - BlankSpaceAnalyzer - INFO - -> Analyzing version 0.0.0-pr-31556-sha-5f0bee85 (606/2261)...
2025-10-25 20:53:23,865 - BlankSpaceAnalyzer - INFO - -> Analyzing version 0.0.0-pr-31557-sha-186a3a92 (607/2261)...
2025-10-25 20:53:23,943 - BlankSpaceAnalyzer - INFO - -> Analyzing version 0.0.0-pr-31557-sha-1fc0b2be (608/2261)...
2025-10-25 20:53:24,021 - BlankSpaceAnalyzer - INFO - -> Analyzing version 0.0.0-pr-31557-sha-2d37beac (609/2261)...
2025-10-25 20:53:24,091 - BlankSpaceAnalyzer - INFO - -> Analyzing version 0.0.0-pr-31557-sha-2ebadd15 (610/2261)...
2025-10-25 20:53:24,168 - BlankSpaceAnalyzer - INFO - -> Analyzing version 0.0.0-pr-31557-sha-337c391c (611/2261)...
2025-10-25 20:53:24,243 - BlankSpaceAnalyzer - INFO - -> Analyzing version 0.0.0-pr-31557-sha-435676bb (612/2261)...
2025-10-25 20:53:24,313 - BlankSpaceAnalyzer - INFO - -> Analyzing version 0.0.0-pr-31557-sha-460c6ef3 (613/2261)...
2025-10-25 20:53:24,391 - BlankSpaceAnalyzer - INFO - -> Analyzing version 0.0.0-pr-31557-sha-4dcb63ec (614/2261)...
2025-10-25 20:53:24,468 - BlankSpaceAnalyzer - INFO - -> Analyzing version 0.0.0-pr-31557-sha-647f9705 (615/2261)...
2025-10-25 20:53:24,543 - BlankSpaceAnalyzer - INFO - -> Analyzing version 0.0.0-pr-31557-sha-7de935e8 (616/2261)...
2025-10-25 20:53:24,615 - BlankSpaceAnalyzer - INFO - -> Analyzing version 0.0.0-pr-31557-sha-7fc1842f (617/2261)...
2025-10-25 20:53:24,692 - BlankSpaceAnalyzer - INFO - -> Analyzing version 0.0.0-pr-31557-sha-882b84bf (618/2261)...
2025-10-25 20:53:24,770 - BlankSpaceAnalyzer - INFO - -> Analyzing version 0.0.0-pr-31557-sha-a0bb0b5e (619/2261)...
2025-10-25 20:53:24,846 - BlankSpaceAnalyzer - INFO - -> Analyzing version 0.0.0-pr-31557-sha-a8faca85 (620/2261)...
2025-10-25 20:53:24,924 - BlankSpaceAnalyzer - INFO - -> Analyzing version 0.0.0-pr-31557-sha-a944b962 (621/2261)...
2025-10-25 20:53:24,995 - BlankSpaceAnalyzer - INFO - -> Analyzing version 0.0.0-pr-31557-sha-c3d9912f (622/2261)...
2025-10-25 20:53:25,072 - BlankSpaceAnalyzer - INFO - -> Analyzing version 0.0.0-pr-31557-sha-d842a94b (623/2261)...
2025-10-25 20:53:25,146 - BlankSpaceAnalyzer - INFO - -> Analyzing version 0.0.0-pr-31557-sha-dc5cde10 (624/2261)...
2025-10-25 20:53:25,217 - BlankSpaceAnalyzer - INFO - -> Analyzing version 0.0.0-pr-31557-sha-dc6341d4 (625/2261)...
2025-10-25 20:53:25,289 - BlankSpaceAnalyzer - INFO - -> Analyzing version 0.0.0-pr-31557-sha-eb20aa06 (626/2261)...
2025-10-25 20:53:25,365 - BlankSpaceAnalyzer - INFO - -> Analyzing version 0.0.0-pr-31557-sha-fe8e0a3d (627/2261)...
2025-10-25 20:53:25,440 - BlankSpaceAnalyzer - INFO - -> Analyzing version 0.0.0-pr-31577-sha-bd24b0b9 (628/2261)...
2025-10-25 20:53:25,511 - BlankSpaceAnalyzer - INFO - -> Analyzing version 0.0.0-pr-31579-sha-cf05dec5 (629/2261)...
2025-10-25 20:53:25,588 - BlankSpaceAnalyzer - INFO - -> Analyzing version 0.0.0-pr-31587-sha-f39414cb (630/2261)...
2025-10-25 20:53:25,662 - BlankSpaceAnalyzer - INFO - -> Analyzing version 0.0.0-pr-31589-sha-71707764 (631/2261)...
2025-10-25 20:53:25,734 - BlankSpaceAnalyzer - INFO - -> Analyzing version 0.0.0-pr-31605-sha-1f682ce0 (632/2261)...
2025-10-25 20:53:25,812 - BlankSpaceAnalyzer - INFO - -> Analyzing version 0.0.0-pr-31605-sha-b301b609 (633/2261)...
2025-10-25 20:53:25,890 - BlankSpaceAnalyzer - INFO - -> Analyzing version 0.0.0-pr-31605-sha-b969958b (634/2261)...
2025-10-25 20:53:25,967 - BlankSpaceAnalyzer - INFO - -> Analyzing version 0.0.0-pr-31630-sha-13817eb5 (635/2261)...
2025-10-25 20:53:26,045 - BlankSpaceAnalyzer - INFO - -> Analyzing version 0.0.0-pr-31634-sha-56aa04ff (636/2261)...
2025-10-25 20:53:26,123 - BlankSpaceAnalyzer - INFO - -> Analyzing version 0.0.0-pr-31634-sha-cc94c32c (637/2261)...
2025-10-25 20:53:26,194 - BlankSpaceAnalyzer - INFO - -> Analyzing version 0.0.0-pr-31642-sha-f4994f5a (638/2261)...
2025-10-25 20:53:26,270 - BlankSpaceAnalyzer - INFO - -> Analyzing version 0.0.0-pr-31653-sha-959d55b1 (639/2261)...
2025-10-25 20:53:26,345 - BlankSpaceAnalyzer - INFO - -> Analyzing version 0.0.0-pr-31666-sha-2d5d3891 (640/2261)...
2025-10-25 20:53:26,416 - BlankSpaceAnalyzer - INFO - -> Analyzing version 0.0.0-pr-31666-sha-db26e3cb (641/2261)...
2025-10-25 20:53:26,494 - BlankSpaceAnalyzer - INFO - -> Analyzing version 0.0.0-pr-31715-sha-af7fb1b8 (642/2261)...
2025-10-25 20:53:26,567 - BlankSpaceAnalyzer - INFO - -> Analyzing version 0.0.0-pr-31720-sha-0f081578 (643/2261)...
2025-10-25 20:53:26,638 - BlankSpaceAnalyzer - INFO - -> Analyzing version 3.0.0 (644/2261)...
2025-10-25 20:53:26,710 - BlankSpaceAnalyzer - INFO - -> Analyzing version 3.0.0-alpha.0 (645/2261)...
2025-10-25 20:53:26,790 - BlankSpaceAnalyzer - INFO - -> Analyzing version 3.0.0-alpha.1 (646/2261)...
2025-10-25 20:53:26,869 - BlankSpaceAnalyzer - INFO - -> Analyzing version 3.0.0-alpha.3 (647/2261)...
2025-10-25 20:53:26,948 - BlankSpaceAnalyzer - INFO - -> Analyzing version 3.0.0-alpha.4 (648/2261)...
2025-10-25 20:53:27,027 - BlankSpaceAnalyzer - INFO - -> Analyzing version 3.0.0-rc.0 (649/2261)...
2025-10-25 20:53:27,099 - BlankSpaceAnalyzer - INFO - -> Analyzing version 3.0.0-rc.2 (650/2261)...
2025-10-25 20:53:27,179 - BlankSpaceAnalyzer - INFO - -> Analyzing version 3.0.0-rc.3 (651/2261)...
2025-10-25 20:53:27,258 - BlankSpaceAnalyzer - INFO - -> Analyzing version 3.0.1 (652/2261)...
2025-10-25 20:53:27,336 - BlankSpaceAnalyzer - INFO - -> Analyzing version 3.1.0 (653/2261)...
2025-10-25 20:53:27,415 - BlankSpaceAnalyzer - INFO - -> Analyzing version 3.1.1 (654/2261)...
2025-10-25 20:53:27,495 - BlankSpaceAnalyzer - INFO - -> Analyzing version 3.1.2 (655/2261)...
2025-10-25 20:53:27,574 - BlankSpaceAnalyzer - INFO - -> Analyzing version 3.1.5 (656/2261)...
2025-10-25 20:53:27,654 - BlankSpaceAnalyzer - INFO - -> Analyzing version 3.1.6 (657/2261)...
2025-10-25 20:53:27,732 - BlankSpaceAnalyzer - INFO - -> Analyzing version 3.1.8 (658/2261)...
2025-10-25 20:53:27,804 - BlankSpaceAnalyzer - INFO - -> Analyzing version 3.1.9 (659/2261)...
2025-10-25 20:53:27,883 - BlankSpaceAnalyzer - INFO - -> Analyzing version 3.2.0 (660/2261)...
2025-10-25 20:53:27,961 - BlankSpaceAnalyzer - INFO - -> Analyzing version 3.2.0-alpha.10 (661/2261)...
2025-10-25 20:53:28,040 - BlankSpaceAnalyzer - INFO - -> Analyzing version 3.2.0-alpha.7 (662/2261)...
2025-10-25 20:53:28,112 - BlankSpaceAnalyzer - INFO - -> Analyzing version 3.2.0-alpha.8 (663/2261)...
2025-10-25 20:53:28,191 - BlankSpaceAnalyzer - INFO - -> Analyzing version 3.2.10 (664/2261)...
2025-10-25 20:53:28,270 - BlankSpaceAnalyzer - INFO - -> Analyzing version 3.2.11 (665/2261)...
2025-10-25 20:53:28,349 - BlankSpaceAnalyzer - INFO - -> Analyzing version 3.2.12 (666/2261)...
2025-10-25 20:53:28,427 - BlankSpaceAnalyzer - INFO - -> Analyzing version 3.2.13 (667/2261)...
2025-10-25 20:53:28,499 - BlankSpaceAnalyzer - INFO - -> Analyzing version 3.2.14 (668/2261)...
2025-10-25 20:53:28,579 - BlankSpaceAnalyzer - INFO - -> Analyzing version 3.2.15 (669/2261)...
2025-10-25 20:53:28,660 - BlankSpaceAnalyzer - INFO - -> Analyzing version 3.2.16 (670/2261)...
2025-10-25 20:53:28,739 - BlankSpaceAnalyzer - INFO - -> Analyzing version 3.2.17 (671/2261)...
2025-10-25 20:53:28,817 - BlankSpaceAnalyzer - INFO - -> Analyzing version 3.2.18 (672/2261)...
2025-10-25 20:53:28,895 - BlankSpaceAnalyzer - INFO - -> Analyzing version 3.2.19 (673/2261)...
2025-10-25 20:53:28,974 - BlankSpaceAnalyzer - INFO - -> Analyzing version 3.2.6 (674/2261)...
2025-10-25 20:53:29,054 - BlankSpaceAnalyzer - INFO - -> Analyzing version 3.2.6-alpha.0 (675/2261)...
2025-10-25 20:53:29,135 - BlankSpaceAnalyzer - INFO - -> Analyzing version 3.3.0 (676/2261)...
2025-10-25 20:53:29,224 - BlankSpaceAnalyzer - INFO - -> Analyzing version 3.3.0-alpha.0 (677/2261)...
2025-10-25 20:53:29,301 - BlankSpaceAnalyzer - INFO - -> Analyzing version 3.3.0-alpha.2 (678/2261)...
2025-10-25 20:53:29,381 - BlankSpaceAnalyzer - INFO - -> Analyzing version 3.3.0-alpha.3 (679/2261)...
2025-10-25 20:53:29,461 - BlankSpaceAnalyzer - INFO - -> Analyzing version 3.3.0-alpha.4 (680/2261)...
2025-10-25 20:53:29,539 - BlankSpaceAnalyzer - INFO - -> Analyzing version 3.3.0-alpha.5 (681/2261)...
2025-10-25 20:53:29,622 - BlankSpaceAnalyzer - INFO - -> Analyzing version 3.3.0-alpha.6 (682/2261)...
2025-10-25 20:53:29,704 - BlankSpaceAnalyzer - INFO - -> Analyzing version 3.3.0-rc.0 (683/2261)...
2025-10-25 20:53:29,788 - BlankSpaceAnalyzer - INFO - -> Analyzing version 3.3.0-rc.1 (684/2261)...
2025-10-25 20:53:29,866 - BlankSpaceAnalyzer - INFO - -> Analyzing version 3.3.1 (685/2261)...
2025-10-25 20:53:29,940 - BlankSpaceAnalyzer - INFO - -> Analyzing version 3.3.10 (686/2261)...
2025-10-25 20:53:30,017 - BlankSpaceAnalyzer - INFO - -> Analyzing version 3.3.11 (687/2261)...
2025-10-25 20:53:30,100 - BlankSpaceAnalyzer - INFO - -> Analyzing version 3.3.12 (688/2261)...
2025-10-25 20:53:30,181 - BlankSpaceAnalyzer - INFO - -> Analyzing version 3.3.13 (689/2261)...
2025-10-25 20:53:30,264 - BlankSpaceAnalyzer - INFO - -> Analyzing version 3.3.14 (690/2261)...
2025-10-25 20:53:30,348 - BlankSpaceAnalyzer - INFO - -> Analyzing version 3.3.15 (691/2261)...
2025-10-25 20:53:30,434 - BlankSpaceAnalyzer - INFO - -> Analyzing version 3.3.2 (692/2261)...
2025-10-25 20:53:30,507 - BlankSpaceAnalyzer - INFO - -> Analyzing version 3.3.3 (693/2261)...
2025-10-25 20:53:30,592 - BlankSpaceAnalyzer - INFO - -> Analyzing version 3.3.4 (694/2261)...
2025-10-25 20:53:30,677 - BlankSpaceAnalyzer - INFO - -> Analyzing version 3.3.5 (695/2261)...
2025-10-25 20:53:30,758 - BlankSpaceAnalyzer - INFO - -> Analyzing version 3.3.6 (696/2261)...
2025-10-25 20:53:30,841 - BlankSpaceAnalyzer - INFO - -> Analyzing version 3.3.7 (697/2261)...
2025-10-25 20:53:30,916 - BlankSpaceAnalyzer - INFO - -> Analyzing version 3.3.8 (698/2261)...
2025-10-25 20:53:30,999 - BlankSpaceAnalyzer - INFO - -> Analyzing version 3.3.9 (699/2261)...
2025-10-25 20:53:31,082 - BlankSpaceAnalyzer - INFO - -> Analyzing version 3.4.0 (700/2261)...
2025-10-25 20:53:31,164 - BlankSpaceAnalyzer - INFO - -> Analyzing version 3.4.0-alpha.0 (701/2261)...
2025-10-25 20:53:31,246 - BlankSpaceAnalyzer - INFO - -> Analyzing version 3.4.0-alpha.1 (702/2261)...
2025-10-25 20:53:31,328 - BlankSpaceAnalyzer - INFO - -> Analyzing version 3.4.0-alpha.2 (703/2261)...
2025-10-25 20:53:31,416 - BlankSpaceAnalyzer - INFO - -> Analyzing version 3.4.0-alpha.3 (704/2261)...
2025-10-25 20:53:31,496 - BlankSpaceAnalyzer - INFO - -> Analyzing version 3.4.0-alpha.4 (705/2261)...
2025-10-25 20:53:31,580 - BlankSpaceAnalyzer - INFO - -> Analyzing version 3.4.0-alpha.5 (706/2261)...
2025-10-25 20:53:31,658 - BlankSpaceAnalyzer - INFO - -> Analyzing version 3.4.0-alpha.6 (707/2261)...
2025-10-25 20:53:31,733 - BlankSpaceAnalyzer - INFO - -> Analyzing version 3.4.0-alpha.7 (708/2261)...
2025-10-25 20:53:31,810 - BlankSpaceAnalyzer - INFO - -> Analyzing version 3.4.0-alpha.8 (709/2261)...
2025-10-25 20:53:31,892 - BlankSpaceAnalyzer - INFO - -> Analyzing version 3.4.0-alpha.9 (710/2261)...
2025-10-25 20:53:31,974 - BlankSpaceAnalyzer - INFO - -> Analyzing version 3.4.0-rc.0 (711/2261)...
2025-10-25 20:53:32,053 - BlankSpaceAnalyzer - INFO - -> Analyzing version 3.4.0-rc.1 (712/2261)...
2025-10-25 20:53:32,137 - BlankSpaceAnalyzer - INFO - -> Analyzing version 3.4.0-rc.2 (713/2261)...
2025-10-25 20:53:32,220 - BlankSpaceAnalyzer - INFO - -> Analyzing version 3.4.0-rc.3 (714/2261)...
2025-10-25 20:53:32,302 - BlankSpaceAnalyzer - INFO - -> Analyzing version 3.4.0-rc.4 (715/2261)...
2025-10-25 20:53:32,385 - BlankSpaceAnalyzer - INFO - -> Analyzing version 3.4.1 (716/2261)...
2025-10-25 20:53:32,469 - BlankSpaceAnalyzer - INFO - -> Analyzing version 3.4.10 (717/2261)...
2025-10-25 20:53:32,551 - BlankSpaceAnalyzer - INFO - -> Analyzing version 3.4.11 (718/2261)...
2025-10-25 20:53:32,633 - BlankSpaceAnalyzer - INFO - -> Analyzing version 3.4.12 (719/2261)...
2025-10-25 20:53:32,716 - BlankSpaceAnalyzer - INFO - -> Analyzing version 3.4.2 (720/2261)...
2025-10-25 20:53:32,799 - BlankSpaceAnalyzer - INFO - -> Analyzing version 3.4.3 (721/2261)...
2025-10-25 20:53:32,883 - BlankSpaceAnalyzer - INFO - -> Analyzing version 3.4.4 (722/2261)...
2025-10-25 20:53:32,960 - BlankSpaceAnalyzer - INFO - -> Analyzing version 3.4.5 (723/2261)...
2025-10-25 20:53:33,038 - BlankSpaceAnalyzer - INFO - -> Analyzing version 3.4.6 (724/2261)...
2025-10-25 20:53:33,115 - BlankSpaceAnalyzer - INFO - -> Analyzing version 3.4.7 (725/2261)...
2025-10-25 20:53:33,198 - BlankSpaceAnalyzer - INFO - -> Analyzing version 3.4.8 (726/2261)...
2025-10-25 20:53:33,274 - BlankSpaceAnalyzer - INFO - -> Analyzing version 4.0.0 (727/2261)...
2025-10-25 20:53:33,356 - BlankSpaceAnalyzer - INFO - -> Analyzing version 4.0.0-alpha.0 (728/2261)...
2025-10-25 20:53:33,436 - BlankSpaceAnalyzer - INFO - -> Analyzing version 4.0.0-alpha.1 (729/2261)...
2025-10-25 20:53:33,514 - BlankSpaceAnalyzer - INFO - -> Analyzing version 4.0.0-alpha.10 (730/2261)...
2025-10-25 20:53:33,597 - BlankSpaceAnalyzer - INFO - -> Analyzing version 4.0.0-alpha.11 (731/2261)...
2025-10-25 20:53:33,680 - BlankSpaceAnalyzer - INFO - -> Analyzing version 4.0.0-alpha.12 (732/2261)...
2025-10-25 20:53:33,763 - BlankSpaceAnalyzer - INFO - -> Analyzing version 4.0.0-alpha.13 (733/2261)...
2025-10-25 20:53:33,848 - BlankSpaceAnalyzer - INFO - -> Analyzing version 4.0.0-alpha.14 (734/2261)...
2025-10-25 20:53:33,922 - BlankSpaceAnalyzer - INFO - -> Analyzing version 4.0.0-alpha.15 (735/2261)...
2025-10-25 20:53:34,006 - BlankSpaceAnalyzer - INFO - -> Analyzing version 4.0.0-alpha.16 (736/2261)...
2025-10-25 20:53:34,089 - BlankSpaceAnalyzer - INFO - -> Analyzing version 4.0.0-alpha.17 (737/2261)...
2025-10-25 20:53:34,174 - BlankSpaceAnalyzer - INFO - -> Analyzing version 4.0.0-alpha.18 (738/2261)...
2025-10-25 20:53:34,258 - BlankSpaceAnalyzer - INFO - -> Analyzing version 4.0.0-alpha.2 (739/2261)...
2025-10-25 20:53:34,340 - BlankSpaceAnalyzer - INFO - -> Analyzing version 4.0.0-alpha.20 (740/2261)...
2025-10-25 20:53:34,424 - BlankSpaceAnalyzer - INFO - -> Analyzing version 4.0.0-alpha.21 (741/2261)...
2025-10-25 20:53:34,503 - BlankSpaceAnalyzer - INFO - -> Analyzing version 4.0.0-alpha.22 (742/2261)...
2025-10-25 20:53:34,586 - BlankSpaceAnalyzer - INFO - -> Analyzing version 4.0.0-alpha.23 (743/2261)...
2025-10-25 20:53:34,668 - BlankSpaceAnalyzer - INFO - -> Analyzing version 4.0.0-alpha.24 (744/2261)...
2025-10-25 20:53:34,749 - BlankSpaceAnalyzer - INFO - -> Analyzing version 4.0.0-alpha.25 (745/2261)...
2025-10-25 20:53:34,834 - BlankSpaceAnalyzer - INFO - -> Analyzing version 4.0.0-alpha.3 (746/2261)...
2025-10-25 20:53:34,919 - BlankSpaceAnalyzer - INFO - -> Analyzing version 4.0.0-alpha.4 (747/2261)...
2025-10-25 20:53:35,003 - BlankSpaceAnalyzer - INFO - -> Analyzing version 4.0.0-alpha.6 (748/2261)...
2025-10-25 20:53:35,088 - BlankSpaceAnalyzer - INFO - -> Analyzing version 4.0.0-alpha.7 (749/2261)...
2025-10-25 20:53:35,169 - BlankSpaceAnalyzer - INFO - -> Analyzing version 4.0.0-alpha.8 (750/2261)...
2025-10-25 20:53:35,247 - BlankSpaceAnalyzer - INFO - -> Analyzing version 4.0.0-alpha.9 (751/2261)...
2025-10-25 20:53:35,327 - BlankSpaceAnalyzer - INFO - -> Analyzing version 4.0.0-rc.0 (752/2261)...
2025-10-25 20:53:35,412 - BlankSpaceAnalyzer - INFO - -> Analyzing version 4.0.0-rc.1 (753/2261)...
2025-10-25 20:53:35,496 - BlankSpaceAnalyzer - INFO - -> Analyzing version 4.0.0-rc.2 (754/2261)...
2025-10-25 20:53:35,582 - BlankSpaceAnalyzer - INFO - -> Analyzing version 4.0.0-rc.3 (755/2261)...
2025-10-25 20:53:35,662 - BlankSpaceAnalyzer - INFO - -> Analyzing version 4.0.0-rc.4 (756/2261)...
2025-10-25 20:53:35,750 - BlankSpaceAnalyzer - INFO - -> Analyzing version 4.0.0-rc.5 (757/2261)...
2025-10-25 20:53:35,833 - BlankSpaceAnalyzer - INFO - -> Analyzing version 4.0.0-rc.6 (758/2261)...
2025-10-25 20:53:35,917 - BlankSpaceAnalyzer - INFO - -> Analyzing version 4.0.1 (759/2261)...
2025-10-25 20:53:36,001 - BlankSpaceAnalyzer - INFO - -> Analyzing version 4.0.10 (760/2261)...
2025-10-25 20:53:36,086 - BlankSpaceAnalyzer - INFO - -> Analyzing version 4.0.11 (761/2261)...
2025-10-25 20:53:36,172 - BlankSpaceAnalyzer - INFO - -> Analyzing version 4.0.12 (762/2261)...
2025-10-25 20:53:36,254 - BlankSpaceAnalyzer - INFO - -> Analyzing version 4.0.2 (763/2261)...
2025-10-25 20:53:36,333 - BlankSpaceAnalyzer - INFO - -> Analyzing version 4.0.3 (764/2261)...
2025-10-25 20:53:36,416 - BlankSpaceAnalyzer - INFO - -> Analyzing version 4.0.4 (765/2261)...
2025-10-25 20:53:36,500 - BlankSpaceAnalyzer - INFO - -> Analyzing version 4.0.6 (766/2261)...
2025-10-25 20:53:36,579 - BlankSpaceAnalyzer - INFO - -> Analyzing version 4.0.7 (767/2261)...
2025-10-25 20:53:36,660 - BlankSpaceAnalyzer - INFO - -> Analyzing version 4.0.8 (768/2261)...
2025-10-25 20:53:36,742 - BlankSpaceAnalyzer - INFO - -> Analyzing version 4.0.9 (769/2261)...
2025-10-25 20:53:36,819 - BlankSpaceAnalyzer - INFO - -> Analyzing version 4.1.0 (770/2261)...
2025-10-25 20:53:36,904 - BlankSpaceAnalyzer - INFO - -> Analyzing version 4.1.0-alpha.1 (771/2261)...
2025-10-25 20:53:36,989 - BlankSpaceAnalyzer - INFO - -> Analyzing version 4.1.0-alpha.10 (772/2261)...
2025-10-25 20:53:37,068 - BlankSpaceAnalyzer - INFO - -> Analyzing version 4.1.0-alpha.11 (773/2261)...
2025-10-25 20:53:37,148 - BlankSpaceAnalyzer - INFO - -> Analyzing version 4.1.0-alpha.12 (774/2261)...
2025-10-25 20:53:37,234 - BlankSpaceAnalyzer - INFO - -> Analyzing version 4.1.0-alpha.13 (775/2261)...
2025-10-25 20:53:37,318 - BlankSpaceAnalyzer - INFO - -> Analyzing version 4.1.0-alpha.2 (776/2261)...
2025-10-25 20:53:37,403 - BlankSpaceAnalyzer - INFO - -> Analyzing version 4.1.0-alpha.3 (777/2261)...
2025-10-25 20:53:37,489 - BlankSpaceAnalyzer - INFO - -> Analyzing version 4.1.0-alpha.4 (778/2261)...
2025-10-25 20:53:37,572 - BlankSpaceAnalyzer - INFO - -> Analyzing version 4.1.0-alpha.5 (779/2261)...
2025-10-25 20:53:37,652 - BlankSpaceAnalyzer - INFO - -> Analyzing version 4.1.0-alpha.6 (780/2261)...
2025-10-25 20:53:37,732 - BlankSpaceAnalyzer - INFO - -> Analyzing version 4.1.0-alpha.7 (781/2261)...
2025-10-25 20:53:37,818 - BlankSpaceAnalyzer - INFO - -> Analyzing version 4.1.0-alpha.8 (782/2261)...
2025-10-25 20:53:37,902 - BlankSpaceAnalyzer - INFO - -> Analyzing version 4.1.0-alpha.9 (783/2261)...
2025-10-25 20:53:37,986 - BlankSpaceAnalyzer - INFO - -> Analyzing version 4.1.1 (784/2261)...
2025-10-25 20:53:38,068 - BlankSpaceAnalyzer - INFO - -> Analyzing version 4.1.10 (785/2261)...
2025-10-25 20:53:38,148 - BlankSpaceAnalyzer - INFO - -> Analyzing version 4.1.11 (786/2261)...
2025-10-25 20:53:38,233 - BlankSpaceAnalyzer - INFO - -> Analyzing version 4.1.12 (787/2261)...
2025-10-25 20:53:38,311 - BlankSpaceAnalyzer - INFO - -> Analyzing version 4.1.13 (788/2261)...
2025-10-25 20:53:38,395 - BlankSpaceAnalyzer - INFO - -> Analyzing version 4.1.14 (789/2261)...
2025-10-25 20:53:38,481 - BlankSpaceAnalyzer - INFO - -> Analyzing version 4.1.16 (790/2261)...
2025-10-25 20:53:38,559 - BlankSpaceAnalyzer - INFO - -> Analyzing version 4.1.18 (791/2261)...
2025-10-25 20:53:38,641 - BlankSpaceAnalyzer - INFO - -> Analyzing version 4.1.2 (792/2261)...
2025-10-25 20:53:38,724 - BlankSpaceAnalyzer - INFO - -> Analyzing version 4.1.3 (793/2261)...
2025-10-25 20:53:38,814 - BlankSpaceAnalyzer - INFO - -> Analyzing version 4.1.4 (794/2261)...
2025-10-25 20:53:38,896 - BlankSpaceAnalyzer - INFO - -> Analyzing version 4.1.5 (795/2261)...
2025-10-25 20:53:38,981 - BlankSpaceAnalyzer - INFO - -> Analyzing version 4.1.5-react-debug.0 (796/2261)...
2025-10-25 20:53:39,067 - BlankSpaceAnalyzer - INFO - -> Analyzing version 4.1.5-react-debug.1 (797/2261)...
2025-10-25 20:53:39,150 - BlankSpaceAnalyzer - INFO - -> Analyzing version 4.1.6 (798/2261)...
2025-10-25 20:53:39,235 - BlankSpaceAnalyzer - INFO - -> Analyzing version 4.1.7 (799/2261)...
2025-10-25 20:53:39,312 - BlankSpaceAnalyzer - INFO - -> Analyzing version 4.1.8 (800/2261)...
2025-10-25 20:53:39,395 - BlankSpaceAnalyzer - INFO - -> Analyzing version 4.1.9 (801/2261)...
2025-10-25 20:53:39,474 - BlankSpaceAnalyzer - INFO - -> Analyzing version 4.2.0-alpha.1 (802/2261)...
2025-10-25 20:53:39,555 - BlankSpaceAnalyzer - INFO - -> Analyzing version 4.2.0-alpha.10 (803/2261)...
2025-10-25 20:53:39,636 - BlankSpaceAnalyzer - INFO - -> Analyzing version 4.2.0-alpha.11 (804/2261)...
2025-10-25 20:53:39,714 - BlankSpaceAnalyzer - INFO - -> Analyzing version 4.2.0-alpha.2 (805/2261)...
2025-10-25 20:53:39,797 - BlankSpaceAnalyzer - INFO - -> Analyzing version 4.2.0-alpha.3 (806/2261)...
2025-10-25 20:53:39,882 - BlankSpaceAnalyzer - INFO - -> Analyzing version 4.2.0-alpha.4 (807/2261)...
2025-10-25 20:53:39,961 - BlankSpaceAnalyzer - INFO - -> Analyzing version 4.2.0-alpha.5 (808/2261)...
2025-10-25 20:53:40,042 - BlankSpaceAnalyzer - INFO - -> Analyzing version 4.2.0-alpha.6 (809/2261)...
2025-10-25 20:53:40,126 - BlankSpaceAnalyzer - INFO - -> Analyzing version 4.2.0-alpha.7 (810/2261)...
2025-10-25 20:53:40,203 - BlankSpaceAnalyzer - INFO - -> Analyzing version 4.2.0-alpha.8 (811/2261)...
2025-10-25 20:53:40,288 - BlankSpaceAnalyzer - INFO - -> Analyzing version 4.2.0-alpha.9 (812/2261)...
2025-10-25 20:53:40,373 - BlankSpaceAnalyzer - INFO - -> Analyzing version 4.2.0-cra-debug.0 (813/2261)...
2025-10-25 20:53:40,458 - BlankSpaceAnalyzer - INFO - -> Analyzing version 5.0.0 (814/2261)...
2025-10-25 20:53:40,539 - BlankSpaceAnalyzer - INFO - -> Analyzing version 5.0.0-alpha.0 (815/2261)...
2025-10-25 20:53:40,619 - BlankSpaceAnalyzer - INFO - -> Analyzing version 5.0.0-alpha.1 (816/2261)...
2025-10-25 20:53:40,700 - BlankSpaceAnalyzer - INFO - -> Analyzing version 5.0.0-alpha.10 (817/2261)...
2025-10-25 20:53:40,780 - BlankSpaceAnalyzer - INFO - -> Analyzing version 5.0.0-alpha.11 (818/2261)...
2025-10-25 20:53:40,860 - BlankSpaceAnalyzer - INFO - -> Analyzing version 5.0.0-alpha.2 (819/2261)...
2025-10-25 20:53:40,941 - BlankSpaceAnalyzer - INFO - -> Analyzing version 5.0.0-alpha.3 (820/2261)...
2025-10-25 20:53:41,021 - BlankSpaceAnalyzer - INFO - -> Analyzing version 5.0.0-alpha.4 (821/2261)...
2025-10-25 20:53:41,104 - BlankSpaceAnalyzer - INFO - -> Analyzing version 5.0.0-alpha.5 (822/2261)...
2025-10-25 20:53:41,185 - BlankSpaceAnalyzer - INFO - -> Analyzing version 5.0.0-alpha.6 (823/2261)...
2025-10-25 20:53:41,266 - BlankSpaceAnalyzer - INFO - -> Analyzing version 5.0.0-alpha.7 (824/2261)...
2025-10-25 20:53:41,347 - BlankSpaceAnalyzer - INFO - -> Analyzing version 5.0.0-alpha.8 (825/2261)...
2025-10-25 20:53:41,427 - BlankSpaceAnalyzer - INFO - -> Analyzing version 5.0.0-alpha.9 (826/2261)...
2025-10-25 20:53:41,508 - BlankSpaceAnalyzer - INFO - -> Analyzing version 5.0.0-beta.1 (827/2261)...
2025-10-25 20:53:41,588 - BlankSpaceAnalyzer - INFO - -> Analyzing version 5.0.0-beta.2 (828/2261)...
2025-10-25 20:53:41,671 - BlankSpaceAnalyzer - INFO - -> Analyzing version 5.0.0-beta.3 (829/2261)...
2025-10-25 20:53:41,751 - BlankSpaceAnalyzer - INFO - -> Analyzing version 5.0.0-beta.4 (830/2261)...
2025-10-25 20:53:41,831 - BlankSpaceAnalyzer - INFO - -> Analyzing version 5.0.0-debug.0 (831/2261)...
2025-10-25 20:53:41,912 - BlankSpaceAnalyzer - INFO - -> Analyzing version 5.0.0-debug.1 (832/2261)...
2025-10-25 20:53:41,994 - BlankSpaceAnalyzer - INFO - -> Analyzing version 5.0.0-debug.2 (833/2261)...
2025-10-25 20:53:42,075 - BlankSpaceAnalyzer - INFO - -> Analyzing version 5.0.0-debug.3 (834/2261)...
2025-10-25 20:53:42,156 - BlankSpaceAnalyzer - INFO - -> Analyzing version 5.0.0-rc.0 (835/2261)...
2025-10-25 20:53:42,236 - BlankSpaceAnalyzer - INFO - -> Analyzing version 5.0.0-rc.1 (836/2261)...
2025-10-25 20:53:42,317 - BlankSpaceAnalyzer - INFO - -> Analyzing version 5.0.0-rc.10 (837/2261)...
2025-10-25 20:53:42,398 - BlankSpaceAnalyzer - INFO - -> Analyzing version 5.0.0-rc.11 (838/2261)...
2025-10-25 20:53:42,478 - BlankSpaceAnalyzer - INFO - -> Analyzing version 5.0.0-rc.2 (839/2261)...
2025-10-25 20:53:42,555 - BlankSpaceAnalyzer - INFO - -> Analyzing version 5.0.0-rc.3 (840/2261)...
2025-10-25 20:53:42,630 - BlankSpaceAnalyzer - INFO - -> Analyzing version 5.0.0-rc.4 (841/2261)...
2025-10-25 20:53:42,711 - BlankSpaceAnalyzer - INFO - -> Analyzing version 5.0.0-rc.5 (842/2261)...
2025-10-25 20:53:42,792 - BlankSpaceAnalyzer - INFO - -> Analyzing version 5.0.0-rc.6 (843/2261)...
2025-10-25 20:53:42,872 - BlankSpaceAnalyzer - INFO - -> Analyzing version 5.0.0-rc.7 (844/2261)...
2025-10-25 20:53:42,948 - BlankSpaceAnalyzer - INFO - -> Analyzing version 5.0.0-rc.8 (845/2261)...
2025-10-25 20:53:43,022 - BlankSpaceAnalyzer - INFO - -> Analyzing version 5.0.0-rc.9 (846/2261)...
2025-10-25 20:53:43,103 - BlankSpaceAnalyzer - INFO - -> Analyzing version 5.0.1 (847/2261)...
2025-10-25 20:53:43,183 - BlankSpaceAnalyzer - INFO - -> Analyzing version 5.0.10 (848/2261)...
2025-10-25 20:53:43,264 - BlankSpaceAnalyzer - INFO - -> Analyzing version 5.0.11 (849/2261)...
2025-10-25 20:53:43,344 - BlankSpaceAnalyzer - INFO - -> Analyzing version 5.0.2 (850/2261)...
2025-10-25 20:53:43,425 - BlankSpaceAnalyzer - INFO - -> Analyzing version 5.0.3 (851/2261)...
2025-10-25 20:53:43,505 - BlankSpaceAnalyzer - INFO - -> Analyzing version 5.0.4 (852/2261)...
2025-10-25 20:53:43,585 - BlankSpaceAnalyzer - INFO - -> Analyzing version 5.0.5 (853/2261)...
2025-10-25 20:53:43,665 - BlankSpaceAnalyzer - INFO - -> Analyzing version 5.0.6 (854/2261)...
2025-10-25 20:53:43,742 - BlankSpaceAnalyzer - INFO - -> Analyzing version 5.0.7 (855/2261)...
2025-10-25 20:53:43,816 - BlankSpaceAnalyzer - INFO - -> Analyzing version 5.0.8 (856/2261)...
2025-10-25 20:53:43,898 - BlankSpaceAnalyzer - INFO - -> Analyzing version 5.0.9 (857/2261)...
2025-10-25 20:53:43,978 - BlankSpaceAnalyzer - INFO - -> Analyzing version 5.1.0-alpha.0 (858/2261)...
2025-10-25 20:53:44,059 - BlankSpaceAnalyzer - INFO - -> Analyzing version 5.1.0-alpha.1 (859/2261)...
2025-10-25 20:53:44,139 - BlankSpaceAnalyzer - INFO - -> Analyzing version 5.1.0-alpha.10 (860/2261)...
2025-10-25 20:53:44,220 - BlankSpaceAnalyzer - INFO - -> Analyzing version 5.1.0-alpha.11 (861/2261)...
2025-10-25 20:53:44,300 - BlankSpaceAnalyzer - INFO - -> Analyzing version 5.1.0-alpha.12 (862/2261)...
2025-10-25 20:53:44,380 - BlankSpaceAnalyzer - INFO - -> Analyzing version 5.1.0-alpha.13 (863/2261)...
2025-10-25 20:53:44,460 - BlankSpaceAnalyzer - INFO - -> Analyzing version 5.1.0-alpha.14 (864/2261)...
2025-10-25 20:53:44,540 - BlankSpaceAnalyzer - INFO - -> Analyzing version 5.1.0-alpha.15 (865/2261)...
2025-10-25 20:53:44,621 - BlankSpaceAnalyzer - INFO - -> Analyzing version 5.1.0-alpha.16 (866/2261)...
2025-10-25 20:53:44,694 - BlankSpaceAnalyzer - INFO - -> Analyzing version 5.1.0-alpha.17 (867/2261)...
2025-10-25 20:53:44,773 - BlankSpaceAnalyzer - INFO - -> Analyzing version 5.1.0-alpha.18 (868/2261)...
2025-10-25 20:53:44,853 - BlankSpaceAnalyzer - INFO - -> Analyzing version 5.1.0-alpha.19 (869/2261)...
2025-10-25 20:53:44,933 - BlankSpaceAnalyzer - INFO - -> Analyzing version 5.1.0-alpha.2 (870/2261)...
2025-10-25 20:53:45,017 - BlankSpaceAnalyzer - INFO - -> Analyzing version 5.1.0-alpha.20 (871/2261)...
2025-10-25 20:53:45,097 - BlankSpaceAnalyzer - INFO - -> Analyzing version 5.1.0-alpha.21 (872/2261)...
2025-10-25 20:53:45,178 - BlankSpaceAnalyzer - INFO - -> Analyzing version 5.1.0-alpha.22 (873/2261)...
2025-10-25 20:53:45,254 - BlankSpaceAnalyzer - INFO - -> Analyzing version 5.1.0-alpha.23 (874/2261)...
2025-10-25 20:53:45,329 - BlankSpaceAnalyzer - INFO - -> Analyzing version 5.1.0-alpha.24 (875/2261)...
2025-10-25 20:53:45,410 - BlankSpaceAnalyzer - INFO - -> Analyzing version 5.1.0-alpha.25 (876/2261)...
2025-10-25 20:53:45,491 - BlankSpaceAnalyzer - INFO - -> Analyzing version 5.1.0-alpha.26 (877/2261)...
2025-10-25 20:53:45,571 - BlankSpaceAnalyzer - INFO - -> Analyzing version 5.1.0-alpha.27 (878/2261)...
2025-10-25 20:53:45,648 - BlankSpaceAnalyzer - INFO - -> Analyzing version 5.1.0-alpha.28 (879/2261)...
2025-10-25 20:53:45,722 - BlankSpaceAnalyzer - INFO - -> Analyzing version 5.1.0-alpha.29 (880/2261)...
2025-10-25 20:53:45,803 - BlankSpaceAnalyzer - INFO - -> Analyzing version 5.1.0-alpha.3 (881/2261)...
2025-10-25 20:53:45,883 - BlankSpaceAnalyzer - INFO - -> Analyzing version 5.1.0-alpha.30 (882/2261)...
2025-10-25 20:53:45,963 - BlankSpaceAnalyzer - INFO - -> Analyzing version 5.1.0-alpha.31 (883/2261)...
2025-10-25 20:53:46,045 - BlankSpaceAnalyzer - INFO - -> Analyzing version 5.1.0-alpha.32 (884/2261)...
2025-10-25 20:53:46,125 - BlankSpaceAnalyzer - INFO - -> Analyzing version 5.1.0-alpha.33 (885/2261)...
2025-10-25 20:53:46,206 - BlankSpaceAnalyzer - INFO - -> Analyzing version 5.1.0-alpha.34 (886/2261)...
2025-10-25 20:53:46,285 - BlankSpaceAnalyzer - INFO - -> Analyzing version 5.1.0-alpha.35 (887/2261)...
2025-10-25 20:53:46,365 - BlankSpaceAnalyzer - INFO - -> Analyzing version 5.1.0-alpha.36 (888/2261)...
2025-10-25 20:53:46,448 - BlankSpaceAnalyzer - INFO - -> Analyzing version 5.1.0-alpha.37 (889/2261)...
2025-10-25 20:53:46,527 - BlankSpaceAnalyzer - INFO - -> Analyzing version 5.1.0-alpha.39 (890/2261)...
2025-10-25 20:53:46,608 - BlankSpaceAnalyzer - INFO - -> Analyzing version 5.1.0-alpha.4 (891/2261)...
2025-10-25 20:53:46,687 - BlankSpaceAnalyzer - INFO - -> Analyzing version 5.1.0-alpha.40 (892/2261)...
2025-10-25 20:53:46,768 - BlankSpaceAnalyzer - INFO - -> Analyzing version 5.1.0-alpha.5 (893/2261)...
2025-10-25 20:53:46,849 - BlankSpaceAnalyzer - INFO - -> Analyzing version 5.1.0-alpha.6 (894/2261)...
2025-10-25 20:53:46,930 - BlankSpaceAnalyzer - INFO - -> Analyzing version 5.1.0-alpha.7 (895/2261)...
2025-10-25 20:53:47,012 - BlankSpaceAnalyzer - INFO - -> Analyzing version 5.1.0-alpha.8 (896/2261)...
2025-10-25 20:53:47,091 - BlankSpaceAnalyzer - INFO - -> Analyzing version 5.1.0-alpha.9 (897/2261)...
2025-10-25 20:53:47,171 - BlankSpaceAnalyzer - INFO - -> Analyzing version 5.1.0-beta.0 (898/2261)...
2025-10-25 20:53:47,249 - BlankSpaceAnalyzer - INFO - -> Analyzing version 5.1.0-beta.1 (899/2261)...
2025-10-25 20:53:47,323 - BlankSpaceAnalyzer - INFO - -> Analyzing version 5.1.0-rc.0 (900/2261)...
2025-10-25 20:53:47,403 - BlankSpaceAnalyzer - INFO - -> Analyzing version 5.1.0-rc.1 (901/2261)...
2025-10-25 20:53:47,484 - BlankSpaceAnalyzer - INFO - -> Analyzing version 5.1.0-rc.2 (902/2261)...
2025-10-25 20:53:47,569 - BlankSpaceAnalyzer - INFO - -> Analyzing version 5.1.0-rc.3 (903/2261)...
2025-10-25 20:53:47,648 - BlankSpaceAnalyzer - INFO - -> Analyzing version 5.1.0-rc.4 (904/2261)...
2025-10-25 20:53:47,729 - BlankSpaceAnalyzer - INFO - -> Analyzing version 5.1.0-rc.5 (905/2261)...
2025-10-25 20:53:47,809 - BlankSpaceAnalyzer - INFO - -> Analyzing version 5.1.1 (906/2261)...
2025-10-25 20:53:47,889 - BlankSpaceAnalyzer - INFO - -> Analyzing version 5.1.10 (907/2261)...
2025-10-25 20:53:47,969 - BlankSpaceAnalyzer - INFO - -> Analyzing version 5.1.11 (908/2261)...
2025-10-25 20:53:48,046 - BlankSpaceAnalyzer - INFO - -> Analyzing version 5.1.3 (909/2261)...
2025-10-25 20:53:48,120 - BlankSpaceAnalyzer - INFO - -> Analyzing version 5.1.4 (910/2261)...
2025-10-25 20:53:48,200 - BlankSpaceAnalyzer - INFO - -> Analyzing version 5.1.5 (911/2261)...
2025-10-25 20:53:48,281 - BlankSpaceAnalyzer - INFO - -> Analyzing version 5.1.6 (912/2261)...
2025-10-25 20:53:48,361 - BlankSpaceAnalyzer - INFO - -> Analyzing version 5.1.7 (913/2261)...
2025-10-25 20:53:48,441 - BlankSpaceAnalyzer - INFO - -> Analyzing version 5.1.8 (914/2261)...
2025-10-25 20:53:48,521 - BlankSpaceAnalyzer - INFO - -> Analyzing version 5.1.9 (915/2261)...
2025-10-25 20:53:48,601 - BlankSpaceAnalyzer - INFO - -> Analyzing version 5.2.0 (916/2261)...
2025-10-25 20:53:48,681 - BlankSpaceAnalyzer - INFO - -> Analyzing version 5.2.0-alpha.0 (917/2261)...
2025-10-25 20:53:48,760 - BlankSpaceAnalyzer - INFO - -> Analyzing version 5.2.0-alpha.1 (918/2261)...
2025-10-25 20:53:48,841 - BlankSpaceAnalyzer - INFO - -> Analyzing version 5.2.0-alpha.10 (919/2261)...
2025-10-25 20:53:48,924 - BlankSpaceAnalyzer - INFO - -> Analyzing version 5.2.0-alpha.11 (920/2261)...
2025-10-25 20:53:49,002 - BlankSpaceAnalyzer - INFO - -> Analyzing version 5.2.0-alpha.12 (921/2261)...
2025-10-25 20:53:49,084 - BlankSpaceAnalyzer - INFO - -> Analyzing version 5.2.0-alpha.13 (922/2261)...
2025-10-25 20:53:49,163 - BlankSpaceAnalyzer - INFO - -> Analyzing version 5.2.0-alpha.14 (923/2261)...
2025-10-25 20:53:49,245 - BlankSpaceAnalyzer - INFO - -> Analyzing version 5.2.0-alpha.15 (924/2261)...
2025-10-25 20:53:49,324 - BlankSpaceAnalyzer - INFO - -> Analyzing version 5.2.0-alpha.16 (925/2261)...
2025-10-25 20:53:49,408 - BlankSpaceAnalyzer - INFO - -> Analyzing version 5.2.0-alpha.17 (926/2261)...
2025-10-25 20:53:49,487 - BlankSpaceAnalyzer - INFO - -> Analyzing version 5.2.0-alpha.18 (927/2261)...
2025-10-25 20:53:49,567 - BlankSpaceAnalyzer - INFO - -> Analyzing version 5.2.0-alpha.19 (928/2261)...
2025-10-25 20:53:49,648 - BlankSpaceAnalyzer - INFO - -> Analyzing version 5.2.0-alpha.2 (929/2261)...
2025-10-25 20:53:49,733 - BlankSpaceAnalyzer - INFO - -> Analyzing version 5.2.0-alpha.20 (930/2261)...
2025-10-25 20:53:49,811 - BlankSpaceAnalyzer - INFO - -> Analyzing version 5.2.0-alpha.21 (931/2261)...
2025-10-25 20:53:49,891 - BlankSpaceAnalyzer - INFO - -> Analyzing version 5.2.0-alpha.22 (932/2261)...
2025-10-25 20:53:49,972 - BlankSpaceAnalyzer - INFO - -> Analyzing version 5.2.0-alpha.23 (933/2261)...
2025-10-25 20:53:50,053 - BlankSpaceAnalyzer - INFO - -> Analyzing version 5.2.0-alpha.24 (934/2261)...
2025-10-25 20:53:50,134 - BlankSpaceAnalyzer - INFO - -> Analyzing version 5.2.0-alpha.26 (935/2261)...
2025-10-25 20:53:50,211 - BlankSpaceAnalyzer - INFO - -> Analyzing version 5.2.0-alpha.27 (936/2261)...
2025-10-25 20:53:50,291 - BlankSpaceAnalyzer - INFO - -> Analyzing version 5.2.0-alpha.28 (937/2261)...
2025-10-25 20:53:50,371 - BlankSpaceAnalyzer - INFO - -> Analyzing version 5.2.0-alpha.29 (938/2261)...
2025-10-25 20:53:50,452 - BlankSpaceAnalyzer - INFO - -> Analyzing version 5.2.0-alpha.3 (939/2261)...
2025-10-25 20:53:50,532 - BlankSpaceAnalyzer - INFO - -> Analyzing version 5.2.0-alpha.30 (940/2261)...
2025-10-25 20:53:50,613 - BlankSpaceAnalyzer - INFO - -> Analyzing version 5.2.0-alpha.31 (941/2261)...
2025-10-25 20:53:50,699 - BlankSpaceAnalyzer - INFO - -> Analyzing version 5.2.0-alpha.32 (942/2261)...
2025-10-25 20:53:50,778 - BlankSpaceAnalyzer - INFO - -> Analyzing version 5.2.0-alpha.33 (943/2261)...
2025-10-25 20:53:50,858 - BlankSpaceAnalyzer - INFO - -> Analyzing version 5.2.0-alpha.34 (944/2261)...
2025-10-25 20:53:50,937 - BlankSpaceAnalyzer - INFO - -> Analyzing version 5.2.0-alpha.35 (945/2261)...
2025-10-25 20:53:51,011 - BlankSpaceAnalyzer - INFO - -> Analyzing version 5.2.0-alpha.36 (946/2261)...
2025-10-25 20:53:51,093 - BlankSpaceAnalyzer - INFO - -> Analyzing version 5.2.0-alpha.37 (947/2261)...
2025-10-25 20:53:51,174 - BlankSpaceAnalyzer - INFO - -> Analyzing version 5.2.0-alpha.38 (948/2261)...
2025-10-25 20:53:51,254 - BlankSpaceAnalyzer - INFO - -> Analyzing version 5.2.0-alpha.39 (949/2261)...
2025-10-25 20:53:51,334 - BlankSpaceAnalyzer - INFO - -> Analyzing version 5.2.0-alpha.4 (950/2261)...
2025-10-25 20:53:51,415 - BlankSpaceAnalyzer - INFO - -> Analyzing version 5.2.0-alpha.40 (951/2261)...
2025-10-25 20:53:51,498 - BlankSpaceAnalyzer - INFO - -> Analyzing version 5.2.0-alpha.41 (952/2261)...
2025-10-25 20:53:51,578 - BlankSpaceAnalyzer - INFO - -> Analyzing version 5.2.0-alpha.42 (953/2261)...
2025-10-25 20:53:51,659 - BlankSpaceAnalyzer - INFO - -> Analyzing version 5.2.0-alpha.43 (954/2261)...
2025-10-25 20:53:51,740 - BlankSpaceAnalyzer - INFO - -> Analyzing version 5.2.0-alpha.44 (955/2261)...
2025-10-25 20:53:51,819 - BlankSpaceAnalyzer - INFO - -> Analyzing version 5.2.0-alpha.5 (956/2261)...
2025-10-25 20:53:51,901 - BlankSpaceAnalyzer - INFO - -> Analyzing version 5.2.0-alpha.6 (957/2261)...
2025-10-25 20:53:51,982 - BlankSpaceAnalyzer - INFO - -> Analyzing version 5.2.0-alpha.7 (958/2261)...
2025-10-25 20:53:52,064 - BlankSpaceAnalyzer - INFO - -> Analyzing version 5.2.0-alpha.8 (959/2261)...
2025-10-25 20:53:52,144 - BlankSpaceAnalyzer - INFO - -> Analyzing version 5.2.0-alpha.9 (960/2261)...
2025-10-25 20:53:52,224 - BlankSpaceAnalyzer - INFO - -> Analyzing version 5.2.0-beta.0 (961/2261)...
2025-10-25 20:53:52,305 - BlankSpaceAnalyzer - INFO - -> Analyzing version 5.2.0-beta.1 (962/2261)...
2025-10-25 20:53:52,386 - BlankSpaceAnalyzer - INFO - -> Analyzing version 5.2.0-beta.10 (963/2261)...
2025-10-25 20:53:52,466 - BlankSpaceAnalyzer - INFO - -> Analyzing version 5.2.0-beta.12 (964/2261)...
2025-10-25 20:53:52,546 - BlankSpaceAnalyzer - INFO - -> Analyzing version 5.2.0-beta.13 (965/2261)...
2025-10-25 20:53:52,627 - BlankSpaceAnalyzer - INFO - -> Analyzing version 5.2.0-beta.14 (966/2261)...
2025-10-25 20:53:52,708 - BlankSpaceAnalyzer - INFO - -> Analyzing version 5.2.0-beta.15 (967/2261)...
2025-10-25 20:53:52,788 - BlankSpaceAnalyzer - INFO - -> Analyzing version 5.2.0-beta.16 (968/2261)...
2025-10-25 20:53:52,868 - BlankSpaceAnalyzer - INFO - -> Analyzing version 5.2.0-beta.17 (969/2261)...
2025-10-25 20:53:52,950 - BlankSpaceAnalyzer - INFO - -> Analyzing version 5.2.0-beta.18 (970/2261)...
2025-10-25 20:53:53,033 - BlankSpaceAnalyzer - INFO - -> Analyzing version 5.2.0-beta.19 (971/2261)...
2025-10-25 20:53:53,111 - BlankSpaceAnalyzer - INFO - -> Analyzing version 5.2.0-beta.2 (972/2261)...
2025-10-25 20:53:53,191 - BlankSpaceAnalyzer - INFO - -> Analyzing version 5.2.0-beta.20 (973/2261)...
2025-10-25 20:53:53,272 - BlankSpaceAnalyzer - INFO - -> Analyzing version 5.2.0-beta.21 (974/2261)...
2025-10-25 20:53:53,352 - BlankSpaceAnalyzer - INFO - -> Analyzing version 5.2.0-beta.22 (975/2261)...
2025-10-25 20:53:53,431 - BlankSpaceAnalyzer - INFO - -> Analyzing version 5.2.0-beta.23 (976/2261)...
2025-10-25 20:53:53,506 - BlankSpaceAnalyzer - INFO - -> Analyzing version 5.2.0-beta.24 (977/2261)...
2025-10-25 20:53:53,586 - BlankSpaceAnalyzer - INFO - -> Analyzing version 5.2.0-beta.25 (978/2261)...
2025-10-25 20:53:53,666 - BlankSpaceAnalyzer - INFO - -> Analyzing version 5.2.0-beta.26 (979/2261)...
2025-10-25 20:53:53,746 - BlankSpaceAnalyzer - INFO - -> Analyzing version 5.2.0-beta.28 (980/2261)...
2025-10-25 20:53:53,826 - BlankSpaceAnalyzer - INFO - -> Analyzing version 5.2.0-beta.29 (981/2261)...
2025-10-25 20:53:53,907 - BlankSpaceAnalyzer - INFO - -> Analyzing version 5.2.0-beta.3 (982/2261)...
2025-10-25 20:53:53,988 - BlankSpaceAnalyzer - INFO - -> Analyzing version 5.2.0-beta.30 (983/2261)...
2025-10-25 20:53:54,068 - BlankSpaceAnalyzer - INFO - -> Analyzing version 5.2.0-beta.31 (984/2261)...
2025-10-25 20:53:54,149 - BlankSpaceAnalyzer - INFO - -> Analyzing version 5.2.0-beta.32 (985/2261)...
2025-10-25 20:53:54,229 - BlankSpaceAnalyzer - INFO - -> Analyzing version 5.2.0-beta.33 (986/2261)...
2025-10-25 20:53:54,310 - BlankSpaceAnalyzer - INFO - -> Analyzing version 5.2.0-beta.36 (987/2261)...
2025-10-25 20:53:54,395 - BlankSpaceAnalyzer - INFO - -> Analyzing version 5.2.0-beta.37 (988/2261)...
2025-10-25 20:53:54,477 - BlankSpaceAnalyzer - INFO - -> Analyzing version 5.2.0-beta.38 (989/2261)...
2025-10-25 20:53:54,556 - BlankSpaceAnalyzer - INFO - -> Analyzing version 5.2.0-beta.39 (990/2261)...
2025-10-25 20:53:54,635 - BlankSpaceAnalyzer - INFO - -> Analyzing version 5.2.0-beta.4 (991/2261)...
2025-10-25 20:53:54,709 - BlankSpaceAnalyzer - INFO - -> Analyzing version 5.2.0-beta.40 (992/2261)...
2025-10-25 20:53:54,789 - BlankSpaceAnalyzer - INFO - -> Analyzing version 5.2.0-beta.41 (993/2261)...
2025-10-25 20:53:54,870 - BlankSpaceAnalyzer - INFO - -> Analyzing version 5.2.0-beta.42 (994/2261)...
2025-10-25 20:53:54,947 - BlankSpaceAnalyzer - INFO - -> Analyzing version 5.2.0-beta.43 (995/2261)...
2025-10-25 20:53:55,021 - BlankSpaceAnalyzer - INFO - -> Analyzing version 5.2.0-beta.45 (996/2261)...
2025-10-25 20:53:55,095 - BlankSpaceAnalyzer - INFO - -> Analyzing version 5.2.0-beta.46 (997/2261)...
2025-10-25 20:53:55,180 - BlankSpaceAnalyzer - INFO - -> Analyzing version 5.2.0-beta.47 (998/2261)...
2025-10-25 20:53:55,259 - BlankSpaceAnalyzer - INFO - -> Analyzing version 5.2.0-beta.48 (999/2261)...
2025-10-25 20:53:55,340 - BlankSpaceAnalyzer - INFO - -> Analyzing version 5.2.0-beta.5 (1000/2261)...
2025-10-25 20:53:55,421 - BlankSpaceAnalyzer - INFO - -> Analyzing version 5.2.0-beta.6 (1001/2261)...
2025-10-25 20:53:55,505 - BlankSpaceAnalyzer - INFO - -> Analyzing version 5.2.0-beta.7 (1002/2261)...
2025-10-25 20:53:55,585 - BlankSpaceAnalyzer - INFO - -> Analyzing version 5.2.0-beta.8 (1003/2261)...
2025-10-25 20:53:55,666 - BlankSpaceAnalyzer - INFO - -> Analyzing version 5.2.0-beta.9 (1004/2261)...
2025-10-25 20:53:55,744 - BlankSpaceAnalyzer - INFO - -> Analyzing version 5.2.0-rc.0 (1005/2261)...
2025-10-25 20:53:55,818 - BlankSpaceAnalyzer - INFO - -> Analyzing version 5.2.0-rc.1 (1006/2261)...
2025-10-25 20:53:55,899 - BlankSpaceAnalyzer - INFO - -> Analyzing version 5.2.0-rc.10 (1007/2261)...
2025-10-25 20:53:55,979 - BlankSpaceAnalyzer - INFO - -> Analyzing version 5.2.0-rc.11 (1008/2261)...
2025-10-25 20:53:56,060 - BlankSpaceAnalyzer - INFO - -> Analyzing version 5.2.0-rc.2 (1009/2261)...
2025-10-25 20:53:56,140 - BlankSpaceAnalyzer - INFO - -> Analyzing version 5.2.0-rc.4 (1010/2261)...
2025-10-25 20:53:56,219 - BlankSpaceAnalyzer - INFO - -> Analyzing version 5.2.0-rc.5 (1011/2261)...
2025-10-25 20:53:56,299 - BlankSpaceAnalyzer - INFO - -> Analyzing version 5.2.0-rc.6 (1012/2261)...
2025-10-25 20:53:56,379 - BlankSpaceAnalyzer - INFO - -> Analyzing version 5.2.0-rc.8 (1013/2261)...
2025-10-25 20:53:56,458 - BlankSpaceAnalyzer - INFO - -> Analyzing version 5.2.0-rc.9 (1014/2261)...
2025-10-25 20:53:56,538 - BlankSpaceAnalyzer - INFO - -> Analyzing version 5.2.1 (1015/2261)...
2025-10-25 20:53:56,619 - BlankSpaceAnalyzer - INFO - -> Analyzing version 5.2.2 (1016/2261)...
2025-10-25 20:53:56,699 - BlankSpaceAnalyzer - INFO - -> Analyzing version 5.2.3 (1017/2261)...
2025-10-25 20:53:56,780 - BlankSpaceAnalyzer - INFO - -> Analyzing version 5.2.4 (1018/2261)...
2025-10-25 20:53:56,860 - BlankSpaceAnalyzer - INFO - -> Analyzing version 5.2.5 (1019/2261)...
2025-10-25 20:53:56,941 - BlankSpaceAnalyzer - INFO - -> Analyzing version 5.2.6 (1020/2261)...
2025-10-25 20:53:57,021 - BlankSpaceAnalyzer - INFO - -> Analyzing version 5.2.7 (1021/2261)...
2025-10-25 20:53:57,101 - BlankSpaceAnalyzer - INFO - -> Analyzing version 5.2.8 (1022/2261)...
2025-10-25 20:53:57,181 - BlankSpaceAnalyzer - INFO - -> Analyzing version 5.3.0 (1023/2261)...
2025-10-25 20:53:57,261 - BlankSpaceAnalyzer - INFO - -> Analyzing version 5.3.0-alpha.0 (1024/2261)...
2025-10-25 20:53:57,342 - BlankSpaceAnalyzer - INFO - -> Analyzing version 5.3.0-alpha.1 (1025/2261)...
2025-10-25 20:53:57,422 - BlankSpaceAnalyzer - INFO - -> Analyzing version 5.3.0-alpha.10 (1026/2261)...
2025-10-25 20:53:57,502 - BlankSpaceAnalyzer - INFO - -> Analyzing version 5.3.0-alpha.11 (1027/2261)...
2025-10-25 20:53:57,582 - BlankSpaceAnalyzer - INFO - -> Analyzing version 5.3.0-alpha.12 (1028/2261)...
2025-10-25 20:53:57,661 - BlankSpaceAnalyzer - INFO - -> Analyzing version 5.3.0-alpha.13 (1029/2261)...
2025-10-25 20:53:57,742 - BlankSpaceAnalyzer - INFO - -> Analyzing version 5.3.0-alpha.15 (1030/2261)...
2025-10-25 20:53:57,822 - BlankSpaceAnalyzer - INFO - -> Analyzing version 5.3.0-alpha.17 (1031/2261)...
2025-10-25 20:53:57,903 - BlankSpaceAnalyzer - INFO - -> Analyzing version 5.3.0-alpha.18 (1032/2261)...
2025-10-25 20:53:57,984 - BlankSpaceAnalyzer - INFO - -> Analyzing version 5.3.0-alpha.19 (1033/2261)...
2025-10-25 20:53:58,061 - BlankSpaceAnalyzer - INFO - -> Analyzing version 5.3.0-alpha.2 (1034/2261)...
2025-10-25 20:53:58,136 - BlankSpaceAnalyzer - INFO - -> Analyzing version 5.3.0-alpha.20 (1035/2261)...
2025-10-25 20:53:58,215 - BlankSpaceAnalyzer - INFO - -> Analyzing version 5.3.0-alpha.21 (1036/2261)...
2025-10-25 20:53:58,295 - BlankSpaceAnalyzer - INFO - -> Analyzing version 5.3.0-alpha.22 (1037/2261)...
2025-10-25 20:53:58,375 - BlankSpaceAnalyzer - INFO - -> Analyzing version 5.3.0-alpha.23 (1038/2261)...
2025-10-25 20:53:58,455 - BlankSpaceAnalyzer - INFO - -> Analyzing version 5.3.0-alpha.24 (1039/2261)...
2025-10-25 20:53:58,536 - BlankSpaceAnalyzer - INFO - -> Analyzing version 5.3.0-alpha.25 (1040/2261)...
2025-10-25 20:53:58,616 - BlankSpaceAnalyzer - INFO - -> Analyzing version 5.3.0-alpha.26 (1041/2261)...
2025-10-25 20:53:58,697 - BlankSpaceAnalyzer - INFO - -> Analyzing version 5.3.0-alpha.27 (1042/2261)...
2025-10-25 20:53:58,778 - BlankSpaceAnalyzer - INFO - -> Analyzing version 5.3.0-alpha.28 (1043/2261)...
2025-10-25 20:53:58,858 - BlankSpaceAnalyzer - INFO - -> Analyzing version 5.3.0-alpha.29 (1044/2261)...
2025-10-25 20:53:58,937 - BlankSpaceAnalyzer - INFO - -> Analyzing version 5.3.0-alpha.3 (1045/2261)...
2025-10-25 20:53:59,017 - BlankSpaceAnalyzer - INFO - -> Analyzing version 5.3.0-alpha.30 (1046/2261)...
2025-10-25 20:53:59,098 - BlankSpaceAnalyzer - INFO - -> Analyzing version 5.3.0-alpha.31 (1047/2261)...
2025-10-25 20:53:59,178 - BlankSpaceAnalyzer - INFO - -> Analyzing version 5.3.0-alpha.32 (1048/2261)...
2025-10-25 20:53:59,259 - BlankSpaceAnalyzer - INFO - -> Analyzing version 5.3.0-alpha.33 (1049/2261)...
2025-10-25 20:53:59,339 - BlankSpaceAnalyzer - INFO - -> Analyzing version 5.3.0-alpha.34 (1050/2261)...
2025-10-25 20:53:59,419 - BlankSpaceAnalyzer - INFO - -> Analyzing version 5.3.0-alpha.35 (1051/2261)...
2025-10-25 20:53:59,499 - BlankSpaceAnalyzer - INFO - -> Analyzing version 5.3.0-alpha.36 (1052/2261)...
2025-10-25 20:53:59,581 - BlankSpaceAnalyzer - INFO - -> Analyzing version 5.3.0-alpha.37 (1053/2261)...
2025-10-25 20:53:59,660 - BlankSpaceAnalyzer - INFO - -> Analyzing version 5.3.0-alpha.38 (1054/2261)...
2025-10-25 20:53:59,746 - BlankSpaceAnalyzer - INFO - -> Analyzing version 5.3.0-alpha.39 (1055/2261)...
2025-10-25 20:53:59,823 - BlankSpaceAnalyzer - INFO - -> Analyzing version 5.3.0-alpha.4 (1056/2261)...
2025-10-25 20:53:59,903 - BlankSpaceAnalyzer - INFO - -> Analyzing version 5.3.0-alpha.40 (1057/2261)...
2025-10-25 20:53:59,983 - BlankSpaceAnalyzer - INFO - -> Analyzing version 5.3.0-alpha.41 (1058/2261)...
2025-10-25 20:54:00,064 - BlankSpaceAnalyzer - INFO - -> Analyzing version 5.3.0-alpha.42 (1059/2261)...
2025-10-25 20:54:00,146 - BlankSpaceAnalyzer - INFO - -> Analyzing version 5.3.0-alpha.43 (1060/2261)...
2025-10-25 20:54:00,226 - BlankSpaceAnalyzer - INFO - -> Analyzing version 5.3.0-alpha.44 (1061/2261)...
2025-10-25 20:54:00,306 - BlankSpaceAnalyzer - INFO - -> Analyzing version 5.3.0-alpha.45 (1062/2261)...
2025-10-25 20:54:00,386 - BlankSpaceAnalyzer - INFO - -> Analyzing version 5.3.0-alpha.46 (1063/2261)...
2025-10-25 20:54:00,465 - BlankSpaceAnalyzer - INFO - -> Analyzing version 5.3.0-alpha.47 (1064/2261)...
2025-10-25 20:54:00,545 - BlankSpaceAnalyzer - INFO - -> Analyzing version 5.3.0-alpha.5 (1065/2261)...
2025-10-25 20:54:00,624 - BlankSpaceAnalyzer - INFO - -> Analyzing version 5.3.0-alpha.6 (1066/2261)...
2025-10-25 20:54:00,704 - BlankSpaceAnalyzer - INFO - -> Analyzing version 5.3.0-alpha.7 (1067/2261)...
2025-10-25 20:54:00,783 - BlankSpaceAnalyzer - INFO - -> Analyzing version 5.3.0-alpha.9 (1068/2261)...
2025-10-25 20:54:00,864 - BlankSpaceAnalyzer - INFO - -> Analyzing version 5.3.0-beta.0 (1069/2261)...
2025-10-25 20:54:00,943 - BlankSpaceAnalyzer - INFO - -> Analyzing version 5.3.0-beta.1 (1070/2261)...
2025-10-25 20:54:01,023 - BlankSpaceAnalyzer - INFO - -> Analyzing version 5.3.0-beta.10 (1071/2261)...
2025-10-25 20:54:01,103 - BlankSpaceAnalyzer - INFO - -> Analyzing version 5.3.0-beta.11 (1072/2261)...
2025-10-25 20:54:01,183 - BlankSpaceAnalyzer - INFO - -> Analyzing version 5.3.0-beta.12 (1073/2261)...
2025-10-25 20:54:01,260 - BlankSpaceAnalyzer - INFO - -> Analyzing version 5.3.0-beta.13 (1074/2261)...
2025-10-25 20:54:01,334 - BlankSpaceAnalyzer - INFO - -> Analyzing version 5.3.0-beta.14 (1075/2261)...
2025-10-25 20:54:01,415 - BlankSpaceAnalyzer - INFO - -> Analyzing version 5.3.0-beta.15 (1076/2261)...
2025-10-25 20:54:01,494 - BlankSpaceAnalyzer - INFO - -> Analyzing version 5.3.0-beta.16 (1077/2261)...
2025-10-25 20:54:01,575 - BlankSpaceAnalyzer - INFO - -> Analyzing version 5.3.0-beta.17 (1078/2261)...
2025-10-25 20:54:01,657 - BlankSpaceAnalyzer - INFO - -> Analyzing version 5.3.0-beta.18 (1079/2261)...
2025-10-25 20:54:01,736 - BlankSpaceAnalyzer - INFO - -> Analyzing version 5.3.0-beta.19 (1080/2261)...
2025-10-25 20:54:01,816 - BlankSpaceAnalyzer - INFO - -> Analyzing version 5.3.0-beta.2 (1081/2261)...
2025-10-25 20:54:01,896 - BlankSpaceAnalyzer - INFO - -> Analyzing version 5.3.0-beta.20 (1082/2261)...
2025-10-25 20:54:01,976 - BlankSpaceAnalyzer - INFO - -> Analyzing version 5.3.0-beta.21 (1083/2261)...
2025-10-25 20:54:02,057 - BlankSpaceAnalyzer - INFO - -> Analyzing version 5.3.0-beta.22 (1084/2261)...
2025-10-25 20:54:02,137 - BlankSpaceAnalyzer - INFO - -> Analyzing version 5.3.0-beta.23 (1085/2261)...
2025-10-25 20:54:02,216 - BlankSpaceAnalyzer - INFO - -> Analyzing version 5.3.0-beta.25 (1086/2261)...
2025-10-25 20:54:02,297 - BlankSpaceAnalyzer - INFO - -> Analyzing version 5.3.0-beta.26 (1087/2261)...
2025-10-25 20:54:02,377 - BlankSpaceAnalyzer - INFO - -> Analyzing version 5.3.0-beta.27 (1088/2261)...
2025-10-25 20:54:02,457 - BlankSpaceAnalyzer - INFO - -> Analyzing version 5.3.0-beta.28 (1089/2261)...
2025-10-25 20:54:02,530 - BlankSpaceAnalyzer - INFO - -> Analyzing version 5.3.0-beta.29 (1090/2261)...
2025-10-25 20:54:02,610 - BlankSpaceAnalyzer - INFO - -> Analyzing version 5.3.0-beta.3 (1091/2261)...
2025-10-25 20:54:02,690 - BlankSpaceAnalyzer - INFO - -> Analyzing version 5.3.0-beta.30 (1092/2261)...
2025-10-25 20:54:02,770 - BlankSpaceAnalyzer - INFO - -> Analyzing version 5.3.0-beta.31 (1093/2261)...
2025-10-25 20:54:02,849 - BlankSpaceAnalyzer - INFO - -> Analyzing version 5.3.0-beta.6 (1094/2261)...
2025-10-25 20:54:02,929 - BlankSpaceAnalyzer - INFO - -> Analyzing version 5.3.0-beta.8 (1095/2261)...
2025-10-25 20:54:03,010 - BlankSpaceAnalyzer - INFO - -> Analyzing version 5.3.0-beta.9 (1096/2261)...
2025-10-25 20:54:03,090 - BlankSpaceAnalyzer - INFO - -> Analyzing version 5.3.0-rc.0 (1097/2261)...
2025-10-25 20:54:03,169 - BlankSpaceAnalyzer - INFO - -> Analyzing version 5.3.0-rc.1 (1098/2261)...
2025-10-25 20:54:03,246 - BlankSpaceAnalyzer - INFO - -> Analyzing version 5.3.0-rc.10 (1099/2261)...
2025-10-25 20:54:03,320 - BlankSpaceAnalyzer - INFO - -> Analyzing version 5.3.0-rc.11 (1100/2261)...
2025-10-25 20:54:03,400 - BlankSpaceAnalyzer - INFO - -> Analyzing version 5.3.0-rc.12 (1101/2261)...
2025-10-25 20:54:03,480 - BlankSpaceAnalyzer - INFO - -> Analyzing version 5.3.0-rc.13 (1102/2261)...
2025-10-25 20:54:03,559 - BlankSpaceAnalyzer - INFO - -> Analyzing version 5.3.0-rc.14 (1103/2261)...
2025-10-25 20:54:03,639 - BlankSpaceAnalyzer - INFO - -> Analyzing version 5.3.0-rc.3 (1104/2261)...
2025-10-25 20:54:03,720 - BlankSpaceAnalyzer - INFO - -> Analyzing version 5.3.0-rc.4 (1105/2261)...
2025-10-25 20:54:03,800 - BlankSpaceAnalyzer - INFO - -> Analyzing version 5.3.0-rc.5 (1106/2261)...
2025-10-25 20:54:03,880 - BlankSpaceAnalyzer - INFO - -> Analyzing version 5.3.0-rc.6 (1107/2261)...
2025-10-25 20:54:03,957 - BlankSpaceAnalyzer - INFO - -> Analyzing version 5.3.0-rc.7 (1108/2261)...
2025-10-25 20:54:04,033 - BlankSpaceAnalyzer - INFO - -> Analyzing version 5.3.0-rc.8 (1109/2261)...
2025-10-25 20:54:04,113 - BlankSpaceAnalyzer - INFO - -> Analyzing version 5.3.0-rc.9 (1110/2261)...
2025-10-25 20:54:04,196 - BlankSpaceAnalyzer - INFO - -> Analyzing version 5.3.1 (1111/2261)...
2025-10-25 20:54:04,275 - BlankSpaceAnalyzer - INFO - -> Analyzing version 5.3.10 (1112/2261)...
2025-10-25 20:54:04,355 - BlankSpaceAnalyzer - INFO - -> Analyzing version 5.3.11 (1113/2261)...
2025-10-25 20:54:04,434 - BlankSpaceAnalyzer - INFO - -> Analyzing version 5.3.12 (1114/2261)...
2025-10-25 20:54:04,506 - BlankSpaceAnalyzer - INFO - -> Analyzing version 5.3.13 (1115/2261)...
2025-10-25 20:54:04,586 - BlankSpaceAnalyzer - INFO - -> Analyzing version 5.3.14 (1116/2261)...
2025-10-25 20:54:04,667 - BlankSpaceAnalyzer - INFO - -> Analyzing version 5.3.15 (1117/2261)...
2025-10-25 20:54:04,750 - BlankSpaceAnalyzer - INFO - -> Analyzing version 5.3.17 (1118/2261)...
2025-10-25 20:54:04,830 - BlankSpaceAnalyzer - INFO - -> Analyzing version 5.3.18 (1119/2261)...
2025-10-25 20:54:04,910 - BlankSpaceAnalyzer - INFO - -> Analyzing version 5.3.19 (1120/2261)...
2025-10-25 20:54:04,991 - BlankSpaceAnalyzer - INFO - -> Analyzing version 5.3.2 (1121/2261)...
2025-10-25 20:54:05,071 - BlankSpaceAnalyzer - INFO - -> Analyzing version 5.3.20 (1122/2261)...
2025-10-25 20:54:05,152 - BlankSpaceAnalyzer - INFO - -> Analyzing version 5.3.21 (1123/2261)...
2025-10-25 20:54:05,234 - BlankSpaceAnalyzer - INFO - -> Analyzing version 5.3.3 (1124/2261)...
2025-10-25 20:54:05,313 - BlankSpaceAnalyzer - INFO - -> Analyzing version 5.3.4 (1125/2261)...
2025-10-25 20:54:05,393 - BlankSpaceAnalyzer - INFO - -> Analyzing version 5.3.5 (1126/2261)...
2025-10-25 20:54:05,473 - BlankSpaceAnalyzer - INFO - -> Analyzing version 5.3.6 (1127/2261)...
2025-10-25 20:54:05,553 - BlankSpaceAnalyzer - INFO - -> Analyzing version 5.3.7 (1128/2261)...
2025-10-25 20:54:05,632 - BlankSpaceAnalyzer - INFO - -> Analyzing version 5.3.8 (1129/2261)...
2025-10-25 20:54:05,705 - BlankSpaceAnalyzer - INFO - -> Analyzing version 5.3.9 (1130/2261)...
2025-10-25 20:54:05,786 - BlankSpaceAnalyzer - INFO - -> Analyzing version 6.0.0 (1131/2261)...
2025-10-25 20:54:05,869 - BlankSpaceAnalyzer - INFO - -> Analyzing version 6.0.0-alpha.0 (1132/2261)...
2025-10-25 20:54:05,949 - BlankSpaceAnalyzer - INFO - -> Analyzing version 6.0.0-alpha.1 (1133/2261)...
2025-10-25 20:54:06,027 - BlankSpaceAnalyzer - INFO - -> Analyzing version 6.0.0-alpha.10 (1134/2261)...
2025-10-25 20:54:06,101 - BlankSpaceAnalyzer - INFO - -> Analyzing version 6.0.0-alpha.11 (1135/2261)...
2025-10-25 20:54:06,181 - BlankSpaceAnalyzer - INFO - -> Analyzing version 6.0.0-alpha.12 (1136/2261)...
2025-10-25 20:54:06,261 - BlankSpaceAnalyzer - INFO - -> Analyzing version 6.0.0-alpha.13 (1137/2261)...
2025-10-25 20:54:06,342 - BlankSpaceAnalyzer - INFO - -> Analyzing version 6.0.0-alpha.14 (1138/2261)...
2025-10-25 20:54:06,426 - BlankSpaceAnalyzer - INFO - -> Analyzing version 6.0.0-alpha.15 (1139/2261)...
2025-10-25 20:54:06,505 - BlankSpaceAnalyzer - INFO - -> Analyzing version 6.0.0-alpha.17 (1140/2261)...
2025-10-25 20:54:06,585 - BlankSpaceAnalyzer - INFO - -> Analyzing version 6.0.0-alpha.18 (1141/2261)...
2025-10-25 20:54:06,665 - BlankSpaceAnalyzer - INFO - -> Analyzing version 6.0.0-alpha.19 (1142/2261)...
2025-10-25 20:54:06,746 - BlankSpaceAnalyzer - INFO - -> Analyzing version 6.0.0-alpha.2 (1143/2261)...
2025-10-25 20:54:06,826 - BlankSpaceAnalyzer - INFO - -> Analyzing version 6.0.0-alpha.20 (1144/2261)...
2025-10-25 20:54:06,906 - BlankSpaceAnalyzer - INFO - -> Analyzing version 6.0.0-alpha.21 (1145/2261)...
2025-10-25 20:54:06,986 - BlankSpaceAnalyzer - INFO - -> Analyzing version 6.0.0-alpha.22 (1146/2261)...
2025-10-25 20:54:07,067 - BlankSpaceAnalyzer - INFO - -> Analyzing version 6.0.0-alpha.24 (1147/2261)...
2025-10-25 20:54:07,148 - BlankSpaceAnalyzer - INFO - -> Analyzing version 6.0.0-alpha.25 (1148/2261)...
2025-10-25 20:54:07,229 - BlankSpaceAnalyzer - INFO - -> Analyzing version 6.0.0-alpha.26 (1149/2261)...
2025-10-25 20:54:07,310 - BlankSpaceAnalyzer - INFO - -> Analyzing version 6.0.0-alpha.27 (1150/2261)...
2025-10-25 20:54:07,390 - BlankSpaceAnalyzer - INFO - -> Analyzing version 6.0.0-alpha.28 (1151/2261)...
2025-10-25 20:54:07,473 - BlankSpaceAnalyzer - INFO - -> Analyzing version 6.0.0-alpha.29 (1152/2261)...
2025-10-25 20:54:07,552 - BlankSpaceAnalyzer - INFO - -> Analyzing version 6.0.0-alpha.3 (1153/2261)...
2025-10-25 20:54:07,633 - BlankSpaceAnalyzer - INFO - -> Analyzing version 6.0.0-alpha.30 (1154/2261)...
2025-10-25 20:54:07,714 - BlankSpaceAnalyzer - INFO - -> Analyzing version 6.0.0-alpha.31 (1155/2261)...
2025-10-25 20:54:07,796 - BlankSpaceAnalyzer - INFO - -> Analyzing version 6.0.0-alpha.32 (1156/2261)...
2025-10-25 20:54:07,877 - BlankSpaceAnalyzer - INFO - -> Analyzing version 6.0.0-alpha.33 (1157/2261)...
2025-10-25 20:54:07,953 - BlankSpaceAnalyzer - INFO - -> Analyzing version 6.0.0-alpha.34 (1158/2261)...
2025-10-25 20:54:08,029 - BlankSpaceAnalyzer - INFO - -> Analyzing version 6.0.0-alpha.35 (1159/2261)...
2025-10-25 20:54:08,103 - BlankSpaceAnalyzer - INFO - -> Analyzing version 6.0.0-alpha.36 (1160/2261)...
2025-10-25 20:54:08,184 - BlankSpaceAnalyzer - INFO - -> Analyzing version 6.0.0-alpha.37 (1161/2261)...
2025-10-25 20:54:08,268 - BlankSpaceAnalyzer - INFO - -> Analyzing version 6.0.0-alpha.39 (1162/2261)...
2025-10-25 20:54:08,348 - BlankSpaceAnalyzer - INFO - -> Analyzing version 6.0.0-alpha.4 (1163/2261)...
2025-10-25 20:54:08,429 - BlankSpaceAnalyzer - INFO - -> Analyzing version 6.0.0-alpha.40 (1164/2261)...
2025-10-25 20:54:08,509 - BlankSpaceAnalyzer - INFO - -> Analyzing version 6.0.0-alpha.41 (1165/2261)...
2025-10-25 20:54:08,592 - BlankSpaceAnalyzer - INFO - -> Analyzing version 6.0.0-alpha.42 (1166/2261)...
2025-10-25 20:54:08,678 - BlankSpaceAnalyzer - INFO - -> Analyzing version 6.0.0-alpha.43 (1167/2261)...
2025-10-25 20:54:08,757 - BlankSpaceAnalyzer - INFO - -> Analyzing version 6.0.0-alpha.44 (1168/2261)...
2025-10-25 20:54:08,839 - BlankSpaceAnalyzer - INFO - -> Analyzing version 6.0.0-alpha.45 (1169/2261)...
2025-10-25 20:54:08,920 - BlankSpaceAnalyzer - INFO - -> Analyzing version 6.0.0-alpha.46 (1170/2261)...
2025-10-25 20:54:09,002 - BlankSpaceAnalyzer - INFO - -> Analyzing version 6.0.0-alpha.5 (1171/2261)...
2025-10-25 20:54:09,084 - BlankSpaceAnalyzer - INFO - -> Analyzing version 6.0.0-alpha.6 (1172/2261)...
2025-10-25 20:54:09,164 - BlankSpaceAnalyzer - INFO - -> Analyzing version 6.0.0-alpha.7 (1173/2261)...
2025-10-25 20:54:09,241 - BlankSpaceAnalyzer - INFO - -> Analyzing version 6.0.0-alpha.8 (1174/2261)...
2025-10-25 20:54:09,314 - BlankSpaceAnalyzer - INFO - -> Analyzing version 6.0.0-alpha.9 (1175/2261)...
2025-10-25 20:54:09,395 - BlankSpaceAnalyzer - INFO - -> Analyzing version 6.0.0-beta.0 (1176/2261)...
2025-10-25 20:54:09,476 - BlankSpaceAnalyzer - INFO - -> Analyzing version 6.0.0-beta.1 (1177/2261)...
2025-10-25 20:54:09,557 - BlankSpaceAnalyzer - INFO - -> Analyzing version 6.0.0-beta.11 (1178/2261)...
2025-10-25 20:54:09,637 - BlankSpaceAnalyzer - INFO - -> Analyzing version 6.0.0-beta.12 (1179/2261)...
2025-10-25 20:54:09,717 - BlankSpaceAnalyzer - INFO - -> Analyzing version 6.0.0-beta.13 (1180/2261)...
2025-10-25 20:54:09,799 - BlankSpaceAnalyzer - INFO - -> Analyzing version 6.0.0-beta.14 (1181/2261)...
2025-10-25 20:54:09,881 - BlankSpaceAnalyzer - INFO - -> Analyzing version 6.0.0-beta.15 (1182/2261)...
2025-10-25 20:54:09,963 - BlankSpaceAnalyzer - INFO - -> Analyzing version 6.0.0-beta.16 (1183/2261)...
2025-10-25 20:54:10,044 - BlankSpaceAnalyzer - INFO - -> Analyzing version 6.0.0-beta.17 (1184/2261)...
2025-10-25 20:54:10,125 - BlankSpaceAnalyzer - INFO - -> Analyzing version 6.0.0-beta.18 (1185/2261)...
2025-10-25 20:54:10,206 - BlankSpaceAnalyzer - INFO - -> Analyzing version 6.0.0-beta.19 (1186/2261)...
2025-10-25 20:54:10,287 - BlankSpaceAnalyzer - INFO - -> Analyzing version 6.0.0-beta.2 (1187/2261)...
2025-10-25 20:54:10,368 - BlankSpaceAnalyzer - INFO - -> Analyzing version 6.0.0-beta.20 (1188/2261)...
2025-10-25 20:54:10,448 - BlankSpaceAnalyzer - INFO - -> Analyzing version 6.0.0-beta.21 (1189/2261)...
2025-10-25 20:54:10,528 - BlankSpaceAnalyzer - INFO - -> Analyzing version 6.0.0-beta.22 (1190/2261)...
2025-10-25 20:54:10,610 - BlankSpaceAnalyzer - INFO - -> Analyzing version 6.0.0-beta.23 (1191/2261)...
2025-10-25 20:54:10,690 - BlankSpaceAnalyzer - INFO - -> Analyzing version 6.0.0-beta.24 (1192/2261)...
2025-10-25 20:54:10,771 - BlankSpaceAnalyzer - INFO - -> Analyzing version 6.0.0-beta.25 (1193/2261)...
2025-10-25 20:54:10,858 - BlankSpaceAnalyzer - INFO - -> Analyzing version 6.0.0-beta.26 (1194/2261)...
2025-10-25 20:54:10,938 - BlankSpaceAnalyzer - INFO - -> Analyzing version 6.0.0-beta.27 (1195/2261)...
2025-10-25 20:54:11,018 - BlankSpaceAnalyzer - INFO - -> Analyzing version 6.0.0-beta.28 (1196/2261)...
2025-10-25 20:54:11,100 - BlankSpaceAnalyzer - INFO - -> Analyzing version 6.0.0-beta.29 (1197/2261)...
2025-10-25 20:54:11,180 - BlankSpaceAnalyzer - INFO - -> Analyzing version 6.0.0-beta.3 (1198/2261)...
2025-10-25 20:54:11,260 - BlankSpaceAnalyzer - INFO - -> Analyzing version 6.0.0-beta.30 (1199/2261)...
2025-10-25 20:54:11,341 - BlankSpaceAnalyzer - INFO - -> Analyzing version 6.0.0-beta.31 (1200/2261)...
2025-10-25 20:54:11,422 - BlankSpaceAnalyzer - INFO - -> Analyzing version 6.0.0-beta.32 (1201/2261)...
2025-10-25 20:54:11,502 - BlankSpaceAnalyzer - INFO - -> Analyzing version 6.0.0-beta.33 (1202/2261)...
2025-10-25 20:54:11,583 - BlankSpaceAnalyzer - INFO - -> Analyzing version 6.0.0-beta.34 (1203/2261)...
2025-10-25 20:54:11,663 - BlankSpaceAnalyzer - INFO - -> Analyzing version 6.0.0-beta.35 (1204/2261)...
2025-10-25 20:54:11,744 - BlankSpaceAnalyzer - INFO - -> Analyzing version 6.0.0-beta.36 (1205/2261)...
2025-10-25 20:54:11,829 - BlankSpaceAnalyzer - INFO - -> Analyzing version 6.0.0-beta.37 (1206/2261)...
2025-10-25 20:54:11,908 - BlankSpaceAnalyzer - INFO - -> Analyzing version 6.0.0-beta.38 (1207/2261)...
2025-10-25 20:54:11,989 - BlankSpaceAnalyzer - INFO - -> Analyzing version 6.0.0-beta.39 (1208/2261)...
2025-10-25 20:54:12,071 - BlankSpaceAnalyzer - INFO - -> Analyzing version 6.0.0-beta.4 (1209/2261)...
2025-10-25 20:54:12,151 - BlankSpaceAnalyzer - INFO - -> Analyzing version 6.0.0-beta.40 (1210/2261)...
2025-10-25 20:54:12,233 - BlankSpaceAnalyzer - INFO - -> Analyzing version 6.0.0-beta.41 (1211/2261)...
2025-10-25 20:54:12,315 - BlankSpaceAnalyzer - INFO - -> Analyzing version 6.0.0-beta.42 (1212/2261)...
2025-10-25 20:54:12,395 - BlankSpaceAnalyzer - INFO - -> Analyzing version 6.0.0-beta.43 (1213/2261)...
2025-10-25 20:54:12,476 - BlankSpaceAnalyzer - INFO - -> Analyzing version 6.0.0-beta.44 (1214/2261)...
2025-10-25 20:54:12,556 - BlankSpaceAnalyzer - INFO - -> Analyzing version 6.0.0-beta.45 (1215/2261)...
2025-10-25 20:54:12,640 - BlankSpaceAnalyzer - INFO - -> Analyzing version 6.0.0-beta.46 (1216/2261)...
2025-10-25 20:54:12,720 - BlankSpaceAnalyzer - INFO - -> Analyzing version 6.0.0-beta.5 (1217/2261)...
2025-10-25 20:54:12,801 - BlankSpaceAnalyzer - INFO - -> Analyzing version 6.0.0-beta.6 (1218/2261)...
2025-10-25 20:54:12,882 - BlankSpaceAnalyzer - INFO - -> Analyzing version 6.0.0-beta.7 (1219/2261)...
2025-10-25 20:54:12,962 - BlankSpaceAnalyzer - INFO - -> Analyzing version 6.0.0-beta.8 (1220/2261)...
2025-10-25 20:54:13,044 - BlankSpaceAnalyzer - INFO - -> Analyzing version 6.0.0-beta.9 (1221/2261)...
2025-10-25 20:54:13,125 - BlankSpaceAnalyzer - INFO - -> Analyzing version 6.0.0-rc.0 (1222/2261)...
2025-10-25 20:54:13,206 - BlankSpaceAnalyzer - INFO - -> Analyzing version 6.0.0-rc.1 (1223/2261)...
2025-10-25 20:54:13,286 - BlankSpaceAnalyzer - INFO - -> Analyzing version 6.0.0-rc.10 (1224/2261)...
2025-10-25 20:54:13,367 - BlankSpaceAnalyzer - INFO - -> Analyzing version 6.0.0-rc.11 (1225/2261)...
2025-10-25 20:54:13,449 - BlankSpaceAnalyzer - INFO - -> Analyzing version 6.0.0-rc.12 (1226/2261)...
2025-10-25 20:54:13,530 - BlankSpaceAnalyzer - INFO - -> Analyzing version 6.0.0-rc.13 (1227/2261)...
2025-10-25 20:54:13,611 - BlankSpaceAnalyzer - INFO - -> Analyzing version 6.0.0-rc.14 (1228/2261)...
2025-10-25 20:54:13,693 - BlankSpaceAnalyzer - INFO - -> Analyzing version 6.0.0-rc.15 (1229/2261)...
2025-10-25 20:54:13,774 - BlankSpaceAnalyzer - INFO - -> Analyzing version 6.0.0-rc.16 (1230/2261)...
2025-10-25 20:54:13,854 - BlankSpaceAnalyzer - INFO - -> Analyzing version 6.0.0-rc.18 (1231/2261)...
2025-10-25 20:54:13,936 - BlankSpaceAnalyzer - INFO - -> Analyzing version 6.0.0-rc.19 (1232/2261)...
2025-10-25 20:54:14,016 - BlankSpaceAnalyzer - INFO - -> Analyzing version 6.0.0-rc.2 (1233/2261)...
2025-10-25 20:54:14,097 - BlankSpaceAnalyzer - INFO - -> Analyzing version 6.0.0-rc.20 (1234/2261)...
2025-10-25 20:54:14,180 - BlankSpaceAnalyzer - INFO - -> Analyzing version 6.0.0-rc.21 (1235/2261)...
2025-10-25 20:54:14,260 - BlankSpaceAnalyzer - INFO - -> Analyzing version 6.0.0-rc.22 (1236/2261)...
2025-10-25 20:54:14,341 - BlankSpaceAnalyzer - INFO - -> Analyzing version 6.0.0-rc.23 (1237/2261)...
2025-10-25 20:54:14,421 - BlankSpaceAnalyzer - INFO - -> Analyzing version 6.0.0-rc.24 (1238/2261)...
2025-10-25 20:54:14,503 - BlankSpaceAnalyzer - INFO - -> Analyzing version 6.0.0-rc.25 (1239/2261)...
2025-10-25 20:54:14,583 - BlankSpaceAnalyzer - INFO - -> Analyzing version 6.0.0-rc.26 (1240/2261)...
2025-10-25 20:54:14,664 - BlankSpaceAnalyzer - INFO - -> Analyzing version 6.0.0-rc.27 (1241/2261)...
2025-10-25 20:54:14,749 - BlankSpaceAnalyzer - INFO - -> Analyzing version 6.0.0-rc.28 (1242/2261)...
2025-10-25 20:54:14,828 - BlankSpaceAnalyzer - INFO - -> Analyzing version 6.0.0-rc.29 (1243/2261)...
2025-10-25 20:54:14,910 - BlankSpaceAnalyzer - INFO - -> Analyzing version 6.0.0-rc.3 (1244/2261)...
2025-10-25 20:54:14,990 - BlankSpaceAnalyzer - INFO - -> Analyzing version 6.0.0-rc.30 (1245/2261)...
2025-10-25 20:54:15,071 - BlankSpaceAnalyzer - INFO - -> Analyzing version 6.0.0-rc.5 (1246/2261)...
2025-10-25 20:54:15,151 - BlankSpaceAnalyzer - INFO - -> Analyzing version 6.0.0-rc.8 (1247/2261)...
2025-10-25 20:54:15,232 - BlankSpaceAnalyzer - INFO - -> Analyzing version 6.0.0-rc.9 (1248/2261)...
2025-10-25 20:54:15,312 - BlankSpaceAnalyzer - INFO - -> Analyzing version 6.0.1 (1249/2261)...
2025-10-25 20:54:15,392 - BlankSpaceAnalyzer - INFO - -> Analyzing version 6.0.10 (1250/2261)...
2025-10-25 20:54:15,474 - BlankSpaceAnalyzer - INFO - -> Analyzing version 6.0.11 (1251/2261)...
2025-10-25 20:54:15,554 - BlankSpaceAnalyzer - INFO - -> Analyzing version 6.0.12 (1252/2261)...
2025-10-25 20:54:15,636 - BlankSpaceAnalyzer - INFO - -> Analyzing version 6.0.13 (1253/2261)...
2025-10-25 20:54:15,718 - BlankSpaceAnalyzer - INFO - -> Analyzing version 6.0.14 (1254/2261)...
2025-10-25 20:54:15,799 - BlankSpaceAnalyzer - INFO - -> Analyzing version 6.0.15 (1255/2261)...
2025-10-25 20:54:15,881 - BlankSpaceAnalyzer - INFO - -> Analyzing version 6.0.16 (1256/2261)...
2025-10-25 20:54:15,962 - BlankSpaceAnalyzer - INFO - -> Analyzing version 6.0.17 (1257/2261)...
2025-10-25 20:54:16,043 - BlankSpaceAnalyzer - INFO - -> Analyzing version 6.0.18 (1258/2261)...
2025-10-25 20:54:16,124 - BlankSpaceAnalyzer - INFO - -> Analyzing version 6.0.19 (1259/2261)...
2025-10-25 20:54:16,206 - BlankSpaceAnalyzer - INFO - -> Analyzing version 6.0.2 (1260/2261)...
2025-10-25 20:54:16,287 - BlankSpaceAnalyzer - INFO - -> Analyzing version 6.0.20 (1261/2261)...
2025-10-25 20:54:16,369 - BlankSpaceAnalyzer - INFO - -> Analyzing version 6.0.21 (1262/2261)...
2025-10-25 20:54:16,450 - BlankSpaceAnalyzer - INFO - -> Analyzing version 6.0.22 (1263/2261)...
2025-10-25 20:54:16,532 - BlankSpaceAnalyzer - INFO - -> Analyzing version 6.0.23 (1264/2261)...
2025-10-25 20:54:16,613 - BlankSpaceAnalyzer - INFO - -> Analyzing version 6.0.24 (1265/2261)...
2025-10-25 20:54:16,695 - BlankSpaceAnalyzer - INFO - -> Analyzing version 6.0.25 (1266/2261)...
2025-10-25 20:54:16,775 - BlankSpaceAnalyzer - INFO - -> Analyzing version 6.0.26 (1267/2261)...
2025-10-25 20:54:16,856 - BlankSpaceAnalyzer - INFO - -> Analyzing version 6.0.27 (1268/2261)...
2025-10-25 20:54:16,936 - BlankSpaceAnalyzer - INFO - -> Analyzing version 6.0.28 (1269/2261)...
2025-10-25 20:54:17,018 - BlankSpaceAnalyzer - INFO - -> Analyzing version 6.0.28-alpha.0 (1270/2261)...
2025-10-25 20:54:17,101 - BlankSpaceAnalyzer - INFO - -> Analyzing version 6.0.28-alpha.1 (1271/2261)...
2025-10-25 20:54:17,182 - BlankSpaceAnalyzer - INFO - -> Analyzing version 6.0.28-alpha.2 (1272/2261)...
2025-10-25 20:54:17,263 - BlankSpaceAnalyzer - INFO - -> Analyzing version 6.0.28-alpha.3 (1273/2261)...
2025-10-25 20:54:17,345 - BlankSpaceAnalyzer - INFO - -> Analyzing version 6.0.3 (1274/2261)...
2025-10-25 20:54:17,426 - BlankSpaceAnalyzer - INFO - -> Analyzing version 6.0.4 (1275/2261)...
2025-10-25 20:54:17,506 - BlankSpaceAnalyzer - INFO - -> Analyzing version 6.0.5 (1276/2261)...
2025-10-25 20:54:17,590 - BlankSpaceAnalyzer - INFO - -> Analyzing version 6.0.6 (1277/2261)...
2025-10-25 20:54:17,671 - BlankSpaceAnalyzer - INFO - -> Analyzing version 6.0.7 (1278/2261)...
2025-10-25 20:54:17,752 - BlankSpaceAnalyzer - INFO - -> Analyzing version 6.0.9 (1279/2261)...
2025-10-25 20:54:17,832 - BlankSpaceAnalyzer - INFO - -> Analyzing version 6.1.0 (1280/2261)...
2025-10-25 20:54:17,913 - BlankSpaceAnalyzer - INFO - -> Analyzing version 6.1.0-alpha.0 (1281/2261)...
2025-10-25 20:54:17,995 - BlankSpaceAnalyzer - INFO - -> Analyzing version 6.1.0-alpha.1 (1282/2261)...
2025-10-25 20:54:18,078 - BlankSpaceAnalyzer - INFO - -> Analyzing version 6.1.0-alpha.10 (1283/2261)...
2025-10-25 20:54:18,158 - BlankSpaceAnalyzer - INFO - -> Analyzing version 6.1.0-alpha.11 (1284/2261)...
2025-10-25 20:54:18,237 - BlankSpaceAnalyzer - INFO - -> Analyzing version 6.1.0-alpha.12 (1285/2261)...
2025-10-25 20:54:18,313 - BlankSpaceAnalyzer - INFO - -> Analyzing version 6.1.0-alpha.14 (1286/2261)...
2025-10-25 20:54:18,394 - BlankSpaceAnalyzer - INFO - -> Analyzing version 6.1.0-alpha.15 (1287/2261)...
2025-10-25 20:54:18,476 - BlankSpaceAnalyzer - INFO - -> Analyzing version 6.1.0-alpha.16 (1288/2261)...
2025-10-25 20:54:18,556 - BlankSpaceAnalyzer - INFO - -> Analyzing version 6.1.0-alpha.17 (1289/2261)...
2025-10-25 20:54:18,638 - BlankSpaceAnalyzer - INFO - -> Analyzing version 6.1.0-alpha.18 (1290/2261)...
2025-10-25 20:54:18,719 - BlankSpaceAnalyzer - INFO - -> Analyzing version 6.1.0-alpha.19 (1291/2261)...
2025-10-25 20:54:18,801 - BlankSpaceAnalyzer - INFO - -> Analyzing version 6.1.0-alpha.20 (1292/2261)...
2025-10-25 20:54:18,882 - BlankSpaceAnalyzer - INFO - -> Analyzing version 6.1.0-alpha.21 (1293/2261)...
2025-10-25 20:54:18,964 - BlankSpaceAnalyzer - INFO - -> Analyzing version 6.1.0-alpha.22 (1294/2261)...
2025-10-25 20:54:19,047 - BlankSpaceAnalyzer - INFO - -> Analyzing version 6.1.0-alpha.23 (1295/2261)...
2025-10-25 20:54:19,129 - BlankSpaceAnalyzer - INFO - -> Analyzing version 6.1.0-alpha.24 (1296/2261)...
2025-10-25 20:54:19,211 - BlankSpaceAnalyzer - INFO - -> Analyzing version 6.1.0-alpha.25 (1297/2261)...
2025-10-25 20:54:19,292 - BlankSpaceAnalyzer - INFO - -> Analyzing version 6.1.0-alpha.26 (1298/2261)...
2025-10-25 20:54:19,376 - BlankSpaceAnalyzer - INFO - -> Analyzing version 6.1.0-alpha.27 (1299/2261)...
2025-10-25 20:54:19,457 - BlankSpaceAnalyzer - INFO - -> Analyzing version 6.1.0-alpha.28 (1300/2261)...
2025-10-25 20:54:19,539 - BlankSpaceAnalyzer - INFO - -> Analyzing version 6.1.0-alpha.29 (1301/2261)...
2025-10-25 20:54:19,619 - BlankSpaceAnalyzer - INFO - -> Analyzing version 6.1.0-alpha.3 (1302/2261)...
2025-10-25 20:54:19,702 - BlankSpaceAnalyzer - INFO - -> Analyzing version 6.1.0-alpha.30 (1303/2261)...
2025-10-25 20:54:19,784 - BlankSpaceAnalyzer - INFO - -> Analyzing version 6.1.0-alpha.31 (1304/2261)...
2025-10-25 20:54:19,869 - BlankSpaceAnalyzer - INFO - -> Analyzing version 6.1.0-alpha.32 (1305/2261)...
2025-10-25 20:54:19,949 - BlankSpaceAnalyzer - INFO - -> Analyzing version 6.1.0-alpha.33 (1306/2261)...
2025-10-25 20:54:20,035 - BlankSpaceAnalyzer - INFO - -> Analyzing version 6.1.0-alpha.34 (1307/2261)...
2025-10-25 20:54:20,115 - BlankSpaceAnalyzer - INFO - -> Analyzing version 6.1.0-alpha.35 (1308/2261)...
2025-10-25 20:54:20,198 - BlankSpaceAnalyzer - INFO - -> Analyzing version 6.1.0-alpha.4 (1309/2261)...
2025-10-25 20:54:20,282 - BlankSpaceAnalyzer - INFO - -> Analyzing version 6.1.0-alpha.6 (1310/2261)...
2025-10-25 20:54:20,362 - BlankSpaceAnalyzer - INFO - -> Analyzing version 6.1.0-alpha.7 (1311/2261)...
2025-10-25 20:54:20,443 - BlankSpaceAnalyzer - INFO - -> Analyzing version 6.1.0-alpha.8 (1312/2261)...
2025-10-25 20:54:20,524 - BlankSpaceAnalyzer - INFO - -> Analyzing version 6.1.0-alpha.9 (1313/2261)...
2025-10-25 20:54:20,600 - BlankSpaceAnalyzer - INFO - -> Analyzing version 6.1.0-beta.0 (1314/2261)...
2025-10-25 20:54:20,680 - BlankSpaceAnalyzer - INFO - -> Analyzing version 6.1.0-beta.1 (1315/2261)...
2025-10-25 20:54:20,761 - BlankSpaceAnalyzer - INFO - -> Analyzing version 6.1.0-beta.2 (1316/2261)...
2025-10-25 20:54:20,841 - BlankSpaceAnalyzer - INFO - -> Analyzing version 6.1.0-beta.3 (1317/2261)...
2025-10-25 20:54:20,917 - BlankSpaceAnalyzer - INFO - -> Analyzing version 6.1.0-beta.4 (1318/2261)...
2025-10-25 20:54:20,999 - BlankSpaceAnalyzer - INFO - -> Analyzing version 6.1.0-beta.5 (1319/2261)...
2025-10-25 20:54:21,081 - BlankSpaceAnalyzer - INFO - -> Analyzing version 6.1.0-beta.6 (1320/2261)...
2025-10-25 20:54:21,163 - BlankSpaceAnalyzer - INFO - -> Analyzing version 6.1.0-beta.7 (1321/2261)...
2025-10-25 20:54:21,241 - BlankSpaceAnalyzer - INFO - -> Analyzing version 6.1.0-rc.0 (1322/2261)...
2025-10-25 20:54:21,316 - BlankSpaceAnalyzer - INFO - -> Analyzing version 6.1.0-rc.1 (1323/2261)...
2025-10-25 20:54:21,398 - BlankSpaceAnalyzer - INFO - -> Analyzing version 6.1.0-rc.2 (1324/2261)...
2025-10-25 20:54:21,478 - BlankSpaceAnalyzer - INFO - -> Analyzing version 6.1.0-rc.3 (1325/2261)...
2025-10-25 20:54:21,561 - BlankSpaceAnalyzer - INFO - -> Analyzing version 6.1.0-rc.4 (1326/2261)...
2025-10-25 20:54:21,642 - BlankSpaceAnalyzer - INFO - -> Analyzing version 6.1.0-rc.5 (1327/2261)...
2025-10-25 20:54:21,723 - BlankSpaceAnalyzer - INFO - -> Analyzing version 6.1.0-rc.6 (1328/2261)...
2025-10-25 20:54:21,804 - BlankSpaceAnalyzer - INFO - -> Analyzing version 6.1.1 (1329/2261)...
2025-10-25 20:54:21,886 - BlankSpaceAnalyzer - INFO - -> Analyzing version 6.1.10 (1330/2261)...
2025-10-25 20:54:21,968 - BlankSpaceAnalyzer - INFO - -> Analyzing version 6.1.11 (1331/2261)...
2025-10-25 20:54:22,049 - BlankSpaceAnalyzer - INFO - -> Analyzing version 6.1.12 (1332/2261)...
2025-10-25 20:54:22,133 - BlankSpaceAnalyzer - INFO - -> Analyzing version 6.1.14 (1333/2261)...
2025-10-25 20:54:22,212 - BlankSpaceAnalyzer - INFO - -> Analyzing version 6.1.15 (1334/2261)...
2025-10-25 20:54:22,290 - BlankSpaceAnalyzer - INFO - -> Analyzing version 6.1.16 (1335/2261)...
2025-10-25 20:54:22,371 - BlankSpaceAnalyzer - INFO - -> Analyzing version 6.1.17 (1336/2261)...
2025-10-25 20:54:22,453 - BlankSpaceAnalyzer - INFO - -> Analyzing version 6.1.18 (1337/2261)...
2025-10-25 20:54:22,534 - BlankSpaceAnalyzer - INFO - -> Analyzing version 6.1.19 (1338/2261)...
2025-10-25 20:54:22,615 - BlankSpaceAnalyzer - INFO - -> Analyzing version 6.1.2 (1339/2261)...
2025-10-25 20:54:22,696 - BlankSpaceAnalyzer - INFO - -> Analyzing version 6.1.20 (1340/2261)...
2025-10-25 20:54:22,776 - BlankSpaceAnalyzer - INFO - -> Analyzing version 6.1.21 (1341/2261)...
2025-10-25 20:54:22,857 - BlankSpaceAnalyzer - INFO - -> Analyzing version 6.1.3 (1342/2261)...
2025-10-25 20:54:22,938 - BlankSpaceAnalyzer - INFO - -> Analyzing version 6.1.4 (1343/2261)...
2025-10-25 20:54:23,018 - BlankSpaceAnalyzer - INFO - -> Analyzing version 6.1.5 (1344/2261)...
2025-10-25 20:54:23,101 - BlankSpaceAnalyzer - INFO - -> Analyzing version 6.1.6 (1345/2261)...
2025-10-25 20:54:23,181 - BlankSpaceAnalyzer - INFO - -> Analyzing version 6.1.7 (1346/2261)...
2025-10-25 20:54:23,262 - BlankSpaceAnalyzer - INFO - -> Analyzing version 6.1.8 (1347/2261)...
2025-10-25 20:54:23,345 - BlankSpaceAnalyzer - INFO - -> Analyzing version 6.1.9 (1348/2261)...
2025-10-25 20:54:23,429 - BlankSpaceAnalyzer - INFO - -> Analyzing version 6.2.0 (1349/2261)...
2025-10-25 20:54:23,512 - BlankSpaceAnalyzer - INFO - -> Analyzing version 6.2.0-alpha.0 (1350/2261)...
2025-10-25 20:54:23,595 - BlankSpaceAnalyzer - INFO - -> Analyzing version 6.2.0-alpha.1 (1351/2261)...
2025-10-25 20:54:23,678 - BlankSpaceAnalyzer - INFO - -> Analyzing version 6.2.0-alpha.10 (1352/2261)...
2025-10-25 20:54:23,760 - BlankSpaceAnalyzer - INFO - -> Analyzing version 6.2.0-alpha.11 (1353/2261)...
2025-10-25 20:54:23,843 - BlankSpaceAnalyzer - INFO - -> Analyzing version 6.2.0-alpha.12 (1354/2261)...
2025-10-25 20:54:23,924 - BlankSpaceAnalyzer - INFO - -> Analyzing version 6.2.0-alpha.13 (1355/2261)...
2025-10-25 20:54:24,002 - BlankSpaceAnalyzer - INFO - -> Analyzing version 6.2.0-alpha.14 (1356/2261)...
2025-10-25 20:54:24,085 - BlankSpaceAnalyzer - INFO - -> Analyzing version 6.2.0-alpha.15 (1357/2261)...
2025-10-25 20:54:24,167 - BlankSpaceAnalyzer - INFO - -> Analyzing version 6.2.0-alpha.16 (1358/2261)...
2025-10-25 20:54:24,253 - BlankSpaceAnalyzer - INFO - -> Analyzing version 6.2.0-alpha.17 (1359/2261)...
2025-10-25 20:54:24,334 - BlankSpaceAnalyzer - INFO - -> Analyzing version 6.2.0-alpha.18 (1360/2261)...
2025-10-25 20:54:24,422 - BlankSpaceAnalyzer - INFO - -> Analyzing version 6.2.0-alpha.19 (1361/2261)...
2025-10-25 20:54:24,504 - BlankSpaceAnalyzer - INFO - -> Analyzing version 6.2.0-alpha.2 (1362/2261)...
2025-10-25 20:54:24,585 - BlankSpaceAnalyzer - INFO - -> Analyzing version 6.2.0-alpha.20 (1363/2261)...
2025-10-25 20:54:24,671 - BlankSpaceAnalyzer - INFO - -> Analyzing version 6.2.0-alpha.21 (1364/2261)...
2025-10-25 20:54:24,752 - BlankSpaceAnalyzer - INFO - -> Analyzing version 6.2.0-alpha.22 (1365/2261)...
2025-10-25 20:54:24,834 - BlankSpaceAnalyzer - INFO - -> Analyzing version 6.2.0-alpha.23 (1366/2261)...
2025-10-25 20:54:24,916 - BlankSpaceAnalyzer - INFO - -> Analyzing version 6.2.0-alpha.24 (1367/2261)...
2025-10-25 20:54:24,999 - BlankSpaceAnalyzer - INFO - -> Analyzing version 6.2.0-alpha.25 (1368/2261)...
2025-10-25 20:54:25,076 - BlankSpaceAnalyzer - INFO - -> Analyzing version 6.2.0-alpha.26 (1369/2261)...
2025-10-25 20:54:25,157 - BlankSpaceAnalyzer - INFO - -> Analyzing version 6.2.0-alpha.27 (1370/2261)...
2025-10-25 20:54:25,243 - BlankSpaceAnalyzer - INFO - -> Analyzing version 6.2.0-alpha.28 (1371/2261)...
2025-10-25 20:54:25,324 - BlankSpaceAnalyzer - INFO - -> Analyzing version 6.2.0-alpha.29 (1372/2261)...
2025-10-25 20:54:25,407 - BlankSpaceAnalyzer - INFO - -> Analyzing version 6.2.0-alpha.3 (1373/2261)...
2025-10-25 20:54:25,489 - BlankSpaceAnalyzer - INFO - -> Analyzing version 6.2.0-alpha.30 (1374/2261)...
2025-10-25 20:54:25,572 - BlankSpaceAnalyzer - INFO - -> Analyzing version 6.2.0-alpha.31 (1375/2261)...
2025-10-25 20:54:25,654 - BlankSpaceAnalyzer - INFO - -> Analyzing version 6.2.0-alpha.32 (1376/2261)...
2025-10-25 20:54:25,738 - BlankSpaceAnalyzer - INFO - -> Analyzing version 6.2.0-alpha.33 (1377/2261)...
2025-10-25 20:54:25,821 - BlankSpaceAnalyzer - INFO - -> Analyzing version 6.2.0-alpha.34 (1378/2261)...
2025-10-25 20:54:25,904 - BlankSpaceAnalyzer - INFO - -> Analyzing version 6.2.0-alpha.35 (1379/2261)...
2025-10-25 20:54:25,992 - BlankSpaceAnalyzer - INFO - -> Analyzing version 6.2.0-alpha.4 (1380/2261)...
2025-10-25 20:54:26,073 - BlankSpaceAnalyzer - INFO - -> Analyzing version 6.2.0-alpha.5 (1381/2261)...
2025-10-25 20:54:26,154 - BlankSpaceAnalyzer - INFO - -> Analyzing version 6.2.0-alpha.6 (1382/2261)...
2025-10-25 20:54:26,234 - BlankSpaceAnalyzer - INFO - -> Analyzing version 6.2.0-alpha.7 (1383/2261)...
2025-10-25 20:54:26,316 - BlankSpaceAnalyzer - INFO - -> Analyzing version 6.2.0-alpha.8 (1384/2261)...
2025-10-25 20:54:26,400 - BlankSpaceAnalyzer - INFO - -> Analyzing version 6.2.0-alpha.9 (1385/2261)...
2025-10-25 20:54:26,481 - BlankSpaceAnalyzer - INFO - -> Analyzing version 6.2.0-beta.0 (1386/2261)...
2025-10-25 20:54:26,563 - BlankSpaceAnalyzer - INFO - -> Analyzing version 6.2.0-beta.1 (1387/2261)...
2025-10-25 20:54:26,645 - BlankSpaceAnalyzer - INFO - -> Analyzing version 6.2.0-beta.10 (1388/2261)...
2025-10-25 20:54:26,727 - BlankSpaceAnalyzer - INFO - -> Analyzing version 6.2.0-beta.11 (1389/2261)...
2025-10-25 20:54:26,810 - BlankSpaceAnalyzer - INFO - -> Analyzing version 6.2.0-beta.12 (1390/2261)...
2025-10-25 20:54:26,892 - BlankSpaceAnalyzer - INFO - -> Analyzing version 6.2.0-beta.13 (1391/2261)...
2025-10-25 20:54:26,976 - BlankSpaceAnalyzer - INFO - -> Analyzing version 6.2.0-beta.14 (1392/2261)...
2025-10-25 20:54:27,059 - BlankSpaceAnalyzer - INFO - -> Analyzing version 6.2.0-beta.15 (1393/2261)...
2025-10-25 20:54:27,143 - BlankSpaceAnalyzer - INFO - -> Analyzing version 6.2.0-beta.2 (1394/2261)...
2025-10-25 20:54:27,224 - BlankSpaceAnalyzer - INFO - -> Analyzing version 6.2.0-beta.3 (1395/2261)...
2025-10-25 20:54:27,306 - BlankSpaceAnalyzer - INFO - -> Analyzing version 6.2.0-beta.4 (1396/2261)...
2025-10-25 20:54:27,394 - BlankSpaceAnalyzer - INFO - -> Analyzing version 6.2.0-beta.5 (1397/2261)...
2025-10-25 20:54:27,474 - BlankSpaceAnalyzer - INFO - -> Analyzing version 6.2.0-beta.6 (1398/2261)...
2025-10-25 20:54:27,557 - BlankSpaceAnalyzer - INFO - -> Analyzing version 6.2.0-beta.8 (1399/2261)...
2025-10-25 20:54:27,639 - BlankSpaceAnalyzer - INFO - -> Analyzing version 6.2.0-beta.9 (1400/2261)...
2025-10-25 20:54:27,716 - BlankSpaceAnalyzer - INFO - -> Analyzing version 6.2.0-rc.0 (1401/2261)...
2025-10-25 20:54:27,798 - BlankSpaceAnalyzer - INFO - -> Analyzing version 6.2.0-rc.1 (1402/2261)...
2025-10-25 20:54:27,881 - BlankSpaceAnalyzer - INFO - -> Analyzing version 6.2.0-rc.10 (1403/2261)...
2025-10-25 20:54:27,968 - BlankSpaceAnalyzer - INFO - -> Analyzing version 6.2.0-rc.11 (1404/2261)...
2025-10-25 20:54:28,050 - BlankSpaceAnalyzer - INFO - -> Analyzing version 6.2.0-rc.12 (1405/2261)...
2025-10-25 20:54:28,133 - BlankSpaceAnalyzer - INFO - -> Analyzing version 6.2.0-rc.13 (1406/2261)...
2025-10-25 20:54:28,207 - BlankSpaceAnalyzer - INFO - -> Analyzing version 6.2.0-rc.2 (1407/2261)...
2025-10-25 20:54:28,290 - BlankSpaceAnalyzer - INFO - -> Analyzing version 6.2.0-rc.3 (1408/2261)...
2025-10-25 20:54:28,372 - BlankSpaceAnalyzer - INFO - -> Analyzing version 6.2.0-rc.4 (1409/2261)...
2025-10-25 20:54:28,453 - BlankSpaceAnalyzer - INFO - -> Analyzing version 6.2.0-rc.5 (1410/2261)...
2025-10-25 20:54:28,540 - BlankSpaceAnalyzer - INFO - -> Analyzing version 6.2.0-rc.6 (1411/2261)...
2025-10-25 20:54:28,622 - BlankSpaceAnalyzer - INFO - -> Analyzing version 6.2.0-rc.7 (1412/2261)...
2025-10-25 20:54:28,704 - BlankSpaceAnalyzer - INFO - -> Analyzing version 6.2.0-rc.8 (1413/2261)...
2025-10-25 20:54:28,789 - BlankSpaceAnalyzer - INFO - -> Analyzing version 6.2.0-rc.9 (1414/2261)...
2025-10-25 20:54:28,871 - BlankSpaceAnalyzer - INFO - -> Analyzing version 6.2.1 (1415/2261)...
2025-10-25 20:54:28,954 - BlankSpaceAnalyzer - INFO - -> Analyzing version 6.2.2 (1416/2261)...
2025-10-25 20:54:29,036 - BlankSpaceAnalyzer - INFO - -> Analyzing version 6.2.3 (1417/2261)...
2025-10-25 20:54:29,119 - BlankSpaceAnalyzer - INFO - -> Analyzing version 6.2.4 (1418/2261)...
2025-10-25 20:54:29,206 - BlankSpaceAnalyzer - INFO - -> Analyzing version 6.2.5 (1419/2261)...
2025-10-25 20:54:29,286 - BlankSpaceAnalyzer - INFO - -> Analyzing version 6.2.6 (1420/2261)...
2025-10-25 20:54:29,369 - BlankSpaceAnalyzer - INFO - -> Analyzing version 6.2.7 (1421/2261)...
2025-10-25 20:54:29,451 - BlankSpaceAnalyzer - INFO - -> Analyzing version 6.2.8 (1422/2261)...
2025-10-25 20:54:29,538 - BlankSpaceAnalyzer - INFO - -> Analyzing version 6.2.9 (1423/2261)...
2025-10-25 20:54:29,620 - BlankSpaceAnalyzer - INFO - -> Analyzing version 6.3.0 (1424/2261)...
2025-10-25 20:54:29,703 - BlankSpaceAnalyzer - INFO - -> Analyzing version 6.3.0-alpha.0 (1425/2261)...
2025-10-25 20:54:29,785 - BlankSpaceAnalyzer - INFO - -> Analyzing version 6.3.0-alpha.1 (1426/2261)...
2025-10-25 20:54:29,871 - BlankSpaceAnalyzer - INFO - -> Analyzing version 6.3.0-alpha.10 (1427/2261)...
2025-10-25 20:54:29,956 - BlankSpaceAnalyzer - INFO - -> Analyzing version 6.3.0-alpha.11 (1428/2261)...
2025-10-25 20:54:30,037 - BlankSpaceAnalyzer - INFO - -> Analyzing version 6.3.0-alpha.12 (1429/2261)...
2025-10-25 20:54:30,120 - BlankSpaceAnalyzer - INFO - -> Analyzing version 6.3.0-alpha.13 (1430/2261)...
2025-10-25 20:54:30,202 - BlankSpaceAnalyzer - INFO - -> Analyzing version 6.3.0-alpha.14 (1431/2261)...
2025-10-25 20:54:30,284 - BlankSpaceAnalyzer - INFO - -> Analyzing version 6.3.0-alpha.15 (1432/2261)...
2025-10-25 20:54:30,367 - BlankSpaceAnalyzer - INFO - -> Analyzing version 6.3.0-alpha.16 (1433/2261)...
2025-10-25 20:54:30,450 - BlankSpaceAnalyzer - INFO - -> Analyzing version 6.3.0-alpha.17 (1434/2261)...
2025-10-25 20:54:30,532 - BlankSpaceAnalyzer - INFO - -> Analyzing version 6.3.0-alpha.18 (1435/2261)...
2025-10-25 20:54:30,615 - BlankSpaceAnalyzer - INFO - -> Analyzing version 6.3.0-alpha.19 (1436/2261)...
2025-10-25 20:54:30,698 - BlankSpaceAnalyzer - INFO - -> Analyzing version 6.3.0-alpha.2 (1437/2261)...
2025-10-25 20:54:30,785 - BlankSpaceAnalyzer - INFO - -> Analyzing version 6.3.0-alpha.20 (1438/2261)...
2025-10-25 20:54:30,866 - BlankSpaceAnalyzer - INFO - -> Analyzing version 6.3.0-alpha.21 (1439/2261)...
2025-10-25 20:54:30,946 - BlankSpaceAnalyzer - INFO - -> Analyzing version 6.3.0-alpha.22 (1440/2261)...
2025-10-25 20:54:31,022 - BlankSpaceAnalyzer - INFO - -> Analyzing version 6.3.0-alpha.23 (1441/2261)...
2025-10-25 20:54:31,104 - BlankSpaceAnalyzer - INFO - -> Analyzing version 6.3.0-alpha.24 (1442/2261)...
2025-10-25 20:54:31,189 - BlankSpaceAnalyzer - INFO - -> Analyzing version 6.3.0-alpha.25 (1443/2261)...
2025-10-25 20:54:31,271 - BlankSpaceAnalyzer - INFO - -> Analyzing version 6.3.0-alpha.26 (1444/2261)...
2025-10-25 20:54:31,353 - BlankSpaceAnalyzer - INFO - -> Analyzing version 6.3.0-alpha.27 (1445/2261)...
2025-10-25 20:54:31,427 - BlankSpaceAnalyzer - INFO - -> Analyzing version 6.3.0-alpha.28 (1446/2261)...
2025-10-25 20:54:31,502 - BlankSpaceAnalyzer - INFO - -> Analyzing version 6.3.0-alpha.29 (1447/2261)...
2025-10-25 20:54:31,585 - BlankSpaceAnalyzer - INFO - -> Analyzing version 6.3.0-alpha.3 (1448/2261)...
2025-10-25 20:54:31,663 - BlankSpaceAnalyzer - INFO - -> Analyzing version 6.3.0-alpha.30 (1449/2261)...
2025-10-25 20:54:31,741 - BlankSpaceAnalyzer - INFO - -> Analyzing version 6.3.0-alpha.31 (1450/2261)...
2025-10-25 20:54:31,824 - BlankSpaceAnalyzer - INFO - -> Analyzing version 6.3.0-alpha.33 (1451/2261)...
2025-10-25 20:54:31,906 - BlankSpaceAnalyzer - INFO - -> Analyzing version 6.3.0-alpha.34 (1452/2261)...
2025-10-25 20:54:31,989 - BlankSpaceAnalyzer - INFO - -> Analyzing version 6.3.0-alpha.35 (1453/2261)...
2025-10-25 20:54:32,072 - BlankSpaceAnalyzer - INFO - -> Analyzing version 6.3.0-alpha.36 (1454/2261)...
2025-10-25 20:54:32,155 - BlankSpaceAnalyzer - INFO - -> Analyzing version 6.3.0-alpha.37 (1455/2261)...
2025-10-25 20:54:32,237 - BlankSpaceAnalyzer - INFO - -> Analyzing version 6.3.0-alpha.38 (1456/2261)...
2025-10-25 20:54:32,320 - BlankSpaceAnalyzer - INFO - -> Analyzing version 6.3.0-alpha.39 (1457/2261)...
2025-10-25 20:54:32,403 - BlankSpaceAnalyzer - INFO - -> Analyzing version 6.3.0-alpha.4 (1458/2261)...
2025-10-25 20:54:32,488 - BlankSpaceAnalyzer - INFO - -> Analyzing version 6.3.0-alpha.41 (1459/2261)...
2025-10-25 20:54:32,570 - BlankSpaceAnalyzer - INFO - -> Analyzing version 6.3.0-alpha.42 (1460/2261)...
2025-10-25 20:54:32,649 - BlankSpaceAnalyzer - INFO - -> Analyzing version 6.3.0-alpha.43 (1461/2261)...
2025-10-25 20:54:32,726 - BlankSpaceAnalyzer - INFO - -> Analyzing version 6.3.0-alpha.44 (1462/2261)...
2025-10-25 20:54:32,808 - BlankSpaceAnalyzer - INFO - -> Analyzing version 6.3.0-alpha.45 (1463/2261)...
2025-10-25 20:54:32,892 - BlankSpaceAnalyzer - INFO - -> Analyzing version 6.3.0-alpha.5 (1464/2261)...
2025-10-25 20:54:32,975 - BlankSpaceAnalyzer - INFO - -> Analyzing version 6.3.0-alpha.6 (1465/2261)...
2025-10-25 20:54:33,058 - BlankSpaceAnalyzer - INFO - -> Analyzing version 6.3.0-alpha.7 (1466/2261)...
2025-10-25 20:54:33,142 - BlankSpaceAnalyzer - INFO - -> Analyzing version 6.3.0-alpha.8 (1467/2261)...
2025-10-25 20:54:33,224 - BlankSpaceAnalyzer - INFO - -> Analyzing version 6.3.0-alpha.9 (1468/2261)...
2025-10-25 20:54:33,307 - BlankSpaceAnalyzer - INFO - -> Analyzing version 6.3.0-beta.0 (1469/2261)...
2025-10-25 20:54:33,389 - BlankSpaceAnalyzer - INFO - -> Analyzing version 6.3.0-beta.1 (1470/2261)...
2025-10-25 20:54:33,472 - BlankSpaceAnalyzer - INFO - -> Analyzing version 6.3.0-beta.10 (1471/2261)...
2025-10-25 20:54:33,560 - BlankSpaceAnalyzer - INFO - -> Analyzing version 6.3.0-beta.11 (1472/2261)...
2025-10-25 20:54:33,642 - BlankSpaceAnalyzer - INFO - -> Analyzing version 6.3.0-beta.12 (1473/2261)...
2025-10-25 20:54:33,725 - BlankSpaceAnalyzer - INFO - -> Analyzing version 6.3.0-beta.13 (1474/2261)...
2025-10-25 20:54:33,807 - BlankSpaceAnalyzer - INFO - -> Analyzing version 6.3.0-beta.14 (1475/2261)...
2025-10-25 20:54:33,889 - BlankSpaceAnalyzer - INFO - -> Analyzing version 6.3.0-beta.15 (1476/2261)...
2025-10-25 20:54:33,973 - BlankSpaceAnalyzer - INFO - -> Analyzing version 6.3.0-beta.16 (1477/2261)...
2025-10-25 20:54:34,056 - BlankSpaceAnalyzer - INFO - -> Analyzing version 6.3.0-beta.17 (1478/2261)...
2025-10-25 20:54:34,139 - BlankSpaceAnalyzer - INFO - -> Analyzing version 6.3.0-beta.18 (1479/2261)...
2025-10-25 20:54:34,221 - BlankSpaceAnalyzer - INFO - -> Analyzing version 6.3.0-beta.2 (1480/2261)...
2025-10-25 20:54:34,304 - BlankSpaceAnalyzer - INFO - -> Analyzing version 6.3.0-beta.4 (1481/2261)...
2025-10-25 20:54:34,386 - BlankSpaceAnalyzer - INFO - -> Analyzing version 6.3.0-beta.5 (1482/2261)...
2025-10-25 20:54:34,468 - BlankSpaceAnalyzer - INFO - -> Analyzing version 6.3.0-beta.6 (1483/2261)...
2025-10-25 20:54:34,550 - BlankSpaceAnalyzer - INFO - -> Analyzing version 6.3.0-beta.7 (1484/2261)...
2025-10-25 20:54:34,633 - BlankSpaceAnalyzer - INFO - -> Analyzing version 6.3.0-beta.8 (1485/2261)...
2025-10-25 20:54:34,715 - BlankSpaceAnalyzer - INFO - -> Analyzing version 6.3.0-beta.9 (1486/2261)...
2025-10-25 20:54:34,797 - BlankSpaceAnalyzer - INFO - -> Analyzing version 6.3.0-rc.0 (1487/2261)...
2025-10-25 20:54:34,880 - BlankSpaceAnalyzer - INFO - -> Analyzing version 6.3.0-rc.1 (1488/2261)...
2025-10-25 20:54:34,962 - BlankSpaceAnalyzer - INFO - -> Analyzing version 6.3.0-rc.10 (1489/2261)...
2025-10-25 20:54:35,049 - BlankSpaceAnalyzer - INFO - -> Analyzing version 6.3.0-rc.11 (1490/2261)...
2025-10-25 20:54:35,131 - BlankSpaceAnalyzer - INFO - -> Analyzing version 6.3.0-rc.12 (1491/2261)...
2025-10-25 20:54:35,214 - BlankSpaceAnalyzer - INFO - -> Analyzing version 6.3.0-rc.2 (1492/2261)...
2025-10-25 20:54:35,297 - BlankSpaceAnalyzer - INFO - -> Analyzing version 6.3.0-rc.3 (1493/2261)...
2025-10-25 20:54:35,380 - BlankSpaceAnalyzer - INFO - -> Analyzing version 6.3.0-rc.4 (1494/2261)...
2025-10-25 20:54:35,462 - BlankSpaceAnalyzer - INFO - -> Analyzing version 6.3.0-rc.5 (1495/2261)...
2025-10-25 20:54:35,544 - BlankSpaceAnalyzer - INFO - -> Analyzing version 6.3.0-rc.6 (1496/2261)...
2025-10-25 20:54:35,629 - BlankSpaceAnalyzer - INFO - -> Analyzing version 6.3.0-rc.7 (1497/2261)...
2025-10-25 20:54:35,711 - BlankSpaceAnalyzer - INFO - -> Analyzing version 6.3.0-rc.8 (1498/2261)...
2025-10-25 20:54:35,794 - BlankSpaceAnalyzer - INFO - -> Analyzing version 6.3.0-rc.9 (1499/2261)...
2025-10-25 20:54:35,877 - BlankSpaceAnalyzer - INFO - -> Analyzing version 6.3.1 (1500/2261)...
2025-10-25 20:54:35,959 - BlankSpaceAnalyzer - INFO - -> Analyzing version 6.3.10 (1501/2261)...
2025-10-25 20:54:36,042 - BlankSpaceAnalyzer - INFO - -> Analyzing version 6.3.11 (1502/2261)...
2025-10-25 20:54:36,124 - BlankSpaceAnalyzer - INFO - -> Analyzing version 6.3.12 (1503/2261)...
2025-10-25 20:54:36,202 - BlankSpaceAnalyzer - INFO - -> Analyzing version 6.3.13 (1504/2261)...
2025-10-25 20:54:36,284 - BlankSpaceAnalyzer - INFO - -> Analyzing version 6.3.2 (1505/2261)...
2025-10-25 20:54:36,369 - BlankSpaceAnalyzer - INFO - -> Analyzing version 6.3.3 (1506/2261)...
2025-10-25 20:54:36,447 - BlankSpaceAnalyzer - INFO - -> Analyzing version 6.3.4 (1507/2261)...
2025-10-25 20:54:36,524 - BlankSpaceAnalyzer - INFO - -> Analyzing version 6.3.5 (1508/2261)...
2025-10-25 20:54:36,608 - BlankSpaceAnalyzer - INFO - -> Analyzing version 6.3.6 (1509/2261)...
2025-10-25 20:54:36,691 - BlankSpaceAnalyzer - INFO - -> Analyzing version 6.3.7 (1510/2261)...
2025-10-25 20:54:36,774 - BlankSpaceAnalyzer - INFO - -> Analyzing version 6.3.8 (1511/2261)...
2025-10-25 20:54:36,856 - BlankSpaceAnalyzer - INFO - -> Analyzing version 6.3.9 (1512/2261)...
2025-10-25 20:54:36,938 - BlankSpaceAnalyzer - INFO - -> Analyzing version 6.4.0 (1513/2261)...
2025-10-25 20:54:37,023 - BlankSpaceAnalyzer - INFO - -> Analyzing version 6.4.0-alpha.0 (1514/2261)...
2025-10-25 20:54:37,099 - BlankSpaceAnalyzer - INFO - -> Analyzing version 6.4.0-alpha.1 (1515/2261)...
2025-10-25 20:54:37,182 - BlankSpaceAnalyzer - INFO - -> Analyzing version 6.4.0-alpha.10 (1516/2261)...
2025-10-25 20:54:37,261 - BlankSpaceAnalyzer - INFO - -> Analyzing version 6.4.0-alpha.11 (1517/2261)...
2025-10-25 20:54:37,340 - BlankSpaceAnalyzer - INFO - -> Analyzing version 6.4.0-alpha.12 (1518/2261)...
2025-10-25 20:54:37,422 - BlankSpaceAnalyzer - INFO - -> Analyzing version 6.4.0-alpha.13 (1519/2261)...
2025-10-25 20:54:37,506 - BlankSpaceAnalyzer - INFO - -> Analyzing version 6.4.0-alpha.14 (1520/2261)...
2025-10-25 20:54:37,589 - BlankSpaceAnalyzer - INFO - -> Analyzing version 6.4.0-alpha.15 (1521/2261)...
2025-10-25 20:54:37,671 - BlankSpaceAnalyzer - INFO - -> Analyzing version 6.4.0-alpha.16 (1522/2261)...
2025-10-25 20:54:37,753 - BlankSpaceAnalyzer - INFO - -> Analyzing version 6.4.0-alpha.17 (1523/2261)...
2025-10-25 20:54:37,837 - BlankSpaceAnalyzer - INFO - -> Analyzing version 6.4.0-alpha.18 (1524/2261)...
2025-10-25 20:54:37,919 - BlankSpaceAnalyzer - INFO - -> Analyzing version 6.4.0-alpha.19 (1525/2261)...
2025-10-25 20:54:38,002 - BlankSpaceAnalyzer - INFO - -> Analyzing version 6.4.0-alpha.2 (1526/2261)...
2025-10-25 20:54:38,086 - BlankSpaceAnalyzer - INFO - -> Analyzing version 6.4.0-alpha.20 (1527/2261)...
2025-10-25 20:54:38,169 - BlankSpaceAnalyzer - INFO - -> Analyzing version 6.4.0-alpha.21 (1528/2261)...
2025-10-25 20:54:38,249 - BlankSpaceAnalyzer - INFO - -> Analyzing version 6.4.0-alpha.22 (1529/2261)...
2025-10-25 20:54:38,326 - BlankSpaceAnalyzer - INFO - -> Analyzing version 6.4.0-alpha.23 (1530/2261)...
2025-10-25 20:54:38,415 - BlankSpaceAnalyzer - INFO - -> Analyzing version 6.4.0-alpha.24 (1531/2261)...
2025-10-25 20:54:38,497 - BlankSpaceAnalyzer - INFO - -> Analyzing version 6.4.0-alpha.25 (1532/2261)...
2025-10-25 20:54:38,580 - BlankSpaceAnalyzer - INFO - -> Analyzing version 6.4.0-alpha.26 (1533/2261)...
2025-10-25 20:54:38,663 - BlankSpaceAnalyzer - INFO - -> Analyzing version 6.4.0-alpha.27 (1534/2261)...
2025-10-25 20:54:38,748 - BlankSpaceAnalyzer - INFO - -> Analyzing version 6.4.0-alpha.28 (1535/2261)...
2025-10-25 20:54:38,829 - BlankSpaceAnalyzer - INFO - -> Analyzing version 6.4.0-alpha.29 (1536/2261)...
2025-10-25 20:54:38,905 - BlankSpaceAnalyzer - INFO - -> Analyzing version 6.4.0-alpha.3 (1537/2261)...
2025-10-25 20:54:38,988 - BlankSpaceAnalyzer - INFO - -> Analyzing version 6.4.0-alpha.30 (1538/2261)...
2025-10-25 20:54:39,070 - BlankSpaceAnalyzer - INFO - -> Analyzing version 6.4.0-alpha.31 (1539/2261)...
2025-10-25 20:54:39,151 - BlankSpaceAnalyzer - INFO - -> Analyzing version 6.4.0-alpha.32 (1540/2261)...
2025-10-25 20:54:39,227 - BlankSpaceAnalyzer - INFO - -> Analyzing version 6.4.0-alpha.33 (1541/2261)...
2025-10-25 20:54:39,305 - BlankSpaceAnalyzer - INFO - -> Analyzing version 6.4.0-alpha.34 (1542/2261)...
2025-10-25 20:54:39,387 - BlankSpaceAnalyzer - INFO - -> Analyzing version 6.4.0-alpha.35 (1543/2261)...
2025-10-25 20:54:39,476 - BlankSpaceAnalyzer - INFO - -> Analyzing version 6.4.0-alpha.36 (1544/2261)...
2025-10-25 20:54:39,558 - BlankSpaceAnalyzer - INFO - -> Analyzing version 6.4.0-alpha.37 (1545/2261)...
2025-10-25 20:54:39,638 - BlankSpaceAnalyzer - INFO - -> Analyzing version 6.4.0-alpha.38 (1546/2261)...
2025-10-25 20:54:39,715 - BlankSpaceAnalyzer - INFO - -> Analyzing version 6.4.0-alpha.39 (1547/2261)...
2025-10-25 20:54:39,798 - BlankSpaceAnalyzer - INFO - -> Analyzing version 6.4.0-alpha.4 (1548/2261)...
2025-10-25 20:54:39,880 - BlankSpaceAnalyzer - INFO - -> Analyzing version 6.4.0-alpha.40 (1549/2261)...
2025-10-25 20:54:39,960 - BlankSpaceAnalyzer - INFO - -> Analyzing version 6.4.0-alpha.41 (1550/2261)...
2025-10-25 20:54:40,038 - BlankSpaceAnalyzer - INFO - -> Analyzing version 6.4.0-alpha.5 (1551/2261)...
2025-10-25 20:54:40,123 - BlankSpaceAnalyzer - INFO - -> Analyzing version 6.4.0-alpha.6 (1552/2261)...
2025-10-25 20:54:40,207 - BlankSpaceAnalyzer - INFO - -> Analyzing version 6.4.0-alpha.7 (1553/2261)...
2025-10-25 20:54:40,291 - BlankSpaceAnalyzer - INFO - -> Analyzing version 6.4.0-alpha.8 (1554/2261)...
2025-10-25 20:54:40,377 - BlankSpaceAnalyzer - INFO - -> Analyzing version 6.4.0-alpha.9 (1555/2261)...
2025-10-25 20:54:40,461 - BlankSpaceAnalyzer - INFO - -> Analyzing version 6.4.0-beta.0 (1556/2261)...
2025-10-25 20:54:40,542 - BlankSpaceAnalyzer - INFO - -> Analyzing version 6.4.0-beta.1 (1557/2261)...
2025-10-25 20:54:40,620 - BlankSpaceAnalyzer - INFO - -> Analyzing version 6.4.0-beta.10 (1558/2261)...
2025-10-25 20:54:40,703 - BlankSpaceAnalyzer - INFO - -> Analyzing version 6.4.0-beta.11 (1559/2261)...
2025-10-25 20:54:40,786 - BlankSpaceAnalyzer - INFO - -> Analyzing version 6.4.0-beta.12 (1560/2261)...
2025-10-25 20:54:40,869 - BlankSpaceAnalyzer - INFO - -> Analyzing version 6.4.0-beta.13 (1561/2261)...
2025-10-25 20:54:40,948 - BlankSpaceAnalyzer - INFO - -> Analyzing version 6.4.0-beta.14 (1562/2261)...
2025-10-25 20:54:41,026 - BlankSpaceAnalyzer - INFO - -> Analyzing version 6.4.0-beta.15 (1563/2261)...
2025-10-25 20:54:41,109 - BlankSpaceAnalyzer - INFO - -> Analyzing version 6.4.0-beta.16 (1564/2261)...
2025-10-25 20:54:41,191 - BlankSpaceAnalyzer - INFO - -> Analyzing version 6.4.0-beta.17 (1565/2261)...
2025-10-25 20:54:41,274 - BlankSpaceAnalyzer - INFO - -> Analyzing version 6.4.0-beta.18 (1566/2261)...
2025-10-25 20:54:41,357 - BlankSpaceAnalyzer - INFO - -> Analyzing version 6.4.0-beta.19 (1567/2261)...
2025-10-25 20:54:41,440 - BlankSpaceAnalyzer - INFO - -> Analyzing version 6.4.0-beta.2 (1568/2261)...
2025-10-25 20:54:41,525 - BlankSpaceAnalyzer - INFO - -> Analyzing version 6.4.0-beta.20 (1569/2261)...
2025-10-25 20:54:41,606 - BlankSpaceAnalyzer - INFO - -> Analyzing version 6.4.0-beta.21 (1570/2261)...
2025-10-25 20:54:41,689 - BlankSpaceAnalyzer - INFO - -> Analyzing version 6.4.0-beta.22 (1571/2261)...
2025-10-25 20:54:41,771 - BlankSpaceAnalyzer - INFO - -> Analyzing version 6.4.0-beta.23 (1572/2261)...
2025-10-25 20:54:41,854 - BlankSpaceAnalyzer - INFO - -> Analyzing version 6.4.0-beta.24 (1573/2261)...
2025-10-25 20:54:41,932 - BlankSpaceAnalyzer - INFO - -> Analyzing version 6.4.0-beta.25 (1574/2261)...
2025-10-25 20:54:42,015 - BlankSpaceAnalyzer - INFO - -> Analyzing version 6.4.0-beta.26 (1575/2261)...
2025-10-25 20:54:42,097 - BlankSpaceAnalyzer - INFO - -> Analyzing version 6.4.0-beta.27 (1576/2261)...
2025-10-25 20:54:42,173 - BlankSpaceAnalyzer - INFO - -> Analyzing version 6.4.0-beta.28 (1577/2261)...
2025-10-25 20:54:42,252 - BlankSpaceAnalyzer - INFO - -> Analyzing version 6.4.0-beta.29 (1578/2261)...
2025-10-25 20:54:42,336 - BlankSpaceAnalyzer - INFO - -> Analyzing version 6.4.0-beta.3 (1579/2261)...
2025-10-25 20:54:42,420 - BlankSpaceAnalyzer - INFO - -> Analyzing version 6.4.0-beta.30 (1580/2261)...
2025-10-25 20:54:42,502 - BlankSpaceAnalyzer - INFO - -> Analyzing version 6.4.0-beta.31 (1581/2261)...
2025-10-25 20:54:42,586 - BlankSpaceAnalyzer - INFO - -> Analyzing version 6.4.0-beta.32 (1582/2261)...
2025-10-25 20:54:42,672 - BlankSpaceAnalyzer - INFO - -> Analyzing version 6.4.0-beta.33 (1583/2261)...
2025-10-25 20:54:42,754 - BlankSpaceAnalyzer - INFO - -> Analyzing version 6.4.0-beta.4 (1584/2261)...
2025-10-25 20:54:42,837 - BlankSpaceAnalyzer - INFO - -> Analyzing version 6.4.0-beta.5 (1585/2261)...
2025-10-25 20:54:42,920 - BlankSpaceAnalyzer - INFO - -> Analyzing version 6.4.0-beta.6 (1586/2261)...
2025-10-25 20:54:43,003 - BlankSpaceAnalyzer - INFO - -> Analyzing version 6.4.0-beta.7 (1587/2261)...
2025-10-25 20:54:43,087 - BlankSpaceAnalyzer - INFO - -> Analyzing version 6.4.0-beta.8 (1588/2261)...
2025-10-25 20:54:43,169 - BlankSpaceAnalyzer - INFO - -> Analyzing version 6.4.0-beta.9 (1589/2261)...
2025-10-25 20:54:43,252 - BlankSpaceAnalyzer - INFO - -> Analyzing version 6.4.0-rc.0 (1590/2261)...
2025-10-25 20:54:43,335 - BlankSpaceAnalyzer - INFO - -> Analyzing version 6.4.0-rc.1 (1591/2261)...
2025-10-25 20:54:43,417 - BlankSpaceAnalyzer - INFO - -> Analyzing version 6.4.0-rc.10 (1592/2261)...
2025-10-25 20:54:43,501 - BlankSpaceAnalyzer - INFO - -> Analyzing version 6.4.0-rc.11 (1593/2261)...
2025-10-25 20:54:43,584 - BlankSpaceAnalyzer - INFO - -> Analyzing version 6.4.0-rc.2 (1594/2261)...
2025-10-25 20:54:43,668 - BlankSpaceAnalyzer - INFO - -> Analyzing version 6.4.0-rc.3 (1595/2261)...
2025-10-25 20:54:43,749 - BlankSpaceAnalyzer - INFO - -> Analyzing version 6.4.0-rc.4 (1596/2261)...
2025-10-25 20:54:43,824 - BlankSpaceAnalyzer - INFO - -> Analyzing version 6.4.0-rc.5 (1597/2261)...
2025-10-25 20:54:43,900 - BlankSpaceAnalyzer - INFO - -> Analyzing version 6.4.0-rc.6 (1598/2261)...
2025-10-25 20:54:43,983 - BlankSpaceAnalyzer - INFO - -> Analyzing version 6.4.0-rc.7 (1599/2261)...
2025-10-25 20:54:44,066 - BlankSpaceAnalyzer - INFO - -> Analyzing version 6.4.0-rc.8 (1600/2261)...
2025-10-25 20:54:44,146 - BlankSpaceAnalyzer - INFO - -> Analyzing version 6.4.0-rc.9 (1601/2261)...
2025-10-25 20:54:44,222 - BlankSpaceAnalyzer - INFO - -> Analyzing version 6.4.1 (1602/2261)...
2025-10-25 20:54:44,305 - BlankSpaceAnalyzer - INFO - -> Analyzing version 6.4.10 (1603/2261)...
2025-10-25 20:54:44,387 - BlankSpaceAnalyzer - INFO - -> Analyzing version 6.4.12 (1604/2261)...
2025-10-25 20:54:44,470 - BlankSpaceAnalyzer - INFO - -> Analyzing version 6.4.13 (1605/2261)...
2025-10-25 20:54:44,553 - BlankSpaceAnalyzer - INFO - -> Analyzing version 6.4.14 (1606/2261)...
2025-10-25 20:54:44,637 - BlankSpaceAnalyzer - INFO - -> Analyzing version 6.4.15 (1607/2261)...
2025-10-25 20:54:44,719 - BlankSpaceAnalyzer - INFO - -> Analyzing version 6.4.16 (1608/2261)...
2025-10-25 20:54:44,804 - BlankSpaceAnalyzer - INFO - -> Analyzing version 6.4.17 (1609/2261)...
2025-10-25 20:54:44,887 - BlankSpaceAnalyzer - INFO - -> Analyzing version 6.4.18 (1610/2261)...
2025-10-25 20:54:44,970 - BlankSpaceAnalyzer - INFO - -> Analyzing version 6.4.19 (1611/2261)...
2025-10-25 20:54:45,053 - BlankSpaceAnalyzer - INFO - -> Analyzing version 6.4.2 (1612/2261)...
2025-10-25 20:54:45,135 - BlankSpaceAnalyzer - INFO - -> Analyzing version 6.4.20 (1613/2261)...
2025-10-25 20:54:45,218 - BlankSpaceAnalyzer - INFO - -> Analyzing version 6.4.21 (1614/2261)...
2025-10-25 20:54:45,302 - BlankSpaceAnalyzer - INFO - -> Analyzing version 6.4.22 (1615/2261)...
2025-10-25 20:54:45,385 - BlankSpaceAnalyzer - INFO - -> Analyzing version 6.4.3 (1616/2261)...
2025-10-25 20:54:45,469 - BlankSpaceAnalyzer - INFO - -> Analyzing version 6.4.4 (1617/2261)...
2025-10-25 20:54:45,555 - BlankSpaceAnalyzer - INFO - -> Analyzing version 6.4.5 (1618/2261)...
2025-10-25 20:54:45,636 - BlankSpaceAnalyzer - INFO - -> Analyzing version 6.4.7 (1619/2261)...
2025-10-25 20:54:45,712 - BlankSpaceAnalyzer - INFO - -> Analyzing version 6.4.8 (1620/2261)...
2025-10-25 20:54:45,794 - BlankSpaceAnalyzer - INFO - -> Analyzing version 6.4.9 (1621/2261)...
2025-10-25 20:54:45,878 - BlankSpaceAnalyzer - INFO - -> Analyzing version 6.5.0 (1622/2261)...
2025-10-25 20:54:45,967 - BlankSpaceAnalyzer - INFO - -> Analyzing version 6.5.0-alpha.1 (1623/2261)...
2025-10-25 20:54:46,049 - BlankSpaceAnalyzer - INFO - -> Analyzing version 6.5.0-alpha.10 (1624/2261)...
2025-10-25 20:54:46,132 - BlankSpaceAnalyzer - INFO - -> Analyzing version 6.5.0-alpha.11 (1625/2261)...
2025-10-25 20:54:46,214 - BlankSpaceAnalyzer - INFO - -> Analyzing version 6.5.0-alpha.12 (1626/2261)...
2025-10-25 20:54:46,297 - BlankSpaceAnalyzer - INFO - -> Analyzing version 6.5.0-alpha.13 (1627/2261)...
2025-10-25 20:54:46,380 - BlankSpaceAnalyzer - INFO - -> Analyzing version 6.5.0-alpha.14 (1628/2261)...
2025-10-25 20:54:46,462 - BlankSpaceAnalyzer - INFO - -> Analyzing version 6.5.0-alpha.15 (1629/2261)...
2025-10-25 20:54:46,545 - BlankSpaceAnalyzer - INFO - -> Analyzing version 6.5.0-alpha.16 (1630/2261)...
2025-10-25 20:54:46,628 - BlankSpaceAnalyzer - INFO - -> Analyzing version 6.5.0-alpha.17 (1631/2261)...
2025-10-25 20:54:46,712 - BlankSpaceAnalyzer - INFO - -> Analyzing version 6.5.0-alpha.18 (1632/2261)...
2025-10-25 20:54:46,795 - BlankSpaceAnalyzer - INFO - -> Analyzing version 6.5.0-alpha.19 (1633/2261)...
2025-10-25 20:54:46,877 - BlankSpaceAnalyzer - INFO - -> Analyzing version 6.5.0-alpha.2 (1634/2261)...
2025-10-25 20:54:46,956 - BlankSpaceAnalyzer - INFO - -> Analyzing version 6.5.0-alpha.20 (1635/2261)...
2025-10-25 20:54:47,035 - BlankSpaceAnalyzer - INFO - -> Analyzing version 6.5.0-alpha.21 (1636/2261)...
2025-10-25 20:54:47,118 - BlankSpaceAnalyzer - INFO - -> Analyzing version 6.5.0-alpha.22 (1637/2261)...
2025-10-25 20:54:47,204 - BlankSpaceAnalyzer - INFO - -> Analyzing version 6.5.0-alpha.23 (1638/2261)...
2025-10-25 20:54:47,287 - BlankSpaceAnalyzer - INFO - -> Analyzing version 6.5.0-alpha.24 (1639/2261)...
2025-10-25 20:54:47,372 - BlankSpaceAnalyzer - INFO - -> Analyzing version 6.5.0-alpha.25 (1640/2261)...
2025-10-25 20:54:47,457 - BlankSpaceAnalyzer - INFO - -> Analyzing version 6.5.0-alpha.26 (1641/2261)...
2025-10-25 20:54:47,540 - BlankSpaceAnalyzer - INFO - -> Analyzing version 6.5.0-alpha.27 (1642/2261)...
2025-10-25 20:54:47,625 - BlankSpaceAnalyzer - INFO - -> Analyzing version 6.5.0-alpha.28 (1643/2261)...
2025-10-25 20:54:47,708 - BlankSpaceAnalyzer - INFO - -> Analyzing version 6.5.0-alpha.29 (1644/2261)...
2025-10-25 20:54:47,791 - BlankSpaceAnalyzer - INFO - -> Analyzing version 6.5.0-alpha.3 (1645/2261)...
2025-10-25 20:54:47,873 - BlankSpaceAnalyzer - INFO - -> Analyzing version 6.5.0-alpha.30 (1646/2261)...
2025-10-25 20:54:47,955 - BlankSpaceAnalyzer - INFO - -> Analyzing version 6.5.0-alpha.31 (1647/2261)...
2025-10-25 20:54:48,038 - BlankSpaceAnalyzer - INFO - -> Analyzing version 6.5.0-alpha.32 (1648/2261)...
2025-10-25 20:54:48,115 - BlankSpaceAnalyzer - INFO - -> Analyzing version 6.5.0-alpha.33 (1649/2261)...
2025-10-25 20:54:48,198 - BlankSpaceAnalyzer - INFO - -> Analyzing version 6.5.0-alpha.34 (1650/2261)...
2025-10-25 20:54:48,280 - BlankSpaceAnalyzer - INFO - -> Analyzing version 6.5.0-alpha.35 (1651/2261)...
2025-10-25 20:54:48,365 - BlankSpaceAnalyzer - INFO - -> Analyzing version 6.5.0-alpha.36 (1652/2261)...
2025-10-25 20:54:48,446 - BlankSpaceAnalyzer - INFO - -> Analyzing version 6.5.0-alpha.38 (1653/2261)...
2025-10-25 20:54:48,529 - BlankSpaceAnalyzer - INFO - -> Analyzing version 6.5.0-alpha.39 (1654/2261)...
2025-10-25 20:54:48,611 - BlankSpaceAnalyzer - INFO - -> Analyzing version 6.5.0-alpha.4 (1655/2261)...
2025-10-25 20:54:48,698 - BlankSpaceAnalyzer - INFO - -> Analyzing version 6.5.0-alpha.40 (1656/2261)...
2025-10-25 20:54:48,781 - BlankSpaceAnalyzer - INFO - -> Analyzing version 6.5.0-alpha.41 (1657/2261)...
2025-10-25 20:54:48,863 - BlankSpaceAnalyzer - INFO - -> Analyzing version 6.5.0-alpha.42 (1658/2261)...
2025-10-25 20:54:48,944 - BlankSpaceAnalyzer - INFO - -> Analyzing version 6.5.0-alpha.43 (1659/2261)...
2025-10-25 20:54:49,028 - BlankSpaceAnalyzer - INFO - -> Analyzing version 6.5.0-alpha.44 (1660/2261)...
2025-10-25 20:54:49,111 - BlankSpaceAnalyzer - INFO - -> Analyzing version 6.5.0-alpha.45 (1661/2261)...
2025-10-25 20:54:49,195 - BlankSpaceAnalyzer - INFO - -> Analyzing version 6.5.0-alpha.46 (1662/2261)...
2025-10-25 20:54:49,362 - BlankSpaceAnalyzer - INFO - -> Analyzing version 6.5.0-alpha.47 (1663/2261)...
2025-10-25 20:54:49,439 - BlankSpaceAnalyzer - INFO - -> Analyzing version 6.5.0-alpha.48 (1664/2261)...
2025-10-25 20:54:49,524 - BlankSpaceAnalyzer - INFO - -> Analyzing version 6.5.0-alpha.49 (1665/2261)...
2025-10-25 20:54:49,606 - BlankSpaceAnalyzer - INFO - -> Analyzing version 6.5.0-alpha.5 (1666/2261)...
2025-10-25 20:54:49,691 - BlankSpaceAnalyzer - INFO - -> Analyzing version 6.5.0-alpha.50 (1667/2261)...
2025-10-25 20:54:49,775 - BlankSpaceAnalyzer - INFO - -> Analyzing version 6.5.0-alpha.51 (1668/2261)...
2025-10-25 20:54:49,856 - BlankSpaceAnalyzer - INFO - -> Analyzing version 6.5.0-alpha.52 (1669/2261)...
2025-10-25 20:54:49,935 - BlankSpaceAnalyzer - INFO - -> Analyzing version 6.5.0-alpha.53 (1670/2261)...
2025-10-25 20:54:50,021 - BlankSpaceAnalyzer - INFO - -> Analyzing version 6.5.0-alpha.54 (1671/2261)...
2025-10-25 20:54:50,103 - BlankSpaceAnalyzer - INFO - -> Analyzing version 6.5.0-alpha.55 (1672/2261)...
2025-10-25 20:54:50,188 - BlankSpaceAnalyzer - INFO - -> Analyzing version 6.5.0-alpha.56 (1673/2261)...
2025-10-25 20:54:50,271 - BlankSpaceAnalyzer - INFO - -> Analyzing version 6.5.0-alpha.57 (1674/2261)...
2025-10-25 20:54:50,352 - BlankSpaceAnalyzer - INFO - -> Analyzing version 6.5.0-alpha.58 (1675/2261)...
2025-10-25 20:54:50,432 - BlankSpaceAnalyzer - INFO - -> Analyzing version 6.5.0-alpha.59 (1676/2261)...
2025-10-25 20:54:50,516 - BlankSpaceAnalyzer - INFO - -> Analyzing version 6.5.0-alpha.6 (1677/2261)...
2025-10-25 20:54:50,600 - BlankSpaceAnalyzer - INFO - -> Analyzing version 6.5.0-alpha.60 (1678/2261)...
2025-10-25 20:54:50,684 - BlankSpaceAnalyzer - INFO - -> Analyzing version 6.5.0-alpha.61 (1679/2261)...
2025-10-25 20:54:50,767 - BlankSpaceAnalyzer - INFO - -> Analyzing version 6.5.0-alpha.62 (1680/2261)...
2025-10-25 20:54:50,852 - BlankSpaceAnalyzer - INFO - -> Analyzing version 6.5.0-alpha.63 (1681/2261)...
2025-10-25 20:54:50,940 - BlankSpaceAnalyzer - INFO - -> Analyzing version 6.5.0-alpha.64 (1682/2261)...
2025-10-25 20:54:51,024 - BlankSpaceAnalyzer - INFO - -> Analyzing version 6.5.0-alpha.7 (1683/2261)...
2025-10-25 20:54:51,108 - BlankSpaceAnalyzer - INFO - -> Analyzing version 6.5.0-alpha.9 (1684/2261)...
2025-10-25 20:54:51,192 - BlankSpaceAnalyzer - INFO - -> Analyzing version 6.5.0-beta.0 (1685/2261)...
2025-10-25 20:54:51,276 - BlankSpaceAnalyzer - INFO - -> Analyzing version 6.5.0-beta.1 (1686/2261)...
2025-10-25 20:54:51,360 - BlankSpaceAnalyzer - INFO - -> Analyzing version 6.5.0-beta.2 (1687/2261)...
2025-10-25 20:54:51,446 - BlankSpaceAnalyzer - INFO - -> Analyzing version 6.5.0-beta.3 (1688/2261)...
2025-10-25 20:54:51,531 - BlankSpaceAnalyzer - INFO - -> Analyzing version 6.5.0-beta.4 (1689/2261)...
2025-10-25 20:54:51,616 - BlankSpaceAnalyzer - INFO - -> Analyzing version 6.5.0-beta.5 (1690/2261)...
2025-10-25 20:54:51,702 - BlankSpaceAnalyzer - INFO - -> Analyzing version 6.5.0-beta.6 (1691/2261)...
2025-10-25 20:54:51,787 - BlankSpaceAnalyzer - INFO - -> Analyzing version 6.5.0-beta.7 (1692/2261)...
2025-10-25 20:54:51,873 - BlankSpaceAnalyzer - INFO - -> Analyzing version 6.5.0-beta.8 (1693/2261)...
2025-10-25 20:54:51,961 - BlankSpaceAnalyzer - INFO - -> Analyzing version 6.5.0-rc.0 (1694/2261)...
2025-10-25 20:54:52,048 - BlankSpaceAnalyzer - INFO - -> Analyzing version 6.5.0-rc.1 (1695/2261)...
2025-10-25 20:54:52,131 - BlankSpaceAnalyzer - INFO - -> Analyzing version 6.5.10 (1696/2261)...
2025-10-25 20:54:52,208 - BlankSpaceAnalyzer - INFO - -> Analyzing version 6.5.10-alpha.0 (1697/2261)...
2025-10-25 20:54:52,293 - BlankSpaceAnalyzer - INFO - -> Analyzing version 6.5.10-alpha.1 (1698/2261)...
2025-10-25 20:54:52,377 - BlankSpaceAnalyzer - INFO - -> Analyzing version 6.5.11 (1699/2261)...
2025-10-25 20:54:52,460 - BlankSpaceAnalyzer - INFO - -> Analyzing version 6.5.11-alpha.0 (1700/2261)...
2025-10-25 20:54:52,547 - BlankSpaceAnalyzer - INFO - -> Analyzing version 6.5.11-alpha.1 (1701/2261)...
2025-10-25 20:54:52,631 - BlankSpaceAnalyzer - INFO - -> Analyzing version 6.5.11-alpha.2 (1702/2261)...
2025-10-25 20:54:52,715 - BlankSpaceAnalyzer - INFO - -> Analyzing version 6.5.12 (1703/2261)...
2025-10-25 20:54:52,798 - BlankSpaceAnalyzer - INFO - -> Analyzing version 6.5.13 (1704/2261)...
2025-10-25 20:54:52,875 - BlankSpaceAnalyzer - INFO - -> Analyzing version 6.5.13-alpha.0 (1705/2261)...
2025-10-25 20:54:52,958 - BlankSpaceAnalyzer - INFO - -> Analyzing version 6.5.13-alpha.1 (1706/2261)...
2025-10-25 20:54:53,041 - BlankSpaceAnalyzer - INFO - -> Analyzing version 6.5.14 (1707/2261)...
2025-10-25 20:54:53,118 - BlankSpaceAnalyzer - INFO - -> Analyzing version 6.5.14-alpha.0 (1708/2261)...
2025-10-25 20:54:53,202 - BlankSpaceAnalyzer - INFO - -> Analyzing version 6.5.14-alpha.1 (1709/2261)...
2025-10-25 20:54:53,287 - BlankSpaceAnalyzer - INFO - -> Analyzing version 6.5.14-alpha.2 (1710/2261)...
2025-10-25 20:54:53,372 - BlankSpaceAnalyzer - INFO - -> Analyzing version 6.5.15 (1711/2261)...
2025-10-25 20:54:53,456 - BlankSpaceAnalyzer - INFO - -> Analyzing version 6.5.15-alpha.0 (1712/2261)...
2025-10-25 20:54:53,540 - BlankSpaceAnalyzer - INFO - -> Analyzing version 6.5.15-alpha.1 (1713/2261)...
2025-10-25 20:54:53,624 - BlankSpaceAnalyzer - INFO - -> Analyzing version 6.5.16 (1714/2261)...
2025-10-25 20:54:53,708 - BlankSpaceAnalyzer - INFO - -> Analyzing version 6.5.16-alpha.0 (1715/2261)...
2025-10-25 20:54:53,793 - BlankSpaceAnalyzer - INFO - -> Analyzing version 6.5.17-alpha.0 (1716/2261)...
2025-10-25 20:54:53,879 - BlankSpaceAnalyzer - INFO - -> Analyzing version 6.5.2 (1717/2261)...
2025-10-25 20:54:53,957 - BlankSpaceAnalyzer - INFO - -> Analyzing version 6.5.3 (1718/2261)...
2025-10-25 20:54:54,036 - BlankSpaceAnalyzer - INFO - -> Analyzing version 6.5.4 (1719/2261)...
2025-10-25 20:54:54,121 - BlankSpaceAnalyzer - INFO - -> Analyzing version 6.5.4-alpha.0 (1720/2261)...
2025-10-25 20:54:54,205 - BlankSpaceAnalyzer - INFO - -> Analyzing version 6.5.5 (1721/2261)...
2025-10-25 20:54:54,290 - BlankSpaceAnalyzer - INFO - -> Analyzing version 6.5.5-alpha.0 (1722/2261)...
2025-10-25 20:54:54,374 - BlankSpaceAnalyzer - INFO - -> Analyzing version 6.5.5-alpha.2 (1723/2261)...
2025-10-25 20:54:54,461 - BlankSpaceAnalyzer - INFO - -> Analyzing version 6.5.5-alpha.3 (1724/2261)...
2025-10-25 20:54:54,543 - BlankSpaceAnalyzer - INFO - -> Analyzing version 6.5.6 (1725/2261)...
2025-10-25 20:54:54,628 - BlankSpaceAnalyzer - INFO - -> Analyzing version 6.5.6-alpha.0 (1726/2261)...
2025-10-25 20:54:54,712 - BlankSpaceAnalyzer - INFO - -> Analyzing version 6.5.7 (1727/2261)...
2025-10-25 20:54:54,796 - BlankSpaceAnalyzer - INFO - -> Analyzing version 6.5.7-alpha.0 (1728/2261)...
2025-10-25 20:54:54,880 - BlankSpaceAnalyzer - INFO - -> Analyzing version 6.5.8 (1729/2261)...
2025-10-25 20:54:54,964 - BlankSpaceAnalyzer - INFO - -> Analyzing version 6.5.8-alpha.0 (1730/2261)...
2025-10-25 20:54:55,050 - BlankSpaceAnalyzer - INFO - -> Analyzing version 6.5.9 (1731/2261)...
2025-10-25 20:54:55,134 - BlankSpaceAnalyzer - INFO - -> Analyzing version 6.5.9-alpha.0 (1732/2261)...
2025-10-25 20:54:55,211 - BlankSpaceAnalyzer - INFO - -> Analyzing version 6.5.9-alpha.1 (1733/2261)...
2025-10-25 20:54:55,295 - BlankSpaceAnalyzer - INFO - -> Analyzing version 6.5.9-alpha.2 (1734/2261)...
2025-10-25 20:54:55,382 - BlankSpaceAnalyzer - INFO - -> Analyzing version 7.0.0 (1735/2261)...
2025-10-25 20:54:55,464 - BlankSpaceAnalyzer - INFO - -> Analyzing version 7.0.0-alpha.0 (1736/2261)...
2025-10-25 20:54:55,544 - BlankSpaceAnalyzer - INFO - -> Analyzing version 7.0.0-alpha.1 (1737/2261)...
2025-10-25 20:54:55,622 - BlankSpaceAnalyzer - INFO - -> Analyzing version 7.0.0-alpha.10 (1738/2261)...
2025-10-25 20:54:55,705 - BlankSpaceAnalyzer - INFO - -> Analyzing version 7.0.0-alpha.11 (1739/2261)...
2025-10-25 20:54:55,788 - BlankSpaceAnalyzer - INFO - -> Analyzing version 7.0.0-alpha.12 (1740/2261)...
2025-10-25 20:54:55,872 - BlankSpaceAnalyzer - INFO - -> Analyzing version 7.0.0-alpha.13 (1741/2261)...
2025-10-25 20:54:55,956 - BlankSpaceAnalyzer - INFO - -> Analyzing version 7.0.0-alpha.16 (1742/2261)...
2025-10-25 20:54:56,039 - BlankSpaceAnalyzer - INFO - -> Analyzing version 7.0.0-alpha.17 (1743/2261)...
2025-10-25 20:54:56,122 - BlankSpaceAnalyzer - INFO - -> Analyzing version 7.0.0-alpha.18 (1744/2261)...
2025-10-25 20:54:56,200 - BlankSpaceAnalyzer - INFO - -> Analyzing version 7.0.0-alpha.19 (1745/2261)...
2025-10-25 20:54:56,285 - BlankSpaceAnalyzer - INFO - -> Analyzing version 7.0.0-alpha.2 (1746/2261)...
2025-10-25 20:54:56,369 - BlankSpaceAnalyzer - INFO - -> Analyzing version 7.0.0-alpha.20 (1747/2261)...
2025-10-25 20:54:56,453 - BlankSpaceAnalyzer - INFO - -> Analyzing version 7.0.0-alpha.21 (1748/2261)...
2025-10-25 20:54:56,536 - BlankSpaceAnalyzer - INFO - -> Analyzing version 7.0.0-alpha.22 (1749/2261)...
2025-10-25 20:54:56,620 - BlankSpaceAnalyzer - INFO - -> Analyzing version 7.0.0-alpha.23 (1750/2261)...
2025-10-25 20:54:56,705 - BlankSpaceAnalyzer - INFO - -> Analyzing version 7.0.0-alpha.24 (1751/2261)...
2025-10-25 20:54:56,788 - BlankSpaceAnalyzer - INFO - -> Analyzing version 7.0.0-alpha.25 (1752/2261)...
2025-10-25 20:54:56,873 - BlankSpaceAnalyzer - INFO - -> Analyzing version 7.0.0-alpha.26 (1753/2261)...
2025-10-25 20:54:56,958 - BlankSpaceAnalyzer - INFO - -> Analyzing version 7.0.0-alpha.27 (1754/2261)...
2025-10-25 20:54:57,042 - BlankSpaceAnalyzer - INFO - -> Analyzing version 7.0.0-alpha.28 (1755/2261)...
2025-10-25 20:54:57,125 - BlankSpaceAnalyzer - INFO - -> Analyzing version 7.0.0-alpha.29 (1756/2261)...
2025-10-25 20:54:57,216 - BlankSpaceAnalyzer - INFO - -> Analyzing version 7.0.0-alpha.3 (1757/2261)...
2025-10-25 20:54:57,298 - BlankSpaceAnalyzer - INFO - -> Analyzing version 7.0.0-alpha.30 (1758/2261)...
2025-10-25 20:54:57,387 - BlankSpaceAnalyzer - INFO - -> Analyzing version 7.0.0-alpha.31 (1759/2261)...
2025-10-25 20:54:57,470 - BlankSpaceAnalyzer - INFO - -> Analyzing version 7.0.0-alpha.33 (1760/2261)...
2025-10-25 20:54:57,553 - BlankSpaceAnalyzer - INFO - -> Analyzing version 7.0.0-alpha.34 (1761/2261)...
2025-10-25 20:54:57,637 - BlankSpaceAnalyzer - INFO - -> Analyzing version 7.0.0-alpha.35 (1762/2261)...
2025-10-25 20:54:57,718 - BlankSpaceAnalyzer - INFO - -> Analyzing version 7.0.0-alpha.37 (1763/2261)...
2025-10-25 20:54:57,799 - BlankSpaceAnalyzer - INFO - -> Analyzing version 7.0.0-alpha.38 (1764/2261)...
2025-10-25 20:54:57,879 - BlankSpaceAnalyzer - INFO - -> Analyzing version 7.0.0-alpha.39 (1765/2261)...
2025-10-25 20:54:57,955 - BlankSpaceAnalyzer - INFO - -> Analyzing version 7.0.0-alpha.4 (1766/2261)...
2025-10-25 20:54:58,033 - BlankSpaceAnalyzer - INFO - -> Analyzing version 7.0.0-alpha.40 (1767/2261)...
2025-10-25 20:54:58,108 - BlankSpaceAnalyzer - INFO - -> Analyzing version 7.0.0-alpha.41 (1768/2261)...
2025-10-25 20:54:58,187 - BlankSpaceAnalyzer - INFO - -> Analyzing version 7.0.0-alpha.42 (1769/2261)...
2025-10-25 20:54:58,267 - BlankSpaceAnalyzer - INFO - -> Analyzing version 7.0.0-alpha.43 (1770/2261)...
2025-10-25 20:54:58,344 - BlankSpaceAnalyzer - INFO - -> Analyzing version 7.0.0-alpha.44 (1771/2261)...
2025-10-25 20:54:58,418 - BlankSpaceAnalyzer - INFO - -> Analyzing version 7.0.0-alpha.45 (1772/2261)...
2025-10-25 20:54:58,492 - BlankSpaceAnalyzer - INFO - -> Analyzing version 7.0.0-alpha.46 (1773/2261)...
2025-10-25 20:54:58,571 - BlankSpaceAnalyzer - INFO - -> Analyzing version 7.0.0-alpha.47 (1774/2261)...
2025-10-25 20:54:58,648 - BlankSpaceAnalyzer - INFO - -> Analyzing version 7.0.0-alpha.48 (1775/2261)...
2025-10-25 20:54:58,721 - BlankSpaceAnalyzer - INFO - -> Analyzing version 7.0.0-alpha.49 (1776/2261)...
2025-10-25 20:54:58,797 - BlankSpaceAnalyzer - INFO - -> Analyzing version 7.0.0-alpha.5 (1777/2261)...
2025-10-25 20:54:58,880 - BlankSpaceAnalyzer - INFO - -> Analyzing version 7.0.0-alpha.50 (1778/2261)...
2025-10-25 20:54:58,955 - BlankSpaceAnalyzer - INFO - -> Analyzing version 7.0.0-alpha.51 (1779/2261)...
2025-10-25 20:54:59,029 - BlankSpaceAnalyzer - INFO - -> Analyzing version 7.0.0-alpha.52 (1780/2261)...
2025-10-25 20:54:59,103 - BlankSpaceAnalyzer - INFO - -> Analyzing version 7.0.0-alpha.53 (1781/2261)...
2025-10-25 20:54:59,183 - BlankSpaceAnalyzer - INFO - -> Analyzing version 7.0.0-alpha.54 (1782/2261)...
2025-10-25 20:54:59,264 - BlankSpaceAnalyzer - INFO - -> Analyzing version 7.0.0-alpha.55 (1783/2261)...
2025-10-25 20:54:59,341 - BlankSpaceAnalyzer - INFO - -> Analyzing version 7.0.0-alpha.56 (1784/2261)...
2025-10-25 20:54:59,414 - BlankSpaceAnalyzer - INFO - -> Analyzing version 7.0.0-alpha.57 (1785/2261)...
2025-10-25 20:54:59,495 - BlankSpaceAnalyzer - INFO - -> Analyzing version 7.0.0-alpha.58 (1786/2261)...
2025-10-25 20:54:59,576 - BlankSpaceAnalyzer - INFO - -> Analyzing version 7.0.0-alpha.59 (1787/2261)...
2025-10-25 20:54:59,652 - BlankSpaceAnalyzer - INFO - -> Analyzing version 7.0.0-alpha.6 (1788/2261)...
2025-10-25 20:54:59,728 - BlankSpaceAnalyzer - INFO - -> Analyzing version 7.0.0-alpha.60 (1789/2261)...
2025-10-25 20:54:59,802 - BlankSpaceAnalyzer - INFO - -> Analyzing version 7.0.0-alpha.61 (1790/2261)...
2025-10-25 20:54:59,883 - BlankSpaceAnalyzer - INFO - -> Analyzing version 7.0.0-alpha.62 (1791/2261)...
2025-10-25 20:54:59,963 - BlankSpaceAnalyzer - INFO - -> Analyzing version 7.0.0-alpha.7 (1792/2261)...
2025-10-25 20:55:00,047 - BlankSpaceAnalyzer - INFO - -> Analyzing version 7.0.0-alpha.8 (1793/2261)...
2025-10-25 20:55:00,129 - BlankSpaceAnalyzer - INFO - -> Analyzing version 7.0.0-beta.0 (1794/2261)...
2025-10-25 20:55:00,204 - BlankSpaceAnalyzer - INFO - -> Analyzing version 7.0.0-beta.1 (1795/2261)...
2025-10-25 20:55:00,284 - BlankSpaceAnalyzer - INFO - -> Analyzing version 7.0.0-beta.10 (1796/2261)...
2025-10-25 20:55:00,364 - BlankSpaceAnalyzer - INFO - -> Analyzing version 7.0.0-beta.11 (1797/2261)...
2025-10-25 20:55:00,442 - BlankSpaceAnalyzer - INFO - -> Analyzing version 7.0.0-beta.12 (1798/2261)...
2025-10-25 20:55:00,517 - BlankSpaceAnalyzer - INFO - -> Analyzing version 7.0.0-beta.13 (1799/2261)...
2025-10-25 20:55:00,596 - BlankSpaceAnalyzer - INFO - -> Analyzing version 7.0.0-beta.14 (1800/2261)...
2025-10-25 20:55:00,676 - BlankSpaceAnalyzer - INFO - -> Analyzing version 7.0.0-beta.15 (1801/2261)...
2025-10-25 20:55:00,757 - BlankSpaceAnalyzer - INFO - -> Analyzing version 7.0.0-beta.16 (1802/2261)...
2025-10-25 20:55:00,835 - BlankSpaceAnalyzer - INFO - -> Analyzing version 7.0.0-beta.17 (1803/2261)...
2025-10-25 20:55:00,910 - BlankSpaceAnalyzer - INFO - -> Analyzing version 7.0.0-beta.18 (1804/2261)...
2025-10-25 20:55:00,993 - BlankSpaceAnalyzer - INFO - -> Analyzing version 7.0.0-beta.19 (1805/2261)...
2025-10-25 20:55:01,077 - BlankSpaceAnalyzer - INFO - -> Analyzing version 7.0.0-beta.2 (1806/2261)...
2025-10-25 20:55:01,156 - BlankSpaceAnalyzer - INFO - -> Analyzing version 7.0.0-beta.20 (1807/2261)...
2025-10-25 20:55:01,236 - BlankSpaceAnalyzer - INFO - -> Analyzing version 7.0.0-beta.21 (1808/2261)...
2025-10-25 20:55:01,311 - BlankSpaceAnalyzer - INFO - -> Analyzing version 7.0.0-beta.23 (1809/2261)...
2025-10-25 20:55:01,393 - BlankSpaceAnalyzer - INFO - -> Analyzing version 7.0.0-beta.24 (1810/2261)...
2025-10-25 20:55:01,473 - BlankSpaceAnalyzer - INFO - -> Analyzing version 7.0.0-beta.25 (1811/2261)...
2025-10-25 20:55:01,549 - BlankSpaceAnalyzer - INFO - -> Analyzing version 7.0.0-beta.26 (1812/2261)...
2025-10-25 20:55:01,624 - BlankSpaceAnalyzer - INFO - -> Analyzing version 7.0.0-beta.27 (1813/2261)...
2025-10-25 20:55:01,698 - BlankSpaceAnalyzer - INFO - -> Analyzing version 7.0.0-beta.28 (1814/2261)...
2025-10-25 20:55:01,778 - BlankSpaceAnalyzer - INFO - -> Analyzing version 7.0.0-beta.29 (1815/2261)...
2025-10-25 20:55:01,863 - BlankSpaceAnalyzer - INFO - -> Analyzing version 7.0.0-beta.3 (1816/2261)...
2025-10-25 20:55:01,940 - BlankSpaceAnalyzer - INFO - -> Analyzing version 7.0.0-beta.30 (1817/2261)...
2025-10-25 20:55:02,014 - BlankSpaceAnalyzer - INFO - -> Analyzing version 7.0.0-beta.31 (1818/2261)...
2025-10-25 20:55:02,095 - BlankSpaceAnalyzer - INFO - -> Analyzing version 7.0.0-beta.32 (1819/2261)...
2025-10-25 20:55:02,175 - BlankSpaceAnalyzer - INFO - -> Analyzing version 7.0.0-beta.33 (1820/2261)...
2025-10-25 20:55:02,252 - BlankSpaceAnalyzer - INFO - -> Analyzing version 7.0.0-beta.34 (1821/2261)...
2025-10-25 20:55:02,325 - BlankSpaceAnalyzer - INFO - -> Analyzing version 7.0.0-beta.35 (1822/2261)...
2025-10-25 20:55:02,399 - BlankSpaceAnalyzer - INFO - -> Analyzing version 7.0.0-beta.36 (1823/2261)...
2025-10-25 20:55:02,479 - BlankSpaceAnalyzer - INFO - -> Analyzing version 7.0.0-beta.38 (1824/2261)...
2025-10-25 20:55:02,562 - BlankSpaceAnalyzer - INFO - -> Analyzing version 7.0.0-beta.39 (1825/2261)...
2025-10-25 20:55:02,639 - BlankSpaceAnalyzer - INFO - -> Analyzing version 7.0.0-beta.4 (1826/2261)...
2025-10-25 20:55:02,713 - BlankSpaceAnalyzer - INFO - -> Analyzing version 7.0.0-beta.40 (1827/2261)...
2025-10-25 20:55:02,794 - BlankSpaceAnalyzer - INFO - -> Analyzing version 7.0.0-beta.41 (1828/2261)...
2025-10-25 20:55:02,875 - BlankSpaceAnalyzer - INFO - -> Analyzing version 7.0.0-beta.42 (1829/2261)...
2025-10-25 20:55:02,952 - BlankSpaceAnalyzer - INFO - -> Analyzing version 7.0.0-beta.43 (1830/2261)...
2025-10-25 20:55:03,026 - BlankSpaceAnalyzer - INFO - -> Analyzing version 7.0.0-beta.44 (1831/2261)...
2025-10-25 20:55:03,100 - BlankSpaceAnalyzer - INFO - -> Analyzing version 7.0.0-beta.45 (1832/2261)...
2025-10-25 20:55:03,180 - BlankSpaceAnalyzer - INFO - -> Analyzing version 7.0.0-beta.46 (1833/2261)...
2025-10-25 20:55:03,256 - BlankSpaceAnalyzer - INFO - -> Analyzing version 7.0.0-beta.47 (1834/2261)...
2025-10-25 20:55:03,330 - BlankSpaceAnalyzer - INFO - -> Analyzing version 7.0.0-beta.48 (1835/2261)...
2025-10-25 20:55:03,404 - BlankSpaceAnalyzer - INFO - -> Analyzing version 7.0.0-beta.49 (1836/2261)...
2025-10-25 20:55:03,484 - BlankSpaceAnalyzer - INFO - -> Analyzing version 7.0.0-beta.5 (1837/2261)...
2025-10-25 20:55:03,569 - BlankSpaceAnalyzer - INFO - -> Analyzing version 7.0.0-beta.50 (1838/2261)...
2025-10-25 20:55:03,646 - BlankSpaceAnalyzer - INFO - -> Analyzing version 7.0.0-beta.51 (1839/2261)...
2025-10-25 20:55:03,720 - BlankSpaceAnalyzer - INFO - -> Analyzing version 7.0.0-beta.52 (1840/2261)...
2025-10-25 20:55:03,795 - BlankSpaceAnalyzer - INFO - -> Analyzing version 7.0.0-beta.53 (1841/2261)...
2025-10-25 20:55:03,875 - BlankSpaceAnalyzer - INFO - -> Analyzing version 7.0.0-beta.54 (1842/2261)...
2025-10-25 20:55:03,954 - BlankSpaceAnalyzer - INFO - -> Analyzing version 7.0.0-beta.55 (1843/2261)...
2025-10-25 20:55:04,035 - BlankSpaceAnalyzer - INFO - -> Analyzing version 7.0.0-beta.56 (1844/2261)...
2025-10-25 20:55:04,109 - BlankSpaceAnalyzer - INFO - -> Analyzing version 7.0.0-beta.57 (1845/2261)...
2025-10-25 20:55:04,190 - BlankSpaceAnalyzer - INFO - -> Analyzing version 7.0.0-beta.58 (1846/2261)...
2025-10-25 20:55:04,275 - BlankSpaceAnalyzer - INFO - -> Analyzing version 7.0.0-beta.59 (1847/2261)...
2025-10-25 20:55:04,355 - BlankSpaceAnalyzer - INFO - -> Analyzing version 7.0.0-beta.6 (1848/2261)...
2025-10-25 20:55:04,436 - BlankSpaceAnalyzer - INFO - -> Analyzing version 7.0.0-beta.60 (1849/2261)...
2025-10-25 20:55:04,517 - BlankSpaceAnalyzer - INFO - -> Analyzing version 7.0.0-beta.61 (1850/2261)...
2025-10-25 20:55:04,598 - BlankSpaceAnalyzer - INFO - -> Analyzing version 7.0.0-beta.62 (1851/2261)...
2025-10-25 20:55:04,679 - BlankSpaceAnalyzer - INFO - -> Analyzing version 7.0.0-beta.63 (1852/2261)...
2025-10-25 20:55:04,760 - BlankSpaceAnalyzer - INFO - -> Analyzing version 7.0.0-beta.64 (1853/2261)...
2025-10-25 20:55:04,837 - BlankSpaceAnalyzer - INFO - -> Analyzing version 7.0.0-beta.7 (1854/2261)...
2025-10-25 20:55:04,912 - BlankSpaceAnalyzer - INFO - -> Analyzing version 7.0.0-beta.8 (1855/2261)...
2025-10-25 20:55:04,995 - BlankSpaceAnalyzer - INFO - -> Analyzing version 7.0.0-beta.9 (1856/2261)...
2025-10-25 20:55:05,076 - BlankSpaceAnalyzer - INFO - -> Analyzing version 7.0.0-rc.0 (1857/2261)...
2025-10-25 20:55:05,152 - BlankSpaceAnalyzer - INFO - -> Analyzing version 7.0.0-rc.1 (1858/2261)...
2025-10-25 20:55:05,227 - BlankSpaceAnalyzer - INFO - -> Analyzing version 7.0.0-rc.10 (1859/2261)...
2025-10-25 20:55:05,308 - BlankSpaceAnalyzer - INFO - -> Analyzing version 7.0.0-rc.11 (1860/2261)...
2025-10-25 20:55:05,389 - BlankSpaceAnalyzer - INFO - -> Analyzing version 7.0.0-rc.2 (1861/2261)...
2025-10-25 20:55:05,470 - BlankSpaceAnalyzer - INFO - -> Analyzing version 7.0.0-rc.3 (1862/2261)...
2025-10-25 20:55:05,551 - BlankSpaceAnalyzer - INFO - -> Analyzing version 7.0.0-rc.4 (1863/2261)...
2025-10-25 20:55:05,630 - BlankSpaceAnalyzer - INFO - -> Analyzing version 7.0.0-rc.5 (1864/2261)...
2025-10-25 20:55:05,703 - BlankSpaceAnalyzer - INFO - -> Analyzing version 7.0.0-rc.6 (1865/2261)...
2025-10-25 20:55:05,784 - BlankSpaceAnalyzer - INFO - -> Analyzing version 7.0.0-rc.7 (1866/2261)...
2025-10-25 20:55:05,864 - BlankSpaceAnalyzer - INFO - -> Analyzing version 7.0.0-rc.8 (1867/2261)...
2025-10-25 20:55:05,945 - BlankSpaceAnalyzer - INFO - -> Analyzing version 7.0.0-rc.9 (1868/2261)...
2025-10-25 20:55:06,026 - BlankSpaceAnalyzer - INFO - -> Analyzing version 7.0.1 (1869/2261)...
2025-10-25 20:55:06,107 - BlankSpaceAnalyzer - INFO - -> Analyzing version 7.0.10 (1870/2261)...
2025-10-25 20:55:06,188 - BlankSpaceAnalyzer - INFO - -> Analyzing version 7.0.11 (1871/2261)...
2025-10-25 20:55:06,267 - BlankSpaceAnalyzer - INFO - -> Analyzing version 7.0.12 (1872/2261)...
2025-10-25 20:55:06,348 - BlankSpaceAnalyzer - INFO - -> Analyzing version 7.0.13 (1873/2261)...
2025-10-25 20:55:06,427 - BlankSpaceAnalyzer - INFO - -> Analyzing version 7.0.14 (1874/2261)...
2025-10-25 20:55:06,501 - BlankSpaceAnalyzer - INFO - -> Analyzing version 7.0.15 (1875/2261)...
2025-10-25 20:55:06,581 - BlankSpaceAnalyzer - INFO - -> Analyzing version 7.0.16 (1876/2261)...
2025-10-25 20:55:06,661 - BlankSpaceAnalyzer - INFO - -> Analyzing version 7.0.17 (1877/2261)...
2025-10-25 20:55:06,741 - BlankSpaceAnalyzer - INFO - -> Analyzing version 7.0.18 (1878/2261)...
2025-10-25 20:55:06,821 - BlankSpaceAnalyzer - INFO - -> Analyzing version 7.0.19 (1879/2261)...
2025-10-25 20:55:06,898 - BlankSpaceAnalyzer - INFO - -> Analyzing version 7.0.2 (1880/2261)...
2025-10-25 20:55:06,977 - BlankSpaceAnalyzer - INFO - -> Analyzing version 7.0.20 (1881/2261)...
2025-10-25 20:55:07,054 - BlankSpaceAnalyzer - INFO - -> Analyzing version 7.0.21 (1882/2261)...
2025-10-25 20:55:07,128 - BlankSpaceAnalyzer - INFO - -> Analyzing version 7.0.22 (1883/2261)...
2025-10-25 20:55:07,202 - BlankSpaceAnalyzer - INFO - -> Analyzing version 7.0.23 (1884/2261)...
2025-10-25 20:55:07,283 - BlankSpaceAnalyzer - INFO - -> Analyzing version 7.0.24 (1885/2261)...
2025-10-25 20:55:07,364 - BlankSpaceAnalyzer - INFO - -> Analyzing version 7.0.25 (1886/2261)...
2025-10-25 20:55:07,442 - BlankSpaceAnalyzer - INFO - -> Analyzing version 7.0.26 (1887/2261)...
2025-10-25 20:55:07,516 - BlankSpaceAnalyzer - INFO - -> Analyzing version 7.0.27 (1888/2261)...
2025-10-25 20:55:07,596 - BlankSpaceAnalyzer - INFO - -> Analyzing version 7.0.3 (1889/2261)...
2025-10-25 20:55:07,676 - BlankSpaceAnalyzer - INFO - -> Analyzing version 7.0.4 (1890/2261)...
2025-10-25 20:55:07,752 - BlankSpaceAnalyzer - INFO - -> Analyzing version 7.0.5 (1891/2261)...
2025-10-25 20:55:07,826 - BlankSpaceAnalyzer - INFO - -> Analyzing version 7.0.6 (1892/2261)...
2025-10-25 20:55:07,899 - BlankSpaceAnalyzer - INFO - -> Analyzing version 7.0.7 (1893/2261)...
2025-10-25 20:55:07,979 - BlankSpaceAnalyzer - INFO - -> Analyzing version 7.0.8 (1894/2261)...
2025-10-25 20:55:08,056 - BlankSpaceAnalyzer - INFO - -> Analyzing version 7.0.9 (1895/2261)...
2025-10-25 20:55:08,131 - BlankSpaceAnalyzer - INFO - -> Analyzing version 7.1.0 (1896/2261)...
2025-10-25 20:55:08,206 - BlankSpaceAnalyzer - INFO - -> Analyzing version 7.1.0-alpha.0 (1897/2261)...
2025-10-25 20:55:08,286 - BlankSpaceAnalyzer - INFO - -> Analyzing version 7.1.0-alpha.1 (1898/2261)...
2025-10-25 20:55:08,369 - BlankSpaceAnalyzer - INFO - -> Analyzing version 7.1.0-alpha.10 (1899/2261)...
2025-10-25 20:55:08,445 - BlankSpaceAnalyzer - INFO - -> Analyzing version 7.1.0-alpha.11 (1900/2261)...
2025-10-25 20:55:08,519 - BlankSpaceAnalyzer - INFO - -> Analyzing version 7.1.0-alpha.12 (1901/2261)...
2025-10-25 20:55:08,599 - BlankSpaceAnalyzer - INFO - -> Analyzing version 7.1.0-alpha.13 (1902/2261)...
2025-10-25 20:55:08,680 - BlankSpaceAnalyzer - INFO - -> Analyzing version 7.1.0-alpha.14 (1903/2261)...
2025-10-25 20:55:08,756 - BlankSpaceAnalyzer - INFO - -> Analyzing version 7.1.0-alpha.15 (1904/2261)...
2025-10-25 20:55:08,829 - BlankSpaceAnalyzer - INFO - -> Analyzing version 7.1.0-alpha.16 (1905/2261)...
2025-10-25 20:55:08,903 - BlankSpaceAnalyzer - INFO - -> Analyzing version 7.1.0-alpha.17 (1906/2261)...
2025-10-25 20:55:08,984 - BlankSpaceAnalyzer - INFO - -> Analyzing version 7.1.0-alpha.18 (1907/2261)...
2025-10-25 20:55:09,064 - BlankSpaceAnalyzer - INFO - -> Analyzing version 7.1.0-alpha.19 (1908/2261)...
2025-10-25 20:55:09,145 - BlankSpaceAnalyzer - INFO - -> Analyzing version 7.1.0-alpha.2 (1909/2261)...
2025-10-25 20:55:09,225 - BlankSpaceAnalyzer - INFO - -> Analyzing version 7.1.0-alpha.20 (1910/2261)...
2025-10-25 20:55:09,306 - BlankSpaceAnalyzer - INFO - -> Analyzing version 7.1.0-alpha.21 (1911/2261)...
2025-10-25 20:55:09,386 - BlankSpaceAnalyzer - INFO - -> Analyzing version 7.1.0-alpha.22 (1912/2261)...
2025-10-25 20:55:09,466 - BlankSpaceAnalyzer - INFO - -> Analyzing version 7.1.0-alpha.23 (1913/2261)...
2025-10-25 20:55:09,546 - BlankSpaceAnalyzer - INFO - -> Analyzing version 7.1.0-alpha.24 (1914/2261)...
2025-10-25 20:55:09,626 - BlankSpaceAnalyzer - INFO - -> Analyzing version 7.1.0-alpha.25 (1915/2261)...
2025-10-25 20:55:09,701 - BlankSpaceAnalyzer - INFO - -> Analyzing version 7.1.0-alpha.26 (1916/2261)...
2025-10-25 20:55:09,782 - BlankSpaceAnalyzer - INFO - -> Analyzing version 7.1.0-alpha.27 (1917/2261)...
2025-10-25 20:55:09,864 - BlankSpaceAnalyzer - INFO - -> Analyzing version 7.1.0-alpha.28 (1918/2261)...
2025-10-25 20:55:09,945 - BlankSpaceAnalyzer - INFO - -> Analyzing version 7.1.0-alpha.29 (1919/2261)...
2025-10-25 20:55:10,025 - BlankSpaceAnalyzer - INFO - -> Analyzing version 7.1.0-alpha.3 (1920/2261)...
2025-10-25 20:55:10,098 - BlankSpaceAnalyzer - INFO - -> Analyzing version 7.1.0-alpha.30 (1921/2261)...
2025-10-25 20:55:10,179 - BlankSpaceAnalyzer - INFO - -> Analyzing version 7.1.0-alpha.31 (1922/2261)...
2025-10-25 20:55:10,265 - BlankSpaceAnalyzer - INFO - -> Analyzing version 7.1.0-alpha.32 (1923/2261)...
2025-10-25 20:55:10,343 - BlankSpaceAnalyzer - INFO - -> Analyzing version 7.1.0-alpha.33 (1924/2261)...
2025-10-25 20:55:10,417 - BlankSpaceAnalyzer - INFO - -> Analyzing version 7.1.0-alpha.34 (1925/2261)...
2025-10-25 20:55:10,497 - BlankSpaceAnalyzer - INFO - -> Analyzing version 7.1.0-alpha.35 (1926/2261)...
2025-10-25 20:55:10,577 - BlankSpaceAnalyzer - INFO - -> Analyzing version 7.1.0-alpha.36 (1927/2261)...
2025-10-25 20:55:10,657 - BlankSpaceAnalyzer - INFO - -> Analyzing version 7.1.0-alpha.37 (1928/2261)...
2025-10-25 20:55:10,739 - BlankSpaceAnalyzer - INFO - -> Analyzing version 7.1.0-alpha.38 (1929/2261)...
2025-10-25 20:55:10,820 - BlankSpaceAnalyzer - INFO - -> Analyzing version 7.1.0-alpha.39 (1930/2261)...
2025-10-25 20:55:10,895 - BlankSpaceAnalyzer - INFO - -> Analyzing version 7.1.0-alpha.4 (1931/2261)...
2025-10-25 20:55:10,975 - BlankSpaceAnalyzer - INFO - -> Analyzing version 7.1.0-alpha.40 (1932/2261)...
2025-10-25 20:55:11,057 - BlankSpaceAnalyzer - INFO - -> Analyzing version 7.1.0-alpha.41 (1933/2261)...
2025-10-25 20:55:11,138 - BlankSpaceAnalyzer - INFO - -> Analyzing version 7.1.0-alpha.42 (1934/2261)...
2025-10-25 20:55:11,219 - BlankSpaceAnalyzer - INFO - -> Analyzing version 7.1.0-alpha.43 (1935/2261)...
2025-10-25 20:55:11,299 - BlankSpaceAnalyzer - INFO - -> Analyzing version 7.1.0-alpha.44 (1936/2261)...
2025-10-25 20:55:11,385 - BlankSpaceAnalyzer - INFO - -> Analyzing version 7.1.0-alpha.5 (1937/2261)...
2025-10-25 20:55:11,461 - BlankSpaceAnalyzer - INFO - -> Analyzing version 7.1.0-alpha.6 (1938/2261)...
2025-10-25 20:55:11,535 - BlankSpaceAnalyzer - INFO - -> Analyzing version 7.1.0-alpha.7 (1939/2261)...
2025-10-25 20:55:11,609 - BlankSpaceAnalyzer - INFO - -> Analyzing version 7.1.0-alpha.8 (1940/2261)...
2025-10-25 20:55:11,690 - BlankSpaceAnalyzer - INFO - -> Analyzing version 7.1.0-alpha.9 (1941/2261)...
2025-10-25 20:55:11,770 - BlankSpaceAnalyzer - INFO - -> Analyzing version 7.1.0-beta.0 (1942/2261)...
2025-10-25 20:55:11,851 - BlankSpaceAnalyzer - INFO - -> Analyzing version 7.1.0-beta.1 (1943/2261)...
2025-10-25 20:55:11,933 - BlankSpaceAnalyzer - INFO - -> Analyzing version 7.1.0-beta.2 (1944/2261)...
2025-10-25 20:55:12,014 - BlankSpaceAnalyzer - INFO - -> Analyzing version 7.1.0-beta.3 (1945/2261)...
2025-10-25 20:55:12,095 - BlankSpaceAnalyzer - INFO - -> Analyzing version 7.1.0-rc.0 (1946/2261)...
2025-10-25 20:55:12,176 - BlankSpaceAnalyzer - INFO - -> Analyzing version 7.1.0-rc.1 (1947/2261)...
2025-10-25 20:55:12,253 - BlankSpaceAnalyzer - INFO - -> Analyzing version 7.1.0-rc.2 (1948/2261)...
2025-10-25 20:55:12,328 - BlankSpaceAnalyzer - INFO - -> Analyzing version 7.1.1 (1949/2261)...
2025-10-25 20:55:12,409 - BlankSpaceAnalyzer - INFO - -> Analyzing version 7.1.1-canary-23508-1690059187-2dbf6e38.0 (1950/2261)...
2025-10-25 20:55:12,490 - BlankSpaceAnalyzer - INFO - -> Analyzing version 7.1.1-pr-22631-1689802540-351503cb.0 (1951/2261)...
2025-10-25 20:55:12,571 - BlankSpaceAnalyzer - INFO - -> Analyzing version 7.1.1-pr-23508-1689802571-5ec8c1c3.0 (1952/2261)...
2025-10-25 20:55:12,652 - BlankSpaceAnalyzer - INFO - -> Analyzing version 7.1.1-pr-23508-838046e-1689759443.0 (1953/2261)...
2025-10-25 20:55:12,733 - BlankSpaceAnalyzer - INFO - -> Analyzing version 7.2.0 (1954/2261)...
2025-10-25 20:55:12,814 - BlankSpaceAnalyzer - INFO - -> Analyzing version 7.2.0-alpha.0 (1955/2261)...
2025-10-25 20:55:12,896 - BlankSpaceAnalyzer - INFO - -> Analyzing version 7.2.0-canary-22285-1690280355-e7cab9e3.0 (1956/2261)...
2025-10-25 20:55:12,976 - BlankSpaceAnalyzer - INFO - -> Analyzing version 7.2.0-canary-22285-1690306636-035010c9.0 (1957/2261)...
2025-10-25 20:55:13,053 - BlankSpaceAnalyzer - INFO - -> Analyzing version 7.2.0-canary-22285-1690367272-d07bfc52.0 (1958/2261)...
2025-10-25 20:55:13,127 - BlankSpaceAnalyzer - INFO - -> Analyzing version 7.2.0-canary-23572-1690275421-726e1551.0 (1959/2261)...
2025-10-25 20:55:13,201 - BlankSpaceAnalyzer - INFO - -> Analyzing version 7.2.0-canary-23593-1690276507-975d4e05.0 (1960/2261)...
2025-10-25 20:55:13,282 - BlankSpaceAnalyzer - INFO - -> Analyzing version 7.2.0-rc.0 (1961/2261)...
2025-10-25 20:55:13,358 - BlankSpaceAnalyzer - INFO - -> Analyzing version 7.2.1 (1962/2261)...
2025-10-25 20:55:13,433 - BlankSpaceAnalyzer - INFO - -> Analyzing version 7.2.2 (1963/2261)...
2025-10-25 20:55:13,514 - BlankSpaceAnalyzer - INFO - -> Analyzing version 7.2.2-alpha.0 (1964/2261)...
2025-10-25 20:55:13,596 - BlankSpaceAnalyzer - INFO - -> Analyzing version 7.2.2-alpha.1 (1965/2261)...
2025-10-25 20:55:13,676 - BlankSpaceAnalyzer - INFO - -> Analyzing version 7.2.3 (1966/2261)...
2025-10-25 20:55:13,752 - BlankSpaceAnalyzer - INFO - -> Analyzing version 7.3.0 (1967/2261)...
2025-10-25 20:55:13,825 - BlankSpaceAnalyzer - INFO - -> Analyzing version 7.3.0-alpha.0 (1968/2261)...
2025-10-25 20:55:13,901 - BlankSpaceAnalyzer - INFO - -> Analyzing version 7.3.1 (1969/2261)...
2025-10-25 20:55:13,981 - BlankSpaceAnalyzer - INFO - -> Analyzing version 7.3.2 (1970/2261)...
2025-10-25 20:55:14,061 - BlankSpaceAnalyzer - INFO - -> Analyzing version 7.4.0 (1971/2261)...
2025-10-25 20:55:14,138 - BlankSpaceAnalyzer - INFO - -> Analyzing version 7.4.0-alpha.0 (1972/2261)...
2025-10-25 20:55:14,219 - BlankSpaceAnalyzer - INFO - -> Analyzing version 7.4.0-alpha.1 (1973/2261)...
2025-10-25 20:55:14,298 - BlankSpaceAnalyzer - INFO - -> Analyzing version 7.4.0-alpha.2 (1974/2261)...
2025-10-25 20:55:14,378 - BlankSpaceAnalyzer - INFO - -> Analyzing version 7.4.1 (1975/2261)...
2025-10-25 20:55:14,458 - BlankSpaceAnalyzer - INFO - -> Analyzing version 7.4.2 (1976/2261)...
2025-10-25 20:55:14,536 - BlankSpaceAnalyzer - INFO - -> Analyzing version 7.4.3 (1977/2261)...
2025-10-25 20:55:14,611 - BlankSpaceAnalyzer - INFO - -> Analyzing version 7.4.4 (1978/2261)...
2025-10-25 20:55:14,692 - BlankSpaceAnalyzer - INFO - -> Analyzing version 7.4.5 (1979/2261)...
2025-10-25 20:55:14,770 - BlankSpaceAnalyzer - INFO - -> Analyzing version 7.4.6 (1980/2261)...
2025-10-25 20:55:14,842 - BlankSpaceAnalyzer - INFO - -> Analyzing version 7.5.0 (1981/2261)...
2025-10-25 20:55:14,916 - BlankSpaceAnalyzer - INFO - -> Analyzing version 7.5.0-alpha.0 (1982/2261)...
2025-10-25 20:55:14,996 - BlankSpaceAnalyzer - INFO - -> Analyzing version 7.5.0-alpha.1 (1983/2261)...
2025-10-25 20:55:15,072 - BlankSpaceAnalyzer - INFO - -> Analyzing version 7.5.0-alpha.2 (1984/2261)...
2025-10-25 20:55:15,145 - BlankSpaceAnalyzer - INFO - -> Analyzing version 7.5.0-alpha.3 (1985/2261)...
2025-10-25 20:55:15,220 - BlankSpaceAnalyzer - INFO - -> Analyzing version 7.5.0-alpha.4 (1986/2261)...
2025-10-25 20:55:15,293 - BlankSpaceAnalyzer - INFO - -> Analyzing version 7.5.0-alpha.5 (1987/2261)...
2025-10-25 20:55:15,372 - BlankSpaceAnalyzer - INFO - -> Analyzing version 7.5.0-alpha.6 (1988/2261)...
2025-10-25 20:55:15,448 - BlankSpaceAnalyzer - INFO - -> Analyzing version 7.5.0-alpha.7 (1989/2261)...
2025-10-25 20:55:15,522 - BlankSpaceAnalyzer - INFO - -> Analyzing version 7.5.1 (1990/2261)...
2025-10-25 20:55:15,596 - BlankSpaceAnalyzer - INFO - -> Analyzing version 7.5.2 (1991/2261)...
2025-10-25 20:55:15,675 - BlankSpaceAnalyzer - INFO - -> Analyzing version 7.5.3 (1992/2261)...
2025-10-25 20:55:15,751 - BlankSpaceAnalyzer - INFO - -> Analyzing version 7.6.0 (1993/2261)...
2025-10-25 20:55:15,826 - BlankSpaceAnalyzer - INFO - -> Analyzing version 7.6.0-alpha.0 (1994/2261)...
2025-10-25 20:55:15,906 - BlankSpaceAnalyzer - INFO - -> Analyzing version 7.6.0-alpha.1 (1995/2261)...
2025-10-25 20:55:15,987 - BlankSpaceAnalyzer - INFO - -> Analyzing version 7.6.0-alpha.2 (1996/2261)...
2025-10-25 20:55:16,063 - BlankSpaceAnalyzer - INFO - -> Analyzing version 7.6.0-alpha.3 (1997/2261)...
2025-10-25 20:55:16,136 - BlankSpaceAnalyzer - INFO - -> Analyzing version 7.6.0-alpha.4 (1998/2261)...
2025-10-25 20:55:16,210 - BlankSpaceAnalyzer - INFO - -> Analyzing version 7.6.0-alpha.5 (1999/2261)...
2025-10-25 20:55:16,292 - BlankSpaceAnalyzer - INFO - -> Analyzing version 7.6.0-alpha.6 (2000/2261)...
2025-10-25 20:55:16,372 - BlankSpaceAnalyzer - INFO - -> Analyzing version 7.6.0-alpha.7 (2001/2261)...
2025-10-25 20:55:16,449 - BlankSpaceAnalyzer - INFO - -> Analyzing version 7.6.0-beta.0 (2002/2261)...
2025-10-25 20:55:16,524 - BlankSpaceAnalyzer - INFO - -> Analyzing version 7.6.0-beta.1 (2003/2261)...
2025-10-25 20:55:16,604 - BlankSpaceAnalyzer - INFO - -> Analyzing version 7.6.0-beta.2 (2004/2261)...
2025-10-25 20:55:16,686 - BlankSpaceAnalyzer - INFO - -> Analyzing version 7.6.1 (2005/2261)...
2025-10-25 20:55:16,762 - BlankSpaceAnalyzer - INFO - -> Analyzing version 7.6.10 (2006/2261)...
2025-10-25 20:55:16,836 - BlankSpaceAnalyzer - INFO - -> Analyzing version 7.6.11 (2007/2261)...
2025-10-25 20:55:16,910 - BlankSpaceAnalyzer - INFO - -> Analyzing version 7.6.12 (2008/2261)...
2025-10-25 20:55:16,991 - BlankSpaceAnalyzer - INFO - -> Analyzing version 7.6.13 (2009/2261)...
2025-10-25 20:55:17,068 - BlankSpaceAnalyzer - INFO - -> Analyzing version 7.6.14 (2010/2261)...
2025-10-25 20:55:17,143 - BlankSpaceAnalyzer - INFO - -> Analyzing version 7.6.15 (2011/2261)...
2025-10-25 20:55:17,217 - BlankSpaceAnalyzer - INFO - -> Analyzing version 7.6.16 (2012/2261)...
2025-10-25 20:55:17,298 - BlankSpaceAnalyzer - INFO - -> Analyzing version 7.6.17 (2013/2261)...
2025-10-25 20:55:17,378 - BlankSpaceAnalyzer - INFO - -> Analyzing version 7.6.18 (2014/2261)...
2025-10-25 20:55:17,456 - BlankSpaceAnalyzer - INFO - -> Analyzing version 7.6.19 (2015/2261)...
2025-10-25 20:55:17,535 - BlankSpaceAnalyzer - INFO - -> Analyzing version 7.6.2 (2016/2261)...
2025-10-25 20:55:17,615 - BlankSpaceAnalyzer - INFO - -> Analyzing version 7.6.20 (2017/2261)...
2025-10-25 20:55:17,695 - BlankSpaceAnalyzer - INFO - -> Analyzing version 7.6.3 (2018/2261)...
2025-10-25 20:55:17,776 - BlankSpaceAnalyzer - INFO - -> Analyzing version 7.6.4 (2019/2261)...
2025-10-25 20:55:17,853 - BlankSpaceAnalyzer - INFO - -> Analyzing version 7.6.5 (2020/2261)...
2025-10-25 20:55:17,929 - BlankSpaceAnalyzer - INFO - -> Analyzing version 7.6.6 (2021/2261)...
2025-10-25 20:55:18,009 - BlankSpaceAnalyzer - INFO - -> Analyzing version 7.6.7 (2022/2261)...
2025-10-25 20:55:18,090 - BlankSpaceAnalyzer - INFO - -> Analyzing version 7.6.8 (2023/2261)...
2025-10-25 20:55:18,171 - BlankSpaceAnalyzer - INFO - -> Analyzing version 7.6.9 (2024/2261)...
2025-10-25 20:55:18,251 - BlankSpaceAnalyzer - INFO - -> Analyzing version 8.0.0 (2025/2261)...
2025-10-25 20:55:18,330 - BlankSpaceAnalyzer - INFO - -> Analyzing version 8.0.0-alpha.0 (2026/2261)...
2025-10-25 20:55:18,405 - BlankSpaceAnalyzer - INFO - -> Analyzing version 8.0.0-alpha.1 (2027/2261)...
2025-10-25 20:55:18,486 - BlankSpaceAnalyzer - INFO - -> Analyzing version 8.0.0-alpha.10 (2028/2261)...
2025-10-25 20:55:18,568 - BlankSpaceAnalyzer - INFO - -> Analyzing version 8.0.0-alpha.11 (2029/2261)...
2025-10-25 20:55:18,646 - BlankSpaceAnalyzer - INFO - -> Analyzing version 8.0.0-alpha.12 (2030/2261)...
2025-10-25 20:55:18,720 - BlankSpaceAnalyzer - INFO - -> Analyzing version 8.0.0-alpha.13 (2031/2261)...
2025-10-25 20:55:18,795 - BlankSpaceAnalyzer - INFO - -> Analyzing version 8.0.0-alpha.14 (2032/2261)...
2025-10-25 20:55:18,877 - BlankSpaceAnalyzer - INFO - -> Analyzing version 8.0.0-alpha.15 (2033/2261)...
2025-10-25 20:55:18,954 - BlankSpaceAnalyzer - INFO - -> Analyzing version 8.0.0-alpha.16 (2034/2261)...
2025-10-25 20:55:19,029 - BlankSpaceAnalyzer - INFO - -> Analyzing version 8.0.0-alpha.17 (2035/2261)...
2025-10-25 20:55:19,104 - BlankSpaceAnalyzer - INFO - -> Analyzing version 8.0.0-alpha.2 (2036/2261)...
2025-10-25 20:55:19,185 - BlankSpaceAnalyzer - INFO - -> Analyzing version 8.0.0-alpha.3 (2037/2261)...
2025-10-25 20:55:19,266 - BlankSpaceAnalyzer - INFO - -> Analyzing version 8.0.0-alpha.4 (2038/2261)...
2025-10-25 20:55:19,344 - BlankSpaceAnalyzer - INFO - -> Analyzing version 8.0.0-alpha.5 (2039/2261)...
2025-10-25 20:55:19,419 - BlankSpaceAnalyzer - INFO - -> Analyzing version 8.0.0-alpha.6 (2040/2261)...
2025-10-25 20:55:19,500 - BlankSpaceAnalyzer - INFO - -> Analyzing version 8.0.0-alpha.7 (2041/2261)...
2025-10-25 20:55:19,582 - BlankSpaceAnalyzer - INFO - -> Analyzing version 8.0.0-alpha.8 (2042/2261)...
2025-10-25 20:55:19,658 - BlankSpaceAnalyzer - INFO - -> Analyzing version 8.0.0-alpha.9 (2043/2261)...
2025-10-25 20:55:19,733 - BlankSpaceAnalyzer - INFO - -> Analyzing version 8.0.0-beta.0 (2044/2261)...
2025-10-25 20:55:19,808 - BlankSpaceAnalyzer - INFO - -> Analyzing version 8.0.0-beta.1 (2045/2261)...
2025-10-25 20:55:19,888 - BlankSpaceAnalyzer - INFO - -> Analyzing version 8.0.0-beta.2 (2046/2261)...
2025-10-25 20:55:19,968 - BlankSpaceAnalyzer - INFO - -> Analyzing version 8.0.0-beta.3 (2047/2261)...
2025-10-25 20:55:20,047 - BlankSpaceAnalyzer - INFO - -> Analyzing version 8.0.0-beta.4 (2048/2261)...
2025-10-25 20:55:20,121 - BlankSpaceAnalyzer - INFO - -> Analyzing version 8.0.0-beta.5 (2049/2261)...
2025-10-25 20:55:20,201 - BlankSpaceAnalyzer - INFO - -> Analyzing version 8.0.0-beta.6 (2050/2261)...
2025-10-25 20:55:20,282 - BlankSpaceAnalyzer - INFO - -> Analyzing version 8.0.0-rc.0 (2051/2261)...
2025-10-25 20:55:20,357 - BlankSpaceAnalyzer - INFO - -> Analyzing version 8.0.0-rc.1 (2052/2261)...
2025-10-25 20:55:20,431 - BlankSpaceAnalyzer - INFO - -> Analyzing version 8.0.0-rc.2 (2053/2261)...
2025-10-25 20:55:20,505 - BlankSpaceAnalyzer - INFO - -> Analyzing version 8.0.0-rc.3 (2054/2261)...
2025-10-25 20:55:20,585 - BlankSpaceAnalyzer - INFO - -> Analyzing version 8.0.0-rc.4 (2055/2261)...
2025-10-25 20:55:20,666 - BlankSpaceAnalyzer - INFO - -> Analyzing version 8.0.0-rc.5 (2056/2261)...
2025-10-25 20:55:20,747 - BlankSpaceAnalyzer - INFO - -> Analyzing version 8.0.1 (2057/2261)...
2025-10-25 20:55:20,827 - BlankSpaceAnalyzer - INFO - -> Analyzing version 8.0.10 (2058/2261)...
2025-10-25 20:55:20,900 - BlankSpaceAnalyzer - INFO - -> Analyzing version 8.0.2 (2059/2261)...
2025-10-25 20:55:20,980 - BlankSpaceAnalyzer - INFO - -> Analyzing version 8.0.3 (2060/2261)...
2025-10-25 20:55:21,057 - BlankSpaceAnalyzer - INFO - -> Analyzing version 8.0.4 (2061/2261)...
2025-10-25 20:55:21,130 - BlankSpaceAnalyzer - INFO - -> Analyzing version 8.0.5 (2062/2261)...
2025-10-25 20:55:21,204 - BlankSpaceAnalyzer - INFO - -> Analyzing version 8.0.6 (2063/2261)...
2025-10-25 20:55:21,284 - BlankSpaceAnalyzer - INFO - -> Analyzing version 8.0.7 (2064/2261)...
2025-10-25 20:55:21,363 - BlankSpaceAnalyzer - INFO - -> Analyzing version 8.0.8 (2065/2261)...
2025-10-25 20:55:21,440 - BlankSpaceAnalyzer - INFO - -> Analyzing version 8.0.9 (2066/2261)...
2025-10-25 20:55:21,514 - BlankSpaceAnalyzer - INFO - -> Analyzing version 8.1.0 (2067/2261)...
2025-10-25 20:55:21,594 - BlankSpaceAnalyzer - INFO - -> Analyzing version 8.1.0-alpha.0 (2068/2261)...
2025-10-25 20:55:21,674 - BlankSpaceAnalyzer - INFO - -> Analyzing version 8.1.0-alpha.1 (2069/2261)...
2025-10-25 20:55:21,755 - BlankSpaceAnalyzer - INFO - -> Analyzing version 8.1.0-alpha.2 (2070/2261)...
2025-10-25 20:55:21,833 - BlankSpaceAnalyzer - INFO - -> Analyzing version 8.1.0-alpha.3 (2071/2261)...
2025-10-25 20:55:21,908 - BlankSpaceAnalyzer - INFO - -> Analyzing version 8.1.0-alpha.4 (2072/2261)...
2025-10-25 20:55:21,989 - BlankSpaceAnalyzer - INFO - -> Analyzing version 8.1.0-alpha.5 (2073/2261)...
2025-10-25 20:55:22,072 - BlankSpaceAnalyzer - INFO - -> Analyzing version 8.1.0-alpha.6 (2074/2261)...
2025-10-25 20:55:22,149 - BlankSpaceAnalyzer - INFO - -> Analyzing version 8.1.0-alpha.7 (2075/2261)...
2025-10-25 20:55:22,224 - BlankSpaceAnalyzer - INFO - -> Analyzing version 8.1.0-alpha.8 (2076/2261)...
2025-10-25 20:55:22,298 - BlankSpaceAnalyzer - INFO - -> Analyzing version 8.1.0-beta.0 (2077/2261)...
2025-10-25 20:55:22,378 - BlankSpaceAnalyzer - INFO - -> Analyzing version 8.1.0-beta.1 (2078/2261)...
2025-10-25 20:55:22,459 - BlankSpaceAnalyzer - INFO - -> Analyzing version 8.1.1 (2079/2261)...
2025-10-25 20:55:22,536 - BlankSpaceAnalyzer - INFO - -> Analyzing version 8.1.10 (2080/2261)...
2025-10-25 20:55:22,612 - BlankSpaceAnalyzer - INFO - -> Analyzing version 8.1.11 (2081/2261)...
2025-10-25 20:55:22,692 - BlankSpaceAnalyzer - INFO - -> Analyzing version 8.1.2 (2082/2261)...
2025-10-25 20:55:22,768 - BlankSpaceAnalyzer - INFO - -> Analyzing version 8.1.3 (2083/2261)...
2025-10-25 20:55:22,845 - BlankSpaceAnalyzer - INFO - -> Analyzing version 8.1.4 (2084/2261)...
2025-10-25 20:55:22,925 - BlankSpaceAnalyzer - INFO - -> Analyzing version 8.1.5 (2085/2261)...
2025-10-25 20:55:23,006 - BlankSpaceAnalyzer - INFO - -> Analyzing version 8.1.6 (2086/2261)...
2025-10-25 20:55:23,087 - BlankSpaceAnalyzer - INFO - -> Analyzing version 8.1.7 (2087/2261)...
2025-10-25 20:55:23,167 - BlankSpaceAnalyzer - INFO - -> Analyzing version 8.1.8 (2088/2261)...
2025-10-25 20:55:23,248 - BlankSpaceAnalyzer - INFO - -> Analyzing version 8.1.9 (2089/2261)...
2025-10-25 20:55:23,329 - BlankSpaceAnalyzer - INFO - -> Analyzing version 8.2.0 (2090/2261)...
2025-10-25 20:55:23,409 - BlankSpaceAnalyzer - INFO - -> Analyzing version 8.2.0-alpha.0 (2091/2261)...
2025-10-25 20:55:23,489 - BlankSpaceAnalyzer - INFO - -> Analyzing version 8.2.0-alpha.1 (2092/2261)...
2025-10-25 20:55:23,569 - BlankSpaceAnalyzer - INFO - -> Analyzing version 8.2.0-alpha.10 (2093/2261)...
2025-10-25 20:55:23,649 - BlankSpaceAnalyzer - INFO - -> Analyzing version 8.2.0-alpha.2 (2094/2261)...
2025-10-25 20:55:23,728 - BlankSpaceAnalyzer - INFO - -> Analyzing version 8.2.0-alpha.3 (2095/2261)...
2025-10-25 20:55:23,802 - BlankSpaceAnalyzer - INFO - -> Analyzing version 8.2.0-alpha.4 (2096/2261)...
2025-10-25 20:55:23,882 - BlankSpaceAnalyzer - INFO - -> Analyzing version 8.2.0-alpha.5 (2097/2261)...
2025-10-25 20:55:23,962 - BlankSpaceAnalyzer - INFO - -> Analyzing version 8.2.0-alpha.6 (2098/2261)...
2025-10-25 20:55:24,040 - BlankSpaceAnalyzer - INFO - -> Analyzing version 8.2.0-alpha.7 (2099/2261)...
2025-10-25 20:55:24,113 - BlankSpaceAnalyzer - INFO - -> Analyzing version 8.2.0-alpha.8 (2100/2261)...
2025-10-25 20:55:24,194 - BlankSpaceAnalyzer - INFO - -> Analyzing version 8.2.0-alpha.9 (2101/2261)...
2025-10-25 20:55:24,275 - BlankSpaceAnalyzer - INFO - -> Analyzing version 8.2.0-beta.0 (2102/2261)...
2025-10-25 20:55:24,351 - BlankSpaceAnalyzer - INFO - -> Analyzing version 8.2.0-beta.1 (2103/2261)...
2025-10-25 20:55:24,425 - BlankSpaceAnalyzer - INFO - -> Analyzing version 8.2.0-beta.2 (2104/2261)...
2025-10-25 20:55:24,499 - BlankSpaceAnalyzer - INFO - -> Analyzing version 8.2.0-beta.3 (2105/2261)...
2025-10-25 20:55:24,579 - BlankSpaceAnalyzer - INFO - -> Analyzing version 8.2.1 (2106/2261)...
2025-10-25 20:55:24,659 - BlankSpaceAnalyzer - INFO - -> Analyzing version 8.2.10 (2107/2261)...
2025-10-25 20:55:24,739 - BlankSpaceAnalyzer - INFO - -> Analyzing version 8.2.2 (2108/2261)...
2025-10-25 20:55:24,819 - BlankSpaceAnalyzer - INFO - -> Analyzing version 8.2.3 (2109/2261)...
2025-10-25 20:55:24,892 - BlankSpaceAnalyzer - INFO - -> Analyzing version 8.2.4 (2110/2261)...
2025-10-25 20:55:24,971 - BlankSpaceAnalyzer - INFO - -> Analyzing version 8.2.5 (2111/2261)...
2025-10-25 20:55:25,049 - BlankSpaceAnalyzer - INFO - -> Analyzing version 8.2.6 (2112/2261)...
2025-10-25 20:55:25,123 - BlankSpaceAnalyzer - INFO - -> Analyzing version 8.2.7 (2113/2261)...
2025-10-25 20:55:25,197 - BlankSpaceAnalyzer - INFO - -> Analyzing version 8.2.8 (2114/2261)...
2025-10-25 20:55:25,277 - BlankSpaceAnalyzer - INFO - -> Analyzing version 8.2.9 (2115/2261)...
2025-10-25 20:55:25,353 - BlankSpaceAnalyzer - INFO - -> Analyzing version 8.3.0 (2116/2261)...
2025-10-25 20:55:25,426 - BlankSpaceAnalyzer - INFO - -> Analyzing version 8.3.0-alpha.0 (2117/2261)...
2025-10-25 20:55:25,500 - BlankSpaceAnalyzer - INFO - -> Analyzing version 8.3.0-alpha.1 (2118/2261)...
2025-10-25 20:55:25,580 - BlankSpaceAnalyzer - INFO - -> Analyzing version 8.3.0-alpha.10 (2119/2261)...
2025-10-25 20:55:25,656 - BlankSpaceAnalyzer - INFO - -> Analyzing version 8.3.0-alpha.11 (2120/2261)...
2025-10-25 20:55:25,731 - BlankSpaceAnalyzer - INFO - -> Analyzing version 8.3.0-alpha.2 (2121/2261)...
2025-10-25 20:55:25,812 - BlankSpaceAnalyzer - INFO - -> Analyzing version 8.3.0-alpha.3 (2122/2261)...
2025-10-25 20:55:25,892 - BlankSpaceAnalyzer - INFO - -> Analyzing version 8.3.0-alpha.4 (2123/2261)...
2025-10-25 20:55:25,972 - BlankSpaceAnalyzer - INFO - -> Analyzing version 8.3.0-alpha.5 (2124/2261)...
2025-10-25 20:55:26,050 - BlankSpaceAnalyzer - INFO - -> Analyzing version 8.3.0-alpha.6 (2125/2261)...
2025-10-25 20:55:26,124 - BlankSpaceAnalyzer - INFO - -> Analyzing version 8.3.0-alpha.7 (2126/2261)...
2025-10-25 20:55:26,198 - BlankSpaceAnalyzer - INFO - -> Analyzing version 8.3.0-alpha.8 (2127/2261)...
2025-10-25 20:55:26,278 - BlankSpaceAnalyzer - INFO - -> Analyzing version 8.3.0-alpha.9 (2128/2261)...
2025-10-25 20:55:26,359 - BlankSpaceAnalyzer - INFO - -> Analyzing version 8.3.0-beta.0 (2129/2261)...
2025-10-25 20:55:26,441 - BlankSpaceAnalyzer - INFO - -> Analyzing version 8.3.0-beta.1 (2130/2261)...
2025-10-25 20:55:26,513 - BlankSpaceAnalyzer - INFO - -> Analyzing version 8.3.0-beta.2 (2131/2261)...
2025-10-25 20:55:26,595 - BlankSpaceAnalyzer - INFO - -> Analyzing version 8.3.0-beta.3 (2132/2261)...
2025-10-25 20:55:26,669 - BlankSpaceAnalyzer - INFO - -> Analyzing version 8.3.0-beta.4 (2133/2261)...
2025-10-25 20:55:26,742 - BlankSpaceAnalyzer - INFO - -> Analyzing version 8.3.0-beta.5 (2134/2261)...
2025-10-25 20:55:26,817 - BlankSpaceAnalyzer - INFO - -> Analyzing version 8.3.1 (2135/2261)...
2025-10-25 20:55:26,897 - BlankSpaceAnalyzer - INFO - -> Analyzing version 8.3.2 (2136/2261)...
2025-10-25 20:55:26,978 - BlankSpaceAnalyzer - INFO - -> Analyzing version 8.3.3 (2137/2261)...
2025-10-25 20:55:27,054 - BlankSpaceAnalyzer - INFO - -> Analyzing version 8.3.4 (2138/2261)...
2025-10-25 20:55:27,128 - BlankSpaceAnalyzer - INFO - -> Analyzing version 8.3.5 (2139/2261)...
2025-10-25 20:55:27,202 - BlankSpaceAnalyzer - INFO - -> Analyzing version 8.3.6 (2140/2261)...
2025-10-25 20:55:27,281 - BlankSpaceAnalyzer - INFO - -> Analyzing version 8.3.7 (2141/2261)...
2025-10-25 20:55:27,361 - BlankSpaceAnalyzer - INFO - -> Analyzing version 8.4.0 (2142/2261)...
2025-10-25 20:55:27,439 - BlankSpaceAnalyzer - INFO - -> Analyzing version 8.4.0-alpha.0 (2143/2261)...
2025-10-25 20:55:27,512 - BlankSpaceAnalyzer - INFO - -> Analyzing version 8.4.0-alpha.1 (2144/2261)...
2025-10-25 20:55:27,592 - BlankSpaceAnalyzer - INFO - -> Analyzing version 8.4.0-alpha.2 (2145/2261)...
2025-10-25 20:55:27,667 - BlankSpaceAnalyzer - INFO - -> Analyzing version 8.4.0-alpha.3 (2146/2261)...
2025-10-25 20:55:27,741 - BlankSpaceAnalyzer - INFO - -> Analyzing version 8.4.0-alpha.4 (2147/2261)...
2025-10-25 20:55:27,816 - BlankSpaceAnalyzer - INFO - -> Analyzing version 8.4.0-alpha.5 (2148/2261)...
2025-10-25 20:55:27,896 - BlankSpaceAnalyzer - INFO - -> Analyzing version 8.4.0-alpha.6 (2149/2261)...
2025-10-25 20:55:27,977 - BlankSpaceAnalyzer - INFO - -> Analyzing version 8.4.0-alpha.7 (2150/2261)...
2025-10-25 20:55:28,055 - BlankSpaceAnalyzer - INFO - -> Analyzing version 8.4.0-alpha.8 (2151/2261)...
2025-10-25 20:55:28,129 - BlankSpaceAnalyzer - INFO - -> Analyzing version 8.4.0-beta.0 (2152/2261)...
2025-10-25 20:55:28,204 - BlankSpaceAnalyzer - INFO - -> Analyzing version 8.4.0-beta.1 (2153/2261)...
2025-10-25 20:55:28,284 - BlankSpaceAnalyzer - INFO - -> Analyzing version 8.4.0-beta.2 (2154/2261)...
2025-10-25 20:55:28,365 - BlankSpaceAnalyzer - INFO - -> Analyzing version 8.4.0-beta.3 (2155/2261)...
2025-10-25 20:55:28,446 - BlankSpaceAnalyzer - INFO - -> Analyzing version 8.4.0-beta.4 (2156/2261)...
2025-10-25 20:55:28,525 - BlankSpaceAnalyzer - INFO - -> Analyzing version 8.4.0-beta.5 (2157/2261)...
2025-10-25 20:55:28,599 - BlankSpaceAnalyzer - INFO - -> Analyzing version 8.4.1 (2158/2261)...
2025-10-25 20:55:28,679 - BlankSpaceAnalyzer - INFO - -> Analyzing version 8.4.2 (2159/2261)...
2025-10-25 20:55:28,764 - BlankSpaceAnalyzer - INFO - -> Analyzing version 8.4.3 (2160/2261)...
2025-10-25 20:55:28,840 - BlankSpaceAnalyzer - INFO - -> Analyzing version 8.4.4 (2161/2261)...
2025-10-25 20:55:28,915 - BlankSpaceAnalyzer - INFO - -> Analyzing version 8.4.5 (2162/2261)...
2025-10-25 20:55:28,995 - BlankSpaceAnalyzer - INFO - -> Analyzing version 8.4.6 (2163/2261)...
2025-10-25 20:55:29,076 - BlankSpaceAnalyzer - INFO - -> Analyzing version 8.4.7 (2164/2261)...
2025-10-25 20:55:29,156 - BlankSpaceAnalyzer - INFO - -> Analyzing version 8.5.0 (2165/2261)...
2025-10-25 20:55:29,236 - BlankSpaceAnalyzer - INFO - -> Analyzing version 8.5.0-alpha.0 (2166/2261)...
2025-10-25 20:55:29,318 - BlankSpaceAnalyzer - INFO - -> Analyzing version 8.5.0-alpha.1 (2167/2261)...
2025-10-25 20:55:29,399 - BlankSpaceAnalyzer - INFO - -> Analyzing version 8.5.0-alpha.10 (2168/2261)...
2025-10-25 20:55:29,479 - BlankSpaceAnalyzer - INFO - -> Analyzing version 8.5.0-alpha.11 (2169/2261)...
2025-10-25 20:55:29,555 - BlankSpaceAnalyzer - INFO - -> Analyzing version 8.5.0-alpha.12 (2170/2261)...
2025-10-25 20:55:29,631 - BlankSpaceAnalyzer - INFO - -> Analyzing version 8.5.0-alpha.13 (2171/2261)...
2025-10-25 20:55:29,712 - BlankSpaceAnalyzer - INFO - -> Analyzing version 8.5.0-alpha.14 (2172/2261)...
2025-10-25 20:55:29,793 - BlankSpaceAnalyzer - INFO - -> Analyzing version 8.5.0-alpha.15 (2173/2261)...
2025-10-25 20:55:29,874 - BlankSpaceAnalyzer - INFO - -> Analyzing version 8.5.0-alpha.16 (2174/2261)...
2025-10-25 20:55:29,960 - BlankSpaceAnalyzer - INFO - -> Analyzing version 8.5.0-alpha.17 (2175/2261)...
2025-10-25 20:55:30,039 - BlankSpaceAnalyzer - INFO - -> Analyzing version 8.5.0-alpha.18 (2176/2261)...
2025-10-25 20:55:30,120 - BlankSpaceAnalyzer - INFO - -> Analyzing version 8.5.0-alpha.19 (2177/2261)...
2025-10-25 20:55:30,201 - BlankSpaceAnalyzer - INFO - -> Analyzing version 8.5.0-alpha.2 (2178/2261)...
2025-10-25 20:55:30,281 - BlankSpaceAnalyzer - INFO - -> Analyzing version 8.5.0-alpha.20 (2179/2261)...
2025-10-25 20:55:30,361 - BlankSpaceAnalyzer - INFO - -> Analyzing version 8.5.0-alpha.21 (2180/2261)...
2025-10-25 20:55:30,442 - BlankSpaceAnalyzer - INFO - -> Analyzing version 8.5.0-alpha.22 (2181/2261)...
2025-10-25 20:55:30,523 - BlankSpaceAnalyzer - INFO - -> Analyzing version 8.5.0-alpha.3 (2182/2261)...
2025-10-25 20:55:30,598 - BlankSpaceAnalyzer - INFO - -> Analyzing version 8.5.0-alpha.4 (2183/2261)...
2025-10-25 20:55:30,678 - BlankSpaceAnalyzer - INFO - -> Analyzing version 8.5.0-alpha.5 (2184/2261)...
2025-10-25 20:55:30,759 - BlankSpaceAnalyzer - INFO - -> Analyzing version 8.5.0-alpha.6 (2185/2261)...
2025-10-25 20:55:30,837 - BlankSpaceAnalyzer - INFO - -> Analyzing version 8.5.0-alpha.7 (2186/2261)...
2025-10-25 20:55:30,912 - BlankSpaceAnalyzer - INFO - -> Analyzing version 8.5.0-alpha.8 (2187/2261)...
2025-10-25 20:55:30,992 - BlankSpaceAnalyzer - INFO - -> Analyzing version 8.5.0-alpha.9 (2188/2261)...
2025-10-25 20:55:31,069 - BlankSpaceAnalyzer - INFO - -> Analyzing version 8.5.0-beta.0 (2189/2261)...
2025-10-25 20:55:31,144 - BlankSpaceAnalyzer - INFO - -> Analyzing version 8.5.0-beta.1 (2190/2261)...
2025-10-25 20:55:31,218 - BlankSpaceAnalyzer - INFO - -> Analyzing version 8.5.0-beta.10 (2191/2261)...
2025-10-25 20:55:31,294 - BlankSpaceAnalyzer - INFO - -> Analyzing version 8.5.0-beta.11 (2192/2261)...
2025-10-25 20:55:31,374 - BlankSpaceAnalyzer - INFO - -> Analyzing version 8.5.0-beta.2 (2193/2261)...
2025-10-25 20:55:31,455 - BlankSpaceAnalyzer - INFO - -> Analyzing version 8.5.0-beta.3 (2194/2261)...
2025-10-25 20:55:31,535 - BlankSpaceAnalyzer - INFO - -> Analyzing version 8.5.0-beta.4 (2195/2261)...
2025-10-25 20:55:31,616 - BlankSpaceAnalyzer - INFO - -> Analyzing version 8.5.0-beta.5 (2196/2261)...
2025-10-25 20:55:31,696 - BlankSpaceAnalyzer - INFO - -> Analyzing version 8.5.0-beta.6 (2197/2261)...
2025-10-25 20:55:31,776 - BlankSpaceAnalyzer - INFO - -> Analyzing version 8.5.0-beta.7 (2198/2261)...
2025-10-25 20:55:31,853 - BlankSpaceAnalyzer - INFO - -> Analyzing version 8.5.0-beta.8 (2199/2261)...
2025-10-25 20:55:31,930 - BlankSpaceAnalyzer - INFO - -> Analyzing version 8.5.0-beta.9 (2200/2261)...
2025-10-25 20:55:32,010 - BlankSpaceAnalyzer - INFO - -> Analyzing version 8.5.1 (2201/2261)...
2025-10-25 20:55:32,092 - BlankSpaceAnalyzer - INFO - -> Analyzing version 8.5.2 (2202/2261)...
2025-10-25 20:55:32,173 - BlankSpaceAnalyzer - INFO - -> Analyzing version 8.5.3 (2203/2261)...
2025-10-25 20:55:32,250 - BlankSpaceAnalyzer - INFO - -> Analyzing version 8.5.4 (2204/2261)...
2025-10-25 20:55:32,328 - BlankSpaceAnalyzer - INFO - -> Analyzing version 8.5.5 (2205/2261)...
2025-10-25 20:55:32,408 - BlankSpaceAnalyzer - INFO - -> Analyzing version 8.5.6 (2206/2261)...
2025-10-25 20:55:32,488 - BlankSpaceAnalyzer - INFO - -> Analyzing version 8.5.7 (2207/2261)...
2025-10-25 20:55:32,569 - BlankSpaceAnalyzer - INFO - -> Analyzing version 8.5.8 (2208/2261)...
2025-10-25 20:55:32,647 - BlankSpaceAnalyzer - INFO - -> Analyzing version 8.6.0 (2209/2261)...
2025-10-25 20:55:32,721 - BlankSpaceAnalyzer - INFO - -> Analyzing version 8.6.0-alpha.0 (2210/2261)...
2025-10-25 20:55:32,802 - BlankSpaceAnalyzer - INFO - -> Analyzing version 8.6.0-alpha.1 (2211/2261)...
2025-10-25 20:55:32,882 - BlankSpaceAnalyzer - INFO - -> Analyzing version 8.6.0-alpha.2 (2212/2261)...
2025-10-25 20:55:32,962 - BlankSpaceAnalyzer - INFO - -> Analyzing version 8.6.0-alpha.3 (2213/2261)...
2025-10-25 20:55:33,041 - BlankSpaceAnalyzer - INFO - -> Analyzing version 8.6.0-alpha.4 (2214/2261)...
2025-10-25 20:55:33,116 - BlankSpaceAnalyzer - INFO - -> Analyzing version 8.6.0-alpha.5 (2215/2261)...
2025-10-25 20:55:33,197 - BlankSpaceAnalyzer - INFO - -> Analyzing version 8.6.0-beta.0 (2216/2261)...
2025-10-25 20:55:33,278 - BlankSpaceAnalyzer - INFO - -> Analyzing version 8.6.0-beta.1 (2217/2261)...
2025-10-25 20:55:33,354 - BlankSpaceAnalyzer - INFO - -> Analyzing version 8.6.0-beta.10 (2218/2261)...
2025-10-25 20:55:33,431 - BlankSpaceAnalyzer - INFO - -> Analyzing version 8.6.0-beta.2 (2219/2261)...
2025-10-25 20:55:33,507 - BlankSpaceAnalyzer - INFO - -> Analyzing version 8.6.0-beta.3 (2220/2261)...
2025-10-25 20:55:33,587 - BlankSpaceAnalyzer - INFO - -> Analyzing version 8.6.0-beta.4 (2221/2261)...
2025-10-25 20:55:33,664 - BlankSpaceAnalyzer - INFO - -> Analyzing version 8.6.0-beta.5 (2222/2261)...
2025-10-25 20:55:33,741 - BlankSpaceAnalyzer - INFO - -> Analyzing version 8.6.0-beta.6 (2223/2261)...
2025-10-25 20:55:33,821 - BlankSpaceAnalyzer - INFO - -> Analyzing version 8.6.0-beta.7 (2224/2261)...
2025-10-25 20:55:33,897 - BlankSpaceAnalyzer - INFO - -> Analyzing version 8.6.0-beta.8 (2225/2261)...
2025-10-25 20:55:33,978 - BlankSpaceAnalyzer - INFO - -> Analyzing version 8.6.0-beta.9 (2226/2261)...
2025-10-25 20:55:34,059 - BlankSpaceAnalyzer - INFO - -> Analyzing version 8.6.1 (2227/2261)...
2025-10-25 20:55:34,139 - BlankSpaceAnalyzer - INFO - -> Analyzing version 8.6.10 (2228/2261)...
2025-10-25 20:55:34,218 - BlankSpaceAnalyzer - INFO - -> Analyzing version 8.6.11 (2229/2261)...
2025-10-25 20:55:34,295 - BlankSpaceAnalyzer - INFO - -> Analyzing version 8.6.12 (2230/2261)...
2025-10-25 20:55:34,374 - BlankSpaceAnalyzer - INFO - -> Analyzing version 8.6.13 (2231/2261)...
2025-10-25 20:55:34,455 - BlankSpaceAnalyzer - INFO - -> Analyzing version 8.6.14 (2232/2261)...
2025-10-25 20:55:34,535 - BlankSpaceAnalyzer - INFO - -> Analyzing version 8.6.2 (2233/2261)...
2025-10-25 20:55:34,615 - BlankSpaceAnalyzer - INFO - -> Analyzing version 8.6.3 (2234/2261)...
2025-10-25 20:55:34,696 - BlankSpaceAnalyzer - INFO - -> Analyzing version 8.6.4 (2235/2261)...
2025-10-25 20:55:34,771 - BlankSpaceAnalyzer - INFO - -> Analyzing version 8.6.5 (2236/2261)...
2025-10-25 20:55:34,849 - BlankSpaceAnalyzer - INFO - -> Analyzing version 8.6.6 (2237/2261)...
2025-10-25 20:55:34,928 - BlankSpaceAnalyzer - INFO - -> Analyzing version 8.6.7 (2238/2261)...
2025-10-25 20:55:35,003 - BlankSpaceAnalyzer - INFO - -> Analyzing version 8.6.8 (2239/2261)...
2025-10-25 20:55:35,084 - BlankSpaceAnalyzer - INFO - -> Analyzing version 8.6.9 (2240/2261)...
2025-10-25 20:55:35,161 - BlankSpaceAnalyzer - INFO - -> Analyzing version 8.7.0-alpha.0 (2241/2261)...
2025-10-25 20:55:35,238 - BlankSpaceAnalyzer - INFO - -> Analyzing version 9.0.0 (2242/2261)...
2025-10-25 20:55:35,318 - BlankSpaceAnalyzer - INFO - -> Analyzing version 9.0.0-alpha.0 (2243/2261)...
2025-10-25 20:55:35,399 - BlankSpaceAnalyzer - INFO - -> Analyzing version 9.0.0-alpha.1 (2244/2261)...
2025-10-25 20:55:35,479 - BlankSpaceAnalyzer - INFO - -> Analyzing version 9.0.0-alpha.2 (2245/2261)...
2025-10-25 20:55:35,556 - BlankSpaceAnalyzer - INFO - -> Analyzing version 9.0.0-alpha.3 (2246/2261)...
2025-10-25 20:55:35,632 - BlankSpaceAnalyzer - INFO - -> Analyzing version 9.0.0-rc.4 (2247/2261)...
2025-10-25 20:55:35,714 - BlankSpaceAnalyzer - INFO - -> Analyzing version 9.0.0-rc.5 (2248/2261)...
2025-10-25 20:55:35,795 - BlankSpaceAnalyzer - INFO - -> Analyzing version 9.0.1 (2249/2261)...
2025-10-25 20:55:35,876 - BlankSpaceAnalyzer - INFO - -> Analyzing version 9.0.2 (2250/2261)...
2025-10-25 20:55:35,954 - BlankSpaceAnalyzer - INFO - -> Analyzing version 9.0.3 (2251/2261)...
2025-10-25 20:55:36,031 - BlankSpaceAnalyzer - INFO - -> Analyzing version 9.0.4 (2252/2261)...
2025-10-25 20:55:36,112 - BlankSpaceAnalyzer - INFO - -> Analyzing version 9.0.5 (2253/2261)...
2025-10-25 20:55:36,193 - BlankSpaceAnalyzer - INFO - -> Analyzing version 9.0.6 (2254/2261)...
2025-10-25 20:55:36,269 - BlankSpaceAnalyzer - INFO - -> Analyzing version 9.0.8 (2255/2261)...
2025-10-25 20:55:36,344 - BlankSpaceAnalyzer - INFO - -> Analyzing version 9.1.0-alpha.0 (2256/2261)...
2025-10-25 20:55:36,418 - BlankSpaceAnalyzer - INFO - -> Analyzing version 9.1.0-alpha.1 (2257/2261)...
2025-10-25 20:55:36,493 - BlankSpaceAnalyzer - INFO - -> Analyzing version 9.1.0-alpha.2 (2258/2261)...
2025-10-25 20:55:36,574 - BlankSpaceAnalyzer - INFO - -> Analyzing version 9.1.0-alpha.3 (2259/2261)...
2025-10-25 20:55:36,654 - BlankSpaceAnalyzer - INFO - -> Analyzing version 9.1.0-alpha.4 (2260/2261)...
2025-10-25 20:55:36,735 - BlankSpaceAnalyzer - INFO - -> Analyzing version 9.1.0-alpha.5 (2261/2261)...
2025-10-25 20:55:36,837 - BlankSpaceAnalyzer - INFO - Exporting results for '@storybook/addon-actions' to CSV...
2025-10-25 20:55:40,970 - BlankSpaceAnalyzer - INFO - Reports saved in: /app/npm_results/@storybook_addon-actions
2025-10-25 20:55:40,977 - NPM_Analyzer - INFO - Cleaning temporary folder 'temp/@storybook_addon-actions'...
2025-10-25 20:55:43,715 - NPM_Analyzer - INFO - Cleanup completed.
