2025-11-08 04:44:45,997 - NPM_Analyzer - INFO - Fetching metadata for '@tiptap/extension-text-align'...
2025-11-08 04:44:47,465 - NPM_Analyzer - INFO - Found 285 versions. Starting download into 'temp/@tiptap_extension-text-align'...
2025-11-08 04:50:38,745 - BlankSpaceAnalyzer - INFO - Analyzing 285 versions for '*.js' in '@tiptap_extension-text-align'.
2025-11-08 04:50:38,745 - BlankSpaceAnalyzer - INFO - -> Analyzing version 1.0.0-alpha.1 (1/285)...
2025-11-08 04:50:38,807 - BlankSpaceAnalyzer - INFO - -> Analyzing version 1.0.0-alpha.2 (2/285)...
2025-11-08 04:50:38,846 - BlankSpaceAnalyzer - INFO - -> Analyzing version 2.0.0 (3/285)...
2025-11-08 04:50:38,888 - BlankSpaceAnalyzer - INFO - -> Analyzing version 2.0.0-alpha.1 (4/285)...
2025-11-08 04:50:38,931 - BlankSpaceAnalyzer - INFO - -> Analyzing version 2.0.0-alpha.10 (5/285)...
2025-11-08 04:50:38,975 - BlankSpaceAnalyzer - INFO - -> Analyzing version 2.0.0-alpha.11 (6/285)...
2025-11-08 04:50:39,019 - BlankSpaceAnalyzer - INFO - -> Analyzing version 2.0.0-alpha.12 (7/285)...
2025-11-08 04:50:39,062 - BlankSpaceAnalyzer - INFO - -> Analyzing version 2.0.0-alpha.2 (8/285)...
2025-11-08 04:50:39,105 - BlankSpaceAnalyzer - INFO - -> Analyzing version 2.0.0-alpha.3 (9/285)...
2025-11-08 04:50:39,148 - BlankSpaceAnalyzer - INFO - -> Analyzing version 2.0.0-alpha.4 (10/285)...
2025-11-08 04:50:39,192 - BlankSpaceAnalyzer - INFO - -> Analyzing version 2.0.0-alpha.5 (11/285)...
2025-11-08 04:50:39,235 - BlankSpaceAnalyzer - INFO - -> Analyzing version 2.0.0-alpha.6 (12/285)...
2025-11-08 04:50:39,278 - BlankSpaceAnalyzer - INFO - -> Analyzing version 2.0.0-alpha.7 (13/285)...
2025-11-08 04:50:39,321 - BlankSpaceAnalyzer - INFO - -> Analyzing version 2.0.0-alpha.8 (14/285)...
2025-11-08 04:50:39,364 - BlankSpaceAnalyzer - INFO - -> Analyzing version 2.0.0-alpha.9 (15/285)...
2025-11-08 04:50:39,407 - BlankSpaceAnalyzer - INFO - -> Analyzing version 2.0.0-beta.1 (16/285)...
2025-11-08 04:50:39,451 - BlankSpaceAnalyzer - INFO - -> Analyzing version 2.0.0-beta.10 (17/285)...
2025-11-08 04:50:39,494 - BlankSpaceAnalyzer - INFO - -> Analyzing version 2.0.0-beta.11 (18/285)...
2025-11-08 04:50:39,536 - BlankSpaceAnalyzer - INFO - -> Analyzing version 2.0.0-beta.12 (19/285)...
2025-11-08 04:50:39,581 - BlankSpaceAnalyzer - INFO - -> Analyzing version 2.0.0-beta.13 (20/285)...
2025-11-08 04:50:39,624 - BlankSpaceAnalyzer - INFO - -> Analyzing version 2.0.0-beta.14 (21/285)...
2025-11-08 04:50:39,667 - BlankSpaceAnalyzer - INFO - -> Analyzing version 2.0.0-beta.15 (22/285)...
2025-11-08 04:50:39,710 - BlankSpaceAnalyzer - INFO - -> Analyzing version 2.0.0-beta.16 (23/285)...
2025-11-08 04:50:39,754 - BlankSpaceAnalyzer - INFO - -> Analyzing version 2.0.0-beta.17 (24/285)...
2025-11-08 04:50:39,797 - BlankSpaceAnalyzer - INFO - -> Analyzing version 2.0.0-beta.18 (25/285)...
2025-11-08 04:50:39,842 - BlankSpaceAnalyzer - INFO - -> Analyzing version 2.0.0-beta.19 (26/285)...
2025-11-08 04:50:39,885 - BlankSpaceAnalyzer - INFO - -> Analyzing version 2.0.0-beta.194 (27/285)...
2025-11-08 04:50:39,928 - BlankSpaceAnalyzer - INFO - -> Analyzing version 2.0.0-beta.195 (28/285)...
2025-11-08 04:50:39,971 - BlankSpaceAnalyzer - INFO - -> Analyzing version 2.0.0-beta.196 (29/285)...
2025-11-08 04:50:40,014 - BlankSpaceAnalyzer - INFO - -> Analyzing version 2.0.0-beta.197 (30/285)...
2025-11-08 04:50:40,057 - BlankSpaceAnalyzer - INFO - -> Analyzing version 2.0.0-beta.198 (31/285)...
2025-11-08 04:50:40,101 - BlankSpaceAnalyzer - INFO - -> Analyzing version 2.0.0-beta.199 (32/285)...
2025-11-08 04:50:40,144 - BlankSpaceAnalyzer - INFO - -> Analyzing version 2.0.0-beta.2 (33/285)...
2025-11-08 04:50:40,188 - BlankSpaceAnalyzer - INFO - -> Analyzing version 2.0.0-beta.20 (34/285)...
2025-11-08 04:50:40,231 - BlankSpaceAnalyzer - INFO - -> Analyzing version 2.0.0-beta.200 (35/285)...
2025-11-08 04:50:40,276 - BlankSpaceAnalyzer - INFO - -> Analyzing version 2.0.0-beta.201 (36/285)...
2025-11-08 04:50:40,319 - BlankSpaceAnalyzer - INFO - -> Analyzing version 2.0.0-beta.202 (37/285)...
2025-11-08 04:50:40,362 - BlankSpaceAnalyzer - INFO - -> Analyzing version 2.0.0-beta.203 (38/285)...
2025-11-08 04:50:40,363 - BlankSpaceAnalyzer - INFO - -> Analyzing version 2.0.0-beta.204 (39/285)...
2025-11-08 04:50:40,405 - BlankSpaceAnalyzer - INFO - -> Analyzing version 2.0.0-beta.205 (40/285)...
2025-11-08 04:50:40,449 - BlankSpaceAnalyzer - INFO - -> Analyzing version 2.0.0-beta.206 (41/285)...
2025-11-08 04:50:40,492 - BlankSpaceAnalyzer - INFO - -> Analyzing version 2.0.0-beta.207 (42/285)...
2025-11-08 04:50:40,536 - BlankSpaceAnalyzer - INFO - -> Analyzing version 2.0.0-beta.208 (43/285)...
2025-11-08 04:50:40,579 - BlankSpaceAnalyzer - INFO - -> Analyzing version 2.0.0-beta.209 (44/285)...
2025-11-08 04:50:40,622 - BlankSpaceAnalyzer - INFO - -> Analyzing version 2.0.0-beta.21 (45/285)...
2025-11-08 04:50:40,665 - BlankSpaceAnalyzer - INFO - -> Analyzing version 2.0.0-beta.210 (46/285)...
2025-11-08 04:50:40,665 - BlankSpaceAnalyzer - INFO - -> Analyzing version 2.0.0-beta.211 (47/285)...
2025-11-08 04:50:40,666 - BlankSpaceAnalyzer - INFO - -> Analyzing version 2.0.0-beta.212 (48/285)...
2025-11-08 04:50:40,666 - BlankSpaceAnalyzer - INFO - -> Analyzing version 2.0.0-beta.213 (49/285)...
2025-11-08 04:50:40,667 - BlankSpaceAnalyzer - INFO - -> Analyzing version 2.0.0-beta.214 (50/285)...
2025-11-08 04:50:40,710 - BlankSpaceAnalyzer - INFO - -> Analyzing version 2.0.0-beta.215 (51/285)...
2025-11-08 04:50:40,753 - BlankSpaceAnalyzer - INFO - -> Analyzing version 2.0.0-beta.216 (52/285)...
2025-11-08 04:50:40,797 - BlankSpaceAnalyzer - INFO - -> Analyzing version 2.0.0-beta.217 (53/285)...
2025-11-08 04:50:40,840 - BlankSpaceAnalyzer - INFO - -> Analyzing version 2.0.0-beta.218 (54/285)...
2025-11-08 04:50:40,883 - BlankSpaceAnalyzer - INFO - -> Analyzing version 2.0.0-beta.219 (55/285)...
2025-11-08 04:50:40,926 - BlankSpaceAnalyzer - INFO - -> Analyzing version 2.0.0-beta.22 (56/285)...
2025-11-08 04:50:40,970 - BlankSpaceAnalyzer - INFO - -> Analyzing version 2.0.0-beta.220 (57/285)...
2025-11-08 04:50:41,013 - BlankSpaceAnalyzer - INFO - -> Analyzing version 2.0.0-beta.23 (58/285)...
2025-11-08 04:50:41,057 - BlankSpaceAnalyzer - INFO - -> Analyzing version 2.0.0-beta.24 (59/285)...
2025-11-08 04:50:41,100 - BlankSpaceAnalyzer - INFO - -> Analyzing version 2.0.0-beta.25 (60/285)...
2025-11-08 04:50:41,143 - BlankSpaceAnalyzer - INFO - -> Analyzing version 2.0.0-beta.27 (61/285)...
2025-11-08 04:50:41,143 - BlankSpaceAnalyzer - INFO - -> Analyzing version 2.0.0-beta.28 (62/285)...
2025-11-08 04:50:41,186 - BlankSpaceAnalyzer - INFO - -> Analyzing version 2.0.0-beta.29 (63/285)...
2025-11-08 04:50:41,229 - BlankSpaceAnalyzer - INFO - -> Analyzing version 2.0.0-beta.3 (64/285)...
2025-11-08 04:50:41,272 - BlankSpaceAnalyzer - INFO - -> Analyzing version 2.0.0-beta.31 (65/285)...
2025-11-08 04:50:41,315 - BlankSpaceAnalyzer - INFO - -> Analyzing version 2.0.0-beta.4 (66/285)...
2025-11-08 04:50:41,359 - BlankSpaceAnalyzer - INFO - -> Analyzing version 2.0.0-beta.5 (67/285)...
2025-11-08 04:50:41,402 - BlankSpaceAnalyzer - INFO - -> Analyzing version 2.0.0-beta.6 (68/285)...
2025-11-08 04:50:41,446 - BlankSpaceAnalyzer - INFO - -> Analyzing version 2.0.0-beta.7 (69/285)...
2025-11-08 04:50:41,488 - BlankSpaceAnalyzer - INFO - -> Analyzing version 2.0.0-beta.8 (70/285)...
2025-11-08 04:50:41,532 - BlankSpaceAnalyzer - INFO - -> Analyzing version 2.0.0-beta.9 (71/285)...
2025-11-08 04:50:41,576 - BlankSpaceAnalyzer - INFO - -> Analyzing version 2.0.0-rc.1 (72/285)...
2025-11-08 04:50:41,619 - BlankSpaceAnalyzer - INFO - -> Analyzing version 2.0.0-rc.2 (73/285)...
2025-11-08 04:50:41,662 - BlankSpaceAnalyzer - INFO - -> Analyzing version 2.0.0-rc.3 (74/285)...
2025-11-08 04:50:41,706 - BlankSpaceAnalyzer - INFO - -> Analyzing version 2.0.1 (75/285)...
2025-11-08 04:50:41,749 - BlankSpaceAnalyzer - INFO - -> Analyzing version 2.0.2 (76/285)...
2025-11-08 04:50:41,791 - BlankSpaceAnalyzer - INFO - -> Analyzing version 2.0.3 (77/285)...
2025-11-08 04:50:41,834 - BlankSpaceAnalyzer - INFO - -> Analyzing version 2.0.4 (78/285)...
2025-11-08 04:50:41,877 - BlankSpaceAnalyzer - INFO - -> Analyzing version 2.1.0 (79/285)...
2025-11-08 04:50:41,920 - BlankSpaceAnalyzer - INFO - -> Analyzing version 2.1.0-rc.0 (80/285)...
2025-11-08 04:50:41,963 - BlankSpaceAnalyzer - INFO - -> Analyzing version 2.1.0-rc.1 (81/285)...
2025-11-08 04:50:42,006 - BlankSpaceAnalyzer - INFO - -> Analyzing version 2.1.0-rc.10 (82/285)...
2025-11-08 04:50:42,049 - BlankSpaceAnalyzer - INFO - -> Analyzing version 2.1.0-rc.11 (83/285)...
2025-11-08 04:50:42,092 - BlankSpaceAnalyzer - INFO - -> Analyzing version 2.1.0-rc.12 (84/285)...
2025-11-08 04:50:42,138 - BlankSpaceAnalyzer - INFO - -> Analyzing version 2.1.0-rc.13 (85/285)...
2025-11-08 04:50:42,181 - BlankSpaceAnalyzer - INFO - -> Analyzing version 2.1.0-rc.14 (86/285)...
2025-11-08 04:50:42,225 - BlankSpaceAnalyzer - INFO - -> Analyzing version 2.1.0-rc.2 (87/285)...
2025-11-08 04:50:42,268 - BlankSpaceAnalyzer - INFO - -> Analyzing version 2.1.0-rc.3 (88/285)...
2025-11-08 04:50:42,311 - BlankSpaceAnalyzer - INFO - -> Analyzing version 2.1.0-rc.4 (89/285)...
2025-11-08 04:50:42,354 - BlankSpaceAnalyzer - INFO - -> Analyzing version 2.1.0-rc.5 (90/285)...
2025-11-08 04:50:42,396 - BlankSpaceAnalyzer - INFO - -> Analyzing version 2.1.0-rc.8 (91/285)...
2025-11-08 04:50:42,439 - BlankSpaceAnalyzer - INFO - -> Analyzing version 2.1.0-rc.9 (92/285)...
2025-11-08 04:50:42,482 - BlankSpaceAnalyzer - INFO - -> Analyzing version 2.1.1 (93/285)...
2025-11-08 04:50:42,525 - BlankSpaceAnalyzer - INFO - -> Analyzing version 2.1.10 (94/285)...
2025-11-08 04:50:42,568 - BlankSpaceAnalyzer - INFO - -> Analyzing version 2.1.11 (95/285)...
2025-11-08 04:50:42,610 - BlankSpaceAnalyzer - INFO - -> Analyzing version 2.1.12 (96/285)...
2025-11-08 04:50:42,653 - BlankSpaceAnalyzer - INFO - -> Analyzing version 2.1.13 (97/285)...
2025-11-08 04:50:42,696 - BlankSpaceAnalyzer - INFO - -> Analyzing version 2.1.14 (98/285)...
2025-11-08 04:50:42,739 - BlankSpaceAnalyzer - INFO - -> Analyzing version 2.1.15 (99/285)...
2025-11-08 04:50:42,782 - BlankSpaceAnalyzer - INFO - -> Analyzing version 2.1.16 (100/285)...
2025-11-08 04:50:42,825 - BlankSpaceAnalyzer - INFO - -> Analyzing version 2.1.2 (101/285)...
2025-11-08 04:50:42,868 - BlankSpaceAnalyzer - INFO - -> Analyzing version 2.1.3 (102/285)...
2025-11-08 04:50:42,911 - BlankSpaceAnalyzer - INFO - -> Analyzing version 2.1.4 (103/285)...
2025-11-08 04:50:42,954 - BlankSpaceAnalyzer - INFO - -> Analyzing version 2.1.6 (104/285)...
2025-11-08 04:50:42,996 - BlankSpaceAnalyzer - INFO - -> Analyzing version 2.1.7 (105/285)...
2025-11-08 04:50:43,042 - BlankSpaceAnalyzer - INFO - -> Analyzing version 2.1.8 (106/285)...
2025-11-08 04:50:43,084 - BlankSpaceAnalyzer - INFO - -> Analyzing version 2.1.9 (107/285)...
2025-11-08 04:50:43,128 - BlankSpaceAnalyzer - INFO - -> Analyzing version 2.10.0 (108/285)...
2025-11-08 04:50:43,172 - BlankSpaceAnalyzer - INFO - -> Analyzing version 2.10.1 (109/285)...
2025-11-08 04:50:43,213 - BlankSpaceAnalyzer - INFO - -> Analyzing version 2.10.2 (110/285)...
2025-11-08 04:50:43,257 - BlankSpaceAnalyzer - INFO - -> Analyzing version 2.10.3 (111/285)...
2025-11-08 04:50:43,300 - BlankSpaceAnalyzer - INFO - -> Analyzing version 2.10.4 (112/285)...
2025-11-08 04:50:43,345 - BlankSpaceAnalyzer - INFO - -> Analyzing version 2.11.0 (113/285)...
2025-11-08 04:50:43,389 - BlankSpaceAnalyzer - INFO - -> Analyzing version 2.11.1 (114/285)...
2025-11-08 04:50:43,432 - BlankSpaceAnalyzer - INFO - -> Analyzing version 2.11.2 (115/285)...
2025-11-08 04:50:43,475 - BlankSpaceAnalyzer - INFO - -> Analyzing version 2.11.3 (116/285)...
2025-11-08 04:50:43,518 - BlankSpaceAnalyzer - INFO - -> Analyzing version 2.11.4 (117/285)...
2025-11-08 04:50:43,561 - BlankSpaceAnalyzer - INFO - -> Analyzing version 2.11.5 (118/285)...
2025-11-08 04:50:43,604 - BlankSpaceAnalyzer - INFO - -> Analyzing version 2.11.6 (119/285)...
2025-11-08 04:50:43,647 - BlankSpaceAnalyzer - INFO - -> Analyzing version 2.11.7 (120/285)...
2025-11-08 04:50:43,690 - BlankSpaceAnalyzer - INFO - -> Analyzing version 2.11.9 (121/285)...
2025-11-08 04:50:43,733 - BlankSpaceAnalyzer - INFO - -> Analyzing version 2.12.0 (122/285)...
2025-11-08 04:50:43,777 - BlankSpaceAnalyzer - INFO - -> Analyzing version 2.13.0 (123/285)...
2025-11-08 04:50:43,820 - BlankSpaceAnalyzer - INFO - -> Analyzing version 2.14.0 (124/285)...
2025-11-08 04:50:43,863 - BlankSpaceAnalyzer - INFO - -> Analyzing version 2.14.1 (125/285)...
2025-11-08 04:50:43,906 - BlankSpaceAnalyzer - INFO - -> Analyzing version 2.2.0 (126/285)...
2025-11-08 04:50:43,949 - BlankSpaceAnalyzer - INFO - -> Analyzing version 2.2.0-rc.3 (127/285)...
2025-11-08 04:50:43,992 - BlankSpaceAnalyzer - INFO - -> Analyzing version 2.2.0-rc.4 (128/285)...
2025-11-08 04:50:44,036 - BlankSpaceAnalyzer - INFO - -> Analyzing version 2.2.0-rc.5 (129/285)...
2025-11-08 04:50:44,079 - BlankSpaceAnalyzer - INFO - -> Analyzing version 2.2.0-rc.6 (130/285)...
2025-11-08 04:50:44,123 - BlankSpaceAnalyzer - INFO - -> Analyzing version 2.2.0-rc.7 (131/285)...
2025-11-08 04:50:44,166 - BlankSpaceAnalyzer - INFO - -> Analyzing version 2.2.0-rc.8 (132/285)...
2025-11-08 04:50:44,211 - BlankSpaceAnalyzer - INFO - -> Analyzing version 2.2.1 (133/285)...
2025-11-08 04:50:44,254 - BlankSpaceAnalyzer - INFO - -> Analyzing version 2.2.2 (134/285)...
2025-11-08 04:50:44,296 - BlankSpaceAnalyzer - INFO - -> Analyzing version 2.2.3 (135/285)...
2025-11-08 04:50:44,340 - BlankSpaceAnalyzer - INFO - -> Analyzing version 2.2.4 (136/285)...
2025-11-08 04:50:44,383 - BlankSpaceAnalyzer - INFO - -> Analyzing version 2.2.5 (137/285)...
2025-11-08 04:50:44,426 - BlankSpaceAnalyzer - INFO - -> Analyzing version 2.2.6 (138/285)...
2025-11-08 04:50:44,469 - BlankSpaceAnalyzer - INFO - -> Analyzing version 2.22.0 (139/285)...
2025-11-08 04:50:44,514 - BlankSpaceAnalyzer - INFO - -> Analyzing version 2.22.1 (140/285)...
2025-11-08 04:50:44,556 - BlankSpaceAnalyzer - INFO - -> Analyzing version 2.22.2 (141/285)...
2025-11-08 04:50:44,599 - BlankSpaceAnalyzer - INFO - -> Analyzing version 2.22.3 (142/285)...
2025-11-08 04:50:44,642 - BlankSpaceAnalyzer - INFO - -> Analyzing version 2.23.0 (143/285)...
2025-11-08 04:50:44,686 - BlankSpaceAnalyzer - INFO - -> Analyzing version 2.23.1 (144/285)...
2025-11-08 04:50:44,728 - BlankSpaceAnalyzer - INFO - -> Analyzing version 2.24.0 (145/285)...
2025-11-08 04:50:44,771 - BlankSpaceAnalyzer - INFO - -> Analyzing version 2.24.1 (146/285)...
2025-11-08 04:50:44,814 - BlankSpaceAnalyzer - INFO - -> Analyzing version 2.24.2 (147/285)...
2025-11-08 04:50:44,857 - BlankSpaceAnalyzer - INFO - -> Analyzing version 2.25.0 (148/285)...
2025-11-08 04:50:44,901 - BlankSpaceAnalyzer - INFO - -> Analyzing version 2.25.1 (149/285)...
2025-11-08 04:50:44,944 - BlankSpaceAnalyzer - INFO - -> Analyzing version 2.26.0 (150/285)...
2025-11-08 04:50:44,986 - BlankSpaceAnalyzer - INFO - -> Analyzing version 2.26.1 (151/285)...
2025-11-08 04:50:45,030 - BlankSpaceAnalyzer - INFO - -> Analyzing version 2.26.2 (152/285)...
2025-11-08 04:50:45,073 - BlankSpaceAnalyzer - INFO - -> Analyzing version 2.26.3 (153/285)...
2025-11-08 04:50:45,116 - BlankSpaceAnalyzer - INFO - -> Analyzing version 2.26.4 (154/285)...
2025-11-08 04:50:45,159 - BlankSpaceAnalyzer - INFO - -> Analyzing version 2.27.0 (155/285)...
2025-11-08 04:50:45,202 - BlankSpaceAnalyzer - INFO - -> Analyzing version 2.27.1 (156/285)...
2025-11-08 04:50:45,245 - BlankSpaceAnalyzer - INFO - -> Analyzing version 2.3.0 (157/285)...
2025-11-08 04:50:45,288 - BlankSpaceAnalyzer - INFO - -> Analyzing version 2.3.1 (158/285)...
2025-11-08 04:50:45,331 - BlankSpaceAnalyzer - INFO - -> Analyzing version 2.3.2 (159/285)...
2025-11-08 04:50:45,375 - BlankSpaceAnalyzer - INFO - -> Analyzing version 2.4.0 (160/285)...
2025-11-08 04:50:45,417 - BlankSpaceAnalyzer - INFO - -> Analyzing version 2.5.0 (161/285)...
2025-11-08 04:50:45,461 - BlankSpaceAnalyzer - INFO - -> Analyzing version 2.5.0-beta.0 (162/285)...
2025-11-08 04:50:45,504 - BlankSpaceAnalyzer - INFO - -> Analyzing version 2.5.0-beta.1 (163/285)...
2025-11-08 04:50:45,547 - BlankSpaceAnalyzer - INFO - -> Analyzing version 2.5.0-beta.2 (164/285)...
2025-11-08 04:50:45,590 - BlankSpaceAnalyzer - INFO - -> Analyzing version 2.5.0-beta.3 (165/285)...
2025-11-08 04:50:45,634 - BlankSpaceAnalyzer - INFO - -> Analyzing version 2.5.0-beta.4 (166/285)...
2025-11-08 04:50:45,677 - BlankSpaceAnalyzer - INFO - -> Analyzing version 2.5.0-beta.5 (167/285)...
2025-11-08 04:50:45,721 - BlankSpaceAnalyzer - INFO - -> Analyzing version 2.5.0-beta.6 (168/285)...
2025-11-08 04:50:45,765 - BlankSpaceAnalyzer - INFO - -> Analyzing version 2.5.0-pre.10 (169/285)...
2025-11-08 04:50:45,808 - BlankSpaceAnalyzer - INFO - -> Analyzing version 2.5.0-pre.11 (170/285)...
2025-11-08 04:50:45,852 - BlankSpaceAnalyzer - INFO - -> Analyzing version 2.5.0-pre.13 (171/285)...
2025-11-08 04:50:45,896 - BlankSpaceAnalyzer - INFO - -> Analyzing version 2.5.0-pre.14 (172/285)...
2025-11-08 04:50:45,940 - BlankSpaceAnalyzer - INFO - -> Analyzing version 2.5.0-pre.15 (173/285)...
2025-11-08 04:50:45,984 - BlankSpaceAnalyzer - INFO - -> Analyzing version 2.5.0-pre.16 (174/285)...
2025-11-08 04:50:46,028 - BlankSpaceAnalyzer - INFO - -> Analyzing version 2.5.0-pre.8 (175/285)...
2025-11-08 04:50:46,072 - BlankSpaceAnalyzer - INFO - -> Analyzing version 2.5.0-pre.9 (176/285)...
2025-11-08 04:50:46,116 - BlankSpaceAnalyzer - INFO - -> Analyzing version 2.5.1 (177/285)...
2025-11-08 04:50:46,161 - BlankSpaceAnalyzer - INFO - -> Analyzing version 2.5.2 (178/285)...
2025-11-08 04:50:46,204 - BlankSpaceAnalyzer - INFO - -> Analyzing version 2.5.3 (179/285)...
2025-11-08 04:50:46,248 - BlankSpaceAnalyzer - INFO - -> Analyzing version 2.5.4 (180/285)...
2025-11-08 04:50:46,291 - BlankSpaceAnalyzer - INFO - -> Analyzing version 2.5.5 (181/285)...
2025-11-08 04:50:46,335 - BlankSpaceAnalyzer - INFO - -> Analyzing version 2.5.6 (182/285)...
2025-11-08 04:50:46,380 - BlankSpaceAnalyzer - INFO - -> Analyzing version 2.5.7 (183/285)...
2025-11-08 04:50:46,424 - BlankSpaceAnalyzer - INFO - -> Analyzing version 2.5.8 (184/285)...
2025-11-08 04:50:46,469 - BlankSpaceAnalyzer - INFO - -> Analyzing version 2.5.9 (185/285)...
2025-11-08 04:50:46,513 - BlankSpaceAnalyzer - INFO - -> Analyzing version 2.6.0 (186/285)...
2025-11-08 04:50:46,556 - BlankSpaceAnalyzer - INFO - -> Analyzing version 2.6.1 (187/285)...
2025-11-08 04:50:46,600 - BlankSpaceAnalyzer - INFO - -> Analyzing version 2.6.2 (188/285)...
2025-11-08 04:50:46,644 - BlankSpaceAnalyzer - INFO - -> Analyzing version 2.6.3 (189/285)...
2025-11-08 04:50:46,687 - BlankSpaceAnalyzer - INFO - -> Analyzing version 2.6.4 (190/285)...
2025-11-08 04:50:46,731 - BlankSpaceAnalyzer - INFO - -> Analyzing version 2.6.5 (191/285)...
2025-11-08 04:50:46,775 - BlankSpaceAnalyzer - INFO - -> Analyzing version 2.6.6 (192/285)...
2025-11-08 04:50:46,818 - BlankSpaceAnalyzer - INFO - -> Analyzing version 2.7.0 (193/285)...
2025-11-08 04:50:46,863 - BlankSpaceAnalyzer - INFO - -> Analyzing version 2.7.0-pre.0 (194/285)...
2025-11-08 04:50:46,905 - BlankSpaceAnalyzer - INFO - -> Analyzing version 2.7.1 (195/285)...
2025-11-08 04:50:46,949 - BlankSpaceAnalyzer - INFO - -> Analyzing version 2.7.2 (196/285)...
2025-11-08 04:50:46,992 - BlankSpaceAnalyzer - INFO - -> Analyzing version 2.7.3 (197/285)...
2025-11-08 04:50:47,036 - BlankSpaceAnalyzer - INFO - -> Analyzing version 2.7.4 (198/285)...
2025-11-08 04:50:47,079 - BlankSpaceAnalyzer - INFO - -> Analyzing version 2.8.0 (199/285)...
2025-11-08 04:50:47,122 - BlankSpaceAnalyzer - INFO - -> Analyzing version 2.9.0 (200/285)...
2025-11-08 04:50:47,165 - BlankSpaceAnalyzer - INFO - -> Analyzing version 2.9.1 (201/285)...
2025-11-08 04:50:47,208 - BlankSpaceAnalyzer - INFO - -> Analyzing version 3.0.0 (202/285)...
2025-11-08 04:50:47,254 - BlankSpaceAnalyzer - INFO - -> Analyzing version 3.0.0-beta.0 (203/285)...
2025-11-08 04:50:47,254 - BlankSpaceAnalyzer - INFO - -> Analyzing version 3.0.0-beta.1 (204/285)...
2025-11-08 04:50:47,255 - BlankSpaceAnalyzer - INFO - -> Analyzing version 3.0.0-beta.10 (205/285)...
2025-11-08 04:50:47,255 - BlankSpaceAnalyzer - INFO - -> Analyzing version 3.0.0-beta.11 (206/285)...
2025-11-08 04:50:47,255 - BlankSpaceAnalyzer - INFO - -> Analyzing version 3.0.0-beta.12 (207/285)...
2025-11-08 04:50:47,256 - BlankSpaceAnalyzer - INFO - -> Analyzing version 3.0.0-beta.14 (208/285)...
2025-11-08 04:50:47,256 - BlankSpaceAnalyzer - INFO - -> Analyzing version 3.0.0-beta.15 (209/285)...
2025-11-08 04:50:47,256 - BlankSpaceAnalyzer - INFO - -> Analyzing version 3.0.0-beta.16 (210/285)...
2025-11-08 04:50:47,257 - BlankSpaceAnalyzer - INFO - -> Analyzing version 3.0.0-beta.17 (211/285)...
2025-11-08 04:50:47,257 - BlankSpaceAnalyzer - INFO - -> Analyzing version 3.0.0-beta.18 (212/285)...
2025-11-08 04:50:47,257 - BlankSpaceAnalyzer - INFO - -> Analyzing version 3.0.0-beta.19 (213/285)...
2025-11-08 04:50:47,257 - BlankSpaceAnalyzer - INFO - -> Analyzing version 3.0.0-beta.2 (214/285)...
2025-11-08 04:50:47,258 - BlankSpaceAnalyzer - INFO - -> Analyzing version 3.0.0-beta.21 (215/285)...
2025-11-08 04:50:47,258 - BlankSpaceAnalyzer - INFO - -> Analyzing version 3.0.0-beta.22 (216/285)...
2025-11-08 04:50:47,258 - BlankSpaceAnalyzer - INFO - -> Analyzing version 3.0.0-beta.23 (217/285)...
2025-11-08 04:50:47,259 - BlankSpaceAnalyzer - INFO - -> Analyzing version 3.0.0-beta.24 (218/285)...
2025-11-08 04:50:47,259 - BlankSpaceAnalyzer - INFO - -> Analyzing version 3.0.0-beta.25 (219/285)...
2025-11-08 04:50:47,259 - BlankSpaceAnalyzer - INFO - -> Analyzing version 3.0.0-beta.26 (220/285)...
2025-11-08 04:50:47,260 - BlankSpaceAnalyzer - INFO - -> Analyzing version 3.0.0-beta.27 (221/285)...
2025-11-08 04:50:47,260 - BlankSpaceAnalyzer - INFO - -> Analyzing version 3.0.0-beta.28 (222/285)...
2025-11-08 04:50:47,261 - BlankSpaceAnalyzer - INFO - -> Analyzing version 3.0.0-beta.29 (223/285)...
2025-11-08 04:50:47,261 - BlankSpaceAnalyzer - INFO - -> Analyzing version 3.0.0-beta.3 (224/285)...
2025-11-08 04:50:47,261 - BlankSpaceAnalyzer - INFO - -> Analyzing version 3.0.0-beta.30 (225/285)...
2025-11-08 04:50:47,262 - BlankSpaceAnalyzer - INFO - -> Analyzing version 3.0.0-beta.4 (226/285)...
2025-11-08 04:50:47,262 - BlankSpaceAnalyzer - INFO - -> Analyzing version 3.0.0-beta.5 (227/285)...
2025-11-08 04:50:47,262 - BlankSpaceAnalyzer - INFO - -> Analyzing version 3.0.0-beta.6 (228/285)...
2025-11-08 04:50:47,263 - BlankSpaceAnalyzer - INFO - -> Analyzing version 3.0.0-beta.7 (229/285)...
2025-11-08 04:50:47,263 - BlankSpaceAnalyzer - INFO - -> Analyzing version 3.0.0-beta.8 (230/285)...
2025-11-08 04:50:47,263 - BlankSpaceAnalyzer - INFO - -> Analyzing version 3.0.0-beta.9 (231/285)...
2025-11-08 04:50:47,264 - BlankSpaceAnalyzer - INFO - -> Analyzing version 3.0.0-next.0 (232/285)...
2025-11-08 04:50:47,308 - BlankSpaceAnalyzer - INFO - -> Analyzing version 3.0.0-next.1 (233/285)...
2025-11-08 04:50:47,308 - BlankSpaceAnalyzer - INFO - -> Analyzing version 3.0.0-next.2 (234/285)...
2025-11-08 04:50:47,308 - BlankSpaceAnalyzer - INFO - -> Analyzing version 3.0.0-next.3 (235/285)...
2025-11-08 04:50:47,309 - BlankSpaceAnalyzer - INFO - -> Analyzing version 3.0.0-next.4 (236/285)...
2025-11-08 04:50:47,309 - BlankSpaceAnalyzer - INFO - -> Analyzing version 3.0.0-next.5 (237/285)...
2025-11-08 04:50:47,309 - BlankSpaceAnalyzer - INFO - -> Analyzing version 3.0.0-next.6 (238/285)...
2025-11-08 04:50:47,310 - BlankSpaceAnalyzer - INFO - -> Analyzing version 3.0.0-next.7 (239/285)...
2025-11-08 04:50:47,310 - BlankSpaceAnalyzer - INFO - -> Analyzing version 3.0.0-next.8 (240/285)...
2025-11-08 04:50:47,310 - BlankSpaceAnalyzer - INFO - -> Analyzing version 3.0.1 (241/285)...
2025-11-08 04:50:47,310 - BlankSpaceAnalyzer - INFO - -> Analyzing version 3.0.2 (242/285)...
2025-11-08 04:50:47,311 - BlankSpaceAnalyzer - INFO - -> Analyzing version 3.0.2-beta.0 (243/285)...
2025-11-08 04:50:47,311 - BlankSpaceAnalyzer - INFO - -> Analyzing version 3.0.3 (244/285)...
2025-11-08 04:50:47,311 - BlankSpaceAnalyzer - INFO - -> Analyzing version 3.0.4 (245/285)...
2025-11-08 04:50:47,311 - BlankSpaceAnalyzer - INFO - -> Analyzing version 3.0.5 (246/285)...
2025-11-08 04:50:47,312 - BlankSpaceAnalyzer - INFO - -> Analyzing version 3.0.6 (247/285)...
2025-11-08 04:50:47,312 - BlankSpaceAnalyzer - INFO - -> Analyzing version 3.0.7 (248/285)...
2025-11-08 04:50:47,312 - BlankSpaceAnalyzer - INFO - -> Analyzing version 3.0.8 (249/285)...
2025-11-08 04:50:47,313 - BlankSpaceAnalyzer - INFO - -> Analyzing version 3.0.9 (250/285)...
2025-11-08 04:50:47,313 - BlankSpaceAnalyzer - INFO - -> Analyzing version 3.1.0 (251/285)...
2025-11-08 04:50:47,313 - BlankSpaceAnalyzer - INFO - -> Analyzing version 3.10.0 (252/285)...
2025-11-08 04:50:47,313 - BlankSpaceAnalyzer - INFO - -> Analyzing version 3.10.1 (253/285)...
2025-11-08 04:50:47,314 - BlankSpaceAnalyzer - INFO - -> Analyzing version 3.10.2 (254/285)...
2025-11-08 04:50:47,314 - BlankSpaceAnalyzer - INFO - -> Analyzing version 3.10.3 (255/285)...
2025-11-08 04:50:47,314 - BlankSpaceAnalyzer - INFO - -> Analyzing version 3.2.0 (256/285)...
2025-11-08 04:50:47,314 - BlankSpaceAnalyzer - INFO - -> Analyzing version 3.2.1 (257/285)...
2025-11-08 04:50:47,315 - BlankSpaceAnalyzer - INFO - -> Analyzing version 3.2.2 (258/285)...
2025-11-08 04:50:47,315 - BlankSpaceAnalyzer - INFO - -> Analyzing version 3.3.0 (259/285)...
2025-11-08 04:50:47,315 - BlankSpaceAnalyzer - INFO - -> Analyzing version 3.3.1 (260/285)...
2025-11-08 04:50:47,315 - BlankSpaceAnalyzer - INFO - -> Analyzing version 3.4.0 (261/285)...
2025-11-08 04:50:47,316 - BlankSpaceAnalyzer - INFO - -> Analyzing version 3.4.1 (262/285)...
2025-11-08 04:50:47,316 - BlankSpaceAnalyzer - INFO - -> Analyzing version 3.4.2 (263/285)...
2025-11-08 04:50:47,316 - BlankSpaceAnalyzer - INFO - -> Analyzing version 3.4.3 (264/285)...
2025-11-08 04:50:47,317 - BlankSpaceAnalyzer - INFO - -> Analyzing version 3.4.4 (265/285)...
2025-11-08 04:50:47,317 - BlankSpaceAnalyzer - INFO - -> Analyzing version 3.4.5 (266/285)...
2025-11-08 04:50:47,317 - BlankSpaceAnalyzer - INFO - -> Analyzing version 3.4.6 (267/285)...
2025-11-08 04:50:47,317 - BlankSpaceAnalyzer - INFO - -> Analyzing version 3.5.0 (268/285)...
2025-11-08 04:50:47,318 - BlankSpaceAnalyzer - INFO - -> Analyzing version 3.5.1 (269/285)...
2025-11-08 04:50:47,318 - BlankSpaceAnalyzer - INFO - -> Analyzing version 3.5.2 (270/285)...
2025-11-08 04:50:47,318 - BlankSpaceAnalyzer - INFO - -> Analyzing version 3.5.3 (271/285)...
2025-11-08 04:50:47,318 - BlankSpaceAnalyzer - INFO - -> Analyzing version 3.6.0 (272/285)...
2025-11-08 04:50:47,319 - BlankSpaceAnalyzer - INFO - -> Analyzing version 3.6.1 (273/285)...
2025-11-08 04:50:47,319 - BlankSpaceAnalyzer - INFO - -> Analyzing version 3.6.2 (274/285)...
2025-11-08 04:50:47,319 - BlankSpaceAnalyzer - INFO - -> Analyzing version 3.6.3 (275/285)...
2025-11-08 04:50:47,319 - BlankSpaceAnalyzer - INFO - -> Analyzing version 3.6.4 (276/285)...
2025-11-08 04:50:47,320 - BlankSpaceAnalyzer - INFO - -> Analyzing version 3.6.5 (277/285)...
2025-11-08 04:50:47,320 - BlankSpaceAnalyzer - INFO - -> Analyzing version 3.6.6 (278/285)...
2025-11-08 04:50:47,320 - BlankSpaceAnalyzer - INFO - -> Analyzing version 3.6.7 (279/285)...
2025-11-08 04:50:47,321 - BlankSpaceAnalyzer - INFO - -> Analyzing version 3.7.0 (280/285)...
2025-11-08 04:50:47,321 - BlankSpaceAnalyzer - INFO - -> Analyzing version 3.7.1 (281/285)...
2025-11-08 04:50:47,321 - BlankSpaceAnalyzer - INFO - -> Analyzing version 3.7.2 (282/285)...
2025-11-08 04:50:47,321 - BlankSpaceAnalyzer - INFO - -> Analyzing version 3.8.0 (283/285)...
2025-11-08 04:50:47,322 - BlankSpaceAnalyzer - INFO - -> Analyzing version 3.9.0 (284/285)...
2025-11-08 04:50:47,322 - BlankSpaceAnalyzer - INFO - -> Analyzing version 3.9.1 (285/285)...
2025-11-08 04:50:47,322 - BlankSpaceAnalyzer - INFO - Exporting results for '@tiptap/extension-text-align' to CSV...
2025-11-08 04:50:47,597 - BlankSpaceAnalyzer - INFO - Reports saved in: /app/npm_results/@tiptap_extension-text-align
2025-11-08 04:50:47,598 - NPM_Analyzer - INFO - Cleaning temporary folder 'temp/@tiptap_extension-text-align'...
2025-11-08 04:50:47,800 - NPM_Analyzer - INFO - Cleanup completed.
2025-11-08 19:34:36,744 - NPM_Analyzer - INFO - Fetching metadata for '@tiptap/extension-text-align'...
2025-11-08 19:34:37,042 - NPM_Analyzer - INFO - Found 286 versions. Starting download into 'temp/@tiptap_extension-text-align'...
2025-11-08 19:38:51,668 - BlankSpaceAnalyzer - INFO - Analyzing 286 versions for '*.js' in '@tiptap_extension-text-align'.
2025-11-08 19:38:51,668 - BlankSpaceAnalyzer - INFO - -> Analyzing version 1.0.0-alpha.1 (1/286)...
2025-11-08 19:38:51,725 - BlankSpaceAnalyzer - INFO - -> Analyzing version 1.0.0-alpha.2 (2/286)...
2025-11-08 19:38:51,758 - BlankSpaceAnalyzer - INFO - -> Analyzing version 2.0.0 (3/286)...
2025-11-08 19:38:51,792 - BlankSpaceAnalyzer - INFO - -> Analyzing version 2.0.0-alpha.1 (4/286)...
2025-11-08 19:38:51,828 - BlankSpaceAnalyzer - INFO - -> Analyzing version 2.0.0-alpha.10 (5/286)...
2025-11-08 19:38:51,865 - BlankSpaceAnalyzer - INFO - -> Analyzing version 2.0.0-alpha.11 (6/286)...
2025-11-08 19:38:51,902 - BlankSpaceAnalyzer - INFO - -> Analyzing version 2.0.0-alpha.12 (7/286)...
2025-11-08 19:38:51,938 - BlankSpaceAnalyzer - INFO - -> Analyzing version 2.0.0-alpha.2 (8/286)...
2025-11-08 19:38:51,975 - BlankSpaceAnalyzer - INFO - -> Analyzing version 2.0.0-alpha.3 (9/286)...
2025-11-08 19:38:52,012 - BlankSpaceAnalyzer - INFO - -> Analyzing version 2.0.0-alpha.4 (10/286)...
2025-11-08 19:38:52,049 - BlankSpaceAnalyzer - INFO - -> Analyzing version 2.0.0-alpha.5 (11/286)...
2025-11-08 19:38:52,087 - BlankSpaceAnalyzer - INFO - -> Analyzing version 2.0.0-alpha.6 (12/286)...
2025-11-08 19:38:52,124 - BlankSpaceAnalyzer - INFO - -> Analyzing version 2.0.0-alpha.7 (13/286)...
2025-11-08 19:38:52,161 - BlankSpaceAnalyzer - INFO - -> Analyzing version 2.0.0-alpha.8 (14/286)...
2025-11-08 19:38:52,198 - BlankSpaceAnalyzer - INFO - -> Analyzing version 2.0.0-alpha.9 (15/286)...
2025-11-08 19:38:52,235 - BlankSpaceAnalyzer - INFO - -> Analyzing version 2.0.0-beta.1 (16/286)...
2025-11-08 19:38:52,272 - BlankSpaceAnalyzer - INFO - -> Analyzing version 2.0.0-beta.10 (17/286)...
2025-11-08 19:38:52,308 - BlankSpaceAnalyzer - INFO - -> Analyzing version 2.0.0-beta.11 (18/286)...
2025-11-08 19:38:52,347 - BlankSpaceAnalyzer - INFO - -> Analyzing version 2.0.0-beta.12 (19/286)...
2025-11-08 19:38:52,383 - BlankSpaceAnalyzer - INFO - -> Analyzing version 2.0.0-beta.13 (20/286)...
2025-11-08 19:38:52,420 - BlankSpaceAnalyzer - INFO - -> Analyzing version 2.0.0-beta.14 (21/286)...
2025-11-08 19:38:52,456 - BlankSpaceAnalyzer - INFO - -> Analyzing version 2.0.0-beta.15 (22/286)...
2025-11-08 19:38:52,493 - BlankSpaceAnalyzer - INFO - -> Analyzing version 2.0.0-beta.16 (23/286)...
2025-11-08 19:38:52,530 - BlankSpaceAnalyzer - INFO - -> Analyzing version 2.0.0-beta.17 (24/286)...
2025-11-08 19:38:52,566 - BlankSpaceAnalyzer - INFO - -> Analyzing version 2.0.0-beta.18 (25/286)...
2025-11-08 19:38:52,603 - BlankSpaceAnalyzer - INFO - -> Analyzing version 2.0.0-beta.19 (26/286)...
2025-11-08 19:38:52,639 - BlankSpaceAnalyzer - INFO - -> Analyzing version 2.0.0-beta.194 (27/286)...
2025-11-08 19:38:52,677 - BlankSpaceAnalyzer - INFO - -> Analyzing version 2.0.0-beta.195 (28/286)...
2025-11-08 19:38:52,713 - BlankSpaceAnalyzer - INFO - -> Analyzing version 2.0.0-beta.196 (29/286)...
2025-11-08 19:38:52,750 - BlankSpaceAnalyzer - INFO - -> Analyzing version 2.0.0-beta.197 (30/286)...
2025-11-08 19:38:52,786 - BlankSpaceAnalyzer - INFO - -> Analyzing version 2.0.0-beta.198 (31/286)...
2025-11-08 19:38:52,822 - BlankSpaceAnalyzer - INFO - -> Analyzing version 2.0.0-beta.199 (32/286)...
2025-11-08 19:38:52,859 - BlankSpaceAnalyzer - INFO - -> Analyzing version 2.0.0-beta.2 (33/286)...
2025-11-08 19:38:52,897 - BlankSpaceAnalyzer - INFO - -> Analyzing version 2.0.0-beta.20 (34/286)...
2025-11-08 19:38:52,933 - BlankSpaceAnalyzer - INFO - -> Analyzing version 2.0.0-beta.200 (35/286)...
2025-11-08 19:38:52,971 - BlankSpaceAnalyzer - INFO - -> Analyzing version 2.0.0-beta.201 (36/286)...
2025-11-08 19:38:53,007 - BlankSpaceAnalyzer - INFO - -> Analyzing version 2.0.0-beta.202 (37/286)...
2025-11-08 19:38:53,044 - BlankSpaceAnalyzer - INFO - -> Analyzing version 2.0.0-beta.203 (38/286)...
2025-11-08 19:38:53,044 - BlankSpaceAnalyzer - INFO - -> Analyzing version 2.0.0-beta.204 (39/286)...
2025-11-08 19:38:53,081 - BlankSpaceAnalyzer - INFO - -> Analyzing version 2.0.0-beta.205 (40/286)...
2025-11-08 19:38:53,117 - BlankSpaceAnalyzer - INFO - -> Analyzing version 2.0.0-beta.206 (41/286)...
2025-11-08 19:38:53,154 - BlankSpaceAnalyzer - INFO - -> Analyzing version 2.0.0-beta.207 (42/286)...
2025-11-08 19:38:53,191 - BlankSpaceAnalyzer - INFO - -> Analyzing version 2.0.0-beta.208 (43/286)...
2025-11-08 19:38:53,228 - BlankSpaceAnalyzer - INFO - -> Analyzing version 2.0.0-beta.209 (44/286)...
2025-11-08 19:38:53,264 - BlankSpaceAnalyzer - INFO - -> Analyzing version 2.0.0-beta.21 (45/286)...
2025-11-08 19:38:53,301 - BlankSpaceAnalyzer - INFO - -> Analyzing version 2.0.0-beta.210 (46/286)...
2025-11-08 19:38:53,301 - BlankSpaceAnalyzer - INFO - -> Analyzing version 2.0.0-beta.211 (47/286)...
2025-11-08 19:38:53,302 - BlankSpaceAnalyzer - INFO - -> Analyzing version 2.0.0-beta.212 (48/286)...
2025-11-08 19:38:53,302 - BlankSpaceAnalyzer - INFO - -> Analyzing version 2.0.0-beta.213 (49/286)...
2025-11-08 19:38:53,302 - BlankSpaceAnalyzer - INFO - -> Analyzing version 2.0.0-beta.214 (50/286)...
2025-11-08 19:38:53,338 - BlankSpaceAnalyzer - INFO - -> Analyzing version 2.0.0-beta.215 (51/286)...
2025-11-08 19:38:53,375 - BlankSpaceAnalyzer - INFO - -> Analyzing version 2.0.0-beta.216 (52/286)...
2025-11-08 19:38:53,411 - BlankSpaceAnalyzer - INFO - -> Analyzing version 2.0.0-beta.217 (53/286)...
2025-11-08 19:38:53,448 - BlankSpaceAnalyzer - INFO - -> Analyzing version 2.0.0-beta.218 (54/286)...
2025-11-08 19:38:53,484 - BlankSpaceAnalyzer - INFO - -> Analyzing version 2.0.0-beta.219 (55/286)...
2025-11-08 19:38:53,521 - BlankSpaceAnalyzer - INFO - -> Analyzing version 2.0.0-beta.22 (56/286)...
2025-11-08 19:38:53,559 - BlankSpaceAnalyzer - INFO - -> Analyzing version 2.0.0-beta.220 (57/286)...
2025-11-08 19:38:53,596 - BlankSpaceAnalyzer - INFO - -> Analyzing version 2.0.0-beta.23 (58/286)...
2025-11-08 19:38:53,634 - BlankSpaceAnalyzer - INFO - -> Analyzing version 2.0.0-beta.24 (59/286)...
2025-11-08 19:38:53,670 - BlankSpaceAnalyzer - INFO - -> Analyzing version 2.0.0-beta.25 (60/286)...
2025-11-08 19:38:53,707 - BlankSpaceAnalyzer - INFO - -> Analyzing version 2.0.0-beta.27 (61/286)...
2025-11-08 19:38:53,707 - BlankSpaceAnalyzer - INFO - -> Analyzing version 2.0.0-beta.28 (62/286)...
2025-11-08 19:38:53,744 - BlankSpaceAnalyzer - INFO - -> Analyzing version 2.0.0-beta.29 (63/286)...
2025-11-08 19:38:53,781 - BlankSpaceAnalyzer - INFO - -> Analyzing version 2.0.0-beta.3 (64/286)...
2025-11-08 19:38:53,818 - BlankSpaceAnalyzer - INFO - -> Analyzing version 2.0.0-beta.31 (65/286)...
2025-11-08 19:38:53,855 - BlankSpaceAnalyzer - INFO - -> Analyzing version 2.0.0-beta.4 (66/286)...
2025-11-08 19:38:53,892 - BlankSpaceAnalyzer - INFO - -> Analyzing version 2.0.0-beta.5 (67/286)...
2025-11-08 19:38:53,929 - BlankSpaceAnalyzer - INFO - -> Analyzing version 2.0.0-beta.6 (68/286)...
2025-11-08 19:38:53,966 - BlankSpaceAnalyzer - INFO - -> Analyzing version 2.0.0-beta.7 (69/286)...
2025-11-08 19:38:54,003 - BlankSpaceAnalyzer - INFO - -> Analyzing version 2.0.0-beta.8 (70/286)...
2025-11-08 19:38:54,041 - BlankSpaceAnalyzer - INFO - -> Analyzing version 2.0.0-beta.9 (71/286)...
2025-11-08 19:38:54,077 - BlankSpaceAnalyzer - INFO - -> Analyzing version 2.0.0-rc.1 (72/286)...
2025-11-08 19:38:54,114 - BlankSpaceAnalyzer - INFO - -> Analyzing version 2.0.0-rc.2 (73/286)...
2025-11-08 19:38:54,151 - BlankSpaceAnalyzer - INFO - -> Analyzing version 2.0.0-rc.3 (74/286)...
2025-11-08 19:38:54,187 - BlankSpaceAnalyzer - INFO - -> Analyzing version 2.0.1 (75/286)...
2025-11-08 19:38:54,224 - BlankSpaceAnalyzer - INFO - -> Analyzing version 2.0.2 (76/286)...
2025-11-08 19:38:54,261 - BlankSpaceAnalyzer - INFO - -> Analyzing version 2.0.3 (77/286)...
2025-11-08 19:38:54,298 - BlankSpaceAnalyzer - INFO - -> Analyzing version 2.0.4 (78/286)...
2025-11-08 19:38:54,336 - BlankSpaceAnalyzer - INFO - -> Analyzing version 2.1.0 (79/286)...
2025-11-08 19:38:54,372 - BlankSpaceAnalyzer - INFO - -> Analyzing version 2.1.0-rc.0 (80/286)...
2025-11-08 19:38:54,408 - BlankSpaceAnalyzer - INFO - -> Analyzing version 2.1.0-rc.1 (81/286)...
2025-11-08 19:38:54,446 - BlankSpaceAnalyzer - INFO - -> Analyzing version 2.1.0-rc.10 (82/286)...
2025-11-08 19:38:54,482 - BlankSpaceAnalyzer - INFO - -> Analyzing version 2.1.0-rc.11 (83/286)...
2025-11-08 19:38:54,519 - BlankSpaceAnalyzer - INFO - -> Analyzing version 2.1.0-rc.12 (84/286)...
2025-11-08 19:38:54,556 - BlankSpaceAnalyzer - INFO - -> Analyzing version 2.1.0-rc.13 (85/286)...
2025-11-08 19:38:54,592 - BlankSpaceAnalyzer - INFO - -> Analyzing version 2.1.0-rc.14 (86/286)...
2025-11-08 19:38:54,628 - BlankSpaceAnalyzer - INFO - -> Analyzing version 2.1.0-rc.2 (87/286)...
2025-11-08 19:38:54,667 - BlankSpaceAnalyzer - INFO - -> Analyzing version 2.1.0-rc.3 (88/286)...
2025-11-08 19:38:54,702 - BlankSpaceAnalyzer - INFO - -> Analyzing version 2.1.0-rc.4 (89/286)...
2025-11-08 19:38:54,739 - BlankSpaceAnalyzer - INFO - -> Analyzing version 2.1.0-rc.5 (90/286)...
2025-11-08 19:38:54,775 - BlankSpaceAnalyzer - INFO - -> Analyzing version 2.1.0-rc.8 (91/286)...
2025-11-08 19:38:54,812 - BlankSpaceAnalyzer - INFO - -> Analyzing version 2.1.0-rc.9 (92/286)...
2025-11-08 19:38:54,849 - BlankSpaceAnalyzer - INFO - -> Analyzing version 2.1.1 (93/286)...
2025-11-08 19:38:54,886 - BlankSpaceAnalyzer - INFO - -> Analyzing version 2.1.10 (94/286)...
2025-11-08 19:38:54,922 - BlankSpaceAnalyzer - INFO - -> Analyzing version 2.1.11 (95/286)...
2025-11-08 19:38:54,958 - BlankSpaceAnalyzer - INFO - -> Analyzing version 2.1.12 (96/286)...
2025-11-08 19:38:54,996 - BlankSpaceAnalyzer - INFO - -> Analyzing version 2.1.13 (97/286)...
2025-11-08 19:38:55,032 - BlankSpaceAnalyzer - INFO - -> Analyzing version 2.1.14 (98/286)...
2025-11-08 19:38:55,069 - BlankSpaceAnalyzer - INFO - -> Analyzing version 2.1.15 (99/286)...
2025-11-08 19:38:55,106 - BlankSpaceAnalyzer - INFO - -> Analyzing version 2.1.16 (100/286)...
2025-11-08 19:38:55,143 - BlankSpaceAnalyzer - INFO - -> Analyzing version 2.1.2 (101/286)...
2025-11-08 19:38:55,180 - BlankSpaceAnalyzer - INFO - -> Analyzing version 2.1.3 (102/286)...
2025-11-08 19:38:55,216 - BlankSpaceAnalyzer - INFO - -> Analyzing version 2.1.4 (103/286)...
2025-11-08 19:38:55,253 - BlankSpaceAnalyzer - INFO - -> Analyzing version 2.1.6 (104/286)...
2025-11-08 19:38:55,289 - BlankSpaceAnalyzer - INFO - -> Analyzing version 2.1.7 (105/286)...
2025-11-08 19:38:55,326 - BlankSpaceAnalyzer - INFO - -> Analyzing version 2.1.8 (106/286)...
2025-11-08 19:38:55,362 - BlankSpaceAnalyzer - INFO - -> Analyzing version 2.1.9 (107/286)...
2025-11-08 19:38:55,398 - BlankSpaceAnalyzer - INFO - -> Analyzing version 2.10.0 (108/286)...
2025-11-08 19:38:55,435 - BlankSpaceAnalyzer - INFO - -> Analyzing version 2.10.1 (109/286)...
2025-11-08 19:38:55,471 - BlankSpaceAnalyzer - INFO - -> Analyzing version 2.10.2 (110/286)...
2025-11-08 19:38:55,508 - BlankSpaceAnalyzer - INFO - -> Analyzing version 2.10.3 (111/286)...
2025-11-08 19:38:55,544 - BlankSpaceAnalyzer - INFO - -> Analyzing version 2.10.4 (112/286)...
2025-11-08 19:38:55,580 - BlankSpaceAnalyzer - INFO - -> Analyzing version 2.11.0 (113/286)...
2025-11-08 19:38:55,616 - BlankSpaceAnalyzer - INFO - -> Analyzing version 2.11.1 (114/286)...
2025-11-08 19:38:55,653 - BlankSpaceAnalyzer - INFO - -> Analyzing version 2.11.2 (115/286)...
2025-11-08 19:38:55,689 - BlankSpaceAnalyzer - INFO - -> Analyzing version 2.11.3 (116/286)...
2025-11-08 19:38:55,726 - BlankSpaceAnalyzer - INFO - -> Analyzing version 2.11.4 (117/286)...
2025-11-08 19:38:55,762 - BlankSpaceAnalyzer - INFO - -> Analyzing version 2.11.5 (118/286)...
2025-11-08 19:38:55,798 - BlankSpaceAnalyzer - INFO - -> Analyzing version 2.11.6 (119/286)...
2025-11-08 19:38:55,835 - BlankSpaceAnalyzer - INFO - -> Analyzing version 2.11.7 (120/286)...
2025-11-08 19:38:55,871 - BlankSpaceAnalyzer - INFO - -> Analyzing version 2.11.9 (121/286)...
2025-11-08 19:38:55,907 - BlankSpaceAnalyzer - INFO - -> Analyzing version 2.12.0 (122/286)...
2025-11-08 19:38:55,944 - BlankSpaceAnalyzer - INFO - -> Analyzing version 2.13.0 (123/286)...
2025-11-08 19:38:55,980 - BlankSpaceAnalyzer - INFO - -> Analyzing version 2.14.0 (124/286)...
2025-11-08 19:38:56,017 - BlankSpaceAnalyzer - INFO - -> Analyzing version 2.14.1 (125/286)...
2025-11-08 19:38:56,053 - BlankSpaceAnalyzer - INFO - -> Analyzing version 2.2.0 (126/286)...
2025-11-08 19:38:56,090 - BlankSpaceAnalyzer - INFO - -> Analyzing version 2.2.0-rc.3 (127/286)...
2025-11-08 19:38:56,126 - BlankSpaceAnalyzer - INFO - -> Analyzing version 2.2.0-rc.4 (128/286)...
2025-11-08 19:38:56,163 - BlankSpaceAnalyzer - INFO - -> Analyzing version 2.2.0-rc.5 (129/286)...
2025-11-08 19:38:56,199 - BlankSpaceAnalyzer - INFO - -> Analyzing version 2.2.0-rc.6 (130/286)...
2025-11-08 19:38:56,236 - BlankSpaceAnalyzer - INFO - -> Analyzing version 2.2.0-rc.7 (131/286)...
2025-11-08 19:38:56,273 - BlankSpaceAnalyzer - INFO - -> Analyzing version 2.2.0-rc.8 (132/286)...
2025-11-08 19:38:56,311 - BlankSpaceAnalyzer - INFO - -> Analyzing version 2.2.1 (133/286)...
2025-11-08 19:38:56,349 - BlankSpaceAnalyzer - INFO - -> Analyzing version 2.2.2 (134/286)...
2025-11-08 19:38:56,385 - BlankSpaceAnalyzer - INFO - -> Analyzing version 2.2.3 (135/286)...
2025-11-08 19:38:56,422 - BlankSpaceAnalyzer - INFO - -> Analyzing version 2.2.4 (136/286)...
2025-11-08 19:38:56,459 - BlankSpaceAnalyzer - INFO - -> Analyzing version 2.2.5 (137/286)...
2025-11-08 19:38:56,496 - BlankSpaceAnalyzer - INFO - -> Analyzing version 2.2.6 (138/286)...
2025-11-08 19:38:56,532 - BlankSpaceAnalyzer - INFO - -> Analyzing version 2.22.0 (139/286)...
2025-11-08 19:38:56,568 - BlankSpaceAnalyzer - INFO - -> Analyzing version 2.22.1 (140/286)...
2025-11-08 19:38:56,605 - BlankSpaceAnalyzer - INFO - -> Analyzing version 2.22.2 (141/286)...
2025-11-08 19:38:56,641 - BlankSpaceAnalyzer - INFO - -> Analyzing version 2.22.3 (142/286)...
2025-11-08 19:38:56,678 - BlankSpaceAnalyzer - INFO - -> Analyzing version 2.23.0 (143/286)...
2025-11-08 19:38:56,715 - BlankSpaceAnalyzer - INFO - -> Analyzing version 2.23.1 (144/286)...
2025-11-08 19:38:56,752 - BlankSpaceAnalyzer - INFO - -> Analyzing version 2.24.0 (145/286)...
2025-11-08 19:38:56,789 - BlankSpaceAnalyzer - INFO - -> Analyzing version 2.24.1 (146/286)...
2025-11-08 19:38:56,825 - BlankSpaceAnalyzer - INFO - -> Analyzing version 2.24.2 (147/286)...
2025-11-08 19:38:56,862 - BlankSpaceAnalyzer - INFO - -> Analyzing version 2.25.0 (148/286)...
2025-11-08 19:38:56,899 - BlankSpaceAnalyzer - INFO - -> Analyzing version 2.25.1 (149/286)...
2025-11-08 19:38:56,935 - BlankSpaceAnalyzer - INFO - -> Analyzing version 2.26.0 (150/286)...
2025-11-08 19:38:56,972 - BlankSpaceAnalyzer - INFO - -> Analyzing version 2.26.1 (151/286)...
2025-11-08 19:38:57,009 - BlankSpaceAnalyzer - INFO - -> Analyzing version 2.26.2 (152/286)...
2025-11-08 19:38:57,046 - BlankSpaceAnalyzer - INFO - -> Analyzing version 2.26.3 (153/286)...
2025-11-08 19:38:57,083 - BlankSpaceAnalyzer - INFO - -> Analyzing version 2.26.4 (154/286)...
2025-11-08 19:38:57,120 - BlankSpaceAnalyzer - INFO - -> Analyzing version 2.27.0 (155/286)...
2025-11-08 19:38:57,156 - BlankSpaceAnalyzer - INFO - -> Analyzing version 2.27.1 (156/286)...
2025-11-08 19:38:57,192 - BlankSpaceAnalyzer - INFO - -> Analyzing version 2.3.0 (157/286)...
2025-11-08 19:38:57,230 - BlankSpaceAnalyzer - INFO - -> Analyzing version 2.3.1 (158/286)...
2025-11-08 19:38:57,266 - BlankSpaceAnalyzer - INFO - -> Analyzing version 2.3.2 (159/286)...
2025-11-08 19:38:57,302 - BlankSpaceAnalyzer - INFO - -> Analyzing version 2.4.0 (160/286)...
2025-11-08 19:38:57,339 - BlankSpaceAnalyzer - INFO - -> Analyzing version 2.5.0 (161/286)...
2025-11-08 19:38:57,377 - BlankSpaceAnalyzer - INFO - -> Analyzing version 2.5.0-beta.0 (162/286)...
2025-11-08 19:38:57,413 - BlankSpaceAnalyzer - INFO - -> Analyzing version 2.5.0-beta.1 (163/286)...
2025-11-08 19:38:57,450 - BlankSpaceAnalyzer - INFO - -> Analyzing version 2.5.0-beta.2 (164/286)...
2025-11-08 19:38:57,486 - BlankSpaceAnalyzer - INFO - -> Analyzing version 2.5.0-beta.3 (165/286)...
2025-11-08 19:38:57,524 - BlankSpaceAnalyzer - INFO - -> Analyzing version 2.5.0-beta.4 (166/286)...
2025-11-08 19:38:57,561 - BlankSpaceAnalyzer - INFO - -> Analyzing version 2.5.0-beta.5 (167/286)...
2025-11-08 19:38:57,598 - BlankSpaceAnalyzer - INFO - -> Analyzing version 2.5.0-beta.6 (168/286)...
2025-11-08 19:38:57,636 - BlankSpaceAnalyzer - INFO - -> Analyzing version 2.5.0-pre.10 (169/286)...
2025-11-08 19:38:57,672 - BlankSpaceAnalyzer - INFO - -> Analyzing version 2.5.0-pre.11 (170/286)...
2025-11-08 19:38:57,709 - BlankSpaceAnalyzer - INFO - -> Analyzing version 2.5.0-pre.13 (171/286)...
2025-11-08 19:38:57,746 - BlankSpaceAnalyzer - INFO - -> Analyzing version 2.5.0-pre.14 (172/286)...
2025-11-08 19:38:57,784 - BlankSpaceAnalyzer - INFO - -> Analyzing version 2.5.0-pre.15 (173/286)...
2025-11-08 19:38:57,821 - BlankSpaceAnalyzer - INFO - -> Analyzing version 2.5.0-pre.16 (174/286)...
2025-11-08 19:38:57,859 - BlankSpaceAnalyzer - INFO - -> Analyzing version 2.5.0-pre.8 (175/286)...
2025-11-08 19:38:57,896 - BlankSpaceAnalyzer - INFO - -> Analyzing version 2.5.0-pre.9 (176/286)...
2025-11-08 19:38:57,933 - BlankSpaceAnalyzer - INFO - -> Analyzing version 2.5.1 (177/286)...
2025-11-08 19:38:57,970 - BlankSpaceAnalyzer - INFO - -> Analyzing version 2.5.2 (178/286)...
2025-11-08 19:38:58,007 - BlankSpaceAnalyzer - INFO - -> Analyzing version 2.5.3 (179/286)...
2025-11-08 19:38:58,045 - BlankSpaceAnalyzer - INFO - -> Analyzing version 2.5.4 (180/286)...
2025-11-08 19:38:58,082 - BlankSpaceAnalyzer - INFO - -> Analyzing version 2.5.5 (181/286)...
2025-11-08 19:38:58,119 - BlankSpaceAnalyzer - INFO - -> Analyzing version 2.5.6 (182/286)...
2025-11-08 19:38:58,156 - BlankSpaceAnalyzer - INFO - -> Analyzing version 2.5.7 (183/286)...
2025-11-08 19:38:58,194 - BlankSpaceAnalyzer - INFO - -> Analyzing version 2.5.8 (184/286)...
2025-11-08 19:38:58,231 - BlankSpaceAnalyzer - INFO - -> Analyzing version 2.5.9 (185/286)...
2025-11-08 19:38:58,268 - BlankSpaceAnalyzer - INFO - -> Analyzing version 2.6.0 (186/286)...
2025-11-08 19:38:58,305 - BlankSpaceAnalyzer - INFO - -> Analyzing version 2.6.1 (187/286)...
2025-11-08 19:38:58,342 - BlankSpaceAnalyzer - INFO - -> Analyzing version 2.6.2 (188/286)...
2025-11-08 19:38:58,379 - BlankSpaceAnalyzer - INFO - -> Analyzing version 2.6.3 (189/286)...
2025-11-08 19:38:58,416 - BlankSpaceAnalyzer - INFO - -> Analyzing version 2.6.4 (190/286)...
2025-11-08 19:38:58,454 - BlankSpaceAnalyzer - INFO - -> Analyzing version 2.6.5 (191/286)...
2025-11-08 19:38:58,491 - BlankSpaceAnalyzer - INFO - -> Analyzing version 2.6.6 (192/286)...
2025-11-08 19:38:58,528 - BlankSpaceAnalyzer - INFO - -> Analyzing version 2.7.0 (193/286)...
2025-11-08 19:38:58,565 - BlankSpaceAnalyzer - INFO - -> Analyzing version 2.7.0-pre.0 (194/286)...
2025-11-08 19:38:58,602 - BlankSpaceAnalyzer - INFO - -> Analyzing version 2.7.1 (195/286)...
2025-11-08 19:38:58,639 - BlankSpaceAnalyzer - INFO - -> Analyzing version 2.7.2 (196/286)...
2025-11-08 19:38:58,677 - BlankSpaceAnalyzer - INFO - -> Analyzing version 2.7.3 (197/286)...
2025-11-08 19:38:58,714 - BlankSpaceAnalyzer - INFO - -> Analyzing version 2.7.4 (198/286)...
2025-11-08 19:38:58,751 - BlankSpaceAnalyzer - INFO - -> Analyzing version 2.8.0 (199/286)...
2025-11-08 19:38:58,788 - BlankSpaceAnalyzer - INFO - -> Analyzing version 2.9.0 (200/286)...
2025-11-08 19:38:58,825 - BlankSpaceAnalyzer - INFO - -> Analyzing version 2.9.1 (201/286)...
2025-11-08 19:38:58,862 - BlankSpaceAnalyzer - INFO - -> Analyzing version 3.0.0 (202/286)...
2025-11-08 19:38:58,900 - BlankSpaceAnalyzer - INFO - -> Analyzing version 3.0.0-beta.0 (203/286)...
2025-11-08 19:38:58,901 - BlankSpaceAnalyzer - INFO - -> Analyzing version 3.0.0-beta.1 (204/286)...
2025-11-08 19:38:58,901 - BlankSpaceAnalyzer - INFO - -> Analyzing version 3.0.0-beta.10 (205/286)...
2025-11-08 19:38:58,902 - BlankSpaceAnalyzer - INFO - -> Analyzing version 3.0.0-beta.11 (206/286)...
2025-11-08 19:38:58,902 - BlankSpaceAnalyzer - INFO - -> Analyzing version 3.0.0-beta.12 (207/286)...
2025-11-08 19:38:58,902 - BlankSpaceAnalyzer - INFO - -> Analyzing version 3.0.0-beta.14 (208/286)...
2025-11-08 19:38:58,903 - BlankSpaceAnalyzer - INFO - -> Analyzing version 3.0.0-beta.15 (209/286)...
2025-11-08 19:38:58,903 - BlankSpaceAnalyzer - INFO - -> Analyzing version 3.0.0-beta.16 (210/286)...
2025-11-08 19:38:58,903 - BlankSpaceAnalyzer - INFO - -> Analyzing version 3.0.0-beta.17 (211/286)...
2025-11-08 19:38:58,904 - BlankSpaceAnalyzer - INFO - -> Analyzing version 3.0.0-beta.18 (212/286)...
2025-11-08 19:38:58,904 - BlankSpaceAnalyzer - INFO - -> Analyzing version 3.0.0-beta.19 (213/286)...
2025-11-08 19:38:58,905 - BlankSpaceAnalyzer - INFO - -> Analyzing version 3.0.0-beta.2 (214/286)...
2025-11-08 19:38:58,905 - BlankSpaceAnalyzer - INFO - -> Analyzing version 3.0.0-beta.21 (215/286)...
2025-11-08 19:38:58,905 - BlankSpaceAnalyzer - INFO - -> Analyzing version 3.0.0-beta.22 (216/286)...
2025-11-08 19:38:58,906 - BlankSpaceAnalyzer - INFO - -> Analyzing version 3.0.0-beta.23 (217/286)...
2025-11-08 19:38:58,906 - BlankSpaceAnalyzer - INFO - -> Analyzing version 3.0.0-beta.24 (218/286)...
2025-11-08 19:38:58,906 - BlankSpaceAnalyzer - INFO - -> Analyzing version 3.0.0-beta.25 (219/286)...
2025-11-08 19:38:58,907 - BlankSpaceAnalyzer - INFO - -> Analyzing version 3.0.0-beta.26 (220/286)...
2025-11-08 19:38:58,907 - BlankSpaceAnalyzer - INFO - -> Analyzing version 3.0.0-beta.27 (221/286)...
2025-11-08 19:38:58,907 - BlankSpaceAnalyzer - INFO - -> Analyzing version 3.0.0-beta.28 (222/286)...
2025-11-08 19:38:58,908 - BlankSpaceAnalyzer - INFO - -> Analyzing version 3.0.0-beta.29 (223/286)...
2025-11-08 19:38:58,908 - BlankSpaceAnalyzer - INFO - -> Analyzing version 3.0.0-beta.3 (224/286)...
2025-11-08 19:38:58,908 - BlankSpaceAnalyzer - INFO - -> Analyzing version 3.0.0-beta.30 (225/286)...
2025-11-08 19:38:58,909 - BlankSpaceAnalyzer - INFO - -> Analyzing version 3.0.0-beta.4 (226/286)...
2025-11-08 19:38:58,909 - BlankSpaceAnalyzer - INFO - -> Analyzing version 3.0.0-beta.5 (227/286)...
2025-11-08 19:38:58,909 - BlankSpaceAnalyzer - INFO - -> Analyzing version 3.0.0-beta.6 (228/286)...
2025-11-08 19:38:58,910 - BlankSpaceAnalyzer - INFO - -> Analyzing version 3.0.0-beta.7 (229/286)...
2025-11-08 19:38:58,910 - BlankSpaceAnalyzer - INFO - -> Analyzing version 3.0.0-beta.8 (230/286)...
2025-11-08 19:38:58,910 - BlankSpaceAnalyzer - INFO - -> Analyzing version 3.0.0-beta.9 (231/286)...
2025-11-08 19:38:58,911 - BlankSpaceAnalyzer - INFO - -> Analyzing version 3.0.0-next.0 (232/286)...
2025-11-08 19:38:58,949 - BlankSpaceAnalyzer - INFO - -> Analyzing version 3.0.0-next.1 (233/286)...
2025-11-08 19:38:58,950 - BlankSpaceAnalyzer - INFO - -> Analyzing version 3.0.0-next.2 (234/286)...
2025-11-08 19:38:58,950 - BlankSpaceAnalyzer - INFO - -> Analyzing version 3.0.0-next.3 (235/286)...
2025-11-08 19:38:58,951 - BlankSpaceAnalyzer - INFO - -> Analyzing version 3.0.0-next.4 (236/286)...
2025-11-08 19:38:58,951 - BlankSpaceAnalyzer - INFO - -> Analyzing version 3.0.0-next.5 (237/286)...
2025-11-08 19:38:58,951 - BlankSpaceAnalyzer - INFO - -> Analyzing version 3.0.0-next.6 (238/286)...
2025-11-08 19:38:58,952 - BlankSpaceAnalyzer - INFO - -> Analyzing version 3.0.0-next.7 (239/286)...
2025-11-08 19:38:58,952 - BlankSpaceAnalyzer - INFO - -> Analyzing version 3.0.0-next.8 (240/286)...
2025-11-08 19:38:58,952 - BlankSpaceAnalyzer - INFO - -> Analyzing version 3.0.1 (241/286)...
2025-11-08 19:38:58,953 - BlankSpaceAnalyzer - INFO - -> Analyzing version 3.0.2 (242/286)...
2025-11-08 19:38:58,953 - BlankSpaceAnalyzer - INFO - -> Analyzing version 3.0.2-beta.0 (243/286)...
2025-11-08 19:38:58,953 - BlankSpaceAnalyzer - INFO - -> Analyzing version 3.0.3 (244/286)...
2025-11-08 19:38:58,954 - BlankSpaceAnalyzer - INFO - -> Analyzing version 3.0.4 (245/286)...
2025-11-08 19:38:58,954 - BlankSpaceAnalyzer - INFO - -> Analyzing version 3.0.5 (246/286)...
2025-11-08 19:38:58,954 - BlankSpaceAnalyzer - INFO - -> Analyzing version 3.0.6 (247/286)...
2025-11-08 19:38:58,955 - BlankSpaceAnalyzer - INFO - -> Analyzing version 3.0.7 (248/286)...
2025-11-08 19:38:58,955 - BlankSpaceAnalyzer - INFO - -> Analyzing version 3.0.8 (249/286)...
2025-11-08 19:38:58,955 - BlankSpaceAnalyzer - INFO - -> Analyzing version 3.0.9 (250/286)...
2025-11-08 19:38:58,955 - BlankSpaceAnalyzer - INFO - -> Analyzing version 3.1.0 (251/286)...
2025-11-08 19:38:58,956 - BlankSpaceAnalyzer - INFO - -> Analyzing version 3.10.0 (252/286)...
2025-11-08 19:38:58,956 - BlankSpaceAnalyzer - INFO - -> Analyzing version 3.10.1 (253/286)...
2025-11-08 19:38:58,956 - BlankSpaceAnalyzer - INFO - -> Analyzing version 3.10.2 (254/286)...
2025-11-08 19:38:58,957 - BlankSpaceAnalyzer - INFO - -> Analyzing version 3.10.3 (255/286)...
2025-11-08 19:38:58,957 - BlankSpaceAnalyzer - INFO - -> Analyzing version 3.10.4 (256/286)...
2025-11-08 19:38:58,957 - BlankSpaceAnalyzer - INFO - -> Analyzing version 3.2.0 (257/286)...
2025-11-08 19:38:58,958 - BlankSpaceAnalyzer - INFO - -> Analyzing version 3.2.1 (258/286)...
2025-11-08 19:38:58,958 - BlankSpaceAnalyzer - INFO - -> Analyzing version 3.2.2 (259/286)...
2025-11-08 19:38:58,958 - BlankSpaceAnalyzer - INFO - -> Analyzing version 3.3.0 (260/286)...
2025-11-08 19:38:58,958 - BlankSpaceAnalyzer - INFO - -> Analyzing version 3.3.1 (261/286)...
2025-11-08 19:38:58,959 - BlankSpaceAnalyzer - INFO - -> Analyzing version 3.4.0 (262/286)...
2025-11-08 19:38:58,959 - BlankSpaceAnalyzer - INFO - -> Analyzing version 3.4.1 (263/286)...
2025-11-08 19:38:58,959 - BlankSpaceAnalyzer - INFO - -> Analyzing version 3.4.2 (264/286)...
2025-11-08 19:38:58,960 - BlankSpaceAnalyzer - INFO - -> Analyzing version 3.4.3 (265/286)...
2025-11-08 19:38:58,960 - BlankSpaceAnalyzer - INFO - -> Analyzing version 3.4.4 (266/286)...
2025-11-08 19:38:58,960 - BlankSpaceAnalyzer - INFO - -> Analyzing version 3.4.5 (267/286)...
2025-11-08 19:38:58,960 - BlankSpaceAnalyzer - INFO - -> Analyzing version 3.4.6 (268/286)...
2025-11-08 19:38:58,961 - BlankSpaceAnalyzer - INFO - -> Analyzing version 3.5.0 (269/286)...
2025-11-08 19:38:58,961 - BlankSpaceAnalyzer - INFO - -> Analyzing version 3.5.1 (270/286)...
2025-11-08 19:38:58,961 - BlankSpaceAnalyzer - INFO - -> Analyzing version 3.5.2 (271/286)...
2025-11-08 19:38:58,962 - BlankSpaceAnalyzer - INFO - -> Analyzing version 3.5.3 (272/286)...
2025-11-08 19:38:58,962 - BlankSpaceAnalyzer - INFO - -> Analyzing version 3.6.0 (273/286)...
2025-11-08 19:38:58,962 - BlankSpaceAnalyzer - INFO - -> Analyzing version 3.6.1 (274/286)...
2025-11-08 19:38:58,963 - BlankSpaceAnalyzer - INFO - -> Analyzing version 3.6.2 (275/286)...
2025-11-08 19:38:58,963 - BlankSpaceAnalyzer - INFO - -> Analyzing version 3.6.3 (276/286)...
2025-11-08 19:38:58,963 - BlankSpaceAnalyzer - INFO - -> Analyzing version 3.6.4 (277/286)...
2025-11-08 19:38:58,964 - BlankSpaceAnalyzer - INFO - -> Analyzing version 3.6.5 (278/286)...
2025-11-08 19:38:58,964 - BlankSpaceAnalyzer - INFO - -> Analyzing version 3.6.6 (279/286)...
2025-11-08 19:38:58,964 - BlankSpaceAnalyzer - INFO - -> Analyzing version 3.6.7 (280/286)...
2025-11-08 19:38:58,965 - BlankSpaceAnalyzer - INFO - -> Analyzing version 3.7.0 (281/286)...
2025-11-08 19:38:58,965 - BlankSpaceAnalyzer - INFO - -> Analyzing version 3.7.1 (282/286)...
2025-11-08 19:38:58,965 - BlankSpaceAnalyzer - INFO - -> Analyzing version 3.7.2 (283/286)...
2025-11-08 19:38:58,966 - BlankSpaceAnalyzer - INFO - -> Analyzing version 3.8.0 (284/286)...
2025-11-08 19:38:58,966 - BlankSpaceAnalyzer - INFO - -> Analyzing version 3.9.0 (285/286)...
2025-11-08 19:38:58,966 - BlankSpaceAnalyzer - INFO - -> Analyzing version 3.9.1 (286/286)...
2025-11-08 19:38:58,967 - BlankSpaceAnalyzer - INFO - Exporting results for '@tiptap/extension-text-align' to CSV...
2025-11-08 19:38:59,266 - BlankSpaceAnalyzer - INFO - Reports saved in: /app/npm_results/@tiptap_extension-text-align
2025-11-08 19:38:59,266 - NPM_Analyzer - INFO - Cleaning temporary folder 'temp/@tiptap_extension-text-align'...
2025-11-08 19:38:59,467 - NPM_Analyzer - INFO - Cleanup completed.
2025-11-09 06:03:01,473 - NPM_Analyzer - INFO - Fetching metadata for '@tiptap/extension-text-align'...
2025-11-09 06:03:01,607 - NPM_Analyzer - INFO - Found 286 versions. Starting download into 'temp/@tiptap_extension-text-align'...
2025-11-09 06:07:10,030 - BlankSpaceAnalyzer - INFO - Analyzing 286 versions for '*.js' in '@tiptap_extension-text-align'.
2025-11-09 06:07:10,030 - BlankSpaceAnalyzer - INFO - -> Analyzing version 1.0.0-alpha.1 (1/286)...
2025-11-09 06:07:10,086 - BlankSpaceAnalyzer - INFO - -> Analyzing version 1.0.0-alpha.2 (2/286)...
2025-11-09 06:07:10,117 - BlankSpaceAnalyzer - INFO - -> Analyzing version 2.0.0 (3/286)...
2025-11-09 06:07:10,150 - BlankSpaceAnalyzer - INFO - -> Analyzing version 2.0.0-alpha.1 (4/286)...
2025-11-09 06:07:10,186 - BlankSpaceAnalyzer - INFO - -> Analyzing version 2.0.0-alpha.10 (5/286)...
2025-11-09 06:07:10,223 - BlankSpaceAnalyzer - INFO - -> Analyzing version 2.0.0-alpha.11 (6/286)...
2025-11-09 06:07:10,260 - BlankSpaceAnalyzer - INFO - -> Analyzing version 2.0.0-alpha.12 (7/286)...
2025-11-09 06:07:10,296 - BlankSpaceAnalyzer - INFO - -> Analyzing version 2.0.0-alpha.2 (8/286)...
2025-11-09 06:07:10,332 - BlankSpaceAnalyzer - INFO - -> Analyzing version 2.0.0-alpha.3 (9/286)...
2025-11-09 06:07:10,368 - BlankSpaceAnalyzer - INFO - -> Analyzing version 2.0.0-alpha.4 (10/286)...
2025-11-09 06:07:10,405 - BlankSpaceAnalyzer - INFO - -> Analyzing version 2.0.0-alpha.5 (11/286)...
2025-11-09 06:07:10,441 - BlankSpaceAnalyzer - INFO - -> Analyzing version 2.0.0-alpha.6 (12/286)...
2025-11-09 06:07:10,477 - BlankSpaceAnalyzer - INFO - -> Analyzing version 2.0.0-alpha.7 (13/286)...
2025-11-09 06:07:10,514 - BlankSpaceAnalyzer - INFO - -> Analyzing version 2.0.0-alpha.8 (14/286)...
2025-11-09 06:07:10,550 - BlankSpaceAnalyzer - INFO - -> Analyzing version 2.0.0-alpha.9 (15/286)...
2025-11-09 06:07:10,587 - BlankSpaceAnalyzer - INFO - -> Analyzing version 2.0.0-beta.1 (16/286)...
2025-11-09 06:07:10,624 - BlankSpaceAnalyzer - INFO - -> Analyzing version 2.0.0-beta.10 (17/286)...
2025-11-09 06:07:10,660 - BlankSpaceAnalyzer - INFO - -> Analyzing version 2.0.0-beta.11 (18/286)...
2025-11-09 06:07:10,696 - BlankSpaceAnalyzer - INFO - -> Analyzing version 2.0.0-beta.12 (19/286)...
2025-11-09 06:07:10,733 - BlankSpaceAnalyzer - INFO - -> Analyzing version 2.0.0-beta.13 (20/286)...
2025-11-09 06:07:10,769 - BlankSpaceAnalyzer - INFO - -> Analyzing version 2.0.0-beta.14 (21/286)...
2025-11-09 06:07:10,805 - BlankSpaceAnalyzer - INFO - -> Analyzing version 2.0.0-beta.15 (22/286)...
2025-11-09 06:07:10,841 - BlankSpaceAnalyzer - INFO - -> Analyzing version 2.0.0-beta.16 (23/286)...
2025-11-09 06:07:10,878 - BlankSpaceAnalyzer - INFO - -> Analyzing version 2.0.0-beta.17 (24/286)...
2025-11-09 06:07:10,914 - BlankSpaceAnalyzer - INFO - -> Analyzing version 2.0.0-beta.18 (25/286)...
2025-11-09 06:07:10,950 - BlankSpaceAnalyzer - INFO - -> Analyzing version 2.0.0-beta.19 (26/286)...
2025-11-09 06:07:10,987 - BlankSpaceAnalyzer - INFO - -> Analyzing version 2.0.0-beta.194 (27/286)...
2025-11-09 06:07:11,024 - BlankSpaceAnalyzer - INFO - -> Analyzing version 2.0.0-beta.195 (28/286)...
2025-11-09 06:07:11,061 - BlankSpaceAnalyzer - INFO - -> Analyzing version 2.0.0-beta.196 (29/286)...
2025-11-09 06:07:11,098 - BlankSpaceAnalyzer - INFO - -> Analyzing version 2.0.0-beta.197 (30/286)...
2025-11-09 06:07:11,134 - BlankSpaceAnalyzer - INFO - -> Analyzing version 2.0.0-beta.198 (31/286)...
2025-11-09 06:07:11,171 - BlankSpaceAnalyzer - INFO - -> Analyzing version 2.0.0-beta.199 (32/286)...
2025-11-09 06:07:11,207 - BlankSpaceAnalyzer - INFO - -> Analyzing version 2.0.0-beta.2 (33/286)...
2025-11-09 06:07:11,243 - BlankSpaceAnalyzer - INFO - -> Analyzing version 2.0.0-beta.20 (34/286)...
2025-11-09 06:07:11,280 - BlankSpaceAnalyzer - INFO - -> Analyzing version 2.0.0-beta.200 (35/286)...
2025-11-09 06:07:11,317 - BlankSpaceAnalyzer - INFO - -> Analyzing version 2.0.0-beta.201 (36/286)...
2025-11-09 06:07:11,353 - BlankSpaceAnalyzer - INFO - -> Analyzing version 2.0.0-beta.202 (37/286)...
2025-11-09 06:07:11,390 - BlankSpaceAnalyzer - INFO - -> Analyzing version 2.0.0-beta.203 (38/286)...
2025-11-09 06:07:11,390 - BlankSpaceAnalyzer - INFO - -> Analyzing version 2.0.0-beta.204 (39/286)...
2025-11-09 06:07:11,426 - BlankSpaceAnalyzer - INFO - -> Analyzing version 2.0.0-beta.205 (40/286)...
2025-11-09 06:07:11,463 - BlankSpaceAnalyzer - INFO - -> Analyzing version 2.0.0-beta.206 (41/286)...
2025-11-09 06:07:11,499 - BlankSpaceAnalyzer - INFO - -> Analyzing version 2.0.0-beta.207 (42/286)...
2025-11-09 06:07:11,536 - BlankSpaceAnalyzer - INFO - -> Analyzing version 2.0.0-beta.208 (43/286)...
2025-11-09 06:07:11,573 - BlankSpaceAnalyzer - INFO - -> Analyzing version 2.0.0-beta.209 (44/286)...
2025-11-09 06:07:11,609 - BlankSpaceAnalyzer - INFO - -> Analyzing version 2.0.0-beta.21 (45/286)...
2025-11-09 06:07:11,645 - BlankSpaceAnalyzer - INFO - -> Analyzing version 2.0.0-beta.210 (46/286)...
2025-11-09 06:07:11,646 - BlankSpaceAnalyzer - INFO - -> Analyzing version 2.0.0-beta.211 (47/286)...
2025-11-09 06:07:11,646 - BlankSpaceAnalyzer - INFO - -> Analyzing version 2.0.0-beta.212 (48/286)...
2025-11-09 06:07:11,647 - BlankSpaceAnalyzer - INFO - -> Analyzing version 2.0.0-beta.213 (49/286)...
2025-11-09 06:07:11,647 - BlankSpaceAnalyzer - INFO - -> Analyzing version 2.0.0-beta.214 (50/286)...
2025-11-09 06:07:11,683 - BlankSpaceAnalyzer - INFO - -> Analyzing version 2.0.0-beta.215 (51/286)...
2025-11-09 06:07:11,719 - BlankSpaceAnalyzer - INFO - -> Analyzing version 2.0.0-beta.216 (52/286)...
2025-11-09 06:07:11,755 - BlankSpaceAnalyzer - INFO - -> Analyzing version 2.0.0-beta.217 (53/286)...
2025-11-09 06:07:11,791 - BlankSpaceAnalyzer - INFO - -> Analyzing version 2.0.0-beta.218 (54/286)...
2025-11-09 06:07:11,827 - BlankSpaceAnalyzer - INFO - -> Analyzing version 2.0.0-beta.219 (55/286)...
2025-11-09 06:07:11,864 - BlankSpaceAnalyzer - INFO - -> Analyzing version 2.0.0-beta.22 (56/286)...
2025-11-09 06:07:11,900 - BlankSpaceAnalyzer - INFO - -> Analyzing version 2.0.0-beta.220 (57/286)...
2025-11-09 06:07:11,937 - BlankSpaceAnalyzer - INFO - -> Analyzing version 2.0.0-beta.23 (58/286)...
2025-11-09 06:07:11,973 - BlankSpaceAnalyzer - INFO - -> Analyzing version 2.0.0-beta.24 (59/286)...
2025-11-09 06:07:12,010 - BlankSpaceAnalyzer - INFO - -> Analyzing version 2.0.0-beta.25 (60/286)...
2025-11-09 06:07:12,047 - BlankSpaceAnalyzer - INFO - -> Analyzing version 2.0.0-beta.27 (61/286)...
2025-11-09 06:07:12,047 - BlankSpaceAnalyzer - INFO - -> Analyzing version 2.0.0-beta.28 (62/286)...
2025-11-09 06:07:12,083 - BlankSpaceAnalyzer - INFO - -> Analyzing version 2.0.0-beta.29 (63/286)...
2025-11-09 06:07:12,120 - BlankSpaceAnalyzer - INFO - -> Analyzing version 2.0.0-beta.3 (64/286)...
2025-11-09 06:07:12,157 - BlankSpaceAnalyzer - INFO - -> Analyzing version 2.0.0-beta.31 (65/286)...
2025-11-09 06:07:12,193 - BlankSpaceAnalyzer - INFO - -> Analyzing version 2.0.0-beta.4 (66/286)...
2025-11-09 06:07:12,230 - BlankSpaceAnalyzer - INFO - -> Analyzing version 2.0.0-beta.5 (67/286)...
2025-11-09 06:07:12,266 - BlankSpaceAnalyzer - INFO - -> Analyzing version 2.0.0-beta.6 (68/286)...
2025-11-09 06:07:12,302 - BlankSpaceAnalyzer - INFO - -> Analyzing version 2.0.0-beta.7 (69/286)...
2025-11-09 06:07:12,339 - BlankSpaceAnalyzer - INFO - -> Analyzing version 2.0.0-beta.8 (70/286)...
2025-11-09 06:07:12,377 - BlankSpaceAnalyzer - INFO - -> Analyzing version 2.0.0-beta.9 (71/286)...
2025-11-09 06:07:12,414 - BlankSpaceAnalyzer - INFO - -> Analyzing version 2.0.0-rc.1 (72/286)...
2025-11-09 06:07:12,450 - BlankSpaceAnalyzer - INFO - -> Analyzing version 2.0.0-rc.2 (73/286)...
2025-11-09 06:07:12,487 - BlankSpaceAnalyzer - INFO - -> Analyzing version 2.0.0-rc.3 (74/286)...
2025-11-09 06:07:12,523 - BlankSpaceAnalyzer - INFO - -> Analyzing version 2.0.1 (75/286)...
2025-11-09 06:07:12,560 - BlankSpaceAnalyzer - INFO - -> Analyzing version 2.0.2 (76/286)...
2025-11-09 06:07:12,596 - BlankSpaceAnalyzer - INFO - -> Analyzing version 2.0.3 (77/286)...
2025-11-09 06:07:12,632 - BlankSpaceAnalyzer - INFO - -> Analyzing version 2.0.4 (78/286)...
2025-11-09 06:07:12,669 - BlankSpaceAnalyzer - INFO - -> Analyzing version 2.1.0 (79/286)...
2025-11-09 06:07:12,706 - BlankSpaceAnalyzer - INFO - -> Analyzing version 2.1.0-rc.0 (80/286)...
2025-11-09 06:07:12,742 - BlankSpaceAnalyzer - INFO - -> Analyzing version 2.1.0-rc.1 (81/286)...
2025-11-09 06:07:12,781 - BlankSpaceAnalyzer - INFO - -> Analyzing version 2.1.0-rc.10 (82/286)...
2025-11-09 06:07:12,817 - BlankSpaceAnalyzer - INFO - -> Analyzing version 2.1.0-rc.11 (83/286)...
2025-11-09 06:07:12,853 - BlankSpaceAnalyzer - INFO - -> Analyzing version 2.1.0-rc.12 (84/286)...
2025-11-09 06:07:12,889 - BlankSpaceAnalyzer - INFO - -> Analyzing version 2.1.0-rc.13 (85/286)...
2025-11-09 06:07:12,926 - BlankSpaceAnalyzer - INFO - -> Analyzing version 2.1.0-rc.14 (86/286)...
2025-11-09 06:07:12,961 - BlankSpaceAnalyzer - INFO - -> Analyzing version 2.1.0-rc.2 (87/286)...
2025-11-09 06:07:12,998 - BlankSpaceAnalyzer - INFO - -> Analyzing version 2.1.0-rc.3 (88/286)...
2025-11-09 06:07:13,034 - BlankSpaceAnalyzer - INFO - -> Analyzing version 2.1.0-rc.4 (89/286)...
2025-11-09 06:07:13,070 - BlankSpaceAnalyzer - INFO - -> Analyzing version 2.1.0-rc.5 (90/286)...
2025-11-09 06:07:13,106 - BlankSpaceAnalyzer - INFO - -> Analyzing version 2.1.0-rc.8 (91/286)...
2025-11-09 06:07:13,142 - BlankSpaceAnalyzer - INFO - -> Analyzing version 2.1.0-rc.9 (92/286)...
2025-11-09 06:07:13,180 - BlankSpaceAnalyzer - INFO - -> Analyzing version 2.1.1 (93/286)...
2025-11-09 06:07:13,216 - BlankSpaceAnalyzer - INFO - -> Analyzing version 2.1.10 (94/286)...
2025-11-09 06:07:13,252 - BlankSpaceAnalyzer - INFO - -> Analyzing version 2.1.11 (95/286)...
2025-11-09 06:07:13,288 - BlankSpaceAnalyzer - INFO - -> Analyzing version 2.1.12 (96/286)...
2025-11-09 06:07:13,324 - BlankSpaceAnalyzer - INFO - -> Analyzing version 2.1.13 (97/286)...
2025-11-09 06:07:13,361 - BlankSpaceAnalyzer - INFO - -> Analyzing version 2.1.14 (98/286)...
2025-11-09 06:07:13,396 - BlankSpaceAnalyzer - INFO - -> Analyzing version 2.1.15 (99/286)...
2025-11-09 06:07:13,432 - BlankSpaceAnalyzer - INFO - -> Analyzing version 2.1.16 (100/286)...
2025-11-09 06:07:13,469 - BlankSpaceAnalyzer - INFO - -> Analyzing version 2.1.2 (101/286)...
2025-11-09 06:07:13,505 - BlankSpaceAnalyzer - INFO - -> Analyzing version 2.1.3 (102/286)...
2025-11-09 06:07:13,542 - BlankSpaceAnalyzer - INFO - -> Analyzing version 2.1.4 (103/286)...
2025-11-09 06:07:13,579 - BlankSpaceAnalyzer - INFO - -> Analyzing version 2.1.6 (104/286)...
2025-11-09 06:07:13,614 - BlankSpaceAnalyzer - INFO - -> Analyzing version 2.1.7 (105/286)...
2025-11-09 06:07:13,650 - BlankSpaceAnalyzer - INFO - -> Analyzing version 2.1.8 (106/286)...
2025-11-09 06:07:13,686 - BlankSpaceAnalyzer - INFO - -> Analyzing version 2.1.9 (107/286)...
2025-11-09 06:07:13,723 - BlankSpaceAnalyzer - INFO - -> Analyzing version 2.10.0 (108/286)...
2025-11-09 06:07:13,759 - BlankSpaceAnalyzer - INFO - -> Analyzing version 2.10.1 (109/286)...
2025-11-09 06:07:13,795 - BlankSpaceAnalyzer - INFO - -> Analyzing version 2.10.2 (110/286)...
2025-11-09 06:07:13,832 - BlankSpaceAnalyzer - INFO - -> Analyzing version 2.10.3 (111/286)...
2025-11-09 06:07:13,868 - BlankSpaceAnalyzer - INFO - -> Analyzing version 2.10.4 (112/286)...
2025-11-09 06:07:13,904 - BlankSpaceAnalyzer - INFO - -> Analyzing version 2.11.0 (113/286)...
2025-11-09 06:07:13,942 - BlankSpaceAnalyzer - INFO - -> Analyzing version 2.11.1 (114/286)...
2025-11-09 06:07:13,977 - BlankSpaceAnalyzer - INFO - -> Analyzing version 2.11.2 (115/286)...
2025-11-09 06:07:14,014 - BlankSpaceAnalyzer - INFO - -> Analyzing version 2.11.3 (116/286)...
2025-11-09 06:07:14,050 - BlankSpaceAnalyzer - INFO - -> Analyzing version 2.11.4 (117/286)...
2025-11-09 06:07:14,086 - BlankSpaceAnalyzer - INFO - -> Analyzing version 2.11.5 (118/286)...
2025-11-09 06:07:14,122 - BlankSpaceAnalyzer - INFO - -> Analyzing version 2.11.6 (119/286)...
2025-11-09 06:07:14,157 - BlankSpaceAnalyzer - INFO - -> Analyzing version 2.11.7 (120/286)...
2025-11-09 06:07:14,194 - BlankSpaceAnalyzer - INFO - -> Analyzing version 2.11.9 (121/286)...
2025-11-09 06:07:14,230 - BlankSpaceAnalyzer - INFO - -> Analyzing version 2.12.0 (122/286)...
2025-11-09 06:07:14,267 - BlankSpaceAnalyzer - INFO - -> Analyzing version 2.13.0 (123/286)...
2025-11-09 06:07:14,303 - BlankSpaceAnalyzer - INFO - -> Analyzing version 2.14.0 (124/286)...
2025-11-09 06:07:14,339 - BlankSpaceAnalyzer - INFO - -> Analyzing version 2.14.1 (125/286)...
2025-11-09 06:07:14,375 - BlankSpaceAnalyzer - INFO - -> Analyzing version 2.2.0 (126/286)...
2025-11-09 06:07:14,412 - BlankSpaceAnalyzer - INFO - -> Analyzing version 2.2.0-rc.3 (127/286)...
2025-11-09 06:07:14,448 - BlankSpaceAnalyzer - INFO - -> Analyzing version 2.2.0-rc.4 (128/286)...
2025-11-09 06:07:14,484 - BlankSpaceAnalyzer - INFO - -> Analyzing version 2.2.0-rc.5 (129/286)...
2025-11-09 06:07:14,520 - BlankSpaceAnalyzer - INFO - -> Analyzing version 2.2.0-rc.6 (130/286)...
2025-11-09 06:07:14,556 - BlankSpaceAnalyzer - INFO - -> Analyzing version 2.2.0-rc.7 (131/286)...
2025-11-09 06:07:14,592 - BlankSpaceAnalyzer - INFO - -> Analyzing version 2.2.0-rc.8 (132/286)...
2025-11-09 06:07:14,628 - BlankSpaceAnalyzer - INFO - -> Analyzing version 2.2.1 (133/286)...
2025-11-09 06:07:14,664 - BlankSpaceAnalyzer - INFO - -> Analyzing version 2.2.2 (134/286)...
2025-11-09 06:07:14,701 - BlankSpaceAnalyzer - INFO - -> Analyzing version 2.2.3 (135/286)...
2025-11-09 06:07:14,736 - BlankSpaceAnalyzer - INFO - -> Analyzing version 2.2.4 (136/286)...
2025-11-09 06:07:14,772 - BlankSpaceAnalyzer - INFO - -> Analyzing version 2.2.5 (137/286)...
2025-11-09 06:07:14,809 - BlankSpaceAnalyzer - INFO - -> Analyzing version 2.2.6 (138/286)...
2025-11-09 06:07:14,844 - BlankSpaceAnalyzer - INFO - -> Analyzing version 2.22.0 (139/286)...
2025-11-09 06:07:14,881 - BlankSpaceAnalyzer - INFO - -> Analyzing version 2.22.1 (140/286)...
2025-11-09 06:07:14,917 - BlankSpaceAnalyzer - INFO - -> Analyzing version 2.22.2 (141/286)...
2025-11-09 06:07:14,953 - BlankSpaceAnalyzer - INFO - -> Analyzing version 2.22.3 (142/286)...
2025-11-09 06:07:14,988 - BlankSpaceAnalyzer - INFO - -> Analyzing version 2.23.0 (143/286)...
2025-11-09 06:07:15,025 - BlankSpaceAnalyzer - INFO - -> Analyzing version 2.23.1 (144/286)...
2025-11-09 06:07:15,060 - BlankSpaceAnalyzer - INFO - -> Analyzing version 2.24.0 (145/286)...
2025-11-09 06:07:15,097 - BlankSpaceAnalyzer - INFO - -> Analyzing version 2.24.1 (146/286)...
2025-11-09 06:07:15,134 - BlankSpaceAnalyzer - INFO - -> Analyzing version 2.24.2 (147/286)...
2025-11-09 06:07:15,171 - BlankSpaceAnalyzer - INFO - -> Analyzing version 2.25.0 (148/286)...
2025-11-09 06:07:15,207 - BlankSpaceAnalyzer - INFO - -> Analyzing version 2.25.1 (149/286)...
2025-11-09 06:07:15,243 - BlankSpaceAnalyzer - INFO - -> Analyzing version 2.26.0 (150/286)...
2025-11-09 06:07:15,279 - BlankSpaceAnalyzer - INFO - -> Analyzing version 2.26.1 (151/286)...
2025-11-09 06:07:15,315 - BlankSpaceAnalyzer - INFO - -> Analyzing version 2.26.2 (152/286)...
2025-11-09 06:07:15,351 - BlankSpaceAnalyzer - INFO - -> Analyzing version 2.26.3 (153/286)...
2025-11-09 06:07:15,387 - BlankSpaceAnalyzer - INFO - -> Analyzing version 2.26.4 (154/286)...
2025-11-09 06:07:15,423 - BlankSpaceAnalyzer - INFO - -> Analyzing version 2.27.0 (155/286)...
2025-11-09 06:07:15,459 - BlankSpaceAnalyzer - INFO - -> Analyzing version 2.27.1 (156/286)...
2025-11-09 06:07:15,497 - BlankSpaceAnalyzer - INFO - -> Analyzing version 2.3.0 (157/286)...
2025-11-09 06:07:15,532 - BlankSpaceAnalyzer - INFO - -> Analyzing version 2.3.1 (158/286)...
2025-11-09 06:07:15,568 - BlankSpaceAnalyzer - INFO - -> Analyzing version 2.3.2 (159/286)...
2025-11-09 06:07:15,605 - BlankSpaceAnalyzer - INFO - -> Analyzing version 2.4.0 (160/286)...
2025-11-09 06:07:15,641 - BlankSpaceAnalyzer - INFO - -> Analyzing version 2.5.0 (161/286)...
2025-11-09 06:07:15,677 - BlankSpaceAnalyzer - INFO - -> Analyzing version 2.5.0-beta.0 (162/286)...
2025-11-09 06:07:15,712 - BlankSpaceAnalyzer - INFO - -> Analyzing version 2.5.0-beta.1 (163/286)...
2025-11-09 06:07:15,748 - BlankSpaceAnalyzer - INFO - -> Analyzing version 2.5.0-beta.2 (164/286)...
2025-11-09 06:07:15,786 - BlankSpaceAnalyzer - INFO - -> Analyzing version 2.5.0-beta.3 (165/286)...
2025-11-09 06:07:15,823 - BlankSpaceAnalyzer - INFO - -> Analyzing version 2.5.0-beta.4 (166/286)...
2025-11-09 06:07:15,860 - BlankSpaceAnalyzer - INFO - -> Analyzing version 2.5.0-beta.5 (167/286)...
2025-11-09 06:07:15,896 - BlankSpaceAnalyzer - INFO - -> Analyzing version 2.5.0-beta.6 (168/286)...
2025-11-09 06:07:15,933 - BlankSpaceAnalyzer - INFO - -> Analyzing version 2.5.0-pre.10 (169/286)...
2025-11-09 06:07:15,970 - BlankSpaceAnalyzer - INFO - -> Analyzing version 2.5.0-pre.11 (170/286)...
2025-11-09 06:07:16,007 - BlankSpaceAnalyzer - INFO - -> Analyzing version 2.5.0-pre.13 (171/286)...
2025-11-09 06:07:16,044 - BlankSpaceAnalyzer - INFO - -> Analyzing version 2.5.0-pre.14 (172/286)...
2025-11-09 06:07:16,080 - BlankSpaceAnalyzer - INFO - -> Analyzing version 2.5.0-pre.15 (173/286)...
2025-11-09 06:07:16,117 - BlankSpaceAnalyzer - INFO - -> Analyzing version 2.5.0-pre.16 (174/286)...
2025-11-09 06:07:16,154 - BlankSpaceAnalyzer - INFO - -> Analyzing version 2.5.0-pre.8 (175/286)...
2025-11-09 06:07:16,191 - BlankSpaceAnalyzer - INFO - -> Analyzing version 2.5.0-pre.9 (176/286)...
2025-11-09 06:07:16,228 - BlankSpaceAnalyzer - INFO - -> Analyzing version 2.5.1 (177/286)...
2025-11-09 06:07:16,264 - BlankSpaceAnalyzer - INFO - -> Analyzing version 2.5.2 (178/286)...
2025-11-09 06:07:16,301 - BlankSpaceAnalyzer - INFO - -> Analyzing version 2.5.3 (179/286)...
2025-11-09 06:07:16,338 - BlankSpaceAnalyzer - INFO - -> Analyzing version 2.5.4 (180/286)...
2025-11-09 06:07:16,376 - BlankSpaceAnalyzer - INFO - -> Analyzing version 2.5.5 (181/286)...
2025-11-09 06:07:16,413 - BlankSpaceAnalyzer - INFO - -> Analyzing version 2.5.6 (182/286)...
2025-11-09 06:07:16,450 - BlankSpaceAnalyzer - INFO - -> Analyzing version 2.5.7 (183/286)...
2025-11-09 06:07:16,487 - BlankSpaceAnalyzer - INFO - -> Analyzing version 2.5.8 (184/286)...
2025-11-09 06:07:16,524 - BlankSpaceAnalyzer - INFO - -> Analyzing version 2.5.9 (185/286)...
2025-11-09 06:07:16,561 - BlankSpaceAnalyzer - INFO - -> Analyzing version 2.6.0 (186/286)...
2025-11-09 06:07:16,597 - BlankSpaceAnalyzer - INFO - -> Analyzing version 2.6.1 (187/286)...
2025-11-09 06:07:16,634 - BlankSpaceAnalyzer - INFO - -> Analyzing version 2.6.2 (188/286)...
2025-11-09 06:07:16,671 - BlankSpaceAnalyzer - INFO - -> Analyzing version 2.6.3 (189/286)...
2025-11-09 06:07:16,707 - BlankSpaceAnalyzer - INFO - -> Analyzing version 2.6.4 (190/286)...
2025-11-09 06:07:16,744 - BlankSpaceAnalyzer - INFO - -> Analyzing version 2.6.5 (191/286)...
2025-11-09 06:07:16,781 - BlankSpaceAnalyzer - INFO - -> Analyzing version 2.6.6 (192/286)...
2025-11-09 06:07:16,818 - BlankSpaceAnalyzer - INFO - -> Analyzing version 2.7.0 (193/286)...
2025-11-09 06:07:16,855 - BlankSpaceAnalyzer - INFO - -> Analyzing version 2.7.0-pre.0 (194/286)...
2025-11-09 06:07:16,892 - BlankSpaceAnalyzer - INFO - -> Analyzing version 2.7.1 (195/286)...
2025-11-09 06:07:16,929 - BlankSpaceAnalyzer - INFO - -> Analyzing version 2.7.2 (196/286)...
2025-11-09 06:07:16,965 - BlankSpaceAnalyzer - INFO - -> Analyzing version 2.7.3 (197/286)...
2025-11-09 06:07:17,002 - BlankSpaceAnalyzer - INFO - -> Analyzing version 2.7.4 (198/286)...
2025-11-09 06:07:17,039 - BlankSpaceAnalyzer - INFO - -> Analyzing version 2.8.0 (199/286)...
2025-11-09 06:07:17,075 - BlankSpaceAnalyzer - INFO - -> Analyzing version 2.9.0 (200/286)...
2025-11-09 06:07:17,111 - BlankSpaceAnalyzer - INFO - -> Analyzing version 2.9.1 (201/286)...
2025-11-09 06:07:17,147 - BlankSpaceAnalyzer - INFO - -> Analyzing version 3.0.0 (202/286)...
2025-11-09 06:07:17,184 - BlankSpaceAnalyzer - INFO - -> Analyzing version 3.0.0-beta.0 (203/286)...
2025-11-09 06:07:17,185 - BlankSpaceAnalyzer - INFO - -> Analyzing version 3.0.0-beta.1 (204/286)...
2025-11-09 06:07:17,185 - BlankSpaceAnalyzer - INFO - -> Analyzing version 3.0.0-beta.10 (205/286)...
2025-11-09 06:07:17,185 - BlankSpaceAnalyzer - INFO - -> Analyzing version 3.0.0-beta.11 (206/286)...
2025-11-09 06:07:17,186 - BlankSpaceAnalyzer - INFO - -> Analyzing version 3.0.0-beta.12 (207/286)...
2025-11-09 06:07:17,186 - BlankSpaceAnalyzer - INFO - -> Analyzing version 3.0.0-beta.14 (208/286)...
2025-11-09 06:07:17,187 - BlankSpaceAnalyzer - INFO - -> Analyzing version 3.0.0-beta.15 (209/286)...
2025-11-09 06:07:17,187 - BlankSpaceAnalyzer - INFO - -> Analyzing version 3.0.0-beta.16 (210/286)...
2025-11-09 06:07:17,187 - BlankSpaceAnalyzer - INFO - -> Analyzing version 3.0.0-beta.17 (211/286)...
2025-11-09 06:07:17,188 - BlankSpaceAnalyzer - INFO - -> Analyzing version 3.0.0-beta.18 (212/286)...
2025-11-09 06:07:17,188 - BlankSpaceAnalyzer - INFO - -> Analyzing version 3.0.0-beta.19 (213/286)...
2025-11-09 06:07:17,188 - BlankSpaceAnalyzer - INFO - -> Analyzing version 3.0.0-beta.2 (214/286)...
2025-11-09 06:07:17,189 - BlankSpaceAnalyzer - INFO - -> Analyzing version 3.0.0-beta.21 (215/286)...
2025-11-09 06:07:17,189 - BlankSpaceAnalyzer - INFO - -> Analyzing version 3.0.0-beta.22 (216/286)...
2025-11-09 06:07:17,189 - BlankSpaceAnalyzer - INFO - -> Analyzing version 3.0.0-beta.23 (217/286)...
2025-11-09 06:07:17,189 - BlankSpaceAnalyzer - INFO - -> Analyzing version 3.0.0-beta.24 (218/286)...
2025-11-09 06:07:17,190 - BlankSpaceAnalyzer - INFO - -> Analyzing version 3.0.0-beta.25 (219/286)...
2025-11-09 06:07:17,190 - BlankSpaceAnalyzer - INFO - -> Analyzing version 3.0.0-beta.26 (220/286)...
2025-11-09 06:07:17,190 - BlankSpaceAnalyzer - INFO - -> Analyzing version 3.0.0-beta.27 (221/286)...
2025-11-09 06:07:17,191 - BlankSpaceAnalyzer - INFO - -> Analyzing version 3.0.0-beta.28 (222/286)...
2025-11-09 06:07:17,191 - BlankSpaceAnalyzer - INFO - -> Analyzing version 3.0.0-beta.29 (223/286)...
2025-11-09 06:07:17,191 - BlankSpaceAnalyzer - INFO - -> Analyzing version 3.0.0-beta.3 (224/286)...
2025-11-09 06:07:17,192 - BlankSpaceAnalyzer - INFO - -> Analyzing version 3.0.0-beta.30 (225/286)...
2025-11-09 06:07:17,192 - BlankSpaceAnalyzer - INFO - -> Analyzing version 3.0.0-beta.4 (226/286)...
2025-11-09 06:07:17,192 - BlankSpaceAnalyzer - INFO - -> Analyzing version 3.0.0-beta.5 (227/286)...
2025-11-09 06:07:17,193 - BlankSpaceAnalyzer - INFO - -> Analyzing version 3.0.0-beta.6 (228/286)...
2025-11-09 06:07:17,193 - BlankSpaceAnalyzer - INFO - -> Analyzing version 3.0.0-beta.7 (229/286)...
2025-11-09 06:07:17,193 - BlankSpaceAnalyzer - INFO - -> Analyzing version 3.0.0-beta.8 (230/286)...
2025-11-09 06:07:17,194 - BlankSpaceAnalyzer - INFO - -> Analyzing version 3.0.0-beta.9 (231/286)...
2025-11-09 06:07:17,194 - BlankSpaceAnalyzer - INFO - -> Analyzing version 3.0.0-next.0 (232/286)...
2025-11-09 06:07:17,232 - BlankSpaceAnalyzer - INFO - -> Analyzing version 3.0.0-next.1 (233/286)...
2025-11-09 06:07:17,232 - BlankSpaceAnalyzer - INFO - -> Analyzing version 3.0.0-next.2 (234/286)...
2025-11-09 06:07:17,233 - BlankSpaceAnalyzer - INFO - -> Analyzing version 3.0.0-next.3 (235/286)...
2025-11-09 06:07:17,233 - BlankSpaceAnalyzer - INFO - -> Analyzing version 3.0.0-next.4 (236/286)...
2025-11-09 06:07:17,233 - BlankSpaceAnalyzer - INFO - -> Analyzing version 3.0.0-next.5 (237/286)...
2025-11-09 06:07:17,234 - BlankSpaceAnalyzer - INFO - -> Analyzing version 3.0.0-next.6 (238/286)...
2025-11-09 06:07:17,234 - BlankSpaceAnalyzer - INFO - -> Analyzing version 3.0.0-next.7 (239/286)...
2025-11-09 06:07:17,234 - BlankSpaceAnalyzer - INFO - -> Analyzing version 3.0.0-next.8 (240/286)...
2025-11-09 06:07:17,235 - BlankSpaceAnalyzer - INFO - -> Analyzing version 3.0.1 (241/286)...
2025-11-09 06:07:17,235 - BlankSpaceAnalyzer - INFO - -> Analyzing version 3.0.2 (242/286)...
2025-11-09 06:07:17,235 - BlankSpaceAnalyzer - INFO - -> Analyzing version 3.0.2-beta.0 (243/286)...
2025-11-09 06:07:17,236 - BlankSpaceAnalyzer - INFO - -> Analyzing version 3.0.3 (244/286)...
2025-11-09 06:07:17,236 - BlankSpaceAnalyzer - INFO - -> Analyzing version 3.0.4 (245/286)...
2025-11-09 06:07:17,236 - BlankSpaceAnalyzer - INFO - -> Analyzing version 3.0.5 (246/286)...
2025-11-09 06:07:17,237 - BlankSpaceAnalyzer - INFO - -> Analyzing version 3.0.6 (247/286)...
2025-11-09 06:07:17,237 - BlankSpaceAnalyzer - INFO - -> Analyzing version 3.0.7 (248/286)...
2025-11-09 06:07:17,237 - BlankSpaceAnalyzer - INFO - -> Analyzing version 3.0.8 (249/286)...
2025-11-09 06:07:17,237 - BlankSpaceAnalyzer - INFO - -> Analyzing version 3.0.9 (250/286)...
2025-11-09 06:07:17,238 - BlankSpaceAnalyzer - INFO - -> Analyzing version 3.1.0 (251/286)...
2025-11-09 06:07:17,238 - BlankSpaceAnalyzer - INFO - -> Analyzing version 3.10.0 (252/286)...
2025-11-09 06:07:17,238 - BlankSpaceAnalyzer - INFO - -> Analyzing version 3.10.1 (253/286)...
2025-11-09 06:07:17,239 - BlankSpaceAnalyzer - INFO - -> Analyzing version 3.10.2 (254/286)...
2025-11-09 06:07:17,239 - BlankSpaceAnalyzer - INFO - -> Analyzing version 3.10.3 (255/286)...
2025-11-09 06:07:17,239 - BlankSpaceAnalyzer - INFO - -> Analyzing version 3.10.4 (256/286)...
2025-11-09 06:07:17,240 - BlankSpaceAnalyzer - INFO - -> Analyzing version 3.2.0 (257/286)...
2025-11-09 06:07:17,240 - BlankSpaceAnalyzer - INFO - -> Analyzing version 3.2.1 (258/286)...
2025-11-09 06:07:17,240 - BlankSpaceAnalyzer - INFO - -> Analyzing version 3.2.2 (259/286)...
2025-11-09 06:07:17,240 - BlankSpaceAnalyzer - INFO - -> Analyzing version 3.3.0 (260/286)...
2025-11-09 06:07:17,241 - BlankSpaceAnalyzer - INFO - -> Analyzing version 3.3.1 (261/286)...
2025-11-09 06:07:17,241 - BlankSpaceAnalyzer - INFO - -> Analyzing version 3.4.0 (262/286)...
2025-11-09 06:07:17,241 - BlankSpaceAnalyzer - INFO - -> Analyzing version 3.4.1 (263/286)...
2025-11-09 06:07:17,241 - BlankSpaceAnalyzer - INFO - -> Analyzing version 3.4.2 (264/286)...
2025-11-09 06:07:17,242 - BlankSpaceAnalyzer - INFO - -> Analyzing version 3.4.3 (265/286)...
2025-11-09 06:07:17,242 - BlankSpaceAnalyzer - INFO - -> Analyzing version 3.4.4 (266/286)...
2025-11-09 06:07:17,242 - BlankSpaceAnalyzer - INFO - -> Analyzing version 3.4.5 (267/286)...
2025-11-09 06:07:17,243 - BlankSpaceAnalyzer - INFO - -> Analyzing version 3.4.6 (268/286)...
2025-11-09 06:07:17,243 - BlankSpaceAnalyzer - INFO - -> Analyzing version 3.5.0 (269/286)...
2025-11-09 06:07:17,243 - BlankSpaceAnalyzer - INFO - -> Analyzing version 3.5.1 (270/286)...
2025-11-09 06:07:17,243 - BlankSpaceAnalyzer - INFO - -> Analyzing version 3.5.2 (271/286)...
2025-11-09 06:07:17,244 - BlankSpaceAnalyzer - INFO - -> Analyzing version 3.5.3 (272/286)...
2025-11-09 06:07:17,244 - BlankSpaceAnalyzer - INFO - -> Analyzing version 3.6.0 (273/286)...
2025-11-09 06:07:17,244 - BlankSpaceAnalyzer - INFO - -> Analyzing version 3.6.1 (274/286)...
2025-11-09 06:07:17,244 - BlankSpaceAnalyzer - INFO - -> Analyzing version 3.6.2 (275/286)...
2025-11-09 06:07:17,245 - BlankSpaceAnalyzer - INFO - -> Analyzing version 3.6.3 (276/286)...
2025-11-09 06:07:17,245 - BlankSpaceAnalyzer - INFO - -> Analyzing version 3.6.4 (277/286)...
2025-11-09 06:07:17,245 - BlankSpaceAnalyzer - INFO - -> Analyzing version 3.6.5 (278/286)...
2025-11-09 06:07:17,246 - BlankSpaceAnalyzer - INFO - -> Analyzing version 3.6.6 (279/286)...
2025-11-09 06:07:17,246 - BlankSpaceAnalyzer - INFO - -> Analyzing version 3.6.7 (280/286)...
2025-11-09 06:07:17,246 - BlankSpaceAnalyzer - INFO - -> Analyzing version 3.7.0 (281/286)...
2025-11-09 06:07:17,247 - BlankSpaceAnalyzer - INFO - -> Analyzing version 3.7.1 (282/286)...
2025-11-09 06:07:17,247 - BlankSpaceAnalyzer - INFO - -> Analyzing version 3.7.2 (283/286)...
2025-11-09 06:07:17,247 - BlankSpaceAnalyzer - INFO - -> Analyzing version 3.8.0 (284/286)...
2025-11-09 06:07:17,247 - BlankSpaceAnalyzer - INFO - -> Analyzing version 3.9.0 (285/286)...
2025-11-09 06:07:17,248 - BlankSpaceAnalyzer - INFO - -> Analyzing version 3.9.1 (286/286)...
2025-11-09 06:07:17,248 - BlankSpaceAnalyzer - INFO - Exporting results for '@tiptap/extension-text-align' to CSV...
2025-11-09 06:07:17,535 - BlankSpaceAnalyzer - INFO - Reports saved in: /app/npm_results/@tiptap_extension-text-align
2025-11-09 06:07:17,535 - NPM_Analyzer - INFO - Cleaning temporary folder 'temp/@tiptap_extension-text-align'...
2025-11-09 06:07:17,729 - NPM_Analyzer - INFO - Cleanup completed.
2025-11-09 16:30:29,268 - NPM_Analyzer - INFO - Fetching metadata for '@tiptap/extension-text-align'...
2025-11-09 16:30:29,493 - NPM_Analyzer - INFO - Found 286 versions. Starting download into 'temp/@tiptap_extension-text-align'...
2025-11-09 16:34:40,748 - BlankSpaceAnalyzer - INFO - Analyzing 286 versions for '*.js' in '@tiptap_extension-text-align'.
2025-11-09 16:34:40,748 - BlankSpaceAnalyzer - INFO - -> Analyzing version 1.0.0-alpha.1 (1/286)...
2025-11-09 16:34:40,804 - BlankSpaceAnalyzer - INFO - -> Analyzing version 1.0.0-alpha.2 (2/286)...
2025-11-09 16:34:40,837 - BlankSpaceAnalyzer - INFO - -> Analyzing version 2.0.0 (3/286)...
2025-11-09 16:34:40,869 - BlankSpaceAnalyzer - INFO - -> Analyzing version 2.0.0-alpha.1 (4/286)...
2025-11-09 16:34:40,904 - BlankSpaceAnalyzer - INFO - -> Analyzing version 2.0.0-alpha.10 (5/286)...
2025-11-09 16:34:40,941 - BlankSpaceAnalyzer - INFO - -> Analyzing version 2.0.0-alpha.11 (6/286)...
2025-11-09 16:34:40,977 - BlankSpaceAnalyzer - INFO - -> Analyzing version 2.0.0-alpha.12 (7/286)...
2025-11-09 16:34:41,013 - BlankSpaceAnalyzer - INFO - -> Analyzing version 2.0.0-alpha.2 (8/286)...
2025-11-09 16:34:41,051 - BlankSpaceAnalyzer - INFO - -> Analyzing version 2.0.0-alpha.3 (9/286)...
2025-11-09 16:34:41,087 - BlankSpaceAnalyzer - INFO - -> Analyzing version 2.0.0-alpha.4 (10/286)...
2025-11-09 16:34:41,123 - BlankSpaceAnalyzer - INFO - -> Analyzing version 2.0.0-alpha.5 (11/286)...
2025-11-09 16:34:41,159 - BlankSpaceAnalyzer - INFO - -> Analyzing version 2.0.0-alpha.6 (12/286)...
2025-11-09 16:34:41,195 - BlankSpaceAnalyzer - INFO - -> Analyzing version 2.0.0-alpha.7 (13/286)...
2025-11-09 16:34:41,231 - BlankSpaceAnalyzer - INFO - -> Analyzing version 2.0.0-alpha.8 (14/286)...
2025-11-09 16:34:41,268 - BlankSpaceAnalyzer - INFO - -> Analyzing version 2.0.0-alpha.9 (15/286)...
2025-11-09 16:34:41,304 - BlankSpaceAnalyzer - INFO - -> Analyzing version 2.0.0-beta.1 (16/286)...
2025-11-09 16:34:41,341 - BlankSpaceAnalyzer - INFO - -> Analyzing version 2.0.0-beta.10 (17/286)...
2025-11-09 16:34:41,377 - BlankSpaceAnalyzer - INFO - -> Analyzing version 2.0.0-beta.11 (18/286)...
2025-11-09 16:34:41,414 - BlankSpaceAnalyzer - INFO - -> Analyzing version 2.0.0-beta.12 (19/286)...
2025-11-09 16:34:41,450 - BlankSpaceAnalyzer - INFO - -> Analyzing version 2.0.0-beta.13 (20/286)...
2025-11-09 16:34:41,486 - BlankSpaceAnalyzer - INFO - -> Analyzing version 2.0.0-beta.14 (21/286)...
2025-11-09 16:34:41,522 - BlankSpaceAnalyzer - INFO - -> Analyzing version 2.0.0-beta.15 (22/286)...
2025-11-09 16:34:41,558 - BlankSpaceAnalyzer - INFO - -> Analyzing version 2.0.0-beta.16 (23/286)...
2025-11-09 16:34:41,595 - BlankSpaceAnalyzer - INFO - -> Analyzing version 2.0.0-beta.17 (24/286)...
2025-11-09 16:34:41,631 - BlankSpaceAnalyzer - INFO - -> Analyzing version 2.0.0-beta.18 (25/286)...
2025-11-09 16:34:41,667 - BlankSpaceAnalyzer - INFO - -> Analyzing version 2.0.0-beta.19 (26/286)...
2025-11-09 16:34:41,704 - BlankSpaceAnalyzer - INFO - -> Analyzing version 2.0.0-beta.194 (27/286)...
2025-11-09 16:34:41,740 - BlankSpaceAnalyzer - INFO - -> Analyzing version 2.0.0-beta.195 (28/286)...
2025-11-09 16:34:41,778 - BlankSpaceAnalyzer - INFO - -> Analyzing version 2.0.0-beta.196 (29/286)...
2025-11-09 16:34:41,815 - BlankSpaceAnalyzer - INFO - -> Analyzing version 2.0.0-beta.197 (30/286)...
2025-11-09 16:34:41,850 - BlankSpaceAnalyzer - INFO - -> Analyzing version 2.0.0-beta.198 (31/286)...
2025-11-09 16:34:41,886 - BlankSpaceAnalyzer - INFO - -> Analyzing version 2.0.0-beta.199 (32/286)...
2025-11-09 16:34:41,923 - BlankSpaceAnalyzer - INFO - -> Analyzing version 2.0.0-beta.2 (33/286)...
2025-11-09 16:34:41,960 - BlankSpaceAnalyzer - INFO - -> Analyzing version 2.0.0-beta.20 (34/286)...
2025-11-09 16:34:41,996 - BlankSpaceAnalyzer - INFO - -> Analyzing version 2.0.0-beta.200 (35/286)...
2025-11-09 16:34:42,033 - BlankSpaceAnalyzer - INFO - -> Analyzing version 2.0.0-beta.201 (36/286)...
2025-11-09 16:34:42,069 - BlankSpaceAnalyzer - INFO - -> Analyzing version 2.0.0-beta.202 (37/286)...
2025-11-09 16:34:42,105 - BlankSpaceAnalyzer - INFO - -> Analyzing version 2.0.0-beta.203 (38/286)...
2025-11-09 16:34:42,106 - BlankSpaceAnalyzer - INFO - -> Analyzing version 2.0.0-beta.204 (39/286)...
2025-11-09 16:34:42,142 - BlankSpaceAnalyzer - INFO - -> Analyzing version 2.0.0-beta.205 (40/286)...
2025-11-09 16:34:42,178 - BlankSpaceAnalyzer - INFO - -> Analyzing version 2.0.0-beta.206 (41/286)...
2025-11-09 16:34:42,214 - BlankSpaceAnalyzer - INFO - -> Analyzing version 2.0.0-beta.207 (42/286)...
2025-11-09 16:34:42,251 - BlankSpaceAnalyzer - INFO - -> Analyzing version 2.0.0-beta.208 (43/286)...
2025-11-09 16:34:42,287 - BlankSpaceAnalyzer - INFO - -> Analyzing version 2.0.0-beta.209 (44/286)...
2025-11-09 16:34:42,324 - BlankSpaceAnalyzer - INFO - -> Analyzing version 2.0.0-beta.21 (45/286)...
2025-11-09 16:34:42,360 - BlankSpaceAnalyzer - INFO - -> Analyzing version 2.0.0-beta.210 (46/286)...
2025-11-09 16:34:42,361 - BlankSpaceAnalyzer - INFO - -> Analyzing version 2.0.0-beta.211 (47/286)...
2025-11-09 16:34:42,361 - BlankSpaceAnalyzer - INFO - -> Analyzing version 2.0.0-beta.212 (48/286)...
2025-11-09 16:34:42,361 - BlankSpaceAnalyzer - INFO - -> Analyzing version 2.0.0-beta.213 (49/286)...
2025-11-09 16:34:42,362 - BlankSpaceAnalyzer - INFO - -> Analyzing version 2.0.0-beta.214 (50/286)...
2025-11-09 16:34:42,398 - BlankSpaceAnalyzer - INFO - -> Analyzing version 2.0.0-beta.215 (51/286)...
2025-11-09 16:34:42,434 - BlankSpaceAnalyzer - INFO - -> Analyzing version 2.0.0-beta.216 (52/286)...
2025-11-09 16:34:42,470 - BlankSpaceAnalyzer - INFO - -> Analyzing version 2.0.0-beta.217 (53/286)...
2025-11-09 16:34:42,506 - BlankSpaceAnalyzer - INFO - -> Analyzing version 2.0.0-beta.218 (54/286)...
2025-11-09 16:34:42,542 - BlankSpaceAnalyzer - INFO - -> Analyzing version 2.0.0-beta.219 (55/286)...
2025-11-09 16:34:42,579 - BlankSpaceAnalyzer - INFO - -> Analyzing version 2.0.0-beta.22 (56/286)...
2025-11-09 16:34:42,615 - BlankSpaceAnalyzer - INFO - -> Analyzing version 2.0.0-beta.220 (57/286)...
2025-11-09 16:34:42,652 - BlankSpaceAnalyzer - INFO - -> Analyzing version 2.0.0-beta.23 (58/286)...
2025-11-09 16:34:42,688 - BlankSpaceAnalyzer - INFO - -> Analyzing version 2.0.0-beta.24 (59/286)...
2025-11-09 16:34:42,724 - BlankSpaceAnalyzer - INFO - -> Analyzing version 2.0.0-beta.25 (60/286)...
2025-11-09 16:34:42,760 - BlankSpaceAnalyzer - INFO - -> Analyzing version 2.0.0-beta.27 (61/286)...
2025-11-09 16:34:42,761 - BlankSpaceAnalyzer - INFO - -> Analyzing version 2.0.0-beta.28 (62/286)...
2025-11-09 16:34:42,799 - BlankSpaceAnalyzer - INFO - -> Analyzing version 2.0.0-beta.29 (63/286)...
2025-11-09 16:34:42,834 - BlankSpaceAnalyzer - INFO - -> Analyzing version 2.0.0-beta.3 (64/286)...
2025-11-09 16:34:42,872 - BlankSpaceAnalyzer - INFO - -> Analyzing version 2.0.0-beta.31 (65/286)...
2025-11-09 16:34:42,908 - BlankSpaceAnalyzer - INFO - -> Analyzing version 2.0.0-beta.4 (66/286)...
2025-11-09 16:34:42,944 - BlankSpaceAnalyzer - INFO - -> Analyzing version 2.0.0-beta.5 (67/286)...
2025-11-09 16:34:42,981 - BlankSpaceAnalyzer - INFO - -> Analyzing version 2.0.0-beta.6 (68/286)...
2025-11-09 16:34:43,017 - BlankSpaceAnalyzer - INFO - -> Analyzing version 2.0.0-beta.7 (69/286)...
2025-11-09 16:34:43,054 - BlankSpaceAnalyzer - INFO - -> Analyzing version 2.0.0-beta.8 (70/286)...
2025-11-09 16:34:43,091 - BlankSpaceAnalyzer - INFO - -> Analyzing version 2.0.0-beta.9 (71/286)...
2025-11-09 16:34:43,128 - BlankSpaceAnalyzer - INFO - -> Analyzing version 2.0.0-rc.1 (72/286)...
2025-11-09 16:34:43,164 - BlankSpaceAnalyzer - INFO - -> Analyzing version 2.0.0-rc.2 (73/286)...
2025-11-09 16:34:43,201 - BlankSpaceAnalyzer - INFO - -> Analyzing version 2.0.0-rc.3 (74/286)...
2025-11-09 16:34:43,238 - BlankSpaceAnalyzer - INFO - -> Analyzing version 2.0.1 (75/286)...
2025-11-09 16:34:43,274 - BlankSpaceAnalyzer - INFO - -> Analyzing version 2.0.2 (76/286)...
2025-11-09 16:34:43,312 - BlankSpaceAnalyzer - INFO - -> Analyzing version 2.0.3 (77/286)...
2025-11-09 16:34:43,348 - BlankSpaceAnalyzer - INFO - -> Analyzing version 2.0.4 (78/286)...
2025-11-09 16:34:43,384 - BlankSpaceAnalyzer - INFO - -> Analyzing version 2.1.0 (79/286)...
2025-11-09 16:34:43,420 - BlankSpaceAnalyzer - INFO - -> Analyzing version 2.1.0-rc.0 (80/286)...
2025-11-09 16:34:43,456 - BlankSpaceAnalyzer - INFO - -> Analyzing version 2.1.0-rc.1 (81/286)...
2025-11-09 16:34:43,492 - BlankSpaceAnalyzer - INFO - -> Analyzing version 2.1.0-rc.10 (82/286)...
2025-11-09 16:34:43,531 - BlankSpaceAnalyzer - INFO - -> Analyzing version 2.1.0-rc.11 (83/286)...
2025-11-09 16:34:43,566 - BlankSpaceAnalyzer - INFO - -> Analyzing version 2.1.0-rc.12 (84/286)...
2025-11-09 16:34:43,603 - BlankSpaceAnalyzer - INFO - -> Analyzing version 2.1.0-rc.13 (85/286)...
2025-11-09 16:34:43,641 - BlankSpaceAnalyzer - INFO - -> Analyzing version 2.1.0-rc.14 (86/286)...
2025-11-09 16:34:43,678 - BlankSpaceAnalyzer - INFO - -> Analyzing version 2.1.0-rc.2 (87/286)...
2025-11-09 16:34:43,714 - BlankSpaceAnalyzer - INFO - -> Analyzing version 2.1.0-rc.3 (88/286)...
2025-11-09 16:34:43,750 - BlankSpaceAnalyzer - INFO - -> Analyzing version 2.1.0-rc.4 (89/286)...
2025-11-09 16:34:43,786 - BlankSpaceAnalyzer - INFO - -> Analyzing version 2.1.0-rc.5 (90/286)...
2025-11-09 16:34:43,822 - BlankSpaceAnalyzer - INFO - -> Analyzing version 2.1.0-rc.8 (91/286)...
2025-11-09 16:34:43,858 - BlankSpaceAnalyzer - INFO - -> Analyzing version 2.1.0-rc.9 (92/286)...
2025-11-09 16:34:43,894 - BlankSpaceAnalyzer - INFO - -> Analyzing version 2.1.1 (93/286)...
2025-11-09 16:34:43,931 - BlankSpaceAnalyzer - INFO - -> Analyzing version 2.1.10 (94/286)...
2025-11-09 16:34:43,967 - BlankSpaceAnalyzer - INFO - -> Analyzing version 2.1.11 (95/286)...
2025-11-09 16:34:44,003 - BlankSpaceAnalyzer - INFO - -> Analyzing version 2.1.12 (96/286)...
2025-11-09 16:34:44,039 - BlankSpaceAnalyzer - INFO - -> Analyzing version 2.1.13 (97/286)...
2025-11-09 16:34:44,075 - BlankSpaceAnalyzer - INFO - -> Analyzing version 2.1.14 (98/286)...
2025-11-09 16:34:44,112 - BlankSpaceAnalyzer - INFO - -> Analyzing version 2.1.15 (99/286)...
2025-11-09 16:34:44,148 - BlankSpaceAnalyzer - INFO - -> Analyzing version 2.1.16 (100/286)...
2025-11-09 16:34:44,184 - BlankSpaceAnalyzer - INFO - -> Analyzing version 2.1.2 (101/286)...
2025-11-09 16:34:44,220 - BlankSpaceAnalyzer - INFO - -> Analyzing version 2.1.3 (102/286)...
2025-11-09 16:34:44,256 - BlankSpaceAnalyzer - INFO - -> Analyzing version 2.1.4 (103/286)...
2025-11-09 16:34:44,293 - BlankSpaceAnalyzer - INFO - -> Analyzing version 2.1.6 (104/286)...
2025-11-09 16:34:44,329 - BlankSpaceAnalyzer - INFO - -> Analyzing version 2.1.7 (105/286)...
2025-11-09 16:34:44,367 - BlankSpaceAnalyzer - INFO - -> Analyzing version 2.1.8 (106/286)...
2025-11-09 16:34:44,402 - BlankSpaceAnalyzer - INFO - -> Analyzing version 2.1.9 (107/286)...
2025-11-09 16:34:44,439 - BlankSpaceAnalyzer - INFO - -> Analyzing version 2.10.0 (108/286)...
2025-11-09 16:34:44,475 - BlankSpaceAnalyzer - INFO - -> Analyzing version 2.10.1 (109/286)...
2025-11-09 16:34:44,512 - BlankSpaceAnalyzer - INFO - -> Analyzing version 2.10.2 (110/286)...
2025-11-09 16:34:44,548 - BlankSpaceAnalyzer - INFO - -> Analyzing version 2.10.3 (111/286)...
2025-11-09 16:34:44,584 - BlankSpaceAnalyzer - INFO - -> Analyzing version 2.10.4 (112/286)...
2025-11-09 16:34:44,620 - BlankSpaceAnalyzer - INFO - -> Analyzing version 2.11.0 (113/286)...
2025-11-09 16:34:44,656 - BlankSpaceAnalyzer - INFO - -> Analyzing version 2.11.1 (114/286)...
2025-11-09 16:34:44,692 - BlankSpaceAnalyzer - INFO - -> Analyzing version 2.11.2 (115/286)...
2025-11-09 16:34:44,727 - BlankSpaceAnalyzer - INFO - -> Analyzing version 2.11.3 (116/286)...
2025-11-09 16:34:44,763 - BlankSpaceAnalyzer - INFO - -> Analyzing version 2.11.4 (117/286)...
2025-11-09 16:34:44,799 - BlankSpaceAnalyzer - INFO - -> Analyzing version 2.11.5 (118/286)...
2025-11-09 16:34:44,835 - BlankSpaceAnalyzer - INFO - -> Analyzing version 2.11.6 (119/286)...
2025-11-09 16:34:44,872 - BlankSpaceAnalyzer - INFO - -> Analyzing version 2.11.7 (120/286)...
2025-11-09 16:34:44,908 - BlankSpaceAnalyzer - INFO - -> Analyzing version 2.11.9 (121/286)...
2025-11-09 16:34:44,944 - BlankSpaceAnalyzer - INFO - -> Analyzing version 2.12.0 (122/286)...
2025-11-09 16:34:44,980 - BlankSpaceAnalyzer - INFO - -> Analyzing version 2.13.0 (123/286)...
2025-11-09 16:34:45,016 - BlankSpaceAnalyzer - INFO - -> Analyzing version 2.14.0 (124/286)...
2025-11-09 16:34:45,053 - BlankSpaceAnalyzer - INFO - -> Analyzing version 2.14.1 (125/286)...
2025-11-09 16:34:45,089 - BlankSpaceAnalyzer - INFO - -> Analyzing version 2.2.0 (126/286)...
2025-11-09 16:34:45,125 - BlankSpaceAnalyzer - INFO - -> Analyzing version 2.2.0-rc.3 (127/286)...
2025-11-09 16:34:45,161 - BlankSpaceAnalyzer - INFO - -> Analyzing version 2.2.0-rc.4 (128/286)...
2025-11-09 16:34:45,197 - BlankSpaceAnalyzer - INFO - -> Analyzing version 2.2.0-rc.5 (129/286)...
2025-11-09 16:34:45,235 - BlankSpaceAnalyzer - INFO - -> Analyzing version 2.2.0-rc.6 (130/286)...
2025-11-09 16:34:45,270 - BlankSpaceAnalyzer - INFO - -> Analyzing version 2.2.0-rc.7 (131/286)...
2025-11-09 16:34:45,306 - BlankSpaceAnalyzer - INFO - -> Analyzing version 2.2.0-rc.8 (132/286)...
2025-11-09 16:34:45,342 - BlankSpaceAnalyzer - INFO - -> Analyzing version 2.2.1 (133/286)...
2025-11-09 16:34:45,378 - BlankSpaceAnalyzer - INFO - -> Analyzing version 2.2.2 (134/286)...
2025-11-09 16:34:45,415 - BlankSpaceAnalyzer - INFO - -> Analyzing version 2.2.3 (135/286)...
2025-11-09 16:34:45,451 - BlankSpaceAnalyzer - INFO - -> Analyzing version 2.2.4 (136/286)...
2025-11-09 16:34:45,488 - BlankSpaceAnalyzer - INFO - -> Analyzing version 2.2.5 (137/286)...
2025-11-09 16:34:45,524 - BlankSpaceAnalyzer - INFO - -> Analyzing version 2.2.6 (138/286)...
2025-11-09 16:34:45,560 - BlankSpaceAnalyzer - INFO - -> Analyzing version 2.22.0 (139/286)...
2025-11-09 16:34:45,596 - BlankSpaceAnalyzer - INFO - -> Analyzing version 2.22.1 (140/286)...
2025-11-09 16:34:45,632 - BlankSpaceAnalyzer - INFO - -> Analyzing version 2.22.2 (141/286)...
2025-11-09 16:34:45,668 - BlankSpaceAnalyzer - INFO - -> Analyzing version 2.22.3 (142/286)...
2025-11-09 16:34:45,705 - BlankSpaceAnalyzer - INFO - -> Analyzing version 2.23.0 (143/286)...
2025-11-09 16:34:45,741 - BlankSpaceAnalyzer - INFO - -> Analyzing version 2.23.1 (144/286)...
2025-11-09 16:34:45,779 - BlankSpaceAnalyzer - INFO - -> Analyzing version 2.24.0 (145/286)...
2025-11-09 16:34:45,814 - BlankSpaceAnalyzer - INFO - -> Analyzing version 2.24.1 (146/286)...
2025-11-09 16:34:45,850 - BlankSpaceAnalyzer - INFO - -> Analyzing version 2.24.2 (147/286)...
2025-11-09 16:34:45,886 - BlankSpaceAnalyzer - INFO - -> Analyzing version 2.25.0 (148/286)...
2025-11-09 16:34:45,922 - BlankSpaceAnalyzer - INFO - -> Analyzing version 2.25.1 (149/286)...
2025-11-09 16:34:45,958 - BlankSpaceAnalyzer - INFO - -> Analyzing version 2.26.0 (150/286)...
2025-11-09 16:34:45,994 - BlankSpaceAnalyzer - INFO - -> Analyzing version 2.26.1 (151/286)...
2025-11-09 16:34:46,030 - BlankSpaceAnalyzer - INFO - -> Analyzing version 2.26.2 (152/286)...
2025-11-09 16:34:46,067 - BlankSpaceAnalyzer - INFO - -> Analyzing version 2.26.3 (153/286)...
2025-11-09 16:34:46,103 - BlankSpaceAnalyzer - INFO - -> Analyzing version 2.26.4 (154/286)...
2025-11-09 16:34:46,139 - BlankSpaceAnalyzer - INFO - -> Analyzing version 2.27.0 (155/286)...
2025-11-09 16:34:46,176 - BlankSpaceAnalyzer - INFO - -> Analyzing version 2.27.1 (156/286)...
2025-11-09 16:34:46,212 - BlankSpaceAnalyzer - INFO - -> Analyzing version 2.3.0 (157/286)...
2025-11-09 16:34:46,248 - BlankSpaceAnalyzer - INFO - -> Analyzing version 2.3.1 (158/286)...
2025-11-09 16:34:46,285 - BlankSpaceAnalyzer - INFO - -> Analyzing version 2.3.2 (159/286)...
2025-11-09 16:34:46,321 - BlankSpaceAnalyzer - INFO - -> Analyzing version 2.4.0 (160/286)...
2025-11-09 16:34:46,358 - BlankSpaceAnalyzer - INFO - -> Analyzing version 2.5.0 (161/286)...
2025-11-09 16:34:46,394 - BlankSpaceAnalyzer - INFO - -> Analyzing version 2.5.0-beta.0 (162/286)...
2025-11-09 16:34:46,430 - BlankSpaceAnalyzer - INFO - -> Analyzing version 2.5.0-beta.1 (163/286)...
2025-11-09 16:34:46,466 - BlankSpaceAnalyzer - INFO - -> Analyzing version 2.5.0-beta.2 (164/286)...
2025-11-09 16:34:46,502 - BlankSpaceAnalyzer - INFO - -> Analyzing version 2.5.0-beta.3 (165/286)...
2025-11-09 16:34:46,538 - BlankSpaceAnalyzer - INFO - -> Analyzing version 2.5.0-beta.4 (166/286)...
2025-11-09 16:34:46,575 - BlankSpaceAnalyzer - INFO - -> Analyzing version 2.5.0-beta.5 (167/286)...
2025-11-09 16:34:46,613 - BlankSpaceAnalyzer - INFO - -> Analyzing version 2.5.0-beta.6 (168/286)...
2025-11-09 16:34:46,649 - BlankSpaceAnalyzer - INFO - -> Analyzing version 2.5.0-pre.10 (169/286)...
2025-11-09 16:34:46,687 - BlankSpaceAnalyzer - INFO - -> Analyzing version 2.5.0-pre.11 (170/286)...
2025-11-09 16:34:46,723 - BlankSpaceAnalyzer - INFO - -> Analyzing version 2.5.0-pre.13 (171/286)...
2025-11-09 16:34:46,760 - BlankSpaceAnalyzer - INFO - -> Analyzing version 2.5.0-pre.14 (172/286)...
2025-11-09 16:34:46,798 - BlankSpaceAnalyzer - INFO - -> Analyzing version 2.5.0-pre.15 (173/286)...
2025-11-09 16:34:46,835 - BlankSpaceAnalyzer - INFO - -> Analyzing version 2.5.0-pre.16 (174/286)...
2025-11-09 16:34:46,872 - BlankSpaceAnalyzer - INFO - -> Analyzing version 2.5.0-pre.8 (175/286)...
2025-11-09 16:34:46,909 - BlankSpaceAnalyzer - INFO - -> Analyzing version 2.5.0-pre.9 (176/286)...
2025-11-09 16:34:46,946 - BlankSpaceAnalyzer - INFO - -> Analyzing version 2.5.1 (177/286)...
2025-11-09 16:34:46,982 - BlankSpaceAnalyzer - INFO - -> Analyzing version 2.5.2 (178/286)...
2025-11-09 16:34:47,020 - BlankSpaceAnalyzer - INFO - -> Analyzing version 2.5.3 (179/286)...
2025-11-09 16:34:47,060 - BlankSpaceAnalyzer - INFO - -> Analyzing version 2.5.4 (180/286)...
2025-11-09 16:34:47,098 - BlankSpaceAnalyzer - INFO - -> Analyzing version 2.5.5 (181/286)...
2025-11-09 16:34:47,135 - BlankSpaceAnalyzer - INFO - -> Analyzing version 2.5.6 (182/286)...
2025-11-09 16:34:47,171 - BlankSpaceAnalyzer - INFO - -> Analyzing version 2.5.7 (183/286)...
2025-11-09 16:34:47,208 - BlankSpaceAnalyzer - INFO - -> Analyzing version 2.5.8 (184/286)...
2025-11-09 16:34:47,245 - BlankSpaceAnalyzer - INFO - -> Analyzing version 2.5.9 (185/286)...
2025-11-09 16:34:47,282 - BlankSpaceAnalyzer - INFO - -> Analyzing version 2.6.0 (186/286)...
2025-11-09 16:34:47,320 - BlankSpaceAnalyzer - INFO - -> Analyzing version 2.6.1 (187/286)...
2025-11-09 16:34:47,357 - BlankSpaceAnalyzer - INFO - -> Analyzing version 2.6.2 (188/286)...
2025-11-09 16:34:47,393 - BlankSpaceAnalyzer - INFO - -> Analyzing version 2.6.3 (189/286)...
2025-11-09 16:34:47,431 - BlankSpaceAnalyzer - INFO - -> Analyzing version 2.6.4 (190/286)...
2025-11-09 16:34:47,468 - BlankSpaceAnalyzer - INFO - -> Analyzing version 2.6.5 (191/286)...
2025-11-09 16:34:47,504 - BlankSpaceAnalyzer - INFO - -> Analyzing version 2.6.6 (192/286)...
2025-11-09 16:34:47,541 - BlankSpaceAnalyzer - INFO - -> Analyzing version 2.7.0 (193/286)...
2025-11-09 16:34:47,578 - BlankSpaceAnalyzer - INFO - -> Analyzing version 2.7.0-pre.0 (194/286)...
2025-11-09 16:34:47,615 - BlankSpaceAnalyzer - INFO - -> Analyzing version 2.7.1 (195/286)...
2025-11-09 16:34:47,652 - BlankSpaceAnalyzer - INFO - -> Analyzing version 2.7.2 (196/286)...
2025-11-09 16:34:47,689 - BlankSpaceAnalyzer - INFO - -> Analyzing version 2.7.3 (197/286)...
2025-11-09 16:34:47,725 - BlankSpaceAnalyzer - INFO - -> Analyzing version 2.7.4 (198/286)...
2025-11-09 16:34:47,762 - BlankSpaceAnalyzer - INFO - -> Analyzing version 2.8.0 (199/286)...
2025-11-09 16:34:47,798 - BlankSpaceAnalyzer - INFO - -> Analyzing version 2.9.0 (200/286)...
2025-11-09 16:34:47,834 - BlankSpaceAnalyzer - INFO - -> Analyzing version 2.9.1 (201/286)...
2025-11-09 16:34:47,870 - BlankSpaceAnalyzer - INFO - -> Analyzing version 3.0.0 (202/286)...
2025-11-09 16:34:47,907 - BlankSpaceAnalyzer - INFO - -> Analyzing version 3.0.0-beta.0 (203/286)...
2025-11-09 16:34:47,907 - BlankSpaceAnalyzer - INFO - -> Analyzing version 3.0.0-beta.1 (204/286)...
2025-11-09 16:34:47,908 - BlankSpaceAnalyzer - INFO - -> Analyzing version 3.0.0-beta.10 (205/286)...
2025-11-09 16:34:47,908 - BlankSpaceAnalyzer - INFO - -> Analyzing version 3.0.0-beta.11 (206/286)...
2025-11-09 16:34:47,908 - BlankSpaceAnalyzer - INFO - -> Analyzing version 3.0.0-beta.12 (207/286)...
2025-11-09 16:34:47,909 - BlankSpaceAnalyzer - INFO - -> Analyzing version 3.0.0-beta.14 (208/286)...
2025-11-09 16:34:47,909 - BlankSpaceAnalyzer - INFO - -> Analyzing version 3.0.0-beta.15 (209/286)...
2025-11-09 16:34:47,909 - BlankSpaceAnalyzer - INFO - -> Analyzing version 3.0.0-beta.16 (210/286)...
2025-11-09 16:34:47,909 - BlankSpaceAnalyzer - INFO - -> Analyzing version 3.0.0-beta.17 (211/286)...
2025-11-09 16:34:47,910 - BlankSpaceAnalyzer - INFO - -> Analyzing version 3.0.0-beta.18 (212/286)...
2025-11-09 16:34:47,910 - BlankSpaceAnalyzer - INFO - -> Analyzing version 3.0.0-beta.19 (213/286)...
2025-11-09 16:34:47,910 - BlankSpaceAnalyzer - INFO - -> Analyzing version 3.0.0-beta.2 (214/286)...
2025-11-09 16:34:47,910 - BlankSpaceAnalyzer - INFO - -> Analyzing version 3.0.0-beta.21 (215/286)...
2025-11-09 16:34:47,911 - BlankSpaceAnalyzer - INFO - -> Analyzing version 3.0.0-beta.22 (216/286)...
2025-11-09 16:34:47,911 - BlankSpaceAnalyzer - INFO - -> Analyzing version 3.0.0-beta.23 (217/286)...
2025-11-09 16:34:47,911 - BlankSpaceAnalyzer - INFO - -> Analyzing version 3.0.0-beta.24 (218/286)...
2025-11-09 16:34:47,912 - BlankSpaceAnalyzer - INFO - -> Analyzing version 3.0.0-beta.25 (219/286)...
2025-11-09 16:34:47,912 - BlankSpaceAnalyzer - INFO - -> Analyzing version 3.0.0-beta.26 (220/286)...
2025-11-09 16:34:47,912 - BlankSpaceAnalyzer - INFO - -> Analyzing version 3.0.0-beta.27 (221/286)...
2025-11-09 16:34:47,912 - BlankSpaceAnalyzer - INFO - -> Analyzing version 3.0.0-beta.28 (222/286)...
2025-11-09 16:34:47,913 - BlankSpaceAnalyzer - INFO - -> Analyzing version 3.0.0-beta.29 (223/286)...
2025-11-09 16:34:47,913 - BlankSpaceAnalyzer - INFO - -> Analyzing version 3.0.0-beta.3 (224/286)...
2025-11-09 16:34:47,913 - BlankSpaceAnalyzer - INFO - -> Analyzing version 3.0.0-beta.30 (225/286)...
2025-11-09 16:34:47,914 - BlankSpaceAnalyzer - INFO - -> Analyzing version 3.0.0-beta.4 (226/286)...
2025-11-09 16:34:47,914 - BlankSpaceAnalyzer - INFO - -> Analyzing version 3.0.0-beta.5 (227/286)...
2025-11-09 16:34:47,914 - BlankSpaceAnalyzer - INFO - -> Analyzing version 3.0.0-beta.6 (228/286)...
2025-11-09 16:34:47,914 - BlankSpaceAnalyzer - INFO - -> Analyzing version 3.0.0-beta.7 (229/286)...
2025-11-09 16:34:47,915 - BlankSpaceAnalyzer - INFO - -> Analyzing version 3.0.0-beta.8 (230/286)...
2025-11-09 16:34:47,915 - BlankSpaceAnalyzer - INFO - -> Analyzing version 3.0.0-beta.9 (231/286)...
2025-11-09 16:34:47,915 - BlankSpaceAnalyzer - INFO - -> Analyzing version 3.0.0-next.0 (232/286)...
2025-11-09 16:34:47,953 - BlankSpaceAnalyzer - INFO - -> Analyzing version 3.0.0-next.1 (233/286)...
2025-11-09 16:34:47,953 - BlankSpaceAnalyzer - INFO - -> Analyzing version 3.0.0-next.2 (234/286)...
2025-11-09 16:34:47,954 - BlankSpaceAnalyzer - INFO - -> Analyzing version 3.0.0-next.3 (235/286)...
2025-11-09 16:34:47,954 - BlankSpaceAnalyzer - INFO - -> Analyzing version 3.0.0-next.4 (236/286)...
2025-11-09 16:34:47,954 - BlankSpaceAnalyzer - INFO - -> Analyzing version 3.0.0-next.5 (237/286)...
2025-11-09 16:34:47,955 - BlankSpaceAnalyzer - INFO - -> Analyzing version 3.0.0-next.6 (238/286)...
2025-11-09 16:34:47,955 - BlankSpaceAnalyzer - INFO - -> Analyzing version 3.0.0-next.7 (239/286)...
2025-11-09 16:34:47,955 - BlankSpaceAnalyzer - INFO - -> Analyzing version 3.0.0-next.8 (240/286)...
2025-11-09 16:34:47,955 - BlankSpaceAnalyzer - INFO - -> Analyzing version 3.0.1 (241/286)...
2025-11-09 16:34:47,956 - BlankSpaceAnalyzer - INFO - -> Analyzing version 3.0.2 (242/286)...
2025-11-09 16:34:47,956 - BlankSpaceAnalyzer - INFO - -> Analyzing version 3.0.2-beta.0 (243/286)...
2025-11-09 16:34:47,956 - BlankSpaceAnalyzer - INFO - -> Analyzing version 3.0.3 (244/286)...
2025-11-09 16:34:47,956 - BlankSpaceAnalyzer - INFO - -> Analyzing version 3.0.4 (245/286)...
2025-11-09 16:34:47,957 - BlankSpaceAnalyzer - INFO - -> Analyzing version 3.0.5 (246/286)...
2025-11-09 16:34:47,957 - BlankSpaceAnalyzer - INFO - -> Analyzing version 3.0.6 (247/286)...
2025-11-09 16:34:47,957 - BlankSpaceAnalyzer - INFO - -> Analyzing version 3.0.7 (248/286)...
2025-11-09 16:34:47,958 - BlankSpaceAnalyzer - INFO - -> Analyzing version 3.0.8 (249/286)...
2025-11-09 16:34:47,958 - BlankSpaceAnalyzer - INFO - -> Analyzing version 3.0.9 (250/286)...
2025-11-09 16:34:47,958 - BlankSpaceAnalyzer - INFO - -> Analyzing version 3.1.0 (251/286)...
2025-11-09 16:34:47,958 - BlankSpaceAnalyzer - INFO - -> Analyzing version 3.10.0 (252/286)...
2025-11-09 16:34:47,959 - BlankSpaceAnalyzer - INFO - -> Analyzing version 3.10.1 (253/286)...
2025-11-09 16:34:47,959 - BlankSpaceAnalyzer - INFO - -> Analyzing version 3.10.2 (254/286)...
2025-11-09 16:34:47,959 - BlankSpaceAnalyzer - INFO - -> Analyzing version 3.10.3 (255/286)...
2025-11-09 16:34:47,959 - BlankSpaceAnalyzer - INFO - -> Analyzing version 3.10.4 (256/286)...
2025-11-09 16:34:47,960 - BlankSpaceAnalyzer - INFO - -> Analyzing version 3.2.0 (257/286)...
2025-11-09 16:34:47,960 - BlankSpaceAnalyzer - INFO - -> Analyzing version 3.2.1 (258/286)...
2025-11-09 16:34:47,960 - BlankSpaceAnalyzer - INFO - -> Analyzing version 3.2.2 (259/286)...
2025-11-09 16:34:47,961 - BlankSpaceAnalyzer - INFO - -> Analyzing version 3.3.0 (260/286)...
2025-11-09 16:34:47,961 - BlankSpaceAnalyzer - INFO - -> Analyzing version 3.3.1 (261/286)...
2025-11-09 16:34:47,961 - BlankSpaceAnalyzer - INFO - -> Analyzing version 3.4.0 (262/286)...
2025-11-09 16:34:47,961 - BlankSpaceAnalyzer - INFO - -> Analyzing version 3.4.1 (263/286)...
2025-11-09 16:34:47,962 - BlankSpaceAnalyzer - INFO - -> Analyzing version 3.4.2 (264/286)...
2025-11-09 16:34:47,962 - BlankSpaceAnalyzer - INFO - -> Analyzing version 3.4.3 (265/286)...
2025-11-09 16:34:47,962 - BlankSpaceAnalyzer - INFO - -> Analyzing version 3.4.4 (266/286)...
2025-11-09 16:34:47,962 - BlankSpaceAnalyzer - INFO - -> Analyzing version 3.4.5 (267/286)...
2025-11-09 16:34:47,963 - BlankSpaceAnalyzer - INFO - -> Analyzing version 3.4.6 (268/286)...
2025-11-09 16:34:47,963 - BlankSpaceAnalyzer - INFO - -> Analyzing version 3.5.0 (269/286)...
2025-11-09 16:34:47,963 - BlankSpaceAnalyzer - INFO - -> Analyzing version 3.5.1 (270/286)...
2025-11-09 16:34:47,963 - BlankSpaceAnalyzer - INFO - -> Analyzing version 3.5.2 (271/286)...
2025-11-09 16:34:47,964 - BlankSpaceAnalyzer - INFO - -> Analyzing version 3.5.3 (272/286)...
2025-11-09 16:34:47,964 - BlankSpaceAnalyzer - INFO - -> Analyzing version 3.6.0 (273/286)...
2025-11-09 16:34:47,964 - BlankSpaceAnalyzer - INFO - -> Analyzing version 3.6.1 (274/286)...
2025-11-09 16:34:47,965 - BlankSpaceAnalyzer - INFO - -> Analyzing version 3.6.2 (275/286)...
2025-11-09 16:34:47,965 - BlankSpaceAnalyzer - INFO - -> Analyzing version 3.6.3 (276/286)...
2025-11-09 16:34:47,965 - BlankSpaceAnalyzer - INFO - -> Analyzing version 3.6.4 (277/286)...
2025-11-09 16:34:47,965 - BlankSpaceAnalyzer - INFO - -> Analyzing version 3.6.5 (278/286)...
2025-11-09 16:34:47,966 - BlankSpaceAnalyzer - INFO - -> Analyzing version 3.6.6 (279/286)...
2025-11-09 16:34:47,966 - BlankSpaceAnalyzer - INFO - -> Analyzing version 3.6.7 (280/286)...
2025-11-09 16:34:47,966 - BlankSpaceAnalyzer - INFO - -> Analyzing version 3.7.0 (281/286)...
2025-11-09 16:34:47,967 - BlankSpaceAnalyzer - INFO - -> Analyzing version 3.7.1 (282/286)...
2025-11-09 16:34:47,967 - BlankSpaceAnalyzer - INFO - -> Analyzing version 3.7.2 (283/286)...
2025-11-09 16:34:47,967 - BlankSpaceAnalyzer - INFO - -> Analyzing version 3.8.0 (284/286)...
2025-11-09 16:34:47,967 - BlankSpaceAnalyzer - INFO - -> Analyzing version 3.9.0 (285/286)...
2025-11-09 16:34:47,968 - BlankSpaceAnalyzer - INFO - -> Analyzing version 3.9.1 (286/286)...
2025-11-09 16:34:47,968 - BlankSpaceAnalyzer - INFO - Exporting results for '@tiptap/extension-text-align' to CSV...
2025-11-09 16:34:48,244 - BlankSpaceAnalyzer - INFO - Reports saved in: /app/npm_results/@tiptap_extension-text-align
2025-11-09 16:34:48,244 - NPM_Analyzer - INFO - Cleaning temporary folder 'temp/@tiptap_extension-text-align'...
2025-11-09 16:34:48,445 - NPM_Analyzer - INFO - Cleanup completed.
2025-11-10 03:01:12,117 - NPM_Analyzer - INFO - Fetching metadata for '@tiptap/extension-text-align'...
2025-11-10 03:01:12,379 - NPM_Analyzer - INFO - Found 286 versions. Starting download into 'temp/@tiptap_extension-text-align'...
2025-11-10 03:05:18,548 - BlankSpaceAnalyzer - INFO - Analyzing 286 versions for '*.js' in '@tiptap_extension-text-align'.
2025-11-10 03:05:18,548 - BlankSpaceAnalyzer - INFO - -> Analyzing version 1.0.0-alpha.1 (1/286)...
2025-11-10 03:05:18,604 - BlankSpaceAnalyzer - INFO - -> Analyzing version 1.0.0-alpha.2 (2/286)...
2025-11-10 03:05:18,637 - BlankSpaceAnalyzer - INFO - -> Analyzing version 2.0.0 (3/286)...
2025-11-10 03:05:18,673 - BlankSpaceAnalyzer - INFO - -> Analyzing version 2.0.0-alpha.1 (4/286)...
2025-11-10 03:05:18,708 - BlankSpaceAnalyzer - INFO - -> Analyzing version 2.0.0-alpha.10 (5/286)...
2025-11-10 03:05:18,744 - BlankSpaceAnalyzer - INFO - -> Analyzing version 2.0.0-alpha.11 (6/286)...
2025-11-10 03:05:18,781 - BlankSpaceAnalyzer - INFO - -> Analyzing version 2.0.0-alpha.12 (7/286)...
2025-11-10 03:05:18,818 - BlankSpaceAnalyzer - INFO - -> Analyzing version 2.0.0-alpha.2 (8/286)...
2025-11-10 03:05:18,853 - BlankSpaceAnalyzer - INFO - -> Analyzing version 2.0.0-alpha.3 (9/286)...
2025-11-10 03:05:18,889 - BlankSpaceAnalyzer - INFO - -> Analyzing version 2.0.0-alpha.4 (10/286)...
2025-11-10 03:05:18,926 - BlankSpaceAnalyzer - INFO - -> Analyzing version 2.0.0-alpha.5 (11/286)...
2025-11-10 03:05:18,962 - BlankSpaceAnalyzer - INFO - -> Analyzing version 2.0.0-alpha.6 (12/286)...
2025-11-10 03:05:19,000 - BlankSpaceAnalyzer - INFO - -> Analyzing version 2.0.0-alpha.7 (13/286)...
2025-11-10 03:05:19,038 - BlankSpaceAnalyzer - INFO - -> Analyzing version 2.0.0-alpha.8 (14/286)...
2025-11-10 03:05:19,073 - BlankSpaceAnalyzer - INFO - -> Analyzing version 2.0.0-alpha.9 (15/286)...
2025-11-10 03:05:19,110 - BlankSpaceAnalyzer - INFO - -> Analyzing version 2.0.0-beta.1 (16/286)...
2025-11-10 03:05:19,146 - BlankSpaceAnalyzer - INFO - -> Analyzing version 2.0.0-beta.10 (17/286)...
2025-11-10 03:05:19,182 - BlankSpaceAnalyzer - INFO - -> Analyzing version 2.0.0-beta.11 (18/286)...
2025-11-10 03:05:19,219 - BlankSpaceAnalyzer - INFO - -> Analyzing version 2.0.0-beta.12 (19/286)...
2025-11-10 03:05:19,257 - BlankSpaceAnalyzer - INFO - -> Analyzing version 2.0.0-beta.13 (20/286)...
2025-11-10 03:05:19,293 - BlankSpaceAnalyzer - INFO - -> Analyzing version 2.0.0-beta.14 (21/286)...
2025-11-10 03:05:19,330 - BlankSpaceAnalyzer - INFO - -> Analyzing version 2.0.0-beta.15 (22/286)...
2025-11-10 03:05:19,366 - BlankSpaceAnalyzer - INFO - -> Analyzing version 2.0.0-beta.16 (23/286)...
2025-11-10 03:05:19,402 - BlankSpaceAnalyzer - INFO - -> Analyzing version 2.0.0-beta.17 (24/286)...
2025-11-10 03:05:19,439 - BlankSpaceAnalyzer - INFO - -> Analyzing version 2.0.0-beta.18 (25/286)...
2025-11-10 03:05:19,475 - BlankSpaceAnalyzer - INFO - -> Analyzing version 2.0.0-beta.19 (26/286)...
2025-11-10 03:05:19,511 - BlankSpaceAnalyzer - INFO - -> Analyzing version 2.0.0-beta.194 (27/286)...
2025-11-10 03:05:19,548 - BlankSpaceAnalyzer - INFO - -> Analyzing version 2.0.0-beta.195 (28/286)...
2025-11-10 03:05:19,584 - BlankSpaceAnalyzer - INFO - -> Analyzing version 2.0.0-beta.196 (29/286)...
2025-11-10 03:05:19,621 - BlankSpaceAnalyzer - INFO - -> Analyzing version 2.0.0-beta.197 (30/286)...
2025-11-10 03:05:19,657 - BlankSpaceAnalyzer - INFO - -> Analyzing version 2.0.0-beta.198 (31/286)...
2025-11-10 03:05:19,693 - BlankSpaceAnalyzer - INFO - -> Analyzing version 2.0.0-beta.199 (32/286)...
2025-11-10 03:05:19,730 - BlankSpaceAnalyzer - INFO - -> Analyzing version 2.0.0-beta.2 (33/286)...
2025-11-10 03:05:19,766 - BlankSpaceAnalyzer - INFO - -> Analyzing version 2.0.0-beta.20 (34/286)...
2025-11-10 03:05:19,802 - BlankSpaceAnalyzer - INFO - -> Analyzing version 2.0.0-beta.200 (35/286)...
2025-11-10 03:05:19,838 - BlankSpaceAnalyzer - INFO - -> Analyzing version 2.0.0-beta.201 (36/286)...
2025-11-10 03:05:19,875 - BlankSpaceAnalyzer - INFO - -> Analyzing version 2.0.0-beta.202 (37/286)...
2025-11-10 03:05:19,911 - BlankSpaceAnalyzer - INFO - -> Analyzing version 2.0.0-beta.203 (38/286)...
2025-11-10 03:05:19,911 - BlankSpaceAnalyzer - INFO - -> Analyzing version 2.0.0-beta.204 (39/286)...
2025-11-10 03:05:19,948 - BlankSpaceAnalyzer - INFO - -> Analyzing version 2.0.0-beta.205 (40/286)...
2025-11-10 03:05:19,985 - BlankSpaceAnalyzer - INFO - -> Analyzing version 2.0.0-beta.206 (41/286)...
2025-11-10 03:05:20,021 - BlankSpaceAnalyzer - INFO - -> Analyzing version 2.0.0-beta.207 (42/286)...
2025-11-10 03:05:20,058 - BlankSpaceAnalyzer - INFO - -> Analyzing version 2.0.0-beta.208 (43/286)...
2025-11-10 03:05:20,094 - BlankSpaceAnalyzer - INFO - -> Analyzing version 2.0.0-beta.209 (44/286)...
2025-11-10 03:05:20,130 - BlankSpaceAnalyzer - INFO - -> Analyzing version 2.0.0-beta.21 (45/286)...
2025-11-10 03:05:20,166 - BlankSpaceAnalyzer - INFO - -> Analyzing version 2.0.0-beta.210 (46/286)...
2025-11-10 03:05:20,166 - BlankSpaceAnalyzer - INFO - -> Analyzing version 2.0.0-beta.211 (47/286)...
2025-11-10 03:05:20,167 - BlankSpaceAnalyzer - INFO - -> Analyzing version 2.0.0-beta.212 (48/286)...
2025-11-10 03:05:20,167 - BlankSpaceAnalyzer - INFO - -> Analyzing version 2.0.0-beta.213 (49/286)...
2025-11-10 03:05:20,167 - BlankSpaceAnalyzer - INFO - -> Analyzing version 2.0.0-beta.214 (50/286)...
2025-11-10 03:05:20,204 - BlankSpaceAnalyzer - INFO - -> Analyzing version 2.0.0-beta.215 (51/286)...
2025-11-10 03:05:20,241 - BlankSpaceAnalyzer - INFO - -> Analyzing version 2.0.0-beta.216 (52/286)...
2025-11-10 03:05:20,278 - BlankSpaceAnalyzer - INFO - -> Analyzing version 2.0.0-beta.217 (53/286)...
2025-11-10 03:05:20,313 - BlankSpaceAnalyzer - INFO - -> Analyzing version 2.0.0-beta.218 (54/286)...
2025-11-10 03:05:20,351 - BlankSpaceAnalyzer - INFO - -> Analyzing version 2.0.0-beta.219 (55/286)...
2025-11-10 03:05:20,386 - BlankSpaceAnalyzer - INFO - -> Analyzing version 2.0.0-beta.22 (56/286)...
2025-11-10 03:05:20,423 - BlankSpaceAnalyzer - INFO - -> Analyzing version 2.0.0-beta.220 (57/286)...
2025-11-10 03:05:20,460 - BlankSpaceAnalyzer - INFO - -> Analyzing version 2.0.0-beta.23 (58/286)...
2025-11-10 03:05:20,496 - BlankSpaceAnalyzer - INFO - -> Analyzing version 2.0.0-beta.24 (59/286)...
2025-11-10 03:05:20,532 - BlankSpaceAnalyzer - INFO - -> Analyzing version 2.0.0-beta.25 (60/286)...
2025-11-10 03:05:20,569 - BlankSpaceAnalyzer - INFO - -> Analyzing version 2.0.0-beta.27 (61/286)...
2025-11-10 03:05:20,569 - BlankSpaceAnalyzer - INFO - -> Analyzing version 2.0.0-beta.28 (62/286)...
2025-11-10 03:05:20,605 - BlankSpaceAnalyzer - INFO - -> Analyzing version 2.0.0-beta.29 (63/286)...
2025-11-10 03:05:20,641 - BlankSpaceAnalyzer - INFO - -> Analyzing version 2.0.0-beta.3 (64/286)...
2025-11-10 03:05:20,679 - BlankSpaceAnalyzer - INFO - -> Analyzing version 2.0.0-beta.31 (65/286)...
2025-11-10 03:05:20,714 - BlankSpaceAnalyzer - INFO - -> Analyzing version 2.0.0-beta.4 (66/286)...
2025-11-10 03:05:20,751 - BlankSpaceAnalyzer - INFO - -> Analyzing version 2.0.0-beta.5 (67/286)...
2025-11-10 03:05:20,788 - BlankSpaceAnalyzer - INFO - -> Analyzing version 2.0.0-beta.6 (68/286)...
2025-11-10 03:05:20,825 - BlankSpaceAnalyzer - INFO - -> Analyzing version 2.0.0-beta.7 (69/286)...
2025-11-10 03:05:20,863 - BlankSpaceAnalyzer - INFO - -> Analyzing version 2.0.0-beta.8 (70/286)...
2025-11-10 03:05:20,899 - BlankSpaceAnalyzer - INFO - -> Analyzing version 2.0.0-beta.9 (71/286)...
2025-11-10 03:05:20,935 - BlankSpaceAnalyzer - INFO - -> Analyzing version 2.0.0-rc.1 (72/286)...
2025-11-10 03:05:20,971 - BlankSpaceAnalyzer - INFO - -> Analyzing version 2.0.0-rc.2 (73/286)...
2025-11-10 03:05:21,008 - BlankSpaceAnalyzer - INFO - -> Analyzing version 2.0.0-rc.3 (74/286)...
2025-11-10 03:05:21,045 - BlankSpaceAnalyzer - INFO - -> Analyzing version 2.0.1 (75/286)...
2025-11-10 03:05:21,081 - BlankSpaceAnalyzer - INFO - -> Analyzing version 2.0.2 (76/286)...
2025-11-10 03:05:21,117 - BlankSpaceAnalyzer - INFO - -> Analyzing version 2.0.3 (77/286)...
2025-11-10 03:05:21,153 - BlankSpaceAnalyzer - INFO - -> Analyzing version 2.0.4 (78/286)...
2025-11-10 03:05:21,190 - BlankSpaceAnalyzer - INFO - -> Analyzing version 2.1.0 (79/286)...
2025-11-10 03:05:21,229 - BlankSpaceAnalyzer - INFO - -> Analyzing version 2.1.0-rc.0 (80/286)...
2025-11-10 03:05:21,266 - BlankSpaceAnalyzer - INFO - -> Analyzing version 2.1.0-rc.1 (81/286)...
2025-11-10 03:05:21,302 - BlankSpaceAnalyzer - INFO - -> Analyzing version 2.1.0-rc.10 (82/286)...
2025-11-10 03:05:21,340 - BlankSpaceAnalyzer - INFO - -> Analyzing version 2.1.0-rc.11 (83/286)...
2025-11-10 03:05:21,376 - BlankSpaceAnalyzer - INFO - -> Analyzing version 2.1.0-rc.12 (84/286)...
2025-11-10 03:05:21,412 - BlankSpaceAnalyzer - INFO - -> Analyzing version 2.1.0-rc.13 (85/286)...
2025-11-10 03:05:21,448 - BlankSpaceAnalyzer - INFO - -> Analyzing version 2.1.0-rc.14 (86/286)...
2025-11-10 03:05:21,484 - BlankSpaceAnalyzer - INFO - -> Analyzing version 2.1.0-rc.2 (87/286)...
2025-11-10 03:05:21,520 - BlankSpaceAnalyzer - INFO - -> Analyzing version 2.1.0-rc.3 (88/286)...
2025-11-10 03:05:21,557 - BlankSpaceAnalyzer - INFO - -> Analyzing version 2.1.0-rc.4 (89/286)...
2025-11-10 03:05:21,592 - BlankSpaceAnalyzer - INFO - -> Analyzing version 2.1.0-rc.5 (90/286)...
2025-11-10 03:05:21,628 - BlankSpaceAnalyzer - INFO - -> Analyzing version 2.1.0-rc.8 (91/286)...
2025-11-10 03:05:21,665 - BlankSpaceAnalyzer - INFO - -> Analyzing version 2.1.0-rc.9 (92/286)...
2025-11-10 03:05:21,701 - BlankSpaceAnalyzer - INFO - -> Analyzing version 2.1.1 (93/286)...
2025-11-10 03:05:21,737 - BlankSpaceAnalyzer - INFO - -> Analyzing version 2.1.10 (94/286)...
2025-11-10 03:05:21,773 - BlankSpaceAnalyzer - INFO - -> Analyzing version 2.1.11 (95/286)...
2025-11-10 03:05:21,808 - BlankSpaceAnalyzer - INFO - -> Analyzing version 2.1.12 (96/286)...
2025-11-10 03:05:21,844 - BlankSpaceAnalyzer - INFO - -> Analyzing version 2.1.13 (97/286)...
2025-11-10 03:05:21,881 - BlankSpaceAnalyzer - INFO - -> Analyzing version 2.1.14 (98/286)...
2025-11-10 03:05:21,917 - BlankSpaceAnalyzer - INFO - -> Analyzing version 2.1.15 (99/286)...
2025-11-10 03:05:21,953 - BlankSpaceAnalyzer - INFO - -> Analyzing version 2.1.16 (100/286)...
2025-11-10 03:05:21,989 - BlankSpaceAnalyzer - INFO - -> Analyzing version 2.1.2 (101/286)...
2025-11-10 03:05:22,026 - BlankSpaceAnalyzer - INFO - -> Analyzing version 2.1.3 (102/286)...
2025-11-10 03:05:22,062 - BlankSpaceAnalyzer - INFO - -> Analyzing version 2.1.4 (103/286)...
2025-11-10 03:05:22,099 - BlankSpaceAnalyzer - INFO - -> Analyzing version 2.1.6 (104/286)...
2025-11-10 03:05:22,136 - BlankSpaceAnalyzer - INFO - -> Analyzing version 2.1.7 (105/286)...
2025-11-10 03:05:22,172 - BlankSpaceAnalyzer - INFO - -> Analyzing version 2.1.8 (106/286)...
2025-11-10 03:05:22,208 - BlankSpaceAnalyzer - INFO - -> Analyzing version 2.1.9 (107/286)...
2025-11-10 03:05:22,246 - BlankSpaceAnalyzer - INFO - -> Analyzing version 2.10.0 (108/286)...
2025-11-10 03:05:22,282 - BlankSpaceAnalyzer - INFO - -> Analyzing version 2.10.1 (109/286)...
2025-11-10 03:05:22,320 - BlankSpaceAnalyzer - INFO - -> Analyzing version 2.10.2 (110/286)...
2025-11-10 03:05:22,355 - BlankSpaceAnalyzer - INFO - -> Analyzing version 2.10.3 (111/286)...
2025-11-10 03:05:22,391 - BlankSpaceAnalyzer - INFO - -> Analyzing version 2.10.4 (112/286)...
2025-11-10 03:05:22,427 - BlankSpaceAnalyzer - INFO - -> Analyzing version 2.11.0 (113/286)...
2025-11-10 03:05:22,463 - BlankSpaceAnalyzer - INFO - -> Analyzing version 2.11.1 (114/286)...
2025-11-10 03:05:22,499 - BlankSpaceAnalyzer - INFO - -> Analyzing version 2.11.2 (115/286)...
2025-11-10 03:05:22,537 - BlankSpaceAnalyzer - INFO - -> Analyzing version 2.11.3 (116/286)...
2025-11-10 03:05:22,573 - BlankSpaceAnalyzer - INFO - -> Analyzing version 2.11.4 (117/286)...
2025-11-10 03:05:22,609 - BlankSpaceAnalyzer - INFO - -> Analyzing version 2.11.5 (118/286)...
2025-11-10 03:05:22,645 - BlankSpaceAnalyzer - INFO - -> Analyzing version 2.11.6 (119/286)...
2025-11-10 03:05:22,681 - BlankSpaceAnalyzer - INFO - -> Analyzing version 2.11.7 (120/286)...
2025-11-10 03:05:22,718 - BlankSpaceAnalyzer - INFO - -> Analyzing version 2.11.9 (121/286)...
2025-11-10 03:05:22,754 - BlankSpaceAnalyzer - INFO - -> Analyzing version 2.12.0 (122/286)...
2025-11-10 03:05:22,790 - BlankSpaceAnalyzer - INFO - -> Analyzing version 2.13.0 (123/286)...
2025-11-10 03:05:22,826 - BlankSpaceAnalyzer - INFO - -> Analyzing version 2.14.0 (124/286)...
2025-11-10 03:05:22,863 - BlankSpaceAnalyzer - INFO - -> Analyzing version 2.14.1 (125/286)...
2025-11-10 03:05:22,899 - BlankSpaceAnalyzer - INFO - -> Analyzing version 2.2.0 (126/286)...
2025-11-10 03:05:22,936 - BlankSpaceAnalyzer - INFO - -> Analyzing version 2.2.0-rc.3 (127/286)...
2025-11-10 03:05:22,973 - BlankSpaceAnalyzer - INFO - -> Analyzing version 2.2.0-rc.4 (128/286)...
2025-11-10 03:05:23,009 - BlankSpaceAnalyzer - INFO - -> Analyzing version 2.2.0-rc.5 (129/286)...
2025-11-10 03:05:23,046 - BlankSpaceAnalyzer - INFO - -> Analyzing version 2.2.0-rc.6 (130/286)...
2025-11-10 03:05:23,082 - BlankSpaceAnalyzer - INFO - -> Analyzing version 2.2.0-rc.7 (131/286)...
2025-11-10 03:05:23,119 - BlankSpaceAnalyzer - INFO - -> Analyzing version 2.2.0-rc.8 (132/286)...
2025-11-10 03:05:23,155 - BlankSpaceAnalyzer - INFO - -> Analyzing version 2.2.1 (133/286)...
2025-11-10 03:05:23,191 - BlankSpaceAnalyzer - INFO - -> Analyzing version 2.2.2 (134/286)...
2025-11-10 03:05:23,227 - BlankSpaceAnalyzer - INFO - -> Analyzing version 2.2.3 (135/286)...
2025-11-10 03:05:23,263 - BlankSpaceAnalyzer - INFO - -> Analyzing version 2.2.4 (136/286)...
2025-11-10 03:05:23,300 - BlankSpaceAnalyzer - INFO - -> Analyzing version 2.2.5 (137/286)...
2025-11-10 03:05:23,336 - BlankSpaceAnalyzer - INFO - -> Analyzing version 2.2.6 (138/286)...
2025-11-10 03:05:23,372 - BlankSpaceAnalyzer - INFO - -> Analyzing version 2.22.0 (139/286)...
2025-11-10 03:05:23,407 - BlankSpaceAnalyzer - INFO - -> Analyzing version 2.22.1 (140/286)...
2025-11-10 03:05:23,443 - BlankSpaceAnalyzer - INFO - -> Analyzing version 2.22.2 (141/286)...
2025-11-10 03:05:23,479 - BlankSpaceAnalyzer - INFO - -> Analyzing version 2.22.3 (142/286)...
2025-11-10 03:05:23,516 - BlankSpaceAnalyzer - INFO - -> Analyzing version 2.23.0 (143/286)...
2025-11-10 03:05:23,553 - BlankSpaceAnalyzer - INFO - -> Analyzing version 2.23.1 (144/286)...
2025-11-10 03:05:23,589 - BlankSpaceAnalyzer - INFO - -> Analyzing version 2.24.0 (145/286)...
2025-11-10 03:05:23,625 - BlankSpaceAnalyzer - INFO - -> Analyzing version 2.24.1 (146/286)...
2025-11-10 03:05:23,661 - BlankSpaceAnalyzer - INFO - -> Analyzing version 2.24.2 (147/286)...
2025-11-10 03:05:23,697 - BlankSpaceAnalyzer - INFO - -> Analyzing version 2.25.0 (148/286)...
2025-11-10 03:05:23,733 - BlankSpaceAnalyzer - INFO - -> Analyzing version 2.25.1 (149/286)...
2025-11-10 03:05:23,769 - BlankSpaceAnalyzer - INFO - -> Analyzing version 2.26.0 (150/286)...
2025-11-10 03:05:23,807 - BlankSpaceAnalyzer - INFO - -> Analyzing version 2.26.1 (151/286)...
2025-11-10 03:05:23,843 - BlankSpaceAnalyzer - INFO - -> Analyzing version 2.26.2 (152/286)...
2025-11-10 03:05:23,879 - BlankSpaceAnalyzer - INFO - -> Analyzing version 2.26.3 (153/286)...
2025-11-10 03:05:23,915 - BlankSpaceAnalyzer - INFO - -> Analyzing version 2.26.4 (154/286)...
2025-11-10 03:05:23,951 - BlankSpaceAnalyzer - INFO - -> Analyzing version 2.27.0 (155/286)...
2025-11-10 03:05:23,987 - BlankSpaceAnalyzer - INFO - -> Analyzing version 2.27.1 (156/286)...
2025-11-10 03:05:24,024 - BlankSpaceAnalyzer - INFO - -> Analyzing version 2.3.0 (157/286)...
2025-11-10 03:05:24,060 - BlankSpaceAnalyzer - INFO - -> Analyzing version 2.3.1 (158/286)...
2025-11-10 03:05:24,096 - BlankSpaceAnalyzer - INFO - -> Analyzing version 2.3.2 (159/286)...
2025-11-10 03:05:24,132 - BlankSpaceAnalyzer - INFO - -> Analyzing version 2.4.0 (160/286)...
2025-11-10 03:05:24,168 - BlankSpaceAnalyzer - INFO - -> Analyzing version 2.5.0 (161/286)...
2025-11-10 03:05:24,206 - BlankSpaceAnalyzer - INFO - -> Analyzing version 2.5.0-beta.0 (162/286)...
2025-11-10 03:05:24,242 - BlankSpaceAnalyzer - INFO - -> Analyzing version 2.5.0-beta.1 (163/286)...
2025-11-10 03:05:24,278 - BlankSpaceAnalyzer - INFO - -> Analyzing version 2.5.0-beta.2 (164/286)...
2025-11-10 03:05:24,315 - BlankSpaceAnalyzer - INFO - -> Analyzing version 2.5.0-beta.3 (165/286)...
2025-11-10 03:05:24,352 - BlankSpaceAnalyzer - INFO - -> Analyzing version 2.5.0-beta.4 (166/286)...
2025-11-10 03:05:24,389 - BlankSpaceAnalyzer - INFO - -> Analyzing version 2.5.0-beta.5 (167/286)...
2025-11-10 03:05:24,426 - BlankSpaceAnalyzer - INFO - -> Analyzing version 2.5.0-beta.6 (168/286)...
2025-11-10 03:05:24,463 - BlankSpaceAnalyzer - INFO - -> Analyzing version 2.5.0-pre.10 (169/286)...
2025-11-10 03:05:24,499 - BlankSpaceAnalyzer - INFO - -> Analyzing version 2.5.0-pre.11 (170/286)...
2025-11-10 03:05:24,537 - BlankSpaceAnalyzer - INFO - -> Analyzing version 2.5.0-pre.13 (171/286)...
2025-11-10 03:05:24,573 - BlankSpaceAnalyzer - INFO - -> Analyzing version 2.5.0-pre.14 (172/286)...
2025-11-10 03:05:24,610 - BlankSpaceAnalyzer - INFO - -> Analyzing version 2.5.0-pre.15 (173/286)...
2025-11-10 03:05:24,647 - BlankSpaceAnalyzer - INFO - -> Analyzing version 2.5.0-pre.16 (174/286)...
2025-11-10 03:05:24,686 - BlankSpaceAnalyzer - INFO - -> Analyzing version 2.5.0-pre.8 (175/286)...
2025-11-10 03:05:24,722 - BlankSpaceAnalyzer - INFO - -> Analyzing version 2.5.0-pre.9 (176/286)...
2025-11-10 03:05:24,759 - BlankSpaceAnalyzer - INFO - -> Analyzing version 2.5.1 (177/286)...
2025-11-10 03:05:24,796 - BlankSpaceAnalyzer - INFO - -> Analyzing version 2.5.2 (178/286)...
2025-11-10 03:05:24,833 - BlankSpaceAnalyzer - INFO - -> Analyzing version 2.5.3 (179/286)...
2025-11-10 03:05:24,870 - BlankSpaceAnalyzer - INFO - -> Analyzing version 2.5.4 (180/286)...
2025-11-10 03:05:24,907 - BlankSpaceAnalyzer - INFO - -> Analyzing version 2.5.5 (181/286)...
2025-11-10 03:05:24,944 - BlankSpaceAnalyzer - INFO - -> Analyzing version 2.5.6 (182/286)...
2025-11-10 03:05:24,980 - BlankSpaceAnalyzer - INFO - -> Analyzing version 2.5.7 (183/286)...
2025-11-10 03:05:25,018 - BlankSpaceAnalyzer - INFO - -> Analyzing version 2.5.8 (184/286)...
2025-11-10 03:05:25,055 - BlankSpaceAnalyzer - INFO - -> Analyzing version 2.5.9 (185/286)...
2025-11-10 03:05:25,092 - BlankSpaceAnalyzer - INFO - -> Analyzing version 2.6.0 (186/286)...
2025-11-10 03:05:25,129 - BlankSpaceAnalyzer - INFO - -> Analyzing version 2.6.1 (187/286)...
2025-11-10 03:05:25,166 - BlankSpaceAnalyzer - INFO - -> Analyzing version 2.6.2 (188/286)...
2025-11-10 03:05:25,203 - BlankSpaceAnalyzer - INFO - -> Analyzing version 2.6.3 (189/286)...
2025-11-10 03:05:25,240 - BlankSpaceAnalyzer - INFO - -> Analyzing version 2.6.4 (190/286)...
2025-11-10 03:05:25,277 - BlankSpaceAnalyzer - INFO - -> Analyzing version 2.6.5 (191/286)...
2025-11-10 03:05:25,314 - BlankSpaceAnalyzer - INFO - -> Analyzing version 2.6.6 (192/286)...
2025-11-10 03:05:25,351 - BlankSpaceAnalyzer - INFO - -> Analyzing version 2.7.0 (193/286)...
2025-11-10 03:05:25,388 - BlankSpaceAnalyzer - INFO - -> Analyzing version 2.7.0-pre.0 (194/286)...
2025-11-10 03:05:25,426 - BlankSpaceAnalyzer - INFO - -> Analyzing version 2.7.1 (195/286)...
2025-11-10 03:05:25,463 - BlankSpaceAnalyzer - INFO - -> Analyzing version 2.7.2 (196/286)...
2025-11-10 03:05:25,499 - BlankSpaceAnalyzer - INFO - -> Analyzing version 2.7.3 (197/286)...
2025-11-10 03:05:25,537 - BlankSpaceAnalyzer - INFO - -> Analyzing version 2.7.4 (198/286)...
2025-11-10 03:05:25,574 - BlankSpaceAnalyzer - INFO - -> Analyzing version 2.8.0 (199/286)...
2025-11-10 03:05:25,609 - BlankSpaceAnalyzer - INFO - -> Analyzing version 2.9.0 (200/286)...
2025-11-10 03:05:25,648 - BlankSpaceAnalyzer - INFO - -> Analyzing version 2.9.1 (201/286)...
2025-11-10 03:05:25,685 - BlankSpaceAnalyzer - INFO - -> Analyzing version 3.0.0 (202/286)...
2025-11-10 03:05:25,722 - BlankSpaceAnalyzer - INFO - -> Analyzing version 3.0.0-beta.0 (203/286)...
2025-11-10 03:05:25,722 - BlankSpaceAnalyzer - INFO - -> Analyzing version 3.0.0-beta.1 (204/286)...
2025-11-10 03:05:25,723 - BlankSpaceAnalyzer - INFO - -> Analyzing version 3.0.0-beta.10 (205/286)...
2025-11-10 03:05:25,723 - BlankSpaceAnalyzer - INFO - -> Analyzing version 3.0.0-beta.11 (206/286)...
2025-11-10 03:05:25,723 - BlankSpaceAnalyzer - INFO - -> Analyzing version 3.0.0-beta.12 (207/286)...
2025-11-10 03:05:25,723 - BlankSpaceAnalyzer - INFO - -> Analyzing version 3.0.0-beta.14 (208/286)...
2025-11-10 03:05:25,724 - BlankSpaceAnalyzer - INFO - -> Analyzing version 3.0.0-beta.15 (209/286)...
2025-11-10 03:05:25,724 - BlankSpaceAnalyzer - INFO - -> Analyzing version 3.0.0-beta.16 (210/286)...
2025-11-10 03:05:25,724 - BlankSpaceAnalyzer - INFO - -> Analyzing version 3.0.0-beta.17 (211/286)...
2025-11-10 03:05:25,725 - BlankSpaceAnalyzer - INFO - -> Analyzing version 3.0.0-beta.18 (212/286)...
2025-11-10 03:05:25,725 - BlankSpaceAnalyzer - INFO - -> Analyzing version 3.0.0-beta.19 (213/286)...
2025-11-10 03:05:25,725 - BlankSpaceAnalyzer - INFO - -> Analyzing version 3.0.0-beta.2 (214/286)...
2025-11-10 03:05:25,725 - BlankSpaceAnalyzer - INFO - -> Analyzing version 3.0.0-beta.21 (215/286)...
2025-11-10 03:05:25,726 - BlankSpaceAnalyzer - INFO - -> Analyzing version 3.0.0-beta.22 (216/286)...
2025-11-10 03:05:25,726 - BlankSpaceAnalyzer - INFO - -> Analyzing version 3.0.0-beta.23 (217/286)...
2025-11-10 03:05:25,727 - BlankSpaceAnalyzer - INFO - -> Analyzing version 3.0.0-beta.24 (218/286)...
2025-11-10 03:05:25,727 - BlankSpaceAnalyzer - INFO - -> Analyzing version 3.0.0-beta.25 (219/286)...
2025-11-10 03:05:25,728 - BlankSpaceAnalyzer - INFO - -> Analyzing version 3.0.0-beta.26 (220/286)...
2025-11-10 03:05:25,728 - BlankSpaceAnalyzer - INFO - -> Analyzing version 3.0.0-beta.27 (221/286)...
2025-11-10 03:05:25,728 - BlankSpaceAnalyzer - INFO - -> Analyzing version 3.0.0-beta.28 (222/286)...
2025-11-10 03:05:25,729 - BlankSpaceAnalyzer - INFO - -> Analyzing version 3.0.0-beta.29 (223/286)...
2025-11-10 03:05:25,729 - BlankSpaceAnalyzer - INFO - -> Analyzing version 3.0.0-beta.3 (224/286)...
2025-11-10 03:05:25,729 - BlankSpaceAnalyzer - INFO - -> Analyzing version 3.0.0-beta.30 (225/286)...
2025-11-10 03:05:25,729 - BlankSpaceAnalyzer - INFO - -> Analyzing version 3.0.0-beta.4 (226/286)...
2025-11-10 03:05:25,730 - BlankSpaceAnalyzer - INFO - -> Analyzing version 3.0.0-beta.5 (227/286)...
2025-11-10 03:05:25,730 - BlankSpaceAnalyzer - INFO - -> Analyzing version 3.0.0-beta.6 (228/286)...
2025-11-10 03:05:25,730 - BlankSpaceAnalyzer - INFO - -> Analyzing version 3.0.0-beta.7 (229/286)...
2025-11-10 03:05:25,731 - BlankSpaceAnalyzer - INFO - -> Analyzing version 3.0.0-beta.8 (230/286)...
2025-11-10 03:05:25,731 - BlankSpaceAnalyzer - INFO - -> Analyzing version 3.0.0-beta.9 (231/286)...
2025-11-10 03:05:25,731 - BlankSpaceAnalyzer - INFO - -> Analyzing version 3.0.0-next.0 (232/286)...
2025-11-10 03:05:25,769 - BlankSpaceAnalyzer - INFO - -> Analyzing version 3.0.0-next.1 (233/286)...
2025-11-10 03:05:25,769 - BlankSpaceAnalyzer - INFO - -> Analyzing version 3.0.0-next.2 (234/286)...
2025-11-10 03:05:25,769 - BlankSpaceAnalyzer - INFO - -> Analyzing version 3.0.0-next.3 (235/286)...
2025-11-10 03:05:25,770 - BlankSpaceAnalyzer - INFO - -> Analyzing version 3.0.0-next.4 (236/286)...
2025-11-10 03:05:25,770 - BlankSpaceAnalyzer - INFO - -> Analyzing version 3.0.0-next.5 (237/286)...
2025-11-10 03:05:25,770 - BlankSpaceAnalyzer - INFO - -> Analyzing version 3.0.0-next.6 (238/286)...
2025-11-10 03:05:25,770 - BlankSpaceAnalyzer - INFO - -> Analyzing version 3.0.0-next.7 (239/286)...
2025-11-10 03:05:25,771 - BlankSpaceAnalyzer - INFO - -> Analyzing version 3.0.0-next.8 (240/286)...
2025-11-10 03:05:25,771 - BlankSpaceAnalyzer - INFO - -> Analyzing version 3.0.1 (241/286)...
2025-11-10 03:05:25,771 - BlankSpaceAnalyzer - INFO - -> Analyzing version 3.0.2 (242/286)...
2025-11-10 03:05:25,771 - BlankSpaceAnalyzer - INFO - -> Analyzing version 3.0.2-beta.0 (243/286)...
2025-11-10 03:05:25,772 - BlankSpaceAnalyzer - INFO - -> Analyzing version 3.0.3 (244/286)...
2025-11-10 03:05:25,772 - BlankSpaceAnalyzer - INFO - -> Analyzing version 3.0.4 (245/286)...
2025-11-10 03:05:25,772 - BlankSpaceAnalyzer - INFO - -> Analyzing version 3.0.5 (246/286)...
2025-11-10 03:05:25,773 - BlankSpaceAnalyzer - INFO - -> Analyzing version 3.0.6 (247/286)...
2025-11-10 03:05:25,773 - BlankSpaceAnalyzer - INFO - -> Analyzing version 3.0.7 (248/286)...
2025-11-10 03:05:25,773 - BlankSpaceAnalyzer - INFO - -> Analyzing version 3.0.8 (249/286)...
2025-11-10 03:05:25,773 - BlankSpaceAnalyzer - INFO - -> Analyzing version 3.0.9 (250/286)...
2025-11-10 03:05:25,774 - BlankSpaceAnalyzer - INFO - -> Analyzing version 3.1.0 (251/286)...
2025-11-10 03:05:25,774 - BlankSpaceAnalyzer - INFO - -> Analyzing version 3.10.0 (252/286)...
2025-11-10 03:05:25,774 - BlankSpaceAnalyzer - INFO - -> Analyzing version 3.10.1 (253/286)...
2025-11-10 03:05:25,774 - BlankSpaceAnalyzer - INFO - -> Analyzing version 3.10.2 (254/286)...
2025-11-10 03:05:25,775 - BlankSpaceAnalyzer - INFO - -> Analyzing version 3.10.3 (255/286)...
2025-11-10 03:05:25,775 - BlankSpaceAnalyzer - INFO - -> Analyzing version 3.10.4 (256/286)...
2025-11-10 03:05:25,775 - BlankSpaceAnalyzer - INFO - -> Analyzing version 3.2.0 (257/286)...
2025-11-10 03:05:25,776 - BlankSpaceAnalyzer - INFO - -> Analyzing version 3.2.1 (258/286)...
2025-11-10 03:05:25,776 - BlankSpaceAnalyzer - INFO - -> Analyzing version 3.2.2 (259/286)...
2025-11-10 03:05:25,776 - BlankSpaceAnalyzer - INFO - -> Analyzing version 3.3.0 (260/286)...
2025-11-10 03:05:25,776 - BlankSpaceAnalyzer - INFO - -> Analyzing version 3.3.1 (261/286)...
2025-11-10 03:05:25,777 - BlankSpaceAnalyzer - INFO - -> Analyzing version 3.4.0 (262/286)...
2025-11-10 03:05:25,777 - BlankSpaceAnalyzer - INFO - -> Analyzing version 3.4.1 (263/286)...
2025-11-10 03:05:25,777 - BlankSpaceAnalyzer - INFO - -> Analyzing version 3.4.2 (264/286)...
2025-11-10 03:05:25,777 - BlankSpaceAnalyzer - INFO - -> Analyzing version 3.4.3 (265/286)...
2025-11-10 03:05:25,778 - BlankSpaceAnalyzer - INFO - -> Analyzing version 3.4.4 (266/286)...
2025-11-10 03:05:25,778 - BlankSpaceAnalyzer - INFO - -> Analyzing version 3.4.5 (267/286)...
2025-11-10 03:05:25,778 - BlankSpaceAnalyzer - INFO - -> Analyzing version 3.4.6 (268/286)...
2025-11-10 03:05:25,778 - BlankSpaceAnalyzer - INFO - -> Analyzing version 3.5.0 (269/286)...
2025-11-10 03:05:25,779 - BlankSpaceAnalyzer - INFO - -> Analyzing version 3.5.1 (270/286)...
2025-11-10 03:05:25,779 - BlankSpaceAnalyzer - INFO - -> Analyzing version 3.5.2 (271/286)...
2025-11-10 03:05:25,779 - BlankSpaceAnalyzer - INFO - -> Analyzing version 3.5.3 (272/286)...
2025-11-10 03:05:25,780 - BlankSpaceAnalyzer - INFO - -> Analyzing version 3.6.0 (273/286)...
2025-11-10 03:05:25,780 - BlankSpaceAnalyzer - INFO - -> Analyzing version 3.6.1 (274/286)...
2025-11-10 03:05:25,780 - BlankSpaceAnalyzer - INFO - -> Analyzing version 3.6.2 (275/286)...
2025-11-10 03:05:25,780 - BlankSpaceAnalyzer - INFO - -> Analyzing version 3.6.3 (276/286)...
2025-11-10 03:05:25,781 - BlankSpaceAnalyzer - INFO - -> Analyzing version 3.6.4 (277/286)...
2025-11-10 03:05:25,781 - BlankSpaceAnalyzer - INFO - -> Analyzing version 3.6.5 (278/286)...
2025-11-10 03:05:25,781 - BlankSpaceAnalyzer - INFO - -> Analyzing version 3.6.6 (279/286)...
2025-11-10 03:05:25,781 - BlankSpaceAnalyzer - INFO - -> Analyzing version 3.6.7 (280/286)...
2025-11-10 03:05:25,782 - BlankSpaceAnalyzer - INFO - -> Analyzing version 3.7.0 (281/286)...
2025-11-10 03:05:25,782 - BlankSpaceAnalyzer - INFO - -> Analyzing version 3.7.1 (282/286)...
2025-11-10 03:05:25,782 - BlankSpaceAnalyzer - INFO - -> Analyzing version 3.7.2 (283/286)...
2025-11-10 03:05:25,783 - BlankSpaceAnalyzer - INFO - -> Analyzing version 3.8.0 (284/286)...
2025-11-10 03:05:25,783 - BlankSpaceAnalyzer - INFO - -> Analyzing version 3.9.0 (285/286)...
2025-11-10 03:05:25,783 - BlankSpaceAnalyzer - INFO - -> Analyzing version 3.9.1 (286/286)...
2025-11-10 03:05:25,784 - BlankSpaceAnalyzer - INFO - Exporting results for '@tiptap/extension-text-align' to CSV...
2025-11-10 03:05:26,064 - BlankSpaceAnalyzer - INFO - Reports saved in: /app/npm_results/@tiptap_extension-text-align
2025-11-10 03:05:26,065 - NPM_Analyzer - INFO - Cleaning temporary folder 'temp/@tiptap_extension-text-align'...
2025-11-10 03:05:26,277 - NPM_Analyzer - INFO - Cleanup completed.
2025-11-10 13:13:12,792 - NPM_Analyzer - INFO - Fetching metadata for '@tiptap/extension-text-align'...
2025-11-10 13:13:13,058 - NPM_Analyzer - INFO - Found 287 versions. Starting download into 'temp/@tiptap_extension-text-align'...
2025-11-10 13:17:06,486 - BlankSpaceAnalyzer - INFO - Analyzing 287 versions for '*.js' in '@tiptap_extension-text-align'.
2025-11-10 13:17:06,487 - BlankSpaceAnalyzer - INFO - -> Analyzing version 1.0.0-alpha.1 (1/287)...
2025-11-10 13:17:06,542 - BlankSpaceAnalyzer - INFO - -> Analyzing version 1.0.0-alpha.2 (2/287)...
2025-11-10 13:17:06,574 - BlankSpaceAnalyzer - INFO - -> Analyzing version 2.0.0 (3/287)...
2025-11-10 13:17:06,607 - BlankSpaceAnalyzer - INFO - -> Analyzing version 2.0.0-alpha.1 (4/287)...
2025-11-10 13:17:06,643 - BlankSpaceAnalyzer - INFO - -> Analyzing version 2.0.0-alpha.10 (5/287)...
2025-11-10 13:17:06,680 - BlankSpaceAnalyzer - INFO - -> Analyzing version 2.0.0-alpha.11 (6/287)...
2025-11-10 13:17:06,716 - BlankSpaceAnalyzer - INFO - -> Analyzing version 2.0.0-alpha.12 (7/287)...
2025-11-10 13:17:06,752 - BlankSpaceAnalyzer - INFO - -> Analyzing version 2.0.0-alpha.2 (8/287)...
2025-11-10 13:17:06,789 - BlankSpaceAnalyzer - INFO - -> Analyzing version 2.0.0-alpha.3 (9/287)...
2025-11-10 13:17:06,826 - BlankSpaceAnalyzer - INFO - -> Analyzing version 2.0.0-alpha.4 (10/287)...
2025-11-10 13:17:06,862 - BlankSpaceAnalyzer - INFO - -> Analyzing version 2.0.0-alpha.5 (11/287)...
2025-11-10 13:17:06,899 - BlankSpaceAnalyzer - INFO - -> Analyzing version 2.0.0-alpha.6 (12/287)...
2025-11-10 13:17:06,935 - BlankSpaceAnalyzer - INFO - -> Analyzing version 2.0.0-alpha.7 (13/287)...
2025-11-10 13:17:06,971 - BlankSpaceAnalyzer - INFO - -> Analyzing version 2.0.0-alpha.8 (14/287)...
2025-11-10 13:17:07,008 - BlankSpaceAnalyzer - INFO - -> Analyzing version 2.0.0-alpha.9 (15/287)...
2025-11-10 13:17:07,044 - BlankSpaceAnalyzer - INFO - -> Analyzing version 2.0.0-beta.1 (16/287)...
2025-11-10 13:17:07,081 - BlankSpaceAnalyzer - INFO - -> Analyzing version 2.0.0-beta.10 (17/287)...
2025-11-10 13:17:07,119 - BlankSpaceAnalyzer - INFO - -> Analyzing version 2.0.0-beta.11 (18/287)...
2025-11-10 13:17:07,156 - BlankSpaceAnalyzer - INFO - -> Analyzing version 2.0.0-beta.12 (19/287)...
2025-11-10 13:17:07,193 - BlankSpaceAnalyzer - INFO - -> Analyzing version 2.0.0-beta.13 (20/287)...
2025-11-10 13:17:07,231 - BlankSpaceAnalyzer - INFO - -> Analyzing version 2.0.0-beta.14 (21/287)...
2025-11-10 13:17:07,268 - BlankSpaceAnalyzer - INFO - -> Analyzing version 2.0.0-beta.15 (22/287)...
2025-11-10 13:17:07,304 - BlankSpaceAnalyzer - INFO - -> Analyzing version 2.0.0-beta.16 (23/287)...
2025-11-10 13:17:07,340 - BlankSpaceAnalyzer - INFO - -> Analyzing version 2.0.0-beta.17 (24/287)...
2025-11-10 13:17:07,377 - BlankSpaceAnalyzer - INFO - -> Analyzing version 2.0.0-beta.18 (25/287)...
2025-11-10 13:17:07,413 - BlankSpaceAnalyzer - INFO - -> Analyzing version 2.0.0-beta.19 (26/287)...
2025-11-10 13:17:07,449 - BlankSpaceAnalyzer - INFO - -> Analyzing version 2.0.0-beta.194 (27/287)...
2025-11-10 13:17:07,485 - BlankSpaceAnalyzer - INFO - -> Analyzing version 2.0.0-beta.195 (28/287)...
2025-11-10 13:17:07,521 - BlankSpaceAnalyzer - INFO - -> Analyzing version 2.0.0-beta.196 (29/287)...
2025-11-10 13:17:07,558 - BlankSpaceAnalyzer - INFO - -> Analyzing version 2.0.0-beta.197 (30/287)...
2025-11-10 13:17:07,594 - BlankSpaceAnalyzer - INFO - -> Analyzing version 2.0.0-beta.198 (31/287)...
2025-11-10 13:17:07,630 - BlankSpaceAnalyzer - INFO - -> Analyzing version 2.0.0-beta.199 (32/287)...
2025-11-10 13:17:07,667 - BlankSpaceAnalyzer - INFO - -> Analyzing version 2.0.0-beta.2 (33/287)...
2025-11-10 13:17:07,703 - BlankSpaceAnalyzer - INFO - -> Analyzing version 2.0.0-beta.20 (34/287)...
2025-11-10 13:17:07,740 - BlankSpaceAnalyzer - INFO - -> Analyzing version 2.0.0-beta.200 (35/287)...
2025-11-10 13:17:07,776 - BlankSpaceAnalyzer - INFO - -> Analyzing version 2.0.0-beta.201 (36/287)...
2025-11-10 13:17:07,813 - BlankSpaceAnalyzer - INFO - -> Analyzing version 2.0.0-beta.202 (37/287)...
2025-11-10 13:17:07,850 - BlankSpaceAnalyzer - INFO - -> Analyzing version 2.0.0-beta.203 (38/287)...
2025-11-10 13:17:07,850 - BlankSpaceAnalyzer - INFO - -> Analyzing version 2.0.0-beta.204 (39/287)...
2025-11-10 13:17:07,886 - BlankSpaceAnalyzer - INFO - -> Analyzing version 2.0.0-beta.205 (40/287)...
2025-11-10 13:17:07,922 - BlankSpaceAnalyzer - INFO - -> Analyzing version 2.0.0-beta.206 (41/287)...
2025-11-10 13:17:07,959 - BlankSpaceAnalyzer - INFO - -> Analyzing version 2.0.0-beta.207 (42/287)...
2025-11-10 13:17:07,995 - BlankSpaceAnalyzer - INFO - -> Analyzing version 2.0.0-beta.208 (43/287)...
2025-11-10 13:17:08,031 - BlankSpaceAnalyzer - INFO - -> Analyzing version 2.0.0-beta.209 (44/287)...
2025-11-10 13:17:08,068 - BlankSpaceAnalyzer - INFO - -> Analyzing version 2.0.0-beta.21 (45/287)...
2025-11-10 13:17:08,105 - BlankSpaceAnalyzer - INFO - -> Analyzing version 2.0.0-beta.210 (46/287)...
2025-11-10 13:17:08,105 - BlankSpaceAnalyzer - INFO - -> Analyzing version 2.0.0-beta.211 (47/287)...
2025-11-10 13:17:08,106 - BlankSpaceAnalyzer - INFO - -> Analyzing version 2.0.0-beta.212 (48/287)...
2025-11-10 13:17:08,106 - BlankSpaceAnalyzer - INFO - -> Analyzing version 2.0.0-beta.213 (49/287)...
2025-11-10 13:17:08,106 - BlankSpaceAnalyzer - INFO - -> Analyzing version 2.0.0-beta.214 (50/287)...
2025-11-10 13:17:08,143 - BlankSpaceAnalyzer - INFO - -> Analyzing version 2.0.0-beta.215 (51/287)...
2025-11-10 13:17:08,180 - BlankSpaceAnalyzer - INFO - -> Analyzing version 2.0.0-beta.216 (52/287)...
2025-11-10 13:17:08,216 - BlankSpaceAnalyzer - INFO - -> Analyzing version 2.0.0-beta.217 (53/287)...
2025-11-10 13:17:08,252 - BlankSpaceAnalyzer - INFO - -> Analyzing version 2.0.0-beta.218 (54/287)...
2025-11-10 13:17:08,289 - BlankSpaceAnalyzer - INFO - -> Analyzing version 2.0.0-beta.219 (55/287)...
2025-11-10 13:17:08,325 - BlankSpaceAnalyzer - INFO - -> Analyzing version 2.0.0-beta.22 (56/287)...
2025-11-10 13:17:08,361 - BlankSpaceAnalyzer - INFO - -> Analyzing version 2.0.0-beta.220 (57/287)...
2025-11-10 13:17:08,399 - BlankSpaceAnalyzer - INFO - -> Analyzing version 2.0.0-beta.23 (58/287)...
2025-11-10 13:17:08,435 - BlankSpaceAnalyzer - INFO - -> Analyzing version 2.0.0-beta.24 (59/287)...
2025-11-10 13:17:08,472 - BlankSpaceAnalyzer - INFO - -> Analyzing version 2.0.0-beta.25 (60/287)...
2025-11-10 13:17:08,508 - BlankSpaceAnalyzer - INFO - -> Analyzing version 2.0.0-beta.27 (61/287)...
2025-11-10 13:17:08,508 - BlankSpaceAnalyzer - INFO - -> Analyzing version 2.0.0-beta.28 (62/287)...
2025-11-10 13:17:08,546 - BlankSpaceAnalyzer - INFO - -> Analyzing version 2.0.0-beta.29 (63/287)...
2025-11-10 13:17:08,582 - BlankSpaceAnalyzer - INFO - -> Analyzing version 2.0.0-beta.3 (64/287)...
2025-11-10 13:17:08,619 - BlankSpaceAnalyzer - INFO - -> Analyzing version 2.0.0-beta.31 (65/287)...
2025-11-10 13:17:08,654 - BlankSpaceAnalyzer - INFO - -> Analyzing version 2.0.0-beta.4 (66/287)...
2025-11-10 13:17:08,691 - BlankSpaceAnalyzer - INFO - -> Analyzing version 2.0.0-beta.5 (67/287)...
2025-11-10 13:17:08,728 - BlankSpaceAnalyzer - INFO - -> Analyzing version 2.0.0-beta.6 (68/287)...
2025-11-10 13:17:08,766 - BlankSpaceAnalyzer - INFO - -> Analyzing version 2.0.0-beta.7 (69/287)...
2025-11-10 13:17:08,802 - BlankSpaceAnalyzer - INFO - -> Analyzing version 2.0.0-beta.8 (70/287)...
2025-11-10 13:17:08,839 - BlankSpaceAnalyzer - INFO - -> Analyzing version 2.0.0-beta.9 (71/287)...
2025-11-10 13:17:08,875 - BlankSpaceAnalyzer - INFO - -> Analyzing version 2.0.0-rc.1 (72/287)...
2025-11-10 13:17:08,911 - BlankSpaceAnalyzer - INFO - -> Analyzing version 2.0.0-rc.2 (73/287)...
2025-11-10 13:17:08,948 - BlankSpaceAnalyzer - INFO - -> Analyzing version 2.0.0-rc.3 (74/287)...
2025-11-10 13:17:08,983 - BlankSpaceAnalyzer - INFO - -> Analyzing version 2.0.1 (75/287)...
2025-11-10 13:17:09,020 - BlankSpaceAnalyzer - INFO - -> Analyzing version 2.0.2 (76/287)...
2025-11-10 13:17:09,056 - BlankSpaceAnalyzer - INFO - -> Analyzing version 2.0.3 (77/287)...
2025-11-10 13:17:09,092 - BlankSpaceAnalyzer - INFO - -> Analyzing version 2.0.4 (78/287)...
2025-11-10 13:17:09,128 - BlankSpaceAnalyzer - INFO - -> Analyzing version 2.1.0 (79/287)...
2025-11-10 13:17:09,165 - BlankSpaceAnalyzer - INFO - -> Analyzing version 2.1.0-rc.0 (80/287)...
2025-11-10 13:17:09,201 - BlankSpaceAnalyzer - INFO - -> Analyzing version 2.1.0-rc.1 (81/287)...
2025-11-10 13:17:09,238 - BlankSpaceAnalyzer - INFO - -> Analyzing version 2.1.0-rc.10 (82/287)...
2025-11-10 13:17:09,275 - BlankSpaceAnalyzer - INFO - -> Analyzing version 2.1.0-rc.11 (83/287)...
2025-11-10 13:17:09,311 - BlankSpaceAnalyzer - INFO - -> Analyzing version 2.1.0-rc.12 (84/287)...
2025-11-10 13:17:09,348 - BlankSpaceAnalyzer - INFO - -> Analyzing version 2.1.0-rc.13 (85/287)...
2025-11-10 13:17:09,384 - BlankSpaceAnalyzer - INFO - -> Analyzing version 2.1.0-rc.14 (86/287)...
2025-11-10 13:17:09,422 - BlankSpaceAnalyzer - INFO - -> Analyzing version 2.1.0-rc.2 (87/287)...
2025-11-10 13:17:09,459 - BlankSpaceAnalyzer - INFO - -> Analyzing version 2.1.0-rc.3 (88/287)...
2025-11-10 13:17:09,495 - BlankSpaceAnalyzer - INFO - -> Analyzing version 2.1.0-rc.4 (89/287)...
2025-11-10 13:17:09,532 - BlankSpaceAnalyzer - INFO - -> Analyzing version 2.1.0-rc.5 (90/287)...
2025-11-10 13:17:09,568 - BlankSpaceAnalyzer - INFO - -> Analyzing version 2.1.0-rc.8 (91/287)...
2025-11-10 13:17:09,604 - BlankSpaceAnalyzer - INFO - -> Analyzing version 2.1.0-rc.9 (92/287)...
2025-11-10 13:17:09,640 - BlankSpaceAnalyzer - INFO - -> Analyzing version 2.1.1 (93/287)...
2025-11-10 13:17:09,678 - BlankSpaceAnalyzer - INFO - -> Analyzing version 2.1.10 (94/287)...
2025-11-10 13:17:09,714 - BlankSpaceAnalyzer - INFO - -> Analyzing version 2.1.11 (95/287)...
2025-11-10 13:17:09,749 - BlankSpaceAnalyzer - INFO - -> Analyzing version 2.1.12 (96/287)...
2025-11-10 13:17:09,786 - BlankSpaceAnalyzer - INFO - -> Analyzing version 2.1.13 (97/287)...
2025-11-10 13:17:09,823 - BlankSpaceAnalyzer - INFO - -> Analyzing version 2.1.14 (98/287)...
2025-11-10 13:17:09,862 - BlankSpaceAnalyzer - INFO - -> Analyzing version 2.1.15 (99/287)...
2025-11-10 13:17:09,898 - BlankSpaceAnalyzer - INFO - -> Analyzing version 2.1.16 (100/287)...
2025-11-10 13:17:09,934 - BlankSpaceAnalyzer - INFO - -> Analyzing version 2.1.2 (101/287)...
2025-11-10 13:17:09,970 - BlankSpaceAnalyzer - INFO - -> Analyzing version 2.1.3 (102/287)...
2025-11-10 13:17:10,006 - BlankSpaceAnalyzer - INFO - -> Analyzing version 2.1.4 (103/287)...
2025-11-10 13:17:10,044 - BlankSpaceAnalyzer - INFO - -> Analyzing version 2.1.6 (104/287)...
2025-11-10 13:17:10,080 - BlankSpaceAnalyzer - INFO - -> Analyzing version 2.1.7 (105/287)...
2025-11-10 13:17:10,116 - BlankSpaceAnalyzer - INFO - -> Analyzing version 2.1.8 (106/287)...
2025-11-10 13:17:10,152 - BlankSpaceAnalyzer - INFO - -> Analyzing version 2.1.9 (107/287)...
2025-11-10 13:17:10,188 - BlankSpaceAnalyzer - INFO - -> Analyzing version 2.10.0 (108/287)...
2025-11-10 13:17:10,225 - BlankSpaceAnalyzer - INFO - -> Analyzing version 2.10.1 (109/287)...
2025-11-10 13:17:10,261 - BlankSpaceAnalyzer - INFO - -> Analyzing version 2.10.2 (110/287)...
2025-11-10 13:17:10,296 - BlankSpaceAnalyzer - INFO - -> Analyzing version 2.10.3 (111/287)...
2025-11-10 13:17:10,332 - BlankSpaceAnalyzer - INFO - -> Analyzing version 2.10.4 (112/287)...
2025-11-10 13:17:10,368 - BlankSpaceAnalyzer - INFO - -> Analyzing version 2.11.0 (113/287)...
2025-11-10 13:17:10,404 - BlankSpaceAnalyzer - INFO - -> Analyzing version 2.11.1 (114/287)...
2025-11-10 13:17:10,441 - BlankSpaceAnalyzer - INFO - -> Analyzing version 2.11.2 (115/287)...
2025-11-10 13:17:10,477 - BlankSpaceAnalyzer - INFO - -> Analyzing version 2.11.3 (116/287)...
2025-11-10 13:17:10,513 - BlankSpaceAnalyzer - INFO - -> Analyzing version 2.11.4 (117/287)...
2025-11-10 13:17:10,548 - BlankSpaceAnalyzer - INFO - -> Analyzing version 2.11.5 (118/287)...
2025-11-10 13:17:10,584 - BlankSpaceAnalyzer - INFO - -> Analyzing version 2.11.6 (119/287)...
2025-11-10 13:17:10,621 - BlankSpaceAnalyzer - INFO - -> Analyzing version 2.11.7 (120/287)...
2025-11-10 13:17:10,658 - BlankSpaceAnalyzer - INFO - -> Analyzing version 2.11.9 (121/287)...
2025-11-10 13:17:10,695 - BlankSpaceAnalyzer - INFO - -> Analyzing version 2.12.0 (122/287)...
2025-11-10 13:17:10,732 - BlankSpaceAnalyzer - INFO - -> Analyzing version 2.13.0 (123/287)...
2025-11-10 13:17:10,767 - BlankSpaceAnalyzer - INFO - -> Analyzing version 2.14.0 (124/287)...
2025-11-10 13:17:10,804 - BlankSpaceAnalyzer - INFO - -> Analyzing version 2.14.1 (125/287)...
2025-11-10 13:17:10,840 - BlankSpaceAnalyzer - INFO - -> Analyzing version 2.2.0 (126/287)...
2025-11-10 13:17:10,876 - BlankSpaceAnalyzer - INFO - -> Analyzing version 2.2.0-rc.3 (127/287)...
2025-11-10 13:17:10,913 - BlankSpaceAnalyzer - INFO - -> Analyzing version 2.2.0-rc.4 (128/287)...
2025-11-10 13:17:10,949 - BlankSpaceAnalyzer - INFO - -> Analyzing version 2.2.0-rc.5 (129/287)...
2025-11-10 13:17:10,985 - BlankSpaceAnalyzer - INFO - -> Analyzing version 2.2.0-rc.6 (130/287)...
2025-11-10 13:17:11,021 - BlankSpaceAnalyzer - INFO - -> Analyzing version 2.2.0-rc.7 (131/287)...
2025-11-10 13:17:11,058 - BlankSpaceAnalyzer - INFO - -> Analyzing version 2.2.0-rc.8 (132/287)...
2025-11-10 13:17:11,093 - BlankSpaceAnalyzer - INFO - -> Analyzing version 2.2.1 (133/287)...
2025-11-10 13:17:11,129 - BlankSpaceAnalyzer - INFO - -> Analyzing version 2.2.2 (134/287)...
2025-11-10 13:17:11,166 - BlankSpaceAnalyzer - INFO - -> Analyzing version 2.2.3 (135/287)...
2025-11-10 13:17:11,202 - BlankSpaceAnalyzer - INFO - -> Analyzing version 2.2.4 (136/287)...
2025-11-10 13:17:11,238 - BlankSpaceAnalyzer - INFO - -> Analyzing version 2.2.5 (137/287)...
2025-11-10 13:17:11,274 - BlankSpaceAnalyzer - INFO - -> Analyzing version 2.2.6 (138/287)...
2025-11-10 13:17:11,311 - BlankSpaceAnalyzer - INFO - -> Analyzing version 2.22.0 (139/287)...
2025-11-10 13:17:11,347 - BlankSpaceAnalyzer - INFO - -> Analyzing version 2.22.1 (140/287)...
2025-11-10 13:17:11,383 - BlankSpaceAnalyzer - INFO - -> Analyzing version 2.22.2 (141/287)...
2025-11-10 13:17:11,419 - BlankSpaceAnalyzer - INFO - -> Analyzing version 2.22.3 (142/287)...
2025-11-10 13:17:11,455 - BlankSpaceAnalyzer - INFO - -> Analyzing version 2.23.0 (143/287)...
2025-11-10 13:17:11,492 - BlankSpaceAnalyzer - INFO - -> Analyzing version 2.23.1 (144/287)...
2025-11-10 13:17:11,529 - BlankSpaceAnalyzer - INFO - -> Analyzing version 2.24.0 (145/287)...
2025-11-10 13:17:11,565 - BlankSpaceAnalyzer - INFO - -> Analyzing version 2.24.1 (146/287)...
2025-11-10 13:17:11,602 - BlankSpaceAnalyzer - INFO - -> Analyzing version 2.24.2 (147/287)...
2025-11-10 13:17:11,640 - BlankSpaceAnalyzer - INFO - -> Analyzing version 2.25.0 (148/287)...
2025-11-10 13:17:11,676 - BlankSpaceAnalyzer - INFO - -> Analyzing version 2.25.1 (149/287)...
2025-11-10 13:17:11,712 - BlankSpaceAnalyzer - INFO - -> Analyzing version 2.26.0 (150/287)...
2025-11-10 13:17:11,748 - BlankSpaceAnalyzer - INFO - -> Analyzing version 2.26.1 (151/287)...
2025-11-10 13:17:11,784 - BlankSpaceAnalyzer - INFO - -> Analyzing version 2.26.2 (152/287)...
2025-11-10 13:17:11,821 - BlankSpaceAnalyzer - INFO - -> Analyzing version 2.26.3 (153/287)...
2025-11-10 13:17:11,857 - BlankSpaceAnalyzer - INFO - -> Analyzing version 2.26.4 (154/287)...
2025-11-10 13:17:11,893 - BlankSpaceAnalyzer - INFO - -> Analyzing version 2.27.0 (155/287)...
2025-11-10 13:17:11,931 - BlankSpaceAnalyzer - INFO - -> Analyzing version 2.27.1 (156/287)...
2025-11-10 13:17:11,967 - BlankSpaceAnalyzer - INFO - -> Analyzing version 2.3.0 (157/287)...
2025-11-10 13:17:12,003 - BlankSpaceAnalyzer - INFO - -> Analyzing version 2.3.1 (158/287)...
2025-11-10 13:17:12,040 - BlankSpaceAnalyzer - INFO - -> Analyzing version 2.3.2 (159/287)...
2025-11-10 13:17:12,075 - BlankSpaceAnalyzer - INFO - -> Analyzing version 2.4.0 (160/287)...
2025-11-10 13:17:12,111 - BlankSpaceAnalyzer - INFO - -> Analyzing version 2.5.0 (161/287)...
2025-11-10 13:17:12,148 - BlankSpaceAnalyzer - INFO - -> Analyzing version 2.5.0-beta.0 (162/287)...
2025-11-10 13:17:12,184 - BlankSpaceAnalyzer - INFO - -> Analyzing version 2.5.0-beta.1 (163/287)...
2025-11-10 13:17:12,221 - BlankSpaceAnalyzer - INFO - -> Analyzing version 2.5.0-beta.2 (164/287)...
2025-11-10 13:17:12,257 - BlankSpaceAnalyzer - INFO - -> Analyzing version 2.5.0-beta.3 (165/287)...
2025-11-10 13:17:12,295 - BlankSpaceAnalyzer - INFO - -> Analyzing version 2.5.0-beta.4 (166/287)...
2025-11-10 13:17:12,332 - BlankSpaceAnalyzer - INFO - -> Analyzing version 2.5.0-beta.5 (167/287)...
2025-11-10 13:17:12,370 - BlankSpaceAnalyzer - INFO - -> Analyzing version 2.5.0-beta.6 (168/287)...
2025-11-10 13:17:12,406 - BlankSpaceAnalyzer - INFO - -> Analyzing version 2.5.0-pre.10 (169/287)...
2025-11-10 13:17:12,443 - BlankSpaceAnalyzer - INFO - -> Analyzing version 2.5.0-pre.11 (170/287)...
2025-11-10 13:17:12,480 - BlankSpaceAnalyzer - INFO - -> Analyzing version 2.5.0-pre.13 (171/287)...
2025-11-10 13:17:12,517 - BlankSpaceAnalyzer - INFO - -> Analyzing version 2.5.0-pre.14 (172/287)...
2025-11-10 13:17:12,554 - BlankSpaceAnalyzer - INFO - -> Analyzing version 2.5.0-pre.15 (173/287)...
2025-11-10 13:17:12,591 - BlankSpaceAnalyzer - INFO - -> Analyzing version 2.5.0-pre.16 (174/287)...
2025-11-10 13:17:12,628 - BlankSpaceAnalyzer - INFO - -> Analyzing version 2.5.0-pre.8 (175/287)...
2025-11-10 13:17:12,666 - BlankSpaceAnalyzer - INFO - -> Analyzing version 2.5.0-pre.9 (176/287)...
2025-11-10 13:17:12,704 - BlankSpaceAnalyzer - INFO - -> Analyzing version 2.5.1 (177/287)...
2025-11-10 13:17:12,741 - BlankSpaceAnalyzer - INFO - -> Analyzing version 2.5.2 (178/287)...
2025-11-10 13:17:12,778 - BlankSpaceAnalyzer - INFO - -> Analyzing version 2.5.3 (179/287)...
2025-11-10 13:17:12,815 - BlankSpaceAnalyzer - INFO - -> Analyzing version 2.5.4 (180/287)...
2025-11-10 13:17:12,852 - BlankSpaceAnalyzer - INFO - -> Analyzing version 2.5.5 (181/287)...
2025-11-10 13:17:12,889 - BlankSpaceAnalyzer - INFO - -> Analyzing version 2.5.6 (182/287)...
2025-11-10 13:17:12,926 - BlankSpaceAnalyzer - INFO - -> Analyzing version 2.5.7 (183/287)...
2025-11-10 13:17:12,963 - BlankSpaceAnalyzer - INFO - -> Analyzing version 2.5.8 (184/287)...
2025-11-10 13:17:13,000 - BlankSpaceAnalyzer - INFO - -> Analyzing version 2.5.9 (185/287)...
2025-11-10 13:17:13,038 - BlankSpaceAnalyzer - INFO - -> Analyzing version 2.6.0 (186/287)...
2025-11-10 13:17:13,076 - BlankSpaceAnalyzer - INFO - -> Analyzing version 2.6.1 (187/287)...
2025-11-10 13:17:13,112 - BlankSpaceAnalyzer - INFO - -> Analyzing version 2.6.2 (188/287)...
2025-11-10 13:17:13,149 - BlankSpaceAnalyzer - INFO - -> Analyzing version 2.6.3 (189/287)...
2025-11-10 13:17:13,186 - BlankSpaceAnalyzer - INFO - -> Analyzing version 2.6.4 (190/287)...
2025-11-10 13:17:13,222 - BlankSpaceAnalyzer - INFO - -> Analyzing version 2.6.5 (191/287)...
2025-11-10 13:17:13,259 - BlankSpaceAnalyzer - INFO - -> Analyzing version 2.6.6 (192/287)...
2025-11-10 13:17:13,296 - BlankSpaceAnalyzer - INFO - -> Analyzing version 2.7.0 (193/287)...
2025-11-10 13:17:13,332 - BlankSpaceAnalyzer - INFO - -> Analyzing version 2.7.0-pre.0 (194/287)...
2025-11-10 13:17:13,370 - BlankSpaceAnalyzer - INFO - -> Analyzing version 2.7.1 (195/287)...
2025-11-10 13:17:13,408 - BlankSpaceAnalyzer - INFO - -> Analyzing version 2.7.2 (196/287)...
2025-11-10 13:17:13,444 - BlankSpaceAnalyzer - INFO - -> Analyzing version 2.7.3 (197/287)...
2025-11-10 13:17:13,481 - BlankSpaceAnalyzer - INFO - -> Analyzing version 2.7.4 (198/287)...
2025-11-10 13:17:13,518 - BlankSpaceAnalyzer - INFO - -> Analyzing version 2.8.0 (199/287)...
2025-11-10 13:17:13,555 - BlankSpaceAnalyzer - INFO - -> Analyzing version 2.9.0 (200/287)...
2025-11-10 13:17:13,590 - BlankSpaceAnalyzer - INFO - -> Analyzing version 2.9.1 (201/287)...
2025-11-10 13:17:13,628 - BlankSpaceAnalyzer - INFO - -> Analyzing version 3.0.0 (202/287)...
2025-11-10 13:17:13,664 - BlankSpaceAnalyzer - INFO - -> Analyzing version 3.0.0-beta.0 (203/287)...
2025-11-10 13:17:13,665 - BlankSpaceAnalyzer - INFO - -> Analyzing version 3.0.0-beta.1 (204/287)...
2025-11-10 13:17:13,665 - BlankSpaceAnalyzer - INFO - -> Analyzing version 3.0.0-beta.10 (205/287)...
2025-11-10 13:17:13,665 - BlankSpaceAnalyzer - INFO - -> Analyzing version 3.0.0-beta.11 (206/287)...
2025-11-10 13:17:13,666 - BlankSpaceAnalyzer - INFO - -> Analyzing version 3.0.0-beta.12 (207/287)...
2025-11-10 13:17:13,666 - BlankSpaceAnalyzer - INFO - -> Analyzing version 3.0.0-beta.14 (208/287)...
2025-11-10 13:17:13,666 - BlankSpaceAnalyzer - INFO - -> Analyzing version 3.0.0-beta.15 (209/287)...
2025-11-10 13:17:13,667 - BlankSpaceAnalyzer - INFO - -> Analyzing version 3.0.0-beta.16 (210/287)...
2025-11-10 13:17:13,667 - BlankSpaceAnalyzer - INFO - -> Analyzing version 3.0.0-beta.17 (211/287)...
2025-11-10 13:17:13,667 - BlankSpaceAnalyzer - INFO - -> Analyzing version 3.0.0-beta.18 (212/287)...
2025-11-10 13:17:13,667 - BlankSpaceAnalyzer - INFO - -> Analyzing version 3.0.0-beta.19 (213/287)...
2025-11-10 13:17:13,668 - BlankSpaceAnalyzer - INFO - -> Analyzing version 3.0.0-beta.2 (214/287)...
2025-11-10 13:17:13,668 - BlankSpaceAnalyzer - INFO - -> Analyzing version 3.0.0-beta.21 (215/287)...
2025-11-10 13:17:13,668 - BlankSpaceAnalyzer - INFO - -> Analyzing version 3.0.0-beta.22 (216/287)...
2025-11-10 13:17:13,669 - BlankSpaceAnalyzer - INFO - -> Analyzing version 3.0.0-beta.23 (217/287)...
2025-11-10 13:17:13,669 - BlankSpaceAnalyzer - INFO - -> Analyzing version 3.0.0-beta.24 (218/287)...
2025-11-10 13:17:13,669 - BlankSpaceAnalyzer - INFO - -> Analyzing version 3.0.0-beta.25 (219/287)...
2025-11-10 13:17:13,669 - BlankSpaceAnalyzer - INFO - -> Analyzing version 3.0.0-beta.26 (220/287)...
2025-11-10 13:17:13,670 - BlankSpaceAnalyzer - INFO - -> Analyzing version 3.0.0-beta.27 (221/287)...
2025-11-10 13:17:13,670 - BlankSpaceAnalyzer - INFO - -> Analyzing version 3.0.0-beta.28 (222/287)...
2025-11-10 13:17:13,670 - BlankSpaceAnalyzer - INFO - -> Analyzing version 3.0.0-beta.29 (223/287)...
2025-11-10 13:17:13,671 - BlankSpaceAnalyzer - INFO - -> Analyzing version 3.0.0-beta.3 (224/287)...
2025-11-10 13:17:13,671 - BlankSpaceAnalyzer - INFO - -> Analyzing version 3.0.0-beta.30 (225/287)...
2025-11-10 13:17:13,671 - BlankSpaceAnalyzer - INFO - -> Analyzing version 3.0.0-beta.4 (226/287)...
2025-11-10 13:17:13,671 - BlankSpaceAnalyzer - INFO - -> Analyzing version 3.0.0-beta.5 (227/287)...
2025-11-10 13:17:13,672 - BlankSpaceAnalyzer - INFO - -> Analyzing version 3.0.0-beta.6 (228/287)...
2025-11-10 13:17:13,672 - BlankSpaceAnalyzer - INFO - -> Analyzing version 3.0.0-beta.7 (229/287)...
2025-11-10 13:17:13,672 - BlankSpaceAnalyzer - INFO - -> Analyzing version 3.0.0-beta.8 (230/287)...
2025-11-10 13:17:13,673 - BlankSpaceAnalyzer - INFO - -> Analyzing version 3.0.0-beta.9 (231/287)...
2025-11-10 13:17:13,673 - BlankSpaceAnalyzer - INFO - -> Analyzing version 3.0.0-next.0 (232/287)...
2025-11-10 13:17:13,710 - BlankSpaceAnalyzer - INFO - -> Analyzing version 3.0.0-next.1 (233/287)...
2025-11-10 13:17:13,710 - BlankSpaceAnalyzer - INFO - -> Analyzing version 3.0.0-next.2 (234/287)...
2025-11-10 13:17:13,710 - BlankSpaceAnalyzer - INFO - -> Analyzing version 3.0.0-next.3 (235/287)...
2025-11-10 13:17:13,711 - BlankSpaceAnalyzer - INFO - -> Analyzing version 3.0.0-next.4 (236/287)...
2025-11-10 13:17:13,711 - BlankSpaceAnalyzer - INFO - -> Analyzing version 3.0.0-next.5 (237/287)...
2025-11-10 13:17:13,711 - BlankSpaceAnalyzer - INFO - -> Analyzing version 3.0.0-next.6 (238/287)...
2025-11-10 13:17:13,712 - BlankSpaceAnalyzer - INFO - -> Analyzing version 3.0.0-next.7 (239/287)...
2025-11-10 13:17:13,712 - BlankSpaceAnalyzer - INFO - -> Analyzing version 3.0.0-next.8 (240/287)...
2025-11-10 13:17:13,712 - BlankSpaceAnalyzer - INFO - -> Analyzing version 3.0.1 (241/287)...
2025-11-10 13:17:13,712 - BlankSpaceAnalyzer - INFO - -> Analyzing version 3.0.2 (242/287)...
2025-11-10 13:17:13,713 - BlankSpaceAnalyzer - INFO - -> Analyzing version 3.0.2-beta.0 (243/287)...
2025-11-10 13:17:13,713 - BlankSpaceAnalyzer - INFO - -> Analyzing version 3.0.3 (244/287)...
2025-11-10 13:17:13,713 - BlankSpaceAnalyzer - INFO - -> Analyzing version 3.0.4 (245/287)...
2025-11-10 13:17:13,714 - BlankSpaceAnalyzer - INFO - -> Analyzing version 3.0.5 (246/287)...
2025-11-10 13:17:13,714 - BlankSpaceAnalyzer - INFO - -> Analyzing version 3.0.6 (247/287)...
2025-11-10 13:17:13,714 - BlankSpaceAnalyzer - INFO - -> Analyzing version 3.0.7 (248/287)...
2025-11-10 13:17:13,714 - BlankSpaceAnalyzer - INFO - -> Analyzing version 3.0.8 (249/287)...
2025-11-10 13:17:13,715 - BlankSpaceAnalyzer - INFO - -> Analyzing version 3.0.9 (250/287)...
2025-11-10 13:17:13,715 - BlankSpaceAnalyzer - INFO - -> Analyzing version 3.1.0 (251/287)...
2025-11-10 13:17:13,715 - BlankSpaceAnalyzer - INFO - -> Analyzing version 3.10.0 (252/287)...
2025-11-10 13:17:13,715 - BlankSpaceAnalyzer - INFO - -> Analyzing version 3.10.1 (253/287)...
2025-11-10 13:17:13,716 - BlankSpaceAnalyzer - INFO - -> Analyzing version 3.10.2 (254/287)...
2025-11-10 13:17:13,716 - BlankSpaceAnalyzer - INFO - -> Analyzing version 3.10.3 (255/287)...
2025-11-10 13:17:13,716 - BlankSpaceAnalyzer - INFO - -> Analyzing version 3.10.4 (256/287)...
2025-11-10 13:17:13,717 - BlankSpaceAnalyzer - INFO - -> Analyzing version 3.10.5 (257/287)...
2025-11-10 13:17:13,717 - BlankSpaceAnalyzer - INFO - -> Analyzing version 3.2.0 (258/287)...
2025-11-10 13:17:13,717 - BlankSpaceAnalyzer - INFO - -> Analyzing version 3.2.1 (259/287)...
2025-11-10 13:17:13,717 - BlankSpaceAnalyzer - INFO - -> Analyzing version 3.2.2 (260/287)...
2025-11-10 13:17:13,718 - BlankSpaceAnalyzer - INFO - -> Analyzing version 3.3.0 (261/287)...
2025-11-10 13:17:13,718 - BlankSpaceAnalyzer - INFO - -> Analyzing version 3.3.1 (262/287)...
2025-11-10 13:17:13,718 - BlankSpaceAnalyzer - INFO - -> Analyzing version 3.4.0 (263/287)...
2025-11-10 13:17:13,718 - BlankSpaceAnalyzer - INFO - -> Analyzing version 3.4.1 (264/287)...
2025-11-10 13:17:13,719 - BlankSpaceAnalyzer - INFO - -> Analyzing version 3.4.2 (265/287)...
2025-11-10 13:17:13,719 - BlankSpaceAnalyzer - INFO - -> Analyzing version 3.4.3 (266/287)...
2025-11-10 13:17:13,719 - BlankSpaceAnalyzer - INFO - -> Analyzing version 3.4.4 (267/287)...
2025-11-10 13:17:13,719 - BlankSpaceAnalyzer - INFO - -> Analyzing version 3.4.5 (268/287)...
2025-11-10 13:17:13,720 - BlankSpaceAnalyzer - INFO - -> Analyzing version 3.4.6 (269/287)...
2025-11-10 13:17:13,720 - BlankSpaceAnalyzer - INFO - -> Analyzing version 3.5.0 (270/287)...
2025-11-10 13:17:13,720 - BlankSpaceAnalyzer - INFO - -> Analyzing version 3.5.1 (271/287)...
2025-11-10 13:17:13,721 - BlankSpaceAnalyzer - INFO - -> Analyzing version 3.5.2 (272/287)...
2025-11-10 13:17:13,721 - BlankSpaceAnalyzer - INFO - -> Analyzing version 3.5.3 (273/287)...
2025-11-10 13:17:13,721 - BlankSpaceAnalyzer - INFO - -> Analyzing version 3.6.0 (274/287)...
2025-11-10 13:17:13,721 - BlankSpaceAnalyzer - INFO - -> Analyzing version 3.6.1 (275/287)...
2025-11-10 13:17:13,722 - BlankSpaceAnalyzer - INFO - -> Analyzing version 3.6.2 (276/287)...
2025-11-10 13:17:13,722 - BlankSpaceAnalyzer - INFO - -> Analyzing version 3.6.3 (277/287)...
2025-11-10 13:17:13,722 - BlankSpaceAnalyzer - INFO - -> Analyzing version 3.6.4 (278/287)...
2025-11-10 13:17:13,722 - BlankSpaceAnalyzer - INFO - -> Analyzing version 3.6.5 (279/287)...
2025-11-10 13:17:13,723 - BlankSpaceAnalyzer - INFO - -> Analyzing version 3.6.6 (280/287)...
2025-11-10 13:17:13,723 - BlankSpaceAnalyzer - INFO - -> Analyzing version 3.6.7 (281/287)...
2025-11-10 13:17:13,723 - BlankSpaceAnalyzer - INFO - -> Analyzing version 3.7.0 (282/287)...
2025-11-10 13:17:13,724 - BlankSpaceAnalyzer - INFO - -> Analyzing version 3.7.1 (283/287)...
2025-11-10 13:17:13,724 - BlankSpaceAnalyzer - INFO - -> Analyzing version 3.7.2 (284/287)...
2025-11-10 13:17:13,724 - BlankSpaceAnalyzer - INFO - -> Analyzing version 3.8.0 (285/287)...
2025-11-10 13:17:13,724 - BlankSpaceAnalyzer - INFO - -> Analyzing version 3.9.0 (286/287)...
2025-11-10 13:17:13,725 - BlankSpaceAnalyzer - INFO - -> Analyzing version 3.9.1 (287/287)...
2025-11-10 13:17:13,725 - BlankSpaceAnalyzer - INFO - Exporting results for '@tiptap/extension-text-align' to CSV...
2025-11-10 13:17:14,026 - BlankSpaceAnalyzer - INFO - Reports saved in: /app/npm_results/@tiptap_extension-text-align
2025-11-10 13:17:14,027 - NPM_Analyzer - INFO - Cleaning temporary folder 'temp/@tiptap_extension-text-align'...
2025-11-10 13:17:14,233 - NPM_Analyzer - INFO - Cleanup completed.
2025-11-10 23:40:11,977 - NPM_Analyzer - INFO - Fetching metadata for '@tiptap/extension-text-align'...
2025-11-10 23:40:12,256 - NPM_Analyzer - INFO - Found 287 versions. Starting download into 'temp/@tiptap_extension-text-align'...
2025-11-10 23:44:19,815 - BlankSpaceAnalyzer - INFO - Analyzing 287 versions for '*.js' in '@tiptap_extension-text-align'.
2025-11-10 23:44:19,816 - BlankSpaceAnalyzer - INFO - -> Analyzing version 1.0.0-alpha.1 (1/287)...
2025-11-10 23:44:19,870 - BlankSpaceAnalyzer - INFO - -> Analyzing version 1.0.0-alpha.2 (2/287)...
2025-11-10 23:44:19,901 - BlankSpaceAnalyzer - INFO - -> Analyzing version 2.0.0 (3/287)...
2025-11-10 23:44:19,934 - BlankSpaceAnalyzer - INFO - -> Analyzing version 2.0.0-alpha.1 (4/287)...
2025-11-10 23:44:19,966 - BlankSpaceAnalyzer - INFO - -> Analyzing version 2.0.0-alpha.10 (5/287)...
2025-11-10 23:44:20,000 - BlankSpaceAnalyzer - INFO - -> Analyzing version 2.0.0-alpha.11 (6/287)...
2025-11-10 23:44:20,035 - BlankSpaceAnalyzer - INFO - -> Analyzing version 2.0.0-alpha.12 (7/287)...
2025-11-10 23:44:20,071 - BlankSpaceAnalyzer - INFO - -> Analyzing version 2.0.0-alpha.2 (8/287)...
2025-11-10 23:44:20,106 - BlankSpaceAnalyzer - INFO - -> Analyzing version 2.0.0-alpha.3 (9/287)...
2025-11-10 23:44:20,142 - BlankSpaceAnalyzer - INFO - -> Analyzing version 2.0.0-alpha.4 (10/287)...
2025-11-10 23:44:20,177 - BlankSpaceAnalyzer - INFO - -> Analyzing version 2.0.0-alpha.5 (11/287)...
2025-11-10 23:44:20,212 - BlankSpaceAnalyzer - INFO - -> Analyzing version 2.0.0-alpha.6 (12/287)...
2025-11-10 23:44:20,247 - BlankSpaceAnalyzer - INFO - -> Analyzing version 2.0.0-alpha.7 (13/287)...
2025-11-10 23:44:20,282 - BlankSpaceAnalyzer - INFO - -> Analyzing version 2.0.0-alpha.8 (14/287)...
2025-11-10 23:44:20,317 - BlankSpaceAnalyzer - INFO - -> Analyzing version 2.0.0-alpha.9 (15/287)...
2025-11-10 23:44:20,352 - BlankSpaceAnalyzer - INFO - -> Analyzing version 2.0.0-beta.1 (16/287)...
2025-11-10 23:44:20,387 - BlankSpaceAnalyzer - INFO - -> Analyzing version 2.0.0-beta.10 (17/287)...
2025-11-10 23:44:20,421 - BlankSpaceAnalyzer - INFO - -> Analyzing version 2.0.0-beta.11 (18/287)...
2025-11-10 23:44:20,456 - BlankSpaceAnalyzer - INFO - -> Analyzing version 2.0.0-beta.12 (19/287)...
2025-11-10 23:44:20,491 - BlankSpaceAnalyzer - INFO - -> Analyzing version 2.0.0-beta.13 (20/287)...
2025-11-10 23:44:20,525 - BlankSpaceAnalyzer - INFO - -> Analyzing version 2.0.0-beta.14 (21/287)...
2025-11-10 23:44:20,559 - BlankSpaceAnalyzer - INFO - -> Analyzing version 2.0.0-beta.15 (22/287)...
2025-11-10 23:44:20,594 - BlankSpaceAnalyzer - INFO - -> Analyzing version 2.0.0-beta.16 (23/287)...
2025-11-10 23:44:20,630 - BlankSpaceAnalyzer - INFO - -> Analyzing version 2.0.0-beta.17 (24/287)...
2025-11-10 23:44:20,665 - BlankSpaceAnalyzer - INFO - -> Analyzing version 2.0.0-beta.18 (25/287)...
2025-11-10 23:44:20,700 - BlankSpaceAnalyzer - INFO - -> Analyzing version 2.0.0-beta.19 (26/287)...
2025-11-10 23:44:20,734 - BlankSpaceAnalyzer - INFO - -> Analyzing version 2.0.0-beta.194 (27/287)...
2025-11-10 23:44:20,771 - BlankSpaceAnalyzer - INFO - -> Analyzing version 2.0.0-beta.195 (28/287)...
2025-11-10 23:44:20,806 - BlankSpaceAnalyzer - INFO - -> Analyzing version 2.0.0-beta.196 (29/287)...
2025-11-10 23:44:20,841 - BlankSpaceAnalyzer - INFO - -> Analyzing version 2.0.0-beta.197 (30/287)...
2025-11-10 23:44:20,876 - BlankSpaceAnalyzer - INFO - -> Analyzing version 2.0.0-beta.198 (31/287)...
2025-11-10 23:44:20,911 - BlankSpaceAnalyzer - INFO - -> Analyzing version 2.0.0-beta.199 (32/287)...
2025-11-10 23:44:20,948 - BlankSpaceAnalyzer - INFO - -> Analyzing version 2.0.0-beta.2 (33/287)...
2025-11-10 23:44:20,986 - BlankSpaceAnalyzer - INFO - -> Analyzing version 2.0.0-beta.20 (34/287)...
2025-11-10 23:44:21,024 - BlankSpaceAnalyzer - INFO - -> Analyzing version 2.0.0-beta.200 (35/287)...
2025-11-10 23:44:21,059 - BlankSpaceAnalyzer - INFO - -> Analyzing version 2.0.0-beta.201 (36/287)...
2025-11-10 23:44:21,095 - BlankSpaceAnalyzer - INFO - -> Analyzing version 2.0.0-beta.202 (37/287)...
2025-11-10 23:44:21,130 - BlankSpaceAnalyzer - INFO - -> Analyzing version 2.0.0-beta.203 (38/287)...
2025-11-10 23:44:21,131 - BlankSpaceAnalyzer - INFO - -> Analyzing version 2.0.0-beta.204 (39/287)...
2025-11-10 23:44:21,167 - BlankSpaceAnalyzer - INFO - -> Analyzing version 2.0.0-beta.205 (40/287)...
2025-11-10 23:44:21,203 - BlankSpaceAnalyzer - INFO - -> Analyzing version 2.0.0-beta.206 (41/287)...
2025-11-10 23:44:21,238 - BlankSpaceAnalyzer - INFO - -> Analyzing version 2.0.0-beta.207 (42/287)...
2025-11-10 23:44:21,274 - BlankSpaceAnalyzer - INFO - -> Analyzing version 2.0.0-beta.208 (43/287)...
2025-11-10 23:44:21,309 - BlankSpaceAnalyzer - INFO - -> Analyzing version 2.0.0-beta.209 (44/287)...
2025-11-10 23:44:21,344 - BlankSpaceAnalyzer - INFO - -> Analyzing version 2.0.0-beta.21 (45/287)...
2025-11-10 23:44:21,380 - BlankSpaceAnalyzer - INFO - -> Analyzing version 2.0.0-beta.210 (46/287)...
2025-11-10 23:44:21,380 - BlankSpaceAnalyzer - INFO - -> Analyzing version 2.0.0-beta.211 (47/287)...
2025-11-10 23:44:21,381 - BlankSpaceAnalyzer - INFO - -> Analyzing version 2.0.0-beta.212 (48/287)...
2025-11-10 23:44:21,381 - BlankSpaceAnalyzer - INFO - -> Analyzing version 2.0.0-beta.213 (49/287)...
2025-11-10 23:44:21,381 - BlankSpaceAnalyzer - INFO - -> Analyzing version 2.0.0-beta.214 (50/287)...
2025-11-10 23:44:21,416 - BlankSpaceAnalyzer - INFO - -> Analyzing version 2.0.0-beta.215 (51/287)...
2025-11-10 23:44:21,451 - BlankSpaceAnalyzer - INFO - -> Analyzing version 2.0.0-beta.216 (52/287)...
2025-11-10 23:44:21,485 - BlankSpaceAnalyzer - INFO - -> Analyzing version 2.0.0-beta.217 (53/287)...
2025-11-10 23:44:21,520 - BlankSpaceAnalyzer - INFO - -> Analyzing version 2.0.0-beta.218 (54/287)...
2025-11-10 23:44:21,556 - BlankSpaceAnalyzer - INFO - -> Analyzing version 2.0.0-beta.219 (55/287)...
2025-11-10 23:44:21,591 - BlankSpaceAnalyzer - INFO - -> Analyzing version 2.0.0-beta.22 (56/287)...
2025-11-10 23:44:21,627 - BlankSpaceAnalyzer - INFO - -> Analyzing version 2.0.0-beta.220 (57/287)...
2025-11-10 23:44:21,662 - BlankSpaceAnalyzer - INFO - -> Analyzing version 2.0.0-beta.23 (58/287)...
2025-11-10 23:44:21,697 - BlankSpaceAnalyzer - INFO - -> Analyzing version 2.0.0-beta.24 (59/287)...
2025-11-10 23:44:21,732 - BlankSpaceAnalyzer - INFO - -> Analyzing version 2.0.0-beta.25 (60/287)...
2025-11-10 23:44:21,767 - BlankSpaceAnalyzer - INFO - -> Analyzing version 2.0.0-beta.27 (61/287)...
2025-11-10 23:44:21,767 - BlankSpaceAnalyzer - INFO - -> Analyzing version 2.0.0-beta.28 (62/287)...
2025-11-10 23:44:21,802 - BlankSpaceAnalyzer - INFO - -> Analyzing version 2.0.0-beta.29 (63/287)...
2025-11-10 23:44:21,837 - BlankSpaceAnalyzer - INFO - -> Analyzing version 2.0.0-beta.3 (64/287)...
2025-11-10 23:44:21,872 - BlankSpaceAnalyzer - INFO - -> Analyzing version 2.0.0-beta.31 (65/287)...
2025-11-10 23:44:21,907 - BlankSpaceAnalyzer - INFO - -> Analyzing version 2.0.0-beta.4 (66/287)...
2025-11-10 23:44:21,943 - BlankSpaceAnalyzer - INFO - -> Analyzing version 2.0.0-beta.5 (67/287)...
2025-11-10 23:44:21,977 - BlankSpaceAnalyzer - INFO - -> Analyzing version 2.0.0-beta.6 (68/287)...
2025-11-10 23:44:22,013 - BlankSpaceAnalyzer - INFO - -> Analyzing version 2.0.0-beta.7 (69/287)...
2025-11-10 23:44:22,049 - BlankSpaceAnalyzer - INFO - -> Analyzing version 2.0.0-beta.8 (70/287)...
2025-11-10 23:44:22,084 - BlankSpaceAnalyzer - INFO - -> Analyzing version 2.0.0-beta.9 (71/287)...
2025-11-10 23:44:22,120 - BlankSpaceAnalyzer - INFO - -> Analyzing version 2.0.0-rc.1 (72/287)...
2025-11-10 23:44:22,154 - BlankSpaceAnalyzer - INFO - -> Analyzing version 2.0.0-rc.2 (73/287)...
2025-11-10 23:44:22,190 - BlankSpaceAnalyzer - INFO - -> Analyzing version 2.0.0-rc.3 (74/287)...
2025-11-10 23:44:22,225 - BlankSpaceAnalyzer - INFO - -> Analyzing version 2.0.1 (75/287)...
2025-11-10 23:44:22,260 - BlankSpaceAnalyzer - INFO - -> Analyzing version 2.0.2 (76/287)...
2025-11-10 23:44:22,295 - BlankSpaceAnalyzer - INFO - -> Analyzing version 2.0.3 (77/287)...
2025-11-10 23:44:22,331 - BlankSpaceAnalyzer - INFO - -> Analyzing version 2.0.4 (78/287)...
2025-11-10 23:44:22,367 - BlankSpaceAnalyzer - INFO - -> Analyzing version 2.1.0 (79/287)...
2025-11-10 23:44:22,402 - BlankSpaceAnalyzer - INFO - -> Analyzing version 2.1.0-rc.0 (80/287)...
2025-11-10 23:44:22,436 - BlankSpaceAnalyzer - INFO - -> Analyzing version 2.1.0-rc.1 (81/287)...
2025-11-10 23:44:22,471 - BlankSpaceAnalyzer - INFO - -> Analyzing version 2.1.0-rc.10 (82/287)...
2025-11-10 23:44:22,506 - BlankSpaceAnalyzer - INFO - -> Analyzing version 2.1.0-rc.11 (83/287)...
2025-11-10 23:44:22,541 - BlankSpaceAnalyzer - INFO - -> Analyzing version 2.1.0-rc.12 (84/287)...
2025-11-10 23:44:22,577 - BlankSpaceAnalyzer - INFO - -> Analyzing version 2.1.0-rc.13 (85/287)...
2025-11-10 23:44:22,613 - BlankSpaceAnalyzer - INFO - -> Analyzing version 2.1.0-rc.14 (86/287)...
2025-11-10 23:44:22,649 - BlankSpaceAnalyzer - INFO - -> Analyzing version 2.1.0-rc.2 (87/287)...
2025-11-10 23:44:22,684 - BlankSpaceAnalyzer - INFO - -> Analyzing version 2.1.0-rc.3 (88/287)...
2025-11-10 23:44:22,721 - BlankSpaceAnalyzer - INFO - -> Analyzing version 2.1.0-rc.4 (89/287)...
2025-11-10 23:44:22,759 - BlankSpaceAnalyzer - INFO - -> Analyzing version 2.1.0-rc.5 (90/287)...
2025-11-10 23:44:22,797 - BlankSpaceAnalyzer - INFO - -> Analyzing version 2.1.0-rc.8 (91/287)...
2025-11-10 23:44:22,831 - BlankSpaceAnalyzer - INFO - -> Analyzing version 2.1.0-rc.9 (92/287)...
2025-11-10 23:44:22,867 - BlankSpaceAnalyzer - INFO - -> Analyzing version 2.1.1 (93/287)...
2025-11-10 23:44:22,904 - BlankSpaceAnalyzer - INFO - -> Analyzing version 2.1.10 (94/287)...
2025-11-10 23:44:22,939 - BlankSpaceAnalyzer - INFO - -> Analyzing version 2.1.11 (95/287)...
2025-11-10 23:44:22,975 - BlankSpaceAnalyzer - INFO - -> Analyzing version 2.1.12 (96/287)...
2025-11-10 23:44:23,012 - BlankSpaceAnalyzer - INFO - -> Analyzing version 2.1.13 (97/287)...
2025-11-10 23:44:23,047 - BlankSpaceAnalyzer - INFO - -> Analyzing version 2.1.14 (98/287)...
2025-11-10 23:44:23,084 - BlankSpaceAnalyzer - INFO - -> Analyzing version 2.1.15 (99/287)...
2025-11-10 23:44:23,118 - BlankSpaceAnalyzer - INFO - -> Analyzing version 2.1.16 (100/287)...
2025-11-10 23:44:23,153 - BlankSpaceAnalyzer - INFO - -> Analyzing version 2.1.2 (101/287)...
2025-11-10 23:44:23,188 - BlankSpaceAnalyzer - INFO - -> Analyzing version 2.1.3 (102/287)...
2025-11-10 23:44:23,223 - BlankSpaceAnalyzer - INFO - -> Analyzing version 2.1.4 (103/287)...
2025-11-10 23:44:23,258 - BlankSpaceAnalyzer - INFO - -> Analyzing version 2.1.6 (104/287)...
2025-11-10 23:44:23,292 - BlankSpaceAnalyzer - INFO - -> Analyzing version 2.1.7 (105/287)...
2025-11-10 23:44:23,327 - BlankSpaceAnalyzer - INFO - -> Analyzing version 2.1.8 (106/287)...
2025-11-10 23:44:23,362 - BlankSpaceAnalyzer - INFO - -> Analyzing version 2.1.9 (107/287)...
2025-11-10 23:44:23,397 - BlankSpaceAnalyzer - INFO - -> Analyzing version 2.10.0 (108/287)...
2025-11-10 23:44:23,431 - BlankSpaceAnalyzer - INFO - -> Analyzing version 2.10.1 (109/287)...
2025-11-10 23:44:23,466 - BlankSpaceAnalyzer - INFO - -> Analyzing version 2.10.2 (110/287)...
2025-11-10 23:44:23,501 - BlankSpaceAnalyzer - INFO - -> Analyzing version 2.10.3 (111/287)...
2025-11-10 23:44:23,535 - BlankSpaceAnalyzer - INFO - -> Analyzing version 2.10.4 (112/287)...
2025-11-10 23:44:23,570 - BlankSpaceAnalyzer - INFO - -> Analyzing version 2.11.0 (113/287)...
2025-11-10 23:44:23,605 - BlankSpaceAnalyzer - INFO - -> Analyzing version 2.11.1 (114/287)...
2025-11-10 23:44:23,640 - BlankSpaceAnalyzer - INFO - -> Analyzing version 2.11.2 (115/287)...
2025-11-10 23:44:23,675 - BlankSpaceAnalyzer - INFO - -> Analyzing version 2.11.3 (116/287)...
2025-11-10 23:44:23,710 - BlankSpaceAnalyzer - INFO - -> Analyzing version 2.11.4 (117/287)...
2025-11-10 23:44:23,745 - BlankSpaceAnalyzer - INFO - -> Analyzing version 2.11.5 (118/287)...
2025-11-10 23:44:23,780 - BlankSpaceAnalyzer - INFO - -> Analyzing version 2.11.6 (119/287)...
2025-11-10 23:44:23,815 - BlankSpaceAnalyzer - INFO - -> Analyzing version 2.11.7 (120/287)...
2025-11-10 23:44:23,851 - BlankSpaceAnalyzer - INFO - -> Analyzing version 2.11.9 (121/287)...
2025-11-10 23:44:23,885 - BlankSpaceAnalyzer - INFO - -> Analyzing version 2.12.0 (122/287)...
2025-11-10 23:44:23,920 - BlankSpaceAnalyzer - INFO - -> Analyzing version 2.13.0 (123/287)...
2025-11-10 23:44:23,955 - BlankSpaceAnalyzer - INFO - -> Analyzing version 2.14.0 (124/287)...
2025-11-10 23:44:23,991 - BlankSpaceAnalyzer - INFO - -> Analyzing version 2.14.1 (125/287)...
2025-11-10 23:44:24,026 - BlankSpaceAnalyzer - INFO - -> Analyzing version 2.2.0 (126/287)...
2025-11-10 23:44:24,062 - BlankSpaceAnalyzer - INFO - -> Analyzing version 2.2.0-rc.3 (127/287)...
2025-11-10 23:44:24,097 - BlankSpaceAnalyzer - INFO - -> Analyzing version 2.2.0-rc.4 (128/287)...
2025-11-10 23:44:24,132 - BlankSpaceAnalyzer - INFO - -> Analyzing version 2.2.0-rc.5 (129/287)...
2025-11-10 23:44:24,166 - BlankSpaceAnalyzer - INFO - -> Analyzing version 2.2.0-rc.6 (130/287)...
2025-11-10 23:44:24,202 - BlankSpaceAnalyzer - INFO - -> Analyzing version 2.2.0-rc.7 (131/287)...
2025-11-10 23:44:24,237 - BlankSpaceAnalyzer - INFO - -> Analyzing version 2.2.0-rc.8 (132/287)...
2025-11-10 23:44:24,273 - BlankSpaceAnalyzer - INFO - -> Analyzing version 2.2.1 (133/287)...
2025-11-10 23:44:24,307 - BlankSpaceAnalyzer - INFO - -> Analyzing version 2.2.2 (134/287)...
2025-11-10 23:44:24,342 - BlankSpaceAnalyzer - INFO - -> Analyzing version 2.2.3 (135/287)...
2025-11-10 23:44:24,377 - BlankSpaceAnalyzer - INFO - -> Analyzing version 2.2.4 (136/287)...
2025-11-10 23:44:24,412 - BlankSpaceAnalyzer - INFO - -> Analyzing version 2.2.5 (137/287)...
2025-11-10 23:44:24,448 - BlankSpaceAnalyzer - INFO - -> Analyzing version 2.2.6 (138/287)...
2025-11-10 23:44:24,482 - BlankSpaceAnalyzer - INFO - -> Analyzing version 2.22.0 (139/287)...
2025-11-10 23:44:24,517 - BlankSpaceAnalyzer - INFO - -> Analyzing version 2.22.1 (140/287)...
2025-11-10 23:44:24,553 - BlankSpaceAnalyzer - INFO - -> Analyzing version 2.22.2 (141/287)...
2025-11-10 23:44:24,589 - BlankSpaceAnalyzer - INFO - -> Analyzing version 2.22.3 (142/287)...
2025-11-10 23:44:24,624 - BlankSpaceAnalyzer - INFO - -> Analyzing version 2.23.0 (143/287)...
2025-11-10 23:44:24,659 - BlankSpaceAnalyzer - INFO - -> Analyzing version 2.23.1 (144/287)...
2025-11-10 23:44:24,693 - BlankSpaceAnalyzer - INFO - -> Analyzing version 2.24.0 (145/287)...
2025-11-10 23:44:24,729 - BlankSpaceAnalyzer - INFO - -> Analyzing version 2.24.1 (146/287)...
2025-11-10 23:44:24,763 - BlankSpaceAnalyzer - INFO - -> Analyzing version 2.24.2 (147/287)...
2025-11-10 23:44:24,802 - BlankSpaceAnalyzer - INFO - -> Analyzing version 2.25.0 (148/287)...
2025-11-10 23:44:24,843 - BlankSpaceAnalyzer - INFO - -> Analyzing version 2.25.1 (149/287)...
2025-11-10 23:44:24,880 - BlankSpaceAnalyzer - INFO - -> Analyzing version 2.26.0 (150/287)...
2025-11-10 23:44:24,914 - BlankSpaceAnalyzer - INFO - -> Analyzing version 2.26.1 (151/287)...
2025-11-10 23:44:24,949 - BlankSpaceAnalyzer - INFO - -> Analyzing version 2.26.2 (152/287)...
2025-11-10 23:44:24,986 - BlankSpaceAnalyzer - INFO - -> Analyzing version 2.26.3 (153/287)...
2025-11-10 23:44:25,022 - BlankSpaceAnalyzer - INFO - -> Analyzing version 2.26.4 (154/287)...
2025-11-10 23:44:25,057 - BlankSpaceAnalyzer - INFO - -> Analyzing version 2.27.0 (155/287)...
2025-11-10 23:44:25,092 - BlankSpaceAnalyzer - INFO - -> Analyzing version 2.27.1 (156/287)...
2025-11-10 23:44:25,127 - BlankSpaceAnalyzer - INFO - -> Analyzing version 2.3.0 (157/287)...
2025-11-10 23:44:25,165 - BlankSpaceAnalyzer - INFO - -> Analyzing version 2.3.1 (158/287)...
2025-11-10 23:44:25,200 - BlankSpaceAnalyzer - INFO - -> Analyzing version 2.3.2 (159/287)...
2025-11-10 23:44:25,234 - BlankSpaceAnalyzer - INFO - -> Analyzing version 2.4.0 (160/287)...
2025-11-10 23:44:25,269 - BlankSpaceAnalyzer - INFO - -> Analyzing version 2.5.0 (161/287)...
2025-11-10 23:44:25,306 - BlankSpaceAnalyzer - INFO - -> Analyzing version 2.5.0-beta.0 (162/287)...
2025-11-10 23:44:25,340 - BlankSpaceAnalyzer - INFO - -> Analyzing version 2.5.0-beta.1 (163/287)...
2025-11-10 23:44:25,376 - BlankSpaceAnalyzer - INFO - -> Analyzing version 2.5.0-beta.2 (164/287)...
2025-11-10 23:44:25,411 - BlankSpaceAnalyzer - INFO - -> Analyzing version 2.5.0-beta.3 (165/287)...
2025-11-10 23:44:25,447 - BlankSpaceAnalyzer - INFO - -> Analyzing version 2.5.0-beta.4 (166/287)...
2025-11-10 23:44:25,482 - BlankSpaceAnalyzer - INFO - -> Analyzing version 2.5.0-beta.5 (167/287)...
2025-11-10 23:44:25,517 - BlankSpaceAnalyzer - INFO - -> Analyzing version 2.5.0-beta.6 (168/287)...
2025-11-10 23:44:25,553 - BlankSpaceAnalyzer - INFO - -> Analyzing version 2.5.0-pre.10 (169/287)...
2025-11-10 23:44:25,589 - BlankSpaceAnalyzer - INFO - -> Analyzing version 2.5.0-pre.11 (170/287)...
2025-11-10 23:44:25,626 - BlankSpaceAnalyzer - INFO - -> Analyzing version 2.5.0-pre.13 (171/287)...
2025-11-10 23:44:25,662 - BlankSpaceAnalyzer - INFO - -> Analyzing version 2.5.0-pre.14 (172/287)...
2025-11-10 23:44:25,697 - BlankSpaceAnalyzer - INFO - -> Analyzing version 2.5.0-pre.15 (173/287)...
2025-11-10 23:44:25,733 - BlankSpaceAnalyzer - INFO - -> Analyzing version 2.5.0-pre.16 (174/287)...
2025-11-10 23:44:25,768 - BlankSpaceAnalyzer - INFO - -> Analyzing version 2.5.0-pre.8 (175/287)...
2025-11-10 23:44:25,804 - BlankSpaceAnalyzer - INFO - -> Analyzing version 2.5.0-pre.9 (176/287)...
2025-11-10 23:44:25,840 - BlankSpaceAnalyzer - INFO - -> Analyzing version 2.5.1 (177/287)...
2025-11-10 23:44:25,875 - BlankSpaceAnalyzer - INFO - -> Analyzing version 2.5.2 (178/287)...
2025-11-10 23:44:25,912 - BlankSpaceAnalyzer - INFO - -> Analyzing version 2.5.3 (179/287)...
2025-11-10 23:44:25,948 - BlankSpaceAnalyzer - INFO - -> Analyzing version 2.5.4 (180/287)...
2025-11-10 23:44:25,983 - BlankSpaceAnalyzer - INFO - -> Analyzing version 2.5.5 (181/287)...
2025-11-10 23:44:26,022 - BlankSpaceAnalyzer - INFO - -> Analyzing version 2.5.6 (182/287)...
2025-11-10 23:44:26,057 - BlankSpaceAnalyzer - INFO - -> Analyzing version 2.5.7 (183/287)...
2025-11-10 23:44:26,093 - BlankSpaceAnalyzer - INFO - -> Analyzing version 2.5.8 (184/287)...
2025-11-10 23:44:26,128 - BlankSpaceAnalyzer - INFO - -> Analyzing version 2.5.9 (185/287)...
2025-11-10 23:44:26,164 - BlankSpaceAnalyzer - INFO - -> Analyzing version 2.6.0 (186/287)...
2025-11-10 23:44:26,199 - BlankSpaceAnalyzer - INFO - -> Analyzing version 2.6.1 (187/287)...
2025-11-10 23:44:26,235 - BlankSpaceAnalyzer - INFO - -> Analyzing version 2.6.2 (188/287)...
2025-11-10 23:44:26,271 - BlankSpaceAnalyzer - INFO - -> Analyzing version 2.6.3 (189/287)...
2025-11-10 23:44:26,307 - BlankSpaceAnalyzer - INFO - -> Analyzing version 2.6.4 (190/287)...
2025-11-10 23:44:26,342 - BlankSpaceAnalyzer - INFO - -> Analyzing version 2.6.5 (191/287)...
2025-11-10 23:44:26,378 - BlankSpaceAnalyzer - INFO - -> Analyzing version 2.6.6 (192/287)...
2025-11-10 23:44:26,413 - BlankSpaceAnalyzer - INFO - -> Analyzing version 2.7.0 (193/287)...
2025-11-10 23:44:26,449 - BlankSpaceAnalyzer - INFO - -> Analyzing version 2.7.0-pre.0 (194/287)...
2025-11-10 23:44:26,484 - BlankSpaceAnalyzer - INFO - -> Analyzing version 2.7.1 (195/287)...
2025-11-10 23:44:26,520 - BlankSpaceAnalyzer - INFO - -> Analyzing version 2.7.2 (196/287)...
2025-11-10 23:44:26,557 - BlankSpaceAnalyzer - INFO - -> Analyzing version 2.7.3 (197/287)...
2025-11-10 23:44:26,593 - BlankSpaceAnalyzer - INFO - -> Analyzing version 2.7.4 (198/287)...
2025-11-10 23:44:26,628 - BlankSpaceAnalyzer - INFO - -> Analyzing version 2.8.0 (199/287)...
2025-11-10 23:44:26,663 - BlankSpaceAnalyzer - INFO - -> Analyzing version 2.9.0 (200/287)...
2025-11-10 23:44:26,699 - BlankSpaceAnalyzer - INFO - -> Analyzing version 2.9.1 (201/287)...
2025-11-10 23:44:26,739 - BlankSpaceAnalyzer - INFO - -> Analyzing version 3.0.0 (202/287)...
2025-11-10 23:44:26,777 - BlankSpaceAnalyzer - INFO - -> Analyzing version 3.0.0-beta.0 (203/287)...
2025-11-10 23:44:26,777 - BlankSpaceAnalyzer - INFO - -> Analyzing version 3.0.0-beta.1 (204/287)...
2025-11-10 23:44:26,777 - BlankSpaceAnalyzer - INFO - -> Analyzing version 3.0.0-beta.10 (205/287)...
2025-11-10 23:44:26,778 - BlankSpaceAnalyzer - INFO - -> Analyzing version 3.0.0-beta.11 (206/287)...
2025-11-10 23:44:26,778 - BlankSpaceAnalyzer - INFO - -> Analyzing version 3.0.0-beta.12 (207/287)...
2025-11-10 23:44:26,778 - BlankSpaceAnalyzer - INFO - -> Analyzing version 3.0.0-beta.14 (208/287)...
2025-11-10 23:44:26,778 - BlankSpaceAnalyzer - INFO - -> Analyzing version 3.0.0-beta.15 (209/287)...
2025-11-10 23:44:26,779 - BlankSpaceAnalyzer - INFO - -> Analyzing version 3.0.0-beta.16 (210/287)...
2025-11-10 23:44:26,779 - BlankSpaceAnalyzer - INFO - -> Analyzing version 3.0.0-beta.17 (211/287)...
2025-11-10 23:44:26,779 - BlankSpaceAnalyzer - INFO - -> Analyzing version 3.0.0-beta.18 (212/287)...
2025-11-10 23:44:26,780 - BlankSpaceAnalyzer - INFO - -> Analyzing version 3.0.0-beta.19 (213/287)...
2025-11-10 23:44:26,780 - BlankSpaceAnalyzer - INFO - -> Analyzing version 3.0.0-beta.2 (214/287)...
2025-11-10 23:44:26,780 - BlankSpaceAnalyzer - INFO - -> Analyzing version 3.0.0-beta.21 (215/287)...
2025-11-10 23:44:26,780 - BlankSpaceAnalyzer - INFO - -> Analyzing version 3.0.0-beta.22 (216/287)...
2025-11-10 23:44:26,781 - BlankSpaceAnalyzer - INFO - -> Analyzing version 3.0.0-beta.23 (217/287)...
2025-11-10 23:44:26,781 - BlankSpaceAnalyzer - INFO - -> Analyzing version 3.0.0-beta.24 (218/287)...
2025-11-10 23:44:26,781 - BlankSpaceAnalyzer - INFO - -> Analyzing version 3.0.0-beta.25 (219/287)...
2025-11-10 23:44:26,781 - BlankSpaceAnalyzer - INFO - -> Analyzing version 3.0.0-beta.26 (220/287)...
2025-11-10 23:44:26,782 - BlankSpaceAnalyzer - INFO - -> Analyzing version 3.0.0-beta.27 (221/287)...
2025-11-10 23:44:26,782 - BlankSpaceAnalyzer - INFO - -> Analyzing version 3.0.0-beta.28 (222/287)...
2025-11-10 23:44:26,782 - BlankSpaceAnalyzer - INFO - -> Analyzing version 3.0.0-beta.29 (223/287)...
2025-11-10 23:44:26,783 - BlankSpaceAnalyzer - INFO - -> Analyzing version 3.0.0-beta.3 (224/287)...
2025-11-10 23:44:26,783 - BlankSpaceAnalyzer - INFO - -> Analyzing version 3.0.0-beta.30 (225/287)...
2025-11-10 23:44:26,783 - BlankSpaceAnalyzer - INFO - -> Analyzing version 3.0.0-beta.4 (226/287)...
2025-11-10 23:44:26,783 - BlankSpaceAnalyzer - INFO - -> Analyzing version 3.0.0-beta.5 (227/287)...
2025-11-10 23:44:26,784 - BlankSpaceAnalyzer - INFO - -> Analyzing version 3.0.0-beta.6 (228/287)...
2025-11-10 23:44:26,784 - BlankSpaceAnalyzer - INFO - -> Analyzing version 3.0.0-beta.7 (229/287)...
2025-11-10 23:44:26,784 - BlankSpaceAnalyzer - INFO - -> Analyzing version 3.0.0-beta.8 (230/287)...
2025-11-10 23:44:26,784 - BlankSpaceAnalyzer - INFO - -> Analyzing version 3.0.0-beta.9 (231/287)...
2025-11-10 23:44:26,785 - BlankSpaceAnalyzer - INFO - -> Analyzing version 3.0.0-next.0 (232/287)...
2025-11-10 23:44:26,820 - BlankSpaceAnalyzer - INFO - -> Analyzing version 3.0.0-next.1 (233/287)...
2025-11-10 23:44:26,821 - BlankSpaceAnalyzer - INFO - -> Analyzing version 3.0.0-next.2 (234/287)...
2025-11-10 23:44:26,821 - BlankSpaceAnalyzer - INFO - -> Analyzing version 3.0.0-next.3 (235/287)...
2025-11-10 23:44:26,821 - BlankSpaceAnalyzer - INFO - -> Analyzing version 3.0.0-next.4 (236/287)...
2025-11-10 23:44:26,821 - BlankSpaceAnalyzer - INFO - -> Analyzing version 3.0.0-next.5 (237/287)...
2025-11-10 23:44:26,822 - BlankSpaceAnalyzer - INFO - -> Analyzing version 3.0.0-next.6 (238/287)...
2025-11-10 23:44:26,822 - BlankSpaceAnalyzer - INFO - -> Analyzing version 3.0.0-next.7 (239/287)...
2025-11-10 23:44:26,822 - BlankSpaceAnalyzer - INFO - -> Analyzing version 3.0.0-next.8 (240/287)...
2025-11-10 23:44:26,822 - BlankSpaceAnalyzer - INFO - -> Analyzing version 3.0.1 (241/287)...
2025-11-10 23:44:26,823 - BlankSpaceAnalyzer - INFO - -> Analyzing version 3.0.2 (242/287)...
2025-11-10 23:44:26,823 - BlankSpaceAnalyzer - INFO - -> Analyzing version 3.0.2-beta.0 (243/287)...
2025-11-10 23:44:26,823 - BlankSpaceAnalyzer - INFO - -> Analyzing version 3.0.3 (244/287)...
2025-11-10 23:44:26,824 - BlankSpaceAnalyzer - INFO - -> Analyzing version 3.0.4 (245/287)...
2025-11-10 23:44:26,824 - BlankSpaceAnalyzer - INFO - -> Analyzing version 3.0.5 (246/287)...
2025-11-10 23:44:26,824 - BlankSpaceAnalyzer - INFO - -> Analyzing version 3.0.6 (247/287)...
2025-11-10 23:44:26,824 - BlankSpaceAnalyzer - INFO - -> Analyzing version 3.0.7 (248/287)...
2025-11-10 23:44:26,825 - BlankSpaceAnalyzer - INFO - -> Analyzing version 3.0.8 (249/287)...
2025-11-10 23:44:26,825 - BlankSpaceAnalyzer - INFO - -> Analyzing version 3.0.9 (250/287)...
2025-11-10 23:44:26,825 - BlankSpaceAnalyzer - INFO - -> Analyzing version 3.1.0 (251/287)...
2025-11-10 23:44:26,825 - BlankSpaceAnalyzer - INFO - -> Analyzing version 3.10.0 (252/287)...
2025-11-10 23:44:26,826 - BlankSpaceAnalyzer - INFO - -> Analyzing version 3.10.1 (253/287)...
2025-11-10 23:44:26,826 - BlankSpaceAnalyzer - INFO - -> Analyzing version 3.10.2 (254/287)...
2025-11-10 23:44:26,826 - BlankSpaceAnalyzer - INFO - -> Analyzing version 3.10.3 (255/287)...
2025-11-10 23:44:26,827 - BlankSpaceAnalyzer - INFO - -> Analyzing version 3.10.4 (256/287)...
2025-11-10 23:44:26,827 - BlankSpaceAnalyzer - INFO - -> Analyzing version 3.10.5 (257/287)...
2025-11-10 23:44:26,827 - BlankSpaceAnalyzer - INFO - -> Analyzing version 3.2.0 (258/287)...
2025-11-10 23:44:26,827 - BlankSpaceAnalyzer - INFO - -> Analyzing version 3.2.1 (259/287)...
2025-11-10 23:44:26,828 - BlankSpaceAnalyzer - INFO - -> Analyzing version 3.2.2 (260/287)...
2025-11-10 23:44:26,828 - BlankSpaceAnalyzer - INFO - -> Analyzing version 3.3.0 (261/287)...
2025-11-10 23:44:26,828 - BlankSpaceAnalyzer - INFO - -> Analyzing version 3.3.1 (262/287)...
2025-11-10 23:44:26,828 - BlankSpaceAnalyzer - INFO - -> Analyzing version 3.4.0 (263/287)...
2025-11-10 23:44:26,829 - BlankSpaceAnalyzer - INFO - -> Analyzing version 3.4.1 (264/287)...
2025-11-10 23:44:26,829 - BlankSpaceAnalyzer - INFO - -> Analyzing version 3.4.2 (265/287)...
2025-11-10 23:44:26,829 - BlankSpaceAnalyzer - INFO - -> Analyzing version 3.4.3 (266/287)...
2025-11-10 23:44:26,830 - BlankSpaceAnalyzer - INFO - -> Analyzing version 3.4.4 (267/287)...
2025-11-10 23:44:26,830 - BlankSpaceAnalyzer - INFO - -> Analyzing version 3.4.5 (268/287)...
2025-11-10 23:44:26,830 - BlankSpaceAnalyzer - INFO - -> Analyzing version 3.4.6 (269/287)...
2025-11-10 23:44:26,830 - BlankSpaceAnalyzer - INFO - -> Analyzing version 3.5.0 (270/287)...
2025-11-10 23:44:26,831 - BlankSpaceAnalyzer - INFO - -> Analyzing version 3.5.1 (271/287)...
2025-11-10 23:44:26,831 - BlankSpaceAnalyzer - INFO - -> Analyzing version 3.5.2 (272/287)...
2025-11-10 23:44:26,831 - BlankSpaceAnalyzer - INFO - -> Analyzing version 3.5.3 (273/287)...
2025-11-10 23:44:26,831 - BlankSpaceAnalyzer - INFO - -> Analyzing version 3.6.0 (274/287)...
2025-11-10 23:44:26,832 - BlankSpaceAnalyzer - INFO - -> Analyzing version 3.6.1 (275/287)...
2025-11-10 23:44:26,832 - BlankSpaceAnalyzer - INFO - -> Analyzing version 3.6.2 (276/287)...
2025-11-10 23:44:26,832 - BlankSpaceAnalyzer - INFO - -> Analyzing version 3.6.3 (277/287)...
2025-11-10 23:44:26,832 - BlankSpaceAnalyzer - INFO - -> Analyzing version 3.6.4 (278/287)...
2025-11-10 23:44:26,833 - BlankSpaceAnalyzer - INFO - -> Analyzing version 3.6.5 (279/287)...
2025-11-10 23:44:26,833 - BlankSpaceAnalyzer - INFO - -> Analyzing version 3.6.6 (280/287)...
2025-11-10 23:44:26,833 - BlankSpaceAnalyzer - INFO - -> Analyzing version 3.6.7 (281/287)...
2025-11-10 23:44:26,834 - BlankSpaceAnalyzer - INFO - -> Analyzing version 3.7.0 (282/287)...
2025-11-10 23:44:26,834 - BlankSpaceAnalyzer - INFO - -> Analyzing version 3.7.1 (283/287)...
2025-11-10 23:44:26,834 - BlankSpaceAnalyzer - INFO - -> Analyzing version 3.7.2 (284/287)...
2025-11-10 23:44:26,834 - BlankSpaceAnalyzer - INFO - -> Analyzing version 3.8.0 (285/287)...
2025-11-10 23:44:26,835 - BlankSpaceAnalyzer - INFO - -> Analyzing version 3.9.0 (286/287)...
2025-11-10 23:44:26,835 - BlankSpaceAnalyzer - INFO - -> Analyzing version 3.9.1 (287/287)...
2025-11-10 23:44:26,835 - BlankSpaceAnalyzer - INFO - Exporting results for '@tiptap/extension-text-align' to CSV...
2025-11-10 23:44:27,118 - BlankSpaceAnalyzer - INFO - Reports saved in: /app/npm_results/@tiptap_extension-text-align
2025-11-10 23:44:27,118 - NPM_Analyzer - INFO - Cleaning temporary folder 'temp/@tiptap_extension-text-align'...
2025-11-10 23:44:27,321 - NPM_Analyzer - INFO - Cleanup completed.
2025-11-11 09:59:29,548 - NPM_Analyzer - INFO - Fetching metadata for '@tiptap/extension-text-align'...
2025-11-11 09:59:29,703 - NPM_Analyzer - INFO - Found 287 versions. Starting download into 'temp/@tiptap_extension-text-align'...
2025-11-11 10:03:31,294 - BlankSpaceAnalyzer - INFO - Analyzing 287 versions for '*.js' in '@tiptap_extension-text-align'.
2025-11-11 10:03:31,295 - BlankSpaceAnalyzer - INFO - -> Analyzing version 1.0.0-alpha.1 (1/287)...
2025-11-11 10:03:31,351 - BlankSpaceAnalyzer - INFO - -> Analyzing version 1.0.0-alpha.2 (2/287)...
2025-11-11 10:03:31,383 - BlankSpaceAnalyzer - INFO - -> Analyzing version 2.0.0 (3/287)...
2025-11-11 10:03:31,415 - BlankSpaceAnalyzer - INFO - -> Analyzing version 2.0.0-alpha.1 (4/287)...
2025-11-11 10:03:31,451 - BlankSpaceAnalyzer - INFO - -> Analyzing version 2.0.0-alpha.10 (5/287)...
2025-11-11 10:03:31,487 - BlankSpaceAnalyzer - INFO - -> Analyzing version 2.0.0-alpha.11 (6/287)...
2025-11-11 10:03:31,524 - BlankSpaceAnalyzer - INFO - -> Analyzing version 2.0.0-alpha.12 (7/287)...
2025-11-11 10:03:31,561 - BlankSpaceAnalyzer - INFO - -> Analyzing version 2.0.0-alpha.2 (8/287)...
2025-11-11 10:03:31,598 - BlankSpaceAnalyzer - INFO - -> Analyzing version 2.0.0-alpha.3 (9/287)...
2025-11-11 10:03:31,635 - BlankSpaceAnalyzer - INFO - -> Analyzing version 2.0.0-alpha.4 (10/287)...
2025-11-11 10:03:31,673 - BlankSpaceAnalyzer - INFO - -> Analyzing version 2.0.0-alpha.5 (11/287)...
2025-11-11 10:03:31,710 - BlankSpaceAnalyzer - INFO - -> Analyzing version 2.0.0-alpha.6 (12/287)...
2025-11-11 10:03:31,748 - BlankSpaceAnalyzer - INFO - -> Analyzing version 2.0.0-alpha.7 (13/287)...
2025-11-11 10:03:31,789 - BlankSpaceAnalyzer - INFO - -> Analyzing version 2.0.0-alpha.8 (14/287)...
2025-11-11 10:03:31,826 - BlankSpaceAnalyzer - INFO - -> Analyzing version 2.0.0-alpha.9 (15/287)...
2025-11-11 10:03:31,863 - BlankSpaceAnalyzer - INFO - -> Analyzing version 2.0.0-beta.1 (16/287)...
2025-11-11 10:03:31,900 - BlankSpaceAnalyzer - INFO - -> Analyzing version 2.0.0-beta.10 (17/287)...
2025-11-11 10:03:31,938 - BlankSpaceAnalyzer - INFO - -> Analyzing version 2.0.0-beta.11 (18/287)...
2025-11-11 10:03:31,974 - BlankSpaceAnalyzer - INFO - -> Analyzing version 2.0.0-beta.12 (19/287)...
2025-11-11 10:03:32,013 - BlankSpaceAnalyzer - INFO - -> Analyzing version 2.0.0-beta.13 (20/287)...
2025-11-11 10:03:32,050 - BlankSpaceAnalyzer - INFO - -> Analyzing version 2.0.0-beta.14 (21/287)...
2025-11-11 10:03:32,087 - BlankSpaceAnalyzer - INFO - -> Analyzing version 2.0.0-beta.15 (22/287)...
2025-11-11 10:03:32,124 - BlankSpaceAnalyzer - INFO - -> Analyzing version 2.0.0-beta.16 (23/287)...
2025-11-11 10:03:32,162 - BlankSpaceAnalyzer - INFO - -> Analyzing version 2.0.0-beta.17 (24/287)...
2025-11-11 10:03:32,198 - BlankSpaceAnalyzer - INFO - -> Analyzing version 2.0.0-beta.18 (25/287)...
2025-11-11 10:03:32,235 - BlankSpaceAnalyzer - INFO - -> Analyzing version 2.0.0-beta.19 (26/287)...
2025-11-11 10:03:32,272 - BlankSpaceAnalyzer - INFO - -> Analyzing version 2.0.0-beta.194 (27/287)...
2025-11-11 10:03:32,309 - BlankSpaceAnalyzer - INFO - -> Analyzing version 2.0.0-beta.195 (28/287)...
2025-11-11 10:03:32,346 - BlankSpaceAnalyzer - INFO - -> Analyzing version 2.0.0-beta.196 (29/287)...
2025-11-11 10:03:32,382 - BlankSpaceAnalyzer - INFO - -> Analyzing version 2.0.0-beta.197 (30/287)...
2025-11-11 10:03:32,419 - BlankSpaceAnalyzer - INFO - -> Analyzing version 2.0.0-beta.198 (31/287)...
2025-11-11 10:03:32,457 - BlankSpaceAnalyzer - INFO - -> Analyzing version 2.0.0-beta.199 (32/287)...
2025-11-11 10:03:32,494 - BlankSpaceAnalyzer - INFO - -> Analyzing version 2.0.0-beta.2 (33/287)...
2025-11-11 10:03:32,532 - BlankSpaceAnalyzer - INFO - -> Analyzing version 2.0.0-beta.20 (34/287)...
2025-11-11 10:03:32,569 - BlankSpaceAnalyzer - INFO - -> Analyzing version 2.0.0-beta.200 (35/287)...
2025-11-11 10:03:32,606 - BlankSpaceAnalyzer - INFO - -> Analyzing version 2.0.0-beta.201 (36/287)...
2025-11-11 10:03:32,643 - BlankSpaceAnalyzer - INFO - -> Analyzing version 2.0.0-beta.202 (37/287)...
2025-11-11 10:03:32,680 - BlankSpaceAnalyzer - INFO - -> Analyzing version 2.0.0-beta.203 (38/287)...
2025-11-11 10:03:32,681 - BlankSpaceAnalyzer - INFO - -> Analyzing version 2.0.0-beta.204 (39/287)...
2025-11-11 10:03:32,717 - BlankSpaceAnalyzer - INFO - -> Analyzing version 2.0.0-beta.205 (40/287)...
2025-11-11 10:03:32,755 - BlankSpaceAnalyzer - INFO - -> Analyzing version 2.0.0-beta.206 (41/287)...
2025-11-11 10:03:32,794 - BlankSpaceAnalyzer - INFO - -> Analyzing version 2.0.0-beta.207 (42/287)...
2025-11-11 10:03:32,830 - BlankSpaceAnalyzer - INFO - -> Analyzing version 2.0.0-beta.208 (43/287)...
2025-11-11 10:03:32,867 - BlankSpaceAnalyzer - INFO - -> Analyzing version 2.0.0-beta.209 (44/287)...
2025-11-11 10:03:32,906 - BlankSpaceAnalyzer - INFO - -> Analyzing version 2.0.0-beta.21 (45/287)...
2025-11-11 10:03:32,944 - BlankSpaceAnalyzer - INFO - -> Analyzing version 2.0.0-beta.210 (46/287)...
2025-11-11 10:03:32,944 - BlankSpaceAnalyzer - INFO - -> Analyzing version 2.0.0-beta.211 (47/287)...
2025-11-11 10:03:32,944 - BlankSpaceAnalyzer - INFO - -> Analyzing version 2.0.0-beta.212 (48/287)...
2025-11-11 10:03:32,945 - BlankSpaceAnalyzer - INFO - -> Analyzing version 2.0.0-beta.213 (49/287)...
2025-11-11 10:03:32,945 - BlankSpaceAnalyzer - INFO - -> Analyzing version 2.0.0-beta.214 (50/287)...
2025-11-11 10:03:32,982 - BlankSpaceAnalyzer - INFO - -> Analyzing version 2.0.0-beta.215 (51/287)...
2025-11-11 10:03:33,019 - BlankSpaceAnalyzer - INFO - -> Analyzing version 2.0.0-beta.216 (52/287)...
2025-11-11 10:03:33,057 - BlankSpaceAnalyzer - INFO - -> Analyzing version 2.0.0-beta.217 (53/287)...
2025-11-11 10:03:33,094 - BlankSpaceAnalyzer - INFO - -> Analyzing version 2.0.0-beta.218 (54/287)...
2025-11-11 10:03:33,130 - BlankSpaceAnalyzer - INFO - -> Analyzing version 2.0.0-beta.219 (55/287)...
2025-11-11 10:03:33,167 - BlankSpaceAnalyzer - INFO - -> Analyzing version 2.0.0-beta.22 (56/287)...
2025-11-11 10:03:33,204 - BlankSpaceAnalyzer - INFO - -> Analyzing version 2.0.0-beta.220 (57/287)...
2025-11-11 10:03:33,241 - BlankSpaceAnalyzer - INFO - -> Analyzing version 2.0.0-beta.23 (58/287)...
2025-11-11 10:03:33,278 - BlankSpaceAnalyzer - INFO - -> Analyzing version 2.0.0-beta.24 (59/287)...
2025-11-11 10:03:33,315 - BlankSpaceAnalyzer - INFO - -> Analyzing version 2.0.0-beta.25 (60/287)...
2025-11-11 10:03:33,351 - BlankSpaceAnalyzer - INFO - -> Analyzing version 2.0.0-beta.27 (61/287)...
2025-11-11 10:03:33,352 - BlankSpaceAnalyzer - INFO - -> Analyzing version 2.0.0-beta.28 (62/287)...
2025-11-11 10:03:33,389 - BlankSpaceAnalyzer - INFO - -> Analyzing version 2.0.0-beta.29 (63/287)...
2025-11-11 10:03:33,425 - BlankSpaceAnalyzer - INFO - -> Analyzing version 2.0.0-beta.3 (64/287)...
2025-11-11 10:03:33,462 - BlankSpaceAnalyzer - INFO - -> Analyzing version 2.0.0-beta.31 (65/287)...
2025-11-11 10:03:33,499 - BlankSpaceAnalyzer - INFO - -> Analyzing version 2.0.0-beta.4 (66/287)...
2025-11-11 10:03:33,537 - BlankSpaceAnalyzer - INFO - -> Analyzing version 2.0.0-beta.5 (67/287)...
2025-11-11 10:03:33,574 - BlankSpaceAnalyzer - INFO - -> Analyzing version 2.0.0-beta.6 (68/287)...
2025-11-11 10:03:33,611 - BlankSpaceAnalyzer - INFO - -> Analyzing version 2.0.0-beta.7 (69/287)...
2025-11-11 10:03:33,648 - BlankSpaceAnalyzer - INFO - -> Analyzing version 2.0.0-beta.8 (70/287)...
2025-11-11 10:03:33,685 - BlankSpaceAnalyzer - INFO - -> Analyzing version 2.0.0-beta.9 (71/287)...
2025-11-11 10:03:33,722 - BlankSpaceAnalyzer - INFO - -> Analyzing version 2.0.0-rc.1 (72/287)...
2025-11-11 10:03:33,758 - BlankSpaceAnalyzer - INFO - -> Analyzing version 2.0.0-rc.2 (73/287)...
2025-11-11 10:03:33,796 - BlankSpaceAnalyzer - INFO - -> Analyzing version 2.0.0-rc.3 (74/287)...
2025-11-11 10:03:33,834 - BlankSpaceAnalyzer - INFO - -> Analyzing version 2.0.1 (75/287)...
2025-11-11 10:03:33,870 - BlankSpaceAnalyzer - INFO - -> Analyzing version 2.0.2 (76/287)...
2025-11-11 10:03:33,909 - BlankSpaceAnalyzer - INFO - -> Analyzing version 2.0.3 (77/287)...
2025-11-11 10:03:33,946 - BlankSpaceAnalyzer - INFO - -> Analyzing version 2.0.4 (78/287)...
2025-11-11 10:03:33,983 - BlankSpaceAnalyzer - INFO - -> Analyzing version 2.1.0 (79/287)...
2025-11-11 10:03:34,020 - BlankSpaceAnalyzer - INFO - -> Analyzing version 2.1.0-rc.0 (80/287)...
2025-11-11 10:03:34,057 - BlankSpaceAnalyzer - INFO - -> Analyzing version 2.1.0-rc.1 (81/287)...
2025-11-11 10:03:34,095 - BlankSpaceAnalyzer - INFO - -> Analyzing version 2.1.0-rc.10 (82/287)...
2025-11-11 10:03:34,133 - BlankSpaceAnalyzer - INFO - -> Analyzing version 2.1.0-rc.11 (83/287)...
2025-11-11 10:03:34,169 - BlankSpaceAnalyzer - INFO - -> Analyzing version 2.1.0-rc.12 (84/287)...
2025-11-11 10:03:34,206 - BlankSpaceAnalyzer - INFO - -> Analyzing version 2.1.0-rc.13 (85/287)...
2025-11-11 10:03:34,243 - BlankSpaceAnalyzer - INFO - -> Analyzing version 2.1.0-rc.14 (86/287)...
2025-11-11 10:03:34,280 - BlankSpaceAnalyzer - INFO - -> Analyzing version 2.1.0-rc.2 (87/287)...
2025-11-11 10:03:34,319 - BlankSpaceAnalyzer - INFO - -> Analyzing version 2.1.0-rc.3 (88/287)...
2025-11-11 10:03:34,357 - BlankSpaceAnalyzer - INFO - -> Analyzing version 2.1.0-rc.4 (89/287)...
2025-11-11 10:03:34,393 - BlankSpaceAnalyzer - INFO - -> Analyzing version 2.1.0-rc.5 (90/287)...
2025-11-11 10:03:34,429 - BlankSpaceAnalyzer - INFO - -> Analyzing version 2.1.0-rc.8 (91/287)...
2025-11-11 10:03:34,466 - BlankSpaceAnalyzer - INFO - -> Analyzing version 2.1.0-rc.9 (92/287)...
2025-11-11 10:03:34,503 - BlankSpaceAnalyzer - INFO - -> Analyzing version 2.1.1 (93/287)...
2025-11-11 10:03:34,539 - BlankSpaceAnalyzer - INFO - -> Analyzing version 2.1.10 (94/287)...
2025-11-11 10:03:34,577 - BlankSpaceAnalyzer - INFO - -> Analyzing version 2.1.11 (95/287)...
2025-11-11 10:03:34,614 - BlankSpaceAnalyzer - INFO - -> Analyzing version 2.1.12 (96/287)...
2025-11-11 10:03:34,650 - BlankSpaceAnalyzer - INFO - -> Analyzing version 2.1.13 (97/287)...
2025-11-11 10:03:34,690 - BlankSpaceAnalyzer - INFO - -> Analyzing version 2.1.14 (98/287)...
2025-11-11 10:03:34,727 - BlankSpaceAnalyzer - INFO - -> Analyzing version 2.1.15 (99/287)...
2025-11-11 10:03:34,763 - BlankSpaceAnalyzer - INFO - -> Analyzing version 2.1.16 (100/287)...
2025-11-11 10:03:34,800 - BlankSpaceAnalyzer - INFO - -> Analyzing version 2.1.2 (101/287)...
2025-11-11 10:03:34,837 - BlankSpaceAnalyzer - INFO - -> Analyzing version 2.1.3 (102/287)...
2025-11-11 10:03:34,873 - BlankSpaceAnalyzer - INFO - -> Analyzing version 2.1.4 (103/287)...
2025-11-11 10:03:34,910 - BlankSpaceAnalyzer - INFO - -> Analyzing version 2.1.6 (104/287)...
2025-11-11 10:03:34,946 - BlankSpaceAnalyzer - INFO - -> Analyzing version 2.1.7 (105/287)...
2025-11-11 10:03:34,983 - BlankSpaceAnalyzer - INFO - -> Analyzing version 2.1.8 (106/287)...
2025-11-11 10:03:35,020 - BlankSpaceAnalyzer - INFO - -> Analyzing version 2.1.9 (107/287)...
2025-11-11 10:03:35,056 - BlankSpaceAnalyzer - INFO - -> Analyzing version 2.10.0 (108/287)...
2025-11-11 10:03:35,093 - BlankSpaceAnalyzer - INFO - -> Analyzing version 2.10.1 (109/287)...
2025-11-11 10:03:35,130 - BlankSpaceAnalyzer - INFO - -> Analyzing version 2.10.2 (110/287)...
2025-11-11 10:03:35,166 - BlankSpaceAnalyzer - INFO - -> Analyzing version 2.10.3 (111/287)...
2025-11-11 10:03:35,203 - BlankSpaceAnalyzer - INFO - -> Analyzing version 2.10.4 (112/287)...
2025-11-11 10:03:35,239 - BlankSpaceAnalyzer - INFO - -> Analyzing version 2.11.0 (113/287)...
2025-11-11 10:03:35,276 - BlankSpaceAnalyzer - INFO - -> Analyzing version 2.11.1 (114/287)...
2025-11-11 10:03:35,313 - BlankSpaceAnalyzer - INFO - -> Analyzing version 2.11.2 (115/287)...
2025-11-11 10:03:35,350 - BlankSpaceAnalyzer - INFO - -> Analyzing version 2.11.3 (116/287)...
2025-11-11 10:03:35,386 - BlankSpaceAnalyzer - INFO - -> Analyzing version 2.11.4 (117/287)...
2025-11-11 10:03:35,423 - BlankSpaceAnalyzer - INFO - -> Analyzing version 2.11.5 (118/287)...
2025-11-11 10:03:35,460 - BlankSpaceAnalyzer - INFO - -> Analyzing version 2.11.6 (119/287)...
2025-11-11 10:03:35,496 - BlankSpaceAnalyzer - INFO - -> Analyzing version 2.11.7 (120/287)...
2025-11-11 10:03:35,535 - BlankSpaceAnalyzer - INFO - -> Analyzing version 2.11.9 (121/287)...
2025-11-11 10:03:35,572 - BlankSpaceAnalyzer - INFO - -> Analyzing version 2.12.0 (122/287)...
2025-11-11 10:03:35,608 - BlankSpaceAnalyzer - INFO - -> Analyzing version 2.13.0 (123/287)...
2025-11-11 10:03:35,645 - BlankSpaceAnalyzer - INFO - -> Analyzing version 2.14.0 (124/287)...
2025-11-11 10:03:35,681 - BlankSpaceAnalyzer - INFO - -> Analyzing version 2.14.1 (125/287)...
2025-11-11 10:03:35,718 - BlankSpaceAnalyzer - INFO - -> Analyzing version 2.2.0 (126/287)...
2025-11-11 10:03:35,755 - BlankSpaceAnalyzer - INFO - -> Analyzing version 2.2.0-rc.3 (127/287)...
2025-11-11 10:03:35,792 - BlankSpaceAnalyzer - INFO - -> Analyzing version 2.2.0-rc.4 (128/287)...
2025-11-11 10:03:35,828 - BlankSpaceAnalyzer - INFO - -> Analyzing version 2.2.0-rc.5 (129/287)...
2025-11-11 10:03:35,865 - BlankSpaceAnalyzer - INFO - -> Analyzing version 2.2.0-rc.6 (130/287)...
2025-11-11 10:03:35,902 - BlankSpaceAnalyzer - INFO - -> Analyzing version 2.2.0-rc.7 (131/287)...
2025-11-11 10:03:35,938 - BlankSpaceAnalyzer - INFO - -> Analyzing version 2.2.0-rc.8 (132/287)...
2025-11-11 10:03:35,975 - BlankSpaceAnalyzer - INFO - -> Analyzing version 2.2.1 (133/287)...
2025-11-11 10:03:36,012 - BlankSpaceAnalyzer - INFO - -> Analyzing version 2.2.2 (134/287)...
2025-11-11 10:03:36,049 - BlankSpaceAnalyzer - INFO - -> Analyzing version 2.2.3 (135/287)...
2025-11-11 10:03:36,086 - BlankSpaceAnalyzer - INFO - -> Analyzing version 2.2.4 (136/287)...
2025-11-11 10:03:36,123 - BlankSpaceAnalyzer - INFO - -> Analyzing version 2.2.5 (137/287)...
2025-11-11 10:03:36,160 - BlankSpaceAnalyzer - INFO - -> Analyzing version 2.2.6 (138/287)...
2025-11-11 10:03:36,197 - BlankSpaceAnalyzer - INFO - -> Analyzing version 2.22.0 (139/287)...
2025-11-11 10:03:36,235 - BlankSpaceAnalyzer - INFO - -> Analyzing version 2.22.1 (140/287)...
2025-11-11 10:03:36,272 - BlankSpaceAnalyzer - INFO - -> Analyzing version 2.22.2 (141/287)...
2025-11-11 10:03:36,308 - BlankSpaceAnalyzer - INFO - -> Analyzing version 2.22.3 (142/287)...
2025-11-11 10:03:36,346 - BlankSpaceAnalyzer - INFO - -> Analyzing version 2.23.0 (143/287)...
2025-11-11 10:03:36,385 - BlankSpaceAnalyzer - INFO - -> Analyzing version 2.23.1 (144/287)...
2025-11-11 10:03:36,421 - BlankSpaceAnalyzer - INFO - -> Analyzing version 2.24.0 (145/287)...
2025-11-11 10:03:36,458 - BlankSpaceAnalyzer - INFO - -> Analyzing version 2.24.1 (146/287)...
2025-11-11 10:03:36,494 - BlankSpaceAnalyzer - INFO - -> Analyzing version 2.24.2 (147/287)...
2025-11-11 10:03:36,534 - BlankSpaceAnalyzer - INFO - -> Analyzing version 2.25.0 (148/287)...
2025-11-11 10:03:36,571 - BlankSpaceAnalyzer - INFO - -> Analyzing version 2.25.1 (149/287)...
2025-11-11 10:03:36,607 - BlankSpaceAnalyzer - INFO - -> Analyzing version 2.26.0 (150/287)...
2025-11-11 10:03:36,644 - BlankSpaceAnalyzer - INFO - -> Analyzing version 2.26.1 (151/287)...
2025-11-11 10:03:36,680 - BlankSpaceAnalyzer - INFO - -> Analyzing version 2.26.2 (152/287)...
2025-11-11 10:03:36,717 - BlankSpaceAnalyzer - INFO - -> Analyzing version 2.26.3 (153/287)...
2025-11-11 10:03:36,754 - BlankSpaceAnalyzer - INFO - -> Analyzing version 2.26.4 (154/287)...
2025-11-11 10:03:36,791 - BlankSpaceAnalyzer - INFO - -> Analyzing version 2.27.0 (155/287)...
2025-11-11 10:03:36,828 - BlankSpaceAnalyzer - INFO - -> Analyzing version 2.27.1 (156/287)...
2025-11-11 10:03:36,864 - BlankSpaceAnalyzer - INFO - -> Analyzing version 2.3.0 (157/287)...
2025-11-11 10:03:36,900 - BlankSpaceAnalyzer - INFO - -> Analyzing version 2.3.1 (158/287)...
2025-11-11 10:03:36,937 - BlankSpaceAnalyzer - INFO - -> Analyzing version 2.3.2 (159/287)...
2025-11-11 10:03:36,974 - BlankSpaceAnalyzer - INFO - -> Analyzing version 2.4.0 (160/287)...
2025-11-11 10:03:37,011 - BlankSpaceAnalyzer - INFO - -> Analyzing version 2.5.0 (161/287)...
2025-11-11 10:03:37,048 - BlankSpaceAnalyzer - INFO - -> Analyzing version 2.5.0-beta.0 (162/287)...
2025-11-11 10:03:37,085 - BlankSpaceAnalyzer - INFO - -> Analyzing version 2.5.0-beta.1 (163/287)...
2025-11-11 10:03:37,122 - BlankSpaceAnalyzer - INFO - -> Analyzing version 2.5.0-beta.2 (164/287)...
2025-11-11 10:03:37,160 - BlankSpaceAnalyzer - INFO - -> Analyzing version 2.5.0-beta.3 (165/287)...
2025-11-11 10:03:37,198 - BlankSpaceAnalyzer - INFO - -> Analyzing version 2.5.0-beta.4 (166/287)...
2025-11-11 10:03:37,235 - BlankSpaceAnalyzer - INFO - -> Analyzing version 2.5.0-beta.5 (167/287)...
2025-11-11 10:03:37,275 - BlankSpaceAnalyzer - INFO - -> Analyzing version 2.5.0-beta.6 (168/287)...
2025-11-11 10:03:37,313 - BlankSpaceAnalyzer - INFO - -> Analyzing version 2.5.0-pre.10 (169/287)...
2025-11-11 10:03:37,350 - BlankSpaceAnalyzer - INFO - -> Analyzing version 2.5.0-pre.11 (170/287)...
2025-11-11 10:03:37,389 - BlankSpaceAnalyzer - INFO - -> Analyzing version 2.5.0-pre.13 (171/287)...
2025-11-11 10:03:37,427 - BlankSpaceAnalyzer - INFO - -> Analyzing version 2.5.0-pre.14 (172/287)...
2025-11-11 10:03:37,464 - BlankSpaceAnalyzer - INFO - -> Analyzing version 2.5.0-pre.15 (173/287)...
2025-11-11 10:03:37,501 - BlankSpaceAnalyzer - INFO - -> Analyzing version 2.5.0-pre.16 (174/287)...
2025-11-11 10:03:37,539 - BlankSpaceAnalyzer - INFO - -> Analyzing version 2.5.0-pre.8 (175/287)...
2025-11-11 10:03:37,575 - BlankSpaceAnalyzer - INFO - -> Analyzing version 2.5.0-pre.9 (176/287)...
2025-11-11 10:03:37,613 - BlankSpaceAnalyzer - INFO - -> Analyzing version 2.5.1 (177/287)...
2025-11-11 10:03:37,650 - BlankSpaceAnalyzer - INFO - -> Analyzing version 2.5.2 (178/287)...
2025-11-11 10:03:37,686 - BlankSpaceAnalyzer - INFO - -> Analyzing version 2.5.3 (179/287)...
2025-11-11 10:03:37,723 - BlankSpaceAnalyzer - INFO - -> Analyzing version 2.5.4 (180/287)...
2025-11-11 10:03:37,763 - BlankSpaceAnalyzer - INFO - -> Analyzing version 2.5.5 (181/287)...
2025-11-11 10:03:37,799 - BlankSpaceAnalyzer - INFO - -> Analyzing version 2.5.6 (182/287)...
2025-11-11 10:03:37,838 - BlankSpaceAnalyzer - INFO - -> Analyzing version 2.5.7 (183/287)...
2025-11-11 10:03:37,875 - BlankSpaceAnalyzer - INFO - -> Analyzing version 2.5.8 (184/287)...
2025-11-11 10:03:37,912 - BlankSpaceAnalyzer - INFO - -> Analyzing version 2.5.9 (185/287)...
2025-11-11 10:03:37,950 - BlankSpaceAnalyzer - INFO - -> Analyzing version 2.6.0 (186/287)...
2025-11-11 10:03:37,986 - BlankSpaceAnalyzer - INFO - -> Analyzing version 2.6.1 (187/287)...
2025-11-11 10:03:38,024 - BlankSpaceAnalyzer - INFO - -> Analyzing version 2.6.2 (188/287)...
2025-11-11 10:03:38,061 - BlankSpaceAnalyzer - INFO - -> Analyzing version 2.6.3 (189/287)...
2025-11-11 10:03:38,099 - BlankSpaceAnalyzer - INFO - -> Analyzing version 2.6.4 (190/287)...
2025-11-11 10:03:38,137 - BlankSpaceAnalyzer - INFO - -> Analyzing version 2.6.5 (191/287)...
2025-11-11 10:03:38,174 - BlankSpaceAnalyzer - INFO - -> Analyzing version 2.6.6 (192/287)...
2025-11-11 10:03:38,214 - BlankSpaceAnalyzer - INFO - -> Analyzing version 2.7.0 (193/287)...
2025-11-11 10:03:38,252 - BlankSpaceAnalyzer - INFO - -> Analyzing version 2.7.0-pre.0 (194/287)...
2025-11-11 10:03:38,289 - BlankSpaceAnalyzer - INFO - -> Analyzing version 2.7.1 (195/287)...
2025-11-11 10:03:38,326 - BlankSpaceAnalyzer - INFO - -> Analyzing version 2.7.2 (196/287)...
2025-11-11 10:03:38,364 - BlankSpaceAnalyzer - INFO - -> Analyzing version 2.7.3 (197/287)...
2025-11-11 10:03:38,400 - BlankSpaceAnalyzer - INFO - -> Analyzing version 2.7.4 (198/287)...
2025-11-11 10:03:38,437 - BlankSpaceAnalyzer - INFO - -> Analyzing version 2.8.0 (199/287)...
2025-11-11 10:03:38,474 - BlankSpaceAnalyzer - INFO - -> Analyzing version 2.9.0 (200/287)...
2025-11-11 10:03:38,510 - BlankSpaceAnalyzer - INFO - -> Analyzing version 2.9.1 (201/287)...
2025-11-11 10:03:38,547 - BlankSpaceAnalyzer - INFO - -> Analyzing version 3.0.0 (202/287)...
2025-11-11 10:03:38,584 - BlankSpaceAnalyzer - INFO - -> Analyzing version 3.0.0-beta.0 (203/287)...
2025-11-11 10:03:38,585 - BlankSpaceAnalyzer - INFO - -> Analyzing version 3.0.0-beta.1 (204/287)...
2025-11-11 10:03:38,585 - BlankSpaceAnalyzer - INFO - -> Analyzing version 3.0.0-beta.10 (205/287)...
2025-11-11 10:03:38,586 - BlankSpaceAnalyzer - INFO - -> Analyzing version 3.0.0-beta.11 (206/287)...
2025-11-11 10:03:38,586 - BlankSpaceAnalyzer - INFO - -> Analyzing version 3.0.0-beta.12 (207/287)...
2025-11-11 10:03:38,586 - BlankSpaceAnalyzer - INFO - -> Analyzing version 3.0.0-beta.14 (208/287)...
2025-11-11 10:03:38,587 - BlankSpaceAnalyzer - INFO - -> Analyzing version 3.0.0-beta.15 (209/287)...
2025-11-11 10:03:38,587 - BlankSpaceAnalyzer - INFO - -> Analyzing version 3.0.0-beta.16 (210/287)...
2025-11-11 10:03:38,587 - BlankSpaceAnalyzer - INFO - -> Analyzing version 3.0.0-beta.17 (211/287)...
2025-11-11 10:03:38,588 - BlankSpaceAnalyzer - INFO - -> Analyzing version 3.0.0-beta.18 (212/287)...
2025-11-11 10:03:38,588 - BlankSpaceAnalyzer - INFO - -> Analyzing version 3.0.0-beta.19 (213/287)...
2025-11-11 10:03:38,588 - BlankSpaceAnalyzer - INFO - -> Analyzing version 3.0.0-beta.2 (214/287)...
2025-11-11 10:03:38,589 - BlankSpaceAnalyzer - INFO - -> Analyzing version 3.0.0-beta.21 (215/287)...
2025-11-11 10:03:38,589 - BlankSpaceAnalyzer - INFO - -> Analyzing version 3.0.0-beta.22 (216/287)...
2025-11-11 10:03:38,589 - BlankSpaceAnalyzer - INFO - -> Analyzing version 3.0.0-beta.23 (217/287)...
2025-11-11 10:03:38,590 - BlankSpaceAnalyzer - INFO - -> Analyzing version 3.0.0-beta.24 (218/287)...
2025-11-11 10:03:38,590 - BlankSpaceAnalyzer - INFO - -> Analyzing version 3.0.0-beta.25 (219/287)...
2025-11-11 10:03:38,590 - BlankSpaceAnalyzer - INFO - -> Analyzing version 3.0.0-beta.26 (220/287)...
2025-11-11 10:03:38,591 - BlankSpaceAnalyzer - INFO - -> Analyzing version 3.0.0-beta.27 (221/287)...
2025-11-11 10:03:38,591 - BlankSpaceAnalyzer - INFO - -> Analyzing version 3.0.0-beta.28 (222/287)...
2025-11-11 10:03:38,591 - BlankSpaceAnalyzer - INFO - -> Analyzing version 3.0.0-beta.29 (223/287)...
2025-11-11 10:03:38,592 - BlankSpaceAnalyzer - INFO - -> Analyzing version 3.0.0-beta.3 (224/287)...
2025-11-11 10:03:38,592 - BlankSpaceAnalyzer - INFO - -> Analyzing version 3.0.0-beta.30 (225/287)...
2025-11-11 10:03:38,592 - BlankSpaceAnalyzer - INFO - -> Analyzing version 3.0.0-beta.4 (226/287)...
2025-11-11 10:03:38,593 - BlankSpaceAnalyzer - INFO - -> Analyzing version 3.0.0-beta.5 (227/287)...
2025-11-11 10:03:38,593 - BlankSpaceAnalyzer - INFO - -> Analyzing version 3.0.0-beta.6 (228/287)...
2025-11-11 10:03:38,593 - BlankSpaceAnalyzer - INFO - -> Analyzing version 3.0.0-beta.7 (229/287)...
2025-11-11 10:03:38,593 - BlankSpaceAnalyzer - INFO - -> Analyzing version 3.0.0-beta.8 (230/287)...
2025-11-11 10:03:38,594 - BlankSpaceAnalyzer - INFO - -> Analyzing version 3.0.0-beta.9 (231/287)...
2025-11-11 10:03:38,594 - BlankSpaceAnalyzer - INFO - -> Analyzing version 3.0.0-next.0 (232/287)...
2025-11-11 10:03:38,632 - BlankSpaceAnalyzer - INFO - -> Analyzing version 3.0.0-next.1 (233/287)...
2025-11-11 10:03:38,632 - BlankSpaceAnalyzer - INFO - -> Analyzing version 3.0.0-next.2 (234/287)...
2025-11-11 10:03:38,632 - BlankSpaceAnalyzer - INFO - -> Analyzing version 3.0.0-next.3 (235/287)...
2025-11-11 10:03:38,633 - BlankSpaceAnalyzer - INFO - -> Analyzing version 3.0.0-next.4 (236/287)...
2025-11-11 10:03:38,633 - BlankSpaceAnalyzer - INFO - -> Analyzing version 3.0.0-next.5 (237/287)...
2025-11-11 10:03:38,633 - BlankSpaceAnalyzer - INFO - -> Analyzing version 3.0.0-next.6 (238/287)...
2025-11-11 10:03:38,634 - BlankSpaceAnalyzer - INFO - -> Analyzing version 3.0.0-next.7 (239/287)...
2025-11-11 10:03:38,634 - BlankSpaceAnalyzer - INFO - -> Analyzing version 3.0.0-next.8 (240/287)...
2025-11-11 10:03:38,634 - BlankSpaceAnalyzer - INFO - -> Analyzing version 3.0.1 (241/287)...
2025-11-11 10:03:38,635 - BlankSpaceAnalyzer - INFO - -> Analyzing version 3.0.2 (242/287)...
2025-11-11 10:03:38,635 - BlankSpaceAnalyzer - INFO - -> Analyzing version 3.0.2-beta.0 (243/287)...
2025-11-11 10:03:38,635 - BlankSpaceAnalyzer - INFO - -> Analyzing version 3.0.3 (244/287)...
2025-11-11 10:03:38,636 - BlankSpaceAnalyzer - INFO - -> Analyzing version 3.0.4 (245/287)...
2025-11-11 10:03:38,636 - BlankSpaceAnalyzer - INFO - -> Analyzing version 3.0.5 (246/287)...
2025-11-11 10:03:38,636 - BlankSpaceAnalyzer - INFO - -> Analyzing version 3.0.6 (247/287)...
2025-11-11 10:03:38,637 - BlankSpaceAnalyzer - INFO - -> Analyzing version 3.0.7 (248/287)...
2025-11-11 10:03:38,637 - BlankSpaceAnalyzer - INFO - -> Analyzing version 3.0.8 (249/287)...
2025-11-11 10:03:38,637 - BlankSpaceAnalyzer - INFO - -> Analyzing version 3.0.9 (250/287)...
2025-11-11 10:03:38,638 - BlankSpaceAnalyzer - INFO - -> Analyzing version 3.1.0 (251/287)...
2025-11-11 10:03:38,638 - BlankSpaceAnalyzer - INFO - -> Analyzing version 3.10.0 (252/287)...
2025-11-11 10:03:38,638 - BlankSpaceAnalyzer - INFO - -> Analyzing version 3.10.1 (253/287)...
2025-11-11 10:03:38,639 - BlankSpaceAnalyzer - INFO - -> Analyzing version 3.10.2 (254/287)...
2025-11-11 10:03:38,639 - BlankSpaceAnalyzer - INFO - -> Analyzing version 3.10.3 (255/287)...
2025-11-11 10:03:38,639 - BlankSpaceAnalyzer - INFO - -> Analyzing version 3.10.4 (256/287)...
2025-11-11 10:03:38,639 - BlankSpaceAnalyzer - INFO - -> Analyzing version 3.10.5 (257/287)...
2025-11-11 10:03:38,640 - BlankSpaceAnalyzer - INFO - -> Analyzing version 3.2.0 (258/287)...
2025-11-11 10:03:38,640 - BlankSpaceAnalyzer - INFO - -> Analyzing version 3.2.1 (259/287)...
2025-11-11 10:03:38,640 - BlankSpaceAnalyzer - INFO - -> Analyzing version 3.2.2 (260/287)...
2025-11-11 10:03:38,640 - BlankSpaceAnalyzer - INFO - -> Analyzing version 3.3.0 (261/287)...
2025-11-11 10:03:38,641 - BlankSpaceAnalyzer - INFO - -> Analyzing version 3.3.1 (262/287)...
2025-11-11 10:03:38,641 - BlankSpaceAnalyzer - INFO - -> Analyzing version 3.4.0 (263/287)...
2025-11-11 10:03:38,641 - BlankSpaceAnalyzer - INFO - -> Analyzing version 3.4.1 (264/287)...
2025-11-11 10:03:38,642 - BlankSpaceAnalyzer - INFO - -> Analyzing version 3.4.2 (265/287)...
2025-11-11 10:03:38,642 - BlankSpaceAnalyzer - INFO - -> Analyzing version 3.4.3 (266/287)...
2025-11-11 10:03:38,642 - BlankSpaceAnalyzer - INFO - -> Analyzing version 3.4.4 (267/287)...
2025-11-11 10:03:38,642 - BlankSpaceAnalyzer - INFO - -> Analyzing version 3.4.5 (268/287)...
2025-11-11 10:03:38,643 - BlankSpaceAnalyzer - INFO - -> Analyzing version 3.4.6 (269/287)...
2025-11-11 10:03:38,643 - BlankSpaceAnalyzer - INFO - -> Analyzing version 3.5.0 (270/287)...
2025-11-11 10:03:38,643 - BlankSpaceAnalyzer - INFO - -> Analyzing version 3.5.1 (271/287)...
2025-11-11 10:03:38,643 - BlankSpaceAnalyzer - INFO - -> Analyzing version 3.5.2 (272/287)...
2025-11-11 10:03:38,644 - BlankSpaceAnalyzer - INFO - -> Analyzing version 3.5.3 (273/287)...
2025-11-11 10:03:38,644 - BlankSpaceAnalyzer - INFO - -> Analyzing version 3.6.0 (274/287)...
2025-11-11 10:03:38,644 - BlankSpaceAnalyzer - INFO - -> Analyzing version 3.6.1 (275/287)...
2025-11-11 10:03:38,645 - BlankSpaceAnalyzer - INFO - -> Analyzing version 3.6.2 (276/287)...
2025-11-11 10:03:38,645 - BlankSpaceAnalyzer - INFO - -> Analyzing version 3.6.3 (277/287)...
2025-11-11 10:03:38,645 - BlankSpaceAnalyzer - INFO - -> Analyzing version 3.6.4 (278/287)...
2025-11-11 10:03:38,645 - BlankSpaceAnalyzer - INFO - -> Analyzing version 3.6.5 (279/287)...
2025-11-11 10:03:38,646 - BlankSpaceAnalyzer - INFO - -> Analyzing version 3.6.6 (280/287)...
2025-11-11 10:03:38,646 - BlankSpaceAnalyzer - INFO - -> Analyzing version 3.6.7 (281/287)...
2025-11-11 10:03:38,646 - BlankSpaceAnalyzer - INFO - -> Analyzing version 3.7.0 (282/287)...
2025-11-11 10:03:38,647 - BlankSpaceAnalyzer - INFO - -> Analyzing version 3.7.1 (283/287)...
2025-11-11 10:03:38,647 - BlankSpaceAnalyzer - INFO - -> Analyzing version 3.7.2 (284/287)...
2025-11-11 10:03:38,647 - BlankSpaceAnalyzer - INFO - -> Analyzing version 3.8.0 (285/287)...
2025-11-11 10:03:38,647 - BlankSpaceAnalyzer - INFO - -> Analyzing version 3.9.0 (286/287)...
2025-11-11 10:03:38,648 - BlankSpaceAnalyzer - INFO - -> Analyzing version 3.9.1 (287/287)...
2025-11-11 10:03:38,649 - BlankSpaceAnalyzer - INFO - Exporting results for '@tiptap/extension-text-align' to CSV...
2025-11-11 10:03:38,935 - BlankSpaceAnalyzer - INFO - Reports saved in: /app/npm_results/@tiptap_extension-text-align
2025-11-11 10:03:38,935 - NPM_Analyzer - INFO - Cleaning temporary folder 'temp/@tiptap_extension-text-align'...
2025-11-11 10:03:39,139 - NPM_Analyzer - INFO - Cleanup completed.
2025-11-11 20:33:17,986 - NPM_Analyzer - INFO - Fetching metadata for '@tiptap/extension-text-align'...
2025-11-11 20:33:18,229 - NPM_Analyzer - INFO - Found 287 versions. Starting download into 'temp/@tiptap_extension-text-align'...
2025-11-11 20:37:31,435 - BlankSpaceAnalyzer - INFO - Analyzing 287 versions for '*.js' in '@tiptap_extension-text-align'.
2025-11-11 20:37:31,435 - BlankSpaceAnalyzer - INFO - -> Analyzing version 1.0.0-alpha.1 (1/287)...
2025-11-11 20:37:31,487 - BlankSpaceAnalyzer - INFO - -> Analyzing version 1.0.0-alpha.2 (2/287)...
2025-11-11 20:37:31,519 - BlankSpaceAnalyzer - INFO - -> Analyzing version 2.0.0 (3/287)...
2025-11-11 20:37:31,554 - BlankSpaceAnalyzer - INFO - -> Analyzing version 2.0.0-alpha.1 (4/287)...
2025-11-11 20:37:31,590 - BlankSpaceAnalyzer - INFO - -> Analyzing version 2.0.0-alpha.10 (5/287)...
2025-11-11 20:37:31,628 - BlankSpaceAnalyzer - INFO - -> Analyzing version 2.0.0-alpha.11 (6/287)...
2025-11-11 20:37:31,664 - BlankSpaceAnalyzer - INFO - -> Analyzing version 2.0.0-alpha.12 (7/287)...
2025-11-11 20:37:31,700 - BlankSpaceAnalyzer - INFO - -> Analyzing version 2.0.0-alpha.2 (8/287)...
2025-11-11 20:37:31,736 - BlankSpaceAnalyzer - INFO - -> Analyzing version 2.0.0-alpha.3 (9/287)...
2025-11-11 20:37:31,772 - BlankSpaceAnalyzer - INFO - -> Analyzing version 2.0.0-alpha.4 (10/287)...
2025-11-11 20:37:31,806 - BlankSpaceAnalyzer - INFO - -> Analyzing version 2.0.0-alpha.5 (11/287)...
2025-11-11 20:37:31,842 - BlankSpaceAnalyzer - INFO - -> Analyzing version 2.0.0-alpha.6 (12/287)...
2025-11-11 20:37:31,878 - BlankSpaceAnalyzer - INFO - -> Analyzing version 2.0.0-alpha.7 (13/287)...
2025-11-11 20:37:31,914 - BlankSpaceAnalyzer - INFO - -> Analyzing version 2.0.0-alpha.8 (14/287)...
2025-11-11 20:37:31,951 - BlankSpaceAnalyzer - INFO - -> Analyzing version 2.0.0-alpha.9 (15/287)...
2025-11-11 20:37:31,986 - BlankSpaceAnalyzer - INFO - -> Analyzing version 2.0.0-beta.1 (16/287)...
2025-11-11 20:37:32,022 - BlankSpaceAnalyzer - INFO - -> Analyzing version 2.0.0-beta.10 (17/287)...
2025-11-11 20:37:32,059 - BlankSpaceAnalyzer - INFO - -> Analyzing version 2.0.0-beta.11 (18/287)...
2025-11-11 20:37:32,095 - BlankSpaceAnalyzer - INFO - -> Analyzing version 2.0.0-beta.12 (19/287)...
2025-11-11 20:37:32,131 - BlankSpaceAnalyzer - INFO - -> Analyzing version 2.0.0-beta.13 (20/287)...
2025-11-11 20:37:32,166 - BlankSpaceAnalyzer - INFO - -> Analyzing version 2.0.0-beta.14 (21/287)...
2025-11-11 20:37:32,200 - BlankSpaceAnalyzer - INFO - -> Analyzing version 2.0.0-beta.15 (22/287)...
2025-11-11 20:37:32,236 - BlankSpaceAnalyzer - INFO - -> Analyzing version 2.0.0-beta.16 (23/287)...
2025-11-11 20:37:32,272 - BlankSpaceAnalyzer - INFO - -> Analyzing version 2.0.0-beta.17 (24/287)...
2025-11-11 20:37:32,307 - BlankSpaceAnalyzer - INFO - -> Analyzing version 2.0.0-beta.18 (25/287)...
2025-11-11 20:37:32,343 - BlankSpaceAnalyzer - INFO - -> Analyzing version 2.0.0-beta.19 (26/287)...
2025-11-11 20:37:32,378 - BlankSpaceAnalyzer - INFO - -> Analyzing version 2.0.0-beta.194 (27/287)...
2025-11-11 20:37:32,413 - BlankSpaceAnalyzer - INFO - -> Analyzing version 2.0.0-beta.195 (28/287)...
2025-11-11 20:37:32,448 - BlankSpaceAnalyzer - INFO - -> Analyzing version 2.0.0-beta.196 (29/287)...
2025-11-11 20:37:32,483 - BlankSpaceAnalyzer - INFO - -> Analyzing version 2.0.0-beta.197 (30/287)...
2025-11-11 20:37:32,520 - BlankSpaceAnalyzer - INFO - -> Analyzing version 2.0.0-beta.198 (31/287)...
2025-11-11 20:37:32,555 - BlankSpaceAnalyzer - INFO - -> Analyzing version 2.0.0-beta.199 (32/287)...
2025-11-11 20:37:32,591 - BlankSpaceAnalyzer - INFO - -> Analyzing version 2.0.0-beta.2 (33/287)...
2025-11-11 20:37:32,626 - BlankSpaceAnalyzer - INFO - -> Analyzing version 2.0.0-beta.20 (34/287)...
2025-11-11 20:37:32,662 - BlankSpaceAnalyzer - INFO - -> Analyzing version 2.0.0-beta.200 (35/287)...
2025-11-11 20:37:32,697 - BlankSpaceAnalyzer - INFO - -> Analyzing version 2.0.0-beta.201 (36/287)...
2025-11-11 20:37:32,733 - BlankSpaceAnalyzer - INFO - -> Analyzing version 2.0.0-beta.202 (37/287)...
2025-11-11 20:37:32,769 - BlankSpaceAnalyzer - INFO - -> Analyzing version 2.0.0-beta.203 (38/287)...
2025-11-11 20:37:32,769 - BlankSpaceAnalyzer - INFO - -> Analyzing version 2.0.0-beta.204 (39/287)...
2025-11-11 20:37:32,805 - BlankSpaceAnalyzer - INFO - -> Analyzing version 2.0.0-beta.205 (40/287)...
2025-11-11 20:37:32,840 - BlankSpaceAnalyzer - INFO - -> Analyzing version 2.0.0-beta.206 (41/287)...
2025-11-11 20:37:32,876 - BlankSpaceAnalyzer - INFO - -> Analyzing version 2.0.0-beta.207 (42/287)...
2025-11-11 20:37:32,911 - BlankSpaceAnalyzer - INFO - -> Analyzing version 2.0.0-beta.208 (43/287)...
2025-11-11 20:37:32,947 - BlankSpaceAnalyzer - INFO - -> Analyzing version 2.0.0-beta.209 (44/287)...
2025-11-11 20:37:32,983 - BlankSpaceAnalyzer - INFO - -> Analyzing version 2.0.0-beta.21 (45/287)...
2025-11-11 20:37:33,019 - BlankSpaceAnalyzer - INFO - -> Analyzing version 2.0.0-beta.210 (46/287)...
2025-11-11 20:37:33,020 - BlankSpaceAnalyzer - INFO - -> Analyzing version 2.0.0-beta.211 (47/287)...
2025-11-11 20:37:33,020 - BlankSpaceAnalyzer - INFO - -> Analyzing version 2.0.0-beta.212 (48/287)...
2025-11-11 20:37:33,020 - BlankSpaceAnalyzer - INFO - -> Analyzing version 2.0.0-beta.213 (49/287)...
2025-11-11 20:37:33,020 - BlankSpaceAnalyzer - INFO - -> Analyzing version 2.0.0-beta.214 (50/287)...
2025-11-11 20:37:33,058 - BlankSpaceAnalyzer - INFO - -> Analyzing version 2.0.0-beta.215 (51/287)...
2025-11-11 20:37:33,094 - BlankSpaceAnalyzer - INFO - -> Analyzing version 2.0.0-beta.216 (52/287)...
2025-11-11 20:37:33,130 - BlankSpaceAnalyzer - INFO - -> Analyzing version 2.0.0-beta.217 (53/287)...
2025-11-11 20:37:33,166 - BlankSpaceAnalyzer - INFO - -> Analyzing version 2.0.0-beta.218 (54/287)...
2025-11-11 20:37:33,201 - BlankSpaceAnalyzer - INFO - -> Analyzing version 2.0.0-beta.219 (55/287)...
2025-11-11 20:37:33,237 - BlankSpaceAnalyzer - INFO - -> Analyzing version 2.0.0-beta.22 (56/287)...
2025-11-11 20:37:33,272 - BlankSpaceAnalyzer - INFO - -> Analyzing version 2.0.0-beta.220 (57/287)...
2025-11-11 20:37:33,309 - BlankSpaceAnalyzer - INFO - -> Analyzing version 2.0.0-beta.23 (58/287)...
2025-11-11 20:37:33,344 - BlankSpaceAnalyzer - INFO - -> Analyzing version 2.0.0-beta.24 (59/287)...
2025-11-11 20:37:33,381 - BlankSpaceAnalyzer - INFO - -> Analyzing version 2.0.0-beta.25 (60/287)...
2025-11-11 20:37:33,416 - BlankSpaceAnalyzer - INFO - -> Analyzing version 2.0.0-beta.27 (61/287)...
2025-11-11 20:37:33,416 - BlankSpaceAnalyzer - INFO - -> Analyzing version 2.0.0-beta.28 (62/287)...
2025-11-11 20:37:33,452 - BlankSpaceAnalyzer - INFO - -> Analyzing version 2.0.0-beta.29 (63/287)...
2025-11-11 20:37:33,489 - BlankSpaceAnalyzer - INFO - -> Analyzing version 2.0.0-beta.3 (64/287)...
2025-11-11 20:37:33,525 - BlankSpaceAnalyzer - INFO - -> Analyzing version 2.0.0-beta.31 (65/287)...
2025-11-11 20:37:33,561 - BlankSpaceAnalyzer - INFO - -> Analyzing version 2.0.0-beta.4 (66/287)...
2025-11-11 20:37:33,597 - BlankSpaceAnalyzer - INFO - -> Analyzing version 2.0.0-beta.5 (67/287)...
2025-11-11 20:37:33,633 - BlankSpaceAnalyzer - INFO - -> Analyzing version 2.0.0-beta.6 (68/287)...
2025-11-11 20:37:33,670 - BlankSpaceAnalyzer - INFO - -> Analyzing version 2.0.0-beta.7 (69/287)...
2025-11-11 20:37:33,707 - BlankSpaceAnalyzer - INFO - -> Analyzing version 2.0.0-beta.8 (70/287)...
2025-11-11 20:37:33,744 - BlankSpaceAnalyzer - INFO - -> Analyzing version 2.0.0-beta.9 (71/287)...
2025-11-11 20:37:33,779 - BlankSpaceAnalyzer - INFO - -> Analyzing version 2.0.0-rc.1 (72/287)...
2025-11-11 20:37:33,814 - BlankSpaceAnalyzer - INFO - -> Analyzing version 2.0.0-rc.2 (73/287)...
2025-11-11 20:37:33,859 - BlankSpaceAnalyzer - INFO - -> Analyzing version 2.0.0-rc.3 (74/287)...
2025-11-11 20:37:33,906 - BlankSpaceAnalyzer - INFO - -> Analyzing version 2.0.1 (75/287)...
2025-11-11 20:37:33,959 - BlankSpaceAnalyzer - INFO - -> Analyzing version 2.0.2 (76/287)...
2025-11-11 20:37:34,013 - BlankSpaceAnalyzer - INFO - -> Analyzing version 2.0.3 (77/287)...
2025-11-11 20:37:34,063 - BlankSpaceAnalyzer - INFO - -> Analyzing version 2.0.4 (78/287)...
2025-11-11 20:37:34,114 - BlankSpaceAnalyzer - INFO - -> Analyzing version 2.1.0 (79/287)...
2025-11-11 20:37:34,168 - BlankSpaceAnalyzer - INFO - -> Analyzing version 2.1.0-rc.0 (80/287)...
2025-11-11 20:37:34,223 - BlankSpaceAnalyzer - INFO - -> Analyzing version 2.1.0-rc.1 (81/287)...
2025-11-11 20:37:34,272 - BlankSpaceAnalyzer - INFO - -> Analyzing version 2.1.0-rc.10 (82/287)...
2025-11-11 20:37:34,326 - BlankSpaceAnalyzer - INFO - -> Analyzing version 2.1.0-rc.11 (83/287)...
2025-11-11 20:37:34,380 - BlankSpaceAnalyzer - INFO - -> Analyzing version 2.1.0-rc.12 (84/287)...
2025-11-11 20:37:34,430 - BlankSpaceAnalyzer - INFO - -> Analyzing version 2.1.0-rc.13 (85/287)...
2025-11-11 20:37:34,484 - BlankSpaceAnalyzer - INFO - -> Analyzing version 2.1.0-rc.14 (86/287)...
2025-11-11 20:37:34,538 - BlankSpaceAnalyzer - INFO - -> Analyzing version 2.1.0-rc.2 (87/287)...
2025-11-11 20:37:34,575 - BlankSpaceAnalyzer - INFO - -> Analyzing version 2.1.0-rc.3 (88/287)...
2025-11-11 20:37:34,611 - BlankSpaceAnalyzer - INFO - -> Analyzing version 2.1.0-rc.4 (89/287)...
2025-11-11 20:37:34,646 - BlankSpaceAnalyzer - INFO - -> Analyzing version 2.1.0-rc.5 (90/287)...
2025-11-11 20:37:34,682 - BlankSpaceAnalyzer - INFO - -> Analyzing version 2.1.0-rc.8 (91/287)...
2025-11-11 20:37:34,717 - BlankSpaceAnalyzer - INFO - -> Analyzing version 2.1.0-rc.9 (92/287)...
2025-11-11 20:37:34,753 - BlankSpaceAnalyzer - INFO - -> Analyzing version 2.1.1 (93/287)...
2025-11-11 20:37:34,788 - BlankSpaceAnalyzer - INFO - -> Analyzing version 2.1.10 (94/287)...
2025-11-11 20:37:34,823 - BlankSpaceAnalyzer - INFO - -> Analyzing version 2.1.11 (95/287)...
2025-11-11 20:37:34,859 - BlankSpaceAnalyzer - INFO - -> Analyzing version 2.1.12 (96/287)...
2025-11-11 20:37:34,894 - BlankSpaceAnalyzer - INFO - -> Analyzing version 2.1.13 (97/287)...
2025-11-11 20:37:34,929 - BlankSpaceAnalyzer - INFO - -> Analyzing version 2.1.14 (98/287)...
2025-11-11 20:37:34,964 - BlankSpaceAnalyzer - INFO - -> Analyzing version 2.1.15 (99/287)...
2025-11-11 20:37:35,000 - BlankSpaceAnalyzer - INFO - -> Analyzing version 2.1.16 (100/287)...
2025-11-11 20:37:35,036 - BlankSpaceAnalyzer - INFO - -> Analyzing version 2.1.2 (101/287)...
2025-11-11 20:37:35,071 - BlankSpaceAnalyzer - INFO - -> Analyzing version 2.1.3 (102/287)...
2025-11-11 20:37:35,106 - BlankSpaceAnalyzer - INFO - -> Analyzing version 2.1.4 (103/287)...
2025-11-11 20:37:35,142 - BlankSpaceAnalyzer - INFO - -> Analyzing version 2.1.6 (104/287)...
2025-11-11 20:37:35,177 - BlankSpaceAnalyzer - INFO - -> Analyzing version 2.1.7 (105/287)...
2025-11-11 20:37:35,212 - BlankSpaceAnalyzer - INFO - -> Analyzing version 2.1.8 (106/287)...
2025-11-11 20:37:35,248 - BlankSpaceAnalyzer - INFO - -> Analyzing version 2.1.9 (107/287)...
2025-11-11 20:37:35,284 - BlankSpaceAnalyzer - INFO - -> Analyzing version 2.10.0 (108/287)...
2025-11-11 20:37:35,320 - BlankSpaceAnalyzer - INFO - -> Analyzing version 2.10.1 (109/287)...
2025-11-11 20:37:35,355 - BlankSpaceAnalyzer - INFO - -> Analyzing version 2.10.2 (110/287)...
2025-11-11 20:37:35,391 - BlankSpaceAnalyzer - INFO - -> Analyzing version 2.10.3 (111/287)...
2025-11-11 20:37:35,426 - BlankSpaceAnalyzer - INFO - -> Analyzing version 2.10.4 (112/287)...
2025-11-11 20:37:35,461 - BlankSpaceAnalyzer - INFO - -> Analyzing version 2.11.0 (113/287)...
2025-11-11 20:37:35,496 - BlankSpaceAnalyzer - INFO - -> Analyzing version 2.11.1 (114/287)...
2025-11-11 20:37:35,532 - BlankSpaceAnalyzer - INFO - -> Analyzing version 2.11.2 (115/287)...
2025-11-11 20:37:35,567 - BlankSpaceAnalyzer - INFO - -> Analyzing version 2.11.3 (116/287)...
2025-11-11 20:37:35,603 - BlankSpaceAnalyzer - INFO - -> Analyzing version 2.11.4 (117/287)...
2025-11-11 20:37:35,637 - BlankSpaceAnalyzer - INFO - -> Analyzing version 2.11.5 (118/287)...
2025-11-11 20:37:35,673 - BlankSpaceAnalyzer - INFO - -> Analyzing version 2.11.6 (119/287)...
2025-11-11 20:37:35,709 - BlankSpaceAnalyzer - INFO - -> Analyzing version 2.11.7 (120/287)...
2025-11-11 20:37:35,744 - BlankSpaceAnalyzer - INFO - -> Analyzing version 2.11.9 (121/287)...
2025-11-11 20:37:35,780 - BlankSpaceAnalyzer - INFO - -> Analyzing version 2.12.0 (122/287)...
2025-11-11 20:37:35,816 - BlankSpaceAnalyzer - INFO - -> Analyzing version 2.13.0 (123/287)...
2025-11-11 20:37:35,852 - BlankSpaceAnalyzer - INFO - -> Analyzing version 2.14.0 (124/287)...
2025-11-11 20:37:35,887 - BlankSpaceAnalyzer - INFO - -> Analyzing version 2.14.1 (125/287)...
2025-11-11 20:37:35,923 - BlankSpaceAnalyzer - INFO - -> Analyzing version 2.2.0 (126/287)...
2025-11-11 20:37:35,959 - BlankSpaceAnalyzer - INFO - -> Analyzing version 2.2.0-rc.3 (127/287)...
2025-11-11 20:37:35,993 - BlankSpaceAnalyzer - INFO - -> Analyzing version 2.2.0-rc.4 (128/287)...
2025-11-11 20:37:36,030 - BlankSpaceAnalyzer - INFO - -> Analyzing version 2.2.0-rc.5 (129/287)...
2025-11-11 20:37:36,066 - BlankSpaceAnalyzer - INFO - -> Analyzing version 2.2.0-rc.6 (130/287)...
2025-11-11 20:37:36,101 - BlankSpaceAnalyzer - INFO - -> Analyzing version 2.2.0-rc.7 (131/287)...
2025-11-11 20:37:36,137 - BlankSpaceAnalyzer - INFO - -> Analyzing version 2.2.0-rc.8 (132/287)...
2025-11-11 20:37:36,172 - BlankSpaceAnalyzer - INFO - -> Analyzing version 2.2.1 (133/287)...
2025-11-11 20:37:36,208 - BlankSpaceAnalyzer - INFO - -> Analyzing version 2.2.2 (134/287)...
2025-11-11 20:37:36,243 - BlankSpaceAnalyzer - INFO - -> Analyzing version 2.2.3 (135/287)...
2025-11-11 20:37:36,279 - BlankSpaceAnalyzer - INFO - -> Analyzing version 2.2.4 (136/287)...
2025-11-11 20:37:36,315 - BlankSpaceAnalyzer - INFO - -> Analyzing version 2.2.5 (137/287)...
2025-11-11 20:37:36,350 - BlankSpaceAnalyzer - INFO - -> Analyzing version 2.2.6 (138/287)...
2025-11-11 20:37:36,386 - BlankSpaceAnalyzer - INFO - -> Analyzing version 2.22.0 (139/287)...
2025-11-11 20:37:36,422 - BlankSpaceAnalyzer - INFO - -> Analyzing version 2.22.1 (140/287)...
2025-11-11 20:37:36,457 - BlankSpaceAnalyzer - INFO - -> Analyzing version 2.22.2 (141/287)...
2025-11-11 20:37:36,492 - BlankSpaceAnalyzer - INFO - -> Analyzing version 2.22.3 (142/287)...
2025-11-11 20:37:36,527 - BlankSpaceAnalyzer - INFO - -> Analyzing version 2.23.0 (143/287)...
2025-11-11 20:37:36,565 - BlankSpaceAnalyzer - INFO - -> Analyzing version 2.23.1 (144/287)...
2025-11-11 20:37:36,601 - BlankSpaceAnalyzer - INFO - -> Analyzing version 2.24.0 (145/287)...
2025-11-11 20:37:36,640 - BlankSpaceAnalyzer - INFO - -> Analyzing version 2.24.1 (146/287)...
2025-11-11 20:37:36,676 - BlankSpaceAnalyzer - INFO - -> Analyzing version 2.24.2 (147/287)...
2025-11-11 20:37:36,711 - BlankSpaceAnalyzer - INFO - -> Analyzing version 2.25.0 (148/287)...
2025-11-11 20:37:36,747 - BlankSpaceAnalyzer - INFO - -> Analyzing version 2.25.1 (149/287)...
2025-11-11 20:37:36,783 - BlankSpaceAnalyzer - INFO - -> Analyzing version 2.26.0 (150/287)...
2025-11-11 20:37:36,817 - BlankSpaceAnalyzer - INFO - -> Analyzing version 2.26.1 (151/287)...
2025-11-11 20:37:36,853 - BlankSpaceAnalyzer - INFO - -> Analyzing version 2.26.2 (152/287)...
2025-11-11 20:37:36,890 - BlankSpaceAnalyzer - INFO - -> Analyzing version 2.26.3 (153/287)...
2025-11-11 20:37:36,926 - BlankSpaceAnalyzer - INFO - -> Analyzing version 2.26.4 (154/287)...
2025-11-11 20:37:36,961 - BlankSpaceAnalyzer - INFO - -> Analyzing version 2.27.0 (155/287)...
2025-11-11 20:37:36,996 - BlankSpaceAnalyzer - INFO - -> Analyzing version 2.27.1 (156/287)...
2025-11-11 20:37:37,032 - BlankSpaceAnalyzer - INFO - -> Analyzing version 2.3.0 (157/287)...
2025-11-11 20:37:37,068 - BlankSpaceAnalyzer - INFO - -> Analyzing version 2.3.1 (158/287)...
2025-11-11 20:37:37,104 - BlankSpaceAnalyzer - INFO - -> Analyzing version 2.3.2 (159/287)...
2025-11-11 20:37:37,139 - BlankSpaceAnalyzer - INFO - -> Analyzing version 2.4.0 (160/287)...
2025-11-11 20:37:37,175 - BlankSpaceAnalyzer - INFO - -> Analyzing version 2.5.0 (161/287)...
2025-11-11 20:37:37,210 - BlankSpaceAnalyzer - INFO - -> Analyzing version 2.5.0-beta.0 (162/287)...
2025-11-11 20:37:37,245 - BlankSpaceAnalyzer - INFO - -> Analyzing version 2.5.0-beta.1 (163/287)...
2025-11-11 20:37:37,282 - BlankSpaceAnalyzer - INFO - -> Analyzing version 2.5.0-beta.2 (164/287)...
2025-11-11 20:37:37,316 - BlankSpaceAnalyzer - INFO - -> Analyzing version 2.5.0-beta.3 (165/287)...
2025-11-11 20:37:37,354 - BlankSpaceAnalyzer - INFO - -> Analyzing version 2.5.0-beta.4 (166/287)...
2025-11-11 20:37:37,391 - BlankSpaceAnalyzer - INFO - -> Analyzing version 2.5.0-beta.5 (167/287)...
2025-11-11 20:37:37,427 - BlankSpaceAnalyzer - INFO - -> Analyzing version 2.5.0-beta.6 (168/287)...
2025-11-11 20:37:37,465 - BlankSpaceAnalyzer - INFO - -> Analyzing version 2.5.0-pre.10 (169/287)...
2025-11-11 20:37:37,500 - BlankSpaceAnalyzer - INFO - -> Analyzing version 2.5.0-pre.11 (170/287)...
2025-11-11 20:37:37,536 - BlankSpaceAnalyzer - INFO - -> Analyzing version 2.5.0-pre.13 (171/287)...
2025-11-11 20:37:37,574 - BlankSpaceAnalyzer - INFO - -> Analyzing version 2.5.0-pre.14 (172/287)...
2025-11-11 20:37:37,610 - BlankSpaceAnalyzer - INFO - -> Analyzing version 2.5.0-pre.15 (173/287)...
2025-11-11 20:37:37,647 - BlankSpaceAnalyzer - INFO - -> Analyzing version 2.5.0-pre.16 (174/287)...
2025-11-11 20:37:37,683 - BlankSpaceAnalyzer - INFO - -> Analyzing version 2.5.0-pre.8 (175/287)...
2025-11-11 20:37:37,718 - BlankSpaceAnalyzer - INFO - -> Analyzing version 2.5.0-pre.9 (176/287)...
2025-11-11 20:37:37,755 - BlankSpaceAnalyzer - INFO - -> Analyzing version 2.5.1 (177/287)...
2025-11-11 20:37:37,791 - BlankSpaceAnalyzer - INFO - -> Analyzing version 2.5.2 (178/287)...
2025-11-11 20:37:37,828 - BlankSpaceAnalyzer - INFO - -> Analyzing version 2.5.3 (179/287)...
2025-11-11 20:37:37,864 - BlankSpaceAnalyzer - INFO - -> Analyzing version 2.5.4 (180/287)...
2025-11-11 20:37:37,899 - BlankSpaceAnalyzer - INFO - -> Analyzing version 2.5.5 (181/287)...
2025-11-11 20:37:37,935 - BlankSpaceAnalyzer - INFO - -> Analyzing version 2.5.6 (182/287)...
2025-11-11 20:37:37,971 - BlankSpaceAnalyzer - INFO - -> Analyzing version 2.5.7 (183/287)...
2025-11-11 20:37:38,009 - BlankSpaceAnalyzer - INFO - -> Analyzing version 2.5.8 (184/287)...
2025-11-11 20:37:38,045 - BlankSpaceAnalyzer - INFO - -> Analyzing version 2.5.9 (185/287)...
2025-11-11 20:37:38,081 - BlankSpaceAnalyzer - INFO - -> Analyzing version 2.6.0 (186/287)...
2025-11-11 20:37:38,117 - BlankSpaceAnalyzer - INFO - -> Analyzing version 2.6.1 (187/287)...
2025-11-11 20:37:38,153 - BlankSpaceAnalyzer - INFO - -> Analyzing version 2.6.2 (188/287)...
2025-11-11 20:37:38,190 - BlankSpaceAnalyzer - INFO - -> Analyzing version 2.6.3 (189/287)...
2025-11-11 20:37:38,226 - BlankSpaceAnalyzer - INFO - -> Analyzing version 2.6.4 (190/287)...
2025-11-11 20:37:38,263 - BlankSpaceAnalyzer - INFO - -> Analyzing version 2.6.5 (191/287)...
2025-11-11 20:37:38,298 - BlankSpaceAnalyzer - INFO - -> Analyzing version 2.6.6 (192/287)...
2025-11-11 20:37:38,334 - BlankSpaceAnalyzer - INFO - -> Analyzing version 2.7.0 (193/287)...
2025-11-11 20:37:38,370 - BlankSpaceAnalyzer - INFO - -> Analyzing version 2.7.0-pre.0 (194/287)...
2025-11-11 20:37:38,406 - BlankSpaceAnalyzer - INFO - -> Analyzing version 2.7.1 (195/287)...
2025-11-11 20:37:38,443 - BlankSpaceAnalyzer - INFO - -> Analyzing version 2.7.2 (196/287)...
2025-11-11 20:37:38,480 - BlankSpaceAnalyzer - INFO - -> Analyzing version 2.7.3 (197/287)...
2025-11-11 20:37:38,516 - BlankSpaceAnalyzer - INFO - -> Analyzing version 2.7.4 (198/287)...
2025-11-11 20:37:38,553 - BlankSpaceAnalyzer - INFO - -> Analyzing version 2.8.0 (199/287)...
2025-11-11 20:37:38,588 - BlankSpaceAnalyzer - INFO - -> Analyzing version 2.9.0 (200/287)...
2025-11-11 20:37:38,625 - BlankSpaceAnalyzer - INFO - -> Analyzing version 2.9.1 (201/287)...
2025-11-11 20:37:38,660 - BlankSpaceAnalyzer - INFO - -> Analyzing version 3.0.0 (202/287)...
2025-11-11 20:37:38,696 - BlankSpaceAnalyzer - INFO - -> Analyzing version 3.0.0-beta.0 (203/287)...
2025-11-11 20:37:38,696 - BlankSpaceAnalyzer - INFO - -> Analyzing version 3.0.0-beta.1 (204/287)...
2025-11-11 20:37:38,697 - BlankSpaceAnalyzer - INFO - -> Analyzing version 3.0.0-beta.10 (205/287)...
2025-11-11 20:37:38,697 - BlankSpaceAnalyzer - INFO - -> Analyzing version 3.0.0-beta.11 (206/287)...
2025-11-11 20:37:38,697 - BlankSpaceAnalyzer - INFO - -> Analyzing version 3.0.0-beta.12 (207/287)...
2025-11-11 20:37:38,698 - BlankSpaceAnalyzer - INFO - -> Analyzing version 3.0.0-beta.14 (208/287)...
2025-11-11 20:37:38,698 - BlankSpaceAnalyzer - INFO - -> Analyzing version 3.0.0-beta.15 (209/287)...
2025-11-11 20:37:38,698 - BlankSpaceAnalyzer - INFO - -> Analyzing version 3.0.0-beta.16 (210/287)...
2025-11-11 20:37:38,698 - BlankSpaceAnalyzer - INFO - -> Analyzing version 3.0.0-beta.17 (211/287)...
2025-11-11 20:37:38,699 - BlankSpaceAnalyzer - INFO - -> Analyzing version 3.0.0-beta.18 (212/287)...
2025-11-11 20:37:38,699 - BlankSpaceAnalyzer - INFO - -> Analyzing version 3.0.0-beta.19 (213/287)...
2025-11-11 20:37:38,699 - BlankSpaceAnalyzer - INFO - -> Analyzing version 3.0.0-beta.2 (214/287)...
2025-11-11 20:37:38,700 - BlankSpaceAnalyzer - INFO - -> Analyzing version 3.0.0-beta.21 (215/287)...
2025-11-11 20:37:38,700 - BlankSpaceAnalyzer - INFO - -> Analyzing version 3.0.0-beta.22 (216/287)...
2025-11-11 20:37:38,700 - BlankSpaceAnalyzer - INFO - -> Analyzing version 3.0.0-beta.23 (217/287)...
2025-11-11 20:37:38,700 - BlankSpaceAnalyzer - INFO - -> Analyzing version 3.0.0-beta.24 (218/287)...
2025-11-11 20:37:38,701 - BlankSpaceAnalyzer - INFO - -> Analyzing version 3.0.0-beta.25 (219/287)...
2025-11-11 20:37:38,701 - BlankSpaceAnalyzer - INFO - -> Analyzing version 3.0.0-beta.26 (220/287)...
2025-11-11 20:37:38,701 - BlankSpaceAnalyzer - INFO - -> Analyzing version 3.0.0-beta.27 (221/287)...
2025-11-11 20:37:38,702 - BlankSpaceAnalyzer - INFO - -> Analyzing version 3.0.0-beta.28 (222/287)...
2025-11-11 20:37:38,702 - BlankSpaceAnalyzer - INFO - -> Analyzing version 3.0.0-beta.29 (223/287)...
2025-11-11 20:37:38,702 - BlankSpaceAnalyzer - INFO - -> Analyzing version 3.0.0-beta.3 (224/287)...
2025-11-11 20:37:38,702 - BlankSpaceAnalyzer - INFO - -> Analyzing version 3.0.0-beta.30 (225/287)...
2025-11-11 20:37:38,703 - BlankSpaceAnalyzer - INFO - -> Analyzing version 3.0.0-beta.4 (226/287)...
2025-11-11 20:37:38,703 - BlankSpaceAnalyzer - INFO - -> Analyzing version 3.0.0-beta.5 (227/287)...
2025-11-11 20:37:38,703 - BlankSpaceAnalyzer - INFO - -> Analyzing version 3.0.0-beta.6 (228/287)...
2025-11-11 20:37:38,703 - BlankSpaceAnalyzer - INFO - -> Analyzing version 3.0.0-beta.7 (229/287)...
2025-11-11 20:37:38,704 - BlankSpaceAnalyzer - INFO - -> Analyzing version 3.0.0-beta.8 (230/287)...
2025-11-11 20:37:38,704 - BlankSpaceAnalyzer - INFO - -> Analyzing version 3.0.0-beta.9 (231/287)...
2025-11-11 20:37:38,704 - BlankSpaceAnalyzer - INFO - -> Analyzing version 3.0.0-next.0 (232/287)...
2025-11-11 20:37:38,742 - BlankSpaceAnalyzer - INFO - -> Analyzing version 3.0.0-next.1 (233/287)...
2025-11-11 20:37:38,742 - BlankSpaceAnalyzer - INFO - -> Analyzing version 3.0.0-next.2 (234/287)...
2025-11-11 20:37:38,742 - BlankSpaceAnalyzer - INFO - -> Analyzing version 3.0.0-next.3 (235/287)...
2025-11-11 20:37:38,743 - BlankSpaceAnalyzer - INFO - -> Analyzing version 3.0.0-next.4 (236/287)...
2025-11-11 20:37:38,743 - BlankSpaceAnalyzer - INFO - -> Analyzing version 3.0.0-next.5 (237/287)...
2025-11-11 20:37:38,743 - BlankSpaceAnalyzer - INFO - -> Analyzing version 3.0.0-next.6 (238/287)...
2025-11-11 20:37:38,744 - BlankSpaceAnalyzer - INFO - -> Analyzing version 3.0.0-next.7 (239/287)...
2025-11-11 20:37:38,744 - BlankSpaceAnalyzer - INFO - -> Analyzing version 3.0.0-next.8 (240/287)...
2025-11-11 20:37:38,744 - BlankSpaceAnalyzer - INFO - -> Analyzing version 3.0.1 (241/287)...
2025-11-11 20:37:38,745 - BlankSpaceAnalyzer - INFO - -> Analyzing version 3.0.2 (242/287)...
2025-11-11 20:37:38,745 - BlankSpaceAnalyzer - INFO - -> Analyzing version 3.0.2-beta.0 (243/287)...
2025-11-11 20:37:38,745 - BlankSpaceAnalyzer - INFO - -> Analyzing version 3.0.3 (244/287)...
2025-11-11 20:37:38,745 - BlankSpaceAnalyzer - INFO - -> Analyzing version 3.0.4 (245/287)...
2025-11-11 20:37:38,746 - BlankSpaceAnalyzer - INFO - -> Analyzing version 3.0.5 (246/287)...
2025-11-11 20:37:38,746 - BlankSpaceAnalyzer - INFO - -> Analyzing version 3.0.6 (247/287)...
2025-11-11 20:37:38,746 - BlankSpaceAnalyzer - INFO - -> Analyzing version 3.0.7 (248/287)...
2025-11-11 20:37:38,747 - BlankSpaceAnalyzer - INFO - -> Analyzing version 3.0.8 (249/287)...
2025-11-11 20:37:38,747 - BlankSpaceAnalyzer - INFO - -> Analyzing version 3.0.9 (250/287)...
2025-11-11 20:37:38,747 - BlankSpaceAnalyzer - INFO - -> Analyzing version 3.1.0 (251/287)...
2025-11-11 20:37:38,747 - BlankSpaceAnalyzer - INFO - -> Analyzing version 3.10.0 (252/287)...
2025-11-11 20:37:38,748 - BlankSpaceAnalyzer - INFO - -> Analyzing version 3.10.1 (253/287)...
2025-11-11 20:37:38,748 - BlankSpaceAnalyzer - INFO - -> Analyzing version 3.10.2 (254/287)...
2025-11-11 20:37:38,748 - BlankSpaceAnalyzer - INFO - -> Analyzing version 3.10.3 (255/287)...
2025-11-11 20:37:38,749 - BlankSpaceAnalyzer - INFO - -> Analyzing version 3.10.4 (256/287)...
2025-11-11 20:37:38,749 - BlankSpaceAnalyzer - INFO - -> Analyzing version 3.10.5 (257/287)...
2025-11-11 20:37:38,749 - BlankSpaceAnalyzer - INFO - -> Analyzing version 3.2.0 (258/287)...
2025-11-11 20:37:38,749 - BlankSpaceAnalyzer - INFO - -> Analyzing version 3.2.1 (259/287)...
2025-11-11 20:37:38,750 - BlankSpaceAnalyzer - INFO - -> Analyzing version 3.2.2 (260/287)...
2025-11-11 20:37:38,750 - BlankSpaceAnalyzer - INFO - -> Analyzing version 3.3.0 (261/287)...
2025-11-11 20:37:38,750 - BlankSpaceAnalyzer - INFO - -> Analyzing version 3.3.1 (262/287)...
2025-11-11 20:37:38,751 - BlankSpaceAnalyzer - INFO - -> Analyzing version 3.4.0 (263/287)...
2025-11-11 20:37:38,751 - BlankSpaceAnalyzer - INFO - -> Analyzing version 3.4.1 (264/287)...
2025-11-11 20:37:38,751 - BlankSpaceAnalyzer - INFO - -> Analyzing version 3.4.2 (265/287)...
2025-11-11 20:37:38,751 - BlankSpaceAnalyzer - INFO - -> Analyzing version 3.4.3 (266/287)...
2025-11-11 20:37:38,752 - BlankSpaceAnalyzer - INFO - -> Analyzing version 3.4.4 (267/287)...
2025-11-11 20:37:38,752 - BlankSpaceAnalyzer - INFO - -> Analyzing version 3.4.5 (268/287)...
2025-11-11 20:37:38,752 - BlankSpaceAnalyzer - INFO - -> Analyzing version 3.4.6 (269/287)...
2025-11-11 20:37:38,753 - BlankSpaceAnalyzer - INFO - -> Analyzing version 3.5.0 (270/287)...
2025-11-11 20:37:38,753 - BlankSpaceAnalyzer - INFO - -> Analyzing version 3.5.1 (271/287)...
2025-11-11 20:37:38,753 - BlankSpaceAnalyzer - INFO - -> Analyzing version 3.5.2 (272/287)...
2025-11-11 20:37:38,754 - BlankSpaceAnalyzer - INFO - -> Analyzing version 3.5.3 (273/287)...
2025-11-11 20:37:38,754 - BlankSpaceAnalyzer - INFO - -> Analyzing version 3.6.0 (274/287)...
2025-11-11 20:37:38,754 - BlankSpaceAnalyzer - INFO - -> Analyzing version 3.6.1 (275/287)...
2025-11-11 20:37:38,754 - BlankSpaceAnalyzer - INFO - -> Analyzing version 3.6.2 (276/287)...
2025-11-11 20:37:38,755 - BlankSpaceAnalyzer - INFO - -> Analyzing version 3.6.3 (277/287)...
2025-11-11 20:37:38,755 - BlankSpaceAnalyzer - INFO - -> Analyzing version 3.6.4 (278/287)...
2025-11-11 20:37:38,755 - BlankSpaceAnalyzer - INFO - -> Analyzing version 3.6.5 (279/287)...
2025-11-11 20:37:38,756 - BlankSpaceAnalyzer - INFO - -> Analyzing version 3.6.6 (280/287)...
2025-11-11 20:37:38,756 - BlankSpaceAnalyzer - INFO - -> Analyzing version 3.6.7 (281/287)...
2025-11-11 20:37:38,756 - BlankSpaceAnalyzer - INFO - -> Analyzing version 3.7.0 (282/287)...
2025-11-11 20:37:38,757 - BlankSpaceAnalyzer - INFO - -> Analyzing version 3.7.1 (283/287)...
2025-11-11 20:37:38,757 - BlankSpaceAnalyzer - INFO - -> Analyzing version 3.7.2 (284/287)...
2025-11-11 20:37:38,757 - BlankSpaceAnalyzer - INFO - -> Analyzing version 3.8.0 (285/287)...
2025-11-11 20:37:38,757 - BlankSpaceAnalyzer - INFO - -> Analyzing version 3.9.0 (286/287)...
2025-11-11 20:37:38,758 - BlankSpaceAnalyzer - INFO - -> Analyzing version 3.9.1 (287/287)...
2025-11-11 20:37:38,758 - BlankSpaceAnalyzer - INFO - Exporting results for '@tiptap/extension-text-align' to CSV...
2025-11-11 20:37:39,041 - BlankSpaceAnalyzer - INFO - Reports saved in: /app/npm_results/@tiptap_extension-text-align
2025-11-11 20:37:39,041 - NPM_Analyzer - INFO - Cleaning temporary folder 'temp/@tiptap_extension-text-align'...
2025-11-11 20:37:39,259 - NPM_Analyzer - INFO - Cleanup completed.
2025-11-12 07:18:57,443 - NPM_Analyzer - INFO - Fetching metadata for '@tiptap/extension-text-align'...
2025-11-12 07:18:58,931 - NPM_Analyzer - INFO - Found 287 versions. Starting download into 'temp/@tiptap_extension-text-align'...
2025-11-12 07:22:54,570 - BlankSpaceAnalyzer - INFO - Analyzing 287 versions for '*.js' in '@tiptap_extension-text-align'.
2025-11-12 07:22:54,570 - BlankSpaceAnalyzer - INFO - -> Analyzing version 1.0.0-alpha.1 (1/287)...
2025-11-12 07:22:54,625 - BlankSpaceAnalyzer - INFO - -> Analyzing version 1.0.0-alpha.2 (2/287)...
2025-11-12 07:22:54,656 - BlankSpaceAnalyzer - INFO - -> Analyzing version 2.0.0 (3/287)...
2025-11-12 07:22:54,689 - BlankSpaceAnalyzer - INFO - -> Analyzing version 2.0.0-alpha.1 (4/287)...
2025-11-12 07:22:54,724 - BlankSpaceAnalyzer - INFO - -> Analyzing version 2.0.0-alpha.10 (5/287)...
2025-11-12 07:22:54,758 - BlankSpaceAnalyzer - INFO - -> Analyzing version 2.0.0-alpha.11 (6/287)...
2025-11-12 07:22:54,793 - BlankSpaceAnalyzer - INFO - -> Analyzing version 2.0.0-alpha.12 (7/287)...
2025-11-12 07:22:54,828 - BlankSpaceAnalyzer - INFO - -> Analyzing version 2.0.0-alpha.2 (8/287)...
2025-11-12 07:22:54,863 - BlankSpaceAnalyzer - INFO - -> Analyzing version 2.0.0-alpha.3 (9/287)...
2025-11-12 07:22:54,897 - BlankSpaceAnalyzer - INFO - -> Analyzing version 2.0.0-alpha.4 (10/287)...
2025-11-12 07:22:54,932 - BlankSpaceAnalyzer - INFO - -> Analyzing version 2.0.0-alpha.5 (11/287)...
2025-11-12 07:22:54,967 - BlankSpaceAnalyzer - INFO - -> Analyzing version 2.0.0-alpha.6 (12/287)...
2025-11-12 07:22:55,002 - BlankSpaceAnalyzer - INFO - -> Analyzing version 2.0.0-alpha.7 (13/287)...
2025-11-12 07:22:55,037 - BlankSpaceAnalyzer - INFO - -> Analyzing version 2.0.0-alpha.8 (14/287)...
2025-11-12 07:22:55,073 - BlankSpaceAnalyzer - INFO - -> Analyzing version 2.0.0-alpha.9 (15/287)...
2025-11-12 07:22:55,108 - BlankSpaceAnalyzer - INFO - -> Analyzing version 2.0.0-beta.1 (16/287)...
2025-11-12 07:22:55,143 - BlankSpaceAnalyzer - INFO - -> Analyzing version 2.0.0-beta.10 (17/287)...
2025-11-12 07:22:55,178 - BlankSpaceAnalyzer - INFO - -> Analyzing version 2.0.0-beta.11 (18/287)...
2025-11-12 07:22:55,213 - BlankSpaceAnalyzer - INFO - -> Analyzing version 2.0.0-beta.12 (19/287)...
2025-11-12 07:22:55,248 - BlankSpaceAnalyzer - INFO - -> Analyzing version 2.0.0-beta.13 (20/287)...
2025-11-12 07:22:55,284 - BlankSpaceAnalyzer - INFO - -> Analyzing version 2.0.0-beta.14 (21/287)...
2025-11-12 07:22:55,323 - BlankSpaceAnalyzer - INFO - -> Analyzing version 2.0.0-beta.15 (22/287)...
2025-11-12 07:22:55,361 - BlankSpaceAnalyzer - INFO - -> Analyzing version 2.0.0-beta.16 (23/287)...
2025-11-12 07:22:55,398 - BlankSpaceAnalyzer - INFO - -> Analyzing version 2.0.0-beta.17 (24/287)...
2025-11-12 07:22:55,437 - BlankSpaceAnalyzer - INFO - -> Analyzing version 2.0.0-beta.18 (25/287)...
2025-11-12 07:22:55,477 - BlankSpaceAnalyzer - INFO - -> Analyzing version 2.0.0-beta.19 (26/287)...
2025-11-12 07:22:55,518 - BlankSpaceAnalyzer - INFO - -> Analyzing version 2.0.0-beta.194 (27/287)...
2025-11-12 07:22:55,560 - BlankSpaceAnalyzer - INFO - -> Analyzing version 2.0.0-beta.195 (28/287)...
2025-11-12 07:22:55,599 - BlankSpaceAnalyzer - INFO - -> Analyzing version 2.0.0-beta.196 (29/287)...
2025-11-12 07:22:55,639 - BlankSpaceAnalyzer - INFO - -> Analyzing version 2.0.0-beta.197 (30/287)...
2025-11-12 07:22:55,678 - BlankSpaceAnalyzer - INFO - -> Analyzing version 2.0.0-beta.198 (31/287)...
2025-11-12 07:22:55,718 - BlankSpaceAnalyzer - INFO - -> Analyzing version 2.0.0-beta.199 (32/287)...
2025-11-12 07:22:55,757 - BlankSpaceAnalyzer - INFO - -> Analyzing version 2.0.0-beta.2 (33/287)...
2025-11-12 07:22:55,791 - BlankSpaceAnalyzer - INFO - -> Analyzing version 2.0.0-beta.20 (34/287)...
2025-11-12 07:22:55,828 - BlankSpaceAnalyzer - INFO - -> Analyzing version 2.0.0-beta.200 (35/287)...
2025-11-12 07:22:55,865 - BlankSpaceAnalyzer - INFO - -> Analyzing version 2.0.0-beta.201 (36/287)...
2025-11-12 07:22:55,901 - BlankSpaceAnalyzer - INFO - -> Analyzing version 2.0.0-beta.202 (37/287)...
2025-11-12 07:22:55,936 - BlankSpaceAnalyzer - INFO - -> Analyzing version 2.0.0-beta.203 (38/287)...
2025-11-12 07:22:55,936 - BlankSpaceAnalyzer - INFO - -> Analyzing version 2.0.0-beta.204 (39/287)...
2025-11-12 07:22:55,972 - BlankSpaceAnalyzer - INFO - -> Analyzing version 2.0.0-beta.205 (40/287)...
2025-11-12 07:22:56,008 - BlankSpaceAnalyzer - INFO - -> Analyzing version 2.0.0-beta.206 (41/287)...
2025-11-12 07:22:56,045 - BlankSpaceAnalyzer - INFO - -> Analyzing version 2.0.0-beta.207 (42/287)...
2025-11-12 07:22:56,080 - BlankSpaceAnalyzer - INFO - -> Analyzing version 2.0.0-beta.208 (43/287)...
2025-11-12 07:22:56,115 - BlankSpaceAnalyzer - INFO - -> Analyzing version 2.0.0-beta.209 (44/287)...
2025-11-12 07:22:56,149 - BlankSpaceAnalyzer - INFO - -> Analyzing version 2.0.0-beta.21 (45/287)...
2025-11-12 07:22:56,185 - BlankSpaceAnalyzer - INFO - -> Analyzing version 2.0.0-beta.210 (46/287)...
2025-11-12 07:22:56,185 - BlankSpaceAnalyzer - INFO - -> Analyzing version 2.0.0-beta.211 (47/287)...
2025-11-12 07:22:56,186 - BlankSpaceAnalyzer - INFO - -> Analyzing version 2.0.0-beta.212 (48/287)...
2025-11-12 07:22:56,186 - BlankSpaceAnalyzer - INFO - -> Analyzing version 2.0.0-beta.213 (49/287)...
2025-11-12 07:22:56,186 - BlankSpaceAnalyzer - INFO - -> Analyzing version 2.0.0-beta.214 (50/287)...
2025-11-12 07:22:56,221 - BlankSpaceAnalyzer - INFO - -> Analyzing version 2.0.0-beta.215 (51/287)...
2025-11-12 07:22:56,255 - BlankSpaceAnalyzer - INFO - -> Analyzing version 2.0.0-beta.216 (52/287)...
2025-11-12 07:22:56,290 - BlankSpaceAnalyzer - INFO - -> Analyzing version 2.0.0-beta.217 (53/287)...
2025-11-12 07:22:56,328 - BlankSpaceAnalyzer - INFO - -> Analyzing version 2.0.0-beta.218 (54/287)...
2025-11-12 07:22:56,362 - BlankSpaceAnalyzer - INFO - -> Analyzing version 2.0.0-beta.219 (55/287)...
2025-11-12 07:22:56,398 - BlankSpaceAnalyzer - INFO - -> Analyzing version 2.0.0-beta.22 (56/287)...
2025-11-12 07:22:56,433 - BlankSpaceAnalyzer - INFO - -> Analyzing version 2.0.0-beta.220 (57/287)...
2025-11-12 07:22:56,468 - BlankSpaceAnalyzer - INFO - -> Analyzing version 2.0.0-beta.23 (58/287)...
2025-11-12 07:22:56,504 - BlankSpaceAnalyzer - INFO - -> Analyzing version 2.0.0-beta.24 (59/287)...
2025-11-12 07:22:56,539 - BlankSpaceAnalyzer - INFO - -> Analyzing version 2.0.0-beta.25 (60/287)...
2025-11-12 07:22:56,575 - BlankSpaceAnalyzer - INFO - -> Analyzing version 2.0.0-beta.27 (61/287)...
2025-11-12 07:22:56,575 - BlankSpaceAnalyzer - INFO - -> Analyzing version 2.0.0-beta.28 (62/287)...
2025-11-12 07:22:56,610 - BlankSpaceAnalyzer - INFO - -> Analyzing version 2.0.0-beta.29 (63/287)...
2025-11-12 07:22:56,645 - BlankSpaceAnalyzer - INFO - -> Analyzing version 2.0.0-beta.3 (64/287)...
2025-11-12 07:22:56,686 - BlankSpaceAnalyzer - INFO - -> Analyzing version 2.0.0-beta.31 (65/287)...
2025-11-12 07:22:56,730 - BlankSpaceAnalyzer - INFO - -> Analyzing version 2.0.0-beta.4 (66/287)...
2025-11-12 07:22:56,767 - BlankSpaceAnalyzer - INFO - -> Analyzing version 2.0.0-beta.5 (67/287)...
2025-11-12 07:22:56,807 - BlankSpaceAnalyzer - INFO - -> Analyzing version 2.0.0-beta.6 (68/287)...
2025-11-12 07:22:56,847 - BlankSpaceAnalyzer - INFO - -> Analyzing version 2.0.0-beta.7 (69/287)...
2025-11-12 07:22:56,887 - BlankSpaceAnalyzer - INFO - -> Analyzing version 2.0.0-beta.8 (70/287)...
2025-11-12 07:22:56,927 - BlankSpaceAnalyzer - INFO - -> Analyzing version 2.0.0-beta.9 (71/287)...
2025-11-12 07:22:56,967 - BlankSpaceAnalyzer - INFO - -> Analyzing version 2.0.0-rc.1 (72/287)...
2025-11-12 07:22:57,007 - BlankSpaceAnalyzer - INFO - -> Analyzing version 2.0.0-rc.2 (73/287)...
2025-11-12 07:22:57,047 - BlankSpaceAnalyzer - INFO - -> Analyzing version 2.0.0-rc.3 (74/287)...
2025-11-12 07:22:57,089 - BlankSpaceAnalyzer - INFO - -> Analyzing version 2.0.1 (75/287)...
2025-11-12 07:22:57,129 - BlankSpaceAnalyzer - INFO - -> Analyzing version 2.0.2 (76/287)...
2025-11-12 07:22:57,164 - BlankSpaceAnalyzer - INFO - -> Analyzing version 2.0.3 (77/287)...
2025-11-12 07:22:57,199 - BlankSpaceAnalyzer - INFO - -> Analyzing version 2.0.4 (78/287)...
2025-11-12 07:22:57,235 - BlankSpaceAnalyzer - INFO - -> Analyzing version 2.1.0 (79/287)...
2025-11-12 07:22:57,271 - BlankSpaceAnalyzer - INFO - -> Analyzing version 2.1.0-rc.0 (80/287)...
2025-11-12 07:22:57,306 - BlankSpaceAnalyzer - INFO - -> Analyzing version 2.1.0-rc.1 (81/287)...
2025-11-12 07:22:57,341 - BlankSpaceAnalyzer - INFO - -> Analyzing version 2.1.0-rc.10 (82/287)...
2025-11-12 07:22:57,376 - BlankSpaceAnalyzer - INFO - -> Analyzing version 2.1.0-rc.11 (83/287)...
2025-11-12 07:22:57,411 - BlankSpaceAnalyzer - INFO - -> Analyzing version 2.1.0-rc.12 (84/287)...
2025-11-12 07:22:57,446 - BlankSpaceAnalyzer - INFO - -> Analyzing version 2.1.0-rc.13 (85/287)...
2025-11-12 07:22:57,481 - BlankSpaceAnalyzer - INFO - -> Analyzing version 2.1.0-rc.14 (86/287)...
2025-11-12 07:22:57,517 - BlankSpaceAnalyzer - INFO - -> Analyzing version 2.1.0-rc.2 (87/287)...
2025-11-12 07:22:57,551 - BlankSpaceAnalyzer - INFO - -> Analyzing version 2.1.0-rc.3 (88/287)...
2025-11-12 07:22:57,587 - BlankSpaceAnalyzer - INFO - -> Analyzing version 2.1.0-rc.4 (89/287)...
2025-11-12 07:22:57,622 - BlankSpaceAnalyzer - INFO - -> Analyzing version 2.1.0-rc.5 (90/287)...
2025-11-12 07:22:57,657 - BlankSpaceAnalyzer - INFO - -> Analyzing version 2.1.0-rc.8 (91/287)...
2025-11-12 07:22:57,692 - BlankSpaceAnalyzer - INFO - -> Analyzing version 2.1.0-rc.9 (92/287)...
2025-11-12 07:22:57,727 - BlankSpaceAnalyzer - INFO - -> Analyzing version 2.1.1 (93/287)...
2025-11-12 07:22:57,763 - BlankSpaceAnalyzer - INFO - -> Analyzing version 2.1.10 (94/287)...
2025-11-12 07:22:57,799 - BlankSpaceAnalyzer - INFO - -> Analyzing version 2.1.11 (95/287)...
2025-11-12 07:22:57,834 - BlankSpaceAnalyzer - INFO - -> Analyzing version 2.1.12 (96/287)...
2025-11-12 07:22:57,869 - BlankSpaceAnalyzer - INFO - -> Analyzing version 2.1.13 (97/287)...
2025-11-12 07:22:57,905 - BlankSpaceAnalyzer - INFO - -> Analyzing version 2.1.14 (98/287)...
2025-11-12 07:22:57,940 - BlankSpaceAnalyzer - INFO - -> Analyzing version 2.1.15 (99/287)...
2025-11-12 07:22:57,975 - BlankSpaceAnalyzer - INFO - -> Analyzing version 2.1.16 (100/287)...
2025-11-12 07:22:58,010 - BlankSpaceAnalyzer - INFO - -> Analyzing version 2.1.2 (101/287)...
2025-11-12 07:22:58,047 - BlankSpaceAnalyzer - INFO - -> Analyzing version 2.1.3 (102/287)...
2025-11-12 07:22:58,086 - BlankSpaceAnalyzer - INFO - -> Analyzing version 2.1.4 (103/287)...
2025-11-12 07:22:58,124 - BlankSpaceAnalyzer - INFO - -> Analyzing version 2.1.6 (104/287)...
2025-11-12 07:22:58,162 - BlankSpaceAnalyzer - INFO - -> Analyzing version 2.1.7 (105/287)...
2025-11-12 07:22:58,202 - BlankSpaceAnalyzer - INFO - -> Analyzing version 2.1.8 (106/287)...
2025-11-12 07:22:58,240 - BlankSpaceAnalyzer - INFO - -> Analyzing version 2.1.9 (107/287)...
2025-11-12 07:22:58,279 - BlankSpaceAnalyzer - INFO - -> Analyzing version 2.10.0 (108/287)...
2025-11-12 07:22:58,322 - BlankSpaceAnalyzer - INFO - -> Analyzing version 2.10.1 (109/287)...
2025-11-12 07:22:58,363 - BlankSpaceAnalyzer - INFO - -> Analyzing version 2.10.2 (110/287)...
2025-11-12 07:22:58,406 - BlankSpaceAnalyzer - INFO - -> Analyzing version 2.10.3 (111/287)...
2025-11-12 07:22:58,448 - BlankSpaceAnalyzer - INFO - -> Analyzing version 2.10.4 (112/287)...
2025-11-12 07:22:58,485 - BlankSpaceAnalyzer - INFO - -> Analyzing version 2.11.0 (113/287)...
2025-11-12 07:22:58,520 - BlankSpaceAnalyzer - INFO - -> Analyzing version 2.11.1 (114/287)...
2025-11-12 07:22:58,556 - BlankSpaceAnalyzer - INFO - -> Analyzing version 2.11.2 (115/287)...
2025-11-12 07:22:58,595 - BlankSpaceAnalyzer - INFO - -> Analyzing version 2.11.3 (116/287)...
2025-11-12 07:22:58,629 - BlankSpaceAnalyzer - INFO - -> Analyzing version 2.11.4 (117/287)...
2025-11-12 07:22:58,664 - BlankSpaceAnalyzer - INFO - -> Analyzing version 2.11.5 (118/287)...
2025-11-12 07:22:58,700 - BlankSpaceAnalyzer - INFO - -> Analyzing version 2.11.6 (119/287)...
2025-11-12 07:22:58,735 - BlankSpaceAnalyzer - INFO - -> Analyzing version 2.11.7 (120/287)...
2025-11-12 07:22:58,770 - BlankSpaceAnalyzer - INFO - -> Analyzing version 2.11.9 (121/287)...
2025-11-12 07:22:58,805 - BlankSpaceAnalyzer - INFO - -> Analyzing version 2.12.0 (122/287)...
2025-11-12 07:22:58,840 - BlankSpaceAnalyzer - INFO - -> Analyzing version 2.13.0 (123/287)...
2025-11-12 07:22:58,875 - BlankSpaceAnalyzer - INFO - -> Analyzing version 2.14.0 (124/287)...
2025-11-12 07:22:58,910 - BlankSpaceAnalyzer - INFO - -> Analyzing version 2.14.1 (125/287)...
2025-11-12 07:22:58,946 - BlankSpaceAnalyzer - INFO - -> Analyzing version 2.2.0 (126/287)...
2025-11-12 07:22:58,981 - BlankSpaceAnalyzer - INFO - -> Analyzing version 2.2.0-rc.3 (127/287)...
2025-11-12 07:22:59,017 - BlankSpaceAnalyzer - INFO - -> Analyzing version 2.2.0-rc.4 (128/287)...
2025-11-12 07:22:59,053 - BlankSpaceAnalyzer - INFO - -> Analyzing version 2.2.0-rc.5 (129/287)...
2025-11-12 07:22:59,088 - BlankSpaceAnalyzer - INFO - -> Analyzing version 2.2.0-rc.6 (130/287)...
2025-11-12 07:22:59,124 - BlankSpaceAnalyzer - INFO - -> Analyzing version 2.2.0-rc.7 (131/287)...
2025-11-12 07:22:59,160 - BlankSpaceAnalyzer - INFO - -> Analyzing version 2.2.0-rc.8 (132/287)...
2025-11-12 07:22:59,194 - BlankSpaceAnalyzer - INFO - -> Analyzing version 2.2.1 (133/287)...
2025-11-12 07:22:59,230 - BlankSpaceAnalyzer - INFO - -> Analyzing version 2.2.2 (134/287)...
2025-11-12 07:22:59,266 - BlankSpaceAnalyzer - INFO - -> Analyzing version 2.2.3 (135/287)...
2025-11-12 07:22:59,301 - BlankSpaceAnalyzer - INFO - -> Analyzing version 2.2.4 (136/287)...
2025-11-12 07:22:59,336 - BlankSpaceAnalyzer - INFO - -> Analyzing version 2.2.5 (137/287)...
2025-11-12 07:22:59,374 - BlankSpaceAnalyzer - INFO - -> Analyzing version 2.2.6 (138/287)...
2025-11-12 07:22:59,410 - BlankSpaceAnalyzer - INFO - -> Analyzing version 2.22.0 (139/287)...
2025-11-12 07:22:59,447 - BlankSpaceAnalyzer - INFO - -> Analyzing version 2.22.1 (140/287)...
2025-11-12 07:22:59,486 - BlankSpaceAnalyzer - INFO - -> Analyzing version 2.22.2 (141/287)...
2025-11-12 07:22:59,522 - BlankSpaceAnalyzer - INFO - -> Analyzing version 2.22.3 (142/287)...
2025-11-12 07:22:59,560 - BlankSpaceAnalyzer - INFO - -> Analyzing version 2.23.0 (143/287)...
2025-11-12 07:22:59,600 - BlankSpaceAnalyzer - INFO - -> Analyzing version 2.23.1 (144/287)...
2025-11-12 07:22:59,641 - BlankSpaceAnalyzer - INFO - -> Analyzing version 2.24.0 (145/287)...
2025-11-12 07:22:59,680 - BlankSpaceAnalyzer - INFO - -> Analyzing version 2.24.1 (146/287)...
2025-11-12 07:22:59,721 - BlankSpaceAnalyzer - INFO - -> Analyzing version 2.24.2 (147/287)...
2025-11-12 07:22:59,761 - BlankSpaceAnalyzer - INFO - -> Analyzing version 2.25.0 (148/287)...
2025-11-12 07:22:59,801 - BlankSpaceAnalyzer - INFO - -> Analyzing version 2.25.1 (149/287)...
2025-11-12 07:22:59,839 - BlankSpaceAnalyzer - INFO - -> Analyzing version 2.26.0 (150/287)...
2025-11-12 07:22:59,879 - BlankSpaceAnalyzer - INFO - -> Analyzing version 2.26.1 (151/287)...
2025-11-12 07:22:59,914 - BlankSpaceAnalyzer - INFO - -> Analyzing version 2.26.2 (152/287)...
2025-11-12 07:22:59,951 - BlankSpaceAnalyzer - INFO - -> Analyzing version 2.26.3 (153/287)...
2025-11-12 07:22:59,985 - BlankSpaceAnalyzer - INFO - -> Analyzing version 2.26.4 (154/287)...
2025-11-12 07:23:00,021 - BlankSpaceAnalyzer - INFO - -> Analyzing version 2.27.0 (155/287)...
2025-11-12 07:23:00,056 - BlankSpaceAnalyzer - INFO - -> Analyzing version 2.27.1 (156/287)...
2025-11-12 07:23:00,091 - BlankSpaceAnalyzer - INFO - -> Analyzing version 2.3.0 (157/287)...
2025-11-12 07:23:00,126 - BlankSpaceAnalyzer - INFO - -> Analyzing version 2.3.1 (158/287)...
2025-11-12 07:23:00,161 - BlankSpaceAnalyzer - INFO - -> Analyzing version 2.3.2 (159/287)...
2025-11-12 07:23:00,197 - BlankSpaceAnalyzer - INFO - -> Analyzing version 2.4.0 (160/287)...
2025-11-12 07:23:00,233 - BlankSpaceAnalyzer - INFO - -> Analyzing version 2.5.0 (161/287)...
2025-11-12 07:23:00,268 - BlankSpaceAnalyzer - INFO - -> Analyzing version 2.5.0-beta.0 (162/287)...
2025-11-12 07:23:00,302 - BlankSpaceAnalyzer - INFO - -> Analyzing version 2.5.0-beta.1 (163/287)...
2025-11-12 07:23:00,338 - BlankSpaceAnalyzer - INFO - -> Analyzing version 2.5.0-beta.2 (164/287)...
2025-11-12 07:23:00,373 - BlankSpaceAnalyzer - INFO - -> Analyzing version 2.5.0-beta.3 (165/287)...
2025-11-12 07:23:00,409 - BlankSpaceAnalyzer - INFO - -> Analyzing version 2.5.0-beta.4 (166/287)...
2025-11-12 07:23:00,444 - BlankSpaceAnalyzer - INFO - -> Analyzing version 2.5.0-beta.5 (167/287)...
2025-11-12 07:23:00,480 - BlankSpaceAnalyzer - INFO - -> Analyzing version 2.5.0-beta.6 (168/287)...
2025-11-12 07:23:00,516 - BlankSpaceAnalyzer - INFO - -> Analyzing version 2.5.0-pre.10 (169/287)...
2025-11-12 07:23:00,551 - BlankSpaceAnalyzer - INFO - -> Analyzing version 2.5.0-pre.11 (170/287)...
2025-11-12 07:23:00,587 - BlankSpaceAnalyzer - INFO - -> Analyzing version 2.5.0-pre.13 (171/287)...
2025-11-12 07:23:00,623 - BlankSpaceAnalyzer - INFO - -> Analyzing version 2.5.0-pre.14 (172/287)...
2025-11-12 07:23:00,659 - BlankSpaceAnalyzer - INFO - -> Analyzing version 2.5.0-pre.15 (173/287)...
2025-11-12 07:23:00,697 - BlankSpaceAnalyzer - INFO - -> Analyzing version 2.5.0-pre.16 (174/287)...
2025-11-12 07:23:00,736 - BlankSpaceAnalyzer - INFO - -> Analyzing version 2.5.0-pre.8 (175/287)...
2025-11-12 07:23:00,773 - BlankSpaceAnalyzer - INFO - -> Analyzing version 2.5.0-pre.9 (176/287)...
2025-11-12 07:23:00,812 - BlankSpaceAnalyzer - INFO - -> Analyzing version 2.5.1 (177/287)...
2025-11-12 07:23:00,852 - BlankSpaceAnalyzer - INFO - -> Analyzing version 2.5.2 (178/287)...
2025-11-12 07:23:00,893 - BlankSpaceAnalyzer - INFO - -> Analyzing version 2.5.3 (179/287)...
2025-11-12 07:23:00,934 - BlankSpaceAnalyzer - INFO - -> Analyzing version 2.5.4 (180/287)...
2025-11-12 07:23:00,974 - BlankSpaceAnalyzer - INFO - -> Analyzing version 2.5.5 (181/287)...
2025-11-12 07:23:01,015 - BlankSpaceAnalyzer - INFO - -> Analyzing version 2.5.6 (182/287)...
2025-11-12 07:23:01,056 - BlankSpaceAnalyzer - INFO - -> Analyzing version 2.5.7 (183/287)...
2025-11-12 07:23:01,095 - BlankSpaceAnalyzer - INFO - -> Analyzing version 2.5.8 (184/287)...
2025-11-12 07:23:01,137 - BlankSpaceAnalyzer - INFO - -> Analyzing version 2.5.9 (185/287)...
2025-11-12 07:23:01,173 - BlankSpaceAnalyzer - INFO - -> Analyzing version 2.6.0 (186/287)...
2025-11-12 07:23:01,210 - BlankSpaceAnalyzer - INFO - -> Analyzing version 2.6.1 (187/287)...
2025-11-12 07:23:01,245 - BlankSpaceAnalyzer - INFO - -> Analyzing version 2.6.2 (188/287)...
2025-11-12 07:23:01,282 - BlankSpaceAnalyzer - INFO - -> Analyzing version 2.6.3 (189/287)...
2025-11-12 07:23:01,320 - BlankSpaceAnalyzer - INFO - -> Analyzing version 2.6.4 (190/287)...
2025-11-12 07:23:01,356 - BlankSpaceAnalyzer - INFO - -> Analyzing version 2.6.5 (191/287)...
2025-11-12 07:23:01,392 - BlankSpaceAnalyzer - INFO - -> Analyzing version 2.6.6 (192/287)...
2025-11-12 07:23:01,428 - BlankSpaceAnalyzer - INFO - -> Analyzing version 2.7.0 (193/287)...
2025-11-12 07:23:01,464 - BlankSpaceAnalyzer - INFO - -> Analyzing version 2.7.0-pre.0 (194/287)...
2025-11-12 07:23:01,502 - BlankSpaceAnalyzer - INFO - -> Analyzing version 2.7.1 (195/287)...
2025-11-12 07:23:01,537 - BlankSpaceAnalyzer - INFO - -> Analyzing version 2.7.2 (196/287)...
2025-11-12 07:23:01,574 - BlankSpaceAnalyzer - INFO - -> Analyzing version 2.7.3 (197/287)...
2025-11-12 07:23:01,609 - BlankSpaceAnalyzer - INFO - -> Analyzing version 2.7.4 (198/287)...
2025-11-12 07:23:01,645 - BlankSpaceAnalyzer - INFO - -> Analyzing version 2.8.0 (199/287)...
2025-11-12 07:23:01,680 - BlankSpaceAnalyzer - INFO - -> Analyzing version 2.9.0 (200/287)...
2025-11-12 07:23:01,715 - BlankSpaceAnalyzer - INFO - -> Analyzing version 2.9.1 (201/287)...
2025-11-12 07:23:01,752 - BlankSpaceAnalyzer - INFO - -> Analyzing version 3.0.0 (202/287)...
2025-11-12 07:23:01,786 - BlankSpaceAnalyzer - INFO - -> Analyzing version 3.0.0-beta.0 (203/287)...
2025-11-12 07:23:01,787 - BlankSpaceAnalyzer - INFO - -> Analyzing version 3.0.0-beta.1 (204/287)...
2025-11-12 07:23:01,787 - BlankSpaceAnalyzer - INFO - -> Analyzing version 3.0.0-beta.10 (205/287)...
2025-11-12 07:23:01,788 - BlankSpaceAnalyzer - INFO - -> Analyzing version 3.0.0-beta.11 (206/287)...
2025-11-12 07:23:01,788 - BlankSpaceAnalyzer - INFO - -> Analyzing version 3.0.0-beta.12 (207/287)...
2025-11-12 07:23:01,788 - BlankSpaceAnalyzer - INFO - -> Analyzing version 3.0.0-beta.14 (208/287)...
2025-11-12 07:23:01,788 - BlankSpaceAnalyzer - INFO - -> Analyzing version 3.0.0-beta.15 (209/287)...
2025-11-12 07:23:01,789 - BlankSpaceAnalyzer - INFO - -> Analyzing version 3.0.0-beta.16 (210/287)...
2025-11-12 07:23:01,789 - BlankSpaceAnalyzer - INFO - -> Analyzing version 3.0.0-beta.17 (211/287)...
2025-11-12 07:23:01,789 - BlankSpaceAnalyzer - INFO - -> Analyzing version 3.0.0-beta.18 (212/287)...
2025-11-12 07:23:01,789 - BlankSpaceAnalyzer - INFO - -> Analyzing version 3.0.0-beta.19 (213/287)...
2025-11-12 07:23:01,790 - BlankSpaceAnalyzer - INFO - -> Analyzing version 3.0.0-beta.2 (214/287)...
2025-11-12 07:23:01,790 - BlankSpaceAnalyzer - INFO - -> Analyzing version 3.0.0-beta.21 (215/287)...
2025-11-12 07:23:01,790 - BlankSpaceAnalyzer - INFO - -> Analyzing version 3.0.0-beta.22 (216/287)...
2025-11-12 07:23:01,791 - BlankSpaceAnalyzer - INFO - -> Analyzing version 3.0.0-beta.23 (217/287)...
2025-11-12 07:23:01,791 - BlankSpaceAnalyzer - INFO - -> Analyzing version 3.0.0-beta.24 (218/287)...
2025-11-12 07:23:01,791 - BlankSpaceAnalyzer - INFO - -> Analyzing version 3.0.0-beta.25 (219/287)...
2025-11-12 07:23:01,792 - BlankSpaceAnalyzer - INFO - -> Analyzing version 3.0.0-beta.26 (220/287)...
2025-11-12 07:23:01,792 - BlankSpaceAnalyzer - INFO - -> Analyzing version 3.0.0-beta.27 (221/287)...
2025-11-12 07:23:01,793 - BlankSpaceAnalyzer - INFO - -> Analyzing version 3.0.0-beta.28 (222/287)...
2025-11-12 07:23:01,793 - BlankSpaceAnalyzer - INFO - -> Analyzing version 3.0.0-beta.29 (223/287)...
2025-11-12 07:23:01,793 - BlankSpaceAnalyzer - INFO - -> Analyzing version 3.0.0-beta.3 (224/287)...
2025-11-12 07:23:01,793 - BlankSpaceAnalyzer - INFO - -> Analyzing version 3.0.0-beta.30 (225/287)...
2025-11-12 07:23:01,794 - BlankSpaceAnalyzer - INFO - -> Analyzing version 3.0.0-beta.4 (226/287)...
2025-11-12 07:23:01,794 - BlankSpaceAnalyzer - INFO - -> Analyzing version 3.0.0-beta.5 (227/287)...
2025-11-12 07:23:01,794 - BlankSpaceAnalyzer - INFO - -> Analyzing version 3.0.0-beta.6 (228/287)...
2025-11-12 07:23:01,795 - BlankSpaceAnalyzer - INFO - -> Analyzing version 3.0.0-beta.7 (229/287)...
2025-11-12 07:23:01,795 - BlankSpaceAnalyzer - INFO - -> Analyzing version 3.0.0-beta.8 (230/287)...
2025-11-12 07:23:01,795 - BlankSpaceAnalyzer - INFO - -> Analyzing version 3.0.0-beta.9 (231/287)...
2025-11-12 07:23:01,795 - BlankSpaceAnalyzer - INFO - -> Analyzing version 3.0.0-next.0 (232/287)...
2025-11-12 07:23:01,840 - BlankSpaceAnalyzer - INFO - -> Analyzing version 3.0.0-next.1 (233/287)...
2025-11-12 07:23:01,840 - BlankSpaceAnalyzer - INFO - -> Analyzing version 3.0.0-next.2 (234/287)...
2025-11-12 07:23:01,841 - BlankSpaceAnalyzer - INFO - -> Analyzing version 3.0.0-next.3 (235/287)...
2025-11-12 07:23:01,841 - BlankSpaceAnalyzer - INFO - -> Analyzing version 3.0.0-next.4 (236/287)...
2025-11-12 07:23:01,841 - BlankSpaceAnalyzer - INFO - -> Analyzing version 3.0.0-next.5 (237/287)...
2025-11-12 07:23:01,841 - BlankSpaceAnalyzer - INFO - -> Analyzing version 3.0.0-next.6 (238/287)...
2025-11-12 07:23:01,842 - BlankSpaceAnalyzer - INFO - -> Analyzing version 3.0.0-next.7 (239/287)...
2025-11-12 07:23:01,842 - BlankSpaceAnalyzer - INFO - -> Analyzing version 3.0.0-next.8 (240/287)...
2025-11-12 07:23:01,842 - BlankSpaceAnalyzer - INFO - -> Analyzing version 3.0.1 (241/287)...
2025-11-12 07:23:01,843 - BlankSpaceAnalyzer - INFO - -> Analyzing version 3.0.2 (242/287)...
2025-11-12 07:23:01,843 - BlankSpaceAnalyzer - INFO - -> Analyzing version 3.0.2-beta.0 (243/287)...
2025-11-12 07:23:01,843 - BlankSpaceAnalyzer - INFO - -> Analyzing version 3.0.3 (244/287)...
2025-11-12 07:23:01,843 - BlankSpaceAnalyzer - INFO - -> Analyzing version 3.0.4 (245/287)...
2025-11-12 07:23:01,844 - BlankSpaceAnalyzer - INFO - -> Analyzing version 3.0.5 (246/287)...
2025-11-12 07:23:01,844 - BlankSpaceAnalyzer - INFO - -> Analyzing version 3.0.6 (247/287)...
2025-11-12 07:23:01,844 - BlankSpaceAnalyzer - INFO - -> Analyzing version 3.0.7 (248/287)...
2025-11-12 07:23:01,844 - BlankSpaceAnalyzer - INFO - -> Analyzing version 3.0.8 (249/287)...
2025-11-12 07:23:01,845 - BlankSpaceAnalyzer - INFO - -> Analyzing version 3.0.9 (250/287)...
2025-11-12 07:23:01,845 - BlankSpaceAnalyzer - INFO - -> Analyzing version 3.1.0 (251/287)...
2025-11-12 07:23:01,845 - BlankSpaceAnalyzer - INFO - -> Analyzing version 3.10.0 (252/287)...
2025-11-12 07:23:01,845 - BlankSpaceAnalyzer - INFO - -> Analyzing version 3.10.1 (253/287)...
2025-11-12 07:23:01,846 - BlankSpaceAnalyzer - INFO - -> Analyzing version 3.10.2 (254/287)...
2025-11-12 07:23:01,846 - BlankSpaceAnalyzer - INFO - -> Analyzing version 3.10.3 (255/287)...
2025-11-12 07:23:01,846 - BlankSpaceAnalyzer - INFO - -> Analyzing version 3.10.4 (256/287)...
2025-11-12 07:23:01,847 - BlankSpaceAnalyzer - INFO - -> Analyzing version 3.10.5 (257/287)...
2025-11-12 07:23:01,847 - BlankSpaceAnalyzer - INFO - -> Analyzing version 3.2.0 (258/287)...
2025-11-12 07:23:01,847 - BlankSpaceAnalyzer - INFO - -> Analyzing version 3.2.1 (259/287)...
2025-11-12 07:23:01,847 - BlankSpaceAnalyzer - INFO - -> Analyzing version 3.2.2 (260/287)...
2025-11-12 07:23:01,848 - BlankSpaceAnalyzer - INFO - -> Analyzing version 3.3.0 (261/287)...
2025-11-12 07:23:01,848 - BlankSpaceAnalyzer - INFO - -> Analyzing version 3.3.1 (262/287)...
2025-11-12 07:23:01,848 - BlankSpaceAnalyzer - INFO - -> Analyzing version 3.4.0 (263/287)...
2025-11-12 07:23:01,848 - BlankSpaceAnalyzer - INFO - -> Analyzing version 3.4.1 (264/287)...
2025-11-12 07:23:01,849 - BlankSpaceAnalyzer - INFO - -> Analyzing version 3.4.2 (265/287)...
2025-11-12 07:23:01,849 - BlankSpaceAnalyzer - INFO - -> Analyzing version 3.4.3 (266/287)...
2025-11-12 07:23:01,849 - BlankSpaceAnalyzer - INFO - -> Analyzing version 3.4.4 (267/287)...
2025-11-12 07:23:01,849 - BlankSpaceAnalyzer - INFO - -> Analyzing version 3.4.5 (268/287)...
2025-11-12 07:23:01,850 - BlankSpaceAnalyzer - INFO - -> Analyzing version 3.4.6 (269/287)...
2025-11-12 07:23:01,850 - BlankSpaceAnalyzer - INFO - -> Analyzing version 3.5.0 (270/287)...
2025-11-12 07:23:01,850 - BlankSpaceAnalyzer - INFO - -> Analyzing version 3.5.1 (271/287)...
2025-11-12 07:23:01,850 - BlankSpaceAnalyzer - INFO - -> Analyzing version 3.5.2 (272/287)...
2025-11-12 07:23:01,851 - BlankSpaceAnalyzer - INFO - -> Analyzing version 3.5.3 (273/287)...
2025-11-12 07:23:01,851 - BlankSpaceAnalyzer - INFO - -> Analyzing version 3.6.0 (274/287)...
2025-11-12 07:23:01,851 - BlankSpaceAnalyzer - INFO - -> Analyzing version 3.6.1 (275/287)...
2025-11-12 07:23:01,852 - BlankSpaceAnalyzer - INFO - -> Analyzing version 3.6.2 (276/287)...
2025-11-12 07:23:01,852 - BlankSpaceAnalyzer - INFO - -> Analyzing version 3.6.3 (277/287)...
2025-11-12 07:23:01,852 - BlankSpaceAnalyzer - INFO - -> Analyzing version 3.6.4 (278/287)...
2025-11-12 07:23:01,852 - BlankSpaceAnalyzer - INFO - -> Analyzing version 3.6.5 (279/287)...
2025-11-12 07:23:01,853 - BlankSpaceAnalyzer - INFO - -> Analyzing version 3.6.6 (280/287)...
2025-11-12 07:23:01,853 - BlankSpaceAnalyzer - INFO - -> Analyzing version 3.6.7 (281/287)...
2025-11-12 07:23:01,853 - BlankSpaceAnalyzer - INFO - -> Analyzing version 3.7.0 (282/287)...
2025-11-12 07:23:01,854 - BlankSpaceAnalyzer - INFO - -> Analyzing version 3.7.1 (283/287)...
2025-11-12 07:23:01,854 - BlankSpaceAnalyzer - INFO - -> Analyzing version 3.7.2 (284/287)...
2025-11-12 07:23:01,854 - BlankSpaceAnalyzer - INFO - -> Analyzing version 3.8.0 (285/287)...
2025-11-12 07:23:01,854 - BlankSpaceAnalyzer - INFO - -> Analyzing version 3.9.0 (286/287)...
2025-11-12 07:23:01,855 - BlankSpaceAnalyzer - INFO - -> Analyzing version 3.9.1 (287/287)...
2025-11-12 07:23:01,855 - BlankSpaceAnalyzer - INFO - Exporting results for '@tiptap/extension-text-align' to CSV...
2025-11-12 07:23:02,130 - BlankSpaceAnalyzer - INFO - Reports saved in: /app/npm_results/@tiptap_extension-text-align
2025-11-12 07:23:02,131 - NPM_Analyzer - INFO - Cleaning temporary folder 'temp/@tiptap_extension-text-align'...
2025-11-12 07:23:02,338 - NPM_Analyzer - INFO - Cleanup completed.
2025-11-12 17:51:32,712 - NPM_Analyzer - INFO - Fetching metadata for '@tiptap/extension-text-align'...
2025-11-12 17:51:33,034 - NPM_Analyzer - INFO - Found 287 versions. Starting download into 'temp/@tiptap_extension-text-align'...
2025-11-12 17:55:40,934 - BlankSpaceAnalyzer - INFO - Analyzing 287 versions for '*.js' in '@tiptap_extension-text-align'.
2025-11-12 17:55:40,934 - BlankSpaceAnalyzer - INFO - -> Analyzing version 1.0.0-alpha.1 (1/287)...
2025-11-12 17:55:40,995 - BlankSpaceAnalyzer - INFO - -> Analyzing version 1.0.0-alpha.2 (2/287)...
2025-11-12 17:55:41,043 - BlankSpaceAnalyzer - INFO - -> Analyzing version 2.0.0 (3/287)...
2025-11-12 17:55:41,100 - BlankSpaceAnalyzer - INFO - -> Analyzing version 2.0.0-alpha.1 (4/287)...
2025-11-12 17:55:41,148 - BlankSpaceAnalyzer - INFO - -> Analyzing version 2.0.0-alpha.10 (5/287)...
2025-11-12 17:55:41,208 - BlankSpaceAnalyzer - INFO - -> Analyzing version 2.0.0-alpha.11 (6/287)...
2025-11-12 17:55:41,256 - BlankSpaceAnalyzer - INFO - -> Analyzing version 2.0.0-alpha.12 (7/287)...
2025-11-12 17:55:41,314 - BlankSpaceAnalyzer - INFO - -> Analyzing version 2.0.0-alpha.2 (8/287)...
2025-11-12 17:55:41,367 - BlankSpaceAnalyzer - INFO - -> Analyzing version 2.0.0-alpha.3 (9/287)...
2025-11-12 17:55:41,418 - BlankSpaceAnalyzer - INFO - -> Analyzing version 2.0.0-alpha.4 (10/287)...
2025-11-12 17:55:41,475 - BlankSpaceAnalyzer - INFO - -> Analyzing version 2.0.0-alpha.5 (11/287)...
2025-11-12 17:55:41,524 - BlankSpaceAnalyzer - INFO - -> Analyzing version 2.0.0-alpha.6 (12/287)...
2025-11-12 17:55:41,581 - BlankSpaceAnalyzer - INFO - -> Analyzing version 2.0.0-alpha.7 (13/287)...
2025-11-12 17:55:41,629 - BlankSpaceAnalyzer - INFO - -> Analyzing version 2.0.0-alpha.8 (14/287)...
2025-11-12 17:55:41,689 - BlankSpaceAnalyzer - INFO - -> Analyzing version 2.0.0-alpha.9 (15/287)...
2025-11-12 17:55:41,739 - BlankSpaceAnalyzer - INFO - -> Analyzing version 2.0.0-beta.1 (16/287)...
2025-11-12 17:55:41,794 - BlankSpaceAnalyzer - INFO - -> Analyzing version 2.0.0-beta.10 (17/287)...
2025-11-12 17:55:41,853 - BlankSpaceAnalyzer - INFO - -> Analyzing version 2.0.0-beta.11 (18/287)...
2025-11-12 17:55:41,902 - BlankSpaceAnalyzer - INFO - -> Analyzing version 2.0.0-beta.12 (19/287)...
2025-11-12 17:55:41,959 - BlankSpaceAnalyzer - INFO - -> Analyzing version 2.0.0-beta.13 (20/287)...
2025-11-12 17:55:42,005 - BlankSpaceAnalyzer - INFO - -> Analyzing version 2.0.0-beta.14 (21/287)...
2025-11-12 17:55:42,063 - BlankSpaceAnalyzer - INFO - -> Analyzing version 2.0.0-beta.15 (22/287)...
2025-11-12 17:55:42,113 - BlankSpaceAnalyzer - INFO - -> Analyzing version 2.0.0-beta.16 (23/287)...
2025-11-12 17:55:42,170 - BlankSpaceAnalyzer - INFO - -> Analyzing version 2.0.0-beta.17 (24/287)...
2025-11-12 17:55:42,221 - BlankSpaceAnalyzer - INFO - -> Analyzing version 2.0.0-beta.18 (25/287)...
2025-11-12 17:55:42,275 - BlankSpaceAnalyzer - INFO - -> Analyzing version 2.0.0-beta.19 (26/287)...
2025-11-12 17:55:42,331 - BlankSpaceAnalyzer - INFO - -> Analyzing version 2.0.0-beta.194 (27/287)...
2025-11-12 17:55:42,381 - BlankSpaceAnalyzer - INFO - -> Analyzing version 2.0.0-beta.195 (28/287)...
2025-11-12 17:55:42,441 - BlankSpaceAnalyzer - INFO - -> Analyzing version 2.0.0-beta.196 (29/287)...
2025-11-12 17:55:42,492 - BlankSpaceAnalyzer - INFO - -> Analyzing version 2.0.0-beta.197 (30/287)...
2025-11-12 17:55:42,549 - BlankSpaceAnalyzer - INFO - -> Analyzing version 2.0.0-beta.198 (31/287)...
2025-11-12 17:55:42,602 - BlankSpaceAnalyzer - INFO - -> Analyzing version 2.0.0-beta.199 (32/287)...
2025-11-12 17:55:42,653 - BlankSpaceAnalyzer - INFO - -> Analyzing version 2.0.0-beta.2 (33/287)...
2025-11-12 17:55:42,709 - BlankSpaceAnalyzer - INFO - -> Analyzing version 2.0.0-beta.20 (34/287)...
2025-11-12 17:55:42,756 - BlankSpaceAnalyzer - INFO - -> Analyzing version 2.0.0-beta.200 (35/287)...
2025-11-12 17:55:42,813 - BlankSpaceAnalyzer - INFO - -> Analyzing version 2.0.0-beta.201 (36/287)...
2025-11-12 17:55:42,862 - BlankSpaceAnalyzer - INFO - -> Analyzing version 2.0.0-beta.202 (37/287)...
2025-11-12 17:55:42,923 - BlankSpaceAnalyzer - INFO - -> Analyzing version 2.0.0-beta.203 (38/287)...
2025-11-12 17:55:42,923 - BlankSpaceAnalyzer - INFO - -> Analyzing version 2.0.0-beta.204 (39/287)...
2025-11-12 17:55:42,971 - BlankSpaceAnalyzer - INFO - -> Analyzing version 2.0.0-beta.205 (40/287)...
2025-11-12 17:55:43,029 - BlankSpaceAnalyzer - INFO - -> Analyzing version 2.0.0-beta.206 (41/287)...
2025-11-12 17:55:43,084 - BlankSpaceAnalyzer - INFO - -> Analyzing version 2.0.0-beta.207 (42/287)...
2025-11-12 17:55:43,136 - BlankSpaceAnalyzer - INFO - -> Analyzing version 2.0.0-beta.208 (43/287)...
2025-11-12 17:55:43,201 - BlankSpaceAnalyzer - INFO - -> Analyzing version 2.0.0-beta.209 (44/287)...
2025-11-12 17:55:43,249 - BlankSpaceAnalyzer - INFO - -> Analyzing version 2.0.0-beta.21 (45/287)...
2025-11-12 17:55:43,307 - BlankSpaceAnalyzer - INFO - -> Analyzing version 2.0.0-beta.210 (46/287)...
2025-11-12 17:55:43,308 - BlankSpaceAnalyzer - INFO - -> Analyzing version 2.0.0-beta.211 (47/287)...
2025-11-12 17:55:43,308 - BlankSpaceAnalyzer - INFO - -> Analyzing version 2.0.0-beta.212 (48/287)...
2025-11-12 17:55:43,309 - BlankSpaceAnalyzer - INFO - -> Analyzing version 2.0.0-beta.213 (49/287)...
2025-11-12 17:55:43,309 - BlankSpaceAnalyzer - INFO - -> Analyzing version 2.0.0-beta.214 (50/287)...
2025-11-12 17:55:43,357 - BlankSpaceAnalyzer - INFO - -> Analyzing version 2.0.0-beta.215 (51/287)...
2025-11-12 17:55:43,415 - BlankSpaceAnalyzer - INFO - -> Analyzing version 2.0.0-beta.216 (52/287)...
2025-11-12 17:55:43,466 - BlankSpaceAnalyzer - INFO - -> Analyzing version 2.0.0-beta.217 (53/287)...
2025-11-12 17:55:43,520 - BlankSpaceAnalyzer - INFO - -> Analyzing version 2.0.0-beta.218 (54/287)...
2025-11-12 17:55:43,577 - BlankSpaceAnalyzer - INFO - -> Analyzing version 2.0.0-beta.219 (55/287)...
2025-11-12 17:55:43,624 - BlankSpaceAnalyzer - INFO - -> Analyzing version 2.0.0-beta.22 (56/287)...
2025-11-12 17:55:43,679 - BlankSpaceAnalyzer - INFO - -> Analyzing version 2.0.0-beta.220 (57/287)...
2025-11-12 17:55:43,728 - BlankSpaceAnalyzer - INFO - -> Analyzing version 2.0.0-beta.23 (58/287)...
2025-11-12 17:55:43,786 - BlankSpaceAnalyzer - INFO - -> Analyzing version 2.0.0-beta.24 (59/287)...
2025-11-12 17:55:43,834 - BlankSpaceAnalyzer - INFO - -> Analyzing version 2.0.0-beta.25 (60/287)...
2025-11-12 17:55:43,890 - BlankSpaceAnalyzer - INFO - -> Analyzing version 2.0.0-beta.27 (61/287)...
2025-11-12 17:55:43,891 - BlankSpaceAnalyzer - INFO - -> Analyzing version 2.0.0-beta.28 (62/287)...
2025-11-12 17:55:43,941 - BlankSpaceAnalyzer - INFO - -> Analyzing version 2.0.0-beta.29 (63/287)...
2025-11-12 17:55:43,995 - BlankSpaceAnalyzer - INFO - -> Analyzing version 2.0.0-beta.3 (64/287)...
2025-11-12 17:55:44,055 - BlankSpaceAnalyzer - INFO - -> Analyzing version 2.0.0-beta.31 (65/287)...
2025-11-12 17:55:44,101 - BlankSpaceAnalyzer - INFO - -> Analyzing version 2.0.0-beta.4 (66/287)...
2025-11-12 17:55:44,160 - BlankSpaceAnalyzer - INFO - -> Analyzing version 2.0.0-beta.5 (67/287)...
2025-11-12 17:55:44,210 - BlankSpaceAnalyzer - INFO - -> Analyzing version 2.0.0-beta.6 (68/287)...
2025-11-12 17:55:44,268 - BlankSpaceAnalyzer - INFO - -> Analyzing version 2.0.0-beta.7 (69/287)...
2025-11-12 17:55:44,326 - BlankSpaceAnalyzer - INFO - -> Analyzing version 2.0.0-beta.8 (70/287)...
2025-11-12 17:55:44,373 - BlankSpaceAnalyzer - INFO - -> Analyzing version 2.0.0-beta.9 (71/287)...
2025-11-12 17:55:44,431 - BlankSpaceAnalyzer - INFO - -> Analyzing version 2.0.0-rc.1 (72/287)...
2025-11-12 17:55:44,480 - BlankSpaceAnalyzer - INFO - -> Analyzing version 2.0.0-rc.2 (73/287)...
2025-11-12 17:55:44,538 - BlankSpaceAnalyzer - INFO - -> Analyzing version 2.0.0-rc.3 (74/287)...
2025-11-12 17:55:44,587 - BlankSpaceAnalyzer - INFO - -> Analyzing version 2.0.1 (75/287)...
2025-11-12 17:55:44,640 - BlankSpaceAnalyzer - INFO - -> Analyzing version 2.0.2 (76/287)...
2025-11-12 17:55:44,689 - BlankSpaceAnalyzer - INFO - -> Analyzing version 2.0.3 (77/287)...
2025-11-12 17:55:44,744 - BlankSpaceAnalyzer - INFO - -> Analyzing version 2.0.4 (78/287)...
2025-11-12 17:55:44,796 - BlankSpaceAnalyzer - INFO - -> Analyzing version 2.1.0 (79/287)...
2025-11-12 17:55:44,850 - BlankSpaceAnalyzer - INFO - -> Analyzing version 2.1.0-rc.0 (80/287)...
2025-11-12 17:55:44,908 - BlankSpaceAnalyzer - INFO - -> Analyzing version 2.1.0-rc.1 (81/287)...
2025-11-12 17:55:44,958 - BlankSpaceAnalyzer - INFO - -> Analyzing version 2.1.0-rc.10 (82/287)...
2025-11-12 17:55:45,016 - BlankSpaceAnalyzer - INFO - -> Analyzing version 2.1.0-rc.11 (83/287)...
2025-11-12 17:55:45,065 - BlankSpaceAnalyzer - INFO - -> Analyzing version 2.1.0-rc.12 (84/287)...
2025-11-12 17:55:45,121 - BlankSpaceAnalyzer - INFO - -> Analyzing version 2.1.0-rc.13 (85/287)...
2025-11-12 17:55:45,171 - BlankSpaceAnalyzer - INFO - -> Analyzing version 2.1.0-rc.14 (86/287)...
2025-11-12 17:55:45,226 - BlankSpaceAnalyzer - INFO - -> Analyzing version 2.1.0-rc.2 (87/287)...
2025-11-12 17:55:45,287 - BlankSpaceAnalyzer - INFO - -> Analyzing version 2.1.0-rc.3 (88/287)...
2025-11-12 17:55:45,335 - BlankSpaceAnalyzer - INFO - -> Analyzing version 2.1.0-rc.4 (89/287)...
2025-11-12 17:55:45,393 - BlankSpaceAnalyzer - INFO - -> Analyzing version 2.1.0-rc.5 (90/287)...
2025-11-12 17:55:45,443 - BlankSpaceAnalyzer - INFO - -> Analyzing version 2.1.0-rc.8 (91/287)...
2025-11-12 17:55:45,500 - BlankSpaceAnalyzer - INFO - -> Analyzing version 2.1.0-rc.9 (92/287)...
2025-11-12 17:55:45,551 - BlankSpaceAnalyzer - INFO - -> Analyzing version 2.1.1 (93/287)...
2025-11-12 17:55:45,607 - BlankSpaceAnalyzer - INFO - -> Analyzing version 2.1.10 (94/287)...
2025-11-12 17:55:45,664 - BlankSpaceAnalyzer - INFO - -> Analyzing version 2.1.11 (95/287)...
2025-11-12 17:55:45,713 - BlankSpaceAnalyzer - INFO - -> Analyzing version 2.1.12 (96/287)...
2025-11-12 17:55:45,773 - BlankSpaceAnalyzer - INFO - -> Analyzing version 2.1.13 (97/287)...
2025-11-12 17:55:45,824 - BlankSpaceAnalyzer - INFO - -> Analyzing version 2.1.14 (98/287)...
2025-11-12 17:55:45,878 - BlankSpaceAnalyzer - INFO - -> Analyzing version 2.1.15 (99/287)...
2025-11-12 17:55:45,928 - BlankSpaceAnalyzer - INFO - -> Analyzing version 2.1.16 (100/287)...
2025-11-12 17:55:45,985 - BlankSpaceAnalyzer - INFO - -> Analyzing version 2.1.2 (101/287)...
2025-11-12 17:55:46,042 - BlankSpaceAnalyzer - INFO - -> Analyzing version 2.1.3 (102/287)...
2025-11-12 17:55:46,090 - BlankSpaceAnalyzer - INFO - -> Analyzing version 2.1.4 (103/287)...
2025-11-12 17:55:46,151 - BlankSpaceAnalyzer - INFO - -> Analyzing version 2.1.6 (104/287)...
2025-11-12 17:55:46,200 - BlankSpaceAnalyzer - INFO - -> Analyzing version 2.1.7 (105/287)...
2025-11-12 17:55:46,256 - BlankSpaceAnalyzer - INFO - -> Analyzing version 2.1.8 (106/287)...
2025-11-12 17:55:46,305 - BlankSpaceAnalyzer - INFO - -> Analyzing version 2.1.9 (107/287)...
2025-11-12 17:55:46,359 - BlankSpaceAnalyzer - INFO - -> Analyzing version 2.10.0 (108/287)...
2025-11-12 17:55:46,417 - BlankSpaceAnalyzer - INFO - -> Analyzing version 2.10.1 (109/287)...
2025-11-12 17:55:46,466 - BlankSpaceAnalyzer - INFO - -> Analyzing version 2.10.2 (110/287)...
2025-11-12 17:55:46,527 - BlankSpaceAnalyzer - INFO - -> Analyzing version 2.10.3 (111/287)...
2025-11-12 17:55:46,576 - BlankSpaceAnalyzer - INFO - -> Analyzing version 2.10.4 (112/287)...
2025-11-12 17:55:46,633 - BlankSpaceAnalyzer - INFO - -> Analyzing version 2.11.0 (113/287)...
2025-11-12 17:55:46,681 - BlankSpaceAnalyzer - INFO - -> Analyzing version 2.11.1 (114/287)...
2025-11-12 17:55:46,739 - BlankSpaceAnalyzer - INFO - -> Analyzing version 2.11.2 (115/287)...
2025-11-12 17:55:46,789 - BlankSpaceAnalyzer - INFO - -> Analyzing version 2.11.3 (116/287)...
2025-11-12 17:55:46,841 - BlankSpaceAnalyzer - INFO - -> Analyzing version 2.11.4 (117/287)...
2025-11-12 17:55:46,893 - BlankSpaceAnalyzer - INFO - -> Analyzing version 2.11.5 (118/287)...
2025-11-12 17:55:46,952 - BlankSpaceAnalyzer - INFO - -> Analyzing version 2.11.6 (119/287)...
2025-11-12 17:55:47,008 - BlankSpaceAnalyzer - INFO - -> Analyzing version 2.11.7 (120/287)...
2025-11-12 17:55:47,068 - BlankSpaceAnalyzer - INFO - -> Analyzing version 2.11.9 (121/287)...
2025-11-12 17:55:47,124 - BlankSpaceAnalyzer - INFO - -> Analyzing version 2.12.0 (122/287)...
2025-11-12 17:55:47,172 - BlankSpaceAnalyzer - INFO - -> Analyzing version 2.13.0 (123/287)...
2025-11-12 17:55:47,229 - BlankSpaceAnalyzer - INFO - -> Analyzing version 2.14.0 (124/287)...
2025-11-12 17:55:47,277 - BlankSpaceAnalyzer - INFO - -> Analyzing version 2.14.1 (125/287)...
2025-11-12 17:55:47,335 - BlankSpaceAnalyzer - INFO - -> Analyzing version 2.2.0 (126/287)...
2025-11-12 17:55:47,385 - BlankSpaceAnalyzer - INFO - -> Analyzing version 2.2.0-rc.3 (127/287)...
2025-11-12 17:55:47,441 - BlankSpaceAnalyzer - INFO - -> Analyzing version 2.2.0-rc.4 (128/287)...
2025-11-12 17:55:47,494 - BlankSpaceAnalyzer - INFO - -> Analyzing version 2.2.0-rc.5 (129/287)...
2025-11-12 17:55:47,547 - BlankSpaceAnalyzer - INFO - -> Analyzing version 2.2.0-rc.6 (130/287)...
2025-11-12 17:55:47,606 - BlankSpaceAnalyzer - INFO - -> Analyzing version 2.2.0-rc.7 (131/287)...
2025-11-12 17:55:47,656 - BlankSpaceAnalyzer - INFO - -> Analyzing version 2.2.0-rc.8 (132/287)...
2025-11-12 17:55:47,715 - BlankSpaceAnalyzer - INFO - -> Analyzing version 2.2.1 (133/287)...
2025-11-12 17:55:47,765 - BlankSpaceAnalyzer - INFO - -> Analyzing version 2.2.2 (134/287)...
2025-11-12 17:55:47,819 - BlankSpaceAnalyzer - INFO - -> Analyzing version 2.2.3 (135/287)...
2025-11-12 17:55:47,880 - BlankSpaceAnalyzer - INFO - -> Analyzing version 2.2.4 (136/287)...
2025-11-12 17:55:47,935 - BlankSpaceAnalyzer - INFO - -> Analyzing version 2.2.5 (137/287)...
2025-11-12 17:55:47,986 - BlankSpaceAnalyzer - INFO - -> Analyzing version 2.2.6 (138/287)...
2025-11-12 17:55:48,039 - BlankSpaceAnalyzer - INFO - -> Analyzing version 2.22.0 (139/287)...
2025-11-12 17:55:48,097 - BlankSpaceAnalyzer - INFO - -> Analyzing version 2.22.1 (140/287)...
2025-11-12 17:55:48,147 - BlankSpaceAnalyzer - INFO - -> Analyzing version 2.22.2 (141/287)...
2025-11-12 17:55:48,204 - BlankSpaceAnalyzer - INFO - -> Analyzing version 2.22.3 (142/287)...
2025-11-12 17:55:48,251 - BlankSpaceAnalyzer - INFO - -> Analyzing version 2.23.0 (143/287)...
2025-11-12 17:55:48,307 - BlankSpaceAnalyzer - INFO - -> Analyzing version 2.23.1 (144/287)...
2025-11-12 17:55:48,355 - BlankSpaceAnalyzer - INFO - -> Analyzing version 2.24.0 (145/287)...
2025-11-12 17:55:48,413 - BlankSpaceAnalyzer - INFO - -> Analyzing version 2.24.1 (146/287)...
2025-11-12 17:55:48,462 - BlankSpaceAnalyzer - INFO - -> Analyzing version 2.24.2 (147/287)...
2025-11-12 17:55:48,519 - BlankSpaceAnalyzer - INFO - -> Analyzing version 2.25.0 (148/287)...
2025-11-12 17:55:48,569 - BlankSpaceAnalyzer - INFO - -> Analyzing version 2.25.1 (149/287)...
2025-11-12 17:55:48,621 - BlankSpaceAnalyzer - INFO - -> Analyzing version 2.26.0 (150/287)...
2025-11-12 17:55:48,676 - BlankSpaceAnalyzer - INFO - -> Analyzing version 2.26.1 (151/287)...
2025-11-12 17:55:48,724 - BlankSpaceAnalyzer - INFO - -> Analyzing version 2.26.2 (152/287)...
2025-11-12 17:55:48,781 - BlankSpaceAnalyzer - INFO - -> Analyzing version 2.26.3 (153/287)...
2025-11-12 17:55:48,842 - BlankSpaceAnalyzer - INFO - -> Analyzing version 2.26.4 (154/287)...
2025-11-12 17:55:48,902 - BlankSpaceAnalyzer - INFO - -> Analyzing version 2.27.0 (155/287)...
2025-11-12 17:55:48,951 - BlankSpaceAnalyzer - INFO - -> Analyzing version 2.27.1 (156/287)...
2025-11-12 17:55:49,009 - BlankSpaceAnalyzer - INFO - -> Analyzing version 2.3.0 (157/287)...
2025-11-12 17:55:49,057 - BlankSpaceAnalyzer - INFO - -> Analyzing version 2.3.1 (158/287)...
2025-11-12 17:55:49,116 - BlankSpaceAnalyzer - INFO - -> Analyzing version 2.3.2 (159/287)...
2025-11-12 17:55:49,178 - BlankSpaceAnalyzer - INFO - -> Analyzing version 2.4.0 (160/287)...
2025-11-12 17:55:49,226 - BlankSpaceAnalyzer - INFO - -> Analyzing version 2.5.0 (161/287)...
2025-11-12 17:55:49,291 - BlankSpaceAnalyzer - INFO - -> Analyzing version 2.5.0-beta.0 (162/287)...
2025-11-12 17:55:49,337 - BlankSpaceAnalyzer - INFO - -> Analyzing version 2.5.0-beta.1 (163/287)...
2025-11-12 17:55:49,395 - BlankSpaceAnalyzer - INFO - -> Analyzing version 2.5.0-beta.2 (164/287)...
2025-11-12 17:55:49,446 - BlankSpaceAnalyzer - INFO - -> Analyzing version 2.5.0-beta.3 (165/287)...
2025-11-12 17:55:49,502 - BlankSpaceAnalyzer - INFO - -> Analyzing version 2.5.0-beta.4 (166/287)...
2025-11-12 17:55:49,565 - BlankSpaceAnalyzer - INFO - -> Analyzing version 2.5.0-beta.5 (167/287)...
2025-11-12 17:55:49,626 - BlankSpaceAnalyzer - INFO - -> Analyzing version 2.5.0-beta.6 (168/287)...
2025-11-12 17:55:49,686 - BlankSpaceAnalyzer - INFO - -> Analyzing version 2.5.0-pre.10 (169/287)...
2025-11-12 17:55:49,735 - BlankSpaceAnalyzer - INFO - -> Analyzing version 2.5.0-pre.11 (170/287)...
2025-11-12 17:55:49,792 - BlankSpaceAnalyzer - INFO - -> Analyzing version 2.5.0-pre.13 (171/287)...
2025-11-12 17:55:49,842 - BlankSpaceAnalyzer - INFO - -> Analyzing version 2.5.0-pre.14 (172/287)...
2025-11-12 17:55:49,896 - BlankSpaceAnalyzer - INFO - -> Analyzing version 2.5.0-pre.15 (173/287)...
2025-11-12 17:55:49,949 - BlankSpaceAnalyzer - INFO - -> Analyzing version 2.5.0-pre.16 (174/287)...
2025-11-12 17:55:50,003 - BlankSpaceAnalyzer - INFO - -> Analyzing version 2.5.0-pre.8 (175/287)...
2025-11-12 17:55:50,059 - BlankSpaceAnalyzer - INFO - -> Analyzing version 2.5.0-pre.9 (176/287)...
2025-11-12 17:55:50,108 - BlankSpaceAnalyzer - INFO - -> Analyzing version 2.5.1 (177/287)...
2025-11-12 17:55:50,168 - BlankSpaceAnalyzer - INFO - -> Analyzing version 2.5.2 (178/287)...
2025-11-12 17:55:50,230 - BlankSpaceAnalyzer - INFO - -> Analyzing version 2.5.3 (179/287)...
2025-11-12 17:55:50,288 - BlankSpaceAnalyzer - INFO - -> Analyzing version 2.5.4 (180/287)...
2025-11-12 17:55:50,338 - BlankSpaceAnalyzer - INFO - -> Analyzing version 2.5.5 (181/287)...
2025-11-12 17:55:50,406 - BlankSpaceAnalyzer - INFO - -> Analyzing version 2.5.6 (182/287)...
2025-11-12 17:55:50,457 - BlankSpaceAnalyzer - INFO - -> Analyzing version 2.5.7 (183/287)...
2025-11-12 17:55:50,512 - BlankSpaceAnalyzer - INFO - -> Analyzing version 2.5.8 (184/287)...
2025-11-12 17:55:50,568 - BlankSpaceAnalyzer - INFO - -> Analyzing version 2.5.9 (185/287)...
2025-11-12 17:55:50,617 - BlankSpaceAnalyzer - INFO - -> Analyzing version 2.6.0 (186/287)...
2025-11-12 17:55:50,677 - BlankSpaceAnalyzer - INFO - -> Analyzing version 2.6.1 (187/287)...
2025-11-12 17:55:50,727 - BlankSpaceAnalyzer - INFO - -> Analyzing version 2.6.2 (188/287)...
2025-11-12 17:55:50,785 - BlankSpaceAnalyzer - INFO - -> Analyzing version 2.6.3 (189/287)...
2025-11-12 17:55:50,838 - BlankSpaceAnalyzer - INFO - -> Analyzing version 2.6.4 (190/287)...
2025-11-12 17:55:50,892 - BlankSpaceAnalyzer - INFO - -> Analyzing version 2.6.5 (191/287)...
2025-11-12 17:55:50,950 - BlankSpaceAnalyzer - INFO - -> Analyzing version 2.6.6 (192/287)...
2025-11-12 17:55:51,004 - BlankSpaceAnalyzer - INFO - -> Analyzing version 2.7.0 (193/287)...
2025-11-12 17:55:51,066 - BlankSpaceAnalyzer - INFO - -> Analyzing version 2.7.0-pre.0 (194/287)...
2025-11-12 17:55:51,119 - BlankSpaceAnalyzer - INFO - -> Analyzing version 2.7.1 (195/287)...
2025-11-12 17:55:51,175 - BlankSpaceAnalyzer - INFO - -> Analyzing version 2.7.2 (196/287)...
2025-11-12 17:55:51,224 - BlankSpaceAnalyzer - INFO - -> Analyzing version 2.7.3 (197/287)...
2025-11-12 17:55:51,281 - BlankSpaceAnalyzer - INFO - -> Analyzing version 2.7.4 (198/287)...
2025-11-12 17:55:51,336 - BlankSpaceAnalyzer - INFO - -> Analyzing version 2.8.0 (199/287)...
2025-11-12 17:55:51,386 - BlankSpaceAnalyzer - INFO - -> Analyzing version 2.9.0 (200/287)...
2025-11-12 17:55:51,442 - BlankSpaceAnalyzer - INFO - -> Analyzing version 2.9.1 (201/287)...
2025-11-12 17:55:51,492 - BlankSpaceAnalyzer - INFO - -> Analyzing version 3.0.0 (202/287)...
2025-11-12 17:55:51,551 - BlankSpaceAnalyzer - INFO - -> Analyzing version 3.0.0-beta.0 (203/287)...
2025-11-12 17:55:51,551 - BlankSpaceAnalyzer - INFO - -> Analyzing version 3.0.0-beta.1 (204/287)...
2025-11-12 17:55:51,552 - BlankSpaceAnalyzer - INFO - -> Analyzing version 3.0.0-beta.10 (205/287)...
2025-11-12 17:55:51,552 - BlankSpaceAnalyzer - INFO - -> Analyzing version 3.0.0-beta.11 (206/287)...
2025-11-12 17:55:51,552 - BlankSpaceAnalyzer - INFO - -> Analyzing version 3.0.0-beta.12 (207/287)...
2025-11-12 17:55:51,553 - BlankSpaceAnalyzer - INFO - -> Analyzing version 3.0.0-beta.14 (208/287)...
2025-11-12 17:55:51,553 - BlankSpaceAnalyzer - INFO - -> Analyzing version 3.0.0-beta.15 (209/287)...
2025-11-12 17:55:51,553 - BlankSpaceAnalyzer - INFO - -> Analyzing version 3.0.0-beta.16 (210/287)...
2025-11-12 17:55:51,553 - BlankSpaceAnalyzer - INFO - -> Analyzing version 3.0.0-beta.17 (211/287)...
2025-11-12 17:55:51,554 - BlankSpaceAnalyzer - INFO - -> Analyzing version 3.0.0-beta.18 (212/287)...
2025-11-12 17:55:51,554 - BlankSpaceAnalyzer - INFO - -> Analyzing version 3.0.0-beta.19 (213/287)...
2025-11-12 17:55:51,554 - BlankSpaceAnalyzer - INFO - -> Analyzing version 3.0.0-beta.2 (214/287)...
2025-11-12 17:55:51,555 - BlankSpaceAnalyzer - INFO - -> Analyzing version 3.0.0-beta.21 (215/287)...
2025-11-12 17:55:51,555 - BlankSpaceAnalyzer - INFO - -> Analyzing version 3.0.0-beta.22 (216/287)...
2025-11-12 17:55:51,555 - BlankSpaceAnalyzer - INFO - -> Analyzing version 3.0.0-beta.23 (217/287)...
2025-11-12 17:55:51,555 - BlankSpaceAnalyzer - INFO - -> Analyzing version 3.0.0-beta.24 (218/287)...
2025-11-12 17:55:51,556 - BlankSpaceAnalyzer - INFO - -> Analyzing version 3.0.0-beta.25 (219/287)...
2025-11-12 17:55:51,556 - BlankSpaceAnalyzer - INFO - -> Analyzing version 3.0.0-beta.26 (220/287)...
2025-11-12 17:55:51,556 - BlankSpaceAnalyzer - INFO - -> Analyzing version 3.0.0-beta.27 (221/287)...
2025-11-12 17:55:51,556 - BlankSpaceAnalyzer - INFO - -> Analyzing version 3.0.0-beta.28 (222/287)...
2025-11-12 17:55:51,557 - BlankSpaceAnalyzer - INFO - -> Analyzing version 3.0.0-beta.29 (223/287)...
2025-11-12 17:55:51,557 - BlankSpaceAnalyzer - INFO - -> Analyzing version 3.0.0-beta.3 (224/287)...
2025-11-12 17:55:51,557 - BlankSpaceAnalyzer - INFO - -> Analyzing version 3.0.0-beta.30 (225/287)...
2025-11-12 17:55:51,558 - BlankSpaceAnalyzer - INFO - -> Analyzing version 3.0.0-beta.4 (226/287)...
2025-11-12 17:55:51,558 - BlankSpaceAnalyzer - INFO - -> Analyzing version 3.0.0-beta.5 (227/287)...
2025-11-12 17:55:51,558 - BlankSpaceAnalyzer - INFO - -> Analyzing version 3.0.0-beta.6 (228/287)...
2025-11-12 17:55:51,558 - BlankSpaceAnalyzer - INFO - -> Analyzing version 3.0.0-beta.7 (229/287)...
2025-11-12 17:55:51,559 - BlankSpaceAnalyzer - INFO - -> Analyzing version 3.0.0-beta.8 (230/287)...
2025-11-12 17:55:51,559 - BlankSpaceAnalyzer - INFO - -> Analyzing version 3.0.0-beta.9 (231/287)...
2025-11-12 17:55:51,559 - BlankSpaceAnalyzer - INFO - -> Analyzing version 3.0.0-next.0 (232/287)...
2025-11-12 17:55:51,613 - BlankSpaceAnalyzer - INFO - -> Analyzing version 3.0.0-next.1 (233/287)...
2025-11-12 17:55:51,614 - BlankSpaceAnalyzer - INFO - -> Analyzing version 3.0.0-next.2 (234/287)...
2025-11-12 17:55:51,614 - BlankSpaceAnalyzer - INFO - -> Analyzing version 3.0.0-next.3 (235/287)...
2025-11-12 17:55:51,615 - BlankSpaceAnalyzer - INFO - -> Analyzing version 3.0.0-next.4 (236/287)...
2025-11-12 17:55:51,615 - BlankSpaceAnalyzer - INFO - -> Analyzing version 3.0.0-next.5 (237/287)...
2025-11-12 17:55:51,615 - BlankSpaceAnalyzer - INFO - -> Analyzing version 3.0.0-next.6 (238/287)...
2025-11-12 17:55:51,616 - BlankSpaceAnalyzer - INFO - -> Analyzing version 3.0.0-next.7 (239/287)...
2025-11-12 17:55:51,616 - BlankSpaceAnalyzer - INFO - -> Analyzing version 3.0.0-next.8 (240/287)...
2025-11-12 17:55:51,616 - BlankSpaceAnalyzer - INFO - -> Analyzing version 3.0.1 (241/287)...
2025-11-12 17:55:51,616 - BlankSpaceAnalyzer - INFO - -> Analyzing version 3.0.2 (242/287)...
2025-11-12 17:55:51,617 - BlankSpaceAnalyzer - INFO - -> Analyzing version 3.0.2-beta.0 (243/287)...
2025-11-12 17:55:51,617 - BlankSpaceAnalyzer - INFO - -> Analyzing version 3.0.3 (244/287)...
2025-11-12 17:55:51,617 - BlankSpaceAnalyzer - INFO - -> Analyzing version 3.0.4 (245/287)...
2025-11-12 17:55:51,618 - BlankSpaceAnalyzer - INFO - -> Analyzing version 3.0.5 (246/287)...
2025-11-12 17:55:51,618 - BlankSpaceAnalyzer - INFO - -> Analyzing version 3.0.6 (247/287)...
2025-11-12 17:55:51,618 - BlankSpaceAnalyzer - INFO - -> Analyzing version 3.0.7 (248/287)...
2025-11-12 17:55:51,618 - BlankSpaceAnalyzer - INFO - -> Analyzing version 3.0.8 (249/287)...
2025-11-12 17:55:51,619 - BlankSpaceAnalyzer - INFO - -> Analyzing version 3.0.9 (250/287)...
2025-11-12 17:55:51,619 - BlankSpaceAnalyzer - INFO - -> Analyzing version 3.1.0 (251/287)...
2025-11-12 17:55:51,619 - BlankSpaceAnalyzer - INFO - -> Analyzing version 3.10.0 (252/287)...
2025-11-12 17:55:51,619 - BlankSpaceAnalyzer - INFO - -> Analyzing version 3.10.1 (253/287)...
2025-11-12 17:55:51,620 - BlankSpaceAnalyzer - INFO - -> Analyzing version 3.10.2 (254/287)...
2025-11-12 17:55:51,620 - BlankSpaceAnalyzer - INFO - -> Analyzing version 3.10.3 (255/287)...
2025-11-12 17:55:51,620 - BlankSpaceAnalyzer - INFO - -> Analyzing version 3.10.4 (256/287)...
2025-11-12 17:55:51,621 - BlankSpaceAnalyzer - INFO - -> Analyzing version 3.10.5 (257/287)...
2025-11-12 17:55:51,621 - BlankSpaceAnalyzer - INFO - -> Analyzing version 3.2.0 (258/287)...
2025-11-12 17:55:51,622 - BlankSpaceAnalyzer - INFO - -> Analyzing version 3.2.1 (259/287)...
2025-11-12 17:55:51,622 - BlankSpaceAnalyzer - INFO - -> Analyzing version 3.2.2 (260/287)...
2025-11-12 17:55:51,622 - BlankSpaceAnalyzer - INFO - -> Analyzing version 3.3.0 (261/287)...
2025-11-12 17:55:51,623 - BlankSpaceAnalyzer - INFO - -> Analyzing version 3.3.1 (262/287)...
2025-11-12 17:55:51,623 - BlankSpaceAnalyzer - INFO - -> Analyzing version 3.4.0 (263/287)...
2025-11-12 17:55:51,624 - BlankSpaceAnalyzer - INFO - -> Analyzing version 3.4.1 (264/287)...
2025-11-12 17:55:51,624 - BlankSpaceAnalyzer - INFO - -> Analyzing version 3.4.2 (265/287)...
2025-11-12 17:55:51,624 - BlankSpaceAnalyzer - INFO - -> Analyzing version 3.4.3 (266/287)...
2025-11-12 17:55:51,625 - BlankSpaceAnalyzer - INFO - -> Analyzing version 3.4.4 (267/287)...
2025-11-12 17:55:51,625 - BlankSpaceAnalyzer - INFO - -> Analyzing version 3.4.5 (268/287)...
2025-11-12 17:55:51,625 - BlankSpaceAnalyzer - INFO - -> Analyzing version 3.4.6 (269/287)...
2025-11-12 17:55:51,626 - BlankSpaceAnalyzer - INFO - -> Analyzing version 3.5.0 (270/287)...
2025-11-12 17:55:51,626 - BlankSpaceAnalyzer - INFO - -> Analyzing version 3.5.1 (271/287)...
2025-11-12 17:55:51,627 - BlankSpaceAnalyzer - INFO - -> Analyzing version 3.5.2 (272/287)...
2025-11-12 17:55:51,627 - BlankSpaceAnalyzer - INFO - -> Analyzing version 3.5.3 (273/287)...
2025-11-12 17:55:51,627 - BlankSpaceAnalyzer - INFO - -> Analyzing version 3.6.0 (274/287)...
2025-11-12 17:55:51,628 - BlankSpaceAnalyzer - INFO - -> Analyzing version 3.6.1 (275/287)...
2025-11-12 17:55:51,628 - BlankSpaceAnalyzer - INFO - -> Analyzing version 3.6.2 (276/287)...
2025-11-12 17:55:51,628 - BlankSpaceAnalyzer - INFO - -> Analyzing version 3.6.3 (277/287)...
2025-11-12 17:55:51,629 - BlankSpaceAnalyzer - INFO - -> Analyzing version 3.6.4 (278/287)...
2025-11-12 17:55:51,629 - BlankSpaceAnalyzer - INFO - -> Analyzing version 3.6.5 (279/287)...
2025-11-12 17:55:51,629 - BlankSpaceAnalyzer - INFO - -> Analyzing version 3.6.6 (280/287)...
2025-11-12 17:55:51,629 - BlankSpaceAnalyzer - INFO - -> Analyzing version 3.6.7 (281/287)...
2025-11-12 17:55:51,630 - BlankSpaceAnalyzer - INFO - -> Analyzing version 3.7.0 (282/287)...
2025-11-12 17:55:51,630 - BlankSpaceAnalyzer - INFO - -> Analyzing version 3.7.1 (283/287)...
2025-11-12 17:55:51,630 - BlankSpaceAnalyzer - INFO - -> Analyzing version 3.7.2 (284/287)...
2025-11-12 17:55:51,631 - BlankSpaceAnalyzer - INFO - -> Analyzing version 3.8.0 (285/287)...
2025-11-12 17:55:51,631 - BlankSpaceAnalyzer - INFO - -> Analyzing version 3.9.0 (286/287)...
2025-11-12 17:55:51,631 - BlankSpaceAnalyzer - INFO - -> Analyzing version 3.9.1 (287/287)...
2025-11-12 17:55:51,632 - BlankSpaceAnalyzer - INFO - Exporting results for '@tiptap/extension-text-align' to CSV...
2025-11-12 17:55:51,932 - BlankSpaceAnalyzer - INFO - Reports saved in: /app/npm_results/@tiptap_extension-text-align
2025-11-12 17:55:51,933 - NPM_Analyzer - INFO - Cleaning temporary folder 'temp/@tiptap_extension-text-align'...
2025-11-12 17:55:52,168 - NPM_Analyzer - INFO - Cleanup completed.
2025-11-13 04:32:57,058 - NPM_Analyzer - INFO - Fetching metadata for '@tiptap/extension-text-align'...
2025-11-13 04:32:57,207 - NPM_Analyzer - INFO - Found 289 versions. Starting download into 'temp/@tiptap_extension-text-align'...
2025-11-13 04:37:05,190 - BlankSpaceAnalyzer - INFO - Analyzing 289 versions for '*.js' in '@tiptap_extension-text-align'.
2025-11-13 04:37:05,190 - BlankSpaceAnalyzer - INFO - -> Analyzing version 1.0.0-alpha.1 (1/289)...
2025-11-13 04:37:05,244 - BlankSpaceAnalyzer - INFO - -> Analyzing version 1.0.0-alpha.2 (2/289)...
2025-11-13 04:37:05,278 - BlankSpaceAnalyzer - INFO - -> Analyzing version 2.0.0 (3/289)...
2025-11-13 04:37:05,312 - BlankSpaceAnalyzer - INFO - -> Analyzing version 2.0.0-alpha.1 (4/289)...
2025-11-13 04:37:05,347 - BlankSpaceAnalyzer - INFO - -> Analyzing version 2.0.0-alpha.10 (5/289)...
2025-11-13 04:37:05,384 - BlankSpaceAnalyzer - INFO - -> Analyzing version 2.0.0-alpha.11 (6/289)...
2025-11-13 04:37:05,420 - BlankSpaceAnalyzer - INFO - -> Analyzing version 2.0.0-alpha.12 (7/289)...
2025-11-13 04:37:05,457 - BlankSpaceAnalyzer - INFO - -> Analyzing version 2.0.0-alpha.2 (8/289)...
2025-11-13 04:37:05,493 - BlankSpaceAnalyzer - INFO - -> Analyzing version 2.0.0-alpha.3 (9/289)...
2025-11-13 04:37:05,530 - BlankSpaceAnalyzer - INFO - -> Analyzing version 2.0.0-alpha.4 (10/289)...
2025-11-13 04:37:05,567 - BlankSpaceAnalyzer - INFO - -> Analyzing version 2.0.0-alpha.5 (11/289)...
2025-11-13 04:37:05,602 - BlankSpaceAnalyzer - INFO - -> Analyzing version 2.0.0-alpha.6 (12/289)...
2025-11-13 04:37:05,640 - BlankSpaceAnalyzer - INFO - -> Analyzing version 2.0.0-alpha.7 (13/289)...
2025-11-13 04:37:05,676 - BlankSpaceAnalyzer - INFO - -> Analyzing version 2.0.0-alpha.8 (14/289)...
2025-11-13 04:37:05,713 - BlankSpaceAnalyzer - INFO - -> Analyzing version 2.0.0-alpha.9 (15/289)...
2025-11-13 04:37:05,750 - BlankSpaceAnalyzer - INFO - -> Analyzing version 2.0.0-beta.1 (16/289)...
2025-11-13 04:37:05,786 - BlankSpaceAnalyzer - INFO - -> Analyzing version 2.0.0-beta.10 (17/289)...
2025-11-13 04:37:05,825 - BlankSpaceAnalyzer - INFO - -> Analyzing version 2.0.0-beta.11 (18/289)...
2025-11-13 04:37:05,863 - BlankSpaceAnalyzer - INFO - -> Analyzing version 2.0.0-beta.12 (19/289)...
2025-11-13 04:37:05,899 - BlankSpaceAnalyzer - INFO - -> Analyzing version 2.0.0-beta.13 (20/289)...
2025-11-13 04:37:05,938 - BlankSpaceAnalyzer - INFO - -> Analyzing version 2.0.0-beta.14 (21/289)...
2025-11-13 04:37:05,974 - BlankSpaceAnalyzer - INFO - -> Analyzing version 2.0.0-beta.15 (22/289)...
2025-11-13 04:37:06,014 - BlankSpaceAnalyzer - INFO - -> Analyzing version 2.0.0-beta.16 (23/289)...
2025-11-13 04:37:06,050 - BlankSpaceAnalyzer - INFO - -> Analyzing version 2.0.0-beta.17 (24/289)...
2025-11-13 04:37:06,088 - BlankSpaceAnalyzer - INFO - -> Analyzing version 2.0.0-beta.18 (25/289)...
2025-11-13 04:37:06,125 - BlankSpaceAnalyzer - INFO - -> Analyzing version 2.0.0-beta.19 (26/289)...
2025-11-13 04:37:06,163 - BlankSpaceAnalyzer - INFO - -> Analyzing version 2.0.0-beta.194 (27/289)...
2025-11-13 04:37:06,202 - BlankSpaceAnalyzer - INFO - -> Analyzing version 2.0.0-beta.195 (28/289)...
2025-11-13 04:37:06,241 - BlankSpaceAnalyzer - INFO - -> Analyzing version 2.0.0-beta.196 (29/289)...
2025-11-13 04:37:06,277 - BlankSpaceAnalyzer - INFO - -> Analyzing version 2.0.0-beta.197 (30/289)...
2025-11-13 04:37:06,313 - BlankSpaceAnalyzer - INFO - -> Analyzing version 2.0.0-beta.198 (31/289)...
2025-11-13 04:37:06,350 - BlankSpaceAnalyzer - INFO - -> Analyzing version 2.0.0-beta.199 (32/289)...
2025-11-13 04:37:06,387 - BlankSpaceAnalyzer - INFO - -> Analyzing version 2.0.0-beta.2 (33/289)...
2025-11-13 04:37:06,428 - BlankSpaceAnalyzer - INFO - -> Analyzing version 2.0.0-beta.20 (34/289)...
2025-11-13 04:37:06,471 - BlankSpaceAnalyzer - INFO - -> Analyzing version 2.0.0-beta.200 (35/289)...
2025-11-13 04:37:06,507 - BlankSpaceAnalyzer - INFO - -> Analyzing version 2.0.0-beta.201 (36/289)...
2025-11-13 04:37:06,544 - BlankSpaceAnalyzer - INFO - -> Analyzing version 2.0.0-beta.202 (37/289)...
2025-11-13 04:37:06,580 - BlankSpaceAnalyzer - INFO - -> Analyzing version 2.0.0-beta.203 (38/289)...
2025-11-13 04:37:06,581 - BlankSpaceAnalyzer - INFO - -> Analyzing version 2.0.0-beta.204 (39/289)...
2025-11-13 04:37:06,622 - BlankSpaceAnalyzer - INFO - -> Analyzing version 2.0.0-beta.205 (40/289)...
2025-11-13 04:37:06,658 - BlankSpaceAnalyzer - INFO - -> Analyzing version 2.0.0-beta.206 (41/289)...
2025-11-13 04:37:06,695 - BlankSpaceAnalyzer - INFO - -> Analyzing version 2.0.0-beta.207 (42/289)...
2025-11-13 04:37:06,731 - BlankSpaceAnalyzer - INFO - -> Analyzing version 2.0.0-beta.208 (43/289)...
2025-11-13 04:37:06,768 - BlankSpaceAnalyzer - INFO - -> Analyzing version 2.0.0-beta.209 (44/289)...
2025-11-13 04:37:06,808 - BlankSpaceAnalyzer - INFO - -> Analyzing version 2.0.0-beta.21 (45/289)...
2025-11-13 04:37:06,845 - BlankSpaceAnalyzer - INFO - -> Analyzing version 2.0.0-beta.210 (46/289)...
2025-11-13 04:37:06,845 - BlankSpaceAnalyzer - INFO - -> Analyzing version 2.0.0-beta.211 (47/289)...
2025-11-13 04:37:06,846 - BlankSpaceAnalyzer - INFO - -> Analyzing version 2.0.0-beta.212 (48/289)...
2025-11-13 04:37:06,846 - BlankSpaceAnalyzer - INFO - -> Analyzing version 2.0.0-beta.213 (49/289)...
2025-11-13 04:37:06,846 - BlankSpaceAnalyzer - INFO - -> Analyzing version 2.0.0-beta.214 (50/289)...
2025-11-13 04:37:06,883 - BlankSpaceAnalyzer - INFO - -> Analyzing version 2.0.0-beta.215 (51/289)...
2025-11-13 04:37:06,921 - BlankSpaceAnalyzer - INFO - -> Analyzing version 2.0.0-beta.216 (52/289)...
2025-11-13 04:37:06,957 - BlankSpaceAnalyzer - INFO - -> Analyzing version 2.0.0-beta.217 (53/289)...
2025-11-13 04:37:06,998 - BlankSpaceAnalyzer - INFO - -> Analyzing version 2.0.0-beta.218 (54/289)...
2025-11-13 04:37:07,035 - BlankSpaceAnalyzer - INFO - -> Analyzing version 2.0.0-beta.219 (55/289)...
2025-11-13 04:37:07,072 - BlankSpaceAnalyzer - INFO - -> Analyzing version 2.0.0-beta.22 (56/289)...
2025-11-13 04:37:07,109 - BlankSpaceAnalyzer - INFO - -> Analyzing version 2.0.0-beta.220 (57/289)...
2025-11-13 04:37:07,145 - BlankSpaceAnalyzer - INFO - -> Analyzing version 2.0.0-beta.23 (58/289)...
2025-11-13 04:37:07,190 - BlankSpaceAnalyzer - INFO - -> Analyzing version 2.0.0-beta.24 (59/289)...
2025-11-13 04:37:07,229 - BlankSpaceAnalyzer - INFO - -> Analyzing version 2.0.0-beta.25 (60/289)...
2025-11-13 04:37:07,269 - BlankSpaceAnalyzer - INFO - -> Analyzing version 2.0.0-beta.27 (61/289)...
2025-11-13 04:37:07,269 - BlankSpaceAnalyzer - INFO - -> Analyzing version 2.0.0-beta.28 (62/289)...
2025-11-13 04:37:07,308 - BlankSpaceAnalyzer - INFO - -> Analyzing version 2.0.0-beta.29 (63/289)...
2025-11-13 04:37:07,347 - BlankSpaceAnalyzer - INFO - -> Analyzing version 2.0.0-beta.3 (64/289)...
2025-11-13 04:37:07,386 - BlankSpaceAnalyzer - INFO - -> Analyzing version 2.0.0-beta.31 (65/289)...
2025-11-13 04:37:07,426 - BlankSpaceAnalyzer - INFO - -> Analyzing version 2.0.0-beta.4 (66/289)...
2025-11-13 04:37:07,466 - BlankSpaceAnalyzer - INFO - -> Analyzing version 2.0.0-beta.5 (67/289)...
2025-11-13 04:37:07,506 - BlankSpaceAnalyzer - INFO - -> Analyzing version 2.0.0-beta.6 (68/289)...
2025-11-13 04:37:07,545 - BlankSpaceAnalyzer - INFO - -> Analyzing version 2.0.0-beta.7 (69/289)...
2025-11-13 04:37:07,583 - BlankSpaceAnalyzer - INFO - -> Analyzing version 2.0.0-beta.8 (70/289)...
2025-11-13 04:37:07,623 - BlankSpaceAnalyzer - INFO - -> Analyzing version 2.0.0-beta.9 (71/289)...
2025-11-13 04:37:07,664 - BlankSpaceAnalyzer - INFO - -> Analyzing version 2.0.0-rc.1 (72/289)...
2025-11-13 04:37:07,705 - BlankSpaceAnalyzer - INFO - -> Analyzing version 2.0.0-rc.2 (73/289)...
2025-11-13 04:37:07,747 - BlankSpaceAnalyzer - INFO - -> Analyzing version 2.0.0-rc.3 (74/289)...
2025-11-13 04:37:07,789 - BlankSpaceAnalyzer - INFO - -> Analyzing version 2.0.1 (75/289)...
2025-11-13 04:37:07,830 - BlankSpaceAnalyzer - INFO - -> Analyzing version 2.0.2 (76/289)...
2025-11-13 04:37:07,871 - BlankSpaceAnalyzer - INFO - -> Analyzing version 2.0.3 (77/289)...
2025-11-13 04:37:07,911 - BlankSpaceAnalyzer - INFO - -> Analyzing version 2.0.4 (78/289)...
2025-11-13 04:37:07,952 - BlankSpaceAnalyzer - INFO - -> Analyzing version 2.1.0 (79/289)...
2025-11-13 04:37:07,995 - BlankSpaceAnalyzer - INFO - -> Analyzing version 2.1.0-rc.0 (80/289)...
2025-11-13 04:37:08,038 - BlankSpaceAnalyzer - INFO - -> Analyzing version 2.1.0-rc.1 (81/289)...
2025-11-13 04:37:08,080 - BlankSpaceAnalyzer - INFO - -> Analyzing version 2.1.0-rc.10 (82/289)...
2025-11-13 04:37:08,121 - BlankSpaceAnalyzer - INFO - -> Analyzing version 2.1.0-rc.11 (83/289)...
2025-11-13 04:37:08,163 - BlankSpaceAnalyzer - INFO - -> Analyzing version 2.1.0-rc.12 (84/289)...
2025-11-13 04:37:08,206 - BlankSpaceAnalyzer - INFO - -> Analyzing version 2.1.0-rc.13 (85/289)...
2025-11-13 04:37:08,248 - BlankSpaceAnalyzer - INFO - -> Analyzing version 2.1.0-rc.14 (86/289)...
2025-11-13 04:37:08,290 - BlankSpaceAnalyzer - INFO - -> Analyzing version 2.1.0-rc.2 (87/289)...
2025-11-13 04:37:08,334 - BlankSpaceAnalyzer - INFO - -> Analyzing version 2.1.0-rc.3 (88/289)...
2025-11-13 04:37:08,377 - BlankSpaceAnalyzer - INFO - -> Analyzing version 2.1.0-rc.4 (89/289)...
2025-11-13 04:37:08,419 - BlankSpaceAnalyzer - INFO - -> Analyzing version 2.1.0-rc.5 (90/289)...
2025-11-13 04:37:08,461 - BlankSpaceAnalyzer - INFO - -> Analyzing version 2.1.0-rc.8 (91/289)...
2025-11-13 04:37:08,504 - BlankSpaceAnalyzer - INFO - -> Analyzing version 2.1.0-rc.9 (92/289)...
2025-11-13 04:37:08,546 - BlankSpaceAnalyzer - INFO - -> Analyzing version 2.1.1 (93/289)...
2025-11-13 04:37:08,584 - BlankSpaceAnalyzer - INFO - -> Analyzing version 2.1.10 (94/289)...
2025-11-13 04:37:08,620 - BlankSpaceAnalyzer - INFO - -> Analyzing version 2.1.11 (95/289)...
2025-11-13 04:37:08,658 - BlankSpaceAnalyzer - INFO - -> Analyzing version 2.1.12 (96/289)...
2025-11-13 04:37:08,695 - BlankSpaceAnalyzer - INFO - -> Analyzing version 2.1.13 (97/289)...
2025-11-13 04:37:08,732 - BlankSpaceAnalyzer - INFO - -> Analyzing version 2.1.14 (98/289)...
2025-11-13 04:37:08,769 - BlankSpaceAnalyzer - INFO - -> Analyzing version 2.1.15 (99/289)...
2025-11-13 04:37:08,805 - BlankSpaceAnalyzer - INFO - -> Analyzing version 2.1.16 (100/289)...
2025-11-13 04:37:08,842 - BlankSpaceAnalyzer - INFO - -> Analyzing version 2.1.2 (101/289)...
2025-11-13 04:37:08,878 - BlankSpaceAnalyzer - INFO - -> Analyzing version 2.1.3 (102/289)...
2025-11-13 04:37:08,915 - BlankSpaceAnalyzer - INFO - -> Analyzing version 2.1.4 (103/289)...
2025-11-13 04:37:08,951 - BlankSpaceAnalyzer - INFO - -> Analyzing version 2.1.6 (104/289)...
2025-11-13 04:37:08,988 - BlankSpaceAnalyzer - INFO - -> Analyzing version 2.1.7 (105/289)...
2025-11-13 04:37:09,024 - BlankSpaceAnalyzer - INFO - -> Analyzing version 2.1.8 (106/289)...
2025-11-13 04:37:09,061 - BlankSpaceAnalyzer - INFO - -> Analyzing version 2.1.9 (107/289)...
2025-11-13 04:37:09,098 - BlankSpaceAnalyzer - INFO - -> Analyzing version 2.10.0 (108/289)...
2025-11-13 04:37:09,137 - BlankSpaceAnalyzer - INFO - -> Analyzing version 2.10.1 (109/289)...
2025-11-13 04:37:09,173 - BlankSpaceAnalyzer - INFO - -> Analyzing version 2.10.2 (110/289)...
2025-11-13 04:37:09,209 - BlankSpaceAnalyzer - INFO - -> Analyzing version 2.10.3 (111/289)...
2025-11-13 04:37:09,245 - BlankSpaceAnalyzer - INFO - -> Analyzing version 2.10.4 (112/289)...
2025-11-13 04:37:09,281 - BlankSpaceAnalyzer - INFO - -> Analyzing version 2.11.0 (113/289)...
2025-11-13 04:37:09,318 - BlankSpaceAnalyzer - INFO - -> Analyzing version 2.11.1 (114/289)...
2025-11-13 04:37:09,354 - BlankSpaceAnalyzer - INFO - -> Analyzing version 2.11.2 (115/289)...
2025-11-13 04:37:09,391 - BlankSpaceAnalyzer - INFO - -> Analyzing version 2.11.3 (116/289)...
2025-11-13 04:37:09,427 - BlankSpaceAnalyzer - INFO - -> Analyzing version 2.11.4 (117/289)...
2025-11-13 04:37:09,463 - BlankSpaceAnalyzer - INFO - -> Analyzing version 2.11.5 (118/289)...
2025-11-13 04:37:09,500 - BlankSpaceAnalyzer - INFO - -> Analyzing version 2.11.6 (119/289)...
2025-11-13 04:37:09,537 - BlankSpaceAnalyzer - INFO - -> Analyzing version 2.11.7 (120/289)...
2025-11-13 04:37:09,573 - BlankSpaceAnalyzer - INFO - -> Analyzing version 2.11.9 (121/289)...
2025-11-13 04:37:09,610 - BlankSpaceAnalyzer - INFO - -> Analyzing version 2.12.0 (122/289)...
2025-11-13 04:37:09,648 - BlankSpaceAnalyzer - INFO - -> Analyzing version 2.13.0 (123/289)...
2025-11-13 04:37:09,687 - BlankSpaceAnalyzer - INFO - -> Analyzing version 2.14.0 (124/289)...
2025-11-13 04:37:09,723 - BlankSpaceAnalyzer - INFO - -> Analyzing version 2.14.1 (125/289)...
2025-11-13 04:37:09,759 - BlankSpaceAnalyzer - INFO - -> Analyzing version 2.2.0 (126/289)...
2025-11-13 04:37:09,796 - BlankSpaceAnalyzer - INFO - -> Analyzing version 2.2.0-rc.3 (127/289)...
2025-11-13 04:37:09,832 - BlankSpaceAnalyzer - INFO - -> Analyzing version 2.2.0-rc.4 (128/289)...
2025-11-13 04:37:09,871 - BlankSpaceAnalyzer - INFO - -> Analyzing version 2.2.0-rc.5 (129/289)...
2025-11-13 04:37:09,908 - BlankSpaceAnalyzer - INFO - -> Analyzing version 2.2.0-rc.6 (130/289)...
2025-11-13 04:37:09,944 - BlankSpaceAnalyzer - INFO - -> Analyzing version 2.2.0-rc.7 (131/289)...
2025-11-13 04:37:09,981 - BlankSpaceAnalyzer - INFO - -> Analyzing version 2.2.0-rc.8 (132/289)...
2025-11-13 04:37:10,017 - BlankSpaceAnalyzer - INFO - -> Analyzing version 2.2.1 (133/289)...
2025-11-13 04:37:10,053 - BlankSpaceAnalyzer - INFO - -> Analyzing version 2.2.2 (134/289)...
2025-11-13 04:37:10,089 - BlankSpaceAnalyzer - INFO - -> Analyzing version 2.2.3 (135/289)...
2025-11-13 04:37:10,126 - BlankSpaceAnalyzer - INFO - -> Analyzing version 2.2.4 (136/289)...
2025-11-13 04:37:10,163 - BlankSpaceAnalyzer - INFO - -> Analyzing version 2.2.5 (137/289)...
2025-11-13 04:37:10,201 - BlankSpaceAnalyzer - INFO - -> Analyzing version 2.2.6 (138/289)...
2025-11-13 04:37:10,238 - BlankSpaceAnalyzer - INFO - -> Analyzing version 2.22.0 (139/289)...
2025-11-13 04:37:10,274 - BlankSpaceAnalyzer - INFO - -> Analyzing version 2.22.1 (140/289)...
2025-11-13 04:37:10,310 - BlankSpaceAnalyzer - INFO - -> Analyzing version 2.22.2 (141/289)...
2025-11-13 04:37:10,348 - BlankSpaceAnalyzer - INFO - -> Analyzing version 2.22.3 (142/289)...
2025-11-13 04:37:10,386 - BlankSpaceAnalyzer - INFO - -> Analyzing version 2.23.0 (143/289)...
2025-11-13 04:37:10,422 - BlankSpaceAnalyzer - INFO - -> Analyzing version 2.23.1 (144/289)...
2025-11-13 04:37:10,461 - BlankSpaceAnalyzer - INFO - -> Analyzing version 2.24.0 (145/289)...
2025-11-13 04:37:10,496 - BlankSpaceAnalyzer - INFO - -> Analyzing version 2.24.1 (146/289)...
2025-11-13 04:37:10,532 - BlankSpaceAnalyzer - INFO - -> Analyzing version 2.24.2 (147/289)...
2025-11-13 04:37:10,570 - BlankSpaceAnalyzer - INFO - -> Analyzing version 2.25.0 (148/289)...
2025-11-13 04:37:10,607 - BlankSpaceAnalyzer - INFO - -> Analyzing version 2.25.1 (149/289)...
2025-11-13 04:37:10,644 - BlankSpaceAnalyzer - INFO - -> Analyzing version 2.26.0 (150/289)...
2025-11-13 04:37:10,682 - BlankSpaceAnalyzer - INFO - -> Analyzing version 2.26.1 (151/289)...
2025-11-13 04:37:10,719 - BlankSpaceAnalyzer - INFO - -> Analyzing version 2.26.2 (152/289)...
2025-11-13 04:37:10,756 - BlankSpaceAnalyzer - INFO - -> Analyzing version 2.26.3 (153/289)...
2025-11-13 04:37:10,792 - BlankSpaceAnalyzer - INFO - -> Analyzing version 2.26.4 (154/289)...
2025-11-13 04:37:10,829 - BlankSpaceAnalyzer - INFO - -> Analyzing version 2.27.0 (155/289)...
2025-11-13 04:37:10,865 - BlankSpaceAnalyzer - INFO - -> Analyzing version 2.27.1 (156/289)...
2025-11-13 04:37:10,901 - BlankSpaceAnalyzer - INFO - -> Analyzing version 2.3.0 (157/289)...
2025-11-13 04:37:10,937 - BlankSpaceAnalyzer - INFO - -> Analyzing version 2.3.1 (158/289)...
2025-11-13 04:37:10,976 - BlankSpaceAnalyzer - INFO - -> Analyzing version 2.3.2 (159/289)...
2025-11-13 04:37:11,016 - BlankSpaceAnalyzer - INFO - -> Analyzing version 2.4.0 (160/289)...
2025-11-13 04:37:11,053 - BlankSpaceAnalyzer - INFO - -> Analyzing version 2.5.0 (161/289)...
2025-11-13 04:37:11,089 - BlankSpaceAnalyzer - INFO - -> Analyzing version 2.5.0-beta.0 (162/289)...
2025-11-13 04:37:11,125 - BlankSpaceAnalyzer - INFO - -> Analyzing version 2.5.0-beta.1 (163/289)...
2025-11-13 04:37:11,162 - BlankSpaceAnalyzer - INFO - -> Analyzing version 2.5.0-beta.2 (164/289)...
2025-11-13 04:37:11,204 - BlankSpaceAnalyzer - INFO - -> Analyzing version 2.5.0-beta.3 (165/289)...
2025-11-13 04:37:11,242 - BlankSpaceAnalyzer - INFO - -> Analyzing version 2.5.0-beta.4 (166/289)...
2025-11-13 04:37:11,279 - BlankSpaceAnalyzer - INFO - -> Analyzing version 2.5.0-beta.5 (167/289)...
2025-11-13 04:37:11,316 - BlankSpaceAnalyzer - INFO - -> Analyzing version 2.5.0-beta.6 (168/289)...
2025-11-13 04:37:11,353 - BlankSpaceAnalyzer - INFO - -> Analyzing version 2.5.0-pre.10 (169/289)...
2025-11-13 04:37:11,391 - BlankSpaceAnalyzer - INFO - -> Analyzing version 2.5.0-pre.11 (170/289)...
2025-11-13 04:37:11,432 - BlankSpaceAnalyzer - INFO - -> Analyzing version 2.5.0-pre.13 (171/289)...
2025-11-13 04:37:11,469 - BlankSpaceAnalyzer - INFO - -> Analyzing version 2.5.0-pre.14 (172/289)...
2025-11-13 04:37:11,506 - BlankSpaceAnalyzer - INFO - -> Analyzing version 2.5.0-pre.15 (173/289)...
2025-11-13 04:37:11,543 - BlankSpaceAnalyzer - INFO - -> Analyzing version 2.5.0-pre.16 (174/289)...
2025-11-13 04:37:11,581 - BlankSpaceAnalyzer - INFO - -> Analyzing version 2.5.0-pre.8 (175/289)...
2025-11-13 04:37:11,622 - BlankSpaceAnalyzer - INFO - -> Analyzing version 2.5.0-pre.9 (176/289)...
2025-11-13 04:37:11,661 - BlankSpaceAnalyzer - INFO - -> Analyzing version 2.5.1 (177/289)...
2025-11-13 04:37:11,698 - BlankSpaceAnalyzer - INFO - -> Analyzing version 2.5.2 (178/289)...
2025-11-13 04:37:11,734 - BlankSpaceAnalyzer - INFO - -> Analyzing version 2.5.3 (179/289)...
2025-11-13 04:37:11,771 - BlankSpaceAnalyzer - INFO - -> Analyzing version 2.5.4 (180/289)...
2025-11-13 04:37:11,811 - BlankSpaceAnalyzer - INFO - -> Analyzing version 2.5.5 (181/289)...
2025-11-13 04:37:11,856 - BlankSpaceAnalyzer - INFO - -> Analyzing version 2.5.6 (182/289)...
2025-11-13 04:37:11,892 - BlankSpaceAnalyzer - INFO - -> Analyzing version 2.5.7 (183/289)...
2025-11-13 04:37:11,929 - BlankSpaceAnalyzer - INFO - -> Analyzing version 2.5.8 (184/289)...
2025-11-13 04:37:11,966 - BlankSpaceAnalyzer - INFO - -> Analyzing version 2.5.9 (185/289)...
2025-11-13 04:37:12,003 - BlankSpaceAnalyzer - INFO - -> Analyzing version 2.6.0 (186/289)...
2025-11-13 04:37:12,043 - BlankSpaceAnalyzer - INFO - -> Analyzing version 2.6.1 (187/289)...
2025-11-13 04:37:12,099 - BlankSpaceAnalyzer - INFO - -> Analyzing version 2.6.2 (188/289)...
2025-11-13 04:37:12,139 - BlankSpaceAnalyzer - INFO - -> Analyzing version 2.6.3 (189/289)...
2025-11-13 04:37:12,180 - BlankSpaceAnalyzer - INFO - -> Analyzing version 2.6.4 (190/289)...
2025-11-13 04:37:12,219 - BlankSpaceAnalyzer - INFO - -> Analyzing version 2.6.5 (191/289)...
2025-11-13 04:37:12,258 - BlankSpaceAnalyzer - INFO - -> Analyzing version 2.6.6 (192/289)...
2025-11-13 04:37:12,299 - BlankSpaceAnalyzer - INFO - -> Analyzing version 2.7.0 (193/289)...
2025-11-13 04:37:12,351 - BlankSpaceAnalyzer - INFO - -> Analyzing version 2.7.0-pre.0 (194/289)...
2025-11-13 04:37:12,389 - BlankSpaceAnalyzer - INFO - -> Analyzing version 2.7.1 (195/289)...
2025-11-13 04:37:12,428 - BlankSpaceAnalyzer - INFO - -> Analyzing version 2.7.2 (196/289)...
2025-11-13 04:37:12,468 - BlankSpaceAnalyzer - INFO - -> Analyzing version 2.7.3 (197/289)...
2025-11-13 04:37:12,509 - BlankSpaceAnalyzer - INFO - -> Analyzing version 2.7.4 (198/289)...
2025-11-13 04:37:12,550 - BlankSpaceAnalyzer - INFO - -> Analyzing version 2.8.0 (199/289)...
2025-11-13 04:37:12,590 - BlankSpaceAnalyzer - INFO - -> Analyzing version 2.9.0 (200/289)...
2025-11-13 04:37:12,631 - BlankSpaceAnalyzer - INFO - -> Analyzing version 2.9.1 (201/289)...
2025-11-13 04:37:12,673 - BlankSpaceAnalyzer - INFO - -> Analyzing version 3.0.0 (202/289)...
2025-11-13 04:37:12,715 - BlankSpaceAnalyzer - INFO - -> Analyzing version 3.0.0-beta.0 (203/289)...
2025-11-13 04:37:12,716 - BlankSpaceAnalyzer - INFO - -> Analyzing version 3.0.0-beta.1 (204/289)...
2025-11-13 04:37:12,716 - BlankSpaceAnalyzer - INFO - -> Analyzing version 3.0.0-beta.10 (205/289)...
2025-11-13 04:37:12,716 - BlankSpaceAnalyzer - INFO - -> Analyzing version 3.0.0-beta.11 (206/289)...
2025-11-13 04:37:12,717 - BlankSpaceAnalyzer - INFO - -> Analyzing version 3.0.0-beta.12 (207/289)...
2025-11-13 04:37:12,717 - BlankSpaceAnalyzer - INFO - -> Analyzing version 3.0.0-beta.14 (208/289)...
2025-11-13 04:37:12,717 - BlankSpaceAnalyzer - INFO - -> Analyzing version 3.0.0-beta.15 (209/289)...
2025-11-13 04:37:12,718 - BlankSpaceAnalyzer - INFO - -> Analyzing version 3.0.0-beta.16 (210/289)...
2025-11-13 04:37:12,718 - BlankSpaceAnalyzer - INFO - -> Analyzing version 3.0.0-beta.17 (211/289)...
2025-11-13 04:37:12,718 - BlankSpaceAnalyzer - INFO - -> Analyzing version 3.0.0-beta.18 (212/289)...
2025-11-13 04:37:12,718 - BlankSpaceAnalyzer - INFO - -> Analyzing version 3.0.0-beta.19 (213/289)...
2025-11-13 04:37:12,719 - BlankSpaceAnalyzer - INFO - -> Analyzing version 3.0.0-beta.2 (214/289)...
2025-11-13 04:37:12,719 - BlankSpaceAnalyzer - INFO - -> Analyzing version 3.0.0-beta.21 (215/289)...
2025-11-13 04:37:12,719 - BlankSpaceAnalyzer - INFO - -> Analyzing version 3.0.0-beta.22 (216/289)...
2025-11-13 04:37:12,719 - BlankSpaceAnalyzer - INFO - -> Analyzing version 3.0.0-beta.23 (217/289)...
2025-11-13 04:37:12,720 - BlankSpaceAnalyzer - INFO - -> Analyzing version 3.0.0-beta.24 (218/289)...
2025-11-13 04:37:12,720 - BlankSpaceAnalyzer - INFO - -> Analyzing version 3.0.0-beta.25 (219/289)...
2025-11-13 04:37:12,720 - BlankSpaceAnalyzer - INFO - -> Analyzing version 3.0.0-beta.26 (220/289)...
2025-11-13 04:37:12,721 - BlankSpaceAnalyzer - INFO - -> Analyzing version 3.0.0-beta.27 (221/289)...
2025-11-13 04:37:12,721 - BlankSpaceAnalyzer - INFO - -> Analyzing version 3.0.0-beta.28 (222/289)...
2025-11-13 04:37:12,721 - BlankSpaceAnalyzer - INFO - -> Analyzing version 3.0.0-beta.29 (223/289)...
2025-11-13 04:37:12,721 - BlankSpaceAnalyzer - INFO - -> Analyzing version 3.0.0-beta.3 (224/289)...
2025-11-13 04:37:12,722 - BlankSpaceAnalyzer - INFO - -> Analyzing version 3.0.0-beta.30 (225/289)...
2025-11-13 04:37:12,722 - BlankSpaceAnalyzer - INFO - -> Analyzing version 3.0.0-beta.4 (226/289)...
2025-11-13 04:37:12,722 - BlankSpaceAnalyzer - INFO - -> Analyzing version 3.0.0-beta.5 (227/289)...
2025-11-13 04:37:12,722 - BlankSpaceAnalyzer - INFO - -> Analyzing version 3.0.0-beta.6 (228/289)...
2025-11-13 04:37:12,723 - BlankSpaceAnalyzer - INFO - -> Analyzing version 3.0.0-beta.7 (229/289)...
2025-11-13 04:37:12,723 - BlankSpaceAnalyzer - INFO - -> Analyzing version 3.0.0-beta.8 (230/289)...
2025-11-13 04:37:12,723 - BlankSpaceAnalyzer - INFO - -> Analyzing version 3.0.0-beta.9 (231/289)...
2025-11-13 04:37:12,724 - BlankSpaceAnalyzer - INFO - -> Analyzing version 3.0.0-next.0 (232/289)...
2025-11-13 04:37:12,765 - BlankSpaceAnalyzer - INFO - -> Analyzing version 3.0.0-next.1 (233/289)...
2025-11-13 04:37:12,766 - BlankSpaceAnalyzer - INFO - -> Analyzing version 3.0.0-next.2 (234/289)...
2025-11-13 04:37:12,766 - BlankSpaceAnalyzer - INFO - -> Analyzing version 3.0.0-next.3 (235/289)...
2025-11-13 04:37:12,766 - BlankSpaceAnalyzer - INFO - -> Analyzing version 3.0.0-next.4 (236/289)...
2025-11-13 04:37:12,767 - BlankSpaceAnalyzer - INFO - -> Analyzing version 3.0.0-next.5 (237/289)...
2025-11-13 04:37:12,767 - BlankSpaceAnalyzer - INFO - -> Analyzing version 3.0.0-next.6 (238/289)...
2025-11-13 04:37:12,768 - BlankSpaceAnalyzer - INFO - -> Analyzing version 3.0.0-next.7 (239/289)...
2025-11-13 04:37:12,768 - BlankSpaceAnalyzer - INFO - -> Analyzing version 3.0.0-next.8 (240/289)...
2025-11-13 04:37:12,769 - BlankSpaceAnalyzer - INFO - -> Analyzing version 3.0.1 (241/289)...
2025-11-13 04:37:12,769 - BlankSpaceAnalyzer - INFO - -> Analyzing version 3.0.2 (242/289)...
2025-11-13 04:37:12,770 - BlankSpaceAnalyzer - INFO - -> Analyzing version 3.0.2-beta.0 (243/289)...
2025-11-13 04:37:12,770 - BlankSpaceAnalyzer - INFO - -> Analyzing version 3.0.3 (244/289)...
2025-11-13 04:37:12,770 - BlankSpaceAnalyzer - INFO - -> Analyzing version 3.0.4 (245/289)...
2025-11-13 04:37:12,771 - BlankSpaceAnalyzer - INFO - -> Analyzing version 3.0.5 (246/289)...
2025-11-13 04:37:12,771 - BlankSpaceAnalyzer - INFO - -> Analyzing version 3.0.6 (247/289)...
2025-11-13 04:37:12,772 - BlankSpaceAnalyzer - INFO - -> Analyzing version 3.0.7 (248/289)...
2025-11-13 04:37:12,772 - BlankSpaceAnalyzer - INFO - -> Analyzing version 3.0.8 (249/289)...
2025-11-13 04:37:12,773 - BlankSpaceAnalyzer - INFO - -> Analyzing version 3.0.9 (250/289)...
2025-11-13 04:37:12,773 - BlankSpaceAnalyzer - INFO - -> Analyzing version 3.1.0 (251/289)...
2025-11-13 04:37:12,773 - BlankSpaceAnalyzer - INFO - -> Analyzing version 3.10.0 (252/289)...
2025-11-13 04:37:12,774 - BlankSpaceAnalyzer - INFO - -> Analyzing version 3.10.1 (253/289)...
2025-11-13 04:37:12,774 - BlankSpaceAnalyzer - INFO - -> Analyzing version 3.10.2 (254/289)...
2025-11-13 04:37:12,775 - BlankSpaceAnalyzer - INFO - -> Analyzing version 3.10.3 (255/289)...
2025-11-13 04:37:12,775 - BlankSpaceAnalyzer - INFO - -> Analyzing version 3.10.4 (256/289)...
2025-11-13 04:37:12,776 - BlankSpaceAnalyzer - INFO - -> Analyzing version 3.10.5 (257/289)...
2025-11-13 04:37:12,776 - BlankSpaceAnalyzer - INFO - -> Analyzing version 3.10.6 (258/289)...
2025-11-13 04:37:12,776 - BlankSpaceAnalyzer - INFO - -> Analyzing version 3.10.7 (259/289)...
2025-11-13 04:37:12,777 - BlankSpaceAnalyzer - INFO - -> Analyzing version 3.2.0 (260/289)...
2025-11-13 04:37:12,777 - BlankSpaceAnalyzer - INFO - -> Analyzing version 3.2.1 (261/289)...
2025-11-13 04:37:12,778 - BlankSpaceAnalyzer - INFO - -> Analyzing version 3.2.2 (262/289)...
2025-11-13 04:37:12,778 - BlankSpaceAnalyzer - INFO - -> Analyzing version 3.3.0 (263/289)...
2025-11-13 04:37:12,779 - BlankSpaceAnalyzer - INFO - -> Analyzing version 3.3.1 (264/289)...
2025-11-13 04:37:12,779 - BlankSpaceAnalyzer - INFO - -> Analyzing version 3.4.0 (265/289)...
2025-11-13 04:37:12,780 - BlankSpaceAnalyzer - INFO - -> Analyzing version 3.4.1 (266/289)...
2025-11-13 04:37:12,780 - BlankSpaceAnalyzer - INFO - -> Analyzing version 3.4.2 (267/289)...
2025-11-13 04:37:12,780 - BlankSpaceAnalyzer - INFO - -> Analyzing version 3.4.3 (268/289)...
2025-11-13 04:37:12,781 - BlankSpaceAnalyzer - INFO - -> Analyzing version 3.4.4 (269/289)...
2025-11-13 04:37:12,781 - BlankSpaceAnalyzer - INFO - -> Analyzing version 3.4.5 (270/289)...
2025-11-13 04:37:12,782 - BlankSpaceAnalyzer - INFO - -> Analyzing version 3.4.6 (271/289)...
2025-11-13 04:37:12,782 - BlankSpaceAnalyzer - INFO - -> Analyzing version 3.5.0 (272/289)...
2025-11-13 04:37:12,783 - BlankSpaceAnalyzer - INFO - -> Analyzing version 3.5.1 (273/289)...
2025-11-13 04:37:12,783 - BlankSpaceAnalyzer - INFO - -> Analyzing version 3.5.2 (274/289)...
2025-11-13 04:37:12,783 - BlankSpaceAnalyzer - INFO - -> Analyzing version 3.5.3 (275/289)...
2025-11-13 04:37:12,784 - BlankSpaceAnalyzer - INFO - -> Analyzing version 3.6.0 (276/289)...
2025-11-13 04:37:12,785 - BlankSpaceAnalyzer - INFO - -> Analyzing version 3.6.1 (277/289)...
2025-11-13 04:37:12,785 - BlankSpaceAnalyzer - INFO - -> Analyzing version 3.6.2 (278/289)...
2025-11-13 04:37:12,785 - BlankSpaceAnalyzer - INFO - -> Analyzing version 3.6.3 (279/289)...
2025-11-13 04:37:12,786 - BlankSpaceAnalyzer - INFO - -> Analyzing version 3.6.4 (280/289)...
2025-11-13 04:37:12,786 - BlankSpaceAnalyzer - INFO - -> Analyzing version 3.6.5 (281/289)...
2025-11-13 04:37:12,787 - BlankSpaceAnalyzer - INFO - -> Analyzing version 3.6.6 (282/289)...
2025-11-13 04:37:12,787 - BlankSpaceAnalyzer - INFO - -> Analyzing version 3.6.7 (283/289)...
2025-11-13 04:37:12,788 - BlankSpaceAnalyzer - INFO - -> Analyzing version 3.7.0 (284/289)...
2025-11-13 04:37:12,788 - BlankSpaceAnalyzer - INFO - -> Analyzing version 3.7.1 (285/289)...
2025-11-13 04:37:12,788 - BlankSpaceAnalyzer - INFO - -> Analyzing version 3.7.2 (286/289)...
2025-11-13 04:37:12,789 - BlankSpaceAnalyzer - INFO - -> Analyzing version 3.8.0 (287/289)...
2025-11-13 04:37:12,789 - BlankSpaceAnalyzer - INFO - -> Analyzing version 3.9.0 (288/289)...
2025-11-13 04:37:12,790 - BlankSpaceAnalyzer - INFO - -> Analyzing version 3.9.1 (289/289)...
2025-11-13 04:37:12,791 - BlankSpaceAnalyzer - INFO - Exporting results for '@tiptap/extension-text-align' to CSV...
2025-11-13 04:37:13,085 - BlankSpaceAnalyzer - INFO - Reports saved in: /app/npm_results/@tiptap_extension-text-align
2025-11-13 04:37:13,086 - NPM_Analyzer - INFO - Cleaning temporary folder 'temp/@tiptap_extension-text-align'...
2025-11-13 04:37:13,309 - NPM_Analyzer - INFO - Cleanup completed.
2025-11-13 14:57:12,809 - NPM_Analyzer - INFO - Fetching metadata for '@tiptap/extension-text-align'...
2025-11-13 14:57:14,447 - NPM_Analyzer - INFO - Found 289 versions. Starting download into 'temp/@tiptap_extension-text-align'...
2025-11-13 15:01:15,367 - BlankSpaceAnalyzer - INFO - Analyzing 289 versions for '*.js' in '@tiptap_extension-text-align'.
2025-11-13 15:01:15,367 - BlankSpaceAnalyzer - INFO - -> Analyzing version 1.0.0-alpha.1 (1/289)...
2025-11-13 15:01:15,407 - BlankSpaceAnalyzer - INFO - -> Analyzing version 1.0.0-alpha.2 (2/289)...
2025-11-13 15:01:15,447 - BlankSpaceAnalyzer - INFO - -> Analyzing version 2.0.0 (3/289)...
2025-11-13 15:01:15,482 - BlankSpaceAnalyzer - INFO - -> Analyzing version 2.0.0-alpha.1 (4/289)...
2025-11-13 15:01:15,517 - BlankSpaceAnalyzer - INFO - -> Analyzing version 2.0.0-alpha.10 (5/289)...
2025-11-13 15:01:15,554 - BlankSpaceAnalyzer - INFO - -> Analyzing version 2.0.0-alpha.11 (6/289)...
2025-11-13 15:01:15,591 - BlankSpaceAnalyzer - INFO - -> Analyzing version 2.0.0-alpha.12 (7/289)...
2025-11-13 15:01:15,627 - BlankSpaceAnalyzer - INFO - -> Analyzing version 2.0.0-alpha.2 (8/289)...
2025-11-13 15:01:15,664 - BlankSpaceAnalyzer - INFO - -> Analyzing version 2.0.0-alpha.3 (9/289)...
2025-11-13 15:01:15,700 - BlankSpaceAnalyzer - INFO - -> Analyzing version 2.0.0-alpha.4 (10/289)...
2025-11-13 15:01:15,736 - BlankSpaceAnalyzer - INFO - -> Analyzing version 2.0.0-alpha.5 (11/289)...
2025-11-13 15:01:15,773 - BlankSpaceAnalyzer - INFO - -> Analyzing version 2.0.0-alpha.6 (12/289)...
2025-11-13 15:01:15,808 - BlankSpaceAnalyzer - INFO - -> Analyzing version 2.0.0-alpha.7 (13/289)...
2025-11-13 15:01:15,845 - BlankSpaceAnalyzer - INFO - -> Analyzing version 2.0.0-alpha.8 (14/289)...
2025-11-13 15:01:15,881 - BlankSpaceAnalyzer - INFO - -> Analyzing version 2.0.0-alpha.9 (15/289)...
2025-11-13 15:01:15,917 - BlankSpaceAnalyzer - INFO - -> Analyzing version 2.0.0-beta.1 (16/289)...
2025-11-13 15:01:15,952 - BlankSpaceAnalyzer - INFO - -> Analyzing version 2.0.0-beta.10 (17/289)...
2025-11-13 15:01:15,988 - BlankSpaceAnalyzer - INFO - -> Analyzing version 2.0.0-beta.11 (18/289)...
2025-11-13 15:01:16,024 - BlankSpaceAnalyzer - INFO - -> Analyzing version 2.0.0-beta.12 (19/289)...
2025-11-13 15:01:16,060 - BlankSpaceAnalyzer - INFO - -> Analyzing version 2.0.0-beta.13 (20/289)...
2025-11-13 15:01:16,096 - BlankSpaceAnalyzer - INFO - -> Analyzing version 2.0.0-beta.14 (21/289)...
2025-11-13 15:01:16,132 - BlankSpaceAnalyzer - INFO - -> Analyzing version 2.0.0-beta.15 (22/289)...
2025-11-13 15:01:16,168 - BlankSpaceAnalyzer - INFO - -> Analyzing version 2.0.0-beta.16 (23/289)...
2025-11-13 15:01:16,204 - BlankSpaceAnalyzer - INFO - -> Analyzing version 2.0.0-beta.17 (24/289)...
2025-11-13 15:01:16,241 - BlankSpaceAnalyzer - INFO - -> Analyzing version 2.0.0-beta.18 (25/289)...
2025-11-13 15:01:16,277 - BlankSpaceAnalyzer - INFO - -> Analyzing version 2.0.0-beta.19 (26/289)...
2025-11-13 15:01:16,314 - BlankSpaceAnalyzer - INFO - -> Analyzing version 2.0.0-beta.194 (27/289)...
2025-11-13 15:01:16,352 - BlankSpaceAnalyzer - INFO - -> Analyzing version 2.0.0-beta.195 (28/289)...
2025-11-13 15:01:16,389 - BlankSpaceAnalyzer - INFO - -> Analyzing version 2.0.0-beta.196 (29/289)...
2025-11-13 15:01:16,425 - BlankSpaceAnalyzer - INFO - -> Analyzing version 2.0.0-beta.197 (30/289)...
2025-11-13 15:01:16,464 - BlankSpaceAnalyzer - INFO - -> Analyzing version 2.0.0-beta.198 (31/289)...
2025-11-13 15:01:16,498 - BlankSpaceAnalyzer - INFO - -> Analyzing version 2.0.0-beta.199 (32/289)...
2025-11-13 15:01:16,534 - BlankSpaceAnalyzer - INFO - -> Analyzing version 2.0.0-beta.2 (33/289)...
2025-11-13 15:01:16,570 - BlankSpaceAnalyzer - INFO - -> Analyzing version 2.0.0-beta.20 (34/289)...
2025-11-13 15:01:16,606 - BlankSpaceAnalyzer - INFO - -> Analyzing version 2.0.0-beta.200 (35/289)...
2025-11-13 15:01:16,642 - BlankSpaceAnalyzer - INFO - -> Analyzing version 2.0.0-beta.201 (36/289)...
2025-11-13 15:01:16,678 - BlankSpaceAnalyzer - INFO - -> Analyzing version 2.0.0-beta.202 (37/289)...
2025-11-13 15:01:16,714 - BlankSpaceAnalyzer - INFO - -> Analyzing version 2.0.0-beta.203 (38/289)...
2025-11-13 15:01:16,715 - BlankSpaceAnalyzer - INFO - -> Analyzing version 2.0.0-beta.204 (39/289)...
2025-11-13 15:01:16,750 - BlankSpaceAnalyzer - INFO - -> Analyzing version 2.0.0-beta.205 (40/289)...
2025-11-13 15:01:16,788 - BlankSpaceAnalyzer - INFO - -> Analyzing version 2.0.0-beta.206 (41/289)...
2025-11-13 15:01:16,823 - BlankSpaceAnalyzer - INFO - -> Analyzing version 2.0.0-beta.207 (42/289)...
2025-11-13 15:01:16,859 - BlankSpaceAnalyzer - INFO - -> Analyzing version 2.0.0-beta.208 (43/289)...
2025-11-13 15:01:16,895 - BlankSpaceAnalyzer - INFO - -> Analyzing version 2.0.0-beta.209 (44/289)...
2025-11-13 15:01:16,930 - BlankSpaceAnalyzer - INFO - -> Analyzing version 2.0.0-beta.21 (45/289)...
2025-11-13 15:01:16,966 - BlankSpaceAnalyzer - INFO - -> Analyzing version 2.0.0-beta.210 (46/289)...
2025-11-13 15:01:16,966 - BlankSpaceAnalyzer - INFO - -> Analyzing version 2.0.0-beta.211 (47/289)...
2025-11-13 15:01:16,967 - BlankSpaceAnalyzer - INFO - -> Analyzing version 2.0.0-beta.212 (48/289)...
2025-11-13 15:01:16,967 - BlankSpaceAnalyzer - INFO - -> Analyzing version 2.0.0-beta.213 (49/289)...
2025-11-13 15:01:16,967 - BlankSpaceAnalyzer - INFO - -> Analyzing version 2.0.0-beta.214 (50/289)...
2025-11-13 15:01:17,003 - BlankSpaceAnalyzer - INFO - -> Analyzing version 2.0.0-beta.215 (51/289)...
2025-11-13 15:01:17,039 - BlankSpaceAnalyzer - INFO - -> Analyzing version 2.0.0-beta.216 (52/289)...
2025-11-13 15:01:17,075 - BlankSpaceAnalyzer - INFO - -> Analyzing version 2.0.0-beta.217 (53/289)...
2025-11-13 15:01:17,111 - BlankSpaceAnalyzer - INFO - -> Analyzing version 2.0.0-beta.218 (54/289)...
2025-11-13 15:01:17,148 - BlankSpaceAnalyzer - INFO - -> Analyzing version 2.0.0-beta.219 (55/289)...
2025-11-13 15:01:17,183 - BlankSpaceAnalyzer - INFO - -> Analyzing version 2.0.0-beta.22 (56/289)...
2025-11-13 15:01:17,219 - BlankSpaceAnalyzer - INFO - -> Analyzing version 2.0.0-beta.220 (57/289)...
2025-11-13 15:01:17,255 - BlankSpaceAnalyzer - INFO - -> Analyzing version 2.0.0-beta.23 (58/289)...
2025-11-13 15:01:17,291 - BlankSpaceAnalyzer - INFO - -> Analyzing version 2.0.0-beta.24 (59/289)...
2025-11-13 15:01:17,327 - BlankSpaceAnalyzer - INFO - -> Analyzing version 2.0.0-beta.25 (60/289)...
2025-11-13 15:01:17,364 - BlankSpaceAnalyzer - INFO - -> Analyzing version 2.0.0-beta.27 (61/289)...
2025-11-13 15:01:17,364 - BlankSpaceAnalyzer - INFO - -> Analyzing version 2.0.0-beta.28 (62/289)...
2025-11-13 15:01:17,400 - BlankSpaceAnalyzer - INFO - -> Analyzing version 2.0.0-beta.29 (63/289)...
2025-11-13 15:01:17,437 - BlankSpaceAnalyzer - INFO - -> Analyzing version 2.0.0-beta.3 (64/289)...
2025-11-13 15:01:17,475 - BlankSpaceAnalyzer - INFO - -> Analyzing version 2.0.0-beta.31 (65/289)...
2025-11-13 15:01:17,511 - BlankSpaceAnalyzer - INFO - -> Analyzing version 2.0.0-beta.4 (66/289)...
2025-11-13 15:01:17,547 - BlankSpaceAnalyzer - INFO - -> Analyzing version 2.0.0-beta.5 (67/289)...
2025-11-13 15:01:17,583 - BlankSpaceAnalyzer - INFO - -> Analyzing version 2.0.0-beta.6 (68/289)...
2025-11-13 15:01:17,622 - BlankSpaceAnalyzer - INFO - -> Analyzing version 2.0.0-beta.7 (69/289)...
2025-11-13 15:01:17,658 - BlankSpaceAnalyzer - INFO - -> Analyzing version 2.0.0-beta.8 (70/289)...
2025-11-13 15:01:17,694 - BlankSpaceAnalyzer - INFO - -> Analyzing version 2.0.0-beta.9 (71/289)...
2025-11-13 15:01:17,730 - BlankSpaceAnalyzer - INFO - -> Analyzing version 2.0.0-rc.1 (72/289)...
2025-11-13 15:01:17,766 - BlankSpaceAnalyzer - INFO - -> Analyzing version 2.0.0-rc.2 (73/289)...
2025-11-13 15:01:17,804 - BlankSpaceAnalyzer - INFO - -> Analyzing version 2.0.0-rc.3 (74/289)...
2025-11-13 15:01:17,845 - BlankSpaceAnalyzer - INFO - -> Analyzing version 2.0.1 (75/289)...
2025-11-13 15:01:17,884 - BlankSpaceAnalyzer - INFO - -> Analyzing version 2.0.2 (76/289)...
2025-11-13 15:01:17,922 - BlankSpaceAnalyzer - INFO - -> Analyzing version 2.0.3 (77/289)...
2025-11-13 15:01:17,961 - BlankSpaceAnalyzer - INFO - -> Analyzing version 2.0.4 (78/289)...
2025-11-13 15:01:18,002 - BlankSpaceAnalyzer - INFO - -> Analyzing version 2.1.0 (79/289)...
2025-11-13 15:01:18,055 - BlankSpaceAnalyzer - INFO - -> Analyzing version 2.1.0-rc.0 (80/289)...
2025-11-13 15:01:18,095 - BlankSpaceAnalyzer - INFO - -> Analyzing version 2.1.0-rc.1 (81/289)...
2025-11-13 15:01:18,136 - BlankSpaceAnalyzer - INFO - -> Analyzing version 2.1.0-rc.10 (82/289)...
2025-11-13 15:01:18,176 - BlankSpaceAnalyzer - INFO - -> Analyzing version 2.1.0-rc.11 (83/289)...
2025-11-13 15:01:18,218 - BlankSpaceAnalyzer - INFO - -> Analyzing version 2.1.0-rc.12 (84/289)...
2025-11-13 15:01:18,258 - BlankSpaceAnalyzer - INFO - -> Analyzing version 2.1.0-rc.13 (85/289)...
2025-11-13 15:01:18,295 - BlankSpaceAnalyzer - INFO - -> Analyzing version 2.1.0-rc.14 (86/289)...
2025-11-13 15:01:18,330 - BlankSpaceAnalyzer - INFO - -> Analyzing version 2.1.0-rc.2 (87/289)...
2025-11-13 15:01:18,368 - BlankSpaceAnalyzer - INFO - -> Analyzing version 2.1.0-rc.3 (88/289)...
2025-11-13 15:01:18,405 - BlankSpaceAnalyzer - INFO - -> Analyzing version 2.1.0-rc.4 (89/289)...
2025-11-13 15:01:18,442 - BlankSpaceAnalyzer - INFO - -> Analyzing version 2.1.0-rc.5 (90/289)...
2025-11-13 15:01:18,477 - BlankSpaceAnalyzer - INFO - -> Analyzing version 2.1.0-rc.8 (91/289)...
2025-11-13 15:01:18,514 - BlankSpaceAnalyzer - INFO - -> Analyzing version 2.1.0-rc.9 (92/289)...
2025-11-13 15:01:18,548 - BlankSpaceAnalyzer - INFO - -> Analyzing version 2.1.1 (93/289)...
2025-11-13 15:01:18,584 - BlankSpaceAnalyzer - INFO - -> Analyzing version 2.1.10 (94/289)...
2025-11-13 15:01:18,620 - BlankSpaceAnalyzer - INFO - -> Analyzing version 2.1.11 (95/289)...
2025-11-13 15:01:18,656 - BlankSpaceAnalyzer - INFO - -> Analyzing version 2.1.12 (96/289)...
2025-11-13 15:01:18,691 - BlankSpaceAnalyzer - INFO - -> Analyzing version 2.1.13 (97/289)...
2025-11-13 15:01:18,728 - BlankSpaceAnalyzer - INFO - -> Analyzing version 2.1.14 (98/289)...
2025-11-13 15:01:18,763 - BlankSpaceAnalyzer - INFO - -> Analyzing version 2.1.15 (99/289)...
2025-11-13 15:01:18,798 - BlankSpaceAnalyzer - INFO - -> Analyzing version 2.1.16 (100/289)...
2025-11-13 15:01:18,835 - BlankSpaceAnalyzer - INFO - -> Analyzing version 2.1.2 (101/289)...
2025-11-13 15:01:18,870 - BlankSpaceAnalyzer - INFO - -> Analyzing version 2.1.3 (102/289)...
2025-11-13 15:01:18,906 - BlankSpaceAnalyzer - INFO - -> Analyzing version 2.1.4 (103/289)...
2025-11-13 15:01:18,942 - BlankSpaceAnalyzer - INFO - -> Analyzing version 2.1.6 (104/289)...
2025-11-13 15:01:18,978 - BlankSpaceAnalyzer - INFO - -> Analyzing version 2.1.7 (105/289)...
2025-11-13 15:01:19,014 - BlankSpaceAnalyzer - INFO - -> Analyzing version 2.1.8 (106/289)...
2025-11-13 15:01:19,049 - BlankSpaceAnalyzer - INFO - -> Analyzing version 2.1.9 (107/289)...
2025-11-13 15:01:19,085 - BlankSpaceAnalyzer - INFO - -> Analyzing version 2.10.0 (108/289)...
2025-11-13 15:01:19,120 - BlankSpaceAnalyzer - INFO - -> Analyzing version 2.10.1 (109/289)...
2025-11-13 15:01:19,155 - BlankSpaceAnalyzer - INFO - -> Analyzing version 2.10.2 (110/289)...
2025-11-13 15:01:19,191 - BlankSpaceAnalyzer - INFO - -> Analyzing version 2.10.3 (111/289)...
2025-11-13 15:01:19,226 - BlankSpaceAnalyzer - INFO - -> Analyzing version 2.10.4 (112/289)...
2025-11-13 15:01:19,262 - BlankSpaceAnalyzer - INFO - -> Analyzing version 2.11.0 (113/289)...
2025-11-13 15:01:19,297 - BlankSpaceAnalyzer - INFO - -> Analyzing version 2.11.1 (114/289)...
2025-11-13 15:01:19,333 - BlankSpaceAnalyzer - INFO - -> Analyzing version 2.11.2 (115/289)...
2025-11-13 15:01:19,368 - BlankSpaceAnalyzer - INFO - -> Analyzing version 2.11.3 (116/289)...
2025-11-13 15:01:19,404 - BlankSpaceAnalyzer - INFO - -> Analyzing version 2.11.4 (117/289)...
2025-11-13 15:01:19,440 - BlankSpaceAnalyzer - INFO - -> Analyzing version 2.11.5 (118/289)...
2025-11-13 15:01:19,476 - BlankSpaceAnalyzer - INFO - -> Analyzing version 2.11.6 (119/289)...
2025-11-13 15:01:19,512 - BlankSpaceAnalyzer - INFO - -> Analyzing version 2.11.7 (120/289)...
2025-11-13 15:01:19,547 - BlankSpaceAnalyzer - INFO - -> Analyzing version 2.11.9 (121/289)...
2025-11-13 15:01:19,583 - BlankSpaceAnalyzer - INFO - -> Analyzing version 2.12.0 (122/289)...
2025-11-13 15:01:19,619 - BlankSpaceAnalyzer - INFO - -> Analyzing version 2.13.0 (123/289)...
2025-11-13 15:01:19,655 - BlankSpaceAnalyzer - INFO - -> Analyzing version 2.14.0 (124/289)...
2025-11-13 15:01:19,690 - BlankSpaceAnalyzer - INFO - -> Analyzing version 2.14.1 (125/289)...
2025-11-13 15:01:19,726 - BlankSpaceAnalyzer - INFO - -> Analyzing version 2.2.0 (126/289)...
2025-11-13 15:01:19,762 - BlankSpaceAnalyzer - INFO - -> Analyzing version 2.2.0-rc.3 (127/289)...
2025-11-13 15:01:19,798 - BlankSpaceAnalyzer - INFO - -> Analyzing version 2.2.0-rc.4 (128/289)...
2025-11-13 15:01:19,834 - BlankSpaceAnalyzer - INFO - -> Analyzing version 2.2.0-rc.5 (129/289)...
2025-11-13 15:01:19,870 - BlankSpaceAnalyzer - INFO - -> Analyzing version 2.2.0-rc.6 (130/289)...
2025-11-13 15:01:19,906 - BlankSpaceAnalyzer - INFO - -> Analyzing version 2.2.0-rc.7 (131/289)...
2025-11-13 15:01:19,942 - BlankSpaceAnalyzer - INFO - -> Analyzing version 2.2.0-rc.8 (132/289)...
2025-11-13 15:01:19,979 - BlankSpaceAnalyzer - INFO - -> Analyzing version 2.2.1 (133/289)...
2025-11-13 15:01:20,015 - BlankSpaceAnalyzer - INFO - -> Analyzing version 2.2.2 (134/289)...
2025-11-13 15:01:20,050 - BlankSpaceAnalyzer - INFO - -> Analyzing version 2.2.3 (135/289)...
2025-11-13 15:01:20,086 - BlankSpaceAnalyzer - INFO - -> Analyzing version 2.2.4 (136/289)...
2025-11-13 15:01:20,121 - BlankSpaceAnalyzer - INFO - -> Analyzing version 2.2.5 (137/289)...
2025-11-13 15:01:20,157 - BlankSpaceAnalyzer - INFO - -> Analyzing version 2.2.6 (138/289)...
2025-11-13 15:01:20,193 - BlankSpaceAnalyzer - INFO - -> Analyzing version 2.22.0 (139/289)...
2025-11-13 15:01:20,229 - BlankSpaceAnalyzer - INFO - -> Analyzing version 2.22.1 (140/289)...
2025-11-13 15:01:20,265 - BlankSpaceAnalyzer - INFO - -> Analyzing version 2.22.2 (141/289)...
2025-11-13 15:01:20,300 - BlankSpaceAnalyzer - INFO - -> Analyzing version 2.22.3 (142/289)...
2025-11-13 15:01:20,336 - BlankSpaceAnalyzer - INFO - -> Analyzing version 2.23.0 (143/289)...
2025-11-13 15:01:20,371 - BlankSpaceAnalyzer - INFO - -> Analyzing version 2.23.1 (144/289)...
2025-11-13 15:01:20,408 - BlankSpaceAnalyzer - INFO - -> Analyzing version 2.24.0 (145/289)...
2025-11-13 15:01:20,443 - BlankSpaceAnalyzer - INFO - -> Analyzing version 2.24.1 (146/289)...
2025-11-13 15:01:20,478 - BlankSpaceAnalyzer - INFO - -> Analyzing version 2.24.2 (147/289)...
2025-11-13 15:01:20,513 - BlankSpaceAnalyzer - INFO - -> Analyzing version 2.25.0 (148/289)...
2025-11-13 15:01:20,549 - BlankSpaceAnalyzer - INFO - -> Analyzing version 2.25.1 (149/289)...
2025-11-13 15:01:20,585 - BlankSpaceAnalyzer - INFO - -> Analyzing version 2.26.0 (150/289)...
2025-11-13 15:01:20,622 - BlankSpaceAnalyzer - INFO - -> Analyzing version 2.26.1 (151/289)...
2025-11-13 15:01:20,659 - BlankSpaceAnalyzer - INFO - -> Analyzing version 2.26.2 (152/289)...
2025-11-13 15:01:20,694 - BlankSpaceAnalyzer - INFO - -> Analyzing version 2.26.3 (153/289)...
2025-11-13 15:01:20,729 - BlankSpaceAnalyzer - INFO - -> Analyzing version 2.26.4 (154/289)...
2025-11-13 15:01:20,765 - BlankSpaceAnalyzer - INFO - -> Analyzing version 2.27.0 (155/289)...
2025-11-13 15:01:20,803 - BlankSpaceAnalyzer - INFO - -> Analyzing version 2.27.1 (156/289)...
2025-11-13 15:01:20,839 - BlankSpaceAnalyzer - INFO - -> Analyzing version 2.3.0 (157/289)...
2025-11-13 15:01:20,875 - BlankSpaceAnalyzer - INFO - -> Analyzing version 2.3.1 (158/289)...
2025-11-13 15:01:20,910 - BlankSpaceAnalyzer - INFO - -> Analyzing version 2.3.2 (159/289)...
2025-11-13 15:01:20,946 - BlankSpaceAnalyzer - INFO - -> Analyzing version 2.4.0 (160/289)...
2025-11-13 15:01:20,983 - BlankSpaceAnalyzer - INFO - -> Analyzing version 2.5.0 (161/289)...
2025-11-13 15:01:21,024 - BlankSpaceAnalyzer - INFO - -> Analyzing version 2.5.0-beta.0 (162/289)...
2025-11-13 15:01:21,062 - BlankSpaceAnalyzer - INFO - -> Analyzing version 2.5.0-beta.1 (163/289)...
2025-11-13 15:01:21,099 - BlankSpaceAnalyzer - INFO - -> Analyzing version 2.5.0-beta.2 (164/289)...
2025-11-13 15:01:21,138 - BlankSpaceAnalyzer - INFO - -> Analyzing version 2.5.0-beta.3 (165/289)...
2025-11-13 15:01:21,178 - BlankSpaceAnalyzer - INFO - -> Analyzing version 2.5.0-beta.4 (166/289)...
2025-11-13 15:01:21,219 - BlankSpaceAnalyzer - INFO - -> Analyzing version 2.5.0-beta.5 (167/289)...
2025-11-13 15:01:21,262 - BlankSpaceAnalyzer - INFO - -> Analyzing version 2.5.0-beta.6 (168/289)...
2025-11-13 15:01:21,303 - BlankSpaceAnalyzer - INFO - -> Analyzing version 2.5.0-pre.10 (169/289)...
2025-11-13 15:01:21,346 - BlankSpaceAnalyzer - INFO - -> Analyzing version 2.5.0-pre.11 (170/289)...
2025-11-13 15:01:21,390 - BlankSpaceAnalyzer - INFO - -> Analyzing version 2.5.0-pre.13 (171/289)...
2025-11-13 15:01:21,430 - BlankSpaceAnalyzer - INFO - -> Analyzing version 2.5.0-pre.14 (172/289)...
2025-11-13 15:01:21,467 - BlankSpaceAnalyzer - INFO - -> Analyzing version 2.5.0-pre.15 (173/289)...
2025-11-13 15:01:21,503 - BlankSpaceAnalyzer - INFO - -> Analyzing version 2.5.0-pre.16 (174/289)...
2025-11-13 15:01:21,544 - BlankSpaceAnalyzer - INFO - -> Analyzing version 2.5.0-pre.8 (175/289)...
2025-11-13 15:01:21,583 - BlankSpaceAnalyzer - INFO - -> Analyzing version 2.5.0-pre.9 (176/289)...
2025-11-13 15:01:21,621 - BlankSpaceAnalyzer - INFO - -> Analyzing version 2.5.1 (177/289)...
2025-11-13 15:01:21,658 - BlankSpaceAnalyzer - INFO - -> Analyzing version 2.5.2 (178/289)...
2025-11-13 15:01:21,694 - BlankSpaceAnalyzer - INFO - -> Analyzing version 2.5.3 (179/289)...
2025-11-13 15:01:21,730 - BlankSpaceAnalyzer - INFO - -> Analyzing version 2.5.4 (180/289)...
2025-11-13 15:01:21,767 - BlankSpaceAnalyzer - INFO - -> Analyzing version 2.5.5 (181/289)...
2025-11-13 15:01:21,803 - BlankSpaceAnalyzer - INFO - -> Analyzing version 2.5.6 (182/289)...
2025-11-13 15:01:21,840 - BlankSpaceAnalyzer - INFO - -> Analyzing version 2.5.7 (183/289)...
2025-11-13 15:01:21,876 - BlankSpaceAnalyzer - INFO - -> Analyzing version 2.5.8 (184/289)...
2025-11-13 15:01:21,912 - BlankSpaceAnalyzer - INFO - -> Analyzing version 2.5.9 (185/289)...
2025-11-13 15:01:21,948 - BlankSpaceAnalyzer - INFO - -> Analyzing version 2.6.0 (186/289)...
2025-11-13 15:01:21,984 - BlankSpaceAnalyzer - INFO - -> Analyzing version 2.6.1 (187/289)...
2025-11-13 15:01:22,020 - BlankSpaceAnalyzer - INFO - -> Analyzing version 2.6.2 (188/289)...
2025-11-13 15:01:22,056 - BlankSpaceAnalyzer - INFO - -> Analyzing version 2.6.3 (189/289)...
2025-11-13 15:01:22,091 - BlankSpaceAnalyzer - INFO - -> Analyzing version 2.6.4 (190/289)...
2025-11-13 15:01:22,128 - BlankSpaceAnalyzer - INFO - -> Analyzing version 2.6.5 (191/289)...
2025-11-13 15:01:22,164 - BlankSpaceAnalyzer - INFO - -> Analyzing version 2.6.6 (192/289)...
2025-11-13 15:01:22,200 - BlankSpaceAnalyzer - INFO - -> Analyzing version 2.7.0 (193/289)...
2025-11-13 15:01:22,236 - BlankSpaceAnalyzer - INFO - -> Analyzing version 2.7.0-pre.0 (194/289)...
2025-11-13 15:01:22,272 - BlankSpaceAnalyzer - INFO - -> Analyzing version 2.7.1 (195/289)...
2025-11-13 15:01:22,308 - BlankSpaceAnalyzer - INFO - -> Analyzing version 2.7.2 (196/289)...
2025-11-13 15:01:22,344 - BlankSpaceAnalyzer - INFO - -> Analyzing version 2.7.3 (197/289)...
2025-11-13 15:01:22,381 - BlankSpaceAnalyzer - INFO - -> Analyzing version 2.7.4 (198/289)...
2025-11-13 15:01:22,416 - BlankSpaceAnalyzer - INFO - -> Analyzing version 2.8.0 (199/289)...
2025-11-13 15:01:22,452 - BlankSpaceAnalyzer - INFO - -> Analyzing version 2.9.0 (200/289)...
2025-11-13 15:01:22,488 - BlankSpaceAnalyzer - INFO - -> Analyzing version 2.9.1 (201/289)...
2025-11-13 15:01:22,524 - BlankSpaceAnalyzer - INFO - -> Analyzing version 3.0.0 (202/289)...
2025-11-13 15:01:22,559 - BlankSpaceAnalyzer - INFO - -> Analyzing version 3.0.0-beta.0 (203/289)...
2025-11-13 15:01:22,560 - BlankSpaceAnalyzer - INFO - -> Analyzing version 3.0.0-beta.1 (204/289)...
2025-11-13 15:01:22,560 - BlankSpaceAnalyzer - INFO - -> Analyzing version 3.0.0-beta.10 (205/289)...
2025-11-13 15:01:22,561 - BlankSpaceAnalyzer - INFO - -> Analyzing version 3.0.0-beta.11 (206/289)...
2025-11-13 15:01:22,561 - BlankSpaceAnalyzer - INFO - -> Analyzing version 3.0.0-beta.12 (207/289)...
2025-11-13 15:01:22,561 - BlankSpaceAnalyzer - INFO - -> Analyzing version 3.0.0-beta.14 (208/289)...
2025-11-13 15:01:22,562 - BlankSpaceAnalyzer - INFO - -> Analyzing version 3.0.0-beta.15 (209/289)...
2025-11-13 15:01:22,562 - BlankSpaceAnalyzer - INFO - -> Analyzing version 3.0.0-beta.16 (210/289)...
2025-11-13 15:01:22,562 - BlankSpaceAnalyzer - INFO - -> Analyzing version 3.0.0-beta.17 (211/289)...
2025-11-13 15:01:22,563 - BlankSpaceAnalyzer - INFO - -> Analyzing version 3.0.0-beta.18 (212/289)...
2025-11-13 15:01:22,563 - BlankSpaceAnalyzer - INFO - -> Analyzing version 3.0.0-beta.19 (213/289)...
2025-11-13 15:01:22,563 - BlankSpaceAnalyzer - INFO - -> Analyzing version 3.0.0-beta.2 (214/289)...
2025-11-13 15:01:22,563 - BlankSpaceAnalyzer - INFO - -> Analyzing version 3.0.0-beta.21 (215/289)...
2025-11-13 15:01:22,564 - BlankSpaceAnalyzer - INFO - -> Analyzing version 3.0.0-beta.22 (216/289)...
2025-11-13 15:01:22,564 - BlankSpaceAnalyzer - INFO - -> Analyzing version 3.0.0-beta.23 (217/289)...
2025-11-13 15:01:22,564 - BlankSpaceAnalyzer - INFO - -> Analyzing version 3.0.0-beta.24 (218/289)...
2025-11-13 15:01:22,565 - BlankSpaceAnalyzer - INFO - -> Analyzing version 3.0.0-beta.25 (219/289)...
2025-11-13 15:01:22,565 - BlankSpaceAnalyzer - INFO - -> Analyzing version 3.0.0-beta.26 (220/289)...
2025-11-13 15:01:22,565 - BlankSpaceAnalyzer - INFO - -> Analyzing version 3.0.0-beta.27 (221/289)...
2025-11-13 15:01:22,566 - BlankSpaceAnalyzer - INFO - -> Analyzing version 3.0.0-beta.28 (222/289)...
2025-11-13 15:01:22,566 - BlankSpaceAnalyzer - INFO - -> Analyzing version 3.0.0-beta.29 (223/289)...
2025-11-13 15:01:22,566 - BlankSpaceAnalyzer - INFO - -> Analyzing version 3.0.0-beta.3 (224/289)...
2025-11-13 15:01:22,566 - BlankSpaceAnalyzer - INFO - -> Analyzing version 3.0.0-beta.30 (225/289)...
2025-11-13 15:01:22,567 - BlankSpaceAnalyzer - INFO - -> Analyzing version 3.0.0-beta.4 (226/289)...
2025-11-13 15:01:22,567 - BlankSpaceAnalyzer - INFO - -> Analyzing version 3.0.0-beta.5 (227/289)...
2025-11-13 15:01:22,567 - BlankSpaceAnalyzer - INFO - -> Analyzing version 3.0.0-beta.6 (228/289)...
2025-11-13 15:01:22,568 - BlankSpaceAnalyzer - INFO - -> Analyzing version 3.0.0-beta.7 (229/289)...
2025-11-13 15:01:22,568 - BlankSpaceAnalyzer - INFO - -> Analyzing version 3.0.0-beta.8 (230/289)...
2025-11-13 15:01:22,568 - BlankSpaceAnalyzer - INFO - -> Analyzing version 3.0.0-beta.9 (231/289)...
2025-11-13 15:01:22,568 - BlankSpaceAnalyzer - INFO - -> Analyzing version 3.0.0-next.0 (232/289)...
2025-11-13 15:01:22,607 - BlankSpaceAnalyzer - INFO - -> Analyzing version 3.0.0-next.1 (233/289)...
2025-11-13 15:01:22,607 - BlankSpaceAnalyzer - INFO - -> Analyzing version 3.0.0-next.2 (234/289)...
2025-11-13 15:01:22,608 - BlankSpaceAnalyzer - INFO - -> Analyzing version 3.0.0-next.3 (235/289)...
2025-11-13 15:01:22,608 - BlankSpaceAnalyzer - INFO - -> Analyzing version 3.0.0-next.4 (236/289)...
2025-11-13 15:01:22,608 - BlankSpaceAnalyzer - INFO - -> Analyzing version 3.0.0-next.5 (237/289)...
2025-11-13 15:01:22,609 - BlankSpaceAnalyzer - INFO - -> Analyzing version 3.0.0-next.6 (238/289)...
2025-11-13 15:01:22,609 - BlankSpaceAnalyzer - INFO - -> Analyzing version 3.0.0-next.7 (239/289)...
2025-11-13 15:01:22,609 - BlankSpaceAnalyzer - INFO - -> Analyzing version 3.0.0-next.8 (240/289)...
2025-11-13 15:01:22,610 - BlankSpaceAnalyzer - INFO - -> Analyzing version 3.0.1 (241/289)...
2025-11-13 15:01:22,610 - BlankSpaceAnalyzer - INFO - -> Analyzing version 3.0.2 (242/289)...
2025-11-13 15:01:22,610 - BlankSpaceAnalyzer - INFO - -> Analyzing version 3.0.2-beta.0 (243/289)...
2025-11-13 15:01:22,611 - BlankSpaceAnalyzer - INFO - -> Analyzing version 3.0.3 (244/289)...
2025-11-13 15:01:22,611 - BlankSpaceAnalyzer - INFO - -> Analyzing version 3.0.4 (245/289)...
2025-11-13 15:01:22,611 - BlankSpaceAnalyzer - INFO - -> Analyzing version 3.0.5 (246/289)...
2025-11-13 15:01:22,611 - BlankSpaceAnalyzer - INFO - -> Analyzing version 3.0.6 (247/289)...
2025-11-13 15:01:22,612 - BlankSpaceAnalyzer - INFO - -> Analyzing version 3.0.7 (248/289)...
2025-11-13 15:01:22,612 - BlankSpaceAnalyzer - INFO - -> Analyzing version 3.0.8 (249/289)...
2025-11-13 15:01:22,612 - BlankSpaceAnalyzer - INFO - -> Analyzing version 3.0.9 (250/289)...
2025-11-13 15:01:22,613 - BlankSpaceAnalyzer - INFO - -> Analyzing version 3.1.0 (251/289)...
2025-11-13 15:01:22,613 - BlankSpaceAnalyzer - INFO - -> Analyzing version 3.10.0 (252/289)...
2025-11-13 15:01:22,613 - BlankSpaceAnalyzer - INFO - -> Analyzing version 3.10.1 (253/289)...
2025-11-13 15:01:22,613 - BlankSpaceAnalyzer - INFO - -> Analyzing version 3.10.2 (254/289)...
2025-11-13 15:01:22,614 - BlankSpaceAnalyzer - INFO - -> Analyzing version 3.10.3 (255/289)...
2025-11-13 15:01:22,614 - BlankSpaceAnalyzer - INFO - -> Analyzing version 3.10.4 (256/289)...
2025-11-13 15:01:22,614 - BlankSpaceAnalyzer - INFO - -> Analyzing version 3.10.5 (257/289)...
2025-11-13 15:01:22,615 - BlankSpaceAnalyzer - INFO - -> Analyzing version 3.10.6 (258/289)...
2025-11-13 15:01:22,615 - BlankSpaceAnalyzer - INFO - -> Analyzing version 3.10.7 (259/289)...
2025-11-13 15:01:22,615 - BlankSpaceAnalyzer - INFO - -> Analyzing version 3.2.0 (260/289)...
2025-11-13 15:01:22,616 - BlankSpaceAnalyzer - INFO - -> Analyzing version 3.2.1 (261/289)...
2025-11-13 15:01:22,616 - BlankSpaceAnalyzer - INFO - -> Analyzing version 3.2.2 (262/289)...
2025-11-13 15:01:22,616 - BlankSpaceAnalyzer - INFO - -> Analyzing version 3.3.0 (263/289)...
2025-11-13 15:01:22,616 - BlankSpaceAnalyzer - INFO - -> Analyzing version 3.3.1 (264/289)...
2025-11-13 15:01:22,617 - BlankSpaceAnalyzer - INFO - -> Analyzing version 3.4.0 (265/289)...
2025-11-13 15:01:22,617 - BlankSpaceAnalyzer - INFO - -> Analyzing version 3.4.1 (266/289)...
2025-11-13 15:01:22,617 - BlankSpaceAnalyzer - INFO - -> Analyzing version 3.4.2 (267/289)...
2025-11-13 15:01:22,617 - BlankSpaceAnalyzer - INFO - -> Analyzing version 3.4.3 (268/289)...
2025-11-13 15:01:22,618 - BlankSpaceAnalyzer - INFO - -> Analyzing version 3.4.4 (269/289)...
2025-11-13 15:01:22,618 - BlankSpaceAnalyzer - INFO - -> Analyzing version 3.4.5 (270/289)...
2025-11-13 15:01:22,618 - BlankSpaceAnalyzer - INFO - -> Analyzing version 3.4.6 (271/289)...
2025-11-13 15:01:22,619 - BlankSpaceAnalyzer - INFO - -> Analyzing version 3.5.0 (272/289)...
2025-11-13 15:01:22,619 - BlankSpaceAnalyzer - INFO - -> Analyzing version 3.5.1 (273/289)...
2025-11-13 15:01:22,619 - BlankSpaceAnalyzer - INFO - -> Analyzing version 3.5.2 (274/289)...
2025-11-13 15:01:22,619 - BlankSpaceAnalyzer - INFO - -> Analyzing version 3.5.3 (275/289)...
2025-11-13 15:01:22,620 - BlankSpaceAnalyzer - INFO - -> Analyzing version 3.6.0 (276/289)...
2025-11-13 15:01:22,620 - BlankSpaceAnalyzer - INFO - -> Analyzing version 3.6.1 (277/289)...
2025-11-13 15:01:22,620 - BlankSpaceAnalyzer - INFO - -> Analyzing version 3.6.2 (278/289)...
2025-11-13 15:01:22,621 - BlankSpaceAnalyzer - INFO - -> Analyzing version 3.6.3 (279/289)...
2025-11-13 15:01:22,621 - BlankSpaceAnalyzer - INFO - -> Analyzing version 3.6.4 (280/289)...
2025-11-13 15:01:22,621 - BlankSpaceAnalyzer - INFO - -> Analyzing version 3.6.5 (281/289)...
2025-11-13 15:01:22,622 - BlankSpaceAnalyzer - INFO - -> Analyzing version 3.6.6 (282/289)...
2025-11-13 15:01:22,622 - BlankSpaceAnalyzer - INFO - -> Analyzing version 3.6.7 (283/289)...
2025-11-13 15:01:22,622 - BlankSpaceAnalyzer - INFO - -> Analyzing version 3.7.0 (284/289)...
2025-11-13 15:01:22,623 - BlankSpaceAnalyzer - INFO - -> Analyzing version 3.7.1 (285/289)...
2025-11-13 15:01:22,623 - BlankSpaceAnalyzer - INFO - -> Analyzing version 3.7.2 (286/289)...
2025-11-13 15:01:22,623 - BlankSpaceAnalyzer - INFO - -> Analyzing version 3.8.0 (287/289)...
2025-11-13 15:01:22,623 - BlankSpaceAnalyzer - INFO - -> Analyzing version 3.9.0 (288/289)...
2025-11-13 15:01:22,624 - BlankSpaceAnalyzer - INFO - -> Analyzing version 3.9.1 (289/289)...
2025-11-13 15:01:22,624 - BlankSpaceAnalyzer - INFO - Exporting results for '@tiptap/extension-text-align' to CSV...
2025-11-13 15:01:22,903 - BlankSpaceAnalyzer - INFO - Reports saved in: /app/npm_results/@tiptap_extension-text-align
2025-11-13 15:01:22,903 - NPM_Analyzer - INFO - Cleaning temporary folder 'temp/@tiptap_extension-text-align'...
2025-11-13 15:01:23,101 - NPM_Analyzer - INFO - Cleanup completed.
2025-11-14 01:29:50,816 - NPM_Analyzer - INFO - Fetching metadata for '@tiptap/extension-text-align'...
2025-11-14 01:29:51,046 - NPM_Analyzer - INFO - Found 289 versions. Starting download into 'temp/@tiptap_extension-text-align'...
2025-11-14 01:34:05,534 - BlankSpaceAnalyzer - INFO - Analyzing 289 versions for '*.js' in '@tiptap_extension-text-align'.
2025-11-14 01:34:05,534 - BlankSpaceAnalyzer - INFO - -> Analyzing version 1.0.0-alpha.1 (1/289)...
2025-11-14 01:34:05,580 - BlankSpaceAnalyzer - INFO - -> Analyzing version 1.0.0-alpha.2 (2/289)...
2025-11-14 01:34:05,639 - BlankSpaceAnalyzer - INFO - -> Analyzing version 2.0.0 (3/289)...
2025-11-14 01:34:05,682 - BlankSpaceAnalyzer - INFO - -> Analyzing version 2.0.0-alpha.1 (4/289)...
2025-11-14 01:34:05,733 - BlankSpaceAnalyzer - INFO - -> Analyzing version 2.0.0-alpha.10 (5/289)...
2025-11-14 01:34:05,783 - BlankSpaceAnalyzer - INFO - -> Analyzing version 2.0.0-alpha.11 (6/289)...
2025-11-14 01:34:05,845 - BlankSpaceAnalyzer - INFO - -> Analyzing version 2.0.0-alpha.12 (7/289)...
2025-11-14 01:34:05,882 - BlankSpaceAnalyzer - INFO - -> Analyzing version 2.0.0-alpha.2 (8/289)...
2025-11-14 01:34:05,933 - BlankSpaceAnalyzer - INFO - -> Analyzing version 2.0.0-alpha.3 (9/289)...
2025-11-14 01:34:05,980 - BlankSpaceAnalyzer - INFO - -> Analyzing version 2.0.0-alpha.4 (10/289)...
2025-11-14 01:34:06,044 - BlankSpaceAnalyzer - INFO - -> Analyzing version 2.0.0-alpha.5 (11/289)...
2025-11-14 01:34:06,080 - BlankSpaceAnalyzer - INFO - -> Analyzing version 2.0.0-alpha.6 (12/289)...
2025-11-14 01:34:06,138 - BlankSpaceAnalyzer - INFO - -> Analyzing version 2.0.0-alpha.7 (13/289)...
2025-11-14 01:34:06,197 - BlankSpaceAnalyzer - INFO - -> Analyzing version 2.0.0-alpha.8 (14/289)...
2025-11-14 01:34:06,255 - BlankSpaceAnalyzer - INFO - -> Analyzing version 2.0.0-alpha.9 (15/289)...
2025-11-14 01:34:06,301 - BlankSpaceAnalyzer - INFO - -> Analyzing version 2.0.0-beta.1 (16/289)...
2025-11-14 01:34:06,351 - BlankSpaceAnalyzer - INFO - -> Analyzing version 2.0.0-beta.10 (17/289)...
2025-11-14 01:34:06,397 - BlankSpaceAnalyzer - INFO - -> Analyzing version 2.0.0-beta.11 (18/289)...
2025-11-14 01:34:06,459 - BlankSpaceAnalyzer - INFO - -> Analyzing version 2.0.0-beta.12 (19/289)...
2025-11-14 01:34:06,500 - BlankSpaceAnalyzer - INFO - -> Analyzing version 2.0.0-beta.13 (20/289)...
2025-11-14 01:34:06,552 - BlankSpaceAnalyzer - INFO - -> Analyzing version 2.0.0-beta.14 (21/289)...
2025-11-14 01:34:06,599 - BlankSpaceAnalyzer - INFO - -> Analyzing version 2.0.0-beta.15 (22/289)...
2025-11-14 01:34:06,666 - BlankSpaceAnalyzer - INFO - -> Analyzing version 2.0.0-beta.16 (23/289)...
2025-11-14 01:34:06,704 - BlankSpaceAnalyzer - INFO - -> Analyzing version 2.0.0-beta.17 (24/289)...
2025-11-14 01:34:06,756 - BlankSpaceAnalyzer - INFO - -> Analyzing version 2.0.0-beta.18 (25/289)...
2025-11-14 01:34:06,804 - BlankSpaceAnalyzer - INFO - -> Analyzing version 2.0.0-beta.19 (26/289)...
2025-11-14 01:34:06,871 - BlankSpaceAnalyzer - INFO - -> Analyzing version 2.0.0-beta.194 (27/289)...
2025-11-14 01:34:06,909 - BlankSpaceAnalyzer - INFO - -> Analyzing version 2.0.0-beta.195 (28/289)...
2025-11-14 01:34:06,962 - BlankSpaceAnalyzer - INFO - -> Analyzing version 2.0.0-beta.196 (29/289)...
2025-11-14 01:34:07,010 - BlankSpaceAnalyzer - INFO - -> Analyzing version 2.0.0-beta.197 (30/289)...
2025-11-14 01:34:07,079 - BlankSpaceAnalyzer - INFO - -> Analyzing version 2.0.0-beta.198 (31/289)...
2025-11-14 01:34:07,115 - BlankSpaceAnalyzer - INFO - -> Analyzing version 2.0.0-beta.199 (32/289)...
2025-11-14 01:34:07,165 - BlankSpaceAnalyzer - INFO - -> Analyzing version 2.0.0-beta.2 (33/289)...
2025-11-14 01:34:07,211 - BlankSpaceAnalyzer - INFO - -> Analyzing version 2.0.0-beta.20 (34/289)...
2025-11-14 01:34:07,280 - BlankSpaceAnalyzer - INFO - -> Analyzing version 2.0.0-beta.200 (35/289)...
2025-11-14 01:34:07,318 - BlankSpaceAnalyzer - INFO - -> Analyzing version 2.0.0-beta.201 (36/289)...
2025-11-14 01:34:07,367 - BlankSpaceAnalyzer - INFO - -> Analyzing version 2.0.0-beta.202 (37/289)...
2025-11-14 01:34:07,415 - BlankSpaceAnalyzer - INFO - -> Analyzing version 2.0.0-beta.203 (38/289)...
2025-11-14 01:34:07,416 - BlankSpaceAnalyzer - INFO - -> Analyzing version 2.0.0-beta.204 (39/289)...
2025-11-14 01:34:07,483 - BlankSpaceAnalyzer - INFO - -> Analyzing version 2.0.0-beta.205 (40/289)...
2025-11-14 01:34:07,520 - BlankSpaceAnalyzer - INFO - -> Analyzing version 2.0.0-beta.206 (41/289)...
2025-11-14 01:34:07,571 - BlankSpaceAnalyzer - INFO - -> Analyzing version 2.0.0-beta.207 (42/289)...
2025-11-14 01:34:07,616 - BlankSpaceAnalyzer - INFO - -> Analyzing version 2.0.0-beta.208 (43/289)...
2025-11-14 01:34:07,675 - BlankSpaceAnalyzer - INFO - -> Analyzing version 2.0.0-beta.209 (44/289)...
2025-11-14 01:34:07,724 - BlankSpaceAnalyzer - INFO - -> Analyzing version 2.0.0-beta.21 (45/289)...
2025-11-14 01:34:07,775 - BlankSpaceAnalyzer - INFO - -> Analyzing version 2.0.0-beta.210 (46/289)...
2025-11-14 01:34:07,776 - BlankSpaceAnalyzer - INFO - -> Analyzing version 2.0.0-beta.211 (47/289)...
2025-11-14 01:34:07,776 - BlankSpaceAnalyzer - INFO - -> Analyzing version 2.0.0-beta.212 (48/289)...
2025-11-14 01:34:07,776 - BlankSpaceAnalyzer - INFO - -> Analyzing version 2.0.0-beta.213 (49/289)...
2025-11-14 01:34:07,777 - BlankSpaceAnalyzer - INFO - -> Analyzing version 2.0.0-beta.214 (50/289)...
2025-11-14 01:34:07,825 - BlankSpaceAnalyzer - INFO - -> Analyzing version 2.0.0-beta.215 (51/289)...
2025-11-14 01:34:07,890 - BlankSpaceAnalyzer - INFO - -> Analyzing version 2.0.0-beta.216 (52/289)...
2025-11-14 01:34:07,934 - BlankSpaceAnalyzer - INFO - -> Analyzing version 2.0.0-beta.217 (53/289)...
2025-11-14 01:34:07,986 - BlankSpaceAnalyzer - INFO - -> Analyzing version 2.0.0-beta.218 (54/289)...
2025-11-14 01:34:08,036 - BlankSpaceAnalyzer - INFO - -> Analyzing version 2.0.0-beta.219 (55/289)...
2025-11-14 01:34:08,099 - BlankSpaceAnalyzer - INFO - -> Analyzing version 2.0.0-beta.22 (56/289)...
2025-11-14 01:34:08,141 - BlankSpaceAnalyzer - INFO - -> Analyzing version 2.0.0-beta.220 (57/289)...
2025-11-14 01:34:08,190 - BlankSpaceAnalyzer - INFO - -> Analyzing version 2.0.0-beta.23 (58/289)...
2025-11-14 01:34:08,237 - BlankSpaceAnalyzer - INFO - -> Analyzing version 2.0.0-beta.24 (59/289)...
2025-11-14 01:34:08,297 - BlankSpaceAnalyzer - INFO - -> Analyzing version 2.0.0-beta.25 (60/289)...
2025-11-14 01:34:08,335 - BlankSpaceAnalyzer - INFO - -> Analyzing version 2.0.0-beta.27 (61/289)...
2025-11-14 01:34:08,336 - BlankSpaceAnalyzer - INFO - -> Analyzing version 2.0.0-beta.28 (62/289)...
2025-11-14 01:34:08,386 - BlankSpaceAnalyzer - INFO - -> Analyzing version 2.0.0-beta.29 (63/289)...
2025-11-14 01:34:08,447 - BlankSpaceAnalyzer - INFO - -> Analyzing version 2.0.0-beta.3 (64/289)...
2025-11-14 01:34:08,508 - BlankSpaceAnalyzer - INFO - -> Analyzing version 2.0.0-beta.31 (65/289)...
2025-11-14 01:34:08,551 - BlankSpaceAnalyzer - INFO - -> Analyzing version 2.0.0-beta.4 (66/289)...
2025-11-14 01:34:08,605 - BlankSpaceAnalyzer - INFO - -> Analyzing version 2.0.0-beta.5 (67/289)...
2025-11-14 01:34:08,652 - BlankSpaceAnalyzer - INFO - -> Analyzing version 2.0.0-beta.6 (68/289)...
2025-11-14 01:34:08,723 - BlankSpaceAnalyzer - INFO - -> Analyzing version 2.0.0-beta.7 (69/289)...
2025-11-14 01:34:08,761 - BlankSpaceAnalyzer - INFO - -> Analyzing version 2.0.0-beta.8 (70/289)...
2025-11-14 01:34:08,811 - BlankSpaceAnalyzer - INFO - -> Analyzing version 2.0.0-beta.9 (71/289)...
2025-11-14 01:34:08,860 - BlankSpaceAnalyzer - INFO - -> Analyzing version 2.0.0-rc.1 (72/289)...
2025-11-14 01:34:08,924 - BlankSpaceAnalyzer - INFO - -> Analyzing version 2.0.0-rc.2 (73/289)...
2025-11-14 01:34:08,962 - BlankSpaceAnalyzer - INFO - -> Analyzing version 2.0.0-rc.3 (74/289)...
2025-11-14 01:34:09,013 - BlankSpaceAnalyzer - INFO - -> Analyzing version 2.0.1 (75/289)...
2025-11-14 01:34:09,061 - BlankSpaceAnalyzer - INFO - -> Analyzing version 2.0.2 (76/289)...
2025-11-14 01:34:09,121 - BlankSpaceAnalyzer - INFO - -> Analyzing version 2.0.3 (77/289)...
2025-11-14 01:34:09,160 - BlankSpaceAnalyzer - INFO - -> Analyzing version 2.0.4 (78/289)...
2025-11-14 01:34:09,209 - BlankSpaceAnalyzer - INFO - -> Analyzing version 2.1.0 (79/289)...
2025-11-14 01:34:09,257 - BlankSpaceAnalyzer - INFO - -> Analyzing version 2.1.0-rc.0 (80/289)...
2025-11-14 01:34:09,320 - BlankSpaceAnalyzer - INFO - -> Analyzing version 2.1.0-rc.1 (81/289)...
2025-11-14 01:34:09,369 - BlankSpaceAnalyzer - INFO - -> Analyzing version 2.1.0-rc.10 (82/289)...
2025-11-14 01:34:09,439 - BlankSpaceAnalyzer - INFO - -> Analyzing version 2.1.0-rc.11 (83/289)...
2025-11-14 01:34:09,487 - BlankSpaceAnalyzer - INFO - -> Analyzing version 2.1.0-rc.12 (84/289)...
2025-11-14 01:34:09,539 - BlankSpaceAnalyzer - INFO - -> Analyzing version 2.1.0-rc.13 (85/289)...
2025-11-14 01:34:09,596 - BlankSpaceAnalyzer - INFO - -> Analyzing version 2.1.0-rc.14 (86/289)...
2025-11-14 01:34:09,647 - BlankSpaceAnalyzer - INFO - -> Analyzing version 2.1.0-rc.2 (87/289)...
2025-11-14 01:34:09,703 - BlankSpaceAnalyzer - INFO - -> Analyzing version 2.1.0-rc.3 (88/289)...
2025-11-14 01:34:09,755 - BlankSpaceAnalyzer - INFO - -> Analyzing version 2.1.0-rc.4 (89/289)...
2025-11-14 01:34:09,815 - BlankSpaceAnalyzer - INFO - -> Analyzing version 2.1.0-rc.5 (90/289)...
2025-11-14 01:34:09,865 - BlankSpaceAnalyzer - INFO - -> Analyzing version 2.1.0-rc.8 (91/289)...
2025-11-14 01:34:09,926 - BlankSpaceAnalyzer - INFO - -> Analyzing version 2.1.0-rc.9 (92/289)...
2025-11-14 01:34:09,976 - BlankSpaceAnalyzer - INFO - -> Analyzing version 2.1.1 (93/289)...
2025-11-14 01:34:10,036 - BlankSpaceAnalyzer - INFO - -> Analyzing version 2.1.10 (94/289)...
2025-11-14 01:34:10,086 - BlankSpaceAnalyzer - INFO - -> Analyzing version 2.1.11 (95/289)...
2025-11-14 01:34:10,146 - BlankSpaceAnalyzer - INFO - -> Analyzing version 2.1.12 (96/289)...
2025-11-14 01:34:10,196 - BlankSpaceAnalyzer - INFO - -> Analyzing version 2.1.13 (97/289)...
2025-11-14 01:34:10,253 - BlankSpaceAnalyzer - INFO - -> Analyzing version 2.1.14 (98/289)...
2025-11-14 01:34:10,301 - BlankSpaceAnalyzer - INFO - -> Analyzing version 2.1.15 (99/289)...
2025-11-14 01:34:10,363 - BlankSpaceAnalyzer - INFO - -> Analyzing version 2.1.16 (100/289)...
2025-11-14 01:34:10,411 - BlankSpaceAnalyzer - INFO - -> Analyzing version 2.1.2 (101/289)...
2025-11-14 01:34:10,462 - BlankSpaceAnalyzer - INFO - -> Analyzing version 2.1.3 (102/289)...
2025-11-14 01:34:10,519 - BlankSpaceAnalyzer - INFO - -> Analyzing version 2.1.4 (103/289)...
2025-11-14 01:34:10,566 - BlankSpaceAnalyzer - INFO - -> Analyzing version 2.1.6 (104/289)...
2025-11-14 01:34:10,630 - BlankSpaceAnalyzer - INFO - -> Analyzing version 2.1.7 (105/289)...
2025-11-14 01:34:10,679 - BlankSpaceAnalyzer - INFO - -> Analyzing version 2.1.8 (106/289)...
2025-11-14 01:34:10,738 - BlankSpaceAnalyzer - INFO - -> Analyzing version 2.1.9 (107/289)...
2025-11-14 01:34:10,787 - BlankSpaceAnalyzer - INFO - -> Analyzing version 2.10.0 (108/289)...
2025-11-14 01:34:10,838 - BlankSpaceAnalyzer - INFO - -> Analyzing version 2.10.1 (109/289)...
2025-11-14 01:34:10,898 - BlankSpaceAnalyzer - INFO - -> Analyzing version 2.10.2 (110/289)...
2025-11-14 01:34:10,947 - BlankSpaceAnalyzer - INFO - -> Analyzing version 2.10.3 (111/289)...
2025-11-14 01:34:11,009 - BlankSpaceAnalyzer - INFO - -> Analyzing version 2.10.4 (112/289)...
2025-11-14 01:34:11,056 - BlankSpaceAnalyzer - INFO - -> Analyzing version 2.11.0 (113/289)...
2025-11-14 01:34:11,118 - BlankSpaceAnalyzer - INFO - -> Analyzing version 2.11.1 (114/289)...
2025-11-14 01:34:11,165 - BlankSpaceAnalyzer - INFO - -> Analyzing version 2.11.2 (115/289)...
2025-11-14 01:34:11,215 - BlankSpaceAnalyzer - INFO - -> Analyzing version 2.11.3 (116/289)...
2025-11-14 01:34:11,276 - BlankSpaceAnalyzer - INFO - -> Analyzing version 2.11.4 (117/289)...
2025-11-14 01:34:11,324 - BlankSpaceAnalyzer - INFO - -> Analyzing version 2.11.5 (118/289)...
2025-11-14 01:34:11,382 - BlankSpaceAnalyzer - INFO - -> Analyzing version 2.11.6 (119/289)...
2025-11-14 01:34:11,430 - BlankSpaceAnalyzer - INFO - -> Analyzing version 2.11.7 (120/289)...
2025-11-14 01:34:11,483 - BlankSpaceAnalyzer - INFO - -> Analyzing version 2.11.9 (121/289)...
2025-11-14 01:34:11,537 - BlankSpaceAnalyzer - INFO - -> Analyzing version 2.12.0 (122/289)...
2025-11-14 01:34:11,586 - BlankSpaceAnalyzer - INFO - -> Analyzing version 2.13.0 (123/289)...
2025-11-14 01:34:11,650 - BlankSpaceAnalyzer - INFO - -> Analyzing version 2.14.0 (124/289)...
2025-11-14 01:34:11,699 - BlankSpaceAnalyzer - INFO - -> Analyzing version 2.14.1 (125/289)...
2025-11-14 01:34:11,763 - BlankSpaceAnalyzer - INFO - -> Analyzing version 2.2.0 (126/289)...
2025-11-14 01:34:11,822 - BlankSpaceAnalyzer - INFO - -> Analyzing version 2.2.0-rc.3 (127/289)...
2025-11-14 01:34:11,883 - BlankSpaceAnalyzer - INFO - -> Analyzing version 2.2.0-rc.4 (128/289)...
2025-11-14 01:34:11,949 - BlankSpaceAnalyzer - INFO - -> Analyzing version 2.2.0-rc.5 (129/289)...
2025-11-14 01:34:11,996 - BlankSpaceAnalyzer - INFO - -> Analyzing version 2.2.0-rc.6 (130/289)...
2025-11-14 01:34:12,047 - BlankSpaceAnalyzer - INFO - -> Analyzing version 2.2.0-rc.7 (131/289)...
2025-11-14 01:34:12,103 - BlankSpaceAnalyzer - INFO - -> Analyzing version 2.2.0-rc.8 (132/289)...
2025-11-14 01:34:12,149 - BlankSpaceAnalyzer - INFO - -> Analyzing version 2.2.1 (133/289)...
2025-11-14 01:34:12,213 - BlankSpaceAnalyzer - INFO - -> Analyzing version 2.2.2 (134/289)...
2025-11-14 01:34:12,261 - BlankSpaceAnalyzer - INFO - -> Analyzing version 2.2.3 (135/289)...
2025-11-14 01:34:12,314 - BlankSpaceAnalyzer - INFO - -> Analyzing version 2.2.4 (136/289)...
2025-11-14 01:34:12,369 - BlankSpaceAnalyzer - INFO - -> Analyzing version 2.2.5 (137/289)...
2025-11-14 01:34:12,416 - BlankSpaceAnalyzer - INFO - -> Analyzing version 2.2.6 (138/289)...
2025-11-14 01:34:12,476 - BlankSpaceAnalyzer - INFO - -> Analyzing version 2.22.0 (139/289)...
2025-11-14 01:34:12,524 - BlankSpaceAnalyzer - INFO - -> Analyzing version 2.22.1 (140/289)...
2025-11-14 01:34:12,588 - BlankSpaceAnalyzer - INFO - -> Analyzing version 2.22.2 (141/289)...
2025-11-14 01:34:12,636 - BlankSpaceAnalyzer - INFO - -> Analyzing version 2.22.3 (142/289)...
2025-11-14 01:34:12,686 - BlankSpaceAnalyzer - INFO - -> Analyzing version 2.23.0 (143/289)...
2025-11-14 01:34:12,746 - BlankSpaceAnalyzer - INFO - -> Analyzing version 2.23.1 (144/289)...
2025-11-14 01:34:12,795 - BlankSpaceAnalyzer - INFO - -> Analyzing version 2.24.0 (145/289)...
2025-11-14 01:34:12,858 - BlankSpaceAnalyzer - INFO - -> Analyzing version 2.24.1 (146/289)...
2025-11-14 01:34:12,908 - BlankSpaceAnalyzer - INFO - -> Analyzing version 2.24.2 (147/289)...
2025-11-14 01:34:12,968 - BlankSpaceAnalyzer - INFO - -> Analyzing version 2.25.0 (148/289)...
2025-11-14 01:34:13,011 - BlankSpaceAnalyzer - INFO - -> Analyzing version 2.25.1 (149/289)...
2025-11-14 01:34:13,051 - BlankSpaceAnalyzer - INFO - -> Analyzing version 2.26.0 (150/289)...
2025-11-14 01:34:13,090 - BlankSpaceAnalyzer - INFO - -> Analyzing version 2.26.1 (151/289)...
2025-11-14 01:34:13,129 - BlankSpaceAnalyzer - INFO - -> Analyzing version 2.26.2 (152/289)...
2025-11-14 01:34:13,169 - BlankSpaceAnalyzer - INFO - -> Analyzing version 2.26.3 (153/289)...
2025-11-14 01:34:13,208 - BlankSpaceAnalyzer - INFO - -> Analyzing version 2.26.4 (154/289)...
2025-11-14 01:34:13,248 - BlankSpaceAnalyzer - INFO - -> Analyzing version 2.27.0 (155/289)...
2025-11-14 01:34:13,287 - BlankSpaceAnalyzer - INFO - -> Analyzing version 2.27.1 (156/289)...
2025-11-14 01:34:13,326 - BlankSpaceAnalyzer - INFO - -> Analyzing version 2.3.0 (157/289)...
2025-11-14 01:34:13,363 - BlankSpaceAnalyzer - INFO - -> Analyzing version 2.3.1 (158/289)...
2025-11-14 01:34:13,403 - BlankSpaceAnalyzer - INFO - -> Analyzing version 2.3.2 (159/289)...
2025-11-14 01:34:13,442 - BlankSpaceAnalyzer - INFO - -> Analyzing version 2.4.0 (160/289)...
2025-11-14 01:34:13,481 - BlankSpaceAnalyzer - INFO - -> Analyzing version 2.5.0 (161/289)...
2025-11-14 01:34:13,525 - BlankSpaceAnalyzer - INFO - -> Analyzing version 2.5.0-beta.0 (162/289)...
2025-11-14 01:34:13,580 - BlankSpaceAnalyzer - INFO - -> Analyzing version 2.5.0-beta.1 (163/289)...
2025-11-14 01:34:13,636 - BlankSpaceAnalyzer - INFO - -> Analyzing version 2.5.0-beta.2 (164/289)...
2025-11-14 01:34:13,678 - BlankSpaceAnalyzer - INFO - -> Analyzing version 2.5.0-beta.3 (165/289)...
2025-11-14 01:34:13,721 - BlankSpaceAnalyzer - INFO - -> Analyzing version 2.5.0-beta.4 (166/289)...
2025-11-14 01:34:13,767 - BlankSpaceAnalyzer - INFO - -> Analyzing version 2.5.0-beta.5 (167/289)...
2025-11-14 01:34:13,812 - BlankSpaceAnalyzer - INFO - -> Analyzing version 2.5.0-beta.6 (168/289)...
2025-11-14 01:34:13,858 - BlankSpaceAnalyzer - INFO - -> Analyzing version 2.5.0-pre.10 (169/289)...
2025-11-14 01:34:13,903 - BlankSpaceAnalyzer - INFO - -> Analyzing version 2.5.0-pre.11 (170/289)...
2025-11-14 01:34:13,949 - BlankSpaceAnalyzer - INFO - -> Analyzing version 2.5.0-pre.13 (171/289)...
2025-11-14 01:34:13,998 - BlankSpaceAnalyzer - INFO - -> Analyzing version 2.5.0-pre.14 (172/289)...
2025-11-14 01:34:14,045 - BlankSpaceAnalyzer - INFO - -> Analyzing version 2.5.0-pre.15 (173/289)...
2025-11-14 01:34:14,093 - BlankSpaceAnalyzer - INFO - -> Analyzing version 2.5.0-pre.16 (174/289)...
2025-11-14 01:34:14,140 - BlankSpaceAnalyzer - INFO - -> Analyzing version 2.5.0-pre.8 (175/289)...
2025-11-14 01:34:14,186 - BlankSpaceAnalyzer - INFO - -> Analyzing version 2.5.0-pre.9 (176/289)...
2025-11-14 01:34:14,232 - BlankSpaceAnalyzer - INFO - -> Analyzing version 2.5.1 (177/289)...
2025-11-14 01:34:14,276 - BlankSpaceAnalyzer - INFO - -> Analyzing version 2.5.2 (178/289)...
2025-11-14 01:34:14,315 - BlankSpaceAnalyzer - INFO - -> Analyzing version 2.5.3 (179/289)...
2025-11-14 01:34:14,356 - BlankSpaceAnalyzer - INFO - -> Analyzing version 2.5.4 (180/289)...
2025-11-14 01:34:14,396 - BlankSpaceAnalyzer - INFO - -> Analyzing version 2.5.5 (181/289)...
2025-11-14 01:34:14,437 - BlankSpaceAnalyzer - INFO - -> Analyzing version 2.5.6 (182/289)...
2025-11-14 01:34:14,477 - BlankSpaceAnalyzer - INFO - -> Analyzing version 2.5.7 (183/289)...
2025-11-14 01:34:14,517 - BlankSpaceAnalyzer - INFO - -> Analyzing version 2.5.8 (184/289)...
2025-11-14 01:34:14,558 - BlankSpaceAnalyzer - INFO - -> Analyzing version 2.5.9 (185/289)...
2025-11-14 01:34:14,600 - BlankSpaceAnalyzer - INFO - -> Analyzing version 2.6.0 (186/289)...
2025-11-14 01:34:14,640 - BlankSpaceAnalyzer - INFO - -> Analyzing version 2.6.1 (187/289)...
2025-11-14 01:34:14,682 - BlankSpaceAnalyzer - INFO - -> Analyzing version 2.6.2 (188/289)...
2025-11-14 01:34:14,725 - BlankSpaceAnalyzer - INFO - -> Analyzing version 2.6.3 (189/289)...
2025-11-14 01:34:14,766 - BlankSpaceAnalyzer - INFO - -> Analyzing version 2.6.4 (190/289)...
2025-11-14 01:34:14,810 - BlankSpaceAnalyzer - INFO - -> Analyzing version 2.6.5 (191/289)...
2025-11-14 01:34:14,851 - BlankSpaceAnalyzer - INFO - -> Analyzing version 2.6.6 (192/289)...
2025-11-14 01:34:14,891 - BlankSpaceAnalyzer - INFO - -> Analyzing version 2.7.0 (193/289)...
2025-11-14 01:34:14,932 - BlankSpaceAnalyzer - INFO - -> Analyzing version 2.7.0-pre.0 (194/289)...
2025-11-14 01:34:14,973 - BlankSpaceAnalyzer - INFO - -> Analyzing version 2.7.1 (195/289)...
2025-11-14 01:34:15,014 - BlankSpaceAnalyzer - INFO - -> Analyzing version 2.7.2 (196/289)...
2025-11-14 01:34:15,055 - BlankSpaceAnalyzer - INFO - -> Analyzing version 2.7.3 (197/289)...
2025-11-14 01:34:15,096 - BlankSpaceAnalyzer - INFO - -> Analyzing version 2.7.4 (198/289)...
2025-11-14 01:34:15,137 - BlankSpaceAnalyzer - INFO - -> Analyzing version 2.8.0 (199/289)...
2025-11-14 01:34:15,178 - BlankSpaceAnalyzer - INFO - -> Analyzing version 2.9.0 (200/289)...
2025-11-14 01:34:15,219 - BlankSpaceAnalyzer - INFO - -> Analyzing version 2.9.1 (201/289)...
2025-11-14 01:34:15,259 - BlankSpaceAnalyzer - INFO - -> Analyzing version 3.0.0 (202/289)...
2025-11-14 01:34:15,301 - BlankSpaceAnalyzer - INFO - -> Analyzing version 3.0.0-beta.0 (203/289)...
2025-11-14 01:34:15,301 - BlankSpaceAnalyzer - INFO - -> Analyzing version 3.0.0-beta.1 (204/289)...
2025-11-14 01:34:15,302 - BlankSpaceAnalyzer - INFO - -> Analyzing version 3.0.0-beta.10 (205/289)...
2025-11-14 01:34:15,302 - BlankSpaceAnalyzer - INFO - -> Analyzing version 3.0.0-beta.11 (206/289)...
2025-11-14 01:34:15,302 - BlankSpaceAnalyzer - INFO - -> Analyzing version 3.0.0-beta.12 (207/289)...
2025-11-14 01:34:15,303 - BlankSpaceAnalyzer - INFO - -> Analyzing version 3.0.0-beta.14 (208/289)...
2025-11-14 01:34:15,303 - BlankSpaceAnalyzer - INFO - -> Analyzing version 3.0.0-beta.15 (209/289)...
2025-11-14 01:34:15,303 - BlankSpaceAnalyzer - INFO - -> Analyzing version 3.0.0-beta.16 (210/289)...
2025-11-14 01:34:15,303 - BlankSpaceAnalyzer - INFO - -> Analyzing version 3.0.0-beta.17 (211/289)...
2025-11-14 01:34:15,304 - BlankSpaceAnalyzer - INFO - -> Analyzing version 3.0.0-beta.18 (212/289)...
2025-11-14 01:34:15,304 - BlankSpaceAnalyzer - INFO - -> Analyzing version 3.0.0-beta.19 (213/289)...
2025-11-14 01:34:15,304 - BlankSpaceAnalyzer - INFO - -> Analyzing version 3.0.0-beta.2 (214/289)...
2025-11-14 01:34:15,305 - BlankSpaceAnalyzer - INFO - -> Analyzing version 3.0.0-beta.21 (215/289)...
2025-11-14 01:34:15,305 - BlankSpaceAnalyzer - INFO - -> Analyzing version 3.0.0-beta.22 (216/289)...
2025-11-14 01:34:15,305 - BlankSpaceAnalyzer - INFO - -> Analyzing version 3.0.0-beta.23 (217/289)...
2025-11-14 01:34:15,305 - BlankSpaceAnalyzer - INFO - -> Analyzing version 3.0.0-beta.24 (218/289)...
2025-11-14 01:34:15,306 - BlankSpaceAnalyzer - INFO - -> Analyzing version 3.0.0-beta.25 (219/289)...
2025-11-14 01:34:15,306 - BlankSpaceAnalyzer - INFO - -> Analyzing version 3.0.0-beta.26 (220/289)...
2025-11-14 01:34:15,306 - BlankSpaceAnalyzer - INFO - -> Analyzing version 3.0.0-beta.27 (221/289)...
2025-11-14 01:34:15,306 - BlankSpaceAnalyzer - INFO - -> Analyzing version 3.0.0-beta.28 (222/289)...
2025-11-14 01:34:15,307 - BlankSpaceAnalyzer - INFO - -> Analyzing version 3.0.0-beta.29 (223/289)...
2025-11-14 01:34:15,307 - BlankSpaceAnalyzer - INFO - -> Analyzing version 3.0.0-beta.3 (224/289)...
2025-11-14 01:34:15,307 - BlankSpaceAnalyzer - INFO - -> Analyzing version 3.0.0-beta.30 (225/289)...
2025-11-14 01:34:15,308 - BlankSpaceAnalyzer - INFO - -> Analyzing version 3.0.0-beta.4 (226/289)...
2025-11-14 01:34:15,308 - BlankSpaceAnalyzer - INFO - -> Analyzing version 3.0.0-beta.5 (227/289)...
2025-11-14 01:34:15,308 - BlankSpaceAnalyzer - INFO - -> Analyzing version 3.0.0-beta.6 (228/289)...
2025-11-14 01:34:15,308 - BlankSpaceAnalyzer - INFO - -> Analyzing version 3.0.0-beta.7 (229/289)...
2025-11-14 01:34:15,309 - BlankSpaceAnalyzer - INFO - -> Analyzing version 3.0.0-beta.8 (230/289)...
2025-11-14 01:34:15,309 - BlankSpaceAnalyzer - INFO - -> Analyzing version 3.0.0-beta.9 (231/289)...
2025-11-14 01:34:15,309 - BlankSpaceAnalyzer - INFO - -> Analyzing version 3.0.0-next.0 (232/289)...
2025-11-14 01:34:15,351 - BlankSpaceAnalyzer - INFO - -> Analyzing version 3.0.0-next.1 (233/289)...
2025-11-14 01:34:15,351 - BlankSpaceAnalyzer - INFO - -> Analyzing version 3.0.0-next.2 (234/289)...
2025-11-14 01:34:15,352 - BlankSpaceAnalyzer - INFO - -> Analyzing version 3.0.0-next.3 (235/289)...
2025-11-14 01:34:15,352 - BlankSpaceAnalyzer - INFO - -> Analyzing version 3.0.0-next.4 (236/289)...
2025-11-14 01:34:15,352 - BlankSpaceAnalyzer - INFO - -> Analyzing version 3.0.0-next.5 (237/289)...
2025-11-14 01:34:15,353 - BlankSpaceAnalyzer - INFO - -> Analyzing version 3.0.0-next.6 (238/289)...
2025-11-14 01:34:15,353 - BlankSpaceAnalyzer - INFO - -> Analyzing version 3.0.0-next.7 (239/289)...
2025-11-14 01:34:15,353 - BlankSpaceAnalyzer - INFO - -> Analyzing version 3.0.0-next.8 (240/289)...
2025-11-14 01:34:15,353 - BlankSpaceAnalyzer - INFO - -> Analyzing version 3.0.1 (241/289)...
2025-11-14 01:34:15,354 - BlankSpaceAnalyzer - INFO - -> Analyzing version 3.0.2 (242/289)...
2025-11-14 01:34:15,354 - BlankSpaceAnalyzer - INFO - -> Analyzing version 3.0.2-beta.0 (243/289)...
2025-11-14 01:34:15,354 - BlankSpaceAnalyzer - INFO - -> Analyzing version 3.0.3 (244/289)...
2025-11-14 01:34:15,355 - BlankSpaceAnalyzer - INFO - -> Analyzing version 3.0.4 (245/289)...
2025-11-14 01:34:15,355 - BlankSpaceAnalyzer - INFO - -> Analyzing version 3.0.5 (246/289)...
2025-11-14 01:34:15,355 - BlankSpaceAnalyzer - INFO - -> Analyzing version 3.0.6 (247/289)...
2025-11-14 01:34:15,355 - BlankSpaceAnalyzer - INFO - -> Analyzing version 3.0.7 (248/289)...
2025-11-14 01:34:15,356 - BlankSpaceAnalyzer - INFO - -> Analyzing version 3.0.8 (249/289)...
2025-11-14 01:34:15,356 - BlankSpaceAnalyzer - INFO - -> Analyzing version 3.0.9 (250/289)...
2025-11-14 01:34:15,356 - BlankSpaceAnalyzer - INFO - -> Analyzing version 3.1.0 (251/289)...
2025-11-14 01:34:15,357 - BlankSpaceAnalyzer - INFO - -> Analyzing version 3.10.0 (252/289)...
2025-11-14 01:34:15,357 - BlankSpaceAnalyzer - INFO - -> Analyzing version 3.10.1 (253/289)...
2025-11-14 01:34:15,357 - BlankSpaceAnalyzer - INFO - -> Analyzing version 3.10.2 (254/289)...
2025-11-14 01:34:15,357 - BlankSpaceAnalyzer - INFO - -> Analyzing version 3.10.3 (255/289)...
2025-11-14 01:34:15,358 - BlankSpaceAnalyzer - INFO - -> Analyzing version 3.10.4 (256/289)...
2025-11-14 01:34:15,358 - BlankSpaceAnalyzer - INFO - -> Analyzing version 3.10.5 (257/289)...
2025-11-14 01:34:15,358 - BlankSpaceAnalyzer - INFO - -> Analyzing version 3.10.6 (258/289)...
2025-11-14 01:34:15,358 - BlankSpaceAnalyzer - INFO - -> Analyzing version 3.10.7 (259/289)...
2025-11-14 01:34:15,359 - BlankSpaceAnalyzer - INFO - -> Analyzing version 3.2.0 (260/289)...
2025-11-14 01:34:15,359 - BlankSpaceAnalyzer - INFO - -> Analyzing version 3.2.1 (261/289)...
2025-11-14 01:34:15,359 - BlankSpaceAnalyzer - INFO - -> Analyzing version 3.2.2 (262/289)...
2025-11-14 01:34:15,360 - BlankSpaceAnalyzer - INFO - -> Analyzing version 3.3.0 (263/289)...
2025-11-14 01:34:15,360 - BlankSpaceAnalyzer - INFO - -> Analyzing version 3.3.1 (264/289)...
2025-11-14 01:34:15,360 - BlankSpaceAnalyzer - INFO - -> Analyzing version 3.4.0 (265/289)...
2025-11-14 01:34:15,360 - BlankSpaceAnalyzer - INFO - -> Analyzing version 3.4.1 (266/289)...
2025-11-14 01:34:15,361 - BlankSpaceAnalyzer - INFO - -> Analyzing version 3.4.2 (267/289)...
2025-11-14 01:34:15,361 - BlankSpaceAnalyzer - INFO - -> Analyzing version 3.4.3 (268/289)...
2025-11-14 01:34:15,361 - BlankSpaceAnalyzer - INFO - -> Analyzing version 3.4.4 (269/289)...
2025-11-14 01:34:15,362 - BlankSpaceAnalyzer - INFO - -> Analyzing version 3.4.5 (270/289)...
2025-11-14 01:34:15,362 - BlankSpaceAnalyzer - INFO - -> Analyzing version 3.4.6 (271/289)...
2025-11-14 01:34:15,362 - BlankSpaceAnalyzer - INFO - -> Analyzing version 3.5.0 (272/289)...
2025-11-14 01:34:15,362 - BlankSpaceAnalyzer - INFO - -> Analyzing version 3.5.1 (273/289)...
2025-11-14 01:34:15,363 - BlankSpaceAnalyzer - INFO - -> Analyzing version 3.5.2 (274/289)...
2025-11-14 01:34:15,363 - BlankSpaceAnalyzer - INFO - -> Analyzing version 3.5.3 (275/289)...
2025-11-14 01:34:15,363 - BlankSpaceAnalyzer - INFO - -> Analyzing version 3.6.0 (276/289)...
2025-11-14 01:34:15,364 - BlankSpaceAnalyzer - INFO - -> Analyzing version 3.6.1 (277/289)...
2025-11-14 01:34:15,364 - BlankSpaceAnalyzer - INFO - -> Analyzing version 3.6.2 (278/289)...
2025-11-14 01:34:15,364 - BlankSpaceAnalyzer - INFO - -> Analyzing version 3.6.3 (279/289)...
2025-11-14 01:34:15,365 - BlankSpaceAnalyzer - INFO - -> Analyzing version 3.6.4 (280/289)...
2025-11-14 01:34:15,365 - BlankSpaceAnalyzer - INFO - -> Analyzing version 3.6.5 (281/289)...
2025-11-14 01:34:15,365 - BlankSpaceAnalyzer - INFO - -> Analyzing version 3.6.6 (282/289)...
2025-11-14 01:34:15,365 - BlankSpaceAnalyzer - INFO - -> Analyzing version 3.6.7 (283/289)...
2025-11-14 01:34:15,366 - BlankSpaceAnalyzer - INFO - -> Analyzing version 3.7.0 (284/289)...
2025-11-14 01:34:15,366 - BlankSpaceAnalyzer - INFO - -> Analyzing version 3.7.1 (285/289)...
2025-11-14 01:34:15,366 - BlankSpaceAnalyzer - INFO - -> Analyzing version 3.7.2 (286/289)...
2025-11-14 01:34:15,366 - BlankSpaceAnalyzer - INFO - -> Analyzing version 3.8.0 (287/289)...
2025-11-14 01:34:15,367 - BlankSpaceAnalyzer - INFO - -> Analyzing version 3.9.0 (288/289)...
2025-11-14 01:34:15,367 - BlankSpaceAnalyzer - INFO - -> Analyzing version 3.9.1 (289/289)...
2025-11-14 01:34:15,368 - BlankSpaceAnalyzer - INFO - Exporting results for '@tiptap/extension-text-align' to CSV...
2025-11-14 01:34:15,655 - BlankSpaceAnalyzer - INFO - Reports saved in: /app/npm_results/@tiptap_extension-text-align
2025-11-14 01:34:15,656 - NPM_Analyzer - INFO - Cleaning temporary folder 'temp/@tiptap_extension-text-align'...
2025-11-14 01:34:15,874 - NPM_Analyzer - INFO - Cleanup completed.
2025-11-14 11:54:37,880 - NPM_Analyzer - INFO - Fetching metadata for '@tiptap/extension-text-align'...
2025-11-14 11:54:38,158 - NPM_Analyzer - INFO - Found 289 versions. Starting download into 'temp/@tiptap_extension-text-align'...
2025-11-14 11:58:38,823 - BlankSpaceAnalyzer - INFO - Analyzing 289 versions for '*.js' in '@tiptap_extension-text-align'.
2025-11-14 11:58:38,823 - BlankSpaceAnalyzer - INFO - -> Analyzing version 1.0.0-alpha.1 (1/289)...
2025-11-14 11:58:38,878 - BlankSpaceAnalyzer - INFO - -> Analyzing version 1.0.0-alpha.2 (2/289)...
2025-11-14 11:58:38,911 - BlankSpaceAnalyzer - INFO - -> Analyzing version 2.0.0 (3/289)...
2025-11-14 11:58:38,947 - BlankSpaceAnalyzer - INFO - -> Analyzing version 2.0.0-alpha.1 (4/289)...
2025-11-14 11:58:38,983 - BlankSpaceAnalyzer - INFO - -> Analyzing version 2.0.0-alpha.10 (5/289)...
2025-11-14 11:58:39,020 - BlankSpaceAnalyzer - INFO - -> Analyzing version 2.0.0-alpha.11 (6/289)...
2025-11-14 11:58:39,055 - BlankSpaceAnalyzer - INFO - -> Analyzing version 2.0.0-alpha.12 (7/289)...
2025-11-14 11:58:39,092 - BlankSpaceAnalyzer - INFO - -> Analyzing version 2.0.0-alpha.2 (8/289)...
2025-11-14 11:58:39,127 - BlankSpaceAnalyzer - INFO - -> Analyzing version 2.0.0-alpha.3 (9/289)...
2025-11-14 11:58:39,164 - BlankSpaceAnalyzer - INFO - -> Analyzing version 2.0.0-alpha.4 (10/289)...
2025-11-14 11:58:39,200 - BlankSpaceAnalyzer - INFO - -> Analyzing version 2.0.0-alpha.5 (11/289)...
2025-11-14 11:58:39,237 - BlankSpaceAnalyzer - INFO - -> Analyzing version 2.0.0-alpha.6 (12/289)...
2025-11-14 11:58:39,273 - BlankSpaceAnalyzer - INFO - -> Analyzing version 2.0.0-alpha.7 (13/289)...
2025-11-14 11:58:39,310 - BlankSpaceAnalyzer - INFO - -> Analyzing version 2.0.0-alpha.8 (14/289)...
2025-11-14 11:58:39,348 - BlankSpaceAnalyzer - INFO - -> Analyzing version 2.0.0-alpha.9 (15/289)...
2025-11-14 11:58:39,385 - BlankSpaceAnalyzer - INFO - -> Analyzing version 2.0.0-beta.1 (16/289)...
2025-11-14 11:58:39,421 - BlankSpaceAnalyzer - INFO - -> Analyzing version 2.0.0-beta.10 (17/289)...
2025-11-14 11:58:39,457 - BlankSpaceAnalyzer - INFO - -> Analyzing version 2.0.0-beta.11 (18/289)...
2025-11-14 11:58:39,494 - BlankSpaceAnalyzer - INFO - -> Analyzing version 2.0.0-beta.12 (19/289)...
2025-11-14 11:58:39,530 - BlankSpaceAnalyzer - INFO - -> Analyzing version 2.0.0-beta.13 (20/289)...
2025-11-14 11:58:39,566 - BlankSpaceAnalyzer - INFO - -> Analyzing version 2.0.0-beta.14 (21/289)...
2025-11-14 11:58:39,601 - BlankSpaceAnalyzer - INFO - -> Analyzing version 2.0.0-beta.15 (22/289)...
2025-11-14 11:58:39,638 - BlankSpaceAnalyzer - INFO - -> Analyzing version 2.0.0-beta.16 (23/289)...
2025-11-14 11:58:39,673 - BlankSpaceAnalyzer - INFO - -> Analyzing version 2.0.0-beta.17 (24/289)...
2025-11-14 11:58:39,710 - BlankSpaceAnalyzer - INFO - -> Analyzing version 2.0.0-beta.18 (25/289)...
2025-11-14 11:58:39,745 - BlankSpaceAnalyzer - INFO - -> Analyzing version 2.0.0-beta.19 (26/289)...
2025-11-14 11:58:39,782 - BlankSpaceAnalyzer - INFO - -> Analyzing version 2.0.0-beta.194 (27/289)...
2025-11-14 11:58:39,818 - BlankSpaceAnalyzer - INFO - -> Analyzing version 2.0.0-beta.195 (28/289)...
2025-11-14 11:58:39,854 - BlankSpaceAnalyzer - INFO - -> Analyzing version 2.0.0-beta.196 (29/289)...
2025-11-14 11:58:39,891 - BlankSpaceAnalyzer - INFO - -> Analyzing version 2.0.0-beta.197 (30/289)...
2025-11-14 11:58:39,927 - BlankSpaceAnalyzer - INFO - -> Analyzing version 2.0.0-beta.198 (31/289)...
2025-11-14 11:58:39,963 - BlankSpaceAnalyzer - INFO - -> Analyzing version 2.0.0-beta.199 (32/289)...
2025-11-14 11:58:39,999 - BlankSpaceAnalyzer - INFO - -> Analyzing version 2.0.0-beta.2 (33/289)...
2025-11-14 11:58:40,036 - BlankSpaceAnalyzer - INFO - -> Analyzing version 2.0.0-beta.20 (34/289)...
2025-11-14 11:58:40,071 - BlankSpaceAnalyzer - INFO - -> Analyzing version 2.0.0-beta.200 (35/289)...
2025-11-14 11:58:40,107 - BlankSpaceAnalyzer - INFO - -> Analyzing version 2.0.0-beta.201 (36/289)...
2025-11-14 11:58:40,144 - BlankSpaceAnalyzer - INFO - -> Analyzing version 2.0.0-beta.202 (37/289)...
2025-11-14 11:58:40,180 - BlankSpaceAnalyzer - INFO - -> Analyzing version 2.0.0-beta.203 (38/289)...
2025-11-14 11:58:40,181 - BlankSpaceAnalyzer - INFO - -> Analyzing version 2.0.0-beta.204 (39/289)...
2025-11-14 11:58:40,217 - BlankSpaceAnalyzer - INFO - -> Analyzing version 2.0.0-beta.205 (40/289)...
2025-11-14 11:58:40,252 - BlankSpaceAnalyzer - INFO - -> Analyzing version 2.0.0-beta.206 (41/289)...
2025-11-14 11:58:40,288 - BlankSpaceAnalyzer - INFO - -> Analyzing version 2.0.0-beta.207 (42/289)...
2025-11-14 11:58:40,324 - BlankSpaceAnalyzer - INFO - -> Analyzing version 2.0.0-beta.208 (43/289)...
2025-11-14 11:58:40,359 - BlankSpaceAnalyzer - INFO - -> Analyzing version 2.0.0-beta.209 (44/289)...
2025-11-14 11:58:40,395 - BlankSpaceAnalyzer - INFO - -> Analyzing version 2.0.0-beta.21 (45/289)...
2025-11-14 11:58:40,431 - BlankSpaceAnalyzer - INFO - -> Analyzing version 2.0.0-beta.210 (46/289)...
2025-11-14 11:58:40,432 - BlankSpaceAnalyzer - INFO - -> Analyzing version 2.0.0-beta.211 (47/289)...
2025-11-14 11:58:40,432 - BlankSpaceAnalyzer - INFO - -> Analyzing version 2.0.0-beta.212 (48/289)...
2025-11-14 11:58:40,432 - BlankSpaceAnalyzer - INFO - -> Analyzing version 2.0.0-beta.213 (49/289)...
2025-11-14 11:58:40,432 - BlankSpaceAnalyzer - INFO - -> Analyzing version 2.0.0-beta.214 (50/289)...
2025-11-14 11:58:40,467 - BlankSpaceAnalyzer - INFO - -> Analyzing version 2.0.0-beta.215 (51/289)...
2025-11-14 11:58:40,503 - BlankSpaceAnalyzer - INFO - -> Analyzing version 2.0.0-beta.216 (52/289)...
2025-11-14 11:58:40,539 - BlankSpaceAnalyzer - INFO - -> Analyzing version 2.0.0-beta.217 (53/289)...
2025-11-14 11:58:40,574 - BlankSpaceAnalyzer - INFO - -> Analyzing version 2.0.0-beta.218 (54/289)...
2025-11-14 11:58:40,611 - BlankSpaceAnalyzer - INFO - -> Analyzing version 2.0.0-beta.219 (55/289)...
2025-11-14 11:58:40,646 - BlankSpaceAnalyzer - INFO - -> Analyzing version 2.0.0-beta.22 (56/289)...
2025-11-14 11:58:40,682 - BlankSpaceAnalyzer - INFO - -> Analyzing version 2.0.0-beta.220 (57/289)...
2025-11-14 11:58:40,718 - BlankSpaceAnalyzer - INFO - -> Analyzing version 2.0.0-beta.23 (58/289)...
2025-11-14 11:58:40,755 - BlankSpaceAnalyzer - INFO - -> Analyzing version 2.0.0-beta.24 (59/289)...
2025-11-14 11:58:40,791 - BlankSpaceAnalyzer - INFO - -> Analyzing version 2.0.0-beta.25 (60/289)...
2025-11-14 11:58:40,828 - BlankSpaceAnalyzer - INFO - -> Analyzing version 2.0.0-beta.27 (61/289)...
2025-11-14 11:58:40,828 - BlankSpaceAnalyzer - INFO - -> Analyzing version 2.0.0-beta.28 (62/289)...
2025-11-14 11:58:40,863 - BlankSpaceAnalyzer - INFO - -> Analyzing version 2.0.0-beta.29 (63/289)...
2025-11-14 11:58:40,900 - BlankSpaceAnalyzer - INFO - -> Analyzing version 2.0.0-beta.3 (64/289)...
2025-11-14 11:58:40,936 - BlankSpaceAnalyzer - INFO - -> Analyzing version 2.0.0-beta.31 (65/289)...
2025-11-14 11:58:40,973 - BlankSpaceAnalyzer - INFO - -> Analyzing version 2.0.0-beta.4 (66/289)...
2025-11-14 11:58:41,009 - BlankSpaceAnalyzer - INFO - -> Analyzing version 2.0.0-beta.5 (67/289)...
2025-11-14 11:58:41,046 - BlankSpaceAnalyzer - INFO - -> Analyzing version 2.0.0-beta.6 (68/289)...
2025-11-14 11:58:41,083 - BlankSpaceAnalyzer - INFO - -> Analyzing version 2.0.0-beta.7 (69/289)...
2025-11-14 11:58:41,121 - BlankSpaceAnalyzer - INFO - -> Analyzing version 2.0.0-beta.8 (70/289)...
2025-11-14 11:58:41,157 - BlankSpaceAnalyzer - INFO - -> Analyzing version 2.0.0-beta.9 (71/289)...
2025-11-14 11:58:41,193 - BlankSpaceAnalyzer - INFO - -> Analyzing version 2.0.0-rc.1 (72/289)...
2025-11-14 11:58:41,230 - BlankSpaceAnalyzer - INFO - -> Analyzing version 2.0.0-rc.2 (73/289)...
2025-11-14 11:58:41,265 - BlankSpaceAnalyzer - INFO - -> Analyzing version 2.0.0-rc.3 (74/289)...
2025-11-14 11:58:41,301 - BlankSpaceAnalyzer - INFO - -> Analyzing version 2.0.1 (75/289)...
2025-11-14 11:58:41,337 - BlankSpaceAnalyzer - INFO - -> Analyzing version 2.0.2 (76/289)...
2025-11-14 11:58:41,373 - BlankSpaceAnalyzer - INFO - -> Analyzing version 2.0.3 (77/289)...
2025-11-14 11:58:41,408 - BlankSpaceAnalyzer - INFO - -> Analyzing version 2.0.4 (78/289)...
2025-11-14 11:58:41,444 - BlankSpaceAnalyzer - INFO - -> Analyzing version 2.1.0 (79/289)...
2025-11-14 11:58:41,479 - BlankSpaceAnalyzer - INFO - -> Analyzing version 2.1.0-rc.0 (80/289)...
2025-11-14 11:58:41,515 - BlankSpaceAnalyzer - INFO - -> Analyzing version 2.1.0-rc.1 (81/289)...
2025-11-14 11:58:41,551 - BlankSpaceAnalyzer - INFO - -> Analyzing version 2.1.0-rc.10 (82/289)...
2025-11-14 11:58:41,587 - BlankSpaceAnalyzer - INFO - -> Analyzing version 2.1.0-rc.11 (83/289)...
2025-11-14 11:58:41,623 - BlankSpaceAnalyzer - INFO - -> Analyzing version 2.1.0-rc.12 (84/289)...
2025-11-14 11:58:41,658 - BlankSpaceAnalyzer - INFO - -> Analyzing version 2.1.0-rc.13 (85/289)...
2025-11-14 11:58:41,694 - BlankSpaceAnalyzer - INFO - -> Analyzing version 2.1.0-rc.14 (86/289)...
2025-11-14 11:58:41,729 - BlankSpaceAnalyzer - INFO - -> Analyzing version 2.1.0-rc.2 (87/289)...
2025-11-14 11:58:41,765 - BlankSpaceAnalyzer - INFO - -> Analyzing version 2.1.0-rc.3 (88/289)...
2025-11-14 11:58:41,801 - BlankSpaceAnalyzer - INFO - -> Analyzing version 2.1.0-rc.4 (89/289)...
2025-11-14 11:58:41,837 - BlankSpaceAnalyzer - INFO - -> Analyzing version 2.1.0-rc.5 (90/289)...
2025-11-14 11:58:41,874 - BlankSpaceAnalyzer - INFO - -> Analyzing version 2.1.0-rc.8 (91/289)...
2025-11-14 11:58:41,909 - BlankSpaceAnalyzer - INFO - -> Analyzing version 2.1.0-rc.9 (92/289)...
2025-11-14 11:58:41,945 - BlankSpaceAnalyzer - INFO - -> Analyzing version 2.1.1 (93/289)...
2025-11-14 11:58:41,982 - BlankSpaceAnalyzer - INFO - -> Analyzing version 2.1.10 (94/289)...
2025-11-14 11:58:42,017 - BlankSpaceAnalyzer - INFO - -> Analyzing version 2.1.11 (95/289)...
2025-11-14 11:58:42,054 - BlankSpaceAnalyzer - INFO - -> Analyzing version 2.1.12 (96/289)...
2025-11-14 11:58:42,089 - BlankSpaceAnalyzer - INFO - -> Analyzing version 2.1.13 (97/289)...
2025-11-14 11:58:42,125 - BlankSpaceAnalyzer - INFO - -> Analyzing version 2.1.14 (98/289)...
2025-11-14 11:58:42,161 - BlankSpaceAnalyzer - INFO - -> Analyzing version 2.1.15 (99/289)...
2025-11-14 11:58:42,196 - BlankSpaceAnalyzer - INFO - -> Analyzing version 2.1.16 (100/289)...
2025-11-14 11:58:42,232 - BlankSpaceAnalyzer - INFO - -> Analyzing version 2.1.2 (101/289)...
2025-11-14 11:58:42,267 - BlankSpaceAnalyzer - INFO - -> Analyzing version 2.1.3 (102/289)...
2025-11-14 11:58:42,303 - BlankSpaceAnalyzer - INFO - -> Analyzing version 2.1.4 (103/289)...
2025-11-14 11:58:42,339 - BlankSpaceAnalyzer - INFO - -> Analyzing version 2.1.6 (104/289)...
2025-11-14 11:58:42,375 - BlankSpaceAnalyzer - INFO - -> Analyzing version 2.1.7 (105/289)...
2025-11-14 11:58:42,410 - BlankSpaceAnalyzer - INFO - -> Analyzing version 2.1.8 (106/289)...
2025-11-14 11:58:42,446 - BlankSpaceAnalyzer - INFO - -> Analyzing version 2.1.9 (107/289)...
2025-11-14 11:58:42,481 - BlankSpaceAnalyzer - INFO - -> Analyzing version 2.10.0 (108/289)...
2025-11-14 11:58:42,519 - BlankSpaceAnalyzer - INFO - -> Analyzing version 2.10.1 (109/289)...
2025-11-14 11:58:42,555 - BlankSpaceAnalyzer - INFO - -> Analyzing version 2.10.2 (110/289)...
2025-11-14 11:58:42,591 - BlankSpaceAnalyzer - INFO - -> Analyzing version 2.10.3 (111/289)...
2025-11-14 11:58:42,626 - BlankSpaceAnalyzer - INFO - -> Analyzing version 2.10.4 (112/289)...
2025-11-14 11:58:42,662 - BlankSpaceAnalyzer - INFO - -> Analyzing version 2.11.0 (113/289)...
2025-11-14 11:58:42,697 - BlankSpaceAnalyzer - INFO - -> Analyzing version 2.11.1 (114/289)...
2025-11-14 11:58:42,733 - BlankSpaceAnalyzer - INFO - -> Analyzing version 2.11.2 (115/289)...
2025-11-14 11:58:42,771 - BlankSpaceAnalyzer - INFO - -> Analyzing version 2.11.3 (116/289)...
2025-11-14 11:58:42,806 - BlankSpaceAnalyzer - INFO - -> Analyzing version 2.11.4 (117/289)...
2025-11-14 11:58:42,842 - BlankSpaceAnalyzer - INFO - -> Analyzing version 2.11.5 (118/289)...
2025-11-14 11:58:42,879 - BlankSpaceAnalyzer - INFO - -> Analyzing version 2.11.6 (119/289)...
2025-11-14 11:58:42,915 - BlankSpaceAnalyzer - INFO - -> Analyzing version 2.11.7 (120/289)...
2025-11-14 11:58:42,950 - BlankSpaceAnalyzer - INFO - -> Analyzing version 2.11.9 (121/289)...
2025-11-14 11:58:42,986 - BlankSpaceAnalyzer - INFO - -> Analyzing version 2.12.0 (122/289)...
2025-11-14 11:58:43,022 - BlankSpaceAnalyzer - INFO - -> Analyzing version 2.13.0 (123/289)...
2025-11-14 11:58:43,058 - BlankSpaceAnalyzer - INFO - -> Analyzing version 2.14.0 (124/289)...
2025-11-14 11:58:43,094 - BlankSpaceAnalyzer - INFO - -> Analyzing version 2.14.1 (125/289)...
2025-11-14 11:58:43,129 - BlankSpaceAnalyzer - INFO - -> Analyzing version 2.2.0 (126/289)...
2025-11-14 11:58:43,166 - BlankSpaceAnalyzer - INFO - -> Analyzing version 2.2.0-rc.3 (127/289)...
2025-11-14 11:58:43,202 - BlankSpaceAnalyzer - INFO - -> Analyzing version 2.2.0-rc.4 (128/289)...
2025-11-14 11:58:43,237 - BlankSpaceAnalyzer - INFO - -> Analyzing version 2.2.0-rc.5 (129/289)...
2025-11-14 11:58:43,273 - BlankSpaceAnalyzer - INFO - -> Analyzing version 2.2.0-rc.6 (130/289)...
2025-11-14 11:58:43,309 - BlankSpaceAnalyzer - INFO - -> Analyzing version 2.2.0-rc.7 (131/289)...
2025-11-14 11:58:43,345 - BlankSpaceAnalyzer - INFO - -> Analyzing version 2.2.0-rc.8 (132/289)...
2025-11-14 11:58:43,381 - BlankSpaceAnalyzer - INFO - -> Analyzing version 2.2.1 (133/289)...
2025-11-14 11:58:43,417 - BlankSpaceAnalyzer - INFO - -> Analyzing version 2.2.2 (134/289)...
2025-11-14 11:58:43,453 - BlankSpaceAnalyzer - INFO - -> Analyzing version 2.2.3 (135/289)...
2025-11-14 11:58:43,489 - BlankSpaceAnalyzer - INFO - -> Analyzing version 2.2.4 (136/289)...
2025-11-14 11:58:43,525 - BlankSpaceAnalyzer - INFO - -> Analyzing version 2.2.5 (137/289)...
2025-11-14 11:58:43,561 - BlankSpaceAnalyzer - INFO - -> Analyzing version 2.2.6 (138/289)...
2025-11-14 11:58:43,597 - BlankSpaceAnalyzer - INFO - -> Analyzing version 2.22.0 (139/289)...
2025-11-14 11:58:43,633 - BlankSpaceAnalyzer - INFO - -> Analyzing version 2.22.1 (140/289)...
2025-11-14 11:58:43,668 - BlankSpaceAnalyzer - INFO - -> Analyzing version 2.22.2 (141/289)...
2025-11-14 11:58:43,704 - BlankSpaceAnalyzer - INFO - -> Analyzing version 2.22.3 (142/289)...
2025-11-14 11:58:43,741 - BlankSpaceAnalyzer - INFO - -> Analyzing version 2.23.0 (143/289)...
2025-11-14 11:58:43,777 - BlankSpaceAnalyzer - INFO - -> Analyzing version 2.23.1 (144/289)...
2025-11-14 11:58:43,813 - BlankSpaceAnalyzer - INFO - -> Analyzing version 2.24.0 (145/289)...
2025-11-14 11:58:43,849 - BlankSpaceAnalyzer - INFO - -> Analyzing version 2.24.1 (146/289)...
2025-11-14 11:58:43,884 - BlankSpaceAnalyzer - INFO - -> Analyzing version 2.24.2 (147/289)...
2025-11-14 11:58:43,920 - BlankSpaceAnalyzer - INFO - -> Analyzing version 2.25.0 (148/289)...
2025-11-14 11:58:43,956 - BlankSpaceAnalyzer - INFO - -> Analyzing version 2.25.1 (149/289)...
2025-11-14 11:58:43,991 - BlankSpaceAnalyzer - INFO - -> Analyzing version 2.26.0 (150/289)...
2025-11-14 11:58:44,027 - BlankSpaceAnalyzer - INFO - -> Analyzing version 2.26.1 (151/289)...
2025-11-14 11:58:44,063 - BlankSpaceAnalyzer - INFO - -> Analyzing version 2.26.2 (152/289)...
2025-11-14 11:58:44,099 - BlankSpaceAnalyzer - INFO - -> Analyzing version 2.26.3 (153/289)...
2025-11-14 11:58:44,134 - BlankSpaceAnalyzer - INFO - -> Analyzing version 2.26.4 (154/289)...
2025-11-14 11:58:44,170 - BlankSpaceAnalyzer - INFO - -> Analyzing version 2.27.0 (155/289)...
2025-11-14 11:58:44,207 - BlankSpaceAnalyzer - INFO - -> Analyzing version 2.27.1 (156/289)...
2025-11-14 11:58:44,242 - BlankSpaceAnalyzer - INFO - -> Analyzing version 2.3.0 (157/289)...
2025-11-14 11:58:44,278 - BlankSpaceAnalyzer - INFO - -> Analyzing version 2.3.1 (158/289)...
2025-11-14 11:58:44,314 - BlankSpaceAnalyzer - INFO - -> Analyzing version 2.3.2 (159/289)...
2025-11-14 11:58:44,350 - BlankSpaceAnalyzer - INFO - -> Analyzing version 2.4.0 (160/289)...
2025-11-14 11:58:44,386 - BlankSpaceAnalyzer - INFO - -> Analyzing version 2.5.0 (161/289)...
2025-11-14 11:58:44,422 - BlankSpaceAnalyzer - INFO - -> Analyzing version 2.5.0-beta.0 (162/289)...
2025-11-14 11:58:44,458 - BlankSpaceAnalyzer - INFO - -> Analyzing version 2.5.0-beta.1 (163/289)...
2025-11-14 11:58:44,495 - BlankSpaceAnalyzer - INFO - -> Analyzing version 2.5.0-beta.2 (164/289)...
2025-11-14 11:58:44,531 - BlankSpaceAnalyzer - INFO - -> Analyzing version 2.5.0-beta.3 (165/289)...
2025-11-14 11:58:44,567 - BlankSpaceAnalyzer - INFO - -> Analyzing version 2.5.0-beta.4 (166/289)...
2025-11-14 11:58:44,604 - BlankSpaceAnalyzer - INFO - -> Analyzing version 2.5.0-beta.5 (167/289)...
2025-11-14 11:58:44,640 - BlankSpaceAnalyzer - INFO - -> Analyzing version 2.5.0-beta.6 (168/289)...
2025-11-14 11:58:44,678 - BlankSpaceAnalyzer - INFO - -> Analyzing version 2.5.0-pre.10 (169/289)...
2025-11-14 11:58:44,715 - BlankSpaceAnalyzer - INFO - -> Analyzing version 2.5.0-pre.11 (170/289)...
2025-11-14 11:58:44,751 - BlankSpaceAnalyzer - INFO - -> Analyzing version 2.5.0-pre.13 (171/289)...
2025-11-14 11:58:44,787 - BlankSpaceAnalyzer - INFO - -> Analyzing version 2.5.0-pre.14 (172/289)...
2025-11-14 11:58:44,827 - BlankSpaceAnalyzer - INFO - -> Analyzing version 2.5.0-pre.15 (173/289)...
2025-11-14 11:58:44,864 - BlankSpaceAnalyzer - INFO - -> Analyzing version 2.5.0-pre.16 (174/289)...
2025-11-14 11:58:44,902 - BlankSpaceAnalyzer - INFO - -> Analyzing version 2.5.0-pre.8 (175/289)...
2025-11-14 11:58:44,939 - BlankSpaceAnalyzer - INFO - -> Analyzing version 2.5.0-pre.9 (176/289)...
2025-11-14 11:58:44,975 - BlankSpaceAnalyzer - INFO - -> Analyzing version 2.5.1 (177/289)...
2025-11-14 11:58:45,014 - BlankSpaceAnalyzer - INFO - -> Analyzing version 2.5.2 (178/289)...
2025-11-14 11:58:45,050 - BlankSpaceAnalyzer - INFO - -> Analyzing version 2.5.3 (179/289)...
2025-11-14 11:58:45,087 - BlankSpaceAnalyzer - INFO - -> Analyzing version 2.5.4 (180/289)...
2025-11-14 11:58:45,123 - BlankSpaceAnalyzer - INFO - -> Analyzing version 2.5.5 (181/289)...
2025-11-14 11:58:45,159 - BlankSpaceAnalyzer - INFO - -> Analyzing version 2.5.6 (182/289)...
2025-11-14 11:58:45,195 - BlankSpaceAnalyzer - INFO - -> Analyzing version 2.5.7 (183/289)...
2025-11-14 11:58:45,232 - BlankSpaceAnalyzer - INFO - -> Analyzing version 2.5.8 (184/289)...
2025-11-14 11:58:45,268 - BlankSpaceAnalyzer - INFO - -> Analyzing version 2.5.9 (185/289)...
2025-11-14 11:58:45,305 - BlankSpaceAnalyzer - INFO - -> Analyzing version 2.6.0 (186/289)...
2025-11-14 11:58:45,341 - BlankSpaceAnalyzer - INFO - -> Analyzing version 2.6.1 (187/289)...
2025-11-14 11:58:45,377 - BlankSpaceAnalyzer - INFO - -> Analyzing version 2.6.2 (188/289)...
2025-11-14 11:58:45,414 - BlankSpaceAnalyzer - INFO - -> Analyzing version 2.6.3 (189/289)...
2025-11-14 11:58:45,451 - BlankSpaceAnalyzer - INFO - -> Analyzing version 2.6.4 (190/289)...
2025-11-14 11:58:45,488 - BlankSpaceAnalyzer - INFO - -> Analyzing version 2.6.5 (191/289)...
2025-11-14 11:58:45,524 - BlankSpaceAnalyzer - INFO - -> Analyzing version 2.6.6 (192/289)...
2025-11-14 11:58:45,560 - BlankSpaceAnalyzer - INFO - -> Analyzing version 2.7.0 (193/289)...
2025-11-14 11:58:45,597 - BlankSpaceAnalyzer - INFO - -> Analyzing version 2.7.0-pre.0 (194/289)...
2025-11-14 11:58:45,633 - BlankSpaceAnalyzer - INFO - -> Analyzing version 2.7.1 (195/289)...
2025-11-14 11:58:45,670 - BlankSpaceAnalyzer - INFO - -> Analyzing version 2.7.2 (196/289)...
2025-11-14 11:58:45,706 - BlankSpaceAnalyzer - INFO - -> Analyzing version 2.7.3 (197/289)...
2025-11-14 11:58:45,744 - BlankSpaceAnalyzer - INFO - -> Analyzing version 2.7.4 (198/289)...
2025-11-14 11:58:45,779 - BlankSpaceAnalyzer - INFO - -> Analyzing version 2.8.0 (199/289)...
2025-11-14 11:58:45,815 - BlankSpaceAnalyzer - INFO - -> Analyzing version 2.9.0 (200/289)...
2025-11-14 11:58:45,852 - BlankSpaceAnalyzer - INFO - -> Analyzing version 2.9.1 (201/289)...
2025-11-14 11:58:45,887 - BlankSpaceAnalyzer - INFO - -> Analyzing version 3.0.0 (202/289)...
2025-11-14 11:58:45,924 - BlankSpaceAnalyzer - INFO - -> Analyzing version 3.0.0-beta.0 (203/289)...
2025-11-14 11:58:45,924 - BlankSpaceAnalyzer - INFO - -> Analyzing version 3.0.0-beta.1 (204/289)...
2025-11-14 11:58:45,924 - BlankSpaceAnalyzer - INFO - -> Analyzing version 3.0.0-beta.10 (205/289)...
2025-11-14 11:58:45,925 - BlankSpaceAnalyzer - INFO - -> Analyzing version 3.0.0-beta.11 (206/289)...
2025-11-14 11:58:45,925 - BlankSpaceAnalyzer - INFO - -> Analyzing version 3.0.0-beta.12 (207/289)...
2025-11-14 11:58:45,925 - BlankSpaceAnalyzer - INFO - -> Analyzing version 3.0.0-beta.14 (208/289)...
2025-11-14 11:58:45,926 - BlankSpaceAnalyzer - INFO - -> Analyzing version 3.0.0-beta.15 (209/289)...
2025-11-14 11:58:45,926 - BlankSpaceAnalyzer - INFO - -> Analyzing version 3.0.0-beta.16 (210/289)...
2025-11-14 11:58:45,926 - BlankSpaceAnalyzer - INFO - -> Analyzing version 3.0.0-beta.17 (211/289)...
2025-11-14 11:58:45,926 - BlankSpaceAnalyzer - INFO - -> Analyzing version 3.0.0-beta.18 (212/289)...
2025-11-14 11:58:45,927 - BlankSpaceAnalyzer - INFO - -> Analyzing version 3.0.0-beta.19 (213/289)...
2025-11-14 11:58:45,927 - BlankSpaceAnalyzer - INFO - -> Analyzing version 3.0.0-beta.2 (214/289)...
2025-11-14 11:58:45,927 - BlankSpaceAnalyzer - INFO - -> Analyzing version 3.0.0-beta.21 (215/289)...
2025-11-14 11:58:45,928 - BlankSpaceAnalyzer - INFO - -> Analyzing version 3.0.0-beta.22 (216/289)...
2025-11-14 11:58:45,928 - BlankSpaceAnalyzer - INFO - -> Analyzing version 3.0.0-beta.23 (217/289)...
2025-11-14 11:58:45,928 - BlankSpaceAnalyzer - INFO - -> Analyzing version 3.0.0-beta.24 (218/289)...
2025-11-14 11:58:45,928 - BlankSpaceAnalyzer - INFO - -> Analyzing version 3.0.0-beta.25 (219/289)...
2025-11-14 11:58:45,929 - BlankSpaceAnalyzer - INFO - -> Analyzing version 3.0.0-beta.26 (220/289)...
2025-11-14 11:58:45,929 - BlankSpaceAnalyzer - INFO - -> Analyzing version 3.0.0-beta.27 (221/289)...
2025-11-14 11:58:45,929 - BlankSpaceAnalyzer - INFO - -> Analyzing version 3.0.0-beta.28 (222/289)...
2025-11-14 11:58:45,930 - BlankSpaceAnalyzer - INFO - -> Analyzing version 3.0.0-beta.29 (223/289)...
2025-11-14 11:58:45,930 - BlankSpaceAnalyzer - INFO - -> Analyzing version 3.0.0-beta.3 (224/289)...
2025-11-14 11:58:45,930 - BlankSpaceAnalyzer - INFO - -> Analyzing version 3.0.0-beta.30 (225/289)...
2025-11-14 11:58:45,930 - BlankSpaceAnalyzer - INFO - -> Analyzing version 3.0.0-beta.4 (226/289)...
2025-11-14 11:58:45,931 - BlankSpaceAnalyzer - INFO - -> Analyzing version 3.0.0-beta.5 (227/289)...
2025-11-14 11:58:45,931 - BlankSpaceAnalyzer - INFO - -> Analyzing version 3.0.0-beta.6 (228/289)...
2025-11-14 11:58:45,931 - BlankSpaceAnalyzer - INFO - -> Analyzing version 3.0.0-beta.7 (229/289)...
2025-11-14 11:58:45,931 - BlankSpaceAnalyzer - INFO - -> Analyzing version 3.0.0-beta.8 (230/289)...
2025-11-14 11:58:45,932 - BlankSpaceAnalyzer - INFO - -> Analyzing version 3.0.0-beta.9 (231/289)...
2025-11-14 11:58:45,932 - BlankSpaceAnalyzer - INFO - -> Analyzing version 3.0.0-next.0 (232/289)...
2025-11-14 11:58:45,969 - BlankSpaceAnalyzer - INFO - -> Analyzing version 3.0.0-next.1 (233/289)...
2025-11-14 11:58:45,969 - BlankSpaceAnalyzer - INFO - -> Analyzing version 3.0.0-next.2 (234/289)...
2025-11-14 11:58:45,969 - BlankSpaceAnalyzer - INFO - -> Analyzing version 3.0.0-next.3 (235/289)...
2025-11-14 11:58:45,970 - BlankSpaceAnalyzer - INFO - -> Analyzing version 3.0.0-next.4 (236/289)...
2025-11-14 11:58:45,970 - BlankSpaceAnalyzer - INFO - -> Analyzing version 3.0.0-next.5 (237/289)...
2025-11-14 11:58:45,970 - BlankSpaceAnalyzer - INFO - -> Analyzing version 3.0.0-next.6 (238/289)...
2025-11-14 11:58:45,971 - BlankSpaceAnalyzer - INFO - -> Analyzing version 3.0.0-next.7 (239/289)...
2025-11-14 11:58:45,971 - BlankSpaceAnalyzer - INFO - -> Analyzing version 3.0.0-next.8 (240/289)...
2025-11-14 11:58:45,971 - BlankSpaceAnalyzer - INFO - -> Analyzing version 3.0.1 (241/289)...
2025-11-14 11:58:45,971 - BlankSpaceAnalyzer - INFO - -> Analyzing version 3.0.2 (242/289)...
2025-11-14 11:58:45,972 - BlankSpaceAnalyzer - INFO - -> Analyzing version 3.0.2-beta.0 (243/289)...
2025-11-14 11:58:45,972 - BlankSpaceAnalyzer - INFO - -> Analyzing version 3.0.3 (244/289)...
2025-11-14 11:58:45,972 - BlankSpaceAnalyzer - INFO - -> Analyzing version 3.0.4 (245/289)...
2025-11-14 11:58:45,973 - BlankSpaceAnalyzer - INFO - -> Analyzing version 3.0.5 (246/289)...
2025-11-14 11:58:45,973 - BlankSpaceAnalyzer - INFO - -> Analyzing version 3.0.6 (247/289)...
2025-11-14 11:58:45,973 - BlankSpaceAnalyzer - INFO - -> Analyzing version 3.0.7 (248/289)...
2025-11-14 11:58:45,973 - BlankSpaceAnalyzer - INFO - -> Analyzing version 3.0.8 (249/289)...
2025-11-14 11:58:45,974 - BlankSpaceAnalyzer - INFO - -> Analyzing version 3.0.9 (250/289)...
2025-11-14 11:58:45,974 - BlankSpaceAnalyzer - INFO - -> Analyzing version 3.1.0 (251/289)...
2025-11-14 11:58:45,974 - BlankSpaceAnalyzer - INFO - -> Analyzing version 3.10.0 (252/289)...
2025-11-14 11:58:45,975 - BlankSpaceAnalyzer - INFO - -> Analyzing version 3.10.1 (253/289)...
2025-11-14 11:58:45,975 - BlankSpaceAnalyzer - INFO - -> Analyzing version 3.10.2 (254/289)...
2025-11-14 11:58:45,975 - BlankSpaceAnalyzer - INFO - -> Analyzing version 3.10.3 (255/289)...
2025-11-14 11:58:45,975 - BlankSpaceAnalyzer - INFO - -> Analyzing version 3.10.4 (256/289)...
2025-11-14 11:58:45,976 - BlankSpaceAnalyzer - INFO - -> Analyzing version 3.10.5 (257/289)...
2025-11-14 11:58:45,976 - BlankSpaceAnalyzer - INFO - -> Analyzing version 3.10.6 (258/289)...
2025-11-14 11:58:45,976 - BlankSpaceAnalyzer - INFO - -> Analyzing version 3.10.7 (259/289)...
2025-11-14 11:58:45,977 - BlankSpaceAnalyzer - INFO - -> Analyzing version 3.2.0 (260/289)...
2025-11-14 11:58:45,977 - BlankSpaceAnalyzer - INFO - -> Analyzing version 3.2.1 (261/289)...
2025-11-14 11:58:45,977 - BlankSpaceAnalyzer - INFO - -> Analyzing version 3.2.2 (262/289)...
2025-11-14 11:58:45,977 - BlankSpaceAnalyzer - INFO - -> Analyzing version 3.3.0 (263/289)...
2025-11-14 11:58:45,978 - BlankSpaceAnalyzer - INFO - -> Analyzing version 3.3.1 (264/289)...
2025-11-14 11:58:45,978 - BlankSpaceAnalyzer - INFO - -> Analyzing version 3.4.0 (265/289)...
2025-11-14 11:58:45,978 - BlankSpaceAnalyzer - INFO - -> Analyzing version 3.4.1 (266/289)...
2025-11-14 11:58:45,979 - BlankSpaceAnalyzer - INFO - -> Analyzing version 3.4.2 (267/289)...
2025-11-14 11:58:45,979 - BlankSpaceAnalyzer - INFO - -> Analyzing version 3.4.3 (268/289)...
2025-11-14 11:58:45,979 - BlankSpaceAnalyzer - INFO - -> Analyzing version 3.4.4 (269/289)...
2025-11-14 11:58:45,980 - BlankSpaceAnalyzer - INFO - -> Analyzing version 3.4.5 (270/289)...
2025-11-14 11:58:45,980 - BlankSpaceAnalyzer - INFO - -> Analyzing version 3.4.6 (271/289)...
2025-11-14 11:58:45,980 - BlankSpaceAnalyzer - INFO - -> Analyzing version 3.5.0 (272/289)...
2025-11-14 11:58:45,980 - BlankSpaceAnalyzer - INFO - -> Analyzing version 3.5.1 (273/289)...
2025-11-14 11:58:45,981 - BlankSpaceAnalyzer - INFO - -> Analyzing version 3.5.2 (274/289)...
2025-11-14 11:58:45,981 - BlankSpaceAnalyzer - INFO - -> Analyzing version 3.5.3 (275/289)...
2025-11-14 11:58:45,981 - BlankSpaceAnalyzer - INFO - -> Analyzing version 3.6.0 (276/289)...
2025-11-14 11:58:45,982 - BlankSpaceAnalyzer - INFO - -> Analyzing version 3.6.1 (277/289)...
2025-11-14 11:58:45,982 - BlankSpaceAnalyzer - INFO - -> Analyzing version 3.6.2 (278/289)...
2025-11-14 11:58:45,982 - BlankSpaceAnalyzer - INFO - -> Analyzing version 3.6.3 (279/289)...
2025-11-14 11:58:45,983 - BlankSpaceAnalyzer - INFO - -> Analyzing version 3.6.4 (280/289)...
2025-11-14 11:58:45,983 - BlankSpaceAnalyzer - INFO - -> Analyzing version 3.6.5 (281/289)...
2025-11-14 11:58:45,983 - BlankSpaceAnalyzer - INFO - -> Analyzing version 3.6.6 (282/289)...
2025-11-14 11:58:45,983 - BlankSpaceAnalyzer - INFO - -> Analyzing version 3.6.7 (283/289)...
2025-11-14 11:58:45,984 - BlankSpaceAnalyzer - INFO - -> Analyzing version 3.7.0 (284/289)...
2025-11-14 11:58:45,984 - BlankSpaceAnalyzer - INFO - -> Analyzing version 3.7.1 (285/289)...
2025-11-14 11:58:45,984 - BlankSpaceAnalyzer - INFO - -> Analyzing version 3.7.2 (286/289)...
2025-11-14 11:58:45,985 - BlankSpaceAnalyzer - INFO - -> Analyzing version 3.8.0 (287/289)...
2025-11-14 11:58:45,985 - BlankSpaceAnalyzer - INFO - -> Analyzing version 3.9.0 (288/289)...
2025-11-14 11:58:45,985 - BlankSpaceAnalyzer - INFO - -> Analyzing version 3.9.1 (289/289)...
2025-11-14 11:58:45,986 - BlankSpaceAnalyzer - INFO - Exporting results for '@tiptap/extension-text-align' to CSV...
2025-11-14 11:58:46,272 - BlankSpaceAnalyzer - INFO - Reports saved in: /app/npm_results/@tiptap_extension-text-align
2025-11-14 11:58:46,272 - NPM_Analyzer - INFO - Cleaning temporary folder 'temp/@tiptap_extension-text-align'...
2025-11-14 11:58:46,478 - NPM_Analyzer - INFO - Cleanup completed.
2025-11-14 22:35:37,693 - NPM_Analyzer - INFO - Fetching metadata for '@tiptap/extension-text-align'...
2025-11-14 22:35:39,104 - NPM_Analyzer - INFO - Found 289 versions. Starting download into 'temp/@tiptap_extension-text-align'...
2025-11-14 22:39:55,023 - BlankSpaceAnalyzer - INFO - Analyzing 289 versions for '*.js' in '@tiptap_extension-text-align'.
2025-11-14 22:39:55,023 - BlankSpaceAnalyzer - INFO - -> Analyzing version 1.0.0-alpha.1 (1/289)...
2025-11-14 22:39:55,076 - BlankSpaceAnalyzer - INFO - -> Analyzing version 1.0.0-alpha.2 (2/289)...
2025-11-14 22:39:55,108 - BlankSpaceAnalyzer - INFO - -> Analyzing version 2.0.0 (3/289)...
2025-11-14 22:39:55,140 - BlankSpaceAnalyzer - INFO - -> Analyzing version 2.0.0-alpha.1 (4/289)...
2025-11-14 22:39:55,172 - BlankSpaceAnalyzer - INFO - -> Analyzing version 2.0.0-alpha.10 (5/289)...
2025-11-14 22:39:55,205 - BlankSpaceAnalyzer - INFO - -> Analyzing version 2.0.0-alpha.11 (6/289)...
2025-11-14 22:39:55,240 - BlankSpaceAnalyzer - INFO - -> Analyzing version 2.0.0-alpha.12 (7/289)...
2025-11-14 22:39:55,276 - BlankSpaceAnalyzer - INFO - -> Analyzing version 2.0.0-alpha.2 (8/289)...
2025-11-14 22:39:55,311 - BlankSpaceAnalyzer - INFO - -> Analyzing version 2.0.0-alpha.3 (9/289)...
2025-11-14 22:39:55,347 - BlankSpaceAnalyzer - INFO - -> Analyzing version 2.0.0-alpha.4 (10/289)...
2025-11-14 22:39:55,383 - BlankSpaceAnalyzer - INFO - -> Analyzing version 2.0.0-alpha.5 (11/289)...
2025-11-14 22:39:55,419 - BlankSpaceAnalyzer - INFO - -> Analyzing version 2.0.0-alpha.6 (12/289)...
2025-11-14 22:39:55,455 - BlankSpaceAnalyzer - INFO - -> Analyzing version 2.0.0-alpha.7 (13/289)...
2025-11-14 22:39:55,491 - BlankSpaceAnalyzer - INFO - -> Analyzing version 2.0.0-alpha.8 (14/289)...
2025-11-14 22:39:55,527 - BlankSpaceAnalyzer - INFO - -> Analyzing version 2.0.0-alpha.9 (15/289)...
2025-11-14 22:39:55,566 - BlankSpaceAnalyzer - INFO - -> Analyzing version 2.0.0-beta.1 (16/289)...
2025-11-14 22:39:55,602 - BlankSpaceAnalyzer - INFO - -> Analyzing version 2.0.0-beta.10 (17/289)...
2025-11-14 22:39:55,638 - BlankSpaceAnalyzer - INFO - -> Analyzing version 2.0.0-beta.11 (18/289)...
2025-11-14 22:39:55,675 - BlankSpaceAnalyzer - INFO - -> Analyzing version 2.0.0-beta.12 (19/289)...
2025-11-14 22:39:55,711 - BlankSpaceAnalyzer - INFO - -> Analyzing version 2.0.0-beta.13 (20/289)...
2025-11-14 22:39:55,747 - BlankSpaceAnalyzer - INFO - -> Analyzing version 2.0.0-beta.14 (21/289)...
2025-11-14 22:39:55,782 - BlankSpaceAnalyzer - INFO - -> Analyzing version 2.0.0-beta.15 (22/289)...
2025-11-14 22:39:55,819 - BlankSpaceAnalyzer - INFO - -> Analyzing version 2.0.0-beta.16 (23/289)...
2025-11-14 22:39:55,856 - BlankSpaceAnalyzer - INFO - -> Analyzing version 2.0.0-beta.17 (24/289)...
2025-11-14 22:39:55,891 - BlankSpaceAnalyzer - INFO - -> Analyzing version 2.0.0-beta.18 (25/289)...
2025-11-14 22:39:55,927 - BlankSpaceAnalyzer - INFO - -> Analyzing version 2.0.0-beta.19 (26/289)...
2025-11-14 22:39:55,963 - BlankSpaceAnalyzer - INFO - -> Analyzing version 2.0.0-beta.194 (27/289)...
2025-11-14 22:39:55,999 - BlankSpaceAnalyzer - INFO - -> Analyzing version 2.0.0-beta.195 (28/289)...
2025-11-14 22:39:56,035 - BlankSpaceAnalyzer - INFO - -> Analyzing version 2.0.0-beta.196 (29/289)...
2025-11-14 22:39:56,071 - BlankSpaceAnalyzer - INFO - -> Analyzing version 2.0.0-beta.197 (30/289)...
2025-11-14 22:39:56,106 - BlankSpaceAnalyzer - INFO - -> Analyzing version 2.0.0-beta.198 (31/289)...
2025-11-14 22:39:56,142 - BlankSpaceAnalyzer - INFO - -> Analyzing version 2.0.0-beta.199 (32/289)...
2025-11-14 22:39:56,178 - BlankSpaceAnalyzer - INFO - -> Analyzing version 2.0.0-beta.2 (33/289)...
2025-11-14 22:39:56,215 - BlankSpaceAnalyzer - INFO - -> Analyzing version 2.0.0-beta.20 (34/289)...
2025-11-14 22:39:56,250 - BlankSpaceAnalyzer - INFO - -> Analyzing version 2.0.0-beta.200 (35/289)...
2025-11-14 22:39:56,286 - BlankSpaceAnalyzer - INFO - -> Analyzing version 2.0.0-beta.201 (36/289)...
2025-11-14 22:39:56,322 - BlankSpaceAnalyzer - INFO - -> Analyzing version 2.0.0-beta.202 (37/289)...
2025-11-14 22:39:56,357 - BlankSpaceAnalyzer - INFO - -> Analyzing version 2.0.0-beta.203 (38/289)...
2025-11-14 22:39:56,358 - BlankSpaceAnalyzer - INFO - -> Analyzing version 2.0.0-beta.204 (39/289)...
2025-11-14 22:39:56,394 - BlankSpaceAnalyzer - INFO - -> Analyzing version 2.0.0-beta.205 (40/289)...
2025-11-14 22:39:56,431 - BlankSpaceAnalyzer - INFO - -> Analyzing version 2.0.0-beta.206 (41/289)...
2025-11-14 22:39:56,466 - BlankSpaceAnalyzer - INFO - -> Analyzing version 2.0.0-beta.207 (42/289)...
2025-11-14 22:39:56,501 - BlankSpaceAnalyzer - INFO - -> Analyzing version 2.0.0-beta.208 (43/289)...
2025-11-14 22:39:56,537 - BlankSpaceAnalyzer - INFO - -> Analyzing version 2.0.0-beta.209 (44/289)...
2025-11-14 22:39:56,573 - BlankSpaceAnalyzer - INFO - -> Analyzing version 2.0.0-beta.21 (45/289)...
2025-11-14 22:39:56,608 - BlankSpaceAnalyzer - INFO - -> Analyzing version 2.0.0-beta.210 (46/289)...
2025-11-14 22:39:56,608 - BlankSpaceAnalyzer - INFO - -> Analyzing version 2.0.0-beta.211 (47/289)...
2025-11-14 22:39:56,609 - BlankSpaceAnalyzer - INFO - -> Analyzing version 2.0.0-beta.212 (48/289)...
2025-11-14 22:39:56,609 - BlankSpaceAnalyzer - INFO - -> Analyzing version 2.0.0-beta.213 (49/289)...
2025-11-14 22:39:56,609 - BlankSpaceAnalyzer - INFO - -> Analyzing version 2.0.0-beta.214 (50/289)...
2025-11-14 22:39:56,645 - BlankSpaceAnalyzer - INFO - -> Analyzing version 2.0.0-beta.215 (51/289)...
2025-11-14 22:39:56,680 - BlankSpaceAnalyzer - INFO - -> Analyzing version 2.0.0-beta.216 (52/289)...
2025-11-14 22:39:56,716 - BlankSpaceAnalyzer - INFO - -> Analyzing version 2.0.0-beta.217 (53/289)...
2025-11-14 22:39:56,751 - BlankSpaceAnalyzer - INFO - -> Analyzing version 2.0.0-beta.218 (54/289)...
2025-11-14 22:39:56,787 - BlankSpaceAnalyzer - INFO - -> Analyzing version 2.0.0-beta.219 (55/289)...
2025-11-14 22:39:56,822 - BlankSpaceAnalyzer - INFO - -> Analyzing version 2.0.0-beta.22 (56/289)...
2025-11-14 22:39:56,858 - BlankSpaceAnalyzer - INFO - -> Analyzing version 2.0.0-beta.220 (57/289)...
2025-11-14 22:39:56,893 - BlankSpaceAnalyzer - INFO - -> Analyzing version 2.0.0-beta.23 (58/289)...
2025-11-14 22:39:56,929 - BlankSpaceAnalyzer - INFO - -> Analyzing version 2.0.0-beta.24 (59/289)...
2025-11-14 22:39:56,964 - BlankSpaceAnalyzer - INFO - -> Analyzing version 2.0.0-beta.25 (60/289)...
2025-11-14 22:39:57,000 - BlankSpaceAnalyzer - INFO - -> Analyzing version 2.0.0-beta.27 (61/289)...
2025-11-14 22:39:57,000 - BlankSpaceAnalyzer - INFO - -> Analyzing version 2.0.0-beta.28 (62/289)...
2025-11-14 22:39:57,037 - BlankSpaceAnalyzer - INFO - -> Analyzing version 2.0.0-beta.29 (63/289)...
2025-11-14 22:39:57,075 - BlankSpaceAnalyzer - INFO - -> Analyzing version 2.0.0-beta.3 (64/289)...
2025-11-14 22:39:57,111 - BlankSpaceAnalyzer - INFO - -> Analyzing version 2.0.0-beta.31 (65/289)...
2025-11-14 22:39:57,146 - BlankSpaceAnalyzer - INFO - -> Analyzing version 2.0.0-beta.4 (66/289)...
2025-11-14 22:39:57,185 - BlankSpaceAnalyzer - INFO - -> Analyzing version 2.0.0-beta.5 (67/289)...
2025-11-14 22:39:57,221 - BlankSpaceAnalyzer - INFO - -> Analyzing version 2.0.0-beta.6 (68/289)...
2025-11-14 22:39:57,258 - BlankSpaceAnalyzer - INFO - -> Analyzing version 2.0.0-beta.7 (69/289)...
2025-11-14 22:39:57,295 - BlankSpaceAnalyzer - INFO - -> Analyzing version 2.0.0-beta.8 (70/289)...
2025-11-14 22:39:57,330 - BlankSpaceAnalyzer - INFO - -> Analyzing version 2.0.0-beta.9 (71/289)...
2025-11-14 22:39:57,366 - BlankSpaceAnalyzer - INFO - -> Analyzing version 2.0.0-rc.1 (72/289)...
2025-11-14 22:39:57,401 - BlankSpaceAnalyzer - INFO - -> Analyzing version 2.0.0-rc.2 (73/289)...
2025-11-14 22:39:57,437 - BlankSpaceAnalyzer - INFO - -> Analyzing version 2.0.0-rc.3 (74/289)...
2025-11-14 22:39:57,472 - BlankSpaceAnalyzer - INFO - -> Analyzing version 2.0.1 (75/289)...
2025-11-14 22:39:57,509 - BlankSpaceAnalyzer - INFO - -> Analyzing version 2.0.2 (76/289)...
2025-11-14 22:39:57,547 - BlankSpaceAnalyzer - INFO - -> Analyzing version 2.0.3 (77/289)...
2025-11-14 22:39:57,583 - BlankSpaceAnalyzer - INFO - -> Analyzing version 2.0.4 (78/289)...
2025-11-14 22:39:57,618 - BlankSpaceAnalyzer - INFO - -> Analyzing version 2.1.0 (79/289)...
2025-11-14 22:39:57,655 - BlankSpaceAnalyzer - INFO - -> Analyzing version 2.1.0-rc.0 (80/289)...
2025-11-14 22:39:57,690 - BlankSpaceAnalyzer - INFO - -> Analyzing version 2.1.0-rc.1 (81/289)...
2025-11-14 22:39:57,726 - BlankSpaceAnalyzer - INFO - -> Analyzing version 2.1.0-rc.10 (82/289)...
2025-11-14 22:39:57,761 - BlankSpaceAnalyzer - INFO - -> Analyzing version 2.1.0-rc.11 (83/289)...
2025-11-14 22:39:57,797 - BlankSpaceAnalyzer - INFO - -> Analyzing version 2.1.0-rc.12 (84/289)...
2025-11-14 22:39:57,832 - BlankSpaceAnalyzer - INFO - -> Analyzing version 2.1.0-rc.13 (85/289)...
2025-11-14 22:39:57,868 - BlankSpaceAnalyzer - INFO - -> Analyzing version 2.1.0-rc.14 (86/289)...
2025-11-14 22:39:57,904 - BlankSpaceAnalyzer - INFO - -> Analyzing version 2.1.0-rc.2 (87/289)...
2025-11-14 22:39:57,940 - BlankSpaceAnalyzer - INFO - -> Analyzing version 2.1.0-rc.3 (88/289)...
2025-11-14 22:39:57,976 - BlankSpaceAnalyzer - INFO - -> Analyzing version 2.1.0-rc.4 (89/289)...
2025-11-14 22:39:58,015 - BlankSpaceAnalyzer - INFO - -> Analyzing version 2.1.0-rc.5 (90/289)...
2025-11-14 22:39:58,050 - BlankSpaceAnalyzer - INFO - -> Analyzing version 2.1.0-rc.8 (91/289)...
2025-11-14 22:39:58,087 - BlankSpaceAnalyzer - INFO - -> Analyzing version 2.1.0-rc.9 (92/289)...
2025-11-14 22:39:58,123 - BlankSpaceAnalyzer - INFO - -> Analyzing version 2.1.1 (93/289)...
2025-11-14 22:39:58,159 - BlankSpaceAnalyzer - INFO - -> Analyzing version 2.1.10 (94/289)...
2025-11-14 22:39:58,195 - BlankSpaceAnalyzer - INFO - -> Analyzing version 2.1.11 (95/289)...
2025-11-14 22:39:58,231 - BlankSpaceAnalyzer - INFO - -> Analyzing version 2.1.12 (96/289)...
2025-11-14 22:39:58,266 - BlankSpaceAnalyzer - INFO - -> Analyzing version 2.1.13 (97/289)...
2025-11-14 22:39:58,301 - BlankSpaceAnalyzer - INFO - -> Analyzing version 2.1.14 (98/289)...
2025-11-14 22:39:58,338 - BlankSpaceAnalyzer - INFO - -> Analyzing version 2.1.15 (99/289)...
2025-11-14 22:39:58,375 - BlankSpaceAnalyzer - INFO - -> Analyzing version 2.1.16 (100/289)...
2025-11-14 22:39:58,409 - BlankSpaceAnalyzer - INFO - -> Analyzing version 2.1.2 (101/289)...
2025-11-14 22:39:58,445 - BlankSpaceAnalyzer - INFO - -> Analyzing version 2.1.3 (102/289)...
2025-11-14 22:39:58,482 - BlankSpaceAnalyzer - INFO - -> Analyzing version 2.1.4 (103/289)...
2025-11-14 22:39:58,517 - BlankSpaceAnalyzer - INFO - -> Analyzing version 2.1.6 (104/289)...
2025-11-14 22:39:58,553 - BlankSpaceAnalyzer - INFO - -> Analyzing version 2.1.7 (105/289)...
2025-11-14 22:39:58,588 - BlankSpaceAnalyzer - INFO - -> Analyzing version 2.1.8 (106/289)...
2025-11-14 22:39:58,623 - BlankSpaceAnalyzer - INFO - -> Analyzing version 2.1.9 (107/289)...
2025-11-14 22:39:58,660 - BlankSpaceAnalyzer - INFO - -> Analyzing version 2.10.0 (108/289)...
2025-11-14 22:39:58,695 - BlankSpaceAnalyzer - INFO - -> Analyzing version 2.10.1 (109/289)...
2025-11-14 22:39:58,731 - BlankSpaceAnalyzer - INFO - -> Analyzing version 2.10.2 (110/289)...
2025-11-14 22:39:58,767 - BlankSpaceAnalyzer - INFO - -> Analyzing version 2.10.3 (111/289)...
2025-11-14 22:39:58,802 - BlankSpaceAnalyzer - INFO - -> Analyzing version 2.10.4 (112/289)...
2025-11-14 22:39:58,838 - BlankSpaceAnalyzer - INFO - -> Analyzing version 2.11.0 (113/289)...
2025-11-14 22:39:58,875 - BlankSpaceAnalyzer - INFO - -> Analyzing version 2.11.1 (114/289)...
2025-11-14 22:39:58,909 - BlankSpaceAnalyzer - INFO - -> Analyzing version 2.11.2 (115/289)...
2025-11-14 22:39:58,945 - BlankSpaceAnalyzer - INFO - -> Analyzing version 2.11.3 (116/289)...
2025-11-14 22:39:58,984 - BlankSpaceAnalyzer - INFO - -> Analyzing version 2.11.4 (117/289)...
2025-11-14 22:39:59,020 - BlankSpaceAnalyzer - INFO - -> Analyzing version 2.11.5 (118/289)...
2025-11-14 22:39:59,056 - BlankSpaceAnalyzer - INFO - -> Analyzing version 2.11.6 (119/289)...
2025-11-14 22:39:59,095 - BlankSpaceAnalyzer - INFO - -> Analyzing version 2.11.7 (120/289)...
2025-11-14 22:39:59,130 - BlankSpaceAnalyzer - INFO - -> Analyzing version 2.11.9 (121/289)...
2025-11-14 22:39:59,166 - BlankSpaceAnalyzer - INFO - -> Analyzing version 2.12.0 (122/289)...
2025-11-14 22:39:59,202 - BlankSpaceAnalyzer - INFO - -> Analyzing version 2.13.0 (123/289)...
2025-11-14 22:39:59,238 - BlankSpaceAnalyzer - INFO - -> Analyzing version 2.14.0 (124/289)...
2025-11-14 22:39:59,273 - BlankSpaceAnalyzer - INFO - -> Analyzing version 2.14.1 (125/289)...
2025-11-14 22:39:59,309 - BlankSpaceAnalyzer - INFO - -> Analyzing version 2.2.0 (126/289)...
2025-11-14 22:39:59,346 - BlankSpaceAnalyzer - INFO - -> Analyzing version 2.2.0-rc.3 (127/289)...
2025-11-14 22:39:59,384 - BlankSpaceAnalyzer - INFO - -> Analyzing version 2.2.0-rc.4 (128/289)...
2025-11-14 22:39:59,420 - BlankSpaceAnalyzer - INFO - -> Analyzing version 2.2.0-rc.5 (129/289)...
2025-11-14 22:39:59,455 - BlankSpaceAnalyzer - INFO - -> Analyzing version 2.2.0-rc.6 (130/289)...
2025-11-14 22:39:59,491 - BlankSpaceAnalyzer - INFO - -> Analyzing version 2.2.0-rc.7 (131/289)...
2025-11-14 22:39:59,526 - BlankSpaceAnalyzer - INFO - -> Analyzing version 2.2.0-rc.8 (132/289)...
2025-11-14 22:39:59,562 - BlankSpaceAnalyzer - INFO - -> Analyzing version 2.2.1 (133/289)...
2025-11-14 22:39:59,598 - BlankSpaceAnalyzer - INFO - -> Analyzing version 2.2.2 (134/289)...
2025-11-14 22:39:59,634 - BlankSpaceAnalyzer - INFO - -> Analyzing version 2.2.3 (135/289)...
2025-11-14 22:39:59,670 - BlankSpaceAnalyzer - INFO - -> Analyzing version 2.2.4 (136/289)...
2025-11-14 22:39:59,706 - BlankSpaceAnalyzer - INFO - -> Analyzing version 2.2.5 (137/289)...
2025-11-14 22:39:59,743 - BlankSpaceAnalyzer - INFO - -> Analyzing version 2.2.6 (138/289)...
2025-11-14 22:39:59,779 - BlankSpaceAnalyzer - INFO - -> Analyzing version 2.22.0 (139/289)...
2025-11-14 22:39:59,814 - BlankSpaceAnalyzer - INFO - -> Analyzing version 2.22.1 (140/289)...
2025-11-14 22:39:59,850 - BlankSpaceAnalyzer - INFO - -> Analyzing version 2.22.2 (141/289)...
2025-11-14 22:39:59,885 - BlankSpaceAnalyzer - INFO - -> Analyzing version 2.22.3 (142/289)...
2025-11-14 22:39:59,920 - BlankSpaceAnalyzer - INFO - -> Analyzing version 2.23.0 (143/289)...
2025-11-14 22:39:59,958 - BlankSpaceAnalyzer - INFO - -> Analyzing version 2.23.1 (144/289)...
2025-11-14 22:39:59,994 - BlankSpaceAnalyzer - INFO - -> Analyzing version 2.24.0 (145/289)...
2025-11-14 22:40:00,031 - BlankSpaceAnalyzer - INFO - -> Analyzing version 2.24.1 (146/289)...
2025-11-14 22:40:00,068 - BlankSpaceAnalyzer - INFO - -> Analyzing version 2.24.2 (147/289)...
2025-11-14 22:40:00,104 - BlankSpaceAnalyzer - INFO - -> Analyzing version 2.25.0 (148/289)...
2025-11-14 22:40:00,141 - BlankSpaceAnalyzer - INFO - -> Analyzing version 2.25.1 (149/289)...
2025-11-14 22:40:00,176 - BlankSpaceAnalyzer - INFO - -> Analyzing version 2.26.0 (150/289)...
2025-11-14 22:40:00,212 - BlankSpaceAnalyzer - INFO - -> Analyzing version 2.26.1 (151/289)...
2025-11-14 22:40:00,248 - BlankSpaceAnalyzer - INFO - -> Analyzing version 2.26.2 (152/289)...
2025-11-14 22:40:00,284 - BlankSpaceAnalyzer - INFO - -> Analyzing version 2.26.3 (153/289)...
2025-11-14 22:40:00,320 - BlankSpaceAnalyzer - INFO - -> Analyzing version 2.26.4 (154/289)...
2025-11-14 22:40:00,356 - BlankSpaceAnalyzer - INFO - -> Analyzing version 2.27.0 (155/289)...
2025-11-14 22:40:00,391 - BlankSpaceAnalyzer - INFO - -> Analyzing version 2.27.1 (156/289)...
2025-11-14 22:40:00,428 - BlankSpaceAnalyzer - INFO - -> Analyzing version 2.3.0 (157/289)...
2025-11-14 22:40:00,463 - BlankSpaceAnalyzer - INFO - -> Analyzing version 2.3.1 (158/289)...
2025-11-14 22:40:00,500 - BlankSpaceAnalyzer - INFO - -> Analyzing version 2.3.2 (159/289)...
2025-11-14 22:40:00,536 - BlankSpaceAnalyzer - INFO - -> Analyzing version 2.4.0 (160/289)...
2025-11-14 22:40:00,572 - BlankSpaceAnalyzer - INFO - -> Analyzing version 2.5.0 (161/289)...
2025-11-14 22:40:00,607 - BlankSpaceAnalyzer - INFO - -> Analyzing version 2.5.0-beta.0 (162/289)...
2025-11-14 22:40:00,643 - BlankSpaceAnalyzer - INFO - -> Analyzing version 2.5.0-beta.1 (163/289)...
2025-11-14 22:40:00,680 - BlankSpaceAnalyzer - INFO - -> Analyzing version 2.5.0-beta.2 (164/289)...
2025-11-14 22:40:00,715 - BlankSpaceAnalyzer - INFO - -> Analyzing version 2.5.0-beta.3 (165/289)...
2025-11-14 22:40:00,753 - BlankSpaceAnalyzer - INFO - -> Analyzing version 2.5.0-beta.4 (166/289)...
2025-11-14 22:40:00,791 - BlankSpaceAnalyzer - INFO - -> Analyzing version 2.5.0-beta.5 (167/289)...
2025-11-14 22:40:00,828 - BlankSpaceAnalyzer - INFO - -> Analyzing version 2.5.0-beta.6 (168/289)...
2025-11-14 22:40:00,865 - BlankSpaceAnalyzer - INFO - -> Analyzing version 2.5.0-pre.10 (169/289)...
2025-11-14 22:40:00,908 - BlankSpaceAnalyzer - INFO - -> Analyzing version 2.5.0-pre.11 (170/289)...
2025-11-14 22:40:00,945 - BlankSpaceAnalyzer - INFO - -> Analyzing version 2.5.0-pre.13 (171/289)...
2025-11-14 22:40:00,981 - BlankSpaceAnalyzer - INFO - -> Analyzing version 2.5.0-pre.14 (172/289)...
2025-11-14 22:40:01,019 - BlankSpaceAnalyzer - INFO - -> Analyzing version 2.5.0-pre.15 (173/289)...
2025-11-14 22:40:01,057 - BlankSpaceAnalyzer - INFO - -> Analyzing version 2.5.0-pre.16 (174/289)...
2025-11-14 22:40:01,093 - BlankSpaceAnalyzer - INFO - -> Analyzing version 2.5.0-pre.8 (175/289)...
2025-11-14 22:40:01,129 - BlankSpaceAnalyzer - INFO - -> Analyzing version 2.5.0-pre.9 (176/289)...
2025-11-14 22:40:01,166 - BlankSpaceAnalyzer - INFO - -> Analyzing version 2.5.1 (177/289)...
2025-11-14 22:40:01,202 - BlankSpaceAnalyzer - INFO - -> Analyzing version 2.5.2 (178/289)...
2025-11-14 22:40:01,239 - BlankSpaceAnalyzer - INFO - -> Analyzing version 2.5.3 (179/289)...
2025-11-14 22:40:01,275 - BlankSpaceAnalyzer - INFO - -> Analyzing version 2.5.4 (180/289)...
2025-11-14 22:40:01,311 - BlankSpaceAnalyzer - INFO - -> Analyzing version 2.5.5 (181/289)...
2025-11-14 22:40:01,347 - BlankSpaceAnalyzer - INFO - -> Analyzing version 2.5.6 (182/289)...
2025-11-14 22:40:01,383 - BlankSpaceAnalyzer - INFO - -> Analyzing version 2.5.7 (183/289)...
2025-11-14 22:40:01,420 - BlankSpaceAnalyzer - INFO - -> Analyzing version 2.5.8 (184/289)...
2025-11-14 22:40:01,460 - BlankSpaceAnalyzer - INFO - -> Analyzing version 2.5.9 (185/289)...
2025-11-14 22:40:01,505 - BlankSpaceAnalyzer - INFO - -> Analyzing version 2.6.0 (186/289)...
2025-11-14 22:40:01,549 - BlankSpaceAnalyzer - INFO - -> Analyzing version 2.6.1 (187/289)...
2025-11-14 22:40:01,587 - BlankSpaceAnalyzer - INFO - -> Analyzing version 2.6.2 (188/289)...
2025-11-14 22:40:01,634 - BlankSpaceAnalyzer - INFO - -> Analyzing version 2.6.3 (189/289)...
2025-11-14 22:40:01,671 - BlankSpaceAnalyzer - INFO - -> Analyzing version 2.6.4 (190/289)...
2025-11-14 22:40:01,708 - BlankSpaceAnalyzer - INFO - -> Analyzing version 2.6.5 (191/289)...
2025-11-14 22:40:01,747 - BlankSpaceAnalyzer - INFO - -> Analyzing version 2.6.6 (192/289)...
2025-11-14 22:40:01,784 - BlankSpaceAnalyzer - INFO - -> Analyzing version 2.7.0 (193/289)...
2025-11-14 22:40:01,821 - BlankSpaceAnalyzer - INFO - -> Analyzing version 2.7.0-pre.0 (194/289)...
2025-11-14 22:40:01,858 - BlankSpaceAnalyzer - INFO - -> Analyzing version 2.7.1 (195/289)...
2025-11-14 22:40:01,896 - BlankSpaceAnalyzer - INFO - -> Analyzing version 2.7.2 (196/289)...
2025-11-14 22:40:01,932 - BlankSpaceAnalyzer - INFO - -> Analyzing version 2.7.3 (197/289)...
2025-11-14 22:40:01,969 - BlankSpaceAnalyzer - INFO - -> Analyzing version 2.7.4 (198/289)...
2025-11-14 22:40:02,007 - BlankSpaceAnalyzer - INFO - -> Analyzing version 2.8.0 (199/289)...
2025-11-14 22:40:02,042 - BlankSpaceAnalyzer - INFO - -> Analyzing version 2.9.0 (200/289)...
2025-11-14 22:40:02,078 - BlankSpaceAnalyzer - INFO - -> Analyzing version 2.9.1 (201/289)...
2025-11-14 22:40:02,114 - BlankSpaceAnalyzer - INFO - -> Analyzing version 3.0.0 (202/289)...
2025-11-14 22:40:02,150 - BlankSpaceAnalyzer - INFO - -> Analyzing version 3.0.0-beta.0 (203/289)...
2025-11-14 22:40:02,151 - BlankSpaceAnalyzer - INFO - -> Analyzing version 3.0.0-beta.1 (204/289)...
2025-11-14 22:40:02,151 - BlankSpaceAnalyzer - INFO - -> Analyzing version 3.0.0-beta.10 (205/289)...
2025-11-14 22:40:02,151 - BlankSpaceAnalyzer - INFO - -> Analyzing version 3.0.0-beta.11 (206/289)...
2025-11-14 22:40:02,152 - BlankSpaceAnalyzer - INFO - -> Analyzing version 3.0.0-beta.12 (207/289)...
2025-11-14 22:40:02,152 - BlankSpaceAnalyzer - INFO - -> Analyzing version 3.0.0-beta.14 (208/289)...
2025-11-14 22:40:02,152 - BlankSpaceAnalyzer - INFO - -> Analyzing version 3.0.0-beta.15 (209/289)...
2025-11-14 22:40:02,153 - BlankSpaceAnalyzer - INFO - -> Analyzing version 3.0.0-beta.16 (210/289)...
2025-11-14 22:40:02,153 - BlankSpaceAnalyzer - INFO - -> Analyzing version 3.0.0-beta.17 (211/289)...
2025-11-14 22:40:02,153 - BlankSpaceAnalyzer - INFO - -> Analyzing version 3.0.0-beta.18 (212/289)...
2025-11-14 22:40:02,154 - BlankSpaceAnalyzer - INFO - -> Analyzing version 3.0.0-beta.19 (213/289)...
2025-11-14 22:40:02,154 - BlankSpaceAnalyzer - INFO - -> Analyzing version 3.0.0-beta.2 (214/289)...
2025-11-14 22:40:02,154 - BlankSpaceAnalyzer - INFO - -> Analyzing version 3.0.0-beta.21 (215/289)...
2025-11-14 22:40:02,155 - BlankSpaceAnalyzer - INFO - -> Analyzing version 3.0.0-beta.22 (216/289)...
2025-11-14 22:40:02,155 - BlankSpaceAnalyzer - INFO - -> Analyzing version 3.0.0-beta.23 (217/289)...
2025-11-14 22:40:02,155 - BlankSpaceAnalyzer - INFO - -> Analyzing version 3.0.0-beta.24 (218/289)...
2025-11-14 22:40:02,156 - BlankSpaceAnalyzer - INFO - -> Analyzing version 3.0.0-beta.25 (219/289)...
2025-11-14 22:40:02,156 - BlankSpaceAnalyzer - INFO - -> Analyzing version 3.0.0-beta.26 (220/289)...
2025-11-14 22:40:02,156 - BlankSpaceAnalyzer - INFO - -> Analyzing version 3.0.0-beta.27 (221/289)...
2025-11-14 22:40:02,157 - BlankSpaceAnalyzer - INFO - -> Analyzing version 3.0.0-beta.28 (222/289)...
2025-11-14 22:40:02,157 - BlankSpaceAnalyzer - INFO - -> Analyzing version 3.0.0-beta.29 (223/289)...
2025-11-14 22:40:02,157 - BlankSpaceAnalyzer - INFO - -> Analyzing version 3.0.0-beta.3 (224/289)...
2025-11-14 22:40:02,158 - BlankSpaceAnalyzer - INFO - -> Analyzing version 3.0.0-beta.30 (225/289)...
2025-11-14 22:40:02,158 - BlankSpaceAnalyzer - INFO - -> Analyzing version 3.0.0-beta.4 (226/289)...
2025-11-14 22:40:02,158 - BlankSpaceAnalyzer - INFO - -> Analyzing version 3.0.0-beta.5 (227/289)...
2025-11-14 22:40:02,159 - BlankSpaceAnalyzer - INFO - -> Analyzing version 3.0.0-beta.6 (228/289)...
2025-11-14 22:40:02,159 - BlankSpaceAnalyzer - INFO - -> Analyzing version 3.0.0-beta.7 (229/289)...
2025-11-14 22:40:02,159 - BlankSpaceAnalyzer - INFO - -> Analyzing version 3.0.0-beta.8 (230/289)...
2025-11-14 22:40:02,160 - BlankSpaceAnalyzer - INFO - -> Analyzing version 3.0.0-beta.9 (231/289)...
2025-11-14 22:40:02,160 - BlankSpaceAnalyzer - INFO - -> Analyzing version 3.0.0-next.0 (232/289)...
2025-11-14 22:40:02,197 - BlankSpaceAnalyzer - INFO - -> Analyzing version 3.0.0-next.1 (233/289)...
2025-11-14 22:40:02,198 - BlankSpaceAnalyzer - INFO - -> Analyzing version 3.0.0-next.2 (234/289)...
2025-11-14 22:40:02,198 - BlankSpaceAnalyzer - INFO - -> Analyzing version 3.0.0-next.3 (235/289)...
2025-11-14 22:40:02,198 - BlankSpaceAnalyzer - INFO - -> Analyzing version 3.0.0-next.4 (236/289)...
2025-11-14 22:40:02,199 - BlankSpaceAnalyzer - INFO - -> Analyzing version 3.0.0-next.5 (237/289)...
2025-11-14 22:40:02,199 - BlankSpaceAnalyzer - INFO - -> Analyzing version 3.0.0-next.6 (238/289)...
2025-11-14 22:40:02,199 - BlankSpaceAnalyzer - INFO - -> Analyzing version 3.0.0-next.7 (239/289)...
2025-11-14 22:40:02,200 - BlankSpaceAnalyzer - INFO - -> Analyzing version 3.0.0-next.8 (240/289)...
2025-11-14 22:40:02,200 - BlankSpaceAnalyzer - INFO - -> Analyzing version 3.0.1 (241/289)...
2025-11-14 22:40:02,200 - BlankSpaceAnalyzer - INFO - -> Analyzing version 3.0.2 (242/289)...
2025-11-14 22:40:02,200 - BlankSpaceAnalyzer - INFO - -> Analyzing version 3.0.2-beta.0 (243/289)...
2025-11-14 22:40:02,201 - BlankSpaceAnalyzer - INFO - -> Analyzing version 3.0.3 (244/289)...
2025-11-14 22:40:02,201 - BlankSpaceAnalyzer - INFO - -> Analyzing version 3.0.4 (245/289)...
2025-11-14 22:40:02,201 - BlankSpaceAnalyzer - INFO - -> Analyzing version 3.0.5 (246/289)...
2025-11-14 22:40:02,202 - BlankSpaceAnalyzer - INFO - -> Analyzing version 3.0.6 (247/289)...
2025-11-14 22:40:02,202 - BlankSpaceAnalyzer - INFO - -> Analyzing version 3.0.7 (248/289)...
2025-11-14 22:40:02,202 - BlankSpaceAnalyzer - INFO - -> Analyzing version 3.0.8 (249/289)...
2025-11-14 22:40:02,202 - BlankSpaceAnalyzer - INFO - -> Analyzing version 3.0.9 (250/289)...
2025-11-14 22:40:02,203 - BlankSpaceAnalyzer - INFO - -> Analyzing version 3.1.0 (251/289)...
2025-11-14 22:40:02,203 - BlankSpaceAnalyzer - INFO - -> Analyzing version 3.10.0 (252/289)...
2025-11-14 22:40:02,203 - BlankSpaceAnalyzer - INFO - -> Analyzing version 3.10.1 (253/289)...
2025-11-14 22:40:02,203 - BlankSpaceAnalyzer - INFO - -> Analyzing version 3.10.2 (254/289)...
2025-11-14 22:40:02,204 - BlankSpaceAnalyzer - INFO - -> Analyzing version 3.10.3 (255/289)...
2025-11-14 22:40:02,204 - BlankSpaceAnalyzer - INFO - -> Analyzing version 3.10.4 (256/289)...
2025-11-14 22:40:02,204 - BlankSpaceAnalyzer - INFO - -> Analyzing version 3.10.5 (257/289)...
2025-11-14 22:40:02,205 - BlankSpaceAnalyzer - INFO - -> Analyzing version 3.10.6 (258/289)...
2025-11-14 22:40:02,205 - BlankSpaceAnalyzer - INFO - -> Analyzing version 3.10.7 (259/289)...
2025-11-14 22:40:02,205 - BlankSpaceAnalyzer - INFO - -> Analyzing version 3.2.0 (260/289)...
2025-11-14 22:40:02,205 - BlankSpaceAnalyzer - INFO - -> Analyzing version 3.2.1 (261/289)...
2025-11-14 22:40:02,206 - BlankSpaceAnalyzer - INFO - -> Analyzing version 3.2.2 (262/289)...
2025-11-14 22:40:02,206 - BlankSpaceAnalyzer - INFO - -> Analyzing version 3.3.0 (263/289)...
2025-11-14 22:40:02,206 - BlankSpaceAnalyzer - INFO - -> Analyzing version 3.3.1 (264/289)...
2025-11-14 22:40:02,206 - BlankSpaceAnalyzer - INFO - -> Analyzing version 3.4.0 (265/289)...
2025-11-14 22:40:02,207 - BlankSpaceAnalyzer - INFO - -> Analyzing version 3.4.1 (266/289)...
2025-11-14 22:40:02,207 - BlankSpaceAnalyzer - INFO - -> Analyzing version 3.4.2 (267/289)...
2025-11-14 22:40:02,207 - BlankSpaceAnalyzer - INFO - -> Analyzing version 3.4.3 (268/289)...
2025-11-14 22:40:02,207 - BlankSpaceAnalyzer - INFO - -> Analyzing version 3.4.4 (269/289)...
2025-11-14 22:40:02,208 - BlankSpaceAnalyzer - INFO - -> Analyzing version 3.4.5 (270/289)...
2025-11-14 22:40:02,208 - BlankSpaceAnalyzer - INFO - -> Analyzing version 3.4.6 (271/289)...
2025-11-14 22:40:02,208 - BlankSpaceAnalyzer - INFO - -> Analyzing version 3.5.0 (272/289)...
2025-11-14 22:40:02,208 - BlankSpaceAnalyzer - INFO - -> Analyzing version 3.5.1 (273/289)...
2025-11-14 22:40:02,209 - BlankSpaceAnalyzer - INFO - -> Analyzing version 3.5.2 (274/289)...
2025-11-14 22:40:02,209 - BlankSpaceAnalyzer - INFO - -> Analyzing version 3.5.3 (275/289)...
2025-11-14 22:40:02,209 - BlankSpaceAnalyzer - INFO - -> Analyzing version 3.6.0 (276/289)...
2025-11-14 22:40:02,210 - BlankSpaceAnalyzer - INFO - -> Analyzing version 3.6.1 (277/289)...
2025-11-14 22:40:02,210 - BlankSpaceAnalyzer - INFO - -> Analyzing version 3.6.2 (278/289)...
2025-11-14 22:40:02,210 - BlankSpaceAnalyzer - INFO - -> Analyzing version 3.6.3 (279/289)...
2025-11-14 22:40:02,210 - BlankSpaceAnalyzer - INFO - -> Analyzing version 3.6.4 (280/289)...
2025-11-14 22:40:02,211 - BlankSpaceAnalyzer - INFO - -> Analyzing version 3.6.5 (281/289)...
2025-11-14 22:40:02,211 - BlankSpaceAnalyzer - INFO - -> Analyzing version 3.6.6 (282/289)...
2025-11-14 22:40:02,211 - BlankSpaceAnalyzer - INFO - -> Analyzing version 3.6.7 (283/289)...
2025-11-14 22:40:02,212 - BlankSpaceAnalyzer - INFO - -> Analyzing version 3.7.0 (284/289)...
2025-11-14 22:40:02,212 - BlankSpaceAnalyzer - INFO - -> Analyzing version 3.7.1 (285/289)...
2025-11-14 22:40:02,212 - BlankSpaceAnalyzer - INFO - -> Analyzing version 3.7.2 (286/289)...
2025-11-14 22:40:02,212 - BlankSpaceAnalyzer - INFO - -> Analyzing version 3.8.0 (287/289)...
2025-11-14 22:40:02,213 - BlankSpaceAnalyzer - INFO - -> Analyzing version 3.9.0 (288/289)...
2025-11-14 22:40:02,213 - BlankSpaceAnalyzer - INFO - -> Analyzing version 3.9.1 (289/289)...
2025-11-14 22:40:02,213 - BlankSpaceAnalyzer - INFO - Exporting results for '@tiptap/extension-text-align' to CSV...
2025-11-14 22:40:02,501 - BlankSpaceAnalyzer - INFO - Reports saved in: /app/npm_results/@tiptap_extension-text-align
2025-11-14 22:40:02,501 - NPM_Analyzer - INFO - Cleaning temporary folder 'temp/@tiptap_extension-text-align'...
2025-11-14 22:40:02,701 - NPM_Analyzer - INFO - Cleanup completed.
2025-11-15 09:09:40,768 - NPM_Analyzer - INFO - Fetching metadata for '@tiptap/extension-text-align'...
2025-11-15 09:09:41,047 - NPM_Analyzer - INFO - Found 289 versions. Starting download into 'temp/@tiptap_extension-text-align'...
2025-11-15 09:13:56,388 - BlankSpaceAnalyzer - INFO - Analyzing 289 versions for '*.js' in '@tiptap_extension-text-align'.
2025-11-15 09:13:56,388 - BlankSpaceAnalyzer - INFO - -> Analyzing version 1.0.0-alpha.1 (1/289)...
2025-11-15 09:13:56,441 - BlankSpaceAnalyzer - INFO - -> Analyzing version 1.0.0-alpha.2 (2/289)...
2025-11-15 09:13:56,473 - BlankSpaceAnalyzer - INFO - -> Analyzing version 2.0.0 (3/289)...
2025-11-15 09:13:56,507 - BlankSpaceAnalyzer - INFO - -> Analyzing version 2.0.0-alpha.1 (4/289)...
2025-11-15 09:13:56,543 - BlankSpaceAnalyzer - INFO - -> Analyzing version 2.0.0-alpha.10 (5/289)...
2025-11-15 09:13:56,578 - BlankSpaceAnalyzer - INFO - -> Analyzing version 2.0.0-alpha.11 (6/289)...
2025-11-15 09:13:56,614 - BlankSpaceAnalyzer - INFO - -> Analyzing version 2.0.0-alpha.12 (7/289)...
2025-11-15 09:13:56,651 - BlankSpaceAnalyzer - INFO - -> Analyzing version 2.0.0-alpha.2 (8/289)...
2025-11-15 09:13:56,686 - BlankSpaceAnalyzer - INFO - -> Analyzing version 2.0.0-alpha.3 (9/289)...
2025-11-15 09:13:56,722 - BlankSpaceAnalyzer - INFO - -> Analyzing version 2.0.0-alpha.4 (10/289)...
2025-11-15 09:13:56,758 - BlankSpaceAnalyzer - INFO - -> Analyzing version 2.0.0-alpha.5 (11/289)...
2025-11-15 09:13:56,795 - BlankSpaceAnalyzer - INFO - -> Analyzing version 2.0.0-alpha.6 (12/289)...
2025-11-15 09:13:56,831 - BlankSpaceAnalyzer - INFO - -> Analyzing version 2.0.0-alpha.7 (13/289)...
2025-11-15 09:13:56,868 - BlankSpaceAnalyzer - INFO - -> Analyzing version 2.0.0-alpha.8 (14/289)...
2025-11-15 09:13:56,904 - BlankSpaceAnalyzer - INFO - -> Analyzing version 2.0.0-alpha.9 (15/289)...
2025-11-15 09:13:56,940 - BlankSpaceAnalyzer - INFO - -> Analyzing version 2.0.0-beta.1 (16/289)...
2025-11-15 09:13:56,977 - BlankSpaceAnalyzer - INFO - -> Analyzing version 2.0.0-beta.10 (17/289)...
2025-11-15 09:13:57,013 - BlankSpaceAnalyzer - INFO - -> Analyzing version 2.0.0-beta.11 (18/289)...
2025-11-15 09:13:57,050 - BlankSpaceAnalyzer - INFO - -> Analyzing version 2.0.0-beta.12 (19/289)...
2025-11-15 09:13:57,085 - BlankSpaceAnalyzer - INFO - -> Analyzing version 2.0.0-beta.13 (20/289)...
2025-11-15 09:13:57,121 - BlankSpaceAnalyzer - INFO - -> Analyzing version 2.0.0-beta.14 (21/289)...
2025-11-15 09:13:57,157 - BlankSpaceAnalyzer - INFO - -> Analyzing version 2.0.0-beta.15 (22/289)...
2025-11-15 09:13:57,193 - BlankSpaceAnalyzer - INFO - -> Analyzing version 2.0.0-beta.16 (23/289)...
2025-11-15 09:13:57,229 - BlankSpaceAnalyzer - INFO - -> Analyzing version 2.0.0-beta.17 (24/289)...
2025-11-15 09:13:57,265 - BlankSpaceAnalyzer - INFO - -> Analyzing version 2.0.0-beta.18 (25/289)...
2025-11-15 09:13:57,302 - BlankSpaceAnalyzer - INFO - -> Analyzing version 2.0.0-beta.19 (26/289)...
2025-11-15 09:13:57,338 - BlankSpaceAnalyzer - INFO - -> Analyzing version 2.0.0-beta.194 (27/289)...
2025-11-15 09:13:57,375 - BlankSpaceAnalyzer - INFO - -> Analyzing version 2.0.0-beta.195 (28/289)...
2025-11-15 09:13:57,411 - BlankSpaceAnalyzer - INFO - -> Analyzing version 2.0.0-beta.196 (29/289)...
2025-11-15 09:13:57,447 - BlankSpaceAnalyzer - INFO - -> Analyzing version 2.0.0-beta.197 (30/289)...
2025-11-15 09:13:57,485 - BlankSpaceAnalyzer - INFO - -> Analyzing version 2.0.0-beta.198 (31/289)...
2025-11-15 09:13:57,520 - BlankSpaceAnalyzer - INFO - -> Analyzing version 2.0.0-beta.199 (32/289)...
2025-11-15 09:13:57,557 - BlankSpaceAnalyzer - INFO - -> Analyzing version 2.0.0-beta.2 (33/289)...
2025-11-15 09:13:57,594 - BlankSpaceAnalyzer - INFO - -> Analyzing version 2.0.0-beta.20 (34/289)...
2025-11-15 09:13:57,630 - BlankSpaceAnalyzer - INFO - -> Analyzing version 2.0.0-beta.200 (35/289)...
2025-11-15 09:13:57,666 - BlankSpaceAnalyzer - INFO - -> Analyzing version 2.0.0-beta.201 (36/289)...
2025-11-15 09:13:57,703 - BlankSpaceAnalyzer - INFO - -> Analyzing version 2.0.0-beta.202 (37/289)...
2025-11-15 09:13:57,739 - BlankSpaceAnalyzer - INFO - -> Analyzing version 2.0.0-beta.203 (38/289)...
2025-11-15 09:13:57,739 - BlankSpaceAnalyzer - INFO - -> Analyzing version 2.0.0-beta.204 (39/289)...
2025-11-15 09:13:57,780 - BlankSpaceAnalyzer - INFO - -> Analyzing version 2.0.0-beta.205 (40/289)...
2025-11-15 09:13:57,821 - BlankSpaceAnalyzer - INFO - -> Analyzing version 2.0.0-beta.206 (41/289)...
2025-11-15 09:13:57,858 - BlankSpaceAnalyzer - INFO - -> Analyzing version 2.0.0-beta.207 (42/289)...
2025-11-15 09:13:57,894 - BlankSpaceAnalyzer - INFO - -> Analyzing version 2.0.0-beta.208 (43/289)...
2025-11-15 09:13:57,932 - BlankSpaceAnalyzer - INFO - -> Analyzing version 2.0.0-beta.209 (44/289)...
2025-11-15 09:13:57,969 - BlankSpaceAnalyzer - INFO - -> Analyzing version 2.0.0-beta.21 (45/289)...
2025-11-15 09:13:58,005 - BlankSpaceAnalyzer - INFO - -> Analyzing version 2.0.0-beta.210 (46/289)...
2025-11-15 09:13:58,006 - BlankSpaceAnalyzer - INFO - -> Analyzing version 2.0.0-beta.211 (47/289)...
2025-11-15 09:13:58,006 - BlankSpaceAnalyzer - INFO - -> Analyzing version 2.0.0-beta.212 (48/289)...
2025-11-15 09:13:58,006 - BlankSpaceAnalyzer - INFO - -> Analyzing version 2.0.0-beta.213 (49/289)...
2025-11-15 09:13:58,007 - BlankSpaceAnalyzer - INFO - -> Analyzing version 2.0.0-beta.214 (50/289)...
2025-11-15 09:13:58,043 - BlankSpaceAnalyzer - INFO - -> Analyzing version 2.0.0-beta.215 (51/289)...
2025-11-15 09:13:58,079 - BlankSpaceAnalyzer - INFO - -> Analyzing version 2.0.0-beta.216 (52/289)...
2025-11-15 09:13:58,116 - BlankSpaceAnalyzer - INFO - -> Analyzing version 2.0.0-beta.217 (53/289)...
2025-11-15 09:13:58,153 - BlankSpaceAnalyzer - INFO - -> Analyzing version 2.0.0-beta.218 (54/289)...
2025-11-15 09:13:58,188 - BlankSpaceAnalyzer - INFO - -> Analyzing version 2.0.0-beta.219 (55/289)...
2025-11-15 09:13:58,224 - BlankSpaceAnalyzer - INFO - -> Analyzing version 2.0.0-beta.22 (56/289)...
2025-11-15 09:13:58,261 - BlankSpaceAnalyzer - INFO - -> Analyzing version 2.0.0-beta.220 (57/289)...
2025-11-15 09:13:58,297 - BlankSpaceAnalyzer - INFO - -> Analyzing version 2.0.0-beta.23 (58/289)...
2025-11-15 09:13:58,334 - BlankSpaceAnalyzer - INFO - -> Analyzing version 2.0.0-beta.24 (59/289)...
2025-11-15 09:13:58,369 - BlankSpaceAnalyzer - INFO - -> Analyzing version 2.0.0-beta.25 (60/289)...
2025-11-15 09:13:58,406 - BlankSpaceAnalyzer - INFO - -> Analyzing version 2.0.0-beta.27 (61/289)...
2025-11-15 09:13:58,407 - BlankSpaceAnalyzer - INFO - -> Analyzing version 2.0.0-beta.28 (62/289)...
2025-11-15 09:13:58,443 - BlankSpaceAnalyzer - INFO - -> Analyzing version 2.0.0-beta.29 (63/289)...
2025-11-15 09:13:58,480 - BlankSpaceAnalyzer - INFO - -> Analyzing version 2.0.0-beta.3 (64/289)...
2025-11-15 09:13:58,519 - BlankSpaceAnalyzer - INFO - -> Analyzing version 2.0.0-beta.31 (65/289)...
2025-11-15 09:13:58,554 - BlankSpaceAnalyzer - INFO - -> Analyzing version 2.0.0-beta.4 (66/289)...
2025-11-15 09:13:58,590 - BlankSpaceAnalyzer - INFO - -> Analyzing version 2.0.0-beta.5 (67/289)...
2025-11-15 09:13:58,626 - BlankSpaceAnalyzer - INFO - -> Analyzing version 2.0.0-beta.6 (68/289)...
2025-11-15 09:13:58,663 - BlankSpaceAnalyzer - INFO - -> Analyzing version 2.0.0-beta.7 (69/289)...
2025-11-15 09:13:58,699 - BlankSpaceAnalyzer - INFO - -> Analyzing version 2.0.0-beta.8 (70/289)...
2025-11-15 09:13:58,736 - BlankSpaceAnalyzer - INFO - -> Analyzing version 2.0.0-beta.9 (71/289)...
2025-11-15 09:13:58,772 - BlankSpaceAnalyzer - INFO - -> Analyzing version 2.0.0-rc.1 (72/289)...
2025-11-15 09:13:58,809 - BlankSpaceAnalyzer - INFO - -> Analyzing version 2.0.0-rc.2 (73/289)...
2025-11-15 09:13:58,845 - BlankSpaceAnalyzer - INFO - -> Analyzing version 2.0.0-rc.3 (74/289)...
2025-11-15 09:13:58,881 - BlankSpaceAnalyzer - INFO - -> Analyzing version 2.0.1 (75/289)...
2025-11-15 09:13:58,917 - BlankSpaceAnalyzer - INFO - -> Analyzing version 2.0.2 (76/289)...
2025-11-15 09:13:58,953 - BlankSpaceAnalyzer - INFO - -> Analyzing version 2.0.3 (77/289)...
2025-11-15 09:13:58,989 - BlankSpaceAnalyzer - INFO - -> Analyzing version 2.0.4 (78/289)...
2025-11-15 09:13:59,025 - BlankSpaceAnalyzer - INFO - -> Analyzing version 2.1.0 (79/289)...
2025-11-15 09:13:59,062 - BlankSpaceAnalyzer - INFO - -> Analyzing version 2.1.0-rc.0 (80/289)...
2025-11-15 09:13:59,099 - BlankSpaceAnalyzer - INFO - -> Analyzing version 2.1.0-rc.1 (81/289)...
2025-11-15 09:13:59,134 - BlankSpaceAnalyzer - INFO - -> Analyzing version 2.1.0-rc.10 (82/289)...
2025-11-15 09:13:59,170 - BlankSpaceAnalyzer - INFO - -> Analyzing version 2.1.0-rc.11 (83/289)...
2025-11-15 09:13:59,207 - BlankSpaceAnalyzer - INFO - -> Analyzing version 2.1.0-rc.12 (84/289)...
2025-11-15 09:13:59,243 - BlankSpaceAnalyzer - INFO - -> Analyzing version 2.1.0-rc.13 (85/289)...
2025-11-15 09:13:59,279 - BlankSpaceAnalyzer - INFO - -> Analyzing version 2.1.0-rc.14 (86/289)...
2025-11-15 09:13:59,316 - BlankSpaceAnalyzer - INFO - -> Analyzing version 2.1.0-rc.2 (87/289)...
2025-11-15 09:13:59,352 - BlankSpaceAnalyzer - INFO - -> Analyzing version 2.1.0-rc.3 (88/289)...
2025-11-15 09:13:59,388 - BlankSpaceAnalyzer - INFO - -> Analyzing version 2.1.0-rc.4 (89/289)...
2025-11-15 09:13:59,424 - BlankSpaceAnalyzer - INFO - -> Analyzing version 2.1.0-rc.5 (90/289)...
2025-11-15 09:13:59,460 - BlankSpaceAnalyzer - INFO - -> Analyzing version 2.1.0-rc.8 (91/289)...
2025-11-15 09:13:59,495 - BlankSpaceAnalyzer - INFO - -> Analyzing version 2.1.0-rc.9 (92/289)...
2025-11-15 09:13:59,532 - BlankSpaceAnalyzer - INFO - -> Analyzing version 2.1.1 (93/289)...
2025-11-15 09:13:59,567 - BlankSpaceAnalyzer - INFO - -> Analyzing version 2.1.10 (94/289)...
2025-11-15 09:13:59,603 - BlankSpaceAnalyzer - INFO - -> Analyzing version 2.1.11 (95/289)...
2025-11-15 09:13:59,639 - BlankSpaceAnalyzer - INFO - -> Analyzing version 2.1.12 (96/289)...
2025-11-15 09:13:59,674 - BlankSpaceAnalyzer - INFO - -> Analyzing version 2.1.13 (97/289)...
2025-11-15 09:13:59,710 - BlankSpaceAnalyzer - INFO - -> Analyzing version 2.1.14 (98/289)...
2025-11-15 09:13:59,747 - BlankSpaceAnalyzer - INFO - -> Analyzing version 2.1.15 (99/289)...
2025-11-15 09:13:59,785 - BlankSpaceAnalyzer - INFO - -> Analyzing version 2.1.16 (100/289)...
2025-11-15 09:13:59,820 - BlankSpaceAnalyzer - INFO - -> Analyzing version 2.1.2 (101/289)...
2025-11-15 09:13:59,857 - BlankSpaceAnalyzer - INFO - -> Analyzing version 2.1.3 (102/289)...
2025-11-15 09:13:59,892 - BlankSpaceAnalyzer - INFO - -> Analyzing version 2.1.4 (103/289)...
2025-11-15 09:13:59,929 - BlankSpaceAnalyzer - INFO - -> Analyzing version 2.1.6 (104/289)...
2025-11-15 09:13:59,965 - BlankSpaceAnalyzer - INFO - -> Analyzing version 2.1.7 (105/289)...
2025-11-15 09:14:00,001 - BlankSpaceAnalyzer - INFO - -> Analyzing version 2.1.8 (106/289)...
2025-11-15 09:14:00,037 - BlankSpaceAnalyzer - INFO - -> Analyzing version 2.1.9 (107/289)...
2025-11-15 09:14:00,073 - BlankSpaceAnalyzer - INFO - -> Analyzing version 2.10.0 (108/289)...
2025-11-15 09:14:00,111 - BlankSpaceAnalyzer - INFO - -> Analyzing version 2.10.1 (109/289)...
2025-11-15 09:14:00,147 - BlankSpaceAnalyzer - INFO - -> Analyzing version 2.10.2 (110/289)...
2025-11-15 09:14:00,183 - BlankSpaceAnalyzer - INFO - -> Analyzing version 2.10.3 (111/289)...
2025-11-15 09:14:00,219 - BlankSpaceAnalyzer - INFO - -> Analyzing version 2.10.4 (112/289)...
2025-11-15 09:14:00,255 - BlankSpaceAnalyzer - INFO - -> Analyzing version 2.11.0 (113/289)...
2025-11-15 09:14:00,296 - BlankSpaceAnalyzer - INFO - -> Analyzing version 2.11.1 (114/289)...
2025-11-15 09:14:00,336 - BlankSpaceAnalyzer - INFO - -> Analyzing version 2.11.2 (115/289)...
2025-11-15 09:14:00,371 - BlankSpaceAnalyzer - INFO - -> Analyzing version 2.11.3 (116/289)...
2025-11-15 09:14:00,407 - BlankSpaceAnalyzer - INFO - -> Analyzing version 2.11.4 (117/289)...
2025-11-15 09:14:00,443 - BlankSpaceAnalyzer - INFO - -> Analyzing version 2.11.5 (118/289)...
2025-11-15 09:14:00,480 - BlankSpaceAnalyzer - INFO - -> Analyzing version 2.11.6 (119/289)...
2025-11-15 09:14:00,518 - BlankSpaceAnalyzer - INFO - -> Analyzing version 2.11.7 (120/289)...
2025-11-15 09:14:00,555 - BlankSpaceAnalyzer - INFO - -> Analyzing version 2.11.9 (121/289)...
2025-11-15 09:14:00,591 - BlankSpaceAnalyzer - INFO - -> Analyzing version 2.12.0 (122/289)...
2025-11-15 09:14:00,627 - BlankSpaceAnalyzer - INFO - -> Analyzing version 2.13.0 (123/289)...
2025-11-15 09:14:00,662 - BlankSpaceAnalyzer - INFO - -> Analyzing version 2.14.0 (124/289)...
2025-11-15 09:14:00,698 - BlankSpaceAnalyzer - INFO - -> Analyzing version 2.14.1 (125/289)...
2025-11-15 09:14:00,734 - BlankSpaceAnalyzer - INFO - -> Analyzing version 2.2.0 (126/289)...
2025-11-15 09:14:00,770 - BlankSpaceAnalyzer - INFO - -> Analyzing version 2.2.0-rc.3 (127/289)...
2025-11-15 09:14:00,806 - BlankSpaceAnalyzer - INFO - -> Analyzing version 2.2.0-rc.4 (128/289)...
2025-11-15 09:14:00,842 - BlankSpaceAnalyzer - INFO - -> Analyzing version 2.2.0-rc.5 (129/289)...
2025-11-15 09:14:00,879 - BlankSpaceAnalyzer - INFO - -> Analyzing version 2.2.0-rc.6 (130/289)...
2025-11-15 09:14:00,914 - BlankSpaceAnalyzer - INFO - -> Analyzing version 2.2.0-rc.7 (131/289)...
2025-11-15 09:14:00,951 - BlankSpaceAnalyzer - INFO - -> Analyzing version 2.2.0-rc.8 (132/289)...
2025-11-15 09:14:00,987 - BlankSpaceAnalyzer - INFO - -> Analyzing version 2.2.1 (133/289)...
2025-11-15 09:14:01,023 - BlankSpaceAnalyzer - INFO - -> Analyzing version 2.2.2 (134/289)...
2025-11-15 09:14:01,059 - BlankSpaceAnalyzer - INFO - -> Analyzing version 2.2.3 (135/289)...
2025-11-15 09:14:01,095 - BlankSpaceAnalyzer - INFO - -> Analyzing version 2.2.4 (136/289)...
2025-11-15 09:14:01,130 - BlankSpaceAnalyzer - INFO - -> Analyzing version 2.2.5 (137/289)...
2025-11-15 09:14:01,167 - BlankSpaceAnalyzer - INFO - -> Analyzing version 2.2.6 (138/289)...
2025-11-15 09:14:01,202 - BlankSpaceAnalyzer - INFO - -> Analyzing version 2.22.0 (139/289)...
2025-11-15 09:14:01,238 - BlankSpaceAnalyzer - INFO - -> Analyzing version 2.22.1 (140/289)...
2025-11-15 09:14:01,274 - BlankSpaceAnalyzer - INFO - -> Analyzing version 2.22.2 (141/289)...
2025-11-15 09:14:01,311 - BlankSpaceAnalyzer - INFO - -> Analyzing version 2.22.3 (142/289)...
2025-11-15 09:14:01,347 - BlankSpaceAnalyzer - INFO - -> Analyzing version 2.23.0 (143/289)...
2025-11-15 09:14:01,383 - BlankSpaceAnalyzer - INFO - -> Analyzing version 2.23.1 (144/289)...
2025-11-15 09:14:01,419 - BlankSpaceAnalyzer - INFO - -> Analyzing version 2.24.0 (145/289)...
2025-11-15 09:14:01,455 - BlankSpaceAnalyzer - INFO - -> Analyzing version 2.24.1 (146/289)...
2025-11-15 09:14:01,492 - BlankSpaceAnalyzer - INFO - -> Analyzing version 2.24.2 (147/289)...
2025-11-15 09:14:01,527 - BlankSpaceAnalyzer - INFO - -> Analyzing version 2.25.0 (148/289)...
2025-11-15 09:14:01,564 - BlankSpaceAnalyzer - INFO - -> Analyzing version 2.25.1 (149/289)...
2025-11-15 09:14:01,599 - BlankSpaceAnalyzer - INFO - -> Analyzing version 2.26.0 (150/289)...
2025-11-15 09:14:01,635 - BlankSpaceAnalyzer - INFO - -> Analyzing version 2.26.1 (151/289)...
2025-11-15 09:14:01,671 - BlankSpaceAnalyzer - INFO - -> Analyzing version 2.26.2 (152/289)...
2025-11-15 09:14:01,707 - BlankSpaceAnalyzer - INFO - -> Analyzing version 2.26.3 (153/289)...
2025-11-15 09:14:01,744 - BlankSpaceAnalyzer - INFO - -> Analyzing version 2.26.4 (154/289)...
2025-11-15 09:14:01,780 - BlankSpaceAnalyzer - INFO - -> Analyzing version 2.27.0 (155/289)...
2025-11-15 09:14:01,816 - BlankSpaceAnalyzer - INFO - -> Analyzing version 2.27.1 (156/289)...
2025-11-15 09:14:01,853 - BlankSpaceAnalyzer - INFO - -> Analyzing version 2.3.0 (157/289)...
2025-11-15 09:14:01,889 - BlankSpaceAnalyzer - INFO - -> Analyzing version 2.3.1 (158/289)...
2025-11-15 09:14:01,925 - BlankSpaceAnalyzer - INFO - -> Analyzing version 2.3.2 (159/289)...
2025-11-15 09:14:01,961 - BlankSpaceAnalyzer - INFO - -> Analyzing version 2.4.0 (160/289)...
2025-11-15 09:14:01,997 - BlankSpaceAnalyzer - INFO - -> Analyzing version 2.5.0 (161/289)...
2025-11-15 09:14:02,034 - BlankSpaceAnalyzer - INFO - -> Analyzing version 2.5.0-beta.0 (162/289)...
2025-11-15 09:14:02,070 - BlankSpaceAnalyzer - INFO - -> Analyzing version 2.5.0-beta.1 (163/289)...
2025-11-15 09:14:02,107 - BlankSpaceAnalyzer - INFO - -> Analyzing version 2.5.0-beta.2 (164/289)...
2025-11-15 09:14:02,143 - BlankSpaceAnalyzer - INFO - -> Analyzing version 2.5.0-beta.3 (165/289)...
2025-11-15 09:14:02,180 - BlankSpaceAnalyzer - INFO - -> Analyzing version 2.5.0-beta.4 (166/289)...
2025-11-15 09:14:02,216 - BlankSpaceAnalyzer - INFO - -> Analyzing version 2.5.0-beta.5 (167/289)...
2025-11-15 09:14:02,253 - BlankSpaceAnalyzer - INFO - -> Analyzing version 2.5.0-beta.6 (168/289)...
2025-11-15 09:14:02,291 - BlankSpaceAnalyzer - INFO - -> Analyzing version 2.5.0-pre.10 (169/289)...
2025-11-15 09:14:02,327 - BlankSpaceAnalyzer - INFO - -> Analyzing version 2.5.0-pre.11 (170/289)...
2025-11-15 09:14:02,363 - BlankSpaceAnalyzer - INFO - -> Analyzing version 2.5.0-pre.13 (171/289)...
2025-11-15 09:14:02,400 - BlankSpaceAnalyzer - INFO - -> Analyzing version 2.5.0-pre.14 (172/289)...
2025-11-15 09:14:02,438 - BlankSpaceAnalyzer - INFO - -> Analyzing version 2.5.0-pre.15 (173/289)...
2025-11-15 09:14:02,473 - BlankSpaceAnalyzer - INFO - -> Analyzing version 2.5.0-pre.16 (174/289)...
2025-11-15 09:14:02,511 - BlankSpaceAnalyzer - INFO - -> Analyzing version 2.5.0-pre.8 (175/289)...
2025-11-15 09:14:02,547 - BlankSpaceAnalyzer - INFO - -> Analyzing version 2.5.0-pre.9 (176/289)...
2025-11-15 09:14:02,583 - BlankSpaceAnalyzer - INFO - -> Analyzing version 2.5.1 (177/289)...
2025-11-15 09:14:02,620 - BlankSpaceAnalyzer - INFO - -> Analyzing version 2.5.2 (178/289)...
2025-11-15 09:14:02,657 - BlankSpaceAnalyzer - INFO - -> Analyzing version 2.5.3 (179/289)...
2025-11-15 09:14:02,694 - BlankSpaceAnalyzer - INFO - -> Analyzing version 2.5.4 (180/289)...
2025-11-15 09:14:02,733 - BlankSpaceAnalyzer - INFO - -> Analyzing version 2.5.5 (181/289)...
2025-11-15 09:14:02,770 - BlankSpaceAnalyzer - INFO - -> Analyzing version 2.5.6 (182/289)...
2025-11-15 09:14:02,807 - BlankSpaceAnalyzer - INFO - -> Analyzing version 2.5.7 (183/289)...
2025-11-15 09:14:02,845 - BlankSpaceAnalyzer - INFO - -> Analyzing version 2.5.8 (184/289)...
2025-11-15 09:14:02,882 - BlankSpaceAnalyzer - INFO - -> Analyzing version 2.5.9 (185/289)...
2025-11-15 09:14:02,920 - BlankSpaceAnalyzer - INFO - -> Analyzing version 2.6.0 (186/289)...
2025-11-15 09:14:02,970 - BlankSpaceAnalyzer - INFO - -> Analyzing version 2.6.1 (187/289)...
2025-11-15 09:14:03,019 - BlankSpaceAnalyzer - INFO - -> Analyzing version 2.6.2 (188/289)...
2025-11-15 09:14:03,055 - BlankSpaceAnalyzer - INFO - -> Analyzing version 2.6.3 (189/289)...
2025-11-15 09:14:03,091 - BlankSpaceAnalyzer - INFO - -> Analyzing version 2.6.4 (190/289)...
2025-11-15 09:14:03,131 - BlankSpaceAnalyzer - INFO - -> Analyzing version 2.6.5 (191/289)...
2025-11-15 09:14:03,167 - BlankSpaceAnalyzer - INFO - -> Analyzing version 2.6.6 (192/289)...
2025-11-15 09:14:03,204 - BlankSpaceAnalyzer - INFO - -> Analyzing version 2.7.0 (193/289)...
2025-11-15 09:14:03,241 - BlankSpaceAnalyzer - INFO - -> Analyzing version 2.7.0-pre.0 (194/289)...
2025-11-15 09:14:03,277 - BlankSpaceAnalyzer - INFO - -> Analyzing version 2.7.1 (195/289)...
2025-11-15 09:14:03,314 - BlankSpaceAnalyzer - INFO - -> Analyzing version 2.7.2 (196/289)...
2025-11-15 09:14:03,351 - BlankSpaceAnalyzer - INFO - -> Analyzing version 2.7.3 (197/289)...
2025-11-15 09:14:03,386 - BlankSpaceAnalyzer - INFO - -> Analyzing version 2.7.4 (198/289)...
2025-11-15 09:14:03,423 - BlankSpaceAnalyzer - INFO - -> Analyzing version 2.8.0 (199/289)...
2025-11-15 09:14:03,461 - BlankSpaceAnalyzer - INFO - -> Analyzing version 2.9.0 (200/289)...
2025-11-15 09:14:03,496 - BlankSpaceAnalyzer - INFO - -> Analyzing version 2.9.1 (201/289)...
2025-11-15 09:14:03,533 - BlankSpaceAnalyzer - INFO - -> Analyzing version 3.0.0 (202/289)...
2025-11-15 09:14:03,569 - BlankSpaceAnalyzer - INFO - -> Analyzing version 3.0.0-beta.0 (203/289)...
2025-11-15 09:14:03,570 - BlankSpaceAnalyzer - INFO - -> Analyzing version 3.0.0-beta.1 (204/289)...
2025-11-15 09:14:03,570 - BlankSpaceAnalyzer - INFO - -> Analyzing version 3.0.0-beta.10 (205/289)...
2025-11-15 09:14:03,570 - BlankSpaceAnalyzer - INFO - -> Analyzing version 3.0.0-beta.11 (206/289)...
2025-11-15 09:14:03,571 - BlankSpaceAnalyzer - INFO - -> Analyzing version 3.0.0-beta.12 (207/289)...
2025-11-15 09:14:03,571 - BlankSpaceAnalyzer - INFO - -> Analyzing version 3.0.0-beta.14 (208/289)...
2025-11-15 09:14:03,571 - BlankSpaceAnalyzer - INFO - -> Analyzing version 3.0.0-beta.15 (209/289)...
2025-11-15 09:14:03,571 - BlankSpaceAnalyzer - INFO - -> Analyzing version 3.0.0-beta.16 (210/289)...
2025-11-15 09:14:03,572 - BlankSpaceAnalyzer - INFO - -> Analyzing version 3.0.0-beta.17 (211/289)...
2025-11-15 09:14:03,572 - BlankSpaceAnalyzer - INFO - -> Analyzing version 3.0.0-beta.18 (212/289)...
2025-11-15 09:14:03,572 - BlankSpaceAnalyzer - INFO - -> Analyzing version 3.0.0-beta.19 (213/289)...
2025-11-15 09:14:03,573 - BlankSpaceAnalyzer - INFO - -> Analyzing version 3.0.0-beta.2 (214/289)...
2025-11-15 09:14:03,573 - BlankSpaceAnalyzer - INFO - -> Analyzing version 3.0.0-beta.21 (215/289)...
2025-11-15 09:14:03,573 - BlankSpaceAnalyzer - INFO - -> Analyzing version 3.0.0-beta.22 (216/289)...
2025-11-15 09:14:03,573 - BlankSpaceAnalyzer - INFO - -> Analyzing version 3.0.0-beta.23 (217/289)...
2025-11-15 09:14:03,574 - BlankSpaceAnalyzer - INFO - -> Analyzing version 3.0.0-beta.24 (218/289)...
2025-11-15 09:14:03,574 - BlankSpaceAnalyzer - INFO - -> Analyzing version 3.0.0-beta.25 (219/289)...
2025-11-15 09:14:03,574 - BlankSpaceAnalyzer - INFO - -> Analyzing version 3.0.0-beta.26 (220/289)...
2025-11-15 09:14:03,574 - BlankSpaceAnalyzer - INFO - -> Analyzing version 3.0.0-beta.27 (221/289)...
2025-11-15 09:14:03,575 - BlankSpaceAnalyzer - INFO - -> Analyzing version 3.0.0-beta.28 (222/289)...
2025-11-15 09:14:03,575 - BlankSpaceAnalyzer - INFO - -> Analyzing version 3.0.0-beta.29 (223/289)...
2025-11-15 09:14:03,575 - BlankSpaceAnalyzer - INFO - -> Analyzing version 3.0.0-beta.3 (224/289)...
2025-11-15 09:14:03,576 - BlankSpaceAnalyzer - INFO - -> Analyzing version 3.0.0-beta.30 (225/289)...
2025-11-15 09:14:03,576 - BlankSpaceAnalyzer - INFO - -> Analyzing version 3.0.0-beta.4 (226/289)...
2025-11-15 09:14:03,576 - BlankSpaceAnalyzer - INFO - -> Analyzing version 3.0.0-beta.5 (227/289)...
2025-11-15 09:14:03,576 - BlankSpaceAnalyzer - INFO - -> Analyzing version 3.0.0-beta.6 (228/289)...
2025-11-15 09:14:03,577 - BlankSpaceAnalyzer - INFO - -> Analyzing version 3.0.0-beta.7 (229/289)...
2025-11-15 09:14:03,577 - BlankSpaceAnalyzer - INFO - -> Analyzing version 3.0.0-beta.8 (230/289)...
2025-11-15 09:14:03,577 - BlankSpaceAnalyzer - INFO - -> Analyzing version 3.0.0-beta.9 (231/289)...
2025-11-15 09:14:03,577 - BlankSpaceAnalyzer - INFO - -> Analyzing version 3.0.0-next.0 (232/289)...
2025-11-15 09:14:03,614 - BlankSpaceAnalyzer - INFO - -> Analyzing version 3.0.0-next.1 (233/289)...
2025-11-15 09:14:03,615 - BlankSpaceAnalyzer - INFO - -> Analyzing version 3.0.0-next.2 (234/289)...
2025-11-15 09:14:03,615 - BlankSpaceAnalyzer - INFO - -> Analyzing version 3.0.0-next.3 (235/289)...
2025-11-15 09:14:03,615 - BlankSpaceAnalyzer - INFO - -> Analyzing version 3.0.0-next.4 (236/289)...
2025-11-15 09:14:03,616 - BlankSpaceAnalyzer - INFO - -> Analyzing version 3.0.0-next.5 (237/289)...
2025-11-15 09:14:03,616 - BlankSpaceAnalyzer - INFO - -> Analyzing version 3.0.0-next.6 (238/289)...
2025-11-15 09:14:03,616 - BlankSpaceAnalyzer - INFO - -> Analyzing version 3.0.0-next.7 (239/289)...
2025-11-15 09:14:03,616 - BlankSpaceAnalyzer - INFO - -> Analyzing version 3.0.0-next.8 (240/289)...
2025-11-15 09:14:03,617 - BlankSpaceAnalyzer - INFO - -> Analyzing version 3.0.1 (241/289)...
2025-11-15 09:14:03,617 - BlankSpaceAnalyzer - INFO - -> Analyzing version 3.0.2 (242/289)...
2025-11-15 09:14:03,617 - BlankSpaceAnalyzer - INFO - -> Analyzing version 3.0.2-beta.0 (243/289)...
2025-11-15 09:14:03,617 - BlankSpaceAnalyzer - INFO - -> Analyzing version 3.0.3 (244/289)...
2025-11-15 09:14:03,618 - BlankSpaceAnalyzer - INFO - -> Analyzing version 3.0.4 (245/289)...
2025-11-15 09:14:03,618 - BlankSpaceAnalyzer - INFO - -> Analyzing version 3.0.5 (246/289)...
2025-11-15 09:14:03,618 - BlankSpaceAnalyzer - INFO - -> Analyzing version 3.0.6 (247/289)...
2025-11-15 09:14:03,618 - BlankSpaceAnalyzer - INFO - -> Analyzing version 3.0.7 (248/289)...
2025-11-15 09:14:03,619 - BlankSpaceAnalyzer - INFO - -> Analyzing version 3.0.8 (249/289)...
2025-11-15 09:14:03,619 - BlankSpaceAnalyzer - INFO - -> Analyzing version 3.0.9 (250/289)...
2025-11-15 09:14:03,619 - BlankSpaceAnalyzer - INFO - -> Analyzing version 3.1.0 (251/289)...
2025-11-15 09:14:03,620 - BlankSpaceAnalyzer - INFO - -> Analyzing version 3.10.0 (252/289)...
2025-11-15 09:14:03,620 - BlankSpaceAnalyzer - INFO - -> Analyzing version 3.10.1 (253/289)...
2025-11-15 09:14:03,620 - BlankSpaceAnalyzer - INFO - -> Analyzing version 3.10.2 (254/289)...
2025-11-15 09:14:03,620 - BlankSpaceAnalyzer - INFO - -> Analyzing version 3.10.3 (255/289)...
2025-11-15 09:14:03,621 - BlankSpaceAnalyzer - INFO - -> Analyzing version 3.10.4 (256/289)...
2025-11-15 09:14:03,621 - BlankSpaceAnalyzer - INFO - -> Analyzing version 3.10.5 (257/289)...
2025-11-15 09:14:03,621 - BlankSpaceAnalyzer - INFO - -> Analyzing version 3.10.6 (258/289)...
2025-11-15 09:14:03,621 - BlankSpaceAnalyzer - INFO - -> Analyzing version 3.10.7 (259/289)...
2025-11-15 09:14:03,622 - BlankSpaceAnalyzer - INFO - -> Analyzing version 3.2.0 (260/289)...
2025-11-15 09:14:03,622 - BlankSpaceAnalyzer - INFO - -> Analyzing version 3.2.1 (261/289)...
2025-11-15 09:14:03,622 - BlankSpaceAnalyzer - INFO - -> Analyzing version 3.2.2 (262/289)...
2025-11-15 09:14:03,623 - BlankSpaceAnalyzer - INFO - -> Analyzing version 3.3.0 (263/289)...
2025-11-15 09:14:03,623 - BlankSpaceAnalyzer - INFO - -> Analyzing version 3.3.1 (264/289)...
2025-11-15 09:14:03,623 - BlankSpaceAnalyzer - INFO - -> Analyzing version 3.4.0 (265/289)...
2025-11-15 09:14:03,623 - BlankSpaceAnalyzer - INFO - -> Analyzing version 3.4.1 (266/289)...
2025-11-15 09:14:03,624 - BlankSpaceAnalyzer - INFO - -> Analyzing version 3.4.2 (267/289)...
2025-11-15 09:14:03,624 - BlankSpaceAnalyzer - INFO - -> Analyzing version 3.4.3 (268/289)...
2025-11-15 09:14:03,624 - BlankSpaceAnalyzer - INFO - -> Analyzing version 3.4.4 (269/289)...
2025-11-15 09:14:03,625 - BlankSpaceAnalyzer - INFO - -> Analyzing version 3.4.5 (270/289)...
2025-11-15 09:14:03,625 - BlankSpaceAnalyzer - INFO - -> Analyzing version 3.4.6 (271/289)...
2025-11-15 09:14:03,625 - BlankSpaceAnalyzer - INFO - -> Analyzing version 3.5.0 (272/289)...
2025-11-15 09:14:03,625 - BlankSpaceAnalyzer - INFO - -> Analyzing version 3.5.1 (273/289)...
2025-11-15 09:14:03,626 - BlankSpaceAnalyzer - INFO - -> Analyzing version 3.5.2 (274/289)...
2025-11-15 09:14:03,626 - BlankSpaceAnalyzer - INFO - -> Analyzing version 3.5.3 (275/289)...
2025-11-15 09:14:03,626 - BlankSpaceAnalyzer - INFO - -> Analyzing version 3.6.0 (276/289)...
2025-11-15 09:14:03,627 - BlankSpaceAnalyzer - INFO - -> Analyzing version 3.6.1 (277/289)...
2025-11-15 09:14:03,627 - BlankSpaceAnalyzer - INFO - -> Analyzing version 3.6.2 (278/289)...
2025-11-15 09:14:03,627 - BlankSpaceAnalyzer - INFO - -> Analyzing version 3.6.3 (279/289)...
2025-11-15 09:14:03,627 - BlankSpaceAnalyzer - INFO - -> Analyzing version 3.6.4 (280/289)...
2025-11-15 09:14:03,628 - BlankSpaceAnalyzer - INFO - -> Analyzing version 3.6.5 (281/289)...
2025-11-15 09:14:03,628 - BlankSpaceAnalyzer - INFO - -> Analyzing version 3.6.6 (282/289)...
2025-11-15 09:14:03,628 - BlankSpaceAnalyzer - INFO - -> Analyzing version 3.6.7 (283/289)...
2025-11-15 09:14:03,629 - BlankSpaceAnalyzer - INFO - -> Analyzing version 3.7.0 (284/289)...
2025-11-15 09:14:03,629 - BlankSpaceAnalyzer - INFO - -> Analyzing version 3.7.1 (285/289)...
2025-11-15 09:14:03,629 - BlankSpaceAnalyzer - INFO - -> Analyzing version 3.7.2 (286/289)...
2025-11-15 09:14:03,629 - BlankSpaceAnalyzer - INFO - -> Analyzing version 3.8.0 (287/289)...
2025-11-15 09:14:03,630 - BlankSpaceAnalyzer - INFO - -> Analyzing version 3.9.0 (288/289)...
2025-11-15 09:14:03,630 - BlankSpaceAnalyzer - INFO - -> Analyzing version 3.9.1 (289/289)...
2025-11-15 09:14:03,631 - BlankSpaceAnalyzer - INFO - Exporting results for '@tiptap/extension-text-align' to CSV...
2025-11-15 09:14:03,919 - BlankSpaceAnalyzer - INFO - Reports saved in: /app/npm_results/@tiptap_extension-text-align
2025-11-15 09:14:03,920 - NPM_Analyzer - INFO - Cleaning temporary folder 'temp/@tiptap_extension-text-align'...
2025-11-15 09:14:04,124 - NPM_Analyzer - INFO - Cleanup completed.
2025-11-15 19:45:54,150 - NPM_Analyzer - INFO - Fetching metadata for '@tiptap/extension-text-align'...
2025-11-15 19:45:54,440 - NPM_Analyzer - INFO - Found 289 versions. Starting download into 'temp/@tiptap_extension-text-align'...
2025-11-15 19:49:57,529 - BlankSpaceAnalyzer - INFO - Analyzing 289 versions for '*.js' in '@tiptap_extension-text-align'.
2025-11-15 19:49:57,529 - BlankSpaceAnalyzer - INFO - -> Analyzing version 1.0.0-alpha.1 (1/289)...
2025-11-15 19:49:57,579 - BlankSpaceAnalyzer - INFO - -> Analyzing version 1.0.0-alpha.2 (2/289)...
2025-11-15 19:49:57,628 - BlankSpaceAnalyzer - INFO - -> Analyzing version 2.0.0 (3/289)...
2025-11-15 19:49:57,665 - BlankSpaceAnalyzer - INFO - -> Analyzing version 2.0.0-alpha.1 (4/289)...
2025-11-15 19:49:57,715 - BlankSpaceAnalyzer - INFO - -> Analyzing version 2.0.0-alpha.10 (5/289)...
2025-11-15 19:49:57,752 - BlankSpaceAnalyzer - INFO - -> Analyzing version 2.0.0-alpha.11 (6/289)...
2025-11-15 19:49:57,791 - BlankSpaceAnalyzer - INFO - -> Analyzing version 2.0.0-alpha.12 (7/289)...
2025-11-15 19:49:57,828 - BlankSpaceAnalyzer - INFO - -> Analyzing version 2.0.0-alpha.2 (8/289)...
2025-11-15 19:49:57,865 - BlankSpaceAnalyzer - INFO - -> Analyzing version 2.0.0-alpha.3 (9/289)...
2025-11-15 19:49:57,902 - BlankSpaceAnalyzer - INFO - -> Analyzing version 2.0.0-alpha.4 (10/289)...
2025-11-15 19:49:57,940 - BlankSpaceAnalyzer - INFO - -> Analyzing version 2.0.0-alpha.5 (11/289)...
2025-11-15 19:49:57,977 - BlankSpaceAnalyzer - INFO - -> Analyzing version 2.0.0-alpha.6 (12/289)...
2025-11-15 19:49:58,014 - BlankSpaceAnalyzer - INFO - -> Analyzing version 2.0.0-alpha.7 (13/289)...
2025-11-15 19:49:58,052 - BlankSpaceAnalyzer - INFO - -> Analyzing version 2.0.0-alpha.8 (14/289)...
2025-11-15 19:49:58,102 - BlankSpaceAnalyzer - INFO - -> Analyzing version 2.0.0-alpha.9 (15/289)...
2025-11-15 19:49:58,150 - BlankSpaceAnalyzer - INFO - -> Analyzing version 2.0.0-beta.1 (16/289)...
2025-11-15 19:49:58,188 - BlankSpaceAnalyzer - INFO - -> Analyzing version 2.0.0-beta.10 (17/289)...
2025-11-15 19:49:58,226 - BlankSpaceAnalyzer - INFO - -> Analyzing version 2.0.0-beta.11 (18/289)...
2025-11-15 19:49:58,276 - BlankSpaceAnalyzer - INFO - -> Analyzing version 2.0.0-beta.12 (19/289)...
2025-11-15 19:49:58,328 - BlankSpaceAnalyzer - INFO - -> Analyzing version 2.0.0-beta.13 (20/289)...
2025-11-15 19:49:58,369 - BlankSpaceAnalyzer - INFO - -> Analyzing version 2.0.0-beta.14 (21/289)...
2025-11-15 19:49:58,407 - BlankSpaceAnalyzer - INFO - -> Analyzing version 2.0.0-beta.15 (22/289)...
2025-11-15 19:49:58,444 - BlankSpaceAnalyzer - INFO - -> Analyzing version 2.0.0-beta.16 (23/289)...
2025-11-15 19:49:58,482 - BlankSpaceAnalyzer - INFO - -> Analyzing version 2.0.0-beta.17 (24/289)...
2025-11-15 19:49:58,519 - BlankSpaceAnalyzer - INFO - -> Analyzing version 2.0.0-beta.18 (25/289)...
2025-11-15 19:49:58,556 - BlankSpaceAnalyzer - INFO - -> Analyzing version 2.0.0-beta.19 (26/289)...
2025-11-15 19:49:58,592 - BlankSpaceAnalyzer - INFO - -> Analyzing version 2.0.0-beta.194 (27/289)...
2025-11-15 19:49:58,630 - BlankSpaceAnalyzer - INFO - -> Analyzing version 2.0.0-beta.195 (28/289)...
2025-11-15 19:49:58,666 - BlankSpaceAnalyzer - INFO - -> Analyzing version 2.0.0-beta.196 (29/289)...
2025-11-15 19:49:58,704 - BlankSpaceAnalyzer - INFO - -> Analyzing version 2.0.0-beta.197 (30/289)...
2025-11-15 19:49:58,741 - BlankSpaceAnalyzer - INFO - -> Analyzing version 2.0.0-beta.198 (31/289)...
2025-11-15 19:49:58,778 - BlankSpaceAnalyzer - INFO - -> Analyzing version 2.0.0-beta.199 (32/289)...
2025-11-15 19:49:58,816 - BlankSpaceAnalyzer - INFO - -> Analyzing version 2.0.0-beta.2 (33/289)...
2025-11-15 19:49:58,854 - BlankSpaceAnalyzer - INFO - -> Analyzing version 2.0.0-beta.20 (34/289)...
2025-11-15 19:49:58,892 - BlankSpaceAnalyzer - INFO - -> Analyzing version 2.0.0-beta.200 (35/289)...
2025-11-15 19:49:58,929 - BlankSpaceAnalyzer - INFO - -> Analyzing version 2.0.0-beta.201 (36/289)...
2025-11-15 19:49:58,983 - BlankSpaceAnalyzer - INFO - -> Analyzing version 2.0.0-beta.202 (37/289)...
2025-11-15 19:49:59,037 - BlankSpaceAnalyzer - INFO - -> Analyzing version 2.0.0-beta.203 (38/289)...
2025-11-15 19:49:59,038 - BlankSpaceAnalyzer - INFO - -> Analyzing version 2.0.0-beta.204 (39/289)...
2025-11-15 19:49:59,075 - BlankSpaceAnalyzer - INFO - -> Analyzing version 2.0.0-beta.205 (40/289)...
2025-11-15 19:49:59,113 - BlankSpaceAnalyzer - INFO - -> Analyzing version 2.0.0-beta.206 (41/289)...
2025-11-15 19:49:59,150 - BlankSpaceAnalyzer - INFO - -> Analyzing version 2.0.0-beta.207 (42/289)...
2025-11-15 19:49:59,188 - BlankSpaceAnalyzer - INFO - -> Analyzing version 2.0.0-beta.208 (43/289)...
2025-11-15 19:49:59,226 - BlankSpaceAnalyzer - INFO - -> Analyzing version 2.0.0-beta.209 (44/289)...
2025-11-15 19:49:59,263 - BlankSpaceAnalyzer - INFO - -> Analyzing version 2.0.0-beta.21 (45/289)...
2025-11-15 19:49:59,300 - BlankSpaceAnalyzer - INFO - -> Analyzing version 2.0.0-beta.210 (46/289)...
2025-11-15 19:49:59,301 - BlankSpaceAnalyzer - INFO - -> Analyzing version 2.0.0-beta.211 (47/289)...
2025-11-15 19:49:59,301 - BlankSpaceAnalyzer - INFO - -> Analyzing version 2.0.0-beta.212 (48/289)...
2025-11-15 19:49:59,301 - BlankSpaceAnalyzer - INFO - -> Analyzing version 2.0.0-beta.213 (49/289)...
2025-11-15 19:49:59,302 - BlankSpaceAnalyzer - INFO - -> Analyzing version 2.0.0-beta.214 (50/289)...
2025-11-15 19:49:59,339 - BlankSpaceAnalyzer - INFO - -> Analyzing version 2.0.0-beta.215 (51/289)...
2025-11-15 19:49:59,377 - BlankSpaceAnalyzer - INFO - -> Analyzing version 2.0.0-beta.216 (52/289)...
2025-11-15 19:49:59,426 - BlankSpaceAnalyzer - INFO - -> Analyzing version 2.0.0-beta.217 (53/289)...
2025-11-15 19:49:59,465 - BlankSpaceAnalyzer - INFO - -> Analyzing version 2.0.0-beta.218 (54/289)...
2025-11-15 19:49:59,503 - BlankSpaceAnalyzer - INFO - -> Analyzing version 2.0.0-beta.219 (55/289)...
2025-11-15 19:49:59,540 - BlankSpaceAnalyzer - INFO - -> Analyzing version 2.0.0-beta.22 (56/289)...
2025-11-15 19:49:59,578 - BlankSpaceAnalyzer - INFO - -> Analyzing version 2.0.0-beta.220 (57/289)...
2025-11-15 19:49:59,615 - BlankSpaceAnalyzer - INFO - -> Analyzing version 2.0.0-beta.23 (58/289)...
2025-11-15 19:49:59,653 - BlankSpaceAnalyzer - INFO - -> Analyzing version 2.0.0-beta.24 (59/289)...
2025-11-15 19:49:59,701 - BlankSpaceAnalyzer - INFO - -> Analyzing version 2.0.0-beta.25 (60/289)...
2025-11-15 19:49:59,754 - BlankSpaceAnalyzer - INFO - -> Analyzing version 2.0.0-beta.27 (61/289)...
2025-11-15 19:49:59,754 - BlankSpaceAnalyzer - INFO - -> Analyzing version 2.0.0-beta.28 (62/289)...
2025-11-15 19:49:59,799 - BlankSpaceAnalyzer - INFO - -> Analyzing version 2.0.0-beta.29 (63/289)...
2025-11-15 19:49:59,837 - BlankSpaceAnalyzer - INFO - -> Analyzing version 2.0.0-beta.3 (64/289)...
2025-11-15 19:49:59,873 - BlankSpaceAnalyzer - INFO - -> Analyzing version 2.0.0-beta.31 (65/289)...
2025-11-15 19:49:59,911 - BlankSpaceAnalyzer - INFO - -> Analyzing version 2.0.0-beta.4 (66/289)...
2025-11-15 19:49:59,948 - BlankSpaceAnalyzer - INFO - -> Analyzing version 2.0.0-beta.5 (67/289)...
2025-11-15 19:49:59,987 - BlankSpaceAnalyzer - INFO - -> Analyzing version 2.0.0-beta.6 (68/289)...
2025-11-15 19:50:00,026 - BlankSpaceAnalyzer - INFO - -> Analyzing version 2.0.0-beta.7 (69/289)...
2025-11-15 19:50:00,064 - BlankSpaceAnalyzer - INFO - -> Analyzing version 2.0.0-beta.8 (70/289)...
2025-11-15 19:50:00,102 - BlankSpaceAnalyzer - INFO - -> Analyzing version 2.0.0-beta.9 (71/289)...
2025-11-15 19:50:00,141 - BlankSpaceAnalyzer - INFO - -> Analyzing version 2.0.0-rc.1 (72/289)...
2025-11-15 19:50:00,179 - BlankSpaceAnalyzer - INFO - -> Analyzing version 2.0.0-rc.2 (73/289)...
2025-11-15 19:50:00,217 - BlankSpaceAnalyzer - INFO - -> Analyzing version 2.0.0-rc.3 (74/289)...
2025-11-15 19:50:00,254 - BlankSpaceAnalyzer - INFO - -> Analyzing version 2.0.1 (75/289)...
2025-11-15 19:50:00,292 - BlankSpaceAnalyzer - INFO - -> Analyzing version 2.0.2 (76/289)...
2025-11-15 19:50:00,331 - BlankSpaceAnalyzer - INFO - -> Analyzing version 2.0.3 (77/289)...
2025-11-15 19:50:00,369 - BlankSpaceAnalyzer - INFO - -> Analyzing version 2.0.4 (78/289)...
2025-11-15 19:50:00,419 - BlankSpaceAnalyzer - INFO - -> Analyzing version 2.1.0 (79/289)...
2025-11-15 19:50:00,471 - BlankSpaceAnalyzer - INFO - -> Analyzing version 2.1.0-rc.0 (80/289)...
2025-11-15 19:50:00,528 - BlankSpaceAnalyzer - INFO - -> Analyzing version 2.1.0-rc.1 (81/289)...
2025-11-15 19:50:00,566 - BlankSpaceAnalyzer - INFO - -> Analyzing version 2.1.0-rc.10 (82/289)...
2025-11-15 19:50:00,604 - BlankSpaceAnalyzer - INFO - -> Analyzing version 2.1.0-rc.11 (83/289)...
2025-11-15 19:50:00,641 - BlankSpaceAnalyzer - INFO - -> Analyzing version 2.1.0-rc.12 (84/289)...
2025-11-15 19:50:00,678 - BlankSpaceAnalyzer - INFO - -> Analyzing version 2.1.0-rc.13 (85/289)...
2025-11-15 19:50:00,716 - BlankSpaceAnalyzer - INFO - -> Analyzing version 2.1.0-rc.14 (86/289)...
2025-11-15 19:50:00,754 - BlankSpaceAnalyzer - INFO - -> Analyzing version 2.1.0-rc.2 (87/289)...
2025-11-15 19:50:00,792 - BlankSpaceAnalyzer - INFO - -> Analyzing version 2.1.0-rc.3 (88/289)...
2025-11-15 19:50:00,830 - BlankSpaceAnalyzer - INFO - -> Analyzing version 2.1.0-rc.4 (89/289)...
2025-11-15 19:50:00,868 - BlankSpaceAnalyzer - INFO - -> Analyzing version 2.1.0-rc.5 (90/289)...
2025-11-15 19:50:00,905 - BlankSpaceAnalyzer - INFO - -> Analyzing version 2.1.0-rc.8 (91/289)...
2025-11-15 19:50:00,942 - BlankSpaceAnalyzer - INFO - -> Analyzing version 2.1.0-rc.9 (92/289)...
2025-11-15 19:50:00,980 - BlankSpaceAnalyzer - INFO - -> Analyzing version 2.1.1 (93/289)...
2025-11-15 19:50:01,018 - BlankSpaceAnalyzer - INFO - -> Analyzing version 2.1.10 (94/289)...
2025-11-15 19:50:01,056 - BlankSpaceAnalyzer - INFO - -> Analyzing version 2.1.11 (95/289)...
2025-11-15 19:50:01,094 - BlankSpaceAnalyzer - INFO - -> Analyzing version 2.1.12 (96/289)...
2025-11-15 19:50:01,130 - BlankSpaceAnalyzer - INFO - -> Analyzing version 2.1.13 (97/289)...
2025-11-15 19:50:01,171 - BlankSpaceAnalyzer - INFO - -> Analyzing version 2.1.14 (98/289)...
2025-11-15 19:50:01,226 - BlankSpaceAnalyzer - INFO - -> Analyzing version 2.1.15 (99/289)...
2025-11-15 19:50:01,277 - BlankSpaceAnalyzer - INFO - -> Analyzing version 2.1.16 (100/289)...
2025-11-15 19:50:01,314 - BlankSpaceAnalyzer - INFO - -> Analyzing version 2.1.2 (101/289)...
2025-11-15 19:50:01,351 - BlankSpaceAnalyzer - INFO - -> Analyzing version 2.1.3 (102/289)...
2025-11-15 19:50:01,388 - BlankSpaceAnalyzer - INFO - -> Analyzing version 2.1.4 (103/289)...
2025-11-15 19:50:01,437 - BlankSpaceAnalyzer - INFO - -> Analyzing version 2.1.6 (104/289)...
2025-11-15 19:50:01,476 - BlankSpaceAnalyzer - INFO - -> Analyzing version 2.1.7 (105/289)...
2025-11-15 19:50:01,514 - BlankSpaceAnalyzer - INFO - -> Analyzing version 2.1.8 (106/289)...
2025-11-15 19:50:01,552 - BlankSpaceAnalyzer - INFO - -> Analyzing version 2.1.9 (107/289)...
2025-11-15 19:50:01,592 - BlankSpaceAnalyzer - INFO - -> Analyzing version 2.10.0 (108/289)...
2025-11-15 19:50:01,630 - BlankSpaceAnalyzer - INFO - -> Analyzing version 2.10.1 (109/289)...
2025-11-15 19:50:01,668 - BlankSpaceAnalyzer - INFO - -> Analyzing version 2.10.2 (110/289)...
2025-11-15 19:50:01,707 - BlankSpaceAnalyzer - INFO - -> Analyzing version 2.10.3 (111/289)...
2025-11-15 19:50:01,746 - BlankSpaceAnalyzer - INFO - -> Analyzing version 2.10.4 (112/289)...
2025-11-15 19:50:01,784 - BlankSpaceAnalyzer - INFO - -> Analyzing version 2.11.0 (113/289)...
2025-11-15 19:50:01,822 - BlankSpaceAnalyzer - INFO - -> Analyzing version 2.11.1 (114/289)...
2025-11-15 19:50:01,859 - BlankSpaceAnalyzer - INFO - -> Analyzing version 2.11.2 (115/289)...
2025-11-15 19:50:01,900 - BlankSpaceAnalyzer - INFO - -> Analyzing version 2.11.3 (116/289)...
2025-11-15 19:50:01,952 - BlankSpaceAnalyzer - INFO - -> Analyzing version 2.11.4 (117/289)...
2025-11-15 19:50:02,005 - BlankSpaceAnalyzer - INFO - -> Analyzing version 2.11.5 (118/289)...
2025-11-15 19:50:02,045 - BlankSpaceAnalyzer - INFO - -> Analyzing version 2.11.6 (119/289)...
2025-11-15 19:50:02,082 - BlankSpaceAnalyzer - INFO - -> Analyzing version 2.11.7 (120/289)...
2025-11-15 19:50:02,131 - BlankSpaceAnalyzer - INFO - -> Analyzing version 2.11.9 (121/289)...
2025-11-15 19:50:02,169 - BlankSpaceAnalyzer - INFO - -> Analyzing version 2.12.0 (122/289)...
2025-11-15 19:50:02,221 - BlankSpaceAnalyzer - INFO - -> Analyzing version 2.13.0 (123/289)...
2025-11-15 19:50:02,271 - BlankSpaceAnalyzer - INFO - -> Analyzing version 2.14.0 (124/289)...
2025-11-15 19:50:02,311 - BlankSpaceAnalyzer - INFO - -> Analyzing version 2.14.1 (125/289)...
2025-11-15 19:50:02,352 - BlankSpaceAnalyzer - INFO - -> Analyzing version 2.2.0 (126/289)...
2025-11-15 19:50:02,395 - BlankSpaceAnalyzer - INFO - -> Analyzing version 2.2.0-rc.3 (127/289)...
2025-11-15 19:50:02,438 - BlankSpaceAnalyzer - INFO - -> Analyzing version 2.2.0-rc.4 (128/289)...
2025-11-15 19:50:02,488 - BlankSpaceAnalyzer - INFO - -> Analyzing version 2.2.0-rc.5 (129/289)...
2025-11-15 19:50:02,527 - BlankSpaceAnalyzer - INFO - -> Analyzing version 2.2.0-rc.6 (130/289)...
2025-11-15 19:50:02,565 - BlankSpaceAnalyzer - INFO - -> Analyzing version 2.2.0-rc.7 (131/289)...
2025-11-15 19:50:02,601 - BlankSpaceAnalyzer - INFO - -> Analyzing version 2.2.0-rc.8 (132/289)...
2025-11-15 19:50:02,655 - BlankSpaceAnalyzer - INFO - -> Analyzing version 2.2.1 (133/289)...
2025-11-15 19:50:02,704 - BlankSpaceAnalyzer - INFO - -> Analyzing version 2.2.2 (134/289)...
2025-11-15 19:50:02,754 - BlankSpaceAnalyzer - INFO - -> Analyzing version 2.2.3 (135/289)...
2025-11-15 19:50:02,791 - BlankSpaceAnalyzer - INFO - -> Analyzing version 2.2.4 (136/289)...
2025-11-15 19:50:02,829 - BlankSpaceAnalyzer - INFO - -> Analyzing version 2.2.5 (137/289)...
2025-11-15 19:50:02,868 - BlankSpaceAnalyzer - INFO - -> Analyzing version 2.2.6 (138/289)...
2025-11-15 19:50:02,906 - BlankSpaceAnalyzer - INFO - -> Analyzing version 2.22.0 (139/289)...
2025-11-15 19:50:02,944 - BlankSpaceAnalyzer - INFO - -> Analyzing version 2.22.1 (140/289)...
2025-11-15 19:50:02,981 - BlankSpaceAnalyzer - INFO - -> Analyzing version 2.22.2 (141/289)...
2025-11-15 19:50:03,019 - BlankSpaceAnalyzer - INFO - -> Analyzing version 2.22.3 (142/289)...
2025-11-15 19:50:03,057 - BlankSpaceAnalyzer - INFO - -> Analyzing version 2.23.0 (143/289)...
2025-11-15 19:50:03,094 - BlankSpaceAnalyzer - INFO - -> Analyzing version 2.23.1 (144/289)...
2025-11-15 19:50:03,143 - BlankSpaceAnalyzer - INFO - -> Analyzing version 2.24.0 (145/289)...
2025-11-15 19:50:03,186 - BlankSpaceAnalyzer - INFO - -> Analyzing version 2.24.1 (146/289)...
2025-11-15 19:50:03,223 - BlankSpaceAnalyzer - INFO - -> Analyzing version 2.24.2 (147/289)...
2025-11-15 19:50:03,262 - BlankSpaceAnalyzer - INFO - -> Analyzing version 2.25.0 (148/289)...
2025-11-15 19:50:03,300 - BlankSpaceAnalyzer - INFO - -> Analyzing version 2.25.1 (149/289)...
2025-11-15 19:50:03,337 - BlankSpaceAnalyzer - INFO - -> Analyzing version 2.26.0 (150/289)...
2025-11-15 19:50:03,374 - BlankSpaceAnalyzer - INFO - -> Analyzing version 2.26.1 (151/289)...
2025-11-15 19:50:03,424 - BlankSpaceAnalyzer - INFO - -> Analyzing version 2.26.2 (152/289)...
2025-11-15 19:50:03,475 - BlankSpaceAnalyzer - INFO - -> Analyzing version 2.26.3 (153/289)...
2025-11-15 19:50:03,516 - BlankSpaceAnalyzer - INFO - -> Analyzing version 2.26.4 (154/289)...
2025-11-15 19:50:03,554 - BlankSpaceAnalyzer - INFO - -> Analyzing version 2.27.0 (155/289)...
2025-11-15 19:50:03,591 - BlankSpaceAnalyzer - INFO - -> Analyzing version 2.27.1 (156/289)...
2025-11-15 19:50:03,629 - BlankSpaceAnalyzer - INFO - -> Analyzing version 2.3.0 (157/289)...
2025-11-15 19:50:03,665 - BlankSpaceAnalyzer - INFO - -> Analyzing version 2.3.1 (158/289)...
2025-11-15 19:50:03,703 - BlankSpaceAnalyzer - INFO - -> Analyzing version 2.3.2 (159/289)...
2025-11-15 19:50:03,741 - BlankSpaceAnalyzer - INFO - -> Analyzing version 2.4.0 (160/289)...
2025-11-15 19:50:03,778 - BlankSpaceAnalyzer - INFO - -> Analyzing version 2.5.0 (161/289)...
2025-11-15 19:50:03,817 - BlankSpaceAnalyzer - INFO - -> Analyzing version 2.5.0-beta.0 (162/289)...
2025-11-15 19:50:03,855 - BlankSpaceAnalyzer - INFO - -> Analyzing version 2.5.0-beta.1 (163/289)...
2025-11-15 19:50:03,893 - BlankSpaceAnalyzer - INFO - -> Analyzing version 2.5.0-beta.2 (164/289)...
2025-11-15 19:50:03,931 - BlankSpaceAnalyzer - INFO - -> Analyzing version 2.5.0-beta.3 (165/289)...
2025-11-15 19:50:03,970 - BlankSpaceAnalyzer - INFO - -> Analyzing version 2.5.0-beta.4 (166/289)...
2025-11-15 19:50:04,009 - BlankSpaceAnalyzer - INFO - -> Analyzing version 2.5.0-beta.5 (167/289)...
2025-11-15 19:50:04,048 - BlankSpaceAnalyzer - INFO - -> Analyzing version 2.5.0-beta.6 (168/289)...
2025-11-15 19:50:04,087 - BlankSpaceAnalyzer - INFO - -> Analyzing version 2.5.0-pre.10 (169/289)...
2025-11-15 19:50:04,126 - BlankSpaceAnalyzer - INFO - -> Analyzing version 2.5.0-pre.11 (170/289)...
2025-11-15 19:50:04,177 - BlankSpaceAnalyzer - INFO - -> Analyzing version 2.5.0-pre.13 (171/289)...
2025-11-15 19:50:04,227 - BlankSpaceAnalyzer - INFO - -> Analyzing version 2.5.0-pre.14 (172/289)...
2025-11-15 19:50:04,271 - BlankSpaceAnalyzer - INFO - -> Analyzing version 2.5.0-pre.15 (173/289)...
2025-11-15 19:50:04,308 - BlankSpaceAnalyzer - INFO - -> Analyzing version 2.5.0-pre.16 (174/289)...
2025-11-15 19:50:04,347 - BlankSpaceAnalyzer - INFO - -> Analyzing version 2.5.0-pre.8 (175/289)...
2025-11-15 19:50:04,384 - BlankSpaceAnalyzer - INFO - -> Analyzing version 2.5.0-pre.9 (176/289)...
2025-11-15 19:50:04,423 - BlankSpaceAnalyzer - INFO - -> Analyzing version 2.5.1 (177/289)...
2025-11-15 19:50:04,462 - BlankSpaceAnalyzer - INFO - -> Analyzing version 2.5.2 (178/289)...
2025-11-15 19:50:04,500 - BlankSpaceAnalyzer - INFO - -> Analyzing version 2.5.3 (179/289)...
2025-11-15 19:50:04,539 - BlankSpaceAnalyzer - INFO - -> Analyzing version 2.5.4 (180/289)...
2025-11-15 19:50:04,578 - BlankSpaceAnalyzer - INFO - -> Analyzing version 2.5.5 (181/289)...
2025-11-15 19:50:04,616 - BlankSpaceAnalyzer - INFO - -> Analyzing version 2.5.6 (182/289)...
2025-11-15 19:50:04,655 - BlankSpaceAnalyzer - INFO - -> Analyzing version 2.5.7 (183/289)...
2025-11-15 19:50:04,694 - BlankSpaceAnalyzer - INFO - -> Analyzing version 2.5.8 (184/289)...
2025-11-15 19:50:04,732 - BlankSpaceAnalyzer - INFO - -> Analyzing version 2.5.9 (185/289)...
2025-11-15 19:50:04,771 - BlankSpaceAnalyzer - INFO - -> Analyzing version 2.6.0 (186/289)...
2025-11-15 19:50:04,816 - BlankSpaceAnalyzer - INFO - -> Analyzing version 2.6.1 (187/289)...
2025-11-15 19:50:04,865 - BlankSpaceAnalyzer - INFO - -> Analyzing version 2.6.2 (188/289)...
2025-11-15 19:50:04,923 - BlankSpaceAnalyzer - INFO - -> Analyzing version 2.6.3 (189/289)...
2025-11-15 19:50:04,966 - BlankSpaceAnalyzer - INFO - -> Analyzing version 2.6.4 (190/289)...
2025-11-15 19:50:05,004 - BlankSpaceAnalyzer - INFO - -> Analyzing version 2.6.5 (191/289)...
2025-11-15 19:50:05,043 - BlankSpaceAnalyzer - INFO - -> Analyzing version 2.6.6 (192/289)...
2025-11-15 19:50:05,081 - BlankSpaceAnalyzer - INFO - -> Analyzing version 2.7.0 (193/289)...
2025-11-15 19:50:05,119 - BlankSpaceAnalyzer - INFO - -> Analyzing version 2.7.0-pre.0 (194/289)...
2025-11-15 19:50:05,157 - BlankSpaceAnalyzer - INFO - -> Analyzing version 2.7.1 (195/289)...
2025-11-15 19:50:05,195 - BlankSpaceAnalyzer - INFO - -> Analyzing version 2.7.2 (196/289)...
2025-11-15 19:50:05,234 - BlankSpaceAnalyzer - INFO - -> Analyzing version 2.7.3 (197/289)...
2025-11-15 19:50:05,284 - BlankSpaceAnalyzer - INFO - -> Analyzing version 2.7.4 (198/289)...
2025-11-15 19:50:05,334 - BlankSpaceAnalyzer - INFO - -> Analyzing version 2.8.0 (199/289)...
2025-11-15 19:50:05,373 - BlankSpaceAnalyzer - INFO - -> Analyzing version 2.9.0 (200/289)...
2025-11-15 19:50:05,410 - BlankSpaceAnalyzer - INFO - -> Analyzing version 2.9.1 (201/289)...
2025-11-15 19:50:05,460 - BlankSpaceAnalyzer - INFO - -> Analyzing version 3.0.0 (202/289)...
2025-11-15 19:50:05,498 - BlankSpaceAnalyzer - INFO - -> Analyzing version 3.0.0-beta.0 (203/289)...
2025-11-15 19:50:05,499 - BlankSpaceAnalyzer - INFO - -> Analyzing version 3.0.0-beta.1 (204/289)...
2025-11-15 19:50:05,499 - BlankSpaceAnalyzer - INFO - -> Analyzing version 3.0.0-beta.10 (205/289)...
2025-11-15 19:50:05,499 - BlankSpaceAnalyzer - INFO - -> Analyzing version 3.0.0-beta.11 (206/289)...
2025-11-15 19:50:05,500 - BlankSpaceAnalyzer - INFO - -> Analyzing version 3.0.0-beta.12 (207/289)...
2025-11-15 19:50:05,500 - BlankSpaceAnalyzer - INFO - -> Analyzing version 3.0.0-beta.14 (208/289)...
2025-11-15 19:50:05,500 - BlankSpaceAnalyzer - INFO - -> Analyzing version 3.0.0-beta.15 (209/289)...
2025-11-15 19:50:05,501 - BlankSpaceAnalyzer - INFO - -> Analyzing version 3.0.0-beta.16 (210/289)...
2025-11-15 19:50:05,501 - BlankSpaceAnalyzer - INFO - -> Analyzing version 3.0.0-beta.17 (211/289)...
2025-11-15 19:50:05,501 - BlankSpaceAnalyzer - INFO - -> Analyzing version 3.0.0-beta.18 (212/289)...
2025-11-15 19:50:05,502 - BlankSpaceAnalyzer - INFO - -> Analyzing version 3.0.0-beta.19 (213/289)...
2025-11-15 19:50:05,502 - BlankSpaceAnalyzer - INFO - -> Analyzing version 3.0.0-beta.2 (214/289)...
2025-11-15 19:50:05,502 - BlankSpaceAnalyzer - INFO - -> Analyzing version 3.0.0-beta.21 (215/289)...
2025-11-15 19:50:05,502 - BlankSpaceAnalyzer - INFO - -> Analyzing version 3.0.0-beta.22 (216/289)...
2025-11-15 19:50:05,503 - BlankSpaceAnalyzer - INFO - -> Analyzing version 3.0.0-beta.23 (217/289)...
2025-11-15 19:50:05,503 - BlankSpaceAnalyzer - INFO - -> Analyzing version 3.0.0-beta.24 (218/289)...
2025-11-15 19:50:05,503 - BlankSpaceAnalyzer - INFO - -> Analyzing version 3.0.0-beta.25 (219/289)...
2025-11-15 19:50:05,504 - BlankSpaceAnalyzer - INFO - -> Analyzing version 3.0.0-beta.26 (220/289)...
2025-11-15 19:50:05,504 - BlankSpaceAnalyzer - INFO - -> Analyzing version 3.0.0-beta.27 (221/289)...
2025-11-15 19:50:05,504 - BlankSpaceAnalyzer - INFO - -> Analyzing version 3.0.0-beta.28 (222/289)...
2025-11-15 19:50:05,505 - BlankSpaceAnalyzer - INFO - -> Analyzing version 3.0.0-beta.29 (223/289)...
2025-11-15 19:50:05,505 - BlankSpaceAnalyzer - INFO - -> Analyzing version 3.0.0-beta.3 (224/289)...
2025-11-15 19:50:05,505 - BlankSpaceAnalyzer - INFO - -> Analyzing version 3.0.0-beta.30 (225/289)...
2025-11-15 19:50:05,505 - BlankSpaceAnalyzer - INFO - -> Analyzing version 3.0.0-beta.4 (226/289)...
2025-11-15 19:50:05,506 - BlankSpaceAnalyzer - INFO - -> Analyzing version 3.0.0-beta.5 (227/289)...
2025-11-15 19:50:05,506 - BlankSpaceAnalyzer - INFO - -> Analyzing version 3.0.0-beta.6 (228/289)...
2025-11-15 19:50:05,506 - BlankSpaceAnalyzer - INFO - -> Analyzing version 3.0.0-beta.7 (229/289)...
2025-11-15 19:50:05,507 - BlankSpaceAnalyzer - INFO - -> Analyzing version 3.0.0-beta.8 (230/289)...
2025-11-15 19:50:05,507 - BlankSpaceAnalyzer - INFO - -> Analyzing version 3.0.0-beta.9 (231/289)...
2025-11-15 19:50:05,507 - BlankSpaceAnalyzer - INFO - -> Analyzing version 3.0.0-next.0 (232/289)...
2025-11-15 19:50:05,547 - BlankSpaceAnalyzer - INFO - -> Analyzing version 3.0.0-next.1 (233/289)...
2025-11-15 19:50:05,547 - BlankSpaceAnalyzer - INFO - -> Analyzing version 3.0.0-next.2 (234/289)...
2025-11-15 19:50:05,547 - BlankSpaceAnalyzer - INFO - -> Analyzing version 3.0.0-next.3 (235/289)...
2025-11-15 19:50:05,548 - BlankSpaceAnalyzer - INFO - -> Analyzing version 3.0.0-next.4 (236/289)...
2025-11-15 19:50:05,548 - BlankSpaceAnalyzer - INFO - -> Analyzing version 3.0.0-next.5 (237/289)...
2025-11-15 19:50:05,548 - BlankSpaceAnalyzer - INFO - -> Analyzing version 3.0.0-next.6 (238/289)...
2025-11-15 19:50:05,549 - BlankSpaceAnalyzer - INFO - -> Analyzing version 3.0.0-next.7 (239/289)...
2025-11-15 19:50:05,549 - BlankSpaceAnalyzer - INFO - -> Analyzing version 3.0.0-next.8 (240/289)...
2025-11-15 19:50:05,549 - BlankSpaceAnalyzer - INFO - -> Analyzing version 3.0.1 (241/289)...
2025-11-15 19:50:05,549 - BlankSpaceAnalyzer - INFO - -> Analyzing version 3.0.2 (242/289)...
2025-11-15 19:50:05,550 - BlankSpaceAnalyzer - INFO - -> Analyzing version 3.0.2-beta.0 (243/289)...
2025-11-15 19:50:05,550 - BlankSpaceAnalyzer - INFO - -> Analyzing version 3.0.3 (244/289)...
2025-11-15 19:50:05,550 - BlankSpaceAnalyzer - INFO - -> Analyzing version 3.0.4 (245/289)...
2025-11-15 19:50:05,550 - BlankSpaceAnalyzer - INFO - -> Analyzing version 3.0.5 (246/289)...
2025-11-15 19:50:05,551 - BlankSpaceAnalyzer - INFO - -> Analyzing version 3.0.6 (247/289)...
2025-11-15 19:50:05,551 - BlankSpaceAnalyzer - INFO - -> Analyzing version 3.0.7 (248/289)...
2025-11-15 19:50:05,551 - BlankSpaceAnalyzer - INFO - -> Analyzing version 3.0.8 (249/289)...
2025-11-15 19:50:05,552 - BlankSpaceAnalyzer - INFO - -> Analyzing version 3.0.9 (250/289)...
2025-11-15 19:50:05,552 - BlankSpaceAnalyzer - INFO - -> Analyzing version 3.1.0 (251/289)...
2025-11-15 19:50:05,552 - BlankSpaceAnalyzer - INFO - -> Analyzing version 3.10.0 (252/289)...
2025-11-15 19:50:05,553 - BlankSpaceAnalyzer - INFO - -> Analyzing version 3.10.1 (253/289)...
2025-11-15 19:50:05,553 - BlankSpaceAnalyzer - INFO - -> Analyzing version 3.10.2 (254/289)...
2025-11-15 19:50:05,553 - BlankSpaceAnalyzer - INFO - -> Analyzing version 3.10.3 (255/289)...
2025-11-15 19:50:05,554 - BlankSpaceAnalyzer - INFO - -> Analyzing version 3.10.4 (256/289)...
2025-11-15 19:50:05,554 - BlankSpaceAnalyzer - INFO - -> Analyzing version 3.10.5 (257/289)...
2025-11-15 19:50:05,554 - BlankSpaceAnalyzer - INFO - -> Analyzing version 3.10.6 (258/289)...
2025-11-15 19:50:05,554 - BlankSpaceAnalyzer - INFO - -> Analyzing version 3.10.7 (259/289)...
2025-11-15 19:50:05,555 - BlankSpaceAnalyzer - INFO - -> Analyzing version 3.2.0 (260/289)...
2025-11-15 19:50:05,555 - BlankSpaceAnalyzer - INFO - -> Analyzing version 3.2.1 (261/289)...
2025-11-15 19:50:05,555 - BlankSpaceAnalyzer - INFO - -> Analyzing version 3.2.2 (262/289)...
2025-11-15 19:50:05,556 - BlankSpaceAnalyzer - INFO - -> Analyzing version 3.3.0 (263/289)...
2025-11-15 19:50:05,556 - BlankSpaceAnalyzer - INFO - -> Analyzing version 3.3.1 (264/289)...
2025-11-15 19:50:05,556 - BlankSpaceAnalyzer - INFO - -> Analyzing version 3.4.0 (265/289)...
2025-11-15 19:50:05,557 - BlankSpaceAnalyzer - INFO - -> Analyzing version 3.4.1 (266/289)...
2025-11-15 19:50:05,557 - BlankSpaceAnalyzer - INFO - -> Analyzing version 3.4.2 (267/289)...
2025-11-15 19:50:05,557 - BlankSpaceAnalyzer - INFO - -> Analyzing version 3.4.3 (268/289)...
2025-11-15 19:50:05,557 - BlankSpaceAnalyzer - INFO - -> Analyzing version 3.4.4 (269/289)...
2025-11-15 19:50:05,558 - BlankSpaceAnalyzer - INFO - -> Analyzing version 3.4.5 (270/289)...
2025-11-15 19:50:05,558 - BlankSpaceAnalyzer - INFO - -> Analyzing version 3.4.6 (271/289)...
2025-11-15 19:50:05,559 - BlankSpaceAnalyzer - INFO - -> Analyzing version 3.5.0 (272/289)...
2025-11-15 19:50:05,559 - BlankSpaceAnalyzer - INFO - -> Analyzing version 3.5.1 (273/289)...
2025-11-15 19:50:05,559 - BlankSpaceAnalyzer - INFO - -> Analyzing version 3.5.2 (274/289)...
2025-11-15 19:50:05,560 - BlankSpaceAnalyzer - INFO - -> Analyzing version 3.5.3 (275/289)...
2025-11-15 19:50:05,560 - BlankSpaceAnalyzer - INFO - -> Analyzing version 3.6.0 (276/289)...
2025-11-15 19:50:05,561 - BlankSpaceAnalyzer - INFO - -> Analyzing version 3.6.1 (277/289)...
2025-11-15 19:50:05,561 - BlankSpaceAnalyzer - INFO - -> Analyzing version 3.6.2 (278/289)...
2025-11-15 19:50:05,561 - BlankSpaceAnalyzer - INFO - -> Analyzing version 3.6.3 (279/289)...
2025-11-15 19:50:05,562 - BlankSpaceAnalyzer - INFO - -> Analyzing version 3.6.4 (280/289)...
2025-11-15 19:50:05,562 - BlankSpaceAnalyzer - INFO - -> Analyzing version 3.6.5 (281/289)...
2025-11-15 19:50:05,563 - BlankSpaceAnalyzer - INFO - -> Analyzing version 3.6.6 (282/289)...
2025-11-15 19:50:05,563 - BlankSpaceAnalyzer - INFO - -> Analyzing version 3.6.7 (283/289)...
2025-11-15 19:50:05,564 - BlankSpaceAnalyzer - INFO - -> Analyzing version 3.7.0 (284/289)...
2025-11-15 19:50:05,564 - BlankSpaceAnalyzer - INFO - -> Analyzing version 3.7.1 (285/289)...
2025-11-15 19:50:05,564 - BlankSpaceAnalyzer - INFO - -> Analyzing version 3.7.2 (286/289)...
2025-11-15 19:50:05,565 - BlankSpaceAnalyzer - INFO - -> Analyzing version 3.8.0 (287/289)...
2025-11-15 19:50:05,565 - BlankSpaceAnalyzer - INFO - -> Analyzing version 3.9.0 (288/289)...
2025-11-15 19:50:05,566 - BlankSpaceAnalyzer - INFO - -> Analyzing version 3.9.1 (289/289)...
2025-11-15 19:50:05,566 - BlankSpaceAnalyzer - INFO - Exporting results for '@tiptap/extension-text-align' to CSV...
2025-11-15 19:50:05,859 - BlankSpaceAnalyzer - INFO - Reports saved in: /app/npm_results/@tiptap_extension-text-align
2025-11-15 19:50:05,860 - NPM_Analyzer - INFO - Cleaning temporary folder 'temp/@tiptap_extension-text-align'...
2025-11-15 19:50:06,062 - NPM_Analyzer - INFO - Cleanup completed.
2025-11-16 06:10:35,514 - NPM_Analyzer - INFO - Fetching metadata for '@tiptap/extension-text-align'...
2025-11-16 06:10:35,729 - NPM_Analyzer - INFO - Found 289 versions. Starting download into 'temp/@tiptap_extension-text-align'...
2025-11-16 06:14:43,488 - BlankSpaceAnalyzer - INFO - Analyzing 289 versions for '*.js' in '@tiptap_extension-text-align'.
2025-11-16 06:14:43,488 - BlankSpaceAnalyzer - INFO - -> Analyzing version 1.0.0-alpha.1 (1/289)...
2025-11-16 06:14:43,539 - BlankSpaceAnalyzer - INFO - -> Analyzing version 1.0.0-alpha.2 (2/289)...
2025-11-16 06:14:43,574 - BlankSpaceAnalyzer - INFO - -> Analyzing version 2.0.0 (3/289)...
2025-11-16 06:14:43,611 - BlankSpaceAnalyzer - INFO - -> Analyzing version 2.0.0-alpha.1 (4/289)...
2025-11-16 06:14:43,648 - BlankSpaceAnalyzer - INFO - -> Analyzing version 2.0.0-alpha.10 (5/289)...
2025-11-16 06:14:43,687 - BlankSpaceAnalyzer - INFO - -> Analyzing version 2.0.0-alpha.11 (6/289)...
2025-11-16 06:14:43,725 - BlankSpaceAnalyzer - INFO - -> Analyzing version 2.0.0-alpha.12 (7/289)...
2025-11-16 06:14:43,763 - BlankSpaceAnalyzer - INFO - -> Analyzing version 2.0.0-alpha.2 (8/289)...
2025-11-16 06:14:43,800 - BlankSpaceAnalyzer - INFO - -> Analyzing version 2.0.0-alpha.3 (9/289)...
2025-11-16 06:14:43,838 - BlankSpaceAnalyzer - INFO - -> Analyzing version 2.0.0-alpha.4 (10/289)...
2025-11-16 06:14:43,875 - BlankSpaceAnalyzer - INFO - -> Analyzing version 2.0.0-alpha.5 (11/289)...
2025-11-16 06:14:43,912 - BlankSpaceAnalyzer - INFO - -> Analyzing version 2.0.0-alpha.6 (12/289)...
2025-11-16 06:14:43,949 - BlankSpaceAnalyzer - INFO - -> Analyzing version 2.0.0-alpha.7 (13/289)...
2025-11-16 06:14:43,986 - BlankSpaceAnalyzer - INFO - -> Analyzing version 2.0.0-alpha.8 (14/289)...
2025-11-16 06:14:44,024 - BlankSpaceAnalyzer - INFO - -> Analyzing version 2.0.0-alpha.9 (15/289)...
2025-11-16 06:14:44,060 - BlankSpaceAnalyzer - INFO - -> Analyzing version 2.0.0-beta.1 (16/289)...
2025-11-16 06:14:44,097 - BlankSpaceAnalyzer - INFO - -> Analyzing version 2.0.0-beta.10 (17/289)...
2025-11-16 06:14:44,134 - BlankSpaceAnalyzer - INFO - -> Analyzing version 2.0.0-beta.11 (18/289)...
2025-11-16 06:14:44,171 - BlankSpaceAnalyzer - INFO - -> Analyzing version 2.0.0-beta.12 (19/289)...
2025-11-16 06:14:44,210 - BlankSpaceAnalyzer - INFO - -> Analyzing version 2.0.0-beta.13 (20/289)...
2025-11-16 06:14:44,247 - BlankSpaceAnalyzer - INFO - -> Analyzing version 2.0.0-beta.14 (21/289)...
2025-11-16 06:14:44,284 - BlankSpaceAnalyzer - INFO - -> Analyzing version 2.0.0-beta.15 (22/289)...
2025-11-16 06:14:44,322 - BlankSpaceAnalyzer - INFO - -> Analyzing version 2.0.0-beta.16 (23/289)...
2025-11-16 06:14:44,359 - BlankSpaceAnalyzer - INFO - -> Analyzing version 2.0.0-beta.17 (24/289)...
2025-11-16 06:14:44,397 - BlankSpaceAnalyzer - INFO - -> Analyzing version 2.0.0-beta.18 (25/289)...
2025-11-16 06:14:44,433 - BlankSpaceAnalyzer - INFO - -> Analyzing version 2.0.0-beta.19 (26/289)...
2025-11-16 06:14:44,471 - BlankSpaceAnalyzer - INFO - -> Analyzing version 2.0.0-beta.194 (27/289)...
2025-11-16 06:14:44,510 - BlankSpaceAnalyzer - INFO - -> Analyzing version 2.0.0-beta.195 (28/289)...
2025-11-16 06:14:44,549 - BlankSpaceAnalyzer - INFO - -> Analyzing version 2.0.0-beta.196 (29/289)...
2025-11-16 06:14:44,585 - BlankSpaceAnalyzer - INFO - -> Analyzing version 2.0.0-beta.197 (30/289)...
2025-11-16 06:14:44,622 - BlankSpaceAnalyzer - INFO - -> Analyzing version 2.0.0-beta.198 (31/289)...
2025-11-16 06:14:44,659 - BlankSpaceAnalyzer - INFO - -> Analyzing version 2.0.0-beta.199 (32/289)...
2025-11-16 06:14:44,696 - BlankSpaceAnalyzer - INFO - -> Analyzing version 2.0.0-beta.2 (33/289)...
2025-11-16 06:14:44,734 - BlankSpaceAnalyzer - INFO - -> Analyzing version 2.0.0-beta.20 (34/289)...
2025-11-16 06:14:44,773 - BlankSpaceAnalyzer - INFO - -> Analyzing version 2.0.0-beta.200 (35/289)...
2025-11-16 06:14:44,809 - BlankSpaceAnalyzer - INFO - -> Analyzing version 2.0.0-beta.201 (36/289)...
2025-11-16 06:14:44,847 - BlankSpaceAnalyzer - INFO - -> Analyzing version 2.0.0-beta.202 (37/289)...
2025-11-16 06:14:44,884 - BlankSpaceAnalyzer - INFO - -> Analyzing version 2.0.0-beta.203 (38/289)...
2025-11-16 06:14:44,885 - BlankSpaceAnalyzer - INFO - -> Analyzing version 2.0.0-beta.204 (39/289)...
2025-11-16 06:14:44,921 - BlankSpaceAnalyzer - INFO - -> Analyzing version 2.0.0-beta.205 (40/289)...
2025-11-16 06:14:44,958 - BlankSpaceAnalyzer - INFO - -> Analyzing version 2.0.0-beta.206 (41/289)...
2025-11-16 06:14:44,996 - BlankSpaceAnalyzer - INFO - -> Analyzing version 2.0.0-beta.207 (42/289)...
2025-11-16 06:14:45,035 - BlankSpaceAnalyzer - INFO - -> Analyzing version 2.0.0-beta.208 (43/289)...
2025-11-16 06:14:45,071 - BlankSpaceAnalyzer - INFO - -> Analyzing version 2.0.0-beta.209 (44/289)...
2025-11-16 06:14:45,108 - BlankSpaceAnalyzer - INFO - -> Analyzing version 2.0.0-beta.21 (45/289)...
2025-11-16 06:14:45,144 - BlankSpaceAnalyzer - INFO - -> Analyzing version 2.0.0-beta.210 (46/289)...
2025-11-16 06:14:45,145 - BlankSpaceAnalyzer - INFO - -> Analyzing version 2.0.0-beta.211 (47/289)...
2025-11-16 06:14:45,145 - BlankSpaceAnalyzer - INFO - -> Analyzing version 2.0.0-beta.212 (48/289)...
2025-11-16 06:14:45,145 - BlankSpaceAnalyzer - INFO - -> Analyzing version 2.0.0-beta.213 (49/289)...
2025-11-16 06:14:45,146 - BlankSpaceAnalyzer - INFO - -> Analyzing version 2.0.0-beta.214 (50/289)...
2025-11-16 06:14:45,184 - BlankSpaceAnalyzer - INFO - -> Analyzing version 2.0.0-beta.215 (51/289)...
2025-11-16 06:14:45,222 - BlankSpaceAnalyzer - INFO - -> Analyzing version 2.0.0-beta.216 (52/289)...
2025-11-16 06:14:45,259 - BlankSpaceAnalyzer - INFO - -> Analyzing version 2.0.0-beta.217 (53/289)...
2025-11-16 06:14:45,298 - BlankSpaceAnalyzer - INFO - -> Analyzing version 2.0.0-beta.218 (54/289)...
2025-11-16 06:14:45,336 - BlankSpaceAnalyzer - INFO - -> Analyzing version 2.0.0-beta.219 (55/289)...
2025-11-16 06:14:45,374 - BlankSpaceAnalyzer - INFO - -> Analyzing version 2.0.0-beta.22 (56/289)...
2025-11-16 06:14:45,410 - BlankSpaceAnalyzer - INFO - -> Analyzing version 2.0.0-beta.220 (57/289)...
2025-11-16 06:14:45,447 - BlankSpaceAnalyzer - INFO - -> Analyzing version 2.0.0-beta.23 (58/289)...
2025-11-16 06:14:45,484 - BlankSpaceAnalyzer - INFO - -> Analyzing version 2.0.0-beta.24 (59/289)...
2025-11-16 06:14:45,521 - BlankSpaceAnalyzer - INFO - -> Analyzing version 2.0.0-beta.25 (60/289)...
2025-11-16 06:14:45,558 - BlankSpaceAnalyzer - INFO - -> Analyzing version 2.0.0-beta.27 (61/289)...
2025-11-16 06:14:45,559 - BlankSpaceAnalyzer - INFO - -> Analyzing version 2.0.0-beta.28 (62/289)...
2025-11-16 06:14:45,595 - BlankSpaceAnalyzer - INFO - -> Analyzing version 2.0.0-beta.29 (63/289)...
2025-11-16 06:14:45,632 - BlankSpaceAnalyzer - INFO - -> Analyzing version 2.0.0-beta.3 (64/289)...
2025-11-16 06:14:45,669 - BlankSpaceAnalyzer - INFO - -> Analyzing version 2.0.0-beta.31 (65/289)...
2025-11-16 06:14:45,706 - BlankSpaceAnalyzer - INFO - -> Analyzing version 2.0.0-beta.4 (66/289)...
2025-11-16 06:14:45,743 - BlankSpaceAnalyzer - INFO - -> Analyzing version 2.0.0-beta.5 (67/289)...
2025-11-16 06:14:45,780 - BlankSpaceAnalyzer - INFO - -> Analyzing version 2.0.0-beta.6 (68/289)...
2025-11-16 06:14:45,818 - BlankSpaceAnalyzer - INFO - -> Analyzing version 2.0.0-beta.7 (69/289)...
2025-11-16 06:14:45,854 - BlankSpaceAnalyzer - INFO - -> Analyzing version 2.0.0-beta.8 (70/289)...
2025-11-16 06:14:45,892 - BlankSpaceAnalyzer - INFO - -> Analyzing version 2.0.0-beta.9 (71/289)...
2025-11-16 06:14:45,929 - BlankSpaceAnalyzer - INFO - -> Analyzing version 2.0.0-rc.1 (72/289)...
2025-11-16 06:14:45,966 - BlankSpaceAnalyzer - INFO - -> Analyzing version 2.0.0-rc.2 (73/289)...
2025-11-16 06:14:46,002 - BlankSpaceAnalyzer - INFO - -> Analyzing version 2.0.0-rc.3 (74/289)...
2025-11-16 06:14:46,040 - BlankSpaceAnalyzer - INFO - -> Analyzing version 2.0.1 (75/289)...
2025-11-16 06:14:46,078 - BlankSpaceAnalyzer - INFO - -> Analyzing version 2.0.2 (76/289)...
2025-11-16 06:14:46,116 - BlankSpaceAnalyzer - INFO - -> Analyzing version 2.0.3 (77/289)...
2025-11-16 06:14:46,153 - BlankSpaceAnalyzer - INFO - -> Analyzing version 2.0.4 (78/289)...
2025-11-16 06:14:46,192 - BlankSpaceAnalyzer - INFO - -> Analyzing version 2.1.0 (79/289)...
2025-11-16 06:14:46,230 - BlankSpaceAnalyzer - INFO - -> Analyzing version 2.1.0-rc.0 (80/289)...
2025-11-16 06:14:46,267 - BlankSpaceAnalyzer - INFO - -> Analyzing version 2.1.0-rc.1 (81/289)...
2025-11-16 06:14:46,304 - BlankSpaceAnalyzer - INFO - -> Analyzing version 2.1.0-rc.10 (82/289)...
2025-11-16 06:14:46,341 - BlankSpaceAnalyzer - INFO - -> Analyzing version 2.1.0-rc.11 (83/289)...
2025-11-16 06:14:46,378 - BlankSpaceAnalyzer - INFO - -> Analyzing version 2.1.0-rc.12 (84/289)...
2025-11-16 06:14:46,415 - BlankSpaceAnalyzer - INFO - -> Analyzing version 2.1.0-rc.13 (85/289)...
2025-11-16 06:14:46,451 - BlankSpaceAnalyzer - INFO - -> Analyzing version 2.1.0-rc.14 (86/289)...
2025-11-16 06:14:46,488 - BlankSpaceAnalyzer - INFO - -> Analyzing version 2.1.0-rc.2 (87/289)...
2025-11-16 06:14:46,525 - BlankSpaceAnalyzer - INFO - -> Analyzing version 2.1.0-rc.3 (88/289)...
2025-11-16 06:14:46,562 - BlankSpaceAnalyzer - INFO - -> Analyzing version 2.1.0-rc.4 (89/289)...
2025-11-16 06:14:46,599 - BlankSpaceAnalyzer - INFO - -> Analyzing version 2.1.0-rc.5 (90/289)...
2025-11-16 06:14:46,635 - BlankSpaceAnalyzer - INFO - -> Analyzing version 2.1.0-rc.8 (91/289)...
2025-11-16 06:14:46,673 - BlankSpaceAnalyzer - INFO - -> Analyzing version 2.1.0-rc.9 (92/289)...
2025-11-16 06:14:46,709 - BlankSpaceAnalyzer - INFO - -> Analyzing version 2.1.1 (93/289)...
2025-11-16 06:14:46,747 - BlankSpaceAnalyzer - INFO - -> Analyzing version 2.1.10 (94/289)...
2025-11-16 06:14:46,784 - BlankSpaceAnalyzer - INFO - -> Analyzing version 2.1.11 (95/289)...
2025-11-16 06:14:46,822 - BlankSpaceAnalyzer - INFO - -> Analyzing version 2.1.12 (96/289)...
2025-11-16 06:14:46,858 - BlankSpaceAnalyzer - INFO - -> Analyzing version 2.1.13 (97/289)...
2025-11-16 06:14:46,896 - BlankSpaceAnalyzer - INFO - -> Analyzing version 2.1.14 (98/289)...
2025-11-16 06:14:46,934 - BlankSpaceAnalyzer - INFO - -> Analyzing version 2.1.15 (99/289)...
2025-11-16 06:14:46,971 - BlankSpaceAnalyzer - INFO - -> Analyzing version 2.1.16 (100/289)...
2025-11-16 06:14:47,008 - BlankSpaceAnalyzer - INFO - -> Analyzing version 2.1.2 (101/289)...
2025-11-16 06:14:47,049 - BlankSpaceAnalyzer - INFO - -> Analyzing version 2.1.3 (102/289)...
2025-11-16 06:14:47,085 - BlankSpaceAnalyzer - INFO - -> Analyzing version 2.1.4 (103/289)...
2025-11-16 06:14:47,122 - BlankSpaceAnalyzer - INFO - -> Analyzing version 2.1.6 (104/289)...
2025-11-16 06:14:47,158 - BlankSpaceAnalyzer - INFO - -> Analyzing version 2.1.7 (105/289)...
2025-11-16 06:14:47,196 - BlankSpaceAnalyzer - INFO - -> Analyzing version 2.1.8 (106/289)...
2025-11-16 06:14:47,232 - BlankSpaceAnalyzer - INFO - -> Analyzing version 2.1.9 (107/289)...
2025-11-16 06:14:47,269 - BlankSpaceAnalyzer - INFO - -> Analyzing version 2.10.0 (108/289)...
2025-11-16 06:14:47,306 - BlankSpaceAnalyzer - INFO - -> Analyzing version 2.10.1 (109/289)...
2025-11-16 06:14:47,343 - BlankSpaceAnalyzer - INFO - -> Analyzing version 2.10.2 (110/289)...
2025-11-16 06:14:47,380 - BlankSpaceAnalyzer - INFO - -> Analyzing version 2.10.3 (111/289)...
2025-11-16 06:14:47,416 - BlankSpaceAnalyzer - INFO - -> Analyzing version 2.10.4 (112/289)...
2025-11-16 06:14:47,453 - BlankSpaceAnalyzer - INFO - -> Analyzing version 2.11.0 (113/289)...
2025-11-16 06:14:47,490 - BlankSpaceAnalyzer - INFO - -> Analyzing version 2.11.1 (114/289)...
2025-11-16 06:14:47,527 - BlankSpaceAnalyzer - INFO - -> Analyzing version 2.11.2 (115/289)...
2025-11-16 06:14:47,563 - BlankSpaceAnalyzer - INFO - -> Analyzing version 2.11.3 (116/289)...
2025-11-16 06:14:47,600 - BlankSpaceAnalyzer - INFO - -> Analyzing version 2.11.4 (117/289)...
2025-11-16 06:14:47,638 - BlankSpaceAnalyzer - INFO - -> Analyzing version 2.11.5 (118/289)...
2025-11-16 06:14:47,674 - BlankSpaceAnalyzer - INFO - -> Analyzing version 2.11.6 (119/289)...
2025-11-16 06:14:47,711 - BlankSpaceAnalyzer - INFO - -> Analyzing version 2.11.7 (120/289)...
2025-11-16 06:14:47,748 - BlankSpaceAnalyzer - INFO - -> Analyzing version 2.11.9 (121/289)...
2025-11-16 06:14:47,785 - BlankSpaceAnalyzer - INFO - -> Analyzing version 2.12.0 (122/289)...
2025-11-16 06:14:47,824 - BlankSpaceAnalyzer - INFO - -> Analyzing version 2.13.0 (123/289)...
2025-11-16 06:14:47,860 - BlankSpaceAnalyzer - INFO - -> Analyzing version 2.14.0 (124/289)...
2025-11-16 06:14:47,897 - BlankSpaceAnalyzer - INFO - -> Analyzing version 2.14.1 (125/289)...
2025-11-16 06:14:47,938 - BlankSpaceAnalyzer - INFO - -> Analyzing version 2.2.0 (126/289)...
2025-11-16 06:14:47,976 - BlankSpaceAnalyzer - INFO - -> Analyzing version 2.2.0-rc.3 (127/289)...
2025-11-16 06:14:48,014 - BlankSpaceAnalyzer - INFO - -> Analyzing version 2.2.0-rc.4 (128/289)...
2025-11-16 06:14:48,052 - BlankSpaceAnalyzer - INFO - -> Analyzing version 2.2.0-rc.5 (129/289)...
2025-11-16 06:14:48,090 - BlankSpaceAnalyzer - INFO - -> Analyzing version 2.2.0-rc.6 (130/289)...
2025-11-16 06:14:48,127 - BlankSpaceAnalyzer - INFO - -> Analyzing version 2.2.0-rc.7 (131/289)...
2025-11-16 06:14:48,165 - BlankSpaceAnalyzer - INFO - -> Analyzing version 2.2.0-rc.8 (132/289)...
2025-11-16 06:14:48,201 - BlankSpaceAnalyzer - INFO - -> Analyzing version 2.2.1 (133/289)...
2025-11-16 06:14:48,239 - BlankSpaceAnalyzer - INFO - -> Analyzing version 2.2.2 (134/289)...
2025-11-16 06:14:48,276 - BlankSpaceAnalyzer - INFO - -> Analyzing version 2.2.3 (135/289)...
2025-11-16 06:14:48,312 - BlankSpaceAnalyzer - INFO - -> Analyzing version 2.2.4 (136/289)...
2025-11-16 06:14:48,351 - BlankSpaceAnalyzer - INFO - -> Analyzing version 2.2.5 (137/289)...
2025-11-16 06:14:48,387 - BlankSpaceAnalyzer - INFO - -> Analyzing version 2.2.6 (138/289)...
2025-11-16 06:14:48,424 - BlankSpaceAnalyzer - INFO - -> Analyzing version 2.22.0 (139/289)...
2025-11-16 06:14:48,460 - BlankSpaceAnalyzer - INFO - -> Analyzing version 2.22.1 (140/289)...
2025-11-16 06:14:48,498 - BlankSpaceAnalyzer - INFO - -> Analyzing version 2.22.2 (141/289)...
2025-11-16 06:14:48,536 - BlankSpaceAnalyzer - INFO - -> Analyzing version 2.22.3 (142/289)...
2025-11-16 06:14:48,576 - BlankSpaceAnalyzer - INFO - -> Analyzing version 2.23.0 (143/289)...
2025-11-16 06:14:48,612 - BlankSpaceAnalyzer - INFO - -> Analyzing version 2.23.1 (144/289)...
2025-11-16 06:14:48,651 - BlankSpaceAnalyzer - INFO - -> Analyzing version 2.24.0 (145/289)...
2025-11-16 06:14:48,688 - BlankSpaceAnalyzer - INFO - -> Analyzing version 2.24.1 (146/289)...
2025-11-16 06:14:48,726 - BlankSpaceAnalyzer - INFO - -> Analyzing version 2.24.2 (147/289)...
2025-11-16 06:14:48,763 - BlankSpaceAnalyzer - INFO - -> Analyzing version 2.25.0 (148/289)...
2025-11-16 06:14:48,800 - BlankSpaceAnalyzer - INFO - -> Analyzing version 2.25.1 (149/289)...
2025-11-16 06:14:48,837 - BlankSpaceAnalyzer - INFO - -> Analyzing version 2.26.0 (150/289)...
2025-11-16 06:14:48,873 - BlankSpaceAnalyzer - INFO - -> Analyzing version 2.26.1 (151/289)...
2025-11-16 06:14:48,910 - BlankSpaceAnalyzer - INFO - -> Analyzing version 2.26.2 (152/289)...
2025-11-16 06:14:48,947 - BlankSpaceAnalyzer - INFO - -> Analyzing version 2.26.3 (153/289)...
2025-11-16 06:14:48,983 - BlankSpaceAnalyzer - INFO - -> Analyzing version 2.26.4 (154/289)...
2025-11-16 06:14:49,021 - BlankSpaceAnalyzer - INFO - -> Analyzing version 2.27.0 (155/289)...
2025-11-16 06:14:49,058 - BlankSpaceAnalyzer - INFO - -> Analyzing version 2.27.1 (156/289)...
2025-11-16 06:14:49,095 - BlankSpaceAnalyzer - INFO - -> Analyzing version 2.3.0 (157/289)...
2025-11-16 06:14:49,133 - BlankSpaceAnalyzer - INFO - -> Analyzing version 2.3.1 (158/289)...
2025-11-16 06:14:49,172 - BlankSpaceAnalyzer - INFO - -> Analyzing version 2.3.2 (159/289)...
2025-11-16 06:14:49,208 - BlankSpaceAnalyzer - INFO - -> Analyzing version 2.4.0 (160/289)...
2025-11-16 06:14:49,245 - BlankSpaceAnalyzer - INFO - -> Analyzing version 2.5.0 (161/289)...
2025-11-16 06:14:49,282 - BlankSpaceAnalyzer - INFO - -> Analyzing version 2.5.0-beta.0 (162/289)...
2025-11-16 06:14:49,319 - BlankSpaceAnalyzer - INFO - -> Analyzing version 2.5.0-beta.1 (163/289)...
2025-11-16 06:14:49,356 - BlankSpaceAnalyzer - INFO - -> Analyzing version 2.5.0-beta.2 (164/289)...
2025-11-16 06:14:49,392 - BlankSpaceAnalyzer - INFO - -> Analyzing version 2.5.0-beta.3 (165/289)...
2025-11-16 06:14:49,430 - BlankSpaceAnalyzer - INFO - -> Analyzing version 2.5.0-beta.4 (166/289)...
2025-11-16 06:14:49,467 - BlankSpaceAnalyzer - INFO - -> Analyzing version 2.5.0-beta.5 (167/289)...
2025-11-16 06:14:49,505 - BlankSpaceAnalyzer - INFO - -> Analyzing version 2.5.0-beta.6 (168/289)...
2025-11-16 06:14:49,543 - BlankSpaceAnalyzer - INFO - -> Analyzing version 2.5.0-pre.10 (169/289)...
2025-11-16 06:14:49,582 - BlankSpaceAnalyzer - INFO - -> Analyzing version 2.5.0-pre.11 (170/289)...
2025-11-16 06:14:49,619 - BlankSpaceAnalyzer - INFO - -> Analyzing version 2.5.0-pre.13 (171/289)...
2025-11-16 06:14:49,658 - BlankSpaceAnalyzer - INFO - -> Analyzing version 2.5.0-pre.14 (172/289)...
2025-11-16 06:14:49,694 - BlankSpaceAnalyzer - INFO - -> Analyzing version 2.5.0-pre.15 (173/289)...
2025-11-16 06:14:49,732 - BlankSpaceAnalyzer - INFO - -> Analyzing version 2.5.0-pre.16 (174/289)...
2025-11-16 06:14:49,769 - BlankSpaceAnalyzer - INFO - -> Analyzing version 2.5.0-pre.8 (175/289)...
2025-11-16 06:14:49,806 - BlankSpaceAnalyzer - INFO - -> Analyzing version 2.5.0-pre.9 (176/289)...
2025-11-16 06:14:49,844 - BlankSpaceAnalyzer - INFO - -> Analyzing version 2.5.1 (177/289)...
2025-11-16 06:14:49,881 - BlankSpaceAnalyzer - INFO - -> Analyzing version 2.5.2 (178/289)...
2025-11-16 06:14:49,920 - BlankSpaceAnalyzer - INFO - -> Analyzing version 2.5.3 (179/289)...
2025-11-16 06:14:49,956 - BlankSpaceAnalyzer - INFO - -> Analyzing version 2.5.4 (180/289)...
2025-11-16 06:14:49,994 - BlankSpaceAnalyzer - INFO - -> Analyzing version 2.5.5 (181/289)...
2025-11-16 06:14:50,033 - BlankSpaceAnalyzer - INFO - -> Analyzing version 2.5.6 (182/289)...
2025-11-16 06:14:50,073 - BlankSpaceAnalyzer - INFO - -> Analyzing version 2.5.7 (183/289)...
2025-11-16 06:14:50,111 - BlankSpaceAnalyzer - INFO - -> Analyzing version 2.5.8 (184/289)...
2025-11-16 06:14:50,149 - BlankSpaceAnalyzer - INFO - -> Analyzing version 2.5.9 (185/289)...
2025-11-16 06:14:50,187 - BlankSpaceAnalyzer - INFO - -> Analyzing version 2.6.0 (186/289)...
2025-11-16 06:14:50,225 - BlankSpaceAnalyzer - INFO - -> Analyzing version 2.6.1 (187/289)...
2025-11-16 06:14:50,263 - BlankSpaceAnalyzer - INFO - -> Analyzing version 2.6.2 (188/289)...
2025-11-16 06:14:50,303 - BlankSpaceAnalyzer - INFO - -> Analyzing version 2.6.3 (189/289)...
2025-11-16 06:14:50,339 - BlankSpaceAnalyzer - INFO - -> Analyzing version 2.6.4 (190/289)...
2025-11-16 06:14:50,376 - BlankSpaceAnalyzer - INFO - -> Analyzing version 2.6.5 (191/289)...
2025-11-16 06:14:50,414 - BlankSpaceAnalyzer - INFO - -> Analyzing version 2.6.6 (192/289)...
2025-11-16 06:14:50,452 - BlankSpaceAnalyzer - INFO - -> Analyzing version 2.7.0 (193/289)...
2025-11-16 06:14:50,490 - BlankSpaceAnalyzer - INFO - -> Analyzing version 2.7.0-pre.0 (194/289)...
2025-11-16 06:14:50,528 - BlankSpaceAnalyzer - INFO - -> Analyzing version 2.7.1 (195/289)...
2025-11-16 06:14:50,564 - BlankSpaceAnalyzer - INFO - -> Analyzing version 2.7.2 (196/289)...
2025-11-16 06:14:50,602 - BlankSpaceAnalyzer - INFO - -> Analyzing version 2.7.3 (197/289)...
2025-11-16 06:14:50,640 - BlankSpaceAnalyzer - INFO - -> Analyzing version 2.7.4 (198/289)...
2025-11-16 06:14:50,677 - BlankSpaceAnalyzer - INFO - -> Analyzing version 2.8.0 (199/289)...
2025-11-16 06:14:50,713 - BlankSpaceAnalyzer - INFO - -> Analyzing version 2.9.0 (200/289)...
2025-11-16 06:14:50,750 - BlankSpaceAnalyzer - INFO - -> Analyzing version 2.9.1 (201/289)...
2025-11-16 06:14:50,786 - BlankSpaceAnalyzer - INFO - -> Analyzing version 3.0.0 (202/289)...
2025-11-16 06:14:50,824 - BlankSpaceAnalyzer - INFO - -> Analyzing version 3.0.0-beta.0 (203/289)...
2025-11-16 06:14:50,824 - BlankSpaceAnalyzer - INFO - -> Analyzing version 3.0.0-beta.1 (204/289)...
2025-11-16 06:14:50,824 - BlankSpaceAnalyzer - INFO - -> Analyzing version 3.0.0-beta.10 (205/289)...
2025-11-16 06:14:50,825 - BlankSpaceAnalyzer - INFO - -> Analyzing version 3.0.0-beta.11 (206/289)...
2025-11-16 06:14:50,825 - BlankSpaceAnalyzer - INFO - -> Analyzing version 3.0.0-beta.12 (207/289)...
2025-11-16 06:14:50,825 - BlankSpaceAnalyzer - INFO - -> Analyzing version 3.0.0-beta.14 (208/289)...
2025-11-16 06:14:50,825 - BlankSpaceAnalyzer - INFO - -> Analyzing version 3.0.0-beta.15 (209/289)...
2025-11-16 06:14:50,826 - BlankSpaceAnalyzer - INFO - -> Analyzing version 3.0.0-beta.16 (210/289)...
2025-11-16 06:14:50,826 - BlankSpaceAnalyzer - INFO - -> Analyzing version 3.0.0-beta.17 (211/289)...
2025-11-16 06:14:50,826 - BlankSpaceAnalyzer - INFO - -> Analyzing version 3.0.0-beta.18 (212/289)...
2025-11-16 06:14:50,827 - BlankSpaceAnalyzer - INFO - -> Analyzing version 3.0.0-beta.19 (213/289)...
2025-11-16 06:14:50,827 - BlankSpaceAnalyzer - INFO - -> Analyzing version 3.0.0-beta.2 (214/289)...
2025-11-16 06:14:50,827 - BlankSpaceAnalyzer - INFO - -> Analyzing version 3.0.0-beta.21 (215/289)...
2025-11-16 06:14:50,827 - BlankSpaceAnalyzer - INFO - -> Analyzing version 3.0.0-beta.22 (216/289)...
2025-11-16 06:14:50,828 - BlankSpaceAnalyzer - INFO - -> Analyzing version 3.0.0-beta.23 (217/289)...
2025-11-16 06:14:50,828 - BlankSpaceAnalyzer - INFO - -> Analyzing version 3.0.0-beta.24 (218/289)...
2025-11-16 06:14:50,828 - BlankSpaceAnalyzer - INFO - -> Analyzing version 3.0.0-beta.25 (219/289)...
2025-11-16 06:14:50,829 - BlankSpaceAnalyzer - INFO - -> Analyzing version 3.0.0-beta.26 (220/289)...
2025-11-16 06:14:50,829 - BlankSpaceAnalyzer - INFO - -> Analyzing version 3.0.0-beta.27 (221/289)...
2025-11-16 06:14:50,829 - BlankSpaceAnalyzer - INFO - -> Analyzing version 3.0.0-beta.28 (222/289)...
2025-11-16 06:14:50,829 - BlankSpaceAnalyzer - INFO - -> Analyzing version 3.0.0-beta.29 (223/289)...
2025-11-16 06:14:50,830 - BlankSpaceAnalyzer - INFO - -> Analyzing version 3.0.0-beta.3 (224/289)...
2025-11-16 06:14:50,830 - BlankSpaceAnalyzer - INFO - -> Analyzing version 3.0.0-beta.30 (225/289)...
2025-11-16 06:14:50,830 - BlankSpaceAnalyzer - INFO - -> Analyzing version 3.0.0-beta.4 (226/289)...
2025-11-16 06:14:50,831 - BlankSpaceAnalyzer - INFO - -> Analyzing version 3.0.0-beta.5 (227/289)...
2025-11-16 06:14:50,831 - BlankSpaceAnalyzer - INFO - -> Analyzing version 3.0.0-beta.6 (228/289)...
2025-11-16 06:14:50,831 - BlankSpaceAnalyzer - INFO - -> Analyzing version 3.0.0-beta.7 (229/289)...
2025-11-16 06:14:50,831 - BlankSpaceAnalyzer - INFO - -> Analyzing version 3.0.0-beta.8 (230/289)...
2025-11-16 06:14:50,832 - BlankSpaceAnalyzer - INFO - -> Analyzing version 3.0.0-beta.9 (231/289)...
2025-11-16 06:14:50,832 - BlankSpaceAnalyzer - INFO - -> Analyzing version 3.0.0-next.0 (232/289)...
2025-11-16 06:14:50,870 - BlankSpaceAnalyzer - INFO - -> Analyzing version 3.0.0-next.1 (233/289)...
2025-11-16 06:14:50,870 - BlankSpaceAnalyzer - INFO - -> Analyzing version 3.0.0-next.2 (234/289)...
2025-11-16 06:14:50,871 - BlankSpaceAnalyzer - INFO - -> Analyzing version 3.0.0-next.3 (235/289)...
2025-11-16 06:14:50,871 - BlankSpaceAnalyzer - INFO - -> Analyzing version 3.0.0-next.4 (236/289)...
2025-11-16 06:14:50,871 - BlankSpaceAnalyzer - INFO - -> Analyzing version 3.0.0-next.5 (237/289)...
2025-11-16 06:14:50,872 - BlankSpaceAnalyzer - INFO - -> Analyzing version 3.0.0-next.6 (238/289)...
2025-11-16 06:14:50,872 - BlankSpaceAnalyzer - INFO - -> Analyzing version 3.0.0-next.7 (239/289)...
2025-11-16 06:14:50,872 - BlankSpaceAnalyzer - INFO - -> Analyzing version 3.0.0-next.8 (240/289)...
2025-11-16 06:14:50,872 - BlankSpaceAnalyzer - INFO - -> Analyzing version 3.0.1 (241/289)...
2025-11-16 06:14:50,873 - BlankSpaceAnalyzer - INFO - -> Analyzing version 3.0.2 (242/289)...
2025-11-16 06:14:50,873 - BlankSpaceAnalyzer - INFO - -> Analyzing version 3.0.2-beta.0 (243/289)...
2025-11-16 06:14:50,873 - BlankSpaceAnalyzer - INFO - -> Analyzing version 3.0.3 (244/289)...
2025-11-16 06:14:50,874 - BlankSpaceAnalyzer - INFO - -> Analyzing version 3.0.4 (245/289)...
2025-11-16 06:14:50,874 - BlankSpaceAnalyzer - INFO - -> Analyzing version 3.0.5 (246/289)...
2025-11-16 06:14:50,874 - BlankSpaceAnalyzer - INFO - -> Analyzing version 3.0.6 (247/289)...
2025-11-16 06:14:50,874 - BlankSpaceAnalyzer - INFO - -> Analyzing version 3.0.7 (248/289)...
2025-11-16 06:14:50,875 - BlankSpaceAnalyzer - INFO - -> Analyzing version 3.0.8 (249/289)...
2025-11-16 06:14:50,875 - BlankSpaceAnalyzer - INFO - -> Analyzing version 3.0.9 (250/289)...
2025-11-16 06:14:50,875 - BlankSpaceAnalyzer - INFO - -> Analyzing version 3.1.0 (251/289)...
2025-11-16 06:14:50,875 - BlankSpaceAnalyzer - INFO - -> Analyzing version 3.10.0 (252/289)...
2025-11-16 06:14:50,876 - BlankSpaceAnalyzer - INFO - -> Analyzing version 3.10.1 (253/289)...
2025-11-16 06:14:50,876 - BlankSpaceAnalyzer - INFO - -> Analyzing version 3.10.2 (254/289)...
2025-11-16 06:14:50,876 - BlankSpaceAnalyzer - INFO - -> Analyzing version 3.10.3 (255/289)...
2025-11-16 06:14:50,876 - BlankSpaceAnalyzer - INFO - -> Analyzing version 3.10.4 (256/289)...
2025-11-16 06:14:50,877 - BlankSpaceAnalyzer - INFO - -> Analyzing version 3.10.5 (257/289)...
2025-11-16 06:14:50,877 - BlankSpaceAnalyzer - INFO - -> Analyzing version 3.10.6 (258/289)...
2025-11-16 06:14:50,877 - BlankSpaceAnalyzer - INFO - -> Analyzing version 3.10.7 (259/289)...
2025-11-16 06:14:50,878 - BlankSpaceAnalyzer - INFO - -> Analyzing version 3.2.0 (260/289)...
2025-11-16 06:14:50,878 - BlankSpaceAnalyzer - INFO - -> Analyzing version 3.2.1 (261/289)...
2025-11-16 06:14:50,878 - BlankSpaceAnalyzer - INFO - -> Analyzing version 3.2.2 (262/289)...
2025-11-16 06:14:50,878 - BlankSpaceAnalyzer - INFO - -> Analyzing version 3.3.0 (263/289)...
2025-11-16 06:14:50,879 - BlankSpaceAnalyzer - INFO - -> Analyzing version 3.3.1 (264/289)...
2025-11-16 06:14:50,879 - BlankSpaceAnalyzer - INFO - -> Analyzing version 3.4.0 (265/289)...
2025-11-16 06:14:50,879 - BlankSpaceAnalyzer - INFO - -> Analyzing version 3.4.1 (266/289)...
2025-11-16 06:14:50,879 - BlankSpaceAnalyzer - INFO - -> Analyzing version 3.4.2 (267/289)...
2025-11-16 06:14:50,880 - BlankSpaceAnalyzer - INFO - -> Analyzing version 3.4.3 (268/289)...
2025-11-16 06:14:50,880 - BlankSpaceAnalyzer - INFO - -> Analyzing version 3.4.4 (269/289)...
2025-11-16 06:14:50,880 - BlankSpaceAnalyzer - INFO - -> Analyzing version 3.4.5 (270/289)...
2025-11-16 06:14:50,881 - BlankSpaceAnalyzer - INFO - -> Analyzing version 3.4.6 (271/289)...
2025-11-16 06:14:50,881 - BlankSpaceAnalyzer - INFO - -> Analyzing version 3.5.0 (272/289)...
2025-11-16 06:14:50,881 - BlankSpaceAnalyzer - INFO - -> Analyzing version 3.5.1 (273/289)...
2025-11-16 06:14:50,881 - BlankSpaceAnalyzer - INFO - -> Analyzing version 3.5.2 (274/289)...
2025-11-16 06:14:50,882 - BlankSpaceAnalyzer - INFO - -> Analyzing version 3.5.3 (275/289)...
2025-11-16 06:14:50,882 - BlankSpaceAnalyzer - INFO - -> Analyzing version 3.6.0 (276/289)...
2025-11-16 06:14:50,882 - BlankSpaceAnalyzer - INFO - -> Analyzing version 3.6.1 (277/289)...
2025-11-16 06:14:50,883 - BlankSpaceAnalyzer - INFO - -> Analyzing version 3.6.2 (278/289)...
2025-11-16 06:14:50,883 - BlankSpaceAnalyzer - INFO - -> Analyzing version 3.6.3 (279/289)...
2025-11-16 06:14:50,883 - BlankSpaceAnalyzer - INFO - -> Analyzing version 3.6.4 (280/289)...
2025-11-16 06:14:50,883 - BlankSpaceAnalyzer - INFO - -> Analyzing version 3.6.5 (281/289)...
2025-11-16 06:14:50,884 - BlankSpaceAnalyzer - INFO - -> Analyzing version 3.6.6 (282/289)...
2025-11-16 06:14:50,884 - BlankSpaceAnalyzer - INFO - -> Analyzing version 3.6.7 (283/289)...
2025-11-16 06:14:50,884 - BlankSpaceAnalyzer - INFO - -> Analyzing version 3.7.0 (284/289)...
2025-11-16 06:14:50,885 - BlankSpaceAnalyzer - INFO - -> Analyzing version 3.7.1 (285/289)...
2025-11-16 06:14:50,885 - BlankSpaceAnalyzer - INFO - -> Analyzing version 3.7.2 (286/289)...
2025-11-16 06:14:50,885 - BlankSpaceAnalyzer - INFO - -> Analyzing version 3.8.0 (287/289)...
2025-11-16 06:14:50,885 - BlankSpaceAnalyzer - INFO - -> Analyzing version 3.9.0 (288/289)...
2025-11-16 06:14:50,886 - BlankSpaceAnalyzer - INFO - -> Analyzing version 3.9.1 (289/289)...
2025-11-16 06:14:50,886 - BlankSpaceAnalyzer - INFO - Exporting results for '@tiptap/extension-text-align' to CSV...
2025-11-16 06:14:51,171 - BlankSpaceAnalyzer - INFO - Reports saved in: /app/npm_results/@tiptap_extension-text-align
2025-11-16 06:14:51,171 - NPM_Analyzer - INFO - Cleaning temporary folder 'temp/@tiptap_extension-text-align'...
2025-11-16 06:14:51,370 - NPM_Analyzer - INFO - Cleanup completed.
2025-11-16 16:36:38,504 - NPM_Analyzer - INFO - Fetching metadata for '@tiptap/extension-text-align'...
2025-11-16 16:36:40,009 - NPM_Analyzer - INFO - Found 289 versions. Starting download into 'temp/@tiptap_extension-text-align'...
2025-11-16 16:40:57,990 - BlankSpaceAnalyzer - INFO - Analyzing 289 versions for '*.js' in '@tiptap_extension-text-align'.
2025-11-16 16:40:57,990 - BlankSpaceAnalyzer - INFO - -> Analyzing version 1.0.0-alpha.1 (1/289)...
2025-11-16 16:40:58,046 - BlankSpaceAnalyzer - INFO - -> Analyzing version 1.0.0-alpha.2 (2/289)...
2025-11-16 16:40:58,080 - BlankSpaceAnalyzer - INFO - -> Analyzing version 2.0.0 (3/289)...
2025-11-16 16:40:58,116 - BlankSpaceAnalyzer - INFO - -> Analyzing version 2.0.0-alpha.1 (4/289)...
2025-11-16 16:40:58,150 - BlankSpaceAnalyzer - INFO - -> Analyzing version 2.0.0-alpha.10 (5/289)...
2025-11-16 16:40:58,187 - BlankSpaceAnalyzer - INFO - -> Analyzing version 2.0.0-alpha.11 (6/289)...
2025-11-16 16:40:58,222 - BlankSpaceAnalyzer - INFO - -> Analyzing version 2.0.0-alpha.12 (7/289)...
2025-11-16 16:40:58,259 - BlankSpaceAnalyzer - INFO - -> Analyzing version 2.0.0-alpha.2 (8/289)...
2025-11-16 16:40:58,295 - BlankSpaceAnalyzer - INFO - -> Analyzing version 2.0.0-alpha.3 (9/289)...
2025-11-16 16:40:58,332 - BlankSpaceAnalyzer - INFO - -> Analyzing version 2.0.0-alpha.4 (10/289)...
2025-11-16 16:40:58,370 - BlankSpaceAnalyzer - INFO - -> Analyzing version 2.0.0-alpha.5 (11/289)...
2025-11-16 16:40:58,407 - BlankSpaceAnalyzer - INFO - -> Analyzing version 2.0.0-alpha.6 (12/289)...
2025-11-16 16:40:58,445 - BlankSpaceAnalyzer - INFO - -> Analyzing version 2.0.0-alpha.7 (13/289)...
2025-11-16 16:40:58,482 - BlankSpaceAnalyzer - INFO - -> Analyzing version 2.0.0-alpha.8 (14/289)...
2025-11-16 16:40:58,519 - BlankSpaceAnalyzer - INFO - -> Analyzing version 2.0.0-alpha.9 (15/289)...
2025-11-16 16:40:58,556 - BlankSpaceAnalyzer - INFO - -> Analyzing version 2.0.0-beta.1 (16/289)...
2025-11-16 16:40:58,595 - BlankSpaceAnalyzer - INFO - -> Analyzing version 2.0.0-beta.10 (17/289)...
2025-11-16 16:40:58,631 - BlankSpaceAnalyzer - INFO - -> Analyzing version 2.0.0-beta.11 (18/289)...
2025-11-16 16:40:58,668 - BlankSpaceAnalyzer - INFO - -> Analyzing version 2.0.0-beta.12 (19/289)...
2025-11-16 16:40:58,705 - BlankSpaceAnalyzer - INFO - -> Analyzing version 2.0.0-beta.13 (20/289)...
2025-11-16 16:40:58,741 - BlankSpaceAnalyzer - INFO - -> Analyzing version 2.0.0-beta.14 (21/289)...
2025-11-16 16:40:58,778 - BlankSpaceAnalyzer - INFO - -> Analyzing version 2.0.0-beta.15 (22/289)...
2025-11-16 16:40:58,818 - BlankSpaceAnalyzer - INFO - -> Analyzing version 2.0.0-beta.16 (23/289)...
2025-11-16 16:40:58,854 - BlankSpaceAnalyzer - INFO - -> Analyzing version 2.0.0-beta.17 (24/289)...
2025-11-16 16:40:58,891 - BlankSpaceAnalyzer - INFO - -> Analyzing version 2.0.0-beta.18 (25/289)...
2025-11-16 16:40:58,930 - BlankSpaceAnalyzer - INFO - -> Analyzing version 2.0.0-beta.19 (26/289)...
2025-11-16 16:40:58,968 - BlankSpaceAnalyzer - INFO - -> Analyzing version 2.0.0-beta.194 (27/289)...
2025-11-16 16:40:59,005 - BlankSpaceAnalyzer - INFO - -> Analyzing version 2.0.0-beta.195 (28/289)...
2025-11-16 16:40:59,043 - BlankSpaceAnalyzer - INFO - -> Analyzing version 2.0.0-beta.196 (29/289)...
2025-11-16 16:40:59,080 - BlankSpaceAnalyzer - INFO - -> Analyzing version 2.0.0-beta.197 (30/289)...
2025-11-16 16:40:59,116 - BlankSpaceAnalyzer - INFO - -> Analyzing version 2.0.0-beta.198 (31/289)...
2025-11-16 16:40:59,153 - BlankSpaceAnalyzer - INFO - -> Analyzing version 2.0.0-beta.199 (32/289)...
2025-11-16 16:40:59,191 - BlankSpaceAnalyzer - INFO - -> Analyzing version 2.0.0-beta.2 (33/289)...
2025-11-16 16:40:59,228 - BlankSpaceAnalyzer - INFO - -> Analyzing version 2.0.0-beta.20 (34/289)...
2025-11-16 16:40:59,265 - BlankSpaceAnalyzer - INFO - -> Analyzing version 2.0.0-beta.200 (35/289)...
2025-11-16 16:40:59,302 - BlankSpaceAnalyzer - INFO - -> Analyzing version 2.0.0-beta.201 (36/289)...
2025-11-16 16:40:59,340 - BlankSpaceAnalyzer - INFO - -> Analyzing version 2.0.0-beta.202 (37/289)...
2025-11-16 16:40:59,377 - BlankSpaceAnalyzer - INFO - -> Analyzing version 2.0.0-beta.203 (38/289)...
2025-11-16 16:40:59,377 - BlankSpaceAnalyzer - INFO - -> Analyzing version 2.0.0-beta.204 (39/289)...
2025-11-16 16:40:59,414 - BlankSpaceAnalyzer - INFO - -> Analyzing version 2.0.0-beta.205 (40/289)...
2025-11-16 16:40:59,451 - BlankSpaceAnalyzer - INFO - -> Analyzing version 2.0.0-beta.206 (41/289)...
2025-11-16 16:40:59,488 - BlankSpaceAnalyzer - INFO - -> Analyzing version 2.0.0-beta.207 (42/289)...
2025-11-16 16:40:59,524 - BlankSpaceAnalyzer - INFO - -> Analyzing version 2.0.0-beta.208 (43/289)...
2025-11-16 16:40:59,561 - BlankSpaceAnalyzer - INFO - -> Analyzing version 2.0.0-beta.209 (44/289)...
2025-11-16 16:40:59,598 - BlankSpaceAnalyzer - INFO - -> Analyzing version 2.0.0-beta.21 (45/289)...
2025-11-16 16:40:59,634 - BlankSpaceAnalyzer - INFO - -> Analyzing version 2.0.0-beta.210 (46/289)...
2025-11-16 16:40:59,635 - BlankSpaceAnalyzer - INFO - -> Analyzing version 2.0.0-beta.211 (47/289)...
2025-11-16 16:40:59,635 - BlankSpaceAnalyzer - INFO - -> Analyzing version 2.0.0-beta.212 (48/289)...
2025-11-16 16:40:59,635 - BlankSpaceAnalyzer - INFO - -> Analyzing version 2.0.0-beta.213 (49/289)...
2025-11-16 16:40:59,636 - BlankSpaceAnalyzer - INFO - -> Analyzing version 2.0.0-beta.214 (50/289)...
2025-11-16 16:40:59,672 - BlankSpaceAnalyzer - INFO - -> Analyzing version 2.0.0-beta.215 (51/289)...
2025-11-16 16:40:59,709 - BlankSpaceAnalyzer - INFO - -> Analyzing version 2.0.0-beta.216 (52/289)...
2025-11-16 16:40:59,746 - BlankSpaceAnalyzer - INFO - -> Analyzing version 2.0.0-beta.217 (53/289)...
2025-11-16 16:40:59,782 - BlankSpaceAnalyzer - INFO - -> Analyzing version 2.0.0-beta.218 (54/289)...
2025-11-16 16:40:59,820 - BlankSpaceAnalyzer - INFO - -> Analyzing version 2.0.0-beta.219 (55/289)...
2025-11-16 16:40:59,856 - BlankSpaceAnalyzer - INFO - -> Analyzing version 2.0.0-beta.22 (56/289)...
2025-11-16 16:40:59,893 - BlankSpaceAnalyzer - INFO - -> Analyzing version 2.0.0-beta.220 (57/289)...
2025-11-16 16:40:59,929 - BlankSpaceAnalyzer - INFO - -> Analyzing version 2.0.0-beta.23 (58/289)...
2025-11-16 16:40:59,966 - BlankSpaceAnalyzer - INFO - -> Analyzing version 2.0.0-beta.24 (59/289)...
2025-11-16 16:41:00,003 - BlankSpaceAnalyzer - INFO - -> Analyzing version 2.0.0-beta.25 (60/289)...
2025-11-16 16:41:00,043 - BlankSpaceAnalyzer - INFO - -> Analyzing version 2.0.0-beta.27 (61/289)...
2025-11-16 16:41:00,043 - BlankSpaceAnalyzer - INFO - -> Analyzing version 2.0.0-beta.28 (62/289)...
2025-11-16 16:41:00,080 - BlankSpaceAnalyzer - INFO - -> Analyzing version 2.0.0-beta.29 (63/289)...
2025-11-16 16:41:00,116 - BlankSpaceAnalyzer - INFO - -> Analyzing version 2.0.0-beta.3 (64/289)...
2025-11-16 16:41:00,156 - BlankSpaceAnalyzer - INFO - -> Analyzing version 2.0.0-beta.31 (65/289)...
2025-11-16 16:41:00,192 - BlankSpaceAnalyzer - INFO - -> Analyzing version 2.0.0-beta.4 (66/289)...
2025-11-16 16:41:00,231 - BlankSpaceAnalyzer - INFO - -> Analyzing version 2.0.0-beta.5 (67/289)...
2025-11-16 16:41:00,269 - BlankSpaceAnalyzer - INFO - -> Analyzing version 2.0.0-beta.6 (68/289)...
2025-11-16 16:41:00,307 - BlankSpaceAnalyzer - INFO - -> Analyzing version 2.0.0-beta.7 (69/289)...
2025-11-16 16:41:00,343 - BlankSpaceAnalyzer - INFO - -> Analyzing version 2.0.0-beta.8 (70/289)...
2025-11-16 16:41:00,381 - BlankSpaceAnalyzer - INFO - -> Analyzing version 2.0.0-beta.9 (71/289)...
2025-11-16 16:41:00,419 - BlankSpaceAnalyzer - INFO - -> Analyzing version 2.0.0-rc.1 (72/289)...
2025-11-16 16:41:00,457 - BlankSpaceAnalyzer - INFO - -> Analyzing version 2.0.0-rc.2 (73/289)...
2025-11-16 16:41:00,494 - BlankSpaceAnalyzer - INFO - -> Analyzing version 2.0.0-rc.3 (74/289)...
2025-11-16 16:41:00,532 - BlankSpaceAnalyzer - INFO - -> Analyzing version 2.0.1 (75/289)...
2025-11-16 16:41:00,570 - BlankSpaceAnalyzer - INFO - -> Analyzing version 2.0.2 (76/289)...
2025-11-16 16:41:00,607 - BlankSpaceAnalyzer - INFO - -> Analyzing version 2.0.3 (77/289)...
2025-11-16 16:41:00,645 - BlankSpaceAnalyzer - INFO - -> Analyzing version 2.0.4 (78/289)...
2025-11-16 16:41:00,681 - BlankSpaceAnalyzer - INFO - -> Analyzing version 2.1.0 (79/289)...
2025-11-16 16:41:00,718 - BlankSpaceAnalyzer - INFO - -> Analyzing version 2.1.0-rc.0 (80/289)...
2025-11-16 16:41:00,757 - BlankSpaceAnalyzer - INFO - -> Analyzing version 2.1.0-rc.1 (81/289)...
2025-11-16 16:41:00,795 - BlankSpaceAnalyzer - INFO - -> Analyzing version 2.1.0-rc.10 (82/289)...
2025-11-16 16:41:00,831 - BlankSpaceAnalyzer - INFO - -> Analyzing version 2.1.0-rc.11 (83/289)...
2025-11-16 16:41:00,870 - BlankSpaceAnalyzer - INFO - -> Analyzing version 2.1.0-rc.12 (84/289)...
2025-11-16 16:41:00,907 - BlankSpaceAnalyzer - INFO - -> Analyzing version 2.1.0-rc.13 (85/289)...
2025-11-16 16:41:00,944 - BlankSpaceAnalyzer - INFO - -> Analyzing version 2.1.0-rc.14 (86/289)...
2025-11-16 16:41:00,985 - BlankSpaceAnalyzer - INFO - -> Analyzing version 2.1.0-rc.2 (87/289)...
2025-11-16 16:41:01,022 - BlankSpaceAnalyzer - INFO - -> Analyzing version 2.1.0-rc.3 (88/289)...
2025-11-16 16:41:01,058 - BlankSpaceAnalyzer - INFO - -> Analyzing version 2.1.0-rc.4 (89/289)...
2025-11-16 16:41:01,096 - BlankSpaceAnalyzer - INFO - -> Analyzing version 2.1.0-rc.5 (90/289)...
2025-11-16 16:41:01,133 - BlankSpaceAnalyzer - INFO - -> Analyzing version 2.1.0-rc.8 (91/289)...
2025-11-16 16:41:01,171 - BlankSpaceAnalyzer - INFO - -> Analyzing version 2.1.0-rc.9 (92/289)...
2025-11-16 16:41:01,211 - BlankSpaceAnalyzer - INFO - -> Analyzing version 2.1.1 (93/289)...
2025-11-16 16:41:01,249 - BlankSpaceAnalyzer - INFO - -> Analyzing version 2.1.10 (94/289)...
2025-11-16 16:41:01,285 - BlankSpaceAnalyzer - INFO - -> Analyzing version 2.1.11 (95/289)...
2025-11-16 16:41:01,321 - BlankSpaceAnalyzer - INFO - -> Analyzing version 2.1.12 (96/289)...
2025-11-16 16:41:01,363 - BlankSpaceAnalyzer - INFO - -> Analyzing version 2.1.13 (97/289)...
2025-11-16 16:41:01,400 - BlankSpaceAnalyzer - INFO - -> Analyzing version 2.1.14 (98/289)...
2025-11-16 16:41:01,436 - BlankSpaceAnalyzer - INFO - -> Analyzing version 2.1.15 (99/289)...
2025-11-16 16:41:01,475 - BlankSpaceAnalyzer - INFO - -> Analyzing version 2.1.16 (100/289)...
2025-11-16 16:41:01,516 - BlankSpaceAnalyzer - INFO - -> Analyzing version 2.1.2 (101/289)...
2025-11-16 16:41:01,552 - BlankSpaceAnalyzer - INFO - -> Analyzing version 2.1.3 (102/289)...
2025-11-16 16:41:01,589 - BlankSpaceAnalyzer - INFO - -> Analyzing version 2.1.4 (103/289)...
2025-11-16 16:41:01,643 - BlankSpaceAnalyzer - INFO - -> Analyzing version 2.1.6 (104/289)...
2025-11-16 16:41:01,704 - BlankSpaceAnalyzer - INFO - -> Analyzing version 2.1.7 (105/289)...
2025-11-16 16:41:01,761 - BlankSpaceAnalyzer - INFO - -> Analyzing version 2.1.8 (106/289)...
2025-11-16 16:41:01,815 - BlankSpaceAnalyzer - INFO - -> Analyzing version 2.1.9 (107/289)...
2025-11-16 16:41:01,874 - BlankSpaceAnalyzer - INFO - -> Analyzing version 2.10.0 (108/289)...
2025-11-16 16:41:01,928 - BlankSpaceAnalyzer - INFO - -> Analyzing version 2.10.1 (109/289)...
2025-11-16 16:41:01,982 - BlankSpaceAnalyzer - INFO - -> Analyzing version 2.10.2 (110/289)...
2025-11-16 16:41:02,040 - BlankSpaceAnalyzer - INFO - -> Analyzing version 2.10.3 (111/289)...
2025-11-16 16:41:02,095 - BlankSpaceAnalyzer - INFO - -> Analyzing version 2.10.4 (112/289)...
2025-11-16 16:41:02,153 - BlankSpaceAnalyzer - INFO - -> Analyzing version 2.11.0 (113/289)...
2025-11-16 16:41:02,213 - BlankSpaceAnalyzer - INFO - -> Analyzing version 2.11.1 (114/289)...
2025-11-16 16:41:02,264 - BlankSpaceAnalyzer - INFO - -> Analyzing version 2.11.2 (115/289)...
2025-11-16 16:41:02,322 - BlankSpaceAnalyzer - INFO - -> Analyzing version 2.11.3 (116/289)...
2025-11-16 16:41:02,382 - BlankSpaceAnalyzer - INFO - -> Analyzing version 2.11.4 (117/289)...
2025-11-16 16:41:02,438 - BlankSpaceAnalyzer - INFO - -> Analyzing version 2.11.5 (118/289)...
2025-11-16 16:41:02,493 - BlankSpaceAnalyzer - INFO - -> Analyzing version 2.11.6 (119/289)...
2025-11-16 16:41:02,549 - BlankSpaceAnalyzer - INFO - -> Analyzing version 2.11.7 (120/289)...
2025-11-16 16:41:02,602 - BlankSpaceAnalyzer - INFO - -> Analyzing version 2.11.9 (121/289)...
2025-11-16 16:41:02,661 - BlankSpaceAnalyzer - INFO - -> Analyzing version 2.12.0 (122/289)...
2025-11-16 16:41:02,717 - BlankSpaceAnalyzer - INFO - -> Analyzing version 2.13.0 (123/289)...
2025-11-16 16:41:02,769 - BlankSpaceAnalyzer - INFO - -> Analyzing version 2.14.0 (124/289)...
2025-11-16 16:41:02,828 - BlankSpaceAnalyzer - INFO - -> Analyzing version 2.14.1 (125/289)...
2025-11-16 16:41:02,886 - BlankSpaceAnalyzer - INFO - -> Analyzing version 2.2.0 (126/289)...
2025-11-16 16:41:02,936 - BlankSpaceAnalyzer - INFO - -> Analyzing version 2.2.0-rc.3 (127/289)...
2025-11-16 16:41:02,995 - BlankSpaceAnalyzer - INFO - -> Analyzing version 2.2.0-rc.4 (128/289)...
2025-11-16 16:41:03,053 - BlankSpaceAnalyzer - INFO - -> Analyzing version 2.2.0-rc.5 (129/289)...
2025-11-16 16:41:03,105 - BlankSpaceAnalyzer - INFO - -> Analyzing version 2.2.0-rc.6 (130/289)...
2025-11-16 16:41:03,179 - BlankSpaceAnalyzer - INFO - -> Analyzing version 2.2.0-rc.7 (131/289)...
2025-11-16 16:41:03,240 - BlankSpaceAnalyzer - INFO - -> Analyzing version 2.2.0-rc.8 (132/289)...
2025-11-16 16:41:03,290 - BlankSpaceAnalyzer - INFO - -> Analyzing version 2.2.1 (133/289)...
2025-11-16 16:41:03,349 - BlankSpaceAnalyzer - INFO - -> Analyzing version 2.2.2 (134/289)...
2025-11-16 16:41:03,406 - BlankSpaceAnalyzer - INFO - -> Analyzing version 2.2.3 (135/289)...
2025-11-16 16:41:03,458 - BlankSpaceAnalyzer - INFO - -> Analyzing version 2.2.4 (136/289)...
2025-11-16 16:41:03,516 - BlankSpaceAnalyzer - INFO - -> Analyzing version 2.2.5 (137/289)...
2025-11-16 16:41:03,575 - BlankSpaceAnalyzer - INFO - -> Analyzing version 2.2.6 (138/289)...
2025-11-16 16:41:03,629 - BlankSpaceAnalyzer - INFO - -> Analyzing version 2.22.0 (139/289)...
2025-11-16 16:41:03,687 - BlankSpaceAnalyzer - INFO - -> Analyzing version 2.22.1 (140/289)...
2025-11-16 16:41:03,746 - BlankSpaceAnalyzer - INFO - -> Analyzing version 2.22.2 (141/289)...
2025-11-16 16:41:03,798 - BlankSpaceAnalyzer - INFO - -> Analyzing version 2.22.3 (142/289)...
2025-11-16 16:41:03,858 - BlankSpaceAnalyzer - INFO - -> Analyzing version 2.23.0 (143/289)...
2025-11-16 16:41:03,915 - BlankSpaceAnalyzer - INFO - -> Analyzing version 2.23.1 (144/289)...
2025-11-16 16:41:03,967 - BlankSpaceAnalyzer - INFO - -> Analyzing version 2.24.0 (145/289)...
2025-11-16 16:41:04,026 - BlankSpaceAnalyzer - INFO - -> Analyzing version 2.24.1 (146/289)...
2025-11-16 16:41:04,083 - BlankSpaceAnalyzer - INFO - -> Analyzing version 2.24.2 (147/289)...
2025-11-16 16:41:04,134 - BlankSpaceAnalyzer - INFO - -> Analyzing version 2.25.0 (148/289)...
2025-11-16 16:41:04,194 - BlankSpaceAnalyzer - INFO - -> Analyzing version 2.25.1 (149/289)...
2025-11-16 16:41:04,252 - BlankSpaceAnalyzer - INFO - -> Analyzing version 2.26.0 (150/289)...
2025-11-16 16:41:04,305 - BlankSpaceAnalyzer - INFO - -> Analyzing version 2.26.1 (151/289)...
2025-11-16 16:41:04,364 - BlankSpaceAnalyzer - INFO - -> Analyzing version 2.26.2 (152/289)...
2025-11-16 16:41:04,423 - BlankSpaceAnalyzer - INFO - -> Analyzing version 2.26.3 (153/289)...
2025-11-16 16:41:04,475 - BlankSpaceAnalyzer - INFO - -> Analyzing version 2.26.4 (154/289)...
2025-11-16 16:41:04,534 - BlankSpaceAnalyzer - INFO - -> Analyzing version 2.27.0 (155/289)...
2025-11-16 16:41:04,590 - BlankSpaceAnalyzer - INFO - -> Analyzing version 2.27.1 (156/289)...
2025-11-16 16:41:04,643 - BlankSpaceAnalyzer - INFO - -> Analyzing version 2.3.0 (157/289)...
2025-11-16 16:41:04,701 - BlankSpaceAnalyzer - INFO - -> Analyzing version 2.3.1 (158/289)...
2025-11-16 16:41:04,762 - BlankSpaceAnalyzer - INFO - -> Analyzing version 2.3.2 (159/289)...
2025-11-16 16:41:04,814 - BlankSpaceAnalyzer - INFO - -> Analyzing version 2.4.0 (160/289)...
2025-11-16 16:41:04,876 - BlankSpaceAnalyzer - INFO - -> Analyzing version 2.5.0 (161/289)...
2025-11-16 16:41:04,936 - BlankSpaceAnalyzer - INFO - -> Analyzing version 2.5.0-beta.0 (162/289)...
2025-11-16 16:41:04,989 - BlankSpaceAnalyzer - INFO - -> Analyzing version 2.5.0-beta.1 (163/289)...
2025-11-16 16:41:05,050 - BlankSpaceAnalyzer - INFO - -> Analyzing version 2.5.0-beta.2 (164/289)...
2025-11-16 16:41:05,107 - BlankSpaceAnalyzer - INFO - -> Analyzing version 2.5.0-beta.3 (165/289)...
2025-11-16 16:41:05,161 - BlankSpaceAnalyzer - INFO - -> Analyzing version 2.5.0-beta.4 (166/289)...
2025-11-16 16:41:05,223 - BlankSpaceAnalyzer - INFO - -> Analyzing version 2.5.0-beta.5 (167/289)...
2025-11-16 16:41:05,281 - BlankSpaceAnalyzer - INFO - -> Analyzing version 2.5.0-beta.6 (168/289)...
2025-11-16 16:41:05,332 - BlankSpaceAnalyzer - INFO - -> Analyzing version 2.5.0-pre.10 (169/289)...
2025-11-16 16:41:05,392 - BlankSpaceAnalyzer - INFO - -> Analyzing version 2.5.0-pre.11 (170/289)...
2025-11-16 16:41:05,446 - BlankSpaceAnalyzer - INFO - -> Analyzing version 2.5.0-pre.13 (171/289)...
2025-11-16 16:41:05,504 - BlankSpaceAnalyzer - INFO - -> Analyzing version 2.5.0-pre.14 (172/289)...
2025-11-16 16:41:05,562 - BlankSpaceAnalyzer - INFO - -> Analyzing version 2.5.0-pre.15 (173/289)...
2025-11-16 16:41:05,615 - BlankSpaceAnalyzer - INFO - -> Analyzing version 2.5.0-pre.16 (174/289)...
2025-11-16 16:41:05,675 - BlankSpaceAnalyzer - INFO - -> Analyzing version 2.5.0-pre.8 (175/289)...
2025-11-16 16:41:05,735 - BlankSpaceAnalyzer - INFO - -> Analyzing version 2.5.0-pre.9 (176/289)...
2025-11-16 16:41:05,788 - BlankSpaceAnalyzer - INFO - -> Analyzing version 2.5.1 (177/289)...
2025-11-16 16:41:05,849 - BlankSpaceAnalyzer - INFO - -> Analyzing version 2.5.2 (178/289)...
2025-11-16 16:41:05,908 - BlankSpaceAnalyzer - INFO - -> Analyzing version 2.5.3 (179/289)...
2025-11-16 16:41:05,960 - BlankSpaceAnalyzer - INFO - -> Analyzing version 2.5.4 (180/289)...
2025-11-16 16:41:06,022 - BlankSpaceAnalyzer - INFO - -> Analyzing version 2.5.5 (181/289)...
2025-11-16 16:41:06,076 - BlankSpaceAnalyzer - INFO - -> Analyzing version 2.5.6 (182/289)...
2025-11-16 16:41:06,130 - BlankSpaceAnalyzer - INFO - -> Analyzing version 2.5.7 (183/289)...
2025-11-16 16:41:06,187 - BlankSpaceAnalyzer - INFO - -> Analyzing version 2.5.8 (184/289)...
2025-11-16 16:41:06,238 - BlankSpaceAnalyzer - INFO - -> Analyzing version 2.5.9 (185/289)...
2025-11-16 16:41:06,300 - BlankSpaceAnalyzer - INFO - -> Analyzing version 2.6.0 (186/289)...
2025-11-16 16:41:06,354 - BlankSpaceAnalyzer - INFO - -> Analyzing version 2.6.1 (187/289)...
2025-11-16 16:41:06,413 - BlankSpaceAnalyzer - INFO - -> Analyzing version 2.6.2 (188/289)...
2025-11-16 16:41:06,471 - BlankSpaceAnalyzer - INFO - -> Analyzing version 2.6.3 (189/289)...
2025-11-16 16:41:06,524 - BlankSpaceAnalyzer - INFO - -> Analyzing version 2.6.4 (190/289)...
2025-11-16 16:41:06,581 - BlankSpaceAnalyzer - INFO - -> Analyzing version 2.6.5 (191/289)...
2025-11-16 16:41:06,638 - BlankSpaceAnalyzer - INFO - -> Analyzing version 2.6.6 (192/289)...
2025-11-16 16:41:06,703 - BlankSpaceAnalyzer - INFO - -> Analyzing version 2.7.0 (193/289)...
2025-11-16 16:41:06,765 - BlankSpaceAnalyzer - INFO - -> Analyzing version 2.7.0-pre.0 (194/289)...
2025-11-16 16:41:06,816 - BlankSpaceAnalyzer - INFO - -> Analyzing version 2.7.1 (195/289)...
2025-11-16 16:41:06,877 - BlankSpaceAnalyzer - INFO - -> Analyzing version 2.7.2 (196/289)...
2025-11-16 16:41:06,937 - BlankSpaceAnalyzer - INFO - -> Analyzing version 2.7.3 (197/289)...
2025-11-16 16:41:06,989 - BlankSpaceAnalyzer - INFO - -> Analyzing version 2.7.4 (198/289)...
2025-11-16 16:41:07,060 - BlankSpaceAnalyzer - INFO - -> Analyzing version 2.8.0 (199/289)...
2025-11-16 16:41:07,131 - BlankSpaceAnalyzer - INFO - -> Analyzing version 2.9.0 (200/289)...
2025-11-16 16:41:07,187 - BlankSpaceAnalyzer - INFO - -> Analyzing version 2.9.1 (201/289)...
2025-11-16 16:41:07,247 - BlankSpaceAnalyzer - INFO - -> Analyzing version 3.0.0 (202/289)...
2025-11-16 16:41:07,301 - BlankSpaceAnalyzer - INFO - -> Analyzing version 3.0.0-beta.0 (203/289)...
2025-11-16 16:41:07,302 - BlankSpaceAnalyzer - INFO - -> Analyzing version 3.0.0-beta.1 (204/289)...
2025-11-16 16:41:07,302 - BlankSpaceAnalyzer - INFO - -> Analyzing version 3.0.0-beta.10 (205/289)...
2025-11-16 16:41:07,302 - BlankSpaceAnalyzer - INFO - -> Analyzing version 3.0.0-beta.11 (206/289)...
2025-11-16 16:41:07,303 - BlankSpaceAnalyzer - INFO - -> Analyzing version 3.0.0-beta.12 (207/289)...
2025-11-16 16:41:07,303 - BlankSpaceAnalyzer - INFO - -> Analyzing version 3.0.0-beta.14 (208/289)...
2025-11-16 16:41:07,304 - BlankSpaceAnalyzer - INFO - -> Analyzing version 3.0.0-beta.15 (209/289)...
2025-11-16 16:41:07,304 - BlankSpaceAnalyzer - INFO - -> Analyzing version 3.0.0-beta.16 (210/289)...
2025-11-16 16:41:07,304 - BlankSpaceAnalyzer - INFO - -> Analyzing version 3.0.0-beta.17 (211/289)...
2025-11-16 16:41:07,305 - BlankSpaceAnalyzer - INFO - -> Analyzing version 3.0.0-beta.18 (212/289)...
2025-11-16 16:41:07,305 - BlankSpaceAnalyzer - INFO - -> Analyzing version 3.0.0-beta.19 (213/289)...
2025-11-16 16:41:07,306 - BlankSpaceAnalyzer - INFO - -> Analyzing version 3.0.0-beta.2 (214/289)...
2025-11-16 16:41:07,306 - BlankSpaceAnalyzer - INFO - -> Analyzing version 3.0.0-beta.21 (215/289)...
2025-11-16 16:41:07,306 - BlankSpaceAnalyzer - INFO - -> Analyzing version 3.0.0-beta.22 (216/289)...
2025-11-16 16:41:07,307 - BlankSpaceAnalyzer - INFO - -> Analyzing version 3.0.0-beta.23 (217/289)...
2025-11-16 16:41:07,307 - BlankSpaceAnalyzer - INFO - -> Analyzing version 3.0.0-beta.24 (218/289)...
2025-11-16 16:41:07,308 - BlankSpaceAnalyzer - INFO - -> Analyzing version 3.0.0-beta.25 (219/289)...
2025-11-16 16:41:07,308 - BlankSpaceAnalyzer - INFO - -> Analyzing version 3.0.0-beta.26 (220/289)...
2025-11-16 16:41:07,309 - BlankSpaceAnalyzer - INFO - -> Analyzing version 3.0.0-beta.27 (221/289)...
2025-11-16 16:41:07,309 - BlankSpaceAnalyzer - INFO - -> Analyzing version 3.0.0-beta.28 (222/289)...
2025-11-16 16:41:07,309 - BlankSpaceAnalyzer - INFO - -> Analyzing version 3.0.0-beta.29 (223/289)...
2025-11-16 16:41:07,310 - BlankSpaceAnalyzer - INFO - -> Analyzing version 3.0.0-beta.3 (224/289)...
2025-11-16 16:41:07,310 - BlankSpaceAnalyzer - INFO - -> Analyzing version 3.0.0-beta.30 (225/289)...
2025-11-16 16:41:07,311 - BlankSpaceAnalyzer - INFO - -> Analyzing version 3.0.0-beta.4 (226/289)...
2025-11-16 16:41:07,311 - BlankSpaceAnalyzer - INFO - -> Analyzing version 3.0.0-beta.5 (227/289)...
2025-11-16 16:41:07,311 - BlankSpaceAnalyzer - INFO - -> Analyzing version 3.0.0-beta.6 (228/289)...
2025-11-16 16:41:07,311 - BlankSpaceAnalyzer - INFO - -> Analyzing version 3.0.0-beta.7 (229/289)...
2025-11-16 16:41:07,312 - BlankSpaceAnalyzer - INFO - -> Analyzing version 3.0.0-beta.8 (230/289)...
2025-11-16 16:41:07,312 - BlankSpaceAnalyzer - INFO - -> Analyzing version 3.0.0-beta.9 (231/289)...
2025-11-16 16:41:07,312 - BlankSpaceAnalyzer - INFO - -> Analyzing version 3.0.0-next.0 (232/289)...
2025-11-16 16:41:07,365 - BlankSpaceAnalyzer - INFO - -> Analyzing version 3.0.0-next.1 (233/289)...
2025-11-16 16:41:07,365 - BlankSpaceAnalyzer - INFO - -> Analyzing version 3.0.0-next.2 (234/289)...
2025-11-16 16:41:07,365 - BlankSpaceAnalyzer - INFO - -> Analyzing version 3.0.0-next.3 (235/289)...
2025-11-16 16:41:07,366 - BlankSpaceAnalyzer - INFO - -> Analyzing version 3.0.0-next.4 (236/289)...
2025-11-16 16:41:07,366 - BlankSpaceAnalyzer - INFO - -> Analyzing version 3.0.0-next.5 (237/289)...
2025-11-16 16:41:07,366 - BlankSpaceAnalyzer - INFO - -> Analyzing version 3.0.0-next.6 (238/289)...
2025-11-16 16:41:07,367 - BlankSpaceAnalyzer - INFO - -> Analyzing version 3.0.0-next.7 (239/289)...
2025-11-16 16:41:07,367 - BlankSpaceAnalyzer - INFO - -> Analyzing version 3.0.0-next.8 (240/289)...
2025-11-16 16:41:07,367 - BlankSpaceAnalyzer - INFO - -> Analyzing version 3.0.1 (241/289)...
2025-11-16 16:41:07,368 - BlankSpaceAnalyzer - INFO - -> Analyzing version 3.0.2 (242/289)...
2025-11-16 16:41:07,368 - BlankSpaceAnalyzer - INFO - -> Analyzing version 3.0.2-beta.0 (243/289)...
2025-11-16 16:41:07,368 - BlankSpaceAnalyzer - INFO - -> Analyzing version 3.0.3 (244/289)...
2025-11-16 16:41:07,368 - BlankSpaceAnalyzer - INFO - -> Analyzing version 3.0.4 (245/289)...
2025-11-16 16:41:07,369 - BlankSpaceAnalyzer - INFO - -> Analyzing version 3.0.5 (246/289)...
2025-11-16 16:41:07,369 - BlankSpaceAnalyzer - INFO - -> Analyzing version 3.0.6 (247/289)...
2025-11-16 16:41:07,369 - BlankSpaceAnalyzer - INFO - -> Analyzing version 3.0.7 (248/289)...
2025-11-16 16:41:07,370 - BlankSpaceAnalyzer - INFO - -> Analyzing version 3.0.8 (249/289)...
2025-11-16 16:41:07,370 - BlankSpaceAnalyzer - INFO - -> Analyzing version 3.0.9 (250/289)...
2025-11-16 16:41:07,370 - BlankSpaceAnalyzer - INFO - -> Analyzing version 3.1.0 (251/289)...
2025-11-16 16:41:07,371 - BlankSpaceAnalyzer - INFO - -> Analyzing version 3.10.0 (252/289)...
2025-11-16 16:41:07,371 - BlankSpaceAnalyzer - INFO - -> Analyzing version 3.10.1 (253/289)...
2025-11-16 16:41:07,371 - BlankSpaceAnalyzer - INFO - -> Analyzing version 3.10.2 (254/289)...
2025-11-16 16:41:07,371 - BlankSpaceAnalyzer - INFO - -> Analyzing version 3.10.3 (255/289)...
2025-11-16 16:41:07,372 - BlankSpaceAnalyzer - INFO - -> Analyzing version 3.10.4 (256/289)...
2025-11-16 16:41:07,372 - BlankSpaceAnalyzer - INFO - -> Analyzing version 3.10.5 (257/289)...
2025-11-16 16:41:07,372 - BlankSpaceAnalyzer - INFO - -> Analyzing version 3.10.6 (258/289)...
2025-11-16 16:41:07,373 - BlankSpaceAnalyzer - INFO - -> Analyzing version 3.10.7 (259/289)...
2025-11-16 16:41:07,373 - BlankSpaceAnalyzer - INFO - -> Analyzing version 3.2.0 (260/289)...
2025-11-16 16:41:07,373 - BlankSpaceAnalyzer - INFO - -> Analyzing version 3.2.1 (261/289)...
2025-11-16 16:41:07,373 - BlankSpaceAnalyzer - INFO - -> Analyzing version 3.2.2 (262/289)...
2025-11-16 16:41:07,374 - BlankSpaceAnalyzer - INFO - -> Analyzing version 3.3.0 (263/289)...
2025-11-16 16:41:07,374 - BlankSpaceAnalyzer - INFO - -> Analyzing version 3.3.1 (264/289)...
2025-11-16 16:41:07,374 - BlankSpaceAnalyzer - INFO - -> Analyzing version 3.4.0 (265/289)...
2025-11-16 16:41:07,375 - BlankSpaceAnalyzer - INFO - -> Analyzing version 3.4.1 (266/289)...
2025-11-16 16:41:07,375 - BlankSpaceAnalyzer - INFO - -> Analyzing version 3.4.2 (267/289)...
2025-11-16 16:41:07,375 - BlankSpaceAnalyzer - INFO - -> Analyzing version 3.4.3 (268/289)...
2025-11-16 16:41:07,376 - BlankSpaceAnalyzer - INFO - -> Analyzing version 3.4.4 (269/289)...
2025-11-16 16:41:07,376 - BlankSpaceAnalyzer - INFO - -> Analyzing version 3.4.5 (270/289)...
2025-11-16 16:41:07,376 - BlankSpaceAnalyzer - INFO - -> Analyzing version 3.4.6 (271/289)...
2025-11-16 16:41:07,376 - BlankSpaceAnalyzer - INFO - -> Analyzing version 3.5.0 (272/289)...
2025-11-16 16:41:07,377 - BlankSpaceAnalyzer - INFO - -> Analyzing version 3.5.1 (273/289)...
2025-11-16 16:41:07,377 - BlankSpaceAnalyzer - INFO - -> Analyzing version 3.5.2 (274/289)...
2025-11-16 16:41:07,377 - BlankSpaceAnalyzer - INFO - -> Analyzing version 3.5.3 (275/289)...
2025-11-16 16:41:07,378 - BlankSpaceAnalyzer - INFO - -> Analyzing version 3.6.0 (276/289)...
2025-11-16 16:41:07,378 - BlankSpaceAnalyzer - INFO - -> Analyzing version 3.6.1 (277/289)...
2025-11-16 16:41:07,378 - BlankSpaceAnalyzer - INFO - -> Analyzing version 3.6.2 (278/289)...
2025-11-16 16:41:07,378 - BlankSpaceAnalyzer - INFO - -> Analyzing version 3.6.3 (279/289)...
2025-11-16 16:41:07,379 - BlankSpaceAnalyzer - INFO - -> Analyzing version 3.6.4 (280/289)...
2025-11-16 16:41:07,379 - BlankSpaceAnalyzer - INFO - -> Analyzing version 3.6.5 (281/289)...
2025-11-16 16:41:07,379 - BlankSpaceAnalyzer - INFO - -> Analyzing version 3.6.6 (282/289)...
2025-11-16 16:41:07,380 - BlankSpaceAnalyzer - INFO - -> Analyzing version 3.6.7 (283/289)...
2025-11-16 16:41:07,380 - BlankSpaceAnalyzer - INFO - -> Analyzing version 3.7.0 (284/289)...
2025-11-16 16:41:07,380 - BlankSpaceAnalyzer - INFO - -> Analyzing version 3.7.1 (285/289)...
2025-11-16 16:41:07,381 - BlankSpaceAnalyzer - INFO - -> Analyzing version 3.7.2 (286/289)...
2025-11-16 16:41:07,381 - BlankSpaceAnalyzer - INFO - -> Analyzing version 3.8.0 (287/289)...
2025-11-16 16:41:07,381 - BlankSpaceAnalyzer - INFO - -> Analyzing version 3.9.0 (288/289)...
2025-11-16 16:41:07,381 - BlankSpaceAnalyzer - INFO - -> Analyzing version 3.9.1 (289/289)...
2025-11-16 16:41:07,382 - BlankSpaceAnalyzer - INFO - Exporting results for '@tiptap/extension-text-align' to CSV...
2025-11-16 16:41:07,697 - BlankSpaceAnalyzer - INFO - Reports saved in: /app/npm_results/@tiptap_extension-text-align
2025-11-16 16:41:07,698 - NPM_Analyzer - INFO - Cleaning temporary folder 'temp/@tiptap_extension-text-align'...
2025-11-16 16:41:07,932 - NPM_Analyzer - INFO - Cleanup completed.
