2025-11-07 23:30:52,747 - NPM_Analyzer - INFO - Fetching metadata for '@mdi/font'...
2025-11-07 23:30:52,863 - NPM_Analyzer - INFO - Found 70 versions. Starting download into 'temp/@mdi_font'...
2025-11-07 23:32:34,714 - BlankSpaceAnalyzer - INFO - Analyzing 70 versions for '*.js' in '@mdi_font'.
2025-11-07 23:32:34,715 - BlankSpaceAnalyzer - INFO - -> Analyzing version 1.0.62 (1/70)...
2025-11-07 23:32:34,716 - BlankSpaceAnalyzer - INFO - -> Analyzing version 1.1.34 (2/70)...
2025-11-07 23:32:34,717 - BlankSpaceAnalyzer - INFO - -> Analyzing version 1.1.70 (3/70)...
2025-11-07 23:32:34,719 - BlankSpaceAnalyzer - INFO - -> Analyzing version 1.2.64 (4/70)...
2025-11-07 23:32:34,720 - BlankSpaceAnalyzer - INFO - -> Analyzing version 1.2.65 (5/70)...
2025-11-07 23:32:34,721 - BlankSpaceAnalyzer - INFO - -> Analyzing version 1.3.41 (6/70)...
2025-11-07 23:32:34,722 - BlankSpaceAnalyzer - INFO - -> Analyzing version 1.4.57 (7/70)...
2025-11-07 23:32:34,723 - BlankSpaceAnalyzer - INFO - -> Analyzing version 1.5.54 (8/70)...
2025-11-07 23:32:34,725 - BlankSpaceAnalyzer - INFO - -> Analyzing version 1.6.50 (9/70)...
2025-11-07 23:32:34,726 - BlankSpaceAnalyzer - INFO - -> Analyzing version 1.7.12 (10/70)...
2025-11-07 23:32:34,727 - BlankSpaceAnalyzer - INFO - -> Analyzing version 1.7.22 (11/70)...
2025-11-07 23:32:34,728 - BlankSpaceAnalyzer - INFO - -> Analyzing version 1.8.36 (12/70)...
2025-11-07 23:32:34,729 - BlankSpaceAnalyzer - INFO - -> Analyzing version 1.9.32 (13/70)...
2025-11-07 23:32:34,730 - BlankSpaceAnalyzer - INFO - -> Analyzing version 2.0.46 (14/70)...
2025-11-07 23:32:34,731 - BlankSpaceAnalyzer - INFO - -> Analyzing version 2.1.19 (15/70)...
2025-11-07 23:32:34,733 - BlankSpaceAnalyzer - INFO - -> Analyzing version 2.1.99 (16/70)...
2025-11-07 23:32:34,734 - BlankSpaceAnalyzer - INFO - -> Analyzing version 2.2.43 (17/70)...
2025-11-07 23:32:34,735 - BlankSpaceAnalyzer - INFO - -> Analyzing version 2.3.50 (18/70)...
2025-11-07 23:32:34,736 - BlankSpaceAnalyzer - INFO - -> Analyzing version 2.3.54 (19/70)...
2025-11-07 23:32:34,737 - BlankSpaceAnalyzer - INFO - -> Analyzing version 2.4.85 (20/70)...
2025-11-07 23:32:34,738 - BlankSpaceAnalyzer - INFO - -> Analyzing version 2.5.94 (21/70)...
2025-11-07 23:32:34,739 - BlankSpaceAnalyzer - INFO - -> Analyzing version 2.6.95 (22/70)...
2025-11-07 23:32:34,740 - BlankSpaceAnalyzer - INFO - -> Analyzing version 2.7.94 (23/70)...
2025-11-07 23:32:34,741 - BlankSpaceAnalyzer - INFO - -> Analyzing version 2.8.94 (24/70)...
2025-11-07 23:32:34,741 - BlankSpaceAnalyzer - INFO - -> Analyzing version 3.0.39 (25/70)...
2025-11-07 23:32:34,742 - BlankSpaceAnalyzer - INFO - -> Analyzing version 3.2.89 (26/70)...
2025-11-07 23:32:34,743 - BlankSpaceAnalyzer - INFO - -> Analyzing version 3.3.92 (27/70)...
2025-11-07 23:32:34,744 - BlankSpaceAnalyzer - INFO - -> Analyzing version 3.4.93 (28/70)...
2025-11-07 23:32:34,745 - BlankSpaceAnalyzer - INFO - -> Analyzing version 3.5.94 (29/70)...
2025-11-07 23:32:34,746 - BlankSpaceAnalyzer - INFO - -> Analyzing version 3.5.95 (30/70)...
2025-11-07 23:32:34,747 - BlankSpaceAnalyzer - INFO - -> Analyzing version 3.6.95 (31/70)...
2025-11-07 23:32:34,748 - BlankSpaceAnalyzer - INFO - -> Analyzing version 3.7.95 (32/70)...
2025-11-07 23:32:34,749 - BlankSpaceAnalyzer - INFO - -> Analyzing version 3.8.95 (33/70)...
2025-11-07 23:32:34,749 - BlankSpaceAnalyzer - INFO - -> Analyzing version 3.9.96 (34/70)...
2025-11-07 23:32:34,750 - BlankSpaceAnalyzer - INFO - -> Analyzing version 3.9.97 (35/70)...
2025-11-07 23:32:34,750 - BlankSpaceAnalyzer - INFO - -> Analyzing version 4.0.96 (36/70)...
2025-11-07 23:32:34,751 - BlankSpaceAnalyzer - INFO - -> Analyzing version 4.1.95 (37/70)...
2025-11-07 23:32:34,752 - BlankSpaceAnalyzer - INFO - -> Analyzing version 4.2.95 (38/70)...
2025-11-07 23:32:34,752 - BlankSpaceAnalyzer - INFO - -> Analyzing version 4.3.95 (39/70)...
2025-11-07 23:32:34,753 - BlankSpaceAnalyzer - INFO - -> Analyzing version 4.4.95 (40/70)...
2025-11-07 23:32:34,753 - BlankSpaceAnalyzer - INFO - -> Analyzing version 4.5.95 (41/70)...
2025-11-07 23:32:34,753 - BlankSpaceAnalyzer - INFO - -> Analyzing version 4.6.95 (42/70)...
2025-11-07 23:32:34,754 - BlankSpaceAnalyzer - INFO - -> Analyzing version 4.7.95 (43/70)...
2025-11-07 23:32:34,754 - BlankSpaceAnalyzer - INFO - -> Analyzing version 4.8.95 (44/70)...
2025-11-07 23:32:34,755 - BlankSpaceAnalyzer - INFO - -> Analyzing version 4.9.95 (45/70)...
2025-11-07 23:32:34,755 - BlankSpaceAnalyzer - INFO - -> Analyzing version 5.0.45 (46/70)...
2025-11-07 23:32:34,756 - BlankSpaceAnalyzer - INFO - -> Analyzing version 5.1.45 (47/70)...
2025-11-07 23:32:34,756 - BlankSpaceAnalyzer - INFO - -> Analyzing version 5.2.45 (48/70)...
2025-11-07 23:32:34,756 - BlankSpaceAnalyzer - INFO - -> Analyzing version 5.3.45 (49/70)...
2025-11-07 23:32:34,756 - BlankSpaceAnalyzer - INFO - -> Analyzing version 5.4.55 (50/70)...
2025-11-07 23:32:34,757 - BlankSpaceAnalyzer - INFO - -> Analyzing version 5.5.55 (51/70)...
2025-11-07 23:32:34,757 - BlankSpaceAnalyzer - INFO - -> Analyzing version 5.6.55 (52/70)...
2025-11-07 23:32:34,757 - BlankSpaceAnalyzer - INFO - -> Analyzing version 5.7.55 (53/70)...
2025-11-07 23:32:34,757 - BlankSpaceAnalyzer - INFO - -> Analyzing version 5.8.55 (54/70)...
2025-11-07 23:32:34,758 - BlankSpaceAnalyzer - INFO - -> Analyzing version 5.9.55 (55/70)...
2025-11-07 23:32:34,758 - BlankSpaceAnalyzer - INFO - -> Analyzing version 6.1.95 (56/70)...
2025-11-07 23:32:34,758 - BlankSpaceAnalyzer - INFO - -> Analyzing version 6.2.95 (57/70)...
2025-11-07 23:32:34,759 - BlankSpaceAnalyzer - INFO - -> Analyzing version 6.3.95 (58/70)...
2025-11-07 23:32:34,759 - BlankSpaceAnalyzer - INFO - -> Analyzing version 6.4.95 (59/70)...
2025-11-07 23:32:34,760 - BlankSpaceAnalyzer - INFO - -> Analyzing version 6.5.95 (60/70)...
2025-11-07 23:32:34,760 - BlankSpaceAnalyzer - INFO - -> Analyzing version 6.6.95 (61/70)...
2025-11-07 23:32:34,760 - BlankSpaceAnalyzer - INFO - -> Analyzing version 6.6.96 (62/70)...
2025-11-07 23:32:34,760 - BlankSpaceAnalyzer - INFO - -> Analyzing version 6.7.96 (63/70)...
2025-11-07 23:32:34,761 - BlankSpaceAnalyzer - INFO - -> Analyzing version 6.8.96 (64/70)...
2025-11-07 23:32:34,761 - BlankSpaceAnalyzer - INFO - -> Analyzing version 6.9.96 (65/70)...
2025-11-07 23:32:34,761 - BlankSpaceAnalyzer - INFO - -> Analyzing version 7.0.96 (66/70)...
2025-11-07 23:32:34,762 - BlankSpaceAnalyzer - INFO - -> Analyzing version 7.1.96 (67/70)...
2025-11-07 23:32:34,762 - BlankSpaceAnalyzer - INFO - -> Analyzing version 7.2.96 (68/70)...
2025-11-07 23:32:34,763 - BlankSpaceAnalyzer - INFO - -> Analyzing version 7.3.67 (69/70)...
2025-11-07 23:32:34,763 - BlankSpaceAnalyzer - INFO - -> Analyzing version 7.4.47 (70/70)...
2025-11-07 23:32:34,764 - BlankSpaceAnalyzer - INFO - Exporting results for '@mdi/font' to CSV...
2025-11-07 23:32:34,822 - BlankSpaceAnalyzer - INFO - Reports saved in: /app/npm_results/@mdi_font
2025-11-07 23:32:34,822 - NPM_Analyzer - INFO - Cleaning temporary folder 'temp/@mdi_font'...
2025-11-07 23:32:34,893 - NPM_Analyzer - INFO - Cleanup completed.
2025-11-08 16:24:25,671 - NPM_Analyzer - INFO - Fetching metadata for '@mdi/font'...
2025-11-08 16:24:25,871 - NPM_Analyzer - INFO - Found 70 versions. Starting download into 'temp/@mdi_font'...
2025-11-08 16:25:35,813 - BlankSpaceAnalyzer - INFO - Analyzing 70 versions for '*.js' in '@mdi_font'.
2025-11-08 16:25:35,813 - BlankSpaceAnalyzer - INFO - -> Analyzing version 1.0.62 (1/70)...
2025-11-08 16:25:35,815 - BlankSpaceAnalyzer - INFO - -> Analyzing version 1.1.34 (2/70)...
2025-11-08 16:25:35,816 - BlankSpaceAnalyzer - INFO - -> Analyzing version 1.1.70 (3/70)...
2025-11-08 16:25:35,817 - BlankSpaceAnalyzer - INFO - -> Analyzing version 1.2.64 (4/70)...
2025-11-08 16:25:35,818 - BlankSpaceAnalyzer - INFO - -> Analyzing version 1.2.65 (5/70)...
2025-11-08 16:25:35,819 - BlankSpaceAnalyzer - INFO - -> Analyzing version 1.3.41 (6/70)...
2025-11-08 16:25:35,821 - BlankSpaceAnalyzer - INFO - -> Analyzing version 1.4.57 (7/70)...
2025-11-08 16:25:35,822 - BlankSpaceAnalyzer - INFO - -> Analyzing version 1.5.54 (8/70)...
2025-11-08 16:25:35,823 - BlankSpaceAnalyzer - INFO - -> Analyzing version 1.6.50 (9/70)...
2025-11-08 16:25:35,824 - BlankSpaceAnalyzer - INFO - -> Analyzing version 1.7.12 (10/70)...
2025-11-08 16:25:35,825 - BlankSpaceAnalyzer - INFO - -> Analyzing version 1.7.22 (11/70)...
2025-11-08 16:25:35,827 - BlankSpaceAnalyzer - INFO - -> Analyzing version 1.8.36 (12/70)...
2025-11-08 16:25:35,828 - BlankSpaceAnalyzer - INFO - -> Analyzing version 1.9.32 (13/70)...
2025-11-08 16:25:35,829 - BlankSpaceAnalyzer - INFO - -> Analyzing version 2.0.46 (14/70)...
2025-11-08 16:25:35,830 - BlankSpaceAnalyzer - INFO - -> Analyzing version 2.1.19 (15/70)...
2025-11-08 16:25:35,831 - BlankSpaceAnalyzer - INFO - -> Analyzing version 2.1.99 (16/70)...
2025-11-08 16:25:35,832 - BlankSpaceAnalyzer - INFO - -> Analyzing version 2.2.43 (17/70)...
2025-11-08 16:25:35,834 - BlankSpaceAnalyzer - INFO - -> Analyzing version 2.3.50 (18/70)...
2025-11-08 16:25:35,835 - BlankSpaceAnalyzer - INFO - -> Analyzing version 2.3.54 (19/70)...
2025-11-08 16:25:35,836 - BlankSpaceAnalyzer - INFO - -> Analyzing version 2.4.85 (20/70)...
2025-11-08 16:25:35,837 - BlankSpaceAnalyzer - INFO - -> Analyzing version 2.5.94 (21/70)...
2025-11-08 16:25:35,838 - BlankSpaceAnalyzer - INFO - -> Analyzing version 2.6.95 (22/70)...
2025-11-08 16:25:35,838 - BlankSpaceAnalyzer - INFO - -> Analyzing version 2.7.94 (23/70)...
2025-11-08 16:25:35,839 - BlankSpaceAnalyzer - INFO - -> Analyzing version 2.8.94 (24/70)...
2025-11-08 16:25:35,840 - BlankSpaceAnalyzer - INFO - -> Analyzing version 3.0.39 (25/70)...
2025-11-08 16:25:35,841 - BlankSpaceAnalyzer - INFO - -> Analyzing version 3.2.89 (26/70)...
2025-11-08 16:25:35,841 - BlankSpaceAnalyzer - INFO - -> Analyzing version 3.3.92 (27/70)...
2025-11-08 16:25:35,842 - BlankSpaceAnalyzer - INFO - -> Analyzing version 3.4.93 (28/70)...
2025-11-08 16:25:35,843 - BlankSpaceAnalyzer - INFO - -> Analyzing version 3.5.94 (29/70)...
2025-11-08 16:25:35,843 - BlankSpaceAnalyzer - INFO - -> Analyzing version 3.5.95 (30/70)...
2025-11-08 16:25:35,844 - BlankSpaceAnalyzer - INFO - -> Analyzing version 3.6.95 (31/70)...
2025-11-08 16:25:35,844 - BlankSpaceAnalyzer - INFO - -> Analyzing version 3.7.95 (32/70)...
2025-11-08 16:25:35,845 - BlankSpaceAnalyzer - INFO - -> Analyzing version 3.8.95 (33/70)...
2025-11-08 16:25:35,846 - BlankSpaceAnalyzer - INFO - -> Analyzing version 3.9.96 (34/70)...
2025-11-08 16:25:35,846 - BlankSpaceAnalyzer - INFO - -> Analyzing version 3.9.97 (35/70)...
2025-11-08 16:25:35,847 - BlankSpaceAnalyzer - INFO - -> Analyzing version 4.0.96 (36/70)...
2025-11-08 16:25:35,847 - BlankSpaceAnalyzer - INFO - -> Analyzing version 4.1.95 (37/70)...
2025-11-08 16:25:35,848 - BlankSpaceAnalyzer - INFO - -> Analyzing version 4.2.95 (38/70)...
2025-11-08 16:25:35,848 - BlankSpaceAnalyzer - INFO - -> Analyzing version 4.3.95 (39/70)...
2025-11-08 16:25:35,849 - BlankSpaceAnalyzer - INFO - -> Analyzing version 4.4.95 (40/70)...
2025-11-08 16:25:35,849 - BlankSpaceAnalyzer - INFO - -> Analyzing version 4.5.95 (41/70)...
2025-11-08 16:25:35,850 - BlankSpaceAnalyzer - INFO - -> Analyzing version 4.6.95 (42/70)...
2025-11-08 16:25:35,850 - BlankSpaceAnalyzer - INFO - -> Analyzing version 4.7.95 (43/70)...
2025-11-08 16:25:35,850 - BlankSpaceAnalyzer - INFO - -> Analyzing version 4.8.95 (44/70)...
2025-11-08 16:25:35,851 - BlankSpaceAnalyzer - INFO - -> Analyzing version 4.9.95 (45/70)...
2025-11-08 16:25:35,851 - BlankSpaceAnalyzer - INFO - -> Analyzing version 5.0.45 (46/70)...
2025-11-08 16:25:35,852 - BlankSpaceAnalyzer - INFO - -> Analyzing version 5.1.45 (47/70)...
2025-11-08 16:25:35,852 - BlankSpaceAnalyzer - INFO - -> Analyzing version 5.2.45 (48/70)...
2025-11-08 16:25:35,852 - BlankSpaceAnalyzer - INFO - -> Analyzing version 5.3.45 (49/70)...
2025-11-08 16:25:35,853 - BlankSpaceAnalyzer - INFO - -> Analyzing version 5.4.55 (50/70)...
2025-11-08 16:25:35,853 - BlankSpaceAnalyzer - INFO - -> Analyzing version 5.5.55 (51/70)...
2025-11-08 16:25:35,854 - BlankSpaceAnalyzer - INFO - -> Analyzing version 5.6.55 (52/70)...
2025-11-08 16:25:35,854 - BlankSpaceAnalyzer - INFO - -> Analyzing version 5.7.55 (53/70)...
2025-11-08 16:25:35,854 - BlankSpaceAnalyzer - INFO - -> Analyzing version 5.8.55 (54/70)...
2025-11-08 16:25:35,855 - BlankSpaceAnalyzer - INFO - -> Analyzing version 5.9.55 (55/70)...
2025-11-08 16:25:35,855 - BlankSpaceAnalyzer - INFO - -> Analyzing version 6.1.95 (56/70)...
2025-11-08 16:25:35,856 - BlankSpaceAnalyzer - INFO - -> Analyzing version 6.2.95 (57/70)...
2025-11-08 16:25:35,856 - BlankSpaceAnalyzer - INFO - -> Analyzing version 6.3.95 (58/70)...
2025-11-08 16:25:35,856 - BlankSpaceAnalyzer - INFO - -> Analyzing version 6.4.95 (59/70)...
2025-11-08 16:25:35,857 - BlankSpaceAnalyzer - INFO - -> Analyzing version 6.5.95 (60/70)...
2025-11-08 16:25:35,857 - BlankSpaceAnalyzer - INFO - -> Analyzing version 6.6.95 (61/70)...
2025-11-08 16:25:35,857 - BlankSpaceAnalyzer - INFO - -> Analyzing version 6.6.96 (62/70)...
2025-11-08 16:25:35,858 - BlankSpaceAnalyzer - INFO - -> Analyzing version 6.7.96 (63/70)...
2025-11-08 16:25:35,858 - BlankSpaceAnalyzer - INFO - -> Analyzing version 6.8.96 (64/70)...
2025-11-08 16:25:35,859 - BlankSpaceAnalyzer - INFO - -> Analyzing version 6.9.96 (65/70)...
2025-11-08 16:25:35,859 - BlankSpaceAnalyzer - INFO - -> Analyzing version 7.0.96 (66/70)...
2025-11-08 16:25:35,860 - BlankSpaceAnalyzer - INFO - -> Analyzing version 7.1.96 (67/70)...
2025-11-08 16:25:35,860 - BlankSpaceAnalyzer - INFO - -> Analyzing version 7.2.96 (68/70)...
2025-11-08 16:25:35,861 - BlankSpaceAnalyzer - INFO - -> Analyzing version 7.3.67 (69/70)...
2025-11-08 16:25:35,861 - BlankSpaceAnalyzer - INFO - -> Analyzing version 7.4.47 (70/70)...
2025-11-08 16:25:35,862 - BlankSpaceAnalyzer - INFO - Exporting results for '@mdi/font' to CSV...
2025-11-08 16:25:35,922 - BlankSpaceAnalyzer - INFO - Reports saved in: /app/npm_results/@mdi_font
2025-11-08 16:25:35,922 - NPM_Analyzer - INFO - Cleaning temporary folder 'temp/@mdi_font'...
2025-11-08 16:25:35,992 - NPM_Analyzer - INFO - Cleanup completed.
2025-11-09 03:03:38,876 - NPM_Analyzer - INFO - Fetching metadata for '@mdi/font'...
2025-11-09 03:03:39,058 - NPM_Analyzer - INFO - Found 70 versions. Starting download into 'temp/@mdi_font'...
2025-11-09 03:04:48,446 - BlankSpaceAnalyzer - INFO - Analyzing 70 versions for '*.js' in '@mdi_font'.
2025-11-09 03:04:48,446 - BlankSpaceAnalyzer - INFO - -> Analyzing version 1.0.62 (1/70)...
2025-11-09 03:04:48,448 - BlankSpaceAnalyzer - INFO - -> Analyzing version 1.1.34 (2/70)...
2025-11-09 03:04:48,449 - BlankSpaceAnalyzer - INFO - -> Analyzing version 1.1.70 (3/70)...
2025-11-09 03:04:48,450 - BlankSpaceAnalyzer - INFO - -> Analyzing version 1.2.64 (4/70)...
2025-11-09 03:04:48,451 - BlankSpaceAnalyzer - INFO - -> Analyzing version 1.2.65 (5/70)...
2025-11-09 03:04:48,453 - BlankSpaceAnalyzer - INFO - -> Analyzing version 1.3.41 (6/70)...
2025-11-09 03:04:48,455 - BlankSpaceAnalyzer - INFO - -> Analyzing version 1.4.57 (7/70)...
2025-11-09 03:04:48,456 - BlankSpaceAnalyzer - INFO - -> Analyzing version 1.5.54 (8/70)...
2025-11-09 03:04:48,457 - BlankSpaceAnalyzer - INFO - -> Analyzing version 1.6.50 (9/70)...
2025-11-09 03:04:48,458 - BlankSpaceAnalyzer - INFO - -> Analyzing version 1.7.12 (10/70)...
2025-11-09 03:04:48,460 - BlankSpaceAnalyzer - INFO - -> Analyzing version 1.7.22 (11/70)...
2025-11-09 03:04:48,461 - BlankSpaceAnalyzer - INFO - -> Analyzing version 1.8.36 (12/70)...
2025-11-09 03:04:48,462 - BlankSpaceAnalyzer - INFO - -> Analyzing version 1.9.32 (13/70)...
2025-11-09 03:04:48,464 - BlankSpaceAnalyzer - INFO - -> Analyzing version 2.0.46 (14/70)...
2025-11-09 03:04:48,466 - BlankSpaceAnalyzer - INFO - -> Analyzing version 2.1.19 (15/70)...
2025-11-09 03:04:48,468 - BlankSpaceAnalyzer - INFO - -> Analyzing version 2.1.99 (16/70)...
2025-11-09 03:04:48,469 - BlankSpaceAnalyzer - INFO - -> Analyzing version 2.2.43 (17/70)...
2025-11-09 03:04:48,470 - BlankSpaceAnalyzer - INFO - -> Analyzing version 2.3.50 (18/70)...
2025-11-09 03:04:48,471 - BlankSpaceAnalyzer - INFO - -> Analyzing version 2.3.54 (19/70)...
2025-11-09 03:04:48,471 - BlankSpaceAnalyzer - INFO - -> Analyzing version 2.4.85 (20/70)...
2025-11-09 03:04:48,472 - BlankSpaceAnalyzer - INFO - -> Analyzing version 2.5.94 (21/70)...
2025-11-09 03:04:48,473 - BlankSpaceAnalyzer - INFO - -> Analyzing version 2.6.95 (22/70)...
2025-11-09 03:04:48,474 - BlankSpaceAnalyzer - INFO - -> Analyzing version 2.7.94 (23/70)...
2025-11-09 03:04:48,475 - BlankSpaceAnalyzer - INFO - -> Analyzing version 2.8.94 (24/70)...
2025-11-09 03:04:48,475 - BlankSpaceAnalyzer - INFO - -> Analyzing version 3.0.39 (25/70)...
2025-11-09 03:04:48,476 - BlankSpaceAnalyzer - INFO - -> Analyzing version 3.2.89 (26/70)...
2025-11-09 03:04:48,476 - BlankSpaceAnalyzer - INFO - -> Analyzing version 3.3.92 (27/70)...
2025-11-09 03:04:48,477 - BlankSpaceAnalyzer - INFO - -> Analyzing version 3.4.93 (28/70)...
2025-11-09 03:04:48,478 - BlankSpaceAnalyzer - INFO - -> Analyzing version 3.5.94 (29/70)...
2025-11-09 03:04:48,478 - BlankSpaceAnalyzer - INFO - -> Analyzing version 3.5.95 (30/70)...
2025-11-09 03:04:48,479 - BlankSpaceAnalyzer - INFO - -> Analyzing version 3.6.95 (31/70)...
2025-11-09 03:04:48,479 - BlankSpaceAnalyzer - INFO - -> Analyzing version 3.7.95 (32/70)...
2025-11-09 03:04:48,480 - BlankSpaceAnalyzer - INFO - -> Analyzing version 3.8.95 (33/70)...
2025-11-09 03:04:48,480 - BlankSpaceAnalyzer - INFO - -> Analyzing version 3.9.96 (34/70)...
2025-11-09 03:04:48,481 - BlankSpaceAnalyzer - INFO - -> Analyzing version 3.9.97 (35/70)...
2025-11-09 03:04:48,481 - BlankSpaceAnalyzer - INFO - -> Analyzing version 4.0.96 (36/70)...
2025-11-09 03:04:48,482 - BlankSpaceAnalyzer - INFO - -> Analyzing version 4.1.95 (37/70)...
2025-11-09 03:04:48,482 - BlankSpaceAnalyzer - INFO - -> Analyzing version 4.2.95 (38/70)...
2025-11-09 03:04:48,483 - BlankSpaceAnalyzer - INFO - -> Analyzing version 4.3.95 (39/70)...
2025-11-09 03:04:48,483 - BlankSpaceAnalyzer - INFO - -> Analyzing version 4.4.95 (40/70)...
2025-11-09 03:04:48,484 - BlankSpaceAnalyzer - INFO - -> Analyzing version 4.5.95 (41/70)...
2025-11-09 03:04:48,484 - BlankSpaceAnalyzer - INFO - -> Analyzing version 4.6.95 (42/70)...
2025-11-09 03:04:48,485 - BlankSpaceAnalyzer - INFO - -> Analyzing version 4.7.95 (43/70)...
2025-11-09 03:04:48,485 - BlankSpaceAnalyzer - INFO - -> Analyzing version 4.8.95 (44/70)...
2025-11-09 03:04:48,486 - BlankSpaceAnalyzer - INFO - -> Analyzing version 4.9.95 (45/70)...
2025-11-09 03:04:48,487 - BlankSpaceAnalyzer - INFO - -> Analyzing version 5.0.45 (46/70)...
2025-11-09 03:04:48,487 - BlankSpaceAnalyzer - INFO - -> Analyzing version 5.1.45 (47/70)...
2025-11-09 03:04:48,488 - BlankSpaceAnalyzer - INFO - -> Analyzing version 5.2.45 (48/70)...
2025-11-09 03:04:48,488 - BlankSpaceAnalyzer - INFO - -> Analyzing version 5.3.45 (49/70)...
2025-11-09 03:04:48,489 - BlankSpaceAnalyzer - INFO - -> Analyzing version 5.4.55 (50/70)...
2025-11-09 03:04:48,489 - BlankSpaceAnalyzer - INFO - -> Analyzing version 5.5.55 (51/70)...
2025-11-09 03:04:48,490 - BlankSpaceAnalyzer - INFO - -> Analyzing version 5.6.55 (52/70)...
2025-11-09 03:04:48,490 - BlankSpaceAnalyzer - INFO - -> Analyzing version 5.7.55 (53/70)...
2025-11-09 03:04:48,490 - BlankSpaceAnalyzer - INFO - -> Analyzing version 5.8.55 (54/70)...
2025-11-09 03:04:48,491 - BlankSpaceAnalyzer - INFO - -> Analyzing version 5.9.55 (55/70)...
2025-11-09 03:04:48,491 - BlankSpaceAnalyzer - INFO - -> Analyzing version 6.1.95 (56/70)...
2025-11-09 03:04:48,491 - BlankSpaceAnalyzer - INFO - -> Analyzing version 6.2.95 (57/70)...
2025-11-09 03:04:48,492 - BlankSpaceAnalyzer - INFO - -> Analyzing version 6.3.95 (58/70)...
2025-11-09 03:04:48,492 - BlankSpaceAnalyzer - INFO - -> Analyzing version 6.4.95 (59/70)...
2025-11-09 03:04:48,492 - BlankSpaceAnalyzer - INFO - -> Analyzing version 6.5.95 (60/70)...
2025-11-09 03:04:48,493 - BlankSpaceAnalyzer - INFO - -> Analyzing version 6.6.95 (61/70)...
2025-11-09 03:04:48,493 - BlankSpaceAnalyzer - INFO - -> Analyzing version 6.6.96 (62/70)...
2025-11-09 03:04:48,493 - BlankSpaceAnalyzer - INFO - -> Analyzing version 6.7.96 (63/70)...
2025-11-09 03:04:48,493 - BlankSpaceAnalyzer - INFO - -> Analyzing version 6.8.96 (64/70)...
2025-11-09 03:04:48,494 - BlankSpaceAnalyzer - INFO - -> Analyzing version 6.9.96 (65/70)...
2025-11-09 03:04:48,494 - BlankSpaceAnalyzer - INFO - -> Analyzing version 7.0.96 (66/70)...
2025-11-09 03:04:48,495 - BlankSpaceAnalyzer - INFO - -> Analyzing version 7.1.96 (67/70)...
2025-11-09 03:04:48,495 - BlankSpaceAnalyzer - INFO - -> Analyzing version 7.2.96 (68/70)...
2025-11-09 03:04:48,496 - BlankSpaceAnalyzer - INFO - -> Analyzing version 7.3.67 (69/70)...
2025-11-09 03:04:48,496 - BlankSpaceAnalyzer - INFO - -> Analyzing version 7.4.47 (70/70)...
2025-11-09 03:04:48,497 - BlankSpaceAnalyzer - INFO - Exporting results for '@mdi/font' to CSV...
2025-11-09 03:04:48,558 - BlankSpaceAnalyzer - INFO - Reports saved in: /app/npm_results/@mdi_font
2025-11-09 03:04:48,558 - NPM_Analyzer - INFO - Cleaning temporary folder 'temp/@mdi_font'...
2025-11-09 03:04:48,623 - NPM_Analyzer - INFO - Cleanup completed.
2025-11-09 13:24:50,729 - NPM_Analyzer - INFO - Fetching metadata for '@mdi/font'...
2025-11-09 13:24:50,859 - NPM_Analyzer - INFO - Found 70 versions. Starting download into 'temp/@mdi_font'...
2025-11-09 13:25:58,275 - BlankSpaceAnalyzer - INFO - Analyzing 70 versions for '*.js' in '@mdi_font'.
2025-11-09 13:25:58,275 - BlankSpaceAnalyzer - INFO - -> Analyzing version 1.0.62 (1/70)...
2025-11-09 13:25:58,277 - BlankSpaceAnalyzer - INFO - -> Analyzing version 1.1.34 (2/70)...
2025-11-09 13:25:58,278 - BlankSpaceAnalyzer - INFO - -> Analyzing version 1.1.70 (3/70)...
2025-11-09 13:25:58,279 - BlankSpaceAnalyzer - INFO - -> Analyzing version 1.2.64 (4/70)...
2025-11-09 13:25:58,280 - BlankSpaceAnalyzer - INFO - -> Analyzing version 1.2.65 (5/70)...
2025-11-09 13:25:58,281 - BlankSpaceAnalyzer - INFO - -> Analyzing version 1.3.41 (6/70)...
2025-11-09 13:25:58,283 - BlankSpaceAnalyzer - INFO - -> Analyzing version 1.4.57 (7/70)...
2025-11-09 13:25:58,284 - BlankSpaceAnalyzer - INFO - -> Analyzing version 1.5.54 (8/70)...
2025-11-09 13:25:58,285 - BlankSpaceAnalyzer - INFO - -> Analyzing version 1.6.50 (9/70)...
2025-11-09 13:25:58,286 - BlankSpaceAnalyzer - INFO - -> Analyzing version 1.7.12 (10/70)...
2025-11-09 13:25:58,287 - BlankSpaceAnalyzer - INFO - -> Analyzing version 1.7.22 (11/70)...
2025-11-09 13:25:58,288 - BlankSpaceAnalyzer - INFO - -> Analyzing version 1.8.36 (12/70)...
2025-11-09 13:25:58,290 - BlankSpaceAnalyzer - INFO - -> Analyzing version 1.9.32 (13/70)...
2025-11-09 13:25:58,291 - BlankSpaceAnalyzer - INFO - -> Analyzing version 2.0.46 (14/70)...
2025-11-09 13:25:58,292 - BlankSpaceAnalyzer - INFO - -> Analyzing version 2.1.19 (15/70)...
2025-11-09 13:25:58,293 - BlankSpaceAnalyzer - INFO - -> Analyzing version 2.1.99 (16/70)...
2025-11-09 13:25:58,294 - BlankSpaceAnalyzer - INFO - -> Analyzing version 2.2.43 (17/70)...
2025-11-09 13:25:58,295 - BlankSpaceAnalyzer - INFO - -> Analyzing version 2.3.50 (18/70)...
2025-11-09 13:25:58,297 - BlankSpaceAnalyzer - INFO - -> Analyzing version 2.3.54 (19/70)...
2025-11-09 13:25:58,298 - BlankSpaceAnalyzer - INFO - -> Analyzing version 2.4.85 (20/70)...
2025-11-09 13:25:58,299 - BlankSpaceAnalyzer - INFO - -> Analyzing version 2.5.94 (21/70)...
2025-11-09 13:25:58,300 - BlankSpaceAnalyzer - INFO - -> Analyzing version 2.6.95 (22/70)...
2025-11-09 13:25:58,300 - BlankSpaceAnalyzer - INFO - -> Analyzing version 2.7.94 (23/70)...
2025-11-09 13:25:58,301 - BlankSpaceAnalyzer - INFO - -> Analyzing version 2.8.94 (24/70)...
2025-11-09 13:25:58,302 - BlankSpaceAnalyzer - INFO - -> Analyzing version 3.0.39 (25/70)...
2025-11-09 13:25:58,303 - BlankSpaceAnalyzer - INFO - -> Analyzing version 3.2.89 (26/70)...
2025-11-09 13:25:58,304 - BlankSpaceAnalyzer - INFO - -> Analyzing version 3.3.92 (27/70)...
2025-11-09 13:25:58,304 - BlankSpaceAnalyzer - INFO - -> Analyzing version 3.4.93 (28/70)...
2025-11-09 13:25:58,305 - BlankSpaceAnalyzer - INFO - -> Analyzing version 3.5.94 (29/70)...
2025-11-09 13:25:58,306 - BlankSpaceAnalyzer - INFO - -> Analyzing version 3.5.95 (30/70)...
2025-11-09 13:25:58,306 - BlankSpaceAnalyzer - INFO - -> Analyzing version 3.6.95 (31/70)...
2025-11-09 13:25:58,307 - BlankSpaceAnalyzer - INFO - -> Analyzing version 3.7.95 (32/70)...
2025-11-09 13:25:58,307 - BlankSpaceAnalyzer - INFO - -> Analyzing version 3.8.95 (33/70)...
2025-11-09 13:25:58,308 - BlankSpaceAnalyzer - INFO - -> Analyzing version 3.9.96 (34/70)...
2025-11-09 13:25:58,309 - BlankSpaceAnalyzer - INFO - -> Analyzing version 3.9.97 (35/70)...
2025-11-09 13:25:58,309 - BlankSpaceAnalyzer - INFO - -> Analyzing version 4.0.96 (36/70)...
2025-11-09 13:25:58,310 - BlankSpaceAnalyzer - INFO - -> Analyzing version 4.1.95 (37/70)...
2025-11-09 13:25:58,310 - BlankSpaceAnalyzer - INFO - -> Analyzing version 4.2.95 (38/70)...
2025-11-09 13:25:58,311 - BlankSpaceAnalyzer - INFO - -> Analyzing version 4.3.95 (39/70)...
2025-11-09 13:25:58,311 - BlankSpaceAnalyzer - INFO - -> Analyzing version 4.4.95 (40/70)...
2025-11-09 13:25:58,311 - BlankSpaceAnalyzer - INFO - -> Analyzing version 4.5.95 (41/70)...
2025-11-09 13:25:58,312 - BlankSpaceAnalyzer - INFO - -> Analyzing version 4.6.95 (42/70)...
2025-11-09 13:25:58,312 - BlankSpaceAnalyzer - INFO - -> Analyzing version 4.7.95 (43/70)...
2025-11-09 13:25:58,313 - BlankSpaceAnalyzer - INFO - -> Analyzing version 4.8.95 (44/70)...
2025-11-09 13:25:58,313 - BlankSpaceAnalyzer - INFO - -> Analyzing version 4.9.95 (45/70)...
2025-11-09 13:25:58,314 - BlankSpaceAnalyzer - INFO - -> Analyzing version 5.0.45 (46/70)...
2025-11-09 13:25:58,314 - BlankSpaceAnalyzer - INFO - -> Analyzing version 5.1.45 (47/70)...
2025-11-09 13:25:58,315 - BlankSpaceAnalyzer - INFO - -> Analyzing version 5.2.45 (48/70)...
2025-11-09 13:25:58,315 - BlankSpaceAnalyzer - INFO - -> Analyzing version 5.3.45 (49/70)...
2025-11-09 13:25:58,315 - BlankSpaceAnalyzer - INFO - -> Analyzing version 5.4.55 (50/70)...
2025-11-09 13:25:58,316 - BlankSpaceAnalyzer - INFO - -> Analyzing version 5.5.55 (51/70)...
2025-11-09 13:25:58,316 - BlankSpaceAnalyzer - INFO - -> Analyzing version 5.6.55 (52/70)...
2025-11-09 13:25:58,317 - BlankSpaceAnalyzer - INFO - -> Analyzing version 5.7.55 (53/70)...
2025-11-09 13:25:58,317 - BlankSpaceAnalyzer - INFO - -> Analyzing version 5.8.55 (54/70)...
2025-11-09 13:25:58,317 - BlankSpaceAnalyzer - INFO - -> Analyzing version 5.9.55 (55/70)...
2025-11-09 13:25:58,318 - BlankSpaceAnalyzer - INFO - -> Analyzing version 6.1.95 (56/70)...
2025-11-09 13:25:58,318 - BlankSpaceAnalyzer - INFO - -> Analyzing version 6.2.95 (57/70)...
2025-11-09 13:25:58,318 - BlankSpaceAnalyzer - INFO - -> Analyzing version 6.3.95 (58/70)...
2025-11-09 13:25:58,319 - BlankSpaceAnalyzer - INFO - -> Analyzing version 6.4.95 (59/70)...
2025-11-09 13:25:58,319 - BlankSpaceAnalyzer - INFO - -> Analyzing version 6.5.95 (60/70)...
2025-11-09 13:25:58,320 - BlankSpaceAnalyzer - INFO - -> Analyzing version 6.6.95 (61/70)...
2025-11-09 13:25:58,320 - BlankSpaceAnalyzer - INFO - -> Analyzing version 6.6.96 (62/70)...
2025-11-09 13:25:58,320 - BlankSpaceAnalyzer - INFO - -> Analyzing version 6.7.96 (63/70)...
2025-11-09 13:25:58,321 - BlankSpaceAnalyzer - INFO - -> Analyzing version 6.8.96 (64/70)...
2025-11-09 13:25:58,321 - BlankSpaceAnalyzer - INFO - -> Analyzing version 6.9.96 (65/70)...
2025-11-09 13:25:58,321 - BlankSpaceAnalyzer - INFO - -> Analyzing version 7.0.96 (66/70)...
2025-11-09 13:25:58,322 - BlankSpaceAnalyzer - INFO - -> Analyzing version 7.1.96 (67/70)...
2025-11-09 13:25:58,322 - BlankSpaceAnalyzer - INFO - -> Analyzing version 7.2.96 (68/70)...
2025-11-09 13:25:58,323 - BlankSpaceAnalyzer - INFO - -> Analyzing version 7.3.67 (69/70)...
2025-11-09 13:25:58,323 - BlankSpaceAnalyzer - INFO - -> Analyzing version 7.4.47 (70/70)...
2025-11-09 13:25:58,324 - BlankSpaceAnalyzer - INFO - Exporting results for '@mdi/font' to CSV...
2025-11-09 13:25:58,375 - BlankSpaceAnalyzer - INFO - Reports saved in: /app/npm_results/@mdi_font
2025-11-09 13:25:58,375 - NPM_Analyzer - INFO - Cleaning temporary folder 'temp/@mdi_font'...
2025-11-09 13:25:58,446 - NPM_Analyzer - INFO - Cleanup completed.
2025-11-10 00:02:45,427 - NPM_Analyzer - INFO - Fetching metadata for '@mdi/font'...
2025-11-10 00:02:45,561 - NPM_Analyzer - INFO - Found 70 versions. Starting download into 'temp/@mdi_font'...
2025-11-10 00:03:52,647 - BlankSpaceAnalyzer - INFO - Analyzing 70 versions for '*.js' in '@mdi_font'.
2025-11-10 00:03:52,647 - BlankSpaceAnalyzer - INFO - -> Analyzing version 1.0.62 (1/70)...
2025-11-10 00:03:52,648 - BlankSpaceAnalyzer - INFO - -> Analyzing version 1.1.34 (2/70)...
2025-11-10 00:03:52,650 - BlankSpaceAnalyzer - INFO - -> Analyzing version 1.1.70 (3/70)...
2025-11-10 00:03:52,651 - BlankSpaceAnalyzer - INFO - -> Analyzing version 1.2.64 (4/70)...
2025-11-10 00:03:52,652 - BlankSpaceAnalyzer - INFO - -> Analyzing version 1.2.65 (5/70)...
2025-11-10 00:03:52,653 - BlankSpaceAnalyzer - INFO - -> Analyzing version 1.3.41 (6/70)...
2025-11-10 00:03:52,654 - BlankSpaceAnalyzer - INFO - -> Analyzing version 1.4.57 (7/70)...
2025-11-10 00:03:52,655 - BlankSpaceAnalyzer - INFO - -> Analyzing version 1.5.54 (8/70)...
2025-11-10 00:03:52,657 - BlankSpaceAnalyzer - INFO - -> Analyzing version 1.6.50 (9/70)...
2025-11-10 00:03:52,658 - BlankSpaceAnalyzer - INFO - -> Analyzing version 1.7.12 (10/70)...
2025-11-10 00:03:52,659 - BlankSpaceAnalyzer - INFO - -> Analyzing version 1.7.22 (11/70)...
2025-11-10 00:03:52,660 - BlankSpaceAnalyzer - INFO - -> Analyzing version 1.8.36 (12/70)...
2025-11-10 00:03:52,661 - BlankSpaceAnalyzer - INFO - -> Analyzing version 1.9.32 (13/70)...
2025-11-10 00:03:52,663 - BlankSpaceAnalyzer - INFO - -> Analyzing version 2.0.46 (14/70)...
2025-11-10 00:03:52,665 - BlankSpaceAnalyzer - INFO - -> Analyzing version 2.1.19 (15/70)...
2025-11-10 00:03:52,667 - BlankSpaceAnalyzer - INFO - -> Analyzing version 2.1.99 (16/70)...
2025-11-10 00:03:52,668 - BlankSpaceAnalyzer - INFO - -> Analyzing version 2.2.43 (17/70)...
2025-11-10 00:03:52,670 - BlankSpaceAnalyzer - INFO - -> Analyzing version 2.3.50 (18/70)...
2025-11-10 00:03:52,671 - BlankSpaceAnalyzer - INFO - -> Analyzing version 2.3.54 (19/70)...
2025-11-10 00:03:52,671 - BlankSpaceAnalyzer - INFO - -> Analyzing version 2.4.85 (20/70)...
2025-11-10 00:03:52,672 - BlankSpaceAnalyzer - INFO - -> Analyzing version 2.5.94 (21/70)...
2025-11-10 00:03:52,673 - BlankSpaceAnalyzer - INFO - -> Analyzing version 2.6.95 (22/70)...
2025-11-10 00:03:52,674 - BlankSpaceAnalyzer - INFO - -> Analyzing version 2.7.94 (23/70)...
2025-11-10 00:03:52,675 - BlankSpaceAnalyzer - INFO - -> Analyzing version 2.8.94 (24/70)...
2025-11-10 00:03:52,676 - BlankSpaceAnalyzer - INFO - -> Analyzing version 3.0.39 (25/70)...
2025-11-10 00:03:52,676 - BlankSpaceAnalyzer - INFO - -> Analyzing version 3.2.89 (26/70)...
2025-11-10 00:03:52,677 - BlankSpaceAnalyzer - INFO - -> Analyzing version 3.3.92 (27/70)...
2025-11-10 00:03:52,677 - BlankSpaceAnalyzer - INFO - -> Analyzing version 3.4.93 (28/70)...
2025-11-10 00:03:52,678 - BlankSpaceAnalyzer - INFO - -> Analyzing version 3.5.94 (29/70)...
2025-11-10 00:03:52,679 - BlankSpaceAnalyzer - INFO - -> Analyzing version 3.5.95 (30/70)...
2025-11-10 00:03:52,679 - BlankSpaceAnalyzer - INFO - -> Analyzing version 3.6.95 (31/70)...
2025-11-10 00:03:52,680 - BlankSpaceAnalyzer - INFO - -> Analyzing version 3.7.95 (32/70)...
2025-11-10 00:03:52,680 - BlankSpaceAnalyzer - INFO - -> Analyzing version 3.8.95 (33/70)...
2025-11-10 00:03:52,681 - BlankSpaceAnalyzer - INFO - -> Analyzing version 3.9.96 (34/70)...
2025-11-10 00:03:52,681 - BlankSpaceAnalyzer - INFO - -> Analyzing version 3.9.97 (35/70)...
2025-11-10 00:03:52,682 - BlankSpaceAnalyzer - INFO - -> Analyzing version 4.0.96 (36/70)...
2025-11-10 00:03:52,682 - BlankSpaceAnalyzer - INFO - -> Analyzing version 4.1.95 (37/70)...
2025-11-10 00:03:52,683 - BlankSpaceAnalyzer - INFO - -> Analyzing version 4.2.95 (38/70)...
2025-11-10 00:03:52,683 - BlankSpaceAnalyzer - INFO - -> Analyzing version 4.3.95 (39/70)...
2025-11-10 00:03:52,684 - BlankSpaceAnalyzer - INFO - -> Analyzing version 4.4.95 (40/70)...
2025-11-10 00:03:52,684 - BlankSpaceAnalyzer - INFO - -> Analyzing version 4.5.95 (41/70)...
2025-11-10 00:03:52,685 - BlankSpaceAnalyzer - INFO - -> Analyzing version 4.6.95 (42/70)...
2025-11-10 00:03:52,685 - BlankSpaceAnalyzer - INFO - -> Analyzing version 4.7.95 (43/70)...
2025-11-10 00:03:52,686 - BlankSpaceAnalyzer - INFO - -> Analyzing version 4.8.95 (44/70)...
2025-11-10 00:03:52,686 - BlankSpaceAnalyzer - INFO - -> Analyzing version 4.9.95 (45/70)...
2025-11-10 00:03:52,686 - BlankSpaceAnalyzer - INFO - -> Analyzing version 5.0.45 (46/70)...
2025-11-10 00:03:52,687 - BlankSpaceAnalyzer - INFO - -> Analyzing version 5.1.45 (47/70)...
2025-11-10 00:03:52,687 - BlankSpaceAnalyzer - INFO - -> Analyzing version 5.2.45 (48/70)...
2025-11-10 00:03:52,688 - BlankSpaceAnalyzer - INFO - -> Analyzing version 5.3.45 (49/70)...
2025-11-10 00:03:52,688 - BlankSpaceAnalyzer - INFO - -> Analyzing version 5.4.55 (50/70)...
2025-11-10 00:03:52,688 - BlankSpaceAnalyzer - INFO - -> Analyzing version 5.5.55 (51/70)...
2025-11-10 00:03:52,689 - BlankSpaceAnalyzer - INFO - -> Analyzing version 5.6.55 (52/70)...
2025-11-10 00:03:52,689 - BlankSpaceAnalyzer - INFO - -> Analyzing version 5.7.55 (53/70)...
2025-11-10 00:03:52,689 - BlankSpaceAnalyzer - INFO - -> Analyzing version 5.8.55 (54/70)...
2025-11-10 00:03:52,690 - BlankSpaceAnalyzer - INFO - -> Analyzing version 5.9.55 (55/70)...
2025-11-10 00:03:52,690 - BlankSpaceAnalyzer - INFO - -> Analyzing version 6.1.95 (56/70)...
2025-11-10 00:03:52,691 - BlankSpaceAnalyzer - INFO - -> Analyzing version 6.2.95 (57/70)...
2025-11-10 00:03:52,691 - BlankSpaceAnalyzer - INFO - -> Analyzing version 6.3.95 (58/70)...
2025-11-10 00:03:52,691 - BlankSpaceAnalyzer - INFO - -> Analyzing version 6.4.95 (59/70)...
2025-11-10 00:03:52,692 - BlankSpaceAnalyzer - INFO - -> Analyzing version 6.5.95 (60/70)...
2025-11-10 00:03:52,692 - BlankSpaceAnalyzer - INFO - -> Analyzing version 6.6.95 (61/70)...
2025-11-10 00:03:52,692 - BlankSpaceAnalyzer - INFO - -> Analyzing version 6.6.96 (62/70)...
2025-11-10 00:03:52,693 - BlankSpaceAnalyzer - INFO - -> Analyzing version 6.7.96 (63/70)...
2025-11-10 00:03:52,693 - BlankSpaceAnalyzer - INFO - -> Analyzing version 6.8.96 (64/70)...
2025-11-10 00:03:52,693 - BlankSpaceAnalyzer - INFO - -> Analyzing version 6.9.96 (65/70)...
2025-11-10 00:03:52,694 - BlankSpaceAnalyzer - INFO - -> Analyzing version 7.0.96 (66/70)...
2025-11-10 00:03:52,694 - BlankSpaceAnalyzer - INFO - -> Analyzing version 7.1.96 (67/70)...
2025-11-10 00:03:52,694 - BlankSpaceAnalyzer - INFO - -> Analyzing version 7.2.96 (68/70)...
2025-11-10 00:03:52,695 - BlankSpaceAnalyzer - INFO - -> Analyzing version 7.3.67 (69/70)...
2025-11-10 00:03:52,695 - BlankSpaceAnalyzer - INFO - -> Analyzing version 7.4.47 (70/70)...
2025-11-10 00:03:52,696 - BlankSpaceAnalyzer - INFO - Exporting results for '@mdi/font' to CSV...
2025-11-10 00:03:52,756 - BlankSpaceAnalyzer - INFO - Reports saved in: /app/npm_results/@mdi_font
2025-11-10 00:03:52,756 - NPM_Analyzer - INFO - Cleaning temporary folder 'temp/@mdi_font'...
2025-11-10 00:03:52,822 - NPM_Analyzer - INFO - Cleanup completed.
2025-11-10 10:15:53,281 - NPM_Analyzer - INFO - Fetching metadata for '@mdi/font'...
2025-11-10 10:15:53,415 - NPM_Analyzer - INFO - Found 70 versions. Starting download into 'temp/@mdi_font'...
2025-11-10 10:16:57,377 - BlankSpaceAnalyzer - INFO - Analyzing 70 versions for '*.js' in '@mdi_font'.
2025-11-10 10:16:57,377 - BlankSpaceAnalyzer - INFO - -> Analyzing version 1.0.62 (1/70)...
2025-11-10 10:16:57,378 - BlankSpaceAnalyzer - INFO - -> Analyzing version 1.1.34 (2/70)...
2025-11-10 10:16:57,380 - BlankSpaceAnalyzer - INFO - -> Analyzing version 1.1.70 (3/70)...
2025-11-10 10:16:57,381 - BlankSpaceAnalyzer - INFO - -> Analyzing version 1.2.64 (4/70)...
2025-11-10 10:16:57,382 - BlankSpaceAnalyzer - INFO - -> Analyzing version 1.2.65 (5/70)...
2025-11-10 10:16:57,383 - BlankSpaceAnalyzer - INFO - -> Analyzing version 1.3.41 (6/70)...
2025-11-10 10:16:57,384 - BlankSpaceAnalyzer - INFO - -> Analyzing version 1.4.57 (7/70)...
2025-11-10 10:16:57,385 - BlankSpaceAnalyzer - INFO - -> Analyzing version 1.5.54 (8/70)...
2025-11-10 10:16:57,387 - BlankSpaceAnalyzer - INFO - -> Analyzing version 1.6.50 (9/70)...
2025-11-10 10:16:57,389 - BlankSpaceAnalyzer - INFO - -> Analyzing version 1.7.12 (10/70)...
2025-11-10 10:16:57,391 - BlankSpaceAnalyzer - INFO - -> Analyzing version 1.7.22 (11/70)...
2025-11-10 10:16:57,392 - BlankSpaceAnalyzer - INFO - -> Analyzing version 1.8.36 (12/70)...
2025-11-10 10:16:57,393 - BlankSpaceAnalyzer - INFO - -> Analyzing version 1.9.32 (13/70)...
2025-11-10 10:16:57,394 - BlankSpaceAnalyzer - INFO - -> Analyzing version 2.0.46 (14/70)...
2025-11-10 10:16:57,395 - BlankSpaceAnalyzer - INFO - -> Analyzing version 2.1.19 (15/70)...
2025-11-10 10:16:57,397 - BlankSpaceAnalyzer - INFO - -> Analyzing version 2.1.99 (16/70)...
2025-11-10 10:16:57,397 - BlankSpaceAnalyzer - INFO - -> Analyzing version 2.2.43 (17/70)...
2025-11-10 10:16:57,398 - BlankSpaceAnalyzer - INFO - -> Analyzing version 2.3.50 (18/70)...
2025-11-10 10:16:57,399 - BlankSpaceAnalyzer - INFO - -> Analyzing version 2.3.54 (19/70)...
2025-11-10 10:16:57,400 - BlankSpaceAnalyzer - INFO - -> Analyzing version 2.4.85 (20/70)...
2025-11-10 10:16:57,401 - BlankSpaceAnalyzer - INFO - -> Analyzing version 2.5.94 (21/70)...
2025-11-10 10:16:57,402 - BlankSpaceAnalyzer - INFO - -> Analyzing version 2.6.95 (22/70)...
2025-11-10 10:16:57,402 - BlankSpaceAnalyzer - INFO - -> Analyzing version 2.7.94 (23/70)...
2025-11-10 10:16:57,403 - BlankSpaceAnalyzer - INFO - -> Analyzing version 2.8.94 (24/70)...
2025-11-10 10:16:57,403 - BlankSpaceAnalyzer - INFO - -> Analyzing version 3.0.39 (25/70)...
2025-11-10 10:16:57,404 - BlankSpaceAnalyzer - INFO - -> Analyzing version 3.2.89 (26/70)...
2025-11-10 10:16:57,405 - BlankSpaceAnalyzer - INFO - -> Analyzing version 3.3.92 (27/70)...
2025-11-10 10:16:57,405 - BlankSpaceAnalyzer - INFO - -> Analyzing version 3.4.93 (28/70)...
2025-11-10 10:16:57,406 - BlankSpaceAnalyzer - INFO - -> Analyzing version 3.5.94 (29/70)...
2025-11-10 10:16:57,406 - BlankSpaceAnalyzer - INFO - -> Analyzing version 3.5.95 (30/70)...
2025-11-10 10:16:57,407 - BlankSpaceAnalyzer - INFO - -> Analyzing version 3.6.95 (31/70)...
2025-11-10 10:16:57,407 - BlankSpaceAnalyzer - INFO - -> Analyzing version 3.7.95 (32/70)...
2025-11-10 10:16:57,408 - BlankSpaceAnalyzer - INFO - -> Analyzing version 3.8.95 (33/70)...
2025-11-10 10:16:57,408 - BlankSpaceAnalyzer - INFO - -> Analyzing version 3.9.96 (34/70)...
2025-11-10 10:16:57,409 - BlankSpaceAnalyzer - INFO - -> Analyzing version 3.9.97 (35/70)...
2025-11-10 10:16:57,409 - BlankSpaceAnalyzer - INFO - -> Analyzing version 4.0.96 (36/70)...
2025-11-10 10:16:57,410 - BlankSpaceAnalyzer - INFO - -> Analyzing version 4.1.95 (37/70)...
2025-11-10 10:16:57,410 - BlankSpaceAnalyzer - INFO - -> Analyzing version 4.2.95 (38/70)...
2025-11-10 10:16:57,411 - BlankSpaceAnalyzer - INFO - -> Analyzing version 4.3.95 (39/70)...
2025-11-10 10:16:57,411 - BlankSpaceAnalyzer - INFO - -> Analyzing version 4.4.95 (40/70)...
2025-11-10 10:16:57,412 - BlankSpaceAnalyzer - INFO - -> Analyzing version 4.5.95 (41/70)...
2025-11-10 10:16:57,412 - BlankSpaceAnalyzer - INFO - -> Analyzing version 4.6.95 (42/70)...
2025-11-10 10:16:57,413 - BlankSpaceAnalyzer - INFO - -> Analyzing version 4.7.95 (43/70)...
2025-11-10 10:16:57,413 - BlankSpaceAnalyzer - INFO - -> Analyzing version 4.8.95 (44/70)...
2025-11-10 10:16:57,413 - BlankSpaceAnalyzer - INFO - -> Analyzing version 4.9.95 (45/70)...
2025-11-10 10:16:57,414 - BlankSpaceAnalyzer - INFO - -> Analyzing version 5.0.45 (46/70)...
2025-11-10 10:16:57,414 - BlankSpaceAnalyzer - INFO - -> Analyzing version 5.1.45 (47/70)...
2025-11-10 10:16:57,414 - BlankSpaceAnalyzer - INFO - -> Analyzing version 5.2.45 (48/70)...
2025-11-10 10:16:57,415 - BlankSpaceAnalyzer - INFO - -> Analyzing version 5.3.45 (49/70)...
2025-11-10 10:16:57,415 - BlankSpaceAnalyzer - INFO - -> Analyzing version 5.4.55 (50/70)...
2025-11-10 10:16:57,416 - BlankSpaceAnalyzer - INFO - -> Analyzing version 5.5.55 (51/70)...
2025-11-10 10:16:57,416 - BlankSpaceAnalyzer - INFO - -> Analyzing version 5.6.55 (52/70)...
2025-11-10 10:16:57,416 - BlankSpaceAnalyzer - INFO - -> Analyzing version 5.7.55 (53/70)...
2025-11-10 10:16:57,417 - BlankSpaceAnalyzer - INFO - -> Analyzing version 5.8.55 (54/70)...
2025-11-10 10:16:57,417 - BlankSpaceAnalyzer - INFO - -> Analyzing version 5.9.55 (55/70)...
2025-11-10 10:16:57,417 - BlankSpaceAnalyzer - INFO - -> Analyzing version 6.1.95 (56/70)...
2025-11-10 10:16:57,418 - BlankSpaceAnalyzer - INFO - -> Analyzing version 6.2.95 (57/70)...
2025-11-10 10:16:57,418 - BlankSpaceAnalyzer - INFO - -> Analyzing version 6.3.95 (58/70)...
2025-11-10 10:16:57,418 - BlankSpaceAnalyzer - INFO - -> Analyzing version 6.4.95 (59/70)...
2025-11-10 10:16:57,419 - BlankSpaceAnalyzer - INFO - -> Analyzing version 6.5.95 (60/70)...
2025-11-10 10:16:57,419 - BlankSpaceAnalyzer - INFO - -> Analyzing version 6.6.95 (61/70)...
2025-11-10 10:16:57,419 - BlankSpaceAnalyzer - INFO - -> Analyzing version 6.6.96 (62/70)...
2025-11-10 10:16:57,420 - BlankSpaceAnalyzer - INFO - -> Analyzing version 6.7.96 (63/70)...
2025-11-10 10:16:57,420 - BlankSpaceAnalyzer - INFO - -> Analyzing version 6.8.96 (64/70)...
2025-11-10 10:16:57,421 - BlankSpaceAnalyzer - INFO - -> Analyzing version 6.9.96 (65/70)...
2025-11-10 10:16:57,422 - BlankSpaceAnalyzer - INFO - -> Analyzing version 7.0.96 (66/70)...
2025-11-10 10:16:57,422 - BlankSpaceAnalyzer - INFO - -> Analyzing version 7.1.96 (67/70)...
2025-11-10 10:16:57,423 - BlankSpaceAnalyzer - INFO - -> Analyzing version 7.2.96 (68/70)...
2025-11-10 10:16:57,424 - BlankSpaceAnalyzer - INFO - -> Analyzing version 7.3.67 (69/70)...
2025-11-10 10:16:57,424 - BlankSpaceAnalyzer - INFO - -> Analyzing version 7.4.47 (70/70)...
2025-11-10 10:16:57,425 - BlankSpaceAnalyzer - INFO - Exporting results for '@mdi/font' to CSV...
2025-11-10 10:16:57,483 - BlankSpaceAnalyzer - INFO - Reports saved in: /app/npm_results/@mdi_font
2025-11-10 10:16:57,483 - NPM_Analyzer - INFO - Cleaning temporary folder 'temp/@mdi_font'...
2025-11-10 10:16:57,554 - NPM_Analyzer - INFO - Cleanup completed.
2025-11-10 20:39:00,249 - NPM_Analyzer - INFO - Fetching metadata for '@mdi/font'...
2025-11-10 20:39:00,364 - NPM_Analyzer - INFO - Found 70 versions. Starting download into 'temp/@mdi_font'...
2025-11-10 20:40:15,274 - BlankSpaceAnalyzer - INFO - Analyzing 70 versions for '*.js' in '@mdi_font'.
2025-11-10 20:40:15,274 - BlankSpaceAnalyzer - INFO - -> Analyzing version 1.0.62 (1/70)...
2025-11-10 20:40:15,275 - BlankSpaceAnalyzer - INFO - -> Analyzing version 1.1.34 (2/70)...
2025-11-10 20:40:15,277 - BlankSpaceAnalyzer - INFO - -> Analyzing version 1.1.70 (3/70)...
2025-11-10 20:40:15,278 - BlankSpaceAnalyzer - INFO - -> Analyzing version 1.2.64 (4/70)...
2025-11-10 20:40:15,279 - BlankSpaceAnalyzer - INFO - -> Analyzing version 1.2.65 (5/70)...
2025-11-10 20:40:15,280 - BlankSpaceAnalyzer - INFO - -> Analyzing version 1.3.41 (6/70)...
2025-11-10 20:40:15,281 - BlankSpaceAnalyzer - INFO - -> Analyzing version 1.4.57 (7/70)...
2025-11-10 20:40:15,283 - BlankSpaceAnalyzer - INFO - -> Analyzing version 1.5.54 (8/70)...
2025-11-10 20:40:15,284 - BlankSpaceAnalyzer - INFO - -> Analyzing version 1.6.50 (9/70)...
2025-11-10 20:40:15,285 - BlankSpaceAnalyzer - INFO - -> Analyzing version 1.7.12 (10/70)...
2025-11-10 20:40:15,286 - BlankSpaceAnalyzer - INFO - -> Analyzing version 1.7.22 (11/70)...
2025-11-10 20:40:15,288 - BlankSpaceAnalyzer - INFO - -> Analyzing version 1.8.36 (12/70)...
2025-11-10 20:40:15,289 - BlankSpaceAnalyzer - INFO - -> Analyzing version 1.9.32 (13/70)...
2025-11-10 20:40:15,290 - BlankSpaceAnalyzer - INFO - -> Analyzing version 2.0.46 (14/70)...
2025-11-10 20:40:15,291 - BlankSpaceAnalyzer - INFO - -> Analyzing version 2.1.19 (15/70)...
2025-11-10 20:40:15,292 - BlankSpaceAnalyzer - INFO - -> Analyzing version 2.1.99 (16/70)...
2025-11-10 20:40:15,294 - BlankSpaceAnalyzer - INFO - -> Analyzing version 2.2.43 (17/70)...
2025-11-10 20:40:15,295 - BlankSpaceAnalyzer - INFO - -> Analyzing version 2.3.50 (18/70)...
2025-11-10 20:40:15,296 - BlankSpaceAnalyzer - INFO - -> Analyzing version 2.3.54 (19/70)...
2025-11-10 20:40:15,297 - BlankSpaceAnalyzer - INFO - -> Analyzing version 2.4.85 (20/70)...
2025-11-10 20:40:15,298 - BlankSpaceAnalyzer - INFO - -> Analyzing version 2.5.94 (21/70)...
2025-11-10 20:40:15,298 - BlankSpaceAnalyzer - INFO - -> Analyzing version 2.6.95 (22/70)...
2025-11-10 20:40:15,299 - BlankSpaceAnalyzer - INFO - -> Analyzing version 2.7.94 (23/70)...
2025-11-10 20:40:15,300 - BlankSpaceAnalyzer - INFO - -> Analyzing version 2.8.94 (24/70)...
2025-11-10 20:40:15,301 - BlankSpaceAnalyzer - INFO - -> Analyzing version 3.0.39 (25/70)...
2025-11-10 20:40:15,302 - BlankSpaceAnalyzer - INFO - -> Analyzing version 3.2.89 (26/70)...
2025-11-10 20:40:15,303 - BlankSpaceAnalyzer - INFO - -> Analyzing version 3.3.92 (27/70)...
2025-11-10 20:40:15,304 - BlankSpaceAnalyzer - INFO - -> Analyzing version 3.4.93 (28/70)...
2025-11-10 20:40:15,305 - BlankSpaceAnalyzer - INFO - -> Analyzing version 3.5.94 (29/70)...
2025-11-10 20:40:15,306 - BlankSpaceAnalyzer - INFO - -> Analyzing version 3.5.95 (30/70)...
2025-11-10 20:40:15,307 - BlankSpaceAnalyzer - INFO - -> Analyzing version 3.6.95 (31/70)...
2025-11-10 20:40:15,307 - BlankSpaceAnalyzer - INFO - -> Analyzing version 3.7.95 (32/70)...
2025-11-10 20:40:15,308 - BlankSpaceAnalyzer - INFO - -> Analyzing version 3.8.95 (33/70)...
2025-11-10 20:40:15,309 - BlankSpaceAnalyzer - INFO - -> Analyzing version 3.9.96 (34/70)...
2025-11-10 20:40:15,309 - BlankSpaceAnalyzer - INFO - -> Analyzing version 3.9.97 (35/70)...
2025-11-10 20:40:15,310 - BlankSpaceAnalyzer - INFO - -> Analyzing version 4.0.96 (36/70)...
2025-11-10 20:40:15,310 - BlankSpaceAnalyzer - INFO - -> Analyzing version 4.1.95 (37/70)...
2025-11-10 20:40:15,311 - BlankSpaceAnalyzer - INFO - -> Analyzing version 4.2.95 (38/70)...
2025-11-10 20:40:15,311 - BlankSpaceAnalyzer - INFO - -> Analyzing version 4.3.95 (39/70)...
2025-11-10 20:40:15,312 - BlankSpaceAnalyzer - INFO - -> Analyzing version 4.4.95 (40/70)...
2025-11-10 20:40:15,312 - BlankSpaceAnalyzer - INFO - -> Analyzing version 4.5.95 (41/70)...
2025-11-10 20:40:15,313 - BlankSpaceAnalyzer - INFO - -> Analyzing version 4.6.95 (42/70)...
2025-11-10 20:40:15,313 - BlankSpaceAnalyzer - INFO - -> Analyzing version 4.7.95 (43/70)...
2025-11-10 20:40:15,313 - BlankSpaceAnalyzer - INFO - -> Analyzing version 4.8.95 (44/70)...
2025-11-10 20:40:15,314 - BlankSpaceAnalyzer - INFO - -> Analyzing version 4.9.95 (45/70)...
2025-11-10 20:40:15,314 - BlankSpaceAnalyzer - INFO - -> Analyzing version 5.0.45 (46/70)...
2025-11-10 20:40:15,315 - BlankSpaceAnalyzer - INFO - -> Analyzing version 5.1.45 (47/70)...
2025-11-10 20:40:15,315 - BlankSpaceAnalyzer - INFO - -> Analyzing version 5.2.45 (48/70)...
2025-11-10 20:40:15,315 - BlankSpaceAnalyzer - INFO - -> Analyzing version 5.3.45 (49/70)...
2025-11-10 20:40:15,316 - BlankSpaceAnalyzer - INFO - -> Analyzing version 5.4.55 (50/70)...
2025-11-10 20:40:15,316 - BlankSpaceAnalyzer - INFO - -> Analyzing version 5.5.55 (51/70)...
2025-11-10 20:40:15,317 - BlankSpaceAnalyzer - INFO - -> Analyzing version 5.6.55 (52/70)...
2025-11-10 20:40:15,317 - BlankSpaceAnalyzer - INFO - -> Analyzing version 5.7.55 (53/70)...
2025-11-10 20:40:15,318 - BlankSpaceAnalyzer - INFO - -> Analyzing version 5.8.55 (54/70)...
2025-11-10 20:40:15,318 - BlankSpaceAnalyzer - INFO - -> Analyzing version 5.9.55 (55/70)...
2025-11-10 20:40:15,318 - BlankSpaceAnalyzer - INFO - -> Analyzing version 6.1.95 (56/70)...
2025-11-10 20:40:15,319 - BlankSpaceAnalyzer - INFO - -> Analyzing version 6.2.95 (57/70)...
2025-11-10 20:40:15,319 - BlankSpaceAnalyzer - INFO - -> Analyzing version 6.3.95 (58/70)...
2025-11-10 20:40:15,319 - BlankSpaceAnalyzer - INFO - -> Analyzing version 6.4.95 (59/70)...
2025-11-10 20:40:15,320 - BlankSpaceAnalyzer - INFO - -> Analyzing version 6.5.95 (60/70)...
2025-11-10 20:40:15,320 - BlankSpaceAnalyzer - INFO - -> Analyzing version 6.6.95 (61/70)...
2025-11-10 20:40:15,320 - BlankSpaceAnalyzer - INFO - -> Analyzing version 6.6.96 (62/70)...
2025-11-10 20:40:15,321 - BlankSpaceAnalyzer - INFO - -> Analyzing version 6.7.96 (63/70)...
2025-11-10 20:40:15,321 - BlankSpaceAnalyzer - INFO - -> Analyzing version 6.8.96 (64/70)...
2025-11-10 20:40:15,322 - BlankSpaceAnalyzer - INFO - -> Analyzing version 6.9.96 (65/70)...
2025-11-10 20:40:15,322 - BlankSpaceAnalyzer - INFO - -> Analyzing version 7.0.96 (66/70)...
2025-11-10 20:40:15,322 - BlankSpaceAnalyzer - INFO - -> Analyzing version 7.1.96 (67/70)...
2025-11-10 20:40:15,323 - BlankSpaceAnalyzer - INFO - -> Analyzing version 7.2.96 (68/70)...
2025-11-10 20:40:15,323 - BlankSpaceAnalyzer - INFO - -> Analyzing version 7.3.67 (69/70)...
2025-11-10 20:40:15,324 - BlankSpaceAnalyzer - INFO - -> Analyzing version 7.4.47 (70/70)...
2025-11-10 20:40:15,324 - BlankSpaceAnalyzer - INFO - Exporting results for '@mdi/font' to CSV...
2025-11-10 20:40:15,385 - BlankSpaceAnalyzer - INFO - Reports saved in: /app/npm_results/@mdi_font
2025-11-10 20:40:15,386 - NPM_Analyzer - INFO - Cleaning temporary folder 'temp/@mdi_font'...
2025-11-10 20:40:15,450 - NPM_Analyzer - INFO - Cleanup completed.
2025-11-11 07:03:16,555 - NPM_Analyzer - INFO - Fetching metadata for '@mdi/font'...
2025-11-11 07:03:16,745 - NPM_Analyzer - INFO - Found 70 versions. Starting download into 'temp/@mdi_font'...
2025-11-11 07:04:18,082 - BlankSpaceAnalyzer - INFO - Analyzing 70 versions for '*.js' in '@mdi_font'.
2025-11-11 07:04:18,082 - BlankSpaceAnalyzer - INFO - -> Analyzing version 1.0.62 (1/70)...
2025-11-11 07:04:18,082 - BlankSpaceAnalyzer - INFO - -> Analyzing version 1.1.34 (2/70)...
2025-11-11 07:04:18,083 - BlankSpaceAnalyzer - INFO - -> Analyzing version 1.1.70 (3/70)...
2025-11-11 07:04:18,083 - BlankSpaceAnalyzer - INFO - -> Analyzing version 1.2.64 (4/70)...
2025-11-11 07:04:18,083 - BlankSpaceAnalyzer - INFO - -> Analyzing version 1.2.65 (5/70)...
2025-11-11 07:04:18,084 - BlankSpaceAnalyzer - INFO - -> Analyzing version 1.3.41 (6/70)...
2025-11-11 07:04:18,084 - BlankSpaceAnalyzer - INFO - -> Analyzing version 1.4.57 (7/70)...
2025-11-11 07:04:18,084 - BlankSpaceAnalyzer - INFO - -> Analyzing version 1.5.54 (8/70)...
2025-11-11 07:04:18,084 - BlankSpaceAnalyzer - INFO - -> Analyzing version 1.6.50 (9/70)...
2025-11-11 07:04:18,085 - BlankSpaceAnalyzer - INFO - -> Analyzing version 1.7.12 (10/70)...
2025-11-11 07:04:18,085 - BlankSpaceAnalyzer - INFO - -> Analyzing version 1.7.22 (11/70)...
2025-11-11 07:04:18,085 - BlankSpaceAnalyzer - INFO - -> Analyzing version 1.8.36 (12/70)...
2025-11-11 07:04:18,086 - BlankSpaceAnalyzer - INFO - -> Analyzing version 1.9.32 (13/70)...
2025-11-11 07:04:18,086 - BlankSpaceAnalyzer - INFO - -> Analyzing version 2.0.46 (14/70)...
2025-11-11 07:04:18,086 - BlankSpaceAnalyzer - INFO - -> Analyzing version 2.1.19 (15/70)...
2025-11-11 07:04:18,087 - BlankSpaceAnalyzer - INFO - -> Analyzing version 2.1.99 (16/70)...
2025-11-11 07:04:18,087 - BlankSpaceAnalyzer - INFO - -> Analyzing version 2.2.43 (17/70)...
2025-11-11 07:04:18,087 - BlankSpaceAnalyzer - INFO - -> Analyzing version 2.3.50 (18/70)...
2025-11-11 07:04:18,088 - BlankSpaceAnalyzer - INFO - -> Analyzing version 2.3.54 (19/70)...
2025-11-11 07:04:18,088 - BlankSpaceAnalyzer - INFO - -> Analyzing version 2.4.85 (20/70)...
2025-11-11 07:04:18,088 - BlankSpaceAnalyzer - INFO - -> Analyzing version 2.5.94 (21/70)...
2025-11-11 07:04:18,088 - BlankSpaceAnalyzer - INFO - -> Analyzing version 2.6.95 (22/70)...
2025-11-11 07:04:18,089 - BlankSpaceAnalyzer - INFO - -> Analyzing version 2.7.94 (23/70)...
2025-11-11 07:04:18,089 - BlankSpaceAnalyzer - INFO - -> Analyzing version 2.8.94 (24/70)...
2025-11-11 07:04:18,089 - BlankSpaceAnalyzer - INFO - -> Analyzing version 3.0.39 (25/70)...
2025-11-11 07:04:18,089 - BlankSpaceAnalyzer - INFO - -> Analyzing version 3.2.89 (26/70)...
2025-11-11 07:04:18,090 - BlankSpaceAnalyzer - INFO - -> Analyzing version 3.3.92 (27/70)...
2025-11-11 07:04:18,090 - BlankSpaceAnalyzer - INFO - -> Analyzing version 3.4.93 (28/70)...
2025-11-11 07:04:18,090 - BlankSpaceAnalyzer - INFO - -> Analyzing version 3.5.94 (29/70)...
2025-11-11 07:04:18,090 - BlankSpaceAnalyzer - INFO - -> Analyzing version 3.5.95 (30/70)...
2025-11-11 07:04:18,091 - BlankSpaceAnalyzer - INFO - -> Analyzing version 3.6.95 (31/70)...
2025-11-11 07:04:18,091 - BlankSpaceAnalyzer - INFO - -> Analyzing version 3.7.95 (32/70)...
2025-11-11 07:04:18,091 - BlankSpaceAnalyzer - INFO - -> Analyzing version 3.8.95 (33/70)...
2025-11-11 07:04:18,092 - BlankSpaceAnalyzer - INFO - -> Analyzing version 3.9.96 (34/70)...
2025-11-11 07:04:18,092 - BlankSpaceAnalyzer - INFO - -> Analyzing version 3.9.97 (35/70)...
2025-11-11 07:04:18,092 - BlankSpaceAnalyzer - INFO - -> Analyzing version 4.0.96 (36/70)...
2025-11-11 07:04:18,092 - BlankSpaceAnalyzer - INFO - -> Analyzing version 4.1.95 (37/70)...
2025-11-11 07:04:18,093 - BlankSpaceAnalyzer - INFO - -> Analyzing version 4.2.95 (38/70)...
2025-11-11 07:04:18,093 - BlankSpaceAnalyzer - INFO - -> Analyzing version 4.3.95 (39/70)...
2025-11-11 07:04:18,093 - BlankSpaceAnalyzer - INFO - -> Analyzing version 4.4.95 (40/70)...
2025-11-11 07:04:18,093 - BlankSpaceAnalyzer - INFO - -> Analyzing version 4.5.95 (41/70)...
2025-11-11 07:04:18,094 - BlankSpaceAnalyzer - INFO - -> Analyzing version 4.6.95 (42/70)...
2025-11-11 07:04:18,094 - BlankSpaceAnalyzer - INFO - -> Analyzing version 4.7.95 (43/70)...
2025-11-11 07:04:18,094 - BlankSpaceAnalyzer - INFO - -> Analyzing version 4.8.95 (44/70)...
2025-11-11 07:04:18,094 - BlankSpaceAnalyzer - INFO - -> Analyzing version 4.9.95 (45/70)...
2025-11-11 07:04:18,095 - BlankSpaceAnalyzer - INFO - -> Analyzing version 5.0.45 (46/70)...
2025-11-11 07:04:18,095 - BlankSpaceAnalyzer - INFO - -> Analyzing version 5.1.45 (47/70)...
2025-11-11 07:04:18,095 - BlankSpaceAnalyzer - INFO - -> Analyzing version 5.2.45 (48/70)...
2025-11-11 07:04:18,096 - BlankSpaceAnalyzer - INFO - -> Analyzing version 5.3.45 (49/70)...
2025-11-11 07:04:18,096 - BlankSpaceAnalyzer - INFO - -> Analyzing version 5.4.55 (50/70)...
2025-11-11 07:04:18,096 - BlankSpaceAnalyzer - INFO - -> Analyzing version 5.5.55 (51/70)...
2025-11-11 07:04:18,096 - BlankSpaceAnalyzer - INFO - -> Analyzing version 5.6.55 (52/70)...
2025-11-11 07:04:18,097 - BlankSpaceAnalyzer - INFO - -> Analyzing version 5.7.55 (53/70)...
2025-11-11 07:04:18,097 - BlankSpaceAnalyzer - INFO - -> Analyzing version 5.8.55 (54/70)...
2025-11-11 07:04:18,097 - BlankSpaceAnalyzer - INFO - -> Analyzing version 5.9.55 (55/70)...
2025-11-11 07:04:18,097 - BlankSpaceAnalyzer - INFO - -> Analyzing version 6.1.95 (56/70)...
2025-11-11 07:04:18,098 - BlankSpaceAnalyzer - INFO - -> Analyzing version 6.2.95 (57/70)...
2025-11-11 07:04:18,098 - BlankSpaceAnalyzer - INFO - -> Analyzing version 6.3.95 (58/70)...
2025-11-11 07:04:18,098 - BlankSpaceAnalyzer - INFO - -> Analyzing version 6.4.95 (59/70)...
2025-11-11 07:04:18,099 - BlankSpaceAnalyzer - INFO - -> Analyzing version 6.5.95 (60/70)...
2025-11-11 07:04:18,099 - BlankSpaceAnalyzer - INFO - -> Analyzing version 6.6.95 (61/70)...
2025-11-11 07:04:18,099 - BlankSpaceAnalyzer - INFO - -> Analyzing version 6.6.96 (62/70)...
2025-11-11 07:04:18,099 - BlankSpaceAnalyzer - INFO - -> Analyzing version 6.7.96 (63/70)...
2025-11-11 07:04:18,100 - BlankSpaceAnalyzer - INFO - -> Analyzing version 6.8.96 (64/70)...
2025-11-11 07:04:18,100 - BlankSpaceAnalyzer - INFO - -> Analyzing version 6.9.96 (65/70)...
2025-11-11 07:04:18,101 - BlankSpaceAnalyzer - INFO - -> Analyzing version 7.0.96 (66/70)...
2025-11-11 07:04:18,101 - BlankSpaceAnalyzer - INFO - -> Analyzing version 7.1.96 (67/70)...
2025-11-11 07:04:18,101 - BlankSpaceAnalyzer - INFO - -> Analyzing version 7.2.96 (68/70)...
2025-11-11 07:04:18,102 - BlankSpaceAnalyzer - INFO - -> Analyzing version 7.3.67 (69/70)...
2025-11-11 07:04:18,102 - BlankSpaceAnalyzer - INFO - -> Analyzing version 7.4.47 (70/70)...
2025-11-11 07:04:18,103 - BlankSpaceAnalyzer - INFO - Exporting results for '@mdi/font' to CSV...
2025-11-11 07:04:18,163 - BlankSpaceAnalyzer - INFO - Reports saved in: /app/npm_results/@mdi_font
2025-11-11 07:04:18,164 - NPM_Analyzer - INFO - Cleaning temporary folder 'temp/@mdi_font'...
2025-11-11 07:04:18,234 - NPM_Analyzer - INFO - Cleanup completed.
2025-11-11 17:28:08,101 - NPM_Analyzer - INFO - Fetching metadata for '@mdi/font'...
2025-11-11 17:28:08,338 - NPM_Analyzer - INFO - Found 70 versions. Starting download into 'temp/@mdi_font'...
2025-11-11 17:29:15,760 - BlankSpaceAnalyzer - INFO - Analyzing 70 versions for '*.js' in '@mdi_font'.
2025-11-11 17:29:15,761 - BlankSpaceAnalyzer - INFO - -> Analyzing version 1.0.62 (1/70)...
2025-11-11 17:29:15,762 - BlankSpaceAnalyzer - INFO - -> Analyzing version 1.1.34 (2/70)...
2025-11-11 17:29:15,763 - BlankSpaceAnalyzer - INFO - -> Analyzing version 1.1.70 (3/70)...
2025-11-11 17:29:15,765 - BlankSpaceAnalyzer - INFO - -> Analyzing version 1.2.64 (4/70)...
2025-11-11 17:29:15,766 - BlankSpaceAnalyzer - INFO - -> Analyzing version 1.2.65 (5/70)...
2025-11-11 17:29:15,767 - BlankSpaceAnalyzer - INFO - -> Analyzing version 1.3.41 (6/70)...
2025-11-11 17:29:15,768 - BlankSpaceAnalyzer - INFO - -> Analyzing version 1.4.57 (7/70)...
2025-11-11 17:29:15,770 - BlankSpaceAnalyzer - INFO - -> Analyzing version 1.5.54 (8/70)...
2025-11-11 17:29:15,771 - BlankSpaceAnalyzer - INFO - -> Analyzing version 1.6.50 (9/70)...
2025-11-11 17:29:15,772 - BlankSpaceAnalyzer - INFO - -> Analyzing version 1.7.12 (10/70)...
2025-11-11 17:29:15,773 - BlankSpaceAnalyzer - INFO - -> Analyzing version 1.7.22 (11/70)...
2025-11-11 17:29:15,774 - BlankSpaceAnalyzer - INFO - -> Analyzing version 1.8.36 (12/70)...
2025-11-11 17:29:15,776 - BlankSpaceAnalyzer - INFO - -> Analyzing version 1.9.32 (13/70)...
2025-11-11 17:29:15,777 - BlankSpaceAnalyzer - INFO - -> Analyzing version 2.0.46 (14/70)...
2025-11-11 17:29:15,778 - BlankSpaceAnalyzer - INFO - -> Analyzing version 2.1.19 (15/70)...
2025-11-11 17:29:15,779 - BlankSpaceAnalyzer - INFO - -> Analyzing version 2.1.99 (16/70)...
2025-11-11 17:29:15,780 - BlankSpaceAnalyzer - INFO - -> Analyzing version 2.2.43 (17/70)...
2025-11-11 17:29:15,782 - BlankSpaceAnalyzer - INFO - -> Analyzing version 2.3.50 (18/70)...
2025-11-11 17:29:15,783 - BlankSpaceAnalyzer - INFO - -> Analyzing version 2.3.54 (19/70)...
2025-11-11 17:29:15,784 - BlankSpaceAnalyzer - INFO - -> Analyzing version 2.4.85 (20/70)...
2025-11-11 17:29:15,784 - BlankSpaceAnalyzer - INFO - -> Analyzing version 2.5.94 (21/70)...
2025-11-11 17:29:15,785 - BlankSpaceAnalyzer - INFO - -> Analyzing version 2.6.95 (22/70)...
2025-11-11 17:29:15,786 - BlankSpaceAnalyzer - INFO - -> Analyzing version 2.7.94 (23/70)...
2025-11-11 17:29:15,787 - BlankSpaceAnalyzer - INFO - -> Analyzing version 2.8.94 (24/70)...
2025-11-11 17:29:15,788 - BlankSpaceAnalyzer - INFO - -> Analyzing version 3.0.39 (25/70)...
2025-11-11 17:29:15,788 - BlankSpaceAnalyzer - INFO - -> Analyzing version 3.2.89 (26/70)...
2025-11-11 17:29:15,789 - BlankSpaceAnalyzer - INFO - -> Analyzing version 3.3.92 (27/70)...
2025-11-11 17:29:15,790 - BlankSpaceAnalyzer - INFO - -> Analyzing version 3.4.93 (28/70)...
2025-11-11 17:29:15,791 - BlankSpaceAnalyzer - INFO - -> Analyzing version 3.5.94 (29/70)...
2025-11-11 17:29:15,792 - BlankSpaceAnalyzer - INFO - -> Analyzing version 3.5.95 (30/70)...
2025-11-11 17:29:15,793 - BlankSpaceAnalyzer - INFO - -> Analyzing version 3.6.95 (31/70)...
2025-11-11 17:29:15,794 - BlankSpaceAnalyzer - INFO - -> Analyzing version 3.7.95 (32/70)...
2025-11-11 17:29:15,794 - BlankSpaceAnalyzer - INFO - -> Analyzing version 3.8.95 (33/70)...
2025-11-11 17:29:15,795 - BlankSpaceAnalyzer - INFO - -> Analyzing version 3.9.96 (34/70)...
2025-11-11 17:29:15,796 - BlankSpaceAnalyzer - INFO - -> Analyzing version 3.9.97 (35/70)...
2025-11-11 17:29:15,796 - BlankSpaceAnalyzer - INFO - -> Analyzing version 4.0.96 (36/70)...
2025-11-11 17:29:15,797 - BlankSpaceAnalyzer - INFO - -> Analyzing version 4.1.95 (37/70)...
2025-11-11 17:29:15,797 - BlankSpaceAnalyzer - INFO - -> Analyzing version 4.2.95 (38/70)...
2025-11-11 17:29:15,798 - BlankSpaceAnalyzer - INFO - -> Analyzing version 4.3.95 (39/70)...
2025-11-11 17:29:15,798 - BlankSpaceAnalyzer - INFO - -> Analyzing version 4.4.95 (40/70)...
2025-11-11 17:29:15,799 - BlankSpaceAnalyzer - INFO - -> Analyzing version 4.5.95 (41/70)...
2025-11-11 17:29:15,799 - BlankSpaceAnalyzer - INFO - -> Analyzing version 4.6.95 (42/70)...
2025-11-11 17:29:15,800 - BlankSpaceAnalyzer - INFO - -> Analyzing version 4.7.95 (43/70)...
2025-11-11 17:29:15,800 - BlankSpaceAnalyzer - INFO - -> Analyzing version 4.8.95 (44/70)...
2025-11-11 17:29:15,801 - BlankSpaceAnalyzer - INFO - -> Analyzing version 4.9.95 (45/70)...
2025-11-11 17:29:15,801 - BlankSpaceAnalyzer - INFO - -> Analyzing version 5.0.45 (46/70)...
2025-11-11 17:29:15,801 - BlankSpaceAnalyzer - INFO - -> Analyzing version 5.1.45 (47/70)...
2025-11-11 17:29:15,802 - BlankSpaceAnalyzer - INFO - -> Analyzing version 5.2.45 (48/70)...
2025-11-11 17:29:15,802 - BlankSpaceAnalyzer - INFO - -> Analyzing version 5.3.45 (49/70)...
2025-11-11 17:29:15,803 - BlankSpaceAnalyzer - INFO - -> Analyzing version 5.4.55 (50/70)...
2025-11-11 17:29:15,803 - BlankSpaceAnalyzer - INFO - -> Analyzing version 5.5.55 (51/70)...
2025-11-11 17:29:15,803 - BlankSpaceAnalyzer - INFO - -> Analyzing version 5.6.55 (52/70)...
2025-11-11 17:29:15,804 - BlankSpaceAnalyzer - INFO - -> Analyzing version 5.7.55 (53/70)...
2025-11-11 17:29:15,804 - BlankSpaceAnalyzer - INFO - -> Analyzing version 5.8.55 (54/70)...
2025-11-11 17:29:15,804 - BlankSpaceAnalyzer - INFO - -> Analyzing version 5.9.55 (55/70)...
2025-11-11 17:29:15,805 - BlankSpaceAnalyzer - INFO - -> Analyzing version 6.1.95 (56/70)...
2025-11-11 17:29:15,805 - BlankSpaceAnalyzer - INFO - -> Analyzing version 6.2.95 (57/70)...
2025-11-11 17:29:15,806 - BlankSpaceAnalyzer - INFO - -> Analyzing version 6.3.95 (58/70)...
2025-11-11 17:29:15,806 - BlankSpaceAnalyzer - INFO - -> Analyzing version 6.4.95 (59/70)...
2025-11-11 17:29:15,807 - BlankSpaceAnalyzer - INFO - -> Analyzing version 6.5.95 (60/70)...
2025-11-11 17:29:15,807 - BlankSpaceAnalyzer - INFO - -> Analyzing version 6.6.95 (61/70)...
2025-11-11 17:29:15,807 - BlankSpaceAnalyzer - INFO - -> Analyzing version 6.6.96 (62/70)...
2025-11-11 17:29:15,808 - BlankSpaceAnalyzer - INFO - -> Analyzing version 6.7.96 (63/70)...
2025-11-11 17:29:15,808 - BlankSpaceAnalyzer - INFO - -> Analyzing version 6.8.96 (64/70)...
2025-11-11 17:29:15,808 - BlankSpaceAnalyzer - INFO - -> Analyzing version 6.9.96 (65/70)...
2025-11-11 17:29:15,809 - BlankSpaceAnalyzer - INFO - -> Analyzing version 7.0.96 (66/70)...
2025-11-11 17:29:15,809 - BlankSpaceAnalyzer - INFO - -> Analyzing version 7.1.96 (67/70)...
2025-11-11 17:29:15,810 - BlankSpaceAnalyzer - INFO - -> Analyzing version 7.2.96 (68/70)...
2025-11-11 17:29:15,810 - BlankSpaceAnalyzer - INFO - -> Analyzing version 7.3.67 (69/70)...
2025-11-11 17:29:15,810 - BlankSpaceAnalyzer - INFO - -> Analyzing version 7.4.47 (70/70)...
2025-11-11 17:29:15,811 - BlankSpaceAnalyzer - INFO - Exporting results for '@mdi/font' to CSV...
2025-11-11 17:29:15,870 - BlankSpaceAnalyzer - INFO - Reports saved in: /app/npm_results/@mdi_font
2025-11-11 17:29:15,870 - NPM_Analyzer - INFO - Cleaning temporary folder 'temp/@mdi_font'...
2025-11-11 17:29:15,944 - NPM_Analyzer - INFO - Cleanup completed.
2025-11-12 04:19:17,963 - NPM_Analyzer - INFO - Fetching metadata for '@mdi/font'...
2025-11-12 04:19:18,187 - NPM_Analyzer - INFO - Found 70 versions. Starting download into 'temp/@mdi_font'...
2025-11-12 04:20:30,877 - BlankSpaceAnalyzer - INFO - Analyzing 70 versions for '*.js' in '@mdi_font'.
2025-11-12 04:20:30,877 - BlankSpaceAnalyzer - INFO - -> Analyzing version 1.0.62 (1/70)...
2025-11-12 04:20:30,879 - BlankSpaceAnalyzer - INFO - -> Analyzing version 1.1.34 (2/70)...
2025-11-12 04:20:30,880 - BlankSpaceAnalyzer - INFO - -> Analyzing version 1.1.70 (3/70)...
2025-11-12 04:20:30,881 - BlankSpaceAnalyzer - INFO - -> Analyzing version 1.2.64 (4/70)...
2025-11-12 04:20:30,881 - BlankSpaceAnalyzer - INFO - -> Analyzing version 1.2.65 (5/70)...
2025-11-12 04:20:30,881 - BlankSpaceAnalyzer - INFO - -> Analyzing version 1.3.41 (6/70)...
2025-11-12 04:20:30,882 - BlankSpaceAnalyzer - INFO - -> Analyzing version 1.4.57 (7/70)...
2025-11-12 04:20:30,882 - BlankSpaceAnalyzer - INFO - -> Analyzing version 1.5.54 (8/70)...
2025-11-12 04:20:30,882 - BlankSpaceAnalyzer - INFO - -> Analyzing version 1.6.50 (9/70)...
2025-11-12 04:20:30,883 - BlankSpaceAnalyzer - INFO - -> Analyzing version 1.7.12 (10/70)...
2025-11-12 04:20:30,883 - BlankSpaceAnalyzer - INFO - -> Analyzing version 1.7.22 (11/70)...
2025-11-12 04:20:30,883 - BlankSpaceAnalyzer - INFO - -> Analyzing version 1.8.36 (12/70)...
2025-11-12 04:20:30,883 - BlankSpaceAnalyzer - INFO - -> Analyzing version 1.9.32 (13/70)...
2025-11-12 04:20:30,884 - BlankSpaceAnalyzer - INFO - -> Analyzing version 2.0.46 (14/70)...
2025-11-12 04:20:30,884 - BlankSpaceAnalyzer - INFO - -> Analyzing version 2.1.19 (15/70)...
2025-11-12 04:20:30,884 - BlankSpaceAnalyzer - INFO - -> Analyzing version 2.1.99 (16/70)...
2025-11-12 04:20:30,885 - BlankSpaceAnalyzer - INFO - -> Analyzing version 2.2.43 (17/70)...
2025-11-12 04:20:30,885 - BlankSpaceAnalyzer - INFO - -> Analyzing version 2.3.50 (18/70)...
2025-11-12 04:20:30,885 - BlankSpaceAnalyzer - INFO - -> Analyzing version 2.3.54 (19/70)...
2025-11-12 04:20:30,886 - BlankSpaceAnalyzer - INFO - -> Analyzing version 2.4.85 (20/70)...
2025-11-12 04:20:30,886 - BlankSpaceAnalyzer - INFO - -> Analyzing version 2.5.94 (21/70)...
2025-11-12 04:20:30,886 - BlankSpaceAnalyzer - INFO - -> Analyzing version 2.6.95 (22/70)...
2025-11-12 04:20:30,887 - BlankSpaceAnalyzer - INFO - -> Analyzing version 2.7.94 (23/70)...
2025-11-12 04:20:30,887 - BlankSpaceAnalyzer - INFO - -> Analyzing version 2.8.94 (24/70)...
2025-11-12 04:20:30,888 - BlankSpaceAnalyzer - INFO - -> Analyzing version 3.0.39 (25/70)...
2025-11-12 04:20:30,888 - BlankSpaceAnalyzer - INFO - -> Analyzing version 3.2.89 (26/70)...
2025-11-12 04:20:30,888 - BlankSpaceAnalyzer - INFO - -> Analyzing version 3.3.92 (27/70)...
2025-11-12 04:20:30,889 - BlankSpaceAnalyzer - INFO - -> Analyzing version 3.4.93 (28/70)...
2025-11-12 04:20:30,889 - BlankSpaceAnalyzer - INFO - -> Analyzing version 3.5.94 (29/70)...
2025-11-12 04:20:30,889 - BlankSpaceAnalyzer - INFO - -> Analyzing version 3.5.95 (30/70)...
2025-11-12 04:20:30,890 - BlankSpaceAnalyzer - INFO - -> Analyzing version 3.6.95 (31/70)...
2025-11-12 04:20:30,890 - BlankSpaceAnalyzer - INFO - -> Analyzing version 3.7.95 (32/70)...
2025-11-12 04:20:30,890 - BlankSpaceAnalyzer - INFO - -> Analyzing version 3.8.95 (33/70)...
2025-11-12 04:20:30,891 - BlankSpaceAnalyzer - INFO - -> Analyzing version 3.9.96 (34/70)...
2025-11-12 04:20:30,891 - BlankSpaceAnalyzer - INFO - -> Analyzing version 3.9.97 (35/70)...
2025-11-12 04:20:30,891 - BlankSpaceAnalyzer - INFO - -> Analyzing version 4.0.96 (36/70)...
2025-11-12 04:20:30,892 - BlankSpaceAnalyzer - INFO - -> Analyzing version 4.1.95 (37/70)...
2025-11-12 04:20:30,892 - BlankSpaceAnalyzer - INFO - -> Analyzing version 4.2.95 (38/70)...
2025-11-12 04:20:30,892 - BlankSpaceAnalyzer - INFO - -> Analyzing version 4.3.95 (39/70)...
2025-11-12 04:20:30,893 - BlankSpaceAnalyzer - INFO - -> Analyzing version 4.4.95 (40/70)...
2025-11-12 04:20:30,893 - BlankSpaceAnalyzer - INFO - -> Analyzing version 4.5.95 (41/70)...
2025-11-12 04:20:30,893 - BlankSpaceAnalyzer - INFO - -> Analyzing version 4.6.95 (42/70)...
2025-11-12 04:20:30,893 - BlankSpaceAnalyzer - INFO - -> Analyzing version 4.7.95 (43/70)...
2025-11-12 04:20:30,894 - BlankSpaceAnalyzer - INFO - -> Analyzing version 4.8.95 (44/70)...
2025-11-12 04:20:30,894 - BlankSpaceAnalyzer - INFO - -> Analyzing version 4.9.95 (45/70)...
2025-11-12 04:20:30,894 - BlankSpaceAnalyzer - INFO - -> Analyzing version 5.0.45 (46/70)...
2025-11-12 04:20:30,895 - BlankSpaceAnalyzer - INFO - -> Analyzing version 5.1.45 (47/70)...
2025-11-12 04:20:30,895 - BlankSpaceAnalyzer - INFO - -> Analyzing version 5.2.45 (48/70)...
2025-11-12 04:20:30,895 - BlankSpaceAnalyzer - INFO - -> Analyzing version 5.3.45 (49/70)...
2025-11-12 04:20:30,896 - BlankSpaceAnalyzer - INFO - -> Analyzing version 5.4.55 (50/70)...
2025-11-12 04:20:30,896 - BlankSpaceAnalyzer - INFO - -> Analyzing version 5.5.55 (51/70)...
2025-11-12 04:20:30,896 - BlankSpaceAnalyzer - INFO - -> Analyzing version 5.6.55 (52/70)...
2025-11-12 04:20:30,897 - BlankSpaceAnalyzer - INFO - -> Analyzing version 5.7.55 (53/70)...
2025-11-12 04:20:30,897 - BlankSpaceAnalyzer - INFO - -> Analyzing version 5.8.55 (54/70)...
2025-11-12 04:20:30,897 - BlankSpaceAnalyzer - INFO - -> Analyzing version 5.9.55 (55/70)...
2025-11-12 04:20:30,898 - BlankSpaceAnalyzer - INFO - -> Analyzing version 6.1.95 (56/70)...
2025-11-12 04:20:30,898 - BlankSpaceAnalyzer - INFO - -> Analyzing version 6.2.95 (57/70)...
2025-11-12 04:20:30,898 - BlankSpaceAnalyzer - INFO - -> Analyzing version 6.3.95 (58/70)...
2025-11-12 04:20:30,899 - BlankSpaceAnalyzer - INFO - -> Analyzing version 6.4.95 (59/70)...
2025-11-12 04:20:30,899 - BlankSpaceAnalyzer - INFO - -> Analyzing version 6.5.95 (60/70)...
2025-11-12 04:20:30,899 - BlankSpaceAnalyzer - INFO - -> Analyzing version 6.6.95 (61/70)...
2025-11-12 04:20:30,899 - BlankSpaceAnalyzer - INFO - -> Analyzing version 6.6.96 (62/70)...
2025-11-12 04:20:30,900 - BlankSpaceAnalyzer - INFO - -> Analyzing version 6.7.96 (63/70)...
2025-11-12 04:20:30,900 - BlankSpaceAnalyzer - INFO - -> Analyzing version 6.8.96 (64/70)...
2025-11-12 04:20:30,900 - BlankSpaceAnalyzer - INFO - -> Analyzing version 6.9.96 (65/70)...
2025-11-12 04:20:30,901 - BlankSpaceAnalyzer - INFO - -> Analyzing version 7.0.96 (66/70)...
2025-11-12 04:20:30,901 - BlankSpaceAnalyzer - INFO - -> Analyzing version 7.1.96 (67/70)...
2025-11-12 04:20:30,902 - BlankSpaceAnalyzer - INFO - -> Analyzing version 7.2.96 (68/70)...
2025-11-12 04:20:30,902 - BlankSpaceAnalyzer - INFO - -> Analyzing version 7.3.67 (69/70)...
2025-11-12 04:20:30,902 - BlankSpaceAnalyzer - INFO - -> Analyzing version 7.4.47 (70/70)...
2025-11-12 04:20:30,903 - BlankSpaceAnalyzer - INFO - Exporting results for '@mdi/font' to CSV...
2025-11-12 04:20:30,957 - BlankSpaceAnalyzer - INFO - Reports saved in: /app/npm_results/@mdi_font
2025-11-12 04:20:30,957 - NPM_Analyzer - INFO - Cleaning temporary folder 'temp/@mdi_font'...
2025-11-12 04:20:31,026 - NPM_Analyzer - INFO - Cleanup completed.
2025-11-12 14:45:54,755 - NPM_Analyzer - INFO - Fetching metadata for '@mdi/font'...
2025-11-12 14:45:54,993 - NPM_Analyzer - INFO - Found 70 versions. Starting download into 'temp/@mdi_font'...
2025-11-12 14:46:57,551 - BlankSpaceAnalyzer - INFO - Analyzing 70 versions for '*.js' in '@mdi_font'.
2025-11-12 14:46:57,552 - BlankSpaceAnalyzer - INFO - -> Analyzing version 1.0.62 (1/70)...
2025-11-12 14:46:57,553 - BlankSpaceAnalyzer - INFO - -> Analyzing version 1.1.34 (2/70)...
2025-11-12 14:46:57,554 - BlankSpaceAnalyzer - INFO - -> Analyzing version 1.1.70 (3/70)...
2025-11-12 14:46:57,556 - BlankSpaceAnalyzer - INFO - -> Analyzing version 1.2.64 (4/70)...
2025-11-12 14:46:57,557 - BlankSpaceAnalyzer - INFO - -> Analyzing version 1.2.65 (5/70)...
2025-11-12 14:46:57,558 - BlankSpaceAnalyzer - INFO - -> Analyzing version 1.3.41 (6/70)...
2025-11-12 14:46:57,559 - BlankSpaceAnalyzer - INFO - -> Analyzing version 1.4.57 (7/70)...
2025-11-12 14:46:57,560 - BlankSpaceAnalyzer - INFO - -> Analyzing version 1.5.54 (8/70)...
2025-11-12 14:46:57,562 - BlankSpaceAnalyzer - INFO - -> Analyzing version 1.6.50 (9/70)...
2025-11-12 14:46:57,563 - BlankSpaceAnalyzer - INFO - -> Analyzing version 1.7.12 (10/70)...
2025-11-12 14:46:57,564 - BlankSpaceAnalyzer - INFO - -> Analyzing version 1.7.22 (11/70)...
2025-11-12 14:46:57,565 - BlankSpaceAnalyzer - INFO - -> Analyzing version 1.8.36 (12/70)...
2025-11-12 14:46:57,566 - BlankSpaceAnalyzer - INFO - -> Analyzing version 1.9.32 (13/70)...
2025-11-12 14:46:57,568 - BlankSpaceAnalyzer - INFO - -> Analyzing version 2.0.46 (14/70)...
2025-11-12 14:46:57,569 - BlankSpaceAnalyzer - INFO - -> Analyzing version 2.1.19 (15/70)...
2025-11-12 14:46:57,570 - BlankSpaceAnalyzer - INFO - -> Analyzing version 2.1.99 (16/70)...
2025-11-12 14:46:57,571 - BlankSpaceAnalyzer - INFO - -> Analyzing version 2.2.43 (17/70)...
2025-11-12 14:46:57,572 - BlankSpaceAnalyzer - INFO - -> Analyzing version 2.3.50 (18/70)...
2025-11-12 14:46:57,573 - BlankSpaceAnalyzer - INFO - -> Analyzing version 2.3.54 (19/70)...
2025-11-12 14:46:57,574 - BlankSpaceAnalyzer - INFO - -> Analyzing version 2.4.85 (20/70)...
2025-11-12 14:46:57,575 - BlankSpaceAnalyzer - INFO - -> Analyzing version 2.5.94 (21/70)...
2025-11-12 14:46:57,576 - BlankSpaceAnalyzer - INFO - -> Analyzing version 2.6.95 (22/70)...
2025-11-12 14:46:57,577 - BlankSpaceAnalyzer - INFO - -> Analyzing version 2.7.94 (23/70)...
2025-11-12 14:46:57,577 - BlankSpaceAnalyzer - INFO - -> Analyzing version 2.8.94 (24/70)...
2025-11-12 14:46:57,578 - BlankSpaceAnalyzer - INFO - -> Analyzing version 3.0.39 (25/70)...
2025-11-12 14:46:57,579 - BlankSpaceAnalyzer - INFO - -> Analyzing version 3.2.89 (26/70)...
2025-11-12 14:46:57,579 - BlankSpaceAnalyzer - INFO - -> Analyzing version 3.3.92 (27/70)...
2025-11-12 14:46:57,580 - BlankSpaceAnalyzer - INFO - -> Analyzing version 3.4.93 (28/70)...
2025-11-12 14:46:57,581 - BlankSpaceAnalyzer - INFO - -> Analyzing version 3.5.94 (29/70)...
2025-11-12 14:46:57,581 - BlankSpaceAnalyzer - INFO - -> Analyzing version 3.5.95 (30/70)...
2025-11-12 14:46:57,582 - BlankSpaceAnalyzer - INFO - -> Analyzing version 3.6.95 (31/70)...
2025-11-12 14:46:57,582 - BlankSpaceAnalyzer - INFO - -> Analyzing version 3.7.95 (32/70)...
2025-11-12 14:46:57,583 - BlankSpaceAnalyzer - INFO - -> Analyzing version 3.8.95 (33/70)...
2025-11-12 14:46:57,583 - BlankSpaceAnalyzer - INFO - -> Analyzing version 3.9.96 (34/70)...
2025-11-12 14:46:57,584 - BlankSpaceAnalyzer - INFO - -> Analyzing version 3.9.97 (35/70)...
2025-11-12 14:46:57,584 - BlankSpaceAnalyzer - INFO - -> Analyzing version 4.0.96 (36/70)...
2025-11-12 14:46:57,585 - BlankSpaceAnalyzer - INFO - -> Analyzing version 4.1.95 (37/70)...
2025-11-12 14:46:57,585 - BlankSpaceAnalyzer - INFO - -> Analyzing version 4.2.95 (38/70)...
2025-11-12 14:46:57,586 - BlankSpaceAnalyzer - INFO - -> Analyzing version 4.3.95 (39/70)...
2025-11-12 14:46:57,586 - BlankSpaceAnalyzer - INFO - -> Analyzing version 4.4.95 (40/70)...
2025-11-12 14:46:57,587 - BlankSpaceAnalyzer - INFO - -> Analyzing version 4.5.95 (41/70)...
2025-11-12 14:46:57,587 - BlankSpaceAnalyzer - INFO - -> Analyzing version 4.6.95 (42/70)...
2025-11-12 14:46:57,588 - BlankSpaceAnalyzer - INFO - -> Analyzing version 4.7.95 (43/70)...
2025-11-12 14:46:57,588 - BlankSpaceAnalyzer - INFO - -> Analyzing version 4.8.95 (44/70)...
2025-11-12 14:46:57,588 - BlankSpaceAnalyzer - INFO - -> Analyzing version 4.9.95 (45/70)...
2025-11-12 14:46:57,589 - BlankSpaceAnalyzer - INFO - -> Analyzing version 5.0.45 (46/70)...
2025-11-12 14:46:57,589 - BlankSpaceAnalyzer - INFO - -> Analyzing version 5.1.45 (47/70)...
2025-11-12 14:46:57,590 - BlankSpaceAnalyzer - INFO - -> Analyzing version 5.2.45 (48/70)...
2025-11-12 14:46:57,590 - BlankSpaceAnalyzer - INFO - -> Analyzing version 5.3.45 (49/70)...
2025-11-12 14:46:57,590 - BlankSpaceAnalyzer - INFO - -> Analyzing version 5.4.55 (50/70)...
2025-11-12 14:46:57,591 - BlankSpaceAnalyzer - INFO - -> Analyzing version 5.5.55 (51/70)...
2025-11-12 14:46:57,591 - BlankSpaceAnalyzer - INFO - -> Analyzing version 5.6.55 (52/70)...
2025-11-12 14:46:57,592 - BlankSpaceAnalyzer - INFO - -> Analyzing version 5.7.55 (53/70)...
2025-11-12 14:46:57,592 - BlankSpaceAnalyzer - INFO - -> Analyzing version 5.8.55 (54/70)...
2025-11-12 14:46:57,592 - BlankSpaceAnalyzer - INFO - -> Analyzing version 5.9.55 (55/70)...
2025-11-12 14:46:57,593 - BlankSpaceAnalyzer - INFO - -> Analyzing version 6.1.95 (56/70)...
2025-11-12 14:46:57,593 - BlankSpaceAnalyzer - INFO - -> Analyzing version 6.2.95 (57/70)...
2025-11-12 14:46:57,594 - BlankSpaceAnalyzer - INFO - -> Analyzing version 6.3.95 (58/70)...
2025-11-12 14:46:57,594 - BlankSpaceAnalyzer - INFO - -> Analyzing version 6.4.95 (59/70)...
2025-11-12 14:46:57,594 - BlankSpaceAnalyzer - INFO - -> Analyzing version 6.5.95 (60/70)...
2025-11-12 14:46:57,594 - BlankSpaceAnalyzer - INFO - -> Analyzing version 6.6.95 (61/70)...
2025-11-12 14:46:57,595 - BlankSpaceAnalyzer - INFO - -> Analyzing version 6.6.96 (62/70)...
2025-11-12 14:46:57,595 - BlankSpaceAnalyzer - INFO - -> Analyzing version 6.7.96 (63/70)...
2025-11-12 14:46:57,596 - BlankSpaceAnalyzer - INFO - -> Analyzing version 6.8.96 (64/70)...
2025-11-12 14:46:57,596 - BlankSpaceAnalyzer - INFO - -> Analyzing version 6.9.96 (65/70)...
2025-11-12 14:46:57,596 - BlankSpaceAnalyzer - INFO - -> Analyzing version 7.0.96 (66/70)...
2025-11-12 14:46:57,597 - BlankSpaceAnalyzer - INFO - -> Analyzing version 7.1.96 (67/70)...
2025-11-12 14:46:57,597 - BlankSpaceAnalyzer - INFO - -> Analyzing version 7.2.96 (68/70)...
2025-11-12 14:46:57,597 - BlankSpaceAnalyzer - INFO - -> Analyzing version 7.3.67 (69/70)...
2025-11-12 14:46:57,598 - BlankSpaceAnalyzer - INFO - -> Analyzing version 7.4.47 (70/70)...
2025-11-12 14:46:57,599 - BlankSpaceAnalyzer - INFO - Exporting results for '@mdi/font' to CSV...
2025-11-12 14:46:57,656 - BlankSpaceAnalyzer - INFO - Reports saved in: /app/npm_results/@mdi_font
2025-11-12 14:46:57,656 - NPM_Analyzer - INFO - Cleaning temporary folder 'temp/@mdi_font'...
2025-11-12 14:46:57,726 - NPM_Analyzer - INFO - Cleanup completed.
2025-11-13 01:30:47,848 - NPM_Analyzer - INFO - Fetching metadata for '@mdi/font'...
2025-11-13 01:30:47,994 - NPM_Analyzer - INFO - Found 70 versions. Starting download into 'temp/@mdi_font'...
2025-11-13 01:31:52,172 - BlankSpaceAnalyzer - INFO - Analyzing 70 versions for '*.js' in '@mdi_font'.
2025-11-13 01:31:52,172 - BlankSpaceAnalyzer - INFO - -> Analyzing version 1.0.62 (1/70)...
2025-11-13 01:31:52,174 - BlankSpaceAnalyzer - INFO - -> Analyzing version 1.1.34 (2/70)...
2025-11-13 01:31:52,175 - BlankSpaceAnalyzer - INFO - -> Analyzing version 1.1.70 (3/70)...
2025-11-13 01:31:52,176 - BlankSpaceAnalyzer - INFO - -> Analyzing version 1.2.64 (4/70)...
2025-11-13 01:31:52,177 - BlankSpaceAnalyzer - INFO - -> Analyzing version 1.2.65 (5/70)...
2025-11-13 01:31:52,178 - BlankSpaceAnalyzer - INFO - -> Analyzing version 1.3.41 (6/70)...
2025-11-13 01:31:52,180 - BlankSpaceAnalyzer - INFO - -> Analyzing version 1.4.57 (7/70)...
2025-11-13 01:31:52,181 - BlankSpaceAnalyzer - INFO - -> Analyzing version 1.5.54 (8/70)...
2025-11-13 01:31:52,182 - BlankSpaceAnalyzer - INFO - -> Analyzing version 1.6.50 (9/70)...
2025-11-13 01:31:52,183 - BlankSpaceAnalyzer - INFO - -> Analyzing version 1.7.12 (10/70)...
2025-11-13 01:31:52,184 - BlankSpaceAnalyzer - INFO - -> Analyzing version 1.7.22 (11/70)...
2025-11-13 01:31:52,185 - BlankSpaceAnalyzer - INFO - -> Analyzing version 1.8.36 (12/70)...
2025-11-13 01:31:52,187 - BlankSpaceAnalyzer - INFO - -> Analyzing version 1.9.32 (13/70)...
2025-11-13 01:31:52,188 - BlankSpaceAnalyzer - INFO - -> Analyzing version 2.0.46 (14/70)...
2025-11-13 01:31:52,189 - BlankSpaceAnalyzer - INFO - -> Analyzing version 2.1.19 (15/70)...
2025-11-13 01:31:52,190 - BlankSpaceAnalyzer - INFO - -> Analyzing version 2.1.99 (16/70)...
2025-11-13 01:31:52,192 - BlankSpaceAnalyzer - INFO - -> Analyzing version 2.2.43 (17/70)...
2025-11-13 01:31:52,193 - BlankSpaceAnalyzer - INFO - -> Analyzing version 2.3.50 (18/70)...
2025-11-13 01:31:52,194 - BlankSpaceAnalyzer - INFO - -> Analyzing version 2.3.54 (19/70)...
2025-11-13 01:31:52,195 - BlankSpaceAnalyzer - INFO - -> Analyzing version 2.4.85 (20/70)...
2025-11-13 01:31:52,195 - BlankSpaceAnalyzer - INFO - -> Analyzing version 2.5.94 (21/70)...
2025-11-13 01:31:52,196 - BlankSpaceAnalyzer - INFO - -> Analyzing version 2.6.95 (22/70)...
2025-11-13 01:31:52,197 - BlankSpaceAnalyzer - INFO - -> Analyzing version 2.7.94 (23/70)...
2025-11-13 01:31:52,198 - BlankSpaceAnalyzer - INFO - -> Analyzing version 2.8.94 (24/70)...
2025-11-13 01:31:52,199 - BlankSpaceAnalyzer - INFO - -> Analyzing version 3.0.39 (25/70)...
2025-11-13 01:31:52,199 - BlankSpaceAnalyzer - INFO - -> Analyzing version 3.2.89 (26/70)...
2025-11-13 01:31:52,200 - BlankSpaceAnalyzer - INFO - -> Analyzing version 3.3.92 (27/70)...
2025-11-13 01:31:52,201 - BlankSpaceAnalyzer - INFO - -> Analyzing version 3.4.93 (28/70)...
2025-11-13 01:31:52,201 - BlankSpaceAnalyzer - INFO - -> Analyzing version 3.5.94 (29/70)...
2025-11-13 01:31:52,202 - BlankSpaceAnalyzer - INFO - -> Analyzing version 3.5.95 (30/70)...
2025-11-13 01:31:52,203 - BlankSpaceAnalyzer - INFO - -> Analyzing version 3.6.95 (31/70)...
2025-11-13 01:31:52,203 - BlankSpaceAnalyzer - INFO - -> Analyzing version 3.7.95 (32/70)...
2025-11-13 01:31:52,204 - BlankSpaceAnalyzer - INFO - -> Analyzing version 3.8.95 (33/70)...
2025-11-13 01:31:52,204 - BlankSpaceAnalyzer - INFO - -> Analyzing version 3.9.96 (34/70)...
2025-11-13 01:31:52,205 - BlankSpaceAnalyzer - INFO - -> Analyzing version 3.9.97 (35/70)...
2025-11-13 01:31:52,205 - BlankSpaceAnalyzer - INFO - -> Analyzing version 4.0.96 (36/70)...
2025-11-13 01:31:52,206 - BlankSpaceAnalyzer - INFO - -> Analyzing version 4.1.95 (37/70)...
2025-11-13 01:31:52,206 - BlankSpaceAnalyzer - INFO - -> Analyzing version 4.2.95 (38/70)...
2025-11-13 01:31:52,207 - BlankSpaceAnalyzer - INFO - -> Analyzing version 4.3.95 (39/70)...
2025-11-13 01:31:52,207 - BlankSpaceAnalyzer - INFO - -> Analyzing version 4.4.95 (40/70)...
2025-11-13 01:31:52,208 - BlankSpaceAnalyzer - INFO - -> Analyzing version 4.5.95 (41/70)...
2025-11-13 01:31:52,208 - BlankSpaceAnalyzer - INFO - -> Analyzing version 4.6.95 (42/70)...
2025-11-13 01:31:52,208 - BlankSpaceAnalyzer - INFO - -> Analyzing version 4.7.95 (43/70)...
2025-11-13 01:31:52,209 - BlankSpaceAnalyzer - INFO - -> Analyzing version 4.8.95 (44/70)...
2025-11-13 01:31:52,209 - BlankSpaceAnalyzer - INFO - -> Analyzing version 4.9.95 (45/70)...
2025-11-13 01:31:52,210 - BlankSpaceAnalyzer - INFO - -> Analyzing version 5.0.45 (46/70)...
2025-11-13 01:31:52,210 - BlankSpaceAnalyzer - INFO - -> Analyzing version 5.1.45 (47/70)...
2025-11-13 01:31:52,211 - BlankSpaceAnalyzer - INFO - -> Analyzing version 5.2.45 (48/70)...
2025-11-13 01:31:52,211 - BlankSpaceAnalyzer - INFO - -> Analyzing version 5.3.45 (49/70)...
2025-11-13 01:31:52,211 - BlankSpaceAnalyzer - INFO - -> Analyzing version 5.4.55 (50/70)...
2025-11-13 01:31:52,212 - BlankSpaceAnalyzer - INFO - -> Analyzing version 5.5.55 (51/70)...
2025-11-13 01:31:52,212 - BlankSpaceAnalyzer - INFO - -> Analyzing version 5.6.55 (52/70)...
2025-11-13 01:31:52,213 - BlankSpaceAnalyzer - INFO - -> Analyzing version 5.7.55 (53/70)...
2025-11-13 01:31:52,213 - BlankSpaceAnalyzer - INFO - -> Analyzing version 5.8.55 (54/70)...
2025-11-13 01:31:52,213 - BlankSpaceAnalyzer - INFO - -> Analyzing version 5.9.55 (55/70)...
2025-11-13 01:31:52,214 - BlankSpaceAnalyzer - INFO - -> Analyzing version 6.1.95 (56/70)...
2025-11-13 01:31:52,214 - BlankSpaceAnalyzer - INFO - -> Analyzing version 6.2.95 (57/70)...
2025-11-13 01:31:52,214 - BlankSpaceAnalyzer - INFO - -> Analyzing version 6.3.95 (58/70)...
2025-11-13 01:31:52,215 - BlankSpaceAnalyzer - INFO - -> Analyzing version 6.4.95 (59/70)...
2025-11-13 01:31:52,215 - BlankSpaceAnalyzer - INFO - -> Analyzing version 6.5.95 (60/70)...
2025-11-13 01:31:52,216 - BlankSpaceAnalyzer - INFO - -> Analyzing version 6.6.95 (61/70)...
2025-11-13 01:31:52,216 - BlankSpaceAnalyzer - INFO - -> Analyzing version 6.6.96 (62/70)...
2025-11-13 01:31:52,216 - BlankSpaceAnalyzer - INFO - -> Analyzing version 6.7.96 (63/70)...
2025-11-13 01:31:52,217 - BlankSpaceAnalyzer - INFO - -> Analyzing version 6.8.96 (64/70)...
2025-11-13 01:31:52,217 - BlankSpaceAnalyzer - INFO - -> Analyzing version 6.9.96 (65/70)...
2025-11-13 01:31:52,218 - BlankSpaceAnalyzer - INFO - -> Analyzing version 7.0.96 (66/70)...
2025-11-13 01:31:52,218 - BlankSpaceAnalyzer - INFO - -> Analyzing version 7.1.96 (67/70)...
2025-11-13 01:31:52,219 - BlankSpaceAnalyzer - INFO - -> Analyzing version 7.2.96 (68/70)...
2025-11-13 01:31:52,219 - BlankSpaceAnalyzer - INFO - -> Analyzing version 7.3.67 (69/70)...
2025-11-13 01:31:52,220 - BlankSpaceAnalyzer - INFO - -> Analyzing version 7.4.47 (70/70)...
2025-11-13 01:31:52,220 - BlankSpaceAnalyzer - INFO - Exporting results for '@mdi/font' to CSV...
2025-11-13 01:31:52,280 - BlankSpaceAnalyzer - INFO - Reports saved in: /app/npm_results/@mdi_font
2025-11-13 01:31:52,280 - NPM_Analyzer - INFO - Cleaning temporary folder 'temp/@mdi_font'...
2025-11-13 01:31:52,349 - NPM_Analyzer - INFO - Cleanup completed.
2025-11-13 11:54:13,209 - NPM_Analyzer - INFO - Fetching metadata for '@mdi/font'...
2025-11-13 11:54:13,395 - NPM_Analyzer - INFO - Found 70 versions. Starting download into 'temp/@mdi_font'...
2025-11-13 11:55:14,407 - BlankSpaceAnalyzer - INFO - Analyzing 70 versions for '*.js' in '@mdi_font'.
2025-11-13 11:55:14,407 - BlankSpaceAnalyzer - INFO - -> Analyzing version 1.0.62 (1/70)...
2025-11-13 11:55:14,409 - BlankSpaceAnalyzer - INFO - -> Analyzing version 1.1.34 (2/70)...
2025-11-13 11:55:14,410 - BlankSpaceAnalyzer - INFO - -> Analyzing version 1.1.70 (3/70)...
2025-11-13 11:55:14,411 - BlankSpaceAnalyzer - INFO - -> Analyzing version 1.2.64 (4/70)...
2025-11-13 11:55:14,412 - BlankSpaceAnalyzer - INFO - -> Analyzing version 1.2.65 (5/70)...
2025-11-13 11:55:14,413 - BlankSpaceAnalyzer - INFO - -> Analyzing version 1.3.41 (6/70)...
2025-11-13 11:55:14,415 - BlankSpaceAnalyzer - INFO - -> Analyzing version 1.4.57 (7/70)...
2025-11-13 11:55:14,416 - BlankSpaceAnalyzer - INFO - -> Analyzing version 1.5.54 (8/70)...
2025-11-13 11:55:14,417 - BlankSpaceAnalyzer - INFO - -> Analyzing version 1.6.50 (9/70)...
2025-11-13 11:55:14,418 - BlankSpaceAnalyzer - INFO - -> Analyzing version 1.7.12 (10/70)...
2025-11-13 11:55:14,419 - BlankSpaceAnalyzer - INFO - -> Analyzing version 1.7.22 (11/70)...
2025-11-13 11:55:14,421 - BlankSpaceAnalyzer - INFO - -> Analyzing version 1.8.36 (12/70)...
2025-11-13 11:55:14,422 - BlankSpaceAnalyzer - INFO - -> Analyzing version 1.9.32 (13/70)...
2025-11-13 11:55:14,423 - BlankSpaceAnalyzer - INFO - -> Analyzing version 2.0.46 (14/70)...
2025-11-13 11:55:14,424 - BlankSpaceAnalyzer - INFO - -> Analyzing version 2.1.19 (15/70)...
2025-11-13 11:55:14,425 - BlankSpaceAnalyzer - INFO - -> Analyzing version 2.1.99 (16/70)...
2025-11-13 11:55:14,427 - BlankSpaceAnalyzer - INFO - -> Analyzing version 2.2.43 (17/70)...
2025-11-13 11:55:14,428 - BlankSpaceAnalyzer - INFO - -> Analyzing version 2.3.50 (18/70)...
2025-11-13 11:55:14,430 - BlankSpaceAnalyzer - INFO - -> Analyzing version 2.3.54 (19/70)...
2025-11-13 11:55:14,431 - BlankSpaceAnalyzer - INFO - -> Analyzing version 2.4.85 (20/70)...
2025-11-13 11:55:14,433 - BlankSpaceAnalyzer - INFO - -> Analyzing version 2.5.94 (21/70)...
2025-11-13 11:55:14,434 - BlankSpaceAnalyzer - INFO - -> Analyzing version 2.6.95 (22/70)...
2025-11-13 11:55:14,435 - BlankSpaceAnalyzer - INFO - -> Analyzing version 2.7.94 (23/70)...
2025-11-13 11:55:14,435 - BlankSpaceAnalyzer - INFO - -> Analyzing version 2.8.94 (24/70)...
2025-11-13 11:55:14,436 - BlankSpaceAnalyzer - INFO - -> Analyzing version 3.0.39 (25/70)...
2025-11-13 11:55:14,437 - BlankSpaceAnalyzer - INFO - -> Analyzing version 3.2.89 (26/70)...
2025-11-13 11:55:14,438 - BlankSpaceAnalyzer - INFO - -> Analyzing version 3.3.92 (27/70)...
2025-11-13 11:55:14,439 - BlankSpaceAnalyzer - INFO - -> Analyzing version 3.4.93 (28/70)...
2025-11-13 11:55:14,440 - BlankSpaceAnalyzer - INFO - -> Analyzing version 3.5.94 (29/70)...
2025-11-13 11:55:14,441 - BlankSpaceAnalyzer - INFO - -> Analyzing version 3.5.95 (30/70)...
2025-11-13 11:55:14,442 - BlankSpaceAnalyzer - INFO - -> Analyzing version 3.6.95 (31/70)...
2025-11-13 11:55:14,442 - BlankSpaceAnalyzer - INFO - -> Analyzing version 3.7.95 (32/70)...
2025-11-13 11:55:14,443 - BlankSpaceAnalyzer - INFO - -> Analyzing version 3.8.95 (33/70)...
2025-11-13 11:55:14,444 - BlankSpaceAnalyzer - INFO - -> Analyzing version 3.9.96 (34/70)...
2025-11-13 11:55:14,444 - BlankSpaceAnalyzer - INFO - -> Analyzing version 3.9.97 (35/70)...
2025-11-13 11:55:14,445 - BlankSpaceAnalyzer - INFO - -> Analyzing version 4.0.96 (36/70)...
2025-11-13 11:55:14,445 - BlankSpaceAnalyzer - INFO - -> Analyzing version 4.1.95 (37/70)...
2025-11-13 11:55:14,445 - BlankSpaceAnalyzer - INFO - -> Analyzing version 4.2.95 (38/70)...
2025-11-13 11:55:14,446 - BlankSpaceAnalyzer - INFO - -> Analyzing version 4.3.95 (39/70)...
2025-11-13 11:55:14,447 - BlankSpaceAnalyzer - INFO - -> Analyzing version 4.4.95 (40/70)...
2025-11-13 11:55:14,447 - BlankSpaceAnalyzer - INFO - -> Analyzing version 4.5.95 (41/70)...
2025-11-13 11:55:14,447 - BlankSpaceAnalyzer - INFO - -> Analyzing version 4.6.95 (42/70)...
2025-11-13 11:55:14,448 - BlankSpaceAnalyzer - INFO - -> Analyzing version 4.7.95 (43/70)...
2025-11-13 11:55:14,448 - BlankSpaceAnalyzer - INFO - -> Analyzing version 4.8.95 (44/70)...
2025-11-13 11:55:14,449 - BlankSpaceAnalyzer - INFO - -> Analyzing version 4.9.95 (45/70)...
2025-11-13 11:55:14,449 - BlankSpaceAnalyzer - INFO - -> Analyzing version 5.0.45 (46/70)...
2025-11-13 11:55:14,449 - BlankSpaceAnalyzer - INFO - -> Analyzing version 5.1.45 (47/70)...
2025-11-13 11:55:14,450 - BlankSpaceAnalyzer - INFO - -> Analyzing version 5.2.45 (48/70)...
2025-11-13 11:55:14,450 - BlankSpaceAnalyzer - INFO - -> Analyzing version 5.3.45 (49/70)...
2025-11-13 11:55:14,451 - BlankSpaceAnalyzer - INFO - -> Analyzing version 5.4.55 (50/70)...
2025-11-13 11:55:14,451 - BlankSpaceAnalyzer - INFO - -> Analyzing version 5.5.55 (51/70)...
2025-11-13 11:55:14,452 - BlankSpaceAnalyzer - INFO - -> Analyzing version 5.6.55 (52/70)...
2025-11-13 11:55:14,452 - BlankSpaceAnalyzer - INFO - -> Analyzing version 5.7.55 (53/70)...
2025-11-13 11:55:14,452 - BlankSpaceAnalyzer - INFO - -> Analyzing version 5.8.55 (54/70)...
2025-11-13 11:55:14,453 - BlankSpaceAnalyzer - INFO - -> Analyzing version 5.9.55 (55/70)...
2025-11-13 11:55:14,453 - BlankSpaceAnalyzer - INFO - -> Analyzing version 6.1.95 (56/70)...
2025-11-13 11:55:14,453 - BlankSpaceAnalyzer - INFO - -> Analyzing version 6.2.95 (57/70)...
2025-11-13 11:55:14,454 - BlankSpaceAnalyzer - INFO - -> Analyzing version 6.3.95 (58/70)...
2025-11-13 11:55:14,454 - BlankSpaceAnalyzer - INFO - -> Analyzing version 6.4.95 (59/70)...
2025-11-13 11:55:14,455 - BlankSpaceAnalyzer - INFO - -> Analyzing version 6.5.95 (60/70)...
2025-11-13 11:55:14,455 - BlankSpaceAnalyzer - INFO - -> Analyzing version 6.6.95 (61/70)...
2025-11-13 11:55:14,455 - BlankSpaceAnalyzer - INFO - -> Analyzing version 6.6.96 (62/70)...
2025-11-13 11:55:14,456 - BlankSpaceAnalyzer - INFO - -> Analyzing version 6.7.96 (63/70)...
2025-11-13 11:55:14,456 - BlankSpaceAnalyzer - INFO - -> Analyzing version 6.8.96 (64/70)...
2025-11-13 11:55:14,456 - BlankSpaceAnalyzer - INFO - -> Analyzing version 6.9.96 (65/70)...
2025-11-13 11:55:14,457 - BlankSpaceAnalyzer - INFO - -> Analyzing version 7.0.96 (66/70)...
2025-11-13 11:55:14,457 - BlankSpaceAnalyzer - INFO - -> Analyzing version 7.1.96 (67/70)...
2025-11-13 11:55:14,458 - BlankSpaceAnalyzer - INFO - -> Analyzing version 7.2.96 (68/70)...
2025-11-13 11:55:14,458 - BlankSpaceAnalyzer - INFO - -> Analyzing version 7.3.67 (69/70)...
2025-11-13 11:55:14,458 - BlankSpaceAnalyzer - INFO - -> Analyzing version 7.4.47 (70/70)...
2025-11-13 11:55:14,459 - BlankSpaceAnalyzer - INFO - Exporting results for '@mdi/font' to CSV...
2025-11-13 11:55:14,517 - BlankSpaceAnalyzer - INFO - Reports saved in: /app/npm_results/@mdi_font
2025-11-13 11:55:14,518 - NPM_Analyzer - INFO - Cleaning temporary folder 'temp/@mdi_font'...
2025-11-13 11:55:14,585 - NPM_Analyzer - INFO - Cleanup completed.
2025-11-13 22:30:29,368 - NPM_Analyzer - INFO - Fetching metadata for '@mdi/font'...
2025-11-13 22:30:29,508 - NPM_Analyzer - INFO - Found 70 versions. Starting download into 'temp/@mdi_font'...
2025-11-13 22:31:35,816 - BlankSpaceAnalyzer - INFO - Analyzing 70 versions for '*.js' in '@mdi_font'.
2025-11-13 22:31:35,816 - BlankSpaceAnalyzer - INFO - -> Analyzing version 1.0.62 (1/70)...
2025-11-13 22:31:35,818 - BlankSpaceAnalyzer - INFO - -> Analyzing version 1.1.34 (2/70)...
2025-11-13 22:31:35,819 - BlankSpaceAnalyzer - INFO - -> Analyzing version 1.1.70 (3/70)...
2025-11-13 22:31:35,820 - BlankSpaceAnalyzer - INFO - -> Analyzing version 1.2.64 (4/70)...
2025-11-13 22:31:35,822 - BlankSpaceAnalyzer - INFO - -> Analyzing version 1.2.65 (5/70)...
2025-11-13 22:31:35,823 - BlankSpaceAnalyzer - INFO - -> Analyzing version 1.3.41 (6/70)...
2025-11-13 22:31:35,824 - BlankSpaceAnalyzer - INFO - -> Analyzing version 1.4.57 (7/70)...
2025-11-13 22:31:35,825 - BlankSpaceAnalyzer - INFO - -> Analyzing version 1.5.54 (8/70)...
2025-11-13 22:31:35,827 - BlankSpaceAnalyzer - INFO - -> Analyzing version 1.6.50 (9/70)...
2025-11-13 22:31:35,828 - BlankSpaceAnalyzer - INFO - -> Analyzing version 1.7.12 (10/70)...
2025-11-13 22:31:35,829 - BlankSpaceAnalyzer - INFO - -> Analyzing version 1.7.22 (11/70)...
2025-11-13 22:31:35,830 - BlankSpaceAnalyzer - INFO - -> Analyzing version 1.8.36 (12/70)...
2025-11-13 22:31:35,832 - BlankSpaceAnalyzer - INFO - -> Analyzing version 1.9.32 (13/70)...
2025-11-13 22:31:35,833 - BlankSpaceAnalyzer - INFO - -> Analyzing version 2.0.46 (14/70)...
2025-11-13 22:31:35,834 - BlankSpaceAnalyzer - INFO - -> Analyzing version 2.1.19 (15/70)...
2025-11-13 22:31:35,835 - BlankSpaceAnalyzer - INFO - -> Analyzing version 2.1.99 (16/70)...
2025-11-13 22:31:35,837 - BlankSpaceAnalyzer - INFO - -> Analyzing version 2.2.43 (17/70)...
2025-11-13 22:31:35,838 - BlankSpaceAnalyzer - INFO - -> Analyzing version 2.3.50 (18/70)...
2025-11-13 22:31:35,839 - BlankSpaceAnalyzer - INFO - -> Analyzing version 2.3.54 (19/70)...
2025-11-13 22:31:35,840 - BlankSpaceAnalyzer - INFO - -> Analyzing version 2.4.85 (20/70)...
2025-11-13 22:31:35,841 - BlankSpaceAnalyzer - INFO - -> Analyzing version 2.5.94 (21/70)...
2025-11-13 22:31:35,842 - BlankSpaceAnalyzer - INFO - -> Analyzing version 2.6.95 (22/70)...
2025-11-13 22:31:35,843 - BlankSpaceAnalyzer - INFO - -> Analyzing version 2.7.94 (23/70)...
2025-11-13 22:31:35,843 - BlankSpaceAnalyzer - INFO - -> Analyzing version 2.8.94 (24/70)...
2025-11-13 22:31:35,844 - BlankSpaceAnalyzer - INFO - -> Analyzing version 3.0.39 (25/70)...
2025-11-13 22:31:35,845 - BlankSpaceAnalyzer - INFO - -> Analyzing version 3.2.89 (26/70)...
2025-11-13 22:31:35,845 - BlankSpaceAnalyzer - INFO - -> Analyzing version 3.3.92 (27/70)...
2025-11-13 22:31:35,846 - BlankSpaceAnalyzer - INFO - -> Analyzing version 3.4.93 (28/70)...
2025-11-13 22:31:35,847 - BlankSpaceAnalyzer - INFO - -> Analyzing version 3.5.94 (29/70)...
2025-11-13 22:31:35,847 - BlankSpaceAnalyzer - INFO - -> Analyzing version 3.5.95 (30/70)...
2025-11-13 22:31:35,848 - BlankSpaceAnalyzer - INFO - -> Analyzing version 3.6.95 (31/70)...
2025-11-13 22:31:35,849 - BlankSpaceAnalyzer - INFO - -> Analyzing version 3.7.95 (32/70)...
2025-11-13 22:31:35,849 - BlankSpaceAnalyzer - INFO - -> Analyzing version 3.8.95 (33/70)...
2025-11-13 22:31:35,850 - BlankSpaceAnalyzer - INFO - -> Analyzing version 3.9.96 (34/70)...
2025-11-13 22:31:35,850 - BlankSpaceAnalyzer - INFO - -> Analyzing version 3.9.97 (35/70)...
2025-11-13 22:31:35,851 - BlankSpaceAnalyzer - INFO - -> Analyzing version 4.0.96 (36/70)...
2025-11-13 22:31:35,851 - BlankSpaceAnalyzer - INFO - -> Analyzing version 4.1.95 (37/70)...
2025-11-13 22:31:35,852 - BlankSpaceAnalyzer - INFO - -> Analyzing version 4.2.95 (38/70)...
2025-11-13 22:31:35,852 - BlankSpaceAnalyzer - INFO - -> Analyzing version 4.3.95 (39/70)...
2025-11-13 22:31:35,853 - BlankSpaceAnalyzer - INFO - -> Analyzing version 4.4.95 (40/70)...
2025-11-13 22:31:35,853 - BlankSpaceAnalyzer - INFO - -> Analyzing version 4.5.95 (41/70)...
2025-11-13 22:31:35,854 - BlankSpaceAnalyzer - INFO - -> Analyzing version 4.6.95 (42/70)...
2025-11-13 22:31:35,854 - BlankSpaceAnalyzer - INFO - -> Analyzing version 4.7.95 (43/70)...
2025-11-13 22:31:35,855 - BlankSpaceAnalyzer - INFO - -> Analyzing version 4.8.95 (44/70)...
2025-11-13 22:31:35,855 - BlankSpaceAnalyzer - INFO - -> Analyzing version 4.9.95 (45/70)...
2025-11-13 22:31:35,855 - BlankSpaceAnalyzer - INFO - -> Analyzing version 5.0.45 (46/70)...
2025-11-13 22:31:35,856 - BlankSpaceAnalyzer - INFO - -> Analyzing version 5.1.45 (47/70)...
2025-11-13 22:31:35,856 - BlankSpaceAnalyzer - INFO - -> Analyzing version 5.2.45 (48/70)...
2025-11-13 22:31:35,857 - BlankSpaceAnalyzer - INFO - -> Analyzing version 5.3.45 (49/70)...
2025-11-13 22:31:35,857 - BlankSpaceAnalyzer - INFO - -> Analyzing version 5.4.55 (50/70)...
2025-11-13 22:31:35,858 - BlankSpaceAnalyzer - INFO - -> Analyzing version 5.5.55 (51/70)...
2025-11-13 22:31:35,858 - BlankSpaceAnalyzer - INFO - -> Analyzing version 5.6.55 (52/70)...
2025-11-13 22:31:35,858 - BlankSpaceAnalyzer - INFO - -> Analyzing version 5.7.55 (53/70)...
2025-11-13 22:31:35,859 - BlankSpaceAnalyzer - INFO - -> Analyzing version 5.8.55 (54/70)...
2025-11-13 22:31:35,859 - BlankSpaceAnalyzer - INFO - -> Analyzing version 5.9.55 (55/70)...
2025-11-13 22:31:35,860 - BlankSpaceAnalyzer - INFO - -> Analyzing version 6.1.95 (56/70)...
2025-11-13 22:31:35,860 - BlankSpaceAnalyzer - INFO - -> Analyzing version 6.2.95 (57/70)...
2025-11-13 22:31:35,860 - BlankSpaceAnalyzer - INFO - -> Analyzing version 6.3.95 (58/70)...
2025-11-13 22:31:35,861 - BlankSpaceAnalyzer - INFO - -> Analyzing version 6.4.95 (59/70)...
2025-11-13 22:31:35,861 - BlankSpaceAnalyzer - INFO - -> Analyzing version 6.5.95 (60/70)...
2025-11-13 22:31:35,861 - BlankSpaceAnalyzer - INFO - -> Analyzing version 6.6.95 (61/70)...
2025-11-13 22:31:35,862 - BlankSpaceAnalyzer - INFO - -> Analyzing version 6.6.96 (62/70)...
2025-11-13 22:31:35,862 - BlankSpaceAnalyzer - INFO - -> Analyzing version 6.7.96 (63/70)...
2025-11-13 22:31:35,863 - BlankSpaceAnalyzer - INFO - -> Analyzing version 6.8.96 (64/70)...
2025-11-13 22:31:35,863 - BlankSpaceAnalyzer - INFO - -> Analyzing version 6.9.96 (65/70)...
2025-11-13 22:31:35,864 - BlankSpaceAnalyzer - INFO - -> Analyzing version 7.0.96 (66/70)...
2025-11-13 22:31:35,864 - BlankSpaceAnalyzer - INFO - -> Analyzing version 7.1.96 (67/70)...
2025-11-13 22:31:35,865 - BlankSpaceAnalyzer - INFO - -> Analyzing version 7.2.96 (68/70)...
2025-11-13 22:31:35,865 - BlankSpaceAnalyzer - INFO - -> Analyzing version 7.3.67 (69/70)...
2025-11-13 22:31:35,865 - BlankSpaceAnalyzer - INFO - -> Analyzing version 7.4.47 (70/70)...
2025-11-13 22:31:35,866 - BlankSpaceAnalyzer - INFO - Exporting results for '@mdi/font' to CSV...
2025-11-13 22:31:35,926 - BlankSpaceAnalyzer - INFO - Reports saved in: /app/npm_results/@mdi_font
2025-11-13 22:31:35,927 - NPM_Analyzer - INFO - Cleaning temporary folder 'temp/@mdi_font'...
2025-11-13 22:31:35,992 - NPM_Analyzer - INFO - Cleanup completed.
2025-11-14 08:55:35,920 - NPM_Analyzer - INFO - Fetching metadata for '@mdi/font'...
2025-11-14 08:55:36,149 - NPM_Analyzer - INFO - Found 70 versions. Starting download into 'temp/@mdi_font'...
2025-11-14 08:56:34,741 - BlankSpaceAnalyzer - INFO - Analyzing 70 versions for '*.js' in '@mdi_font'.
2025-11-14 08:56:34,741 - BlankSpaceAnalyzer - INFO - -> Analyzing version 1.0.62 (1/70)...
2025-11-14 08:56:34,741 - BlankSpaceAnalyzer - INFO - -> Analyzing version 1.1.34 (2/70)...
2025-11-14 08:56:34,741 - BlankSpaceAnalyzer - INFO - -> Analyzing version 1.1.70 (3/70)...
2025-11-14 08:56:34,742 - BlankSpaceAnalyzer - INFO - -> Analyzing version 1.2.64 (4/70)...
2025-11-14 08:56:34,742 - BlankSpaceAnalyzer - INFO - -> Analyzing version 1.2.65 (5/70)...
2025-11-14 08:56:34,742 - BlankSpaceAnalyzer - INFO - -> Analyzing version 1.3.41 (6/70)...
2025-11-14 08:56:34,743 - BlankSpaceAnalyzer - INFO - -> Analyzing version 1.4.57 (7/70)...
2025-11-14 08:56:34,743 - BlankSpaceAnalyzer - INFO - -> Analyzing version 1.5.54 (8/70)...
2025-11-14 08:56:34,743 - BlankSpaceAnalyzer - INFO - -> Analyzing version 1.6.50 (9/70)...
2025-11-14 08:56:34,743 - BlankSpaceAnalyzer - INFO - -> Analyzing version 1.7.12 (10/70)...
2025-11-14 08:56:34,744 - BlankSpaceAnalyzer - INFO - -> Analyzing version 1.7.22 (11/70)...
2025-11-14 08:56:34,744 - BlankSpaceAnalyzer - INFO - -> Analyzing version 1.8.36 (12/70)...
2025-11-14 08:56:34,744 - BlankSpaceAnalyzer - INFO - -> Analyzing version 1.9.32 (13/70)...
2025-11-14 08:56:34,744 - BlankSpaceAnalyzer - INFO - -> Analyzing version 2.0.46 (14/70)...
2025-11-14 08:56:34,745 - BlankSpaceAnalyzer - INFO - -> Analyzing version 2.1.19 (15/70)...
2025-11-14 08:56:34,745 - BlankSpaceAnalyzer - INFO - -> Analyzing version 2.1.99 (16/70)...
2025-11-14 08:56:34,745 - BlankSpaceAnalyzer - INFO - -> Analyzing version 2.2.43 (17/70)...
2025-11-14 08:56:34,745 - BlankSpaceAnalyzer - INFO - -> Analyzing version 2.3.50 (18/70)...
2025-11-14 08:56:34,746 - BlankSpaceAnalyzer - INFO - -> Analyzing version 2.3.54 (19/70)...
2025-11-14 08:56:34,746 - BlankSpaceAnalyzer - INFO - -> Analyzing version 2.4.85 (20/70)...
2025-11-14 08:56:34,746 - BlankSpaceAnalyzer - INFO - -> Analyzing version 2.5.94 (21/70)...
2025-11-14 08:56:34,746 - BlankSpaceAnalyzer - INFO - -> Analyzing version 2.6.95 (22/70)...
2025-11-14 08:56:34,747 - BlankSpaceAnalyzer - INFO - -> Analyzing version 2.7.94 (23/70)...
2025-11-14 08:56:34,747 - BlankSpaceAnalyzer - INFO - -> Analyzing version 2.8.94 (24/70)...
2025-11-14 08:56:34,747 - BlankSpaceAnalyzer - INFO - -> Analyzing version 3.0.39 (25/70)...
2025-11-14 08:56:34,747 - BlankSpaceAnalyzer - INFO - -> Analyzing version 3.2.89 (26/70)...
2025-11-14 08:56:34,748 - BlankSpaceAnalyzer - INFO - -> Analyzing version 3.3.92 (27/70)...
2025-11-14 08:56:34,748 - BlankSpaceAnalyzer - INFO - -> Analyzing version 3.4.93 (28/70)...
2025-11-14 08:56:34,748 - BlankSpaceAnalyzer - INFO - -> Analyzing version 3.5.94 (29/70)...
2025-11-14 08:56:34,748 - BlankSpaceAnalyzer - INFO - -> Analyzing version 3.5.95 (30/70)...
2025-11-14 08:56:34,749 - BlankSpaceAnalyzer - INFO - -> Analyzing version 3.6.95 (31/70)...
2025-11-14 08:56:34,749 - BlankSpaceAnalyzer - INFO - -> Analyzing version 3.7.95 (32/70)...
2025-11-14 08:56:34,749 - BlankSpaceAnalyzer - INFO - -> Analyzing version 3.8.95 (33/70)...
2025-11-14 08:56:34,749 - BlankSpaceAnalyzer - INFO - -> Analyzing version 3.9.96 (34/70)...
2025-11-14 08:56:34,750 - BlankSpaceAnalyzer - INFO - -> Analyzing version 3.9.97 (35/70)...
2025-11-14 08:56:34,750 - BlankSpaceAnalyzer - INFO - -> Analyzing version 4.0.96 (36/70)...
2025-11-14 08:56:34,750 - BlankSpaceAnalyzer - INFO - -> Analyzing version 4.1.95 (37/70)...
2025-11-14 08:56:34,750 - BlankSpaceAnalyzer - INFO - -> Analyzing version 4.2.95 (38/70)...
2025-11-14 08:56:34,751 - BlankSpaceAnalyzer - INFO - -> Analyzing version 4.3.95 (39/70)...
2025-11-14 08:56:34,751 - BlankSpaceAnalyzer - INFO - -> Analyzing version 4.4.95 (40/70)...
2025-11-14 08:56:34,751 - BlankSpaceAnalyzer - INFO - -> Analyzing version 4.5.95 (41/70)...
2025-11-14 08:56:34,751 - BlankSpaceAnalyzer - INFO - -> Analyzing version 4.6.95 (42/70)...
2025-11-14 08:56:34,752 - BlankSpaceAnalyzer - INFO - -> Analyzing version 4.7.95 (43/70)...
2025-11-14 08:56:34,752 - BlankSpaceAnalyzer - INFO - -> Analyzing version 4.8.95 (44/70)...
2025-11-14 08:56:34,752 - BlankSpaceAnalyzer - INFO - -> Analyzing version 4.9.95 (45/70)...
2025-11-14 08:56:34,752 - BlankSpaceAnalyzer - INFO - -> Analyzing version 5.0.45 (46/70)...
2025-11-14 08:56:34,753 - BlankSpaceAnalyzer - INFO - -> Analyzing version 5.1.45 (47/70)...
2025-11-14 08:56:34,753 - BlankSpaceAnalyzer - INFO - -> Analyzing version 5.2.45 (48/70)...
2025-11-14 08:56:34,753 - BlankSpaceAnalyzer - INFO - -> Analyzing version 5.3.45 (49/70)...
2025-11-14 08:56:34,754 - BlankSpaceAnalyzer - INFO - -> Analyzing version 5.4.55 (50/70)...
2025-11-14 08:56:34,754 - BlankSpaceAnalyzer - INFO - -> Analyzing version 5.5.55 (51/70)...
2025-11-14 08:56:34,754 - BlankSpaceAnalyzer - INFO - -> Analyzing version 5.6.55 (52/70)...
2025-11-14 08:56:34,755 - BlankSpaceAnalyzer - INFO - -> Analyzing version 5.7.55 (53/70)...
2025-11-14 08:56:34,755 - BlankSpaceAnalyzer - INFO - -> Analyzing version 5.8.55 (54/70)...
2025-11-14 08:56:34,756 - BlankSpaceAnalyzer - INFO - -> Analyzing version 5.9.55 (55/70)...
2025-11-14 08:56:34,756 - BlankSpaceAnalyzer - INFO - -> Analyzing version 6.1.95 (56/70)...
2025-11-14 08:56:34,756 - BlankSpaceAnalyzer - INFO - -> Analyzing version 6.2.95 (57/70)...
2025-11-14 08:56:34,757 - BlankSpaceAnalyzer - INFO - -> Analyzing version 6.3.95 (58/70)...
2025-11-14 08:56:34,757 - BlankSpaceAnalyzer - INFO - -> Analyzing version 6.4.95 (59/70)...
2025-11-14 08:56:34,758 - BlankSpaceAnalyzer - INFO - -> Analyzing version 6.5.95 (60/70)...
2025-11-14 08:56:34,758 - BlankSpaceAnalyzer - INFO - -> Analyzing version 6.6.95 (61/70)...
2025-11-14 08:56:34,759 - BlankSpaceAnalyzer - INFO - -> Analyzing version 6.6.96 (62/70)...
2025-11-14 08:56:34,759 - BlankSpaceAnalyzer - INFO - -> Analyzing version 6.7.96 (63/70)...
2025-11-14 08:56:34,760 - BlankSpaceAnalyzer - INFO - -> Analyzing version 6.8.96 (64/70)...
2025-11-14 08:56:34,760 - BlankSpaceAnalyzer - INFO - -> Analyzing version 6.9.96 (65/70)...
2025-11-14 08:56:34,761 - BlankSpaceAnalyzer - INFO - -> Analyzing version 7.0.96 (66/70)...
2025-11-14 08:56:34,761 - BlankSpaceAnalyzer - INFO - -> Analyzing version 7.1.96 (67/70)...
2025-11-14 08:56:34,762 - BlankSpaceAnalyzer - INFO - -> Analyzing version 7.2.96 (68/70)...
2025-11-14 08:56:34,762 - BlankSpaceAnalyzer - INFO - -> Analyzing version 7.3.67 (69/70)...
2025-11-14 08:56:34,763 - BlankSpaceAnalyzer - INFO - -> Analyzing version 7.4.47 (70/70)...
2025-11-14 08:56:34,764 - BlankSpaceAnalyzer - INFO - Exporting results for '@mdi/font' to CSV...
2025-11-14 08:56:34,825 - BlankSpaceAnalyzer - INFO - Reports saved in: /app/npm_results/@mdi_font
2025-11-14 08:56:34,825 - NPM_Analyzer - INFO - Cleaning temporary folder 'temp/@mdi_font'...
2025-11-14 08:56:34,896 - NPM_Analyzer - INFO - Cleanup completed.
2025-11-14 19:29:33,508 - NPM_Analyzer - INFO - Fetching metadata for '@mdi/font'...
2025-11-14 19:29:33,718 - NPM_Analyzer - INFO - Found 70 versions. Starting download into 'temp/@mdi_font'...
2025-11-14 19:30:41,335 - BlankSpaceAnalyzer - INFO - Analyzing 70 versions for '*.js' in '@mdi_font'.
2025-11-14 19:30:41,336 - BlankSpaceAnalyzer - INFO - -> Analyzing version 1.0.62 (1/70)...
2025-11-14 19:30:41,337 - BlankSpaceAnalyzer - INFO - -> Analyzing version 1.1.34 (2/70)...
2025-11-14 19:30:41,338 - BlankSpaceAnalyzer - INFO - -> Analyzing version 1.1.70 (3/70)...
2025-11-14 19:30:41,340 - BlankSpaceAnalyzer - INFO - -> Analyzing version 1.2.64 (4/70)...
2025-11-14 19:30:41,341 - BlankSpaceAnalyzer - INFO - -> Analyzing version 1.2.65 (5/70)...
2025-11-14 19:30:41,342 - BlankSpaceAnalyzer - INFO - -> Analyzing version 1.3.41 (6/70)...
2025-11-14 19:30:41,343 - BlankSpaceAnalyzer - INFO - -> Analyzing version 1.4.57 (7/70)...
2025-11-14 19:30:41,345 - BlankSpaceAnalyzer - INFO - -> Analyzing version 1.5.54 (8/70)...
2025-11-14 19:30:41,346 - BlankSpaceAnalyzer - INFO - -> Analyzing version 1.6.50 (9/70)...
2025-11-14 19:30:41,347 - BlankSpaceAnalyzer - INFO - -> Analyzing version 1.7.12 (10/70)...
2025-11-14 19:30:41,348 - BlankSpaceAnalyzer - INFO - -> Analyzing version 1.7.22 (11/70)...
2025-11-14 19:30:41,348 - BlankSpaceAnalyzer - INFO - -> Analyzing version 1.8.36 (12/70)...
2025-11-14 19:30:41,349 - BlankSpaceAnalyzer - INFO - -> Analyzing version 1.9.32 (13/70)...
2025-11-14 19:30:41,350 - BlankSpaceAnalyzer - INFO - -> Analyzing version 2.0.46 (14/70)...
2025-11-14 19:30:41,351 - BlankSpaceAnalyzer - INFO - -> Analyzing version 2.1.19 (15/70)...
2025-11-14 19:30:41,352 - BlankSpaceAnalyzer - INFO - -> Analyzing version 2.1.99 (16/70)...
2025-11-14 19:30:41,353 - BlankSpaceAnalyzer - INFO - -> Analyzing version 2.2.43 (17/70)...
2025-11-14 19:30:41,353 - BlankSpaceAnalyzer - INFO - -> Analyzing version 2.3.50 (18/70)...
2025-11-14 19:30:41,354 - BlankSpaceAnalyzer - INFO - -> Analyzing version 2.3.54 (19/70)...
2025-11-14 19:30:41,355 - BlankSpaceAnalyzer - INFO - -> Analyzing version 2.4.85 (20/70)...
2025-11-14 19:30:41,356 - BlankSpaceAnalyzer - INFO - -> Analyzing version 2.5.94 (21/70)...
2025-11-14 19:30:41,357 - BlankSpaceAnalyzer - INFO - -> Analyzing version 2.6.95 (22/70)...
2025-11-14 19:30:41,357 - BlankSpaceAnalyzer - INFO - -> Analyzing version 2.7.94 (23/70)...
2025-11-14 19:30:41,358 - BlankSpaceAnalyzer - INFO - -> Analyzing version 2.8.94 (24/70)...
2025-11-14 19:30:41,358 - BlankSpaceAnalyzer - INFO - -> Analyzing version 3.0.39 (25/70)...
2025-11-14 19:30:41,359 - BlankSpaceAnalyzer - INFO - -> Analyzing version 3.2.89 (26/70)...
2025-11-14 19:30:41,360 - BlankSpaceAnalyzer - INFO - -> Analyzing version 3.3.92 (27/70)...
2025-11-14 19:30:41,360 - BlankSpaceAnalyzer - INFO - -> Analyzing version 3.4.93 (28/70)...
2025-11-14 19:30:41,361 - BlankSpaceAnalyzer - INFO - -> Analyzing version 3.5.94 (29/70)...
2025-11-14 19:30:41,361 - BlankSpaceAnalyzer - INFO - -> Analyzing version 3.5.95 (30/70)...
2025-11-14 19:30:41,362 - BlankSpaceAnalyzer - INFO - -> Analyzing version 3.6.95 (31/70)...
2025-11-14 19:30:41,363 - BlankSpaceAnalyzer - INFO - -> Analyzing version 3.7.95 (32/70)...
2025-11-14 19:30:41,363 - BlankSpaceAnalyzer - INFO - -> Analyzing version 3.8.95 (33/70)...
2025-11-14 19:30:41,364 - BlankSpaceAnalyzer - INFO - -> Analyzing version 3.9.96 (34/70)...
2025-11-14 19:30:41,364 - BlankSpaceAnalyzer - INFO - -> Analyzing version 3.9.97 (35/70)...
2025-11-14 19:30:41,365 - BlankSpaceAnalyzer - INFO - -> Analyzing version 4.0.96 (36/70)...
2025-11-14 19:30:41,365 - BlankSpaceAnalyzer - INFO - -> Analyzing version 4.1.95 (37/70)...
2025-11-14 19:30:41,366 - BlankSpaceAnalyzer - INFO - -> Analyzing version 4.2.95 (38/70)...
2025-11-14 19:30:41,366 - BlankSpaceAnalyzer - INFO - -> Analyzing version 4.3.95 (39/70)...
2025-11-14 19:30:41,367 - BlankSpaceAnalyzer - INFO - -> Analyzing version 4.4.95 (40/70)...
2025-11-14 19:30:41,367 - BlankSpaceAnalyzer - INFO - -> Analyzing version 4.5.95 (41/70)...
2025-11-14 19:30:41,368 - BlankSpaceAnalyzer - INFO - -> Analyzing version 4.6.95 (42/70)...
2025-11-14 19:30:41,368 - BlankSpaceAnalyzer - INFO - -> Analyzing version 4.7.95 (43/70)...
2025-11-14 19:30:41,369 - BlankSpaceAnalyzer - INFO - -> Analyzing version 4.8.95 (44/70)...
2025-11-14 19:30:41,369 - BlankSpaceAnalyzer - INFO - -> Analyzing version 4.9.95 (45/70)...
2025-11-14 19:30:41,369 - BlankSpaceAnalyzer - INFO - -> Analyzing version 5.0.45 (46/70)...
2025-11-14 19:30:41,370 - BlankSpaceAnalyzer - INFO - -> Analyzing version 5.1.45 (47/70)...
2025-11-14 19:30:41,370 - BlankSpaceAnalyzer - INFO - -> Analyzing version 5.2.45 (48/70)...
2025-11-14 19:30:41,371 - BlankSpaceAnalyzer - INFO - -> Analyzing version 5.3.45 (49/70)...
2025-11-14 19:30:41,371 - BlankSpaceAnalyzer - INFO - -> Analyzing version 5.4.55 (50/70)...
2025-11-14 19:30:41,372 - BlankSpaceAnalyzer - INFO - -> Analyzing version 5.5.55 (51/70)...
2025-11-14 19:30:41,372 - BlankSpaceAnalyzer - INFO - -> Analyzing version 5.6.55 (52/70)...
2025-11-14 19:30:41,372 - BlankSpaceAnalyzer - INFO - -> Analyzing version 5.7.55 (53/70)...
2025-11-14 19:30:41,373 - BlankSpaceAnalyzer - INFO - -> Analyzing version 5.8.55 (54/70)...
2025-11-14 19:30:41,373 - BlankSpaceAnalyzer - INFO - -> Analyzing version 5.9.55 (55/70)...
2025-11-14 19:30:41,373 - BlankSpaceAnalyzer - INFO - -> Analyzing version 6.1.95 (56/70)...
2025-11-14 19:30:41,374 - BlankSpaceAnalyzer - INFO - -> Analyzing version 6.2.95 (57/70)...
2025-11-14 19:30:41,374 - BlankSpaceAnalyzer - INFO - -> Analyzing version 6.3.95 (58/70)...
2025-11-14 19:30:41,374 - BlankSpaceAnalyzer - INFO - -> Analyzing version 6.4.95 (59/70)...
2025-11-14 19:30:41,375 - BlankSpaceAnalyzer - INFO - -> Analyzing version 6.5.95 (60/70)...
2025-11-14 19:30:41,375 - BlankSpaceAnalyzer - INFO - -> Analyzing version 6.6.95 (61/70)...
2025-11-14 19:30:41,375 - BlankSpaceAnalyzer - INFO - -> Analyzing version 6.6.96 (62/70)...
2025-11-14 19:30:41,375 - BlankSpaceAnalyzer - INFO - -> Analyzing version 6.7.96 (63/70)...
2025-11-14 19:30:41,376 - BlankSpaceAnalyzer - INFO - -> Analyzing version 6.8.96 (64/70)...
2025-11-14 19:30:41,376 - BlankSpaceAnalyzer - INFO - -> Analyzing version 6.9.96 (65/70)...
2025-11-14 19:30:41,377 - BlankSpaceAnalyzer - INFO - -> Analyzing version 7.0.96 (66/70)...
2025-11-14 19:30:41,377 - BlankSpaceAnalyzer - INFO - -> Analyzing version 7.1.96 (67/70)...
2025-11-14 19:30:41,377 - BlankSpaceAnalyzer - INFO - -> Analyzing version 7.2.96 (68/70)...
2025-11-14 19:30:41,378 - BlankSpaceAnalyzer - INFO - -> Analyzing version 7.3.67 (69/70)...
2025-11-14 19:30:41,378 - BlankSpaceAnalyzer - INFO - -> Analyzing version 7.4.47 (70/70)...
2025-11-14 19:30:41,379 - BlankSpaceAnalyzer - INFO - Exporting results for '@mdi/font' to CSV...
2025-11-14 19:30:41,440 - BlankSpaceAnalyzer - INFO - Reports saved in: /app/npm_results/@mdi_font
2025-11-14 19:30:41,440 - NPM_Analyzer - INFO - Cleaning temporary folder 'temp/@mdi_font'...
2025-11-14 19:30:41,513 - NPM_Analyzer - INFO - Cleanup completed.
2025-11-15 06:07:16,307 - NPM_Analyzer - INFO - Fetching metadata for '@mdi/font'...
2025-11-15 06:07:16,404 - NPM_Analyzer - INFO - Found 70 versions. Starting download into 'temp/@mdi_font'...
2025-11-15 06:08:24,649 - BlankSpaceAnalyzer - INFO - Analyzing 70 versions for '*.js' in '@mdi_font'.
2025-11-15 06:08:24,650 - BlankSpaceAnalyzer - INFO - -> Analyzing version 1.0.62 (1/70)...
2025-11-15 06:08:24,651 - BlankSpaceAnalyzer - INFO - -> Analyzing version 1.1.34 (2/70)...
2025-11-15 06:08:24,653 - BlankSpaceAnalyzer - INFO - -> Analyzing version 1.1.70 (3/70)...
2025-11-15 06:08:24,654 - BlankSpaceAnalyzer - INFO - -> Analyzing version 1.2.64 (4/70)...
2025-11-15 06:08:24,655 - BlankSpaceAnalyzer - INFO - -> Analyzing version 1.2.65 (5/70)...
2025-11-15 06:08:24,657 - BlankSpaceAnalyzer - INFO - -> Analyzing version 1.3.41 (6/70)...
2025-11-15 06:08:24,658 - BlankSpaceAnalyzer - INFO - -> Analyzing version 1.4.57 (7/70)...
2025-11-15 06:08:24,659 - BlankSpaceAnalyzer - INFO - -> Analyzing version 1.5.54 (8/70)...
2025-11-15 06:08:24,660 - BlankSpaceAnalyzer - INFO - -> Analyzing version 1.6.50 (9/70)...
2025-11-15 06:08:24,662 - BlankSpaceAnalyzer - INFO - -> Analyzing version 1.7.12 (10/70)...
2025-11-15 06:08:24,663 - BlankSpaceAnalyzer - INFO - -> Analyzing version 1.7.22 (11/70)...
2025-11-15 06:08:24,664 - BlankSpaceAnalyzer - INFO - -> Analyzing version 1.8.36 (12/70)...
2025-11-15 06:08:24,665 - BlankSpaceAnalyzer - INFO - -> Analyzing version 1.9.32 (13/70)...
2025-11-15 06:08:24,667 - BlankSpaceAnalyzer - INFO - -> Analyzing version 2.0.46 (14/70)...
2025-11-15 06:08:24,668 - BlankSpaceAnalyzer - INFO - -> Analyzing version 2.1.19 (15/70)...
2025-11-15 06:08:24,669 - BlankSpaceAnalyzer - INFO - -> Analyzing version 2.1.99 (16/70)...
2025-11-15 06:08:24,671 - BlankSpaceAnalyzer - INFO - -> Analyzing version 2.2.43 (17/70)...
2025-11-15 06:08:24,672 - BlankSpaceAnalyzer - INFO - -> Analyzing version 2.3.50 (18/70)...
2025-11-15 06:08:24,673 - BlankSpaceAnalyzer - INFO - -> Analyzing version 2.3.54 (19/70)...
2025-11-15 06:08:24,674 - BlankSpaceAnalyzer - INFO - -> Analyzing version 2.4.85 (20/70)...
2025-11-15 06:08:24,675 - BlankSpaceAnalyzer - INFO - -> Analyzing version 2.5.94 (21/70)...
2025-11-15 06:08:24,676 - BlankSpaceAnalyzer - INFO - -> Analyzing version 2.6.95 (22/70)...
2025-11-15 06:08:24,677 - BlankSpaceAnalyzer - INFO - -> Analyzing version 2.7.94 (23/70)...
2025-11-15 06:08:24,677 - BlankSpaceAnalyzer - INFO - -> Analyzing version 2.8.94 (24/70)...
2025-11-15 06:08:24,678 - BlankSpaceAnalyzer - INFO - -> Analyzing version 3.0.39 (25/70)...
2025-11-15 06:08:24,679 - BlankSpaceAnalyzer - INFO - -> Analyzing version 3.2.89 (26/70)...
2025-11-15 06:08:24,679 - BlankSpaceAnalyzer - INFO - -> Analyzing version 3.3.92 (27/70)...
2025-11-15 06:08:24,680 - BlankSpaceAnalyzer - INFO - -> Analyzing version 3.4.93 (28/70)...
2025-11-15 06:08:24,681 - BlankSpaceAnalyzer - INFO - -> Analyzing version 3.5.94 (29/70)...
2025-11-15 06:08:24,681 - BlankSpaceAnalyzer - INFO - -> Analyzing version 3.5.95 (30/70)...
2025-11-15 06:08:24,682 - BlankSpaceAnalyzer - INFO - -> Analyzing version 3.6.95 (31/70)...
2025-11-15 06:08:24,683 - BlankSpaceAnalyzer - INFO - -> Analyzing version 3.7.95 (32/70)...
2025-11-15 06:08:24,683 - BlankSpaceAnalyzer - INFO - -> Analyzing version 3.8.95 (33/70)...
2025-11-15 06:08:24,684 - BlankSpaceAnalyzer - INFO - -> Analyzing version 3.9.96 (34/70)...
2025-11-15 06:08:24,684 - BlankSpaceAnalyzer - INFO - -> Analyzing version 3.9.97 (35/70)...
2025-11-15 06:08:24,685 - BlankSpaceAnalyzer - INFO - -> Analyzing version 4.0.96 (36/70)...
2025-11-15 06:08:24,685 - BlankSpaceAnalyzer - INFO - -> Analyzing version 4.1.95 (37/70)...
2025-11-15 06:08:24,686 - BlankSpaceAnalyzer - INFO - -> Analyzing version 4.2.95 (38/70)...
2025-11-15 06:08:24,686 - BlankSpaceAnalyzer - INFO - -> Analyzing version 4.3.95 (39/70)...
2025-11-15 06:08:24,687 - BlankSpaceAnalyzer - INFO - -> Analyzing version 4.4.95 (40/70)...
2025-11-15 06:08:24,687 - BlankSpaceAnalyzer - INFO - -> Analyzing version 4.5.95 (41/70)...
2025-11-15 06:08:24,688 - BlankSpaceAnalyzer - INFO - -> Analyzing version 4.6.95 (42/70)...
2025-11-15 06:08:24,688 - BlankSpaceAnalyzer - INFO - -> Analyzing version 4.7.95 (43/70)...
2025-11-15 06:08:24,689 - BlankSpaceAnalyzer - INFO - -> Analyzing version 4.8.95 (44/70)...
2025-11-15 06:08:24,689 - BlankSpaceAnalyzer - INFO - -> Analyzing version 4.9.95 (45/70)...
2025-11-15 06:08:24,689 - BlankSpaceAnalyzer - INFO - -> Analyzing version 5.0.45 (46/70)...
2025-11-15 06:08:24,690 - BlankSpaceAnalyzer - INFO - -> Analyzing version 5.1.45 (47/70)...
2025-11-15 06:08:24,690 - BlankSpaceAnalyzer - INFO - -> Analyzing version 5.2.45 (48/70)...
2025-11-15 06:08:24,691 - BlankSpaceAnalyzer - INFO - -> Analyzing version 5.3.45 (49/70)...
2025-11-15 06:08:24,691 - BlankSpaceAnalyzer - INFO - -> Analyzing version 5.4.55 (50/70)...
2025-11-15 06:08:24,692 - BlankSpaceAnalyzer - INFO - -> Analyzing version 5.5.55 (51/70)...
2025-11-15 06:08:24,692 - BlankSpaceAnalyzer - INFO - -> Analyzing version 5.6.55 (52/70)...
2025-11-15 06:08:24,692 - BlankSpaceAnalyzer - INFO - -> Analyzing version 5.7.55 (53/70)...
2025-11-15 06:08:24,693 - BlankSpaceAnalyzer - INFO - -> Analyzing version 5.8.55 (54/70)...
2025-11-15 06:08:24,693 - BlankSpaceAnalyzer - INFO - -> Analyzing version 5.9.55 (55/70)...
2025-11-15 06:08:24,694 - BlankSpaceAnalyzer - INFO - -> Analyzing version 6.1.95 (56/70)...
2025-11-15 06:08:24,694 - BlankSpaceAnalyzer - INFO - -> Analyzing version 6.2.95 (57/70)...
2025-11-15 06:08:24,694 - BlankSpaceAnalyzer - INFO - -> Analyzing version 6.3.95 (58/70)...
2025-11-15 06:08:24,695 - BlankSpaceAnalyzer - INFO - -> Analyzing version 6.4.95 (59/70)...
2025-11-15 06:08:24,695 - BlankSpaceAnalyzer - INFO - -> Analyzing version 6.5.95 (60/70)...
2025-11-15 06:08:24,695 - BlankSpaceAnalyzer - INFO - -> Analyzing version 6.6.95 (61/70)...
2025-11-15 06:08:24,695 - BlankSpaceAnalyzer - INFO - -> Analyzing version 6.6.96 (62/70)...
2025-11-15 06:08:24,696 - BlankSpaceAnalyzer - INFO - -> Analyzing version 6.7.96 (63/70)...
2025-11-15 06:08:24,696 - BlankSpaceAnalyzer - INFO - -> Analyzing version 6.8.96 (64/70)...
2025-11-15 06:08:24,697 - BlankSpaceAnalyzer - INFO - -> Analyzing version 6.9.96 (65/70)...
2025-11-15 06:08:24,697 - BlankSpaceAnalyzer - INFO - -> Analyzing version 7.0.96 (66/70)...
2025-11-15 06:08:24,697 - BlankSpaceAnalyzer - INFO - -> Analyzing version 7.1.96 (67/70)...
2025-11-15 06:08:24,698 - BlankSpaceAnalyzer - INFO - -> Analyzing version 7.2.96 (68/70)...
2025-11-15 06:08:24,698 - BlankSpaceAnalyzer - INFO - -> Analyzing version 7.3.67 (69/70)...
2025-11-15 06:08:24,699 - BlankSpaceAnalyzer - INFO - -> Analyzing version 7.4.47 (70/70)...
2025-11-15 06:08:24,699 - BlankSpaceAnalyzer - INFO - Exporting results for '@mdi/font' to CSV...
2025-11-15 06:08:24,750 - BlankSpaceAnalyzer - INFO - Reports saved in: /app/npm_results/@mdi_font
2025-11-15 06:08:24,750 - NPM_Analyzer - INFO - Cleaning temporary folder 'temp/@mdi_font'...
2025-11-15 06:08:24,818 - NPM_Analyzer - INFO - Cleanup completed.
2025-11-15 16:42:04,272 - NPM_Analyzer - INFO - Fetching metadata for '@mdi/font'...
2025-11-15 16:42:04,500 - NPM_Analyzer - INFO - Found 70 versions. Starting download into 'temp/@mdi_font'...
2025-11-15 16:43:13,527 - BlankSpaceAnalyzer - INFO - Analyzing 70 versions for '*.js' in '@mdi_font'.
2025-11-15 16:43:13,528 - BlankSpaceAnalyzer - INFO - -> Analyzing version 1.0.62 (1/70)...
2025-11-15 16:43:13,529 - BlankSpaceAnalyzer - INFO - -> Analyzing version 1.1.34 (2/70)...
2025-11-15 16:43:13,530 - BlankSpaceAnalyzer - INFO - -> Analyzing version 1.1.70 (3/70)...
2025-11-15 16:43:13,532 - BlankSpaceAnalyzer - INFO - -> Analyzing version 1.2.64 (4/70)...
2025-11-15 16:43:13,533 - BlankSpaceAnalyzer - INFO - -> Analyzing version 1.2.65 (5/70)...
2025-11-15 16:43:13,534 - BlankSpaceAnalyzer - INFO - -> Analyzing version 1.3.41 (6/70)...
2025-11-15 16:43:13,536 - BlankSpaceAnalyzer - INFO - -> Analyzing version 1.4.57 (7/70)...
2025-11-15 16:43:13,537 - BlankSpaceAnalyzer - INFO - -> Analyzing version 1.5.54 (8/70)...
2025-11-15 16:43:13,538 - BlankSpaceAnalyzer - INFO - -> Analyzing version 1.6.50 (9/70)...
2025-11-15 16:43:13,539 - BlankSpaceAnalyzer - INFO - -> Analyzing version 1.7.12 (10/70)...
2025-11-15 16:43:13,541 - BlankSpaceAnalyzer - INFO - -> Analyzing version 1.7.22 (11/70)...
2025-11-15 16:43:13,542 - BlankSpaceAnalyzer - INFO - -> Analyzing version 1.8.36 (12/70)...
2025-11-15 16:43:13,543 - BlankSpaceAnalyzer - INFO - -> Analyzing version 1.9.32 (13/70)...
2025-11-15 16:43:13,544 - BlankSpaceAnalyzer - INFO - -> Analyzing version 2.0.46 (14/70)...
2025-11-15 16:43:13,546 - BlankSpaceAnalyzer - INFO - -> Analyzing version 2.1.19 (15/70)...
2025-11-15 16:43:13,547 - BlankSpaceAnalyzer - INFO - -> Analyzing version 2.1.99 (16/70)...
2025-11-15 16:43:13,548 - BlankSpaceAnalyzer - INFO - -> Analyzing version 2.2.43 (17/70)...
2025-11-15 16:43:13,549 - BlankSpaceAnalyzer - INFO - -> Analyzing version 2.3.50 (18/70)...
2025-11-15 16:43:13,551 - BlankSpaceAnalyzer - INFO - -> Analyzing version 2.3.54 (19/70)...
2025-11-15 16:43:13,552 - BlankSpaceAnalyzer - INFO - -> Analyzing version 2.4.85 (20/70)...
2025-11-15 16:43:13,553 - BlankSpaceAnalyzer - INFO - -> Analyzing version 2.5.94 (21/70)...
2025-11-15 16:43:13,555 - BlankSpaceAnalyzer - INFO - -> Analyzing version 2.6.95 (22/70)...
2025-11-15 16:43:13,556 - BlankSpaceAnalyzer - INFO - -> Analyzing version 2.7.94 (23/70)...
2025-11-15 16:43:13,557 - BlankSpaceAnalyzer - INFO - -> Analyzing version 2.8.94 (24/70)...
2025-11-15 16:43:13,558 - BlankSpaceAnalyzer - INFO - -> Analyzing version 3.0.39 (25/70)...
2025-11-15 16:43:13,559 - BlankSpaceAnalyzer - INFO - -> Analyzing version 3.2.89 (26/70)...
2025-11-15 16:43:13,559 - BlankSpaceAnalyzer - INFO - -> Analyzing version 3.3.92 (27/70)...
2025-11-15 16:43:13,560 - BlankSpaceAnalyzer - INFO - -> Analyzing version 3.4.93 (28/70)...
2025-11-15 16:43:13,561 - BlankSpaceAnalyzer - INFO - -> Analyzing version 3.5.94 (29/70)...
2025-11-15 16:43:13,561 - BlankSpaceAnalyzer - INFO - -> Analyzing version 3.5.95 (30/70)...
2025-11-15 16:43:13,562 - BlankSpaceAnalyzer - INFO - -> Analyzing version 3.6.95 (31/70)...
2025-11-15 16:43:13,562 - BlankSpaceAnalyzer - INFO - -> Analyzing version 3.7.95 (32/70)...
2025-11-15 16:43:13,563 - BlankSpaceAnalyzer - INFO - -> Analyzing version 3.8.95 (33/70)...
2025-11-15 16:43:13,563 - BlankSpaceAnalyzer - INFO - -> Analyzing version 3.9.96 (34/70)...
2025-11-15 16:43:13,564 - BlankSpaceAnalyzer - INFO - -> Analyzing version 3.9.97 (35/70)...
2025-11-15 16:43:13,564 - BlankSpaceAnalyzer - INFO - -> Analyzing version 4.0.96 (36/70)...
2025-11-15 16:43:13,565 - BlankSpaceAnalyzer - INFO - -> Analyzing version 4.1.95 (37/70)...
2025-11-15 16:43:13,565 - BlankSpaceAnalyzer - INFO - -> Analyzing version 4.2.95 (38/70)...
2025-11-15 16:43:13,566 - BlankSpaceAnalyzer - INFO - -> Analyzing version 4.3.95 (39/70)...
2025-11-15 16:43:13,566 - BlankSpaceAnalyzer - INFO - -> Analyzing version 4.4.95 (40/70)...
2025-11-15 16:43:13,567 - BlankSpaceAnalyzer - INFO - -> Analyzing version 4.5.95 (41/70)...
2025-11-15 16:43:13,568 - BlankSpaceAnalyzer - INFO - -> Analyzing version 4.6.95 (42/70)...
2025-11-15 16:43:13,568 - BlankSpaceAnalyzer - INFO - -> Analyzing version 4.7.95 (43/70)...
2025-11-15 16:43:13,568 - BlankSpaceAnalyzer - INFO - -> Analyzing version 4.8.95 (44/70)...
2025-11-15 16:43:13,569 - BlankSpaceAnalyzer - INFO - -> Analyzing version 4.9.95 (45/70)...
2025-11-15 16:43:13,569 - BlankSpaceAnalyzer - INFO - -> Analyzing version 5.0.45 (46/70)...
2025-11-15 16:43:13,570 - BlankSpaceAnalyzer - INFO - -> Analyzing version 5.1.45 (47/70)...
2025-11-15 16:43:13,570 - BlankSpaceAnalyzer - INFO - -> Analyzing version 5.2.45 (48/70)...
2025-11-15 16:43:13,570 - BlankSpaceAnalyzer - INFO - -> Analyzing version 5.3.45 (49/70)...
2025-11-15 16:43:13,571 - BlankSpaceAnalyzer - INFO - -> Analyzing version 5.4.55 (50/70)...
2025-11-15 16:43:13,571 - BlankSpaceAnalyzer - INFO - -> Analyzing version 5.5.55 (51/70)...
2025-11-15 16:43:13,571 - BlankSpaceAnalyzer - INFO - -> Analyzing version 5.6.55 (52/70)...
2025-11-15 16:43:13,572 - BlankSpaceAnalyzer - INFO - -> Analyzing version 5.7.55 (53/70)...
2025-11-15 16:43:13,572 - BlankSpaceAnalyzer - INFO - -> Analyzing version 5.8.55 (54/70)...
2025-11-15 16:43:13,572 - BlankSpaceAnalyzer - INFO - -> Analyzing version 5.9.55 (55/70)...
2025-11-15 16:43:13,573 - BlankSpaceAnalyzer - INFO - -> Analyzing version 6.1.95 (56/70)...
2025-11-15 16:43:13,573 - BlankSpaceAnalyzer - INFO - -> Analyzing version 6.2.95 (57/70)...
2025-11-15 16:43:13,574 - BlankSpaceAnalyzer - INFO - -> Analyzing version 6.3.95 (58/70)...
2025-11-15 16:43:13,574 - BlankSpaceAnalyzer - INFO - -> Analyzing version 6.4.95 (59/70)...
2025-11-15 16:43:13,574 - BlankSpaceAnalyzer - INFO - -> Analyzing version 6.5.95 (60/70)...
2025-11-15 16:43:13,574 - BlankSpaceAnalyzer - INFO - -> Analyzing version 6.6.95 (61/70)...
2025-11-15 16:43:13,575 - BlankSpaceAnalyzer - INFO - -> Analyzing version 6.6.96 (62/70)...
2025-11-15 16:43:13,575 - BlankSpaceAnalyzer - INFO - -> Analyzing version 6.7.96 (63/70)...
2025-11-15 16:43:13,575 - BlankSpaceAnalyzer - INFO - -> Analyzing version 6.8.96 (64/70)...
2025-11-15 16:43:13,576 - BlankSpaceAnalyzer - INFO - -> Analyzing version 6.9.96 (65/70)...
2025-11-15 16:43:13,576 - BlankSpaceAnalyzer - INFO - -> Analyzing version 7.0.96 (66/70)...
2025-11-15 16:43:13,577 - BlankSpaceAnalyzer - INFO - -> Analyzing version 7.1.96 (67/70)...
2025-11-15 16:43:13,577 - BlankSpaceAnalyzer - INFO - -> Analyzing version 7.2.96 (68/70)...
2025-11-15 16:43:13,578 - BlankSpaceAnalyzer - INFO - -> Analyzing version 7.3.67 (69/70)...
2025-11-15 16:43:13,578 - BlankSpaceAnalyzer - INFO - -> Analyzing version 7.4.47 (70/70)...
2025-11-15 16:43:13,579 - BlankSpaceAnalyzer - INFO - Exporting results for '@mdi/font' to CSV...
2025-11-15 16:43:13,627 - BlankSpaceAnalyzer - INFO - Reports saved in: /app/npm_results/@mdi_font
2025-11-15 16:43:13,627 - NPM_Analyzer - INFO - Cleaning temporary folder 'temp/@mdi_font'...
2025-11-15 16:43:13,702 - NPM_Analyzer - INFO - Cleanup completed.
2025-11-16 03:11:25,173 - NPM_Analyzer - INFO - Fetching metadata for '@mdi/font'...
2025-11-16 03:11:25,339 - NPM_Analyzer - INFO - Found 70 versions. Starting download into 'temp/@mdi_font'...
2025-11-16 03:12:30,310 - BlankSpaceAnalyzer - INFO - Analyzing 70 versions for '*.js' in '@mdi_font'.
2025-11-16 03:12:30,311 - BlankSpaceAnalyzer - INFO - -> Analyzing version 1.0.62 (1/70)...
2025-11-16 03:12:30,312 - BlankSpaceAnalyzer - INFO - -> Analyzing version 1.1.34 (2/70)...
2025-11-16 03:12:30,313 - BlankSpaceAnalyzer - INFO - -> Analyzing version 1.1.70 (3/70)...
2025-11-16 03:12:30,314 - BlankSpaceAnalyzer - INFO - -> Analyzing version 1.2.64 (4/70)...
2025-11-16 03:12:30,316 - BlankSpaceAnalyzer - INFO - -> Analyzing version 1.2.65 (5/70)...
2025-11-16 03:12:30,317 - BlankSpaceAnalyzer - INFO - -> Analyzing version 1.3.41 (6/70)...
2025-11-16 03:12:30,318 - BlankSpaceAnalyzer - INFO - -> Analyzing version 1.4.57 (7/70)...
2025-11-16 03:12:30,319 - BlankSpaceAnalyzer - INFO - -> Analyzing version 1.5.54 (8/70)...
2025-11-16 03:12:30,320 - BlankSpaceAnalyzer - INFO - -> Analyzing version 1.6.50 (9/70)...
2025-11-16 03:12:30,322 - BlankSpaceAnalyzer - INFO - -> Analyzing version 1.7.12 (10/70)...
2025-11-16 03:12:30,323 - BlankSpaceAnalyzer - INFO - -> Analyzing version 1.7.22 (11/70)...
2025-11-16 03:12:30,324 - BlankSpaceAnalyzer - INFO - -> Analyzing version 1.8.36 (12/70)...
2025-11-16 03:12:30,325 - BlankSpaceAnalyzer - INFO - -> Analyzing version 1.9.32 (13/70)...
2025-11-16 03:12:30,326 - BlankSpaceAnalyzer - INFO - -> Analyzing version 2.0.46 (14/70)...
2025-11-16 03:12:30,328 - BlankSpaceAnalyzer - INFO - -> Analyzing version 2.1.19 (15/70)...
2025-11-16 03:12:30,329 - BlankSpaceAnalyzer - INFO - -> Analyzing version 2.1.99 (16/70)...
2025-11-16 03:12:30,330 - BlankSpaceAnalyzer - INFO - -> Analyzing version 2.2.43 (17/70)...
2025-11-16 03:12:30,331 - BlankSpaceAnalyzer - INFO - -> Analyzing version 2.3.50 (18/70)...
2025-11-16 03:12:30,333 - BlankSpaceAnalyzer - INFO - -> Analyzing version 2.3.54 (19/70)...
2025-11-16 03:12:30,335 - BlankSpaceAnalyzer - INFO - -> Analyzing version 2.4.85 (20/70)...
2025-11-16 03:12:30,336 - BlankSpaceAnalyzer - INFO - -> Analyzing version 2.5.94 (21/70)...
2025-11-16 03:12:30,337 - BlankSpaceAnalyzer - INFO - -> Analyzing version 2.6.95 (22/70)...
2025-11-16 03:12:30,339 - BlankSpaceAnalyzer - INFO - -> Analyzing version 2.7.94 (23/70)...
2025-11-16 03:12:30,340 - BlankSpaceAnalyzer - INFO - -> Analyzing version 2.8.94 (24/70)...
2025-11-16 03:12:30,340 - BlankSpaceAnalyzer - INFO - -> Analyzing version 3.0.39 (25/70)...
2025-11-16 03:12:30,341 - BlankSpaceAnalyzer - INFO - -> Analyzing version 3.2.89 (26/70)...
2025-11-16 03:12:30,342 - BlankSpaceAnalyzer - INFO - -> Analyzing version 3.3.92 (27/70)...
2025-11-16 03:12:30,343 - BlankSpaceAnalyzer - INFO - -> Analyzing version 3.4.93 (28/70)...
2025-11-16 03:12:30,343 - BlankSpaceAnalyzer - INFO - -> Analyzing version 3.5.94 (29/70)...
2025-11-16 03:12:30,344 - BlankSpaceAnalyzer - INFO - -> Analyzing version 3.5.95 (30/70)...
2025-11-16 03:12:30,345 - BlankSpaceAnalyzer - INFO - -> Analyzing version 3.6.95 (31/70)...
2025-11-16 03:12:30,345 - BlankSpaceAnalyzer - INFO - -> Analyzing version 3.7.95 (32/70)...
2025-11-16 03:12:30,346 - BlankSpaceAnalyzer - INFO - -> Analyzing version 3.8.95 (33/70)...
2025-11-16 03:12:30,346 - BlankSpaceAnalyzer - INFO - -> Analyzing version 3.9.96 (34/70)...
2025-11-16 03:12:30,347 - BlankSpaceAnalyzer - INFO - -> Analyzing version 3.9.97 (35/70)...
2025-11-16 03:12:30,347 - BlankSpaceAnalyzer - INFO - -> Analyzing version 4.0.96 (36/70)...
2025-11-16 03:12:30,348 - BlankSpaceAnalyzer - INFO - -> Analyzing version 4.1.95 (37/70)...
2025-11-16 03:12:30,348 - BlankSpaceAnalyzer - INFO - -> Analyzing version 4.2.95 (38/70)...
2025-11-16 03:12:30,349 - BlankSpaceAnalyzer - INFO - -> Analyzing version 4.3.95 (39/70)...
2025-11-16 03:12:30,349 - BlankSpaceAnalyzer - INFO - -> Analyzing version 4.4.95 (40/70)...
2025-11-16 03:12:30,350 - BlankSpaceAnalyzer - INFO - -> Analyzing version 4.5.95 (41/70)...
2025-11-16 03:12:30,350 - BlankSpaceAnalyzer - INFO - -> Analyzing version 4.6.95 (42/70)...
2025-11-16 03:12:30,351 - BlankSpaceAnalyzer - INFO - -> Analyzing version 4.7.95 (43/70)...
2025-11-16 03:12:30,351 - BlankSpaceAnalyzer - INFO - -> Analyzing version 4.8.95 (44/70)...
2025-11-16 03:12:30,352 - BlankSpaceAnalyzer - INFO - -> Analyzing version 4.9.95 (45/70)...
2025-11-16 03:12:30,352 - BlankSpaceAnalyzer - INFO - -> Analyzing version 5.0.45 (46/70)...
2025-11-16 03:12:30,352 - BlankSpaceAnalyzer - INFO - -> Analyzing version 5.1.45 (47/70)...
2025-11-16 03:12:30,353 - BlankSpaceAnalyzer - INFO - -> Analyzing version 5.2.45 (48/70)...
2025-11-16 03:12:30,353 - BlankSpaceAnalyzer - INFO - -> Analyzing version 5.3.45 (49/70)...
2025-11-16 03:12:30,354 - BlankSpaceAnalyzer - INFO - -> Analyzing version 5.4.55 (50/70)...
2025-11-16 03:12:30,354 - BlankSpaceAnalyzer - INFO - -> Analyzing version 5.5.55 (51/70)...
2025-11-16 03:12:30,354 - BlankSpaceAnalyzer - INFO - -> Analyzing version 5.6.55 (52/70)...
2025-11-16 03:12:30,355 - BlankSpaceAnalyzer - INFO - -> Analyzing version 5.7.55 (53/70)...
2025-11-16 03:12:30,355 - BlankSpaceAnalyzer - INFO - -> Analyzing version 5.8.55 (54/70)...
2025-11-16 03:12:30,355 - BlankSpaceAnalyzer - INFO - -> Analyzing version 5.9.55 (55/70)...
2025-11-16 03:12:30,356 - BlankSpaceAnalyzer - INFO - -> Analyzing version 6.1.95 (56/70)...
2025-11-16 03:12:30,356 - BlankSpaceAnalyzer - INFO - -> Analyzing version 6.2.95 (57/70)...
2025-11-16 03:12:30,356 - BlankSpaceAnalyzer - INFO - -> Analyzing version 6.3.95 (58/70)...
2025-11-16 03:12:30,357 - BlankSpaceAnalyzer - INFO - -> Analyzing version 6.4.95 (59/70)...
2025-11-16 03:12:30,357 - BlankSpaceAnalyzer - INFO - -> Analyzing version 6.5.95 (60/70)...
2025-11-16 03:12:30,357 - BlankSpaceAnalyzer - INFO - -> Analyzing version 6.6.95 (61/70)...
2025-11-16 03:12:30,358 - BlankSpaceAnalyzer - INFO - -> Analyzing version 6.6.96 (62/70)...
2025-11-16 03:12:30,358 - BlankSpaceAnalyzer - INFO - -> Analyzing version 6.7.96 (63/70)...
2025-11-16 03:12:30,359 - BlankSpaceAnalyzer - INFO - -> Analyzing version 6.8.96 (64/70)...
2025-11-16 03:12:30,360 - BlankSpaceAnalyzer - INFO - -> Analyzing version 6.9.96 (65/70)...
2025-11-16 03:12:30,360 - BlankSpaceAnalyzer - INFO - -> Analyzing version 7.0.96 (66/70)...
2025-11-16 03:12:30,361 - BlankSpaceAnalyzer - INFO - -> Analyzing version 7.1.96 (67/70)...
2025-11-16 03:12:30,362 - BlankSpaceAnalyzer - INFO - -> Analyzing version 7.2.96 (68/70)...
2025-11-16 03:12:30,362 - BlankSpaceAnalyzer - INFO - -> Analyzing version 7.3.67 (69/70)...
2025-11-16 03:12:30,363 - BlankSpaceAnalyzer - INFO - -> Analyzing version 7.4.47 (70/70)...
2025-11-16 03:12:30,363 - BlankSpaceAnalyzer - INFO - Exporting results for '@mdi/font' to CSV...
2025-11-16 03:12:30,413 - BlankSpaceAnalyzer - INFO - Reports saved in: /app/npm_results/@mdi_font
2025-11-16 03:12:30,413 - NPM_Analyzer - INFO - Cleaning temporary folder 'temp/@mdi_font'...
2025-11-16 03:12:30,485 - NPM_Analyzer - INFO - Cleanup completed.
2025-11-16 13:34:23,501 - NPM_Analyzer - INFO - Fetching metadata for '@mdi/font'...
2025-11-16 13:34:23,832 - NPM_Analyzer - INFO - Found 70 versions. Starting download into 'temp/@mdi_font'...
2025-11-16 13:35:32,554 - BlankSpaceAnalyzer - INFO - Analyzing 70 versions for '*.js' in '@mdi_font'.
2025-11-16 13:35:32,554 - BlankSpaceAnalyzer - INFO - -> Analyzing version 1.0.62 (1/70)...
2025-11-16 13:35:32,554 - BlankSpaceAnalyzer - INFO - -> Analyzing version 1.1.34 (2/70)...
2025-11-16 13:35:32,555 - BlankSpaceAnalyzer - INFO - -> Analyzing version 1.1.70 (3/70)...
2025-11-16 13:35:32,555 - BlankSpaceAnalyzer - INFO - -> Analyzing version 1.2.64 (4/70)...
2025-11-16 13:35:32,555 - BlankSpaceAnalyzer - INFO - -> Analyzing version 1.2.65 (5/70)...
2025-11-16 13:35:32,556 - BlankSpaceAnalyzer - INFO - -> Analyzing version 1.3.41 (6/70)...
2025-11-16 13:35:32,556 - BlankSpaceAnalyzer - INFO - -> Analyzing version 1.4.57 (7/70)...
2025-11-16 13:35:32,557 - BlankSpaceAnalyzer - INFO - -> Analyzing version 1.5.54 (8/70)...
2025-11-16 13:35:32,557 - BlankSpaceAnalyzer - INFO - -> Analyzing version 1.6.50 (9/70)...
2025-11-16 13:35:32,557 - BlankSpaceAnalyzer - INFO - -> Analyzing version 1.7.12 (10/70)...
2025-11-16 13:35:32,558 - BlankSpaceAnalyzer - INFO - -> Analyzing version 1.7.22 (11/70)...
2025-11-16 13:35:32,558 - BlankSpaceAnalyzer - INFO - -> Analyzing version 1.8.36 (12/70)...
2025-11-16 13:35:32,558 - BlankSpaceAnalyzer - INFO - -> Analyzing version 1.9.32 (13/70)...
2025-11-16 13:35:32,559 - BlankSpaceAnalyzer - INFO - -> Analyzing version 2.0.46 (14/70)...
2025-11-16 13:35:32,559 - BlankSpaceAnalyzer - INFO - -> Analyzing version 2.1.19 (15/70)...
2025-11-16 13:35:32,559 - BlankSpaceAnalyzer - INFO - -> Analyzing version 2.1.99 (16/70)...
2025-11-16 13:35:32,560 - BlankSpaceAnalyzer - INFO - -> Analyzing version 2.2.43 (17/70)...
2025-11-16 13:35:32,560 - BlankSpaceAnalyzer - INFO - -> Analyzing version 2.3.50 (18/70)...
2025-11-16 13:35:32,560 - BlankSpaceAnalyzer - INFO - -> Analyzing version 2.3.54 (19/70)...
2025-11-16 13:35:32,560 - BlankSpaceAnalyzer - INFO - -> Analyzing version 2.4.85 (20/70)...
2025-11-16 13:35:32,561 - BlankSpaceAnalyzer - INFO - -> Analyzing version 2.5.94 (21/70)...
2025-11-16 13:35:32,561 - BlankSpaceAnalyzer - INFO - -> Analyzing version 2.6.95 (22/70)...
2025-11-16 13:35:32,561 - BlankSpaceAnalyzer - INFO - -> Analyzing version 2.7.94 (23/70)...
2025-11-16 13:35:32,562 - BlankSpaceAnalyzer - INFO - -> Analyzing version 2.8.94 (24/70)...
2025-11-16 13:35:32,562 - BlankSpaceAnalyzer - INFO - -> Analyzing version 3.0.39 (25/70)...
2025-11-16 13:35:32,562 - BlankSpaceAnalyzer - INFO - -> Analyzing version 3.2.89 (26/70)...
2025-11-16 13:35:32,562 - BlankSpaceAnalyzer - INFO - -> Analyzing version 3.3.92 (27/70)...
2025-11-16 13:35:32,563 - BlankSpaceAnalyzer - INFO - -> Analyzing version 3.4.93 (28/70)...
2025-11-16 13:35:32,563 - BlankSpaceAnalyzer - INFO - -> Analyzing version 3.5.94 (29/70)...
2025-11-16 13:35:32,563 - BlankSpaceAnalyzer - INFO - -> Analyzing version 3.5.95 (30/70)...
2025-11-16 13:35:32,563 - BlankSpaceAnalyzer - INFO - -> Analyzing version 3.6.95 (31/70)...
2025-11-16 13:35:32,564 - BlankSpaceAnalyzer - INFO - -> Analyzing version 3.7.95 (32/70)...
2025-11-16 13:35:32,564 - BlankSpaceAnalyzer - INFO - -> Analyzing version 3.8.95 (33/70)...
2025-11-16 13:35:32,564 - BlankSpaceAnalyzer - INFO - -> Analyzing version 3.9.96 (34/70)...
2025-11-16 13:35:32,564 - BlankSpaceAnalyzer - INFO - -> Analyzing version 3.9.97 (35/70)...
2025-11-16 13:35:32,565 - BlankSpaceAnalyzer - INFO - -> Analyzing version 4.0.96 (36/70)...
2025-11-16 13:35:32,565 - BlankSpaceAnalyzer - INFO - -> Analyzing version 4.1.95 (37/70)...
2025-11-16 13:35:32,565 - BlankSpaceAnalyzer - INFO - -> Analyzing version 4.2.95 (38/70)...
2025-11-16 13:35:32,565 - BlankSpaceAnalyzer - INFO - -> Analyzing version 4.3.95 (39/70)...
2025-11-16 13:35:32,566 - BlankSpaceAnalyzer - INFO - -> Analyzing version 4.4.95 (40/70)...
2025-11-16 13:35:32,566 - BlankSpaceAnalyzer - INFO - -> Analyzing version 4.5.95 (41/70)...
2025-11-16 13:35:32,566 - BlankSpaceAnalyzer - INFO - -> Analyzing version 4.6.95 (42/70)...
2025-11-16 13:35:32,566 - BlankSpaceAnalyzer - INFO - -> Analyzing version 4.7.95 (43/70)...
2025-11-16 13:35:32,567 - BlankSpaceAnalyzer - INFO - -> Analyzing version 4.8.95 (44/70)...
2025-11-16 13:35:32,567 - BlankSpaceAnalyzer - INFO - -> Analyzing version 4.9.95 (45/70)...
2025-11-16 13:35:32,567 - BlankSpaceAnalyzer - INFO - -> Analyzing version 5.0.45 (46/70)...
2025-11-16 13:35:32,567 - BlankSpaceAnalyzer - INFO - -> Analyzing version 5.1.45 (47/70)...
2025-11-16 13:35:32,568 - BlankSpaceAnalyzer - INFO - -> Analyzing version 5.2.45 (48/70)...
2025-11-16 13:35:32,568 - BlankSpaceAnalyzer - INFO - -> Analyzing version 5.3.45 (49/70)...
2025-11-16 13:35:32,568 - BlankSpaceAnalyzer - INFO - -> Analyzing version 5.4.55 (50/70)...
2025-11-16 13:35:32,568 - BlankSpaceAnalyzer - INFO - -> Analyzing version 5.5.55 (51/70)...
2025-11-16 13:35:32,569 - BlankSpaceAnalyzer - INFO - -> Analyzing version 5.6.55 (52/70)...
2025-11-16 13:35:32,569 - BlankSpaceAnalyzer - INFO - -> Analyzing version 5.7.55 (53/70)...
2025-11-16 13:35:32,569 - BlankSpaceAnalyzer - INFO - -> Analyzing version 5.8.55 (54/70)...
2025-11-16 13:35:32,569 - BlankSpaceAnalyzer - INFO - -> Analyzing version 5.9.55 (55/70)...
2025-11-16 13:35:32,570 - BlankSpaceAnalyzer - INFO - -> Analyzing version 6.1.95 (56/70)...
2025-11-16 13:35:32,570 - BlankSpaceAnalyzer - INFO - -> Analyzing version 6.2.95 (57/70)...
2025-11-16 13:35:32,570 - BlankSpaceAnalyzer - INFO - -> Analyzing version 6.3.95 (58/70)...
2025-11-16 13:35:32,570 - BlankSpaceAnalyzer - INFO - -> Analyzing version 6.4.95 (59/70)...
2025-11-16 13:35:32,571 - BlankSpaceAnalyzer - INFO - -> Analyzing version 6.5.95 (60/70)...
2025-11-16 13:35:32,571 - BlankSpaceAnalyzer - INFO - -> Analyzing version 6.6.95 (61/70)...
2025-11-16 13:35:32,571 - BlankSpaceAnalyzer - INFO - -> Analyzing version 6.6.96 (62/70)...
2025-11-16 13:35:32,571 - BlankSpaceAnalyzer - INFO - -> Analyzing version 6.7.96 (63/70)...
2025-11-16 13:35:32,572 - BlankSpaceAnalyzer - INFO - -> Analyzing version 6.8.96 (64/70)...
2025-11-16 13:35:32,572 - BlankSpaceAnalyzer - INFO - -> Analyzing version 6.9.96 (65/70)...
2025-11-16 13:35:32,573 - BlankSpaceAnalyzer - INFO - -> Analyzing version 7.0.96 (66/70)...
2025-11-16 13:35:32,573 - BlankSpaceAnalyzer - INFO - -> Analyzing version 7.1.96 (67/70)...
2025-11-16 13:35:32,573 - BlankSpaceAnalyzer - INFO - -> Analyzing version 7.2.96 (68/70)...
2025-11-16 13:35:32,574 - BlankSpaceAnalyzer - INFO - -> Analyzing version 7.3.67 (69/70)...
2025-11-16 13:35:32,574 - BlankSpaceAnalyzer - INFO - -> Analyzing version 7.4.47 (70/70)...
2025-11-16 13:35:32,575 - BlankSpaceAnalyzer - INFO - Exporting results for '@mdi/font' to CSV...
2025-11-16 13:35:32,626 - BlankSpaceAnalyzer - INFO - Reports saved in: /app/npm_results/@mdi_font
2025-11-16 13:35:32,627 - NPM_Analyzer - INFO - Cleaning temporary folder 'temp/@mdi_font'...
2025-11-16 13:35:32,693 - NPM_Analyzer - INFO - Cleanup completed.
