2025-11-08 00:01:30,457 - NPM_Analyzer - INFO - Fetching metadata for 'babel-helper-remap-async-to-generator'...
2025-11-08 00:01:30,603 - NPM_Analyzer - INFO - Found 56 versions. Starting download into 'temp/babel-helper-remap-async-to-generator'...
2025-11-08 00:02:12,629 - BlankSpaceAnalyzer - INFO - Analyzing 56 versions for '*.js' in 'babel-helper-remap-async-to-generator'.
2025-11-08 00:02:12,630 - BlankSpaceAnalyzer - INFO - -> Analyzing version 6.0.0 (1/56)...
2025-11-08 00:02:12,702 - BlankSpaceAnalyzer - INFO - -> Analyzing version 6.0.14 (2/56)...
2025-11-08 00:02:12,744 - BlankSpaceAnalyzer - INFO - -> Analyzing version 6.0.15 (3/56)...
2025-11-08 00:02:12,744 - BlankSpaceAnalyzer - INFO - -> Analyzing version 6.0.16 (4/56)...
2025-11-08 00:02:12,744 - BlankSpaceAnalyzer - INFO - -> Analyzing version 6.0.2 (5/56)...
2025-11-08 00:02:12,783 - BlankSpaceAnalyzer - INFO - -> Analyzing version 6.1.10 (6/56)...
2025-11-08 00:02:12,783 - BlankSpaceAnalyzer - INFO - -> Analyzing version 6.1.12 (7/56)...
2025-11-08 00:02:12,784 - BlankSpaceAnalyzer - INFO - -> Analyzing version 6.1.13 (8/56)...
2025-11-08 00:02:12,784 - BlankSpaceAnalyzer - INFO - -> Analyzing version 6.1.16 (9/56)...
2025-11-08 00:02:12,784 - BlankSpaceAnalyzer - INFO - -> Analyzing version 6.1.17 (10/56)...
2025-11-08 00:02:12,785 - BlankSpaceAnalyzer - INFO - -> Analyzing version 6.1.18 (11/56)...
2025-11-08 00:02:12,785 - BlankSpaceAnalyzer - INFO - -> Analyzing version 6.1.2 (12/56)...
2025-11-08 00:02:12,785 - BlankSpaceAnalyzer - INFO - -> Analyzing version 6.1.4 (13/56)...
2025-11-08 00:02:12,786 - BlankSpaceAnalyzer - INFO - -> Analyzing version 6.1.5 (14/56)...
2025-11-08 00:02:12,786 - BlankSpaceAnalyzer - INFO - -> Analyzing version 6.1.6 (15/56)...
2025-11-08 00:02:12,786 - BlankSpaceAnalyzer - INFO - -> Analyzing version 6.1.7 (16/56)...
2025-11-08 00:02:12,787 - BlankSpaceAnalyzer - INFO - -> Analyzing version 6.1.8 (17/56)...
2025-11-08 00:02:12,787 - BlankSpaceAnalyzer - INFO - -> Analyzing version 6.1.9 (18/56)...
2025-11-08 00:02:12,787 - BlankSpaceAnalyzer - INFO - -> Analyzing version 6.11.2 (19/56)...
2025-11-08 00:02:12,788 - BlankSpaceAnalyzer - INFO - -> Analyzing version 6.16.0 (20/56)...
2025-11-08 00:02:12,831 - BlankSpaceAnalyzer - INFO - -> Analyzing version 6.16.2 (21/56)...
2025-11-08 00:02:12,876 - BlankSpaceAnalyzer - INFO - -> Analyzing version 6.18.0 (22/56)...
2025-11-08 00:02:12,920 - BlankSpaceAnalyzer - INFO - -> Analyzing version 6.2.4 (23/56)...
2025-11-08 00:02:12,921 - BlankSpaceAnalyzer - INFO - -> Analyzing version 6.20.0 (24/56)...
2025-11-08 00:02:12,965 - BlankSpaceAnalyzer - INFO - -> Analyzing version 6.20.3 (25/56)...
2025-11-08 00:02:13,010 - BlankSpaceAnalyzer - INFO - -> Analyzing version 6.22.0 (26/56)...
2025-11-08 00:02:13,055 - BlankSpaceAnalyzer - INFO - -> Analyzing version 6.24.1 (27/56)...
2025-11-08 00:02:13,100 - BlankSpaceAnalyzer - INFO - -> Analyzing version 6.3.0 (28/56)...
2025-11-08 00:02:13,100 - BlankSpaceAnalyzer - INFO - -> Analyzing version 6.3.13 (29/56)...
2025-11-08 00:02:13,101 - BlankSpaceAnalyzer - INFO - -> Analyzing version 6.4.5 (30/56)...
2025-11-08 00:02:13,101 - BlankSpaceAnalyzer - INFO - -> Analyzing version 6.4.6 (31/56)...
2025-11-08 00:02:13,101 - BlankSpaceAnalyzer - INFO - -> Analyzing version 6.5.0 (32/56)...
2025-11-08 00:02:13,102 - BlankSpaceAnalyzer - INFO - -> Analyzing version 6.5.0-1 (33/56)...
2025-11-08 00:02:13,102 - BlankSpaceAnalyzer - INFO - -> Analyzing version 6.6.0 (34/56)...
2025-11-08 00:02:13,102 - BlankSpaceAnalyzer - INFO - -> Analyzing version 6.6.5 (35/56)...
2025-11-08 00:02:13,102 - BlankSpaceAnalyzer - INFO - -> Analyzing version 6.7.0 (36/56)...
2025-11-08 00:02:13,103 - BlankSpaceAnalyzer - INFO - -> Analyzing version 6.8.0 (37/56)...
2025-11-08 00:02:13,103 - BlankSpaceAnalyzer - INFO - -> Analyzing version 7.0.0-alpha.1 (38/56)...
2025-11-08 00:02:13,149 - BlankSpaceAnalyzer - INFO - -> Analyzing version 7.0.0-alpha.10 (39/56)...
2025-11-08 00:02:13,193 - BlankSpaceAnalyzer - INFO - -> Analyzing version 7.0.0-alpha.11 (40/56)...
2025-11-08 00:02:13,238 - BlankSpaceAnalyzer - INFO - -> Analyzing version 7.0.0-alpha.12 (41/56)...
2025-11-08 00:02:13,283 - BlankSpaceAnalyzer - INFO - -> Analyzing version 7.0.0-alpha.14 (42/56)...
2025-11-08 00:02:13,327 - BlankSpaceAnalyzer - INFO - -> Analyzing version 7.0.0-alpha.15 (43/56)...
2025-11-08 00:02:13,371 - BlankSpaceAnalyzer - INFO - -> Analyzing version 7.0.0-alpha.16 (44/56)...
2025-11-08 00:02:13,415 - BlankSpaceAnalyzer - INFO - -> Analyzing version 7.0.0-alpha.17 (45/56)...
2025-11-08 00:02:13,461 - BlankSpaceAnalyzer - INFO - -> Analyzing version 7.0.0-alpha.18 (46/56)...
2025-11-08 00:02:13,505 - BlankSpaceAnalyzer - INFO - -> Analyzing version 7.0.0-alpha.19 (47/56)...
2025-11-08 00:02:13,549 - BlankSpaceAnalyzer - INFO - -> Analyzing version 7.0.0-alpha.20 (48/56)...
2025-11-08 00:02:13,594 - BlankSpaceAnalyzer - INFO - -> Analyzing version 7.0.0-alpha.3 (49/56)...
2025-11-08 00:02:13,641 - BlankSpaceAnalyzer - INFO - -> Analyzing version 7.0.0-alpha.7 (50/56)...
2025-11-08 00:02:13,684 - BlankSpaceAnalyzer - INFO - -> Analyzing version 7.0.0-alpha.8 (51/56)...
2025-11-08 00:02:13,729 - BlankSpaceAnalyzer - INFO - -> Analyzing version 7.0.0-alpha.9 (52/56)...
2025-11-08 00:02:13,776 - BlankSpaceAnalyzer - INFO - -> Analyzing version 7.0.0-beta.0 (53/56)...
2025-11-08 00:02:13,820 - BlankSpaceAnalyzer - INFO - -> Analyzing version 7.0.0-beta.1 (54/56)...
2025-11-08 00:02:13,865 - BlankSpaceAnalyzer - INFO - -> Analyzing version 7.0.0-beta.2 (55/56)...
2025-11-08 00:02:13,909 - BlankSpaceAnalyzer - INFO - -> Analyzing version 7.0.0-beta.3 (56/56)...
2025-11-08 00:02:13,953 - BlankSpaceAnalyzer - INFO - Exporting results for 'babel-helper-remap-async-to-generator' to CSV...
2025-11-08 00:02:14,003 - BlankSpaceAnalyzer - INFO - Reports saved in: /app/npm_results/babel-helper-remap-async-to-generator
2025-11-08 00:02:14,003 - NPM_Analyzer - INFO - Cleaning temporary folder 'temp/babel-helper-remap-async-to-generator'...
2025-11-08 00:02:14,012 - NPM_Analyzer - INFO - Cleanup completed.
2025-11-08 16:45:49,543 - NPM_Analyzer - INFO - Fetching metadata for 'babel-helper-remap-async-to-generator'...
2025-11-08 16:45:49,700 - NPM_Analyzer - INFO - Found 56 versions. Starting download into 'temp/babel-helper-remap-async-to-generator'...
2025-11-08 16:46:04,918 - BlankSpaceAnalyzer - INFO - Analyzing 56 versions for '*.js' in 'babel-helper-remap-async-to-generator'.
2025-11-08 16:46:04,918 - BlankSpaceAnalyzer - INFO - -> Analyzing version 6.0.0 (1/56)...
2025-11-08 16:46:04,980 - BlankSpaceAnalyzer - INFO - -> Analyzing version 6.0.14 (2/56)...
2025-11-08 16:46:05,014 - BlankSpaceAnalyzer - INFO - -> Analyzing version 6.0.15 (3/56)...
2025-11-08 16:46:05,015 - BlankSpaceAnalyzer - INFO - -> Analyzing version 6.0.16 (4/56)...
2025-11-08 16:46:05,015 - BlankSpaceAnalyzer - INFO - -> Analyzing version 6.0.2 (5/56)...
2025-11-08 16:46:05,050 - BlankSpaceAnalyzer - INFO - -> Analyzing version 6.1.10 (6/56)...
2025-11-08 16:46:05,050 - BlankSpaceAnalyzer - INFO - -> Analyzing version 6.1.12 (7/56)...
2025-11-08 16:46:05,051 - BlankSpaceAnalyzer - INFO - -> Analyzing version 6.1.13 (8/56)...
2025-11-08 16:46:05,051 - BlankSpaceAnalyzer - INFO - -> Analyzing version 6.1.16 (9/56)...
2025-11-08 16:46:05,051 - BlankSpaceAnalyzer - INFO - -> Analyzing version 6.1.17 (10/56)...
2025-11-08 16:46:05,051 - BlankSpaceAnalyzer - INFO - -> Analyzing version 6.1.18 (11/56)...
2025-11-08 16:46:05,052 - BlankSpaceAnalyzer - INFO - -> Analyzing version 6.1.2 (12/56)...
2025-11-08 16:46:05,052 - BlankSpaceAnalyzer - INFO - -> Analyzing version 6.1.4 (13/56)...
2025-11-08 16:46:05,052 - BlankSpaceAnalyzer - INFO - -> Analyzing version 6.1.5 (14/56)...
2025-11-08 16:46:05,053 - BlankSpaceAnalyzer - INFO - -> Analyzing version 6.1.6 (15/56)...
2025-11-08 16:46:05,053 - BlankSpaceAnalyzer - INFO - -> Analyzing version 6.1.7 (16/56)...
2025-11-08 16:46:05,053 - BlankSpaceAnalyzer - INFO - -> Analyzing version 6.1.8 (17/56)...
2025-11-08 16:46:05,053 - BlankSpaceAnalyzer - INFO - -> Analyzing version 6.1.9 (18/56)...
2025-11-08 16:46:05,054 - BlankSpaceAnalyzer - INFO - -> Analyzing version 6.11.2 (19/56)...
2025-11-08 16:46:05,054 - BlankSpaceAnalyzer - INFO - -> Analyzing version 6.16.0 (20/56)...
2025-11-08 16:46:05,092 - BlankSpaceAnalyzer - INFO - -> Analyzing version 6.16.2 (21/56)...
2025-11-08 16:46:05,129 - BlankSpaceAnalyzer - INFO - -> Analyzing version 6.18.0 (22/56)...
2025-11-08 16:46:05,167 - BlankSpaceAnalyzer - INFO - -> Analyzing version 6.2.4 (23/56)...
2025-11-08 16:46:05,167 - BlankSpaceAnalyzer - INFO - -> Analyzing version 6.20.0 (24/56)...
2025-11-08 16:46:05,204 - BlankSpaceAnalyzer - INFO - -> Analyzing version 6.20.3 (25/56)...
2025-11-08 16:46:05,241 - BlankSpaceAnalyzer - INFO - -> Analyzing version 6.22.0 (26/56)...
2025-11-08 16:46:05,278 - BlankSpaceAnalyzer - INFO - -> Analyzing version 6.24.1 (27/56)...
2025-11-08 16:46:05,316 - BlankSpaceAnalyzer - INFO - -> Analyzing version 6.3.0 (28/56)...
2025-11-08 16:46:05,317 - BlankSpaceAnalyzer - INFO - -> Analyzing version 6.3.13 (29/56)...
2025-11-08 16:46:05,317 - BlankSpaceAnalyzer - INFO - -> Analyzing version 6.4.5 (30/56)...
2025-11-08 16:46:05,317 - BlankSpaceAnalyzer - INFO - -> Analyzing version 6.4.6 (31/56)...
2025-11-08 16:46:05,317 - BlankSpaceAnalyzer - INFO - -> Analyzing version 6.5.0 (32/56)...
2025-11-08 16:46:05,318 - BlankSpaceAnalyzer - INFO - -> Analyzing version 6.5.0-1 (33/56)...
2025-11-08 16:46:05,318 - BlankSpaceAnalyzer - INFO - -> Analyzing version 6.6.0 (34/56)...
2025-11-08 16:46:05,318 - BlankSpaceAnalyzer - INFO - -> Analyzing version 6.6.5 (35/56)...
2025-11-08 16:46:05,318 - BlankSpaceAnalyzer - INFO - -> Analyzing version 6.7.0 (36/56)...
2025-11-08 16:46:05,319 - BlankSpaceAnalyzer - INFO - -> Analyzing version 6.8.0 (37/56)...
2025-11-08 16:46:05,319 - BlankSpaceAnalyzer - INFO - -> Analyzing version 7.0.0-alpha.1 (38/56)...
2025-11-08 16:46:05,356 - BlankSpaceAnalyzer - INFO - -> Analyzing version 7.0.0-alpha.10 (39/56)...
2025-11-08 16:46:05,395 - BlankSpaceAnalyzer - INFO - -> Analyzing version 7.0.0-alpha.11 (40/56)...
2025-11-08 16:46:05,432 - BlankSpaceAnalyzer - INFO - -> Analyzing version 7.0.0-alpha.12 (41/56)...
2025-11-08 16:46:05,469 - BlankSpaceAnalyzer - INFO - -> Analyzing version 7.0.0-alpha.14 (42/56)...
2025-11-08 16:46:05,506 - BlankSpaceAnalyzer - INFO - -> Analyzing version 7.0.0-alpha.15 (43/56)...
2025-11-08 16:46:05,543 - BlankSpaceAnalyzer - INFO - -> Analyzing version 7.0.0-alpha.16 (44/56)...
2025-11-08 16:46:05,581 - BlankSpaceAnalyzer - INFO - -> Analyzing version 7.0.0-alpha.17 (45/56)...
2025-11-08 16:46:05,618 - BlankSpaceAnalyzer - INFO - -> Analyzing version 7.0.0-alpha.18 (46/56)...
2025-11-08 16:46:05,656 - BlankSpaceAnalyzer - INFO - -> Analyzing version 7.0.0-alpha.19 (47/56)...
2025-11-08 16:46:05,694 - BlankSpaceAnalyzer - INFO - -> Analyzing version 7.0.0-alpha.20 (48/56)...
2025-11-08 16:46:05,731 - BlankSpaceAnalyzer - INFO - -> Analyzing version 7.0.0-alpha.3 (49/56)...
2025-11-08 16:46:05,768 - BlankSpaceAnalyzer - INFO - -> Analyzing version 7.0.0-alpha.7 (50/56)...
2025-11-08 16:46:05,806 - BlankSpaceAnalyzer - INFO - -> Analyzing version 7.0.0-alpha.8 (51/56)...
2025-11-08 16:46:05,844 - BlankSpaceAnalyzer - INFO - -> Analyzing version 7.0.0-alpha.9 (52/56)...
2025-11-08 16:46:05,881 - BlankSpaceAnalyzer - INFO - -> Analyzing version 7.0.0-beta.0 (53/56)...
2025-11-08 16:46:05,920 - BlankSpaceAnalyzer - INFO - -> Analyzing version 7.0.0-beta.1 (54/56)...
2025-11-08 16:46:05,956 - BlankSpaceAnalyzer - INFO - -> Analyzing version 7.0.0-beta.2 (55/56)...
2025-11-08 16:46:05,995 - BlankSpaceAnalyzer - INFO - -> Analyzing version 7.0.0-beta.3 (56/56)...
2025-11-08 16:46:06,032 - BlankSpaceAnalyzer - INFO - Exporting results for 'babel-helper-remap-async-to-generator' to CSV...
2025-11-08 16:46:06,082 - BlankSpaceAnalyzer - INFO - Reports saved in: /app/npm_results/babel-helper-remap-async-to-generator
2025-11-08 16:46:06,082 - NPM_Analyzer - INFO - Cleaning temporary folder 'temp/babel-helper-remap-async-to-generator'...
2025-11-08 16:46:06,090 - NPM_Analyzer - INFO - Cleanup completed.
2025-11-09 03:24:19,301 - NPM_Analyzer - INFO - Fetching metadata for 'babel-helper-remap-async-to-generator'...
2025-11-09 03:24:19,446 - NPM_Analyzer - INFO - Found 56 versions. Starting download into 'temp/babel-helper-remap-async-to-generator'...
2025-11-09 03:24:32,662 - BlankSpaceAnalyzer - INFO - Analyzing 56 versions for '*.js' in 'babel-helper-remap-async-to-generator'.
2025-11-09 03:24:32,662 - BlankSpaceAnalyzer - INFO - -> Analyzing version 6.0.0 (1/56)...
2025-11-09 03:24:32,725 - BlankSpaceAnalyzer - INFO - -> Analyzing version 6.0.14 (2/56)...
2025-11-09 03:24:32,756 - BlankSpaceAnalyzer - INFO - -> Analyzing version 6.0.15 (3/56)...
2025-11-09 03:24:32,756 - BlankSpaceAnalyzer - INFO - -> Analyzing version 6.0.16 (4/56)...
2025-11-09 03:24:32,756 - BlankSpaceAnalyzer - INFO - -> Analyzing version 6.0.2 (5/56)...
2025-11-09 03:24:32,788 - BlankSpaceAnalyzer - INFO - -> Analyzing version 6.1.10 (6/56)...
2025-11-09 03:24:32,788 - BlankSpaceAnalyzer - INFO - -> Analyzing version 6.1.12 (7/56)...
2025-11-09 03:24:32,788 - BlankSpaceAnalyzer - INFO - -> Analyzing version 6.1.13 (8/56)...
2025-11-09 03:24:32,789 - BlankSpaceAnalyzer - INFO - -> Analyzing version 6.1.16 (9/56)...
2025-11-09 03:24:32,789 - BlankSpaceAnalyzer - INFO - -> Analyzing version 6.1.17 (10/56)...
2025-11-09 03:24:32,789 - BlankSpaceAnalyzer - INFO - -> Analyzing version 6.1.18 (11/56)...
2025-11-09 03:24:32,790 - BlankSpaceAnalyzer - INFO - -> Analyzing version 6.1.2 (12/56)...
2025-11-09 03:24:32,790 - BlankSpaceAnalyzer - INFO - -> Analyzing version 6.1.4 (13/56)...
2025-11-09 03:24:32,790 - BlankSpaceAnalyzer - INFO - -> Analyzing version 6.1.5 (14/56)...
2025-11-09 03:24:32,791 - BlankSpaceAnalyzer - INFO - -> Analyzing version 6.1.6 (15/56)...
2025-11-09 03:24:32,791 - BlankSpaceAnalyzer - INFO - -> Analyzing version 6.1.7 (16/56)...
2025-11-09 03:24:32,791 - BlankSpaceAnalyzer - INFO - -> Analyzing version 6.1.8 (17/56)...
2025-11-09 03:24:32,792 - BlankSpaceAnalyzer - INFO - -> Analyzing version 6.1.9 (18/56)...
2025-11-09 03:24:32,792 - BlankSpaceAnalyzer - INFO - -> Analyzing version 6.11.2 (19/56)...
2025-11-09 03:24:32,792 - BlankSpaceAnalyzer - INFO - -> Analyzing version 6.16.0 (20/56)...
2025-11-09 03:24:32,828 - BlankSpaceAnalyzer - INFO - -> Analyzing version 6.16.2 (21/56)...
2025-11-09 03:24:32,863 - BlankSpaceAnalyzer - INFO - -> Analyzing version 6.18.0 (22/56)...
2025-11-09 03:24:32,898 - BlankSpaceAnalyzer - INFO - -> Analyzing version 6.2.4 (23/56)...
2025-11-09 03:24:32,898 - BlankSpaceAnalyzer - INFO - -> Analyzing version 6.20.0 (24/56)...
2025-11-09 03:24:32,933 - BlankSpaceAnalyzer - INFO - -> Analyzing version 6.20.3 (25/56)...
2025-11-09 03:24:32,968 - BlankSpaceAnalyzer - INFO - -> Analyzing version 6.22.0 (26/56)...
2025-11-09 03:24:33,003 - BlankSpaceAnalyzer - INFO - -> Analyzing version 6.24.1 (27/56)...
2025-11-09 03:24:33,039 - BlankSpaceAnalyzer - INFO - -> Analyzing version 6.3.0 (28/56)...
2025-11-09 03:24:33,039 - BlankSpaceAnalyzer - INFO - -> Analyzing version 6.3.13 (29/56)...
2025-11-09 03:24:33,040 - BlankSpaceAnalyzer - INFO - -> Analyzing version 6.4.5 (30/56)...
2025-11-09 03:24:33,040 - BlankSpaceAnalyzer - INFO - -> Analyzing version 6.4.6 (31/56)...
2025-11-09 03:24:33,040 - BlankSpaceAnalyzer - INFO - -> Analyzing version 6.5.0 (32/56)...
2025-11-09 03:24:33,040 - BlankSpaceAnalyzer - INFO - -> Analyzing version 6.5.0-1 (33/56)...
2025-11-09 03:24:33,041 - BlankSpaceAnalyzer - INFO - -> Analyzing version 6.6.0 (34/56)...
2025-11-09 03:24:33,041 - BlankSpaceAnalyzer - INFO - -> Analyzing version 6.6.5 (35/56)...
2025-11-09 03:24:33,041 - BlankSpaceAnalyzer - INFO - -> Analyzing version 6.7.0 (36/56)...
2025-11-09 03:24:33,041 - BlankSpaceAnalyzer - INFO - -> Analyzing version 6.8.0 (37/56)...
2025-11-09 03:24:33,042 - BlankSpaceAnalyzer - INFO - -> Analyzing version 7.0.0-alpha.1 (38/56)...
2025-11-09 03:24:33,076 - BlankSpaceAnalyzer - INFO - -> Analyzing version 7.0.0-alpha.10 (39/56)...
2025-11-09 03:24:33,111 - BlankSpaceAnalyzer - INFO - -> Analyzing version 7.0.0-alpha.11 (40/56)...
2025-11-09 03:24:33,145 - BlankSpaceAnalyzer - INFO - -> Analyzing version 7.0.0-alpha.12 (41/56)...
2025-11-09 03:24:33,181 - BlankSpaceAnalyzer - INFO - -> Analyzing version 7.0.0-alpha.14 (42/56)...
2025-11-09 03:24:33,218 - BlankSpaceAnalyzer - INFO - -> Analyzing version 7.0.0-alpha.15 (43/56)...
2025-11-09 03:24:33,253 - BlankSpaceAnalyzer - INFO - -> Analyzing version 7.0.0-alpha.16 (44/56)...
2025-11-09 03:24:33,287 - BlankSpaceAnalyzer - INFO - -> Analyzing version 7.0.0-alpha.17 (45/56)...
2025-11-09 03:24:33,322 - BlankSpaceAnalyzer - INFO - -> Analyzing version 7.0.0-alpha.18 (46/56)...
2025-11-09 03:24:33,357 - BlankSpaceAnalyzer - INFO - -> Analyzing version 7.0.0-alpha.19 (47/56)...
2025-11-09 03:24:33,392 - BlankSpaceAnalyzer - INFO - -> Analyzing version 7.0.0-alpha.20 (48/56)...
2025-11-09 03:24:33,427 - BlankSpaceAnalyzer - INFO - -> Analyzing version 7.0.0-alpha.3 (49/56)...
2025-11-09 03:24:33,462 - BlankSpaceAnalyzer - INFO - -> Analyzing version 7.0.0-alpha.7 (50/56)...
2025-11-09 03:24:33,498 - BlankSpaceAnalyzer - INFO - -> Analyzing version 7.0.0-alpha.8 (51/56)...
2025-11-09 03:24:33,533 - BlankSpaceAnalyzer - INFO - -> Analyzing version 7.0.0-alpha.9 (52/56)...
2025-11-09 03:24:33,568 - BlankSpaceAnalyzer - INFO - -> Analyzing version 7.0.0-beta.0 (53/56)...
2025-11-09 03:24:33,602 - BlankSpaceAnalyzer - INFO - -> Analyzing version 7.0.0-beta.1 (54/56)...
2025-11-09 03:24:33,637 - BlankSpaceAnalyzer - INFO - -> Analyzing version 7.0.0-beta.2 (55/56)...
2025-11-09 03:24:33,672 - BlankSpaceAnalyzer - INFO - -> Analyzing version 7.0.0-beta.3 (56/56)...
2025-11-09 03:24:33,707 - BlankSpaceAnalyzer - INFO - Exporting results for 'babel-helper-remap-async-to-generator' to CSV...
2025-11-09 03:24:33,757 - BlankSpaceAnalyzer - INFO - Reports saved in: /app/npm_results/babel-helper-remap-async-to-generator
2025-11-09 03:24:33,758 - NPM_Analyzer - INFO - Cleaning temporary folder 'temp/babel-helper-remap-async-to-generator'...
2025-11-09 03:24:33,766 - NPM_Analyzer - INFO - Cleanup completed.
2025-11-09 13:46:16,513 - NPM_Analyzer - INFO - Fetching metadata for 'babel-helper-remap-async-to-generator'...
2025-11-09 13:46:16,641 - NPM_Analyzer - INFO - Found 56 versions. Starting download into 'temp/babel-helper-remap-async-to-generator'...
2025-11-09 13:46:31,473 - BlankSpaceAnalyzer - INFO - Analyzing 56 versions for '*.js' in 'babel-helper-remap-async-to-generator'.
2025-11-09 13:46:31,473 - BlankSpaceAnalyzer - INFO - -> Analyzing version 6.0.0 (1/56)...
2025-11-09 13:46:31,535 - BlankSpaceAnalyzer - INFO - -> Analyzing version 6.0.14 (2/56)...
2025-11-09 13:46:31,566 - BlankSpaceAnalyzer - INFO - -> Analyzing version 6.0.15 (3/56)...
2025-11-09 13:46:31,567 - BlankSpaceAnalyzer - INFO - -> Analyzing version 6.0.16 (4/56)...
2025-11-09 13:46:31,567 - BlankSpaceAnalyzer - INFO - -> Analyzing version 6.0.2 (5/56)...
2025-11-09 13:46:31,598 - BlankSpaceAnalyzer - INFO - -> Analyzing version 6.1.10 (6/56)...
2025-11-09 13:46:31,598 - BlankSpaceAnalyzer - INFO - -> Analyzing version 6.1.12 (7/56)...
2025-11-09 13:46:31,599 - BlankSpaceAnalyzer - INFO - -> Analyzing version 6.1.13 (8/56)...
2025-11-09 13:46:31,599 - BlankSpaceAnalyzer - INFO - -> Analyzing version 6.1.16 (9/56)...
2025-11-09 13:46:31,599 - BlankSpaceAnalyzer - INFO - -> Analyzing version 6.1.17 (10/56)...
2025-11-09 13:46:31,600 - BlankSpaceAnalyzer - INFO - -> Analyzing version 6.1.18 (11/56)...
2025-11-09 13:46:31,600 - BlankSpaceAnalyzer - INFO - -> Analyzing version 6.1.2 (12/56)...
2025-11-09 13:46:31,600 - BlankSpaceAnalyzer - INFO - -> Analyzing version 6.1.4 (13/56)...
2025-11-09 13:46:31,601 - BlankSpaceAnalyzer - INFO - -> Analyzing version 6.1.5 (14/56)...
2025-11-09 13:46:31,601 - BlankSpaceAnalyzer - INFO - -> Analyzing version 6.1.6 (15/56)...
2025-11-09 13:46:31,601 - BlankSpaceAnalyzer - INFO - -> Analyzing version 6.1.7 (16/56)...
2025-11-09 13:46:31,602 - BlankSpaceAnalyzer - INFO - -> Analyzing version 6.1.8 (17/56)...
2025-11-09 13:46:31,602 - BlankSpaceAnalyzer - INFO - -> Analyzing version 6.1.9 (18/56)...
2025-11-09 13:46:31,602 - BlankSpaceAnalyzer - INFO - -> Analyzing version 6.11.2 (19/56)...
2025-11-09 13:46:31,603 - BlankSpaceAnalyzer - INFO - -> Analyzing version 6.16.0 (20/56)...
2025-11-09 13:46:31,634 - BlankSpaceAnalyzer - INFO - -> Analyzing version 6.16.2 (21/56)...
2025-11-09 13:46:31,668 - BlankSpaceAnalyzer - INFO - -> Analyzing version 6.18.0 (22/56)...
2025-11-09 13:46:31,703 - BlankSpaceAnalyzer - INFO - -> Analyzing version 6.2.4 (23/56)...
2025-11-09 13:46:31,703 - BlankSpaceAnalyzer - INFO - -> Analyzing version 6.20.0 (24/56)...
2025-11-09 13:46:31,738 - BlankSpaceAnalyzer - INFO - -> Analyzing version 6.20.3 (25/56)...
2025-11-09 13:46:31,774 - BlankSpaceAnalyzer - INFO - -> Analyzing version 6.22.0 (26/56)...
2025-11-09 13:46:31,810 - BlankSpaceAnalyzer - INFO - -> Analyzing version 6.24.1 (27/56)...
2025-11-09 13:46:31,845 - BlankSpaceAnalyzer - INFO - -> Analyzing version 6.3.0 (28/56)...
2025-11-09 13:46:31,845 - BlankSpaceAnalyzer - INFO - -> Analyzing version 6.3.13 (29/56)...
2025-11-09 13:46:31,845 - BlankSpaceAnalyzer - INFO - -> Analyzing version 6.4.5 (30/56)...
2025-11-09 13:46:31,846 - BlankSpaceAnalyzer - INFO - -> Analyzing version 6.4.6 (31/56)...
2025-11-09 13:46:31,846 - BlankSpaceAnalyzer - INFO - -> Analyzing version 6.5.0 (32/56)...
2025-11-09 13:46:31,846 - BlankSpaceAnalyzer - INFO - -> Analyzing version 6.5.0-1 (33/56)...
2025-11-09 13:46:31,847 - BlankSpaceAnalyzer - INFO - -> Analyzing version 6.6.0 (34/56)...
2025-11-09 13:46:31,847 - BlankSpaceAnalyzer - INFO - -> Analyzing version 6.6.5 (35/56)...
2025-11-09 13:46:31,847 - BlankSpaceAnalyzer - INFO - -> Analyzing version 6.7.0 (36/56)...
2025-11-09 13:46:31,848 - BlankSpaceAnalyzer - INFO - -> Analyzing version 6.8.0 (37/56)...
2025-11-09 13:46:31,848 - BlankSpaceAnalyzer - INFO - -> Analyzing version 7.0.0-alpha.1 (38/56)...
2025-11-09 13:46:31,883 - BlankSpaceAnalyzer - INFO - -> Analyzing version 7.0.0-alpha.10 (39/56)...
2025-11-09 13:46:31,918 - BlankSpaceAnalyzer - INFO - -> Analyzing version 7.0.0-alpha.11 (40/56)...
2025-11-09 13:46:31,953 - BlankSpaceAnalyzer - INFO - -> Analyzing version 7.0.0-alpha.12 (41/56)...
2025-11-09 13:46:31,988 - BlankSpaceAnalyzer - INFO - -> Analyzing version 7.0.0-alpha.14 (42/56)...
2025-11-09 13:46:32,023 - BlankSpaceAnalyzer - INFO - -> Analyzing version 7.0.0-alpha.15 (43/56)...
2025-11-09 13:46:32,059 - BlankSpaceAnalyzer - INFO - -> Analyzing version 7.0.0-alpha.16 (44/56)...
2025-11-09 13:46:32,094 - BlankSpaceAnalyzer - INFO - -> Analyzing version 7.0.0-alpha.17 (45/56)...
2025-11-09 13:46:32,129 - BlankSpaceAnalyzer - INFO - -> Analyzing version 7.0.0-alpha.18 (46/56)...
2025-11-09 13:46:32,165 - BlankSpaceAnalyzer - INFO - -> Analyzing version 7.0.0-alpha.19 (47/56)...
2025-11-09 13:46:32,201 - BlankSpaceAnalyzer - INFO - -> Analyzing version 7.0.0-alpha.20 (48/56)...
2025-11-09 13:46:32,235 - BlankSpaceAnalyzer - INFO - -> Analyzing version 7.0.0-alpha.3 (49/56)...
2025-11-09 13:46:32,271 - BlankSpaceAnalyzer - INFO - -> Analyzing version 7.0.0-alpha.7 (50/56)...
2025-11-09 13:46:32,305 - BlankSpaceAnalyzer - INFO - -> Analyzing version 7.0.0-alpha.8 (51/56)...
2025-11-09 13:46:32,340 - BlankSpaceAnalyzer - INFO - -> Analyzing version 7.0.0-alpha.9 (52/56)...
2025-11-09 13:46:32,375 - BlankSpaceAnalyzer - INFO - -> Analyzing version 7.0.0-beta.0 (53/56)...
2025-11-09 13:46:32,410 - BlankSpaceAnalyzer - INFO - -> Analyzing version 7.0.0-beta.1 (54/56)...
2025-11-09 13:46:32,445 - BlankSpaceAnalyzer - INFO - -> Analyzing version 7.0.0-beta.2 (55/56)...
2025-11-09 13:46:32,480 - BlankSpaceAnalyzer - INFO - -> Analyzing version 7.0.0-beta.3 (56/56)...
2025-11-09 13:46:32,514 - BlankSpaceAnalyzer - INFO - Exporting results for 'babel-helper-remap-async-to-generator' to CSV...
2025-11-09 13:46:32,565 - BlankSpaceAnalyzer - INFO - Reports saved in: /app/npm_results/babel-helper-remap-async-to-generator
2025-11-09 13:46:32,565 - NPM_Analyzer - INFO - Cleaning temporary folder 'temp/babel-helper-remap-async-to-generator'...
2025-11-09 13:46:32,573 - NPM_Analyzer - INFO - Cleanup completed.
2025-11-10 00:23:10,624 - NPM_Analyzer - INFO - Fetching metadata for 'babel-helper-remap-async-to-generator'...
2025-11-10 00:23:10,768 - NPM_Analyzer - INFO - Found 56 versions. Starting download into 'temp/babel-helper-remap-async-to-generator'...
2025-11-10 00:23:24,267 - BlankSpaceAnalyzer - INFO - Analyzing 56 versions for '*.js' in 'babel-helper-remap-async-to-generator'.
2025-11-10 00:23:24,268 - BlankSpaceAnalyzer - INFO - -> Analyzing version 6.0.0 (1/56)...
2025-11-10 00:23:24,330 - BlankSpaceAnalyzer - INFO - -> Analyzing version 6.0.14 (2/56)...
2025-11-10 00:23:24,362 - BlankSpaceAnalyzer - INFO - -> Analyzing version 6.0.15 (3/56)...
2025-11-10 00:23:24,362 - BlankSpaceAnalyzer - INFO - -> Analyzing version 6.0.16 (4/56)...
2025-11-10 00:23:24,363 - BlankSpaceAnalyzer - INFO - -> Analyzing version 6.0.2 (5/56)...
2025-11-10 00:23:24,398 - BlankSpaceAnalyzer - INFO - -> Analyzing version 6.1.10 (6/56)...
2025-11-10 00:23:24,399 - BlankSpaceAnalyzer - INFO - -> Analyzing version 6.1.12 (7/56)...
2025-11-10 00:23:24,399 - BlankSpaceAnalyzer - INFO - -> Analyzing version 6.1.13 (8/56)...
2025-11-10 00:23:24,399 - BlankSpaceAnalyzer - INFO - -> Analyzing version 6.1.16 (9/56)...
2025-11-10 00:23:24,400 - BlankSpaceAnalyzer - INFO - -> Analyzing version 6.1.17 (10/56)...
2025-11-10 00:23:24,400 - BlankSpaceAnalyzer - INFO - -> Analyzing version 6.1.18 (11/56)...
2025-11-10 00:23:24,400 - BlankSpaceAnalyzer - INFO - -> Analyzing version 6.1.2 (12/56)...
2025-11-10 00:23:24,401 - BlankSpaceAnalyzer - INFO - -> Analyzing version 6.1.4 (13/56)...
2025-11-10 00:23:24,401 - BlankSpaceAnalyzer - INFO - -> Analyzing version 6.1.5 (14/56)...
2025-11-10 00:23:24,401 - BlankSpaceAnalyzer - INFO - -> Analyzing version 6.1.6 (15/56)...
2025-11-10 00:23:24,402 - BlankSpaceAnalyzer - INFO - -> Analyzing version 6.1.7 (16/56)...
2025-11-10 00:23:24,402 - BlankSpaceAnalyzer - INFO - -> Analyzing version 6.1.8 (17/56)...
2025-11-10 00:23:24,402 - BlankSpaceAnalyzer - INFO - -> Analyzing version 6.1.9 (18/56)...
2025-11-10 00:23:24,403 - BlankSpaceAnalyzer - INFO - -> Analyzing version 6.11.2 (19/56)...
2025-11-10 00:23:24,403 - BlankSpaceAnalyzer - INFO - -> Analyzing version 6.16.0 (20/56)...
2025-11-10 00:23:24,438 - BlankSpaceAnalyzer - INFO - -> Analyzing version 6.16.2 (21/56)...
2025-11-10 00:23:24,474 - BlankSpaceAnalyzer - INFO - -> Analyzing version 6.18.0 (22/56)...
2025-11-10 00:23:24,509 - BlankSpaceAnalyzer - INFO - -> Analyzing version 6.2.4 (23/56)...
2025-11-10 00:23:24,510 - BlankSpaceAnalyzer - INFO - -> Analyzing version 6.20.0 (24/56)...
2025-11-10 00:23:24,545 - BlankSpaceAnalyzer - INFO - -> Analyzing version 6.20.3 (25/56)...
2025-11-10 00:23:24,581 - BlankSpaceAnalyzer - INFO - -> Analyzing version 6.22.0 (26/56)...
2025-11-10 00:23:24,618 - BlankSpaceAnalyzer - INFO - -> Analyzing version 6.24.1 (27/56)...
2025-11-10 00:23:24,653 - BlankSpaceAnalyzer - INFO - -> Analyzing version 6.3.0 (28/56)...
2025-11-10 00:23:24,654 - BlankSpaceAnalyzer - INFO - -> Analyzing version 6.3.13 (29/56)...
2025-11-10 00:23:24,654 - BlankSpaceAnalyzer - INFO - -> Analyzing version 6.4.5 (30/56)...
2025-11-10 00:23:24,654 - BlankSpaceAnalyzer - INFO - -> Analyzing version 6.4.6 (31/56)...
2025-11-10 00:23:24,655 - BlankSpaceAnalyzer - INFO - -> Analyzing version 6.5.0 (32/56)...
2025-11-10 00:23:24,655 - BlankSpaceAnalyzer - INFO - -> Analyzing version 6.5.0-1 (33/56)...
2025-11-10 00:23:24,655 - BlankSpaceAnalyzer - INFO - -> Analyzing version 6.6.0 (34/56)...
2025-11-10 00:23:24,655 - BlankSpaceAnalyzer - INFO - -> Analyzing version 6.6.5 (35/56)...
2025-11-10 00:23:24,656 - BlankSpaceAnalyzer - INFO - -> Analyzing version 6.7.0 (36/56)...
2025-11-10 00:23:24,656 - BlankSpaceAnalyzer - INFO - -> Analyzing version 6.8.0 (37/56)...
2025-11-10 00:23:24,656 - BlankSpaceAnalyzer - INFO - -> Analyzing version 7.0.0-alpha.1 (38/56)...
2025-11-10 00:23:24,692 - BlankSpaceAnalyzer - INFO - -> Analyzing version 7.0.0-alpha.10 (39/56)...
2025-11-10 00:23:24,728 - BlankSpaceAnalyzer - INFO - -> Analyzing version 7.0.0-alpha.11 (40/56)...
2025-11-10 00:23:24,763 - BlankSpaceAnalyzer - INFO - -> Analyzing version 7.0.0-alpha.12 (41/56)...
2025-11-10 00:23:24,799 - BlankSpaceAnalyzer - INFO - -> Analyzing version 7.0.0-alpha.14 (42/56)...
2025-11-10 00:23:24,834 - BlankSpaceAnalyzer - INFO - -> Analyzing version 7.0.0-alpha.15 (43/56)...
2025-11-10 00:23:24,870 - BlankSpaceAnalyzer - INFO - -> Analyzing version 7.0.0-alpha.16 (44/56)...
2025-11-10 00:23:24,905 - BlankSpaceAnalyzer - INFO - -> Analyzing version 7.0.0-alpha.17 (45/56)...
2025-11-10 00:23:24,941 - BlankSpaceAnalyzer - INFO - -> Analyzing version 7.0.0-alpha.18 (46/56)...
2025-11-10 00:23:24,977 - BlankSpaceAnalyzer - INFO - -> Analyzing version 7.0.0-alpha.19 (47/56)...
2025-11-10 00:23:25,013 - BlankSpaceAnalyzer - INFO - -> Analyzing version 7.0.0-alpha.20 (48/56)...
2025-11-10 00:23:25,050 - BlankSpaceAnalyzer - INFO - -> Analyzing version 7.0.0-alpha.3 (49/56)...
2025-11-10 00:23:25,085 - BlankSpaceAnalyzer - INFO - -> Analyzing version 7.0.0-alpha.7 (50/56)...
2025-11-10 00:23:25,120 - BlankSpaceAnalyzer - INFO - -> Analyzing version 7.0.0-alpha.8 (51/56)...
2025-11-10 00:23:25,156 - BlankSpaceAnalyzer - INFO - -> Analyzing version 7.0.0-alpha.9 (52/56)...
2025-11-10 00:23:25,192 - BlankSpaceAnalyzer - INFO - -> Analyzing version 7.0.0-beta.0 (53/56)...
2025-11-10 00:23:25,228 - BlankSpaceAnalyzer - INFO - -> Analyzing version 7.0.0-beta.1 (54/56)...
2025-11-10 00:23:25,263 - BlankSpaceAnalyzer - INFO - -> Analyzing version 7.0.0-beta.2 (55/56)...
2025-11-10 00:23:25,298 - BlankSpaceAnalyzer - INFO - -> Analyzing version 7.0.0-beta.3 (56/56)...
2025-11-10 00:23:25,334 - BlankSpaceAnalyzer - INFO - Exporting results for 'babel-helper-remap-async-to-generator' to CSV...
2025-11-10 00:23:25,383 - BlankSpaceAnalyzer - INFO - Reports saved in: /app/npm_results/babel-helper-remap-async-to-generator
2025-11-10 00:23:25,384 - NPM_Analyzer - INFO - Cleaning temporary folder 'temp/babel-helper-remap-async-to-generator'...
2025-11-10 00:23:25,392 - NPM_Analyzer - INFO - Cleanup completed.
2025-11-10 10:36:34,837 - NPM_Analyzer - INFO - Fetching metadata for 'babel-helper-remap-async-to-generator'...
2025-11-10 10:36:34,988 - NPM_Analyzer - INFO - Found 56 versions. Starting download into 'temp/babel-helper-remap-async-to-generator'...
2025-11-10 10:36:49,946 - BlankSpaceAnalyzer - INFO - Analyzing 56 versions for '*.js' in 'babel-helper-remap-async-to-generator'.
2025-11-10 10:36:49,946 - BlankSpaceAnalyzer - INFO - -> Analyzing version 6.0.0 (1/56)...
2025-11-10 10:36:50,009 - BlankSpaceAnalyzer - INFO - -> Analyzing version 6.0.14 (2/56)...
2025-11-10 10:36:50,044 - BlankSpaceAnalyzer - INFO - -> Analyzing version 6.0.15 (3/56)...
2025-11-10 10:36:50,044 - BlankSpaceAnalyzer - INFO - -> Analyzing version 6.0.16 (4/56)...
2025-11-10 10:36:50,045 - BlankSpaceAnalyzer - INFO - -> Analyzing version 6.0.2 (5/56)...
2025-11-10 10:36:50,081 - BlankSpaceAnalyzer - INFO - -> Analyzing version 6.1.10 (6/56)...
2025-11-10 10:36:50,081 - BlankSpaceAnalyzer - INFO - -> Analyzing version 6.1.12 (7/56)...
2025-11-10 10:36:50,081 - BlankSpaceAnalyzer - INFO - -> Analyzing version 6.1.13 (8/56)...
2025-11-10 10:36:50,082 - BlankSpaceAnalyzer - INFO - -> Analyzing version 6.1.16 (9/56)...
2025-11-10 10:36:50,082 - BlankSpaceAnalyzer - INFO - -> Analyzing version 6.1.17 (10/56)...
2025-11-10 10:36:50,082 - BlankSpaceAnalyzer - INFO - -> Analyzing version 6.1.18 (11/56)...
2025-11-10 10:36:50,082 - BlankSpaceAnalyzer - INFO - -> Analyzing version 6.1.2 (12/56)...
2025-11-10 10:36:50,083 - BlankSpaceAnalyzer - INFO - -> Analyzing version 6.1.4 (13/56)...
2025-11-10 10:36:50,083 - BlankSpaceAnalyzer - INFO - -> Analyzing version 6.1.5 (14/56)...
2025-11-10 10:36:50,083 - BlankSpaceAnalyzer - INFO - -> Analyzing version 6.1.6 (15/56)...
2025-11-10 10:36:50,084 - BlankSpaceAnalyzer - INFO - -> Analyzing version 6.1.7 (16/56)...
2025-11-10 10:36:50,084 - BlankSpaceAnalyzer - INFO - -> Analyzing version 6.1.8 (17/56)...
2025-11-10 10:36:50,084 - BlankSpaceAnalyzer - INFO - -> Analyzing version 6.1.9 (18/56)...
2025-11-10 10:36:50,085 - BlankSpaceAnalyzer - INFO - -> Analyzing version 6.11.2 (19/56)...
2025-11-10 10:36:50,085 - BlankSpaceAnalyzer - INFO - -> Analyzing version 6.16.0 (20/56)...
2025-11-10 10:36:50,122 - BlankSpaceAnalyzer - INFO - -> Analyzing version 6.16.2 (21/56)...
2025-11-10 10:36:50,159 - BlankSpaceAnalyzer - INFO - -> Analyzing version 6.18.0 (22/56)...
2025-11-10 10:36:50,195 - BlankSpaceAnalyzer - INFO - -> Analyzing version 6.2.4 (23/56)...
2025-11-10 10:36:50,195 - BlankSpaceAnalyzer - INFO - -> Analyzing version 6.20.0 (24/56)...
2025-11-10 10:36:50,232 - BlankSpaceAnalyzer - INFO - -> Analyzing version 6.20.3 (25/56)...
2025-11-10 10:36:50,269 - BlankSpaceAnalyzer - INFO - -> Analyzing version 6.22.0 (26/56)...
2025-11-10 10:36:50,305 - BlankSpaceAnalyzer - INFO - -> Analyzing version 6.24.1 (27/56)...
2025-11-10 10:36:50,342 - BlankSpaceAnalyzer - INFO - -> Analyzing version 6.3.0 (28/56)...
2025-11-10 10:36:50,342 - BlankSpaceAnalyzer - INFO - -> Analyzing version 6.3.13 (29/56)...
2025-11-10 10:36:50,343 - BlankSpaceAnalyzer - INFO - -> Analyzing version 6.4.5 (30/56)...
2025-11-10 10:36:50,343 - BlankSpaceAnalyzer - INFO - -> Analyzing version 6.4.6 (31/56)...
2025-11-10 10:36:50,343 - BlankSpaceAnalyzer - INFO - -> Analyzing version 6.5.0 (32/56)...
2025-11-10 10:36:50,343 - BlankSpaceAnalyzer - INFO - -> Analyzing version 6.5.0-1 (33/56)...
2025-11-10 10:36:50,344 - BlankSpaceAnalyzer - INFO - -> Analyzing version 6.6.0 (34/56)...
2025-11-10 10:36:50,344 - BlankSpaceAnalyzer - INFO - -> Analyzing version 6.6.5 (35/56)...
2025-11-10 10:36:50,344 - BlankSpaceAnalyzer - INFO - -> Analyzing version 6.7.0 (36/56)...
2025-11-10 10:36:50,345 - BlankSpaceAnalyzer - INFO - -> Analyzing version 6.8.0 (37/56)...
2025-11-10 10:36:50,345 - BlankSpaceAnalyzer - INFO - -> Analyzing version 7.0.0-alpha.1 (38/56)...
2025-11-10 10:36:50,381 - BlankSpaceAnalyzer - INFO - -> Analyzing version 7.0.0-alpha.10 (39/56)...
2025-11-10 10:36:50,418 - BlankSpaceAnalyzer - INFO - -> Analyzing version 7.0.0-alpha.11 (40/56)...
2025-11-10 10:36:50,455 - BlankSpaceAnalyzer - INFO - -> Analyzing version 7.0.0-alpha.12 (41/56)...
2025-11-10 10:36:50,492 - BlankSpaceAnalyzer - INFO - -> Analyzing version 7.0.0-alpha.14 (42/56)...
2025-11-10 10:36:50,528 - BlankSpaceAnalyzer - INFO - -> Analyzing version 7.0.0-alpha.15 (43/56)...
2025-11-10 10:36:50,565 - BlankSpaceAnalyzer - INFO - -> Analyzing version 7.0.0-alpha.16 (44/56)...
2025-11-10 10:36:50,602 - BlankSpaceAnalyzer - INFO - -> Analyzing version 7.0.0-alpha.17 (45/56)...
2025-11-10 10:36:50,638 - BlankSpaceAnalyzer - INFO - -> Analyzing version 7.0.0-alpha.18 (46/56)...
2025-11-10 10:36:50,674 - BlankSpaceAnalyzer - INFO - -> Analyzing version 7.0.0-alpha.19 (47/56)...
2025-11-10 10:36:50,712 - BlankSpaceAnalyzer - INFO - -> Analyzing version 7.0.0-alpha.20 (48/56)...
2025-11-10 10:36:50,748 - BlankSpaceAnalyzer - INFO - -> Analyzing version 7.0.0-alpha.3 (49/56)...
2025-11-10 10:36:50,784 - BlankSpaceAnalyzer - INFO - -> Analyzing version 7.0.0-alpha.7 (50/56)...
2025-11-10 10:36:50,821 - BlankSpaceAnalyzer - INFO - -> Analyzing version 7.0.0-alpha.8 (51/56)...
2025-11-10 10:36:50,858 - BlankSpaceAnalyzer - INFO - -> Analyzing version 7.0.0-alpha.9 (52/56)...
2025-11-10 10:36:50,894 - BlankSpaceAnalyzer - INFO - -> Analyzing version 7.0.0-beta.0 (53/56)...
2025-11-10 10:36:50,931 - BlankSpaceAnalyzer - INFO - -> Analyzing version 7.0.0-beta.1 (54/56)...
2025-11-10 10:36:50,967 - BlankSpaceAnalyzer - INFO - -> Analyzing version 7.0.0-beta.2 (55/56)...
2025-11-10 10:36:51,003 - BlankSpaceAnalyzer - INFO - -> Analyzing version 7.0.0-beta.3 (56/56)...
2025-11-10 10:36:51,041 - BlankSpaceAnalyzer - INFO - Exporting results for 'babel-helper-remap-async-to-generator' to CSV...
2025-11-10 10:36:51,091 - BlankSpaceAnalyzer - INFO - Reports saved in: /app/npm_results/babel-helper-remap-async-to-generator
2025-11-10 10:36:51,091 - NPM_Analyzer - INFO - Cleaning temporary folder 'temp/babel-helper-remap-async-to-generator'...
2025-11-10 10:36:51,099 - NPM_Analyzer - INFO - Cleanup completed.
2025-11-10 21:00:09,781 - NPM_Analyzer - INFO - Fetching metadata for 'babel-helper-remap-async-to-generator'...
2025-11-10 21:00:09,886 - NPM_Analyzer - INFO - Found 56 versions. Starting download into 'temp/babel-helper-remap-async-to-generator'...
2025-11-10 21:00:21,383 - BlankSpaceAnalyzer - INFO - Analyzing 56 versions for '*.js' in 'babel-helper-remap-async-to-generator'.
2025-11-10 21:00:21,383 - BlankSpaceAnalyzer - INFO - -> Analyzing version 6.0.0 (1/56)...
2025-11-10 21:00:21,437 - BlankSpaceAnalyzer - INFO - -> Analyzing version 6.0.14 (2/56)...
2025-11-10 21:00:21,501 - BlankSpaceAnalyzer - INFO - -> Analyzing version 6.0.15 (3/56)...
2025-11-10 21:00:21,502 - BlankSpaceAnalyzer - INFO - -> Analyzing version 6.0.16 (4/56)...
2025-11-10 21:00:21,502 - BlankSpaceAnalyzer - INFO - -> Analyzing version 6.0.2 (5/56)...
2025-11-10 21:00:21,551 - BlankSpaceAnalyzer - INFO - -> Analyzing version 6.1.10 (6/56)...
2025-11-10 21:00:21,552 - BlankSpaceAnalyzer - INFO - -> Analyzing version 6.1.12 (7/56)...
2025-11-10 21:00:21,552 - BlankSpaceAnalyzer - INFO - -> Analyzing version 6.1.13 (8/56)...
2025-11-10 21:00:21,553 - BlankSpaceAnalyzer - INFO - -> Analyzing version 6.1.16 (9/56)...
2025-11-10 21:00:21,553 - BlankSpaceAnalyzer - INFO - -> Analyzing version 6.1.17 (10/56)...
2025-11-10 21:00:21,553 - BlankSpaceAnalyzer - INFO - -> Analyzing version 6.1.18 (11/56)...
2025-11-10 21:00:21,554 - BlankSpaceAnalyzer - INFO - -> Analyzing version 6.1.2 (12/56)...
2025-11-10 21:00:21,554 - BlankSpaceAnalyzer - INFO - -> Analyzing version 6.1.4 (13/56)...
2025-11-10 21:00:21,555 - BlankSpaceAnalyzer - INFO - -> Analyzing version 6.1.5 (14/56)...
2025-11-10 21:00:21,555 - BlankSpaceAnalyzer - INFO - -> Analyzing version 6.1.6 (15/56)...
2025-11-10 21:00:21,555 - BlankSpaceAnalyzer - INFO - -> Analyzing version 6.1.7 (16/56)...
2025-11-10 21:00:21,556 - BlankSpaceAnalyzer - INFO - -> Analyzing version 6.1.8 (17/56)...
2025-11-10 21:00:21,556 - BlankSpaceAnalyzer - INFO - -> Analyzing version 6.1.9 (18/56)...
2025-11-10 21:00:21,556 - BlankSpaceAnalyzer - INFO - -> Analyzing version 6.11.2 (19/56)...
2025-11-10 21:00:21,557 - BlankSpaceAnalyzer - INFO - -> Analyzing version 6.16.0 (20/56)...
2025-11-10 21:00:21,601 - BlankSpaceAnalyzer - INFO - -> Analyzing version 6.16.2 (21/56)...
2025-11-10 21:00:21,640 - BlankSpaceAnalyzer - INFO - -> Analyzing version 6.18.0 (22/56)...
2025-11-10 21:00:21,689 - BlankSpaceAnalyzer - INFO - -> Analyzing version 6.2.4 (23/56)...
2025-11-10 21:00:21,690 - BlankSpaceAnalyzer - INFO - -> Analyzing version 6.20.0 (24/56)...
2025-11-10 21:00:21,738 - BlankSpaceAnalyzer - INFO - -> Analyzing version 6.20.3 (25/56)...
2025-11-10 21:00:21,777 - BlankSpaceAnalyzer - INFO - -> Analyzing version 6.22.0 (26/56)...
2025-11-10 21:00:21,826 - BlankSpaceAnalyzer - INFO - -> Analyzing version 6.24.1 (27/56)...
2025-11-10 21:00:21,865 - BlankSpaceAnalyzer - INFO - -> Analyzing version 6.3.0 (28/56)...
2025-11-10 21:00:21,866 - BlankSpaceAnalyzer - INFO - -> Analyzing version 6.3.13 (29/56)...
2025-11-10 21:00:21,866 - BlankSpaceAnalyzer - INFO - -> Analyzing version 6.4.5 (30/56)...
2025-11-10 21:00:21,866 - BlankSpaceAnalyzer - INFO - -> Analyzing version 6.4.6 (31/56)...
2025-11-10 21:00:21,867 - BlankSpaceAnalyzer - INFO - -> Analyzing version 6.5.0 (32/56)...
2025-11-10 21:00:21,867 - BlankSpaceAnalyzer - INFO - -> Analyzing version 6.5.0-1 (33/56)...
2025-11-10 21:00:21,867 - BlankSpaceAnalyzer - INFO - -> Analyzing version 6.6.0 (34/56)...
2025-11-10 21:00:21,867 - BlankSpaceAnalyzer - INFO - -> Analyzing version 6.6.5 (35/56)...
2025-11-10 21:00:21,868 - BlankSpaceAnalyzer - INFO - -> Analyzing version 6.7.0 (36/56)...
2025-11-10 21:00:21,868 - BlankSpaceAnalyzer - INFO - -> Analyzing version 6.8.0 (37/56)...
2025-11-10 21:00:21,868 - BlankSpaceAnalyzer - INFO - -> Analyzing version 7.0.0-alpha.1 (38/56)...
2025-11-10 21:00:21,907 - BlankSpaceAnalyzer - INFO - -> Analyzing version 7.0.0-alpha.10 (39/56)...
2025-11-10 21:00:21,945 - BlankSpaceAnalyzer - INFO - -> Analyzing version 7.0.0-alpha.11 (40/56)...
2025-11-10 21:00:21,982 - BlankSpaceAnalyzer - INFO - -> Analyzing version 7.0.0-alpha.12 (41/56)...
2025-11-10 21:00:22,032 - BlankSpaceAnalyzer - INFO - -> Analyzing version 7.0.0-alpha.14 (42/56)...
2025-11-10 21:00:22,069 - BlankSpaceAnalyzer - INFO - -> Analyzing version 7.0.0-alpha.15 (43/56)...
2025-11-10 21:00:22,107 - BlankSpaceAnalyzer - INFO - -> Analyzing version 7.0.0-alpha.16 (44/56)...
2025-11-10 21:00:22,144 - BlankSpaceAnalyzer - INFO - -> Analyzing version 7.0.0-alpha.17 (45/56)...
2025-11-10 21:00:22,181 - BlankSpaceAnalyzer - INFO - -> Analyzing version 7.0.0-alpha.18 (46/56)...
2025-11-10 21:00:22,218 - BlankSpaceAnalyzer - INFO - -> Analyzing version 7.0.0-alpha.19 (47/56)...
2025-11-10 21:00:22,270 - BlankSpaceAnalyzer - INFO - -> Analyzing version 7.0.0-alpha.20 (48/56)...
2025-11-10 21:00:22,340 - BlankSpaceAnalyzer - INFO - -> Analyzing version 7.0.0-alpha.3 (49/56)...
2025-11-10 21:00:22,390 - BlankSpaceAnalyzer - INFO - -> Analyzing version 7.0.0-alpha.7 (50/56)...
2025-11-10 21:00:22,440 - BlankSpaceAnalyzer - INFO - -> Analyzing version 7.0.0-alpha.8 (51/56)...
2025-11-10 21:00:22,490 - BlankSpaceAnalyzer - INFO - -> Analyzing version 7.0.0-alpha.9 (52/56)...
2025-11-10 21:00:22,540 - BlankSpaceAnalyzer - INFO - -> Analyzing version 7.0.0-beta.0 (53/56)...
2025-11-10 21:00:22,590 - BlankSpaceAnalyzer - INFO - -> Analyzing version 7.0.0-beta.1 (54/56)...
2025-11-10 21:00:22,640 - BlankSpaceAnalyzer - INFO - -> Analyzing version 7.0.0-beta.2 (55/56)...
2025-11-10 21:00:22,690 - BlankSpaceAnalyzer - INFO - -> Analyzing version 7.0.0-beta.3 (56/56)...
2025-11-10 21:00:22,729 - BlankSpaceAnalyzer - INFO - Exporting results for 'babel-helper-remap-async-to-generator' to CSV...
2025-11-10 21:00:22,795 - BlankSpaceAnalyzer - INFO - Reports saved in: /app/npm_results/babel-helper-remap-async-to-generator
2025-11-10 21:00:22,795 - NPM_Analyzer - INFO - Cleaning temporary folder 'temp/babel-helper-remap-async-to-generator'...
2025-11-10 21:00:22,804 - NPM_Analyzer - INFO - Cleanup completed.
2025-11-11 07:23:38,536 - NPM_Analyzer - INFO - Fetching metadata for 'babel-helper-remap-async-to-generator'...
2025-11-11 07:23:38,626 - NPM_Analyzer - INFO - Found 56 versions. Starting download into 'temp/babel-helper-remap-async-to-generator'...
2025-11-11 07:23:51,616 - BlankSpaceAnalyzer - INFO - Analyzing 56 versions for '*.js' in 'babel-helper-remap-async-to-generator'.
2025-11-11 07:23:51,616 - BlankSpaceAnalyzer - INFO - -> Analyzing version 6.0.0 (1/56)...
2025-11-11 07:23:51,651 - BlankSpaceAnalyzer - INFO - -> Analyzing version 6.0.14 (2/56)...
2025-11-11 07:23:51,687 - BlankSpaceAnalyzer - INFO - -> Analyzing version 6.0.15 (3/56)...
2025-11-11 07:23:51,688 - BlankSpaceAnalyzer - INFO - -> Analyzing version 6.0.16 (4/56)...
2025-11-11 07:23:51,688 - BlankSpaceAnalyzer - INFO - -> Analyzing version 6.0.2 (5/56)...
2025-11-11 07:23:51,723 - BlankSpaceAnalyzer - INFO - -> Analyzing version 6.1.10 (6/56)...
2025-11-11 07:23:51,724 - BlankSpaceAnalyzer - INFO - -> Analyzing version 6.1.12 (7/56)...
2025-11-11 07:23:51,724 - BlankSpaceAnalyzer - INFO - -> Analyzing version 6.1.13 (8/56)...
2025-11-11 07:23:51,725 - BlankSpaceAnalyzer - INFO - -> Analyzing version 6.1.16 (9/56)...
2025-11-11 07:23:51,725 - BlankSpaceAnalyzer - INFO - -> Analyzing version 6.1.17 (10/56)...
2025-11-11 07:23:51,726 - BlankSpaceAnalyzer - INFO - -> Analyzing version 6.1.18 (11/56)...
2025-11-11 07:23:51,726 - BlankSpaceAnalyzer - INFO - -> Analyzing version 6.1.2 (12/56)...
2025-11-11 07:23:51,727 - BlankSpaceAnalyzer - INFO - -> Analyzing version 6.1.4 (13/56)...
2025-11-11 07:23:51,727 - BlankSpaceAnalyzer - INFO - -> Analyzing version 6.1.5 (14/56)...
2025-11-11 07:23:51,728 - BlankSpaceAnalyzer - INFO - -> Analyzing version 6.1.6 (15/56)...
2025-11-11 07:23:51,728 - BlankSpaceAnalyzer - INFO - -> Analyzing version 6.1.7 (16/56)...
2025-11-11 07:23:51,729 - BlankSpaceAnalyzer - INFO - -> Analyzing version 6.1.8 (17/56)...
2025-11-11 07:23:51,729 - BlankSpaceAnalyzer - INFO - -> Analyzing version 6.1.9 (18/56)...
2025-11-11 07:23:51,729 - BlankSpaceAnalyzer - INFO - -> Analyzing version 6.11.2 (19/56)...
2025-11-11 07:23:51,730 - BlankSpaceAnalyzer - INFO - -> Analyzing version 6.16.0 (20/56)...
2025-11-11 07:23:51,778 - BlankSpaceAnalyzer - INFO - -> Analyzing version 6.16.2 (21/56)...
2025-11-11 07:23:51,829 - BlankSpaceAnalyzer - INFO - -> Analyzing version 6.18.0 (22/56)...
2025-11-11 07:23:51,868 - BlankSpaceAnalyzer - INFO - -> Analyzing version 6.2.4 (23/56)...
2025-11-11 07:23:51,869 - BlankSpaceAnalyzer - INFO - -> Analyzing version 6.20.0 (24/56)...
2025-11-11 07:23:51,907 - BlankSpaceAnalyzer - INFO - -> Analyzing version 6.20.3 (25/56)...
2025-11-11 07:23:51,949 - BlankSpaceAnalyzer - INFO - -> Analyzing version 6.22.0 (26/56)...
2025-11-11 07:23:51,991 - BlankSpaceAnalyzer - INFO - -> Analyzing version 6.24.1 (27/56)...
2025-11-11 07:23:52,032 - BlankSpaceAnalyzer - INFO - -> Analyzing version 6.3.0 (28/56)...
2025-11-11 07:23:52,032 - BlankSpaceAnalyzer - INFO - -> Analyzing version 6.3.13 (29/56)...
2025-11-11 07:23:52,032 - BlankSpaceAnalyzer - INFO - -> Analyzing version 6.4.5 (30/56)...
2025-11-11 07:23:52,033 - BlankSpaceAnalyzer - INFO - -> Analyzing version 6.4.6 (31/56)...
2025-11-11 07:23:52,033 - BlankSpaceAnalyzer - INFO - -> Analyzing version 6.5.0 (32/56)...
2025-11-11 07:23:52,033 - BlankSpaceAnalyzer - INFO - -> Analyzing version 6.5.0-1 (33/56)...
2025-11-11 07:23:52,033 - BlankSpaceAnalyzer - INFO - -> Analyzing version 6.6.0 (34/56)...
2025-11-11 07:23:52,034 - BlankSpaceAnalyzer - INFO - -> Analyzing version 6.6.5 (35/56)...
2025-11-11 07:23:52,034 - BlankSpaceAnalyzer - INFO - -> Analyzing version 6.7.0 (36/56)...
2025-11-11 07:23:52,034 - BlankSpaceAnalyzer - INFO - -> Analyzing version 6.8.0 (37/56)...
2025-11-11 07:23:52,035 - BlankSpaceAnalyzer - INFO - -> Analyzing version 7.0.0-alpha.1 (38/56)...
2025-11-11 07:23:52,076 - BlankSpaceAnalyzer - INFO - -> Analyzing version 7.0.0-alpha.10 (39/56)...
2025-11-11 07:23:52,118 - BlankSpaceAnalyzer - INFO - -> Analyzing version 7.0.0-alpha.11 (40/56)...
2025-11-11 07:23:52,159 - BlankSpaceAnalyzer - INFO - -> Analyzing version 7.0.0-alpha.12 (41/56)...
2025-11-11 07:23:52,199 - BlankSpaceAnalyzer - INFO - -> Analyzing version 7.0.0-alpha.14 (42/56)...
2025-11-11 07:23:52,240 - BlankSpaceAnalyzer - INFO - -> Analyzing version 7.0.0-alpha.15 (43/56)...
2025-11-11 07:23:52,295 - BlankSpaceAnalyzer - INFO - -> Analyzing version 7.0.0-alpha.16 (44/56)...
2025-11-11 07:23:52,344 - BlankSpaceAnalyzer - INFO - -> Analyzing version 7.0.0-alpha.17 (45/56)...
2025-11-11 07:23:52,387 - BlankSpaceAnalyzer - INFO - -> Analyzing version 7.0.0-alpha.18 (46/56)...
2025-11-11 07:23:52,430 - BlankSpaceAnalyzer - INFO - -> Analyzing version 7.0.0-alpha.19 (47/56)...
2025-11-11 07:23:52,471 - BlankSpaceAnalyzer - INFO - -> Analyzing version 7.0.0-alpha.20 (48/56)...
2025-11-11 07:23:52,512 - BlankSpaceAnalyzer - INFO - -> Analyzing version 7.0.0-alpha.3 (49/56)...
2025-11-11 07:23:52,552 - BlankSpaceAnalyzer - INFO - -> Analyzing version 7.0.0-alpha.7 (50/56)...
2025-11-11 07:23:52,592 - BlankSpaceAnalyzer - INFO - -> Analyzing version 7.0.0-alpha.8 (51/56)...
2025-11-11 07:23:52,633 - BlankSpaceAnalyzer - INFO - -> Analyzing version 7.0.0-alpha.9 (52/56)...
2025-11-11 07:23:52,674 - BlankSpaceAnalyzer - INFO - -> Analyzing version 7.0.0-beta.0 (53/56)...
2025-11-11 07:23:52,716 - BlankSpaceAnalyzer - INFO - -> Analyzing version 7.0.0-beta.1 (54/56)...
2025-11-11 07:23:52,756 - BlankSpaceAnalyzer - INFO - -> Analyzing version 7.0.0-beta.2 (55/56)...
2025-11-11 07:23:52,799 - BlankSpaceAnalyzer - INFO - -> Analyzing version 7.0.0-beta.3 (56/56)...
2025-11-11 07:23:52,842 - BlankSpaceAnalyzer - INFO - Exporting results for 'babel-helper-remap-async-to-generator' to CSV...
2025-11-11 07:23:52,892 - BlankSpaceAnalyzer - INFO - Reports saved in: /app/npm_results/babel-helper-remap-async-to-generator
2025-11-11 07:23:52,892 - NPM_Analyzer - INFO - Cleaning temporary folder 'temp/babel-helper-remap-async-to-generator'...
2025-11-11 07:23:52,900 - NPM_Analyzer - INFO - Cleanup completed.
2025-11-11 17:49:31,532 - NPM_Analyzer - INFO - Fetching metadata for 'babel-helper-remap-async-to-generator'...
2025-11-11 17:49:31,698 - NPM_Analyzer - INFO - Found 56 versions. Starting download into 'temp/babel-helper-remap-async-to-generator'...
2025-11-11 17:49:46,555 - BlankSpaceAnalyzer - INFO - Analyzing 56 versions for '*.js' in 'babel-helper-remap-async-to-generator'.
2025-11-11 17:49:46,555 - BlankSpaceAnalyzer - INFO - -> Analyzing version 6.0.0 (1/56)...
2025-11-11 17:49:46,619 - BlankSpaceAnalyzer - INFO - -> Analyzing version 6.0.14 (2/56)...
2025-11-11 17:49:46,649 - BlankSpaceAnalyzer - INFO - -> Analyzing version 6.0.15 (3/56)...
2025-11-11 17:49:46,649 - BlankSpaceAnalyzer - INFO - -> Analyzing version 6.0.16 (4/56)...
2025-11-11 17:49:46,650 - BlankSpaceAnalyzer - INFO - -> Analyzing version 6.0.2 (5/56)...
2025-11-11 17:49:46,684 - BlankSpaceAnalyzer - INFO - -> Analyzing version 6.1.10 (6/56)...
2025-11-11 17:49:46,684 - BlankSpaceAnalyzer - INFO - -> Analyzing version 6.1.12 (7/56)...
2025-11-11 17:49:46,684 - BlankSpaceAnalyzer - INFO - -> Analyzing version 6.1.13 (8/56)...
2025-11-11 17:49:46,685 - BlankSpaceAnalyzer - INFO - -> Analyzing version 6.1.16 (9/56)...
2025-11-11 17:49:46,685 - BlankSpaceAnalyzer - INFO - -> Analyzing version 6.1.17 (10/56)...
2025-11-11 17:49:46,685 - BlankSpaceAnalyzer - INFO - -> Analyzing version 6.1.18 (11/56)...
2025-11-11 17:49:46,686 - BlankSpaceAnalyzer - INFO - -> Analyzing version 6.1.2 (12/56)...
2025-11-11 17:49:46,686 - BlankSpaceAnalyzer - INFO - -> Analyzing version 6.1.4 (13/56)...
2025-11-11 17:49:46,686 - BlankSpaceAnalyzer - INFO - -> Analyzing version 6.1.5 (14/56)...
2025-11-11 17:49:46,687 - BlankSpaceAnalyzer - INFO - -> Analyzing version 6.1.6 (15/56)...
2025-11-11 17:49:46,687 - BlankSpaceAnalyzer - INFO - -> Analyzing version 6.1.7 (16/56)...
2025-11-11 17:49:46,687 - BlankSpaceAnalyzer - INFO - -> Analyzing version 6.1.8 (17/56)...
2025-11-11 17:49:46,688 - BlankSpaceAnalyzer - INFO - -> Analyzing version 6.1.9 (18/56)...
2025-11-11 17:49:46,688 - BlankSpaceAnalyzer - INFO - -> Analyzing version 6.11.2 (19/56)...
2025-11-11 17:49:46,688 - BlankSpaceAnalyzer - INFO - -> Analyzing version 6.16.0 (20/56)...
2025-11-11 17:49:46,723 - BlankSpaceAnalyzer - INFO - -> Analyzing version 6.16.2 (21/56)...
2025-11-11 17:49:46,758 - BlankSpaceAnalyzer - INFO - -> Analyzing version 6.18.0 (22/56)...
2025-11-11 17:49:46,792 - BlankSpaceAnalyzer - INFO - -> Analyzing version 6.2.4 (23/56)...
2025-11-11 17:49:46,793 - BlankSpaceAnalyzer - INFO - -> Analyzing version 6.20.0 (24/56)...
2025-11-11 17:49:46,828 - BlankSpaceAnalyzer - INFO - -> Analyzing version 6.20.3 (25/56)...
2025-11-11 17:49:46,863 - BlankSpaceAnalyzer - INFO - -> Analyzing version 6.22.0 (26/56)...
2025-11-11 17:49:46,897 - BlankSpaceAnalyzer - INFO - -> Analyzing version 6.24.1 (27/56)...
2025-11-11 17:49:46,933 - BlankSpaceAnalyzer - INFO - -> Analyzing version 6.3.0 (28/56)...
2025-11-11 17:49:46,934 - BlankSpaceAnalyzer - INFO - -> Analyzing version 6.3.13 (29/56)...
2025-11-11 17:49:46,934 - BlankSpaceAnalyzer - INFO - -> Analyzing version 6.4.5 (30/56)...
2025-11-11 17:49:46,934 - BlankSpaceAnalyzer - INFO - -> Analyzing version 6.4.6 (31/56)...
2025-11-11 17:49:46,935 - BlankSpaceAnalyzer - INFO - -> Analyzing version 6.5.0 (32/56)...
2025-11-11 17:49:46,935 - BlankSpaceAnalyzer - INFO - -> Analyzing version 6.5.0-1 (33/56)...
2025-11-11 17:49:46,935 - BlankSpaceAnalyzer - INFO - -> Analyzing version 6.6.0 (34/56)...
2025-11-11 17:49:46,935 - BlankSpaceAnalyzer - INFO - -> Analyzing version 6.6.5 (35/56)...
2025-11-11 17:49:46,936 - BlankSpaceAnalyzer - INFO - -> Analyzing version 6.7.0 (36/56)...
2025-11-11 17:49:46,936 - BlankSpaceAnalyzer - INFO - -> Analyzing version 6.8.0 (37/56)...
2025-11-11 17:49:46,936 - BlankSpaceAnalyzer - INFO - -> Analyzing version 7.0.0-alpha.1 (38/56)...
2025-11-11 17:49:46,972 - BlankSpaceAnalyzer - INFO - -> Analyzing version 7.0.0-alpha.10 (39/56)...
2025-11-11 17:49:47,007 - BlankSpaceAnalyzer - INFO - -> Analyzing version 7.0.0-alpha.11 (40/56)...
2025-11-11 17:49:47,043 - BlankSpaceAnalyzer - INFO - -> Analyzing version 7.0.0-alpha.12 (41/56)...
2025-11-11 17:49:47,078 - BlankSpaceAnalyzer - INFO - -> Analyzing version 7.0.0-alpha.14 (42/56)...
2025-11-11 17:49:47,112 - BlankSpaceAnalyzer - INFO - -> Analyzing version 7.0.0-alpha.15 (43/56)...
2025-11-11 17:49:47,147 - BlankSpaceAnalyzer - INFO - -> Analyzing version 7.0.0-alpha.16 (44/56)...
2025-11-11 17:49:47,181 - BlankSpaceAnalyzer - INFO - -> Analyzing version 7.0.0-alpha.17 (45/56)...
2025-11-11 17:49:47,216 - BlankSpaceAnalyzer - INFO - -> Analyzing version 7.0.0-alpha.18 (46/56)...
2025-11-11 17:49:47,253 - BlankSpaceAnalyzer - INFO - -> Analyzing version 7.0.0-alpha.19 (47/56)...
2025-11-11 17:49:47,287 - BlankSpaceAnalyzer - INFO - -> Analyzing version 7.0.0-alpha.20 (48/56)...
2025-11-11 17:49:47,324 - BlankSpaceAnalyzer - INFO - -> Analyzing version 7.0.0-alpha.3 (49/56)...
2025-11-11 17:49:47,359 - BlankSpaceAnalyzer - INFO - -> Analyzing version 7.0.0-alpha.7 (50/56)...
2025-11-11 17:49:47,394 - BlankSpaceAnalyzer - INFO - -> Analyzing version 7.0.0-alpha.8 (51/56)...
2025-11-11 17:49:47,429 - BlankSpaceAnalyzer - INFO - -> Analyzing version 7.0.0-alpha.9 (52/56)...
2025-11-11 17:49:47,465 - BlankSpaceAnalyzer - INFO - -> Analyzing version 7.0.0-beta.0 (53/56)...
2025-11-11 17:49:47,500 - BlankSpaceAnalyzer - INFO - -> Analyzing version 7.0.0-beta.1 (54/56)...
2025-11-11 17:49:47,534 - BlankSpaceAnalyzer - INFO - -> Analyzing version 7.0.0-beta.2 (55/56)...
2025-11-11 17:49:47,569 - BlankSpaceAnalyzer - INFO - -> Analyzing version 7.0.0-beta.3 (56/56)...
2025-11-11 17:49:47,605 - BlankSpaceAnalyzer - INFO - Exporting results for 'babel-helper-remap-async-to-generator' to CSV...
2025-11-11 17:49:47,656 - BlankSpaceAnalyzer - INFO - Reports saved in: /app/npm_results/babel-helper-remap-async-to-generator
2025-11-11 17:49:47,656 - NPM_Analyzer - INFO - Cleaning temporary folder 'temp/babel-helper-remap-async-to-generator'...
2025-11-11 17:49:47,665 - NPM_Analyzer - INFO - Cleanup completed.
2025-11-12 04:40:04,840 - NPM_Analyzer - INFO - Fetching metadata for 'babel-helper-remap-async-to-generator'...
2025-11-12 04:40:04,950 - NPM_Analyzer - INFO - Found 56 versions. Starting download into 'temp/babel-helper-remap-async-to-generator'...
2025-11-12 04:40:19,146 - BlankSpaceAnalyzer - INFO - Analyzing 56 versions for '*.js' in 'babel-helper-remap-async-to-generator'.
2025-11-12 04:40:19,146 - BlankSpaceAnalyzer - INFO - -> Analyzing version 6.0.0 (1/56)...
2025-11-12 04:40:19,211 - BlankSpaceAnalyzer - INFO - -> Analyzing version 6.0.14 (2/56)...
2025-11-12 04:40:19,242 - BlankSpaceAnalyzer - INFO - -> Analyzing version 6.0.15 (3/56)...
2025-11-12 04:40:19,242 - BlankSpaceAnalyzer - INFO - -> Analyzing version 6.0.16 (4/56)...
2025-11-12 04:40:19,243 - BlankSpaceAnalyzer - INFO - -> Analyzing version 6.0.2 (5/56)...
2025-11-12 04:40:19,275 - BlankSpaceAnalyzer - INFO - -> Analyzing version 6.1.10 (6/56)...
2025-11-12 04:40:19,276 - BlankSpaceAnalyzer - INFO - -> Analyzing version 6.1.12 (7/56)...
2025-11-12 04:40:19,276 - BlankSpaceAnalyzer - INFO - -> Analyzing version 6.1.13 (8/56)...
2025-11-12 04:40:19,276 - BlankSpaceAnalyzer - INFO - -> Analyzing version 6.1.16 (9/56)...
2025-11-12 04:40:19,277 - BlankSpaceAnalyzer - INFO - -> Analyzing version 6.1.17 (10/56)...
2025-11-12 04:40:19,277 - BlankSpaceAnalyzer - INFO - -> Analyzing version 6.1.18 (11/56)...
2025-11-12 04:40:19,277 - BlankSpaceAnalyzer - INFO - -> Analyzing version 6.1.2 (12/56)...
2025-11-12 04:40:19,278 - BlankSpaceAnalyzer - INFO - -> Analyzing version 6.1.4 (13/56)...
2025-11-12 04:40:19,278 - BlankSpaceAnalyzer - INFO - -> Analyzing version 6.1.5 (14/56)...
2025-11-12 04:40:19,278 - BlankSpaceAnalyzer - INFO - -> Analyzing version 6.1.6 (15/56)...
2025-11-12 04:40:19,278 - BlankSpaceAnalyzer - INFO - -> Analyzing version 6.1.7 (16/56)...
2025-11-12 04:40:19,279 - BlankSpaceAnalyzer - INFO - -> Analyzing version 6.1.8 (17/56)...
2025-11-12 04:40:19,279 - BlankSpaceAnalyzer - INFO - -> Analyzing version 6.1.9 (18/56)...
2025-11-12 04:40:19,279 - BlankSpaceAnalyzer - INFO - -> Analyzing version 6.11.2 (19/56)...
2025-11-12 04:40:19,280 - BlankSpaceAnalyzer - INFO - -> Analyzing version 6.16.0 (20/56)...
2025-11-12 04:40:19,312 - BlankSpaceAnalyzer - INFO - -> Analyzing version 6.16.2 (21/56)...
2025-11-12 04:40:19,349 - BlankSpaceAnalyzer - INFO - -> Analyzing version 6.18.0 (22/56)...
2025-11-12 04:40:19,385 - BlankSpaceAnalyzer - INFO - -> Analyzing version 6.2.4 (23/56)...
2025-11-12 04:40:19,385 - BlankSpaceAnalyzer - INFO - -> Analyzing version 6.20.0 (24/56)...
2025-11-12 04:40:19,420 - BlankSpaceAnalyzer - INFO - -> Analyzing version 6.20.3 (25/56)...
2025-11-12 04:40:19,456 - BlankSpaceAnalyzer - INFO - -> Analyzing version 6.22.0 (26/56)...
2025-11-12 04:40:19,491 - BlankSpaceAnalyzer - INFO - -> Analyzing version 6.24.1 (27/56)...
2025-11-12 04:40:19,526 - BlankSpaceAnalyzer - INFO - -> Analyzing version 6.3.0 (28/56)...
2025-11-12 04:40:19,527 - BlankSpaceAnalyzer - INFO - -> Analyzing version 6.3.13 (29/56)...
2025-11-12 04:40:19,527 - BlankSpaceAnalyzer - INFO - -> Analyzing version 6.4.5 (30/56)...
2025-11-12 04:40:19,527 - BlankSpaceAnalyzer - INFO - -> Analyzing version 6.4.6 (31/56)...
2025-11-12 04:40:19,528 - BlankSpaceAnalyzer - INFO - -> Analyzing version 6.5.0 (32/56)...
2025-11-12 04:40:19,528 - BlankSpaceAnalyzer - INFO - -> Analyzing version 6.5.0-1 (33/56)...
2025-11-12 04:40:19,528 - BlankSpaceAnalyzer - INFO - -> Analyzing version 6.6.0 (34/56)...
2025-11-12 04:40:19,528 - BlankSpaceAnalyzer - INFO - -> Analyzing version 6.6.5 (35/56)...
2025-11-12 04:40:19,529 - BlankSpaceAnalyzer - INFO - -> Analyzing version 6.7.0 (36/56)...
2025-11-12 04:40:19,529 - BlankSpaceAnalyzer - INFO - -> Analyzing version 6.8.0 (37/56)...
2025-11-12 04:40:19,529 - BlankSpaceAnalyzer - INFO - -> Analyzing version 7.0.0-alpha.1 (38/56)...
2025-11-12 04:40:19,564 - BlankSpaceAnalyzer - INFO - -> Analyzing version 7.0.0-alpha.10 (39/56)...
2025-11-12 04:40:19,599 - BlankSpaceAnalyzer - INFO - -> Analyzing version 7.0.0-alpha.11 (40/56)...
2025-11-12 04:40:19,634 - BlankSpaceAnalyzer - INFO - -> Analyzing version 7.0.0-alpha.12 (41/56)...
2025-11-12 04:40:19,669 - BlankSpaceAnalyzer - INFO - -> Analyzing version 7.0.0-alpha.14 (42/56)...
2025-11-12 04:40:19,704 - BlankSpaceAnalyzer - INFO - -> Analyzing version 7.0.0-alpha.15 (43/56)...
2025-11-12 04:40:19,739 - BlankSpaceAnalyzer - INFO - -> Analyzing version 7.0.0-alpha.16 (44/56)...
2025-11-12 04:40:19,774 - BlankSpaceAnalyzer - INFO - -> Analyzing version 7.0.0-alpha.17 (45/56)...
2025-11-12 04:40:19,809 - BlankSpaceAnalyzer - INFO - -> Analyzing version 7.0.0-alpha.18 (46/56)...
2025-11-12 04:40:19,845 - BlankSpaceAnalyzer - INFO - -> Analyzing version 7.0.0-alpha.19 (47/56)...
2025-11-12 04:40:19,881 - BlankSpaceAnalyzer - INFO - -> Analyzing version 7.0.0-alpha.20 (48/56)...
2025-11-12 04:40:19,916 - BlankSpaceAnalyzer - INFO - -> Analyzing version 7.0.0-alpha.3 (49/56)...
2025-11-12 04:40:19,950 - BlankSpaceAnalyzer - INFO - -> Analyzing version 7.0.0-alpha.7 (50/56)...
2025-11-12 04:40:19,987 - BlankSpaceAnalyzer - INFO - -> Analyzing version 7.0.0-alpha.8 (51/56)...
2025-11-12 04:40:20,022 - BlankSpaceAnalyzer - INFO - -> Analyzing version 7.0.0-alpha.9 (52/56)...
2025-11-12 04:40:20,058 - BlankSpaceAnalyzer - INFO - -> Analyzing version 7.0.0-beta.0 (53/56)...
2025-11-12 04:40:20,094 - BlankSpaceAnalyzer - INFO - -> Analyzing version 7.0.0-beta.1 (54/56)...
2025-11-12 04:40:20,131 - BlankSpaceAnalyzer - INFO - -> Analyzing version 7.0.0-beta.2 (55/56)...
2025-11-12 04:40:20,166 - BlankSpaceAnalyzer - INFO - -> Analyzing version 7.0.0-beta.3 (56/56)...
2025-11-12 04:40:20,203 - BlankSpaceAnalyzer - INFO - Exporting results for 'babel-helper-remap-async-to-generator' to CSV...
2025-11-12 04:40:20,252 - BlankSpaceAnalyzer - INFO - Reports saved in: /app/npm_results/babel-helper-remap-async-to-generator
2025-11-12 04:40:20,252 - NPM_Analyzer - INFO - Cleaning temporary folder 'temp/babel-helper-remap-async-to-generator'...
2025-11-12 04:40:20,260 - NPM_Analyzer - INFO - Cleanup completed.
2025-11-12 15:06:54,570 - NPM_Analyzer - INFO - Fetching metadata for 'babel-helper-remap-async-to-generator'...
2025-11-12 15:06:54,689 - NPM_Analyzer - INFO - Found 56 versions. Starting download into 'temp/babel-helper-remap-async-to-generator'...
2025-11-12 15:07:07,910 - BlankSpaceAnalyzer - INFO - Analyzing 56 versions for '*.js' in 'babel-helper-remap-async-to-generator'.
2025-11-12 15:07:07,910 - BlankSpaceAnalyzer - INFO - -> Analyzing version 6.0.0 (1/56)...
2025-11-12 15:07:07,972 - BlankSpaceAnalyzer - INFO - -> Analyzing version 6.0.14 (2/56)...
2025-11-12 15:07:08,001 - BlankSpaceAnalyzer - INFO - -> Analyzing version 6.0.15 (3/56)...
2025-11-12 15:07:08,002 - BlankSpaceAnalyzer - INFO - -> Analyzing version 6.0.16 (4/56)...
2025-11-12 15:07:08,002 - BlankSpaceAnalyzer - INFO - -> Analyzing version 6.0.2 (5/56)...
2025-11-12 15:07:08,037 - BlankSpaceAnalyzer - INFO - -> Analyzing version 6.1.10 (6/56)...
2025-11-12 15:07:08,037 - BlankSpaceAnalyzer - INFO - -> Analyzing version 6.1.12 (7/56)...
2025-11-12 15:07:08,038 - BlankSpaceAnalyzer - INFO - -> Analyzing version 6.1.13 (8/56)...
2025-11-12 15:07:08,038 - BlankSpaceAnalyzer - INFO - -> Analyzing version 6.1.16 (9/56)...
2025-11-12 15:07:08,038 - BlankSpaceAnalyzer - INFO - -> Analyzing version 6.1.17 (10/56)...
2025-11-12 15:07:08,039 - BlankSpaceAnalyzer - INFO - -> Analyzing version 6.1.18 (11/56)...
2025-11-12 15:07:08,039 - BlankSpaceAnalyzer - INFO - -> Analyzing version 6.1.2 (12/56)...
2025-11-12 15:07:08,039 - BlankSpaceAnalyzer - INFO - -> Analyzing version 6.1.4 (13/56)...
2025-11-12 15:07:08,040 - BlankSpaceAnalyzer - INFO - -> Analyzing version 6.1.5 (14/56)...
2025-11-12 15:07:08,040 - BlankSpaceAnalyzer - INFO - -> Analyzing version 6.1.6 (15/56)...
2025-11-12 15:07:08,040 - BlankSpaceAnalyzer - INFO - -> Analyzing version 6.1.7 (16/56)...
2025-11-12 15:07:08,040 - BlankSpaceAnalyzer - INFO - -> Analyzing version 6.1.8 (17/56)...
2025-11-12 15:07:08,041 - BlankSpaceAnalyzer - INFO - -> Analyzing version 6.1.9 (18/56)...
2025-11-12 15:07:08,041 - BlankSpaceAnalyzer - INFO - -> Analyzing version 6.11.2 (19/56)...
2025-11-12 15:07:08,041 - BlankSpaceAnalyzer - INFO - -> Analyzing version 6.16.0 (20/56)...
2025-11-12 15:07:08,074 - BlankSpaceAnalyzer - INFO - -> Analyzing version 6.16.2 (21/56)...
2025-11-12 15:07:08,104 - BlankSpaceAnalyzer - INFO - -> Analyzing version 6.18.0 (22/56)...
2025-11-12 15:07:08,138 - BlankSpaceAnalyzer - INFO - -> Analyzing version 6.2.4 (23/56)...
2025-11-12 15:07:08,139 - BlankSpaceAnalyzer - INFO - -> Analyzing version 6.20.0 (24/56)...
2025-11-12 15:07:08,173 - BlankSpaceAnalyzer - INFO - -> Analyzing version 6.20.3 (25/56)...
2025-11-12 15:07:08,208 - BlankSpaceAnalyzer - INFO - -> Analyzing version 6.22.0 (26/56)...
2025-11-12 15:07:08,243 - BlankSpaceAnalyzer - INFO - -> Analyzing version 6.24.1 (27/56)...
2025-11-12 15:07:08,277 - BlankSpaceAnalyzer - INFO - -> Analyzing version 6.3.0 (28/56)...
2025-11-12 15:07:08,277 - BlankSpaceAnalyzer - INFO - -> Analyzing version 6.3.13 (29/56)...
2025-11-12 15:07:08,278 - BlankSpaceAnalyzer - INFO - -> Analyzing version 6.4.5 (30/56)...
2025-11-12 15:07:08,278 - BlankSpaceAnalyzer - INFO - -> Analyzing version 6.4.6 (31/56)...
2025-11-12 15:07:08,278 - BlankSpaceAnalyzer - INFO - -> Analyzing version 6.5.0 (32/56)...
2025-11-12 15:07:08,278 - BlankSpaceAnalyzer - INFO - -> Analyzing version 6.5.0-1 (33/56)...
2025-11-12 15:07:08,279 - BlankSpaceAnalyzer - INFO - -> Analyzing version 6.6.0 (34/56)...
2025-11-12 15:07:08,279 - BlankSpaceAnalyzer - INFO - -> Analyzing version 6.6.5 (35/56)...
2025-11-12 15:07:08,279 - BlankSpaceAnalyzer - INFO - -> Analyzing version 6.7.0 (36/56)...
2025-11-12 15:07:08,279 - BlankSpaceAnalyzer - INFO - -> Analyzing version 6.8.0 (37/56)...
2025-11-12 15:07:08,280 - BlankSpaceAnalyzer - INFO - -> Analyzing version 7.0.0-alpha.1 (38/56)...
2025-11-12 15:07:08,314 - BlankSpaceAnalyzer - INFO - -> Analyzing version 7.0.0-alpha.10 (39/56)...
2025-11-12 15:07:08,348 - BlankSpaceAnalyzer - INFO - -> Analyzing version 7.0.0-alpha.11 (40/56)...
2025-11-12 15:07:08,382 - BlankSpaceAnalyzer - INFO - -> Analyzing version 7.0.0-alpha.12 (41/56)...
2025-11-12 15:07:08,418 - BlankSpaceAnalyzer - INFO - -> Analyzing version 7.0.0-alpha.14 (42/56)...
2025-11-12 15:07:08,453 - BlankSpaceAnalyzer - INFO - -> Analyzing version 7.0.0-alpha.15 (43/56)...
2025-11-12 15:07:08,487 - BlankSpaceAnalyzer - INFO - -> Analyzing version 7.0.0-alpha.16 (44/56)...
2025-11-12 15:07:08,521 - BlankSpaceAnalyzer - INFO - -> Analyzing version 7.0.0-alpha.17 (45/56)...
2025-11-12 15:07:08,556 - BlankSpaceAnalyzer - INFO - -> Analyzing version 7.0.0-alpha.18 (46/56)...
2025-11-12 15:07:08,590 - BlankSpaceAnalyzer - INFO - -> Analyzing version 7.0.0-alpha.19 (47/56)...
2025-11-12 15:07:08,625 - BlankSpaceAnalyzer - INFO - -> Analyzing version 7.0.0-alpha.20 (48/56)...
2025-11-12 15:07:08,661 - BlankSpaceAnalyzer - INFO - -> Analyzing version 7.0.0-alpha.3 (49/56)...
2025-11-12 15:07:08,694 - BlankSpaceAnalyzer - INFO - -> Analyzing version 7.0.0-alpha.7 (50/56)...
2025-11-12 15:07:08,730 - BlankSpaceAnalyzer - INFO - -> Analyzing version 7.0.0-alpha.8 (51/56)...
2025-11-12 15:07:08,764 - BlankSpaceAnalyzer - INFO - -> Analyzing version 7.0.0-alpha.9 (52/56)...
2025-11-12 15:07:08,798 - BlankSpaceAnalyzer - INFO - -> Analyzing version 7.0.0-beta.0 (53/56)...
2025-11-12 15:07:08,833 - BlankSpaceAnalyzer - INFO - -> Analyzing version 7.0.0-beta.1 (54/56)...
2025-11-12 15:07:08,867 - BlankSpaceAnalyzer - INFO - -> Analyzing version 7.0.0-beta.2 (55/56)...
2025-11-12 15:07:08,902 - BlankSpaceAnalyzer - INFO - -> Analyzing version 7.0.0-beta.3 (56/56)...
2025-11-12 15:07:08,937 - BlankSpaceAnalyzer - INFO - Exporting results for 'babel-helper-remap-async-to-generator' to CSV...
2025-11-12 15:07:08,988 - BlankSpaceAnalyzer - INFO - Reports saved in: /app/npm_results/babel-helper-remap-async-to-generator
2025-11-12 15:07:08,988 - NPM_Analyzer - INFO - Cleaning temporary folder 'temp/babel-helper-remap-async-to-generator'...
2025-11-12 15:07:08,996 - NPM_Analyzer - INFO - Cleanup completed.
2025-11-13 01:51:45,056 - NPM_Analyzer - INFO - Fetching metadata for 'babel-helper-remap-async-to-generator'...
2025-11-13 01:51:45,197 - NPM_Analyzer - INFO - Found 56 versions. Starting download into 'temp/babel-helper-remap-async-to-generator'...
2025-11-13 01:51:58,111 - BlankSpaceAnalyzer - INFO - Analyzing 56 versions for '*.js' in 'babel-helper-remap-async-to-generator'.
2025-11-13 01:51:58,111 - BlankSpaceAnalyzer - INFO - -> Analyzing version 6.0.0 (1/56)...
2025-11-13 01:51:58,173 - BlankSpaceAnalyzer - INFO - -> Analyzing version 6.0.14 (2/56)...
2025-11-13 01:51:58,203 - BlankSpaceAnalyzer - INFO - -> Analyzing version 6.0.15 (3/56)...
2025-11-13 01:51:58,204 - BlankSpaceAnalyzer - INFO - -> Analyzing version 6.0.16 (4/56)...
2025-11-13 01:51:58,204 - BlankSpaceAnalyzer - INFO - -> Analyzing version 6.0.2 (5/56)...
2025-11-13 01:51:58,236 - BlankSpaceAnalyzer - INFO - -> Analyzing version 6.1.10 (6/56)...
2025-11-13 01:51:58,236 - BlankSpaceAnalyzer - INFO - -> Analyzing version 6.1.12 (7/56)...
2025-11-13 01:51:58,237 - BlankSpaceAnalyzer - INFO - -> Analyzing version 6.1.13 (8/56)...
2025-11-13 01:51:58,237 - BlankSpaceAnalyzer - INFO - -> Analyzing version 6.1.16 (9/56)...
2025-11-13 01:51:58,237 - BlankSpaceAnalyzer - INFO - -> Analyzing version 6.1.17 (10/56)...
2025-11-13 01:51:58,238 - BlankSpaceAnalyzer - INFO - -> Analyzing version 6.1.18 (11/56)...
2025-11-13 01:51:58,238 - BlankSpaceAnalyzer - INFO - -> Analyzing version 6.1.2 (12/56)...
2025-11-13 01:51:58,238 - BlankSpaceAnalyzer - INFO - -> Analyzing version 6.1.4 (13/56)...
2025-11-13 01:51:58,239 - BlankSpaceAnalyzer - INFO - -> Analyzing version 6.1.5 (14/56)...
2025-11-13 01:51:58,239 - BlankSpaceAnalyzer - INFO - -> Analyzing version 6.1.6 (15/56)...
2025-11-13 01:51:58,239 - BlankSpaceAnalyzer - INFO - -> Analyzing version 6.1.7 (16/56)...
2025-11-13 01:51:58,240 - BlankSpaceAnalyzer - INFO - -> Analyzing version 6.1.8 (17/56)...
2025-11-13 01:51:58,240 - BlankSpaceAnalyzer - INFO - -> Analyzing version 6.1.9 (18/56)...
2025-11-13 01:51:58,240 - BlankSpaceAnalyzer - INFO - -> Analyzing version 6.11.2 (19/56)...
2025-11-13 01:51:58,241 - BlankSpaceAnalyzer - INFO - -> Analyzing version 6.16.0 (20/56)...
2025-11-13 01:51:58,273 - BlankSpaceAnalyzer - INFO - -> Analyzing version 6.16.2 (21/56)...
2025-11-13 01:51:58,308 - BlankSpaceAnalyzer - INFO - -> Analyzing version 6.18.0 (22/56)...
2025-11-13 01:51:58,342 - BlankSpaceAnalyzer - INFO - -> Analyzing version 6.2.4 (23/56)...
2025-11-13 01:51:58,343 - BlankSpaceAnalyzer - INFO - -> Analyzing version 6.20.0 (24/56)...
2025-11-13 01:51:58,379 - BlankSpaceAnalyzer - INFO - -> Analyzing version 6.20.3 (25/56)...
2025-11-13 01:51:58,414 - BlankSpaceAnalyzer - INFO - -> Analyzing version 6.22.0 (26/56)...
2025-11-13 01:51:58,450 - BlankSpaceAnalyzer - INFO - -> Analyzing version 6.24.1 (27/56)...
2025-11-13 01:51:58,484 - BlankSpaceAnalyzer - INFO - -> Analyzing version 6.3.0 (28/56)...
2025-11-13 01:51:58,484 - BlankSpaceAnalyzer - INFO - -> Analyzing version 6.3.13 (29/56)...
2025-11-13 01:51:58,485 - BlankSpaceAnalyzer - INFO - -> Analyzing version 6.4.5 (30/56)...
2025-11-13 01:51:58,485 - BlankSpaceAnalyzer - INFO - -> Analyzing version 6.4.6 (31/56)...
2025-11-13 01:51:58,485 - BlankSpaceAnalyzer - INFO - -> Analyzing version 6.5.0 (32/56)...
2025-11-13 01:51:58,485 - BlankSpaceAnalyzer - INFO - -> Analyzing version 6.5.0-1 (33/56)...
2025-11-13 01:51:58,486 - BlankSpaceAnalyzer - INFO - -> Analyzing version 6.6.0 (34/56)...
2025-11-13 01:51:58,486 - BlankSpaceAnalyzer - INFO - -> Analyzing version 6.6.5 (35/56)...
2025-11-13 01:51:58,486 - BlankSpaceAnalyzer - INFO - -> Analyzing version 6.7.0 (36/56)...
2025-11-13 01:51:58,486 - BlankSpaceAnalyzer - INFO - -> Analyzing version 6.8.0 (37/56)...
2025-11-13 01:51:58,487 - BlankSpaceAnalyzer - INFO - -> Analyzing version 7.0.0-alpha.1 (38/56)...
2025-11-13 01:51:58,522 - BlankSpaceAnalyzer - INFO - -> Analyzing version 7.0.0-alpha.10 (39/56)...
2025-11-13 01:51:58,557 - BlankSpaceAnalyzer - INFO - -> Analyzing version 7.0.0-alpha.11 (40/56)...
2025-11-13 01:51:58,591 - BlankSpaceAnalyzer - INFO - -> Analyzing version 7.0.0-alpha.12 (41/56)...
2025-11-13 01:51:58,627 - BlankSpaceAnalyzer - INFO - -> Analyzing version 7.0.0-alpha.14 (42/56)...
2025-11-13 01:51:58,664 - BlankSpaceAnalyzer - INFO - -> Analyzing version 7.0.0-alpha.15 (43/56)...
2025-11-13 01:51:58,700 - BlankSpaceAnalyzer - INFO - -> Analyzing version 7.0.0-alpha.16 (44/56)...
2025-11-13 01:51:58,735 - BlankSpaceAnalyzer - INFO - -> Analyzing version 7.0.0-alpha.17 (45/56)...
2025-11-13 01:51:58,771 - BlankSpaceAnalyzer - INFO - -> Analyzing version 7.0.0-alpha.18 (46/56)...
2025-11-13 01:51:58,807 - BlankSpaceAnalyzer - INFO - -> Analyzing version 7.0.0-alpha.19 (47/56)...
2025-11-13 01:51:58,842 - BlankSpaceAnalyzer - INFO - -> Analyzing version 7.0.0-alpha.20 (48/56)...
2025-11-13 01:51:58,877 - BlankSpaceAnalyzer - INFO - -> Analyzing version 7.0.0-alpha.3 (49/56)...
2025-11-13 01:51:58,912 - BlankSpaceAnalyzer - INFO - -> Analyzing version 7.0.0-alpha.7 (50/56)...
2025-11-13 01:51:58,947 - BlankSpaceAnalyzer - INFO - -> Analyzing version 7.0.0-alpha.8 (51/56)...
2025-11-13 01:51:58,985 - BlankSpaceAnalyzer - INFO - -> Analyzing version 7.0.0-alpha.9 (52/56)...
2025-11-13 01:51:59,020 - BlankSpaceAnalyzer - INFO - -> Analyzing version 7.0.0-beta.0 (53/56)...
2025-11-13 01:51:59,055 - BlankSpaceAnalyzer - INFO - -> Analyzing version 7.0.0-beta.1 (54/56)...
2025-11-13 01:51:59,090 - BlankSpaceAnalyzer - INFO - -> Analyzing version 7.0.0-beta.2 (55/56)...
2025-11-13 01:51:59,126 - BlankSpaceAnalyzer - INFO - -> Analyzing version 7.0.0-beta.3 (56/56)...
2025-11-13 01:51:59,162 - BlankSpaceAnalyzer - INFO - Exporting results for 'babel-helper-remap-async-to-generator' to CSV...
2025-11-13 01:51:59,212 - BlankSpaceAnalyzer - INFO - Reports saved in: /app/npm_results/babel-helper-remap-async-to-generator
2025-11-13 01:51:59,212 - NPM_Analyzer - INFO - Cleaning temporary folder 'temp/babel-helper-remap-async-to-generator'...
2025-11-13 01:51:59,221 - NPM_Analyzer - INFO - Cleanup completed.
2025-11-13 12:15:15,731 - NPM_Analyzer - INFO - Fetching metadata for 'babel-helper-remap-async-to-generator'...
2025-11-13 12:15:15,888 - NPM_Analyzer - INFO - Found 56 versions. Starting download into 'temp/babel-helper-remap-async-to-generator'...
2025-11-13 12:15:30,747 - BlankSpaceAnalyzer - INFO - Analyzing 56 versions for '*.js' in 'babel-helper-remap-async-to-generator'.
2025-11-13 12:15:30,747 - BlankSpaceAnalyzer - INFO - -> Analyzing version 6.0.0 (1/56)...
2025-11-13 12:15:30,782 - BlankSpaceAnalyzer - INFO - -> Analyzing version 6.0.14 (2/56)...
2025-11-13 12:15:30,810 - BlankSpaceAnalyzer - INFO - -> Analyzing version 6.0.15 (3/56)...
2025-11-13 12:15:30,811 - BlankSpaceAnalyzer - INFO - -> Analyzing version 6.0.16 (4/56)...
2025-11-13 12:15:30,811 - BlankSpaceAnalyzer - INFO - -> Analyzing version 6.0.2 (5/56)...
2025-11-13 12:15:30,840 - BlankSpaceAnalyzer - INFO - -> Analyzing version 6.1.10 (6/56)...
2025-11-13 12:15:30,841 - BlankSpaceAnalyzer - INFO - -> Analyzing version 6.1.12 (7/56)...
2025-11-13 12:15:30,841 - BlankSpaceAnalyzer - INFO - -> Analyzing version 6.1.13 (8/56)...
2025-11-13 12:15:30,842 - BlankSpaceAnalyzer - INFO - -> Analyzing version 6.1.16 (9/56)...
2025-11-13 12:15:30,842 - BlankSpaceAnalyzer - INFO - -> Analyzing version 6.1.17 (10/56)...
2025-11-13 12:15:30,842 - BlankSpaceAnalyzer - INFO - -> Analyzing version 6.1.18 (11/56)...
2025-11-13 12:15:30,843 - BlankSpaceAnalyzer - INFO - -> Analyzing version 6.1.2 (12/56)...
2025-11-13 12:15:30,843 - BlankSpaceAnalyzer - INFO - -> Analyzing version 6.1.4 (13/56)...
2025-11-13 12:15:30,843 - BlankSpaceAnalyzer - INFO - -> Analyzing version 6.1.5 (14/56)...
2025-11-13 12:15:30,844 - BlankSpaceAnalyzer - INFO - -> Analyzing version 6.1.6 (15/56)...
2025-11-13 12:15:30,844 - BlankSpaceAnalyzer - INFO - -> Analyzing version 6.1.7 (16/56)...
2025-11-13 12:15:30,844 - BlankSpaceAnalyzer - INFO - -> Analyzing version 6.1.8 (17/56)...
2025-11-13 12:15:30,845 - BlankSpaceAnalyzer - INFO - -> Analyzing version 6.1.9 (18/56)...
2025-11-13 12:15:30,845 - BlankSpaceAnalyzer - INFO - -> Analyzing version 6.11.2 (19/56)...
2025-11-13 12:15:30,845 - BlankSpaceAnalyzer - INFO - -> Analyzing version 6.16.0 (20/56)...
2025-11-13 12:15:30,875 - BlankSpaceAnalyzer - INFO - -> Analyzing version 6.16.2 (21/56)...
2025-11-13 12:15:30,908 - BlankSpaceAnalyzer - INFO - -> Analyzing version 6.18.0 (22/56)...
2025-11-13 12:15:30,940 - BlankSpaceAnalyzer - INFO - -> Analyzing version 6.2.4 (23/56)...
2025-11-13 12:15:30,940 - BlankSpaceAnalyzer - INFO - -> Analyzing version 6.20.0 (24/56)...
2025-11-13 12:15:30,972 - BlankSpaceAnalyzer - INFO - -> Analyzing version 6.20.3 (25/56)...
2025-11-13 12:15:31,004 - BlankSpaceAnalyzer - INFO - -> Analyzing version 6.22.0 (26/56)...
2025-11-13 12:15:31,038 - BlankSpaceAnalyzer - INFO - -> Analyzing version 6.24.1 (27/56)...
2025-11-13 12:15:31,071 - BlankSpaceAnalyzer - INFO - -> Analyzing version 6.3.0 (28/56)...
2025-11-13 12:15:31,072 - BlankSpaceAnalyzer - INFO - -> Analyzing version 6.3.13 (29/56)...
2025-11-13 12:15:31,072 - BlankSpaceAnalyzer - INFO - -> Analyzing version 6.4.5 (30/56)...
2025-11-13 12:15:31,072 - BlankSpaceAnalyzer - INFO - -> Analyzing version 6.4.6 (31/56)...
2025-11-13 12:15:31,072 - BlankSpaceAnalyzer - INFO - -> Analyzing version 6.5.0 (32/56)...
2025-11-13 12:15:31,073 - BlankSpaceAnalyzer - INFO - -> Analyzing version 6.5.0-1 (33/56)...
2025-11-13 12:15:31,073 - BlankSpaceAnalyzer - INFO - -> Analyzing version 6.6.0 (34/56)...
2025-11-13 12:15:31,073 - BlankSpaceAnalyzer - INFO - -> Analyzing version 6.6.5 (35/56)...
2025-11-13 12:15:31,073 - BlankSpaceAnalyzer - INFO - -> Analyzing version 6.7.0 (36/56)...
2025-11-13 12:15:31,074 - BlankSpaceAnalyzer - INFO - -> Analyzing version 6.8.0 (37/56)...
2025-11-13 12:15:31,074 - BlankSpaceAnalyzer - INFO - -> Analyzing version 7.0.0-alpha.1 (38/56)...
2025-11-13 12:15:31,107 - BlankSpaceAnalyzer - INFO - -> Analyzing version 7.0.0-alpha.10 (39/56)...
2025-11-13 12:15:31,139 - BlankSpaceAnalyzer - INFO - -> Analyzing version 7.0.0-alpha.11 (40/56)...
2025-11-13 12:15:31,171 - BlankSpaceAnalyzer - INFO - -> Analyzing version 7.0.0-alpha.12 (41/56)...
2025-11-13 12:15:31,203 - BlankSpaceAnalyzer - INFO - -> Analyzing version 7.0.0-alpha.14 (42/56)...
2025-11-13 12:15:31,236 - BlankSpaceAnalyzer - INFO - -> Analyzing version 7.0.0-alpha.15 (43/56)...
2025-11-13 12:15:31,268 - BlankSpaceAnalyzer - INFO - -> Analyzing version 7.0.0-alpha.16 (44/56)...
2025-11-13 12:15:31,300 - BlankSpaceAnalyzer - INFO - -> Analyzing version 7.0.0-alpha.17 (45/56)...
2025-11-13 12:15:31,333 - BlankSpaceAnalyzer - INFO - -> Analyzing version 7.0.0-alpha.18 (46/56)...
2025-11-13 12:15:31,365 - BlankSpaceAnalyzer - INFO - -> Analyzing version 7.0.0-alpha.19 (47/56)...
2025-11-13 12:15:31,397 - BlankSpaceAnalyzer - INFO - -> Analyzing version 7.0.0-alpha.20 (48/56)...
2025-11-13 12:15:31,428 - BlankSpaceAnalyzer - INFO - -> Analyzing version 7.0.0-alpha.3 (49/56)...
2025-11-13 12:15:31,460 - BlankSpaceAnalyzer - INFO - -> Analyzing version 7.0.0-alpha.7 (50/56)...
2025-11-13 12:15:31,492 - BlankSpaceAnalyzer - INFO - -> Analyzing version 7.0.0-alpha.8 (51/56)...
2025-11-13 12:15:31,524 - BlankSpaceAnalyzer - INFO - -> Analyzing version 7.0.0-alpha.9 (52/56)...
2025-11-13 12:15:31,557 - BlankSpaceAnalyzer - INFO - -> Analyzing version 7.0.0-beta.0 (53/56)...
2025-11-13 12:15:31,591 - BlankSpaceAnalyzer - INFO - -> Analyzing version 7.0.0-beta.1 (54/56)...
2025-11-13 12:15:31,624 - BlankSpaceAnalyzer - INFO - -> Analyzing version 7.0.0-beta.2 (55/56)...
2025-11-13 12:15:31,656 - BlankSpaceAnalyzer - INFO - -> Analyzing version 7.0.0-beta.3 (56/56)...
2025-11-13 12:15:31,688 - BlankSpaceAnalyzer - INFO - Exporting results for 'babel-helper-remap-async-to-generator' to CSV...
2025-11-13 12:15:31,737 - BlankSpaceAnalyzer - INFO - Reports saved in: /app/npm_results/babel-helper-remap-async-to-generator
2025-11-13 12:15:31,737 - NPM_Analyzer - INFO - Cleaning temporary folder 'temp/babel-helper-remap-async-to-generator'...
2025-11-13 12:15:31,745 - NPM_Analyzer - INFO - Cleanup completed.
2025-11-13 22:51:33,017 - NPM_Analyzer - INFO - Fetching metadata for 'babel-helper-remap-async-to-generator'...
2025-11-13 22:51:33,776 - NPM_Analyzer - INFO - Found 56 versions. Starting download into 'temp/babel-helper-remap-async-to-generator'...
2025-11-13 22:51:48,275 - BlankSpaceAnalyzer - INFO - Analyzing 56 versions for '*.js' in 'babel-helper-remap-async-to-generator'.
2025-11-13 22:51:48,275 - BlankSpaceAnalyzer - INFO - -> Analyzing version 6.0.0 (1/56)...
2025-11-13 22:51:48,337 - BlankSpaceAnalyzer - INFO - -> Analyzing version 6.0.14 (2/56)...
2025-11-13 22:51:48,367 - BlankSpaceAnalyzer - INFO - -> Analyzing version 6.0.15 (3/56)...
2025-11-13 22:51:48,368 - BlankSpaceAnalyzer - INFO - -> Analyzing version 6.0.16 (4/56)...
2025-11-13 22:51:48,368 - BlankSpaceAnalyzer - INFO - -> Analyzing version 6.0.2 (5/56)...
2025-11-13 22:51:48,402 - BlankSpaceAnalyzer - INFO - -> Analyzing version 6.1.10 (6/56)...
2025-11-13 22:51:48,402 - BlankSpaceAnalyzer - INFO - -> Analyzing version 6.1.12 (7/56)...
2025-11-13 22:51:48,403 - BlankSpaceAnalyzer - INFO - -> Analyzing version 6.1.13 (8/56)...
2025-11-13 22:51:48,403 - BlankSpaceAnalyzer - INFO - -> Analyzing version 6.1.16 (9/56)...
2025-11-13 22:51:48,403 - BlankSpaceAnalyzer - INFO - -> Analyzing version 6.1.17 (10/56)...
2025-11-13 22:51:48,404 - BlankSpaceAnalyzer - INFO - -> Analyzing version 6.1.18 (11/56)...
2025-11-13 22:51:48,404 - BlankSpaceAnalyzer - INFO - -> Analyzing version 6.1.2 (12/56)...
2025-11-13 22:51:48,404 - BlankSpaceAnalyzer - INFO - -> Analyzing version 6.1.4 (13/56)...
2025-11-13 22:51:48,405 - BlankSpaceAnalyzer - INFO - -> Analyzing version 6.1.5 (14/56)...
2025-11-13 22:51:48,405 - BlankSpaceAnalyzer - INFO - -> Analyzing version 6.1.6 (15/56)...
2025-11-13 22:51:48,405 - BlankSpaceAnalyzer - INFO - -> Analyzing version 6.1.7 (16/56)...
2025-11-13 22:51:48,406 - BlankSpaceAnalyzer - INFO - -> Analyzing version 6.1.8 (17/56)...
2025-11-13 22:51:48,406 - BlankSpaceAnalyzer - INFO - -> Analyzing version 6.1.9 (18/56)...
2025-11-13 22:51:48,406 - BlankSpaceAnalyzer - INFO - -> Analyzing version 6.11.2 (19/56)...
2025-11-13 22:51:48,407 - BlankSpaceAnalyzer - INFO - -> Analyzing version 6.16.0 (20/56)...
2025-11-13 22:51:48,440 - BlankSpaceAnalyzer - INFO - -> Analyzing version 6.16.2 (21/56)...
2025-11-13 22:51:48,474 - BlankSpaceAnalyzer - INFO - -> Analyzing version 6.18.0 (22/56)...
2025-11-13 22:51:48,510 - BlankSpaceAnalyzer - INFO - -> Analyzing version 6.2.4 (23/56)...
2025-11-13 22:51:48,511 - BlankSpaceAnalyzer - INFO - -> Analyzing version 6.20.0 (24/56)...
2025-11-13 22:51:48,544 - BlankSpaceAnalyzer - INFO - -> Analyzing version 6.20.3 (25/56)...
2025-11-13 22:51:48,580 - BlankSpaceAnalyzer - INFO - -> Analyzing version 6.22.0 (26/56)...
2025-11-13 22:51:48,615 - BlankSpaceAnalyzer - INFO - -> Analyzing version 6.24.1 (27/56)...
2025-11-13 22:51:48,650 - BlankSpaceAnalyzer - INFO - -> Analyzing version 6.3.0 (28/56)...
2025-11-13 22:51:48,651 - BlankSpaceAnalyzer - INFO - -> Analyzing version 6.3.13 (29/56)...
2025-11-13 22:51:48,651 - BlankSpaceAnalyzer - INFO - -> Analyzing version 6.4.5 (30/56)...
2025-11-13 22:51:48,651 - BlankSpaceAnalyzer - INFO - -> Analyzing version 6.4.6 (31/56)...
2025-11-13 22:51:48,652 - BlankSpaceAnalyzer - INFO - -> Analyzing version 6.5.0 (32/56)...
2025-11-13 22:51:48,652 - BlankSpaceAnalyzer - INFO - -> Analyzing version 6.5.0-1 (33/56)...
2025-11-13 22:51:48,652 - BlankSpaceAnalyzer - INFO - -> Analyzing version 6.6.0 (34/56)...
2025-11-13 22:51:48,652 - BlankSpaceAnalyzer - INFO - -> Analyzing version 6.6.5 (35/56)...
2025-11-13 22:51:48,653 - BlankSpaceAnalyzer - INFO - -> Analyzing version 6.7.0 (36/56)...
2025-11-13 22:51:48,653 - BlankSpaceAnalyzer - INFO - -> Analyzing version 6.8.0 (37/56)...
2025-11-13 22:51:48,653 - BlankSpaceAnalyzer - INFO - -> Analyzing version 7.0.0-alpha.1 (38/56)...
2025-11-13 22:51:48,688 - BlankSpaceAnalyzer - INFO - -> Analyzing version 7.0.0-alpha.10 (39/56)...
2025-11-13 22:51:48,723 - BlankSpaceAnalyzer - INFO - -> Analyzing version 7.0.0-alpha.11 (40/56)...
2025-11-13 22:51:48,758 - BlankSpaceAnalyzer - INFO - -> Analyzing version 7.0.0-alpha.12 (41/56)...
2025-11-13 22:51:48,793 - BlankSpaceAnalyzer - INFO - -> Analyzing version 7.0.0-alpha.14 (42/56)...
2025-11-13 22:51:48,827 - BlankSpaceAnalyzer - INFO - -> Analyzing version 7.0.0-alpha.15 (43/56)...
2025-11-13 22:51:48,862 - BlankSpaceAnalyzer - INFO - -> Analyzing version 7.0.0-alpha.16 (44/56)...
2025-11-13 22:51:48,898 - BlankSpaceAnalyzer - INFO - -> Analyzing version 7.0.0-alpha.17 (45/56)...
2025-11-13 22:51:48,932 - BlankSpaceAnalyzer - INFO - -> Analyzing version 7.0.0-alpha.18 (46/56)...
2025-11-13 22:51:48,967 - BlankSpaceAnalyzer - INFO - -> Analyzing version 7.0.0-alpha.19 (47/56)...
2025-11-13 22:51:49,002 - BlankSpaceAnalyzer - INFO - -> Analyzing version 7.0.0-alpha.20 (48/56)...
2025-11-13 22:51:49,037 - BlankSpaceAnalyzer - INFO - -> Analyzing version 7.0.0-alpha.3 (49/56)...
2025-11-13 22:51:49,071 - BlankSpaceAnalyzer - INFO - -> Analyzing version 7.0.0-alpha.7 (50/56)...
2025-11-13 22:51:49,107 - BlankSpaceAnalyzer - INFO - -> Analyzing version 7.0.0-alpha.8 (51/56)...
2025-11-13 22:51:49,141 - BlankSpaceAnalyzer - INFO - -> Analyzing version 7.0.0-alpha.9 (52/56)...
2025-11-13 22:51:49,176 - BlankSpaceAnalyzer - INFO - -> Analyzing version 7.0.0-beta.0 (53/56)...
2025-11-13 22:51:49,211 - BlankSpaceAnalyzer - INFO - -> Analyzing version 7.0.0-beta.1 (54/56)...
2025-11-13 22:51:49,247 - BlankSpaceAnalyzer - INFO - -> Analyzing version 7.0.0-beta.2 (55/56)...
2025-11-13 22:51:49,282 - BlankSpaceAnalyzer - INFO - -> Analyzing version 7.0.0-beta.3 (56/56)...
2025-11-13 22:51:49,319 - BlankSpaceAnalyzer - INFO - Exporting results for 'babel-helper-remap-async-to-generator' to CSV...
2025-11-13 22:51:49,370 - BlankSpaceAnalyzer - INFO - Reports saved in: /app/npm_results/babel-helper-remap-async-to-generator
2025-11-13 22:51:49,370 - NPM_Analyzer - INFO - Cleaning temporary folder 'temp/babel-helper-remap-async-to-generator'...
2025-11-13 22:51:49,379 - NPM_Analyzer - INFO - Cleanup completed.
2025-11-14 09:16:05,214 - NPM_Analyzer - INFO - Fetching metadata for 'babel-helper-remap-async-to-generator'...
2025-11-14 09:16:05,350 - NPM_Analyzer - INFO - Found 56 versions. Starting download into 'temp/babel-helper-remap-async-to-generator'...
2025-11-14 09:16:18,992 - BlankSpaceAnalyzer - INFO - Analyzing 56 versions for '*.js' in 'babel-helper-remap-async-to-generator'.
2025-11-14 09:16:18,993 - BlankSpaceAnalyzer - INFO - -> Analyzing version 6.0.0 (1/56)...
2025-11-14 09:16:19,056 - BlankSpaceAnalyzer - INFO - -> Analyzing version 6.0.14 (2/56)...
2025-11-14 09:16:19,087 - BlankSpaceAnalyzer - INFO - -> Analyzing version 6.0.15 (3/56)...
2025-11-14 09:16:19,087 - BlankSpaceAnalyzer - INFO - -> Analyzing version 6.0.16 (4/56)...
2025-11-14 09:16:19,088 - BlankSpaceAnalyzer - INFO - -> Analyzing version 6.0.2 (5/56)...
2025-11-14 09:16:19,120 - BlankSpaceAnalyzer - INFO - -> Analyzing version 6.1.10 (6/56)...
2025-11-14 09:16:19,120 - BlankSpaceAnalyzer - INFO - -> Analyzing version 6.1.12 (7/56)...
2025-11-14 09:16:19,120 - BlankSpaceAnalyzer - INFO - -> Analyzing version 6.1.13 (8/56)...
2025-11-14 09:16:19,121 - BlankSpaceAnalyzer - INFO - -> Analyzing version 6.1.16 (9/56)...
2025-11-14 09:16:19,121 - BlankSpaceAnalyzer - INFO - -> Analyzing version 6.1.17 (10/56)...
2025-11-14 09:16:19,121 - BlankSpaceAnalyzer - INFO - -> Analyzing version 6.1.18 (11/56)...
2025-11-14 09:16:19,122 - BlankSpaceAnalyzer - INFO - -> Analyzing version 6.1.2 (12/56)...
2025-11-14 09:16:19,122 - BlankSpaceAnalyzer - INFO - -> Analyzing version 6.1.4 (13/56)...
2025-11-14 09:16:19,122 - BlankSpaceAnalyzer - INFO - -> Analyzing version 6.1.5 (14/56)...
2025-11-14 09:16:19,123 - BlankSpaceAnalyzer - INFO - -> Analyzing version 6.1.6 (15/56)...
2025-11-14 09:16:19,123 - BlankSpaceAnalyzer - INFO - -> Analyzing version 6.1.7 (16/56)...
2025-11-14 09:16:19,123 - BlankSpaceAnalyzer - INFO - -> Analyzing version 6.1.8 (17/56)...
2025-11-14 09:16:19,123 - BlankSpaceAnalyzer - INFO - -> Analyzing version 6.1.9 (18/56)...
2025-11-14 09:16:19,124 - BlankSpaceAnalyzer - INFO - -> Analyzing version 6.11.2 (19/56)...
2025-11-14 09:16:19,124 - BlankSpaceAnalyzer - INFO - -> Analyzing version 6.16.0 (20/56)...
2025-11-14 09:16:19,155 - BlankSpaceAnalyzer - INFO - -> Analyzing version 6.16.2 (21/56)...
2025-11-14 09:16:19,190 - BlankSpaceAnalyzer - INFO - -> Analyzing version 6.18.0 (22/56)...
2025-11-14 09:16:19,225 - BlankSpaceAnalyzer - INFO - -> Analyzing version 6.2.4 (23/56)...
2025-11-14 09:16:19,225 - BlankSpaceAnalyzer - INFO - -> Analyzing version 6.20.0 (24/56)...
2025-11-14 09:16:19,260 - BlankSpaceAnalyzer - INFO - -> Analyzing version 6.20.3 (25/56)...
2025-11-14 09:16:19,295 - BlankSpaceAnalyzer - INFO - -> Analyzing version 6.22.0 (26/56)...
2025-11-14 09:16:19,330 - BlankSpaceAnalyzer - INFO - -> Analyzing version 6.24.1 (27/56)...
2025-11-14 09:16:19,365 - BlankSpaceAnalyzer - INFO - -> Analyzing version 6.3.0 (28/56)...
2025-11-14 09:16:19,365 - BlankSpaceAnalyzer - INFO - -> Analyzing version 6.3.13 (29/56)...
2025-11-14 09:16:19,365 - BlankSpaceAnalyzer - INFO - -> Analyzing version 6.4.5 (30/56)...
2025-11-14 09:16:19,366 - BlankSpaceAnalyzer - INFO - -> Analyzing version 6.4.6 (31/56)...
2025-11-14 09:16:19,366 - BlankSpaceAnalyzer - INFO - -> Analyzing version 6.5.0 (32/56)...
2025-11-14 09:16:19,366 - BlankSpaceAnalyzer - INFO - -> Analyzing version 6.5.0-1 (33/56)...
2025-11-14 09:16:19,366 - BlankSpaceAnalyzer - INFO - -> Analyzing version 6.6.0 (34/56)...
2025-11-14 09:16:19,367 - BlankSpaceAnalyzer - INFO - -> Analyzing version 6.6.5 (35/56)...
2025-11-14 09:16:19,367 - BlankSpaceAnalyzer - INFO - -> Analyzing version 6.7.0 (36/56)...
2025-11-14 09:16:19,367 - BlankSpaceAnalyzer - INFO - -> Analyzing version 6.8.0 (37/56)...
2025-11-14 09:16:19,367 - BlankSpaceAnalyzer - INFO - -> Analyzing version 7.0.0-alpha.1 (38/56)...
2025-11-14 09:16:19,402 - BlankSpaceAnalyzer - INFO - -> Analyzing version 7.0.0-alpha.10 (39/56)...
2025-11-14 09:16:19,437 - BlankSpaceAnalyzer - INFO - -> Analyzing version 7.0.0-alpha.11 (40/56)...
2025-11-14 09:16:19,472 - BlankSpaceAnalyzer - INFO - -> Analyzing version 7.0.0-alpha.12 (41/56)...
2025-11-14 09:16:19,507 - BlankSpaceAnalyzer - INFO - -> Analyzing version 7.0.0-alpha.14 (42/56)...
2025-11-14 09:16:19,542 - BlankSpaceAnalyzer - INFO - -> Analyzing version 7.0.0-alpha.15 (43/56)...
2025-11-14 09:16:19,577 - BlankSpaceAnalyzer - INFO - -> Analyzing version 7.0.0-alpha.16 (44/56)...
2025-11-14 09:16:19,611 - BlankSpaceAnalyzer - INFO - -> Analyzing version 7.0.0-alpha.17 (45/56)...
2025-11-14 09:16:19,646 - BlankSpaceAnalyzer - INFO - -> Analyzing version 7.0.0-alpha.18 (46/56)...
2025-11-14 09:16:19,680 - BlankSpaceAnalyzer - INFO - -> Analyzing version 7.0.0-alpha.19 (47/56)...
2025-11-14 09:16:19,716 - BlankSpaceAnalyzer - INFO - -> Analyzing version 7.0.0-alpha.20 (48/56)...
2025-11-14 09:16:19,750 - BlankSpaceAnalyzer - INFO - -> Analyzing version 7.0.0-alpha.3 (49/56)...
2025-11-14 09:16:19,785 - BlankSpaceAnalyzer - INFO - -> Analyzing version 7.0.0-alpha.7 (50/56)...
2025-11-14 09:16:19,820 - BlankSpaceAnalyzer - INFO - -> Analyzing version 7.0.0-alpha.8 (51/56)...
2025-11-14 09:16:19,855 - BlankSpaceAnalyzer - INFO - -> Analyzing version 7.0.0-alpha.9 (52/56)...
2025-11-14 09:16:19,890 - BlankSpaceAnalyzer - INFO - -> Analyzing version 7.0.0-beta.0 (53/56)...
2025-11-14 09:16:19,926 - BlankSpaceAnalyzer - INFO - -> Analyzing version 7.0.0-beta.1 (54/56)...
2025-11-14 09:16:19,962 - BlankSpaceAnalyzer - INFO - -> Analyzing version 7.0.0-beta.2 (55/56)...
2025-11-14 09:16:19,998 - BlankSpaceAnalyzer - INFO - -> Analyzing version 7.0.0-beta.3 (56/56)...
2025-11-14 09:16:20,034 - BlankSpaceAnalyzer - INFO - Exporting results for 'babel-helper-remap-async-to-generator' to CSV...
2025-11-14 09:16:20,084 - BlankSpaceAnalyzer - INFO - Reports saved in: /app/npm_results/babel-helper-remap-async-to-generator
2025-11-14 09:16:20,084 - NPM_Analyzer - INFO - Cleaning temporary folder 'temp/babel-helper-remap-async-to-generator'...
2025-11-14 09:16:20,092 - NPM_Analyzer - INFO - Cleanup completed.
2025-11-14 19:50:55,250 - NPM_Analyzer - INFO - Fetching metadata for 'babel-helper-remap-async-to-generator'...
2025-11-14 19:50:55,414 - NPM_Analyzer - INFO - Found 56 versions. Starting download into 'temp/babel-helper-remap-async-to-generator'...
2025-11-14 19:51:10,000 - BlankSpaceAnalyzer - INFO - Analyzing 56 versions for '*.js' in 'babel-helper-remap-async-to-generator'.
2025-11-14 19:51:10,001 - BlankSpaceAnalyzer - INFO - -> Analyzing version 6.0.0 (1/56)...
2025-11-14 19:51:10,066 - BlankSpaceAnalyzer - INFO - -> Analyzing version 6.0.14 (2/56)...
2025-11-14 19:51:10,097 - BlankSpaceAnalyzer - INFO - -> Analyzing version 6.0.15 (3/56)...
2025-11-14 19:51:10,098 - BlankSpaceAnalyzer - INFO - -> Analyzing version 6.0.16 (4/56)...
2025-11-14 19:51:10,098 - BlankSpaceAnalyzer - INFO - -> Analyzing version 6.0.2 (5/56)...
2025-11-14 19:51:10,129 - BlankSpaceAnalyzer - INFO - -> Analyzing version 6.1.10 (6/56)...
2025-11-14 19:51:10,130 - BlankSpaceAnalyzer - INFO - -> Analyzing version 6.1.12 (7/56)...
2025-11-14 19:51:10,130 - BlankSpaceAnalyzer - INFO - -> Analyzing version 6.1.13 (8/56)...
2025-11-14 19:51:10,130 - BlankSpaceAnalyzer - INFO - -> Analyzing version 6.1.16 (9/56)...
2025-11-14 19:51:10,131 - BlankSpaceAnalyzer - INFO - -> Analyzing version 6.1.17 (10/56)...
2025-11-14 19:51:10,131 - BlankSpaceAnalyzer - INFO - -> Analyzing version 6.1.18 (11/56)...
2025-11-14 19:51:10,131 - BlankSpaceAnalyzer - INFO - -> Analyzing version 6.1.2 (12/56)...
2025-11-14 19:51:10,132 - BlankSpaceAnalyzer - INFO - -> Analyzing version 6.1.4 (13/56)...
2025-11-14 19:51:10,132 - BlankSpaceAnalyzer - INFO - -> Analyzing version 6.1.5 (14/56)...
2025-11-14 19:51:10,132 - BlankSpaceAnalyzer - INFO - -> Analyzing version 6.1.6 (15/56)...
2025-11-14 19:51:10,133 - BlankSpaceAnalyzer - INFO - -> Analyzing version 6.1.7 (16/56)...
2025-11-14 19:51:10,133 - BlankSpaceAnalyzer - INFO - -> Analyzing version 6.1.8 (17/56)...
2025-11-14 19:51:10,133 - BlankSpaceAnalyzer - INFO - -> Analyzing version 6.1.9 (18/56)...
2025-11-14 19:51:10,133 - BlankSpaceAnalyzer - INFO - -> Analyzing version 6.11.2 (19/56)...
2025-11-14 19:51:10,134 - BlankSpaceAnalyzer - INFO - -> Analyzing version 6.16.0 (20/56)...
2025-11-14 19:51:10,169 - BlankSpaceAnalyzer - INFO - -> Analyzing version 6.16.2 (21/56)...
2025-11-14 19:51:10,204 - BlankSpaceAnalyzer - INFO - -> Analyzing version 6.18.0 (22/56)...
2025-11-14 19:51:10,239 - BlankSpaceAnalyzer - INFO - -> Analyzing version 6.2.4 (23/56)...
2025-11-14 19:51:10,240 - BlankSpaceAnalyzer - INFO - -> Analyzing version 6.20.0 (24/56)...
2025-11-14 19:51:10,275 - BlankSpaceAnalyzer - INFO - -> Analyzing version 6.20.3 (25/56)...
2025-11-14 19:51:10,310 - BlankSpaceAnalyzer - INFO - -> Analyzing version 6.22.0 (26/56)...
2025-11-14 19:51:10,346 - BlankSpaceAnalyzer - INFO - -> Analyzing version 6.24.1 (27/56)...
2025-11-14 19:51:10,381 - BlankSpaceAnalyzer - INFO - -> Analyzing version 6.3.0 (28/56)...
2025-11-14 19:51:10,381 - BlankSpaceAnalyzer - INFO - -> Analyzing version 6.3.13 (29/56)...
2025-11-14 19:51:10,381 - BlankSpaceAnalyzer - INFO - -> Analyzing version 6.4.5 (30/56)...
2025-11-14 19:51:10,382 - BlankSpaceAnalyzer - INFO - -> Analyzing version 6.4.6 (31/56)...
2025-11-14 19:51:10,382 - BlankSpaceAnalyzer - INFO - -> Analyzing version 6.5.0 (32/56)...
2025-11-14 19:51:10,382 - BlankSpaceAnalyzer - INFO - -> Analyzing version 6.5.0-1 (33/56)...
2025-11-14 19:51:10,383 - BlankSpaceAnalyzer - INFO - -> Analyzing version 6.6.0 (34/56)...
2025-11-14 19:51:10,383 - BlankSpaceAnalyzer - INFO - -> Analyzing version 6.6.5 (35/56)...
2025-11-14 19:51:10,383 - BlankSpaceAnalyzer - INFO - -> Analyzing version 6.7.0 (36/56)...
2025-11-14 19:51:10,384 - BlankSpaceAnalyzer - INFO - -> Analyzing version 6.8.0 (37/56)...
2025-11-14 19:51:10,384 - BlankSpaceAnalyzer - INFO - -> Analyzing version 7.0.0-alpha.1 (38/56)...
2025-11-14 19:51:10,419 - BlankSpaceAnalyzer - INFO - -> Analyzing version 7.0.0-alpha.10 (39/56)...
2025-11-14 19:51:10,455 - BlankSpaceAnalyzer - INFO - -> Analyzing version 7.0.0-alpha.11 (40/56)...
2025-11-14 19:51:10,491 - BlankSpaceAnalyzer - INFO - -> Analyzing version 7.0.0-alpha.12 (41/56)...
2025-11-14 19:51:10,528 - BlankSpaceAnalyzer - INFO - -> Analyzing version 7.0.0-alpha.14 (42/56)...
2025-11-14 19:51:10,562 - BlankSpaceAnalyzer - INFO - -> Analyzing version 7.0.0-alpha.15 (43/56)...
2025-11-14 19:51:10,596 - BlankSpaceAnalyzer - INFO - -> Analyzing version 7.0.0-alpha.16 (44/56)...
2025-11-14 19:51:10,632 - BlankSpaceAnalyzer - INFO - -> Analyzing version 7.0.0-alpha.17 (45/56)...
2025-11-14 19:51:10,667 - BlankSpaceAnalyzer - INFO - -> Analyzing version 7.0.0-alpha.18 (46/56)...
2025-11-14 19:51:10,701 - BlankSpaceAnalyzer - INFO - -> Analyzing version 7.0.0-alpha.19 (47/56)...
2025-11-14 19:51:10,736 - BlankSpaceAnalyzer - INFO - -> Analyzing version 7.0.0-alpha.20 (48/56)...
2025-11-14 19:51:10,771 - BlankSpaceAnalyzer - INFO - -> Analyzing version 7.0.0-alpha.3 (49/56)...
2025-11-14 19:51:10,806 - BlankSpaceAnalyzer - INFO - -> Analyzing version 7.0.0-alpha.7 (50/56)...
2025-11-14 19:51:10,843 - BlankSpaceAnalyzer - INFO - -> Analyzing version 7.0.0-alpha.8 (51/56)...
2025-11-14 19:51:10,879 - BlankSpaceAnalyzer - INFO - -> Analyzing version 7.0.0-alpha.9 (52/56)...
2025-11-14 19:51:10,913 - BlankSpaceAnalyzer - INFO - -> Analyzing version 7.0.0-beta.0 (53/56)...
2025-11-14 19:51:10,953 - BlankSpaceAnalyzer - INFO - -> Analyzing version 7.0.0-beta.1 (54/56)...
2025-11-14 19:51:10,988 - BlankSpaceAnalyzer - INFO - -> Analyzing version 7.0.0-beta.2 (55/56)...
2025-11-14 19:51:11,023 - BlankSpaceAnalyzer - INFO - -> Analyzing version 7.0.0-beta.3 (56/56)...
2025-11-14 19:51:11,059 - BlankSpaceAnalyzer - INFO - Exporting results for 'babel-helper-remap-async-to-generator' to CSV...
2025-11-14 19:51:11,108 - BlankSpaceAnalyzer - INFO - Reports saved in: /app/npm_results/babel-helper-remap-async-to-generator
2025-11-14 19:51:11,108 - NPM_Analyzer - INFO - Cleaning temporary folder 'temp/babel-helper-remap-async-to-generator'...
2025-11-14 19:51:11,116 - NPM_Analyzer - INFO - Cleanup completed.
2025-11-15 06:28:08,494 - NPM_Analyzer - INFO - Fetching metadata for 'babel-helper-remap-async-to-generator'...
2025-11-15 06:28:08,637 - NPM_Analyzer - INFO - Found 56 versions. Starting download into 'temp/babel-helper-remap-async-to-generator'...
2025-11-15 06:28:22,872 - BlankSpaceAnalyzer - INFO - Analyzing 56 versions for '*.js' in 'babel-helper-remap-async-to-generator'.
2025-11-15 06:28:22,872 - BlankSpaceAnalyzer - INFO - -> Analyzing version 6.0.0 (1/56)...
2025-11-15 06:28:22,939 - BlankSpaceAnalyzer - INFO - -> Analyzing version 6.0.14 (2/56)...
2025-11-15 06:28:22,970 - BlankSpaceAnalyzer - INFO - -> Analyzing version 6.0.15 (3/56)...
2025-11-15 06:28:22,971 - BlankSpaceAnalyzer - INFO - -> Analyzing version 6.0.16 (4/56)...
2025-11-15 06:28:22,971 - BlankSpaceAnalyzer - INFO - -> Analyzing version 6.0.2 (5/56)...
2025-11-15 06:28:23,004 - BlankSpaceAnalyzer - INFO - -> Analyzing version 6.1.10 (6/56)...
2025-11-15 06:28:23,004 - BlankSpaceAnalyzer - INFO - -> Analyzing version 6.1.12 (7/56)...
2025-11-15 06:28:23,004 - BlankSpaceAnalyzer - INFO - -> Analyzing version 6.1.13 (8/56)...
2025-11-15 06:28:23,005 - BlankSpaceAnalyzer - INFO - -> Analyzing version 6.1.16 (9/56)...
2025-11-15 06:28:23,005 - BlankSpaceAnalyzer - INFO - -> Analyzing version 6.1.17 (10/56)...
2025-11-15 06:28:23,005 - BlankSpaceAnalyzer - INFO - -> Analyzing version 6.1.18 (11/56)...
2025-11-15 06:28:23,006 - BlankSpaceAnalyzer - INFO - -> Analyzing version 6.1.2 (12/56)...
2025-11-15 06:28:23,006 - BlankSpaceAnalyzer - INFO - -> Analyzing version 6.1.4 (13/56)...
2025-11-15 06:28:23,007 - BlankSpaceAnalyzer - INFO - -> Analyzing version 6.1.5 (14/56)...
2025-11-15 06:28:23,007 - BlankSpaceAnalyzer - INFO - -> Analyzing version 6.1.6 (15/56)...
2025-11-15 06:28:23,007 - BlankSpaceAnalyzer - INFO - -> Analyzing version 6.1.7 (16/56)...
2025-11-15 06:28:23,007 - BlankSpaceAnalyzer - INFO - -> Analyzing version 6.1.8 (17/56)...
2025-11-15 06:28:23,008 - BlankSpaceAnalyzer - INFO - -> Analyzing version 6.1.9 (18/56)...
2025-11-15 06:28:23,008 - BlankSpaceAnalyzer - INFO - -> Analyzing version 6.11.2 (19/56)...
2025-11-15 06:28:23,008 - BlankSpaceAnalyzer - INFO - -> Analyzing version 6.16.0 (20/56)...
2025-11-15 06:28:23,042 - BlankSpaceAnalyzer - INFO - -> Analyzing version 6.16.2 (21/56)...
2025-11-15 06:28:23,079 - BlankSpaceAnalyzer - INFO - -> Analyzing version 6.18.0 (22/56)...
2025-11-15 06:28:23,114 - BlankSpaceAnalyzer - INFO - -> Analyzing version 6.2.4 (23/56)...
2025-11-15 06:28:23,114 - BlankSpaceAnalyzer - INFO - -> Analyzing version 6.20.0 (24/56)...
2025-11-15 06:28:23,149 - BlankSpaceAnalyzer - INFO - -> Analyzing version 6.20.3 (25/56)...
2025-11-15 06:28:23,184 - BlankSpaceAnalyzer - INFO - -> Analyzing version 6.22.0 (26/56)...
2025-11-15 06:28:23,217 - BlankSpaceAnalyzer - INFO - -> Analyzing version 6.24.1 (27/56)...
2025-11-15 06:28:23,252 - BlankSpaceAnalyzer - INFO - -> Analyzing version 6.3.0 (28/56)...
2025-11-15 06:28:23,252 - BlankSpaceAnalyzer - INFO - -> Analyzing version 6.3.13 (29/56)...
2025-11-15 06:28:23,252 - BlankSpaceAnalyzer - INFO - -> Analyzing version 6.4.5 (30/56)...
2025-11-15 06:28:23,253 - BlankSpaceAnalyzer - INFO - -> Analyzing version 6.4.6 (31/56)...
2025-11-15 06:28:23,253 - BlankSpaceAnalyzer - INFO - -> Analyzing version 6.5.0 (32/56)...
2025-11-15 06:28:23,253 - BlankSpaceAnalyzer - INFO - -> Analyzing version 6.5.0-1 (33/56)...
2025-11-15 06:28:23,253 - BlankSpaceAnalyzer - INFO - -> Analyzing version 6.6.0 (34/56)...
2025-11-15 06:28:23,254 - BlankSpaceAnalyzer - INFO - -> Analyzing version 6.6.5 (35/56)...
2025-11-15 06:28:23,254 - BlankSpaceAnalyzer - INFO - -> Analyzing version 6.7.0 (36/56)...
2025-11-15 06:28:23,254 - BlankSpaceAnalyzer - INFO - -> Analyzing version 6.8.0 (37/56)...
2025-11-15 06:28:23,254 - BlankSpaceAnalyzer - INFO - -> Analyzing version 7.0.0-alpha.1 (38/56)...
2025-11-15 06:28:23,289 - BlankSpaceAnalyzer - INFO - -> Analyzing version 7.0.0-alpha.10 (39/56)...
2025-11-15 06:28:23,323 - BlankSpaceAnalyzer - INFO - -> Analyzing version 7.0.0-alpha.11 (40/56)...
2025-11-15 06:28:23,358 - BlankSpaceAnalyzer - INFO - -> Analyzing version 7.0.0-alpha.12 (41/56)...
2025-11-15 06:28:23,395 - BlankSpaceAnalyzer - INFO - -> Analyzing version 7.0.0-alpha.14 (42/56)...
2025-11-15 06:28:23,428 - BlankSpaceAnalyzer - INFO - -> Analyzing version 7.0.0-alpha.15 (43/56)...
2025-11-15 06:28:23,463 - BlankSpaceAnalyzer - INFO - -> Analyzing version 7.0.0-alpha.16 (44/56)...
2025-11-15 06:28:23,497 - BlankSpaceAnalyzer - INFO - -> Analyzing version 7.0.0-alpha.17 (45/56)...
2025-11-15 06:28:23,532 - BlankSpaceAnalyzer - INFO - -> Analyzing version 7.0.0-alpha.18 (46/56)...
2025-11-15 06:28:23,565 - BlankSpaceAnalyzer - INFO - -> Analyzing version 7.0.0-alpha.19 (47/56)...
2025-11-15 06:28:23,600 - BlankSpaceAnalyzer - INFO - -> Analyzing version 7.0.0-alpha.20 (48/56)...
2025-11-15 06:28:23,635 - BlankSpaceAnalyzer - INFO - -> Analyzing version 7.0.0-alpha.3 (49/56)...
2025-11-15 06:28:23,670 - BlankSpaceAnalyzer - INFO - -> Analyzing version 7.0.0-alpha.7 (50/56)...
2025-11-15 06:28:23,704 - BlankSpaceAnalyzer - INFO - -> Analyzing version 7.0.0-alpha.8 (51/56)...
2025-11-15 06:28:23,738 - BlankSpaceAnalyzer - INFO - -> Analyzing version 7.0.0-alpha.9 (52/56)...
2025-11-15 06:28:23,772 - BlankSpaceAnalyzer - INFO - -> Analyzing version 7.0.0-beta.0 (53/56)...
2025-11-15 06:28:23,806 - BlankSpaceAnalyzer - INFO - -> Analyzing version 7.0.0-beta.1 (54/56)...
2025-11-15 06:28:23,841 - BlankSpaceAnalyzer - INFO - -> Analyzing version 7.0.0-beta.2 (55/56)...
2025-11-15 06:28:23,875 - BlankSpaceAnalyzer - INFO - -> Analyzing version 7.0.0-beta.3 (56/56)...
2025-11-15 06:28:23,910 - BlankSpaceAnalyzer - INFO - Exporting results for 'babel-helper-remap-async-to-generator' to CSV...
2025-11-15 06:28:23,960 - BlankSpaceAnalyzer - INFO - Reports saved in: /app/npm_results/babel-helper-remap-async-to-generator
2025-11-15 06:28:23,960 - NPM_Analyzer - INFO - Cleaning temporary folder 'temp/babel-helper-remap-async-to-generator'...
2025-11-15 06:28:23,968 - NPM_Analyzer - INFO - Cleanup completed.
2025-11-15 17:03:17,649 - NPM_Analyzer - INFO - Fetching metadata for 'babel-helper-remap-async-to-generator'...
2025-11-15 17:03:17,808 - NPM_Analyzer - INFO - Found 56 versions. Starting download into 'temp/babel-helper-remap-async-to-generator'...
2025-11-15 17:03:33,693 - BlankSpaceAnalyzer - INFO - Analyzing 56 versions for '*.js' in 'babel-helper-remap-async-to-generator'.
2025-11-15 17:03:33,693 - BlankSpaceAnalyzer - INFO - -> Analyzing version 6.0.0 (1/56)...
2025-11-15 17:03:33,754 - BlankSpaceAnalyzer - INFO - -> Analyzing version 6.0.14 (2/56)...
2025-11-15 17:03:33,785 - BlankSpaceAnalyzer - INFO - -> Analyzing version 6.0.15 (3/56)...
2025-11-15 17:03:33,786 - BlankSpaceAnalyzer - INFO - -> Analyzing version 6.0.16 (4/56)...
2025-11-15 17:03:33,786 - BlankSpaceAnalyzer - INFO - -> Analyzing version 6.0.2 (5/56)...
2025-11-15 17:03:33,821 - BlankSpaceAnalyzer - INFO - -> Analyzing version 6.1.10 (6/56)...
2025-11-15 17:03:33,821 - BlankSpaceAnalyzer - INFO - -> Analyzing version 6.1.12 (7/56)...
2025-11-15 17:03:33,822 - BlankSpaceAnalyzer - INFO - -> Analyzing version 6.1.13 (8/56)...
2025-11-15 17:03:33,822 - BlankSpaceAnalyzer - INFO - -> Analyzing version 6.1.16 (9/56)...
2025-11-15 17:03:33,822 - BlankSpaceAnalyzer - INFO - -> Analyzing version 6.1.17 (10/56)...
2025-11-15 17:03:33,823 - BlankSpaceAnalyzer - INFO - -> Analyzing version 6.1.18 (11/56)...
2025-11-15 17:03:33,823 - BlankSpaceAnalyzer - INFO - -> Analyzing version 6.1.2 (12/56)...
2025-11-15 17:03:33,823 - BlankSpaceAnalyzer - INFO - -> Analyzing version 6.1.4 (13/56)...
2025-11-15 17:03:33,824 - BlankSpaceAnalyzer - INFO - -> Analyzing version 6.1.5 (14/56)...
2025-11-15 17:03:33,824 - BlankSpaceAnalyzer - INFO - -> Analyzing version 6.1.6 (15/56)...
2025-11-15 17:03:33,824 - BlankSpaceAnalyzer - INFO - -> Analyzing version 6.1.7 (16/56)...
2025-11-15 17:03:33,825 - BlankSpaceAnalyzer - INFO - -> Analyzing version 6.1.8 (17/56)...
2025-11-15 17:03:33,825 - BlankSpaceAnalyzer - INFO - -> Analyzing version 6.1.9 (18/56)...
2025-11-15 17:03:33,825 - BlankSpaceAnalyzer - INFO - -> Analyzing version 6.11.2 (19/56)...
2025-11-15 17:03:33,826 - BlankSpaceAnalyzer - INFO - -> Analyzing version 6.16.0 (20/56)...
2025-11-15 17:03:33,862 - BlankSpaceAnalyzer - INFO - -> Analyzing version 6.16.2 (21/56)...
2025-11-15 17:03:33,898 - BlankSpaceAnalyzer - INFO - -> Analyzing version 6.18.0 (22/56)...
2025-11-15 17:03:33,935 - BlankSpaceAnalyzer - INFO - -> Analyzing version 6.2.4 (23/56)...
2025-11-15 17:03:33,935 - BlankSpaceAnalyzer - INFO - -> Analyzing version 6.20.0 (24/56)...
2025-11-15 17:03:33,971 - BlankSpaceAnalyzer - INFO - -> Analyzing version 6.20.3 (25/56)...
2025-11-15 17:03:34,009 - BlankSpaceAnalyzer - INFO - -> Analyzing version 6.22.0 (26/56)...
2025-11-15 17:03:34,045 - BlankSpaceAnalyzer - INFO - -> Analyzing version 6.24.1 (27/56)...
2025-11-15 17:03:34,080 - BlankSpaceAnalyzer - INFO - -> Analyzing version 6.3.0 (28/56)...
2025-11-15 17:03:34,081 - BlankSpaceAnalyzer - INFO - -> Analyzing version 6.3.13 (29/56)...
2025-11-15 17:03:34,081 - BlankSpaceAnalyzer - INFO - -> Analyzing version 6.4.5 (30/56)...
2025-11-15 17:03:34,081 - BlankSpaceAnalyzer - INFO - -> Analyzing version 6.4.6 (31/56)...
2025-11-15 17:03:34,081 - BlankSpaceAnalyzer - INFO - -> Analyzing version 6.5.0 (32/56)...
2025-11-15 17:03:34,082 - BlankSpaceAnalyzer - INFO - -> Analyzing version 6.5.0-1 (33/56)...
2025-11-15 17:03:34,082 - BlankSpaceAnalyzer - INFO - -> Analyzing version 6.6.0 (34/56)...
2025-11-15 17:03:34,082 - BlankSpaceAnalyzer - INFO - -> Analyzing version 6.6.5 (35/56)...
2025-11-15 17:03:34,083 - BlankSpaceAnalyzer - INFO - -> Analyzing version 6.7.0 (36/56)...
2025-11-15 17:03:34,083 - BlankSpaceAnalyzer - INFO - -> Analyzing version 6.8.0 (37/56)...
2025-11-15 17:03:34,083 - BlankSpaceAnalyzer - INFO - -> Analyzing version 7.0.0-alpha.1 (38/56)...
2025-11-15 17:03:34,119 - BlankSpaceAnalyzer - INFO - -> Analyzing version 7.0.0-alpha.10 (39/56)...
2025-11-15 17:03:34,155 - BlankSpaceAnalyzer - INFO - -> Analyzing version 7.0.0-alpha.11 (40/56)...
2025-11-15 17:03:34,191 - BlankSpaceAnalyzer - INFO - -> Analyzing version 7.0.0-alpha.12 (41/56)...
2025-11-15 17:03:34,227 - BlankSpaceAnalyzer - INFO - -> Analyzing version 7.0.0-alpha.14 (42/56)...
2025-11-15 17:03:34,262 - BlankSpaceAnalyzer - INFO - -> Analyzing version 7.0.0-alpha.15 (43/56)...
2025-11-15 17:03:34,298 - BlankSpaceAnalyzer - INFO - -> Analyzing version 7.0.0-alpha.16 (44/56)...
2025-11-15 17:03:34,333 - BlankSpaceAnalyzer - INFO - -> Analyzing version 7.0.0-alpha.17 (45/56)...
2025-11-15 17:03:34,369 - BlankSpaceAnalyzer - INFO - -> Analyzing version 7.0.0-alpha.18 (46/56)...
2025-11-15 17:03:34,405 - BlankSpaceAnalyzer - INFO - -> Analyzing version 7.0.0-alpha.19 (47/56)...
2025-11-15 17:03:34,440 - BlankSpaceAnalyzer - INFO - -> Analyzing version 7.0.0-alpha.20 (48/56)...
2025-11-15 17:03:34,476 - BlankSpaceAnalyzer - INFO - -> Analyzing version 7.0.0-alpha.3 (49/56)...
2025-11-15 17:03:34,513 - BlankSpaceAnalyzer - INFO - -> Analyzing version 7.0.0-alpha.7 (50/56)...
2025-11-15 17:03:34,548 - BlankSpaceAnalyzer - INFO - -> Analyzing version 7.0.0-alpha.8 (51/56)...
2025-11-15 17:03:34,584 - BlankSpaceAnalyzer - INFO - -> Analyzing version 7.0.0-alpha.9 (52/56)...
2025-11-15 17:03:34,620 - BlankSpaceAnalyzer - INFO - -> Analyzing version 7.0.0-beta.0 (53/56)...
2025-11-15 17:03:34,657 - BlankSpaceAnalyzer - INFO - -> Analyzing version 7.0.0-beta.1 (54/56)...
2025-11-15 17:03:34,692 - BlankSpaceAnalyzer - INFO - -> Analyzing version 7.0.0-beta.2 (55/56)...
2025-11-15 17:03:34,728 - BlankSpaceAnalyzer - INFO - -> Analyzing version 7.0.0-beta.3 (56/56)...
2025-11-15 17:03:34,764 - BlankSpaceAnalyzer - INFO - Exporting results for 'babel-helper-remap-async-to-generator' to CSV...
2025-11-15 17:03:34,813 - BlankSpaceAnalyzer - INFO - Reports saved in: /app/npm_results/babel-helper-remap-async-to-generator
2025-11-15 17:03:34,814 - NPM_Analyzer - INFO - Cleaning temporary folder 'temp/babel-helper-remap-async-to-generator'...
2025-11-15 17:03:34,822 - NPM_Analyzer - INFO - Cleanup completed.
2025-11-16 03:32:07,809 - NPM_Analyzer - INFO - Fetching metadata for 'babel-helper-remap-async-to-generator'...
2025-11-16 03:32:07,950 - NPM_Analyzer - INFO - Found 56 versions. Starting download into 'temp/babel-helper-remap-async-to-generator'...
2025-11-16 03:32:21,170 - BlankSpaceAnalyzer - INFO - Analyzing 56 versions for '*.js' in 'babel-helper-remap-async-to-generator'.
2025-11-16 03:32:21,170 - BlankSpaceAnalyzer - INFO - -> Analyzing version 6.0.0 (1/56)...
2025-11-16 03:32:21,234 - BlankSpaceAnalyzer - INFO - -> Analyzing version 6.0.14 (2/56)...
2025-11-16 03:32:21,265 - BlankSpaceAnalyzer - INFO - -> Analyzing version 6.0.15 (3/56)...
2025-11-16 03:32:21,266 - BlankSpaceAnalyzer - INFO - -> Analyzing version 6.0.16 (4/56)...
2025-11-16 03:32:21,266 - BlankSpaceAnalyzer - INFO - -> Analyzing version 6.0.2 (5/56)...
2025-11-16 03:32:21,299 - BlankSpaceAnalyzer - INFO - -> Analyzing version 6.1.10 (6/56)...
2025-11-16 03:32:21,300 - BlankSpaceAnalyzer - INFO - -> Analyzing version 6.1.12 (7/56)...
2025-11-16 03:32:21,300 - BlankSpaceAnalyzer - INFO - -> Analyzing version 6.1.13 (8/56)...
2025-11-16 03:32:21,300 - BlankSpaceAnalyzer - INFO - -> Analyzing version 6.1.16 (9/56)...
2025-11-16 03:32:21,301 - BlankSpaceAnalyzer - INFO - -> Analyzing version 6.1.17 (10/56)...
2025-11-16 03:32:21,301 - BlankSpaceAnalyzer - INFO - -> Analyzing version 6.1.18 (11/56)...
2025-11-16 03:32:21,301 - BlankSpaceAnalyzer - INFO - -> Analyzing version 6.1.2 (12/56)...
2025-11-16 03:32:21,302 - BlankSpaceAnalyzer - INFO - -> Analyzing version 6.1.4 (13/56)...
2025-11-16 03:32:21,302 - BlankSpaceAnalyzer - INFO - -> Analyzing version 6.1.5 (14/56)...
2025-11-16 03:32:21,302 - BlankSpaceAnalyzer - INFO - -> Analyzing version 6.1.6 (15/56)...
2025-11-16 03:32:21,303 - BlankSpaceAnalyzer - INFO - -> Analyzing version 6.1.7 (16/56)...
2025-11-16 03:32:21,303 - BlankSpaceAnalyzer - INFO - -> Analyzing version 6.1.8 (17/56)...
2025-11-16 03:32:21,303 - BlankSpaceAnalyzer - INFO - -> Analyzing version 6.1.9 (18/56)...
2025-11-16 03:32:21,304 - BlankSpaceAnalyzer - INFO - -> Analyzing version 6.11.2 (19/56)...
2025-11-16 03:32:21,304 - BlankSpaceAnalyzer - INFO - -> Analyzing version 6.16.0 (20/56)...
2025-11-16 03:32:21,341 - BlankSpaceAnalyzer - INFO - -> Analyzing version 6.16.2 (21/56)...
2025-11-16 03:32:21,377 - BlankSpaceAnalyzer - INFO - -> Analyzing version 6.18.0 (22/56)...
2025-11-16 03:32:21,414 - BlankSpaceAnalyzer - INFO - -> Analyzing version 6.2.4 (23/56)...
2025-11-16 03:32:21,414 - BlankSpaceAnalyzer - INFO - -> Analyzing version 6.20.0 (24/56)...
2025-11-16 03:32:21,450 - BlankSpaceAnalyzer - INFO - -> Analyzing version 6.20.3 (25/56)...
2025-11-16 03:32:21,486 - BlankSpaceAnalyzer - INFO - -> Analyzing version 6.22.0 (26/56)...
2025-11-16 03:32:21,521 - BlankSpaceAnalyzer - INFO - -> Analyzing version 6.24.1 (27/56)...
2025-11-16 03:32:21,556 - BlankSpaceAnalyzer - INFO - -> Analyzing version 6.3.0 (28/56)...
2025-11-16 03:32:21,557 - BlankSpaceAnalyzer - INFO - -> Analyzing version 6.3.13 (29/56)...
2025-11-16 03:32:21,557 - BlankSpaceAnalyzer - INFO - -> Analyzing version 6.4.5 (30/56)...
2025-11-16 03:32:21,558 - BlankSpaceAnalyzer - INFO - -> Analyzing version 6.4.6 (31/56)...
2025-11-16 03:32:21,558 - BlankSpaceAnalyzer - INFO - -> Analyzing version 6.5.0 (32/56)...
2025-11-16 03:32:21,558 - BlankSpaceAnalyzer - INFO - -> Analyzing version 6.5.0-1 (33/56)...
2025-11-16 03:32:21,559 - BlankSpaceAnalyzer - INFO - -> Analyzing version 6.6.0 (34/56)...
2025-11-16 03:32:21,559 - BlankSpaceAnalyzer - INFO - -> Analyzing version 6.6.5 (35/56)...
2025-11-16 03:32:21,559 - BlankSpaceAnalyzer - INFO - -> Analyzing version 6.7.0 (36/56)...
2025-11-16 03:32:21,559 - BlankSpaceAnalyzer - INFO - -> Analyzing version 6.8.0 (37/56)...
2025-11-16 03:32:21,560 - BlankSpaceAnalyzer - INFO - -> Analyzing version 7.0.0-alpha.1 (38/56)...
2025-11-16 03:32:21,595 - BlankSpaceAnalyzer - INFO - -> Analyzing version 7.0.0-alpha.10 (39/56)...
2025-11-16 03:32:21,631 - BlankSpaceAnalyzer - INFO - -> Analyzing version 7.0.0-alpha.11 (40/56)...
2025-11-16 03:32:21,666 - BlankSpaceAnalyzer - INFO - -> Analyzing version 7.0.0-alpha.12 (41/56)...
2025-11-16 03:32:21,702 - BlankSpaceAnalyzer - INFO - -> Analyzing version 7.0.0-alpha.14 (42/56)...
2025-11-16 03:32:21,737 - BlankSpaceAnalyzer - INFO - -> Analyzing version 7.0.0-alpha.15 (43/56)...
2025-11-16 03:32:21,772 - BlankSpaceAnalyzer - INFO - -> Analyzing version 7.0.0-alpha.16 (44/56)...
2025-11-16 03:32:21,807 - BlankSpaceAnalyzer - INFO - -> Analyzing version 7.0.0-alpha.17 (45/56)...
2025-11-16 03:32:21,842 - BlankSpaceAnalyzer - INFO - -> Analyzing version 7.0.0-alpha.18 (46/56)...
2025-11-16 03:32:21,878 - BlankSpaceAnalyzer - INFO - -> Analyzing version 7.0.0-alpha.19 (47/56)...
2025-11-16 03:32:21,913 - BlankSpaceAnalyzer - INFO - -> Analyzing version 7.0.0-alpha.20 (48/56)...
2025-11-16 03:32:21,949 - BlankSpaceAnalyzer - INFO - -> Analyzing version 7.0.0-alpha.3 (49/56)...
2025-11-16 03:32:21,984 - BlankSpaceAnalyzer - INFO - -> Analyzing version 7.0.0-alpha.7 (50/56)...
2025-11-16 03:32:22,020 - BlankSpaceAnalyzer - INFO - -> Analyzing version 7.0.0-alpha.8 (51/56)...
2025-11-16 03:32:22,056 - BlankSpaceAnalyzer - INFO - -> Analyzing version 7.0.0-alpha.9 (52/56)...
2025-11-16 03:32:22,093 - BlankSpaceAnalyzer - INFO - -> Analyzing version 7.0.0-beta.0 (53/56)...
2025-11-16 03:32:22,127 - BlankSpaceAnalyzer - INFO - -> Analyzing version 7.0.0-beta.1 (54/56)...
2025-11-16 03:32:22,162 - BlankSpaceAnalyzer - INFO - -> Analyzing version 7.0.0-beta.2 (55/56)...
2025-11-16 03:32:22,197 - BlankSpaceAnalyzer - INFO - -> Analyzing version 7.0.0-beta.3 (56/56)...
2025-11-16 03:32:22,235 - BlankSpaceAnalyzer - INFO - Exporting results for 'babel-helper-remap-async-to-generator' to CSV...
2025-11-16 03:32:22,286 - BlankSpaceAnalyzer - INFO - Reports saved in: /app/npm_results/babel-helper-remap-async-to-generator
2025-11-16 03:32:22,286 - NPM_Analyzer - INFO - Cleaning temporary folder 'temp/babel-helper-remap-async-to-generator'...
2025-11-16 03:32:22,295 - NPM_Analyzer - INFO - Cleanup completed.
2025-11-16 13:55:20,246 - NPM_Analyzer - INFO - Fetching metadata for 'babel-helper-remap-async-to-generator'...
2025-11-16 13:55:20,394 - NPM_Analyzer - INFO - Found 56 versions. Starting download into 'temp/babel-helper-remap-async-to-generator'...
2025-11-16 13:55:33,390 - BlankSpaceAnalyzer - INFO - Analyzing 56 versions for '*.js' in 'babel-helper-remap-async-to-generator'.
2025-11-16 13:55:33,390 - BlankSpaceAnalyzer - INFO - -> Analyzing version 6.0.0 (1/56)...
2025-11-16 13:55:33,420 - BlankSpaceAnalyzer - INFO - -> Analyzing version 6.0.14 (2/56)...
2025-11-16 13:55:33,450 - BlankSpaceAnalyzer - INFO - -> Analyzing version 6.0.15 (3/56)...
2025-11-16 13:55:33,450 - BlankSpaceAnalyzer - INFO - -> Analyzing version 6.0.16 (4/56)...
2025-11-16 13:55:33,450 - BlankSpaceAnalyzer - INFO - -> Analyzing version 6.0.2 (5/56)...
2025-11-16 13:55:33,480 - BlankSpaceAnalyzer - INFO - -> Analyzing version 6.1.10 (6/56)...
2025-11-16 13:55:33,481 - BlankSpaceAnalyzer - INFO - -> Analyzing version 6.1.12 (7/56)...
2025-11-16 13:55:33,481 - BlankSpaceAnalyzer - INFO - -> Analyzing version 6.1.13 (8/56)...
2025-11-16 13:55:33,482 - BlankSpaceAnalyzer - INFO - -> Analyzing version 6.1.16 (9/56)...
2025-11-16 13:55:33,482 - BlankSpaceAnalyzer - INFO - -> Analyzing version 6.1.17 (10/56)...
2025-11-16 13:55:33,482 - BlankSpaceAnalyzer - INFO - -> Analyzing version 6.1.18 (11/56)...
2025-11-16 13:55:33,483 - BlankSpaceAnalyzer - INFO - -> Analyzing version 6.1.2 (12/56)...
2025-11-16 13:55:33,483 - BlankSpaceAnalyzer - INFO - -> Analyzing version 6.1.4 (13/56)...
2025-11-16 13:55:33,483 - BlankSpaceAnalyzer - INFO - -> Analyzing version 6.1.5 (14/56)...
2025-11-16 13:55:33,483 - BlankSpaceAnalyzer - INFO - -> Analyzing version 6.1.6 (15/56)...
2025-11-16 13:55:33,484 - BlankSpaceAnalyzer - INFO - -> Analyzing version 6.1.7 (16/56)...
2025-11-16 13:55:33,484 - BlankSpaceAnalyzer - INFO - -> Analyzing version 6.1.8 (17/56)...
2025-11-16 13:55:33,484 - BlankSpaceAnalyzer - INFO - -> Analyzing version 6.1.9 (18/56)...
2025-11-16 13:55:33,485 - BlankSpaceAnalyzer - INFO - -> Analyzing version 6.11.2 (19/56)...
2025-11-16 13:55:33,485 - BlankSpaceAnalyzer - INFO - -> Analyzing version 6.16.0 (20/56)...
2025-11-16 13:55:33,518 - BlankSpaceAnalyzer - INFO - -> Analyzing version 6.16.2 (21/56)...
2025-11-16 13:55:33,552 - BlankSpaceAnalyzer - INFO - -> Analyzing version 6.18.0 (22/56)...
2025-11-16 13:55:33,587 - BlankSpaceAnalyzer - INFO - -> Analyzing version 6.2.4 (23/56)...
2025-11-16 13:55:33,587 - BlankSpaceAnalyzer - INFO - -> Analyzing version 6.20.0 (24/56)...
2025-11-16 13:55:33,620 - BlankSpaceAnalyzer - INFO - -> Analyzing version 6.20.3 (25/56)...
2025-11-16 13:55:33,655 - BlankSpaceAnalyzer - INFO - -> Analyzing version 6.22.0 (26/56)...
2025-11-16 13:55:33,689 - BlankSpaceAnalyzer - INFO - -> Analyzing version 6.24.1 (27/56)...
2025-11-16 13:55:33,724 - BlankSpaceAnalyzer - INFO - -> Analyzing version 6.3.0 (28/56)...
2025-11-16 13:55:33,724 - BlankSpaceAnalyzer - INFO - -> Analyzing version 6.3.13 (29/56)...
2025-11-16 13:55:33,725 - BlankSpaceAnalyzer - INFO - -> Analyzing version 6.4.5 (30/56)...
2025-11-16 13:55:33,725 - BlankSpaceAnalyzer - INFO - -> Analyzing version 6.4.6 (31/56)...
2025-11-16 13:55:33,725 - BlankSpaceAnalyzer - INFO - -> Analyzing version 6.5.0 (32/56)...
2025-11-16 13:55:33,725 - BlankSpaceAnalyzer - INFO - -> Analyzing version 6.5.0-1 (33/56)...
2025-11-16 13:55:33,726 - BlankSpaceAnalyzer - INFO - -> Analyzing version 6.6.0 (34/56)...
2025-11-16 13:55:33,726 - BlankSpaceAnalyzer - INFO - -> Analyzing version 6.6.5 (35/56)...
2025-11-16 13:55:33,726 - BlankSpaceAnalyzer - INFO - -> Analyzing version 6.7.0 (36/56)...
2025-11-16 13:55:33,726 - BlankSpaceAnalyzer - INFO - -> Analyzing version 6.8.0 (37/56)...
2025-11-16 13:55:33,727 - BlankSpaceAnalyzer - INFO - -> Analyzing version 7.0.0-alpha.1 (38/56)...
2025-11-16 13:55:33,760 - BlankSpaceAnalyzer - INFO - -> Analyzing version 7.0.0-alpha.10 (39/56)...
2025-11-16 13:55:33,795 - BlankSpaceAnalyzer - INFO - -> Analyzing version 7.0.0-alpha.11 (40/56)...
2025-11-16 13:55:33,828 - BlankSpaceAnalyzer - INFO - -> Analyzing version 7.0.0-alpha.12 (41/56)...
2025-11-16 13:55:33,862 - BlankSpaceAnalyzer - INFO - -> Analyzing version 7.0.0-alpha.14 (42/56)...
2025-11-16 13:55:33,896 - BlankSpaceAnalyzer - INFO - -> Analyzing version 7.0.0-alpha.15 (43/56)...
2025-11-16 13:55:33,929 - BlankSpaceAnalyzer - INFO - -> Analyzing version 7.0.0-alpha.16 (44/56)...
2025-11-16 13:55:33,963 - BlankSpaceAnalyzer - INFO - -> Analyzing version 7.0.0-alpha.17 (45/56)...
2025-11-16 13:55:33,997 - BlankSpaceAnalyzer - INFO - -> Analyzing version 7.0.0-alpha.18 (46/56)...
2025-11-16 13:55:34,032 - BlankSpaceAnalyzer - INFO - -> Analyzing version 7.0.0-alpha.19 (47/56)...
2025-11-16 13:55:34,066 - BlankSpaceAnalyzer - INFO - -> Analyzing version 7.0.0-alpha.20 (48/56)...
2025-11-16 13:55:34,100 - BlankSpaceAnalyzer - INFO - -> Analyzing version 7.0.0-alpha.3 (49/56)...
2025-11-16 13:55:34,134 - BlankSpaceAnalyzer - INFO - -> Analyzing version 7.0.0-alpha.7 (50/56)...
2025-11-16 13:55:34,168 - BlankSpaceAnalyzer - INFO - -> Analyzing version 7.0.0-alpha.8 (51/56)...
2025-11-16 13:55:34,201 - BlankSpaceAnalyzer - INFO - -> Analyzing version 7.0.0-alpha.9 (52/56)...
2025-11-16 13:55:34,235 - BlankSpaceAnalyzer - INFO - -> Analyzing version 7.0.0-beta.0 (53/56)...
2025-11-16 13:55:34,269 - BlankSpaceAnalyzer - INFO - -> Analyzing version 7.0.0-beta.1 (54/56)...
2025-11-16 13:55:34,303 - BlankSpaceAnalyzer - INFO - -> Analyzing version 7.0.0-beta.2 (55/56)...
2025-11-16 13:55:34,336 - BlankSpaceAnalyzer - INFO - -> Analyzing version 7.0.0-beta.3 (56/56)...
2025-11-16 13:55:34,370 - BlankSpaceAnalyzer - INFO - Exporting results for 'babel-helper-remap-async-to-generator' to CSV...
2025-11-16 13:55:34,421 - BlankSpaceAnalyzer - INFO - Reports saved in: /app/npm_results/babel-helper-remap-async-to-generator
2025-11-16 13:55:34,421 - NPM_Analyzer - INFO - Cleaning temporary folder 'temp/babel-helper-remap-async-to-generator'...
2025-11-16 13:55:34,429 - NPM_Analyzer - INFO - Cleanup completed.
